# Pathway	CRSAFR-001-Cosmic_51_Abundance-RELAB
UNMAPPED	0.111203
UNINTEGRATED	0.797078
UNINTEGRATED|g__Escherichia.s__Escherichia_coli	0.272567
UNINTEGRATED|g__Klebsiella.s__Klebsiella_oxytoca	0.126701
UNINTEGRATED|g__Klebsiella.s__Klebsiella_michiganensis	0.0665309
UNINTEGRATED|g__Veillonella.s__Veillonella_parvula	0.0315062
UNINTEGRATED|g__Lactobacillus.s__Lactobacillus_plantarum	0.0202744
UNINTEGRATED|g__Lactobacillus.s__Lactobacillus_rhamnosus	0.0159626
UNINTEGRATED|unclassified	0.014374
UNINTEGRATED|g__Sutterella.s__Sutterella_sp_CAG_351	0.0133482
UNINTEGRATED|g__Saccharomyces.s__Saccharomyces_cerevisiae	0.0133314
UNINTEGRATED|g__Hafnia.s__Hafnia_alvei	0.0108282
UNINTEGRATED|g__Fusobacterium.s__Fusobacterium_nucleatum	0.0102007
UNINTEGRATED|g__Proteus.s__Proteus_mirabilis	0.00850569
UNINTEGRATED|g__Morganella.s__Morganella_morganii	0.00838624
UNINTEGRATED|g__Megasphaera.s__Megasphaera_micronuciformis	0.00813655
UNINTEGRATED|g__Lactobacillus.s__Lactobacillus_casei_group	0.00537826
UNINTEGRATED|g__Escherichia.s__Escherichia_fergusonii	0.00204591
UNINTEGRATED|g__Haemophilus.s__Haemophilus_parainfluenzae	0.00120824
UNINTEGRATED|g__Veillonella.s__Veillonella_dispar	0.000859148
UNINTEGRATED|g__Lactobacillus.s__Lactobacillus_salivarius	0.000583459
UNINTEGRATED|g__Veillonella.s__Veillonella_atypica	0.000532888
UNINTEGRATED|g__Lactobacillus.s__Lactobacillus_pentosus	0.000496523
UNINTEGRATED|g__Alistipes.s__Alistipes_onderdonkii	0.000298706
UNINTEGRATED|g__Dialister.s__Dialister_pneumosintes	0.000264598
UNINTEGRATED|g__Alistipes.s__Alistipes_finegoldii	0.000152162
UNINTEGRATED|g__Veillonella.s__Veillonella_infantium	0.000137439
UNINTEGRATED|g__Pyramidobacter.s__Pyramidobacter_piscolens	9.32574e-05
UNINTEGRATED|g__Propionibacterium.s__Propionibacterium_freudenreichii	5.48738e-05
UNINTEGRATED|g__Lactococcus.s__Lactococcus_raffinolactis	1.64508e-05
PWY0-1586: peptidoglycan maturation (meso-diaminopimelate containing)	0.00113755
PWY0-1586: peptidoglycan maturation (meso-diaminopimelate containing)|g__Escherichia.s__Escherichia_coli	0.00048408
PWY0-1586: peptidoglycan maturation (meso-diaminopimelate containing)|g__Klebsiella.s__Klebsiella_oxytoca	0.000248519
PWY0-1586: peptidoglycan maturation (meso-diaminopimelate containing)|g__Klebsiella.s__Klebsiella_michiganensis	8.29016e-05
PWY0-1586: peptidoglycan maturation (meso-diaminopimelate containing)|g__Hafnia.s__Hafnia_alvei	2.5243e-05
PWY0-1586: peptidoglycan maturation (meso-diaminopimelate containing)|unclassified	2.41893e-05
PWY0-1586: peptidoglycan maturation (meso-diaminopimelate containing)|g__Proteus.s__Proteus_mirabilis	2.11727e-05
PWY0-1586: peptidoglycan maturation (meso-diaminopimelate containing)|g__Sutterella.s__Sutterella_sp_CAG_351	2.05595e-05
PWY0-1586: peptidoglycan maturation (meso-diaminopimelate containing)|g__Lactobacillus.s__Lactobacillus_plantarum	1.86542e-05
PWY0-1586: peptidoglycan maturation (meso-diaminopimelate containing)|g__Morganella.s__Morganella_morganii	1.52519e-05
PWY0-1586: peptidoglycan maturation (meso-diaminopimelate containing)|g__Lactobacillus.s__Lactobacillus_casei_group	1.30847e-05
PWY0-1586: peptidoglycan maturation (meso-diaminopimelate containing)|g__Megasphaera.s__Megasphaera_micronuciformis	1.12467e-05
PWY0-1586: peptidoglycan maturation (meso-diaminopimelate containing)|g__Lactobacillus.s__Lactobacillus_rhamnosus	9.49803e-06
PWY0-1586: peptidoglycan maturation (meso-diaminopimelate containing)|g__Fusobacterium.s__Fusobacterium_nucleatum	8.87525e-06
PWY0-1586: peptidoglycan maturation (meso-diaminopimelate containing)|g__Haemophilus.s__Haemophilus_parainfluenzae	5.10216e-06
PWY0-1586: peptidoglycan maturation (meso-diaminopimelate containing)|g__Veillonella.s__Veillonella_atypica	7.6431e-07
PWY0-1586: peptidoglycan maturation (meso-diaminopimelate containing)|g__Escherichia.s__Escherichia_fergusonii	6.23122e-07
PWY0-1586: peptidoglycan maturation (meso-diaminopimelate containing)|g__Lactobacillus.s__Lactobacillus_pentosus	4.40781e-07
PWY0-1586: peptidoglycan maturation (meso-diaminopimelate containing)|g__Lactobacillus.s__Lactobacillus_salivarius	1.7033e-07
NONOXIPENT-PWY: pentose phosphate pathway (non-oxidative branch) I	0.000700483
NONOXIPENT-PWY: pentose phosphate pathway (non-oxidative branch) I|g__Escherichia.s__Escherichia_coli	0.000255868
NONOXIPENT-PWY: pentose phosphate pathway (non-oxidative branch) I|g__Klebsiella.s__Klebsiella_oxytoca	0.000142304
NONOXIPENT-PWY: pentose phosphate pathway (non-oxidative branch) I|g__Klebsiella.s__Klebsiella_michiganensis	0.000110062
NONOXIPENT-PWY: pentose phosphate pathway (non-oxidative branch) I|g__Lactobacillus.s__Lactobacillus_plantarum	3.47266e-05
NONOXIPENT-PWY: pentose phosphate pathway (non-oxidative branch) I|g__Hafnia.s__Hafnia_alvei	1.0181e-05
NONOXIPENT-PWY: pentose phosphate pathway (non-oxidative branch) I|g__Proteus.s__Proteus_mirabilis	6.41843e-06
NONOXIPENT-PWY: pentose phosphate pathway (non-oxidative branch) I|g__Morganella.s__Morganella_morganii	5.29491e-06
NONOXIPENT-PWY: pentose phosphate pathway (non-oxidative branch) I|g__Saccharomyces.s__Saccharomyces_cerevisiae	3.61111e-06
NONOXIPENT-PWY: pentose phosphate pathway (non-oxidative branch) I|g__Haemophilus.s__Haemophilus_parainfluenzae	1.82256e-06
NONOXIPENT-PWY: pentose phosphate pathway (non-oxidative branch) I|unclassified	1.81179e-06
NONOXIPENT-PWY: pentose phosphate pathway (non-oxidative branch) I|g__Lactobacillus.s__Lactobacillus_pentosus	3.63674e-07
NONOXIPENT-PWY: pentose phosphate pathway (non-oxidative branch) I|g__Lactobacillus.s__Lactobacillus_salivarius	2.36019e-07
NONOXIPENT-PWY: pentose phosphate pathway (non-oxidative branch) I|g__Propionibacterium.s__Propionibacterium_freudenreichii	1.24656e-07
NONOXIPENT-PWY: pentose phosphate pathway (non-oxidative branch) I|g__Escherichia.s__Escherichia_fergusonii	8.64225e-08
PWY0-1477: ethanolamine utilization	0.000680477
PWY0-1477: ethanolamine utilization|g__Escherichia.s__Escherichia_coli	0.000259262
PWY0-1477: ethanolamine utilization|g__Klebsiella.s__Klebsiella_oxytoca	0.000185781
PWY0-1477: ethanolamine utilization|g__Klebsiella.s__Klebsiella_michiganensis	9.65513e-05
PWY0-1477: ethanolamine utilization|g__Fusobacterium.s__Fusobacterium_nucleatum	1.54106e-05
PWY0-1477: ethanolamine utilization|g__Morganella.s__Morganella_morganii	1.33382e-05
PWY0-1477: ethanolamine utilization|g__Hafnia.s__Hafnia_alvei	1.07489e-05
PWY0-1477: ethanolamine utilization|unclassified	8.30692e-06
PWY0-1477: ethanolamine utilization|g__Escherichia.s__Escherichia_fergusonii	8.95713e-07
PWY0-1477: ethanolamine utilization|g__Lactobacillus.s__Lactobacillus_pentosus	2.76856e-07
PWY-8178: pentose phosphate pathway (non-oxidative branch) II	0.000667273
PWY-8178: pentose phosphate pathway (non-oxidative branch) II|g__Escherichia.s__Escherichia_coli	0.000190845
PWY-8178: pentose phosphate pathway (non-oxidative branch) II|g__Klebsiella.s__Klebsiella_oxytoca	0.000131904
PWY-8178: pentose phosphate pathway (non-oxidative branch) II|g__Klebsiella.s__Klebsiella_michiganensis	8.18029e-05
PWY-8178: pentose phosphate pathway (non-oxidative branch) II|g__Hafnia.s__Hafnia_alvei	7.22918e-06
PWY-8178: pentose phosphate pathway (non-oxidative branch) II|g__Morganella.s__Morganella_morganii	5.77346e-06
PWY-8178: pentose phosphate pathway (non-oxidative branch) II|g__Proteus.s__Proteus_mirabilis	5.51033e-06
PWY-8178: pentose phosphate pathway (non-oxidative branch) II|g__Saccharomyces.s__Saccharomyces_cerevisiae	2.70384e-06
PWY-8178: pentose phosphate pathway (non-oxidative branch) II|g__Lactobacillus.s__Lactobacillus_plantarum	2.209e-06
PWY-8178: pentose phosphate pathway (non-oxidative branch) II|unclassified	2.18255e-06
PWY-8178: pentose phosphate pathway (non-oxidative branch) II|g__Haemophilus.s__Haemophilus_parainfluenzae	1.61125e-06
PWY-8178: pentose phosphate pathway (non-oxidative branch) II|g__Lactobacillus.s__Lactobacillus_pentosus	3.29549e-07
PWY-8178: pentose phosphate pathway (non-oxidative branch) II|g__Lactobacillus.s__Lactobacillus_salivarius	2.03366e-07
PWY-7185: UTP and CTP dephosphorylation I	0.000648637
PWY-7185: UTP and CTP dephosphorylation I|g__Klebsiella.s__Klebsiella_oxytoca	6.05865e-05
PWY-7185: UTP and CTP dephosphorylation I|g__Klebsiella.s__Klebsiella_michiganensis	5.14535e-05
PWY-7185: UTP and CTP dephosphorylation I|g__Hafnia.s__Hafnia_alvei	3.38295e-05
PWY-7185: UTP and CTP dephosphorylation I|g__Lactobacillus.s__Lactobacillus_rhamnosus	2.50891e-05
PWY-7185: UTP and CTP dephosphorylation I|g__Proteus.s__Proteus_mirabilis	1.91012e-05
PWY-7185: UTP and CTP dephosphorylation I|g__Escherichia.s__Escherichia_coli	1.60195e-05
PWY-7185: UTP and CTP dephosphorylation I|g__Lactobacillus.s__Lactobacillus_casei_group	8.27475e-06
PWY-7185: UTP and CTP dephosphorylation I|unclassified	6.79482e-06
PWY-7185: UTP and CTP dephosphorylation I|g__Morganella.s__Morganella_morganii	5.28655e-06
PWY-7185: UTP and CTP dephosphorylation I|g__Saccharomyces.s__Saccharomyces_cerevisiae	3.00616e-06
PWY-7663: gondoate biosynthesis (anaerobic)	0.000605483
PWY-7663: gondoate biosynthesis (anaerobic)|g__Escherichia.s__Escherichia_coli	0.000235967
PWY-7663: gondoate biosynthesis (anaerobic)|g__Klebsiella.s__Klebsiella_oxytoca	0.000130347
PWY-7663: gondoate biosynthesis (anaerobic)|g__Klebsiella.s__Klebsiella_michiganensis	6.35409e-05
PWY-7663: gondoate biosynthesis (anaerobic)|g__Lactobacillus.s__Lactobacillus_plantarum	2.63816e-05
PWY-7663: gondoate biosynthesis (anaerobic)|g__Fusobacterium.s__Fusobacterium_nucleatum	1.19332e-05
PWY-7663: gondoate biosynthesis (anaerobic)|g__Proteus.s__Proteus_mirabilis	1.17759e-05
PWY-7663: gondoate biosynthesis (anaerobic)|g__Morganella.s__Morganella_morganii	1.10161e-05
PWY-7663: gondoate biosynthesis (anaerobic)|g__Hafnia.s__Hafnia_alvei	1.03017e-05
PWY-7663: gondoate biosynthesis (anaerobic)|unclassified	4.87585e-06
PWY-7663: gondoate biosynthesis (anaerobic)|g__Saccharomyces.s__Saccharomyces_cerevisiae	2.85978e-06
PWY-7663: gondoate biosynthesis (anaerobic)|g__Haemophilus.s__Haemophilus_parainfluenzae	2.17565e-06
PWY-7663: gondoate biosynthesis (anaerobic)|g__Escherichia.s__Escherichia_fergusonii	2.00389e-06
PWY-7663: gondoate biosynthesis (anaerobic)|g__Veillonella.s__Veillonella_atypica	8.23089e-07
PWY-7663: gondoate biosynthesis (anaerobic)|g__Alistipes.s__Alistipes_finegoldii	6.29226e-07
PWY-7663: gondoate biosynthesis (anaerobic)|g__Lactobacillus.s__Lactobacillus_pentosus	4.52265e-07
PWY-7663: gondoate biosynthesis (anaerobic)|g__Alistipes.s__Alistipes_onderdonkii	2.87349e-07
FASYN-ELONG-PWY: fatty acid elongation -- saturated	0.000558099
FASYN-ELONG-PWY: fatty acid elongation -- saturated|g__Escherichia.s__Escherichia_coli	0.000150217
FASYN-ELONG-PWY: fatty acid elongation -- saturated|g__Klebsiella.s__Klebsiella_oxytoca	8.48402e-05
FASYN-ELONG-PWY: fatty acid elongation -- saturated|g__Klebsiella.s__Klebsiella_michiganensis	5.37136e-05
FASYN-ELONG-PWY: fatty acid elongation -- saturated|g__Morganella.s__Morganella_morganii	1.08936e-05
FASYN-ELONG-PWY: fatty acid elongation -- saturated|g__Proteus.s__Proteus_mirabilis	1.00209e-05
FASYN-ELONG-PWY: fatty acid elongation -- saturated|g__Hafnia.s__Hafnia_alvei	9.10578e-06
FASYN-ELONG-PWY: fatty acid elongation -- saturated|unclassified	4.20162e-06
FASYN-ELONG-PWY: fatty acid elongation -- saturated|g__Saccharomyces.s__Saccharomyces_cerevisiae	3.73712e-06
FASYN-ELONG-PWY: fatty acid elongation -- saturated|g__Haemophilus.s__Haemophilus_parainfluenzae	1.99218e-06
FASYN-ELONG-PWY: fatty acid elongation -- saturated|g__Alistipes.s__Alistipes_onderdonkii	8.13367e-08
PWY-7664: oleate biosynthesis IV (anaerobic)	0.000539284
PWY-7664: oleate biosynthesis IV (anaerobic)|g__Escherichia.s__Escherichia_coli	0.000140989
PWY-7664: oleate biosynthesis IV (anaerobic)|g__Klebsiella.s__Klebsiella_oxytoca	7.81122e-05
PWY-7664: oleate biosynthesis IV (anaerobic)|g__Klebsiella.s__Klebsiella_michiganensis	5.05411e-05
PWY-7664: oleate biosynthesis IV (anaerobic)|g__Morganella.s__Morganella_morganii	1.0775e-05
PWY-7664: oleate biosynthesis IV (anaerobic)|g__Proteus.s__Proteus_mirabilis	9.49284e-06
PWY-7664: oleate biosynthesis IV (anaerobic)|g__Hafnia.s__Hafnia_alvei	8.81133e-06
PWY-7664: oleate biosynthesis IV (anaerobic)|unclassified	4.07654e-06
PWY-7664: oleate biosynthesis IV (anaerobic)|g__Saccharomyces.s__Saccharomyces_cerevisiae	2.68269e-06
PWY-7664: oleate biosynthesis IV (anaerobic)|g__Haemophilus.s__Haemophilus_parainfluenzae	2.00817e-06
PWY-7664: oleate biosynthesis IV (anaerobic)|g__Alistipes.s__Alistipes_onderdonkii	7.35362e-08
PWY-6282: palmitoleate biosynthesis I (from (5Z)-dodec-5-enoate)	0.000531122
PWY-6282: palmitoleate biosynthesis I (from (5Z)-dodec-5-enoate)|g__Escherichia.s__Escherichia_coli	0.00013274
PWY-6282: palmitoleate biosynthesis I (from (5Z)-dodec-5-enoate)|g__Klebsiella.s__Klebsiella_oxytoca	7.41238e-05
PWY-6282: palmitoleate biosynthesis I (from (5Z)-dodec-5-enoate)|g__Klebsiella.s__Klebsiella_michiganensis	4.95883e-05
PWY-6282: palmitoleate biosynthesis I (from (5Z)-dodec-5-enoate)|g__Morganella.s__Morganella_morganii	1.0725e-05
PWY-6282: palmitoleate biosynthesis I (from (5Z)-dodec-5-enoate)|g__Proteus.s__Proteus_mirabilis	9.27143e-06
PWY-6282: palmitoleate biosynthesis I (from (5Z)-dodec-5-enoate)|g__Hafnia.s__Hafnia_alvei	8.61695e-06
PWY-6282: palmitoleate biosynthesis I (from (5Z)-dodec-5-enoate)|unclassified	3.82925e-06
PWY-6282: palmitoleate biosynthesis I (from (5Z)-dodec-5-enoate)|g__Saccharomyces.s__Saccharomyces_cerevisiae	2.72012e-06
PWY-6282: palmitoleate biosynthesis I (from (5Z)-dodec-5-enoate)|g__Haemophilus.s__Haemophilus_parainfluenzae	1.90628e-06
PWY-6282: palmitoleate biosynthesis I (from (5Z)-dodec-5-enoate)|g__Alistipes.s__Alistipes_onderdonkii	6.45761e-08
CALVIN-PWY: Calvin-Benson-Bassham cycle	0.000530028
CALVIN-PWY: Calvin-Benson-Bassham cycle|g__Klebsiella.s__Klebsiella_oxytoca	0.000134539
CALVIN-PWY: Calvin-Benson-Bassham cycle|g__Escherichia.s__Escherichia_coli	0.000131012
CALVIN-PWY: Calvin-Benson-Bassham cycle|g__Klebsiella.s__Klebsiella_michiganensis	6.28294e-05
CALVIN-PWY: Calvin-Benson-Bassham cycle|g__Hafnia.s__Hafnia_alvei	6.07855e-06
CALVIN-PWY: Calvin-Benson-Bassham cycle|g__Proteus.s__Proteus_mirabilis	5.97488e-06
CALVIN-PWY: Calvin-Benson-Bassham cycle|g__Morganella.s__Morganella_morganii	4.99209e-06
CALVIN-PWY: Calvin-Benson-Bassham cycle|g__Lactobacillus.s__Lactobacillus_plantarum	3.32753e-06
CALVIN-PWY: Calvin-Benson-Bassham cycle|g__Saccharomyces.s__Saccharomyces_cerevisiae	2.7188e-06
CALVIN-PWY: Calvin-Benson-Bassham cycle|g__Haemophilus.s__Haemophilus_parainfluenzae	1.84044e-06
CALVIN-PWY: Calvin-Benson-Bassham cycle|g__Escherichia.s__Escherichia_fergusonii	1.16326e-06
CALVIN-PWY: Calvin-Benson-Bassham cycle|unclassified	7.60907e-07
CALVIN-PWY: Calvin-Benson-Bassham cycle|g__Lactobacillus.s__Lactobacillus_salivarius	1.58673e-07
PWY-7111: pyruvate fermentation to isobutanol (engineered)	0.000519602
PWY-7111: pyruvate fermentation to isobutanol (engineered)|g__Escherichia.s__Escherichia_coli	0.000199513
PWY-7111: pyruvate fermentation to isobutanol (engineered)|g__Klebsiella.s__Klebsiella_oxytoca	6.63077e-05
PWY-7111: pyruvate fermentation to isobutanol (engineered)|g__Klebsiella.s__Klebsiella_michiganensis	4.8879e-05
PWY-7111: pyruvate fermentation to isobutanol (engineered)|g__Megasphaera.s__Megasphaera_micronuciformis	1.29835e-05
PWY-7111: pyruvate fermentation to isobutanol (engineered)|g__Proteus.s__Proteus_mirabilis	8.89677e-06
PWY-7111: pyruvate fermentation to isobutanol (engineered)|g__Morganella.s__Morganella_morganii	7.925e-06
PWY-7111: pyruvate fermentation to isobutanol (engineered)|g__Saccharomyces.s__Saccharomyces_cerevisiae	5.38896e-06
PWY-7111: pyruvate fermentation to isobutanol (engineered)|g__Hafnia.s__Hafnia_alvei	5.14492e-06
PWY-7111: pyruvate fermentation to isobutanol (engineered)|g__Escherichia.s__Escherichia_fergusonii	1.63415e-06
PWY-7111: pyruvate fermentation to isobutanol (engineered)|unclassified	9.93586e-07
PWY-7111: pyruvate fermentation to isobutanol (engineered)|g__Veillonella.s__Veillonella_dispar	3.87576e-07
PWY-7111: pyruvate fermentation to isobutanol (engineered)|g__Veillonella.s__Veillonella_infantium	4.15896e-08
PWY0-862: (5Z)-dodecenoate biosynthesis I	0.000517133
PWY0-862: (5Z)-dodecenoate biosynthesis I|g__Escherichia.s__Escherichia_coli	0.000130315
PWY0-862: (5Z)-dodecenoate biosynthesis I|g__Klebsiella.s__Klebsiella_oxytoca	7.06427e-05
PWY0-862: (5Z)-dodecenoate biosynthesis I|g__Klebsiella.s__Klebsiella_michiganensis	4.68516e-05
PWY0-862: (5Z)-dodecenoate biosynthesis I|g__Morganella.s__Morganella_morganii	1.06208e-05
PWY0-862: (5Z)-dodecenoate biosynthesis I|g__Proteus.s__Proteus_mirabilis	8.97578e-06
PWY0-862: (5Z)-dodecenoate biosynthesis I|g__Hafnia.s__Hafnia_alvei	8.44713e-06
PWY0-862: (5Z)-dodecenoate biosynthesis I|unclassified	3.92091e-06
PWY0-862: (5Z)-dodecenoate biosynthesis I|g__Saccharomyces.s__Saccharomyces_cerevisiae	2.47809e-06
PWY0-862: (5Z)-dodecenoate biosynthesis I|g__Haemophilus.s__Haemophilus_parainfluenzae	2.0299e-06
PWY0-862: (5Z)-dodecenoate biosynthesis I|g__Escherichia.s__Escherichia_fergusonii	5.77745e-07
PWY0-862: (5Z)-dodecenoate biosynthesis I|g__Alistipes.s__Alistipes_onderdonkii	6.51992e-08
PWY-5973: cis-vaccenate biosynthesis	0.000516985
PWY-5973: cis-vaccenate biosynthesis|g__Escherichia.s__Escherichia_coli	0.000111942
PWY-5973: cis-vaccenate biosynthesis|g__Klebsiella.s__Klebsiella_oxytoca	6.82122e-05
PWY-5973: cis-vaccenate biosynthesis|g__Klebsiella.s__Klebsiella_michiganensis	4.75075e-05
PWY-5973: cis-vaccenate biosynthesis|g__Hafnia.s__Hafnia_alvei	1.11307e-05
PWY-5973: cis-vaccenate biosynthesis|g__Lactobacillus.s__Lactobacillus_plantarum	1.03496e-05
PWY-5973: cis-vaccenate biosynthesis|g__Proteus.s__Proteus_mirabilis	8.51518e-06
PWY-5973: cis-vaccenate biosynthesis|g__Morganella.s__Morganella_morganii	7.15307e-06
PWY-5973: cis-vaccenate biosynthesis|unclassified	4.01229e-06
PWY-5973: cis-vaccenate biosynthesis|g__Escherichia.s__Escherichia_fergusonii	2.31214e-06
PWY-5973: cis-vaccenate biosynthesis|g__Saccharomyces.s__Saccharomyces_cerevisiae	2.27961e-06
PWY-5973: cis-vaccenate biosynthesis|g__Veillonella.s__Veillonella_atypica	7.58288e-07
PWY-5973: cis-vaccenate biosynthesis|g__Lactobacillus.s__Lactobacillus_pentosus	5.0552e-07
PWY-5973: cis-vaccenate biosynthesis|g__Alistipes.s__Alistipes_onderdonkii	5.84955e-08
PWY-5971: palmitate biosynthesis (type II fatty acid synthase)	0.000516245
PWY-5971: palmitate biosynthesis (type II fatty acid synthase)|g__Escherichia.s__Escherichia_coli	0.000141007
PWY-5971: palmitate biosynthesis (type II fatty acid synthase)|g__Klebsiella.s__Klebsiella_oxytoca	7.86103e-05
PWY-5971: palmitate biosynthesis (type II fatty acid synthase)|unclassified	4.26019e-06
PWY-7013: (S)-propane-1,2-diol degradation	0.00051168
PWY-7013: (S)-propane-1,2-diol degradation|g__Klebsiella.s__Klebsiella_oxytoca	0.000185588
PWY-7013: (S)-propane-1,2-diol degradation|g__Klebsiella.s__Klebsiella_michiganensis	0.000101839
PWY-7013: (S)-propane-1,2-diol degradation|g__Escherichia.s__Escherichia_coli	2.507e-05
PWY-7013: (S)-propane-1,2-diol degradation|g__Fusobacterium.s__Fusobacterium_nucleatum	1.42257e-05
PWY-7013: (S)-propane-1,2-diol degradation|unclassified	6.02543e-06
PWY-1042: glycolysis IV	0.000507473
PWY-1042: glycolysis IV|g__Escherichia.s__Escherichia_coli	0.000157345
PWY-1042: glycolysis IV|g__Klebsiella.s__Klebsiella_oxytoca	0.000145463
PWY-1042: glycolysis IV|g__Klebsiella.s__Klebsiella_michiganensis	6.31419e-05
PWY-1042: glycolysis IV|g__Veillonella.s__Veillonella_parvula	3.57328e-05
PWY-1042: glycolysis IV|g__Lactobacillus.s__Lactobacillus_rhamnosus	2.03251e-05
PWY-1042: glycolysis IV|g__Lactobacillus.s__Lactobacillus_plantarum	1.37079e-05
PWY-1042: glycolysis IV|g__Morganella.s__Morganella_morganii	6.43564e-06
PWY-1042: glycolysis IV|g__Hafnia.s__Hafnia_alvei	6.29909e-06
PWY-1042: glycolysis IV|g__Saccharomyces.s__Saccharomyces_cerevisiae	5.64017e-06
PWY-1042: glycolysis IV|g__Proteus.s__Proteus_mirabilis	5.03618e-06
PWY-1042: glycolysis IV|g__Lactobacillus.s__Lactobacillus_casei_group	3.18864e-06
PWY-1042: glycolysis IV|g__Haemophilus.s__Haemophilus_parainfluenzae	1.69675e-06
PWY-1042: glycolysis IV|unclassified	1.30066e-06
PWY-1042: glycolysis IV|g__Veillonella.s__Veillonella_atypica	5.61226e-07
PWY-1042: glycolysis IV|g__Veillonella.s__Veillonella_dispar	2.0163e-07
PWY-1042: glycolysis IV|g__Escherichia.s__Escherichia_fergusonii	1.53158e-07
P161-PWY: acetylene degradation (anaerobic)	0.000498229
P161-PWY: acetylene degradation (anaerobic)|g__Escherichia.s__Escherichia_coli	0.000136806
P161-PWY: acetylene degradation (anaerobic)|g__Klebsiella.s__Klebsiella_oxytoca	0.000121605
P161-PWY: acetylene degradation (anaerobic)|g__Klebsiella.s__Klebsiella_michiganensis	7.14608e-05
P161-PWY: acetylene degradation (anaerobic)|g__Fusobacterium.s__Fusobacterium_nucleatum	1.02806e-05
P161-PWY: acetylene degradation (anaerobic)|unclassified	8.30692e-06
P161-PWY: acetylene degradation (anaerobic)|g__Morganella.s__Morganella_morganii	6.79798e-06
P161-PWY: acetylene degradation (anaerobic)|g__Hafnia.s__Hafnia_alvei	5.77832e-06
P161-PWY: acetylene degradation (anaerobic)|g__Lactobacillus.s__Lactobacillus_pentosus	2.76856e-07
P161-PWY: acetylene degradation (anaerobic)|g__Escherichia.s__Escherichia_fergusonii	1.74752e-08
PWY66-429: fatty acid biosynthesis initiation (mitochondria)	0.000492293
PWY66-429: fatty acid biosynthesis initiation (mitochondria)|g__Escherichia.s__Escherichia_coli	0.000128776
PWY66-429: fatty acid biosynthesis initiation (mitochondria)|g__Klebsiella.s__Klebsiella_oxytoca	0.000109142
PWY66-429: fatty acid biosynthesis initiation (mitochondria)|g__Veillonella.s__Veillonella_parvula	6.00755e-05
PWY66-429: fatty acid biosynthesis initiation (mitochondria)|g__Klebsiella.s__Klebsiella_michiganensis	3.82652e-05
PWY66-429: fatty acid biosynthesis initiation (mitochondria)|g__Proteus.s__Proteus_mirabilis	1.25056e-05
PWY66-429: fatty acid biosynthesis initiation (mitochondria)|g__Hafnia.s__Hafnia_alvei	1.1149e-05
PWY66-429: fatty acid biosynthesis initiation (mitochondria)|g__Lactobacillus.s__Lactobacillus_rhamnosus	7.7471e-06
PWY66-429: fatty acid biosynthesis initiation (mitochondria)|unclassified	7.22911e-06
PWY66-429: fatty acid biosynthesis initiation (mitochondria)|g__Morganella.s__Morganella_morganii	4.84687e-06
PWY66-429: fatty acid biosynthesis initiation (mitochondria)|g__Lactobacillus.s__Lactobacillus_plantarum	4.50973e-06
PWY66-429: fatty acid biosynthesis initiation (mitochondria)|g__Saccharomyces.s__Saccharomyces_cerevisiae	2.35204e-06
PWY66-429: fatty acid biosynthesis initiation (mitochondria)|g__Lactobacillus.s__Lactobacillus_casei_group	2.2187e-06
PWY66-429: fatty acid biosynthesis initiation (mitochondria)|g__Haemophilus.s__Haemophilus_parainfluenzae	1.84674e-06
PWY66-429: fatty acid biosynthesis initiation (mitochondria)|g__Veillonella.s__Veillonella_atypica	6.13349e-07
PWY66-429: fatty acid biosynthesis initiation (mitochondria)|g__Lactobacillus.s__Lactobacillus_pentosus	3.22155e-07
PWY66-429: fatty acid biosynthesis initiation (mitochondria)|g__Lactobacillus.s__Lactobacillus_salivarius	2.81855e-07
PWY66-429: fatty acid biosynthesis initiation (mitochondria)|g__Veillonella.s__Veillonella_infantium	1.30688e-07
PWY66-429: fatty acid biosynthesis initiation (mitochondria)|g__Veillonella.s__Veillonella_dispar	9.88893e-08
PWY-5136: fatty acid &beta;-oxidation II (plant peroxisome)	0.000485902
PWY-5136: fatty acid &beta;-oxidation II (plant peroxisome)|g__Escherichia.s__Escherichia_coli	0.000162106
PWY-5136: fatty acid &beta;-oxidation II (plant peroxisome)|g__Klebsiella.s__Klebsiella_oxytoca	0.000123354
PWY-5136: fatty acid &beta;-oxidation II (plant peroxisome)|g__Klebsiella.s__Klebsiella_michiganensis	6.37735e-05
PWY-5136: fatty acid &beta;-oxidation II (plant peroxisome)|g__Hafnia.s__Hafnia_alvei	1.23768e-05
PWY-5136: fatty acid &beta;-oxidation II (plant peroxisome)|g__Proteus.s__Proteus_mirabilis	1.10638e-05
PWY-5136: fatty acid &beta;-oxidation II (plant peroxisome)|unclassified	9.22092e-06
PWY-5136: fatty acid &beta;-oxidation II (plant peroxisome)|g__Morganella.s__Morganella_morganii	1.99896e-06
PWY-5136: fatty acid &beta;-oxidation II (plant peroxisome)|g__Escherichia.s__Escherichia_fergusonii	1.75026e-06
PWY-6122: 5-aminoimidazole ribonucleotide biosynthesis II	0.000478461
PWY-6122: 5-aminoimidazole ribonucleotide biosynthesis II|g__Escherichia.s__Escherichia_coli	0.000164587
PWY-6122: 5-aminoimidazole ribonucleotide biosynthesis II|g__Veillonella.s__Veillonella_parvula	8.06723e-05
PWY-6122: 5-aminoimidazole ribonucleotide biosynthesis II|g__Lactobacillus.s__Lactobacillus_plantarum	4.90673e-05
PWY-6122: 5-aminoimidazole ribonucleotide biosynthesis II|g__Klebsiella.s__Klebsiella_oxytoca	3.93453e-05
PWY-6122: 5-aminoimidazole ribonucleotide biosynthesis II|g__Klebsiella.s__Klebsiella_michiganensis	3.03665e-05
PWY-6122: 5-aminoimidazole ribonucleotide biosynthesis II|g__Sutterella.s__Sutterella_sp_CAG_351	1.34198e-05
PWY-6122: 5-aminoimidazole ribonucleotide biosynthesis II|g__Lactobacillus.s__Lactobacillus_rhamnosus	1.2258e-05
PWY-6122: 5-aminoimidazole ribonucleotide biosynthesis II|g__Megasphaera.s__Megasphaera_micronuciformis	1.1805e-05
PWY-6122: 5-aminoimidazole ribonucleotide biosynthesis II|g__Fusobacterium.s__Fusobacterium_nucleatum	1.07158e-05
PWY-6122: 5-aminoimidazole ribonucleotide biosynthesis II|g__Proteus.s__Proteus_mirabilis	9.97583e-06
PWY-6122: 5-aminoimidazole ribonucleotide biosynthesis II|g__Lactobacillus.s__Lactobacillus_casei_group	8.49049e-06
PWY-6122: 5-aminoimidazole ribonucleotide biosynthesis II|g__Morganella.s__Morganella_morganii	5.15827e-06
PWY-6122: 5-aminoimidazole ribonucleotide biosynthesis II|g__Hafnia.s__Hafnia_alvei	4.65442e-06
PWY-6122: 5-aminoimidazole ribonucleotide biosynthesis II|g__Saccharomyces.s__Saccharomyces_cerevisiae	3.64715e-06
PWY-6122: 5-aminoimidazole ribonucleotide biosynthesis II|g__Haemophilus.s__Haemophilus_parainfluenzae	1.54035e-06
PWY-6122: 5-aminoimidazole ribonucleotide biosynthesis II|unclassified	1.51088e-06
PWY-6122: 5-aminoimidazole ribonucleotide biosynthesis II|g__Veillonella.s__Veillonella_atypica	8.53422e-07
PWY-6122: 5-aminoimidazole ribonucleotide biosynthesis II|g__Veillonella.s__Veillonella_dispar	7.81044e-07
PWY-6122: 5-aminoimidazole ribonucleotide biosynthesis II|g__Escherichia.s__Escherichia_fergusonii	7.18534e-07
PWY-6122: 5-aminoimidazole ribonucleotide biosynthesis II|g__Dialister.s__Dialister_pneumosintes	6.45341e-07
PWY-6122: 5-aminoimidazole ribonucleotide biosynthesis II|g__Alistipes.s__Alistipes_onderdonkii	6.02631e-07
PWY-6122: 5-aminoimidazole ribonucleotide biosynthesis II|g__Lactobacillus.s__Lactobacillus_salivarius	4.73359e-07
PWY-6122: 5-aminoimidazole ribonucleotide biosynthesis II|g__Lactobacillus.s__Lactobacillus_pentosus	3.05561e-07
PWY-6122: 5-aminoimidazole ribonucleotide biosynthesis II|g__Veillonella.s__Veillonella_infantium	2.51741e-07
PWY-6122: 5-aminoimidazole ribonucleotide biosynthesis II|g__Alistipes.s__Alistipes_finegoldii	2.17556e-07
PWY-6277: superpathway of 5-aminoimidazole ribonucleotide biosynthesis	0.000478461
PWY-6277: superpathway of 5-aminoimidazole ribonucleotide biosynthesis|g__Escherichia.s__Escherichia_coli	0.000164587
PWY-6277: superpathway of 5-aminoimidazole ribonucleotide biosynthesis|g__Veillonella.s__Veillonella_parvula	8.06723e-05
PWY-6277: superpathway of 5-aminoimidazole ribonucleotide biosynthesis|g__Lactobacillus.s__Lactobacillus_plantarum	4.90673e-05
PWY-6277: superpathway of 5-aminoimidazole ribonucleotide biosynthesis|g__Klebsiella.s__Klebsiella_oxytoca	3.93453e-05
PWY-6277: superpathway of 5-aminoimidazole ribonucleotide biosynthesis|g__Klebsiella.s__Klebsiella_michiganensis	3.03665e-05
PWY-6277: superpathway of 5-aminoimidazole ribonucleotide biosynthesis|g__Sutterella.s__Sutterella_sp_CAG_351	1.34198e-05
PWY-6277: superpathway of 5-aminoimidazole ribonucleotide biosynthesis|g__Lactobacillus.s__Lactobacillus_rhamnosus	1.2258e-05
PWY-6277: superpathway of 5-aminoimidazole ribonucleotide biosynthesis|g__Megasphaera.s__Megasphaera_micronuciformis	1.1805e-05
PWY-6277: superpathway of 5-aminoimidazole ribonucleotide biosynthesis|g__Fusobacterium.s__Fusobacterium_nucleatum	1.07158e-05
PWY-6277: superpathway of 5-aminoimidazole ribonucleotide biosynthesis|g__Proteus.s__Proteus_mirabilis	9.97583e-06
PWY-6277: superpathway of 5-aminoimidazole ribonucleotide biosynthesis|g__Lactobacillus.s__Lactobacillus_casei_group	8.49049e-06
PWY-6277: superpathway of 5-aminoimidazole ribonucleotide biosynthesis|g__Morganella.s__Morganella_morganii	5.15827e-06
PWY-6277: superpathway of 5-aminoimidazole ribonucleotide biosynthesis|g__Hafnia.s__Hafnia_alvei	4.65442e-06
PWY-6277: superpathway of 5-aminoimidazole ribonucleotide biosynthesis|g__Saccharomyces.s__Saccharomyces_cerevisiae	3.64715e-06
PWY-6277: superpathway of 5-aminoimidazole ribonucleotide biosynthesis|g__Haemophilus.s__Haemophilus_parainfluenzae	1.54035e-06
PWY-6277: superpathway of 5-aminoimidazole ribonucleotide biosynthesis|unclassified	1.51088e-06
PWY-6277: superpathway of 5-aminoimidazole ribonucleotide biosynthesis|g__Veillonella.s__Veillonella_atypica	8.53422e-07
PWY-6277: superpathway of 5-aminoimidazole ribonucleotide biosynthesis|g__Veillonella.s__Veillonella_dispar	7.81044e-07
PWY-6277: superpathway of 5-aminoimidazole ribonucleotide biosynthesis|g__Escherichia.s__Escherichia_fergusonii	7.18534e-07
PWY-6277: superpathway of 5-aminoimidazole ribonucleotide biosynthesis|g__Dialister.s__Dialister_pneumosintes	6.45341e-07
PWY-6277: superpathway of 5-aminoimidazole ribonucleotide biosynthesis|g__Alistipes.s__Alistipes_onderdonkii	6.02631e-07
PWY-6277: superpathway of 5-aminoimidazole ribonucleotide biosynthesis|g__Lactobacillus.s__Lactobacillus_salivarius	4.73359e-07
PWY-6277: superpathway of 5-aminoimidazole ribonucleotide biosynthesis|g__Lactobacillus.s__Lactobacillus_pentosus	3.05561e-07
PWY-6277: superpathway of 5-aminoimidazole ribonucleotide biosynthesis|g__Veillonella.s__Veillonella_infantium	2.51741e-07
PWY-6277: superpathway of 5-aminoimidazole ribonucleotide biosynthesis|g__Alistipes.s__Alistipes_finegoldii	2.17556e-07
VALSYN-PWY: L-valine biosynthesis	0.000470786
VALSYN-PWY: L-valine biosynthesis|g__Escherichia.s__Escherichia_coli	0.00017836
VALSYN-PWY: L-valine biosynthesis|g__Veillonella.s__Veillonella_parvula	9.24574e-05
VALSYN-PWY: L-valine biosynthesis|g__Klebsiella.s__Klebsiella_oxytoca	7.35625e-05
VALSYN-PWY: L-valine biosynthesis|g__Klebsiella.s__Klebsiella_michiganensis	4.40312e-05
VALSYN-PWY: L-valine biosynthesis|g__Sutterella.s__Sutterella_sp_CAG_351	1.48622e-05
VALSYN-PWY: L-valine biosynthesis|g__Megasphaera.s__Megasphaera_micronuciformis	1.17046e-05
VALSYN-PWY: L-valine biosynthesis|g__Hafnia.s__Hafnia_alvei	8.87864e-06
VALSYN-PWY: L-valine biosynthesis|g__Proteus.s__Proteus_mirabilis	7.54183e-06
VALSYN-PWY: L-valine biosynthesis|g__Morganella.s__Morganella_morganii	7.0018e-06
VALSYN-PWY: L-valine biosynthesis|g__Saccharomyces.s__Saccharomyces_cerevisiae	4.1416e-06
VALSYN-PWY: L-valine biosynthesis|g__Escherichia.s__Escherichia_fergusonii	3.19709e-06
VALSYN-PWY: L-valine biosynthesis|g__Haemophilus.s__Haemophilus_parainfluenzae	2.64248e-06
VALSYN-PWY: L-valine biosynthesis|unclassified	1.11478e-06
VALSYN-PWY: L-valine biosynthesis|g__Veillonella.s__Veillonella_atypica	8.48334e-07
VALSYN-PWY: L-valine biosynthesis|g__Veillonella.s__Veillonella_infantium	4.99483e-07
VALSYN-PWY: L-valine biosynthesis|g__Alistipes.s__Alistipes_finegoldii	4.45866e-07
VALSYN-PWY: L-valine biosynthesis|g__Veillonella.s__Veillonella_dispar	3.94351e-07
VALSYN-PWY: L-valine biosynthesis|g__Alistipes.s__Alistipes_onderdonkii	2.53395e-07
ILEUSYN-PWY: L-isoleucine biosynthesis I (from threonine)	0.000457834
ILEUSYN-PWY: L-isoleucine biosynthesis I (from threonine)|g__Escherichia.s__Escherichia_coli	0.000177914
ILEUSYN-PWY: L-isoleucine biosynthesis I (from threonine)|g__Veillonella.s__Veillonella_parvula	7.00428e-05
ILEUSYN-PWY: L-isoleucine biosynthesis I (from threonine)|g__Klebsiella.s__Klebsiella_oxytoca	6.55019e-05
ILEUSYN-PWY: L-isoleucine biosynthesis I (from threonine)|g__Klebsiella.s__Klebsiella_michiganensis	4.34688e-05
ILEUSYN-PWY: L-isoleucine biosynthesis I (from threonine)|g__Proteus.s__Proteus_mirabilis	7.16444e-06
ILEUSYN-PWY: L-isoleucine biosynthesis I (from threonine)|g__Hafnia.s__Hafnia_alvei	5.95318e-06
ILEUSYN-PWY: L-isoleucine biosynthesis I (from threonine)|g__Saccharomyces.s__Saccharomyces_cerevisiae	3.97232e-06
ILEUSYN-PWY: L-isoleucine biosynthesis I (from threonine)|g__Haemophilus.s__Haemophilus_parainfluenzae	2.47169e-06
ILEUSYN-PWY: L-isoleucine biosynthesis I (from threonine)|g__Escherichia.s__Escherichia_fergusonii	2.31118e-06
ILEUSYN-PWY: L-isoleucine biosynthesis I (from threonine)|unclassified	1.11439e-06
ILEUSYN-PWY: L-isoleucine biosynthesis I (from threonine)|g__Veillonella.s__Veillonella_atypica	8.36788e-07
ILEUSYN-PWY: L-isoleucine biosynthesis I (from threonine)|g__Veillonella.s__Veillonella_infantium	3.97116e-07
ILEUSYN-PWY: L-isoleucine biosynthesis I (from threonine)|g__Veillonella.s__Veillonella_dispar	2.67881e-07
PWY-6121: 5-aminoimidazole ribonucleotide biosynthesis I	0.000443181
PWY-6121: 5-aminoimidazole ribonucleotide biosynthesis I|g__Escherichia.s__Escherichia_coli	0.000149839
PWY-6121: 5-aminoimidazole ribonucleotide biosynthesis I|g__Veillonella.s__Veillonella_parvula	7.86113e-05
PWY-6121: 5-aminoimidazole ribonucleotide biosynthesis I|g__Klebsiella.s__Klebsiella_oxytoca	3.95748e-05
PWY-6121: 5-aminoimidazole ribonucleotide biosynthesis I|g__Lactobacillus.s__Lactobacillus_plantarum	3.19731e-05
PWY-6121: 5-aminoimidazole ribonucleotide biosynthesis I|g__Klebsiella.s__Klebsiella_michiganensis	2.98168e-05
PWY-6121: 5-aminoimidazole ribonucleotide biosynthesis I|g__Sutterella.s__Sutterella_sp_CAG_351	1.36551e-05
PWY-6121: 5-aminoimidazole ribonucleotide biosynthesis I|g__Lactobacillus.s__Lactobacillus_rhamnosus	1.1858e-05
PWY-6121: 5-aminoimidazole ribonucleotide biosynthesis I|g__Megasphaera.s__Megasphaera_micronuciformis	1.15821e-05
PWY-6121: 5-aminoimidazole ribonucleotide biosynthesis I|g__Proteus.s__Proteus_mirabilis	8.81117e-06
PWY-6121: 5-aminoimidazole ribonucleotide biosynthesis I|g__Fusobacterium.s__Fusobacterium_nucleatum	8.60748e-06
PWY-6121: 5-aminoimidazole ribonucleotide biosynthesis I|g__Lactobacillus.s__Lactobacillus_casei_group	7.1881e-06
PWY-6121: 5-aminoimidazole ribonucleotide biosynthesis I|g__Morganella.s__Morganella_morganii	4.8863e-06
PWY-6121: 5-aminoimidazole ribonucleotide biosynthesis I|g__Hafnia.s__Hafnia_alvei	4.79241e-06
PWY-6121: 5-aminoimidazole ribonucleotide biosynthesis I|g__Saccharomyces.s__Saccharomyces_cerevisiae	3.13834e-06
PWY-6121: 5-aminoimidazole ribonucleotide biosynthesis I|unclassified	1.72163e-06
PWY-6121: 5-aminoimidazole ribonucleotide biosynthesis I|g__Haemophilus.s__Haemophilus_parainfluenzae	1.55177e-06
PWY-6121: 5-aminoimidazole ribonucleotide biosynthesis I|g__Veillonella.s__Veillonella_atypica	8.67105e-07
PWY-6121: 5-aminoimidazole ribonucleotide biosynthesis I|g__Dialister.s__Dialister_pneumosintes	6.25402e-07
PWY-6121: 5-aminoimidazole ribonucleotide biosynthesis I|g__Veillonella.s__Veillonella_dispar	6.19265e-07
PWY-6121: 5-aminoimidazole ribonucleotide biosynthesis I|g__Alistipes.s__Alistipes_onderdonkii	5.63779e-07
PWY-6121: 5-aminoimidazole ribonucleotide biosynthesis I|g__Lactobacillus.s__Lactobacillus_salivarius	3.07004e-07
PWY-6121: 5-aminoimidazole ribonucleotide biosynthesis I|g__Lactobacillus.s__Lactobacillus_pentosus	2.73631e-07
PWY-6121: 5-aminoimidazole ribonucleotide biosynthesis I|g__Alistipes.s__Alistipes_finegoldii	2.16484e-07
PWY-6121: 5-aminoimidazole ribonucleotide biosynthesis I|g__Veillonella.s__Veillonella_infantium	3.24749e-08
PWY-6936: seleno-amino acid biosynthesis (plants)	0.000443035
PWY-6936: seleno-amino acid biosynthesis (plants)|g__Escherichia.s__Escherichia_coli	0.000149694
PWY-6936: seleno-amino acid biosynthesis (plants)|g__Veillonella.s__Veillonella_parvula	7.82812e-05
PWY-6936: seleno-amino acid biosynthesis (plants)|g__Klebsiella.s__Klebsiella_oxytoca	6.04405e-05
PWY-6936: seleno-amino acid biosynthesis (plants)|g__Klebsiella.s__Klebsiella_michiganensis	2.2149e-05
PWY-6936: seleno-amino acid biosynthesis (plants)|g__Lactobacillus.s__Lactobacillus_rhamnosus	1.7832e-05
PWY-6936: seleno-amino acid biosynthesis (plants)|g__Proteus.s__Proteus_mirabilis	6.38994e-06
PWY-6936: seleno-amino acid biosynthesis (plants)|g__Morganella.s__Morganella_morganii	6.24832e-06
PWY-6936: seleno-amino acid biosynthesis (plants)|g__Hafnia.s__Hafnia_alvei	4.80133e-06
PWY-6936: seleno-amino acid biosynthesis (plants)|g__Saccharomyces.s__Saccharomyces_cerevisiae	3.77422e-06
PWY-6936: seleno-amino acid biosynthesis (plants)|g__Lactobacillus.s__Lactobacillus_casei_group	2.5489e-06
PWY-6936: seleno-amino acid biosynthesis (plants)|g__Haemophilus.s__Haemophilus_parainfluenzae	1.77521e-06
PWY-6936: seleno-amino acid biosynthesis (plants)|unclassified	1.06807e-06
PWY-6936: seleno-amino acid biosynthesis (plants)|g__Escherichia.s__Escherichia_fergusonii	8.87689e-07
PWY-6936: seleno-amino acid biosynthesis (plants)|g__Veillonella.s__Veillonella_atypica	7.35261e-07
PWY-6936: seleno-amino acid biosynthesis (plants)|g__Lactobacillus.s__Lactobacillus_salivarius	3.27945e-07
PWY-6936: seleno-amino acid biosynthesis (plants)|g__Veillonella.s__Veillonella_dispar	2.85996e-07
PWY-6608: guanosine nucleotides degradation III	0.000435769
PWY-6608: guanosine nucleotides degradation III|g__Escherichia.s__Escherichia_coli	0.000194358
PWY-6608: guanosine nucleotides degradation III|g__Klebsiella.s__Klebsiella_oxytoca	0.000115776
PWY-6608: guanosine nucleotides degradation III|g__Hafnia.s__Hafnia_alvei	1.68954e-05
PWY-6608: guanosine nucleotides degradation III|g__Megasphaera.s__Megasphaera_micronuciformis	1.49203e-05
PWY-6608: guanosine nucleotides degradation III|g__Klebsiella.s__Klebsiella_michiganensis	1.07078e-05
PWY-6608: guanosine nucleotides degradation III|g__Lactobacillus.s__Lactobacillus_rhamnosus	9.50934e-06
PWY-6608: guanosine nucleotides degradation III|g__Morganella.s__Morganella_morganii	5.17587e-06
PWY-6608: guanosine nucleotides degradation III|g__Proteus.s__Proteus_mirabilis	3.45963e-06
PWY-6608: guanosine nucleotides degradation III|unclassified	2.99185e-06
PWY-6608: guanosine nucleotides degradation III|g__Saccharomyces.s__Saccharomyces_cerevisiae	1.98997e-06
PWY-5695: inosine 5'-phosphate degradation	0.000435586
PWY-5695: inosine 5'-phosphate degradation|g__Escherichia.s__Escherichia_coli	0.000194358
PWY-5695: inosine 5'-phosphate degradation|g__Klebsiella.s__Klebsiella_oxytoca	8.68009e-05
PWY-5695: inosine 5'-phosphate degradation|g__Klebsiella.s__Klebsiella_michiganensis	2.17549e-05
PWY-5695: inosine 5'-phosphate degradation|g__Megasphaera.s__Megasphaera_micronuciformis	1.54072e-05
PWY-5695: inosine 5'-phosphate degradation|g__Sutterella.s__Sutterella_sp_CAG_351	1.43979e-05
PWY-5695: inosine 5'-phosphate degradation|g__Hafnia.s__Hafnia_alvei	1.35108e-05
PWY-5695: inosine 5'-phosphate degradation|g__Lactobacillus.s__Lactobacillus_rhamnosus	1.07226e-05
PWY-5695: inosine 5'-phosphate degradation|g__Proteus.s__Proteus_mirabilis	6.88684e-06
PWY-5695: inosine 5'-phosphate degradation|g__Morganella.s__Morganella_morganii	4.56369e-06
PWY-5695: inosine 5'-phosphate degradation|unclassified	2.96604e-06
PWY-5695: inosine 5'-phosphate degradation|g__Haemophilus.s__Haemophilus_parainfluenzae	2.5744e-06
PWY-5695: inosine 5'-phosphate degradation|g__Lactobacillus.s__Lactobacillus_casei_group	1.81966e-06
PWY-5695: inosine 5'-phosphate degradation|g__Veillonella.s__Veillonella_atypica	6.46982e-07
PWY-5695: inosine 5'-phosphate degradation|g__Escherichia.s__Escherichia_fergusonii	3.09768e-07
PWY-5695: inosine 5'-phosphate degradation|g__Alistipes.s__Alistipes_onderdonkii	1.8969e-07
PWY-5695: inosine 5'-phosphate degradation|g__Alistipes.s__Alistipes_finegoldii	1.0842e-07
BRANCHED-CHAIN-AA-SYN-PWY: superpathway of branched chain amino acid biosynthesis	0.000428793
BRANCHED-CHAIN-AA-SYN-PWY: superpathway of branched chain amino acid biosynthesis|g__Escherichia.s__Escherichia_coli	0.000156435
BRANCHED-CHAIN-AA-SYN-PWY: superpathway of branched chain amino acid biosynthesis|g__Veillonella.s__Veillonella_parvula	6.44815e-05
BRANCHED-CHAIN-AA-SYN-PWY: superpathway of branched chain amino acid biosynthesis|g__Klebsiella.s__Klebsiella_oxytoca	6.4227e-05
BRANCHED-CHAIN-AA-SYN-PWY: superpathway of branched chain amino acid biosynthesis|g__Klebsiella.s__Klebsiella_michiganensis	3.75037e-05
BRANCHED-CHAIN-AA-SYN-PWY: superpathway of branched chain amino acid biosynthesis|g__Proteus.s__Proteus_mirabilis	7.05501e-06
BRANCHED-CHAIN-AA-SYN-PWY: superpathway of branched chain amino acid biosynthesis|g__Hafnia.s__Hafnia_alvei	6.23126e-06
BRANCHED-CHAIN-AA-SYN-PWY: superpathway of branched chain amino acid biosynthesis|g__Saccharomyces.s__Saccharomyces_cerevisiae	3.89019e-06
BRANCHED-CHAIN-AA-SYN-PWY: superpathway of branched chain amino acid biosynthesis|g__Haemophilus.s__Haemophilus_parainfluenzae	2.33865e-06
BRANCHED-CHAIN-AA-SYN-PWY: superpathway of branched chain amino acid biosynthesis|g__Escherichia.s__Escherichia_fergusonii	1.58358e-06
BRANCHED-CHAIN-AA-SYN-PWY: superpathway of branched chain amino acid biosynthesis|unclassified	1.19645e-06
BRANCHED-CHAIN-AA-SYN-PWY: superpathway of branched chain amino acid biosynthesis|g__Veillonella.s__Veillonella_atypica	9.49413e-07
BRANCHED-CHAIN-AA-SYN-PWY: superpathway of branched chain amino acid biosynthesis|g__Veillonella.s__Veillonella_infantium	5.26068e-07
BRANCHED-CHAIN-AA-SYN-PWY: superpathway of branched chain amino acid biosynthesis|g__Veillonella.s__Veillonella_dispar	3.02919e-07
PWY-6353: purine nucleotides degradation II (aerobic)	0.000424711
PWY-6353: purine nucleotides degradation II (aerobic)|g__Escherichia.s__Escherichia_coli	0.000156443
PWY-6353: purine nucleotides degradation II (aerobic)|g__Klebsiella.s__Klebsiella_oxytoca	3.56088e-05
PWY-6353: purine nucleotides degradation II (aerobic)|g__Hafnia.s__Hafnia_alvei	1.40259e-05
PWY-6353: purine nucleotides degradation II (aerobic)|unclassified	1.63029e-06
PWY-5103: L-isoleucine biosynthesis III	0.000424229
PWY-5103: L-isoleucine biosynthesis III|g__Escherichia.s__Escherichia_coli	0.000163972
PWY-5103: L-isoleucine biosynthesis III|g__Klebsiella.s__Klebsiella_oxytoca	7.92634e-05
PWY-5103: L-isoleucine biosynthesis III|g__Veillonella.s__Veillonella_parvula	5.85101e-05
PWY-5103: L-isoleucine biosynthesis III|g__Klebsiella.s__Klebsiella_michiganensis	4.85958e-05
PWY-5103: L-isoleucine biosynthesis III|g__Hafnia.s__Hafnia_alvei	8.97846e-06
PWY-5103: L-isoleucine biosynthesis III|g__Morganella.s__Morganella_morganii	7.47553e-06
PWY-5103: L-isoleucine biosynthesis III|g__Proteus.s__Proteus_mirabilis	6.32044e-06
PWY-5103: L-isoleucine biosynthesis III|g__Saccharomyces.s__Saccharomyces_cerevisiae	3.76164e-06
PWY-5103: L-isoleucine biosynthesis III|g__Haemophilus.s__Haemophilus_parainfluenzae	2.28747e-06
PWY-5103: L-isoleucine biosynthesis III|g__Escherichia.s__Escherichia_fergusonii	1.8929e-06
PWY-5103: L-isoleucine biosynthesis III|unclassified	1.33779e-06
PWY-5103: L-isoleucine biosynthesis III|g__Veillonella.s__Veillonella_atypica	7.90333e-07
PWY-5103: L-isoleucine biosynthesis III|g__Veillonella.s__Veillonella_infantium	3.29288e-07
PWY-5103: L-isoleucine biosynthesis III|g__Veillonella.s__Veillonella_dispar	2.17675e-07
PWY-3001: superpathway of L-isoleucine biosynthesis I	0.000423856
PWY-3001: superpathway of L-isoleucine biosynthesis I|g__Escherichia.s__Escherichia_coli	0.000140898
PWY-3001: superpathway of L-isoleucine biosynthesis I|g__Klebsiella.s__Klebsiella_oxytoca	7.00369e-05
PWY-3001: superpathway of L-isoleucine biosynthesis I|g__Klebsiella.s__Klebsiella_michiganensis	4.24325e-05
PWY-3001: superpathway of L-isoleucine biosynthesis I|g__Hafnia.s__Hafnia_alvei	8.01568e-06
PWY-3001: superpathway of L-isoleucine biosynthesis I|g__Proteus.s__Proteus_mirabilis	6.58359e-06
PWY-3001: superpathway of L-isoleucine biosynthesis I|g__Saccharomyces.s__Saccharomyces_cerevisiae	3.52155e-06
PWY-3001: superpathway of L-isoleucine biosynthesis I|g__Haemophilus.s__Haemophilus_parainfluenzae	2.1857e-06
PWY-3001: superpathway of L-isoleucine biosynthesis I|unclassified	1.34601e-06
SALVADEHYPOX-PWY: adenosine nucleotides degradation II	0.000420074
SALVADEHYPOX-PWY: adenosine nucleotides degradation II|g__Escherichia.s__Escherichia_coli	0.00021293
SALVADEHYPOX-PWY: adenosine nucleotides degradation II|g__Klebsiella.s__Klebsiella_oxytoca	1.96559e-05
SALVADEHYPOX-PWY: adenosine nucleotides degradation II|g__Hafnia.s__Hafnia_alvei	1.28027e-05
SALVADEHYPOX-PWY: adenosine nucleotides degradation II|unclassified	2.81169e-06
PWY-5723: Rubisco shunt	0.000417185
PWY-5723: Rubisco shunt|g__Escherichia.s__Escherichia_coli	0.000123695
PWY-5723: Rubisco shunt|g__Klebsiella.s__Klebsiella_oxytoca	7.90568e-05
PWY-5723: Rubisco shunt|g__Klebsiella.s__Klebsiella_michiganensis	5.28264e-05
PWY-5723: Rubisco shunt|g__Hafnia.s__Hafnia_alvei	7.22081e-06
PWY-7345: superpathway of anaerobic sucrose degradation	0.000414227
PWY-7345: superpathway of anaerobic sucrose degradation|g__Escherichia.s__Escherichia_coli	0.000117034
PWY-7345: superpathway of anaerobic sucrose degradation|g__Klebsiella.s__Klebsiella_oxytoca	6.18343e-05
PWY-7345: superpathway of anaerobic sucrose degradation|g__Klebsiella.s__Klebsiella_michiganensis	3.89466e-05
PWY-7345: superpathway of anaerobic sucrose degradation|g__Hafnia.s__Hafnia_alvei	5.51997e-06
PWY-7345: superpathway of anaerobic sucrose degradation|g__Lactobacillus.s__Lactobacillus_plantarum	2.01167e-06
PWY-7345: superpathway of anaerobic sucrose degradation|unclassified	3.38146e-07
UDPNAGSYN-PWY: UDP-N-acetyl-D-glucosamine biosynthesis I	0.000413264
UDPNAGSYN-PWY: UDP-N-acetyl-D-glucosamine biosynthesis I|g__Escherichia.s__Escherichia_coli	0.000142347
UDPNAGSYN-PWY: UDP-N-acetyl-D-glucosamine biosynthesis I|g__Klebsiella.s__Klebsiella_oxytoca	6.79813e-05
UDPNAGSYN-PWY: UDP-N-acetyl-D-glucosamine biosynthesis I|g__Veillonella.s__Veillonella_parvula	6.50745e-05
UDPNAGSYN-PWY: UDP-N-acetyl-D-glucosamine biosynthesis I|g__Klebsiella.s__Klebsiella_michiganensis	2.20705e-05
UDPNAGSYN-PWY: UDP-N-acetyl-D-glucosamine biosynthesis I|g__Lactobacillus.s__Lactobacillus_rhamnosus	1.79719e-05
UDPNAGSYN-PWY: UDP-N-acetyl-D-glucosamine biosynthesis I|g__Sutterella.s__Sutterella_sp_CAG_351	1.47791e-05
UDPNAGSYN-PWY: UDP-N-acetyl-D-glucosamine biosynthesis I|unclassified	1.39458e-05
UDPNAGSYN-PWY: UDP-N-acetyl-D-glucosamine biosynthesis I|g__Megasphaera.s__Megasphaera_micronuciformis	1.11492e-05
UDPNAGSYN-PWY: UDP-N-acetyl-D-glucosamine biosynthesis I|g__Fusobacterium.s__Fusobacterium_nucleatum	9.72084e-06
UDPNAGSYN-PWY: UDP-N-acetyl-D-glucosamine biosynthesis I|g__Lactobacillus.s__Lactobacillus_plantarum	5.98873e-06
UDPNAGSYN-PWY: UDP-N-acetyl-D-glucosamine biosynthesis I|g__Morganella.s__Morganella_morganii	4.74827e-06
UDPNAGSYN-PWY: UDP-N-acetyl-D-glucosamine biosynthesis I|g__Proteus.s__Proteus_mirabilis	4.06307e-06
UDPNAGSYN-PWY: UDP-N-acetyl-D-glucosamine biosynthesis I|g__Escherichia.s__Escherichia_fergusonii	2.17167e-06
UDPNAGSYN-PWY: UDP-N-acetyl-D-glucosamine biosynthesis I|g__Lactobacillus.s__Lactobacillus_casei_group	1.97554e-06
UDPNAGSYN-PWY: UDP-N-acetyl-D-glucosamine biosynthesis I|g__Haemophilus.s__Haemophilus_parainfluenzae	1.8142e-06
UDPNAGSYN-PWY: UDP-N-acetyl-D-glucosamine biosynthesis I|g__Lactobacillus.s__Lactobacillus_pentosus	1.25848e-06
UDPNAGSYN-PWY: UDP-N-acetyl-D-glucosamine biosynthesis I|g__Veillonella.s__Veillonella_atypica	5.73958e-07
UDPNAGSYN-PWY: UDP-N-acetyl-D-glucosamine biosynthesis I|g__Dialister.s__Dialister_pneumosintes	5.67374e-07
UDPNAGSYN-PWY: UDP-N-acetyl-D-glucosamine biosynthesis I|g__Lactobacillus.s__Lactobacillus_salivarius	2.79829e-07
UDPNAGSYN-PWY: UDP-N-acetyl-D-glucosamine biosynthesis I|g__Veillonella.s__Veillonella_dispar	2.71576e-07
UDPNAGSYN-PWY: UDP-N-acetyl-D-glucosamine biosynthesis I|g__Veillonella.s__Veillonella_infantium	2.75651e-08
GLYCOLYSIS: glycolysis I (from glucose 6-phosphate)	0.000410006
GLYCOLYSIS: glycolysis I (from glucose 6-phosphate)|g__Escherichia.s__Escherichia_coli	0.000145575
GLYCOLYSIS: glycolysis I (from glucose 6-phosphate)|g__Klebsiella.s__Klebsiella_oxytoca	5.68296e-05
GLYCOLYSIS: glycolysis I (from glucose 6-phosphate)|g__Klebsiella.s__Klebsiella_michiganensis	3.5405e-05
GLYCOLYSIS: glycolysis I (from glucose 6-phosphate)|g__Lactobacillus.s__Lactobacillus_rhamnosus	1.58586e-05
GLYCOLYSIS: glycolysis I (from glucose 6-phosphate)|g__Lactobacillus.s__Lactobacillus_plantarum	1.41138e-05
GLYCOLYSIS: glycolysis I (from glucose 6-phosphate)|g__Proteus.s__Proteus_mirabilis	6.64029e-06
GLYCOLYSIS: glycolysis I (from glucose 6-phosphate)|g__Hafnia.s__Hafnia_alvei	5.68231e-06
GLYCOLYSIS: glycolysis I (from glucose 6-phosphate)|g__Morganella.s__Morganella_morganii	4.86332e-06
GLYCOLYSIS: glycolysis I (from glucose 6-phosphate)|g__Saccharomyces.s__Saccharomyces_cerevisiae	4.10013e-06
GLYCOLYSIS: glycolysis I (from glucose 6-phosphate)|g__Lactobacillus.s__Lactobacillus_casei_group	2.3869e-06
GLYCOLYSIS: glycolysis I (from glucose 6-phosphate)|g__Haemophilus.s__Haemophilus_parainfluenzae	1.75177e-06
GLYCOLYSIS: glycolysis I (from glucose 6-phosphate)|unclassified	9.64538e-07
PWY-6519: 8-amino-7-oxononanoate biosynthesis I	0.000409106
PWY-6519: 8-amino-7-oxononanoate biosynthesis I|g__Escherichia.s__Escherichia_coli	0.000128749
PWY-6519: 8-amino-7-oxononanoate biosynthesis I|g__Klebsiella.s__Klebsiella_oxytoca	7.68105e-05
PWY-6519: 8-amino-7-oxononanoate biosynthesis I|g__Klebsiella.s__Klebsiella_michiganensis	4.71692e-05
PWY-6519: 8-amino-7-oxononanoate biosynthesis I|g__Morganella.s__Morganella_morganii	9.40154e-06
PWY-6519: 8-amino-7-oxononanoate biosynthesis I|g__Proteus.s__Proteus_mirabilis	8.77866e-06
PWY-6519: 8-amino-7-oxononanoate biosynthesis I|g__Hafnia.s__Hafnia_alvei	7.75627e-06
PWY-6519: 8-amino-7-oxononanoate biosynthesis I|g__Haemophilus.s__Haemophilus_parainfluenzae	1.85634e-06
PWY-6519: 8-amino-7-oxononanoate biosynthesis I|unclassified	8.49724e-07
PWY-6385: peptidoglycan biosynthesis III (mycobacteria)	0.00040882
PWY-6385: peptidoglycan biosynthesis III (mycobacteria)|g__Escherichia.s__Escherichia_coli	0.000124623
PWY-6385: peptidoglycan biosynthesis III (mycobacteria)|g__Veillonella.s__Veillonella_parvula	7.27137e-05
PWY-6385: peptidoglycan biosynthesis III (mycobacteria)|g__Klebsiella.s__Klebsiella_oxytoca	5.3074e-05
PWY-6385: peptidoglycan biosynthesis III (mycobacteria)|g__Klebsiella.s__Klebsiella_michiganensis	3.2115e-05
PWY-6385: peptidoglycan biosynthesis III (mycobacteria)|g__Lactobacillus.s__Lactobacillus_rhamnosus	1.25166e-05
PWY-6385: peptidoglycan biosynthesis III (mycobacteria)|g__Megasphaera.s__Megasphaera_micronuciformis	1.06731e-05
PWY-6385: peptidoglycan biosynthesis III (mycobacteria)|g__Fusobacterium.s__Fusobacterium_nucleatum	1.03438e-05
PWY-6385: peptidoglycan biosynthesis III (mycobacteria)|g__Proteus.s__Proteus_mirabilis	7.00423e-06
PWY-6385: peptidoglycan biosynthesis III (mycobacteria)|g__Hafnia.s__Hafnia_alvei	6.86835e-06
PWY-6385: peptidoglycan biosynthesis III (mycobacteria)|unclassified	6.65896e-06
PWY-6385: peptidoglycan biosynthesis III (mycobacteria)|g__Morganella.s__Morganella_morganii	4.78081e-06
PWY-6385: peptidoglycan biosynthesis III (mycobacteria)|g__Lactobacillus.s__Lactobacillus_plantarum	3.98269e-06
PWY-6385: peptidoglycan biosynthesis III (mycobacteria)|g__Haemophilus.s__Haemophilus_parainfluenzae	1.78979e-06
PWY-6385: peptidoglycan biosynthesis III (mycobacteria)|g__Veillonella.s__Veillonella_atypica	6.69669e-07
PWY-6385: peptidoglycan biosynthesis III (mycobacteria)|g__Dialister.s__Dialister_pneumosintes	5.62459e-07
PWY-6385: peptidoglycan biosynthesis III (mycobacteria)|g__Lactobacillus.s__Lactobacillus_pentosus	2.7994e-07
PWY-6385: peptidoglycan biosynthesis III (mycobacteria)|g__Lactobacillus.s__Lactobacillus_salivarius	2.6791e-07
PWY-6385: peptidoglycan biosynthesis III (mycobacteria)|g__Veillonella.s__Veillonella_dispar	2.30779e-07
PWY-6385: peptidoglycan biosynthesis III (mycobacteria)|g__Alistipes.s__Alistipes_onderdonkii	1.40384e-07
PWY-6385: peptidoglycan biosynthesis III (mycobacteria)|g__Lactobacillus.s__Lactobacillus_casei_group	7.06686e-08
PWY-6385: peptidoglycan biosynthesis III (mycobacteria)|g__Alistipes.s__Alistipes_finegoldii	4.90393e-08
ANAGLYCOLYSIS-PWY: glycolysis III (from glucose)	0.000407953
ANAGLYCOLYSIS-PWY: glycolysis III (from glucose)|g__Escherichia.s__Escherichia_coli	0.000131458
ANAGLYCOLYSIS-PWY: glycolysis III (from glucose)|g__Klebsiella.s__Klebsiella_oxytoca	6.15258e-05
ANAGLYCOLYSIS-PWY: glycolysis III (from glucose)|g__Klebsiella.s__Klebsiella_michiganensis	3.9714e-05
ANAGLYCOLYSIS-PWY: glycolysis III (from glucose)|g__Lactobacillus.s__Lactobacillus_rhamnosus	1.73348e-05
ANAGLYCOLYSIS-PWY: glycolysis III (from glucose)|g__Lactobacillus.s__Lactobacillus_plantarum	1.33144e-05
ANAGLYCOLYSIS-PWY: glycolysis III (from glucose)|g__Fusobacterium.s__Fusobacterium_nucleatum	9.92219e-06
ANAGLYCOLYSIS-PWY: glycolysis III (from glucose)|g__Hafnia.s__Hafnia_alvei	6.13764e-06
ANAGLYCOLYSIS-PWY: glycolysis III (from glucose)|g__Morganella.s__Morganella_morganii	5.0516e-06
ANAGLYCOLYSIS-PWY: glycolysis III (from glucose)|g__Saccharomyces.s__Saccharomyces_cerevisiae	4.9554e-06
ANAGLYCOLYSIS-PWY: glycolysis III (from glucose)|g__Lactobacillus.s__Lactobacillus_casei_group	2.69347e-06
ANAGLYCOLYSIS-PWY: glycolysis III (from glucose)|g__Haemophilus.s__Haemophilus_parainfluenzae	1.74629e-06
ANAGLYCOLYSIS-PWY: glycolysis III (from glucose)|unclassified	1.09796e-06
ANAGLYCOLYSIS-PWY: glycolysis III (from glucose)|g__Lactobacillus.s__Lactobacillus_pentosus	3.31956e-07
ANAGLYCOLYSIS-PWY: glycolysis III (from glucose)|g__Escherichia.s__Escherichia_fergusonii	2.63302e-07
PWY-7229: superpathway of adenosine nucleotides de novo biosynthesis I	0.000407351
PWY-7229: superpathway of adenosine nucleotides de novo biosynthesis I|g__Veillonella.s__Veillonella_parvula	8.12927e-05
PWY-7229: superpathway of adenosine nucleotides de novo biosynthesis I|g__Escherichia.s__Escherichia_coli	7.51344e-05
PWY-7229: superpathway of adenosine nucleotides de novo biosynthesis I|g__Klebsiella.s__Klebsiella_oxytoca	4.78127e-05
PWY-7229: superpathway of adenosine nucleotides de novo biosynthesis I|g__Klebsiella.s__Klebsiella_michiganensis	3.02798e-05
PWY-7229: superpathway of adenosine nucleotides de novo biosynthesis I|g__Sutterella.s__Sutterella_sp_CAG_351	2.12799e-05
PWY-7229: superpathway of adenosine nucleotides de novo biosynthesis I|g__Lactobacillus.s__Lactobacillus_rhamnosus	1.68495e-05
PWY-7229: superpathway of adenosine nucleotides de novo biosynthesis I|g__Lactobacillus.s__Lactobacillus_plantarum	1.1195e-05
PWY-7229: superpathway of adenosine nucleotides de novo biosynthesis I|g__Proteus.s__Proteus_mirabilis	6.32299e-06
PWY-7229: superpathway of adenosine nucleotides de novo biosynthesis I|g__Morganella.s__Morganella_morganii	6.26002e-06
PWY-7229: superpathway of adenosine nucleotides de novo biosynthesis I|g__Hafnia.s__Hafnia_alvei	6.19868e-06
PWY-7229: superpathway of adenosine nucleotides de novo biosynthesis I|g__Saccharomyces.s__Saccharomyces_cerevisiae	4.23964e-06
PWY-7229: superpathway of adenosine nucleotides de novo biosynthesis I|g__Lactobacillus.s__Lactobacillus_casei_group	2.26867e-06
PWY-7229: superpathway of adenosine nucleotides de novo biosynthesis I|g__Haemophilus.s__Haemophilus_parainfluenzae	1.61488e-06
PWY-7229: superpathway of adenosine nucleotides de novo biosynthesis I|g__Veillonella.s__Veillonella_atypica	1.21944e-06
PWY-7229: superpathway of adenosine nucleotides de novo biosynthesis I|g__Escherichia.s__Escherichia_fergusonii	4.92169e-07
PWY-7229: superpathway of adenosine nucleotides de novo biosynthesis I|unclassified	4.64231e-07
PWY-7229: superpathway of adenosine nucleotides de novo biosynthesis I|g__Lactobacillus.s__Lactobacillus_pentosus	3.02503e-07
PWY-7229: superpathway of adenosine nucleotides de novo biosynthesis I|g__Veillonella.s__Veillonella_dispar	1.54575e-07
PWY-7977: L-methionine biosynthesis IV	0.000407231
PWY-7977: L-methionine biosynthesis IV|g__Escherichia.s__Escherichia_coli	0.000140152
PWY-7977: L-methionine biosynthesis IV|g__Klebsiella.s__Klebsiella_oxytoca	0.000109832
PWY-7977: L-methionine biosynthesis IV|g__Klebsiella.s__Klebsiella_michiganensis	5.75737e-05
PWY-7977: L-methionine biosynthesis IV|g__Hafnia.s__Hafnia_alvei	1.02394e-05
PWY-7977: L-methionine biosynthesis IV|g__Proteus.s__Proteus_mirabilis	8.26751e-06
PWY-7977: L-methionine biosynthesis IV|g__Morganella.s__Morganella_morganii	5.57816e-06
PWY-7977: L-methionine biosynthesis IV|g__Haemophilus.s__Haemophilus_parainfluenzae	1.80626e-06
PWY-7977: L-methionine biosynthesis IV|unclassified	1.48377e-06
PWY-7977: L-methionine biosynthesis IV|g__Alistipes.s__Alistipes_onderdonkii	4.26871e-07
PWY-7977: L-methionine biosynthesis IV|g__Alistipes.s__Alistipes_finegoldii	1.08051e-07
PWY-7977: L-methionine biosynthesis IV|g__Escherichia.s__Escherichia_fergusonii	3.45507e-08
PWY-6606: guanosine nucleotides degradation II	0.000406164
PWY-6606: guanosine nucleotides degradation II|g__Escherichia.s__Escherichia_coli	0.000140717
PWY-6606: guanosine nucleotides degradation II|g__Klebsiella.s__Klebsiella_oxytoca	1.899e-05
PWY-6606: guanosine nucleotides degradation II|g__Hafnia.s__Hafnia_alvei	1.302e-05
PWY-6606: guanosine nucleotides degradation II|unclassified	3.56371e-06
THRESYN-PWY: superpathway of L-threonine biosynthesis	0.000405404
THRESYN-PWY: superpathway of L-threonine biosynthesis|g__Escherichia.s__Escherichia_coli	0.00012812
THRESYN-PWY: superpathway of L-threonine biosynthesis|g__Klebsiella.s__Klebsiella_oxytoca	7.45781e-05
THRESYN-PWY: superpathway of L-threonine biosynthesis|g__Veillonella.s__Veillonella_parvula	6.4789e-05
THRESYN-PWY: superpathway of L-threonine biosynthesis|g__Klebsiella.s__Klebsiella_michiganensis	4.67444e-05
THRESYN-PWY: superpathway of L-threonine biosynthesis|g__Lactobacillus.s__Lactobacillus_plantarum	1.67095e-05
THRESYN-PWY: superpathway of L-threonine biosynthesis|g__Hafnia.s__Hafnia_alvei	1.30612e-05
THRESYN-PWY: superpathway of L-threonine biosynthesis|g__Megasphaera.s__Megasphaera_micronuciformis	1.04382e-05
THRESYN-PWY: superpathway of L-threonine biosynthesis|g__Morganella.s__Morganella_morganii	6.91284e-06
THRESYN-PWY: superpathway of L-threonine biosynthesis|g__Proteus.s__Proteus_mirabilis	6.78808e-06
THRESYN-PWY: superpathway of L-threonine biosynthesis|g__Saccharomyces.s__Saccharomyces_cerevisiae	3.33045e-06
THRESYN-PWY: superpathway of L-threonine biosynthesis|g__Lactobacillus.s__Lactobacillus_casei_group	2.73554e-06
THRESYN-PWY: superpathway of L-threonine biosynthesis|g__Haemophilus.s__Haemophilus_parainfluenzae	2.05512e-06
THRESYN-PWY: superpathway of L-threonine biosynthesis|unclassified	1.85342e-06
THRESYN-PWY: superpathway of L-threonine biosynthesis|g__Veillonella.s__Veillonella_atypica	5.78439e-07
THRESYN-PWY: superpathway of L-threonine biosynthesis|g__Lactobacillus.s__Lactobacillus_pentosus	1.27728e-07
PENTOSE-P-PWY: pentose phosphate pathway	0.000401164
PENTOSE-P-PWY: pentose phosphate pathway|g__Escherichia.s__Escherichia_coli	0.000159132
PENTOSE-P-PWY: pentose phosphate pathway|g__Klebsiella.s__Klebsiella_oxytoca	7.57515e-05
PENTOSE-P-PWY: pentose phosphate pathway|g__Klebsiella.s__Klebsiella_michiganensis	4.1516e-05
PENTOSE-P-PWY: pentose phosphate pathway|g__Hafnia.s__Hafnia_alvei	7.50775e-06
PENTOSE-P-PWY: pentose phosphate pathway|g__Proteus.s__Proteus_mirabilis	5.49051e-06
PENTOSE-P-PWY: pentose phosphate pathway|g__Morganella.s__Morganella_morganii	4.85715e-06
PENTOSE-P-PWY: pentose phosphate pathway|g__Saccharomyces.s__Saccharomyces_cerevisiae	4.14196e-06
PENTOSE-P-PWY: pentose phosphate pathway|g__Lactobacillus.s__Lactobacillus_plantarum	2.83267e-06
PENTOSE-P-PWY: pentose phosphate pathway|unclassified	1.85812e-06
PENTOSE-P-PWY: pentose phosphate pathway|g__Haemophilus.s__Haemophilus_parainfluenzae	1.7048e-06
PENTOSE-P-PWY: pentose phosphate pathway|g__Lactobacillus.s__Lactobacillus_pentosus	3.63307e-07
PENTOSE-P-PWY: pentose phosphate pathway|g__Lactobacillus.s__Lactobacillus_salivarius	2.54e-07
PWY-5484: glycolysis II (from fructose 6-phosphate)	0.000400761
PWY-5484: glycolysis II (from fructose 6-phosphate)|g__Escherichia.s__Escherichia_coli	0.000134099
PWY-5484: glycolysis II (from fructose 6-phosphate)|g__Klebsiella.s__Klebsiella_oxytoca	5.42894e-05
PWY-5484: glycolysis II (from fructose 6-phosphate)|g__Klebsiella.s__Klebsiella_michiganensis	3.46932e-05
PWY-5484: glycolysis II (from fructose 6-phosphate)|g__Lactobacillus.s__Lactobacillus_rhamnosus	1.6674e-05
PWY-5484: glycolysis II (from fructose 6-phosphate)|g__Lactobacillus.s__Lactobacillus_plantarum	1.36816e-05
PWY-5484: glycolysis II (from fructose 6-phosphate)|g__Proteus.s__Proteus_mirabilis	5.93077e-06
PWY-5484: glycolysis II (from fructose 6-phosphate)|g__Hafnia.s__Hafnia_alvei	5.79889e-06
PWY-5484: glycolysis II (from fructose 6-phosphate)|g__Morganella.s__Morganella_morganii	4.88159e-06
PWY-5484: glycolysis II (from fructose 6-phosphate)|g__Saccharomyces.s__Saccharomyces_cerevisiae	4.41047e-06
PWY-5484: glycolysis II (from fructose 6-phosphate)|g__Lactobacillus.s__Lactobacillus_casei_group	2.40729e-06
PWY-5484: glycolysis II (from fructose 6-phosphate)|g__Haemophilus.s__Haemophilus_parainfluenzae	1.74795e-06
PWY-5484: glycolysis II (from fructose 6-phosphate)|unclassified	8.99766e-07
FAO-PWY: fatty acid &beta;-oxidation I (generic)	0.000399094
FAO-PWY: fatty acid &beta;-oxidation I (generic)|g__Klebsiella.s__Klebsiella_oxytoca	0.000121165
FAO-PWY: fatty acid &beta;-oxidation I (generic)|g__Escherichia.s__Escherichia_coli	0.00011203
FAO-PWY: fatty acid &beta;-oxidation I (generic)|g__Klebsiella.s__Klebsiella_michiganensis	5.94704e-05
FAO-PWY: fatty acid &beta;-oxidation I (generic)|g__Hafnia.s__Hafnia_alvei	1.1462e-05
FAO-PWY: fatty acid &beta;-oxidation I (generic)|unclassified	9.89097e-06
FAO-PWY: fatty acid &beta;-oxidation I (generic)|g__Proteus.s__Proteus_mirabilis	9.70375e-06
FAO-PWY: fatty acid &beta;-oxidation I (generic)|g__Escherichia.s__Escherichia_fergusonii	3.26885e-06
FAO-PWY: fatty acid &beta;-oxidation I (generic)|g__Morganella.s__Morganella_morganii	2.16737e-06
COMPLETE-ARO-PWY: superpathway of aromatic amino acid biosynthesis	0.000396667
COMPLETE-ARO-PWY: superpathway of aromatic amino acid biosynthesis|g__Escherichia.s__Escherichia_coli	8.71784e-05
COMPLETE-ARO-PWY: superpathway of aromatic amino acid biosynthesis|g__Klebsiella.s__Klebsiella_oxytoca	6.77611e-05
COMPLETE-ARO-PWY: superpathway of aromatic amino acid biosynthesis|g__Klebsiella.s__Klebsiella_michiganensis	2.03429e-05
COMPLETE-ARO-PWY: superpathway of aromatic amino acid biosynthesis|g__Proteus.s__Proteus_mirabilis	6.52937e-06
COMPLETE-ARO-PWY: superpathway of aromatic amino acid biosynthesis|g__Morganella.s__Morganella_morganii	6.44894e-06
COMPLETE-ARO-PWY: superpathway of aromatic amino acid biosynthesis|g__Hafnia.s__Hafnia_alvei	5.42688e-06
COMPLETE-ARO-PWY: superpathway of aromatic amino acid biosynthesis|g__Saccharomyces.s__Saccharomyces_cerevisiae	2.95654e-06
COMPLETE-ARO-PWY: superpathway of aromatic amino acid biosynthesis|unclassified	2.51915e-06
COMPLETE-ARO-PWY: superpathway of aromatic amino acid biosynthesis|g__Haemophilus.s__Haemophilus_parainfluenzae	1.73631e-06
PWY-5989: stearate biosynthesis II (bacteria and plants)	0.000394494
PWY-5989: stearate biosynthesis II (bacteria and plants)|g__Escherichia.s__Escherichia_coli	0.000119504
PWY-5989: stearate biosynthesis II (bacteria and plants)|g__Klebsiella.s__Klebsiella_oxytoca	6.52023e-05
PWY-5989: stearate biosynthesis II (bacteria and plants)|g__Klebsiella.s__Klebsiella_michiganensis	3.00315e-05
PWY-5989: stearate biosynthesis II (bacteria and plants)|g__Morganella.s__Morganella_morganii	1.00829e-05
PWY-5989: stearate biosynthesis II (bacteria and plants)|g__Proteus.s__Proteus_mirabilis	9.24375e-06
PWY-5989: stearate biosynthesis II (bacteria and plants)|g__Hafnia.s__Hafnia_alvei	8.51216e-06
PWY-5989: stearate biosynthesis II (bacteria and plants)|unclassified	3.54557e-06
PWY-5989: stearate biosynthesis II (bacteria and plants)|g__Saccharomyces.s__Saccharomyces_cerevisiae	3.00792e-06
PWY-5989: stearate biosynthesis II (bacteria and plants)|g__Haemophilus.s__Haemophilus_parainfluenzae	1.86455e-06
PWY-5989: stearate biosynthesis II (bacteria and plants)|g__Alistipes.s__Alistipes_onderdonkii	5.92822e-08
PWY-6387: UDP-N-acetylmuramoyl-pentapeptide biosynthesis I (meso-diaminopimelate containing)	0.000390902
PWY-6387: UDP-N-acetylmuramoyl-pentapeptide biosynthesis I (meso-diaminopimelate containing)|g__Escherichia.s__Escherichia_coli	0.000115745
PWY-6387: UDP-N-acetylmuramoyl-pentapeptide biosynthesis I (meso-diaminopimelate containing)|g__Veillonella.s__Veillonella_parvula	6.95071e-05
PWY-6387: UDP-N-acetylmuramoyl-pentapeptide biosynthesis I (meso-diaminopimelate containing)|g__Klebsiella.s__Klebsiella_oxytoca	5.15752e-05
PWY-6387: UDP-N-acetylmuramoyl-pentapeptide biosynthesis I (meso-diaminopimelate containing)|g__Klebsiella.s__Klebsiella_michiganensis	3.06698e-05
PWY-6387: UDP-N-acetylmuramoyl-pentapeptide biosynthesis I (meso-diaminopimelate containing)|g__Lactobacillus.s__Lactobacillus_rhamnosus	1.17805e-05
PWY-6387: UDP-N-acetylmuramoyl-pentapeptide biosynthesis I (meso-diaminopimelate containing)|g__Fusobacterium.s__Fusobacterium_nucleatum	1.07852e-05
PWY-6387: UDP-N-acetylmuramoyl-pentapeptide biosynthesis I (meso-diaminopimelate containing)|g__Megasphaera.s__Megasphaera_micronuciformis	1.07805e-05
PWY-6387: UDP-N-acetylmuramoyl-pentapeptide biosynthesis I (meso-diaminopimelate containing)|g__Lactobacillus.s__Lactobacillus_plantarum	7.68434e-06
PWY-6387: UDP-N-acetylmuramoyl-pentapeptide biosynthesis I (meso-diaminopimelate containing)|g__Proteus.s__Proteus_mirabilis	6.7687e-06
PWY-6387: UDP-N-acetylmuramoyl-pentapeptide biosynthesis I (meso-diaminopimelate containing)|g__Hafnia.s__Hafnia_alvei	6.05486e-06
PWY-6387: UDP-N-acetylmuramoyl-pentapeptide biosynthesis I (meso-diaminopimelate containing)|unclassified	5.83292e-06
PWY-6387: UDP-N-acetylmuramoyl-pentapeptide biosynthesis I (meso-diaminopimelate containing)|g__Morganella.s__Morganella_morganii	4.49699e-06
PWY-6387: UDP-N-acetylmuramoyl-pentapeptide biosynthesis I (meso-diaminopimelate containing)|g__Haemophilus.s__Haemophilus_parainfluenzae	1.71332e-06
PWY-6387: UDP-N-acetylmuramoyl-pentapeptide biosynthesis I (meso-diaminopimelate containing)|g__Veillonella.s__Veillonella_atypica	7.03235e-07
PWY-6387: UDP-N-acetylmuramoyl-pentapeptide biosynthesis I (meso-diaminopimelate containing)|g__Dialister.s__Dialister_pneumosintes	6.01332e-07
PWY-6387: UDP-N-acetylmuramoyl-pentapeptide biosynthesis I (meso-diaminopimelate containing)|g__Alistipes.s__Alistipes_onderdonkii	3.93426e-07
PWY-6387: UDP-N-acetylmuramoyl-pentapeptide biosynthesis I (meso-diaminopimelate containing)|g__Lactobacillus.s__Lactobacillus_salivarius	3.1274e-07
PWY-6387: UDP-N-acetylmuramoyl-pentapeptide biosynthesis I (meso-diaminopimelate containing)|g__Lactobacillus.s__Lactobacillus_pentosus	2.66565e-07
PWY-6387: UDP-N-acetylmuramoyl-pentapeptide biosynthesis I (meso-diaminopimelate containing)|g__Veillonella.s__Veillonella_dispar	2.16043e-07
PWY-6387: UDP-N-acetylmuramoyl-pentapeptide biosynthesis I (meso-diaminopimelate containing)|g__Alistipes.s__Alistipes_finegoldii	6.91593e-08
PWY-6387: UDP-N-acetylmuramoyl-pentapeptide biosynthesis I (meso-diaminopimelate containing)|g__Lactobacillus.s__Lactobacillus_casei_group	5.67276e-08
PEPTIDOGLYCANSYN-PWY: peptidoglycan biosynthesis I (meso-diaminopimelate containing)	0.000389693
PEPTIDOGLYCANSYN-PWY: peptidoglycan biosynthesis I (meso-diaminopimelate containing)|g__Escherichia.s__Escherichia_coli	0.00011722
PEPTIDOGLYCANSYN-PWY: peptidoglycan biosynthesis I (meso-diaminopimelate containing)|g__Veillonella.s__Veillonella_parvula	7.28482e-05
PEPTIDOGLYCANSYN-PWY: peptidoglycan biosynthesis I (meso-diaminopimelate containing)|g__Klebsiella.s__Klebsiella_oxytoca	5.02418e-05
PEPTIDOGLYCANSYN-PWY: peptidoglycan biosynthesis I (meso-diaminopimelate containing)|g__Klebsiella.s__Klebsiella_michiganensis	3.07579e-05
PEPTIDOGLYCANSYN-PWY: peptidoglycan biosynthesis I (meso-diaminopimelate containing)|g__Lactobacillus.s__Lactobacillus_rhamnosus	1.16129e-05
PEPTIDOGLYCANSYN-PWY: peptidoglycan biosynthesis I (meso-diaminopimelate containing)|g__Megasphaera.s__Megasphaera_micronuciformis	1.07942e-05
PEPTIDOGLYCANSYN-PWY: peptidoglycan biosynthesis I (meso-diaminopimelate containing)|g__Fusobacterium.s__Fusobacterium_nucleatum	1.05587e-05
PEPTIDOGLYCANSYN-PWY: peptidoglycan biosynthesis I (meso-diaminopimelate containing)|unclassified	6.74527e-06
PEPTIDOGLYCANSYN-PWY: peptidoglycan biosynthesis I (meso-diaminopimelate containing)|g__Hafnia.s__Hafnia_alvei	6.38683e-06
PEPTIDOGLYCANSYN-PWY: peptidoglycan biosynthesis I (meso-diaminopimelate containing)|g__Proteus.s__Proteus_mirabilis	6.29135e-06
PEPTIDOGLYCANSYN-PWY: peptidoglycan biosynthesis I (meso-diaminopimelate containing)|g__Morganella.s__Morganella_morganii	4.49669e-06
PEPTIDOGLYCANSYN-PWY: peptidoglycan biosynthesis I (meso-diaminopimelate containing)|g__Lactobacillus.s__Lactobacillus_plantarum	3.98269e-06
PEPTIDOGLYCANSYN-PWY: peptidoglycan biosynthesis I (meso-diaminopimelate containing)|g__Haemophilus.s__Haemophilus_parainfluenzae	1.68169e-06
PEPTIDOGLYCANSYN-PWY: peptidoglycan biosynthesis I (meso-diaminopimelate containing)|g__Veillonella.s__Veillonella_atypica	6.98628e-07
PEPTIDOGLYCANSYN-PWY: peptidoglycan biosynthesis I (meso-diaminopimelate containing)|g__Dialister.s__Dialister_pneumosintes	5.78782e-07
PEPTIDOGLYCANSYN-PWY: peptidoglycan biosynthesis I (meso-diaminopimelate containing)|g__Alistipes.s__Alistipes_onderdonkii	3.05563e-07
PEPTIDOGLYCANSYN-PWY: peptidoglycan biosynthesis I (meso-diaminopimelate containing)|g__Lactobacillus.s__Lactobacillus_pentosus	2.96761e-07
PEPTIDOGLYCANSYN-PWY: peptidoglycan biosynthesis I (meso-diaminopimelate containing)|g__Lactobacillus.s__Lactobacillus_salivarius	2.7105e-07
PEPTIDOGLYCANSYN-PWY: peptidoglycan biosynthesis I (meso-diaminopimelate containing)|g__Veillonella.s__Veillonella_dispar	2.34875e-07
PEPTIDOGLYCANSYN-PWY: peptidoglycan biosynthesis I (meso-diaminopimelate containing)|g__Alistipes.s__Alistipes_finegoldii	8.18185e-08
PEPTIDOGLYCANSYN-PWY: peptidoglycan biosynthesis I (meso-diaminopimelate containing)|g__Lactobacillus.s__Lactobacillus_casei_group	7.04559e-08
PWY-5154: L-arginine biosynthesis III (via N-acetyl-L-citrulline)	0.000384975
PWY-5154: L-arginine biosynthesis III (via N-acetyl-L-citrulline)|g__Escherichia.s__Escherichia_coli	0.000142797
PWY-5154: L-arginine biosynthesis III (via N-acetyl-L-citrulline)|g__Klebsiella.s__Klebsiella_oxytoca	5.04165e-05
PWY-5154: L-arginine biosynthesis III (via N-acetyl-L-citrulline)|g__Klebsiella.s__Klebsiella_michiganensis	2.84397e-05
PWY-5154: L-arginine biosynthesis III (via N-acetyl-L-citrulline)|g__Hafnia.s__Hafnia_alvei	7.39512e-06
PWY-5154: L-arginine biosynthesis III (via N-acetyl-L-citrulline)|g__Proteus.s__Proteus_mirabilis	5.80235e-06
PWY-5154: L-arginine biosynthesis III (via N-acetyl-L-citrulline)|unclassified	4.80433e-06
PWY-5154: L-arginine biosynthesis III (via N-acetyl-L-citrulline)|g__Morganella.s__Morganella_morganii	4.67028e-06
PWY-5154: L-arginine biosynthesis III (via N-acetyl-L-citrulline)|g__Lactobacillus.s__Lactobacillus_plantarum	7.47405e-07
PWY-5154: L-arginine biosynthesis III (via N-acetyl-L-citrulline)|g__Alistipes.s__Alistipes_finegoldii	2.52851e-07
PWY-5154: L-arginine biosynthesis III (via N-acetyl-L-citrulline)|g__Lactobacillus.s__Lactobacillus_pentosus	2.07702e-07
PWY-7228: superpathway of guanosine nucleotides de novo biosynthesis I	0.000383149
PWY-7228: superpathway of guanosine nucleotides de novo biosynthesis I|g__Escherichia.s__Escherichia_coli	8.53274e-05
PWY-7228: superpathway of guanosine nucleotides de novo biosynthesis I|g__Veillonella.s__Veillonella_parvula	7.3569e-05
PWY-7228: superpathway of guanosine nucleotides de novo biosynthesis I|g__Klebsiella.s__Klebsiella_oxytoca	5.75133e-05
PWY-7228: superpathway of guanosine nucleotides de novo biosynthesis I|g__Klebsiella.s__Klebsiella_michiganensis	3.87152e-05
PWY-7228: superpathway of guanosine nucleotides de novo biosynthesis I|g__Lactobacillus.s__Lactobacillus_rhamnosus	2.04408e-05
PWY-7228: superpathway of guanosine nucleotides de novo biosynthesis I|g__Lactobacillus.s__Lactobacillus_plantarum	1.62401e-05
PWY-7228: superpathway of guanosine nucleotides de novo biosynthesis I|g__Sutterella.s__Sutterella_sp_CAG_351	1.60954e-05
PWY-7228: superpathway of guanosine nucleotides de novo biosynthesis I|g__Proteus.s__Proteus_mirabilis	7.59814e-06
PWY-7228: superpathway of guanosine nucleotides de novo biosynthesis I|g__Hafnia.s__Hafnia_alvei	6.141e-06
PWY-7228: superpathway of guanosine nucleotides de novo biosynthesis I|g__Morganella.s__Morganella_morganii	5.75326e-06
PWY-7228: superpathway of guanosine nucleotides de novo biosynthesis I|g__Saccharomyces.s__Saccharomyces_cerevisiae	3.65829e-06
PWY-7228: superpathway of guanosine nucleotides de novo biosynthesis I|g__Escherichia.s__Escherichia_fergusonii	3.13101e-06
PWY-7228: superpathway of guanosine nucleotides de novo biosynthesis I|g__Lactobacillus.s__Lactobacillus_casei_group	2.68238e-06
PWY-7228: superpathway of guanosine nucleotides de novo biosynthesis I|g__Haemophilus.s__Haemophilus_parainfluenzae	1.98594e-06
PWY-7228: superpathway of guanosine nucleotides de novo biosynthesis I|g__Veillonella.s__Veillonella_atypica	8.97627e-07
PWY-7228: superpathway of guanosine nucleotides de novo biosynthesis I|unclassified	2.20556e-07
PWY-7228: superpathway of guanosine nucleotides de novo biosynthesis I|g__Veillonella.s__Veillonella_dispar	1.30103e-07
PWY-7228: superpathway of guanosine nucleotides de novo biosynthesis I|g__Lactobacillus.s__Lactobacillus_pentosus	1.09396e-07
TRNA-CHARGING-PWY: tRNA charging	0.000382598
TRNA-CHARGING-PWY: tRNA charging|g__Escherichia.s__Escherichia_coli	0.000132453
TRNA-CHARGING-PWY: tRNA charging|g__Klebsiella.s__Klebsiella_oxytoca	4.65478e-05
TRNA-CHARGING-PWY: tRNA charging|g__Klebsiella.s__Klebsiella_michiganensis	3.03097e-05
TRNA-CHARGING-PWY: tRNA charging|g__Lactobacillus.s__Lactobacillus_rhamnosus	1.57791e-05
TRNA-CHARGING-PWY: tRNA charging|g__Fusobacterium.s__Fusobacterium_nucleatum	1.00498e-05
TRNA-CHARGING-PWY: tRNA charging|g__Proteus.s__Proteus_mirabilis	6.64664e-06
TRNA-CHARGING-PWY: tRNA charging|g__Morganella.s__Morganella_morganii	5.05481e-06
TRNA-CHARGING-PWY: tRNA charging|g__Saccharomyces.s__Saccharomyces_cerevisiae	4.57914e-06
TRNA-CHARGING-PWY: tRNA charging|g__Hafnia.s__Hafnia_alvei	3.24832e-06
TRNA-CHARGING-PWY: tRNA charging|g__Lactobacillus.s__Lactobacillus_plantarum	2.18226e-06
TRNA-CHARGING-PWY: tRNA charging|g__Lactobacillus.s__Lactobacillus_casei_group	1.90659e-06
TRNA-CHARGING-PWY: tRNA charging|g__Haemophilus.s__Haemophilus_parainfluenzae	1.76747e-06
TRNA-CHARGING-PWY: tRNA charging|unclassified	9.66499e-07
TRNA-CHARGING-PWY: tRNA charging|g__Escherichia.s__Escherichia_fergusonii	6.34495e-07
TRNA-CHARGING-PWY: tRNA charging|g__Alistipes.s__Alistipes_onderdonkii	1.93468e-07
PWY-841: superpathway of purine nucleotides de novo biosynthesis I	0.000380509
PWY-841: superpathway of purine nucleotides de novo biosynthesis I|g__Escherichia.s__Escherichia_coli	8.7737e-05
PWY-841: superpathway of purine nucleotides de novo biosynthesis I|g__Veillonella.s__Veillonella_parvula	5.45884e-05
PWY-841: superpathway of purine nucleotides de novo biosynthesis I|g__Klebsiella.s__Klebsiella_oxytoca	4.41215e-05
PWY-841: superpathway of purine nucleotides de novo biosynthesis I|g__Klebsiella.s__Klebsiella_michiganensis	2.76862e-05
PWY-841: superpathway of purine nucleotides de novo biosynthesis I|g__Lactobacillus.s__Lactobacillus_rhamnosus	1.64787e-05
PWY-841: superpathway of purine nucleotides de novo biosynthesis I|g__Proteus.s__Proteus_mirabilis	5.37892e-06
PWY-841: superpathway of purine nucleotides de novo biosynthesis I|g__Morganella.s__Morganella_morganii	5.05715e-06
PWY-841: superpathway of purine nucleotides de novo biosynthesis I|g__Saccharomyces.s__Saccharomyces_cerevisiae	3.58371e-06
PWY-841: superpathway of purine nucleotides de novo biosynthesis I|g__Lactobacillus.s__Lactobacillus_casei_group	2.45309e-06
PWY-841: superpathway of purine nucleotides de novo biosynthesis I|g__Haemophilus.s__Haemophilus_parainfluenzae	1.58599e-06
PWY-841: superpathway of purine nucleotides de novo biosynthesis I|g__Veillonella.s__Veillonella_atypica	9.17235e-07
PWY-841: superpathway of purine nucleotides de novo biosynthesis I|unclassified	3.82644e-07
PWY-6126: superpathway of adenosine nucleotides de novo biosynthesis II	0.000380502
PWY-6126: superpathway of adenosine nucleotides de novo biosynthesis II|g__Veillonella.s__Veillonella_parvula	7.97052e-05
PWY-6126: superpathway of adenosine nucleotides de novo biosynthesis II|g__Escherichia.s__Escherichia_coli	6.92903e-05
PWY-6126: superpathway of adenosine nucleotides de novo biosynthesis II|g__Klebsiella.s__Klebsiella_oxytoca	4.51281e-05
PWY-6126: superpathway of adenosine nucleotides de novo biosynthesis II|g__Klebsiella.s__Klebsiella_michiganensis	3.10284e-05
PWY-6126: superpathway of adenosine nucleotides de novo biosynthesis II|g__Sutterella.s__Sutterella_sp_CAG_351	2.01437e-05
PWY-6126: superpathway of adenosine nucleotides de novo biosynthesis II|g__Lactobacillus.s__Lactobacillus_rhamnosus	1.70081e-05
PWY-6126: superpathway of adenosine nucleotides de novo biosynthesis II|g__Lactobacillus.s__Lactobacillus_plantarum	1.15653e-05
PWY-6126: superpathway of adenosine nucleotides de novo biosynthesis II|g__Proteus.s__Proteus_mirabilis	6.76837e-06
PWY-6126: superpathway of adenosine nucleotides de novo biosynthesis II|g__Hafnia.s__Hafnia_alvei	6.0151e-06
PWY-6126: superpathway of adenosine nucleotides de novo biosynthesis II|g__Morganella.s__Morganella_morganii	5.91336e-06
PWY-6126: superpathway of adenosine nucleotides de novo biosynthesis II|g__Saccharomyces.s__Saccharomyces_cerevisiae	4.10209e-06
PWY-6126: superpathway of adenosine nucleotides de novo biosynthesis II|g__Lactobacillus.s__Lactobacillus_casei_group	2.16258e-06
PWY-6126: superpathway of adenosine nucleotides de novo biosynthesis II|g__Haemophilus.s__Haemophilus_parainfluenzae	1.48984e-06
PWY-6126: superpathway of adenosine nucleotides de novo biosynthesis II|g__Veillonella.s__Veillonella_atypica	1.09617e-06
PWY-6126: superpathway of adenosine nucleotides de novo biosynthesis II|g__Escherichia.s__Escherichia_fergusonii	5.54745e-07
PWY-6126: superpathway of adenosine nucleotides de novo biosynthesis II|unclassified	2.86726e-07
PWY-6126: superpathway of adenosine nucleotides de novo biosynthesis II|g__Lactobacillus.s__Lactobacillus_pentosus	1.85537e-07
PWY-6126: superpathway of adenosine nucleotides de novo biosynthesis II|g__Veillonella.s__Veillonella_dispar	1.30909e-07
BIOTIN-BIOSYNTHESIS-PWY: biotin biosynthesis I	0.000377998
BIOTIN-BIOSYNTHESIS-PWY: biotin biosynthesis I|g__Escherichia.s__Escherichia_coli	0.000119448
BIOTIN-BIOSYNTHESIS-PWY: biotin biosynthesis I|g__Klebsiella.s__Klebsiella_oxytoca	6.7971e-05
BIOTIN-BIOSYNTHESIS-PWY: biotin biosynthesis I|g__Klebsiella.s__Klebsiella_michiganensis	2.9405e-05
BIOTIN-BIOSYNTHESIS-PWY: biotin biosynthesis I|g__Proteus.s__Proteus_mirabilis	8.93686e-06
BIOTIN-BIOSYNTHESIS-PWY: biotin biosynthesis I|g__Morganella.s__Morganella_morganii	8.24137e-06
BIOTIN-BIOSYNTHESIS-PWY: biotin biosynthesis I|g__Hafnia.s__Hafnia_alvei	7.96572e-06
BIOTIN-BIOSYNTHESIS-PWY: biotin biosynthesis I|g__Haemophilus.s__Haemophilus_parainfluenzae	1.92642e-06
BIOTIN-BIOSYNTHESIS-PWY: biotin biosynthesis I|unclassified	6.95466e-07
ARO-PWY: chorismate biosynthesis I	0.000375843
ARO-PWY: chorismate biosynthesis I|g__Escherichia.s__Escherichia_coli	9.23018e-05
ARO-PWY: chorismate biosynthesis I|g__Klebsiella.s__Klebsiella_oxytoca	7.29837e-05
ARO-PWY: chorismate biosynthesis I|g__Veillonella.s__Veillonella_parvula	6.94766e-05
ARO-PWY: chorismate biosynthesis I|g__Klebsiella.s__Klebsiella_michiganensis	2.14698e-05
ARO-PWY: chorismate biosynthesis I|g__Sutterella.s__Sutterella_sp_CAG_351	1.65877e-05
ARO-PWY: chorismate biosynthesis I|g__Morganella.s__Morganella_morganii	6.2391e-06
ARO-PWY: chorismate biosynthesis I|g__Proteus.s__Proteus_mirabilis	6.15607e-06
ARO-PWY: chorismate biosynthesis I|g__Hafnia.s__Hafnia_alvei	5.2011e-06
ARO-PWY: chorismate biosynthesis I|g__Fusobacterium.s__Fusobacterium_nucleatum	4.64688e-06
ARO-PWY: chorismate biosynthesis I|unclassified	3.63691e-06
ARO-PWY: chorismate biosynthesis I|g__Saccharomyces.s__Saccharomyces_cerevisiae	2.80969e-06
ARO-PWY: chorismate biosynthesis I|g__Haemophilus.s__Haemophilus_parainfluenzae	1.6013e-06
ARO-PWY: chorismate biosynthesis I|g__Dialister.s__Dialister_pneumosintes	7.58092e-07
ARO-PWY: chorismate biosynthesis I|g__Veillonella.s__Veillonella_dispar	5.97425e-07
ARO-PWY: chorismate biosynthesis I|g__Alistipes.s__Alistipes_onderdonkii	5.80547e-07
ARO-PWY: chorismate biosynthesis I|g__Veillonella.s__Veillonella_atypica	3.42516e-07
ARO-PWY: chorismate biosynthesis I|g__Lactobacillus.s__Lactobacillus_pentosus	3.13203e-07
ARO-PWY: chorismate biosynthesis I|g__Veillonella.s__Veillonella_infantium	7.16219e-08
PWY-5941: glycogen degradation II	0.000375557
PWY-5941: glycogen degradation II|g__Escherichia.s__Escherichia_coli	0.000190093
PWY-5941: glycogen degradation II|g__Klebsiella.s__Klebsiella_oxytoca	7.19763e-05
PWY-5941: glycogen degradation II|g__Klebsiella.s__Klebsiella_michiganensis	4.07618e-05
PWY-5941: glycogen degradation II|g__Fusobacterium.s__Fusobacterium_nucleatum	1.16034e-05
PWY-5941: glycogen degradation II|g__Hafnia.s__Hafnia_alvei	9.44329e-06
PWY-5941: glycogen degradation II|g__Saccharomyces.s__Saccharomyces_cerevisiae	3.27566e-06
PWY-5941: glycogen degradation II|g__Escherichia.s__Escherichia_fergusonii	1.44417e-08
PWY-7221: guanosine ribonucleotides de novo biosynthesis	0.000374811
PWY-7221: guanosine ribonucleotides de novo biosynthesis|g__Escherichia.s__Escherichia_coli	0.000109732
PWY-7221: guanosine ribonucleotides de novo biosynthesis|g__Klebsiella.s__Klebsiella_oxytoca	6.67992e-05
PWY-7221: guanosine ribonucleotides de novo biosynthesis|g__Veillonella.s__Veillonella_parvula	6.66816e-05
PWY-7221: guanosine ribonucleotides de novo biosynthesis|g__Klebsiella.s__Klebsiella_michiganensis	3.42394e-05
PWY-7221: guanosine ribonucleotides de novo biosynthesis|g__Lactobacillus.s__Lactobacillus_rhamnosus	1.84347e-05
PWY-7221: guanosine ribonucleotides de novo biosynthesis|g__Lactobacillus.s__Lactobacillus_plantarum	1.6483e-05
PWY-7221: guanosine ribonucleotides de novo biosynthesis|g__Sutterella.s__Sutterella_sp_CAG_351	1.48438e-05
PWY-7221: guanosine ribonucleotides de novo biosynthesis|g__Megasphaera.s__Megasphaera_micronuciformis	1.15642e-05
PWY-7221: guanosine ribonucleotides de novo biosynthesis|g__Fusobacterium.s__Fusobacterium_nucleatum	9.30708e-06
PWY-7221: guanosine ribonucleotides de novo biosynthesis|g__Proteus.s__Proteus_mirabilis	6.05776e-06
PWY-7221: guanosine ribonucleotides de novo biosynthesis|g__Hafnia.s__Hafnia_alvei	5.95869e-06
PWY-7221: guanosine ribonucleotides de novo biosynthesis|g__Morganella.s__Morganella_morganii	5.32842e-06
PWY-7221: guanosine ribonucleotides de novo biosynthesis|g__Saccharomyces.s__Saccharomyces_cerevisiae	3.13647e-06
PWY-7221: guanosine ribonucleotides de novo biosynthesis|g__Escherichia.s__Escherichia_fergusonii	2.97036e-06
PWY-7221: guanosine ribonucleotides de novo biosynthesis|g__Lactobacillus.s__Lactobacillus_casei_group	2.65776e-06
PWY-7221: guanosine ribonucleotides de novo biosynthesis|g__Haemophilus.s__Haemophilus_parainfluenzae	2.13436e-06
PWY-7221: guanosine ribonucleotides de novo biosynthesis|g__Veillonella.s__Veillonella_atypica	9.14212e-07
PWY-7221: guanosine ribonucleotides de novo biosynthesis|unclassified	6.44629e-07
PWY-7221: guanosine ribonucleotides de novo biosynthesis|g__Veillonella.s__Veillonella_infantium	4.76631e-07
PWY-7221: guanosine ribonucleotides de novo biosynthesis|g__Lactobacillus.s__Lactobacillus_salivarius	3.46736e-07
PWY-7221: guanosine ribonucleotides de novo biosynthesis|g__Dialister.s__Dialister_pneumosintes	2.43154e-07
PWY-7221: guanosine ribonucleotides de novo biosynthesis|g__Veillonella.s__Veillonella_dispar	1.6769e-07
PWY-7221: guanosine ribonucleotides de novo biosynthesis|g__Alistipes.s__Alistipes_finegoldii	1.13868e-07
PWY-7221: guanosine ribonucleotides de novo biosynthesis|g__Lactobacillus.s__Lactobacillus_pentosus	1.08467e-07
P461-PWY: hexitol fermentation to lactate, formate, ethanol and acetate	0.000374122
P461-PWY: hexitol fermentation to lactate, formate, ethanol and acetate|g__Escherichia.s__Escherichia_coli	0.000191378
P461-PWY: hexitol fermentation to lactate, formate, ethanol and acetate|g__Klebsiella.s__Klebsiella_oxytoca	8.26235e-05
P461-PWY: hexitol fermentation to lactate, formate, ethanol and acetate|g__Klebsiella.s__Klebsiella_michiganensis	5.06965e-05
P461-PWY: hexitol fermentation to lactate, formate, ethanol and acetate|g__Lactobacillus.s__Lactobacillus_plantarum	1.14018e-05
P461-PWY: hexitol fermentation to lactate, formate, ethanol and acetate|g__Lactobacillus.s__Lactobacillus_rhamnosus	4.29048e-06
P461-PWY: hexitol fermentation to lactate, formate, ethanol and acetate|g__Lactobacillus.s__Lactobacillus_casei_group	2.76861e-06
P461-PWY: hexitol fermentation to lactate, formate, ethanol and acetate|unclassified	1.6271e-06
P461-PWY: hexitol fermentation to lactate, formate, ethanol and acetate|g__Lactobacillus.s__Lactobacillus_pentosus	6.32982e-07
P461-PWY: hexitol fermentation to lactate, formate, ethanol and acetate|g__Lactobacillus.s__Lactobacillus_salivarius	5.18366e-07
GLUCONEO-PWY: gluconeogenesis I	0.000373818
GLUCONEO-PWY: gluconeogenesis I|g__Escherichia.s__Escherichia_coli	0.000111185
GLUCONEO-PWY: gluconeogenesis I|g__Klebsiella.s__Klebsiella_oxytoca	5.94217e-05
GLUCONEO-PWY: gluconeogenesis I|g__Klebsiella.s__Klebsiella_michiganensis	4.03605e-05
GLUCONEO-PWY: gluconeogenesis I|g__Lactobacillus.s__Lactobacillus_plantarum	1.23505e-05
GLUCONEO-PWY: gluconeogenesis I|g__Hafnia.s__Hafnia_alvei	6.12267e-06
GLUCONEO-PWY: gluconeogenesis I|g__Proteus.s__Proteus_mirabilis	5.63369e-06
GLUCONEO-PWY: gluconeogenesis I|g__Morganella.s__Morganella_morganii	5.0636e-06
GLUCONEO-PWY: gluconeogenesis I|g__Saccharomyces.s__Saccharomyces_cerevisiae	4.5839e-06
GLUCONEO-PWY: gluconeogenesis I|g__Haemophilus.s__Haemophilus_parainfluenzae	1.79073e-06
GLUCONEO-PWY: gluconeogenesis I|unclassified	1.54742e-06
PWY-7238: sucrose biosynthesis II	0.000373474
PWY-7238: sucrose biosynthesis II|g__Escherichia.s__Escherichia_coli	0.000193499
PWY-7238: sucrose biosynthesis II|g__Klebsiella.s__Klebsiella_oxytoca	8.15993e-05
PWY-7238: sucrose biosynthesis II|g__Klebsiella.s__Klebsiella_michiganensis	4.11483e-05
PWY-7238: sucrose biosynthesis II|g__Fusobacterium.s__Fusobacterium_nucleatum	1.14328e-05
PWY-7238: sucrose biosynthesis II|g__Hafnia.s__Hafnia_alvei	1.01973e-05
PWY-7238: sucrose biosynthesis II|g__Saccharomyces.s__Saccharomyces_cerevisiae	2.19498e-06
PWY-7238: sucrose biosynthesis II|g__Haemophilus.s__Haemophilus_parainfluenzae	2.14413e-06
PWY-7238: sucrose biosynthesis II|g__Escherichia.s__Escherichia_fergusonii	1.42136e-08
PWY-6163: chorismate biosynthesis from 3-dehydroquinate	0.000373182
PWY-6163: chorismate biosynthesis from 3-dehydroquinate|g__Escherichia.s__Escherichia_coli	8.48677e-05
PWY-6163: chorismate biosynthesis from 3-dehydroquinate|g__Veillonella.s__Veillonella_parvula	7.0021e-05
PWY-6163: chorismate biosynthesis from 3-dehydroquinate|g__Klebsiella.s__Klebsiella_oxytoca	6.97553e-05
PWY-6163: chorismate biosynthesis from 3-dehydroquinate|g__Klebsiella.s__Klebsiella_michiganensis	4.02489e-05
PWY-6163: chorismate biosynthesis from 3-dehydroquinate|g__Lactobacillus.s__Lactobacillus_plantarum	2.56134e-05
PWY-6163: chorismate biosynthesis from 3-dehydroquinate|g__Sutterella.s__Sutterella_sp_CAG_351	1.62851e-05
PWY-6163: chorismate biosynthesis from 3-dehydroquinate|g__Megasphaera.s__Megasphaera_micronuciformis	1.07493e-05
PWY-6163: chorismate biosynthesis from 3-dehydroquinate|g__Fusobacterium.s__Fusobacterium_nucleatum	8.2222e-06
PWY-6163: chorismate biosynthesis from 3-dehydroquinate|g__Proteus.s__Proteus_mirabilis	5.82738e-06
PWY-6163: chorismate biosynthesis from 3-dehydroquinate|g__Morganella.s__Morganella_morganii	5.79524e-06
PWY-6163: chorismate biosynthesis from 3-dehydroquinate|g__Hafnia.s__Hafnia_alvei	4.50235e-06
PWY-6163: chorismate biosynthesis from 3-dehydroquinate|unclassified	3.62676e-06
PWY-6163: chorismate biosynthesis from 3-dehydroquinate|g__Saccharomyces.s__Saccharomyces_cerevisiae	2.64779e-06
PWY-6163: chorismate biosynthesis from 3-dehydroquinate|g__Haemophilus.s__Haemophilus_parainfluenzae	1.66083e-06
PWY-6163: chorismate biosynthesis from 3-dehydroquinate|g__Dialister.s__Dialister_pneumosintes	8.54836e-07
PWY-6163: chorismate biosynthesis from 3-dehydroquinate|g__Veillonella.s__Veillonella_dispar	5.93469e-07
PWY-6163: chorismate biosynthesis from 3-dehydroquinate|g__Alistipes.s__Alistipes_onderdonkii	5.10425e-07
PWY-6163: chorismate biosynthesis from 3-dehydroquinate|g__Lactobacillus.s__Lactobacillus_pentosus	3.78967e-07
PWY-6163: chorismate biosynthesis from 3-dehydroquinate|g__Veillonella.s__Veillonella_atypica	2.68966e-07
PWY-6163: chorismate biosynthesis from 3-dehydroquinate|g__Alistipes.s__Alistipes_finegoldii	1.76424e-07
PWY-6163: chorismate biosynthesis from 3-dehydroquinate|g__Escherichia.s__Escherichia_fergusonii	6.60366e-08
PWY-6163: chorismate biosynthesis from 3-dehydroquinate|g__Veillonella.s__Veillonella_infantium	5.13104e-08
PWY-7184: pyrimidine deoxyribonucleotides de novo biosynthesis I	0.00037287
PWY-7184: pyrimidine deoxyribonucleotides de novo biosynthesis I|g__Escherichia.s__Escherichia_coli	6.5458e-05
PWY-7184: pyrimidine deoxyribonucleotides de novo biosynthesis I|g__Klebsiella.s__Klebsiella_oxytoca	5.06568e-05
PWY-7184: pyrimidine deoxyribonucleotides de novo biosynthesis I|g__Klebsiella.s__Klebsiella_michiganensis	3.91042e-05
PWY-7184: pyrimidine deoxyribonucleotides de novo biosynthesis I|g__Lactobacillus.s__Lactobacillus_rhamnosus	1.67589e-05
PWY-7184: pyrimidine deoxyribonucleotides de novo biosynthesis I|g__Proteus.s__Proteus_mirabilis	9.5745e-06
PWY-7184: pyrimidine deoxyribonucleotides de novo biosynthesis I|g__Hafnia.s__Hafnia_alvei	6.00836e-06
PWY-7184: pyrimidine deoxyribonucleotides de novo biosynthesis I|g__Morganella.s__Morganella_morganii	5.72537e-06
PWY-7184: pyrimidine deoxyribonucleotides de novo biosynthesis I|g__Saccharomyces.s__Saccharomyces_cerevisiae	3.43973e-06
PWY-7184: pyrimidine deoxyribonucleotides de novo biosynthesis I|g__Lactobacillus.s__Lactobacillus_plantarum	3.2848e-06
PWY-7184: pyrimidine deoxyribonucleotides de novo biosynthesis I|g__Lactobacillus.s__Lactobacillus_casei_group	2.78276e-06
PWY-7184: pyrimidine deoxyribonucleotides de novo biosynthesis I|unclassified	1.79926e-07
PWY-7184: pyrimidine deoxyribonucleotides de novo biosynthesis I|g__Lactobacillus.s__Lactobacillus_pentosus	7.60834e-08
PWY-7210: pyrimidine deoxyribonucleotides biosynthesis from CTP	0.000372238
PWY-7210: pyrimidine deoxyribonucleotides biosynthesis from CTP|g__Klebsiella.s__Klebsiella_oxytoca	4.07948e-05
PWY-7210: pyrimidine deoxyribonucleotides biosynthesis from CTP|g__Klebsiella.s__Klebsiella_michiganensis	3.90299e-05
PWY-7210: pyrimidine deoxyribonucleotides biosynthesis from CTP|g__Escherichia.s__Escherichia_coli	2.10544e-05
PWY-7210: pyrimidine deoxyribonucleotides biosynthesis from CTP|g__Lactobacillus.s__Lactobacillus_rhamnosus	1.87939e-05
PWY-7210: pyrimidine deoxyribonucleotides biosynthesis from CTP|g__Proteus.s__Proteus_mirabilis	1.53594e-05
PWY-7210: pyrimidine deoxyribonucleotides biosynthesis from CTP|g__Hafnia.s__Hafnia_alvei	6.9804e-06
PWY-7210: pyrimidine deoxyribonucleotides biosynthesis from CTP|g__Morganella.s__Morganella_morganii	5.98058e-06
PWY-7210: pyrimidine deoxyribonucleotides biosynthesis from CTP|g__Lactobacillus.s__Lactobacillus_plantarum	4.5963e-06
PWY-7210: pyrimidine deoxyribonucleotides biosynthesis from CTP|g__Lactobacillus.s__Lactobacillus_casei_group	3.52575e-06
PWY-7210: pyrimidine deoxyribonucleotides biosynthesis from CTP|unclassified	2.09994e-07
PWY-7210: pyrimidine deoxyribonucleotides biosynthesis from CTP|g__Lactobacillus.s__Lactobacillus_pentosus	8.17273e-08
PWY-7953: UDP-N-acetylmuramoyl-pentapeptide biosynthesis III (meso-diaminopimelate containing)	0.0003704
PWY-7953: UDP-N-acetylmuramoyl-pentapeptide biosynthesis III (meso-diaminopimelate containing)|g__Escherichia.s__Escherichia_coli	0.000113681
PWY-7953: UDP-N-acetylmuramoyl-pentapeptide biosynthesis III (meso-diaminopimelate containing)|g__Veillonella.s__Veillonella_parvula	6.9196e-05
PWY-7953: UDP-N-acetylmuramoyl-pentapeptide biosynthesis III (meso-diaminopimelate containing)|g__Klebsiella.s__Klebsiella_oxytoca	4.41701e-05
PWY-7953: UDP-N-acetylmuramoyl-pentapeptide biosynthesis III (meso-diaminopimelate containing)|g__Klebsiella.s__Klebsiella_michiganensis	3.00953e-05
PWY-7953: UDP-N-acetylmuramoyl-pentapeptide biosynthesis III (meso-diaminopimelate containing)|g__Megasphaera.s__Megasphaera_micronuciformis	1.11601e-05
PWY-7953: UDP-N-acetylmuramoyl-pentapeptide biosynthesis III (meso-diaminopimelate containing)|g__Lactobacillus.s__Lactobacillus_rhamnosus	9.56224e-06
PWY-7953: UDP-N-acetylmuramoyl-pentapeptide biosynthesis III (meso-diaminopimelate containing)|g__Fusobacterium.s__Fusobacterium_nucleatum	9.18523e-06
PWY-7953: UDP-N-acetylmuramoyl-pentapeptide biosynthesis III (meso-diaminopimelate containing)|g__Hafnia.s__Hafnia_alvei	5.79537e-06
PWY-7953: UDP-N-acetylmuramoyl-pentapeptide biosynthesis III (meso-diaminopimelate containing)|g__Proteus.s__Proteus_mirabilis	5.72173e-06
PWY-7953: UDP-N-acetylmuramoyl-pentapeptide biosynthesis III (meso-diaminopimelate containing)|unclassified	5.64545e-06
PWY-7953: UDP-N-acetylmuramoyl-pentapeptide biosynthesis III (meso-diaminopimelate containing)|g__Lactobacillus.s__Lactobacillus_plantarum	3.4938e-06
PWY-7953: UDP-N-acetylmuramoyl-pentapeptide biosynthesis III (meso-diaminopimelate containing)|g__Morganella.s__Morganella_morganii	3.42124e-06
PWY-7953: UDP-N-acetylmuramoyl-pentapeptide biosynthesis III (meso-diaminopimelate containing)|g__Haemophilus.s__Haemophilus_parainfluenzae	1.63425e-06
PWY-7953: UDP-N-acetylmuramoyl-pentapeptide biosynthesis III (meso-diaminopimelate containing)|g__Veillonella.s__Veillonella_atypica	6.62315e-07
PWY-7953: UDP-N-acetylmuramoyl-pentapeptide biosynthesis III (meso-diaminopimelate containing)|g__Dialister.s__Dialister_pneumosintes	6.53026e-07
PWY-7953: UDP-N-acetylmuramoyl-pentapeptide biosynthesis III (meso-diaminopimelate containing)|g__Lactobacillus.s__Lactobacillus_salivarius	3.1684e-07
PWY-7953: UDP-N-acetylmuramoyl-pentapeptide biosynthesis III (meso-diaminopimelate containing)|g__Lactobacillus.s__Lactobacillus_pentosus	2.67905e-07
PWY-7953: UDP-N-acetylmuramoyl-pentapeptide biosynthesis III (meso-diaminopimelate containing)|g__Veillonella.s__Veillonella_dispar	1.54211e-07
PWY-7953: UDP-N-acetylmuramoyl-pentapeptide biosynthesis III (meso-diaminopimelate containing)|g__Alistipes.s__Alistipes_onderdonkii	1.17226e-07
PWY-7953: UDP-N-acetylmuramoyl-pentapeptide biosynthesis III (meso-diaminopimelate containing)|g__Alistipes.s__Alistipes_finegoldii	3.76194e-08
PWY-7220: adenosine deoxyribonucleotides de novo biosynthesis II	0.000368197
PWY-7220: adenosine deoxyribonucleotides de novo biosynthesis II|g__Veillonella.s__Veillonella_parvula	8.43032e-05
PWY-7220: adenosine deoxyribonucleotides de novo biosynthesis II|g__Escherichia.s__Escherichia_coli	6.75346e-05
PWY-7220: adenosine deoxyribonucleotides de novo biosynthesis II|g__Klebsiella.s__Klebsiella_oxytoca	4.75983e-05
PWY-7220: adenosine deoxyribonucleotides de novo biosynthesis II|g__Klebsiella.s__Klebsiella_michiganensis	4.57305e-05
PWY-7220: adenosine deoxyribonucleotides de novo biosynthesis II|g__Lactobacillus.s__Lactobacillus_rhamnosus	2.2723e-05
PWY-7220: adenosine deoxyribonucleotides de novo biosynthesis II|g__Sutterella.s__Sutterella_sp_CAG_351	1.77671e-05
PWY-7220: adenosine deoxyribonucleotides de novo biosynthesis II|g__Lactobacillus.s__Lactobacillus_plantarum	1.52995e-05
PWY-7220: adenosine deoxyribonucleotides de novo biosynthesis II|g__Proteus.s__Proteus_mirabilis	1.39756e-05
PWY-7220: adenosine deoxyribonucleotides de novo biosynthesis II|g__Hafnia.s__Hafnia_alvei	5.98157e-06
PWY-7220: adenosine deoxyribonucleotides de novo biosynthesis II|g__Morganella.s__Morganella_morganii	5.94367e-06
PWY-7220: adenosine deoxyribonucleotides de novo biosynthesis II|g__Saccharomyces.s__Saccharomyces_cerevisiae	4.573e-06
PWY-7220: adenosine deoxyribonucleotides de novo biosynthesis II|g__Escherichia.s__Escherichia_fergusonii	3.00861e-06
PWY-7220: adenosine deoxyribonucleotides de novo biosynthesis II|g__Lactobacillus.s__Lactobacillus_casei_group	2.26593e-06
PWY-7220: adenosine deoxyribonucleotides de novo biosynthesis II|g__Haemophilus.s__Haemophilus_parainfluenzae	1.28082e-06
PWY-7220: adenosine deoxyribonucleotides de novo biosynthesis II|g__Veillonella.s__Veillonella_atypica	7.94801e-07
PWY-7220: adenosine deoxyribonucleotides de novo biosynthesis II|unclassified	1.30452e-07
PWY-7220: adenosine deoxyribonucleotides de novo biosynthesis II|g__Veillonella.s__Veillonella_dispar	9.8561e-08
PWY-7220: adenosine deoxyribonucleotides de novo biosynthesis II|g__Lactobacillus.s__Lactobacillus_pentosus	8.36515e-08
PWY-7222: guanosine deoxyribonucleotides de novo biosynthesis II	0.000368197
PWY-7222: guanosine deoxyribonucleotides de novo biosynthesis II|g__Veillonella.s__Veillonella_parvula	8.43032e-05
PWY-7222: guanosine deoxyribonucleotides de novo biosynthesis II|g__Escherichia.s__Escherichia_coli	6.75346e-05
PWY-7222: guanosine deoxyribonucleotides de novo biosynthesis II|g__Klebsiella.s__Klebsiella_oxytoca	4.75983e-05
PWY-7222: guanosine deoxyribonucleotides de novo biosynthesis II|g__Klebsiella.s__Klebsiella_michiganensis	4.57305e-05
PWY-7222: guanosine deoxyribonucleotides de novo biosynthesis II|g__Lactobacillus.s__Lactobacillus_rhamnosus	2.2723e-05
PWY-7222: guanosine deoxyribonucleotides de novo biosynthesis II|g__Sutterella.s__Sutterella_sp_CAG_351	1.77671e-05
PWY-7222: guanosine deoxyribonucleotides de novo biosynthesis II|g__Lactobacillus.s__Lactobacillus_plantarum	1.52995e-05
PWY-7222: guanosine deoxyribonucleotides de novo biosynthesis II|g__Proteus.s__Proteus_mirabilis	1.39756e-05
PWY-7222: guanosine deoxyribonucleotides de novo biosynthesis II|g__Hafnia.s__Hafnia_alvei	5.98157e-06
PWY-7222: guanosine deoxyribonucleotides de novo biosynthesis II|g__Morganella.s__Morganella_morganii	5.94367e-06
PWY-7222: guanosine deoxyribonucleotides de novo biosynthesis II|g__Saccharomyces.s__Saccharomyces_cerevisiae	4.573e-06
PWY-7222: guanosine deoxyribonucleotides de novo biosynthesis II|g__Escherichia.s__Escherichia_fergusonii	3.00861e-06
PWY-7222: guanosine deoxyribonucleotides de novo biosynthesis II|g__Lactobacillus.s__Lactobacillus_casei_group	2.26593e-06
PWY-7222: guanosine deoxyribonucleotides de novo biosynthesis II|g__Haemophilus.s__Haemophilus_parainfluenzae	1.28082e-06
PWY-7222: guanosine deoxyribonucleotides de novo biosynthesis II|g__Veillonella.s__Veillonella_atypica	7.94801e-07
PWY-7222: guanosine deoxyribonucleotides de novo biosynthesis II|unclassified	1.30452e-07
PWY-7222: guanosine deoxyribonucleotides de novo biosynthesis II|g__Veillonella.s__Veillonella_dispar	9.8561e-08
PWY-7222: guanosine deoxyribonucleotides de novo biosynthesis II|g__Lactobacillus.s__Lactobacillus_pentosus	8.36515e-08
PHOSLIPSYN-PWY: superpathway of phospholipid biosynthesis I (bacteria)	0.000367981
PHOSLIPSYN-PWY: superpathway of phospholipid biosynthesis I (bacteria)|g__Escherichia.s__Escherichia_coli	0.000147297
PHOSLIPSYN-PWY: superpathway of phospholipid biosynthesis I (bacteria)|g__Klebsiella.s__Klebsiella_oxytoca	5.11652e-05
PHOSLIPSYN-PWY: superpathway of phospholipid biosynthesis I (bacteria)|g__Klebsiella.s__Klebsiella_michiganensis	3.21208e-05
PHOSLIPSYN-PWY: superpathway of phospholipid biosynthesis I (bacteria)|g__Proteus.s__Proteus_mirabilis	1.10379e-05
PHOSLIPSYN-PWY: superpathway of phospholipid biosynthesis I (bacteria)|g__Hafnia.s__Hafnia_alvei	7.28619e-06
PHOSLIPSYN-PWY: superpathway of phospholipid biosynthesis I (bacteria)|g__Morganella.s__Morganella_morganii	5.65137e-06
PHOSLIPSYN-PWY: superpathway of phospholipid biosynthesis I (bacteria)|g__Saccharomyces.s__Saccharomyces_cerevisiae	4.41752e-06
PHOSLIPSYN-PWY: superpathway of phospholipid biosynthesis I (bacteria)|unclassified	2.90362e-06
PHOSLIPSYN-PWY: superpathway of phospholipid biosynthesis I (bacteria)|g__Haemophilus.s__Haemophilus_parainfluenzae	1.95299e-06
PWY0-1296: purine ribonucleosides degradation	0.000366768
PWY0-1296: purine ribonucleosides degradation|g__Escherichia.s__Escherichia_coli	0.000131112
PWY0-1296: purine ribonucleosides degradation|g__Klebsiella.s__Klebsiella_oxytoca	6.2392e-05
PWY0-1296: purine ribonucleosides degradation|g__Klebsiella.s__Klebsiella_michiganensis	4.5428e-05
PWY0-1296: purine ribonucleosides degradation|g__Megasphaera.s__Megasphaera_micronuciformis	1.7496e-05
PWY0-1296: purine ribonucleosides degradation|g__Hafnia.s__Hafnia_alvei	1.41559e-05
PWY0-1296: purine ribonucleosides degradation|g__Lactobacillus.s__Lactobacillus_rhamnosus	1.03977e-05
PWY0-1296: purine ribonucleosides degradation|g__Lactobacillus.s__Lactobacillus_casei_group	6.72128e-06
PWY0-1296: purine ribonucleosides degradation|g__Morganella.s__Morganella_morganii	6.35534e-06
PWY0-1296: purine ribonucleosides degradation|g__Proteus.s__Proteus_mirabilis	6.08397e-06
PWY0-1296: purine ribonucleosides degradation|g__Escherichia.s__Escherichia_fergusonii	2.18881e-06
PWY0-1296: purine ribonucleosides degradation|g__Saccharomyces.s__Saccharomyces_cerevisiae	2.10003e-06
PWY0-1296: purine ribonucleosides degradation|unclassified	1.00535e-06
PWY0-1296: purine ribonucleosides degradation|g__Veillonella.s__Veillonella_atypica	5.08863e-07
PANTO-PWY: phosphopantothenate biosynthesis I	0.000366523
PANTO-PWY: phosphopantothenate biosynthesis I|g__Escherichia.s__Escherichia_coli	0.000118715
PANTO-PWY: phosphopantothenate biosynthesis I|g__Klebsiella.s__Klebsiella_oxytoca	5.74005e-05
PANTO-PWY: phosphopantothenate biosynthesis I|g__Klebsiella.s__Klebsiella_michiganensis	3.26163e-05
PANTO-PWY: phosphopantothenate biosynthesis I|unclassified	1.181e-05
PANTO-PWY: phosphopantothenate biosynthesis I|g__Proteus.s__Proteus_mirabilis	5.92978e-06
PANTO-PWY: phosphopantothenate biosynthesis I|g__Hafnia.s__Hafnia_alvei	5.01154e-06
PANTO-PWY: phosphopantothenate biosynthesis I|g__Morganella.s__Morganella_morganii	3.57999e-06
PANTO-PWY: phosphopantothenate biosynthesis I|g__Saccharomyces.s__Saccharomyces_cerevisiae	3.165e-06
PANTO-PWY: phosphopantothenate biosynthesis I|g__Escherichia.s__Escherichia_fergusonii	1.00198e-06
PANTO-PWY: phosphopantothenate biosynthesis I|g__Alistipes.s__Alistipes_onderdonkii	5.95227e-07
PWY-5667: CDP-diacylglycerol biosynthesis I	0.000366481
PWY-5667: CDP-diacylglycerol biosynthesis I|g__Escherichia.s__Escherichia_coli	0.000157893
PWY-5667: CDP-diacylglycerol biosynthesis I|g__Klebsiella.s__Klebsiella_oxytoca	4.72215e-05
PWY-5667: CDP-diacylglycerol biosynthesis I|g__Klebsiella.s__Klebsiella_michiganensis	2.9065e-05
PWY-5667: CDP-diacylglycerol biosynthesis I|g__Lactobacillus.s__Lactobacillus_rhamnosus	1.46079e-05
PWY-5667: CDP-diacylglycerol biosynthesis I|g__Proteus.s__Proteus_mirabilis	1.16209e-05
PWY-5667: CDP-diacylglycerol biosynthesis I|g__Megasphaera.s__Megasphaera_micronuciformis	9.49911e-06
PWY-5667: CDP-diacylglycerol biosynthesis I|g__Hafnia.s__Hafnia_alvei	6.62957e-06
PWY-5667: CDP-diacylglycerol biosynthesis I|g__Morganella.s__Morganella_morganii	6.04792e-06
PWY-5667: CDP-diacylglycerol biosynthesis I|g__Saccharomyces.s__Saccharomyces_cerevisiae	4.95583e-06
PWY-5667: CDP-diacylglycerol biosynthesis I|unclassified	3.15415e-06
PWY-5667: CDP-diacylglycerol biosynthesis I|g__Haemophilus.s__Haemophilus_parainfluenzae	1.80581e-06
PWY-5667: CDP-diacylglycerol biosynthesis I|g__Lactobacillus.s__Lactobacillus_casei_group	1.58726e-06
PWY-5667: CDP-diacylglycerol biosynthesis I|g__Alistipes.s__Alistipes_finegoldii	4.18483e-07
PWY-5667: CDP-diacylglycerol biosynthesis I|g__Escherichia.s__Escherichia_fergusonii	1.53528e-08
PWY0-1319: CDP-diacylglycerol biosynthesis II	0.000366481
PWY0-1319: CDP-diacylglycerol biosynthesis II|g__Escherichia.s__Escherichia_coli	0.000157893
PWY0-1319: CDP-diacylglycerol biosynthesis II|g__Klebsiella.s__Klebsiella_oxytoca	4.72215e-05
PWY0-1319: CDP-diacylglycerol biosynthesis II|g__Klebsiella.s__Klebsiella_michiganensis	2.9065e-05
PWY0-1319: CDP-diacylglycerol biosynthesis II|g__Lactobacillus.s__Lactobacillus_rhamnosus	1.46079e-05
PWY0-1319: CDP-diacylglycerol biosynthesis II|g__Proteus.s__Proteus_mirabilis	1.16209e-05
PWY0-1319: CDP-diacylglycerol biosynthesis II|g__Megasphaera.s__Megasphaera_micronuciformis	9.49911e-06
PWY0-1319: CDP-diacylglycerol biosynthesis II|g__Hafnia.s__Hafnia_alvei	6.62957e-06
PWY0-1319: CDP-diacylglycerol biosynthesis II|g__Morganella.s__Morganella_morganii	6.04792e-06
PWY0-1319: CDP-diacylglycerol biosynthesis II|g__Saccharomyces.s__Saccharomyces_cerevisiae	4.95583e-06
PWY0-1319: CDP-diacylglycerol biosynthesis II|unclassified	3.15415e-06
PWY0-1319: CDP-diacylglycerol biosynthesis II|g__Haemophilus.s__Haemophilus_parainfluenzae	1.80581e-06
PWY0-1319: CDP-diacylglycerol biosynthesis II|g__Lactobacillus.s__Lactobacillus_casei_group	1.58726e-06
PWY0-1319: CDP-diacylglycerol biosynthesis II|g__Alistipes.s__Alistipes_finegoldii	4.18483e-07
PWY0-1319: CDP-diacylglycerol biosynthesis II|g__Escherichia.s__Escherichia_fergusonii	1.53528e-08
PWY-6386: UDP-N-acetylmuramoyl-pentapeptide biosynthesis II (lysine-containing)	0.000364498
PWY-6386: UDP-N-acetylmuramoyl-pentapeptide biosynthesis II (lysine-containing)|g__Escherichia.s__Escherichia_coli	9.97323e-05
PWY-6386: UDP-N-acetylmuramoyl-pentapeptide biosynthesis II (lysine-containing)|g__Veillonella.s__Veillonella_parvula	6.14921e-05
PWY-6386: UDP-N-acetylmuramoyl-pentapeptide biosynthesis II (lysine-containing)|g__Klebsiella.s__Klebsiella_oxytoca	5.14571e-05
PWY-6386: UDP-N-acetylmuramoyl-pentapeptide biosynthesis II (lysine-containing)|g__Klebsiella.s__Klebsiella_michiganensis	2.72318e-05
PWY-6386: UDP-N-acetylmuramoyl-pentapeptide biosynthesis II (lysine-containing)|g__Fusobacterium.s__Fusobacterium_nucleatum	1.08245e-05
PWY-6386: UDP-N-acetylmuramoyl-pentapeptide biosynthesis II (lysine-containing)|g__Megasphaera.s__Megasphaera_micronuciformis	1.06321e-05
PWY-6386: UDP-N-acetylmuramoyl-pentapeptide biosynthesis II (lysine-containing)|g__Lactobacillus.s__Lactobacillus_rhamnosus	1.0186e-05
PWY-6386: UDP-N-acetylmuramoyl-pentapeptide biosynthesis II (lysine-containing)|g__Proteus.s__Proteus_mirabilis	6.13171e-06
PWY-6386: UDP-N-acetylmuramoyl-pentapeptide biosynthesis II (lysine-containing)|g__Hafnia.s__Hafnia_alvei	5.928e-06
PWY-6386: UDP-N-acetylmuramoyl-pentapeptide biosynthesis II (lysine-containing)|g__Lactobacillus.s__Lactobacillus_plantarum	5.2142e-06
PWY-6386: UDP-N-acetylmuramoyl-pentapeptide biosynthesis II (lysine-containing)|g__Morganella.s__Morganella_morganii	3.86117e-06
PWY-6386: UDP-N-acetylmuramoyl-pentapeptide biosynthesis II (lysine-containing)|unclassified	3.48169e-06
PWY-6386: UDP-N-acetylmuramoyl-pentapeptide biosynthesis II (lysine-containing)|g__Haemophilus.s__Haemophilus_parainfluenzae	1.5951e-06
PWY-6386: UDP-N-acetylmuramoyl-pentapeptide biosynthesis II (lysine-containing)|g__Veillonella.s__Veillonella_atypica	6.57721e-07
PWY-6386: UDP-N-acetylmuramoyl-pentapeptide biosynthesis II (lysine-containing)|g__Dialister.s__Dialister_pneumosintes	6.23537e-07
PWY-6386: UDP-N-acetylmuramoyl-pentapeptide biosynthesis II (lysine-containing)|g__Veillonella.s__Veillonella_dispar	2.5459e-07
PWY-6386: UDP-N-acetylmuramoyl-pentapeptide biosynthesis II (lysine-containing)|g__Lactobacillus.s__Lactobacillus_salivarius	2.39827e-07
PWY-6386: UDP-N-acetylmuramoyl-pentapeptide biosynthesis II (lysine-containing)|g__Alistipes.s__Alistipes_onderdonkii	1.94287e-07
PWY-6386: UDP-N-acetylmuramoyl-pentapeptide biosynthesis II (lysine-containing)|g__Lactobacillus.s__Lactobacillus_casei_group	6.80368e-08
PWY-6386: UDP-N-acetylmuramoyl-pentapeptide biosynthesis II (lysine-containing)|g__Alistipes.s__Alistipes_finegoldii	5.34466e-08
PWY-702: L-methionine biosynthesis II	0.000363723
PWY-702: L-methionine biosynthesis II|g__Escherichia.s__Escherichia_coli	0.000107553
PWY-702: L-methionine biosynthesis II|g__Klebsiella.s__Klebsiella_oxytoca	5.7202e-05
PWY-702: L-methionine biosynthesis II|g__Veillonella.s__Veillonella_parvula	5.41796e-05
PWY-702: L-methionine biosynthesis II|g__Lactobacillus.s__Lactobacillus_plantarum	3.01952e-05
PWY-702: L-methionine biosynthesis II|g__Klebsiella.s__Klebsiella_michiganensis	2.90521e-05
PWY-702: L-methionine biosynthesis II|unclassified	8.19802e-06
PWY-702: L-methionine biosynthesis II|g__Proteus.s__Proteus_mirabilis	6.55788e-06
PWY-702: L-methionine biosynthesis II|g__Morganella.s__Morganella_morganii	5.21402e-06
PWY-702: L-methionine biosynthesis II|g__Saccharomyces.s__Saccharomyces_cerevisiae	3.38836e-06
PWY-702: L-methionine biosynthesis II|g__Haemophilus.s__Haemophilus_parainfluenzae	2.09456e-06
PWY-702: L-methionine biosynthesis II|g__Veillonella.s__Veillonella_atypica	7.25404e-07
PWY-702: L-methionine biosynthesis II|g__Escherichia.s__Escherichia_fergusonii	4.12738e-07
PWY-702: L-methionine biosynthesis II|g__Veillonella.s__Veillonella_dispar	3.89627e-07
ANAEROFRUCAT-PWY: homolactic fermentation	0.000363352
ANAEROFRUCAT-PWY: homolactic fermentation|g__Escherichia.s__Escherichia_coli	9.79489e-05
ANAEROFRUCAT-PWY: homolactic fermentation|g__Klebsiella.s__Klebsiella_oxytoca	5.36901e-05
ANAEROFRUCAT-PWY: homolactic fermentation|g__Klebsiella.s__Klebsiella_michiganensis	3.30764e-05
ANAEROFRUCAT-PWY: homolactic fermentation|g__Lactobacillus.s__Lactobacillus_rhamnosus	1.59466e-05
ANAEROFRUCAT-PWY: homolactic fermentation|g__Lactobacillus.s__Lactobacillus_plantarum	1.29203e-05
ANAEROFRUCAT-PWY: homolactic fermentation|g__Hafnia.s__Hafnia_alvei	5.27864e-06
ANAEROFRUCAT-PWY: homolactic fermentation|g__Lactobacillus.s__Lactobacillus_casei_group	2.49058e-06
ANAEROFRUCAT-PWY: homolactic fermentation|unclassified	9.94023e-07
PWY-6125: superpathway of guanosine nucleotides de novo biosynthesis II	0.000362185
PWY-6125: superpathway of guanosine nucleotides de novo biosynthesis II|g__Escherichia.s__Escherichia_coli	7.65156e-05
PWY-6125: superpathway of guanosine nucleotides de novo biosynthesis II|g__Klebsiella.s__Klebsiella_oxytoca	5.2259e-05
PWY-6125: superpathway of guanosine nucleotides de novo biosynthesis II|g__Veillonella.s__Veillonella_parvula	4.49971e-05
PWY-6125: superpathway of guanosine nucleotides de novo biosynthesis II|g__Klebsiella.s__Klebsiella_michiganensis	2.53902e-05
PWY-6125: superpathway of guanosine nucleotides de novo biosynthesis II|g__Lactobacillus.s__Lactobacillus_rhamnosus	1.76915e-05
PWY-6125: superpathway of guanosine nucleotides de novo biosynthesis II|g__Sutterella.s__Sutterella_sp_CAG_351	1.53384e-05
PWY-6125: superpathway of guanosine nucleotides de novo biosynthesis II|g__Proteus.s__Proteus_mirabilis	6.73944e-06
PWY-6125: superpathway of guanosine nucleotides de novo biosynthesis II|g__Hafnia.s__Hafnia_alvei	5.66436e-06
PWY-6125: superpathway of guanosine nucleotides de novo biosynthesis II|g__Morganella.s__Morganella_morganii	5.5197e-06
PWY-6125: superpathway of guanosine nucleotides de novo biosynthesis II|g__Saccharomyces.s__Saccharomyces_cerevisiae	3.38035e-06
PWY-6125: superpathway of guanosine nucleotides de novo biosynthesis II|g__Lactobacillus.s__Lactobacillus_casei_group	2.013e-06
PWY-6125: superpathway of guanosine nucleotides de novo biosynthesis II|g__Haemophilus.s__Haemophilus_parainfluenzae	1.61311e-06
PWY-6125: superpathway of guanosine nucleotides de novo biosynthesis II|g__Veillonella.s__Veillonella_atypica	8.39745e-07
PWY-6125: superpathway of guanosine nucleotides de novo biosynthesis II|g__Escherichia.s__Escherichia_fergusonii	4.97873e-07
PWY-6125: superpathway of guanosine nucleotides de novo biosynthesis II|unclassified	1.80912e-07
PWY-6125: superpathway of guanosine nucleotides de novo biosynthesis II|g__Veillonella.s__Veillonella_dispar	1.15182e-07
ASPASN-PWY: superpathway of L-aspartate and L-asparagine biosynthesis	0.000361919
ASPASN-PWY: superpathway of L-aspartate and L-asparagine biosynthesis|g__Escherichia.s__Escherichia_coli	0.00014483
ASPASN-PWY: superpathway of L-aspartate and L-asparagine biosynthesis|g__Klebsiella.s__Klebsiella_oxytoca	8.73471e-05
ASPASN-PWY: superpathway of L-aspartate and L-asparagine biosynthesis|g__Klebsiella.s__Klebsiella_michiganensis	4.08856e-05
ASPASN-PWY: superpathway of L-aspartate and L-asparagine biosynthesis|g__Hafnia.s__Hafnia_alvei	1.20674e-05
ASPASN-PWY: superpathway of L-aspartate and L-asparagine biosynthesis|g__Morganella.s__Morganella_morganii	5.29186e-06
ASPASN-PWY: superpathway of L-aspartate and L-asparagine biosynthesis|g__Proteus.s__Proteus_mirabilis	5.02748e-06
ASPASN-PWY: superpathway of L-aspartate and L-asparagine biosynthesis|unclassified	2.15325e-06
ASPASN-PWY: superpathway of L-aspartate and L-asparagine biosynthesis|g__Haemophilus.s__Haemophilus_parainfluenzae	1.9256e-06
ASPASN-PWY: superpathway of L-aspartate and L-asparagine biosynthesis|g__Lactobacillus.s__Lactobacillus_pentosus	3.61638e-07
ASPASN-PWY: superpathway of L-aspartate and L-asparagine biosynthesis|g__Lactobacillus.s__Lactobacillus_plantarum	2.19114e-07
ASPASN-PWY: superpathway of L-aspartate and L-asparagine biosynthesis|g__Escherichia.s__Escherichia_fergusonii	2.91914e-08
PWY0-1297: superpathway of purine deoxyribonucleosides degradation	0.000359046
PWY0-1297: superpathway of purine deoxyribonucleosides degradation|g__Escherichia.s__Escherichia_coli	9.79728e-05
PWY0-1297: superpathway of purine deoxyribonucleosides degradation|g__Klebsiella.s__Klebsiella_oxytoca	6.45372e-05
PWY0-1297: superpathway of purine deoxyribonucleosides degradation|g__Klebsiella.s__Klebsiella_michiganensis	4.65887e-05
PWY0-1297: superpathway of purine deoxyribonucleosides degradation|g__Lactobacillus.s__Lactobacillus_rhamnosus	1.10613e-05
PWY0-1297: superpathway of purine deoxyribonucleosides degradation|g__Hafnia.s__Hafnia_alvei	6.24271e-06
PWY0-1297: superpathway of purine deoxyribonucleosides degradation|g__Morganella.s__Morganella_morganii	6.00188e-06
PWY0-1297: superpathway of purine deoxyribonucleosides degradation|g__Proteus.s__Proteus_mirabilis	4.44703e-06
PWY0-1297: superpathway of purine deoxyribonucleosides degradation|g__Lactobacillus.s__Lactobacillus_casei_group	3.78924e-06
PWY0-1297: superpathway of purine deoxyribonucleosides degradation|unclassified	9.50899e-07
PWY0-1297: superpathway of purine deoxyribonucleosides degradation|g__Escherichia.s__Escherichia_fergusonii	7.16722e-07
P441-PWY: superpathway of N-acetylneuraminate degradation	0.000357416
P441-PWY: superpathway of N-acetylneuraminate degradation|g__Escherichia.s__Escherichia_coli	0.00011767
P441-PWY: superpathway of N-acetylneuraminate degradation|g__Klebsiella.s__Klebsiella_oxytoca	7.02171e-05
P441-PWY: superpathway of N-acetylneuraminate degradation|g__Klebsiella.s__Klebsiella_michiganensis	3.8784e-05
P441-PWY: superpathway of N-acetylneuraminate degradation|g__Hafnia.s__Hafnia_alvei	5.74755e-06
P441-PWY: superpathway of N-acetylneuraminate degradation|g__Lactobacillus.s__Lactobacillus_plantarum	1.31602e-06
FERMENTATION-PWY: mixed acid fermentation	0.000356291
FERMENTATION-PWY: mixed acid fermentation|g__Escherichia.s__Escherichia_coli	0.000149202
FERMENTATION-PWY: mixed acid fermentation|g__Klebsiella.s__Klebsiella_oxytoca	7.18956e-05
FERMENTATION-PWY: mixed acid fermentation|unclassified	1.22595e-05
FERMENTATION-PWY: mixed acid fermentation|g__Hafnia.s__Hafnia_alvei	7.263e-06
FERMENTATION-PWY: mixed acid fermentation|g__Morganella.s__Morganella_morganii	6.03008e-06
FERMENTATION-PWY: mixed acid fermentation|g__Proteus.s__Proteus_mirabilis	5.50451e-06
FERMENTATION-PWY: mixed acid fermentation|g__Lactobacillus.s__Lactobacillus_plantarum	4.83985e-06
FERMENTATION-PWY: mixed acid fermentation|g__Klebsiella.s__Klebsiella_michiganensis	2.14943e-06
FERMENTATION-PWY: mixed acid fermentation|g__Escherichia.s__Escherichia_fergusonii	8.85009e-08
PWY-7198: pyrimidine deoxyribonucleotides de novo biosynthesis IV	0.000356113
PWY-7198: pyrimidine deoxyribonucleotides de novo biosynthesis IV|g__Klebsiella.s__Klebsiella_oxytoca	4.35554e-05
PWY-7198: pyrimidine deoxyribonucleotides de novo biosynthesis IV|g__Escherichia.s__Escherichia_coli	1.63194e-05
PWY-7198: pyrimidine deoxyribonucleotides de novo biosynthesis IV|g__Lactobacillus.s__Lactobacillus_rhamnosus	1.52015e-05
PWY-7198: pyrimidine deoxyribonucleotides de novo biosynthesis IV|g__Proteus.s__Proteus_mirabilis	8.63514e-06
PWY-7198: pyrimidine deoxyribonucleotides de novo biosynthesis IV|g__Hafnia.s__Hafnia_alvei	5.87169e-06
PWY-7198: pyrimidine deoxyribonucleotides de novo biosynthesis IV|g__Morganella.s__Morganella_morganii	5.41582e-06
PWY-7198: pyrimidine deoxyribonucleotides de novo biosynthesis IV|g__Lactobacillus.s__Lactobacillus_casei_group	2.79731e-06
PWY-7198: pyrimidine deoxyribonucleotides de novo biosynthesis IV|g__Lactobacillus.s__Lactobacillus_plantarum	2.6788e-06
PWY-7198: pyrimidine deoxyribonucleotides de novo biosynthesis IV|g__Klebsiella.s__Klebsiella_michiganensis	6.03207e-07
PWY-7198: pyrimidine deoxyribonucleotides de novo biosynthesis IV|unclassified	1.62948e-07
PWY-7198: pyrimidine deoxyribonucleotides de novo biosynthesis IV|g__Lactobacillus.s__Lactobacillus_pentosus	6.97753e-08
PWY-5686: UMP biosynthesis I	0.000354184
PWY-5686: UMP biosynthesis I|g__Escherichia.s__Escherichia_coli	8.0447e-05
PWY-5686: UMP biosynthesis I|g__Veillonella.s__Veillonella_parvula	6.91332e-05
PWY-5686: UMP biosynthesis I|g__Klebsiella.s__Klebsiella_oxytoca	5.02174e-05
PWY-5686: UMP biosynthesis I|g__Klebsiella.s__Klebsiella_michiganensis	3.41997e-05
PWY-5686: UMP biosynthesis I|g__Lactobacillus.s__Lactobacillus_rhamnosus	1.65327e-05
PWY-5686: UMP biosynthesis I|g__Megasphaera.s__Megasphaera_micronuciformis	1.39716e-05
PWY-5686: UMP biosynthesis I|g__Lactobacillus.s__Lactobacillus_plantarum	1.144e-05
PWY-5686: UMP biosynthesis I|g__Fusobacterium.s__Fusobacterium_nucleatum	1.11572e-05
PWY-5686: UMP biosynthesis I|g__Proteus.s__Proteus_mirabilis	9.36988e-06
PWY-5686: UMP biosynthesis I|g__Hafnia.s__Hafnia_alvei	5.91008e-06
PWY-5686: UMP biosynthesis I|g__Morganella.s__Morganella_morganii	5.72425e-06
PWY-5686: UMP biosynthesis I|g__Saccharomyces.s__Saccharomyces_cerevisiae	3.30282e-06
PWY-5686: UMP biosynthesis I|g__Lactobacillus.s__Lactobacillus_casei_group	2.34997e-06
PWY-5686: UMP biosynthesis I|g__Veillonella.s__Veillonella_dispar	1.99585e-06
PWY-5686: UMP biosynthesis I|unclassified	1.16978e-06
PWY-5686: UMP biosynthesis I|g__Veillonella.s__Veillonella_atypica	8.85171e-07
PWY-5686: UMP biosynthesis I|g__Alistipes.s__Alistipes_onderdonkii	6.98705e-07
PWY-5686: UMP biosynthesis I|g__Dialister.s__Dialister_pneumosintes	5.8524e-07
PWY-5686: UMP biosynthesis I|g__Lactobacillus.s__Lactobacillus_salivarius	3.21523e-07
PWY-5686: UMP biosynthesis I|g__Alistipes.s__Alistipes_finegoldii	1.51258e-07
PWY-5686: UMP biosynthesis I|g__Lactobacillus.s__Lactobacillus_pentosus	8.64618e-08
PWY-7790: UMP biosynthesis II	0.000354184
PWY-7790: UMP biosynthesis II|g__Escherichia.s__Escherichia_coli	7.46935e-05
PWY-7790: UMP biosynthesis II|g__Veillonella.s__Veillonella_parvula	6.91332e-05
PWY-7790: UMP biosynthesis II|g__Klebsiella.s__Klebsiella_oxytoca	4.9754e-05
PWY-7790: UMP biosynthesis II|g__Klebsiella.s__Klebsiella_michiganensis	3.41997e-05
PWY-7790: UMP biosynthesis II|g__Lactobacillus.s__Lactobacillus_plantarum	1.85567e-05
PWY-7790: UMP biosynthesis II|g__Lactobacillus.s__Lactobacillus_rhamnosus	1.65327e-05
PWY-7790: UMP biosynthesis II|g__Megasphaera.s__Megasphaera_micronuciformis	1.39716e-05
PWY-7790: UMP biosynthesis II|g__Fusobacterium.s__Fusobacterium_nucleatum	1.11572e-05
PWY-7790: UMP biosynthesis II|g__Proteus.s__Proteus_mirabilis	9.04473e-06
PWY-7790: UMP biosynthesis II|g__Hafnia.s__Hafnia_alvei	5.91008e-06
PWY-7790: UMP biosynthesis II|g__Morganella.s__Morganella_morganii	5.72425e-06
PWY-7790: UMP biosynthesis II|g__Saccharomyces.s__Saccharomyces_cerevisiae	3.30282e-06
PWY-7790: UMP biosynthesis II|g__Lactobacillus.s__Lactobacillus_casei_group	2.34997e-06
PWY-7790: UMP biosynthesis II|g__Veillonella.s__Veillonella_dispar	1.99585e-06
PWY-7790: UMP biosynthesis II|unclassified	1.16978e-06
PWY-7790: UMP biosynthesis II|g__Veillonella.s__Veillonella_atypica	8.85171e-07
PWY-7790: UMP biosynthesis II|g__Alistipes.s__Alistipes_onderdonkii	6.98705e-07
PWY-7790: UMP biosynthesis II|g__Dialister.s__Dialister_pneumosintes	5.8524e-07
PWY-7790: UMP biosynthesis II|g__Lactobacillus.s__Lactobacillus_salivarius	3.21523e-07
PWY-7790: UMP biosynthesis II|g__Lactobacillus.s__Lactobacillus_pentosus	1.5374e-07
PWY-7791: UMP biosynthesis III	0.000354184
PWY-7791: UMP biosynthesis III|g__Escherichia.s__Escherichia_coli	7.37828e-05
PWY-7791: UMP biosynthesis III|g__Veillonella.s__Veillonella_parvula	6.91332e-05
PWY-7791: UMP biosynthesis III|g__Klebsiella.s__Klebsiella_oxytoca	4.9754e-05
PWY-7791: UMP biosynthesis III|g__Klebsiella.s__Klebsiella_michiganensis	3.41997e-05
PWY-7791: UMP biosynthesis III|g__Lactobacillus.s__Lactobacillus_rhamnosus	1.65327e-05
PWY-7791: UMP biosynthesis III|g__Megasphaera.s__Megasphaera_micronuciformis	1.39716e-05
PWY-7791: UMP biosynthesis III|g__Fusobacterium.s__Fusobacterium_nucleatum	1.15844e-05
PWY-7791: UMP biosynthesis III|g__Lactobacillus.s__Lactobacillus_plantarum	1.144e-05
PWY-7791: UMP biosynthesis III|g__Proteus.s__Proteus_mirabilis	9.04473e-06
PWY-7791: UMP biosynthesis III|g__Hafnia.s__Hafnia_alvei	5.91008e-06
PWY-7791: UMP biosynthesis III|g__Morganella.s__Morganella_morganii	5.72425e-06
PWY-7791: UMP biosynthesis III|g__Saccharomyces.s__Saccharomyces_cerevisiae	3.30282e-06
PWY-7791: UMP biosynthesis III|g__Lactobacillus.s__Lactobacillus_casei_group	2.34997e-06
PWY-7791: UMP biosynthesis III|g__Veillonella.s__Veillonella_dispar	1.99585e-06
PWY-7791: UMP biosynthesis III|unclassified	1.16978e-06
PWY-7791: UMP biosynthesis III|g__Veillonella.s__Veillonella_atypica	8.85171e-07
PWY-7791: UMP biosynthesis III|g__Alistipes.s__Alistipes_onderdonkii	6.98705e-07
PWY-7791: UMP biosynthesis III|g__Dialister.s__Dialister_pneumosintes	5.8524e-07
PWY-7791: UMP biosynthesis III|g__Lactobacillus.s__Lactobacillus_salivarius	3.21523e-07
PWY-7791: UMP biosynthesis III|g__Lactobacillus.s__Lactobacillus_pentosus	8.64618e-08
ARGSYN-PWY: L-arginine biosynthesis I (via L-ornithine)	0.00035232
ARGSYN-PWY: L-arginine biosynthesis I (via L-ornithine)|g__Escherichia.s__Escherichia_coli	0.000124886
ARGSYN-PWY: L-arginine biosynthesis I (via L-ornithine)|g__Klebsiella.s__Klebsiella_oxytoca	4.39847e-05
ARGSYN-PWY: L-arginine biosynthesis I (via L-ornithine)|g__Klebsiella.s__Klebsiella_michiganensis	2.91629e-05
ARGSYN-PWY: L-arginine biosynthesis I (via L-ornithine)|g__Lactobacillus.s__Lactobacillus_plantarum	1.87334e-05
ARGSYN-PWY: L-arginine biosynthesis I (via L-ornithine)|unclassified	1.14146e-05
ARGSYN-PWY: L-arginine biosynthesis I (via L-ornithine)|g__Hafnia.s__Hafnia_alvei	7.56792e-06
ARGSYN-PWY: L-arginine biosynthesis I (via L-ornithine)|g__Proteus.s__Proteus_mirabilis	6.09703e-06
ARGSYN-PWY: L-arginine biosynthesis I (via L-ornithine)|g__Morganella.s__Morganella_morganii	4.87987e-06
ARGSYN-PWY: L-arginine biosynthesis I (via L-ornithine)|g__Saccharomyces.s__Saccharomyces_cerevisiae	2.37621e-06
ARGSYN-PWY: L-arginine biosynthesis I (via L-ornithine)|g__Alistipes.s__Alistipes_finegoldii	2.31899e-07
ARGSYN-PWY: L-arginine biosynthesis I (via L-ornithine)|g__Lactobacillus.s__Lactobacillus_pentosus	2.23347e-07
PWY-724: superpathway of L-lysine, L-threonine and L-methionine biosynthesis II	0.000352148
PWY-724: superpathway of L-lysine, L-threonine and L-methionine biosynthesis II|g__Escherichia.s__Escherichia_coli	9.92537e-05
PWY-724: superpathway of L-lysine, L-threonine and L-methionine biosynthesis II|g__Klebsiella.s__Klebsiella_oxytoca	5.95544e-05
PWY-724: superpathway of L-lysine, L-threonine and L-methionine biosynthesis II|g__Klebsiella.s__Klebsiella_michiganensis	3.18719e-05
PWY-724: superpathway of L-lysine, L-threonine and L-methionine biosynthesis II|g__Veillonella.s__Veillonella_parvula	1.13415e-05
PWY-724: superpathway of L-lysine, L-threonine and L-methionine biosynthesis II|g__Megasphaera.s__Megasphaera_micronuciformis	1.09994e-05
PWY-724: superpathway of L-lysine, L-threonine and L-methionine biosynthesis II|g__Lactobacillus.s__Lactobacillus_plantarum	9.37697e-06
PWY-724: superpathway of L-lysine, L-threonine and L-methionine biosynthesis II|g__Hafnia.s__Hafnia_alvei	7.41542e-06
PWY-724: superpathway of L-lysine, L-threonine and L-methionine biosynthesis II|g__Proteus.s__Proteus_mirabilis	6.5755e-06
PWY-724: superpathway of L-lysine, L-threonine and L-methionine biosynthesis II|g__Morganella.s__Morganella_morganii	5.48078e-06
PWY-724: superpathway of L-lysine, L-threonine and L-methionine biosynthesis II|g__Lactobacillus.s__Lactobacillus_casei_group	2.90035e-06
PWY-724: superpathway of L-lysine, L-threonine and L-methionine biosynthesis II|g__Haemophilus.s__Haemophilus_parainfluenzae	1.7354e-06
PWY-724: superpathway of L-lysine, L-threonine and L-methionine biosynthesis II|unclassified	7.61649e-07
PWY-724: superpathway of L-lysine, L-threonine and L-methionine biosynthesis II|g__Veillonella.s__Veillonella_atypica	5.7755e-07
PWY-6901: superpathway of glucose and xylose degradation	0.000348492
PWY-6901: superpathway of glucose and xylose degradation|g__Escherichia.s__Escherichia_coli	0.00011406
PWY-6901: superpathway of glucose and xylose degradation|g__Klebsiella.s__Klebsiella_oxytoca	6.03878e-05
PWY-6901: superpathway of glucose and xylose degradation|g__Klebsiella.s__Klebsiella_michiganensis	3.66247e-05
PWY-6901: superpathway of glucose and xylose degradation|g__Hafnia.s__Hafnia_alvei	6.44838e-06
PWY-6901: superpathway of glucose and xylose degradation|unclassified	1.01422e-06
PWY-621: sucrose degradation III (sucrose invertase)	0.000348417
PWY-621: sucrose degradation III (sucrose invertase)|g__Escherichia.s__Escherichia_coli	0.000102276
PWY-621: sucrose degradation III (sucrose invertase)|g__Klebsiella.s__Klebsiella_oxytoca	9.39575e-05
PWY-621: sucrose degradation III (sucrose invertase)|g__Klebsiella.s__Klebsiella_michiganensis	4.09706e-05
PWY-621: sucrose degradation III (sucrose invertase)|g__Morganella.s__Morganella_morganii	4.45135e-06
PWY-621: sucrose degradation III (sucrose invertase)|g__Hafnia.s__Hafnia_alvei	3.92865e-06
PWY-621: sucrose degradation III (sucrose invertase)|g__Lactobacillus.s__Lactobacillus_casei_group	2.73275e-06
PWY-621: sucrose degradation III (sucrose invertase)|g__Lactobacillus.s__Lactobacillus_plantarum	4.07564e-07
PWY-621: sucrose degradation III (sucrose invertase)|unclassified	1.48231e-07
PWY-621: sucrose degradation III (sucrose invertase)|g__Lactobacillus.s__Lactobacillus_pentosus	9.42769e-08
PWY-7400: L-arginine biosynthesis IV (archaebacteria)	0.000348334
PWY-7400: L-arginine biosynthesis IV (archaebacteria)|g__Escherichia.s__Escherichia_coli	0.000123404
PWY-7400: L-arginine biosynthesis IV (archaebacteria)|g__Klebsiella.s__Klebsiella_oxytoca	4.12818e-05
PWY-7400: L-arginine biosynthesis IV (archaebacteria)|g__Klebsiella.s__Klebsiella_michiganensis	2.84693e-05
PWY-7400: L-arginine biosynthesis IV (archaebacteria)|unclassified	9.29344e-06
PWY-7400: L-arginine biosynthesis IV (archaebacteria)|g__Hafnia.s__Hafnia_alvei	7.52754e-06
PWY-7400: L-arginine biosynthesis IV (archaebacteria)|g__Proteus.s__Proteus_mirabilis	6.02664e-06
PWY-7400: L-arginine biosynthesis IV (archaebacteria)|g__Morganella.s__Morganella_morganii	4.79747e-06
PWY-7400: L-arginine biosynthesis IV (archaebacteria)|g__Lactobacillus.s__Lactobacillus_plantarum	1.12788e-06
PWY-7400: L-arginine biosynthesis IV (archaebacteria)|g__Lactobacillus.s__Lactobacillus_pentosus	2.17667e-07
PWY4FS-7: phosphatidylglycerol biosynthesis I (plastidic)	0.000348157
PWY4FS-7: phosphatidylglycerol biosynthesis I (plastidic)|g__Escherichia.s__Escherichia_coli	0.000136046
PWY4FS-7: phosphatidylglycerol biosynthesis I (plastidic)|g__Klebsiella.s__Klebsiella_oxytoca	4.72757e-05
PWY4FS-7: phosphatidylglycerol biosynthesis I (plastidic)|g__Klebsiella.s__Klebsiella_michiganensis	3.12451e-05
PWY4FS-7: phosphatidylglycerol biosynthesis I (plastidic)|g__Proteus.s__Proteus_mirabilis	1.01898e-05
PWY4FS-7: phosphatidylglycerol biosynthesis I (plastidic)|g__Hafnia.s__Hafnia_alvei	6.80335e-06
PWY4FS-7: phosphatidylglycerol biosynthesis I (plastidic)|g__Morganella.s__Morganella_morganii	5.30942e-06
PWY4FS-7: phosphatidylglycerol biosynthesis I (plastidic)|g__Saccharomyces.s__Saccharomyces_cerevisiae	3.52112e-06
PWY4FS-7: phosphatidylglycerol biosynthesis I (plastidic)|unclassified	2.28822e-06
PWY4FS-7: phosphatidylglycerol biosynthesis I (plastidic)|g__Haemophilus.s__Haemophilus_parainfluenzae	1.81948e-06
PWY4FS-7: phosphatidylglycerol biosynthesis I (plastidic)|g__Lactobacillus.s__Lactobacillus_casei_group	1.69853e-06
PWY4FS-8: phosphatidylglycerol biosynthesis II (non-plastidic)	0.000348157
PWY4FS-8: phosphatidylglycerol biosynthesis II (non-plastidic)|g__Escherichia.s__Escherichia_coli	0.000136046
PWY4FS-8: phosphatidylglycerol biosynthesis II (non-plastidic)|g__Klebsiella.s__Klebsiella_oxytoca	4.72757e-05
PWY4FS-8: phosphatidylglycerol biosynthesis II (non-plastidic)|g__Klebsiella.s__Klebsiella_michiganensis	3.12451e-05
PWY4FS-8: phosphatidylglycerol biosynthesis II (non-plastidic)|g__Proteus.s__Proteus_mirabilis	1.01898e-05
PWY4FS-8: phosphatidylglycerol biosynthesis II (non-plastidic)|g__Hafnia.s__Hafnia_alvei	6.80335e-06
PWY4FS-8: phosphatidylglycerol biosynthesis II (non-plastidic)|g__Morganella.s__Morganella_morganii	5.30942e-06
PWY4FS-8: phosphatidylglycerol biosynthesis II (non-plastidic)|g__Saccharomyces.s__Saccharomyces_cerevisiae	3.52112e-06
PWY4FS-8: phosphatidylglycerol biosynthesis II (non-plastidic)|unclassified	2.28822e-06
PWY4FS-8: phosphatidylglycerol biosynthesis II (non-plastidic)|g__Haemophilus.s__Haemophilus_parainfluenzae	1.81948e-06
PWY4FS-8: phosphatidylglycerol biosynthesis II (non-plastidic)|g__Lactobacillus.s__Lactobacillus_casei_group	1.69853e-06
HEMESYN2-PWY: heme b biosynthesis II (oxygen-independent)	0.000346233
HEMESYN2-PWY: heme b biosynthesis II (oxygen-independent)|g__Escherichia.s__Escherichia_coli	0.000113418
HEMESYN2-PWY: heme b biosynthesis II (oxygen-independent)|g__Klebsiella.s__Klebsiella_oxytoca	5.35168e-05
HEMESYN2-PWY: heme b biosynthesis II (oxygen-independent)|g__Veillonella.s__Veillonella_parvula	4.9796e-05
HEMESYN2-PWY: heme b biosynthesis II (oxygen-independent)|g__Klebsiella.s__Klebsiella_michiganensis	3.1125e-05
HEMESYN2-PWY: heme b biosynthesis II (oxygen-independent)|g__Sutterella.s__Sutterella_sp_CAG_351	1.3904e-05
HEMESYN2-PWY: heme b biosynthesis II (oxygen-independent)|g__Hafnia.s__Hafnia_alvei	6.78438e-06
HEMESYN2-PWY: heme b biosynthesis II (oxygen-independent)|g__Morganella.s__Morganella_morganii	5.33838e-06
HEMESYN2-PWY: heme b biosynthesis II (oxygen-independent)|g__Proteus.s__Proteus_mirabilis	5.2972e-06
HEMESYN2-PWY: heme b biosynthesis II (oxygen-independent)|unclassified	4.93457e-06
HEMESYN2-PWY: heme b biosynthesis II (oxygen-independent)|g__Escherichia.s__Escherichia_fergusonii	2.14983e-06
HEMESYN2-PWY: heme b biosynthesis II (oxygen-independent)|g__Haemophilus.s__Haemophilus_parainfluenzae	1.80711e-06
HEMESYN2-PWY: heme b biosynthesis II (oxygen-independent)|g__Veillonella.s__Veillonella_atypica	9.7236e-07
HEMESYN2-PWY: heme b biosynthesis II (oxygen-independent)|g__Veillonella.s__Veillonella_infantium	1.75781e-07
PWY-5097: L-lysine biosynthesis VI	0.000346194
PWY-5097: L-lysine biosynthesis VI|g__Escherichia.s__Escherichia_coli	9.50876e-05
PWY-5097: L-lysine biosynthesis VI|g__Klebsiella.s__Klebsiella_oxytoca	6.18232e-05
PWY-5097: L-lysine biosynthesis VI|g__Klebsiella.s__Klebsiella_michiganensis	3.1719e-05
PWY-5097: L-lysine biosynthesis VI|g__Megasphaera.s__Megasphaera_micronuciformis	1.1704e-05
PWY-5097: L-lysine biosynthesis VI|g__Proteus.s__Proteus_mirabilis	8.97782e-06
PWY-5097: L-lysine biosynthesis VI|g__Veillonella.s__Veillonella_parvula	8.36002e-06
PWY-5097: L-lysine biosynthesis VI|g__Lactobacillus.s__Lactobacillus_plantarum	7.60452e-06
PWY-5097: L-lysine biosynthesis VI|g__Hafnia.s__Hafnia_alvei	7.47125e-06
PWY-5097: L-lysine biosynthesis VI|g__Lactobacillus.s__Lactobacillus_rhamnosus	7.19152e-06
PWY-5097: L-lysine biosynthesis VI|g__Morganella.s__Morganella_morganii	5.27695e-06
PWY-5097: L-lysine biosynthesis VI|g__Lactobacillus.s__Lactobacillus_casei_group	2.80828e-06
PWY-5097: L-lysine biosynthesis VI|g__Haemophilus.s__Haemophilus_parainfluenzae	1.7135e-06
PWY-5097: L-lysine biosynthesis VI|unclassified	6.37616e-07
PWY-5097: L-lysine biosynthesis VI|g__Veillonella.s__Veillonella_atypica	5.4448e-07
PWY-5097: L-lysine biosynthesis VI|g__Alistipes.s__Alistipes_onderdonkii	4.15552e-07
PWY-5097: L-lysine biosynthesis VI|g__Lactobacillus.s__Lactobacillus_pentosus	3.14151e-07
PWY-5097: L-lysine biosynthesis VI|g__Lactobacillus.s__Lactobacillus_salivarius	2.94232e-07
PWY-5097: L-lysine biosynthesis VI|g__Alistipes.s__Alistipes_finegoldii	2.1292e-07
PWY-5097: L-lysine biosynthesis VI|g__Veillonella.s__Veillonella_infantium	2.0638e-07
ARGSYNBSUB-PWY: L-arginine biosynthesis II (acetyl cycle)	0.000344658
ARGSYNBSUB-PWY: L-arginine biosynthesis II (acetyl cycle)|g__Escherichia.s__Escherichia_coli	0.000119142
ARGSYNBSUB-PWY: L-arginine biosynthesis II (acetyl cycle)|g__Klebsiella.s__Klebsiella_oxytoca	4.64746e-05
ARGSYNBSUB-PWY: L-arginine biosynthesis II (acetyl cycle)|g__Klebsiella.s__Klebsiella_michiganensis	2.65143e-05
ARGSYNBSUB-PWY: L-arginine biosynthesis II (acetyl cycle)|g__Lactobacillus.s__Lactobacillus_plantarum	1.95963e-05
ARGSYNBSUB-PWY: L-arginine biosynthesis II (acetyl cycle)|unclassified	1.27934e-05
ARGSYNBSUB-PWY: L-arginine biosynthesis II (acetyl cycle)|g__Hafnia.s__Hafnia_alvei	7.32954e-06
ARGSYNBSUB-PWY: L-arginine biosynthesis II (acetyl cycle)|g__Proteus.s__Proteus_mirabilis	5.73504e-06
ARGSYNBSUB-PWY: L-arginine biosynthesis II (acetyl cycle)|g__Morganella.s__Morganella_morganii	4.99183e-06
ARGSYNBSUB-PWY: L-arginine biosynthesis II (acetyl cycle)|g__Saccharomyces.s__Saccharomyces_cerevisiae	3.09081e-06
ARGSYNBSUB-PWY: L-arginine biosynthesis II (acetyl cycle)|g__Lactobacillus.s__Lactobacillus_pentosus	2.84381e-07
PWY-6609: adenine and adenosine salvage III	0.000344095
PWY-6609: adenine and adenosine salvage III|g__Escherichia.s__Escherichia_coli	0.000102048
PWY-6609: adenine and adenosine salvage III|g__Klebsiella.s__Klebsiella_oxytoca	4.94598e-05
PWY-6609: adenine and adenosine salvage III|g__Klebsiella.s__Klebsiella_michiganensis	3.87955e-05
PWY-6609: adenine and adenosine salvage III|g__Megasphaera.s__Megasphaera_micronuciformis	1.80735e-05
PWY-6609: adenine and adenosine salvage III|g__Hafnia.s__Hafnia_alvei	1.26375e-05
PWY-6609: adenine and adenosine salvage III|g__Fusobacterium.s__Fusobacterium_nucleatum	1.19085e-05
PWY-6609: adenine and adenosine salvage III|g__Lactobacillus.s__Lactobacillus_rhamnosus	1.00592e-05
PWY-6609: adenine and adenosine salvage III|g__Lactobacillus.s__Lactobacillus_casei_group	6.37099e-06
PWY-6609: adenine and adenosine salvage III|g__Morganella.s__Morganella_morganii	6.27766e-06
PWY-6609: adenine and adenosine salvage III|g__Proteus.s__Proteus_mirabilis	4.71141e-06
PWY-6609: adenine and adenosine salvage III|unclassified	4.12299e-06
PWY-6609: adenine and adenosine salvage III|g__Haemophilus.s__Haemophilus_parainfluenzae	2.23117e-06
PWY-6609: adenine and adenosine salvage III|g__Saccharomyces.s__Saccharomyces_cerevisiae	1.79869e-06
PWY-6609: adenine and adenosine salvage III|g__Escherichia.s__Escherichia_fergusonii	1.04306e-06
PWY-6609: adenine and adenosine salvage III|g__Dialister.s__Dialister_pneumosintes	7.29405e-07
PWY-6609: adenine and adenosine salvage III|g__Alistipes.s__Alistipes_onderdonkii	5.48969e-07
PWY-6609: adenine and adenosine salvage III|g__Veillonella.s__Veillonella_atypica	5.40564e-07
GLUTORN-PWY: L-ornithine biosynthesis I	0.000343814
GLUTORN-PWY: L-ornithine biosynthesis I|g__Escherichia.s__Escherichia_coli	0.000135742
GLUTORN-PWY: L-ornithine biosynthesis I|g__Klebsiella.s__Klebsiella_oxytoca	6.31618e-05
GLUTORN-PWY: L-ornithine biosynthesis I|g__Klebsiella.s__Klebsiella_michiganensis	3.7017e-05
GLUTORN-PWY: L-ornithine biosynthesis I|g__Lactobacillus.s__Lactobacillus_plantarum	2.02317e-05
GLUTORN-PWY: L-ornithine biosynthesis I|g__Hafnia.s__Hafnia_alvei	8.93704e-06
GLUTORN-PWY: L-ornithine biosynthesis I|unclassified	7.52738e-06
GLUTORN-PWY: L-ornithine biosynthesis I|g__Proteus.s__Proteus_mirabilis	6.71111e-06
GLUTORN-PWY: L-ornithine biosynthesis I|g__Morganella.s__Morganella_morganii	4.65983e-06
GLUTORN-PWY: L-ornithine biosynthesis I|g__Saccharomyces.s__Saccharomyces_cerevisiae	2.84931e-06
GLUTORN-PWY: L-ornithine biosynthesis I|g__Alistipes.s__Alistipes_finegoldii	3.17188e-07
GLUTORN-PWY: L-ornithine biosynthesis I|g__Lactobacillus.s__Lactobacillus_pentosus	2.25076e-07
PWY-6629: superpathway of L-tryptophan biosynthesis	0.000341606
PWY-6629: superpathway of L-tryptophan biosynthesis|g__Escherichia.s__Escherichia_coli	7.29866e-05
PWY-6629: superpathway of L-tryptophan biosynthesis|g__Klebsiella.s__Klebsiella_oxytoca	5.61373e-05
PWY-6629: superpathway of L-tryptophan biosynthesis|g__Klebsiella.s__Klebsiella_michiganensis	2.22156e-05
PWY-6629: superpathway of L-tryptophan biosynthesis|g__Morganella.s__Morganella_morganii	6.46313e-06
PWY-6629: superpathway of L-tryptophan biosynthesis|g__Proteus.s__Proteus_mirabilis	5.76236e-06
PWY-6629: superpathway of L-tryptophan biosynthesis|g__Hafnia.s__Hafnia_alvei	5.48225e-06
PWY-6629: superpathway of L-tryptophan biosynthesis|g__Saccharomyces.s__Saccharomyces_cerevisiae	2.93314e-06
PWY-6629: superpathway of L-tryptophan biosynthesis|unclassified	2.82554e-06
PWY-6629: superpathway of L-tryptophan biosynthesis|g__Haemophilus.s__Haemophilus_parainfluenzae	1.77863e-06
PWY4LZ-257: superpathway of fermentation (Chlamydomonas reinhardtii)	0.000340748
PWY4LZ-257: superpathway of fermentation (Chlamydomonas reinhardtii)|g__Escherichia.s__Escherichia_coli	0.000126854
PWY4LZ-257: superpathway of fermentation (Chlamydomonas reinhardtii)|g__Klebsiella.s__Klebsiella_oxytoca	3.28474e-05
PWY4LZ-257: superpathway of fermentation (Chlamydomonas reinhardtii)|g__Hafnia.s__Hafnia_alvei	6.71671e-06
PWY4LZ-257: superpathway of fermentation (Chlamydomonas reinhardtii)|unclassified	2.79467e-06
1CMET2-PWY: folate transformations III (E. coli)	0.000340196
1CMET2-PWY: folate transformations III (E. coli)|g__Escherichia.s__Escherichia_coli	7.41681e-05
1CMET2-PWY: folate transformations III (E. coli)|g__Klebsiella.s__Klebsiella_oxytoca	5.90374e-05
1CMET2-PWY: folate transformations III (E. coli)|g__Morganella.s__Morganella_morganii	4.76943e-06
1CMET2-PWY: folate transformations III (E. coli)|g__Proteus.s__Proteus_mirabilis	4.43112e-06
1CMET2-PWY: folate transformations III (E. coli)|g__Saccharomyces.s__Saccharomyces_cerevisiae	3.91614e-06
1CMET2-PWY: folate transformations III (E. coli)|unclassified	3.46066e-06
1CMET2-PWY: folate transformations III (E. coli)|g__Hafnia.s__Hafnia_alvei	2.94525e-06
1CMET2-PWY: folate transformations III (E. coli)|g__Haemophilus.s__Haemophilus_parainfluenzae	1.55373e-06
1CMET2-PWY: folate transformations III (E. coli)|g__Klebsiella.s__Klebsiella_michiganensis	6.83815e-07
1CMET2-PWY: folate transformations III (E. coli)|g__Veillonella.s__Veillonella_dispar	3.74154e-07
1CMET2-PWY: folate transformations III (E. coli)|g__Alistipes.s__Alistipes_onderdonkii	3.72954e-07
1CMET2-PWY: folate transformations III (E. coli)|g__Escherichia.s__Escherichia_fergusonii	1.55185e-07
PWY-3841: folate transformations II (plants)	0.000338219
PWY-3841: folate transformations II (plants)|g__Escherichia.s__Escherichia_coli	7.47289e-05
PWY-3841: folate transformations II (plants)|g__Klebsiella.s__Klebsiella_oxytoca	5.69373e-05
PWY-3841: folate transformations II (plants)|g__Veillonella.s__Veillonella_parvula	4.59003e-05
PWY-3841: folate transformations II (plants)|g__Lactobacillus.s__Lactobacillus_rhamnosus	9.42853e-06
PWY-3841: folate transformations II (plants)|g__Saccharomyces.s__Saccharomyces_cerevisiae	5.81741e-06
PWY-3841: folate transformations II (plants)|g__Proteus.s__Proteus_mirabilis	5.61607e-06
PWY-3841: folate transformations II (plants)|g__Morganella.s__Morganella_morganii	5.02609e-06
PWY-3841: folate transformations II (plants)|g__Lactobacillus.s__Lactobacillus_plantarum	4.689e-06
PWY-3841: folate transformations II (plants)|g__Hafnia.s__Hafnia_alvei	4.36925e-06
PWY-3841: folate transformations II (plants)|unclassified	4.27122e-06
PWY-3841: folate transformations II (plants)|g__Haemophilus.s__Haemophilus_parainfluenzae	2.20853e-06
PWY-3841: folate transformations II (plants)|g__Lactobacillus.s__Lactobacillus_casei_group	2.15182e-06
PWY-3841: folate transformations II (plants)|g__Veillonella.s__Veillonella_atypica	8.38562e-07
PWY-3841: folate transformations II (plants)|g__Dialister.s__Dialister_pneumosintes	8.13921e-07
PWY-3841: folate transformations II (plants)|g__Klebsiella.s__Klebsiella_michiganensis	6.80995e-07
PWY-3841: folate transformations II (plants)|g__Veillonella.s__Veillonella_dispar	4.35207e-07
PWY-3841: folate transformations II (plants)|g__Alistipes.s__Alistipes_onderdonkii	3.61342e-07
PWY-3841: folate transformations II (plants)|g__Veillonella.s__Veillonella_infantium	3.4899e-07
PWY-3841: folate transformations II (plants)|g__Lactobacillus.s__Lactobacillus_pentosus	2.11058e-07
PWY-3841: folate transformations II (plants)|g__Escherichia.s__Escherichia_fergusonii	1.75761e-07
PWY-3841: folate transformations II (plants)|g__Alistipes.s__Alistipes_finegoldii	1.19589e-07
PWY-5347: superpathway of L-methionine biosynthesis (transsulfuration)	0.000337956
PWY-5347: superpathway of L-methionine biosynthesis (transsulfuration)|g__Escherichia.s__Escherichia_coli	0.000131694
PWY-5347: superpathway of L-methionine biosynthesis (transsulfuration)|g__Klebsiella.s__Klebsiella_oxytoca	7.55495e-05
PWY-5347: superpathway of L-methionine biosynthesis (transsulfuration)|g__Klebsiella.s__Klebsiella_michiganensis	4.32725e-05
PWY-5347: superpathway of L-methionine biosynthesis (transsulfuration)|g__Proteus.s__Proteus_mirabilis	6.33047e-06
PWY-5347: superpathway of L-methionine biosynthesis (transsulfuration)|g__Morganella.s__Morganella_morganii	5.87026e-06
PWY-5347: superpathway of L-methionine biosynthesis (transsulfuration)|unclassified	7.95894e-07
PWY-5347: superpathway of L-methionine biosynthesis (transsulfuration)|g__Escherichia.s__Escherichia_fergusonii	6.68526e-08
PWY-5188: tetrapyrrole biosynthesis I (from glutamate)	0.000337296
PWY-5188: tetrapyrrole biosynthesis I (from glutamate)|g__Escherichia.s__Escherichia_coli	0.000122199
PWY-5188: tetrapyrrole biosynthesis I (from glutamate)|g__Veillonella.s__Veillonella_parvula	5.65721e-05
PWY-5188: tetrapyrrole biosynthesis I (from glutamate)|g__Klebsiella.s__Klebsiella_oxytoca	3.99752e-05
PWY-5188: tetrapyrrole biosynthesis I (from glutamate)|g__Klebsiella.s__Klebsiella_michiganensis	3.11909e-05
PWY-5188: tetrapyrrole biosynthesis I (from glutamate)|g__Sutterella.s__Sutterella_sp_CAG_351	1.57849e-05
PWY-5188: tetrapyrrole biosynthesis I (from glutamate)|g__Fusobacterium.s__Fusobacterium_nucleatum	8.93814e-06
PWY-5188: tetrapyrrole biosynthesis I (from glutamate)|g__Hafnia.s__Hafnia_alvei	5.79449e-06
PWY-5188: tetrapyrrole biosynthesis I (from glutamate)|g__Proteus.s__Proteus_mirabilis	5.59369e-06
PWY-5188: tetrapyrrole biosynthesis I (from glutamate)|g__Morganella.s__Morganella_morganii	4.61455e-06
PWY-5188: tetrapyrrole biosynthesis I (from glutamate)|unclassified	1.94886e-06
PWY-5188: tetrapyrrole biosynthesis I (from glutamate)|g__Haemophilus.s__Haemophilus_parainfluenzae	1.87477e-06
PWY-5188: tetrapyrrole biosynthesis I (from glutamate)|g__Veillonella.s__Veillonella_infantium	6.20214e-07
PWY-5188: tetrapyrrole biosynthesis I (from glutamate)|g__Veillonella.s__Veillonella_atypica	6.15844e-07
PWY-5188: tetrapyrrole biosynthesis I (from glutamate)|g__Veillonella.s__Veillonella_dispar	6.13381e-07
METSYN-PWY: superpathway of L-homoserine and L-methionine biosynthesis	0.000335905
METSYN-PWY: superpathway of L-homoserine and L-methionine biosynthesis|g__Escherichia.s__Escherichia_coli	0.000130719
METSYN-PWY: superpathway of L-homoserine and L-methionine biosynthesis|g__Klebsiella.s__Klebsiella_oxytoca	7.39895e-05
METSYN-PWY: superpathway of L-homoserine and L-methionine biosynthesis|g__Klebsiella.s__Klebsiella_michiganensis	4.0896e-05
METSYN-PWY: superpathway of L-homoserine and L-methionine biosynthesis|g__Proteus.s__Proteus_mirabilis	7.24577e-06
METSYN-PWY: superpathway of L-homoserine and L-methionine biosynthesis|g__Morganella.s__Morganella_morganii	6.13037e-06
METSYN-PWY: superpathway of L-homoserine and L-methionine biosynthesis|unclassified	7.28652e-07
METSYN-PWY: superpathway of L-homoserine and L-methionine biosynthesis|g__Escherichia.s__Escherichia_fergusonii	5.52391e-07
PWY-6124: inosine-5'-phosphate biosynthesis II	0.000332949
PWY-6124: inosine-5'-phosphate biosynthesis II|g__Escherichia.s__Escherichia_coli	6.73611e-05
PWY-6124: inosine-5'-phosphate biosynthesis II|g__Veillonella.s__Veillonella_parvula	5.36919e-05
PWY-6124: inosine-5'-phosphate biosynthesis II|g__Klebsiella.s__Klebsiella_oxytoca	3.80222e-05
PWY-6124: inosine-5'-phosphate biosynthesis II|g__Klebsiella.s__Klebsiella_michiganensis	2.39302e-05
PWY-6124: inosine-5'-phosphate biosynthesis II|g__Lactobacillus.s__Lactobacillus_rhamnosus	2.02062e-05
PWY-6124: inosine-5'-phosphate biosynthesis II|unclassified	1.81702e-05
PWY-6124: inosine-5'-phosphate biosynthesis II|g__Sutterella.s__Sutterella_sp_CAG_351	1.60808e-05
PWY-6124: inosine-5'-phosphate biosynthesis II|g__Lactobacillus.s__Lactobacillus_plantarum	8.84244e-06
PWY-6124: inosine-5'-phosphate biosynthesis II|g__Fusobacterium.s__Fusobacterium_nucleatum	8.4028e-06
PWY-6124: inosine-5'-phosphate biosynthesis II|g__Morganella.s__Morganella_morganii	4.2133e-06
PWY-6124: inosine-5'-phosphate biosynthesis II|g__Saccharomyces.s__Saccharomyces_cerevisiae	3.85332e-06
PWY-6124: inosine-5'-phosphate biosynthesis II|g__Lactobacillus.s__Lactobacillus_casei_group	3.08579e-06
PWY-6124: inosine-5'-phosphate biosynthesis II|g__Proteus.s__Proteus_mirabilis	3.03131e-06
PWY-6124: inosine-5'-phosphate biosynthesis II|g__Haemophilus.s__Haemophilus_parainfluenzae	1.62468e-06
PWY-6124: inosine-5'-phosphate biosynthesis II|g__Escherichia.s__Escherichia_fergusonii	9.17876e-07
PWY-6124: inosine-5'-phosphate biosynthesis II|g__Veillonella.s__Veillonella_atypica	8.13955e-07
PWY-6124: inosine-5'-phosphate biosynthesis II|g__Dialister.s__Dialister_pneumosintes	6.49611e-07
PWY-6124: inosine-5'-phosphate biosynthesis II|g__Alistipes.s__Alistipes_onderdonkii	5.79982e-07
PWY-6124: inosine-5'-phosphate biosynthesis II|g__Lactobacillus.s__Lactobacillus_pentosus	4.02265e-07
PWY-6124: inosine-5'-phosphate biosynthesis II|g__Veillonella.s__Veillonella_infantium	3.6643e-07
PWY-6124: inosine-5'-phosphate biosynthesis II|g__Veillonella.s__Veillonella_dispar	2.37187e-07
PWY-6124: inosine-5'-phosphate biosynthesis II|g__Alistipes.s__Alistipes_finegoldii	7.54539e-08
PWY-6123: inosine-5'-phosphate biosynthesis I	0.000331891
PWY-6123: inosine-5'-phosphate biosynthesis I|g__Escherichia.s__Escherichia_coli	8.91972e-05
PWY-6123: inosine-5'-phosphate biosynthesis I|g__Veillonella.s__Veillonella_parvula	5.67092e-05
PWY-6123: inosine-5'-phosphate biosynthesis I|g__Klebsiella.s__Klebsiella_oxytoca	4.15323e-05
PWY-6123: inosine-5'-phosphate biosynthesis I|g__Klebsiella.s__Klebsiella_michiganensis	2.86645e-05
PWY-6123: inosine-5'-phosphate biosynthesis I|unclassified	1.85935e-05
PWY-6123: inosine-5'-phosphate biosynthesis I|g__Sutterella.s__Sutterella_sp_CAG_351	1.58349e-05
PWY-6123: inosine-5'-phosphate biosynthesis I|g__Lactobacillus.s__Lactobacillus_rhamnosus	1.4982e-05
PWY-6123: inosine-5'-phosphate biosynthesis I|g__Fusobacterium.s__Fusobacterium_nucleatum	8.41727e-06
PWY-6123: inosine-5'-phosphate biosynthesis I|g__Morganella.s__Morganella_morganii	4.92342e-06
PWY-6123: inosine-5'-phosphate biosynthesis I|g__Lactobacillus.s__Lactobacillus_casei_group	3.48126e-06
PWY-6123: inosine-5'-phosphate biosynthesis I|g__Proteus.s__Proteus_mirabilis	3.42698e-06
PWY-6123: inosine-5'-phosphate biosynthesis I|g__Haemophilus.s__Haemophilus_parainfluenzae	1.47267e-06
PWY-6123: inosine-5'-phosphate biosynthesis I|g__Escherichia.s__Escherichia_fergusonii	8.15004e-07
PWY-6123: inosine-5'-phosphate biosynthesis I|g__Veillonella.s__Veillonella_atypica	7.40653e-07
PWY-6123: inosine-5'-phosphate biosynthesis I|g__Dialister.s__Dialister_pneumosintes	6.73198e-07
PWY-6123: inosine-5'-phosphate biosynthesis I|g__Alistipes.s__Alistipes_onderdonkii	5.81921e-07
PWY-6123: inosine-5'-phosphate biosynthesis I|g__Lactobacillus.s__Lactobacillus_pentosus	3.36016e-07
PWY-6123: inosine-5'-phosphate biosynthesis I|g__Veillonella.s__Veillonella_infantium	2.70287e-07
PWY-7208: superpathway of pyrimidine nucleobases salvage	0.000331695
PWY-7208: superpathway of pyrimidine nucleobases salvage|g__Veillonella.s__Veillonella_parvula	8.1652e-05
PWY-7208: superpathway of pyrimidine nucleobases salvage|g__Escherichia.s__Escherichia_coli	6.05348e-05
PWY-7208: superpathway of pyrimidine nucleobases salvage|g__Klebsiella.s__Klebsiella_oxytoca	3.98478e-05
PWY-7208: superpathway of pyrimidine nucleobases salvage|g__Klebsiella.s__Klebsiella_michiganensis	3.34411e-05
PWY-7208: superpathway of pyrimidine nucleobases salvage|g__Sutterella.s__Sutterella_sp_CAG_351	1.42625e-05
PWY-7208: superpathway of pyrimidine nucleobases salvage|g__Lactobacillus.s__Lactobacillus_rhamnosus	1.33095e-05
PWY-7208: superpathway of pyrimidine nucleobases salvage|g__Proteus.s__Proteus_mirabilis	7.76728e-06
PWY-7208: superpathway of pyrimidine nucleobases salvage|g__Hafnia.s__Hafnia_alvei	4.72452e-06
PWY-7208: superpathway of pyrimidine nucleobases salvage|g__Morganella.s__Morganella_morganii	4.65394e-06
PWY-7208: superpathway of pyrimidine nucleobases salvage|g__Saccharomyces.s__Saccharomyces_cerevisiae	3.78374e-06
PWY-7208: superpathway of pyrimidine nucleobases salvage|g__Lactobacillus.s__Lactobacillus_casei_group	2.13943e-06
PWY-7208: superpathway of pyrimidine nucleobases salvage|g__Lactobacillus.s__Lactobacillus_plantarum	1.5395e-06
PWY-7208: superpathway of pyrimidine nucleobases salvage|g__Veillonella.s__Veillonella_atypica	8.49454e-07
PWY-7208: superpathway of pyrimidine nucleobases salvage|g__Dialister.s__Dialister_pneumosintes	5.56418e-07
PWY-7208: superpathway of pyrimidine nucleobases salvage|g__Escherichia.s__Escherichia_fergusonii	2.06401e-07
PWY-7208: superpathway of pyrimidine nucleobases salvage|unclassified	1.71222e-07
PWY-7208: superpathway of pyrimidine nucleobases salvage|g__Lactobacillus.s__Lactobacillus_pentosus	1.09974e-07
PWY-7208: superpathway of pyrimidine nucleobases salvage|g__Veillonella.s__Veillonella_dispar	9.92553e-08
PWY-5384: sucrose degradation IV (sucrose phosphorylase)	0.00033124
PWY-5384: sucrose degradation IV (sucrose phosphorylase)|g__Escherichia.s__Escherichia_coli	0.000115117
PWY-5384: sucrose degradation IV (sucrose phosphorylase)|g__Klebsiella.s__Klebsiella_oxytoca	5.97892e-05
PWY-5384: sucrose degradation IV (sucrose phosphorylase)|g__Klebsiella.s__Klebsiella_michiganensis	4.09706e-05
PWY-5384: sucrose degradation IV (sucrose phosphorylase)|g__Proteus.s__Proteus_mirabilis	5.42405e-06
PWY-5384: sucrose degradation IV (sucrose phosphorylase)|g__Morganella.s__Morganella_morganii	4.45135e-06
PWY-5384: sucrose degradation IV (sucrose phosphorylase)|g__Hafnia.s__Hafnia_alvei	3.88575e-06
PWY-5384: sucrose degradation IV (sucrose phosphorylase)|unclassified	1.08226e-06
PWY-5384: sucrose degradation IV (sucrose phosphorylase)|g__Lactobacillus.s__Lactobacillus_plantarum	4.12835e-07
PWY0-1298: superpathway of pyrimidine deoxyribonucleosides degradation	0.000330629
PWY0-1298: superpathway of pyrimidine deoxyribonucleosides degradation|g__Escherichia.s__Escherichia_coli	8.75463e-05
PWY0-1298: superpathway of pyrimidine deoxyribonucleosides degradation|g__Klebsiella.s__Klebsiella_oxytoca	6.52978e-05
PWY0-1298: superpathway of pyrimidine deoxyribonucleosides degradation|g__Klebsiella.s__Klebsiella_michiganensis	4.40274e-05
PWY0-1298: superpathway of pyrimidine deoxyribonucleosides degradation|g__Morganella.s__Morganella_morganii	5.26222e-06
PWY0-1298: superpathway of pyrimidine deoxyribonucleosides degradation|g__Hafnia.s__Hafnia_alvei	4.64601e-06
PWY0-1298: superpathway of pyrimidine deoxyribonucleosides degradation|g__Lactobacillus.s__Lactobacillus_casei_group	1.87551e-06
PWY0-1298: superpathway of pyrimidine deoxyribonucleosides degradation|unclassified	9.46647e-07
PWY-7118: chitin deacetylation	0.000328328
PWY-7118: chitin deacetylation|g__Escherichia.s__Escherichia_coli	9.83283e-05
PWY-7118: chitin deacetylation|g__Klebsiella.s__Klebsiella_oxytoca	8.41892e-05
PWY-7118: chitin deacetylation|g__Klebsiella.s__Klebsiella_michiganensis	2.41126e-05
PWY-7118: chitin deacetylation|g__Saccharomyces.s__Saccharomyces_cerevisiae	7.36186e-06
PWY-7118: chitin deacetylation|g__Proteus.s__Proteus_mirabilis	5.71538e-06
PWY-7118: chitin deacetylation|g__Hafnia.s__Hafnia_alvei	5.28437e-06
PWY-7118: chitin deacetylation|unclassified	1.28549e-06
PWY-7118: chitin deacetylation|g__Escherichia.s__Escherichia_fergusonii	1.52327e-07
PWY-6700: queuosine biosynthesis I (de novo)	0.000327829
PWY-6700: queuosine biosynthesis I (de novo)|g__Escherichia.s__Escherichia_coli	0.000110693
PWY-6700: queuosine biosynthesis I (de novo)|g__Veillonella.s__Veillonella_parvula	5.84885e-05
PWY-6700: queuosine biosynthesis I (de novo)|g__Klebsiella.s__Klebsiella_oxytoca	4.5899e-05
PWY-6700: queuosine biosynthesis I (de novo)|g__Klebsiella.s__Klebsiella_michiganensis	3.10177e-05
PWY-6700: queuosine biosynthesis I (de novo)|g__Sutterella.s__Sutterella_sp_CAG_351	1.59248e-05
PWY-6700: queuosine biosynthesis I (de novo)|g__Lactobacillus.s__Lactobacillus_rhamnosus	1.23765e-05
PWY-6700: queuosine biosynthesis I (de novo)|g__Megasphaera.s__Megasphaera_micronuciformis	1.21684e-05
PWY-6700: queuosine biosynthesis I (de novo)|g__Proteus.s__Proteus_mirabilis	5.81825e-06
PWY-6700: queuosine biosynthesis I (de novo)|g__Hafnia.s__Hafnia_alvei	5.38576e-06
PWY-6700: queuosine biosynthesis I (de novo)|g__Fusobacterium.s__Fusobacterium_nucleatum	5.16362e-06
PWY-6700: queuosine biosynthesis I (de novo)|g__Morganella.s__Morganella_morganii	4.44762e-06
PWY-6700: queuosine biosynthesis I (de novo)|g__Haemophilus.s__Haemophilus_parainfluenzae	1.87424e-06
PWY-6700: queuosine biosynthesis I (de novo)|unclassified	1.82438e-06
PWY-6700: queuosine biosynthesis I (de novo)|g__Escherichia.s__Escherichia_fergusonii	1.20178e-06
PWY-6700: queuosine biosynthesis I (de novo)|g__Dialister.s__Dialister_pneumosintes	6.60166e-07
PWY-6700: queuosine biosynthesis I (de novo)|g__Veillonella.s__Veillonella_atypica	3.25425e-07
PWY-6700: queuosine biosynthesis I (de novo)|g__Veillonella.s__Veillonella_dispar	1.16982e-07
PWY-6700: queuosine biosynthesis I (de novo)|g__Veillonella.s__Veillonella_infantium	1.04602e-07
ARG+POLYAMINE-SYN: superpathway of arginine and polyamine biosynthesis	0.000326217
ARG+POLYAMINE-SYN: superpathway of arginine and polyamine biosynthesis|g__Escherichia.s__Escherichia_coli	0.000111694
ARG+POLYAMINE-SYN: superpathway of arginine and polyamine biosynthesis|g__Klebsiella.s__Klebsiella_oxytoca	4.60981e-05
ARG+POLYAMINE-SYN: superpathway of arginine and polyamine biosynthesis|g__Klebsiella.s__Klebsiella_michiganensis	2.31443e-05
ARG+POLYAMINE-SYN: superpathway of arginine and polyamine biosynthesis|unclassified	2.18241e-06
MET-SAM-PWY: superpathway of S-adenosyl-L-methionine biosynthesis	0.000326012
MET-SAM-PWY: superpathway of S-adenosyl-L-methionine biosynthesis|g__Escherichia.s__Escherichia_coli	0.00011871
MET-SAM-PWY: superpathway of S-adenosyl-L-methionine biosynthesis|g__Klebsiella.s__Klebsiella_oxytoca	5.85301e-05
MET-SAM-PWY: superpathway of S-adenosyl-L-methionine biosynthesis|g__Klebsiella.s__Klebsiella_michiganensis	3.8574e-05
MET-SAM-PWY: superpathway of S-adenosyl-L-methionine biosynthesis|g__Proteus.s__Proteus_mirabilis	6.64378e-06
MET-SAM-PWY: superpathway of S-adenosyl-L-methionine biosynthesis|g__Morganella.s__Morganella_morganii	5.74613e-06
MET-SAM-PWY: superpathway of S-adenosyl-L-methionine biosynthesis|unclassified	8.0365e-07
MET-SAM-PWY: superpathway of S-adenosyl-L-methionine biosynthesis|g__Escherichia.s__Escherichia_fergusonii	5.52627e-07
COA-PWY-1: superpathway of coenzyme A biosynthesis III (mammals)	0.000323652
COA-PWY-1: superpathway of coenzyme A biosynthesis III (mammals)|g__Klebsiella.s__Klebsiella_oxytoca	5.00197e-05
COA-PWY-1: superpathway of coenzyme A biosynthesis III (mammals)|g__Escherichia.s__Escherichia_coli	3.6383e-05
COA-PWY-1: superpathway of coenzyme A biosynthesis III (mammals)|g__Klebsiella.s__Klebsiella_michiganensis	2.2757e-05
COA-PWY-1: superpathway of coenzyme A biosynthesis III (mammals)|g__Sutterella.s__Sutterella_sp_CAG_351	1.43565e-05
COA-PWY-1: superpathway of coenzyme A biosynthesis III (mammals)|g__Megasphaera.s__Megasphaera_micronuciformis	1.00623e-05
COA-PWY-1: superpathway of coenzyme A biosynthesis III (mammals)|g__Fusobacterium.s__Fusobacterium_nucleatum	8.29211e-06
COA-PWY-1: superpathway of coenzyme A biosynthesis III (mammals)|g__Lactobacillus.s__Lactobacillus_rhamnosus	7.85309e-06
COA-PWY-1: superpathway of coenzyme A biosynthesis III (mammals)|g__Hafnia.s__Hafnia_alvei	5.82077e-06
COA-PWY-1: superpathway of coenzyme A biosynthesis III (mammals)|g__Morganella.s__Morganella_morganii	4.24224e-06
COA-PWY-1: superpathway of coenzyme A biosynthesis III (mammals)|g__Lactobacillus.s__Lactobacillus_casei_group	2.50991e-06
COA-PWY-1: superpathway of coenzyme A biosynthesis III (mammals)|g__Saccharomyces.s__Saccharomyces_cerevisiae	2.36324e-06
COA-PWY-1: superpathway of coenzyme A biosynthesis III (mammals)|g__Lactobacillus.s__Lactobacillus_plantarum	2.00754e-06
COA-PWY-1: superpathway of coenzyme A biosynthesis III (mammals)|g__Veillonella.s__Veillonella_parvula	1.54741e-06
COA-PWY-1: superpathway of coenzyme A biosynthesis III (mammals)|g__Haemophilus.s__Haemophilus_parainfluenzae	1.38283e-06
COA-PWY-1: superpathway of coenzyme A biosynthesis III (mammals)|unclassified	7.69799e-07
COA-PWY-1: superpathway of coenzyme A biosynthesis III (mammals)|g__Dialister.s__Dialister_pneumosintes	6.20413e-07
COA-PWY-1: superpathway of coenzyme A biosynthesis III (mammals)|g__Veillonella.s__Veillonella_dispar	4.84215e-07
COA-PWY-1: superpathway of coenzyme A biosynthesis III (mammals)|g__Veillonella.s__Veillonella_atypica	4.40185e-07
COA-PWY-1: superpathway of coenzyme A biosynthesis III (mammals)|g__Alistipes.s__Alistipes_onderdonkii	3.81411e-07
COA-PWY-1: superpathway of coenzyme A biosynthesis III (mammals)|g__Lactobacillus.s__Lactobacillus_salivarius	2.18613e-07
PWY0-1261: anhydromuropeptides recycling I	0.000322903
PWY0-1261: anhydromuropeptides recycling I|g__Klebsiella.s__Klebsiella_oxytoca	5.8234e-05
PWY0-1261: anhydromuropeptides recycling I|g__Escherichia.s__Escherichia_coli	4.33651e-05
PWY0-1261: anhydromuropeptides recycling I|g__Klebsiella.s__Klebsiella_michiganensis	2.73392e-05
PWY0-1261: anhydromuropeptides recycling I|g__Morganella.s__Morganella_morganii	6.2629e-06
PWY0-1261: anhydromuropeptides recycling I|g__Proteus.s__Proteus_mirabilis	5.06067e-06
PWY0-1261: anhydromuropeptides recycling I|unclassified	2.41577e-06
PWY0-1261: anhydromuropeptides recycling I|g__Haemophilus.s__Haemophilus_parainfluenzae	1.42944e-06
PWY-6147: 6-hydroxymethyl-dihydropterin diphosphate biosynthesis I	0.000320212
PWY-6147: 6-hydroxymethyl-dihydropterin diphosphate biosynthesis I|g__Escherichia.s__Escherichia_coli	9.35892e-05
PWY-6147: 6-hydroxymethyl-dihydropterin diphosphate biosynthesis I|g__Veillonella.s__Veillonella_parvula	8.37409e-05
PWY-6147: 6-hydroxymethyl-dihydropterin diphosphate biosynthesis I|g__Klebsiella.s__Klebsiella_michiganensis	3.80383e-05
PWY-6147: 6-hydroxymethyl-dihydropterin diphosphate biosynthesis I|g__Klebsiella.s__Klebsiella_oxytoca	3.61417e-05
PWY-6147: 6-hydroxymethyl-dihydropterin diphosphate biosynthesis I|g__Megasphaera.s__Megasphaera_micronuciformis	1.29644e-05
PWY-6147: 6-hydroxymethyl-dihydropterin diphosphate biosynthesis I|g__Proteus.s__Proteus_mirabilis	5.60955e-06
PWY-6147: 6-hydroxymethyl-dihydropterin diphosphate biosynthesis I|g__Morganella.s__Morganella_morganii	4.68736e-06
PWY-6147: 6-hydroxymethyl-dihydropterin diphosphate biosynthesis I|g__Hafnia.s__Hafnia_alvei	4.43769e-06
PWY-6147: 6-hydroxymethyl-dihydropterin diphosphate biosynthesis I|g__Saccharomyces.s__Saccharomyces_cerevisiae	2.47561e-06
PWY-6147: 6-hydroxymethyl-dihydropterin diphosphate biosynthesis I|g__Haemophilus.s__Haemophilus_parainfluenzae	1.5421e-06
PWY-6147: 6-hydroxymethyl-dihydropterin diphosphate biosynthesis I|unclassified	1.45677e-06
PWY-6147: 6-hydroxymethyl-dihydropterin diphosphate biosynthesis I|g__Veillonella.s__Veillonella_dispar	2.70899e-07
PWY-7117: C4 photosynthetic carbon assimilation cycle, PEPCK type	0.000319025
PWY-7117: C4 photosynthetic carbon assimilation cycle, PEPCK type|g__Escherichia.s__Escherichia_coli	0.000139001
PWY-7117: C4 photosynthetic carbon assimilation cycle, PEPCK type|g__Klebsiella.s__Klebsiella_oxytoca	6.45118e-05
PWY-7117: C4 photosynthetic carbon assimilation cycle, PEPCK type|g__Klebsiella.s__Klebsiella_michiganensis	5.67849e-05
PWY-7117: C4 photosynthetic carbon assimilation cycle, PEPCK type|g__Hafnia.s__Hafnia_alvei	7.31081e-06
PWY-7117: C4 photosynthetic carbon assimilation cycle, PEPCK type|g__Morganella.s__Morganella_morganii	6.49612e-06
PWY-7117: C4 photosynthetic carbon assimilation cycle, PEPCK type|g__Proteus.s__Proteus_mirabilis	5.54264e-06
PWY-7117: C4 photosynthetic carbon assimilation cycle, PEPCK type|g__Haemophilus.s__Haemophilus_parainfluenzae	2.05047e-06
PWY-7117: C4 photosynthetic carbon assimilation cycle, PEPCK type|unclassified	1.48962e-06
PWY-7117: C4 photosynthetic carbon assimilation cycle, PEPCK type|g__Escherichia.s__Escherichia_fergusonii	6.33561e-08
PWY-7211: superpathway of pyrimidine deoxyribonucleotides de novo biosynthesis	0.000318013
PWY-7211: superpathway of pyrimidine deoxyribonucleotides de novo biosynthesis|g__Klebsiella.s__Klebsiella_oxytoca	4.80662e-05
PWY-7211: superpathway of pyrimidine deoxyribonucleotides de novo biosynthesis|g__Escherichia.s__Escherichia_coli	3.15493e-05
PWY-7211: superpathway of pyrimidine deoxyribonucleotides de novo biosynthesis|g__Klebsiella.s__Klebsiella_michiganensis	1.51289e-06
PWY-7211: superpathway of pyrimidine deoxyribonucleotides de novo biosynthesis|unclassified	2.28613e-07
NONMEVIPP-PWY: methylerythritol phosphate pathway I	0.0003161
NONMEVIPP-PWY: methylerythritol phosphate pathway I|g__Escherichia.s__Escherichia_coli	8.88004e-05
NONMEVIPP-PWY: methylerythritol phosphate pathway I|g__Klebsiella.s__Klebsiella_oxytoca	6.02058e-05
NONMEVIPP-PWY: methylerythritol phosphate pathway I|g__Klebsiella.s__Klebsiella_michiganensis	3.38621e-05
NONMEVIPP-PWY: methylerythritol phosphate pathway I|g__Veillonella.s__Veillonella_parvula	8.44706e-06
NONMEVIPP-PWY: methylerythritol phosphate pathway I|g__Hafnia.s__Hafnia_alvei	6.02175e-06
NONMEVIPP-PWY: methylerythritol phosphate pathway I|g__Proteus.s__Proteus_mirabilis	5.86768e-06
NONMEVIPP-PWY: methylerythritol phosphate pathway I|g__Morganella.s__Morganella_morganii	5.34035e-06
NONMEVIPP-PWY: methylerythritol phosphate pathway I|g__Haemophilus.s__Haemophilus_parainfluenzae	1.76531e-06
NONMEVIPP-PWY: methylerythritol phosphate pathway I|g__Veillonella.s__Veillonella_atypica	8.11973e-07
NONMEVIPP-PWY: methylerythritol phosphate pathway I|g__Dialister.s__Dialister_pneumosintes	5.54984e-07
NONMEVIPP-PWY: methylerythritol phosphate pathway I|g__Alistipes.s__Alistipes_onderdonkii	4.95215e-07
NONMEVIPP-PWY: methylerythritol phosphate pathway I|unclassified	2.91652e-07
NONMEVIPP-PWY: methylerythritol phosphate pathway I|g__Veillonella.s__Veillonella_dispar	2.13724e-07
PWY-7560: methylerythritol phosphate pathway II	0.0003161
PWY-7560: methylerythritol phosphate pathway II|g__Escherichia.s__Escherichia_coli	8.93218e-05
PWY-7560: methylerythritol phosphate pathway II|g__Klebsiella.s__Klebsiella_oxytoca	6.02058e-05
PWY-7560: methylerythritol phosphate pathway II|g__Hafnia.s__Hafnia_alvei	6.02175e-06
PWY-7560: methylerythritol phosphate pathway II|g__Proteus.s__Proteus_mirabilis	5.86768e-06
PWY-7560: methylerythritol phosphate pathway II|g__Klebsiella.s__Klebsiella_michiganensis	5.49723e-06
PWY-7560: methylerythritol phosphate pathway II|g__Morganella.s__Morganella_morganii	5.1208e-06
PWY-7560: methylerythritol phosphate pathway II|unclassified	1.76725e-07
SO4ASSIM-PWY: assimilatory sulfate reduction I	0.00031559
SO4ASSIM-PWY: assimilatory sulfate reduction I|g__Escherichia.s__Escherichia_coli	0.000134604
SO4ASSIM-PWY: assimilatory sulfate reduction I|g__Klebsiella.s__Klebsiella_oxytoca	0.000121537
SO4ASSIM-PWY: assimilatory sulfate reduction I|g__Klebsiella.s__Klebsiella_michiganensis	3.03699e-05
SO4ASSIM-PWY: assimilatory sulfate reduction I|g__Hafnia.s__Hafnia_alvei	6.78033e-06
SO4ASSIM-PWY: assimilatory sulfate reduction I|g__Proteus.s__Proteus_mirabilis	6.0503e-06
SO4ASSIM-PWY: assimilatory sulfate reduction I|unclassified	3.1295e-06
SO4ASSIM-PWY: assimilatory sulfate reduction I|g__Saccharomyces.s__Saccharomyces_cerevisiae	3.04062e-06
SO4ASSIM-PWY: assimilatory sulfate reduction I|g__Haemophilus.s__Haemophilus_parainfluenzae	2.31117e-06
SO4ASSIM-PWY: assimilatory sulfate reduction I|g__Escherichia.s__Escherichia_fergusonii	1.41533e-06
DAPLYSINESYN-PWY: L-lysine biosynthesis I	0.000314085
DAPLYSINESYN-PWY: L-lysine biosynthesis I|g__Escherichia.s__Escherichia_coli	0.000101157
DAPLYSINESYN-PWY: L-lysine biosynthesis I|g__Klebsiella.s__Klebsiella_oxytoca	6.81972e-05
DAPLYSINESYN-PWY: L-lysine biosynthesis I|g__Klebsiella.s__Klebsiella_michiganensis	3.74413e-05
DAPLYSINESYN-PWY: L-lysine biosynthesis I|g__Proteus.s__Proteus_mirabilis	7.27846e-06
DAPLYSINESYN-PWY: L-lysine biosynthesis I|g__Hafnia.s__Hafnia_alvei	5.73668e-06
DAPLYSINESYN-PWY: L-lysine biosynthesis I|g__Morganella.s__Morganella_morganii	5.45263e-06
DAPLYSINESYN-PWY: L-lysine biosynthesis I|g__Haemophilus.s__Haemophilus_parainfluenzae	1.7533e-06
DAPLYSINESYN-PWY: L-lysine biosynthesis I|unclassified	8.4827e-07
DAPLYSINESYN-PWY: L-lysine biosynthesis I|g__Escherichia.s__Escherichia_fergusonii	6.10339e-08
PWY0-301: L-ascorbate degradation I (bacterial, anaerobic)	0.00031333
PWY0-301: L-ascorbate degradation I (bacterial, anaerobic)|g__Escherichia.s__Escherichia_coli	0.000118047
PWY0-301: L-ascorbate degradation I (bacterial, anaerobic)|g__Klebsiella.s__Klebsiella_oxytoca	7.83757e-05
PWY0-301: L-ascorbate degradation I (bacterial, anaerobic)|g__Klebsiella.s__Klebsiella_michiganensis	7.16065e-05
PWY0-301: L-ascorbate degradation I (bacterial, anaerobic)|g__Lactobacillus.s__Lactobacillus_rhamnosus	1.83595e-05
PWY0-301: L-ascorbate degradation I (bacterial, anaerobic)|g__Hafnia.s__Hafnia_alvei	1.04316e-05
PWY0-301: L-ascorbate degradation I (bacterial, anaerobic)|g__Escherichia.s__Escherichia_fergusonii	2.8778e-06
PWY0-301: L-ascorbate degradation I (bacterial, anaerobic)|g__Lactobacillus.s__Lactobacillus_casei_group	2.54608e-06
PWY0-301: L-ascorbate degradation I (bacterial, anaerobic)|unclassified	1.13946e-06
COA-PWY: coenzyme A biosynthesis I (prokaryotic)	0.000310614
COA-PWY: coenzyme A biosynthesis I (prokaryotic)|g__Veillonella.s__Veillonella_parvula	8.15788e-05
COA-PWY: coenzyme A biosynthesis I (prokaryotic)|g__Klebsiella.s__Klebsiella_oxytoca	4.95025e-05
COA-PWY: coenzyme A biosynthesis I (prokaryotic)|g__Escherichia.s__Escherichia_coli	3.13241e-05
COA-PWY: coenzyme A biosynthesis I (prokaryotic)|g__Klebsiella.s__Klebsiella_michiganensis	2.99963e-05
COA-PWY: coenzyme A biosynthesis I (prokaryotic)|g__Sutterella.s__Sutterella_sp_CAG_351	1.61008e-05
COA-PWY: coenzyme A biosynthesis I (prokaryotic)|unclassified	1.13893e-05
COA-PWY: coenzyme A biosynthesis I (prokaryotic)|g__Megasphaera.s__Megasphaera_micronuciformis	1.00932e-05
COA-PWY: coenzyme A biosynthesis I (prokaryotic)|g__Fusobacterium.s__Fusobacterium_nucleatum	7.07027e-06
COA-PWY: coenzyme A biosynthesis I (prokaryotic)|g__Lactobacillus.s__Lactobacillus_rhamnosus	6.57045e-06
COA-PWY: coenzyme A biosynthesis I (prokaryotic)|g__Lactobacillus.s__Lactobacillus_casei_group	6.12186e-06
COA-PWY: coenzyme A biosynthesis I (prokaryotic)|g__Hafnia.s__Hafnia_alvei	5.36579e-06
COA-PWY: coenzyme A biosynthesis I (prokaryotic)|g__Lactobacillus.s__Lactobacillus_plantarum	4.72463e-06
COA-PWY: coenzyme A biosynthesis I (prokaryotic)|g__Escherichia.s__Escherichia_fergusonii	4.67662e-06
COA-PWY: coenzyme A biosynthesis I (prokaryotic)|g__Morganella.s__Morganella_morganii	4.4171e-06
COA-PWY: coenzyme A biosynthesis I (prokaryotic)|g__Saccharomyces.s__Saccharomyces_cerevisiae	2.21875e-06
COA-PWY: coenzyme A biosynthesis I (prokaryotic)|g__Haemophilus.s__Haemophilus_parainfluenzae	1.76223e-06
COA-PWY: coenzyme A biosynthesis I (prokaryotic)|g__Dialister.s__Dialister_pneumosintes	6.97653e-07
COA-PWY: coenzyme A biosynthesis I (prokaryotic)|g__Veillonella.s__Veillonella_atypica	6.48859e-07
COA-PWY: coenzyme A biosynthesis I (prokaryotic)|g__Alistipes.s__Alistipes_onderdonkii	5.75483e-07
COA-PWY: coenzyme A biosynthesis I (prokaryotic)|g__Veillonella.s__Veillonella_dispar	4.02705e-07
COA-PWY: coenzyme A biosynthesis I (prokaryotic)|g__Lactobacillus.s__Lactobacillus_salivarius	2.08367e-07
COA-PWY: coenzyme A biosynthesis I (prokaryotic)|g__Lactobacillus.s__Lactobacillus_pentosus	1.30808e-07
COA-PWY: coenzyme A biosynthesis I (prokaryotic)|g__Pyramidobacter.s__Pyramidobacter_piscolens	9.80334e-08
COA-PWY: coenzyme A biosynthesis I (prokaryotic)|g__Alistipes.s__Alistipes_finegoldii	8.08168e-08
COA-PWY: coenzyme A biosynthesis I (prokaryotic)|g__Veillonella.s__Veillonella_infantium	4.26307e-08
PWY-7851: coenzyme A biosynthesis II (eukaryotic)	0.000310614
PWY-7851: coenzyme A biosynthesis II (eukaryotic)|g__Klebsiella.s__Klebsiella_oxytoca	4.7924e-05
PWY-7851: coenzyme A biosynthesis II (eukaryotic)|g__Escherichia.s__Escherichia_coli	3.13241e-05
PWY-7851: coenzyme A biosynthesis II (eukaryotic)|g__Klebsiella.s__Klebsiella_michiganensis	2.99963e-05
PWY-7851: coenzyme A biosynthesis II (eukaryotic)|g__Sutterella.s__Sutterella_sp_CAG_351	1.43713e-05
PWY-7851: coenzyme A biosynthesis II (eukaryotic)|g__Megasphaera.s__Megasphaera_micronuciformis	1.00932e-05
PWY-7851: coenzyme A biosynthesis II (eukaryotic)|g__Fusobacterium.s__Fusobacterium_nucleatum	7.07027e-06
PWY-7851: coenzyme A biosynthesis II (eukaryotic)|g__Lactobacillus.s__Lactobacillus_rhamnosus	6.57045e-06
PWY-7851: coenzyme A biosynthesis II (eukaryotic)|g__Hafnia.s__Hafnia_alvei	5.21075e-06
PWY-7851: coenzyme A biosynthesis II (eukaryotic)|g__Lactobacillus.s__Lactobacillus_plantarum	4.72463e-06
PWY-7851: coenzyme A biosynthesis II (eukaryotic)|g__Morganella.s__Morganella_morganii	4.4171e-06
PWY-7851: coenzyme A biosynthesis II (eukaryotic)|g__Lactobacillus.s__Lactobacillus_casei_group	2.95981e-06
PWY-7851: coenzyme A biosynthesis II (eukaryotic)|g__Saccharomyces.s__Saccharomyces_cerevisiae	2.21875e-06
PWY-7851: coenzyme A biosynthesis II (eukaryotic)|g__Haemophilus.s__Haemophilus_parainfluenzae	1.32956e-06
PWY-7851: coenzyme A biosynthesis II (eukaryotic)|g__Veillonella.s__Veillonella_parvula	1.25282e-06
PWY-7851: coenzyme A biosynthesis II (eukaryotic)|g__Veillonella.s__Veillonella_atypica	6.48859e-07
PWY-7851: coenzyme A biosynthesis II (eukaryotic)|g__Dialister.s__Dialister_pneumosintes	6.219e-07
PWY-7851: coenzyme A biosynthesis II (eukaryotic)|unclassified	6.17701e-07
PWY-7851: coenzyme A biosynthesis II (eukaryotic)|g__Veillonella.s__Veillonella_dispar	3.95677e-07
PWY-7851: coenzyme A biosynthesis II (eukaryotic)|g__Alistipes.s__Alistipes_onderdonkii	3.59311e-07
PWY-7851: coenzyme A biosynthesis II (eukaryotic)|g__Lactobacillus.s__Lactobacillus_salivarius	1.90837e-07
PWY-6305: superpathway of putrescine biosynthesis	0.000307985
PWY-6305: superpathway of putrescine biosynthesis|g__Escherichia.s__Escherichia_coli	0.000157826
PWY-6305: superpathway of putrescine biosynthesis|g__Klebsiella.s__Klebsiella_oxytoca	6.59347e-05
PWY-6305: superpathway of putrescine biosynthesis|g__Klebsiella.s__Klebsiella_michiganensis	2.13814e-05
PWY-6305: superpathway of putrescine biosynthesis|g__Proteus.s__Proteus_mirabilis	6.73073e-06
PWY-6305: superpathway of putrescine biosynthesis|g__Hafnia.s__Hafnia_alvei	5.51764e-06
PWY-6305: superpathway of putrescine biosynthesis|g__Morganella.s__Morganella_morganii	3.78069e-06
PWY-6305: superpathway of putrescine biosynthesis|unclassified	7.09178e-07
PWY-6305: superpathway of putrescine biosynthesis|g__Escherichia.s__Escherichia_fergusonii	1.61915e-08
GLYCOLYSIS-E-D: superpathway of glycolysis and the Entner-Doudoroff pathway	0.000307223
GLYCOLYSIS-E-D: superpathway of glycolysis and the Entner-Doudoroff pathway|g__Escherichia.s__Escherichia_coli	0.00010878
GLYCOLYSIS-E-D: superpathway of glycolysis and the Entner-Doudoroff pathway|g__Klebsiella.s__Klebsiella_oxytoca	4.99661e-05
GLYCOLYSIS-E-D: superpathway of glycolysis and the Entner-Doudoroff pathway|g__Klebsiella.s__Klebsiella_michiganensis	2.98651e-05
GLYCOLYSIS-E-D: superpathway of glycolysis and the Entner-Doudoroff pathway|g__Hafnia.s__Hafnia_alvei	5.048e-06
PWY-6545: pyrimidine deoxyribonucleotides de novo biosynthesis III	0.000305694
PWY-6545: pyrimidine deoxyribonucleotides de novo biosynthesis III|g__Klebsiella.s__Klebsiella_oxytoca	4.36936e-05
PWY-6545: pyrimidine deoxyribonucleotides de novo biosynthesis III|g__Klebsiella.s__Klebsiella_michiganensis	3.91042e-05
PWY-6545: pyrimidine deoxyribonucleotides de novo biosynthesis III|g__Escherichia.s__Escherichia_coli	2.00716e-05
PWY-6545: pyrimidine deoxyribonucleotides de novo biosynthesis III|unclassified	1.68631e-07
POLYAMSYN-PWY: superpathway of polyamine biosynthesis I	0.000304403
POLYAMSYN-PWY: superpathway of polyamine biosynthesis I|g__Escherichia.s__Escherichia_coli	0.000101313
POLYAMSYN-PWY: superpathway of polyamine biosynthesis I|g__Klebsiella.s__Klebsiella_oxytoca	5.17727e-05
POLYAMSYN-PWY: superpathway of polyamine biosynthesis I|g__Klebsiella.s__Klebsiella_michiganensis	1.93615e-05
POLYAMSYN-PWY: superpathway of polyamine biosynthesis I|unclassified	1.22842e-06
POLYAMSYN-PWY: superpathway of polyamine biosynthesis I|g__Escherichia.s__Escherichia_fergusonii	6.20673e-08
PANTOSYN-PWY: superpathway of coenzyme A biosynthesis I (bacteria)	0.000303641
PANTOSYN-PWY: superpathway of coenzyme A biosynthesis I (bacteria)|g__Klebsiella.s__Klebsiella_oxytoca	5.12665e-05
PANTOSYN-PWY: superpathway of coenzyme A biosynthesis I (bacteria)|g__Escherichia.s__Escherichia_coli	5.05496e-05
PANTOSYN-PWY: superpathway of coenzyme A biosynthesis I (bacteria)|g__Klebsiella.s__Klebsiella_michiganensis	2.9565e-05
PANTOSYN-PWY: superpathway of coenzyme A biosynthesis I (bacteria)|g__Hafnia.s__Hafnia_alvei	5.28501e-06
PANTOSYN-PWY: superpathway of coenzyme A biosynthesis I (bacteria)|unclassified	1.26947e-06
PANTOSYN-PWY: superpathway of coenzyme A biosynthesis I (bacteria)|g__Alistipes.s__Alistipes_onderdonkii	2.38367e-07
PWY0-162: superpathway of pyrimidine ribonucleotides de novo biosynthesis	0.00030356
PWY0-162: superpathway of pyrimidine ribonucleotides de novo biosynthesis|g__Escherichia.s__Escherichia_coli	7.12251e-05
PWY0-162: superpathway of pyrimidine ribonucleotides de novo biosynthesis|g__Klebsiella.s__Klebsiella_oxytoca	4.68732e-05
PWY0-162: superpathway of pyrimidine ribonucleotides de novo biosynthesis|g__Klebsiella.s__Klebsiella_michiganensis	3.42359e-05
PWY0-162: superpathway of pyrimidine ribonucleotides de novo biosynthesis|g__Proteus.s__Proteus_mirabilis	8.76462e-06
PWY0-162: superpathway of pyrimidine ribonucleotides de novo biosynthesis|g__Morganella.s__Morganella_morganii	5.05935e-06
PWY0-162: superpathway of pyrimidine ribonucleotides de novo biosynthesis|g__Hafnia.s__Hafnia_alvei	4.92148e-06
PWY0-162: superpathway of pyrimidine ribonucleotides de novo biosynthesis|g__Saccharomyces.s__Saccharomyces_cerevisiae	3.48492e-06
PWY0-162: superpathway of pyrimidine ribonucleotides de novo biosynthesis|unclassified	3.13421e-07
PWY-6892: thiazole component of thiamine diphosphate biosynthesis I	0.000303337
PWY-6892: thiazole component of thiamine diphosphate biosynthesis I|g__Escherichia.s__Escherichia_coli	0.000131966
PWY-6892: thiazole component of thiamine diphosphate biosynthesis I|g__Klebsiella.s__Klebsiella_oxytoca	9.07031e-05
PWY-6892: thiazole component of thiamine diphosphate biosynthesis I|g__Klebsiella.s__Klebsiella_michiganensis	4.66117e-05
PWY-6892: thiazole component of thiamine diphosphate biosynthesis I|g__Proteus.s__Proteus_mirabilis	6.99355e-06
PWY-6892: thiazole component of thiamine diphosphate biosynthesis I|g__Morganella.s__Morganella_morganii	5.55063e-06
PWY-6892: thiazole component of thiamine diphosphate biosynthesis I|g__Hafnia.s__Hafnia_alvei	4.68055e-06
PWY-6892: thiazole component of thiamine diphosphate biosynthesis I|g__Escherichia.s__Escherichia_fergusonii	4.33097e-07
PWY-6892: thiazole component of thiamine diphosphate biosynthesis I|unclassified	3.22931e-07
TRPSYN-PWY: L-tryptophan biosynthesis	0.000303046
TRPSYN-PWY: L-tryptophan biosynthesis|g__Escherichia.s__Escherichia_coli	6.35359e-05
TRPSYN-PWY: L-tryptophan biosynthesis|g__Klebsiella.s__Klebsiella_oxytoca	4.85743e-05
TRPSYN-PWY: L-tryptophan biosynthesis|g__Veillonella.s__Veillonella_parvula	3.1384e-05
TRPSYN-PWY: L-tryptophan biosynthesis|g__Klebsiella.s__Klebsiella_michiganensis	2.97519e-05
TRPSYN-PWY: L-tryptophan biosynthesis|g__Sutterella.s__Sutterella_sp_CAG_351	1.72859e-05
TRPSYN-PWY: L-tryptophan biosynthesis|g__Morganella.s__Morganella_morganii	7.38853e-06
TRPSYN-PWY: L-tryptophan biosynthesis|g__Hafnia.s__Hafnia_alvei	6.41482e-06
TRPSYN-PWY: L-tryptophan biosynthesis|g__Proteus.s__Proteus_mirabilis	5.48439e-06
TRPSYN-PWY: L-tryptophan biosynthesis|unclassified	4.44078e-06
TRPSYN-PWY: L-tryptophan biosynthesis|g__Escherichia.s__Escherichia_fergusonii	3.18989e-06
TRPSYN-PWY: L-tryptophan biosynthesis|g__Saccharomyces.s__Saccharomyces_cerevisiae	3.12539e-06
TRPSYN-PWY: L-tryptophan biosynthesis|g__Haemophilus.s__Haemophilus_parainfluenzae	2.15661e-06
TRPSYN-PWY: L-tryptophan biosynthesis|g__Veillonella.s__Veillonella_atypica	1.57791e-06
TRPSYN-PWY: L-tryptophan biosynthesis|g__Lactobacillus.s__Lactobacillus_pentosus	2.62094e-07
SULFATE-CYS-PWY: superpathway of sulfate assimilation and cysteine biosynthesis	0.000302868
SULFATE-CYS-PWY: superpathway of sulfate assimilation and cysteine biosynthesis|g__Escherichia.s__Escherichia_coli	0.000117682
SULFATE-CYS-PWY: superpathway of sulfate assimilation and cysteine biosynthesis|g__Klebsiella.s__Klebsiella_oxytoca	7.13436e-05
SULFATE-CYS-PWY: superpathway of sulfate assimilation and cysteine biosynthesis|g__Klebsiella.s__Klebsiella_michiganensis	2.65397e-05
SULFATE-CYS-PWY: superpathway of sulfate assimilation and cysteine biosynthesis|g__Proteus.s__Proteus_mirabilis	6.11319e-06
SULFATE-CYS-PWY: superpathway of sulfate assimilation and cysteine biosynthesis|g__Hafnia.s__Hafnia_alvei	5.49361e-06
SULFATE-CYS-PWY: superpathway of sulfate assimilation and cysteine biosynthesis|g__Saccharomyces.s__Saccharomyces_cerevisiae	2.13618e-06
SULFATE-CYS-PWY: superpathway of sulfate assimilation and cysteine biosynthesis|g__Haemophilus.s__Haemophilus_parainfluenzae	1.89984e-06
SULFATE-CYS-PWY: superpathway of sulfate assimilation and cysteine biosynthesis|g__Escherichia.s__Escherichia_fergusonii	1.58971e-07
GALACTARDEG-PWY: D-galactarate degradation I	0.000302097
GALACTARDEG-PWY: D-galactarate degradation I|g__Escherichia.s__Escherichia_coli	0.000172536
GALACTARDEG-PWY: D-galactarate degradation I|g__Klebsiella.s__Klebsiella_oxytoca	8.27289e-05
GALACTARDEG-PWY: D-galactarate degradation I|g__Klebsiella.s__Klebsiella_michiganensis	3.74334e-05
GALACTARDEG-PWY: D-galactarate degradation I|unclassified	5.13469e-07
GALACTARDEG-PWY: D-galactarate degradation I|g__Escherichia.s__Escherichia_fergusonii	2.54044e-07
GLUCARGALACTSUPER-PWY: superpathway of D-glucarate and D-galactarate degradation	0.000302097
GLUCARGALACTSUPER-PWY: superpathway of D-glucarate and D-galactarate degradation|g__Escherichia.s__Escherichia_coli	0.000172536
GLUCARGALACTSUPER-PWY: superpathway of D-glucarate and D-galactarate degradation|g__Klebsiella.s__Klebsiella_oxytoca	8.27289e-05
GLUCARGALACTSUPER-PWY: superpathway of D-glucarate and D-galactarate degradation|g__Klebsiella.s__Klebsiella_michiganensis	3.74334e-05
GLUCARGALACTSUPER-PWY: superpathway of D-glucarate and D-galactarate degradation|unclassified	5.13469e-07
GLUCARGALACTSUPER-PWY: superpathway of D-glucarate and D-galactarate degradation|g__Escherichia.s__Escherichia_fergusonii	2.54044e-07
HISTSYN-PWY: L-histidine biosynthesis	0.000301663
HISTSYN-PWY: L-histidine biosynthesis|g__Veillonella.s__Veillonella_parvula	7.76285e-05
HISTSYN-PWY: L-histidine biosynthesis|g__Escherichia.s__Escherichia_coli	5.00311e-05
HISTSYN-PWY: L-histidine biosynthesis|g__Klebsiella.s__Klebsiella_oxytoca	4.82963e-05
HISTSYN-PWY: L-histidine biosynthesis|g__Klebsiella.s__Klebsiella_michiganensis	2.45661e-05
HISTSYN-PWY: L-histidine biosynthesis|g__Sutterella.s__Sutterella_sp_CAG_351	1.66463e-05
HISTSYN-PWY: L-histidine biosynthesis|g__Lactobacillus.s__Lactobacillus_rhamnosus	7.90317e-06
HISTSYN-PWY: L-histidine biosynthesis|g__Morganella.s__Morganella_morganii	5.51828e-06
HISTSYN-PWY: L-histidine biosynthesis|g__Lactobacillus.s__Lactobacillus_plantarum	5.41141e-06
HISTSYN-PWY: L-histidine biosynthesis|g__Proteus.s__Proteus_mirabilis	4.94987e-06
HISTSYN-PWY: L-histidine biosynthesis|g__Lactobacillus.s__Lactobacillus_casei_group	4.84771e-06
HISTSYN-PWY: L-histidine biosynthesis|unclassified	3.21763e-06
HISTSYN-PWY: L-histidine biosynthesis|g__Saccharomyces.s__Saccharomyces_cerevisiae	3.11364e-06
HISTSYN-PWY: L-histidine biosynthesis|g__Escherichia.s__Escherichia_fergusonii	1.19476e-06
HISTSYN-PWY: L-histidine biosynthesis|g__Veillonella.s__Veillonella_atypica	7.78455e-07
HISTSYN-PWY: L-histidine biosynthesis|g__Alistipes.s__Alistipes_onderdonkii	5.07871e-07
HISTSYN-PWY: L-histidine biosynthesis|g__Alistipes.s__Alistipes_finegoldii	1.40642e-07
HISTSYN-PWY: L-histidine biosynthesis|g__Lactobacillus.s__Lactobacillus_pentosus	1.26125e-07
PWY66-409: superpathway of purine nucleotide salvage	0.000299008
PWY66-409: superpathway of purine nucleotide salvage|g__Escherichia.s__Escherichia_coli	8.12159e-05
PWY66-409: superpathway of purine nucleotide salvage|g__Klebsiella.s__Klebsiella_oxytoca	4.60954e-05
PWY66-409: superpathway of purine nucleotide salvage|g__Klebsiella.s__Klebsiella_michiganensis	2.77966e-05
PWY66-409: superpathway of purine nucleotide salvage|g__Lactobacillus.s__Lactobacillus_rhamnosus	1.33998e-05
PWY66-409: superpathway of purine nucleotide salvage|g__Hafnia.s__Hafnia_alvei	6.24348e-06
PWY66-409: superpathway of purine nucleotide salvage|g__Morganella.s__Morganella_morganii	5.57483e-06
PWY66-409: superpathway of purine nucleotide salvage|g__Proteus.s__Proteus_mirabilis	4.91857e-06
PWY66-409: superpathway of purine nucleotide salvage|g__Saccharomyces.s__Saccharomyces_cerevisiae	2.66329e-06
PWY66-409: superpathway of purine nucleotide salvage|g__Lactobacillus.s__Lactobacillus_casei_group	2.48241e-06
PWY-6317: D-galactose degradation I (Leloir pathway)	0.000298004
PWY-6317: D-galactose degradation I (Leloir pathway)|g__Escherichia.s__Escherichia_coli	0.000121753
PWY-6317: D-galactose degradation I (Leloir pathway)|g__Klebsiella.s__Klebsiella_oxytoca	4.93764e-05
PWY-6317: D-galactose degradation I (Leloir pathway)|g__Klebsiella.s__Klebsiella_michiganensis	2.8808e-05
PWY-6317: D-galactose degradation I (Leloir pathway)|g__Lactobacillus.s__Lactobacillus_plantarum	2.56067e-05
PWY-6317: D-galactose degradation I (Leloir pathway)|g__Lactobacillus.s__Lactobacillus_rhamnosus	1.00709e-05
PWY-6317: D-galactose degradation I (Leloir pathway)|g__Fusobacterium.s__Fusobacterium_nucleatum	9.48609e-06
PWY-6317: D-galactose degradation I (Leloir pathway)|g__Morganella.s__Morganella_morganii	5.92396e-06
PWY-6317: D-galactose degradation I (Leloir pathway)|g__Hafnia.s__Hafnia_alvei	4.86729e-06
PWY-6317: D-galactose degradation I (Leloir pathway)|g__Proteus.s__Proteus_mirabilis	4.36214e-06
PWY-6317: D-galactose degradation I (Leloir pathway)|g__Saccharomyces.s__Saccharomyces_cerevisiae	3.95171e-06
PWY-6317: D-galactose degradation I (Leloir pathway)|g__Lactobacillus.s__Lactobacillus_casei_group	2.25183e-06
PWY-6317: D-galactose degradation I (Leloir pathway)|g__Haemophilus.s__Haemophilus_parainfluenzae	1.94122e-06
PWY-6317: D-galactose degradation I (Leloir pathway)|unclassified	1.90847e-06
PWY-6317: D-galactose degradation I (Leloir pathway)|g__Escherichia.s__Escherichia_fergusonii	1.24432e-06
PWY-6317: D-galactose degradation I (Leloir pathway)|g__Lactobacillus.s__Lactobacillus_pentosus	1.52542e-07
PWY-7328: superpathway of UDP-glucose-derived O-antigen building blocks biosynthesis	0.000295913
PWY-7328: superpathway of UDP-glucose-derived O-antigen building blocks biosynthesis|g__Klebsiella.s__Klebsiella_oxytoca	3.33778e-05
PWY-7328: superpathway of UDP-glucose-derived O-antigen building blocks biosynthesis|g__Klebsiella.s__Klebsiella_michiganensis	2.16785e-05
PWY-7328: superpathway of UDP-glucose-derived O-antigen building blocks biosynthesis|unclassified	2.49221e-06
PWY-6902: chitin degradation II (Vibrio)	0.000294281
PWY-6902: chitin degradation II (Vibrio)|g__Klebsiella.s__Klebsiella_oxytoca	9.88839e-05
PWY-6902: chitin degradation II (Vibrio)|g__Klebsiella.s__Klebsiella_michiganensis	3.68712e-05
PWY-6902: chitin degradation II (Vibrio)|g__Lactobacillus.s__Lactobacillus_plantarum	9.97038e-06
PWY-6902: chitin degradation II (Vibrio)|g__Escherichia.s__Escherichia_coli	8.91427e-06
PWY-6902: chitin degradation II (Vibrio)|g__Hafnia.s__Hafnia_alvei	6.69214e-06
PWY-6902: chitin degradation II (Vibrio)|unclassified	9.23686e-07
PWY0-1479: tRNA processing	0.000293923
PWY0-1479: tRNA processing|g__Escherichia.s__Escherichia_coli	9.60514e-05
PWY0-1479: tRNA processing|g__Klebsiella.s__Klebsiella_oxytoca	5.05938e-05
PWY0-1479: tRNA processing|g__Klebsiella.s__Klebsiella_michiganensis	3.28697e-05
PWY0-1479: tRNA processing|g__Proteus.s__Proteus_mirabilis	6.04437e-06
PWY0-1479: tRNA processing|g__Morganella.s__Morganella_morganii	4.78352e-06
PWY0-1479: tRNA processing|g__Hafnia.s__Hafnia_alvei	4.68378e-06
PWY0-1479: tRNA processing|unclassified	1.46027e-06
PWY0-1479: tRNA processing|g__Haemophilus.s__Haemophilus_parainfluenzae	9.85276e-07
PWY-6270: isoprene biosynthesis I	0.000293243
PWY-6270: isoprene biosynthesis I|g__Escherichia.s__Escherichia_coli	5.58124e-05
PWY-6270: isoprene biosynthesis I|g__Klebsiella.s__Klebsiella_oxytoca	5.21602e-05
PWY-6270: isoprene biosynthesis I|g__Klebsiella.s__Klebsiella_michiganensis	6.13531e-06
PWY-6270: isoprene biosynthesis I|g__Hafnia.s__Hafnia_alvei	5.64086e-06
PWY-6270: isoprene biosynthesis I|g__Morganella.s__Morganella_morganii	5.17467e-06
PWY-6270: isoprene biosynthesis I|g__Proteus.s__Proteus_mirabilis	4.54057e-06
P185-PWY: formaldehyde assimilation III (dihydroxyacetone cycle)	0.00029257
P185-PWY: formaldehyde assimilation III (dihydroxyacetone cycle)|g__Klebsiella.s__Klebsiella_oxytoca	6.39636e-05
P185-PWY: formaldehyde assimilation III (dihydroxyacetone cycle)|g__Klebsiella.s__Klebsiella_michiganensis	3.64057e-05
P185-PWY: formaldehyde assimilation III (dihydroxyacetone cycle)|g__Hafnia.s__Hafnia_alvei	5.62418e-06
P185-PWY: formaldehyde assimilation III (dihydroxyacetone cycle)|g__Morganella.s__Morganella_morganii	4.97223e-06
P185-PWY: formaldehyde assimilation III (dihydroxyacetone cycle)|g__Proteus.s__Proteus_mirabilis	3.63506e-06
P185-PWY: formaldehyde assimilation III (dihydroxyacetone cycle)|g__Saccharomyces.s__Saccharomyces_cerevisiae	2.36603e-06
P185-PWY: formaldehyde assimilation III (dihydroxyacetone cycle)|unclassified	9.41195e-07
P185-PWY: formaldehyde assimilation III (dihydroxyacetone cycle)|g__Lactobacillus.s__Lactobacillus_plantarum	7.45418e-07
PWY-7234: inosine-5'-phosphate biosynthesis III	0.000291025
PWY-7234: inosine-5'-phosphate biosynthesis III|g__Escherichia.s__Escherichia_coli	6.17747e-05
PWY-7234: inosine-5'-phosphate biosynthesis III|g__Klebsiella.s__Klebsiella_oxytoca	4.15323e-05
PWY-7234: inosine-5'-phosphate biosynthesis III|g__Klebsiella.s__Klebsiella_michiganensis	2.3791e-05
PWY-7234: inosine-5'-phosphate biosynthesis III|g__Sutterella.s__Sutterella_sp_CAG_351	1.57062e-05
PWY-7234: inosine-5'-phosphate biosynthesis III|unclassified	1.12267e-05
PWY-7234: inosine-5'-phosphate biosynthesis III|g__Lactobacillus.s__Lactobacillus_rhamnosus	9.36371e-06
PWY-7234: inosine-5'-phosphate biosynthesis III|g__Morganella.s__Morganella_morganii	4.28566e-06
PWY-7234: inosine-5'-phosphate biosynthesis III|g__Proteus.s__Proteus_mirabilis	3.42698e-06
PWY-7234: inosine-5'-phosphate biosynthesis III|g__Lactobacillus.s__Lactobacillus_casei_group	2.26556e-06
PWY-7234: inosine-5'-phosphate biosynthesis III|g__Haemophilus.s__Haemophilus_parainfluenzae	1.23427e-06
PWY-7234: inosine-5'-phosphate biosynthesis III|g__Alistipes.s__Alistipes_onderdonkii	5.65651e-07
PWY-7234: inosine-5'-phosphate biosynthesis III|g__Escherichia.s__Escherichia_fergusonii	3.24452e-07
PWY0-1061: superpathway of L-alanine biosynthesis	0.000289961
PWY0-1061: superpathway of L-alanine biosynthesis|g__Escherichia.s__Escherichia_coli	6.91393e-05
PWY0-1061: superpathway of L-alanine biosynthesis|g__Klebsiella.s__Klebsiella_oxytoca	5.99576e-05
PWY0-1061: superpathway of L-alanine biosynthesis|g__Klebsiella.s__Klebsiella_michiganensis	3.65732e-05
PWY0-1061: superpathway of L-alanine biosynthesis|g__Hafnia.s__Hafnia_alvei	6.16308e-06
PWY0-1061: superpathway of L-alanine biosynthesis|g__Proteus.s__Proteus_mirabilis	4.16377e-06
PWY0-1061: superpathway of L-alanine biosynthesis|g__Haemophilus.s__Haemophilus_parainfluenzae	1.85127e-06
PWY0-1061: superpathway of L-alanine biosynthesis|unclassified	5.18077e-07
LIPASYN-PWY: phospholipases	0.000289897
LIPASYN-PWY: phospholipases|g__Escherichia.s__Escherichia_coli	0.00017505
LIPASYN-PWY: phospholipases|g__Klebsiella.s__Klebsiella_michiganensis	2.21052e-05
LIPASYN-PWY: phospholipases|unclassified	4.27701e-06
LIPASYN-PWY: phospholipases|g__Escherichia.s__Escherichia_fergusonii	2.048e-06
LIPASYN-PWY: phospholipases|g__Lactobacillus.s__Lactobacillus_casei_group	7.19859e-07
NAGLIPASYN-PWY: lipid IVA biosynthesis (E. coli)	0.000288895
NAGLIPASYN-PWY: lipid IVA biosynthesis (E. coli)|g__Escherichia.s__Escherichia_coli	0.000100015
NAGLIPASYN-PWY: lipid IVA biosynthesis (E. coli)|g__Klebsiella.s__Klebsiella_oxytoca	4.68561e-05
NAGLIPASYN-PWY: lipid IVA biosynthesis (E. coli)|g__Klebsiella.s__Klebsiella_michiganensis	3.06606e-05
NAGLIPASYN-PWY: lipid IVA biosynthesis (E. coli)|g__Proteus.s__Proteus_mirabilis	5.44817e-06
NAGLIPASYN-PWY: lipid IVA biosynthesis (E. coli)|g__Hafnia.s__Hafnia_alvei	5.35438e-06
NAGLIPASYN-PWY: lipid IVA biosynthesis (E. coli)|g__Morganella.s__Morganella_morganii	4.63685e-06
NAGLIPASYN-PWY: lipid IVA biosynthesis (E. coli)|g__Haemophilus.s__Haemophilus_parainfluenzae	1.6007e-06
NAGLIPASYN-PWY: lipid IVA biosynthesis (E. coli)|g__Escherichia.s__Escherichia_fergusonii	7.29053e-07
NAGLIPASYN-PWY: lipid IVA biosynthesis (E. coli)|unclassified	5.46502e-07
PWY-8073: lipid IVA biosynthesis (P. putida)	0.000288895
PWY-8073: lipid IVA biosynthesis (P. putida)|g__Escherichia.s__Escherichia_coli	0.000100015
PWY-8073: lipid IVA biosynthesis (P. putida)|g__Klebsiella.s__Klebsiella_oxytoca	4.68561e-05
PWY-8073: lipid IVA biosynthesis (P. putida)|g__Klebsiella.s__Klebsiella_michiganensis	3.06606e-05
PWY-8073: lipid IVA biosynthesis (P. putida)|g__Proteus.s__Proteus_mirabilis	5.44817e-06
PWY-8073: lipid IVA biosynthesis (P. putida)|g__Hafnia.s__Hafnia_alvei	5.35438e-06
PWY-8073: lipid IVA biosynthesis (P. putida)|g__Morganella.s__Morganella_morganii	4.63685e-06
PWY-8073: lipid IVA biosynthesis (P. putida)|g__Haemophilus.s__Haemophilus_parainfluenzae	1.6007e-06
PWY-8073: lipid IVA biosynthesis (P. putida)|g__Escherichia.s__Escherichia_fergusonii	7.29053e-07
PWY-8073: lipid IVA biosynthesis (P. putida)|unclassified	5.46502e-07
PWY-6285: superpathway of fatty acids biosynthesis (E. coli)	0.000287843
PWY-6285: superpathway of fatty acids biosynthesis (E. coli)|g__Escherichia.s__Escherichia_coli	9.21169e-05
PWY-6285: superpathway of fatty acids biosynthesis (E. coli)|g__Klebsiella.s__Klebsiella_oxytoca	5.04603e-05
PWY-6285: superpathway of fatty acids biosynthesis (E. coli)|unclassified	3.8733e-06
FOLSYN-PWY: superpathway of tetrahydrofolate biosynthesis and salvage	0.0002875
FOLSYN-PWY: superpathway of tetrahydrofolate biosynthesis and salvage|g__Escherichia.s__Escherichia_coli	5.82427e-05
FOLSYN-PWY: superpathway of tetrahydrofolate biosynthesis and salvage|g__Klebsiella.s__Klebsiella_oxytoca	1.83364e-05
FOLSYN-PWY: superpathway of tetrahydrofolate biosynthesis and salvage|g__Proteus.s__Proteus_mirabilis	4.26014e-06
FOLSYN-PWY: superpathway of tetrahydrofolate biosynthesis and salvage|g__Saccharomyces.s__Saccharomyces_cerevisiae	2.47714e-06
COBALSYN-PWY: superpathway of adenosylcobalamin salvage from cobinamide I	0.00028746
COBALSYN-PWY: superpathway of adenosylcobalamin salvage from cobinamide I|g__Klebsiella.s__Klebsiella_oxytoca	7.05776e-05
COBALSYN-PWY: superpathway of adenosylcobalamin salvage from cobinamide I|g__Escherichia.s__Escherichia_coli	5.63668e-05
COBALSYN-PWY: superpathway of adenosylcobalamin salvage from cobinamide I|g__Klebsiella.s__Klebsiella_michiganensis	3.87256e-05
COBALSYN-PWY: superpathway of adenosylcobalamin salvage from cobinamide I|g__Hafnia.s__Hafnia_alvei	8.77242e-06
COBALSYN-PWY: superpathway of adenosylcobalamin salvage from cobinamide I|g__Morganella.s__Morganella_morganii	5.45088e-06
COBALSYN-PWY: superpathway of adenosylcobalamin salvage from cobinamide I|unclassified	5.02881e-07
GLYCOGENSYNTH-PWY: glycogen biosynthesis I (from ADP-D-Glucose)	0.000286022
GLYCOGENSYNTH-PWY: glycogen biosynthesis I (from ADP-D-Glucose)|g__Escherichia.s__Escherichia_coli	0.000122554
GLYCOGENSYNTH-PWY: glycogen biosynthesis I (from ADP-D-Glucose)|g__Klebsiella.s__Klebsiella_oxytoca	4.99897e-05
GLYCOGENSYNTH-PWY: glycogen biosynthesis I (from ADP-D-Glucose)|g__Klebsiella.s__Klebsiella_michiganensis	3.72514e-05
GLYCOGENSYNTH-PWY: glycogen biosynthesis I (from ADP-D-Glucose)|g__Lactobacillus.s__Lactobacillus_plantarum	1.98693e-05
GLYCOGENSYNTH-PWY: glycogen biosynthesis I (from ADP-D-Glucose)|g__Fusobacterium.s__Fusobacterium_nucleatum	1.19154e-05
GLYCOGENSYNTH-PWY: glycogen biosynthesis I (from ADP-D-Glucose)|g__Lactobacillus.s__Lactobacillus_rhamnosus	1.1758e-05
GLYCOGENSYNTH-PWY: glycogen biosynthesis I (from ADP-D-Glucose)|g__Hafnia.s__Hafnia_alvei	5.20125e-06
GLYCOGENSYNTH-PWY: glycogen biosynthesis I (from ADP-D-Glucose)|unclassified	3.16152e-06
GLYCOGENSYNTH-PWY: glycogen biosynthesis I (from ADP-D-Glucose)|g__Haemophilus.s__Haemophilus_parainfluenzae	1.65191e-06
GLYCOGENSYNTH-PWY: glycogen biosynthesis I (from ADP-D-Glucose)|g__Lactobacillus.s__Lactobacillus_casei_group	7.33625e-07
GLYCOGENSYNTH-PWY: glycogen biosynthesis I (from ADP-D-Glucose)|g__Lactobacillus.s__Lactobacillus_pentosus	2.55807e-07
GLYCOGENSYNTH-PWY: glycogen biosynthesis I (from ADP-D-Glucose)|g__Lactobacillus.s__Lactobacillus_salivarius	2.32978e-07
THISYN-PWY: superpathway of thiamine diphosphate biosynthesis I	0.000285484
THISYN-PWY: superpathway of thiamine diphosphate biosynthesis I|g__Escherichia.s__Escherichia_coli	7.57668e-05
THISYN-PWY: superpathway of thiamine diphosphate biosynthesis I|g__Klebsiella.s__Klebsiella_oxytoca	5.07823e-05
THISYN-PWY: superpathway of thiamine diphosphate biosynthesis I|g__Klebsiella.s__Klebsiella_michiganensis	3.33845e-05
THISYN-PWY: superpathway of thiamine diphosphate biosynthesis I|g__Hafnia.s__Hafnia_alvei	5.95056e-06
THISYN-PWY: superpathway of thiamine diphosphate biosynthesis I|g__Proteus.s__Proteus_mirabilis	5.63919e-06
THISYN-PWY: superpathway of thiamine diphosphate biosynthesis I|g__Morganella.s__Morganella_morganii	5.07988e-06
THISYN-PWY: superpathway of thiamine diphosphate biosynthesis I|unclassified	9.49018e-07
THISYN-PWY: superpathway of thiamine diphosphate biosynthesis I|g__Escherichia.s__Escherichia_fergusonii	6.2661e-08
P4-PWY: superpathway of L-lysine, L-threonine and L-methionine biosynthesis I	0.000284333
P4-PWY: superpathway of L-lysine, L-threonine and L-methionine biosynthesis I|g__Escherichia.s__Escherichia_coli	9.27474e-05
P4-PWY: superpathway of L-lysine, L-threonine and L-methionine biosynthesis I|g__Klebsiella.s__Klebsiella_oxytoca	6.25496e-05
P4-PWY: superpathway of L-lysine, L-threonine and L-methionine biosynthesis I|g__Klebsiella.s__Klebsiella_michiganensis	3.31853e-05
P4-PWY: superpathway of L-lysine, L-threonine and L-methionine biosynthesis I|g__Proteus.s__Proteus_mirabilis	5.6181e-06
P4-PWY: superpathway of L-lysine, L-threonine and L-methionine biosynthesis I|g__Morganella.s__Morganella_morganii	5.18449e-06
P4-PWY: superpathway of L-lysine, L-threonine and L-methionine biosynthesis I|unclassified	7.42608e-07
PWY-5897: superpathway of menaquinol-11 biosynthesis	0.000283159
PWY-5897: superpathway of menaquinol-11 biosynthesis|g__Escherichia.s__Escherichia_coli	8.8789e-05
PWY-5897: superpathway of menaquinol-11 biosynthesis|g__Klebsiella.s__Klebsiella_oxytoca	6.11862e-05
PWY-5897: superpathway of menaquinol-11 biosynthesis|g__Klebsiella.s__Klebsiella_michiganensis	2.84633e-05
PWY-5897: superpathway of menaquinol-11 biosynthesis|g__Proteus.s__Proteus_mirabilis	7.08807e-06
PWY-5897: superpathway of menaquinol-11 biosynthesis|g__Hafnia.s__Hafnia_alvei	4.90382e-06
PWY-5897: superpathway of menaquinol-11 biosynthesis|g__Morganella.s__Morganella_morganii	4.36817e-06
PWY-5898: superpathway of menaquinol-12 biosynthesis	0.000283159
PWY-5898: superpathway of menaquinol-12 biosynthesis|g__Escherichia.s__Escherichia_coli	8.8789e-05
PWY-5898: superpathway of menaquinol-12 biosynthesis|g__Klebsiella.s__Klebsiella_oxytoca	6.11862e-05
PWY-5898: superpathway of menaquinol-12 biosynthesis|g__Klebsiella.s__Klebsiella_michiganensis	2.84633e-05
PWY-5898: superpathway of menaquinol-12 biosynthesis|g__Proteus.s__Proteus_mirabilis	7.08807e-06
PWY-5898: superpathway of menaquinol-12 biosynthesis|g__Hafnia.s__Hafnia_alvei	4.90382e-06
PWY-5898: superpathway of menaquinol-12 biosynthesis|g__Morganella.s__Morganella_morganii	4.36817e-06
PWY-5899: superpathway of menaquinol-13 biosynthesis	0.000283159
PWY-5899: superpathway of menaquinol-13 biosynthesis|g__Escherichia.s__Escherichia_coli	8.8789e-05
PWY-5899: superpathway of menaquinol-13 biosynthesis|g__Klebsiella.s__Klebsiella_oxytoca	6.11862e-05
PWY-5899: superpathway of menaquinol-13 biosynthesis|g__Klebsiella.s__Klebsiella_michiganensis	2.84633e-05
PWY-5899: superpathway of menaquinol-13 biosynthesis|g__Proteus.s__Proteus_mirabilis	7.08807e-06
PWY-5899: superpathway of menaquinol-13 biosynthesis|g__Hafnia.s__Hafnia_alvei	4.90382e-06
PWY-5899: superpathway of menaquinol-13 biosynthesis|g__Morganella.s__Morganella_morganii	4.36817e-06
PWY-5913: partial TCA cycle (obligate autotrophs)	0.000282929
PWY-5913: partial TCA cycle (obligate autotrophs)|g__Escherichia.s__Escherichia_coli	0.000123415
PWY-5913: partial TCA cycle (obligate autotrophs)|g__Klebsiella.s__Klebsiella_oxytoca	5.8091e-05
PWY-5913: partial TCA cycle (obligate autotrophs)|g__Klebsiella.s__Klebsiella_michiganensis	4.90431e-05
PWY-5913: partial TCA cycle (obligate autotrophs)|g__Proteus.s__Proteus_mirabilis	9.14423e-06
PWY-5913: partial TCA cycle (obligate autotrophs)|g__Hafnia.s__Hafnia_alvei	4.35248e-06
PWY-5913: partial TCA cycle (obligate autotrophs)|unclassified	6.89448e-07
PWY-5913: partial TCA cycle (obligate autotrophs)|g__Escherichia.s__Escherichia_fergusonii	5.91428e-08
PWY0-166: superpathway of pyrimidine deoxyribonucleotides de novo biosynthesis (E. coli)	0.000281964
PWY0-166: superpathway of pyrimidine deoxyribonucleotides de novo biosynthesis (E. coli)|g__Escherichia.s__Escherichia_coli	6.22337e-05
PWY0-166: superpathway of pyrimidine deoxyribonucleotides de novo biosynthesis (E. coli)|g__Klebsiella.s__Klebsiella_oxytoca	5.10531e-05
PWY0-166: superpathway of pyrimidine deoxyribonucleotides de novo biosynthesis (E. coli)|g__Klebsiella.s__Klebsiella_michiganensis	2.39295e-05
PWY0-166: superpathway of pyrimidine deoxyribonucleotides de novo biosynthesis (E. coli)|g__Saccharomyces.s__Saccharomyces_cerevisiae	3.21543e-06
PWY0-166: superpathway of pyrimidine deoxyribonucleotides de novo biosynthesis (E. coli)|unclassified	1.52966e-07
PWY-6527: stachyose degradation	0.00028152
PWY-6527: stachyose degradation|g__Escherichia.s__Escherichia_coli	9.30536e-05
PWY-6527: stachyose degradation|g__Klebsiella.s__Klebsiella_oxytoca	4.12758e-05
PWY-6527: stachyose degradation|g__Klebsiella.s__Klebsiella_michiganensis	2.37159e-05
PWY-6527: stachyose degradation|g__Lactobacillus.s__Lactobacillus_plantarum	1.75151e-05
PWY-6527: stachyose degradation|g__Lactobacillus.s__Lactobacillus_rhamnosus	1.64372e-05
PWY-6527: stachyose degradation|unclassified	2.81597e-06
PWY-6527: stachyose degradation|g__Lactobacillus.s__Lactobacillus_casei_group	2.22471e-06
PWY-6527: stachyose degradation|g__Lactobacillus.s__Lactobacillus_pentosus	3.56898e-07
PWY-6527: stachyose degradation|g__Lactobacillus.s__Lactobacillus_salivarius	3.24261e-07
PWY-5675: nitrate reduction V (assimilatory)	0.000280281
PWY-5675: nitrate reduction V (assimilatory)|g__Escherichia.s__Escherichia_coli	0.0001688
PWY-5675: nitrate reduction V (assimilatory)|g__Klebsiella.s__Klebsiella_oxytoca	5.70476e-05
PWY-5675: nitrate reduction V (assimilatory)|g__Hafnia.s__Hafnia_alvei	6.81359e-06
PWY-5675: nitrate reduction V (assimilatory)|unclassified	1.34779e-07
PWY-5675: nitrate reduction V (assimilatory)|g__Klebsiella.s__Klebsiella_michiganensis	1.74715e-08
PWY-6703: preQ0 biosynthesis	0.000277658
PWY-6703: preQ0 biosynthesis|g__Veillonella.s__Veillonella_parvula	8.15518e-05
PWY-6703: preQ0 biosynthesis|g__Escherichia.s__Escherichia_coli	6.0834e-05
PWY-6703: preQ0 biosynthesis|g__Klebsiella.s__Klebsiella_oxytoca	5.01986e-05
PWY-6703: preQ0 biosynthesis|g__Klebsiella.s__Klebsiella_michiganensis	3.41812e-05
PWY-6703: preQ0 biosynthesis|g__Sutterella.s__Sutterella_sp_CAG_351	1.62277e-05
PWY-6703: preQ0 biosynthesis|g__Megasphaera.s__Megasphaera_micronuciformis	1.24094e-05
PWY-6703: preQ0 biosynthesis|g__Morganella.s__Morganella_morganii	5.45768e-06
PWY-6703: preQ0 biosynthesis|g__Proteus.s__Proteus_mirabilis	5.262e-06
PWY-6703: preQ0 biosynthesis|g__Hafnia.s__Hafnia_alvei	3.63213e-06
PWY-6703: preQ0 biosynthesis|unclassified	1.67541e-06
PWY-6703: preQ0 biosynthesis|g__Escherichia.s__Escherichia_fergusonii	1.45458e-06
PWY-6703: preQ0 biosynthesis|g__Veillonella.s__Veillonella_atypica	1.25432e-06
PWY-6703: preQ0 biosynthesis|g__Dialister.s__Dialister_pneumosintes	6.88307e-07
PWY-6703: preQ0 biosynthesis|g__Veillonella.s__Veillonella_dispar	4.77066e-07
PWY-7197: pyrimidine deoxyribonucleotide phosphorylation	0.000275745
PWY-7197: pyrimidine deoxyribonucleotide phosphorylation|g__Veillonella.s__Veillonella_parvula	7.20215e-05
PWY-7197: pyrimidine deoxyribonucleotide phosphorylation|g__Escherichia.s__Escherichia_coli	4.87497e-05
PWY-7197: pyrimidine deoxyribonucleotide phosphorylation|g__Klebsiella.s__Klebsiella_oxytoca	3.43699e-05
PWY-7197: pyrimidine deoxyribonucleotide phosphorylation|g__Klebsiella.s__Klebsiella_michiganensis	3.35583e-05
PWY-7197: pyrimidine deoxyribonucleotide phosphorylation|g__Lactobacillus.s__Lactobacillus_plantarum	1.7843e-05
PWY-7197: pyrimidine deoxyribonucleotide phosphorylation|g__Proteus.s__Proteus_mirabilis	1.18164e-05
PWY-7197: pyrimidine deoxyribonucleotide phosphorylation|g__Lactobacillus.s__Lactobacillus_rhamnosus	1.09647e-05
PWY-7197: pyrimidine deoxyribonucleotide phosphorylation|g__Hafnia.s__Hafnia_alvei	4.94011e-06
PWY-7197: pyrimidine deoxyribonucleotide phosphorylation|g__Morganella.s__Morganella_morganii	4.52428e-06
PWY-7197: pyrimidine deoxyribonucleotide phosphorylation|g__Saccharomyces.s__Saccharomyces_cerevisiae	2.48285e-06
PWY-7197: pyrimidine deoxyribonucleotide phosphorylation|g__Lactobacillus.s__Lactobacillus_casei_group	2.1482e-06
PWY-7197: pyrimidine deoxyribonucleotide phosphorylation|g__Haemophilus.s__Haemophilus_parainfluenzae	2.01932e-06
PWY-7197: pyrimidine deoxyribonucleotide phosphorylation|g__Veillonella.s__Veillonella_atypica	6.98873e-07
PWY-7197: pyrimidine deoxyribonucleotide phosphorylation|g__Dialister.s__Dialister_pneumosintes	6.1386e-07
PWY-7197: pyrimidine deoxyribonucleotide phosphorylation|unclassified	1.2513e-07
PWY-7197: pyrimidine deoxyribonucleotide phosphorylation|g__Veillonella.s__Veillonella_dispar	8.37077e-08
PWY-7197: pyrimidine deoxyribonucleotide phosphorylation|g__Lactobacillus.s__Lactobacillus_pentosus	4.23677e-08
PWY0-1241: ADP-L-glycero-&beta;-D-manno-heptose biosynthesis	0.000275151
PWY0-1241: ADP-L-glycero-&beta;-D-manno-heptose biosynthesis|g__Veillonella.s__Veillonella_parvula	8.57736e-05
PWY0-1241: ADP-L-glycero-&beta;-D-manno-heptose biosynthesis|g__Escherichia.s__Escherichia_coli	4.48844e-05
PWY0-1241: ADP-L-glycero-&beta;-D-manno-heptose biosynthesis|g__Klebsiella.s__Klebsiella_oxytoca	3.86592e-05
PWY0-1241: ADP-L-glycero-&beta;-D-manno-heptose biosynthesis|g__Klebsiella.s__Klebsiella_michiganensis	3.23752e-05
PWY0-1241: ADP-L-glycero-&beta;-D-manno-heptose biosynthesis|g__Megasphaera.s__Megasphaera_micronuciformis	1.07898e-05
PWY0-1241: ADP-L-glycero-&beta;-D-manno-heptose biosynthesis|g__Hafnia.s__Hafnia_alvei	4.8086e-06
PWY0-1241: ADP-L-glycero-&beta;-D-manno-heptose biosynthesis|g__Proteus.s__Proteus_mirabilis	4.71441e-06
PWY0-1241: ADP-L-glycero-&beta;-D-manno-heptose biosynthesis|g__Morganella.s__Morganella_morganii	4.4907e-06
PWY0-1241: ADP-L-glycero-&beta;-D-manno-heptose biosynthesis|g__Haemophilus.s__Haemophilus_parainfluenzae	1.57881e-06
PWY0-1241: ADP-L-glycero-&beta;-D-manno-heptose biosynthesis|g__Veillonella.s__Veillonella_dispar	1.40987e-06
PWY0-1241: ADP-L-glycero-&beta;-D-manno-heptose biosynthesis|g__Veillonella.s__Veillonella_atypica	5.61121e-07
PWY0-1241: ADP-L-glycero-&beta;-D-manno-heptose biosynthesis|g__Escherichia.s__Escherichia_fergusonii	4.04305e-07
PWY0-1241: ADP-L-glycero-&beta;-D-manno-heptose biosynthesis|unclassified	1.70356e-07
PWY0-1241: ADP-L-glycero-&beta;-D-manno-heptose biosynthesis|g__Veillonella.s__Veillonella_infantium	1.29794e-07
PWY-7357: thiamine phosphate formation from pyrithiamine and oxythiamine (yeast)	0.000274127
PWY-7357: thiamine phosphate formation from pyrithiamine and oxythiamine (yeast)|g__Escherichia.s__Escherichia_coli	5.50936e-05
PWY-7357: thiamine phosphate formation from pyrithiamine and oxythiamine (yeast)|g__Klebsiella.s__Klebsiella_oxytoca	4.67977e-05
PWY-7357: thiamine phosphate formation from pyrithiamine and oxythiamine (yeast)|g__Klebsiella.s__Klebsiella_michiganensis	3.2715e-05
PWY-7357: thiamine phosphate formation from pyrithiamine and oxythiamine (yeast)|g__Lactobacillus.s__Lactobacillus_casei_group	1.60881e-05
PWY-7357: thiamine phosphate formation from pyrithiamine and oxythiamine (yeast)|g__Megasphaera.s__Megasphaera_micronuciformis	1.42516e-05
PWY-7357: thiamine phosphate formation from pyrithiamine and oxythiamine (yeast)|g__Lactobacillus.s__Lactobacillus_plantarum	1.20873e-05
PWY-7357: thiamine phosphate formation from pyrithiamine and oxythiamine (yeast)|g__Hafnia.s__Hafnia_alvei	5.67095e-06
PWY-7357: thiamine phosphate formation from pyrithiamine and oxythiamine (yeast)|g__Lactobacillus.s__Lactobacillus_rhamnosus	4.09532e-06
PWY-7357: thiamine phosphate formation from pyrithiamine and oxythiamine (yeast)|g__Saccharomyces.s__Saccharomyces_cerevisiae	3.62492e-06
PWY-7357: thiamine phosphate formation from pyrithiamine and oxythiamine (yeast)|g__Proteus.s__Proteus_mirabilis	3.49558e-06
PWY-7357: thiamine phosphate formation from pyrithiamine and oxythiamine (yeast)|g__Haemophilus.s__Haemophilus_parainfluenzae	1.52453e-06
PWY-7357: thiamine phosphate formation from pyrithiamine and oxythiamine (yeast)|unclassified	1.17564e-06
PWY-7357: thiamine phosphate formation from pyrithiamine and oxythiamine (yeast)|g__Escherichia.s__Escherichia_fergusonii	2.85319e-07
PWY-6895: superpathway of thiamine diphosphate biosynthesis II	0.000272897
PWY-6895: superpathway of thiamine diphosphate biosynthesis II|g__Escherichia.s__Escherichia_coli	6.96775e-05
PWY-6895: superpathway of thiamine diphosphate biosynthesis II|g__Klebsiella.s__Klebsiella_oxytoca	4.785e-05
PWY-6895: superpathway of thiamine diphosphate biosynthesis II|g__Klebsiella.s__Klebsiella_michiganensis	3.26081e-05
PWY-6895: superpathway of thiamine diphosphate biosynthesis II|g__Proteus.s__Proteus_mirabilis	4.75843e-06
PWY-6895: superpathway of thiamine diphosphate biosynthesis II|unclassified	8.20545e-07
PWY-6897: thiamine diphosphate salvage II	0.000271956
PWY-6897: thiamine diphosphate salvage II|g__Escherichia.s__Escherichia_coli	6.22205e-05
PWY-6897: thiamine diphosphate salvage II|g__Klebsiella.s__Klebsiella_oxytoca	4.54681e-05
PWY-6897: thiamine diphosphate salvage II|g__Klebsiella.s__Klebsiella_michiganensis	3.37743e-05
PWY-6897: thiamine diphosphate salvage II|g__Megasphaera.s__Megasphaera_micronuciformis	1.19697e-05
PWY-6897: thiamine diphosphate salvage II|g__Lactobacillus.s__Lactobacillus_casei_group	8.29455e-06
PWY-6897: thiamine diphosphate salvage II|g__Hafnia.s__Hafnia_alvei	5.38727e-06
PWY-6897: thiamine diphosphate salvage II|g__Proteus.s__Proteus_mirabilis	3.96009e-06
PWY-6897: thiamine diphosphate salvage II|g__Saccharomyces.s__Saccharomyces_cerevisiae	3.57982e-06
PWY-6897: thiamine diphosphate salvage II|g__Lactobacillus.s__Lactobacillus_rhamnosus	3.44973e-06
PWY-6897: thiamine diphosphate salvage II|g__Haemophilus.s__Haemophilus_parainfluenzae	1.60733e-06
PWY-6897: thiamine diphosphate salvage II|unclassified	1.4511e-06
GLUCOSE1PMETAB-PWY: glucose and glucose-1-phosphate degradation	0.000271298
GLUCOSE1PMETAB-PWY: glucose and glucose-1-phosphate degradation|g__Escherichia.s__Escherichia_coli	0.000141899
GLUCOSE1PMETAB-PWY: glucose and glucose-1-phosphate degradation|g__Klebsiella.s__Klebsiella_oxytoca	8.82871e-05
GLUCOSE1PMETAB-PWY: glucose and glucose-1-phosphate degradation|g__Klebsiella.s__Klebsiella_michiganensis	4.61027e-05
GLUCOSE1PMETAB-PWY: glucose and glucose-1-phosphate degradation|g__Hafnia.s__Hafnia_alvei	5.12792e-06
GLUCOSE1PMETAB-PWY: glucose and glucose-1-phosphate degradation|g__Morganella.s__Morganella_morganii	4.48662e-06
GLUCOSE1PMETAB-PWY: glucose and glucose-1-phosphate degradation|unclassified	2.03544e-06
GLUCOSE1PMETAB-PWY: glucose and glucose-1-phosphate degradation|g__Escherichia.s__Escherichia_fergusonii	1.67016e-06
RIBOSYN2-PWY: flavin biosynthesis I (bacteria and plants)	0.000271043
RIBOSYN2-PWY: flavin biosynthesis I (bacteria and plants)|g__Klebsiella.s__Klebsiella_oxytoca	4.25828e-05
RIBOSYN2-PWY: flavin biosynthesis I (bacteria and plants)|g__Veillonella.s__Veillonella_parvula	2.91317e-05
RIBOSYN2-PWY: flavin biosynthesis I (bacteria and plants)|g__Klebsiella.s__Klebsiella_michiganensis	2.33185e-05
RIBOSYN2-PWY: flavin biosynthesis I (bacteria and plants)|g__Escherichia.s__Escherichia_coli	2.26102e-05
RIBOSYN2-PWY: flavin biosynthesis I (bacteria and plants)|g__Megasphaera.s__Megasphaera_micronuciformis	1.20673e-05
RIBOSYN2-PWY: flavin biosynthesis I (bacteria and plants)|g__Morganella.s__Morganella_morganii	5.40131e-06
RIBOSYN2-PWY: flavin biosynthesis I (bacteria and plants)|g__Proteus.s__Proteus_mirabilis	4.37577e-06
RIBOSYN2-PWY: flavin biosynthesis I (bacteria and plants)|g__Haemophilus.s__Haemophilus_parainfluenzae	1.53283e-06
RIBOSYN2-PWY: flavin biosynthesis I (bacteria and plants)|g__Hafnia.s__Hafnia_alvei	1.29669e-06
RIBOSYN2-PWY: flavin biosynthesis I (bacteria and plants)|g__Veillonella.s__Veillonella_atypica	8.86183e-07
RIBOSYN2-PWY: flavin biosynthesis I (bacteria and plants)|g__Veillonella.s__Veillonella_dispar	5.70102e-07
PWY-5838: superpathway of menaquinol-8 biosynthesis I	0.000270948
PWY-5838: superpathway of menaquinol-8 biosynthesis I|g__Escherichia.s__Escherichia_coli	8.92643e-05
PWY-5838: superpathway of menaquinol-8 biosynthesis I|g__Klebsiella.s__Klebsiella_oxytoca	6.07617e-05
PWY-5838: superpathway of menaquinol-8 biosynthesis I|g__Klebsiella.s__Klebsiella_michiganensis	2.71216e-05
PWY-5838: superpathway of menaquinol-8 biosynthesis I|g__Hafnia.s__Hafnia_alvei	4.95359e-06
PWY-5838: superpathway of menaquinol-8 biosynthesis I|g__Morganella.s__Morganella_morganii	4.37576e-06
PWY-5918: superpathway of heme b biosynthesis from glutamate	0.00026826
PWY-5918: superpathway of heme b biosynthesis from glutamate|g__Escherichia.s__Escherichia_coli	0.000104629
PWY-5918: superpathway of heme b biosynthesis from glutamate|g__Klebsiella.s__Klebsiella_oxytoca	3.98234e-05
PWY-5918: superpathway of heme b biosynthesis from glutamate|g__Klebsiella.s__Klebsiella_michiganensis	2.5345e-05
PWY-5918: superpathway of heme b biosynthesis from glutamate|g__Hafnia.s__Hafnia_alvei	5.68017e-06
PWY-5918: superpathway of heme b biosynthesis from glutamate|g__Proteus.s__Proteus_mirabilis	5.20862e-06
PWY-5918: superpathway of heme b biosynthesis from glutamate|g__Morganella.s__Morganella_morganii	4.15911e-06
PWY-5918: superpathway of heme b biosynthesis from glutamate|unclassified	3.29452e-07
PWY-7282: 4-amino-2-methyl-5-diphosphomethylpyrimidine biosynthesis II	0.00026812
PWY-7282: 4-amino-2-methyl-5-diphosphomethylpyrimidine biosynthesis II|g__Escherichia.s__Escherichia_coli	7.94677e-05
PWY-7282: 4-amino-2-methyl-5-diphosphomethylpyrimidine biosynthesis II|g__Klebsiella.s__Klebsiella_oxytoca	5.06663e-05
PWY-7282: 4-amino-2-methyl-5-diphosphomethylpyrimidine biosynthesis II|g__Klebsiella.s__Klebsiella_michiganensis	2.68035e-05
PWY-7282: 4-amino-2-methyl-5-diphosphomethylpyrimidine biosynthesis II|g__Proteus.s__Proteus_mirabilis	4.23365e-06
PWY-7282: 4-amino-2-methyl-5-diphosphomethylpyrimidine biosynthesis II|g__Hafnia.s__Hafnia_alvei	4.05463e-06
PWY-7282: 4-amino-2-methyl-5-diphosphomethylpyrimidine biosynthesis II|g__Saccharomyces.s__Saccharomyces_cerevisiae	3.68451e-06
PWY-7282: 4-amino-2-methyl-5-diphosphomethylpyrimidine biosynthesis II|g__Lactobacillus.s__Lactobacillus_rhamnosus	2.11581e-06
PWY-7282: 4-amino-2-methyl-5-diphosphomethylpyrimidine biosynthesis II|g__Haemophilus.s__Haemophilus_parainfluenzae	1.62908e-06
PWY-7282: 4-amino-2-methyl-5-diphosphomethylpyrimidine biosynthesis II|g__Escherichia.s__Escherichia_fergusonii	9.12418e-07
PWY-7282: 4-amino-2-methyl-5-diphosphomethylpyrimidine biosynthesis II|unclassified	5.19141e-07
PWY-6803: phosphatidylcholine acyl editing	0.000267928
PWY-6803: phosphatidylcholine acyl editing|g__Escherichia.s__Escherichia_coli	0.000135624
PWY-6803: phosphatidylcholine acyl editing|g__Klebsiella.s__Klebsiella_oxytoca	6.41192e-05
PWY-6803: phosphatidylcholine acyl editing|g__Klebsiella.s__Klebsiella_michiganensis	2.21052e-05
PWY-6803: phosphatidylcholine acyl editing|g__Hafnia.s__Hafnia_alvei	9.75476e-06
PWY-6803: phosphatidylcholine acyl editing|g__Proteus.s__Proteus_mirabilis	5.85904e-06
PWY-6803: phosphatidylcholine acyl editing|g__Morganella.s__Morganella_morganii	3.89944e-06
PWY-6803: phosphatidylcholine acyl editing|unclassified	2.88652e-06
PWY-6803: phosphatidylcholine acyl editing|g__Escherichia.s__Escherichia_fergusonii	4.88655e-08
PWY-6628: superpathway of L-phenylalanine biosynthesis	0.000267431
PWY-6628: superpathway of L-phenylalanine biosynthesis|g__Klebsiella.s__Klebsiella_oxytoca	5.3585e-05
PWY-6628: superpathway of L-phenylalanine biosynthesis|g__Escherichia.s__Escherichia_coli	3.28271e-05
PWY-6628: superpathway of L-phenylalanine biosynthesis|g__Klebsiella.s__Klebsiella_michiganensis	1.63256e-05
PWY-6628: superpathway of L-phenylalanine biosynthesis|g__Morganella.s__Morganella_morganii	5.15746e-06
PWY-6628: superpathway of L-phenylalanine biosynthesis|g__Hafnia.s__Hafnia_alvei	4.51593e-06
PWY-6628: superpathway of L-phenylalanine biosynthesis|g__Saccharomyces.s__Saccharomyces_cerevisiae	2.75353e-06
PWY-6628: superpathway of L-phenylalanine biosynthesis|unclassified	1.61683e-06
GLYOXYLATE-BYPASS: glyoxylate cycle	0.000266964
GLYOXYLATE-BYPASS: glyoxylate cycle|g__Escherichia.s__Escherichia_coli	0.000135241
GLYOXYLATE-BYPASS: glyoxylate cycle|g__Klebsiella.s__Klebsiella_oxytoca	4.97139e-05
GLYOXYLATE-BYPASS: glyoxylate cycle|g__Klebsiella.s__Klebsiella_michiganensis	2.64615e-05
GLYOXYLATE-BYPASS: glyoxylate cycle|g__Proteus.s__Proteus_mirabilis	7.43999e-06
GLYOXYLATE-BYPASS: glyoxylate cycle|g__Saccharomyces.s__Saccharomyces_cerevisiae	5.69396e-06
GLYOXYLATE-BYPASS: glyoxylate cycle|g__Hafnia.s__Hafnia_alvei	5.55332e-06
GLYOXYLATE-BYPASS: glyoxylate cycle|unclassified	3.91888e-06
GLYOXYLATE-BYPASS: glyoxylate cycle|g__Escherichia.s__Escherichia_fergusonii	4.79185e-08
PWY-8004: Entner-Doudoroff pathway I	0.000266963
PWY-8004: Entner-Doudoroff pathway I|g__Escherichia.s__Escherichia_coli	9.65322e-05
PWY-8004: Entner-Doudoroff pathway I|g__Klebsiella.s__Klebsiella_oxytoca	4.34892e-05
PWY-8004: Entner-Doudoroff pathway I|g__Klebsiella.s__Klebsiella_michiganensis	2.76008e-05
PWY-8004: Entner-Doudoroff pathway I|g__Lactobacillus.s__Lactobacillus_rhamnosus	1.0094e-05
PWY-8004: Entner-Doudoroff pathway I|g__Hafnia.s__Hafnia_alvei	5.31274e-06
PWY-8004: Entner-Doudoroff pathway I|g__Morganella.s__Morganella_morganii	5.00927e-06
PWY-8004: Entner-Doudoroff pathway I|unclassified	9.55112e-07
HEME-BIOSYNTHESIS-II: heme b biosynthesis I (aerobic)	0.00026577
HEME-BIOSYNTHESIS-II: heme b biosynthesis I (aerobic)|g__Escherichia.s__Escherichia_coli	0.000108385
HEME-BIOSYNTHESIS-II: heme b biosynthesis I (aerobic)|g__Klebsiella.s__Klebsiella_oxytoca	4.72739e-05
HEME-BIOSYNTHESIS-II: heme b biosynthesis I (aerobic)|g__Veillonella.s__Veillonella_parvula	3.75964e-05
HEME-BIOSYNTHESIS-II: heme b biosynthesis I (aerobic)|g__Klebsiella.s__Klebsiella_michiganensis	2.03219e-05
HEME-BIOSYNTHESIS-II: heme b biosynthesis I (aerobic)|g__Hafnia.s__Hafnia_alvei	5.5726e-06
HEME-BIOSYNTHESIS-II: heme b biosynthesis I (aerobic)|g__Morganella.s__Morganella_morganii	5.10029e-06
HEME-BIOSYNTHESIS-II: heme b biosynthesis I (aerobic)|g__Proteus.s__Proteus_mirabilis	4.73122e-06
HEME-BIOSYNTHESIS-II: heme b biosynthesis I (aerobic)|unclassified	3.3214e-06
HEME-BIOSYNTHESIS-II: heme b biosynthesis I (aerobic)|g__Saccharomyces.s__Saccharomyces_cerevisiae	2.50011e-06
HEME-BIOSYNTHESIS-II: heme b biosynthesis I (aerobic)|g__Veillonella.s__Veillonella_atypica	9.28882e-07
HEME-BIOSYNTHESIS-II: heme b biosynthesis I (aerobic)|g__Veillonella.s__Veillonella_dispar	4.27043e-07
HEME-BIOSYNTHESIS-II: heme b biosynthesis I (aerobic)|g__Escherichia.s__Escherichia_fergusonii	3.22329e-07
HEME-BIOSYNTHESIS-II-1: heme b biosynthesis V (aerobic)	0.00026577
HEME-BIOSYNTHESIS-II-1: heme b biosynthesis V (aerobic)|g__Escherichia.s__Escherichia_coli	0.000108385
HEME-BIOSYNTHESIS-II-1: heme b biosynthesis V (aerobic)|g__Klebsiella.s__Klebsiella_oxytoca	4.72739e-05
HEME-BIOSYNTHESIS-II-1: heme b biosynthesis V (aerobic)|g__Klebsiella.s__Klebsiella_michiganensis	3.12515e-05
HEME-BIOSYNTHESIS-II-1: heme b biosynthesis V (aerobic)|g__Morganella.s__Morganella_morganii	5.36021e-06
HEME-BIOSYNTHESIS-II-1: heme b biosynthesis V (aerobic)|g__Hafnia.s__Hafnia_alvei	5.33698e-06
HEME-BIOSYNTHESIS-II-1: heme b biosynthesis V (aerobic)|unclassified	4.93457e-06
HEME-BIOSYNTHESIS-II-1: heme b biosynthesis V (aerobic)|g__Proteus.s__Proteus_mirabilis	4.73122e-06
HEME-BIOSYNTHESIS-II-1: heme b biosynthesis V (aerobic)|g__Escherichia.s__Escherichia_fergusonii	2.85872e-06
HEME-BIOSYNTHESIS-II-1: heme b biosynthesis V (aerobic)|g__Saccharomyces.s__Saccharomyces_cerevisiae	2.16969e-06
HEME-BIOSYNTHESIS-II-1: heme b biosynthesis V (aerobic)|g__Haemophilus.s__Haemophilus_parainfluenzae	1.70717e-06
PWY-1269: CMP-3-deoxy-D-manno-octulosonate biosynthesis	0.000265493
PWY-1269: CMP-3-deoxy-D-manno-octulosonate biosynthesis|g__Escherichia.s__Escherichia_coli	0.000102399
PWY-1269: CMP-3-deoxy-D-manno-octulosonate biosynthesis|g__Klebsiella.s__Klebsiella_oxytoca	5.81148e-05
PWY-1269: CMP-3-deoxy-D-manno-octulosonate biosynthesis|g__Klebsiella.s__Klebsiella_michiganensis	3.09255e-05
PWY-1269: CMP-3-deoxy-D-manno-octulosonate biosynthesis|g__Proteus.s__Proteus_mirabilis	5.01656e-06
PWY-1269: CMP-3-deoxy-D-manno-octulosonate biosynthesis|g__Morganella.s__Morganella_morganii	4.94293e-06
PWY-1269: CMP-3-deoxy-D-manno-octulosonate biosynthesis|g__Hafnia.s__Hafnia_alvei	4.4033e-06
PWY-1269: CMP-3-deoxy-D-manno-octulosonate biosynthesis|g__Haemophilus.s__Haemophilus_parainfluenzae	1.7496e-06
PWY-1269: CMP-3-deoxy-D-manno-octulosonate biosynthesis|unclassified	1.83222e-07
PWY-5837: 2-carboxy-1,4-naphthoquinol biosynthesis	0.000260985
PWY-5837: 2-carboxy-1,4-naphthoquinol biosynthesis|g__Escherichia.s__Escherichia_coli	8.08675e-05
PWY-5837: 2-carboxy-1,4-naphthoquinol biosynthesis|g__Klebsiella.s__Klebsiella_oxytoca	4.46908e-05
PWY-5837: 2-carboxy-1,4-naphthoquinol biosynthesis|g__Veillonella.s__Veillonella_parvula	4.41644e-05
PWY-5837: 2-carboxy-1,4-naphthoquinol biosynthesis|g__Klebsiella.s__Klebsiella_michiganensis	3.06215e-05
PWY-5837: 2-carboxy-1,4-naphthoquinol biosynthesis|g__Proteus.s__Proteus_mirabilis	5.89675e-06
PWY-5837: 2-carboxy-1,4-naphthoquinol biosynthesis|g__Morganella.s__Morganella_morganii	5.68369e-06
PWY-5837: 2-carboxy-1,4-naphthoquinol biosynthesis|g__Hafnia.s__Hafnia_alvei	4.15324e-06
PWY-5837: 2-carboxy-1,4-naphthoquinol biosynthesis|g__Haemophilus.s__Haemophilus_parainfluenzae	1.1791e-06
PWY-5837: 2-carboxy-1,4-naphthoquinol biosynthesis|g__Veillonella.s__Veillonella_atypica	6.86704e-07
PWY-5837: 2-carboxy-1,4-naphthoquinol biosynthesis|g__Veillonella.s__Veillonella_dispar	3.89459e-07
PWY-5837: 2-carboxy-1,4-naphthoquinol biosynthesis|g__Escherichia.s__Escherichia_fergusonii	2.84987e-07
HOMOSER-METSYN-PWY: L-methionine biosynthesis I	0.00026057
HOMOSER-METSYN-PWY: L-methionine biosynthesis I|g__Escherichia.s__Escherichia_coli	0.000111061
HOMOSER-METSYN-PWY: L-methionine biosynthesis I|g__Klebsiella.s__Klebsiella_oxytoca	6.19016e-05
HOMOSER-METSYN-PWY: L-methionine biosynthesis I|g__Klebsiella.s__Klebsiella_michiganensis	3.09588e-05
HOMOSER-METSYN-PWY: L-methionine biosynthesis I|g__Proteus.s__Proteus_mirabilis	5.7636e-06
HOMOSER-METSYN-PWY: L-methionine biosynthesis I|g__Morganella.s__Morganella_morganii	4.63691e-06
HOMOSER-METSYN-PWY: L-methionine biosynthesis I|g__Escherichia.s__Escherichia_fergusonii	5.95768e-07
HOMOSER-METSYN-PWY: L-methionine biosynthesis I|unclassified	5.02381e-07
PWY-6612: superpathway of tetrahydrofolate biosynthesis	0.000260388
PWY-6612: superpathway of tetrahydrofolate biosynthesis|g__Escherichia.s__Escherichia_coli	4.9945e-05
PWY-6612: superpathway of tetrahydrofolate biosynthesis|g__Klebsiella.s__Klebsiella_oxytoca	1.42158e-05
PWY-6612: superpathway of tetrahydrofolate biosynthesis|g__Proteus.s__Proteus_mirabilis	4.58799e-06
PWY-6612: superpathway of tetrahydrofolate biosynthesis|g__Saccharomyces.s__Saccharomyces_cerevisiae	2.59238e-06
PWY-2942: L-lysine biosynthesis III	0.000259999
PWY-2942: L-lysine biosynthesis III|g__Proteus.s__Proteus_mirabilis	9.53546e-06
PWY-2942: L-lysine biosynthesis III|g__Morganella.s__Morganella_morganii	5.78652e-06
GLCMANNANAUT-PWY: superpathway of N-acetylglucosamine, N-acetylmannosamine and N-acetylneuraminate degradation	0.000259796
GLCMANNANAUT-PWY: superpathway of N-acetylglucosamine, N-acetylmannosamine and N-acetylneuraminate degradation|g__Escherichia.s__Escherichia_coli	0.00010788
GLCMANNANAUT-PWY: superpathway of N-acetylglucosamine, N-acetylmannosamine and N-acetylneuraminate degradation|g__Klebsiella.s__Klebsiella_oxytoca	6.65982e-05
GLCMANNANAUT-PWY: superpathway of N-acetylglucosamine, N-acetylmannosamine and N-acetylneuraminate degradation|g__Klebsiella.s__Klebsiella_michiganensis	3.30758e-05
GLCMANNANAUT-PWY: superpathway of N-acetylglucosamine, N-acetylmannosamine and N-acetylneuraminate degradation|g__Lactobacillus.s__Lactobacillus_plantarum	1.60766e-05
GLCMANNANAUT-PWY: superpathway of N-acetylglucosamine, N-acetylmannosamine and N-acetylneuraminate degradation|g__Fusobacterium.s__Fusobacterium_nucleatum	7.83233e-06
GLCMANNANAUT-PWY: superpathway of N-acetylglucosamine, N-acetylmannosamine and N-acetylneuraminate degradation|g__Proteus.s__Proteus_mirabilis	5.57088e-06
GLCMANNANAUT-PWY: superpathway of N-acetylglucosamine, N-acetylmannosamine and N-acetylneuraminate degradation|g__Hafnia.s__Hafnia_alvei	4.41255e-06
GLCMANNANAUT-PWY: superpathway of N-acetylglucosamine, N-acetylmannosamine and N-acetylneuraminate degradation|g__Haemophilus.s__Haemophilus_parainfluenzae	1.87876e-06
GLCMANNANAUT-PWY: superpathway of N-acetylglucosamine, N-acetylmannosamine and N-acetylneuraminate degradation|unclassified	7.73032e-07
GLCMANNANAUT-PWY: superpathway of N-acetylglucosamine, N-acetylmannosamine and N-acetylneuraminate degradation|g__Escherichia.s__Escherichia_fergusonii	6.64685e-07
GLCMANNANAUT-PWY: superpathway of N-acetylglucosamine, N-acetylmannosamine and N-acetylneuraminate degradation|g__Lactobacillus.s__Lactobacillus_pentosus	3.67005e-07
GLCMANNANAUT-PWY: superpathway of N-acetylglucosamine, N-acetylmannosamine and N-acetylneuraminate degradation|g__Lactobacillus.s__Lactobacillus_salivarius	2.3822e-07
PWY-6151: S-adenosyl-L-methionine salvage I	0.000256614
PWY-6151: S-adenosyl-L-methionine salvage I|g__Escherichia.s__Escherichia_coli	8.34162e-05
PWY-6151: S-adenosyl-L-methionine salvage I|g__Klebsiella.s__Klebsiella_oxytoca	5.63179e-05
PWY-6151: S-adenosyl-L-methionine salvage I|g__Klebsiella.s__Klebsiella_michiganensis	2.85692e-05
PWY-6151: S-adenosyl-L-methionine salvage I|g__Lactobacillus.s__Lactobacillus_rhamnosus	1.5311e-05
PWY-6151: S-adenosyl-L-methionine salvage I|g__Fusobacterium.s__Fusobacterium_nucleatum	1.19564e-05
PWY-6151: S-adenosyl-L-methionine salvage I|unclassified	9.05642e-06
PWY-6151: S-adenosyl-L-methionine salvage I|g__Lactobacillus.s__Lactobacillus_plantarum	8.91467e-06
PWY-6151: S-adenosyl-L-methionine salvage I|g__Hafnia.s__Hafnia_alvei	5.23457e-06
PWY-6151: S-adenosyl-L-methionine salvage I|g__Morganella.s__Morganella_morganii	5.15932e-06
PWY-6151: S-adenosyl-L-methionine salvage I|g__Proteus.s__Proteus_mirabilis	5.09173e-06
PWY-6151: S-adenosyl-L-methionine salvage I|g__Haemophilus.s__Haemophilus_parainfluenzae	2.26196e-06
PWY-6151: S-adenosyl-L-methionine salvage I|g__Lactobacillus.s__Lactobacillus_casei_group	1.64433e-06
PWY-6151: S-adenosyl-L-methionine salvage I|g__Escherichia.s__Escherichia_fergusonii	8.82628e-07
PWY-6151: S-adenosyl-L-methionine salvage I|g__Lactobacillus.s__Lactobacillus_pentosus	5.76981e-07
PWY-6151: S-adenosyl-L-methionine salvage I|g__Lactobacillus.s__Lactobacillus_salivarius	3.47113e-07
SER-GLYSYN-PWY: superpathway of L-serine and glycine biosynthesis I	0.000256599
SER-GLYSYN-PWY: superpathway of L-serine and glycine biosynthesis I|g__Escherichia.s__Escherichia_coli	0.000100079
SER-GLYSYN-PWY: superpathway of L-serine and glycine biosynthesis I|g__Klebsiella.s__Klebsiella_oxytoca	5.50479e-05
SER-GLYSYN-PWY: superpathway of L-serine and glycine biosynthesis I|g__Klebsiella.s__Klebsiella_michiganensis	2.61588e-05
SER-GLYSYN-PWY: superpathway of L-serine and glycine biosynthesis I|g__Lactobacillus.s__Lactobacillus_plantarum	1.24637e-05
SER-GLYSYN-PWY: superpathway of L-serine and glycine biosynthesis I|g__Proteus.s__Proteus_mirabilis	5.90211e-06
SER-GLYSYN-PWY: superpathway of L-serine and glycine biosynthesis I|g__Hafnia.s__Hafnia_alvei	4.93732e-06
SER-GLYSYN-PWY: superpathway of L-serine and glycine biosynthesis I|g__Morganella.s__Morganella_morganii	4.68317e-06
SER-GLYSYN-PWY: superpathway of L-serine and glycine biosynthesis I|g__Saccharomyces.s__Saccharomyces_cerevisiae	2.38644e-06
SER-GLYSYN-PWY: superpathway of L-serine and glycine biosynthesis I|g__Haemophilus.s__Haemophilus_parainfluenzae	2.19023e-06
SER-GLYSYN-PWY: superpathway of L-serine and glycine biosynthesis I|g__Alistipes.s__Alistipes_onderdonkii	4.40115e-07
SER-GLYSYN-PWY: superpathway of L-serine and glycine biosynthesis I|g__Escherichia.s__Escherichia_fergusonii	2.6165e-07
SER-GLYSYN-PWY: superpathway of L-serine and glycine biosynthesis I|g__Alistipes.s__Alistipes_finegoldii	1.81125e-07
SER-GLYSYN-PWY: superpathway of L-serine and glycine biosynthesis I|g__Lactobacillus.s__Lactobacillus_pentosus	1.62427e-07
PWY1ZNC-1: assimilatory sulfate reduction IV	0.000256349
PWY1ZNC-1: assimilatory sulfate reduction IV|g__Escherichia.s__Escherichia_coli	7.92454e-05
PWY1ZNC-1: assimilatory sulfate reduction IV|g__Klebsiella.s__Klebsiella_oxytoca	7.02615e-05
PWY1ZNC-1: assimilatory sulfate reduction IV|g__Klebsiella.s__Klebsiella_michiganensis	2.42116e-05
PWY1ZNC-1: assimilatory sulfate reduction IV|g__Hafnia.s__Hafnia_alvei	5.33915e-06
PWY1ZNC-1: assimilatory sulfate reduction IV|g__Proteus.s__Proteus_mirabilis	4.45122e-06
PWY1ZNC-1: assimilatory sulfate reduction IV|g__Saccharomyces.s__Saccharomyces_cerevisiae	2.07826e-06
PWY1ZNC-1: assimilatory sulfate reduction IV|g__Escherichia.s__Escherichia_fergusonii	5.00824e-07
PWY-561: superpathway of glyoxylate cycle and fatty acid degradation	0.000255301
PWY-561: superpathway of glyoxylate cycle and fatty acid degradation|g__Escherichia.s__Escherichia_coli	0.00012113
PWY-561: superpathway of glyoxylate cycle and fatty acid degradation|g__Klebsiella.s__Klebsiella_oxytoca	4.96608e-05
PWY-561: superpathway of glyoxylate cycle and fatty acid degradation|g__Proteus.s__Proteus_mirabilis	4.54052e-06
PWY-561: superpathway of glyoxylate cycle and fatty acid degradation|unclassified	1.02173e-06
PWY-5840: superpathway of menaquinol-7 biosynthesis	0.00025374
PWY-5840: superpathway of menaquinol-7 biosynthesis|g__Escherichia.s__Escherichia_coli	7.96405e-05
PWY-5840: superpathway of menaquinol-7 biosynthesis|g__Klebsiella.s__Klebsiella_oxytoca	5.95334e-05
PWY-5840: superpathway of menaquinol-7 biosynthesis|g__Klebsiella.s__Klebsiella_michiganensis	2.71216e-05
PWY-5840: superpathway of menaquinol-7 biosynthesis|g__Hafnia.s__Hafnia_alvei	4.82169e-06
PWY-5845: superpathway of menaquinol-9 biosynthesis	0.00025374
PWY-5845: superpathway of menaquinol-9 biosynthesis|g__Escherichia.s__Escherichia_coli	7.96405e-05
PWY-5845: superpathway of menaquinol-9 biosynthesis|g__Klebsiella.s__Klebsiella_oxytoca	5.95334e-05
PWY-5845: superpathway of menaquinol-9 biosynthesis|g__Klebsiella.s__Klebsiella_michiganensis	2.71216e-05
PWY-5845: superpathway of menaquinol-9 biosynthesis|g__Hafnia.s__Hafnia_alvei	4.82169e-06
PWY-5850: superpathway of menaquinol-6 biosynthesis	0.00025374
PWY-5850: superpathway of menaquinol-6 biosynthesis|g__Escherichia.s__Escherichia_coli	7.96405e-05
PWY-5850: superpathway of menaquinol-6 biosynthesis|g__Klebsiella.s__Klebsiella_oxytoca	5.95334e-05
PWY-5850: superpathway of menaquinol-6 biosynthesis|g__Klebsiella.s__Klebsiella_michiganensis	2.71216e-05
PWY-5850: superpathway of menaquinol-6 biosynthesis|g__Hafnia.s__Hafnia_alvei	4.82169e-06
PWY-5896: superpathway of menaquinol-10 biosynthesis	0.00025374
PWY-5896: superpathway of menaquinol-10 biosynthesis|g__Escherichia.s__Escherichia_coli	7.96405e-05
PWY-5896: superpathway of menaquinol-10 biosynthesis|g__Klebsiella.s__Klebsiella_oxytoca	5.95334e-05
PWY-5896: superpathway of menaquinol-10 biosynthesis|g__Klebsiella.s__Klebsiella_michiganensis	2.71216e-05
PWY-5896: superpathway of menaquinol-10 biosynthesis|g__Hafnia.s__Hafnia_alvei	4.82169e-06
PWY-5861: superpathway of demethylmenaquinol-8 biosynthesis I	0.000252226
PWY-5861: superpathway of demethylmenaquinol-8 biosynthesis I|g__Escherichia.s__Escherichia_coli	8.77343e-05
PWY-5861: superpathway of demethylmenaquinol-8 biosynthesis I|g__Klebsiella.s__Klebsiella_oxytoca	6.05237e-05
PWY-5861: superpathway of demethylmenaquinol-8 biosynthesis I|g__Klebsiella.s__Klebsiella_michiganensis	2.88966e-05
PWY-5861: superpathway of demethylmenaquinol-8 biosynthesis I|g__Hafnia.s__Hafnia_alvei	5.2666e-06
PWY-5861: superpathway of demethylmenaquinol-8 biosynthesis I|g__Morganella.s__Morganella_morganii	4.97207e-06
PWY-7237: myo-, chiro- and scyllo-inositol degradation	0.00025126
PWY-7237: myo-, chiro- and scyllo-inositol degradation|g__Lactobacillus.s__Lactobacillus_rhamnosus	2.05975e-05
PWY-7237: myo-, chiro- and scyllo-inositol degradation|g__Lactobacillus.s__Lactobacillus_casei_group	1.24507e-05
PWY-7237: myo-, chiro- and scyllo-inositol degradation|g__Lactobacillus.s__Lactobacillus_plantarum	1.26217e-06
PWY-7237: myo-, chiro- and scyllo-inositol degradation|g__Lactobacillus.s__Lactobacillus_pentosus	9.31283e-07
PWY-4041: &gamma;-glutamyl cycle	0.00024921
PWY-4041: &gamma;-glutamyl cycle|g__Escherichia.s__Escherichia_coli	0.000121187
PWY-4041: &gamma;-glutamyl cycle|g__Klebsiella.s__Klebsiella_oxytoca	6.20266e-05
PWY-4041: &gamma;-glutamyl cycle|g__Klebsiella.s__Klebsiella_michiganensis	3.4284e-05
PWY-4041: &gamma;-glutamyl cycle|g__Proteus.s__Proteus_mirabilis	6.78348e-06
PWY-4041: &gamma;-glutamyl cycle|g__Morganella.s__Morganella_morganii	6.58983e-06
PWY-4041: &gamma;-glutamyl cycle|g__Haemophilus.s__Haemophilus_parainfluenzae	1.93148e-06
PWY-4041: &gamma;-glutamyl cycle|unclassified	1.27076e-06
PWY-4041: &gamma;-glutamyl cycle|g__Escherichia.s__Escherichia_fergusonii	6.76649e-07
PWY-7115: C4 photosynthetic carbon assimilation cycle, NAD-ME type	0.000248154
PWY-7115: C4 photosynthetic carbon assimilation cycle, NAD-ME type|g__Escherichia.s__Escherichia_coli	6.30679e-05
PWY-7115: C4 photosynthetic carbon assimilation cycle, NAD-ME type|g__Klebsiella.s__Klebsiella_oxytoca	5.73353e-05
PWY-7115: C4 photosynthetic carbon assimilation cycle, NAD-ME type|g__Klebsiella.s__Klebsiella_michiganensis	4.9449e-05
PWY-7115: C4 photosynthetic carbon assimilation cycle, NAD-ME type|g__Hafnia.s__Hafnia_alvei	6.27089e-06
PWY-7115: C4 photosynthetic carbon assimilation cycle, NAD-ME type|g__Morganella.s__Morganella_morganii	5.48307e-06
PWY-7115: C4 photosynthetic carbon assimilation cycle, NAD-ME type|g__Haemophilus.s__Haemophilus_parainfluenzae	2.07233e-06
PWY-7115: C4 photosynthetic carbon assimilation cycle, NAD-ME type|unclassified	4.07086e-07
PWY-7115: C4 photosynthetic carbon assimilation cycle, NAD-ME type|g__Escherichia.s__Escherichia_fergusonii	3.51328e-08
PWY-5345: superpathway of L-methionine biosynthesis (by sulfhydrylation)	0.000244151
PWY-5345: superpathway of L-methionine biosynthesis (by sulfhydrylation)|g__Proteus.s__Proteus_mirabilis	5.2208e-06
PWY-5345: superpathway of L-methionine biosynthesis (by sulfhydrylation)|g__Saccharomyces.s__Saccharomyces_cerevisiae	3.0077e-06
PWY-5345: superpathway of L-methionine biosynthesis (by sulfhydrylation)|unclassified	1.61126e-06
PWY0-845: superpathway of pyridoxal 5'-phosphate biosynthesis and salvage	0.000241228
PWY0-845: superpathway of pyridoxal 5'-phosphate biosynthesis and salvage|g__Escherichia.s__Escherichia_coli	8.31283e-05
PWY0-845: superpathway of pyridoxal 5'-phosphate biosynthesis and salvage|g__Klebsiella.s__Klebsiella_oxytoca	6.28446e-05
PWY0-845: superpathway of pyridoxal 5'-phosphate biosynthesis and salvage|g__Klebsiella.s__Klebsiella_michiganensis	2.02427e-05
PWY0-845: superpathway of pyridoxal 5'-phosphate biosynthesis and salvage|g__Proteus.s__Proteus_mirabilis	5.71437e-06
PWY0-845: superpathway of pyridoxal 5'-phosphate biosynthesis and salvage|g__Morganella.s__Morganella_morganii	4.78874e-06
PWY0-845: superpathway of pyridoxal 5'-phosphate biosynthesis and salvage|g__Hafnia.s__Hafnia_alvei	4.48723e-06
PWY0-845: superpathway of pyridoxal 5'-phosphate biosynthesis and salvage|unclassified	2.2738e-07
PYRIDNUCSYN-PWY: NAD de novo biosynthesis I (from aspartate)	0.000238235
PYRIDNUCSYN-PWY: NAD de novo biosynthesis I (from aspartate)|g__Escherichia.s__Escherichia_coli	9.59282e-05
PYRIDNUCSYN-PWY: NAD de novo biosynthesis I (from aspartate)|g__Klebsiella.s__Klebsiella_oxytoca	1.94072e-05
PYRIDNUCSYN-PWY: NAD de novo biosynthesis I (from aspartate)|g__Fusobacterium.s__Fusobacterium_nucleatum	1.28687e-05
PYRIDNUCSYN-PWY: NAD de novo biosynthesis I (from aspartate)|g__Hafnia.s__Hafnia_alvei	5.07831e-06
PYRIDNUCSYN-PWY: NAD de novo biosynthesis I (from aspartate)|g__Alistipes.s__Alistipes_onderdonkii	6.80996e-07
PYRIDNUCSYN-PWY: NAD de novo biosynthesis I (from aspartate)|unclassified	2.22439e-07
POLYISOPRENSYN-PWY: polyisoprenoid biosynthesis (E. coli)	0.000236828
POLYISOPRENSYN-PWY: polyisoprenoid biosynthesis (E. coli)|g__Escherichia.s__Escherichia_coli	8.05724e-05
POLYISOPRENSYN-PWY: polyisoprenoid biosynthesis (E. coli)|g__Klebsiella.s__Klebsiella_oxytoca	4.76868e-05
POLYISOPRENSYN-PWY: polyisoprenoid biosynthesis (E. coli)|g__Klebsiella.s__Klebsiella_michiganensis	3.18987e-05
POLYISOPRENSYN-PWY: polyisoprenoid biosynthesis (E. coli)|g__Lactobacillus.s__Lactobacillus_casei_group	7.7921e-06
POLYISOPRENSYN-PWY: polyisoprenoid biosynthesis (E. coli)|g__Morganella.s__Morganella_morganii	6.42363e-06
POLYISOPRENSYN-PWY: polyisoprenoid biosynthesis (E. coli)|g__Lactobacillus.s__Lactobacillus_rhamnosus	6.27275e-06
POLYISOPRENSYN-PWY: polyisoprenoid biosynthesis (E. coli)|g__Hafnia.s__Hafnia_alvei	5.89149e-06
POLYISOPRENSYN-PWY: polyisoprenoid biosynthesis (E. coli)|g__Lactobacillus.s__Lactobacillus_pentosus	2.90582e-07
POLYISOPRENSYN-PWY: polyisoprenoid biosynthesis (E. coli)|g__Escherichia.s__Escherichia_fergusonii	4.31767e-08
PWY-5121: superpathway of geranylgeranyl diphosphate biosynthesis II (via MEP)	0.00023516
PWY-5121: superpathway of geranylgeranyl diphosphate biosynthesis II (via MEP)|g__Escherichia.s__Escherichia_coli	3.89549e-05
PWY-5121: superpathway of geranylgeranyl diphosphate biosynthesis II (via MEP)|g__Klebsiella.s__Klebsiella_oxytoca	1.7819e-05
PWY-5121: superpathway of geranylgeranyl diphosphate biosynthesis II (via MEP)|g__Veillonella.s__Veillonella_parvula	6.71184e-06
PWY-5121: superpathway of geranylgeranyl diphosphate biosynthesis II (via MEP)|g__Hafnia.s__Hafnia_alvei	4.10077e-06
PWY-5121: superpathway of geranylgeranyl diphosphate biosynthesis II (via MEP)|g__Veillonella.s__Veillonella_dispar	2.36388e-07
PWY-6823: molybdopterin biosynthesis	0.000235013
PWY-6823: molybdopterin biosynthesis|g__Veillonella.s__Veillonella_parvula	6.76485e-05
PWY-6823: molybdopterin biosynthesis|g__Escherichia.s__Escherichia_coli	5.36755e-05
PWY-6823: molybdopterin biosynthesis|g__Klebsiella.s__Klebsiella_oxytoca	3.56788e-05
PWY-6823: molybdopterin biosynthesis|g__Klebsiella.s__Klebsiella_michiganensis	3.33022e-05
PWY-6823: molybdopterin biosynthesis|g__Sutterella.s__Sutterella_sp_CAG_351	1.444e-05
PWY-6823: molybdopterin biosynthesis|g__Megasphaera.s__Megasphaera_micronuciformis	1.22307e-05
PWY-6823: molybdopterin biosynthesis|g__Hafnia.s__Hafnia_alvei	5.06705e-06
PWY-6823: molybdopterin biosynthesis|g__Morganella.s__Morganella_morganii	5.05597e-06
PWY-6823: molybdopterin biosynthesis|g__Proteus.s__Proteus_mirabilis	4.24837e-06
PWY-6823: molybdopterin biosynthesis|g__Escherichia.s__Escherichia_fergusonii	3.37799e-06
PWY-6823: molybdopterin biosynthesis|unclassified	2.90425e-06
PWY-6823: molybdopterin biosynthesis|g__Haemophilus.s__Haemophilus_parainfluenzae	1.62115e-06
PWY-6823: molybdopterin biosynthesis|g__Veillonella.s__Veillonella_atypica	7.35464e-07
PWY-6823: molybdopterin biosynthesis|g__Lactobacillus.s__Lactobacillus_plantarum	3.16916e-07
PWY-6823: molybdopterin biosynthesis|g__Veillonella.s__Veillonella_infantium	2.31852e-07
PWY-6823: molybdopterin biosynthesis|g__Veillonella.s__Veillonella_dispar	1.3254e-07
PWY-6823: molybdopterin biosynthesis|g__Lactobacillus.s__Lactobacillus_pentosus	7.55935e-08
PWY0-781: aspartate superpathway	0.000234881
PWY0-781: aspartate superpathway|g__Escherichia.s__Escherichia_coli	6.44843e-05
PWY0-781: aspartate superpathway|g__Klebsiella.s__Klebsiella_oxytoca	3.11746e-05
TCA-GLYOX-BYPASS: superpathway of glyoxylate bypass and TCA	0.000232717
TCA-GLYOX-BYPASS: superpathway of glyoxylate bypass and TCA|g__Escherichia.s__Escherichia_coli	0.000118753
TCA-GLYOX-BYPASS: superpathway of glyoxylate bypass and TCA|g__Klebsiella.s__Klebsiella_oxytoca	4.6925e-05
TCA-GLYOX-BYPASS: superpathway of glyoxylate bypass and TCA|g__Saccharomyces.s__Saccharomyces_cerevisiae	5.41042e-06
TCA-GLYOX-BYPASS: superpathway of glyoxylate bypass and TCA|g__Proteus.s__Proteus_mirabilis	4.03939e-06
TCA-GLYOX-BYPASS: superpathway of glyoxylate bypass and TCA|unclassified	7.41184e-07
P42-PWY: incomplete reductive TCA cycle	0.00023192
P42-PWY: incomplete reductive TCA cycle|unclassified	7.17853e-07
PWY-6630: superpathway of L-tyrosine biosynthesis	0.000231225
PWY-6630: superpathway of L-tyrosine biosynthesis|g__Escherichia.s__Escherichia_coli	2.33111e-05
PWY-6630: superpathway of L-tyrosine biosynthesis|g__Klebsiella.s__Klebsiella_oxytoca	1.80102e-05
PWY-6630: superpathway of L-tyrosine biosynthesis|g__Klebsiella.s__Klebsiella_michiganensis	1.64083e-05
PWY-6630: superpathway of L-tyrosine biosynthesis|g__Saccharomyces.s__Saccharomyces_cerevisiae	2.5863e-06
PWY-6630: superpathway of L-tyrosine biosynthesis|unclassified	1.80091e-06
PWY-7858: (5Z)-dodecenoate biosynthesis II	0.000230972
PWY-7858: (5Z)-dodecenoate biosynthesis II|g__Escherichia.s__Escherichia_coli	7.55586e-05
PWY-7858: (5Z)-dodecenoate biosynthesis II|g__Klebsiella.s__Klebsiella_oxytoca	5.36546e-05
PWY-7858: (5Z)-dodecenoate biosynthesis II|g__Klebsiella.s__Klebsiella_michiganensis	3.45919e-05
PWY-7858: (5Z)-dodecenoate biosynthesis II|g__Morganella.s__Morganella_morganii	8.23836e-06
PWY-7858: (5Z)-dodecenoate biosynthesis II|g__Proteus.s__Proteus_mirabilis	8.15269e-06
PWY-7858: (5Z)-dodecenoate biosynthesis II|g__Hafnia.s__Hafnia_alvei	6.16586e-06
PWY-7858: (5Z)-dodecenoate biosynthesis II|g__Saccharomyces.s__Saccharomyces_cerevisiae	2.71526e-06
PWY-7858: (5Z)-dodecenoate biosynthesis II|unclassified	1.60135e-06
PWY-7858: (5Z)-dodecenoate biosynthesis II|g__Haemophilus.s__Haemophilus_parainfluenzae	1.53374e-06
PWY-5860: superpathway of demethylmenaquinol-6 biosynthesis I	0.000230407
PWY-5860: superpathway of demethylmenaquinol-6 biosynthesis I|g__Escherichia.s__Escherichia_coli	7.44676e-05
PWY-5860: superpathway of demethylmenaquinol-6 biosynthesis I|g__Klebsiella.s__Klebsiella_oxytoca	5.87138e-05
PWY-5860: superpathway of demethylmenaquinol-6 biosynthesis I|g__Klebsiella.s__Klebsiella_michiganensis	2.88966e-05
PWY-5860: superpathway of demethylmenaquinol-6 biosynthesis I|g__Hafnia.s__Hafnia_alvei	5.04645e-06
PWY-5862: superpathway of demethylmenaquinol-9 biosynthesis	0.000230407
PWY-5862: superpathway of demethylmenaquinol-9 biosynthesis|g__Escherichia.s__Escherichia_coli	7.44676e-05
PWY-5862: superpathway of demethylmenaquinol-9 biosynthesis|g__Klebsiella.s__Klebsiella_oxytoca	5.87138e-05
PWY-5862: superpathway of demethylmenaquinol-9 biosynthesis|g__Klebsiella.s__Klebsiella_michiganensis	2.88966e-05
PWY-5862: superpathway of demethylmenaquinol-9 biosynthesis|g__Hafnia.s__Hafnia_alvei	5.04645e-06
PWY-5189: tetrapyrrole biosynthesis II (from glycine)	0.000229771
PWY-5189: tetrapyrrole biosynthesis II (from glycine)|g__Escherichia.s__Escherichia_coli	8.20145e-05
PWY-5189: tetrapyrrole biosynthesis II (from glycine)|g__Klebsiella.s__Klebsiella_oxytoca	4.28994e-05
PWY-5189: tetrapyrrole biosynthesis II (from glycine)|g__Klebsiella.s__Klebsiella_michiganensis	3.24479e-05
PWY-5189: tetrapyrrole biosynthesis II (from glycine)|g__Proteus.s__Proteus_mirabilis	5.38899e-06
PWY-5189: tetrapyrrole biosynthesis II (from glycine)|g__Hafnia.s__Hafnia_alvei	5.18268e-06
PWY-5189: tetrapyrrole biosynthesis II (from glycine)|g__Saccharomyces.s__Saccharomyces_cerevisiae	3.69804e-06
PRPP-PWY: superpathway of histidine, purine, and pyrimidine biosynthesis	0.000228833
PRPP-PWY: superpathway of histidine, purine, and pyrimidine biosynthesis|g__Escherichia.s__Escherichia_coli	5.56577e-05
PRPP-PWY: superpathway of histidine, purine, and pyrimidine biosynthesis|g__Klebsiella.s__Klebsiella_oxytoca	4.27425e-05
PRPP-PWY: superpathway of histidine, purine, and pyrimidine biosynthesis|g__Klebsiella.s__Klebsiella_michiganensis	2.71448e-05
PWY-7199: pyrimidine deoxyribonucleosides salvage	0.00022872
PWY-7199: pyrimidine deoxyribonucleosides salvage|g__Escherichia.s__Escherichia_coli	5.65541e-05
PWY-7199: pyrimidine deoxyribonucleosides salvage|g__Klebsiella.s__Klebsiella_oxytoca	5.16971e-05
PWY-7199: pyrimidine deoxyribonucleosides salvage|g__Lactobacillus.s__Lactobacillus_rhamnosus	1.22248e-05
PWY-7199: pyrimidine deoxyribonucleosides salvage|g__Hafnia.s__Hafnia_alvei	5.54056e-06
PWY-7199: pyrimidine deoxyribonucleosides salvage|g__Morganella.s__Morganella_morganii	5.14475e-06
PWY-7199: pyrimidine deoxyribonucleosides salvage|g__Proteus.s__Proteus_mirabilis	4.20709e-06
PWY-7199: pyrimidine deoxyribonucleosides salvage|g__Lactobacillus.s__Lactobacillus_casei_group	1.99009e-06
PWY-7199: pyrimidine deoxyribonucleosides salvage|g__Haemophilus.s__Haemophilus_parainfluenzae	1.63347e-06
PWY-7199: pyrimidine deoxyribonucleosides salvage|unclassified	1.03295e-06
PWY-7199: pyrimidine deoxyribonucleosides salvage|g__Klebsiella.s__Klebsiella_michiganensis	1.00297e-06
PWY-7199: pyrimidine deoxyribonucleosides salvage|g__Alistipes.s__Alistipes_onderdonkii	5.20162e-07
RHAMCAT-PWY: L-rhamnose degradation I	0.000228673
RHAMCAT-PWY: L-rhamnose degradation I|g__Escherichia.s__Escherichia_coli	8.18724e-05
RHAMCAT-PWY: L-rhamnose degradation I|g__Klebsiella.s__Klebsiella_oxytoca	6.12101e-05
RHAMCAT-PWY: L-rhamnose degradation I|g__Klebsiella.s__Klebsiella_michiganensis	2.70872e-05
RHAMCAT-PWY: L-rhamnose degradation I|g__Lactobacillus.s__Lactobacillus_plantarum	1.9014e-05
RHAMCAT-PWY: L-rhamnose degradation I|g__Lactobacillus.s__Lactobacillus_rhamnosus	1.77736e-05
RHAMCAT-PWY: L-rhamnose degradation I|g__Hafnia.s__Hafnia_alvei	4.98361e-06
RHAMCAT-PWY: L-rhamnose degradation I|g__Escherichia.s__Escherichia_fergusonii	1.62487e-06
RHAMCAT-PWY: L-rhamnose degradation I|unclassified	7.15251e-07
RHAMCAT-PWY: L-rhamnose degradation I|g__Lactobacillus.s__Lactobacillus_salivarius	2.42669e-07
RHAMCAT-PWY: L-rhamnose degradation I|g__Lactobacillus.s__Lactobacillus_pentosus	1.5184e-07
ORNDEG-PWY: superpathway of ornithine degradation	0.000228485
ORNDEG-PWY: superpathway of ornithine degradation|g__Escherichia.s__Escherichia_coli	0.000130533
ORNDEG-PWY: superpathway of ornithine degradation|g__Klebsiella.s__Klebsiella_oxytoca	5.36644e-05
ORNDEG-PWY: superpathway of ornithine degradation|g__Klebsiella.s__Klebsiella_michiganensis	2.51362e-05
ORNDEG-PWY: superpathway of ornithine degradation|g__Hafnia.s__Hafnia_alvei	5.88712e-06
ORNDEG-PWY: superpathway of ornithine degradation|unclassified	3.43179e-06
ORNDEG-PWY: superpathway of ornithine degradation|g__Escherichia.s__Escherichia_fergusonii	1.6152e-08
DENOVOPURINE2-PWY: superpathway of purine nucleotides de novo biosynthesis II	0.000228027
DENOVOPURINE2-PWY: superpathway of purine nucleotides de novo biosynthesis II|g__Escherichia.s__Escherichia_coli	5.89515e-05
DENOVOPURINE2-PWY: superpathway of purine nucleotides de novo biosynthesis II|g__Klebsiella.s__Klebsiella_oxytoca	4.07322e-05
DENOVOPURINE2-PWY: superpathway of purine nucleotides de novo biosynthesis II|g__Klebsiella.s__Klebsiella_michiganensis	2.68116e-05
DENOVOPURINE2-PWY: superpathway of purine nucleotides de novo biosynthesis II|g__Escherichia.s__Escherichia_fergusonii	4.92387e-07
PWY-622: starch biosynthesis	0.000227925
PWY-622: starch biosynthesis|g__Klebsiella.s__Klebsiella_oxytoca	4.53727e-05
PWY-622: starch biosynthesis|g__Fusobacterium.s__Fusobacterium_nucleatum	1.23608e-05
TCA: TCA cycle I (prokaryotic)	0.000226638
TCA: TCA cycle I (prokaryotic)|g__Escherichia.s__Escherichia_coli	0.000113487
TCA: TCA cycle I (prokaryotic)|g__Klebsiella.s__Klebsiella_oxytoca	4.42596e-05
TCA: TCA cycle I (prokaryotic)|g__Saccharomyces.s__Saccharomyces_cerevisiae	5.21947e-06
TCA: TCA cycle I (prokaryotic)|g__Proteus.s__Proteus_mirabilis	3.83789e-06
TCA: TCA cycle I (prokaryotic)|unclassified	6.58616e-07
PWY-I9: L-cysteine biosynthesis VI (from L-methionine)	0.000225824
PWY-I9: L-cysteine biosynthesis VI (from L-methionine)|g__Escherichia.s__Escherichia_coli	5.63357e-05
PWY-I9: L-cysteine biosynthesis VI (from L-methionine)|g__Klebsiella.s__Klebsiella_oxytoca	4.33716e-05
PWY-I9: L-cysteine biosynthesis VI (from L-methionine)|g__Klebsiella.s__Klebsiella_michiganensis	2.19841e-05
PWY-I9: L-cysteine biosynthesis VI (from L-methionine)|g__Fusobacterium.s__Fusobacterium_nucleatum	1.17521e-05
PWY-I9: L-cysteine biosynthesis VI (from L-methionine)|g__Proteus.s__Proteus_mirabilis	5.22453e-06
PWY-I9: L-cysteine biosynthesis VI (from L-methionine)|g__Morganella.s__Morganella_morganii	4.87883e-06
PWY-I9: L-cysteine biosynthesis VI (from L-methionine)|g__Lactobacillus.s__Lactobacillus_plantarum	2.46929e-06
PWY-I9: L-cysteine biosynthesis VI (from L-methionine)|unclassified	2.44129e-06
PWY-I9: L-cysteine biosynthesis VI (from L-methionine)|g__Haemophilus.s__Haemophilus_parainfluenzae	1.68901e-06
PWY0-1415: superpathway of heme b biosynthesis from uroporphyrinogen-III	0.000224665
PWY0-1415: superpathway of heme b biosynthesis from uroporphyrinogen-III|g__Escherichia.s__Escherichia_coli	9.38525e-05
PWY0-1415: superpathway of heme b biosynthesis from uroporphyrinogen-III|g__Klebsiella.s__Klebsiella_oxytoca	4.59785e-05
PWY0-1415: superpathway of heme b biosynthesis from uroporphyrinogen-III|g__Klebsiella.s__Klebsiella_michiganensis	3.17886e-05
PWY0-1415: superpathway of heme b biosynthesis from uroporphyrinogen-III|g__Morganella.s__Morganella_morganii	5.34745e-06
PWY0-1415: superpathway of heme b biosynthesis from uroporphyrinogen-III|g__Proteus.s__Proteus_mirabilis	4.91184e-06
PWY0-1415: superpathway of heme b biosynthesis from uroporphyrinogen-III|g__Escherichia.s__Escherichia_fergusonii	2.41208e-06
PWY0-1415: superpathway of heme b biosynthesis from uroporphyrinogen-III|unclassified	2.37947e-06
PWY0-1415: superpathway of heme b biosynthesis from uroporphyrinogen-III|g__Haemophilus.s__Haemophilus_parainfluenzae	1.80628e-06
PWY-6168: flavin biosynthesis III (fungi)	0.000224501
PWY-6168: flavin biosynthesis III (fungi)|g__Klebsiella.s__Klebsiella_oxytoca	3.70421e-05
PWY-6168: flavin biosynthesis III (fungi)|g__Escherichia.s__Escherichia_coli	2.26102e-05
PWY-6168: flavin biosynthesis III (fungi)|g__Saccharomyces.s__Saccharomyces_cerevisiae	2.88492e-06
PWY-5100: pyruvate fermentation to acetate and lactate II	0.000223924
PWY-5100: pyruvate fermentation to acetate and lactate II|g__Escherichia.s__Escherichia_coli	8.34642e-05
PWY-5100: pyruvate fermentation to acetate and lactate II|g__Klebsiella.s__Klebsiella_oxytoca	5.08014e-05
PWY-5100: pyruvate fermentation to acetate and lactate II|g__Klebsiella.s__Klebsiella_michiganensis	3.73847e-05
PWY-5100: pyruvate fermentation to acetate and lactate II|g__Lactobacillus.s__Lactobacillus_rhamnosus	1.77036e-05
PWY-5100: pyruvate fermentation to acetate and lactate II|g__Fusobacterium.s__Fusobacterium_nucleatum	9.4016e-06
PWY-5100: pyruvate fermentation to acetate and lactate II|unclassified	7.8526e-06
PWY-5100: pyruvate fermentation to acetate and lactate II|g__Lactobacillus.s__Lactobacillus_casei_group	2.22476e-06
PWY-5100: pyruvate fermentation to acetate and lactate II|g__Veillonella.s__Veillonella_atypica	5.72506e-07
PWY-5100: pyruvate fermentation to acetate and lactate II|g__Veillonella.s__Veillonella_parvula	3.04484e-07
PWY-5100: pyruvate fermentation to acetate and lactate II|g__Lactobacillus.s__Lactobacillus_pentosus	2.82692e-07
PWY-5100: pyruvate fermentation to acetate and lactate II|g__Lactobacillus.s__Lactobacillus_salivarius	2.41867e-07
PWY-6969: TCA cycle V (2-oxoglutarate synthase)	0.000223114
PWY-6969: TCA cycle V (2-oxoglutarate synthase)|g__Escherichia.s__Escherichia_coli	0.000110253
PWY-6969: TCA cycle V (2-oxoglutarate synthase)|g__Klebsiella.s__Klebsiella_oxytoca	4.03334e-05
PWY-6969: TCA cycle V (2-oxoglutarate synthase)|g__Saccharomyces.s__Saccharomyces_cerevisiae	5.34241e-06
PWY-6969: TCA cycle V (2-oxoglutarate synthase)|g__Proteus.s__Proteus_mirabilis	3.83789e-06
PWY-6969: TCA cycle V (2-oxoglutarate synthase)|unclassified	4.89718e-07
PWY-5920: superpathway of heme b biosynthesis from glycine	0.000223044
PWY-5920: superpathway of heme b biosynthesis from glycine|g__Escherichia.s__Escherichia_coli	8.7971e-05
PWY-5920: superpathway of heme b biosynthesis from glycine|g__Hafnia.s__Hafnia_alvei	5.34457e-06
PWY-5920: superpathway of heme b biosynthesis from glycine|g__Saccharomyces.s__Saccharomyces_cerevisiae	2.79883e-06
PWY-5138: fatty acid &beta;-oxidation IV (unsaturated, even number)	0.000221692
PWY-5138: fatty acid &beta;-oxidation IV (unsaturated, even number)|g__Klebsiella.s__Klebsiella_oxytoca	9.79045e-05
PWY-5138: fatty acid &beta;-oxidation IV (unsaturated, even number)|g__Klebsiella.s__Klebsiella_michiganensis	4.81403e-05
PWY-5138: fatty acid &beta;-oxidation IV (unsaturated, even number)|g__Escherichia.s__Escherichia_coli	4.36709e-05
PWY-5138: fatty acid &beta;-oxidation IV (unsaturated, even number)|g__Hafnia.s__Hafnia_alvei	8.15372e-06
PWY-5138: fatty acid &beta;-oxidation IV (unsaturated, even number)|unclassified	7.23397e-06
PWY-5138: fatty acid &beta;-oxidation IV (unsaturated, even number)|g__Proteus.s__Proteus_mirabilis	6.00153e-06
PWY-5138: fatty acid &beta;-oxidation IV (unsaturated, even number)|g__Escherichia.s__Escherichia_fergusonii	3.27693e-06
PWY-5138: fatty acid &beta;-oxidation IV (unsaturated, even number)|g__Morganella.s__Morganella_morganii	1.62108e-06
PWY-6531: mannitol cycle	0.000220843
PWY-6531: mannitol cycle|g__Escherichia.s__Escherichia_coli	0.000105043
PWY-6531: mannitol cycle|g__Klebsiella.s__Klebsiella_oxytoca	4.51319e-05
PWY-6531: mannitol cycle|g__Hafnia.s__Hafnia_alvei	4.22712e-06
PWY-6531: mannitol cycle|unclassified	1.52987e-07
P41-PWY: pyruvate fermentation to acetate and (S)-lactate I	0.000219281
P41-PWY: pyruvate fermentation to acetate and (S)-lactate I|g__Klebsiella.s__Klebsiella_oxytoca	5.08014e-05
P41-PWY: pyruvate fermentation to acetate and (S)-lactate I|g__Klebsiella.s__Klebsiella_michiganensis	3.73847e-05
P41-PWY: pyruvate fermentation to acetate and (S)-lactate I|g__Lactobacillus.s__Lactobacillus_rhamnosus	1.77036e-05
P41-PWY: pyruvate fermentation to acetate and (S)-lactate I|g__Fusobacterium.s__Fusobacterium_nucleatum	9.4016e-06
P41-PWY: pyruvate fermentation to acetate and (S)-lactate I|unclassified	7.8526e-06
P41-PWY: pyruvate fermentation to acetate and (S)-lactate I|g__Escherichia.s__Escherichia_coli	2.51938e-06
P41-PWY: pyruvate fermentation to acetate and (S)-lactate I|g__Lactobacillus.s__Lactobacillus_casei_group	2.22476e-06
P41-PWY: pyruvate fermentation to acetate and (S)-lactate I|g__Lactobacillus.s__Lactobacillus_pentosus	2.82692e-07
P41-PWY: pyruvate fermentation to acetate and (S)-lactate I|g__Lactobacillus.s__Lactobacillus_salivarius	2.41867e-07
P41-PWY: pyruvate fermentation to acetate and (S)-lactate I|g__Escherichia.s__Escherichia_fergusonii	1.68459e-08
FUC-RHAMCAT-PWY: superpathway of fucose and rhamnose degradation	0.00021621
FUC-RHAMCAT-PWY: superpathway of fucose and rhamnose degradation|g__Escherichia.s__Escherichia_coli	8.16494e-05
FUC-RHAMCAT-PWY: superpathway of fucose and rhamnose degradation|g__Klebsiella.s__Klebsiella_oxytoca	6.40535e-05
FUC-RHAMCAT-PWY: superpathway of fucose and rhamnose degradation|g__Klebsiella.s__Klebsiella_michiganensis	2.18335e-05
FUC-RHAMCAT-PWY: superpathway of fucose and rhamnose degradation|g__Hafnia.s__Hafnia_alvei	4.74364e-06
FUC-RHAMCAT-PWY: superpathway of fucose and rhamnose degradation|unclassified	1.82268e-07
HEXITOLDEGSUPER-PWY: superpathway of hexitol degradation (bacteria)	0.000213356
HEXITOLDEGSUPER-PWY: superpathway of hexitol degradation (bacteria)|g__Escherichia.s__Escherichia_coli	9.72363e-05
HEXITOLDEGSUPER-PWY: superpathway of hexitol degradation (bacteria)|g__Klebsiella.s__Klebsiella_oxytoca	1.95389e-05
GALACTUROCAT-PWY: D-galacturonate degradation I	0.000208367
GALACTUROCAT-PWY: D-galacturonate degradation I|g__Klebsiella.s__Klebsiella_oxytoca	4.54979e-05
GALACTUROCAT-PWY: D-galacturonate degradation I|g__Klebsiella.s__Klebsiella_michiganensis	4.47342e-05
GALACTUROCAT-PWY: D-galacturonate degradation I|g__Escherichia.s__Escherichia_coli	3.09508e-05
GALACTUROCAT-PWY: D-galacturonate degradation I|g__Hafnia.s__Hafnia_alvei	6.12035e-06
GLUCARDEG-PWY: D-glucarate degradation I	0.000207804
GLUCARDEG-PWY: D-glucarate degradation I|g__Escherichia.s__Escherichia_coli	0.000117448
GLUCARDEG-PWY: D-glucarate degradation I|g__Klebsiella.s__Klebsiella_oxytoca	4.75084e-05
GLUCARDEG-PWY: D-glucarate degradation I|g__Klebsiella.s__Klebsiella_michiganensis	3.24965e-05
GLUCARDEG-PWY: D-glucarate degradation I|unclassified	4.32957e-07
GLUCARDEG-PWY: D-glucarate degradation I|g__Escherichia.s__Escherichia_fergusonii	1.73398e-07
FUCCAT-PWY: fucose degradation	0.000207763
FUCCAT-PWY: fucose degradation|g__Escherichia.s__Escherichia_coli	0.000112511
FUCCAT-PWY: fucose degradation|g__Klebsiella.s__Klebsiella_oxytoca	6.87944e-05
FUCCAT-PWY: fucose degradation|g__Klebsiella.s__Klebsiella_michiganensis	3.092e-05
FUCCAT-PWY: fucose degradation|g__Hafnia.s__Hafnia_alvei	4.94318e-06
FUCCAT-PWY: fucose degradation|g__Haemophilus.s__Haemophilus_parainfluenzae	2.03395e-06
FUCCAT-PWY: fucose degradation|unclassified	1.42686e-07
PWY-7392: taxadiene biosynthesis (engineered)	0.000206269
PWY-7392: taxadiene biosynthesis (engineered)|g__Hafnia.s__Hafnia_alvei	3.69148e-06
OANTIGEN-PWY: O-antigen building blocks biosynthesis (E. coli)	0.000200203
OANTIGEN-PWY: O-antigen building blocks biosynthesis (E. coli)|g__Escherichia.s__Escherichia_coli	3.97834e-05
OANTIGEN-PWY: O-antigen building blocks biosynthesis (E. coli)|g__Sutterella.s__Sutterella_sp_CAG_351	1.3656e-05
OANTIGEN-PWY: O-antigen building blocks biosynthesis (E. coli)|g__Fusobacterium.s__Fusobacterium_nucleatum	8.66825e-06
OANTIGEN-PWY: O-antigen building blocks biosynthesis (E. coli)|unclassified	8.23512e-06
OANTIGEN-PWY: O-antigen building blocks biosynthesis (E. coli)|g__Lactobacillus.s__Lactobacillus_plantarum	4.10779e-06
OANTIGEN-PWY: O-antigen building blocks biosynthesis (E. coli)|g__Klebsiella.s__Klebsiella_oxytoca	1.69764e-06
OANTIGEN-PWY: O-antigen building blocks biosynthesis (E. coli)|g__Lactobacillus.s__Lactobacillus_pentosus	1.63034e-06
OANTIGEN-PWY: O-antigen building blocks biosynthesis (E. coli)|g__Escherichia.s__Escherichia_fergusonii	1.45759e-06
OANTIGEN-PWY: O-antigen building blocks biosynthesis (E. coli)|g__Lactobacillus.s__Lactobacillus_rhamnosus	1.33979e-06
OANTIGEN-PWY: O-antigen building blocks biosynthesis (E. coli)|g__Lactobacillus.s__Lactobacillus_casei_group	6.41034e-07
OANTIGEN-PWY: O-antigen building blocks biosynthesis (E. coli)|g__Lactobacillus.s__Lactobacillus_salivarius	3.04938e-07
PWY-6284: superpathway of unsaturated fatty acids biosynthesis (E. coli)	0.000198955
PWY-6284: superpathway of unsaturated fatty acids biosynthesis (E. coli)|g__Escherichia.s__Escherichia_coli	7.39034e-05
PWY-6284: superpathway of unsaturated fatty acids biosynthesis (E. coli)|g__Klebsiella.s__Klebsiella_oxytoca	3.73933e-05
PWY-6284: superpathway of unsaturated fatty acids biosynthesis (E. coli)|unclassified	3.9011e-06
PWY0-1277: 3-phenylpropanoate and 3-(3-hydroxyphenyl)propanoate degradation	0.000196815
PWY0-1277: 3-phenylpropanoate and 3-(3-hydroxyphenyl)propanoate degradation|g__Escherichia.s__Escherichia_coli	9.79879e-05
PWY0-1277: 3-phenylpropanoate and 3-(3-hydroxyphenyl)propanoate degradation|g__Klebsiella.s__Klebsiella_oxytoca	6.298e-05
PWY0-1277: 3-phenylpropanoate and 3-(3-hydroxyphenyl)propanoate degradation|g__Klebsiella.s__Klebsiella_michiganensis	2.47625e-05
PWY-5180: toluene degradation I (aerobic) (via o-cresol)	0.000192953
PYRIDOXSYN-PWY: pyridoxal 5'-phosphate biosynthesis I	0.000192629
PYRIDOXSYN-PWY: pyridoxal 5'-phosphate biosynthesis I|g__Escherichia.s__Escherichia_coli	6.71278e-05
PYRIDOXSYN-PWY: pyridoxal 5'-phosphate biosynthesis I|g__Klebsiella.s__Klebsiella_oxytoca	4.88019e-05
PYRIDOXSYN-PWY: pyridoxal 5'-phosphate biosynthesis I|g__Klebsiella.s__Klebsiella_michiganensis	1.63389e-05
PYRIDOXSYN-PWY: pyridoxal 5'-phosphate biosynthesis I|g__Proteus.s__Proteus_mirabilis	7.31694e-06
PYRIDOXSYN-PWY: pyridoxal 5'-phosphate biosynthesis I|g__Hafnia.s__Hafnia_alvei	6.21218e-06
PYRIDOXSYN-PWY: pyridoxal 5'-phosphate biosynthesis I|g__Morganella.s__Morganella_morganii	4.92716e-06
PYRIDOXSYN-PWY: pyridoxal 5'-phosphate biosynthesis I|unclassified	1.4894e-07
PWY-7242: D-fructuronate degradation	0.000189533
PWY-7242: D-fructuronate degradation|g__Escherichia.s__Escherichia_coli	2.72282e-05
PWY-7242: D-fructuronate degradation|g__Klebsiella.s__Klebsiella_oxytoca	2.12742e-05
PWY-7242: D-fructuronate degradation|g__Lactobacillus.s__Lactobacillus_rhamnosus	1.60268e-05
PWY-7242: D-fructuronate degradation|g__Morganella.s__Morganella_morganii	6.233e-06
PWY-7242: D-fructuronate degradation|g__Hafnia.s__Hafnia_alvei	6.04192e-06
COLANSYN-PWY: colanic acid building blocks biosynthesis	0.000189391
COLANSYN-PWY: colanic acid building blocks biosynthesis|g__Escherichia.s__Escherichia_coli	8.70054e-05
COLANSYN-PWY: colanic acid building blocks biosynthesis|g__Klebsiella.s__Klebsiella_oxytoca	1.20828e-05
COLANSYN-PWY: colanic acid building blocks biosynthesis|unclassified	3.01993e-06
COLANSYN-PWY: colanic acid building blocks biosynthesis|g__Escherichia.s__Escherichia_fergusonii	2.88185e-07
P122-PWY: heterolactic fermentation	0.000188817
P122-PWY: heterolactic fermentation|g__Klebsiella.s__Klebsiella_oxytoca	5.32122e-05
P122-PWY: heterolactic fermentation|g__Klebsiella.s__Klebsiella_michiganensis	2.59414e-05
P122-PWY: heterolactic fermentation|unclassified	2.71115e-07
P105-PWY: TCA cycle IV (2-oxoglutarate decarboxylase)	0.000188607
P105-PWY: TCA cycle IV (2-oxoglutarate decarboxylase)|g__Escherichia.s__Escherichia_coli	9.46203e-05
P105-PWY: TCA cycle IV (2-oxoglutarate decarboxylase)|g__Klebsiella.s__Klebsiella_oxytoca	3.52497e-05
P105-PWY: TCA cycle IV (2-oxoglutarate decarboxylase)|g__Proteus.s__Proteus_mirabilis	3.68993e-06
P105-PWY: TCA cycle IV (2-oxoglutarate decarboxylase)|unclassified	5.71802e-07
PWY-5659: GDP-mannose biosynthesis	0.000188074
PWY-5659: GDP-mannose biosynthesis|g__Escherichia.s__Escherichia_coli	9.49035e-05
PWY-5659: GDP-mannose biosynthesis|g__Klebsiella.s__Klebsiella_oxytoca	4.39908e-05
PWY-5659: GDP-mannose biosynthesis|unclassified	5.39459e-06
PWY-5659: GDP-mannose biosynthesis|g__Fusobacterium.s__Fusobacterium_nucleatum	5.33766e-06
PWY-5659: GDP-mannose biosynthesis|g__Saccharomyces.s__Saccharomyces_cerevisiae	2.46383e-06
PWY-5659: GDP-mannose biosynthesis|g__Escherichia.s__Escherichia_fergusonii	2.20161e-06
PWY-5659: GDP-mannose biosynthesis|g__Haemophilus.s__Haemophilus_parainfluenzae	1.83007e-06
PWY-5659: GDP-mannose biosynthesis|g__Klebsiella.s__Klebsiella_michiganensis	1.30833e-06
CITRULBIO-PWY: L-citrulline biosynthesis	0.000187017
CITRULBIO-PWY: L-citrulline biosynthesis|g__Escherichia.s__Escherichia_coli	9.72209e-05
CITRULBIO-PWY: L-citrulline biosynthesis|g__Klebsiella.s__Klebsiella_oxytoca	2.84378e-05
CITRULBIO-PWY: L-citrulline biosynthesis|unclassified	3.7429e-06
CITRULBIO-PWY: L-citrulline biosynthesis|g__Saccharomyces.s__Saccharomyces_cerevisiae	2.51523e-06
CITRULBIO-PWY: L-citrulline biosynthesis|g__Alistipes.s__Alistipes_finegoldii	2.89575e-07
CITRULBIO-PWY: L-citrulline biosynthesis|g__Alistipes.s__Alistipes_onderdonkii	6.04188e-08
PWY-7942: 5-oxo-L-proline metabolism	0.000185206
PWY-7942: 5-oxo-L-proline metabolism|g__Klebsiella.s__Klebsiella_oxytoca	4.91271e-05
PWY-7942: 5-oxo-L-proline metabolism|g__Klebsiella.s__Klebsiella_michiganensis	3.91865e-05
PWY-7942: 5-oxo-L-proline metabolism|unclassified	9.20947e-07
PWY-7942: 5-oxo-L-proline metabolism|g__Escherichia.s__Escherichia_coli	6.82629e-07
PWY-5981: CDP-diacylglycerol biosynthesis III	0.000183665
PWY-5981: CDP-diacylglycerol biosynthesis III|g__Klebsiella.s__Klebsiella_oxytoca	3.84718e-05
PWY-5981: CDP-diacylglycerol biosynthesis III|g__Klebsiella.s__Klebsiella_michiganensis	2.6924e-05
PWY-5981: CDP-diacylglycerol biosynthesis III|g__Lactobacillus.s__Lactobacillus_rhamnosus	1.37909e-05
PWY-5981: CDP-diacylglycerol biosynthesis III|g__Escherichia.s__Escherichia_coli	1.09307e-05
PWY-5981: CDP-diacylglycerol biosynthesis III|g__Proteus.s__Proteus_mirabilis	8.47647e-06
PWY-5981: CDP-diacylglycerol biosynthesis III|unclassified	3.84907e-06
PWY-5981: CDP-diacylglycerol biosynthesis III|g__Lactobacillus.s__Lactobacillus_casei_group	1.51797e-06
PWY-5981: CDP-diacylglycerol biosynthesis III|g__Lactobacillus.s__Lactobacillus_salivarius	2.76316e-07
PWY-6961: L-ascorbate degradation II (bacterial, aerobic)	0.000183207
PWY-6961: L-ascorbate degradation II (bacterial, aerobic)|g__Escherichia.s__Escherichia_coli	9.05161e-05
PWY-6961: L-ascorbate degradation II (bacterial, aerobic)|g__Klebsiella.s__Klebsiella_michiganensis	3.86648e-05
PWY-6961: L-ascorbate degradation II (bacterial, aerobic)|g__Klebsiella.s__Klebsiella_oxytoca	2.53318e-05
PWY-6961: L-ascorbate degradation II (bacterial, aerobic)|g__Hafnia.s__Hafnia_alvei	1.0737e-05
PWY-6961: L-ascorbate degradation II (bacterial, aerobic)|g__Escherichia.s__Escherichia_fergusonii	1.00515e-06
PWY-6961: L-ascorbate degradation II (bacterial, aerobic)|unclassified	4.61475e-07
PWY-5497: purine nucleobases degradation II (anaerobic)	0.000176745
PWY-5497: purine nucleobases degradation II (anaerobic)|g__Escherichia.s__Escherichia_coli	5.1152e-05
PWY-5497: purine nucleobases degradation II (anaerobic)|g__Klebsiella.s__Klebsiella_oxytoca	1.6131e-05
PWY-7315: dTDP-N-acetylthomosamine biosynthesis	0.000174326
PWY-7315: dTDP-N-acetylthomosamine biosynthesis|g__Klebsiella.s__Klebsiella_oxytoca	5.70887e-05
PWY-7315: dTDP-N-acetylthomosamine biosynthesis|g__Escherichia.s__Escherichia_coli	4.50274e-05
PWY-7315: dTDP-N-acetylthomosamine biosynthesis|g__Klebsiella.s__Klebsiella_michiganensis	2.87337e-05
PWY-7315: dTDP-N-acetylthomosamine biosynthesis|g__Morganella.s__Morganella_morganii	5.28591e-06
PWY-7315: dTDP-N-acetylthomosamine biosynthesis|g__Hafnia.s__Hafnia_alvei	5.24267e-06
PWY-7315: dTDP-N-acetylthomosamine biosynthesis|g__Proteus.s__Proteus_mirabilis	4.9189e-06
PWY-7315: dTDP-N-acetylthomosamine biosynthesis|unclassified	1.55303e-06
PWY-7315: dTDP-N-acetylthomosamine biosynthesis|g__Escherichia.s__Escherichia_fergusonii	1.47397e-06
PPGPPMET-PWY: ppGpp metabolism	0.00017424
PPGPPMET-PWY: ppGpp metabolism|g__Klebsiella.s__Klebsiella_oxytoca	4.50899e-05
PPGPPMET-PWY: ppGpp metabolism|g__Klebsiella.s__Klebsiella_michiganensis	3.53259e-05
PPGPPMET-PWY: ppGpp metabolism|g__Escherichia.s__Escherichia_coli	1.59741e-05
PPGPPMET-PWY: ppGpp metabolism|g__Proteus.s__Proteus_mirabilis	7.43745e-06
PPGPPMET-PWY: ppGpp metabolism|g__Hafnia.s__Hafnia_alvei	6.62656e-06
PPGPPMET-PWY: ppGpp metabolism|g__Morganella.s__Morganella_morganii	4.86032e-06
PPGPPMET-PWY: ppGpp metabolism|g__Haemophilus.s__Haemophilus_parainfluenzae	1.63893e-06
PPGPPMET-PWY: ppGpp metabolism|g__Escherichia.s__Escherichia_fergusonii	1.94073e-07
KETOGLUCONMET-PWY: ketogluconate metabolism	0.000173775
KETOGLUCONMET-PWY: ketogluconate metabolism|g__Escherichia.s__Escherichia_coli	9.56527e-05
KETOGLUCONMET-PWY: ketogluconate metabolism|g__Lactobacillus.s__Lactobacillus_plantarum	2.55061e-05
KETOGLUCONMET-PWY: ketogluconate metabolism|g__Klebsiella.s__Klebsiella_oxytoca	1.16289e-05
KETOGLUCONMET-PWY: ketogluconate metabolism|g__Hafnia.s__Hafnia_alvei	9.39171e-06
KETOGLUCONMET-PWY: ketogluconate metabolism|g__Proteus.s__Proteus_mirabilis	5.3927e-06
KETOGLUCONMET-PWY: ketogluconate metabolism|unclassified	4.7545e-07
KETOGLUCONMET-PWY: ketogluconate metabolism|g__Escherichia.s__Escherichia_fergusonii	2.84301e-07
PWY-7187: pyrimidine deoxyribonucleotides de novo biosynthesis II	0.000170587
PWY-7187: pyrimidine deoxyribonucleotides de novo biosynthesis II|g__Escherichia.s__Escherichia_coli	4.51013e-05
PWY-7187: pyrimidine deoxyribonucleotides de novo biosynthesis II|g__Klebsiella.s__Klebsiella_oxytoca	4.13672e-05
PWY-7187: pyrimidine deoxyribonucleotides de novo biosynthesis II|g__Klebsiella.s__Klebsiella_michiganensis	1.96417e-05
GLYCOCAT-PWY: glycogen degradation I	0.00017048
GLYCOCAT-PWY: glycogen degradation I|g__Klebsiella.s__Klebsiella_oxytoca	6.25256e-05
GLYCOCAT-PWY: glycogen degradation I|g__Escherichia.s__Escherichia_coli	4.85637e-05
GLYCOCAT-PWY: glycogen degradation I|g__Klebsiella.s__Klebsiella_michiganensis	3.1666e-05
GLYCOCAT-PWY: glycogen degradation I|g__Saccharomyces.s__Saccharomyces_cerevisiae	2.80135e-06
GLYCOCAT-PWY: glycogen degradation I|g__Escherichia.s__Escherichia_fergusonii	1.6063e-08
GLUCUROCAT-PWY: superpathway of &beta;-D-glucuronosides degradation	0.000166782
GLUCUROCAT-PWY: superpathway of &beta;-D-glucuronosides degradation|g__Escherichia.s__Escherichia_coli	3.57584e-05
GLUCUROCAT-PWY: superpathway of &beta;-D-glucuronosides degradation|g__Lactobacillus.s__Lactobacillus_rhamnosus	1.57356e-05
GLUCUROCAT-PWY: superpathway of &beta;-D-glucuronosides degradation|g__Klebsiella.s__Klebsiella_oxytoca	1.20788e-05
GLUCUROCAT-PWY: superpathway of &beta;-D-glucuronosides degradation|g__Hafnia.s__Hafnia_alvei	5.64887e-06
HCAMHPDEG-PWY: 3-phenylpropanoate and 3-(3-hydroxyphenyl)propanoate degradation to 2-hydroxypentadienoate	0.000165165
HCAMHPDEG-PWY: 3-phenylpropanoate and 3-(3-hydroxyphenyl)propanoate degradation to 2-hydroxypentadienoate|g__Escherichia.s__Escherichia_coli	8.84259e-05
HCAMHPDEG-PWY: 3-phenylpropanoate and 3-(3-hydroxyphenyl)propanoate degradation to 2-hydroxypentadienoate|g__Klebsiella.s__Klebsiella_oxytoca	5.03234e-05
HCAMHPDEG-PWY: 3-phenylpropanoate and 3-(3-hydroxyphenyl)propanoate degradation to 2-hydroxypentadienoate|g__Klebsiella.s__Klebsiella_michiganensis	1.64434e-05
HCAMHPDEG-PWY: 3-phenylpropanoate and 3-(3-hydroxyphenyl)propanoate degradation to 2-hydroxypentadienoate|unclassified	1.49454e-07
PWY-6690: cinnamate and 3-hydroxycinnamate degradation to 2-hydroxypentadienoate	0.000165165
PWY-6690: cinnamate and 3-hydroxycinnamate degradation to 2-hydroxypentadienoate|g__Escherichia.s__Escherichia_coli	8.84259e-05
PWY-6690: cinnamate and 3-hydroxycinnamate degradation to 2-hydroxypentadienoate|g__Klebsiella.s__Klebsiella_oxytoca	5.03234e-05
PWY-6690: cinnamate and 3-hydroxycinnamate degradation to 2-hydroxypentadienoate|g__Klebsiella.s__Klebsiella_michiganensis	1.64434e-05
PWY-6690: cinnamate and 3-hydroxycinnamate degradation to 2-hydroxypentadienoate|unclassified	1.49454e-07
PWY-6859: all-trans-farnesol biosynthesis	0.000163256
PWY-6859: all-trans-farnesol biosynthesis|g__Escherichia.s__Escherichia_coli	2.22564e-05
PWY-6859: all-trans-farnesol biosynthesis|g__Klebsiella.s__Klebsiella_oxytoca	8.08887e-06
PWY-6859: all-trans-farnesol biosynthesis|g__Lactobacillus.s__Lactobacillus_casei_group	7.19381e-06
PWY-6859: all-trans-farnesol biosynthesis|g__Lactobacillus.s__Lactobacillus_rhamnosus	6.77645e-06
PWY-6859: all-trans-farnesol biosynthesis|g__Saccharomyces.s__Saccharomyces_cerevisiae	4.2299e-06
PWY-6859: all-trans-farnesol biosynthesis|g__Hafnia.s__Hafnia_alvei	2.65304e-06
PWY-6859: all-trans-farnesol biosynthesis|g__Lactobacillus.s__Lactobacillus_salivarius	2.62436e-07
PWY-6859: all-trans-farnesol biosynthesis|g__Lactobacillus.s__Lactobacillus_pentosus	2.12142e-07
PWY-6859: all-trans-farnesol biosynthesis|g__Escherichia.s__Escherichia_fergusonii	3.05776e-08
PWY-7204: pyridoxal 5'-phosphate salvage II (plants)	0.000163224
PWY-7204: pyridoxal 5'-phosphate salvage II (plants)|g__Klebsiella.s__Klebsiella_oxytoca	5.53129e-05
PWY-7204: pyridoxal 5'-phosphate salvage II (plants)|g__Escherichia.s__Escherichia_coli	5.20286e-05
PWY-7204: pyridoxal 5'-phosphate salvage II (plants)|g__Klebsiella.s__Klebsiella_michiganensis	2.21976e-05
PWY-7883: anhydromuropeptides recycling II	0.000156084
PWY-7883: anhydromuropeptides recycling II|g__Klebsiella.s__Klebsiella_oxytoca	5.24391e-05
PWY-7883: anhydromuropeptides recycling II|g__Klebsiella.s__Klebsiella_michiganensis	2.73392e-05
PWY-7883: anhydromuropeptides recycling II|g__Escherichia.s__Escherichia_coli	2.41493e-05
PWY-6507: 4-deoxy-L-threo-hex-4-enopyranuronate degradation	0.000155152
PWY-6507: 4-deoxy-L-threo-hex-4-enopyranuronate degradation|g__Escherichia.s__Escherichia_coli	2.68332e-05
PWY-6507: 4-deoxy-L-threo-hex-4-enopyranuronate degradation|g__Lactobacillus.s__Lactobacillus_rhamnosus	1.81863e-05
PWY-6507: 4-deoxy-L-threo-hex-4-enopyranuronate degradation|g__Klebsiella.s__Klebsiella_oxytoca	1.16496e-05
PWY-6507: 4-deoxy-L-threo-hex-4-enopyranuronate degradation|g__Morganella.s__Morganella_morganii	6.53882e-06
PWY-6507: 4-deoxy-L-threo-hex-4-enopyranuronate degradation|g__Hafnia.s__Hafnia_alvei	4.35598e-06
PWY-6507: 4-deoxy-L-threo-hex-4-enopyranuronate degradation|g__Lactobacillus.s__Lactobacillus_casei_group	4.71529e-07
ARGININE-SYN4-PWY: L-ornithine biosynthesis II	0.000153573
ARGININE-SYN4-PWY: L-ornithine biosynthesis II|g__Escherichia.s__Escherichia_coli	9.15747e-05
ARGININE-SYN4-PWY: L-ornithine biosynthesis II|g__Klebsiella.s__Klebsiella_oxytoca	2.70556e-05
ARGININE-SYN4-PWY: L-ornithine biosynthesis II|g__Saccharomyces.s__Saccharomyces_cerevisiae	1.98789e-06
ARGININE-SYN4-PWY: L-ornithine biosynthesis II|unclassified	5.1759e-07
GALACT-GLUCUROCAT-PWY: superpathway of hexuronide and hexuronate degradation	0.000152676
GALACT-GLUCUROCAT-PWY: superpathway of hexuronide and hexuronate degradation|g__Escherichia.s__Escherichia_coli	3.39478e-05
GALACT-GLUCUROCAT-PWY: superpathway of hexuronide and hexuronate degradation|g__Klebsiella.s__Klebsiella_oxytoca	1.30359e-05
PWY0-1338: polymyxin resistance	0.000152616
PWY0-1338: polymyxin resistance|g__Klebsiella.s__Klebsiella_oxytoca	5.14128e-05
PWY0-1338: polymyxin resistance|g__Escherichia.s__Escherichia_coli	4.71362e-05
PWY0-1338: polymyxin resistance|g__Klebsiella.s__Klebsiella_michiganensis	2.455e-05
PWY0-1338: polymyxin resistance|g__Proteus.s__Proteus_mirabilis	5.11191e-06
PWY0-1338: polymyxin resistance|g__Hafnia.s__Hafnia_alvei	4.42497e-06
PWY0-1338: polymyxin resistance|g__Morganella.s__Morganella_morganii	4.23307e-06
PWY0-1338: polymyxin resistance|unclassified	3.70598e-07
PWY-8187: L-arginine degradation XIII (reductive Stickland reaction)	0.000152158
PWY-8187: L-arginine degradation XIII (reductive Stickland reaction)|g__Escherichia.s__Escherichia_coli	8.69105e-05
PWY-8187: L-arginine degradation XIII (reductive Stickland reaction)|g__Klebsiella.s__Klebsiella_oxytoca	2.41021e-05
PWY-8187: L-arginine degradation XIII (reductive Stickland reaction)|g__Saccharomyces.s__Saccharomyces_cerevisiae	2.1921e-06
PWY-8187: L-arginine degradation XIII (reductive Stickland reaction)|unclassified	1.8918e-06
PWY-8131: 5'-deoxyadenosine degradation II	0.000142634
PWY-8131: 5'-deoxyadenosine degradation II|g__Klebsiella.s__Klebsiella_oxytoca	4.70847e-05
PWY-8131: 5'-deoxyadenosine degradation II|g__Escherichia.s__Escherichia_coli	3.09818e-05
PWY-8131: 5'-deoxyadenosine degradation II|g__Klebsiella.s__Klebsiella_michiganensis	2.19029e-05
PWY-8131: 5'-deoxyadenosine degradation II|g__Morganella.s__Morganella_morganii	4.87665e-06
AST-PWY: L-arginine degradation II (AST pathway)	0.000140994
AST-PWY: L-arginine degradation II (AST pathway)|g__Escherichia.s__Escherichia_coli	7.30386e-05
AST-PWY: L-arginine degradation II (AST pathway)|g__Klebsiella.s__Klebsiella_oxytoca	5.36985e-05
AST-PWY: L-arginine degradation II (AST pathway)|g__Klebsiella.s__Klebsiella_michiganensis	1.36758e-05
AST-PWY: L-arginine degradation II (AST pathway)|g__Escherichia.s__Escherichia_fergusonii	3.39858e-07
AST-PWY: L-arginine degradation II (AST pathway)|unclassified	3.34929e-07
HISDEG-PWY: L-histidine degradation I	0.000140639
HISDEG-PWY: L-histidine degradation I|g__Klebsiella.s__Klebsiella_oxytoca	5.5101e-05
HISDEG-PWY: L-histidine degradation I|g__Fusobacterium.s__Fusobacterium_nucleatum	2.12233e-05
HISDEG-PWY: L-histidine degradation I|g__Klebsiella.s__Klebsiella_michiganensis	2.01724e-05
HISDEG-PWY: L-histidine degradation I|g__Escherichia.s__Escherichia_coli	9.99326e-06
HISDEG-PWY: L-histidine degradation I|g__Hafnia.s__Hafnia_alvei	4.83832e-06
HISDEG-PWY: L-histidine degradation I|g__Alistipes.s__Alistipes_finegoldii	4.73739e-07
HISDEG-PWY: L-histidine degradation I|unclassified	3.91967e-07
HISDEG-PWY: L-histidine degradation I|g__Alistipes.s__Alistipes_onderdonkii	1.53532e-07
GOLPDLCAT-PWY: superpathway of glycerol degradation to 1,3-propanediol	0.000139157
GOLPDLCAT-PWY: superpathway of glycerol degradation to 1,3-propanediol|g__Klebsiella.s__Klebsiella_oxytoca	8.30825e-05
GOLPDLCAT-PWY: superpathway of glycerol degradation to 1,3-propanediol|g__Klebsiella.s__Klebsiella_michiganensis	2.24445e-05
GOLPDLCAT-PWY: superpathway of glycerol degradation to 1,3-propanediol|unclassified	1.04115e-06
GOLPDLCAT-PWY: superpathway of glycerol degradation to 1,3-propanediol|g__Escherichia.s__Escherichia_coli	6.87524e-08
GOLPDLCAT-PWY: superpathway of glycerol degradation to 1,3-propanediol|g__Proteus.s__Proteus_mirabilis	3.45723e-08
PWY-821: superpathway of sulfur amino acid biosynthesis (Saccharomyces cerevisiae)	0.000138761
PWY-821: superpathway of sulfur amino acid biosynthesis (Saccharomyces cerevisiae)|g__Saccharomyces.s__Saccharomyces_cerevisiae	3.34076e-06
PWY-1861: formaldehyde assimilation II (assimilatory RuMP Cycle)	0.000137196
PWY-1861: formaldehyde assimilation II (assimilatory RuMP Cycle)|g__Klebsiella.s__Klebsiella_oxytoca	7.41694e-05
PWY-1861: formaldehyde assimilation II (assimilatory RuMP Cycle)|g__Escherichia.s__Escherichia_coli	3.46054e-05
PWY-1861: formaldehyde assimilation II (assimilatory RuMP Cycle)|unclassified	6.61829e-07
PWY0-1337: oleate &beta;-oxidation	0.000136089
PWY0-1337: oleate &beta;-oxidation|g__Klebsiella.s__Klebsiella_oxytoca	4.96955e-05
PWY0-1337: oleate &beta;-oxidation|g__Klebsiella.s__Klebsiella_michiganensis	3.10779e-05
PWY0-1337: oleate &beta;-oxidation|g__Escherichia.s__Escherichia_coli	1.81775e-05
PWY0-1337: oleate &beta;-oxidation|unclassified	6.74493e-06
GLYCOLYSIS-TCA-GLYOX-BYPASS: superpathway of glycolysis, pyruvate dehydrogenase, TCA, and glyoxylate bypass	0.000133676
GLYCOLYSIS-TCA-GLYOX-BYPASS: superpathway of glycolysis, pyruvate dehydrogenase, TCA, and glyoxylate bypass|g__Klebsiella.s__Klebsiella_oxytoca	1.84242e-05
GLYCOLYSIS-TCA-GLYOX-BYPASS: superpathway of glycolysis, pyruvate dehydrogenase, TCA, and glyoxylate bypass|g__Escherichia.s__Escherichia_coli	1.17943e-05
ECASYN-PWY: enterobacterial common antigen biosynthesis	0.000133168
ECASYN-PWY: enterobacterial common antigen biosynthesis|g__Klebsiella.s__Klebsiella_oxytoca	4.12705e-05
ECASYN-PWY: enterobacterial common antigen biosynthesis|g__Klebsiella.s__Klebsiella_michiganensis	3.06939e-05
ECASYN-PWY: enterobacterial common antigen biosynthesis|g__Escherichia.s__Escherichia_coli	2.83434e-05
ECASYN-PWY: enterobacterial common antigen biosynthesis|g__Hafnia.s__Hafnia_alvei	5.23661e-06
ECASYN-PWY: enterobacterial common antigen biosynthesis|g__Morganella.s__Morganella_morganii	4.79078e-06
ECASYN-PWY: enterobacterial common antigen biosynthesis|g__Proteus.s__Proteus_mirabilis	2.73684e-06
ECASYN-PWY: enterobacterial common antigen biosynthesis|g__Escherichia.s__Escherichia_fergusonii	5.43005e-07
PWY-7356: thiamine diphosphate salvage IV (yeast)	0.000133039
PWY-7356: thiamine diphosphate salvage IV (yeast)|g__Klebsiella.s__Klebsiella_michiganensis	4.3056e-05
PWY-7356: thiamine diphosphate salvage IV (yeast)|g__Klebsiella.s__Klebsiella_oxytoca	4.20067e-05
PWY-7356: thiamine diphosphate salvage IV (yeast)|g__Lactobacillus.s__Lactobacillus_casei_group	7.84498e-06
PWY-7356: thiamine diphosphate salvage IV (yeast)|g__Lactobacillus.s__Lactobacillus_rhamnosus	6.4942e-06
PWY-7356: thiamine diphosphate salvage IV (yeast)|g__Haemophilus.s__Haemophilus_parainfluenzae	6.74323e-07
PWY-7356: thiamine diphosphate salvage IV (yeast)|unclassified	6.27761e-07
HSERMETANA-PWY: L-methionine biosynthesis III	0.000128444
HSERMETANA-PWY: L-methionine biosynthesis III|g__Morganella.s__Morganella_morganii	5.14306e-06
HSERMETANA-PWY: L-methionine biosynthesis III|unclassified	4.2833e-06
HSERMETANA-PWY: L-methionine biosynthesis III|g__Proteus.s__Proteus_mirabilis	3.45019e-06
HSERMETANA-PWY: L-methionine biosynthesis III|g__Saccharomyces.s__Saccharomyces_cerevisiae	3.22236e-06
HSERMETANA-PWY: L-methionine biosynthesis III|g__Haemophilus.s__Haemophilus_parainfluenzae	2.05938e-06
HSERMETANA-PWY: L-methionine biosynthesis III|g__Veillonella.s__Veillonella_dispar	1.31409e-06
PWY-5005: biotin biosynthesis II	0.000127424
PWY-5005: biotin biosynthesis II|g__Veillonella.s__Veillonella_parvula	2.48091e-06
PWY-5005: biotin biosynthesis II|g__Veillonella.s__Veillonella_atypica	4.21551e-07
PWY-5005: biotin biosynthesis II|g__Veillonella.s__Veillonella_dispar	1.51928e-07
PWY-7094: fatty acid salvage	0.000127065
PWY-7094: fatty acid salvage|g__Klebsiella.s__Klebsiella_oxytoca	4.48956e-05
PWY-7094: fatty acid salvage|g__Klebsiella.s__Klebsiella_michiganensis	2.68335e-05
PWY-7094: fatty acid salvage|g__Escherichia.s__Escherichia_coli	1.60908e-05
PWY-7094: fatty acid salvage|unclassified	5.77886e-06
DTDPRHAMSYN-PWY: dTDP-&beta;-L-rhamnose biosynthesis	0.000123307
DTDPRHAMSYN-PWY: dTDP-&beta;-L-rhamnose biosynthesis|g__Escherichia.s__Escherichia_coli	3.79e-05
DTDPRHAMSYN-PWY: dTDP-&beta;-L-rhamnose biosynthesis|g__Fusobacterium.s__Fusobacterium_nucleatum	1.35862e-05
DTDPRHAMSYN-PWY: dTDP-&beta;-L-rhamnose biosynthesis|g__Sutterella.s__Sutterella_sp_CAG_351	1.31304e-05
DTDPRHAMSYN-PWY: dTDP-&beta;-L-rhamnose biosynthesis|unclassified	9.18463e-06
DTDPRHAMSYN-PWY: dTDP-&beta;-L-rhamnose biosynthesis|g__Lactobacillus.s__Lactobacillus_pentosus	6.02313e-06
DTDPRHAMSYN-PWY: dTDP-&beta;-L-rhamnose biosynthesis|g__Lactobacillus.s__Lactobacillus_casei_group	2.90495e-06
DTDPRHAMSYN-PWY: dTDP-&beta;-L-rhamnose biosynthesis|g__Lactobacillus.s__Lactobacillus_plantarum	2.85313e-06
DTDPRHAMSYN-PWY: dTDP-&beta;-L-rhamnose biosynthesis|g__Escherichia.s__Escherichia_fergusonii	2.2318e-06
DTDPRHAMSYN-PWY: dTDP-&beta;-L-rhamnose biosynthesis|g__Haemophilus.s__Haemophilus_parainfluenzae	1.63417e-06
DTDPRHAMSYN-PWY: dTDP-&beta;-L-rhamnose biosynthesis|g__Alistipes.s__Alistipes_onderdonkii	8.9971e-07
DTDPRHAMSYN-PWY: dTDP-&beta;-L-rhamnose biosynthesis|g__Klebsiella.s__Klebsiella_oxytoca	6.96004e-07
DTDPRHAMSYN-PWY: dTDP-&beta;-L-rhamnose biosynthesis|g__Alistipes.s__Alistipes_finegoldii	5.7483e-07
DTDPRHAMSYN-PWY: dTDP-&beta;-L-rhamnose biosynthesis|g__Lactobacillus.s__Lactobacillus_rhamnosus	5.63511e-07
DTDPRHAMSYN-PWY: dTDP-&beta;-L-rhamnose biosynthesis|g__Lactobacillus.s__Lactobacillus_salivarius	3.53302e-07
PWY-5676: acetyl-CoA fermentation to butanoate II	0.00012325
PWY-5676: acetyl-CoA fermentation to butanoate II|unclassified	8.78513e-07
3-HYDROXYPHENYLACETATE-DEGRADATION-PWY: 4-hydroxyphenylacetate degradation	0.000122879
3-HYDROXYPHENYLACETATE-DEGRADATION-PWY: 4-hydroxyphenylacetate degradation|g__Escherichia.s__Escherichia_coli	3.61745e-05
3-HYDROXYPHENYLACETATE-DEGRADATION-PWY: 4-hydroxyphenylacetate degradation|g__Klebsiella.s__Klebsiella_oxytoca	2.99221e-05
3-HYDROXYPHENYLACETATE-DEGRADATION-PWY: 4-hydroxyphenylacetate degradation|g__Escherichia.s__Escherichia_fergusonii	1.89565e-06
METHGLYUT-PWY: superpathway of methylglyoxal degradation	0.000119367
METHGLYUT-PWY: superpathway of methylglyoxal degradation|g__Klebsiella.s__Klebsiella_oxytoca	3.81964e-05
METHGLYUT-PWY: superpathway of methylglyoxal degradation|g__Klebsiella.s__Klebsiella_michiganensis	7.63084e-06
METHGLYUT-PWY: superpathway of methylglyoxal degradation|g__Escherichia.s__Escherichia_coli	6.23512e-06
PWY-3781: aerobic respiration I (cytochrome c)	0.00011877
PWY-3781: aerobic respiration I (cytochrome c)|g__Saccharomyces.s__Saccharomyces_cerevisiae	1.50137e-05
PWY-3781: aerobic respiration I (cytochrome c)|unclassified	1.32947e-06
PWY-5855: ubiquinol-7 biosynthesis (early decarboxylation)	0.00011792
PWY-5855: ubiquinol-7 biosynthesis (early decarboxylation)|g__Klebsiella.s__Klebsiella_oxytoca	4.41924e-05
PWY-5855: ubiquinol-7 biosynthesis (early decarboxylation)|g__Klebsiella.s__Klebsiella_michiganensis	3.07676e-05
PWY-5855: ubiquinol-7 biosynthesis (early decarboxylation)|g__Escherichia.s__Escherichia_coli	1.11146e-05
PWY-5855: ubiquinol-7 biosynthesis (early decarboxylation)|g__Hafnia.s__Hafnia_alvei	4.60752e-06
PWY-5855: ubiquinol-7 biosynthesis (early decarboxylation)|g__Morganella.s__Morganella_morganii	3.73224e-06
PWY-5855: ubiquinol-7 biosynthesis (early decarboxylation)|g__Proteus.s__Proteus_mirabilis	3.3306e-06
PWY-5855: ubiquinol-7 biosynthesis (early decarboxylation)|unclassified	1.19485e-07
THREOCAT-PWY: superpathway of L-threonine metabolism	0.000115087
NAD-BIOSYNTHESIS-II: NAD salvage pathway III (to nicotinamide riboside)	0.00011175
NAD-BIOSYNTHESIS-II: NAD salvage pathway III (to nicotinamide riboside)|g__Klebsiella.s__Klebsiella_oxytoca	3.71515e-05
NAD-BIOSYNTHESIS-II: NAD salvage pathway III (to nicotinamide riboside)|g__Klebsiella.s__Klebsiella_michiganensis	2.79222e-05
NAD-BIOSYNTHESIS-II: NAD salvage pathway III (to nicotinamide riboside)|g__Escherichia.s__Escherichia_coli	1.51034e-05
NAD-BIOSYNTHESIS-II: NAD salvage pathway III (to nicotinamide riboside)|g__Hafnia.s__Hafnia_alvei	4.92036e-06
NAD-BIOSYNTHESIS-II: NAD salvage pathway III (to nicotinamide riboside)|g__Proteus.s__Proteus_mirabilis	4.45547e-06
NAD-BIOSYNTHESIS-II: NAD salvage pathway III (to nicotinamide riboside)|g__Escherichia.s__Escherichia_fergusonii	1.43235e-06
PWY-2941: L-lysine biosynthesis II	0.000111229
PWY-2941: L-lysine biosynthesis II|g__Lactobacillus.s__Lactobacillus_plantarum	1.35273e-05
PWY-2941: L-lysine biosynthesis II|g__Lactobacillus.s__Lactobacillus_rhamnosus	1.02113e-05
PWY-2941: L-lysine biosynthesis II|g__Proteus.s__Proteus_mirabilis	8.38922e-06
PWY-2941: L-lysine biosynthesis II|g__Morganella.s__Morganella_morganii	5.13708e-06
PWY-2941: L-lysine biosynthesis II|g__Lactobacillus.s__Lactobacillus_casei_group	3.06306e-06
PWY-2941: L-lysine biosynthesis II|unclassified	4.51768e-07
PWY-2941: L-lysine biosynthesis II|g__Lactobacillus.s__Lactobacillus_pentosus	3.51382e-07
PWY-2941: L-lysine biosynthesis II|g__Lactobacillus.s__Lactobacillus_salivarius	3.02783e-07
PWY-7323: superpathway of GDP-mannose-derived O-antigen building blocks biosynthesis	0.000109609
PWY-7323: superpathway of GDP-mannose-derived O-antigen building blocks biosynthesis|g__Escherichia.s__Escherichia_coli	6.57946e-05
PWY-7323: superpathway of GDP-mannose-derived O-antigen building blocks biosynthesis|g__Klebsiella.s__Klebsiella_oxytoca	5.70923e-06
PWY-7323: superpathway of GDP-mannose-derived O-antigen building blocks biosynthesis|unclassified	1.33989e-06
URSIN-PWY: ureide biosynthesis	0.000103522
URSIN-PWY: ureide biosynthesis|g__Klebsiella.s__Klebsiella_oxytoca	2.66364e-05
GALACTITOLCAT-PWY: galactitol degradation	0.000102813
GALACTITOLCAT-PWY: galactitol degradation|g__Escherichia.s__Escherichia_coli	8.15183e-05
GALACTITOLCAT-PWY: galactitol degradation|g__Klebsiella.s__Klebsiella_oxytoca	7.49204e-06
GALACTITOLCAT-PWY: galactitol degradation|g__Lactobacillus.s__Lactobacillus_casei_group	4.71031e-06
GALACTITOLCAT-PWY: galactitol degradation|g__Lactobacillus.s__Lactobacillus_rhamnosus	3.98595e-06
PWY-7269: mitochondrial NADPH production (yeast)	0.000101602
PWY-7269: mitochondrial NADPH production (yeast)|g__Escherichia.s__Escherichia_coli	1.99758e-05
PWY-7269: mitochondrial NADPH production (yeast)|g__Klebsiella.s__Klebsiella_michiganensis	1.03925e-05
PWY-7269: mitochondrial NADPH production (yeast)|g__Klebsiella.s__Klebsiella_oxytoca	7.75193e-06
PWY-7269: mitochondrial NADPH production (yeast)|g__Saccharomyces.s__Saccharomyces_cerevisiae	5.97725e-06
PROTOCATECHUATE-ORTHO-CLEAVAGE-PWY: protocatechuate degradation II (ortho-cleavage pathway)	9.52184e-05
PROTOCATECHUATE-ORTHO-CLEAVAGE-PWY: protocatechuate degradation II (ortho-cleavage pathway)|g__Klebsiella.s__Klebsiella_oxytoca	4.24841e-05
PROTOCATECHUATE-ORTHO-CLEAVAGE-PWY: protocatechuate degradation II (ortho-cleavage pathway)|g__Klebsiella.s__Klebsiella_michiganensis	2.88262e-05
PYRIDNUCSAL-PWY: NAD salvage pathway I (PNC VI cycle)	9.36807e-05
PYRIDNUCSAL-PWY: NAD salvage pathway I (PNC VI cycle)|g__Proteus.s__Proteus_mirabilis	3.85018e-06
ARGDEG-PWY: superpathway of L-arginine, putrescine, and 4-aminobutanoate degradation	9.19794e-05
ARGDEG-PWY: superpathway of L-arginine, putrescine, and 4-aminobutanoate degradation|g__Escherichia.s__Escherichia_coli	5.01247e-05
ARGDEG-PWY: superpathway of L-arginine, putrescine, and 4-aminobutanoate degradation|g__Klebsiella.s__Klebsiella_oxytoca	1.28548e-05
ARGDEG-PWY: superpathway of L-arginine, putrescine, and 4-aminobutanoate degradation|g__Hafnia.s__Hafnia_alvei	6.70936e-06
ORNARGDEG-PWY: superpathway of L-arginine and L-ornithine degradation	9.19794e-05
ORNARGDEG-PWY: superpathway of L-arginine and L-ornithine degradation|g__Escherichia.s__Escherichia_coli	5.01247e-05
ORNARGDEG-PWY: superpathway of L-arginine and L-ornithine degradation|g__Klebsiella.s__Klebsiella_oxytoca	1.28548e-05
ORNARGDEG-PWY: superpathway of L-arginine and L-ornithine degradation|g__Hafnia.s__Hafnia_alvei	6.70936e-06
PWY-5690: TCA cycle II (plants and fungi)	8.62028e-05
PWY-5690: TCA cycle II (plants and fungi)|g__Saccharomyces.s__Saccharomyces_cerevisiae	5.68465e-06
PWY-5690: TCA cycle II (plants and fungi)|unclassified	1.22175e-06
PWY-7761: NAD salvage pathway II (PNC IV cycle)	8.5664e-05
PWY-7761: NAD salvage pathway II (PNC IV cycle)|g__Escherichia.s__Escherichia_coli	1.39725e-05
PWY-7761: NAD salvage pathway II (PNC IV cycle)|g__Klebsiella.s__Klebsiella_oxytoca	7.5172e-06
PWY-7761: NAD salvage pathway II (PNC IV cycle)|g__Proteus.s__Proteus_mirabilis	3.78807e-06
PWY-7761: NAD salvage pathway II (PNC IV cycle)|unclassified	2.00398e-07
PWY0-42: 2-methylcitrate cycle I	8.56098e-05
PWY0-42: 2-methylcitrate cycle I|g__Escherichia.s__Escherichia_coli	7.35448e-05
PWY0-42: 2-methylcitrate cycle I|g__Klebsiella.s__Klebsiella_oxytoca	1.10983e-06
PWY0-42: 2-methylcitrate cycle I|g__Escherichia.s__Escherichia_fergusonii	1.10787e-06
PWY0-42: 2-methylcitrate cycle I|unclassified	5.86982e-07
PWY-5130: 2-oxobutanoate degradation I	8.54515e-05
PWY-5130: 2-oxobutanoate degradation I|g__Veillonella.s__Veillonella_parvula	6.54091e-05
PWY-5130: 2-oxobutanoate degradation I|g__Veillonella.s__Veillonella_dispar	4.44905e-06
PWY-5130: 2-oxobutanoate degradation I|g__Veillonella.s__Veillonella_atypica	8.73168e-07
PWY-5130: 2-oxobutanoate degradation I|g__Veillonella.s__Veillonella_infantium	5.73251e-07
PWY-5130: 2-oxobutanoate degradation I|g__Propionibacterium.s__Propionibacterium_freudenreichii	1.24029e-07
PWY-7279: aerobic respiration II (cytochrome c) (yeast)	8.53821e-05
PWY-7279: aerobic respiration II (cytochrome c) (yeast)|g__Saccharomyces.s__Saccharomyces_cerevisiae	1.5151e-05
PWY-7279: aerobic respiration II (cytochrome c) (yeast)|unclassified	3.66214e-07
PWY-5747: 2-methylcitrate cycle II	8.2029e-05
PWY-5747: 2-methylcitrate cycle II|g__Escherichia.s__Escherichia_coli	2.81794e-05
PWY-5747: 2-methylcitrate cycle II|g__Escherichia.s__Escherichia_fergusonii	7.70605e-07
PWY-5747: 2-methylcitrate cycle II|g__Klebsiella.s__Klebsiella_oxytoca	7.07492e-07
PWY66-389: phytol degradation	7.61815e-05
PWY66-389: phytol degradation|g__Escherichia.s__Escherichia_coli	2.06844e-05
PWY66-389: phytol degradation|g__Saccharomyces.s__Saccharomyces_cerevisiae	1.04852e-05
PWY66-389: phytol degradation|g__Hafnia.s__Hafnia_alvei	9.21047e-06
PWY66-389: phytol degradation|g__Proteus.s__Proteus_mirabilis	7.94748e-06
PWY66-389: phytol degradation|g__Morganella.s__Morganella_morganii	7.79327e-06
PWY66-389: phytol degradation|g__Klebsiella.s__Klebsiella_michiganensis	7.15636e-06
PWY66-389: phytol degradation|unclassified	6.04688e-08
PWY3O-4107: NAD salvage pathway V (PNC V cycle)	7.5092e-05
PWY3O-4107: NAD salvage pathway V (PNC V cycle)|g__Hafnia.s__Hafnia_alvei	4.16762e-06
PWY3O-4107: NAD salvage pathway V (PNC V cycle)|g__Proteus.s__Proteus_mirabilis	3.66025e-06
PWY3O-4107: NAD salvage pathway V (PNC V cycle)|g__Saccharomyces.s__Saccharomyces_cerevisiae	3.60969e-06
PWY-5028: L-histidine degradation II	7.48463e-05
PWY-5028: L-histidine degradation II|g__Klebsiella.s__Klebsiella_oxytoca	2.01398e-05
PWY-5028: L-histidine degradation II|g__Klebsiella.s__Klebsiella_michiganensis	1.92347e-05
PWY-5028: L-histidine degradation II|g__Escherichia.s__Escherichia_coli	4.57755e-06
PWY-6731: starch degradation III	7.34492e-05
PWY-6731: starch degradation III|g__Escherichia.s__Escherichia_coli	5.84617e-05
PWY-6731: starch degradation III|g__Hafnia.s__Hafnia_alvei	5.35239e-06
PWY-6731: starch degradation III|unclassified	2.50542e-06
PWY-5656: mannosylglycerate biosynthesis I	7.17959e-05
PWY-5656: mannosylglycerate biosynthesis I|g__Escherichia.s__Escherichia_coli	5.77874e-05
PWY-6549: L-glutamine biosynthesis III	6.89853e-05
PWY-6549: L-glutamine biosynthesis III|unclassified	3.55615e-07
P108-PWY: pyruvate fermentation to propanoate I	6.6847e-05
P108-PWY: pyruvate fermentation to propanoate I|g__Klebsiella.s__Klebsiella_oxytoca	3.3539e-05
P108-PWY: pyruvate fermentation to propanoate I|unclassified	4.47442e-06
P108-PWY: pyruvate fermentation to propanoate I|g__Klebsiella.s__Klebsiella_michiganensis	2.00314e-06
P108-PWY: pyruvate fermentation to propanoate I|g__Escherichia.s__Escherichia_coli	2.0621e-08
PWY-5910: superpathway of geranylgeranyldiphosphate biosynthesis I (via mevalonate)	6.49272e-05
PWY-5910: superpathway of geranylgeranyldiphosphate biosynthesis I (via mevalonate)|g__Saccharomyces.s__Saccharomyces_cerevisiae	3.39817e-06
PWY-5367: petroselinate biosynthesis	6.31615e-05
PWY-5367: petroselinate biosynthesis|g__Escherichia.s__Escherichia_coli	2.85579e-05
PWY-5367: petroselinate biosynthesis|g__Klebsiella.s__Klebsiella_oxytoca	1.27949e-05
PWY-5367: petroselinate biosynthesis|g__Escherichia.s__Escherichia_fergusonii	5.47808e-06
PWY-5367: petroselinate biosynthesis|unclassified	3.58993e-06
PWY-2221: Entner-Doudoroff pathway III (semi-phosphorylative)	6.30516e-05
PWY-5705: allantoin degradation to glyoxylate III	6.0791e-05
PWY-5705: allantoin degradation to glyoxylate III|g__Klebsiella.s__Klebsiella_oxytoca	3.08148e-05
PWY-5705: allantoin degradation to glyoxylate III|g__Escherichia.s__Escherichia_coli	2.56534e-05
PWY-5705: allantoin degradation to glyoxylate III|g__Escherichia.s__Escherichia_fergusonii	4.61502e-07
PWY-241: C4 photosynthetic carbon assimilation cycle, NADP-ME type	5.72469e-05
PWY-7165: L-ascorbate biosynthesis VIII (engineered pathway)	5.69603e-05
PWY-6607: guanosine nucleotides degradation I	5.63529e-05
PWY-6607: guanosine nucleotides degradation I|g__Hafnia.s__Hafnia_alvei	9.83028e-06
PWY-6607: guanosine nucleotides degradation I|unclassified	3.52715e-06
PWY-6595: superpathway of guanosine nucleotides degradation (plants)	5.58796e-05
PWY-6595: superpathway of guanosine nucleotides degradation (plants)|g__Hafnia.s__Hafnia_alvei	9.97952e-06
PWY-6595: superpathway of guanosine nucleotides degradation (plants)|unclassified	3.7275e-06
LACTOSECAT-PWY: lactose and galactose degradation I	5.55303e-05
LACTOSECAT-PWY: lactose and galactose degradation I|g__Lactobacillus.s__Lactobacillus_rhamnosus	2.64725e-05
LACTOSECAT-PWY: lactose and galactose degradation I|g__Lactobacillus.s__Lactobacillus_casei_group	3.77444e-06
LACTOSECAT-PWY: lactose and galactose degradation I|g__Lactococcus.s__Lactococcus_raffinolactis	3.38732e-07
LACTOSECAT-PWY: lactose and galactose degradation I|unclassified	1.79928e-07
PWY-7385: 1,3-propanediol biosynthesis (engineered)	5.54788e-05
PWY-7385: 1,3-propanediol biosynthesis (engineered)|g__Escherichia.s__Escherichia_coli	5.89284e-06
PWY-7385: 1,3-propanediol biosynthesis (engineered)|g__Saccharomyces.s__Saccharomyces_cerevisiae	2.72545e-06
PWY-7385: 1,3-propanediol biosynthesis (engineered)|unclassified	6.53308e-07
PWY-7527: L-methionine salvage cycle III	5.41476e-05
THISYNARA-PWY: superpathway of thiamine diphosphate biosynthesis III (eukaryotes)	5.39358e-05
THISYNARA-PWY: superpathway of thiamine diphosphate biosynthesis III (eukaryotes)|g__Lactobacillus.s__Lactobacillus_rhamnosus	2.8774e-06
THISYNARA-PWY: superpathway of thiamine diphosphate biosynthesis III (eukaryotes)|unclassified	2.04482e-06
PWY-922: mevalonate pathway I (eukaryotes and bacteria)	5.2724e-05
PWY-922: mevalonate pathway I (eukaryotes and bacteria)|g__Saccharomyces.s__Saccharomyces_cerevisiae	3.04374e-06
P124-PWY: Bifidobacterium shunt	5.23438e-05
P124-PWY: Bifidobacterium shunt|g__Lactobacillus.s__Lactobacillus_plantarum	1.72158e-06
PWY-5030: L-histidine degradation III	5.17825e-05
PWY-5030: L-histidine degradation III|g__Fusobacterium.s__Fusobacterium_nucleatum	1.61168e-05
PWY-5030: L-histidine degradation III|unclassified	5.31185e-07
PWY-5030: L-histidine degradation III|g__Alistipes.s__Alistipes_finegoldii	4.0003e-07
PWY-5030: L-histidine degradation III|g__Alistipes.s__Alistipes_onderdonkii	1.66103e-07
ALLANTOINDEG-PWY: superpathway of allantoin degradation in yeast	5.1277e-05
ALLANTOINDEG-PWY: superpathway of allantoin degradation in yeast|g__Klebsiella.s__Klebsiella_oxytoca	3.03959e-06
ALLANTOINDEG-PWY: superpathway of allantoin degradation in yeast|g__Saccharomyces.s__Saccharomyces_cerevisiae	2.52086e-06
ALLANTOINDEG-PWY: superpathway of allantoin degradation in yeast|unclassified	3.2799e-07
PWY-5464: superpathway of cytosolic glycolysis (plants), pyruvate dehydrogenase and TCA cycle	5.08591e-05
PWY-5464: superpathway of cytosolic glycolysis (plants), pyruvate dehydrogenase and TCA cycle|g__Saccharomyces.s__Saccharomyces_cerevisiae	5.7736e-06
PWY-5464: superpathway of cytosolic glycolysis (plants), pyruvate dehydrogenase and TCA cycle|unclassified	1.08124e-06
PWY-6185: 4-methylcatechol degradation (ortho cleavage)	5.07996e-05
PWY-6185: 4-methylcatechol degradation (ortho cleavage)|g__Klebsiella.s__Klebsiella_oxytoca	3.87351e-05
PWY-6185: 4-methylcatechol degradation (ortho cleavage)|g__Klebsiella.s__Klebsiella_michiganensis	1.02887e-05
P221-PWY: octane oxidation	4.88247e-05
P221-PWY: octane oxidation|g__Escherichia.s__Escherichia_coli	1.0479e-05
P221-PWY: octane oxidation|g__Hafnia.s__Hafnia_alvei	4.94748e-06
P221-PWY: octane oxidation|unclassified	5.43007e-08
PWY-5417: catechol degradation III (ortho-cleavage pathway)	4.444e-05
PWY-5417: catechol degradation III (ortho-cleavage pathway)|g__Klebsiella.s__Klebsiella_oxytoca	3.62167e-05
PWY-5431: aromatic compounds degradation via &beta;-ketoadipate	4.444e-05
PWY-5431: aromatic compounds degradation via &beta;-ketoadipate|g__Klebsiella.s__Klebsiella_oxytoca	3.62167e-05
PWY-6293: superpathway of L-cysteine biosynthesis (fungi)	4.31753e-05
PWY-6293: superpathway of L-cysteine biosynthesis (fungi)|g__Saccharomyces.s__Saccharomyces_cerevisiae	3.82622e-06
PWY-5088: L-glutamate degradation VIII (to propanoate)	4.30156e-05
ALL-CHORISMATE-PWY: superpathway of chorismate metabolism	4.1257e-05
PWY-7384: anaerobic energy metabolism (invertebrates, mitochondrial)	4.05289e-05
PWY-4361: S-methyl-5-thio-&alpha;-D-ribose 1-phosphate degradation I	3.7663e-05
PWY-4361: S-methyl-5-thio-&alpha;-D-ribose 1-phosphate degradation I|g__Klebsiella.s__Klebsiella_oxytoca	1.20764e-05
GLUDEG-I-PWY: GABA shunt	3.76484e-05
GLUDEG-I-PWY: GABA shunt|g__Escherichia.s__Escherichia_coli	2.06263e-05
GLUDEG-I-PWY: GABA shunt|g__Hafnia.s__Hafnia_alvei	4.86961e-06
GLUDEG-I-PWY: GABA shunt|g__Klebsiella.s__Klebsiella_oxytoca	3.87721e-06
RUMP-PWY: formaldehyde oxidation I	3.71256e-05
RUMP-PWY: formaldehyde oxidation I|unclassified	5.59216e-07
PWY-801: homocysteine and cysteine interconversion	3.70337e-05
PWY-801: homocysteine and cysteine interconversion|g__Saccharomyces.s__Saccharomyces_cerevisiae	4.36134e-06
PWY-6328: L-lysine degradation X	3.57046e-05
PWY-6328: L-lysine degradation X|g__Escherichia.s__Escherichia_coli	2.76421e-05
PWY-6328: L-lysine degradation X|g__Klebsiella.s__Klebsiella_oxytoca	7.42296e-06
PWY0-461: L-lysine degradation I	3.57046e-05
PWY0-461: L-lysine degradation I|g__Escherichia.s__Escherichia_coli	2.76421e-05
PWY0-461: L-lysine degradation I|g__Klebsiella.s__Klebsiella_oxytoca	1.30613e-05
PWY0-461: L-lysine degradation I|g__Escherichia.s__Escherichia_fergusonii	6.84077e-07
PWY-6922: L-N&delta;-acetylornithine biosynthesis	3.56939e-05
PWY-6922: L-N&delta;-acetylornithine biosynthesis|g__Saccharomyces.s__Saccharomyces_cerevisiae	2.16808e-06
PWY66-398: TCA cycle III (animals)	3.51797e-05
PWY66-398: TCA cycle III (animals)|g__Saccharomyces.s__Saccharomyces_cerevisiae	5.54565e-06
PWY66-398: TCA cycle III (animals)|unclassified	9.20782e-07
PWY-8086: (S)-lactate fermentation to propanoate, acetate and hydrogen	3.47915e-05
PWY-4984: urea cycle	3.3148e-05
PWY-4984: urea cycle|g__Saccharomyces.s__Saccharomyces_cerevisiae	2.2487e-06
PWY-4984: urea cycle|g__Alistipes.s__Alistipes_finegoldii	2.04999e-07
PWY-4984: urea cycle|g__Alistipes.s__Alistipes_onderdonkii	4.99933e-08
CATECHOL-ORTHO-CLEAVAGE-PWY: catechol degradation to &beta;-ketoadipate	3.28263e-05
CATECHOL-ORTHO-CLEAVAGE-PWY: catechol degradation to &beta;-ketoadipate|g__Klebsiella.s__Klebsiella_oxytoca	2.88137e-05
PWY-7511: protein ubiquitination	3.2823e-05
PWY-7511: protein ubiquitination|g__Saccharomyces.s__Saccharomyces_cerevisiae	2.85607e-05
PWY-5156: superpathway of fatty acid biosynthesis II (plant)	3.22364e-05
PWY-6292: superpathway of L-cysteine biosynthesis (mammalian)	3.19745e-05
PWY-6292: superpathway of L-cysteine biosynthesis (mammalian)|g__Morganella.s__Morganella_morganii	4.85744e-06
PWY-6292: superpathway of L-cysteine biosynthesis (mammalian)|g__Saccharomyces.s__Saccharomyces_cerevisiae	3.39867e-06
PWY-6292: superpathway of L-cysteine biosynthesis (mammalian)|unclassified	1.49078e-07
PWY-3801: sucrose degradation II (sucrose synthase)	3.1802e-05
PWY-2201: folate transformations I	3.14105e-05
PWY66-367: ketogenesis	2.99672e-05
PWY-6588: pyruvate fermentation to acetone	2.97561e-05
PWY-6588: pyruvate fermentation to acetone|g__Escherichia.s__Escherichia_coli	4.30975e-06
PWY-6588: pyruvate fermentation to acetone|unclassified	4.88333e-07
PWY-8190: L-glutamate degradation XI (reductive Stickland reaction)	2.84673e-05
PWY-7446: sulfoquinovose degradation I	2.79056e-05
PWY-7446: sulfoquinovose degradation I|g__Escherichia.s__Escherichia_coli	2.39209e-05
PWY-7446: sulfoquinovose degradation I|g__Klebsiella.s__Klebsiella_oxytoca	4.1283e-06
P562-PWY: myo-inositol degradation I	2.7892e-05
P562-PWY: myo-inositol degradation I|g__Lactobacillus.s__Lactobacillus_rhamnosus	1.05889e-05
P562-PWY: myo-inositol degradation I|g__Lactobacillus.s__Lactobacillus_casei_group	1.88019e-06
PWY-6876: isopropanol biosynthesis (engineered)	2.76555e-05
PWY-6182: superpathway of salicylate degradation	2.73496e-05
PWY0-1221: putrescine degradation II	2.53167e-05
PWY0-1221: putrescine degradation II|g__Escherichia.s__Escherichia_coli	2.01466e-05
PWY0-1221: putrescine degradation II|g__Klebsiella.s__Klebsiella_oxytoca	4.45967e-06
PWY-7294: D-xylose degradation IV	2.49976e-05
REDCITCYC: TCA cycle VI (Helicobacter)	2.40669e-05
REDCITCYC: TCA cycle VI (Helicobacter)|g__Escherichia.s__Escherichia_coli	2.27151e-06
REDCITCYC: TCA cycle VI (Helicobacter)|unclassified	2.05176e-07
PWY-7396: butanol and isobutanol biosynthesis (engineered)	2.35327e-05
PWY-7396: butanol and isobutanol biosynthesis (engineered)|unclassified	1.42385e-07
PWY-6318: L-phenylalanine degradation IV (mammalian, via side chain)	2.3084e-05
PWY-6318: L-phenylalanine degradation IV (mammalian, via side chain)|g__Klebsiella.s__Klebsiella_oxytoca	8.63562e-06
GLYCOL-GLYOXDEG-PWY: superpathway of glycol metabolism and degradation	2.29023e-05
GLYCOL-GLYOXDEG-PWY: superpathway of glycol metabolism and degradation|g__Escherichia.s__Escherichia_coli	1.66132e-05
GLYCOL-GLYOXDEG-PWY: superpathway of glycol metabolism and degradation|g__Klebsiella.s__Klebsiella_oxytoca	4.2068e-06
DARABCATK12-PWY: D-arabinose degradation I	2.2614e-05
DARABCATK12-PWY: D-arabinose degradation I|g__Escherichia.s__Escherichia_coli	1.64592e-05
DARABCATK12-PWY: D-arabinose degradation I|g__Klebsiella.s__Klebsiella_oxytoca	4.19818e-06
KDO-NAGLIPASYN-PWY: superpathway of (Kdo)2-lipid A biosynthesis	2.25453e-05
KDO-NAGLIPASYN-PWY: superpathway of (Kdo)2-lipid A biosynthesis|g__Escherichia.s__Escherichia_coli	1.14645e-05
KDO-NAGLIPASYN-PWY: superpathway of (Kdo)2-lipid A biosynthesis|g__Klebsiella.s__Klebsiella_oxytoca	7.97582e-06
LPSSYN-PWY: superpathway of lipopolysaccharide biosynthesis	2.18942e-05
LPSSYN-PWY: superpathway of lipopolysaccharide biosynthesis|g__Escherichia.s__Escherichia_coli	1.36779e-05
UBISYN-PWY: superpathway of ubiquinol-8 biosynthesis (early decarboxylation)	2.00131e-05
UBISYN-PWY: superpathway of ubiquinol-8 biosynthesis (early decarboxylation)|g__Escherichia.s__Escherichia_coli	1.05233e-05
P163-PWY: L-lysine fermentation to acetate and butanoate	1.99994e-05
P163-PWY: L-lysine fermentation to acetate and butanoate|g__Fusobacterium.s__Fusobacterium_nucleatum	1.16632e-05
PWY-5079: L-phenylalanine degradation III	1.96012e-05
PWY-5079: L-phenylalanine degradation III|g__Saccharomyces.s__Saccharomyces_cerevisiae	4.67286e-06
CARNMET-PWY: L-carnitine degradation I	1.89825e-05
CARNMET-PWY: L-carnitine degradation I|g__Escherichia.s__Escherichia_coli	5.96473e-06
CARNMET-PWY: L-carnitine degradation I|g__Klebsiella.s__Klebsiella_oxytoca	5.34432e-06
CARNMET-PWY: L-carnitine degradation I|g__Proteus.s__Proteus_mirabilis	4.35128e-06
CARNMET-PWY: L-carnitine degradation I|g__Escherichia.s__Escherichia_fergusonii	5.75204e-07
PWY-7039: phosphatidate metabolism, as a signaling molecule	1.85737e-05
PWY-7039: phosphatidate metabolism, as a signaling molecule|g__Escherichia.s__Escherichia_coli	6.01995e-06
PWY-7039: phosphatidate metabolism, as a signaling molecule|g__Saccharomyces.s__Saccharomyces_cerevisiae	3.65313e-06
PWY-7805: (aminomethyl)phosphonate degradation	1.82942e-05
PWY-7805: (aminomethyl)phosphonate degradation|g__Klebsiella.s__Klebsiella_oxytoca	1.20322e-05
PWY-7805: (aminomethyl)phosphonate degradation|g__Escherichia.s__Escherichia_coli	6.16039e-06
PWY-6708: ubiquinol-8 biosynthesis (early decarboxylation)	1.80119e-05
PWY-6708: ubiquinol-8 biosynthesis (early decarboxylation)|g__Escherichia.s__Escherichia_coli	9.5854e-06
PWY-7807: glyphosate degradation III	1.79535e-05
PWY-7807: glyphosate degradation III|g__Klebsiella.s__Klebsiella_oxytoca	1.22875e-05
PWY-7807: glyphosate degradation III|g__Escherichia.s__Escherichia_coli	5.81295e-06
PWY-5972: stearate biosynthesis I (animals)	1.68226e-05
PWY-5972: stearate biosynthesis I (animals)|g__Saccharomyces.s__Saccharomyces_cerevisiae	5.7054e-06
PWY-7196: superpathway of pyrimidine ribonucleosides salvage	1.56013e-05
PWY-7196: superpathway of pyrimidine ribonucleosides salvage|g__Saccharomyces.s__Saccharomyces_cerevisiae	3.68432e-06
PWY-7391: isoprene biosynthesis II (engineered)	1.55691e-05
PWY-7391: isoprene biosynthesis II (engineered)|g__Saccharomyces.s__Saccharomyces_cerevisiae	2.58694e-06
PWY-6113: superpathway of mycolate biosynthesis	1.54457e-05
PWY-6215: 4-chlorobenzoate degradation	1.46446e-05
PWY-8055: palmitoyl ethanolamide biosynthesis	1.35739e-05
PWY-8055: palmitoyl ethanolamide biosynthesis|g__Saccharomyces.s__Saccharomyces_cerevisiae	6.38965e-06
PWY-7874: L-threonate degradation	1.28375e-05
PWY-7874: L-threonate degradation|g__Escherichia.s__Escherichia_coli	1.28375e-05
PWY-7245: superpathway of NAD/NADP - NADH/NADPH interconversion (yeast)	1.27479e-05
PWY-7245: superpathway of NAD/NADP - NADH/NADPH interconversion (yeast)|g__Saccharomyces.s__Saccharomyces_cerevisiae	5.30584e-06
PWY66-430: myristate biosynthesis (mitochondria)	1.26961e-05
PWY66-430: myristate biosynthesis (mitochondria)|g__Klebsiella.s__Klebsiella_oxytoca	1.17598e-05
FASYN-INITIAL-PWY: superpathway of fatty acid biosynthesis initiation (E. coli)	1.23212e-05
FASYN-INITIAL-PWY: superpathway of fatty acid biosynthesis initiation (E. coli)|unclassified	4.76943e-06
PWY-6992: 1,5-anhydrofructose degradation	1.19712e-05
PWY-6992: 1,5-anhydrofructose degradation|g__Escherichia.s__Escherichia_coli	1.12132e-05
PWY-7388: octanoyl-[acyl-carrier protein] biosynthesis (mitochondria, yeast)	1.19602e-05
PWY-7388: octanoyl-[acyl-carrier protein] biosynthesis (mitochondria, yeast)|g__Klebsiella.s__Klebsiella_oxytoca	1.14536e-05
PWY-7409: phospholipid remodeling (phosphatidylethanolamine, yeast)	1.18003e-05
PWY-7409: phospholipid remodeling (phosphatidylethanolamine, yeast)|g__Saccharomyces.s__Saccharomyces_cerevisiae	4.32403e-06
PWY-7409: phospholipid remodeling (phosphatidylethanolamine, yeast)|g__Klebsiella.s__Klebsiella_oxytoca	2.17812e-06
PWY-7409: phospholipid remodeling (phosphatidylethanolamine, yeast)|g__Escherichia.s__Escherichia_coli	1.68941e-06
PWY-7409: phospholipid remodeling (phosphatidylethanolamine, yeast)|g__Escherichia.s__Escherichia_fergusonii	9.41909e-08
DHGLUCONATE-PYR-CAT-PWY: glucose degradation (oxidative)	1.17761e-05
PWY-7411: phosphatidate biosynthesis (yeast)	1.08437e-05
PWY-7411: phosphatidate biosynthesis (yeast)|g__Saccharomyces.s__Saccharomyces_cerevisiae	5.78689e-06
PWY-7411: phosphatidate biosynthesis (yeast)|unclassified	9.56913e-08
PWY0-41: allantoin degradation IV (anaerobic)	1.06713e-05
PWY0-41: allantoin degradation IV (anaerobic)|g__Escherichia.s__Escherichia_coli	8.01427e-06
PWY0-41: allantoin degradation IV (anaerobic)|g__Klebsiella.s__Klebsiella_oxytoca	1.61102e-06
PWY0-41: allantoin degradation IV (anaerobic)|g__Escherichia.s__Escherichia_fergusonii	1.95446e-07
PWY0-1533: methylphosphonate degradation I	1.0584e-05
PWY0-1533: methylphosphonate degradation I|g__Klebsiella.s__Klebsiella_oxytoca	7.72349e-06
PWY0-1533: methylphosphonate degradation I|g__Escherichia.s__Escherichia_coli	3.43871e-06
PWY-7200: superpathway of pyrimidine deoxyribonucleoside salvage	1.04351e-05
PWY-7200: superpathway of pyrimidine deoxyribonucleoside salvage|unclassified	2.05236e-07
PWY-6981: chitin biosynthesis	1.01956e-05
PWY-6981: chitin biosynthesis|g__Saccharomyces.s__Saccharomyces_cerevisiae	3.39624e-06
PWY-7268: cytosolic NADPH production (yeast)	1.00989e-05
PWY-7268: cytosolic NADPH production (yeast)|g__Saccharomyces.s__Saccharomyces_cerevisiae	4.52912e-06
PWY-5067: glycogen biosynthesis II (from UDP-D-Glucose)	9.96768e-06
PWY-5067: glycogen biosynthesis II (from UDP-D-Glucose)|g__Saccharomyces.s__Saccharomyces_cerevisiae	5.70275e-06
PWY-5505: L-glutamate and L-glutamine biosynthesis	9.94952e-06
PWY-5505: L-glutamate and L-glutamine biosynthesis|unclassified	2.28533e-07
PWY66-391: fatty acid &beta;-oxidation VI (mammalian peroxisome)	9.88343e-06
PWY66-391: fatty acid &beta;-oxidation VI (mammalian peroxisome)|unclassified	4.22357e-07
PWY-5994: palmitate biosynthesis (type I fatty acid synthase)	9.397e-06
POLYAMINSYN3-PWY: superpathway of polyamine biosynthesis II	8.76222e-06
PWY-5870: ubiquinol-8 biosynthesis (late decarboxylation)	8.06603e-06
PWY3O-4108: L-tyrosine degradation III	7.82476e-06
PWY3O-4108: L-tyrosine degradation III|g__Saccharomyces.s__Saccharomyces_cerevisiae	3.40575e-06
PWY-6396: superpathway of 2,3-butanediol biosynthesis	7.43621e-06
PWY-6842: glutathione-mediated detoxification II	7.31786e-06
PWY-6842: glutathione-mediated detoxification II|g__Saccharomyces.s__Saccharomyces_cerevisiae	6.05941e-06
4-HYDROXYMANDELATE-DEGRADATION-PWY: 4-hydroxymandelate degradation	7.2865e-06
PWY-7340: 9-cis, 11-trans-octadecadienoyl-CoA degradation (isomerase-dependent, yeast)	7.23939e-06
PWY-7340: 9-cis, 11-trans-octadecadienoyl-CoA degradation (isomerase-dependent, yeast)|g__Saccharomyces.s__Saccharomyces_cerevisiae	2.41999e-06
PWY-7340: 9-cis, 11-trans-octadecadienoyl-CoA degradation (isomerase-dependent, yeast)|unclassified	3.25621e-07
TRIGLSYN-PWY: diacylglycerol and triacylglycerol biosynthesis	7.22267e-06
TRIGLSYN-PWY: diacylglycerol and triacylglycerol biosynthesis|g__Saccharomyces.s__Saccharomyces_cerevisiae	5.06512e-06
UDPNACETYLGALSYN-PWY: UDP-N-acetyl-D-glucosamine biosynthesis II	6.89131e-06
UDPNACETYLGALSYN-PWY: UDP-N-acetyl-D-glucosamine biosynthesis II|g__Saccharomyces.s__Saccharomyces_cerevisiae	3.23992e-06
PWY-5514: UDP-N-acetyl-D-galactosamine biosynthesis II	6.76959e-06
LIPA-CORESYN-PWY: lipid A-core biosynthesis (E. coli K-12)	6.65781e-06
LIPA-CORESYN-PWY: lipid A-core biosynthesis (E. coli K-12)|g__Escherichia.s__Escherichia_coli	4.89079e-06
PWY-5129: sphingolipid biosynthesis (plants)	6.4983e-06
PWY-5129: sphingolipid biosynthesis (plants)|g__Saccharomyces.s__Saccharomyces_cerevisiae	4.96536e-06
PWY-6837: fatty acid &beta;-oxidation V (unsaturated, odd number, di-isomerase-dependent)	6.49244e-06
PWY-6837: fatty acid &beta;-oxidation V (unsaturated, odd number, di-isomerase-dependent)|g__Saccharomyces.s__Saccharomyces_cerevisiae	2.02113e-06
PWY-5692: allantoin degradation to glyoxylate II	6.44396e-06
PWY-5692: allantoin degradation to glyoxylate II|g__Escherichia.s__Escherichia_coli	1.86508e-06
PWY-5692: allantoin degradation to glyoxylate II|g__Klebsiella.s__Klebsiella_oxytoca	1.07007e-06
PWY-5692: allantoin degradation to glyoxylate II|g__Escherichia.s__Escherichia_fergusonii	4.61502e-07
URDEGR-PWY: superpathway of allantoin degradation in plants	6.44396e-06
URDEGR-PWY: superpathway of allantoin degradation in plants|g__Escherichia.s__Escherichia_coli	1.86508e-06
URDEGR-PWY: superpathway of allantoin degradation in plants|g__Klebsiella.s__Klebsiella_oxytoca	1.07007e-06
URDEGR-PWY: superpathway of allantoin degradation in plants|g__Escherichia.s__Escherichia_fergusonii	4.61502e-07
PWY-5873: ubiquinol-7 biosynthesis (late decarboxylation)	6.0225e-06
PWY-5873: ubiquinol-7 biosynthesis (late decarboxylation)|g__Saccharomyces.s__Saccharomyces_cerevisiae	2.89992e-06
PWY-5873: ubiquinol-7 biosynthesis (late decarboxylation)|unclassified	8.89348e-08
PWY-3502: superpathway of NAD biosynthesis in eukaryotes	5.97981e-06
PWY-3502: superpathway of NAD biosynthesis in eukaryotes|g__Saccharomyces.s__Saccharomyces_cerevisiae	2.96587e-06
P125-PWY: superpathway of (R,R)-butanediol biosynthesis	5.92115e-06
P125-PWY: superpathway of (R,R)-butanediol biosynthesis|g__Saccharomyces.s__Saccharomyces_cerevisiae	3.72351e-06
PWY-7209: superpathway of pyrimidine ribonucleosides degradation	5.41085e-06
PWY-7209: superpathway of pyrimidine ribonucleosides degradation|g__Escherichia.s__Escherichia_coli	5.29927e-06
PWY3DJ-12: ceramide de novo biosynthesis	5.35429e-06
PWY3DJ-12: ceramide de novo biosynthesis|g__Saccharomyces.s__Saccharomyces_cerevisiae	4.12474e-06
PWY-7156: superpathway of ergosterol biosynthesis II	5.22404e-06
PWY-6596: adenosine nucleotides degradation I	5.0771e-06
PWY66-388: ceramide degradation by &alpha;-oxidation	4.9258e-06
PWY66-388: ceramide degradation by &alpha;-oxidation|g__Saccharomyces.s__Saccharomyces_cerevisiae	4.29872e-06
PWY-7337: 10-cis-heptadecenoyl-CoA degradation (yeast)	4.77374e-06
PWY-7337: 10-cis-heptadecenoyl-CoA degradation (yeast)|g__Saccharomyces.s__Saccharomyces_cerevisiae	3.14923e-06
PWY-7338: 10-trans-heptadecenoyl-CoA degradation (reductase-dependent, yeast)	4.77374e-06
PWY-7338: 10-trans-heptadecenoyl-CoA degradation (reductase-dependent, yeast)|g__Saccharomyces.s__Saccharomyces_cerevisiae	3.14923e-06
ERGOSTEROL-SYN-PWY: superpathway of ergosterol biosynthesis I	4.71956e-06
ERGOSTEROL-SYN-PWY: superpathway of ergosterol biosynthesis I|g__Saccharomyces.s__Saccharomyces_cerevisiae	3.22727e-06
PWY3O-19: ubiquinol-6 biosynthesis (late decarboxylation)	4.59002e-06
PWY3O-19: ubiquinol-6 biosynthesis (late decarboxylation)|g__Saccharomyces.s__Saccharomyces_cerevisiae	2.97016e-06
PWY-7873: D-erythronate degradation II	4.48844e-06
PWY-7873: D-erythronate degradation II|g__Escherichia.s__Escherichia_coli	4.48844e-06
NADSYN-PWY: NAD de novo biosynthesis II (from tryptophan)	4.41323e-06
NADSYN-PWY: NAD de novo biosynthesis II (from tryptophan)|g__Saccharomyces.s__Saccharomyces_cerevisiae	3.00969e-06
PWY-6309: L-tryptophan degradation XI (mammalian, via kynurenine)	4.29349e-06
PWY-6309: L-tryptophan degradation XI (mammalian, via kynurenine)|g__Saccharomyces.s__Saccharomyces_cerevisiae	4.29349e-06
PWY-7230: ubiquinol-6 biosynthesis from 4-aminobenzoate (yeast)	4.28118e-06
PWY-7230: ubiquinol-6 biosynthesis from 4-aminobenzoate (yeast)|g__Saccharomyces.s__Saccharomyces_cerevisiae	2.9813e-06
PWY-7420: monoacylglycerol metabolism (yeast)	4.02206e-06
PWY-7420: monoacylglycerol metabolism (yeast)|g__Saccharomyces.s__Saccharomyces_cerevisiae	3.44859e-06
PWY-7286: 7-(3-amino-3-carboxypropyl)-wyosine biosynthesis	4.01855e-06
PWY-7286: 7-(3-amino-3-carboxypropyl)-wyosine biosynthesis|g__Saccharomyces.s__Saccharomyces_cerevisiae	3.12791e-06
PWY-7616: methanol oxidation to carbon dioxide	4.01298e-06
PWY-7800: Ac/N-end rule pathway	3.96442e-06
PWY-7800: Ac/N-end rule pathway|g__Saccharomyces.s__Saccharomyces_cerevisiae	3.29204e-06
PWY-7235: superpathway of ubiquinol-6 biosynthesis (late decarboxylation)	3.93261e-06
PWY-7235: superpathway of ubiquinol-6 biosynthesis (late decarboxylation)|g__Saccharomyces.s__Saccharomyces_cerevisiae	2.99854e-06
PWY-6351: D-myo-inositol (1,4,5)-trisphosphate biosynthesis	3.92281e-06
PWY-6351: D-myo-inositol (1,4,5)-trisphosphate biosynthesis|g__Saccharomyces.s__Saccharomyces_cerevisiae	3.33115e-06
PWY-6920: 6-gingerol analog biosynthesis (engineered)	3.75279e-06
PWY-6920: 6-gingerol analog biosynthesis (engineered)|g__Saccharomyces.s__Saccharomyces_cerevisiae	3.44144e-06
PWY-6590: superpathway of Clostridium acetobutylicum acidogenic fermentation	3.71464e-06
PWY-7546: diphthamide biosynthesis II (eukaryotes)	3.65646e-06
PWY-7546: diphthamide biosynthesis II (eukaryotes)|g__Saccharomyces.s__Saccharomyces_cerevisiae	3.34029e-06
PWY-7283: wybutosine biosynthesis	3.63874e-06
PWY-7283: wybutosine biosynthesis|g__Saccharomyces.s__Saccharomyces_cerevisiae	3.10503e-06
PWY-6352: 3-phosphoinositide biosynthesis	3.62343e-06
PWY-6352: 3-phosphoinositide biosynthesis|g__Saccharomyces.s__Saccharomyces_cerevisiae	3.62343e-06
MANNOSYL-CHITO-DOLICHOL-BIOSYNTHESIS: protein N-glycosylation initial phase (eukaryotic)	3.52469e-06
MANNOSYL-CHITO-DOLICHOL-BIOSYNTHESIS: protein N-glycosylation initial phase (eukaryotic)|g__Saccharomyces.s__Saccharomyces_cerevisiae	2.99129e-06
PWY-7919: protein N-glycosylation processing phase (plants and animals)	3.20203e-06
PWY-7919: protein N-glycosylation processing phase (plants and animals)|g__Saccharomyces.s__Saccharomyces_cerevisiae	3.20203e-06
PWY-5080: very long chain fatty acid biosynthesis I	3.12362e-06
PWY-5080: very long chain fatty acid biosynthesis I|g__Saccharomyces.s__Saccharomyces_cerevisiae	3.12362e-06
SPHINGOLIPID-SYN-PWY: sphingolipid biosynthesis (yeast)	3.03723e-06
SPHINGOLIPID-SYN-PWY: sphingolipid biosynthesis (yeast)|g__Saccharomyces.s__Saccharomyces_cerevisiae	2.89784e-06
PWY-1501: mandelate degradation I	2.95311e-06
PWY-6829: tRNA methylation (yeast)	2.92732e-06
PWY-6829: tRNA methylation (yeast)|g__Saccharomyces.s__Saccharomyces_cerevisiae	2.64489e-06
PWY-5651: L-tryptophan degradation to 2-amino-3-carboxymuconate semialdehyde	2.80768e-06
PWY-5651: L-tryptophan degradation to 2-amino-3-carboxymuconate semialdehyde|g__Saccharomyces.s__Saccharomyces_cerevisiae	2.79457e-06
CENTFERM-PWY: pyruvate fermentation to butanoate	2.79264e-06
PWY-6075: ergosterol biosynthesis I	2.67601e-06
PWY-6075: ergosterol biosynthesis I|g__Saccharomyces.s__Saccharomyces_cerevisiae	2.67601e-06
DENITRIFICATION-PWY: nitrate reduction I (denitrification)	2.60826e-06
PWY-7035: (9Z)-tricosene biosynthesis	2.04771e-06
PWY-7035: (9Z)-tricosene biosynthesis|g__Saccharomyces.s__Saccharomyces_cerevisiae	2.04771e-06
PWY-7036: very long chain fatty acid biosynthesis II	2.04771e-06
PWY-7036: very long chain fatty acid biosynthesis II|g__Saccharomyces.s__Saccharomyces_cerevisiae	2.04771e-06
PWY-8041: ultra-long-chain fatty acid biosynthesis	2.04771e-06
PWY-8041: ultra-long-chain fatty acid biosynthesis|g__Saccharomyces.s__Saccharomyces_cerevisiae	2.04771e-06
PWY-7724: icosapentaenoate biosynthesis III (8-desaturase, mammals)	1.98359e-06
PWY-7724: icosapentaenoate biosynthesis III (8-desaturase, mammals)|g__Saccharomyces.s__Saccharomyces_cerevisiae	1.93201e-06
PWY-7606: docosahexaenoate biosynthesis III (6-desaturase, mammals)	1.97059e-06
PWY-7726: (4Z,7Z,10Z,13Z,16Z)-docosapentaenoate biosynthesis (6-desaturase)	1.97059e-06
P621-PWY: nylon-6 oligomer degradation	1.90724e-06
PWY-7717: 3-hydroxy-4-methyl-anthranilate biosynthesis I	1.67597e-06
PWY-7717: 3-hydroxy-4-methyl-anthranilate biosynthesis I|g__Saccharomyces.s__Saccharomyces_cerevisiae	1.67012e-06
PWY-6598: sciadonate biosynthesis	1.65519e-06
PWY-6598: sciadonate biosynthesis|g__Saccharomyces.s__Saccharomyces_cerevisiae	1.65519e-06
PWY-7619: juniperonate biosynthesis	1.65519e-06
PWY-7619: juniperonate biosynthesis|g__Saccharomyces.s__Saccharomyces_cerevisiae	1.65519e-06
PWY-7725: arachidonate biosynthesis V (8-detaturase, mammals)	1.65519e-06
PWY-7725: arachidonate biosynthesis V (8-detaturase, mammals)|g__Saccharomyces.s__Saccharomyces_cerevisiae	1.65519e-06
PWY-7053: docosahexaenoate biosynthesis I (lower eukaryotes)	1.57085e-06
PWY-7053: docosahexaenoate biosynthesis I (lower eukaryotes)|g__Saccharomyces.s__Saccharomyces_cerevisiae	1.57085e-06
PHOSLIPSYN2-PWY: superpathway of phospholipid biosynthesis II (plants)	1.49842e-06
P164-PWY: purine nucleobases degradation I (anaerobic)	1.04347e-06
PWY4FS-5: superpathway of phosphatidylcholine biosynthesis	6.65609e-07
PWY-4762: superpathway of choline biosynthesis	5.37282e-07
PWY-5415: catechol degradation I (meta-cleavage pathway)	4.76867e-07
PWY-5655: L-tryptophan degradation IX	2.37844e-07
PWY-6467: Kdo transfer to lipid IVA III (Chlamydia)	2.22954e-07
PWY-6467: Kdo transfer to lipid IVA III (Chlamydia)|g__Escherichia.s__Escherichia_coli	2.20715e-07
PWY-5647: 2-nitrobenzoate degradation I	1.02768e-07
PWY-5654: 2-amino-3-carboxymuconate semialdehyde degradation to 2-hydroxypentadienoate	8.30019e-08
PWY-6210: 2-aminophenol degradation	8.30019e-08
