# Pathway	CRSAFR-001-Cosmic_60_Abundance-RELAB
UNMAPPED	0.244622
UNINTEGRATED	0.700144
UNINTEGRATED|unclassified	0.119166
UNINTEGRATED|g__Bacteroides.s__Bacteroides_uniformis	0.0829666
UNINTEGRATED|g__Blautia.s__Blautia_obeum	0.0395906
UNINTEGRATED|g__Faecalibacterium.s__Faecalibacterium_prausnitzii	0.0331228
UNINTEGRATED|g__Akkermansia.s__Akkermansia_muciniphila	0.0317916
UNINTEGRATED|g__Alistipes.s__Alistipes_finegoldii	0.0244195
UNINTEGRATED|g__Bacteroides.s__Bacteroides_vulgatus	0.0201144
UNINTEGRATED|g__Clostridium.s__Clostridium_sp_CAG_798	0.0164657
UNINTEGRATED|g__Anaerostipes.s__Anaerostipes_hadrus	0.0128319
UNINTEGRATED|g__Eubacterium.s__Eubacterium_hallii	0.0119449
UNINTEGRATED|g__Blautia.s__Ruminococcus_torques	0.0116617
UNINTEGRATED|g__Dorea.s__Dorea_longicatena	0.0101655
UNINTEGRATED|g__Bacteroides.s__Bacteroides_salyersiae	0.00979063
UNINTEGRATED|g__Fusicatenibacter.s__Fusicatenibacter_saccharivorans	0.00782831
UNINTEGRATED|g__Bifidobacterium.s__Bifidobacterium_bifidum	0.00780332
UNINTEGRATED|g__Lachnospiraceae_unclassified.s__Eubacterium_rectale	0.00774396
UNINTEGRATED|g__Bacteroides.s__Bacteroides_caccae	0.00731225
UNINTEGRATED|g__Firmicutes_unclassified.s__Firmicutes_bacterium_CAG_83	0.00674758
UNINTEGRATED|g__Parabacteroides.s__Parabacteroides_distasonis	0.00656121
UNINTEGRATED|g__Bifidobacterium.s__Bifidobacterium_catenulatum	0.0065459
UNINTEGRATED|g__Bacteroides.s__Bacteroides_cellulosilyticus	0.00645934
UNINTEGRATED|g__Clostridium.s__Clostridium_sp_CAG_354	0.00639003
UNINTEGRATED|g__Senegalimassilia.s__Senegalimassilia_anaerobia	0.00638672
UNINTEGRATED|g__Ruminococcus.s__Ruminococcus_bromii	0.00610286
UNINTEGRATED|g__Blautia.s__Blautia_wexlerae	0.00578034
UNINTEGRATED|g__Bacteroides.s__Bacteroides_fragilis	0.00567836
UNINTEGRATED|g__Eisenbergiella.s__Eisenbergiella_tayi	0.00551371
UNINTEGRATED|g__Streptococcus.s__Streptococcus_thermophilus	0.00429491
UNINTEGRATED|g__Firmicutes_unclassified.s__Firmicutes_bacterium_CAG_114	0.00417444
UNINTEGRATED|g__Parabacteroides.s__Parabacteroides_merdae	0.00417098
UNINTEGRATED|g__Barnesiella.s__Barnesiella_intestinihominis	0.00415811
UNINTEGRATED|g__Bacteroides.s__Bacteroides_massiliensis	0.0041442
UNINTEGRATED|g__Eubacterium.s__Eubacterium_eligens	0.00408571
UNINTEGRATED|g__Collinsella.s__Collinsella_aerofaciens	0.00368979
UNINTEGRATED|g__Phascolarctobacterium.s__Phascolarctobacterium_faecium	0.00335234
UNINTEGRATED|g__Bacteroides.s__Bacteroides_dorei	0.00314337
UNINTEGRATED|g__Dorea.s__Dorea_formicigenerans	0.00313279
UNINTEGRATED|g__Ruthenibacterium.s__Ruthenibacterium_lactatiformans	0.00312631
UNINTEGRATED|g__Flavonifractor.s__Flavonifractor_plautii	0.00308615
UNINTEGRATED|g__Ruminococcus.s__Ruminococcus_bicirculans	0.00285985
UNINTEGRATED|g__Bacteroides.s__Bacteroides_intestinalis	0.00276102
UNINTEGRATED|g__Gordonibacter.s__Gordonibacter_urolithinfaciens	0.00263695
UNINTEGRATED|g__Roseburia.s__Roseburia_intestinalis	0.0026073
UNINTEGRATED|g__Clostridium.s__Clostridium_sp_CAG_138	0.00259948
UNINTEGRATED|g__Bacteroides.s__Bacteroides_ovatus	0.00248367
UNINTEGRATED|g__Coprococcus.s__Coprococcus_catus	0.00245331
UNINTEGRATED|g__Lachnospira.s__Lachnospira_pectinoschiza	0.00238303
UNINTEGRATED|g__Eggerthella.s__Eggerthella_lenta	0.00228259
UNINTEGRATED|g__Subdoligranulum.s__Subdoligranulum_sp_APC924_74	0.00223898
UNINTEGRATED|g__Bacteroides.s__Bacteroides_thetaiotaomicron	0.00219489
UNINTEGRATED|g__Roseburia.s__Roseburia_sp_CAG_380	0.00215397
UNINTEGRATED|g__Ruminococcus.s__Ruminococcus_sp_CAG_177	0.00210874
UNINTEGRATED|g__Alistipes.s__Alistipes_onderdonkii	0.00208642
UNINTEGRATED|g__Actinomyces.s__Actinomyces_sp_HPA0247	0.00199181
UNINTEGRATED|g__Eubacterium.s__Eubacterium_ramulus	0.00189156
UNINTEGRATED|g__Eubacterium.s__Eubacterium_ventriosum	0.0017715
UNINTEGRATED|g__Oscillibacter.s__Oscillibacter_sp_57_20	0.00174611
UNINTEGRATED|g__Intestinimonas.s__Intestinimonas_butyriciproducens	0.00173679
UNINTEGRATED|g__Alistipes.s__Alistipes_indistinctus	0.00164499
UNINTEGRATED|g__Gemmiger.s__Gemmiger_formicilis	0.00161932
UNINTEGRATED|g__Firmicutes_unclassified.s__Firmicutes_bacterium_CAG_110	0.00154909
UNINTEGRATED|g__Lactococcus.s__Lactococcus_lactis	0.00153549
UNINTEGRATED|g__Prevotella.s__Prevotella_copri	0.00149775
UNINTEGRATED|g__Streptococcus.s__Streptococcus_salivarius	0.00149453
UNINTEGRATED|g__Bifidobacterium.s__Bifidobacterium_longum	0.00146352
UNINTEGRATED|g__Clostridium.s__Clostridium_sp_CAG_58	0.00146288
UNINTEGRATED|g__Hungatella.s__Hungatella_hathewayi	0.00138325
UNINTEGRATED|g__Bilophila.s__Bilophila_wadsworthia	0.00137877
UNINTEGRATED|g__Bifidobacterium.s__Bifidobacterium_adolescentis	0.00137039
UNINTEGRATED|g__Anaeromassilibacillus.s__Anaeromassilibacillus_sp_An250	0.00128057
UNINTEGRATED|g__Butyricimonas.s__Butyricimonas_virosa	0.00127227
UNINTEGRATED|g__Firmicutes_unclassified.s__Firmicutes_bacterium_CAG_94	0.0011344
UNINTEGRATED|g__Blautia.s__Blautia_sp	0.0010993
UNINTEGRATED|g__Roseburia.s__Roseburia_hominis	0.0010156
UNINTEGRATED|g__Bacteroides.s__Bacteroides_faecis	0.000891912
UNINTEGRATED|g__Ruminococcaceae_unclassified.s__Eubacterium_siraeum	0.00083856
UNINTEGRATED|g__Ruminococcaceae_unclassified.s__Clostridium_leptum	0.000838057
UNINTEGRATED|g__Bacteroides.s__Bacteroides_sp_CAG_144	0.000822175
UNINTEGRATED|g__Alistipes.s__Alistipes_shahii	0.000817172
UNINTEGRATED|g__Lachnoclostridium.s__Clostridium_citroniae	0.000791085
UNINTEGRATED|g__Asaccharobacter.s__Asaccharobacter_celatus	0.000767939
UNINTEGRATED|g__Blautia.s__Blautia_hydrogenotrophica	0.000741522
UNINTEGRATED|g__Eggerthella.s__Eggerthella_sp_CAG_298	0.000710926
UNINTEGRATED|g__Ruminococcus.s__Ruminococcus_callidus	0.000693637
UNINTEGRATED|g__Ruminococcaceae_unclassified.s__Ruminococcaceae_bacterium_D5	0.000683001
UNINTEGRATED|g__Ruminococcus.s__Ruminococcus_sp_AF31_8BH	0.000675583
UNINTEGRATED|g__Butyricimonas.s__Butyricimonas_synergistica	0.000674954
UNINTEGRATED|g__Actinomyces.s__Actinomyces_naeslundii	0.000673858
UNINTEGRATED|g__Parabacteroides.s__Parabacteroides_goldsteinii	0.000673628
UNINTEGRATED|g__Firmicutes_unclassified.s__Firmicutes_bacterium_CAG_103	0.000616421
UNINTEGRATED|g__Clostridium.s__Clostridium_sp_AM22_11AC	0.000539613
UNINTEGRATED|g__Intestinibacter.s__Intestinibacter_bartlettii	0.000536124
UNINTEGRATED|g__Streptococcus.s__Streptococcus_australis	0.000520047
UNINTEGRATED|g__Streptococcus.s__Streptococcus_pneumoniae	0.000495929
UNINTEGRATED|g__Christensenella.s__Christensenella_minuta	0.000476628
UNINTEGRATED|g__Victivallales_unclassified.s__Victivallales_bacterium_CCUG_44730	0.000450073
UNINTEGRATED|g__Lawsonibacter.s__Lawsonibacter_asaccharolyticus	0.000422431
UNINTEGRATED|g__Streptococcus.s__Streptococcus_oralis	0.000418951
UNINTEGRATED|g__Lachnoclostridium.s__Clostridium_symbiosum	0.000409922
UNINTEGRATED|g__Streptococcus.s__Streptococcus_sp_A12	0.000407578
UNINTEGRATED|g__Clostridium.s__Clostridium_sp_CAG_242	0.000383913
UNINTEGRATED|g__Lactobacillus.s__Lactobacillus_sakei	0.000373907
UNINTEGRATED|g__Roseburia.s__Roseburia_faecis	0.000360109
UNINTEGRATED|g__Erysipelatoclostridium.s__Clostridium_spiroforme	0.000359525
UNINTEGRATED|g__Victivallis.s__Victivallis_vadensis	0.000359503
UNINTEGRATED|g__Odoribacter.s__Odoribacter_splanchnicus	0.000358863
UNINTEGRATED|g__Adlercreutzia.s__Adlercreutzia_equolifaciens	0.000336203
UNINTEGRATED|g__Eubacterium.s__Eubacterium_limosum	0.000333552
UNINTEGRATED|g__Eubacteriaceae_unclassified.s__Eubacteriaceae_bacterium_CHKCI005	0.00031463
UNINTEGRATED|g__Ruminococcaceae_unclassified.s__Clostridium_methylpentosum	0.000303332
UNINTEGRATED|g__Eubacterium.s__Eubacterium_maltosivorans	0.000276261
UNINTEGRATED|g__Erysipelatoclostridium.s__Clostridium_innocuum	0.000260001
UNINTEGRATED|g__Blautia.s__Blautia_sp_CAG_52	0.000253916
UNINTEGRATED|g__Streptococcus.s__Streptococcus_parasanguinis	0.000253711
UNINTEGRATED|g__Clostridium.s__Clostridium_sp_AF36_4	0.000245856
UNINTEGRATED|g__Rothia.s__Rothia_mucilaginosa	0.00023296
UNINTEGRATED|g__Slackia.s__Slackia_isoflavoniconvertens	0.000229004
UNINTEGRATED|g__Lentisphaerae_unclassified.s__Lentisphaerae_bacterium	0.000188587
UNINTEGRATED|g__Firmicutes_unclassified.s__Firmicutes_bacterium_CAG_137	0.000186381
UNINTEGRATED|g__Actinomyces.s__Actinomyces_viscosus	0.000177171
UNINTEGRATED|g__Rothia.s__Rothia_dentocariosa	0.00013257
UNINTEGRATED|g__Actinomyces.s__Actinomyces_oris	0.000128245
UNINTEGRATED|g__Gordonibacter.s__Gordonibacter_pamelaeae	0.000109179
UNINTEGRATED|g__Firmicutes_unclassified.s__Firmicutes_bacterium_CAG_41	9.99283e-05
UNINTEGRATED|g__Massiliomicrobiota.s__Massiliomicrobiota_timonensis	7.28091e-05
UNINTEGRATED|g__Enorma.s__Collinsella_massiliensis	7.25444e-05
UNINTEGRATED|g__Streptococcus.s__Streptococcus_pseudopneumoniae	3.82982e-05
DTDPRHAMSYN-PWY: dTDP-&beta;-L-rhamnose biosynthesis	0.000674513
DTDPRHAMSYN-PWY: dTDP-&beta;-L-rhamnose biosynthesis|unclassified	0.0001753
DTDPRHAMSYN-PWY: dTDP-&beta;-L-rhamnose biosynthesis|g__Bacteroides.s__Bacteroides_uniformis	8.12055e-05
DTDPRHAMSYN-PWY: dTDP-&beta;-L-rhamnose biosynthesis|g__Alistipes.s__Alistipes_finegoldii	7.81788e-05
DTDPRHAMSYN-PWY: dTDP-&beta;-L-rhamnose biosynthesis|g__Akkermansia.s__Akkermansia_muciniphila	3.42956e-05
DTDPRHAMSYN-PWY: dTDP-&beta;-L-rhamnose biosynthesis|g__Faecalibacterium.s__Faecalibacterium_prausnitzii	2.89419e-05
DTDPRHAMSYN-PWY: dTDP-&beta;-L-rhamnose biosynthesis|g__Blautia.s__Blautia_obeum	2.86848e-05
DTDPRHAMSYN-PWY: dTDP-&beta;-L-rhamnose biosynthesis|g__Bacteroides.s__Bacteroides_vulgatus	2.05154e-05
DTDPRHAMSYN-PWY: dTDP-&beta;-L-rhamnose biosynthesis|g__Anaerostipes.s__Anaerostipes_hadrus	1.51371e-05
DTDPRHAMSYN-PWY: dTDP-&beta;-L-rhamnose biosynthesis|g__Bacteroides.s__Bacteroides_caccae	9.49217e-06
DTDPRHAMSYN-PWY: dTDP-&beta;-L-rhamnose biosynthesis|g__Bacteroides.s__Bacteroides_dorei	8.94387e-06
DTDPRHAMSYN-PWY: dTDP-&beta;-L-rhamnose biosynthesis|g__Collinsella.s__Collinsella_aerofaciens	8.82045e-06
DTDPRHAMSYN-PWY: dTDP-&beta;-L-rhamnose biosynthesis|g__Alistipes.s__Alistipes_indistinctus	8.45401e-06
DTDPRHAMSYN-PWY: dTDP-&beta;-L-rhamnose biosynthesis|g__Bifidobacterium.s__Bifidobacterium_bifidum	8.30646e-06
DTDPRHAMSYN-PWY: dTDP-&beta;-L-rhamnose biosynthesis|g__Dorea.s__Dorea_longicatena	8.17779e-06
DTDPRHAMSYN-PWY: dTDP-&beta;-L-rhamnose biosynthesis|g__Bacteroides.s__Bacteroides_salyersiae	7.49994e-06
DTDPRHAMSYN-PWY: dTDP-&beta;-L-rhamnose biosynthesis|g__Ruminococcus.s__Ruminococcus_bromii	7.33373e-06
DTDPRHAMSYN-PWY: dTDP-&beta;-L-rhamnose biosynthesis|g__Fusicatenibacter.s__Fusicatenibacter_saccharivorans	6.66011e-06
DTDPRHAMSYN-PWY: dTDP-&beta;-L-rhamnose biosynthesis|g__Parabacteroides.s__Parabacteroides_distasonis	6.17589e-06
DTDPRHAMSYN-PWY: dTDP-&beta;-L-rhamnose biosynthesis|g__Blautia.s__Ruminococcus_torques	5.52252e-06
DTDPRHAMSYN-PWY: dTDP-&beta;-L-rhamnose biosynthesis|g__Barnesiella.s__Barnesiella_intestinihominis	4.90948e-06
DTDPRHAMSYN-PWY: dTDP-&beta;-L-rhamnose biosynthesis|g__Eubacterium.s__Eubacterium_eligens	4.71134e-06
DTDPRHAMSYN-PWY: dTDP-&beta;-L-rhamnose biosynthesis|g__Eubacterium.s__Eubacterium_hallii	4.51281e-06
DTDPRHAMSYN-PWY: dTDP-&beta;-L-rhamnose biosynthesis|g__Ruthenibacterium.s__Ruthenibacterium_lactatiformans	4.38408e-06
DTDPRHAMSYN-PWY: dTDP-&beta;-L-rhamnose biosynthesis|g__Bacteroides.s__Bacteroides_massiliensis	4.38327e-06
DTDPRHAMSYN-PWY: dTDP-&beta;-L-rhamnose biosynthesis|g__Blautia.s__Blautia_wexlerae	4.32621e-06
DTDPRHAMSYN-PWY: dTDP-&beta;-L-rhamnose biosynthesis|g__Subdoligranulum.s__Subdoligranulum_sp_APC924_74	4.32466e-06
DTDPRHAMSYN-PWY: dTDP-&beta;-L-rhamnose biosynthesis|g__Prevotella.s__Prevotella_copri	4.3102e-06
DTDPRHAMSYN-PWY: dTDP-&beta;-L-rhamnose biosynthesis|g__Actinomyces.s__Actinomyces_sp_HPA0247	4.19392e-06
DTDPRHAMSYN-PWY: dTDP-&beta;-L-rhamnose biosynthesis|g__Ruminococcus.s__Ruminococcus_sp_CAG_177	3.93691e-06
DTDPRHAMSYN-PWY: dTDP-&beta;-L-rhamnose biosynthesis|g__Bacteroides.s__Bacteroides_cellulosilyticus	3.79638e-06
DTDPRHAMSYN-PWY: dTDP-&beta;-L-rhamnose biosynthesis|g__Streptococcus.s__Streptococcus_thermophilus	3.63674e-06
DTDPRHAMSYN-PWY: dTDP-&beta;-L-rhamnose biosynthesis|g__Lachnospiraceae_unclassified.s__Eubacterium_rectale	3.49294e-06
DTDPRHAMSYN-PWY: dTDP-&beta;-L-rhamnose biosynthesis|g__Roseburia.s__Roseburia_sp_CAG_380	2.80887e-06
DTDPRHAMSYN-PWY: dTDP-&beta;-L-rhamnose biosynthesis|g__Bacteroides.s__Bacteroides_intestinalis	2.73326e-06
DTDPRHAMSYN-PWY: dTDP-&beta;-L-rhamnose biosynthesis|g__Lachnospira.s__Lachnospira_pectinoschiza	2.30195e-06
DTDPRHAMSYN-PWY: dTDP-&beta;-L-rhamnose biosynthesis|g__Eisenbergiella.s__Eisenbergiella_tayi	2.29567e-06
DTDPRHAMSYN-PWY: dTDP-&beta;-L-rhamnose biosynthesis|g__Gemmiger.s__Gemmiger_formicilis	2.08282e-06
DTDPRHAMSYN-PWY: dTDP-&beta;-L-rhamnose biosynthesis|g__Bilophila.s__Bilophila_wadsworthia	2.01599e-06
DTDPRHAMSYN-PWY: dTDP-&beta;-L-rhamnose biosynthesis|g__Erysipelatoclostridium.s__Clostridium_spiroforme	1.97188e-06
DTDPRHAMSYN-PWY: dTDP-&beta;-L-rhamnose biosynthesis|g__Blautia.s__Blautia_sp_CAG_52	1.62848e-06
DTDPRHAMSYN-PWY: dTDP-&beta;-L-rhamnose biosynthesis|g__Parabacteroides.s__Parabacteroides_merdae	1.518e-06
DTDPRHAMSYN-PWY: dTDP-&beta;-L-rhamnose biosynthesis|g__Butyricimonas.s__Butyricimonas_synergistica	1.36388e-06
DTDPRHAMSYN-PWY: dTDP-&beta;-L-rhamnose biosynthesis|g__Bacteroides.s__Bacteroides_ovatus	1.34532e-06
DTDPRHAMSYN-PWY: dTDP-&beta;-L-rhamnose biosynthesis|g__Bacteroides.s__Bacteroides_faecis	1.34262e-06
DTDPRHAMSYN-PWY: dTDP-&beta;-L-rhamnose biosynthesis|g__Alistipes.s__Alistipes_shahii	1.28844e-06
DTDPRHAMSYN-PWY: dTDP-&beta;-L-rhamnose biosynthesis|g__Firmicutes_unclassified.s__Firmicutes_bacterium_CAG_110	1.19059e-06
DTDPRHAMSYN-PWY: dTDP-&beta;-L-rhamnose biosynthesis|g__Butyricimonas.s__Butyricimonas_virosa	1.18397e-06
DTDPRHAMSYN-PWY: dTDP-&beta;-L-rhamnose biosynthesis|g__Clostridium.s__Clostridium_sp_CAG_58	1.0487e-06
DTDPRHAMSYN-PWY: dTDP-&beta;-L-rhamnose biosynthesis|g__Lactococcus.s__Lactococcus_lactis	1.02898e-06
DTDPRHAMSYN-PWY: dTDP-&beta;-L-rhamnose biosynthesis|g__Bacteroides.s__Bacteroides_sp_CAG_144	9.88276e-07
DTDPRHAMSYN-PWY: dTDP-&beta;-L-rhamnose biosynthesis|g__Roseburia.s__Roseburia_intestinalis	8.23222e-07
DTDPRHAMSYN-PWY: dTDP-&beta;-L-rhamnose biosynthesis|g__Bacteroides.s__Bacteroides_fragilis	8.13891e-07
DTDPRHAMSYN-PWY: dTDP-&beta;-L-rhamnose biosynthesis|g__Bacteroides.s__Bacteroides_thetaiotaomicron	7.74734e-07
DTDPRHAMSYN-PWY: dTDP-&beta;-L-rhamnose biosynthesis|g__Coprococcus.s__Coprococcus_catus	7.56612e-07
DTDPRHAMSYN-PWY: dTDP-&beta;-L-rhamnose biosynthesis|g__Bifidobacterium.s__Bifidobacterium_longum	6.84581e-07
DTDPRHAMSYN-PWY: dTDP-&beta;-L-rhamnose biosynthesis|g__Parabacteroides.s__Parabacteroides_goldsteinii	6.82899e-07
DTDPRHAMSYN-PWY: dTDP-&beta;-L-rhamnose biosynthesis|g__Streptococcus.s__Streptococcus_australis	6.71117e-07
DTDPRHAMSYN-PWY: dTDP-&beta;-L-rhamnose biosynthesis|g__Dorea.s__Dorea_formicigenerans	6.45646e-07
DTDPRHAMSYN-PWY: dTDP-&beta;-L-rhamnose biosynthesis|g__Streptococcus.s__Streptococcus_salivarius	6.39115e-07
DTDPRHAMSYN-PWY: dTDP-&beta;-L-rhamnose biosynthesis|g__Blautia.s__Blautia_sp	5.64885e-07
DTDPRHAMSYN-PWY: dTDP-&beta;-L-rhamnose biosynthesis|g__Hungatella.s__Hungatella_hathewayi	4.65373e-07
DTDPRHAMSYN-PWY: dTDP-&beta;-L-rhamnose biosynthesis|g__Firmicutes_unclassified.s__Firmicutes_bacterium_CAG_103	4.30352e-07
DTDPRHAMSYN-PWY: dTDP-&beta;-L-rhamnose biosynthesis|g__Lentisphaerae_unclassified.s__Lentisphaerae_bacterium	3.63022e-07
DTDPRHAMSYN-PWY: dTDP-&beta;-L-rhamnose biosynthesis|g__Clostridium.s__Clostridium_sp_AM22_11AC	3.54e-07
DTDPRHAMSYN-PWY: dTDP-&beta;-L-rhamnose biosynthesis|g__Actinomyces.s__Actinomyces_naeslundii	3.39487e-07
DTDPRHAMSYN-PWY: dTDP-&beta;-L-rhamnose biosynthesis|g__Eubacterium.s__Eubacterium_maltosivorans	3.38915e-07
DTDPRHAMSYN-PWY: dTDP-&beta;-L-rhamnose biosynthesis|g__Blautia.s__Blautia_hydrogenotrophica	3.36488e-07
DTDPRHAMSYN-PWY: dTDP-&beta;-L-rhamnose biosynthesis|g__Ruminococcus.s__Ruminococcus_sp_AF31_8BH	3.07734e-07
DTDPRHAMSYN-PWY: dTDP-&beta;-L-rhamnose biosynthesis|g__Actinomyces.s__Actinomyces_viscosus	2.96315e-07
DTDPRHAMSYN-PWY: dTDP-&beta;-L-rhamnose biosynthesis|g__Clostridium.s__Clostridium_sp_AF36_4	2.38093e-07
DTDPRHAMSYN-PWY: dTDP-&beta;-L-rhamnose biosynthesis|g__Alistipes.s__Alistipes_onderdonkii	1.47072e-07
DTDPRHAMSYN-PWY: dTDP-&beta;-L-rhamnose biosynthesis|g__Streptococcus.s__Streptococcus_parasanguinis	1.27121e-07
DTDPRHAMSYN-PWY: dTDP-&beta;-L-rhamnose biosynthesis|g__Eubacterium.s__Eubacterium_limosum	1.06092e-07
DTDPRHAMSYN-PWY: dTDP-&beta;-L-rhamnose biosynthesis|g__Streptococcus.s__Streptococcus_sp_A12	8.66918e-08
PWY-6386: UDP-N-acetylmuramoyl-pentapeptide biosynthesis II (lysine-containing)	0.000668717
PWY-6386: UDP-N-acetylmuramoyl-pentapeptide biosynthesis II (lysine-containing)|unclassified	0.000169048
PWY-6386: UDP-N-acetylmuramoyl-pentapeptide biosynthesis II (lysine-containing)|g__Bacteroides.s__Bacteroides_uniformis	5.31582e-05
PWY-6386: UDP-N-acetylmuramoyl-pentapeptide biosynthesis II (lysine-containing)|g__Clostridium.s__Clostridium_sp_CAG_798	3.48254e-05
PWY-6386: UDP-N-acetylmuramoyl-pentapeptide biosynthesis II (lysine-containing)|g__Blautia.s__Blautia_obeum	2.90937e-05
PWY-6386: UDP-N-acetylmuramoyl-pentapeptide biosynthesis II (lysine-containing)|g__Faecalibacterium.s__Faecalibacterium_prausnitzii	2.43192e-05
PWY-6386: UDP-N-acetylmuramoyl-pentapeptide biosynthesis II (lysine-containing)|g__Alistipes.s__Alistipes_finegoldii	2.40433e-05
PWY-6386: UDP-N-acetylmuramoyl-pentapeptide biosynthesis II (lysine-containing)|g__Anaerostipes.s__Anaerostipes_hadrus	1.60143e-05
PWY-6386: UDP-N-acetylmuramoyl-pentapeptide biosynthesis II (lysine-containing)|g__Bacteroides.s__Bacteroides_vulgatus	1.26796e-05
PWY-6386: UDP-N-acetylmuramoyl-pentapeptide biosynthesis II (lysine-containing)|g__Senegalimassilia.s__Senegalimassilia_anaerobia	1.2137e-05
PWY-6386: UDP-N-acetylmuramoyl-pentapeptide biosynthesis II (lysine-containing)|g__Blautia.s__Ruminococcus_torques	8.76438e-06
PWY-6386: UDP-N-acetylmuramoyl-pentapeptide biosynthesis II (lysine-containing)|g__Bifidobacterium.s__Bifidobacterium_catenulatum	8.39175e-06
PWY-6386: UDP-N-acetylmuramoyl-pentapeptide biosynthesis II (lysine-containing)|g__Bacteroides.s__Bacteroides_salyersiae	7.58046e-06
PWY-6386: UDP-N-acetylmuramoyl-pentapeptide biosynthesis II (lysine-containing)|g__Fusicatenibacter.s__Fusicatenibacter_saccharivorans	7.49602e-06
PWY-6386: UDP-N-acetylmuramoyl-pentapeptide biosynthesis II (lysine-containing)|g__Firmicutes_unclassified.s__Firmicutes_bacterium_CAG_114	6.32897e-06
PWY-6386: UDP-N-acetylmuramoyl-pentapeptide biosynthesis II (lysine-containing)|g__Bifidobacterium.s__Bifidobacterium_bifidum	6.12348e-06
PWY-6386: UDP-N-acetylmuramoyl-pentapeptide biosynthesis II (lysine-containing)|g__Collinsella.s__Collinsella_aerofaciens	5.7522e-06
PWY-6386: UDP-N-acetylmuramoyl-pentapeptide biosynthesis II (lysine-containing)|g__Streptococcus.s__Streptococcus_thermophilus	5.46535e-06
PWY-6386: UDP-N-acetylmuramoyl-pentapeptide biosynthesis II (lysine-containing)|g__Eubacterium.s__Eubacterium_hallii	5.00529e-06
PWY-6386: UDP-N-acetylmuramoyl-pentapeptide biosynthesis II (lysine-containing)|g__Phascolarctobacterium.s__Phascolarctobacterium_faecium	4.88635e-06
PWY-6386: UDP-N-acetylmuramoyl-pentapeptide biosynthesis II (lysine-containing)|g__Bacteroides.s__Bacteroides_massiliensis	4.83509e-06
PWY-6386: UDP-N-acetylmuramoyl-pentapeptide biosynthesis II (lysine-containing)|g__Bacteroides.s__Bacteroides_caccae	4.46679e-06
PWY-6386: UDP-N-acetylmuramoyl-pentapeptide biosynthesis II (lysine-containing)|g__Eubacterium.s__Eubacterium_eligens	3.79902e-06
PWY-6386: UDP-N-acetylmuramoyl-pentapeptide biosynthesis II (lysine-containing)|g__Ruminococcus.s__Ruminococcus_bicirculans	3.31938e-06
PWY-6386: UDP-N-acetylmuramoyl-pentapeptide biosynthesis II (lysine-containing)|g__Gordonibacter.s__Gordonibacter_urolithinfaciens	3.2396e-06
PWY-6386: UDP-N-acetylmuramoyl-pentapeptide biosynthesis II (lysine-containing)|g__Parabacteroides.s__Parabacteroides_distasonis	3.13615e-06
PWY-6386: UDP-N-acetylmuramoyl-pentapeptide biosynthesis II (lysine-containing)|g__Bacteroides.s__Bacteroides_cellulosilyticus	2.9989e-06
PWY-6386: UDP-N-acetylmuramoyl-pentapeptide biosynthesis II (lysine-containing)|g__Ruthenibacterium.s__Ruthenibacterium_lactatiformans	2.98743e-06
PWY-6386: UDP-N-acetylmuramoyl-pentapeptide biosynthesis II (lysine-containing)|g__Blautia.s__Blautia_wexlerae	2.95271e-06
PWY-6386: UDP-N-acetylmuramoyl-pentapeptide biosynthesis II (lysine-containing)|g__Subdoligranulum.s__Subdoligranulum_sp_APC924_74	2.45641e-06
PWY-6386: UDP-N-acetylmuramoyl-pentapeptide biosynthesis II (lysine-containing)|g__Alistipes.s__Alistipes_indistinctus	2.3899e-06
PWY-6386: UDP-N-acetylmuramoyl-pentapeptide biosynthesis II (lysine-containing)|g__Lachnospiraceae_unclassified.s__Eubacterium_rectale	2.29092e-06
PWY-6386: UDP-N-acetylmuramoyl-pentapeptide biosynthesis II (lysine-containing)|g__Lachnospira.s__Lachnospira_pectinoschiza	2.14296e-06
PWY-6386: UDP-N-acetylmuramoyl-pentapeptide biosynthesis II (lysine-containing)|g__Firmicutes_unclassified.s__Firmicutes_bacterium_CAG_110	1.70389e-06
PWY-6386: UDP-N-acetylmuramoyl-pentapeptide biosynthesis II (lysine-containing)|g__Gemmiger.s__Gemmiger_formicilis	1.68607e-06
PWY-6386: UDP-N-acetylmuramoyl-pentapeptide biosynthesis II (lysine-containing)|g__Eisenbergiella.s__Eisenbergiella_tayi	1.6061e-06
PWY-6386: UDP-N-acetylmuramoyl-pentapeptide biosynthesis II (lysine-containing)|g__Parabacteroides.s__Parabacteroides_merdae	1.60365e-06
PWY-6386: UDP-N-acetylmuramoyl-pentapeptide biosynthesis II (lysine-containing)|g__Clostridium.s__Clostridium_sp_CAG_58	1.58099e-06
PWY-6386: UDP-N-acetylmuramoyl-pentapeptide biosynthesis II (lysine-containing)|g__Bilophila.s__Bilophila_wadsworthia	1.42062e-06
PWY-6386: UDP-N-acetylmuramoyl-pentapeptide biosynthesis II (lysine-containing)|g__Streptococcus.s__Streptococcus_sp_A12	1.38829e-06
PWY-6386: UDP-N-acetylmuramoyl-pentapeptide biosynthesis II (lysine-containing)|g__Flavonifractor.s__Flavonifractor_plautii	1.29861e-06
PWY-6386: UDP-N-acetylmuramoyl-pentapeptide biosynthesis II (lysine-containing)|g__Eubacterium.s__Eubacterium_ramulus	1.27453e-06
PWY-6386: UDP-N-acetylmuramoyl-pentapeptide biosynthesis II (lysine-containing)|g__Butyricimonas.s__Butyricimonas_virosa	1.19815e-06
PWY-6386: UDP-N-acetylmuramoyl-pentapeptide biosynthesis II (lysine-containing)|g__Anaeromassilibacillus.s__Anaeromassilibacillus_sp_An250	1.06801e-06
PWY-6386: UDP-N-acetylmuramoyl-pentapeptide biosynthesis II (lysine-containing)|g__Bacteroides.s__Bacteroides_dorei	9.89671e-07
PWY-6386: UDP-N-acetylmuramoyl-pentapeptide biosynthesis II (lysine-containing)|g__Firmicutes_unclassified.s__Firmicutes_bacterium_CAG_94	8.51896e-07
PWY-6386: UDP-N-acetylmuramoyl-pentapeptide biosynthesis II (lysine-containing)|g__Blautia.s__Blautia_sp	8.48056e-07
PWY-6386: UDP-N-acetylmuramoyl-pentapeptide biosynthesis II (lysine-containing)|g__Streptococcus.s__Streptococcus_salivarius	8.29036e-07
PWY-6386: UDP-N-acetylmuramoyl-pentapeptide biosynthesis II (lysine-containing)|g__Bacteroides.s__Bacteroides_faecis	6.20378e-07
PWY-6386: UDP-N-acetylmuramoyl-pentapeptide biosynthesis II (lysine-containing)|g__Butyricimonas.s__Butyricimonas_synergistica	6.13106e-07
PWY-6386: UDP-N-acetylmuramoyl-pentapeptide biosynthesis II (lysine-containing)|g__Bacteroides.s__Bacteroides_ovatus	5.92542e-07
PWY-6386: UDP-N-acetylmuramoyl-pentapeptide biosynthesis II (lysine-containing)|g__Actinomyces.s__Actinomyces_naeslundii	5.88224e-07
PWY-6386: UDP-N-acetylmuramoyl-pentapeptide biosynthesis II (lysine-containing)|g__Streptococcus.s__Streptococcus_pneumoniae	5.76299e-07
PWY-6386: UDP-N-acetylmuramoyl-pentapeptide biosynthesis II (lysine-containing)|g__Bifidobacterium.s__Bifidobacterium_longum	5.66166e-07
PWY-6386: UDP-N-acetylmuramoyl-pentapeptide biosynthesis II (lysine-containing)|g__Bifidobacterium.s__Bifidobacterium_adolescentis	4.03154e-07
PWY-6386: UDP-N-acetylmuramoyl-pentapeptide biosynthesis II (lysine-containing)|g__Bacteroides.s__Bacteroides_thetaiotaomicron	3.43131e-07
PWY-6386: UDP-N-acetylmuramoyl-pentapeptide biosynthesis II (lysine-containing)|g__Bacteroides.s__Bacteroides_fragilis	2.57717e-07
PWY-6386: UDP-N-acetylmuramoyl-pentapeptide biosynthesis II (lysine-containing)|g__Eubacterium.s__Eubacterium_limosum	2.06488e-07
PWY-6386: UDP-N-acetylmuramoyl-pentapeptide biosynthesis II (lysine-containing)|g__Streptococcus.s__Streptococcus_australis	1.43452e-07
PWY-6386: UDP-N-acetylmuramoyl-pentapeptide biosynthesis II (lysine-containing)|g__Eubacterium.s__Eubacterium_maltosivorans	1.22666e-07
PWY-6386: UDP-N-acetylmuramoyl-pentapeptide biosynthesis II (lysine-containing)|g__Ruminococcus.s__Ruminococcus_sp_AF31_8BH	1.05591e-07
PWY-6387: UDP-N-acetylmuramoyl-pentapeptide biosynthesis I (meso-diaminopimelate containing)	0.000662747
PWY-6387: UDP-N-acetylmuramoyl-pentapeptide biosynthesis I (meso-diaminopimelate containing)|unclassified	0.000174454
PWY-6387: UDP-N-acetylmuramoyl-pentapeptide biosynthesis I (meso-diaminopimelate containing)|g__Bacteroides.s__Bacteroides_uniformis	5.45866e-05
PWY-6387: UDP-N-acetylmuramoyl-pentapeptide biosynthesis I (meso-diaminopimelate containing)|g__Akkermansia.s__Akkermansia_muciniphila	3.7403e-05
PWY-6387: UDP-N-acetylmuramoyl-pentapeptide biosynthesis I (meso-diaminopimelate containing)|g__Clostridium.s__Clostridium_sp_CAG_798	3.50738e-05
PWY-6387: UDP-N-acetylmuramoyl-pentapeptide biosynthesis I (meso-diaminopimelate containing)|g__Blautia.s__Blautia_obeum	3.09061e-05
PWY-6387: UDP-N-acetylmuramoyl-pentapeptide biosynthesis I (meso-diaminopimelate containing)|g__Alistipes.s__Alistipes_finegoldii	2.62219e-05
PWY-6387: UDP-N-acetylmuramoyl-pentapeptide biosynthesis I (meso-diaminopimelate containing)|g__Faecalibacterium.s__Faecalibacterium_prausnitzii	2.01058e-05
PWY-6387: UDP-N-acetylmuramoyl-pentapeptide biosynthesis I (meso-diaminopimelate containing)|g__Anaerostipes.s__Anaerostipes_hadrus	1.51877e-05
PWY-6387: UDP-N-acetylmuramoyl-pentapeptide biosynthesis I (meso-diaminopimelate containing)|g__Clostridium.s__Clostridium_sp_CAG_354	1.49621e-05
PWY-6387: UDP-N-acetylmuramoyl-pentapeptide biosynthesis I (meso-diaminopimelate containing)|g__Bacteroides.s__Bacteroides_vulgatus	1.32046e-05
PWY-6387: UDP-N-acetylmuramoyl-pentapeptide biosynthesis I (meso-diaminopimelate containing)|g__Senegalimassilia.s__Senegalimassilia_anaerobia	1.24452e-05
PWY-6387: UDP-N-acetylmuramoyl-pentapeptide biosynthesis I (meso-diaminopimelate containing)|g__Blautia.s__Ruminococcus_torques	9.21032e-06
PWY-6387: UDP-N-acetylmuramoyl-pentapeptide biosynthesis I (meso-diaminopimelate containing)|g__Eubacterium.s__Eubacterium_hallii	9.18078e-06
PWY-6387: UDP-N-acetylmuramoyl-pentapeptide biosynthesis I (meso-diaminopimelate containing)|g__Bifidobacterium.s__Bifidobacterium_catenulatum	8.46532e-06
PWY-6387: UDP-N-acetylmuramoyl-pentapeptide biosynthesis I (meso-diaminopimelate containing)|g__Bacteroides.s__Bacteroides_salyersiae	7.86413e-06
PWY-6387: UDP-N-acetylmuramoyl-pentapeptide biosynthesis I (meso-diaminopimelate containing)|g__Fusicatenibacter.s__Fusicatenibacter_saccharivorans	7.06556e-06
PWY-6387: UDP-N-acetylmuramoyl-pentapeptide biosynthesis I (meso-diaminopimelate containing)|g__Bifidobacterium.s__Bifidobacterium_bifidum	5.99061e-06
PWY-6387: UDP-N-acetylmuramoyl-pentapeptide biosynthesis I (meso-diaminopimelate containing)|g__Firmicutes_unclassified.s__Firmicutes_bacterium_CAG_114	5.98325e-06
PWY-6387: UDP-N-acetylmuramoyl-pentapeptide biosynthesis I (meso-diaminopimelate containing)|g__Barnesiella.s__Barnesiella_intestinihominis	5.77176e-06
PWY-6387: UDP-N-acetylmuramoyl-pentapeptide biosynthesis I (meso-diaminopimelate containing)|g__Collinsella.s__Collinsella_aerofaciens	5.33587e-06
PWY-6387: UDP-N-acetylmuramoyl-pentapeptide biosynthesis I (meso-diaminopimelate containing)|g__Streptococcus.s__Streptococcus_thermophilus	5.21091e-06
PWY-6387: UDP-N-acetylmuramoyl-pentapeptide biosynthesis I (meso-diaminopimelate containing)|g__Dorea.s__Dorea_longicatena	4.85332e-06
PWY-6387: UDP-N-acetylmuramoyl-pentapeptide biosynthesis I (meso-diaminopimelate containing)|g__Phascolarctobacterium.s__Phascolarctobacterium_faecium	4.81031e-06
PWY-6387: UDP-N-acetylmuramoyl-pentapeptide biosynthesis I (meso-diaminopimelate containing)|g__Bacteroides.s__Bacteroides_massiliensis	4.65671e-06
PWY-6387: UDP-N-acetylmuramoyl-pentapeptide biosynthesis I (meso-diaminopimelate containing)|g__Oscillibacter.s__Oscillibacter_sp_57_20	4.60531e-06
PWY-6387: UDP-N-acetylmuramoyl-pentapeptide biosynthesis I (meso-diaminopimelate containing)|g__Bacteroides.s__Bacteroides_caccae	4.58737e-06
PWY-6387: UDP-N-acetylmuramoyl-pentapeptide biosynthesis I (meso-diaminopimelate containing)|g__Bacteroides.s__Bacteroides_cellulosilyticus	3.94393e-06
PWY-6387: UDP-N-acetylmuramoyl-pentapeptide biosynthesis I (meso-diaminopimelate containing)|g__Eubacterium.s__Eubacterium_eligens	3.68845e-06
PWY-6387: UDP-N-acetylmuramoyl-pentapeptide biosynthesis I (meso-diaminopimelate containing)|g__Ruminococcus.s__Ruminococcus_bicirculans	3.50071e-06
PWY-6387: UDP-N-acetylmuramoyl-pentapeptide biosynthesis I (meso-diaminopimelate containing)|g__Lachnospiraceae_unclassified.s__Eubacterium_rectale	3.47163e-06
PWY-6387: UDP-N-acetylmuramoyl-pentapeptide biosynthesis I (meso-diaminopimelate containing)|g__Gordonibacter.s__Gordonibacter_urolithinfaciens	3.28177e-06
PWY-6387: UDP-N-acetylmuramoyl-pentapeptide biosynthesis I (meso-diaminopimelate containing)|g__Blautia.s__Blautia_wexlerae	3.18301e-06
PWY-6387: UDP-N-acetylmuramoyl-pentapeptide biosynthesis I (meso-diaminopimelate containing)|g__Parabacteroides.s__Parabacteroides_distasonis	3.17943e-06
PWY-6387: UDP-N-acetylmuramoyl-pentapeptide biosynthesis I (meso-diaminopimelate containing)|g__Ruthenibacterium.s__Ruthenibacterium_lactatiformans	3.13094e-06
PWY-6387: UDP-N-acetylmuramoyl-pentapeptide biosynthesis I (meso-diaminopimelate containing)|g__Alistipes.s__Alistipes_indistinctus	2.8629e-06
PWY-6387: UDP-N-acetylmuramoyl-pentapeptide biosynthesis I (meso-diaminopimelate containing)|g__Subdoligranulum.s__Subdoligranulum_sp_APC924_74	2.48887e-06
PWY-6387: UDP-N-acetylmuramoyl-pentapeptide biosynthesis I (meso-diaminopimelate containing)|g__Coprococcus.s__Coprococcus_catus	2.45713e-06
PWY-6387: UDP-N-acetylmuramoyl-pentapeptide biosynthesis I (meso-diaminopimelate containing)|g__Roseburia.s__Roseburia_sp_CAG_380	2.29751e-06
PWY-6387: UDP-N-acetylmuramoyl-pentapeptide biosynthesis I (meso-diaminopimelate containing)|g__Lachnospira.s__Lachnospira_pectinoschiza	2.18892e-06
PWY-6387: UDP-N-acetylmuramoyl-pentapeptide biosynthesis I (meso-diaminopimelate containing)|g__Parabacteroides.s__Parabacteroides_merdae	1.73781e-06
PWY-6387: UDP-N-acetylmuramoyl-pentapeptide biosynthesis I (meso-diaminopimelate containing)|g__Gemmiger.s__Gemmiger_formicilis	1.7292e-06
PWY-6387: UDP-N-acetylmuramoyl-pentapeptide biosynthesis I (meso-diaminopimelate containing)|g__Eggerthella.s__Eggerthella_sp_CAG_298	1.64455e-06
PWY-6387: UDP-N-acetylmuramoyl-pentapeptide biosynthesis I (meso-diaminopimelate containing)|g__Firmicutes_unclassified.s__Firmicutes_bacterium_CAG_110	1.62794e-06
PWY-6387: UDP-N-acetylmuramoyl-pentapeptide biosynthesis I (meso-diaminopimelate containing)|g__Eisenbergiella.s__Eisenbergiella_tayi	1.62166e-06
PWY-6387: UDP-N-acetylmuramoyl-pentapeptide biosynthesis I (meso-diaminopimelate containing)|g__Clostridium.s__Clostridium_sp_CAG_58	1.58834e-06
PWY-6387: UDP-N-acetylmuramoyl-pentapeptide biosynthesis I (meso-diaminopimelate containing)|g__Bilophila.s__Bilophila_wadsworthia	1.39914e-06
PWY-6387: UDP-N-acetylmuramoyl-pentapeptide biosynthesis I (meso-diaminopimelate containing)|g__Butyricimonas.s__Butyricimonas_virosa	1.33344e-06
PWY-6387: UDP-N-acetylmuramoyl-pentapeptide biosynthesis I (meso-diaminopimelate containing)|g__Flavonifractor.s__Flavonifractor_plautii	1.32616e-06
PWY-6387: UDP-N-acetylmuramoyl-pentapeptide biosynthesis I (meso-diaminopimelate containing)|g__Eubacterium.s__Eubacterium_ramulus	1.27137e-06
PWY-6387: UDP-N-acetylmuramoyl-pentapeptide biosynthesis I (meso-diaminopimelate containing)|g__Bacteroides.s__Bacteroides_dorei	1.13285e-06
PWY-6387: UDP-N-acetylmuramoyl-pentapeptide biosynthesis I (meso-diaminopimelate containing)|g__Anaeromassilibacillus.s__Anaeromassilibacillus_sp_An250	1.0466e-06
PWY-6387: UDP-N-acetylmuramoyl-pentapeptide biosynthesis I (meso-diaminopimelate containing)|g__Asaccharobacter.s__Asaccharobacter_celatus	1.02633e-06
PWY-6387: UDP-N-acetylmuramoyl-pentapeptide biosynthesis I (meso-diaminopimelate containing)|g__Streptococcus.s__Streptococcus_sp_A12	9.84581e-07
PWY-6387: UDP-N-acetylmuramoyl-pentapeptide biosynthesis I (meso-diaminopimelate containing)|g__Blautia.s__Blautia_sp	9.46683e-07
PWY-6387: UDP-N-acetylmuramoyl-pentapeptide biosynthesis I (meso-diaminopimelate containing)|g__Streptococcus.s__Streptococcus_salivarius	9.0017e-07
PWY-6387: UDP-N-acetylmuramoyl-pentapeptide biosynthesis I (meso-diaminopimelate containing)|g__Firmicutes_unclassified.s__Firmicutes_bacterium_CAG_94	8.57154e-07
PWY-6387: UDP-N-acetylmuramoyl-pentapeptide biosynthesis I (meso-diaminopimelate containing)|g__Adlercreutzia.s__Adlercreutzia_equolifaciens	6.47276e-07
PWY-6387: UDP-N-acetylmuramoyl-pentapeptide biosynthesis I (meso-diaminopimelate containing)|g__Butyricimonas.s__Butyricimonas_synergistica	6.25362e-07
PWY-6387: UDP-N-acetylmuramoyl-pentapeptide biosynthesis I (meso-diaminopimelate containing)|g__Intestinibacter.s__Intestinibacter_bartlettii	6.07693e-07
PWY-6387: UDP-N-acetylmuramoyl-pentapeptide biosynthesis I (meso-diaminopimelate containing)|g__Bacteroides.s__Bacteroides_faecis	5.65214e-07
PWY-6387: UDP-N-acetylmuramoyl-pentapeptide biosynthesis I (meso-diaminopimelate containing)|g__Bacteroides.s__Bacteroides_ovatus	5.58258e-07
PWY-6387: UDP-N-acetylmuramoyl-pentapeptide biosynthesis I (meso-diaminopimelate containing)|g__Blautia.s__Blautia_sp_CAG_52	5.39945e-07
PWY-6387: UDP-N-acetylmuramoyl-pentapeptide biosynthesis I (meso-diaminopimelate containing)|g__Actinomyces.s__Actinomyces_naeslundii	5.21603e-07
PWY-6387: UDP-N-acetylmuramoyl-pentapeptide biosynthesis I (meso-diaminopimelate containing)|g__Alistipes.s__Alistipes_onderdonkii	5.01161e-07
PWY-6387: UDP-N-acetylmuramoyl-pentapeptide biosynthesis I (meso-diaminopimelate containing)|g__Bifidobacterium.s__Bifidobacterium_longum	4.82775e-07
PWY-6387: UDP-N-acetylmuramoyl-pentapeptide biosynthesis I (meso-diaminopimelate containing)|g__Parabacteroides.s__Parabacteroides_goldsteinii	4.78051e-07
PWY-6387: UDP-N-acetylmuramoyl-pentapeptide biosynthesis I (meso-diaminopimelate containing)|g__Bacteroides.s__Bacteroides_thetaiotaomicron	3.87951e-07
PWY-6387: UDP-N-acetylmuramoyl-pentapeptide biosynthesis I (meso-diaminopimelate containing)|g__Bifidobacterium.s__Bifidobacterium_adolescentis	3.73455e-07
PWY-6387: UDP-N-acetylmuramoyl-pentapeptide biosynthesis I (meso-diaminopimelate containing)|g__Streptococcus.s__Streptococcus_pneumoniae	3.3019e-07
PWY-6387: UDP-N-acetylmuramoyl-pentapeptide biosynthesis I (meso-diaminopimelate containing)|g__Bacteroides.s__Bacteroides_fragilis	3.22466e-07
PWY-6387: UDP-N-acetylmuramoyl-pentapeptide biosynthesis I (meso-diaminopimelate containing)|g__Ruminococcus.s__Ruminococcus_sp_AF31_8BH	1.36642e-07
PWY-6387: UDP-N-acetylmuramoyl-pentapeptide biosynthesis I (meso-diaminopimelate containing)|g__Streptococcus.s__Streptococcus_australis	1.16568e-07
PEPTIDOGLYCANSYN-PWY: peptidoglycan biosynthesis I (meso-diaminopimelate containing)	0.000660122
PEPTIDOGLYCANSYN-PWY: peptidoglycan biosynthesis I (meso-diaminopimelate containing)|unclassified	0.000172841
PEPTIDOGLYCANSYN-PWY: peptidoglycan biosynthesis I (meso-diaminopimelate containing)|g__Bacteroides.s__Bacteroides_uniformis	5.41543e-05
PEPTIDOGLYCANSYN-PWY: peptidoglycan biosynthesis I (meso-diaminopimelate containing)|g__Akkermansia.s__Akkermansia_muciniphila	3.86422e-05
PEPTIDOGLYCANSYN-PWY: peptidoglycan biosynthesis I (meso-diaminopimelate containing)|g__Clostridium.s__Clostridium_sp_CAG_798	3.49946e-05
PEPTIDOGLYCANSYN-PWY: peptidoglycan biosynthesis I (meso-diaminopimelate containing)|g__Blautia.s__Blautia_obeum	2.86737e-05
PEPTIDOGLYCANSYN-PWY: peptidoglycan biosynthesis I (meso-diaminopimelate containing)|g__Alistipes.s__Alistipes_finegoldii	2.67241e-05
PEPTIDOGLYCANSYN-PWY: peptidoglycan biosynthesis I (meso-diaminopimelate containing)|g__Faecalibacterium.s__Faecalibacterium_prausnitzii	2.08985e-05
PEPTIDOGLYCANSYN-PWY: peptidoglycan biosynthesis I (meso-diaminopimelate containing)|g__Anaerostipes.s__Anaerostipes_hadrus	1.53558e-05
PEPTIDOGLYCANSYN-PWY: peptidoglycan biosynthesis I (meso-diaminopimelate containing)|g__Clostridium.s__Clostridium_sp_CAG_354	1.5074e-05
PEPTIDOGLYCANSYN-PWY: peptidoglycan biosynthesis I (meso-diaminopimelate containing)|g__Bacteroides.s__Bacteroides_vulgatus	1.31988e-05
PEPTIDOGLYCANSYN-PWY: peptidoglycan biosynthesis I (meso-diaminopimelate containing)|g__Senegalimassilia.s__Senegalimassilia_anaerobia	1.24219e-05
PEPTIDOGLYCANSYN-PWY: peptidoglycan biosynthesis I (meso-diaminopimelate containing)|g__Eubacterium.s__Eubacterium_hallii	9.16512e-06
PEPTIDOGLYCANSYN-PWY: peptidoglycan biosynthesis I (meso-diaminopimelate containing)|g__Blautia.s__Ruminococcus_torques	8.83621e-06
PEPTIDOGLYCANSYN-PWY: peptidoglycan biosynthesis I (meso-diaminopimelate containing)|g__Bacteroides.s__Bacteroides_salyersiae	7.73857e-06
PEPTIDOGLYCANSYN-PWY: peptidoglycan biosynthesis I (meso-diaminopimelate containing)|g__Bifidobacterium.s__Bifidobacterium_catenulatum	7.71043e-06
PEPTIDOGLYCANSYN-PWY: peptidoglycan biosynthesis I (meso-diaminopimelate containing)|g__Fusicatenibacter.s__Fusicatenibacter_saccharivorans	7.25467e-06
PEPTIDOGLYCANSYN-PWY: peptidoglycan biosynthesis I (meso-diaminopimelate containing)|g__Firmicutes_unclassified.s__Firmicutes_bacterium_CAG_114	6.25221e-06
PEPTIDOGLYCANSYN-PWY: peptidoglycan biosynthesis I (meso-diaminopimelate containing)|g__Bifidobacterium.s__Bifidobacterium_bifidum	5.9159e-06
PEPTIDOGLYCANSYN-PWY: peptidoglycan biosynthesis I (meso-diaminopimelate containing)|g__Barnesiella.s__Barnesiella_intestinihominis	5.72254e-06
PEPTIDOGLYCANSYN-PWY: peptidoglycan biosynthesis I (meso-diaminopimelate containing)|g__Collinsella.s__Collinsella_aerofaciens	5.15316e-06
PEPTIDOGLYCANSYN-PWY: peptidoglycan biosynthesis I (meso-diaminopimelate containing)|g__Streptococcus.s__Streptococcus_thermophilus	5.1029e-06
PEPTIDOGLYCANSYN-PWY: peptidoglycan biosynthesis I (meso-diaminopimelate containing)|g__Bacteroides.s__Bacteroides_caccae	4.72572e-06
PEPTIDOGLYCANSYN-PWY: peptidoglycan biosynthesis I (meso-diaminopimelate containing)|g__Oscillibacter.s__Oscillibacter_sp_57_20	4.70911e-06
PEPTIDOGLYCANSYN-PWY: peptidoglycan biosynthesis I (meso-diaminopimelate containing)|g__Bacteroides.s__Bacteroides_massiliensis	4.69146e-06
PEPTIDOGLYCANSYN-PWY: peptidoglycan biosynthesis I (meso-diaminopimelate containing)|g__Phascolarctobacterium.s__Phascolarctobacterium_faecium	4.58036e-06
PEPTIDOGLYCANSYN-PWY: peptidoglycan biosynthesis I (meso-diaminopimelate containing)|g__Dorea.s__Dorea_longicatena	4.11774e-06
PEPTIDOGLYCANSYN-PWY: peptidoglycan biosynthesis I (meso-diaminopimelate containing)|g__Bacteroides.s__Bacteroides_cellulosilyticus	4.05107e-06
PEPTIDOGLYCANSYN-PWY: peptidoglycan biosynthesis I (meso-diaminopimelate containing)|g__Eubacterium.s__Eubacterium_eligens	3.6443e-06
PEPTIDOGLYCANSYN-PWY: peptidoglycan biosynthesis I (meso-diaminopimelate containing)|g__Blautia.s__Blautia_wexlerae	3.28144e-06
PEPTIDOGLYCANSYN-PWY: peptidoglycan biosynthesis I (meso-diaminopimelate containing)|g__Ruminococcus.s__Ruminococcus_bicirculans	3.1989e-06
PEPTIDOGLYCANSYN-PWY: peptidoglycan biosynthesis I (meso-diaminopimelate containing)|g__Parabacteroides.s__Parabacteroides_distasonis	3.16527e-06
PEPTIDOGLYCANSYN-PWY: peptidoglycan biosynthesis I (meso-diaminopimelate containing)|g__Gordonibacter.s__Gordonibacter_urolithinfaciens	3.10007e-06
PEPTIDOGLYCANSYN-PWY: peptidoglycan biosynthesis I (meso-diaminopimelate containing)|g__Ruthenibacterium.s__Ruthenibacterium_lactatiformans	3.02448e-06
PEPTIDOGLYCANSYN-PWY: peptidoglycan biosynthesis I (meso-diaminopimelate containing)|g__Alistipes.s__Alistipes_indistinctus	2.88212e-06
PEPTIDOGLYCANSYN-PWY: peptidoglycan biosynthesis I (meso-diaminopimelate containing)|g__Subdoligranulum.s__Subdoligranulum_sp_APC924_74	2.498e-06
PEPTIDOGLYCANSYN-PWY: peptidoglycan biosynthesis I (meso-diaminopimelate containing)|g__Coprococcus.s__Coprococcus_catus	2.26134e-06
PEPTIDOGLYCANSYN-PWY: peptidoglycan biosynthesis I (meso-diaminopimelate containing)|g__Roseburia.s__Roseburia_sp_CAG_380	2.17031e-06
PEPTIDOGLYCANSYN-PWY: peptidoglycan biosynthesis I (meso-diaminopimelate containing)|g__Lachnospiraceae_unclassified.s__Eubacterium_rectale	2.16922e-06
PEPTIDOGLYCANSYN-PWY: peptidoglycan biosynthesis I (meso-diaminopimelate containing)|g__Lachnospira.s__Lachnospira_pectinoschiza	2.14082e-06
PEPTIDOGLYCANSYN-PWY: peptidoglycan biosynthesis I (meso-diaminopimelate containing)|g__Eisenbergiella.s__Eisenbergiella_tayi	1.73786e-06
PEPTIDOGLYCANSYN-PWY: peptidoglycan biosynthesis I (meso-diaminopimelate containing)|g__Parabacteroides.s__Parabacteroides_merdae	1.7162e-06
PEPTIDOGLYCANSYN-PWY: peptidoglycan biosynthesis I (meso-diaminopimelate containing)|g__Eggerthella.s__Eggerthella_sp_CAG_298	1.65626e-06
PEPTIDOGLYCANSYN-PWY: peptidoglycan biosynthesis I (meso-diaminopimelate containing)|g__Firmicutes_unclassified.s__Firmicutes_bacterium_CAG_110	1.60509e-06
PEPTIDOGLYCANSYN-PWY: peptidoglycan biosynthesis I (meso-diaminopimelate containing)|g__Gemmiger.s__Gemmiger_formicilis	1.58568e-06
PEPTIDOGLYCANSYN-PWY: peptidoglycan biosynthesis I (meso-diaminopimelate containing)|g__Clostridium.s__Clostridium_sp_CAG_58	1.48127e-06
PEPTIDOGLYCANSYN-PWY: peptidoglycan biosynthesis I (meso-diaminopimelate containing)|g__Butyricimonas.s__Butyricimonas_virosa	1.39758e-06
PEPTIDOGLYCANSYN-PWY: peptidoglycan biosynthesis I (meso-diaminopimelate containing)|g__Flavonifractor.s__Flavonifractor_plautii	1.39666e-06
PEPTIDOGLYCANSYN-PWY: peptidoglycan biosynthesis I (meso-diaminopimelate containing)|g__Bilophila.s__Bilophila_wadsworthia	1.34497e-06
PEPTIDOGLYCANSYN-PWY: peptidoglycan biosynthesis I (meso-diaminopimelate containing)|g__Eubacterium.s__Eubacterium_ramulus	1.27547e-06
PEPTIDOGLYCANSYN-PWY: peptidoglycan biosynthesis I (meso-diaminopimelate containing)|g__Bacteroides.s__Bacteroides_dorei	1.05226e-06
PEPTIDOGLYCANSYN-PWY: peptidoglycan biosynthesis I (meso-diaminopimelate containing)|g__Asaccharobacter.s__Asaccharobacter_celatus	1.04204e-06
PEPTIDOGLYCANSYN-PWY: peptidoglycan biosynthesis I (meso-diaminopimelate containing)|g__Streptococcus.s__Streptococcus_sp_A12	1.03636e-06
PEPTIDOGLYCANSYN-PWY: peptidoglycan biosynthesis I (meso-diaminopimelate containing)|g__Streptococcus.s__Streptococcus_salivarius	9.79251e-07
PEPTIDOGLYCANSYN-PWY: peptidoglycan biosynthesis I (meso-diaminopimelate containing)|g__Blautia.s__Blautia_sp	9.60191e-07
PEPTIDOGLYCANSYN-PWY: peptidoglycan biosynthesis I (meso-diaminopimelate containing)|g__Firmicutes_unclassified.s__Firmicutes_bacterium_CAG_94	9.24336e-07
PEPTIDOGLYCANSYN-PWY: peptidoglycan biosynthesis I (meso-diaminopimelate containing)|g__Anaeromassilibacillus.s__Anaeromassilibacillus_sp_An250	9.22591e-07
PEPTIDOGLYCANSYN-PWY: peptidoglycan biosynthesis I (meso-diaminopimelate containing)|g__Adlercreutzia.s__Adlercreutzia_equolifaciens	6.89375e-07
PEPTIDOGLYCANSYN-PWY: peptidoglycan biosynthesis I (meso-diaminopimelate containing)|g__Butyricimonas.s__Butyricimonas_synergistica	6.64106e-07
PEPTIDOGLYCANSYN-PWY: peptidoglycan biosynthesis I (meso-diaminopimelate containing)|g__Intestinibacter.s__Intestinibacter_bartlettii	6.52876e-07
PEPTIDOGLYCANSYN-PWY: peptidoglycan biosynthesis I (meso-diaminopimelate containing)|g__Alistipes.s__Alistipes_onderdonkii	5.85948e-07
PEPTIDOGLYCANSYN-PWY: peptidoglycan biosynthesis I (meso-diaminopimelate containing)|g__Bacteroides.s__Bacteroides_faecis	5.53584e-07
PEPTIDOGLYCANSYN-PWY: peptidoglycan biosynthesis I (meso-diaminopimelate containing)|g__Actinomyces.s__Actinomyces_naeslundii	5.45657e-07
PEPTIDOGLYCANSYN-PWY: peptidoglycan biosynthesis I (meso-diaminopimelate containing)|g__Bacteroides.s__Bacteroides_ovatus	4.97577e-07
PEPTIDOGLYCANSYN-PWY: peptidoglycan biosynthesis I (meso-diaminopimelate containing)|g__Bifidobacterium.s__Bifidobacterium_longum	4.90996e-07
PEPTIDOGLYCANSYN-PWY: peptidoglycan biosynthesis I (meso-diaminopimelate containing)|g__Blautia.s__Blautia_sp_CAG_52	4.37294e-07
PEPTIDOGLYCANSYN-PWY: peptidoglycan biosynthesis I (meso-diaminopimelate containing)|g__Parabacteroides.s__Parabacteroides_goldsteinii	4.17856e-07
PEPTIDOGLYCANSYN-PWY: peptidoglycan biosynthesis I (meso-diaminopimelate containing)|g__Bifidobacterium.s__Bifidobacterium_adolescentis	3.97709e-07
PEPTIDOGLYCANSYN-PWY: peptidoglycan biosynthesis I (meso-diaminopimelate containing)|g__Bacteroides.s__Bacteroides_thetaiotaomicron	3.83109e-07
PEPTIDOGLYCANSYN-PWY: peptidoglycan biosynthesis I (meso-diaminopimelate containing)|g__Bacteroides.s__Bacteroides_fragilis	3.0572e-07
PEPTIDOGLYCANSYN-PWY: peptidoglycan biosynthesis I (meso-diaminopimelate containing)|g__Streptococcus.s__Streptococcus_pneumoniae	2.3738e-07
PEPTIDOGLYCANSYN-PWY: peptidoglycan biosynthesis I (meso-diaminopimelate containing)|g__Streptococcus.s__Streptococcus_australis	1.38131e-07
PEPTIDOGLYCANSYN-PWY: peptidoglycan biosynthesis I (meso-diaminopimelate containing)|g__Ruminococcus.s__Ruminococcus_sp_AF31_8BH	1.10487e-07
PWY-7238: sucrose biosynthesis II	0.000654626
PWY-7238: sucrose biosynthesis II|unclassified	0.000148789
PWY-7238: sucrose biosynthesis II|g__Blautia.s__Blautia_obeum	8.15078e-05
PWY-7238: sucrose biosynthesis II|g__Bacteroides.s__Bacteroides_uniformis	5.60439e-05
PWY-7238: sucrose biosynthesis II|g__Faecalibacterium.s__Faecalibacterium_prausnitzii	5.52776e-05
PWY-7238: sucrose biosynthesis II|g__Dorea.s__Dorea_longicatena	1.95768e-05
PWY-7238: sucrose biosynthesis II|g__Firmicutes_unclassified.s__Firmicutes_bacterium_CAG_83	1.82244e-05
PWY-7238: sucrose biosynthesis II|g__Anaerostipes.s__Anaerostipes_hadrus	1.8107e-05
PWY-7238: sucrose biosynthesis II|g__Blautia.s__Ruminococcus_torques	1.59601e-05
PWY-7238: sucrose biosynthesis II|g__Bifidobacterium.s__Bifidobacterium_catenulatum	1.41378e-05
PWY-7238: sucrose biosynthesis II|g__Blautia.s__Blautia_wexlerae	1.40442e-05
PWY-7238: sucrose biosynthesis II|g__Ruminococcus.s__Ruminococcus_bromii	1.38489e-05
PWY-7238: sucrose biosynthesis II|g__Eubacterium.s__Eubacterium_hallii	1.36711e-05
PWY-7238: sucrose biosynthesis II|g__Fusicatenibacter.s__Fusicatenibacter_saccharivorans	8.87268e-06
PWY-7238: sucrose biosynthesis II|g__Bifidobacterium.s__Bifidobacterium_bifidum	7.98615e-06
PWY-7238: sucrose biosynthesis II|g__Collinsella.s__Collinsella_aerofaciens	7.80755e-06
PWY-7238: sucrose biosynthesis II|g__Lachnospiraceae_unclassified.s__Eubacterium_rectale	6.97289e-06
PWY-7238: sucrose biosynthesis II|g__Roseburia.s__Roseburia_sp_CAG_380	6.6312e-06
PWY-7238: sucrose biosynthesis II|g__Ruthenibacterium.s__Ruthenibacterium_lactatiformans	6.10801e-06
PWY-7238: sucrose biosynthesis II|g__Clostridium.s__Clostridium_sp_CAG_138	5.81837e-06
PWY-7238: sucrose biosynthesis II|g__Ruminococcus.s__Ruminococcus_bicirculans	4.89132e-06
PWY-7238: sucrose biosynthesis II|g__Bacteroides.s__Bacteroides_cellulosilyticus	4.31523e-06
PWY-7238: sucrose biosynthesis II|g__Eubacterium.s__Eubacterium_eligens	4.18187e-06
PWY-7238: sucrose biosynthesis II|g__Blautia.s__Blautia_sp	3.89271e-06
PWY-7238: sucrose biosynthesis II|g__Subdoligranulum.s__Subdoligranulum_sp_APC924_74	3.82664e-06
PWY-7238: sucrose biosynthesis II|g__Gemmiger.s__Gemmiger_formicilis	2.53552e-06
PWY-7238: sucrose biosynthesis II|g__Firmicutes_unclassified.s__Firmicutes_bacterium_CAG_110	2.51721e-06
PWY-7238: sucrose biosynthesis II|g__Lachnospira.s__Lachnospira_pectinoschiza	2.47218e-06
PWY-7238: sucrose biosynthesis II|g__Streptococcus.s__Streptococcus_thermophilus	2.41741e-06
PWY-7238: sucrose biosynthesis II|g__Coprococcus.s__Coprococcus_catus	2.28395e-06
PWY-7238: sucrose biosynthesis II|g__Eubacterium.s__Eubacterium_ramulus	2.19745e-06
PWY-7238: sucrose biosynthesis II|g__Streptococcus.s__Streptococcus_pneumoniae	2.02671e-06
PWY-7238: sucrose biosynthesis II|g__Firmicutes_unclassified.s__Firmicutes_bacterium_CAG_94	1.98244e-06
PWY-7238: sucrose biosynthesis II|g__Bifidobacterium.s__Bifidobacterium_adolescentis	1.92131e-06
PWY-7238: sucrose biosynthesis II|g__Eisenbergiella.s__Eisenbergiella_tayi	1.72455e-06
PWY-7238: sucrose biosynthesis II|g__Anaeromassilibacillus.s__Anaeromassilibacillus_sp_An250	1.68513e-06
PWY-7238: sucrose biosynthesis II|g__Clostridium.s__Clostridium_sp_CAG_58	1.60416e-06
PWY-7238: sucrose biosynthesis II|g__Bacteroides.s__Bacteroides_intestinalis	1.49914e-06
PWY-7238: sucrose biosynthesis II|g__Flavonifractor.s__Flavonifractor_plautii	1.29764e-06
PWY-7238: sucrose biosynthesis II|g__Actinomyces.s__Actinomyces_sp_HPA0247	1.28699e-06
PWY-7238: sucrose biosynthesis II|g__Alistipes.s__Alistipes_shahii	1.22428e-06
PWY-7238: sucrose biosynthesis II|g__Dorea.s__Dorea_formicigenerans	1.19574e-06
PWY-7238: sucrose biosynthesis II|g__Intestinibacter.s__Intestinibacter_bartlettii	1.13091e-06
PWY-7238: sucrose biosynthesis II|g__Ruminococcaceae_unclassified.s__Eubacterium_siraeum	9.6606e-07
PWY-7238: sucrose biosynthesis II|g__Streptococcus.s__Streptococcus_oralis	9.59739e-07
PWY-7238: sucrose biosynthesis II|g__Blautia.s__Blautia_sp_CAG_52	9.09839e-07
PWY-7238: sucrose biosynthesis II|g__Streptococcus.s__Streptococcus_australis	8.69864e-07
PWY-7238: sucrose biosynthesis II|g__Streptococcus.s__Streptococcus_salivarius	7.94542e-07
PWY-7238: sucrose biosynthesis II|g__Streptococcus.s__Streptococcus_parasanguinis	7.70668e-07
PWY-7238: sucrose biosynthesis II|g__Bifidobacterium.s__Bifidobacterium_longum	7.44818e-07
PWY-7238: sucrose biosynthesis II|g__Lactococcus.s__Lactococcus_lactis	6.70614e-07
PWY-7238: sucrose biosynthesis II|g__Ruminococcaceae_unclassified.s__Ruminococcaceae_bacterium_D5	6.5865e-07
PWY-7238: sucrose biosynthesis II|g__Blautia.s__Blautia_hydrogenotrophica	6.54893e-07
PWY-7238: sucrose biosynthesis II|g__Roseburia.s__Roseburia_intestinalis	6.33952e-07
PWY-7238: sucrose biosynthesis II|g__Bacteroides.s__Bacteroides_thetaiotaomicron	5.54862e-07
PWY-7238: sucrose biosynthesis II|g__Ruminococcus.s__Ruminococcus_callidus	5.41407e-07
PWY-7238: sucrose biosynthesis II|g__Clostridium.s__Clostridium_sp_CAG_242	5.29716e-07
PWY-7238: sucrose biosynthesis II|g__Actinomyces.s__Actinomyces_viscosus	5.11222e-07
PWY-7238: sucrose biosynthesis II|g__Streptococcus.s__Streptococcus_sp_A12	4.69239e-07
PWY-7238: sucrose biosynthesis II|g__Lawsonibacter.s__Lawsonibacter_asaccharolyticus	4.49994e-07
PWY-7238: sucrose biosynthesis II|g__Ruminococcaceae_unclassified.s__Clostridium_leptum	3.29362e-07
PWY-7238: sucrose biosynthesis II|g__Eubacterium.s__Eubacterium_maltosivorans	3.10138e-07
PWY-7238: sucrose biosynthesis II|g__Ruminococcus.s__Ruminococcus_sp_AF31_8BH	2.47299e-07
PWY-7238: sucrose biosynthesis II|g__Eubacterium.s__Eubacterium_limosum	2.32376e-07
PWY-7238: sucrose biosynthesis II|g__Actinomyces.s__Actinomyces_oris	2.30722e-07
PWY-7238: sucrose biosynthesis II|g__Bacteroides.s__Bacteroides_faecis	2.29326e-07
PWY-7238: sucrose biosynthesis II|g__Lachnoclostridium.s__Clostridium_citroniae	1.55362e-07
PWY-7238: sucrose biosynthesis II|g__Streptococcus.s__Streptococcus_pseudopneumoniae	1.39952e-07
PWY-7953: UDP-N-acetylmuramoyl-pentapeptide biosynthesis III (meso-diaminopimelate containing)	0.000653638
PWY-7953: UDP-N-acetylmuramoyl-pentapeptide biosynthesis III (meso-diaminopimelate containing)|unclassified	0.000164784
PWY-7953: UDP-N-acetylmuramoyl-pentapeptide biosynthesis III (meso-diaminopimelate containing)|g__Bacteroides.s__Bacteroides_uniformis	5.27927e-05
PWY-7953: UDP-N-acetylmuramoyl-pentapeptide biosynthesis III (meso-diaminopimelate containing)|g__Akkermansia.s__Akkermansia_muciniphila	3.75472e-05
PWY-7953: UDP-N-acetylmuramoyl-pentapeptide biosynthesis III (meso-diaminopimelate containing)|g__Clostridium.s__Clostridium_sp_CAG_798	3.52863e-05
PWY-7953: UDP-N-acetylmuramoyl-pentapeptide biosynthesis III (meso-diaminopimelate containing)|g__Blautia.s__Blautia_obeum	2.98789e-05
PWY-7953: UDP-N-acetylmuramoyl-pentapeptide biosynthesis III (meso-diaminopimelate containing)|g__Alistipes.s__Alistipes_finegoldii	2.13574e-05
PWY-7953: UDP-N-acetylmuramoyl-pentapeptide biosynthesis III (meso-diaminopimelate containing)|g__Anaerostipes.s__Anaerostipes_hadrus	1.48535e-05
PWY-7953: UDP-N-acetylmuramoyl-pentapeptide biosynthesis III (meso-diaminopimelate containing)|g__Clostridium.s__Clostridium_sp_CAG_354	1.40721e-05
PWY-7953: UDP-N-acetylmuramoyl-pentapeptide biosynthesis III (meso-diaminopimelate containing)|g__Senegalimassilia.s__Senegalimassilia_anaerobia	1.23514e-05
PWY-7953: UDP-N-acetylmuramoyl-pentapeptide biosynthesis III (meso-diaminopimelate containing)|g__Bacteroides.s__Bacteroides_vulgatus	1.20914e-05
PWY-7953: UDP-N-acetylmuramoyl-pentapeptide biosynthesis III (meso-diaminopimelate containing)|g__Eubacterium.s__Eubacterium_hallii	9.12291e-06
PWY-7953: UDP-N-acetylmuramoyl-pentapeptide biosynthesis III (meso-diaminopimelate containing)|g__Blautia.s__Ruminococcus_torques	8.81967e-06
PWY-7953: UDP-N-acetylmuramoyl-pentapeptide biosynthesis III (meso-diaminopimelate containing)|g__Bacteroides.s__Bacteroides_salyersiae	7.47245e-06
PWY-7953: UDP-N-acetylmuramoyl-pentapeptide biosynthesis III (meso-diaminopimelate containing)|g__Fusicatenibacter.s__Fusicatenibacter_saccharivorans	7.00117e-06
PWY-7953: UDP-N-acetylmuramoyl-pentapeptide biosynthesis III (meso-diaminopimelate containing)|g__Bifidobacterium.s__Bifidobacterium_bifidum	5.61697e-06
PWY-7953: UDP-N-acetylmuramoyl-pentapeptide biosynthesis III (meso-diaminopimelate containing)|g__Dorea.s__Dorea_longicatena	4.59074e-06
PWY-7953: UDP-N-acetylmuramoyl-pentapeptide biosynthesis III (meso-diaminopimelate containing)|g__Streptococcus.s__Streptococcus_thermophilus	4.5814e-06
PWY-7953: UDP-N-acetylmuramoyl-pentapeptide biosynthesis III (meso-diaminopimelate containing)|g__Phascolarctobacterium.s__Phascolarctobacterium_faecium	4.47497e-06
PWY-7953: UDP-N-acetylmuramoyl-pentapeptide biosynthesis III (meso-diaminopimelate containing)|g__Bacteroides.s__Bacteroides_caccae	4.45339e-06
PWY-7953: UDP-N-acetylmuramoyl-pentapeptide biosynthesis III (meso-diaminopimelate containing)|g__Bacteroides.s__Bacteroides_massiliensis	4.04046e-06
PWY-7953: UDP-N-acetylmuramoyl-pentapeptide biosynthesis III (meso-diaminopimelate containing)|g__Eubacterium.s__Eubacterium_eligens	3.3285e-06
PWY-7953: UDP-N-acetylmuramoyl-pentapeptide biosynthesis III (meso-diaminopimelate containing)|g__Ruminococcus.s__Ruminococcus_bicirculans	3.2719e-06
PWY-7953: UDP-N-acetylmuramoyl-pentapeptide biosynthesis III (meso-diaminopimelate containing)|g__Gordonibacter.s__Gordonibacter_urolithinfaciens	3.26565e-06
PWY-7953: UDP-N-acetylmuramoyl-pentapeptide biosynthesis III (meso-diaminopimelate containing)|g__Blautia.s__Blautia_wexlerae	2.97256e-06
PWY-7953: UDP-N-acetylmuramoyl-pentapeptide biosynthesis III (meso-diaminopimelate containing)|g__Parabacteroides.s__Parabacteroides_distasonis	2.94449e-06
PWY-7953: UDP-N-acetylmuramoyl-pentapeptide biosynthesis III (meso-diaminopimelate containing)|g__Ruthenibacterium.s__Ruthenibacterium_lactatiformans	2.90075e-06
PWY-7953: UDP-N-acetylmuramoyl-pentapeptide biosynthesis III (meso-diaminopimelate containing)|g__Bacteroides.s__Bacteroides_cellulosilyticus	2.68063e-06
PWY-7953: UDP-N-acetylmuramoyl-pentapeptide biosynthesis III (meso-diaminopimelate containing)|g__Coprococcus.s__Coprococcus_catus	2.54427e-06
PWY-7953: UDP-N-acetylmuramoyl-pentapeptide biosynthesis III (meso-diaminopimelate containing)|g__Lachnospira.s__Lachnospira_pectinoschiza	2.25798e-06
PWY-7953: UDP-N-acetylmuramoyl-pentapeptide biosynthesis III (meso-diaminopimelate containing)|g__Lachnospiraceae_unclassified.s__Eubacterium_rectale	1.89206e-06
PWY-7953: UDP-N-acetylmuramoyl-pentapeptide biosynthesis III (meso-diaminopimelate containing)|g__Alistipes.s__Alistipes_indistinctus	1.8821e-06
PWY-7953: UDP-N-acetylmuramoyl-pentapeptide biosynthesis III (meso-diaminopimelate containing)|g__Clostridium.s__Clostridium_sp_CAG_58	1.56895e-06
PWY-7953: UDP-N-acetylmuramoyl-pentapeptide biosynthesis III (meso-diaminopimelate containing)|g__Flavonifractor.s__Flavonifractor_plautii	1.50325e-06
PWY-7953: UDP-N-acetylmuramoyl-pentapeptide biosynthesis III (meso-diaminopimelate containing)|g__Eisenbergiella.s__Eisenbergiella_tayi	1.50229e-06
PWY-7953: UDP-N-acetylmuramoyl-pentapeptide biosynthesis III (meso-diaminopimelate containing)|g__Bacteroides.s__Bacteroides_dorei	1.46549e-06
PWY-7953: UDP-N-acetylmuramoyl-pentapeptide biosynthesis III (meso-diaminopimelate containing)|g__Parabacteroides.s__Parabacteroides_merdae	1.3842e-06
PWY-7953: UDP-N-acetylmuramoyl-pentapeptide biosynthesis III (meso-diaminopimelate containing)|g__Bilophila.s__Bilophila_wadsworthia	1.29221e-06
PWY-7953: UDP-N-acetylmuramoyl-pentapeptide biosynthesis III (meso-diaminopimelate containing)|g__Eubacterium.s__Eubacterium_ramulus	1.16922e-06
PWY-7953: UDP-N-acetylmuramoyl-pentapeptide biosynthesis III (meso-diaminopimelate containing)|g__Butyricimonas.s__Butyricimonas_virosa	1.12474e-06
PWY-7953: UDP-N-acetylmuramoyl-pentapeptide biosynthesis III (meso-diaminopimelate containing)|g__Lactococcus.s__Lactococcus_lactis	1.01318e-06
PWY-7953: UDP-N-acetylmuramoyl-pentapeptide biosynthesis III (meso-diaminopimelate containing)|g__Blautia.s__Blautia_sp	8.90001e-07
PWY-7953: UDP-N-acetylmuramoyl-pentapeptide biosynthesis III (meso-diaminopimelate containing)|g__Streptococcus.s__Streptococcus_salivarius	6.769e-07
PWY-7953: UDP-N-acetylmuramoyl-pentapeptide biosynthesis III (meso-diaminopimelate containing)|g__Butyricimonas.s__Butyricimonas_synergistica	6.22435e-07
PWY-7953: UDP-N-acetylmuramoyl-pentapeptide biosynthesis III (meso-diaminopimelate containing)|g__Bacteroides.s__Bacteroides_faecis	5.36292e-07
PWY-7953: UDP-N-acetylmuramoyl-pentapeptide biosynthesis III (meso-diaminopimelate containing)|g__Bacteroides.s__Bacteroides_ovatus	4.82257e-07
PWY-7953: UDP-N-acetylmuramoyl-pentapeptide biosynthesis III (meso-diaminopimelate containing)|g__Alistipes.s__Alistipes_onderdonkii	4.43416e-07
PWY-7953: UDP-N-acetylmuramoyl-pentapeptide biosynthesis III (meso-diaminopimelate containing)|g__Bacteroides.s__Bacteroides_thetaiotaomicron	3.18879e-07
PWY-7953: UDP-N-acetylmuramoyl-pentapeptide biosynthesis III (meso-diaminopimelate containing)|g__Streptococcus.s__Streptococcus_pneumoniae	3.07954e-07
PWY-7953: UDP-N-acetylmuramoyl-pentapeptide biosynthesis III (meso-diaminopimelate containing)|g__Bacteroides.s__Bacteroides_fragilis	1.85371e-07
PWY-7953: UDP-N-acetylmuramoyl-pentapeptide biosynthesis III (meso-diaminopimelate containing)|g__Ruminococcus.s__Ruminococcus_sp_AF31_8BH	1.28374e-07
PWY-1042: glycolysis IV	0.000651278
PWY-1042: glycolysis IV|unclassified	0.000139451
PWY-1042: glycolysis IV|g__Faecalibacterium.s__Faecalibacterium_prausnitzii	3.17397e-05
PWY-1042: glycolysis IV|g__Anaerostipes.s__Anaerostipes_hadrus	2.63461e-05
PWY-1042: glycolysis IV|g__Bacteroides.s__Bacteroides_vulgatus	1.60521e-05
PWY-1042: glycolysis IV|g__Blautia.s__Blautia_obeum	1.45273e-05
PWY-1042: glycolysis IV|g__Eubacterium.s__Eubacterium_hallii	1.30932e-05
PWY-1042: glycolysis IV|g__Blautia.s__Ruminococcus_torques	1.29683e-05
PWY-1042: glycolysis IV|g__Blautia.s__Blautia_wexlerae	1.10938e-05
PWY-1042: glycolysis IV|g__Bacteroides.s__Bacteroides_salyersiae	8.78809e-06
PWY-1042: glycolysis IV|g__Fusicatenibacter.s__Fusicatenibacter_saccharivorans	7.99292e-06
PWY-1042: glycolysis IV|g__Bacteroides.s__Bacteroides_massiliensis	7.4594e-06
PWY-1042: glycolysis IV|g__Dorea.s__Dorea_longicatena	7.29882e-06
PWY-1042: glycolysis IV|g__Bacteroides.s__Bacteroides_caccae	5.67937e-06
PWY-1042: glycolysis IV|g__Collinsella.s__Collinsella_aerofaciens	4.68852e-06
PWY-1042: glycolysis IV|g__Roseburia.s__Roseburia_sp_CAG_380	4.68692e-06
PWY-1042: glycolysis IV|g__Streptococcus.s__Streptococcus_thermophilus	4.57658e-06
PWY-1042: glycolysis IV|g__Blautia.s__Blautia_sp	4.48924e-06
PWY-1042: glycolysis IV|g__Lachnospiraceae_unclassified.s__Eubacterium_rectale	4.41532e-06
PWY-1042: glycolysis IV|g__Eubacterium.s__Eubacterium_eligens	4.37397e-06
PWY-1042: glycolysis IV|g__Coprococcus.s__Coprococcus_catus	3.83205e-06
PWY-1042: glycolysis IV|g__Ruminococcus.s__Ruminococcus_bicirculans	3.41644e-06
PWY-1042: glycolysis IV|g__Ruthenibacterium.s__Ruthenibacterium_lactatiformans	2.87163e-06
PWY-1042: glycolysis IV|g__Bacteroides.s__Bacteroides_dorei	2.71229e-06
PWY-1042: glycolysis IV|g__Flavonifractor.s__Flavonifractor_plautii	2.24767e-06
PWY-1042: glycolysis IV|g__Alistipes.s__Alistipes_shahii	2.17935e-06
PWY-1042: glycolysis IV|g__Clostridium.s__Clostridium_sp_CAG_58	1.62614e-06
PWY-1042: glycolysis IV|g__Streptococcus.s__Streptococcus_sp_A12	1.47195e-06
PWY-1042: glycolysis IV|g__Streptococcus.s__Streptococcus_australis	1.44107e-06
PWY-1042: glycolysis IV|g__Lactococcus.s__Lactococcus_lactis	1.16681e-06
PWY-1042: glycolysis IV|g__Butyricimonas.s__Butyricimonas_virosa	1.12969e-06
PWY-1042: glycolysis IV|g__Bacteroides.s__Bacteroides_cellulosilyticus	1.04993e-06
PWY-1042: glycolysis IV|g__Eisenbergiella.s__Eisenbergiella_tayi	1.04253e-06
PWY-1042: glycolysis IV|g__Streptococcus.s__Streptococcus_pneumoniae	9.13285e-07
PWY-1042: glycolysis IV|g__Dorea.s__Dorea_formicigenerans	8.46613e-07
PWY-1042: glycolysis IV|g__Intestinibacter.s__Intestinibacter_bartlettii	7.93105e-07
PWY-1042: glycolysis IV|g__Bacteroides.s__Bacteroides_fragilis	5.66354e-07
PWY-1042: glycolysis IV|g__Streptococcus.s__Streptococcus_salivarius	5.13803e-07
PWY-1042: glycolysis IV|g__Ruminococcus.s__Ruminococcus_sp_AF31_8BH	3.63103e-07
PWY-6385: peptidoglycan biosynthesis III (mycobacteria)	0.000647316
PWY-6385: peptidoglycan biosynthesis III (mycobacteria)|unclassified	0.000166684
PWY-6385: peptidoglycan biosynthesis III (mycobacteria)|g__Bacteroides.s__Bacteroides_uniformis	5.80917e-05
PWY-6385: peptidoglycan biosynthesis III (mycobacteria)|g__Clostridium.s__Clostridium_sp_CAG_798	3.37399e-05
PWY-6385: peptidoglycan biosynthesis III (mycobacteria)|g__Blautia.s__Blautia_obeum	2.59578e-05
PWY-6385: peptidoglycan biosynthesis III (mycobacteria)|g__Alistipes.s__Alistipes_finegoldii	2.35907e-05
PWY-6385: peptidoglycan biosynthesis III (mycobacteria)|g__Anaerostipes.s__Anaerostipes_hadrus	1.46678e-05
PWY-6385: peptidoglycan biosynthesis III (mycobacteria)|g__Bacteroides.s__Bacteroides_vulgatus	1.26848e-05
PWY-6385: peptidoglycan biosynthesis III (mycobacteria)|g__Senegalimassilia.s__Senegalimassilia_anaerobia	1.18211e-05
PWY-6385: peptidoglycan biosynthesis III (mycobacteria)|g__Bifidobacterium.s__Bifidobacterium_catenulatum	9.17869e-06
PWY-6385: peptidoglycan biosynthesis III (mycobacteria)|g__Blautia.s__Ruminococcus_torques	8.83621e-06
PWY-6385: peptidoglycan biosynthesis III (mycobacteria)|g__Bacteroides.s__Bacteroides_salyersiae	7.48538e-06
PWY-6385: peptidoglycan biosynthesis III (mycobacteria)|g__Fusicatenibacter.s__Fusicatenibacter_saccharivorans	6.87679e-06
PWY-6385: peptidoglycan biosynthesis III (mycobacteria)|g__Bifidobacterium.s__Bifidobacterium_bifidum	5.57185e-06
PWY-6385: peptidoglycan biosynthesis III (mycobacteria)|g__Collinsella.s__Collinsella_aerofaciens	5.25607e-06
PWY-6385: peptidoglycan biosynthesis III (mycobacteria)|g__Bacteroides.s__Bacteroides_caccae	4.9968e-06
PWY-6385: peptidoglycan biosynthesis III (mycobacteria)|g__Streptococcus.s__Streptococcus_thermophilus	4.82491e-06
PWY-6385: peptidoglycan biosynthesis III (mycobacteria)|g__Phascolarctobacterium.s__Phascolarctobacterium_faecium	4.72303e-06
PWY-6385: peptidoglycan biosynthesis III (mycobacteria)|g__Bacteroides.s__Bacteroides_massiliensis	4.30963e-06
PWY-6385: peptidoglycan biosynthesis III (mycobacteria)|g__Bacteroides.s__Bacteroides_cellulosilyticus	4.16032e-06
PWY-6385: peptidoglycan biosynthesis III (mycobacteria)|g__Lachnospiraceae_unclassified.s__Eubacterium_rectale	3.66863e-06
PWY-6385: peptidoglycan biosynthesis III (mycobacteria)|g__Ruminococcus.s__Ruminococcus_bicirculans	3.49462e-06
PWY-6385: peptidoglycan biosynthesis III (mycobacteria)|g__Eubacterium.s__Eubacterium_eligens	3.41428e-06
PWY-6385: peptidoglycan biosynthesis III (mycobacteria)|g__Parabacteroides.s__Parabacteroides_distasonis	3.28763e-06
PWY-6385: peptidoglycan biosynthesis III (mycobacteria)|g__Gordonibacter.s__Gordonibacter_urolithinfaciens	3.02852e-06
PWY-6385: peptidoglycan biosynthesis III (mycobacteria)|g__Eubacterium.s__Eubacterium_hallii	3.00609e-06
PWY-6385: peptidoglycan biosynthesis III (mycobacteria)|g__Alistipes.s__Alistipes_indistinctus	2.9336e-06
PWY-6385: peptidoglycan biosynthesis III (mycobacteria)|g__Ruthenibacterium.s__Ruthenibacterium_lactatiformans	2.90751e-06
PWY-6385: peptidoglycan biosynthesis III (mycobacteria)|g__Blautia.s__Blautia_wexlerae	2.74161e-06
PWY-6385: peptidoglycan biosynthesis III (mycobacteria)|g__Lachnospira.s__Lachnospira_pectinoschiza	2.2405e-06
PWY-6385: peptidoglycan biosynthesis III (mycobacteria)|g__Parabacteroides.s__Parabacteroides_merdae	1.78723e-06
PWY-6385: peptidoglycan biosynthesis III (mycobacteria)|g__Eisenbergiella.s__Eisenbergiella_tayi	1.53721e-06
PWY-6385: peptidoglycan biosynthesis III (mycobacteria)|g__Flavonifractor.s__Flavonifractor_plautii	1.46863e-06
PWY-6385: peptidoglycan biosynthesis III (mycobacteria)|g__Bilophila.s__Bilophila_wadsworthia	1.40124e-06
PWY-6385: peptidoglycan biosynthesis III (mycobacteria)|g__Butyricimonas.s__Butyricimonas_virosa	1.25293e-06
PWY-6385: peptidoglycan biosynthesis III (mycobacteria)|g__Eubacterium.s__Eubacterium_ramulus	1.18172e-06
PWY-6385: peptidoglycan biosynthesis III (mycobacteria)|g__Bacteroides.s__Bacteroides_dorei	1.09668e-06
PWY-6385: peptidoglycan biosynthesis III (mycobacteria)|g__Streptococcus.s__Streptococcus_sp_A12	1.08197e-06
PWY-6385: peptidoglycan biosynthesis III (mycobacteria)|g__Blautia.s__Blautia_sp	8.61166e-07
PWY-6385: peptidoglycan biosynthesis III (mycobacteria)|g__Streptococcus.s__Streptococcus_salivarius	7.9671e-07
PWY-6385: peptidoglycan biosynthesis III (mycobacteria)|g__Bacteroides.s__Bacteroides_faecis	6.21175e-07
PWY-6385: peptidoglycan biosynthesis III (mycobacteria)|g__Butyricimonas.s__Butyricimonas_synergistica	5.95942e-07
PWY-6385: peptidoglycan biosynthesis III (mycobacteria)|g__Parabacteroides.s__Parabacteroides_goldsteinii	5.22229e-07
PWY-6385: peptidoglycan biosynthesis III (mycobacteria)|g__Bacteroides.s__Bacteroides_ovatus	5.16984e-07
PWY-6385: peptidoglycan biosynthesis III (mycobacteria)|g__Bifidobacterium.s__Bifidobacterium_adolescentis	4.01759e-07
PWY-6385: peptidoglycan biosynthesis III (mycobacteria)|g__Dorea.s__Dorea_longicatena	3.91176e-07
PWY-6385: peptidoglycan biosynthesis III (mycobacteria)|g__Bacteroides.s__Bacteroides_thetaiotaomicron	3.83574e-07
PWY-6385: peptidoglycan biosynthesis III (mycobacteria)|g__Bacteroides.s__Bacteroides_fragilis	3.1395e-07
PWY-6385: peptidoglycan biosynthesis III (mycobacteria)|g__Streptococcus.s__Streptococcus_australis	1.4361e-07
PWY-6385: peptidoglycan biosynthesis III (mycobacteria)|g__Ruminococcus.s__Ruminococcus_sp_AF31_8BH	1.10487e-07
PWY-5686: UMP biosynthesis I	0.000621337
PWY-5686: UMP biosynthesis I|unclassified	0.000125273
PWY-5686: UMP biosynthesis I|g__Bacteroides.s__Bacteroides_uniformis	4.8926e-05
PWY-5686: UMP biosynthesis I|g__Akkermansia.s__Akkermansia_muciniphila	3.74577e-05
PWY-5686: UMP biosynthesis I|g__Alistipes.s__Alistipes_finegoldii	3.38234e-05
PWY-5686: UMP biosynthesis I|g__Faecalibacterium.s__Faecalibacterium_prausnitzii	2.7305e-05
PWY-5686: UMP biosynthesis I|g__Blautia.s__Blautia_obeum	1.76584e-05
PWY-5686: UMP biosynthesis I|g__Bacteroides.s__Bacteroides_vulgatus	1.26537e-05
PWY-5686: UMP biosynthesis I|g__Anaerostipes.s__Anaerostipes_hadrus	1.23882e-05
PWY-5686: UMP biosynthesis I|g__Senegalimassilia.s__Senegalimassilia_anaerobia	1.23468e-05
PWY-5686: UMP biosynthesis I|g__Blautia.s__Ruminococcus_torques	9.15141e-06
PWY-5686: UMP biosynthesis I|g__Bifidobacterium.s__Bifidobacterium_catenulatum	8.09763e-06
PWY-5686: UMP biosynthesis I|g__Bifidobacterium.s__Bifidobacterium_bifidum	7.84515e-06
PWY-5686: UMP biosynthesis I|g__Bacteroides.s__Bacteroides_salyersiae	7.24293e-06
PWY-5686: UMP biosynthesis I|g__Blautia.s__Blautia_wexlerae	7.02123e-06
PWY-5686: UMP biosynthesis I|g__Fusicatenibacter.s__Fusicatenibacter_saccharivorans	6.80029e-06
PWY-5686: UMP biosynthesis I|g__Oscillibacter.s__Oscillibacter_sp_57_20	6.63395e-06
PWY-5686: UMP biosynthesis I|g__Collinsella.s__Collinsella_aerofaciens	6.06355e-06
PWY-5686: UMP biosynthesis I|g__Bacteroides.s__Bacteroides_caccae	5.71337e-06
PWY-5686: UMP biosynthesis I|g__Barnesiella.s__Barnesiella_intestinihominis	5.12963e-06
PWY-5686: UMP biosynthesis I|g__Bacteroides.s__Bacteroides_massiliensis	4.98259e-06
PWY-5686: UMP biosynthesis I|g__Phascolarctobacterium.s__Phascolarctobacterium_faecium	4.91643e-06
PWY-5686: UMP biosynthesis I|g__Firmicutes_unclassified.s__Firmicutes_bacterium_CAG_114	4.5906e-06
PWY-5686: UMP biosynthesis I|g__Ruminococcus.s__Ruminococcus_sp_CAG_177	4.54496e-06
PWY-5686: UMP biosynthesis I|g__Eubacterium.s__Eubacterium_eligens	4.34262e-06
PWY-5686: UMP biosynthesis I|g__Eubacterium.s__Eubacterium_hallii	3.78101e-06
PWY-5686: UMP biosynthesis I|g__Streptococcus.s__Streptococcus_thermophilus	3.70381e-06
PWY-5686: UMP biosynthesis I|g__Lachnospiraceae_unclassified.s__Eubacterium_rectale	3.61704e-06
PWY-5686: UMP biosynthesis I|g__Parabacteroides.s__Parabacteroides_distasonis	3.6112e-06
PWY-5686: UMP biosynthesis I|g__Ruminococcus.s__Ruminococcus_bicirculans	3.54128e-06
PWY-5686: UMP biosynthesis I|g__Ruthenibacterium.s__Ruthenibacterium_lactatiformans	3.49498e-06
PWY-5686: UMP biosynthesis I|g__Alistipes.s__Alistipes_indistinctus	3.47073e-06
PWY-5686: UMP biosynthesis I|g__Bacteroides.s__Bacteroides_cellulosilyticus	3.34128e-06
PWY-5686: UMP biosynthesis I|g__Dorea.s__Dorea_longicatena	3.2089e-06
PWY-5686: UMP biosynthesis I|g__Roseburia.s__Roseburia_sp_CAG_380	3.17062e-06
PWY-5686: UMP biosynthesis I|g__Actinomyces.s__Actinomyces_sp_HPA0247	2.75009e-06
PWY-5686: UMP biosynthesis I|g__Coprococcus.s__Coprococcus_catus	2.38789e-06
PWY-5686: UMP biosynthesis I|g__Gordonibacter.s__Gordonibacter_urolithinfaciens	2.345e-06
PWY-5686: UMP biosynthesis I|g__Lachnospira.s__Lachnospira_pectinoschiza	2.27266e-06
PWY-5686: UMP biosynthesis I|g__Gemmiger.s__Gemmiger_formicilis	2.22771e-06
PWY-5686: UMP biosynthesis I|g__Firmicutes_unclassified.s__Firmicutes_bacterium_CAG_94	2.1275e-06
PWY-5686: UMP biosynthesis I|g__Eisenbergiella.s__Eisenbergiella_tayi	2.11545e-06
PWY-5686: UMP biosynthesis I|g__Flavonifractor.s__Flavonifractor_plautii	1.91487e-06
PWY-5686: UMP biosynthesis I|g__Eggerthella.s__Eggerthella_sp_CAG_298	1.7548e-06
PWY-5686: UMP biosynthesis I|g__Bilophila.s__Bilophila_wadsworthia	1.63555e-06
PWY-5686: UMP biosynthesis I|g__Parabacteroides.s__Parabacteroides_merdae	1.5986e-06
PWY-5686: UMP biosynthesis I|g__Alistipes.s__Alistipes_onderdonkii	1.55827e-06
PWY-5686: UMP biosynthesis I|g__Firmicutes_unclassified.s__Firmicutes_bacterium_CAG_110	1.5467e-06
PWY-5686: UMP biosynthesis I|g__Firmicutes_unclassified.s__Firmicutes_bacterium_CAG_103	1.3772e-06
PWY-5686: UMP biosynthesis I|g__Streptococcus.s__Streptococcus_australis	1.2558e-06
PWY-5686: UMP biosynthesis I|g__Butyricimonas.s__Butyricimonas_virosa	1.20667e-06
PWY-5686: UMP biosynthesis I|g__Eubacterium.s__Eubacterium_ramulus	1.19596e-06
PWY-5686: UMP biosynthesis I|g__Bacteroides.s__Bacteroides_dorei	1.12658e-06
PWY-5686: UMP biosynthesis I|g__Adlercreutzia.s__Adlercreutzia_equolifaciens	1.11108e-06
PWY-5686: UMP biosynthesis I|g__Blautia.s__Blautia_sp	9.57782e-07
PWY-5686: UMP biosynthesis I|g__Lawsonibacter.s__Lawsonibacter_asaccharolyticus	8.8499e-07
PWY-5686: UMP biosynthesis I|g__Bacteroides.s__Bacteroides_ovatus	8.08075e-07
PWY-5686: UMP biosynthesis I|g__Bacteroides.s__Bacteroides_sp_CAG_144	7.44352e-07
PWY-5686: UMP biosynthesis I|g__Asaccharobacter.s__Asaccharobacter_celatus	7.26118e-07
PWY-5686: UMP biosynthesis I|g__Bifidobacterium.s__Bifidobacterium_adolescentis	7.15611e-07
PWY-5686: UMP biosynthesis I|g__Bacteroides.s__Bacteroides_fragilis	6.66965e-07
PWY-5686: UMP biosynthesis I|g__Ruminococcaceae_unclassified.s__Ruminococcaceae_bacterium_D5	6.57124e-07
PWY-5686: UMP biosynthesis I|g__Intestinibacter.s__Intestinibacter_bartlettii	6.56017e-07
PWY-5686: UMP biosynthesis I|g__Bacteroides.s__Bacteroides_faecis	6.45859e-07
PWY-5686: UMP biosynthesis I|g__Lactococcus.s__Lactococcus_lactis	6.31045e-07
PWY-5686: UMP biosynthesis I|g__Parabacteroides.s__Parabacteroides_goldsteinii	5.68064e-07
PWY-5686: UMP biosynthesis I|g__Roseburia.s__Roseburia_intestinalis	5.64801e-07
PWY-5686: UMP biosynthesis I|g__Actinomyces.s__Actinomyces_viscosus	5.19811e-07
PWY-5686: UMP biosynthesis I|g__Actinomyces.s__Actinomyces_naeslundii	4.9741e-07
PWY-5686: UMP biosynthesis I|g__Streptococcus.s__Streptococcus_sp_A12	3.87098e-07
PWY-5686: UMP biosynthesis I|g__Clostridium.s__Clostridium_sp_CAG_242	3.86782e-07
PWY-5686: UMP biosynthesis I|g__Eggerthella.s__Eggerthella_lenta	3.55044e-07
PWY-5686: UMP biosynthesis I|g__Streptococcus.s__Streptococcus_oralis	2.98277e-07
PWY-5686: UMP biosynthesis I|g__Bacteroides.s__Bacteroides_thetaiotaomicron	2.68793e-07
PWY-5686: UMP biosynthesis I|g__Gordonibacter.s__Gordonibacter_pamelaeae	2.07852e-07
PWY-5686: UMP biosynthesis I|g__Streptococcus.s__Streptococcus_salivarius	1.65848e-07
PWY-5686: UMP biosynthesis I|g__Actinomyces.s__Actinomyces_oris	1.42655e-07
PWY-5686: UMP biosynthesis I|g__Ruminococcus.s__Ruminococcus_sp_AF31_8BH	6.22677e-08
PWY-7790: UMP biosynthesis II	0.000621337
PWY-7790: UMP biosynthesis II|unclassified	0.000125273
PWY-7790: UMP biosynthesis II|g__Bacteroides.s__Bacteroides_uniformis	4.8926e-05
PWY-7790: UMP biosynthesis II|g__Akkermansia.s__Akkermansia_muciniphila	3.68144e-05
PWY-7790: UMP biosynthesis II|g__Alistipes.s__Alistipes_finegoldii	3.30832e-05
PWY-7790: UMP biosynthesis II|g__Faecalibacterium.s__Faecalibacterium_prausnitzii	2.7305e-05
PWY-7790: UMP biosynthesis II|g__Blautia.s__Blautia_obeum	1.76584e-05
PWY-7790: UMP biosynthesis II|g__Bacteroides.s__Bacteroides_vulgatus	1.26537e-05
PWY-7790: UMP biosynthesis II|g__Anaerostipes.s__Anaerostipes_hadrus	1.23882e-05
PWY-7790: UMP biosynthesis II|g__Senegalimassilia.s__Senegalimassilia_anaerobia	1.23468e-05
PWY-7790: UMP biosynthesis II|g__Blautia.s__Ruminococcus_torques	9.15141e-06
PWY-7790: UMP biosynthesis II|g__Bifidobacterium.s__Bifidobacterium_catenulatum	8.09763e-06
PWY-7790: UMP biosynthesis II|g__Bifidobacterium.s__Bifidobacterium_bifidum	7.44133e-06
PWY-7790: UMP biosynthesis II|g__Bacteroides.s__Bacteroides_salyersiae	7.24293e-06
PWY-7790: UMP biosynthesis II|g__Blautia.s__Blautia_wexlerae	7.02123e-06
PWY-7790: UMP biosynthesis II|g__Fusicatenibacter.s__Fusicatenibacter_saccharivorans	6.80029e-06
PWY-7790: UMP biosynthesis II|g__Oscillibacter.s__Oscillibacter_sp_57_20	6.63395e-06
PWY-7790: UMP biosynthesis II|g__Collinsella.s__Collinsella_aerofaciens	6.06355e-06
PWY-7790: UMP biosynthesis II|g__Bacteroides.s__Bacteroides_caccae	5.71337e-06
PWY-7790: UMP biosynthesis II|g__Barnesiella.s__Barnesiella_intestinihominis	5.12963e-06
PWY-7790: UMP biosynthesis II|g__Bacteroides.s__Bacteroides_massiliensis	4.98259e-06
PWY-7790: UMP biosynthesis II|g__Phascolarctobacterium.s__Phascolarctobacterium_faecium	4.91643e-06
PWY-7790: UMP biosynthesis II|g__Firmicutes_unclassified.s__Firmicutes_bacterium_CAG_114	4.5906e-06
PWY-7790: UMP biosynthesis II|g__Ruminococcus.s__Ruminococcus_sp_CAG_177	4.54496e-06
PWY-7790: UMP biosynthesis II|g__Eubacterium.s__Eubacterium_eligens	4.34262e-06
PWY-7790: UMP biosynthesis II|g__Streptococcus.s__Streptococcus_thermophilus	4.06678e-06
PWY-7790: UMP biosynthesis II|g__Parabacteroides.s__Parabacteroides_distasonis	3.80384e-06
PWY-7790: UMP biosynthesis II|g__Eubacterium.s__Eubacterium_hallii	3.78101e-06
PWY-7790: UMP biosynthesis II|g__Lachnospiraceae_unclassified.s__Eubacterium_rectale	3.61704e-06
PWY-7790: UMP biosynthesis II|g__Ruminococcus.s__Ruminococcus_bicirculans	3.54128e-06
PWY-7790: UMP biosynthesis II|g__Ruthenibacterium.s__Ruthenibacterium_lactatiformans	3.49498e-06
PWY-7790: UMP biosynthesis II|g__Bacteroides.s__Bacteroides_cellulosilyticus	3.34128e-06
PWY-7790: UMP biosynthesis II|g__Dorea.s__Dorea_longicatena	3.2089e-06
PWY-7790: UMP biosynthesis II|g__Roseburia.s__Roseburia_sp_CAG_380	3.17062e-06
PWY-7790: UMP biosynthesis II|g__Alistipes.s__Alistipes_indistinctus	3.01154e-06
PWY-7790: UMP biosynthesis II|g__Coprococcus.s__Coprococcus_catus	2.38789e-06
PWY-7790: UMP biosynthesis II|g__Gordonibacter.s__Gordonibacter_urolithinfaciens	2.345e-06
PWY-7790: UMP biosynthesis II|g__Lachnospira.s__Lachnospira_pectinoschiza	2.27266e-06
PWY-7790: UMP biosynthesis II|g__Gemmiger.s__Gemmiger_formicilis	2.22771e-06
PWY-7790: UMP biosynthesis II|g__Firmicutes_unclassified.s__Firmicutes_bacterium_CAG_94	2.1275e-06
PWY-7790: UMP biosynthesis II|g__Eisenbergiella.s__Eisenbergiella_tayi	2.11545e-06
PWY-7790: UMP biosynthesis II|g__Flavonifractor.s__Flavonifractor_plautii	1.91487e-06
PWY-7790: UMP biosynthesis II|g__Eggerthella.s__Eggerthella_sp_CAG_298	1.7548e-06
PWY-7790: UMP biosynthesis II|g__Bilophila.s__Bilophila_wadsworthia	1.63555e-06
PWY-7790: UMP biosynthesis II|g__Parabacteroides.s__Parabacteroides_merdae	1.5986e-06
PWY-7790: UMP biosynthesis II|g__Firmicutes_unclassified.s__Firmicutes_bacterium_CAG_110	1.5467e-06
PWY-7790: UMP biosynthesis II|g__Actinomyces.s__Actinomyces_sp_HPA0247	1.48789e-06
PWY-7790: UMP biosynthesis II|g__Firmicutes_unclassified.s__Firmicutes_bacterium_CAG_103	1.3772e-06
PWY-7790: UMP biosynthesis II|g__Streptococcus.s__Streptococcus_australis	1.2558e-06
PWY-7790: UMP biosynthesis II|g__Butyricimonas.s__Butyricimonas_virosa	1.20667e-06
PWY-7790: UMP biosynthesis II|g__Eubacterium.s__Eubacterium_ramulus	1.19596e-06
PWY-7790: UMP biosynthesis II|g__Bacteroides.s__Bacteroides_dorei	1.12658e-06
PWY-7790: UMP biosynthesis II|g__Adlercreutzia.s__Adlercreutzia_equolifaciens	1.11108e-06
PWY-7790: UMP biosynthesis II|g__Blautia.s__Blautia_sp	9.57782e-07
PWY-7790: UMP biosynthesis II|g__Lawsonibacter.s__Lawsonibacter_asaccharolyticus	8.8499e-07
PWY-7790: UMP biosynthesis II|g__Alistipes.s__Alistipes_onderdonkii	8.33808e-07
PWY-7790: UMP biosynthesis II|g__Bacteroides.s__Bacteroides_ovatus	8.08075e-07
PWY-7790: UMP biosynthesis II|g__Bifidobacterium.s__Bifidobacterium_adolescentis	8.02931e-07
PWY-7790: UMP biosynthesis II|g__Lactococcus.s__Lactococcus_lactis	7.84801e-07
PWY-7790: UMP biosynthesis II|g__Bacteroides.s__Bacteroides_sp_CAG_144	7.44352e-07
PWY-7790: UMP biosynthesis II|g__Asaccharobacter.s__Asaccharobacter_celatus	7.26118e-07
PWY-7790: UMP biosynthesis II|g__Ruminococcaceae_unclassified.s__Ruminococcaceae_bacterium_D5	6.57124e-07
PWY-7790: UMP biosynthesis II|g__Intestinibacter.s__Intestinibacter_bartlettii	6.56017e-07
PWY-7790: UMP biosynthesis II|g__Bacteroides.s__Bacteroides_faecis	6.41738e-07
PWY-7790: UMP biosynthesis II|g__Bacteroides.s__Bacteroides_fragilis	5.94766e-07
PWY-7790: UMP biosynthesis II|g__Parabacteroides.s__Parabacteroides_goldsteinii	5.68064e-07
PWY-7790: UMP biosynthesis II|g__Streptococcus.s__Streptococcus_sp_A12	5.67535e-07
PWY-7790: UMP biosynthesis II|g__Roseburia.s__Roseburia_intestinalis	5.64801e-07
PWY-7790: UMP biosynthesis II|g__Clostridium.s__Clostridium_sp_CAG_242	3.86782e-07
PWY-7790: UMP biosynthesis II|g__Eggerthella.s__Eggerthella_lenta	3.55044e-07
PWY-7790: UMP biosynthesis II|g__Streptococcus.s__Streptococcus_oralis	2.98277e-07
PWY-7790: UMP biosynthesis II|g__Streptococcus.s__Streptococcus_salivarius	2.30236e-07
PWY-7790: UMP biosynthesis II|g__Actinomyces.s__Actinomyces_naeslundii	2.21213e-07
PWY-7790: UMP biosynthesis II|g__Actinomyces.s__Actinomyces_viscosus	2.10932e-07
PWY-7790: UMP biosynthesis II|g__Gordonibacter.s__Gordonibacter_pamelaeae	2.07852e-07
PWY-7790: UMP biosynthesis II|g__Bacteroides.s__Bacteroides_thetaiotaomicron	1.65518e-07
PWY-7790: UMP biosynthesis II|g__Actinomyces.s__Actinomyces_oris	1.02863e-07
PWY-7790: UMP biosynthesis II|g__Ruminococcus.s__Ruminococcus_sp_AF31_8BH	6.22677e-08
PWY-7791: UMP biosynthesis III	0.000621337
PWY-7791: UMP biosynthesis III|unclassified	0.000125273
PWY-7791: UMP biosynthesis III|g__Bacteroides.s__Bacteroides_uniformis	4.8926e-05
PWY-7791: UMP biosynthesis III|g__Akkermansia.s__Akkermansia_muciniphila	3.68144e-05
PWY-7791: UMP biosynthesis III|g__Alistipes.s__Alistipes_finegoldii	3.30832e-05
PWY-7791: UMP biosynthesis III|g__Faecalibacterium.s__Faecalibacterium_prausnitzii	2.7305e-05
PWY-7791: UMP biosynthesis III|g__Blautia.s__Blautia_obeum	1.76584e-05
PWY-7791: UMP biosynthesis III|g__Bacteroides.s__Bacteroides_vulgatus	1.34253e-05
PWY-7791: UMP biosynthesis III|g__Anaerostipes.s__Anaerostipes_hadrus	1.23882e-05
PWY-7791: UMP biosynthesis III|g__Senegalimassilia.s__Senegalimassilia_anaerobia	1.23468e-05
PWY-7791: UMP biosynthesis III|g__Blautia.s__Ruminococcus_torques	9.15141e-06
PWY-7791: UMP biosynthesis III|g__Bifidobacterium.s__Bifidobacterium_catenulatum	8.09763e-06
PWY-7791: UMP biosynthesis III|g__Bifidobacterium.s__Bifidobacterium_bifidum	7.44133e-06
PWY-7791: UMP biosynthesis III|g__Bacteroides.s__Bacteroides_salyersiae	7.38647e-06
PWY-7791: UMP biosynthesis III|g__Blautia.s__Blautia_wexlerae	7.02123e-06
PWY-7791: UMP biosynthesis III|g__Fusicatenibacter.s__Fusicatenibacter_saccharivorans	6.80029e-06
PWY-7791: UMP biosynthesis III|g__Oscillibacter.s__Oscillibacter_sp_57_20	6.63395e-06
PWY-7791: UMP biosynthesis III|g__Bacteroides.s__Bacteroides_caccae	6.44307e-06
PWY-7791: UMP biosynthesis III|g__Collinsella.s__Collinsella_aerofaciens	6.06355e-06
PWY-7791: UMP biosynthesis III|g__Barnesiella.s__Barnesiella_intestinihominis	5.12963e-06
PWY-7791: UMP biosynthesis III|g__Bacteroides.s__Bacteroides_massiliensis	4.98259e-06
PWY-7791: UMP biosynthesis III|g__Phascolarctobacterium.s__Phascolarctobacterium_faecium	4.91643e-06
PWY-7791: UMP biosynthesis III|g__Firmicutes_unclassified.s__Firmicutes_bacterium_CAG_114	4.5906e-06
PWY-7791: UMP biosynthesis III|g__Ruminococcus.s__Ruminococcus_sp_CAG_177	4.54496e-06
PWY-7791: UMP biosynthesis III|g__Bacteroides.s__Bacteroides_cellulosilyticus	4.37287e-06
PWY-7791: UMP biosynthesis III|g__Eubacterium.s__Eubacterium_eligens	4.34262e-06
PWY-7791: UMP biosynthesis III|g__Parabacteroides.s__Parabacteroides_distasonis	3.81785e-06
PWY-7791: UMP biosynthesis III|g__Eubacterium.s__Eubacterium_hallii	3.78101e-06
PWY-7791: UMP biosynthesis III|g__Streptococcus.s__Streptococcus_thermophilus	3.70381e-06
PWY-7791: UMP biosynthesis III|g__Lachnospiraceae_unclassified.s__Eubacterium_rectale	3.61704e-06
PWY-7791: UMP biosynthesis III|g__Ruminococcus.s__Ruminococcus_bicirculans	3.54128e-06
PWY-7791: UMP biosynthesis III|g__Ruthenibacterium.s__Ruthenibacterium_lactatiformans	3.49498e-06
PWY-7791: UMP biosynthesis III|g__Dorea.s__Dorea_longicatena	3.2089e-06
PWY-7791: UMP biosynthesis III|g__Roseburia.s__Roseburia_sp_CAG_380	3.17062e-06
PWY-7791: UMP biosynthesis III|g__Alistipes.s__Alistipes_indistinctus	3.01154e-06
PWY-7791: UMP biosynthesis III|g__Coprococcus.s__Coprococcus_catus	2.38789e-06
PWY-7791: UMP biosynthesis III|g__Gordonibacter.s__Gordonibacter_urolithinfaciens	2.345e-06
PWY-7791: UMP biosynthesis III|g__Lachnospira.s__Lachnospira_pectinoschiza	2.27266e-06
PWY-7791: UMP biosynthesis III|g__Gemmiger.s__Gemmiger_formicilis	2.22771e-06
PWY-7791: UMP biosynthesis III|g__Firmicutes_unclassified.s__Firmicutes_bacterium_CAG_94	2.1275e-06
PWY-7791: UMP biosynthesis III|g__Eisenbergiella.s__Eisenbergiella_tayi	2.11545e-06
PWY-7791: UMP biosynthesis III|g__Parabacteroides.s__Parabacteroides_merdae	2.03037e-06
PWY-7791: UMP biosynthesis III|g__Flavonifractor.s__Flavonifractor_plautii	1.91487e-06
PWY-7791: UMP biosynthesis III|g__Eggerthella.s__Eggerthella_sp_CAG_298	1.7548e-06
PWY-7791: UMP biosynthesis III|g__Bilophila.s__Bilophila_wadsworthia	1.63555e-06
PWY-7791: UMP biosynthesis III|g__Firmicutes_unclassified.s__Firmicutes_bacterium_CAG_110	1.5467e-06
PWY-7791: UMP biosynthesis III|g__Bacteroides.s__Bacteroides_dorei	1.52803e-06
PWY-7791: UMP biosynthesis III|g__Actinomyces.s__Actinomyces_sp_HPA0247	1.48789e-06
PWY-7791: UMP biosynthesis III|g__Firmicutes_unclassified.s__Firmicutes_bacterium_CAG_103	1.3772e-06
PWY-7791: UMP biosynthesis III|g__Streptococcus.s__Streptococcus_australis	1.2558e-06
PWY-7791: UMP biosynthesis III|g__Butyricimonas.s__Butyricimonas_virosa	1.20667e-06
PWY-7791: UMP biosynthesis III|g__Eubacterium.s__Eubacterium_ramulus	1.19596e-06
PWY-7791: UMP biosynthesis III|g__Adlercreutzia.s__Adlercreutzia_equolifaciens	1.11108e-06
PWY-7791: UMP biosynthesis III|g__Bacteroides.s__Bacteroides_fragilis	1.09015e-06
PWY-7791: UMP biosynthesis III|g__Blautia.s__Blautia_sp	9.57782e-07
PWY-7791: UMP biosynthesis III|g__Bacteroides.s__Bacteroides_ovatus	9.56334e-07
PWY-7791: UMP biosynthesis III|g__Lawsonibacter.s__Lawsonibacter_asaccharolyticus	8.8499e-07
PWY-7791: UMP biosynthesis III|g__Alistipes.s__Alistipes_onderdonkii	8.33808e-07
PWY-7791: UMP biosynthesis III|g__Parabacteroides.s__Parabacteroides_goldsteinii	7.54205e-07
PWY-7791: UMP biosynthesis III|g__Bacteroides.s__Bacteroides_sp_CAG_144	7.44352e-07
PWY-7791: UMP biosynthesis III|g__Lactococcus.s__Lactococcus_lactis	7.41227e-07
PWY-7791: UMP biosynthesis III|g__Asaccharobacter.s__Asaccharobacter_celatus	7.26118e-07
PWY-7791: UMP biosynthesis III|g__Bacteroides.s__Bacteroides_faecis	7.05715e-07
PWY-7791: UMP biosynthesis III|g__Ruminococcaceae_unclassified.s__Ruminococcaceae_bacterium_D5	6.57124e-07
PWY-7791: UMP biosynthesis III|g__Intestinibacter.s__Intestinibacter_bartlettii	6.56017e-07
PWY-7791: UMP biosynthesis III|g__Roseburia.s__Roseburia_intestinalis	5.64801e-07
PWY-7791: UMP biosynthesis III|g__Bifidobacterium.s__Bifidobacterium_adolescentis	5.5978e-07
PWY-7791: UMP biosynthesis III|g__Streptococcus.s__Streptococcus_sp_A12	3.87098e-07
PWY-7791: UMP biosynthesis III|g__Clostridium.s__Clostridium_sp_CAG_242	3.86782e-07
PWY-7791: UMP biosynthesis III|g__Eggerthella.s__Eggerthella_lenta	3.55044e-07
PWY-7791: UMP biosynthesis III|g__Streptococcus.s__Streptococcus_oralis	3.43887e-07
PWY-7791: UMP biosynthesis III|g__Bacteroides.s__Bacteroides_thetaiotaomicron	2.63929e-07
PWY-7791: UMP biosynthesis III|g__Actinomyces.s__Actinomyces_naeslundii	2.21213e-07
PWY-7791: UMP biosynthesis III|g__Actinomyces.s__Actinomyces_viscosus	2.10932e-07
PWY-7791: UMP biosynthesis III|g__Gordonibacter.s__Gordonibacter_pamelaeae	2.07852e-07
PWY-7791: UMP biosynthesis III|g__Streptococcus.s__Streptococcus_salivarius	1.65848e-07
PWY-7791: UMP biosynthesis III|g__Actinomyces.s__Actinomyces_oris	1.02863e-07
PWY-7791: UMP biosynthesis III|g__Ruminococcus.s__Ruminococcus_sp_AF31_8BH	6.22677e-08
PWY-6609: adenine and adenosine salvage III	0.000619335
PWY-6609: adenine and adenosine salvage III|unclassified	0.000111158
PWY-6609: adenine and adenosine salvage III|g__Bacteroides.s__Bacteroides_uniformis	5.31458e-05
PWY-6609: adenine and adenosine salvage III|g__Firmicutes_unclassified.s__Firmicutes_bacterium_CAG_83	4.66214e-05
PWY-6609: adenine and adenosine salvage III|g__Clostridium.s__Clostridium_sp_CAG_798	3.83029e-05
PWY-6609: adenine and adenosine salvage III|g__Blautia.s__Blautia_obeum	2.71356e-05
PWY-6609: adenine and adenosine salvage III|g__Alistipes.s__Alistipes_finegoldii	2.63809e-05
PWY-6609: adenine and adenosine salvage III|g__Faecalibacterium.s__Faecalibacterium_prausnitzii	1.68908e-05
PWY-6609: adenine and adenosine salvage III|g__Anaerostipes.s__Anaerostipes_hadrus	1.57353e-05
PWY-6609: adenine and adenosine salvage III|g__Fusicatenibacter.s__Fusicatenibacter_saccharivorans	1.12526e-05
PWY-6609: adenine and adenosine salvage III|g__Bacteroides.s__Bacteroides_vulgatus	1.10943e-05
PWY-6609: adenine and adenosine salvage III|g__Dorea.s__Dorea_longicatena	1.00918e-05
PWY-6609: adenine and adenosine salvage III|g__Blautia.s__Ruminococcus_torques	9.86239e-06
PWY-6609: adenine and adenosine salvage III|g__Bacteroides.s__Bacteroides_salyersiae	7.57291e-06
PWY-6609: adenine and adenosine salvage III|g__Actinomyces.s__Actinomyces_sp_HPA0247	6.75741e-06
PWY-6609: adenine and adenosine salvage III|g__Oscillibacter.s__Oscillibacter_sp_57_20	6.61597e-06
PWY-6609: adenine and adenosine salvage III|g__Barnesiella.s__Barnesiella_intestinihominis	6.58444e-06
PWY-6609: adenine and adenosine salvage III|g__Firmicutes_unclassified.s__Firmicutes_bacterium_CAG_114	6.54266e-06
PWY-6609: adenine and adenosine salvage III|g__Streptococcus.s__Streptococcus_thermophilus	5.96083e-06
PWY-6609: adenine and adenosine salvage III|g__Blautia.s__Blautia_wexlerae	5.84823e-06
PWY-6609: adenine and adenosine salvage III|g__Clostridium.s__Clostridium_sp_CAG_138	5.11868e-06
PWY-6609: adenine and adenosine salvage III|g__Bacteroides.s__Bacteroides_massiliensis	4.87285e-06
PWY-6609: adenine and adenosine salvage III|g__Ruminococcus.s__Ruminococcus_bicirculans	4.63935e-06
PWY-6609: adenine and adenosine salvage III|g__Bacteroides.s__Bacteroides_caccae	4.43841e-06
PWY-6609: adenine and adenosine salvage III|g__Lachnospiraceae_unclassified.s__Eubacterium_rectale	4.32714e-06
PWY-6609: adenine and adenosine salvage III|g__Ruminococcus.s__Ruminococcus_sp_CAG_177	3.98751e-06
PWY-6609: adenine and adenosine salvage III|g__Phascolarctobacterium.s__Phascolarctobacterium_faecium	3.98132e-06
PWY-6609: adenine and adenosine salvage III|g__Gordonibacter.s__Gordonibacter_urolithinfaciens	3.43467e-06
PWY-6609: adenine and adenosine salvage III|g__Ruthenibacterium.s__Ruthenibacterium_lactatiformans	2.94679e-06
PWY-6609: adenine and adenosine salvage III|g__Eubacterium.s__Eubacterium_eligens	2.84758e-06
PWY-6609: adenine and adenosine salvage III|g__Eisenbergiella.s__Eisenbergiella_tayi	2.63627e-06
PWY-6609: adenine and adenosine salvage III|g__Parabacteroides.s__Parabacteroides_distasonis	2.63516e-06
PWY-6609: adenine and adenosine salvage III|g__Gemmiger.s__Gemmiger_formicilis	2.56409e-06
PWY-6609: adenine and adenosine salvage III|g__Lachnospira.s__Lachnospira_pectinoschiza	2.40127e-06
PWY-6609: adenine and adenosine salvage III|g__Alistipes.s__Alistipes_indistinctus	2.345e-06
PWY-6609: adenine and adenosine salvage III|g__Streptococcus.s__Streptococcus_australis	2.32302e-06
PWY-6609: adenine and adenosine salvage III|g__Firmicutes_unclassified.s__Firmicutes_bacterium_CAG_110	2.29464e-06
PWY-6609: adenine and adenosine salvage III|g__Roseburia.s__Roseburia_sp_CAG_380	2.24636e-06
PWY-6609: adenine and adenosine salvage III|g__Flavonifractor.s__Flavonifractor_plautii	1.86829e-06
PWY-6609: adenine and adenosine salvage III|g__Bacteroides.s__Bacteroides_cellulosilyticus	1.73777e-06
PWY-6609: adenine and adenosine salvage III|g__Bacteroides.s__Bacteroides_dorei	1.70824e-06
PWY-6609: adenine and adenosine salvage III|g__Alistipes.s__Alistipes_onderdonkii	1.60813e-06
PWY-6609: adenine and adenosine salvage III|g__Coprococcus.s__Coprococcus_catus	1.60587e-06
PWY-6609: adenine and adenosine salvage III|g__Firmicutes_unclassified.s__Firmicutes_bacterium_CAG_103	1.54475e-06
PWY-6609: adenine and adenosine salvage III|g__Bacteroides.s__Bacteroides_sp_CAG_144	1.45939e-06
PWY-6609: adenine and adenosine salvage III|g__Clostridium.s__Clostridium_sp_CAG_58	1.45099e-06
PWY-6609: adenine and adenosine salvage III|g__Alistipes.s__Alistipes_shahii	1.41914e-06
PWY-6609: adenine and adenosine salvage III|g__Eggerthella.s__Eggerthella_sp_CAG_298	1.37984e-06
PWY-6609: adenine and adenosine salvage III|g__Subdoligranulum.s__Subdoligranulum_sp_APC924_74	1.31793e-06
PWY-6609: adenine and adenosine salvage III|g__Blautia.s__Blautia_sp	1.25916e-06
PWY-6609: adenine and adenosine salvage III|g__Parabacteroides.s__Parabacteroides_merdae	1.2581e-06
PWY-6609: adenine and adenosine salvage III|g__Anaeromassilibacillus.s__Anaeromassilibacillus_sp_An250	1.22059e-06
PWY-6609: adenine and adenosine salvage III|g__Dorea.s__Dorea_formicigenerans	1.20904e-06
PWY-6609: adenine and adenosine salvage III|g__Eubacterium.s__Eubacterium_ramulus	1.15979e-06
PWY-6609: adenine and adenosine salvage III|g__Actinomyces.s__Actinomyces_naeslundii	1.15702e-06
PWY-6609: adenine and adenosine salvage III|g__Intestinibacter.s__Intestinibacter_bartlettii	1.00694e-06
PWY-6609: adenine and adenosine salvage III|g__Streptococcus.s__Streptococcus_oralis	9.84117e-07
PWY-6609: adenine and adenosine salvage III|g__Streptococcus.s__Streptococcus_sp_A12	9.60005e-07
PWY-6609: adenine and adenosine salvage III|g__Ruminococcaceae_unclassified.s__Ruminococcaceae_bacterium_D5	8.14871e-07
PWY-6609: adenine and adenosine salvage III|g__Lactococcus.s__Lactococcus_lactis	7.81725e-07
PWY-6609: adenine and adenosine salvage III|g__Bacteroides.s__Bacteroides_faecis	7.47248e-07
PWY-6609: adenine and adenosine salvage III|g__Adlercreutzia.s__Adlercreutzia_equolifaciens	6.6454e-07
PWY-6609: adenine and adenosine salvage III|g__Bilophila.s__Bilophila_wadsworthia	6.56684e-07
PWY-6609: adenine and adenosine salvage III|g__Firmicutes_unclassified.s__Firmicutes_bacterium_CAG_94	5.90407e-07
PWY-6609: adenine and adenosine salvage III|g__Streptococcus.s__Streptococcus_pneumoniae	5.8892e-07
PWY-6609: adenine and adenosine salvage III|g__Streptococcus.s__Streptococcus_salivarius	5.17492e-07
PWY-6609: adenine and adenosine salvage III|g__Christensenella.s__Christensenella_minuta	5.01023e-07
PWY-6609: adenine and adenosine salvage III|g__Asaccharobacter.s__Asaccharobacter_celatus	5.00856e-07
PWY-6609: adenine and adenosine salvage III|g__Streptococcus.s__Streptococcus_parasanguinis	4.9132e-07
PWY-6609: adenine and adenosine salvage III|g__Lachnoclostridium.s__Clostridium_citroniae	4.79058e-07
PWY-6609: adenine and adenosine salvage III|g__Clostridium.s__Clostridium_sp_AF36_4	4.71795e-07
PWY-6609: adenine and adenosine salvage III|g__Intestinimonas.s__Intestinimonas_butyriciproducens	4.29392e-07
PWY-6609: adenine and adenosine salvage III|g__Bacteroides.s__Bacteroides_fragilis	4.0099e-07
PWY-6609: adenine and adenosine salvage III|g__Blautia.s__Blautia_sp_CAG_52	2.89747e-07
PWY-6609: adenine and adenosine salvage III|g__Ruminococcaceae_unclassified.s__Eubacterium_siraeum	2.87317e-07
PWY-6609: adenine and adenosine salvage III|g__Actinomyces.s__Actinomyces_viscosus	2.72343e-07
PWY-6609: adenine and adenosine salvage III|g__Parabacteroides.s__Parabacteroides_goldsteinii	2.47414e-07
PWY-6609: adenine and adenosine salvage III|g__Bacteroides.s__Bacteroides_ovatus	1.65859e-07
PWY-6609: adenine and adenosine salvage III|g__Bacteroides.s__Bacteroides_thetaiotaomicron	1.32647e-07
PWY-6609: adenine and adenosine salvage III|g__Actinomyces.s__Actinomyces_oris	7.63864e-08
TRNA-CHARGING-PWY: tRNA charging	0.000607973
TRNA-CHARGING-PWY: tRNA charging|unclassified	0.000118974
TRNA-CHARGING-PWY: tRNA charging|g__Bacteroides.s__Bacteroides_uniformis	4.86988e-05
TRNA-CHARGING-PWY: tRNA charging|g__Alistipes.s__Alistipes_finegoldii	2.60865e-05
TRNA-CHARGING-PWY: tRNA charging|g__Faecalibacterium.s__Faecalibacterium_prausnitzii	2.23231e-05
TRNA-CHARGING-PWY: tRNA charging|g__Anaerostipes.s__Anaerostipes_hadrus	1.25704e-05
TRNA-CHARGING-PWY: tRNA charging|g__Bacteroides.s__Bacteroides_vulgatus	1.15074e-05
TRNA-CHARGING-PWY: tRNA charging|g__Blautia.s__Ruminococcus_torques	7.8263e-06
TRNA-CHARGING-PWY: tRNA charging|g__Fusicatenibacter.s__Fusicatenibacter_saccharivorans	7.27368e-06
TRNA-CHARGING-PWY: tRNA charging|g__Bacteroides.s__Bacteroides_salyersiae	7.14555e-06
TRNA-CHARGING-PWY: tRNA charging|g__Clostridium.s__Clostridium_sp_CAG_138	6.81691e-06
TRNA-CHARGING-PWY: tRNA charging|g__Barnesiella.s__Barnesiella_intestinihominis	5.36716e-06
TRNA-CHARGING-PWY: tRNA charging|g__Streptococcus.s__Streptococcus_thermophilus	5.08532e-06
TRNA-CHARGING-PWY: tRNA charging|g__Bacteroides.s__Bacteroides_caccae	4.97566e-06
TRNA-CHARGING-PWY: tRNA charging|g__Bacteroides.s__Bacteroides_massiliensis	4.1375e-06
TRNA-CHARGING-PWY: tRNA charging|g__Ruminococcus.s__Ruminococcus_sp_CAG_177	3.89748e-06
TRNA-CHARGING-PWY: tRNA charging|g__Lachnospiraceae_unclassified.s__Eubacterium_rectale	3.44291e-06
TRNA-CHARGING-PWY: tRNA charging|g__Subdoligranulum.s__Subdoligranulum_sp_APC924_74	3.33824e-06
TRNA-CHARGING-PWY: tRNA charging|g__Parabacteroides.s__Parabacteroides_distasonis	2.93591e-06
TRNA-CHARGING-PWY: tRNA charging|g__Flavonifractor.s__Flavonifractor_plautii	2.89889e-06
TRNA-CHARGING-PWY: tRNA charging|g__Alistipes.s__Alistipes_indistinctus	2.71711e-06
TRNA-CHARGING-PWY: tRNA charging|g__Bacteroides.s__Bacteroides_cellulosilyticus	2.65597e-06
TRNA-CHARGING-PWY: tRNA charging|g__Gemmiger.s__Gemmiger_formicilis	2.65386e-06
TRNA-CHARGING-PWY: tRNA charging|g__Coprococcus.s__Coprococcus_catus	2.34858e-06
TRNA-CHARGING-PWY: tRNA charging|g__Alistipes.s__Alistipes_shahii	1.80182e-06
TRNA-CHARGING-PWY: tRNA charging|g__Alistipes.s__Alistipes_onderdonkii	1.57044e-06
TRNA-CHARGING-PWY: tRNA charging|g__Eisenbergiella.s__Eisenbergiella_tayi	1.52396e-06
TRNA-CHARGING-PWY: tRNA charging|g__Parabacteroides.s__Parabacteroides_merdae	1.42481e-06
TRNA-CHARGING-PWY: tRNA charging|g__Anaeromassilibacillus.s__Anaeromassilibacillus_sp_An250	1.3592e-06
TRNA-CHARGING-PWY: tRNA charging|g__Lawsonibacter.s__Lawsonibacter_asaccharolyticus	1.31766e-06
TRNA-CHARGING-PWY: tRNA charging|g__Butyricimonas.s__Butyricimonas_virosa	1.11595e-06
TRNA-CHARGING-PWY: tRNA charging|g__Eubacterium.s__Eubacterium_ramulus	1.10892e-06
TRNA-CHARGING-PWY: tRNA charging|g__Lactococcus.s__Lactococcus_lactis	1.03447e-06
TRNA-CHARGING-PWY: tRNA charging|g__Bacteroides.s__Bacteroides_dorei	9.84538e-07
TRNA-CHARGING-PWY: tRNA charging|g__Intestinibacter.s__Intestinibacter_bartlettii	9.06961e-07
TRNA-CHARGING-PWY: tRNA charging|g__Bacteroides.s__Bacteroides_faecis	6.23775e-07
TRNA-CHARGING-PWY: tRNA charging|g__Bacteroides.s__Bacteroides_ovatus	5.99693e-07
TRNA-CHARGING-PWY: tRNA charging|g__Streptococcus.s__Streptococcus_salivarius	5.89822e-07
TRNA-CHARGING-PWY: tRNA charging|g__Bacteroides.s__Bacteroides_fragilis	5.35008e-07
TRNA-CHARGING-PWY: tRNA charging|g__Streptococcus.s__Streptococcus_sp_A12	4.35265e-07
TRNA-CHARGING-PWY: tRNA charging|g__Bacteroides.s__Bacteroides_thetaiotaomicron	3.19365e-07
TRNA-CHARGING-PWY: tRNA charging|g__Streptococcus.s__Streptococcus_pneumoniae	2.59086e-07
TRNA-CHARGING-PWY: tRNA charging|g__Streptococcus.s__Streptococcus_parasanguinis	2.5335e-07
TRNA-CHARGING-PWY: tRNA charging|g__Parabacteroides.s__Parabacteroides_goldsteinii	1.73367e-07
PWY-6163: chorismate biosynthesis from 3-dehydroquinate	0.000592545
PWY-6163: chorismate biosynthesis from 3-dehydroquinate|unclassified	0.000152125
PWY-6163: chorismate biosynthesis from 3-dehydroquinate|g__Bacteroides.s__Bacteroides_uniformis	5.17313e-05
PWY-6163: chorismate biosynthesis from 3-dehydroquinate|g__Faecalibacterium.s__Faecalibacterium_prausnitzii	4.72624e-05
PWY-6163: chorismate biosynthesis from 3-dehydroquinate|g__Blautia.s__Blautia_obeum	3.67851e-05
PWY-6163: chorismate biosynthesis from 3-dehydroquinate|g__Akkermansia.s__Akkermansia_muciniphila	2.86026e-05
PWY-6163: chorismate biosynthesis from 3-dehydroquinate|g__Alistipes.s__Alistipes_finegoldii	1.87892e-05
PWY-6163: chorismate biosynthesis from 3-dehydroquinate|g__Anaerostipes.s__Anaerostipes_hadrus	1.60281e-05
PWY-6163: chorismate biosynthesis from 3-dehydroquinate|g__Ruminococcus.s__Ruminococcus_bromii	1.45221e-05
PWY-6163: chorismate biosynthesis from 3-dehydroquinate|g__Senegalimassilia.s__Senegalimassilia_anaerobia	1.2264e-05
PWY-6163: chorismate biosynthesis from 3-dehydroquinate|g__Bacteroides.s__Bacteroides_vulgatus	1.16273e-05
PWY-6163: chorismate biosynthesis from 3-dehydroquinate|g__Eubacterium.s__Eubacterium_hallii	1.04107e-05
PWY-6163: chorismate biosynthesis from 3-dehydroquinate|g__Blautia.s__Ruminococcus_torques	9.30225e-06
PWY-6163: chorismate biosynthesis from 3-dehydroquinate|g__Fusicatenibacter.s__Fusicatenibacter_saccharivorans	8.82224e-06
PWY-6163: chorismate biosynthesis from 3-dehydroquinate|g__Bacteroides.s__Bacteroides_salyersiae	7.08666e-06
PWY-6163: chorismate biosynthesis from 3-dehydroquinate|g__Blautia.s__Blautia_wexlerae	7.06682e-06
PWY-6163: chorismate biosynthesis from 3-dehydroquinate|g__Bifidobacterium.s__Bifidobacterium_catenulatum	6.28584e-06
PWY-6163: chorismate biosynthesis from 3-dehydroquinate|g__Alistipes.s__Alistipes_onderdonkii	5.95062e-06
PWY-6163: chorismate biosynthesis from 3-dehydroquinate|g__Clostridium.s__Clostridium_sp_CAG_138	5.18368e-06
PWY-6163: chorismate biosynthesis from 3-dehydroquinate|g__Bifidobacterium.s__Bifidobacterium_bifidum	5.17816e-06
PWY-6163: chorismate biosynthesis from 3-dehydroquinate|g__Dorea.s__Dorea_longicatena	5.02744e-06
PWY-6163: chorismate biosynthesis from 3-dehydroquinate|g__Lachnospiraceae_unclassified.s__Eubacterium_rectale	4.96432e-06
PWY-6163: chorismate biosynthesis from 3-dehydroquinate|g__Phascolarctobacterium.s__Phascolarctobacterium_faecium	4.95837e-06
PWY-6163: chorismate biosynthesis from 3-dehydroquinate|g__Barnesiella.s__Barnesiella_intestinihominis	4.71892e-06
PWY-6163: chorismate biosynthesis from 3-dehydroquinate|g__Oscillibacter.s__Oscillibacter_sp_57_20	4.70193e-06
PWY-6163: chorismate biosynthesis from 3-dehydroquinate|g__Streptococcus.s__Streptococcus_thermophilus	4.63535e-06
PWY-6163: chorismate biosynthesis from 3-dehydroquinate|g__Bacteroides.s__Bacteroides_caccae	4.56911e-06
PWY-6163: chorismate biosynthesis from 3-dehydroquinate|g__Bacteroides.s__Bacteroides_massiliensis	4.31133e-06
PWY-6163: chorismate biosynthesis from 3-dehydroquinate|g__Collinsella.s__Collinsella_aerofaciens	4.26666e-06
PWY-6163: chorismate biosynthesis from 3-dehydroquinate|g__Eubacterium.s__Eubacterium_eligens	3.97199e-06
PWY-6163: chorismate biosynthesis from 3-dehydroquinate|g__Bacteroides.s__Bacteroides_cellulosilyticus	3.85351e-06
PWY-6163: chorismate biosynthesis from 3-dehydroquinate|g__Lachnospira.s__Lachnospira_pectinoschiza	3.11098e-06
PWY-6163: chorismate biosynthesis from 3-dehydroquinate|g__Subdoligranulum.s__Subdoligranulum_sp_APC924_74	2.93599e-06
PWY-6163: chorismate biosynthesis from 3-dehydroquinate|g__Parabacteroides.s__Parabacteroides_distasonis	2.92632e-06
PWY-6163: chorismate biosynthesis from 3-dehydroquinate|g__Ruthenibacterium.s__Ruthenibacterium_lactatiformans	2.88767e-06
PWY-6163: chorismate biosynthesis from 3-dehydroquinate|g__Roseburia.s__Roseburia_sp_CAG_380	2.86093e-06
PWY-6163: chorismate biosynthesis from 3-dehydroquinate|g__Ruminococcus.s__Ruminococcus_sp_CAG_177	2.77722e-06
PWY-6163: chorismate biosynthesis from 3-dehydroquinate|g__Coprococcus.s__Coprococcus_catus	2.62361e-06
PWY-6163: chorismate biosynthesis from 3-dehydroquinate|g__Ruminococcus.s__Ruminococcus_bicirculans	2.61164e-06
PWY-6163: chorismate biosynthesis from 3-dehydroquinate|g__Alistipes.s__Alistipes_indistinctus	2.53269e-06
PWY-6163: chorismate biosynthesis from 3-dehydroquinate|g__Eggerthella.s__Eggerthella_sp_CAG_298	2.14411e-06
PWY-6163: chorismate biosynthesis from 3-dehydroquinate|g__Bilophila.s__Bilophila_wadsworthia	1.67909e-06
PWY-6163: chorismate biosynthesis from 3-dehydroquinate|g__Intestinibacter.s__Intestinibacter_bartlettii	1.57534e-06
PWY-6163: chorismate biosynthesis from 3-dehydroquinate|g__Parabacteroides.s__Parabacteroides_merdae	1.54563e-06
PWY-6163: chorismate biosynthesis from 3-dehydroquinate|g__Butyricimonas.s__Butyricimonas_virosa	1.45205e-06
PWY-6163: chorismate biosynthesis from 3-dehydroquinate|g__Eubacterium.s__Eubacterium_ramulus	1.38054e-06
PWY-6163: chorismate biosynthesis from 3-dehydroquinate|g__Bacteroides.s__Bacteroides_dorei	1.31038e-06
PWY-6163: chorismate biosynthesis from 3-dehydroquinate|g__Butyricimonas.s__Butyricimonas_synergistica	1.25258e-06
PWY-6163: chorismate biosynthesis from 3-dehydroquinate|g__Clostridium.s__Clostridium_sp_CAG_58	1.22788e-06
PWY-6163: chorismate biosynthesis from 3-dehydroquinate|g__Eisenbergiella.s__Eisenbergiella_tayi	1.12714e-06
PWY-6163: chorismate biosynthesis from 3-dehydroquinate|g__Flavonifractor.s__Flavonifractor_plautii	1.08565e-06
PWY-6163: chorismate biosynthesis from 3-dehydroquinate|g__Streptococcus.s__Streptococcus_sp_A12	9.82277e-07
PWY-6163: chorismate biosynthesis from 3-dehydroquinate|g__Anaeromassilibacillus.s__Anaeromassilibacillus_sp_An250	9.41488e-07
PWY-6163: chorismate biosynthesis from 3-dehydroquinate|g__Streptococcus.s__Streptococcus_australis	8.67185e-07
PWY-6163: chorismate biosynthesis from 3-dehydroquinate|g__Streptococcus.s__Streptococcus_salivarius	8.40063e-07
PWY-6163: chorismate biosynthesis from 3-dehydroquinate|g__Roseburia.s__Roseburia_intestinalis	8.3405e-07
PWY-6163: chorismate biosynthesis from 3-dehydroquinate|g__Bacteroides.s__Bacteroides_ovatus	8.11997e-07
PWY-6163: chorismate biosynthesis from 3-dehydroquinate|g__Ruminococcaceae_unclassified.s__Ruminococcaceae_bacterium_D5	7.90132e-07
PWY-6163: chorismate biosynthesis from 3-dehydroquinate|g__Alistipes.s__Alistipes_shahii	7.83362e-07
PWY-6163: chorismate biosynthesis from 3-dehydroquinate|g__Blautia.s__Blautia_sp	7.49902e-07
PWY-6163: chorismate biosynthesis from 3-dehydroquinate|g__Bacteroides.s__Bacteroides_faecis	7.47095e-07
PWY-6163: chorismate biosynthesis from 3-dehydroquinate|g__Dorea.s__Dorea_formicigenerans	7.45112e-07
PWY-6163: chorismate biosynthesis from 3-dehydroquinate|g__Ruminococcaceae_unclassified.s__Eubacterium_siraeum	7.0247e-07
PWY-6163: chorismate biosynthesis from 3-dehydroquinate|g__Adlercreutzia.s__Adlercreutzia_equolifaciens	6.88572e-07
PWY-6163: chorismate biosynthesis from 3-dehydroquinate|g__Streptococcus.s__Streptococcus_pneumoniae	6.82831e-07
PWY-6163: chorismate biosynthesis from 3-dehydroquinate|g__Bifidobacterium.s__Bifidobacterium_longum	6.52424e-07
PWY-6163: chorismate biosynthesis from 3-dehydroquinate|g__Lawsonibacter.s__Lawsonibacter_asaccharolyticus	6.02523e-07
PWY-6163: chorismate biosynthesis from 3-dehydroquinate|g__Asaccharobacter.s__Asaccharobacter_celatus	5.96421e-07
PWY-6163: chorismate biosynthesis from 3-dehydroquinate|g__Firmicutes_unclassified.s__Firmicutes_bacterium_CAG_103	5.81556e-07
PWY-6163: chorismate biosynthesis from 3-dehydroquinate|g__Ruminococcus.s__Ruminococcus_callidus	5.28082e-07
PWY-6163: chorismate biosynthesis from 3-dehydroquinate|g__Victivallales_unclassified.s__Victivallales_bacterium_CCUG_44730	4.51584e-07
PWY-6163: chorismate biosynthesis from 3-dehydroquinate|g__Bifidobacterium.s__Bifidobacterium_adolescentis	3.82322e-07
PWY-6163: chorismate biosynthesis from 3-dehydroquinate|g__Clostridium.s__Clostridium_sp_CAG_242	3.6663e-07
PWY-6163: chorismate biosynthesis from 3-dehydroquinate|g__Eggerthella.s__Eggerthella_lenta	2.92382e-07
PWY-6163: chorismate biosynthesis from 3-dehydroquinate|g__Odoribacter.s__Odoribacter_splanchnicus	2.83361e-07
PWY-6163: chorismate biosynthesis from 3-dehydroquinate|g__Victivallis.s__Victivallis_vadensis	2.69949e-07
PWY-6163: chorismate biosynthesis from 3-dehydroquinate|g__Bacteroides.s__Bacteroides_fragilis	2.47455e-07
PWY-6163: chorismate biosynthesis from 3-dehydroquinate|g__Blautia.s__Blautia_sp_CAG_52	2.38405e-07
PWY-6163: chorismate biosynthesis from 3-dehydroquinate|g__Bacteroides.s__Bacteroides_thetaiotaomicron	2.29648e-07
PWY-6163: chorismate biosynthesis from 3-dehydroquinate|g__Lentisphaerae_unclassified.s__Lentisphaerae_bacterium	1.10579e-07
COMPLETE-ARO-PWY: superpathway of aromatic amino acid biosynthesis	0.000590857
COMPLETE-ARO-PWY: superpathway of aromatic amino acid biosynthesis|unclassified	0.000130034
COMPLETE-ARO-PWY: superpathway of aromatic amino acid biosynthesis|g__Blautia.s__Blautia_obeum	3.71638e-05
COMPLETE-ARO-PWY: superpathway of aromatic amino acid biosynthesis|g__Anaerostipes.s__Anaerostipes_hadrus	1.63804e-05
COMPLETE-ARO-PWY: superpathway of aromatic amino acid biosynthesis|g__Eubacterium.s__Eubacterium_hallii	1.01423e-05
COMPLETE-ARO-PWY: superpathway of aromatic amino acid biosynthesis|g__Blautia.s__Ruminococcus_torques	1.00815e-05
COMPLETE-ARO-PWY: superpathway of aromatic amino acid biosynthesis|g__Fusicatenibacter.s__Fusicatenibacter_saccharivorans	7.20639e-06
COMPLETE-ARO-PWY: superpathway of aromatic amino acid biosynthesis|g__Blautia.s__Blautia_wexlerae	5.86118e-06
COMPLETE-ARO-PWY: superpathway of aromatic amino acid biosynthesis|g__Dorea.s__Dorea_longicatena	5.54063e-06
COMPLETE-ARO-PWY: superpathway of aromatic amino acid biosynthesis|g__Streptococcus.s__Streptococcus_thermophilus	5.32362e-06
COMPLETE-ARO-PWY: superpathway of aromatic amino acid biosynthesis|g__Eubacterium.s__Eubacterium_eligens	3.48744e-06
COMPLETE-ARO-PWY: superpathway of aromatic amino acid biosynthesis|g__Parabacteroides.s__Parabacteroides_distasonis	3.14001e-06
COMPLETE-ARO-PWY: superpathway of aromatic amino acid biosynthesis|g__Bacteroides.s__Bacteroides_cellulosilyticus	3.00382e-06
COMPLETE-ARO-PWY: superpathway of aromatic amino acid biosynthesis|g__Lachnospira.s__Lachnospira_pectinoschiza	2.79579e-06
COMPLETE-ARO-PWY: superpathway of aromatic amino acid biosynthesis|g__Eubacterium.s__Eubacterium_ramulus	1.40948e-06
COMPLETE-ARO-PWY: superpathway of aromatic amino acid biosynthesis|g__Parabacteroides.s__Parabacteroides_merdae	1.26633e-06
COMPLETE-ARO-PWY: superpathway of aromatic amino acid biosynthesis|g__Streptococcus.s__Streptococcus_sp_A12	1.13268e-06
COMPLETE-ARO-PWY: superpathway of aromatic amino acid biosynthesis|g__Flavonifractor.s__Flavonifractor_plautii	1.02335e-06
COMPLETE-ARO-PWY: superpathway of aromatic amino acid biosynthesis|g__Streptococcus.s__Streptococcus_salivarius	9.27511e-07
COMPLETE-ARO-PWY: superpathway of aromatic amino acid biosynthesis|g__Bifidobacterium.s__Bifidobacterium_longum	7.28214e-07
COMPLETE-ARO-PWY: superpathway of aromatic amino acid biosynthesis|g__Blautia.s__Blautia_sp	5.68637e-07
VALSYN-PWY: L-valine biosynthesis	0.000588774
VALSYN-PWY: L-valine biosynthesis|unclassified	7.43852e-05
VALSYN-PWY: L-valine biosynthesis|g__Bacteroides.s__Bacteroides_uniformis	4.96747e-05
VALSYN-PWY: L-valine biosynthesis|g__Blautia.s__Blautia_obeum	3.52817e-05
VALSYN-PWY: L-valine biosynthesis|g__Akkermansia.s__Akkermansia_muciniphila	3.44553e-05
VALSYN-PWY: L-valine biosynthesis|g__Alistipes.s__Alistipes_finegoldii	1.90598e-05
VALSYN-PWY: L-valine biosynthesis|g__Faecalibacterium.s__Faecalibacterium_prausnitzii	1.77645e-05
VALSYN-PWY: L-valine biosynthesis|g__Ruminococcus.s__Ruminococcus_bromii	1.6847e-05
VALSYN-PWY: L-valine biosynthesis|g__Anaerostipes.s__Anaerostipes_hadrus	1.4274e-05
VALSYN-PWY: L-valine biosynthesis|g__Bacteroides.s__Bacteroides_vulgatus	1.35687e-05
VALSYN-PWY: L-valine biosynthesis|g__Alistipes.s__Alistipes_onderdonkii	1.16834e-05
VALSYN-PWY: L-valine biosynthesis|g__Bifidobacterium.s__Bifidobacterium_catenulatum	1.13023e-05
VALSYN-PWY: L-valine biosynthesis|g__Senegalimassilia.s__Senegalimassilia_anaerobia	1.02682e-05
VALSYN-PWY: L-valine biosynthesis|g__Bifidobacterium.s__Bifidobacterium_bifidum	9.9718e-06
VALSYN-PWY: L-valine biosynthesis|g__Eubacterium.s__Eubacterium_hallii	9.96358e-06
VALSYN-PWY: L-valine biosynthesis|g__Blautia.s__Blautia_wexlerae	9.76383e-06
VALSYN-PWY: L-valine biosynthesis|g__Blautia.s__Ruminococcus_torques	9.36711e-06
VALSYN-PWY: L-valine biosynthesis|g__Dorea.s__Dorea_longicatena	9.14009e-06
VALSYN-PWY: L-valine biosynthesis|g__Bacteroides.s__Bacteroides_salyersiae	7.92606e-06
VALSYN-PWY: L-valine biosynthesis|g__Streptococcus.s__Streptococcus_thermophilus	7.4819e-06
VALSYN-PWY: L-valine biosynthesis|g__Firmicutes_unclassified.s__Firmicutes_bacterium_CAG_114	6.74952e-06
VALSYN-PWY: L-valine biosynthesis|g__Fusicatenibacter.s__Fusicatenibacter_saccharivorans	6.68984e-06
VALSYN-PWY: L-valine biosynthesis|g__Lachnospiraceae_unclassified.s__Eubacterium_rectale	5.66409e-06
VALSYN-PWY: L-valine biosynthesis|g__Phascolarctobacterium.s__Phascolarctobacterium_faecium	5.64573e-06
VALSYN-PWY: L-valine biosynthesis|g__Bacteroides.s__Bacteroides_caccae	5.39911e-06
VALSYN-PWY: L-valine biosynthesis|g__Actinomyces.s__Actinomyces_sp_HPA0247	5.30162e-06
VALSYN-PWY: L-valine biosynthesis|g__Eubacterium.s__Eubacterium_eligens	5.12698e-06
VALSYN-PWY: L-valine biosynthesis|g__Barnesiella.s__Barnesiella_intestinihominis	4.91681e-06
VALSYN-PWY: L-valine biosynthesis|g__Parabacteroides.s__Parabacteroides_distasonis	4.38931e-06
VALSYN-PWY: L-valine biosynthesis|g__Bacteroides.s__Bacteroides_massiliensis	4.12919e-06
VALSYN-PWY: L-valine biosynthesis|g__Subdoligranulum.s__Subdoligranulum_sp_APC924_74	3.98882e-06
VALSYN-PWY: L-valine biosynthesis|g__Roseburia.s__Roseburia_sp_CAG_380	3.82504e-06
VALSYN-PWY: L-valine biosynthesis|g__Flavonifractor.s__Flavonifractor_plautii	3.75767e-06
VALSYN-PWY: L-valine biosynthesis|g__Gordonibacter.s__Gordonibacter_urolithinfaciens	3.59202e-06
VALSYN-PWY: L-valine biosynthesis|g__Ruminococcus.s__Ruminococcus_bicirculans	3.36471e-06
VALSYN-PWY: L-valine biosynthesis|g__Gemmiger.s__Gemmiger_formicilis	3.34088e-06
VALSYN-PWY: L-valine biosynthesis|g__Ruthenibacterium.s__Ruthenibacterium_lactatiformans	3.25089e-06
VALSYN-PWY: L-valine biosynthesis|g__Blautia.s__Blautia_sp	3.15528e-06
VALSYN-PWY: L-valine biosynthesis|g__Alistipes.s__Alistipes_indistinctus	2.82498e-06
VALSYN-PWY: L-valine biosynthesis|g__Bacteroides.s__Bacteroides_cellulosilyticus	2.5772e-06
VALSYN-PWY: L-valine biosynthesis|g__Coprococcus.s__Coprococcus_catus	2.50845e-06
VALSYN-PWY: L-valine biosynthesis|g__Eisenbergiella.s__Eisenbergiella_tayi	2.50335e-06
VALSYN-PWY: L-valine biosynthesis|g__Dorea.s__Dorea_formicigenerans	2.29227e-06
VALSYN-PWY: L-valine biosynthesis|g__Parabacteroides.s__Parabacteroides_merdae	2.01533e-06
VALSYN-PWY: L-valine biosynthesis|g__Streptococcus.s__Streptococcus_salivarius	1.90885e-06
VALSYN-PWY: L-valine biosynthesis|g__Anaeromassilibacillus.s__Anaeromassilibacillus_sp_An250	1.85453e-06
VALSYN-PWY: L-valine biosynthesis|g__Bilophila.s__Bilophila_wadsworthia	1.71379e-06
VALSYN-PWY: L-valine biosynthesis|g__Bacteroides.s__Bacteroides_intestinalis	1.68074e-06
VALSYN-PWY: L-valine biosynthesis|g__Streptococcus.s__Streptococcus_pneumoniae	1.58051e-06
VALSYN-PWY: L-valine biosynthesis|g__Bacteroides.s__Bacteroides_fragilis	1.3919e-06
VALSYN-PWY: L-valine biosynthesis|g__Eubacterium.s__Eubacterium_ramulus	1.38961e-06
VALSYN-PWY: L-valine biosynthesis|g__Intestinibacter.s__Intestinibacter_bartlettii	1.3272e-06
VALSYN-PWY: L-valine biosynthesis|g__Eggerthella.s__Eggerthella_sp_CAG_298	1.31472e-06
VALSYN-PWY: L-valine biosynthesis|g__Bifidobacterium.s__Bifidobacterium_adolescentis	1.24717e-06
VALSYN-PWY: L-valine biosynthesis|g__Streptococcus.s__Streptococcus_australis	1.1612e-06
VALSYN-PWY: L-valine biosynthesis|g__Streptococcus.s__Streptococcus_sp_A12	1.09448e-06
VALSYN-PWY: L-valine biosynthesis|g__Bacteroides.s__Bacteroides_ovatus	1.06212e-06
VALSYN-PWY: L-valine biosynthesis|g__Erysipelatoclostridium.s__Clostridium_spiroforme	1.05995e-06
VALSYN-PWY: L-valine biosynthesis|g__Lawsonibacter.s__Lawsonibacter_asaccharolyticus	9.96443e-07
VALSYN-PWY: L-valine biosynthesis|g__Intestinimonas.s__Intestinimonas_butyriciproducens	9.83e-07
VALSYN-PWY: L-valine biosynthesis|g__Bacteroides.s__Bacteroides_sp_CAG_144	9.47711e-07
VALSYN-PWY: L-valine biosynthesis|g__Asaccharobacter.s__Asaccharobacter_celatus	8.61579e-07
VALSYN-PWY: L-valine biosynthesis|g__Ruminococcus.s__Ruminococcus_sp_AF31_8BH	8.31901e-07
VALSYN-PWY: L-valine biosynthesis|g__Ruminococcaceae_unclassified.s__Ruminococcaceae_bacterium_D5	8.1401e-07
VALSYN-PWY: L-valine biosynthesis|g__Actinomyces.s__Actinomyces_naeslundii	7.505e-07
VALSYN-PWY: L-valine biosynthesis|g__Bacteroides.s__Bacteroides_dorei	7.45842e-07
VALSYN-PWY: L-valine biosynthesis|g__Roseburia.s__Roseburia_intestinalis	6.94979e-07
VALSYN-PWY: L-valine biosynthesis|g__Bacteroides.s__Bacteroides_faecis	6.82844e-07
VALSYN-PWY: L-valine biosynthesis|g__Eggerthella.s__Eggerthella_lenta	6.70251e-07
VALSYN-PWY: L-valine biosynthesis|g__Bifidobacterium.s__Bifidobacterium_longum	6.66151e-07
VALSYN-PWY: L-valine biosynthesis|g__Adlercreutzia.s__Adlercreutzia_equolifaciens	6.63878e-07
VALSYN-PWY: L-valine biosynthesis|g__Ruminococcaceae_unclassified.s__Eubacterium_siraeum	6.54354e-07
VALSYN-PWY: L-valine biosynthesis|g__Victivallales_unclassified.s__Victivallales_bacterium_CCUG_44730	6.00539e-07
VALSYN-PWY: L-valine biosynthesis|g__Eubacteriaceae_unclassified.s__Eubacteriaceae_bacterium_CHKCI005	5.84008e-07
VALSYN-PWY: L-valine biosynthesis|g__Ruminococcus.s__Ruminococcus_callidus	5.00033e-07
VALSYN-PWY: L-valine biosynthesis|g__Slackia.s__Slackia_isoflavoniconvertens	4.18422e-07
VALSYN-PWY: L-valine biosynthesis|g__Lactococcus.s__Lactococcus_lactis	4.17452e-07
VALSYN-PWY: L-valine biosynthesis|g__Eubacterium.s__Eubacterium_limosum	4.03352e-07
VALSYN-PWY: L-valine biosynthesis|g__Bacteroides.s__Bacteroides_thetaiotaomicron	3.89403e-07
VALSYN-PWY: L-valine biosynthesis|g__Streptococcus.s__Streptococcus_oralis	3.36091e-07
VALSYN-PWY: L-valine biosynthesis|g__Lentisphaerae_unclassified.s__Lentisphaerae_bacterium	3.25902e-07
VALSYN-PWY: L-valine biosynthesis|g__Parabacteroides.s__Parabacteroides_goldsteinii	2.87979e-07
VALSYN-PWY: L-valine biosynthesis|g__Victivallis.s__Victivallis_vadensis	2.82074e-07
VALSYN-PWY: L-valine biosynthesis|g__Ruminococcaceae_unclassified.s__Clostridium_methylpentosum	2.76035e-07
VALSYN-PWY: L-valine biosynthesis|g__Gordonibacter.s__Gordonibacter_pamelaeae	2.68794e-07
VALSYN-PWY: L-valine biosynthesis|g__Streptococcus.s__Streptococcus_parasanguinis	2.50134e-07
VALSYN-PWY: L-valine biosynthesis|g__Lachnoclostridium.s__Clostridium_citroniae	2.24985e-07
VALSYN-PWY: L-valine biosynthesis|g__Roseburia.s__Roseburia_faecis	2.15123e-07
VALSYN-PWY: L-valine biosynthesis|g__Roseburia.s__Roseburia_hominis	2.06287e-07
VALSYN-PWY: L-valine biosynthesis|g__Eubacterium.s__Eubacterium_maltosivorans	2.00344e-07
VALSYN-PWY: L-valine biosynthesis|g__Hungatella.s__Hungatella_hathewayi	1.80667e-07
VALSYN-PWY: L-valine biosynthesis|g__Actinomyces.s__Actinomyces_viscosus	1.1177e-07
VALSYN-PWY: L-valine biosynthesis|g__Actinomyces.s__Actinomyces_oris	6.40804e-08
VALSYN-PWY: L-valine biosynthesis|g__Streptococcus.s__Streptococcus_pseudopneumoniae	4.68859e-08
NONMEVIPP-PWY: methylerythritol phosphate pathway I	0.000580344
NONMEVIPP-PWY: methylerythritol phosphate pathway I|unclassified	0.000149459
NONMEVIPP-PWY: methylerythritol phosphate pathway I|g__Bacteroides.s__Bacteroides_uniformis	4.99286e-05
NONMEVIPP-PWY: methylerythritol phosphate pathway I|g__Alistipes.s__Alistipes_finegoldii	2.08764e-05
NONMEVIPP-PWY: methylerythritol phosphate pathway I|g__Blautia.s__Blautia_obeum	1.83124e-05
NONMEVIPP-PWY: methylerythritol phosphate pathway I|g__Anaerostipes.s__Anaerostipes_hadrus	1.47231e-05
NONMEVIPP-PWY: methylerythritol phosphate pathway I|g__Bacteroides.s__Bacteroides_vulgatus	1.23311e-05
NONMEVIPP-PWY: methylerythritol phosphate pathway I|g__Senegalimassilia.s__Senegalimassilia_anaerobia	1.09856e-05
NONMEVIPP-PWY: methylerythritol phosphate pathway I|g__Ruminococcus.s__Ruminococcus_bromii	9.97001e-06
NONMEVIPP-PWY: methylerythritol phosphate pathway I|g__Eubacterium.s__Eubacterium_hallii	9.40014e-06
NONMEVIPP-PWY: methylerythritol phosphate pathway I|g__Blautia.s__Ruminococcus_torques	8.72816e-06
NONMEVIPP-PWY: methylerythritol phosphate pathway I|g__Fusicatenibacter.s__Fusicatenibacter_saccharivorans	7.85375e-06
NONMEVIPP-PWY: methylerythritol phosphate pathway I|g__Bacteroides.s__Bacteroides_salyersiae	7.07214e-06
NONMEVIPP-PWY: methylerythritol phosphate pathway I|g__Bifidobacterium.s__Bifidobacterium_catenulatum	6.99922e-06
NONMEVIPP-PWY: methylerythritol phosphate pathway I|g__Bifidobacterium.s__Bifidobacterium_bifidum	6.7e-06
NONMEVIPP-PWY: methylerythritol phosphate pathway I|g__Blautia.s__Blautia_wexlerae	5.26577e-06
NONMEVIPP-PWY: methylerythritol phosphate pathway I|g__Barnesiella.s__Barnesiella_intestinihominis	5.26339e-06
NONMEVIPP-PWY: methylerythritol phosphate pathway I|g__Bacteroides.s__Bacteroides_caccae	5.20342e-06
NONMEVIPP-PWY: methylerythritol phosphate pathway I|g__Phascolarctobacterium.s__Phascolarctobacterium_faecium	4.82809e-06
NONMEVIPP-PWY: methylerythritol phosphate pathway I|g__Oscillibacter.s__Oscillibacter_sp_57_20	4.55198e-06
NONMEVIPP-PWY: methylerythritol phosphate pathway I|g__Bacteroides.s__Bacteroides_massiliensis	4.33861e-06
NONMEVIPP-PWY: methylerythritol phosphate pathway I|g__Collinsella.s__Collinsella_aerofaciens	3.96136e-06
NONMEVIPP-PWY: methylerythritol phosphate pathway I|g__Eubacterium.s__Eubacterium_eligens	3.72809e-06
NONMEVIPP-PWY: methylerythritol phosphate pathway I|g__Ruminococcus.s__Ruminococcus_bicirculans	3.42019e-06
NONMEVIPP-PWY: methylerythritol phosphate pathway I|g__Dorea.s__Dorea_longicatena	3.24964e-06
NONMEVIPP-PWY: methylerythritol phosphate pathway I|g__Bacteroides.s__Bacteroides_cellulosilyticus	3.24572e-06
NONMEVIPP-PWY: methylerythritol phosphate pathway I|g__Alistipes.s__Alistipes_indistinctus	3.04171e-06
NONMEVIPP-PWY: methylerythritol phosphate pathway I|g__Gordonibacter.s__Gordonibacter_urolithinfaciens	3.02659e-06
NONMEVIPP-PWY: methylerythritol phosphate pathway I|g__Parabacteroides.s__Parabacteroides_distasonis	2.84818e-06
NONMEVIPP-PWY: methylerythritol phosphate pathway I|g__Ruthenibacterium.s__Ruthenibacterium_lactatiformans	2.64038e-06
NONMEVIPP-PWY: methylerythritol phosphate pathway I|g__Subdoligranulum.s__Subdoligranulum_sp_APC924_74	2.43531e-06
NONMEVIPP-PWY: methylerythritol phosphate pathway I|g__Lachnospira.s__Lachnospira_pectinoschiza	2.36598e-06
NONMEVIPP-PWY: methylerythritol phosphate pathway I|g__Coprococcus.s__Coprococcus_catus	2.00774e-06
NONMEVIPP-PWY: methylerythritol phosphate pathway I|g__Parabacteroides.s__Parabacteroides_merdae	2.00119e-06
NONMEVIPP-PWY: methylerythritol phosphate pathway I|g__Eisenbergiella.s__Eisenbergiella_tayi	1.76106e-06
NONMEVIPP-PWY: methylerythritol phosphate pathway I|g__Gemmiger.s__Gemmiger_formicilis	1.68407e-06
NONMEVIPP-PWY: methylerythritol phosphate pathway I|g__Eggerthella.s__Eggerthella_sp_CAG_298	1.67347e-06
NONMEVIPP-PWY: methylerythritol phosphate pathway I|g__Butyricimonas.s__Butyricimonas_virosa	1.3903e-06
NONMEVIPP-PWY: methylerythritol phosphate pathway I|g__Anaeromassilibacillus.s__Anaeromassilibacillus_sp_An250	1.28313e-06
NONMEVIPP-PWY: methylerythritol phosphate pathway I|g__Firmicutes_unclassified.s__Firmicutes_bacterium_CAG_94	1.17692e-06
NONMEVIPP-PWY: methylerythritol phosphate pathway I|g__Bacteroides.s__Bacteroides_sp_CAG_144	1.1336e-06
NONMEVIPP-PWY: methylerythritol phosphate pathway I|g__Asaccharobacter.s__Asaccharobacter_celatus	1.13093e-06
NONMEVIPP-PWY: methylerythritol phosphate pathway I|g__Flavonifractor.s__Flavonifractor_plautii	9.63455e-07
NONMEVIPP-PWY: methylerythritol phosphate pathway I|g__Eubacterium.s__Eubacterium_ramulus	8.82923e-07
NONMEVIPP-PWY: methylerythritol phosphate pathway I|g__Bilophila.s__Bilophila_wadsworthia	8.36238e-07
NONMEVIPP-PWY: methylerythritol phosphate pathway I|g__Ruminococcaceae_unclassified.s__Eubacterium_siraeum	7.32909e-07
NONMEVIPP-PWY: methylerythritol phosphate pathway I|g__Dorea.s__Dorea_formicigenerans	7.26036e-07
NONMEVIPP-PWY: methylerythritol phosphate pathway I|g__Butyricimonas.s__Butyricimonas_synergistica	7.19454e-07
NONMEVIPP-PWY: methylerythritol phosphate pathway I|g__Actinomyces.s__Actinomyces_naeslundii	6.62361e-07
NONMEVIPP-PWY: methylerythritol phosphate pathway I|g__Ruminococcaceae_unclassified.s__Ruminococcaceae_bacterium_D5	6.18176e-07
NONMEVIPP-PWY: methylerythritol phosphate pathway I|g__Bacteroides.s__Bacteroides_faecis	5.84708e-07
NONMEVIPP-PWY: methylerythritol phosphate pathway I|g__Bacteroides.s__Bacteroides_dorei	3.58401e-07
NONMEVIPP-PWY: methylerythritol phosphate pathway I|g__Blautia.s__Blautia_sp	3.5471e-07
NONMEVIPP-PWY: methylerythritol phosphate pathway I|g__Bacteroides.s__Bacteroides_thetaiotaomicron	3.51584e-07
NONMEVIPP-PWY: methylerythritol phosphate pathway I|g__Bacteroides.s__Bacteroides_ovatus	3.10511e-07
NONMEVIPP-PWY: methylerythritol phosphate pathway I|g__Bacteroides.s__Bacteroides_intestinalis	1.70568e-07
NONMEVIPP-PWY: methylerythritol phosphate pathway I|g__Ruminococcus.s__Ruminococcus_sp_AF31_8BH	1.66092e-07
NONMEVIPP-PWY: methylerythritol phosphate pathway I|g__Adlercreutzia.s__Adlercreutzia_equolifaciens	1.45958e-07
PWY-7221: guanosine ribonucleotides de novo biosynthesis	0.000571698
PWY-7221: guanosine ribonucleotides de novo biosynthesis|unclassified	0.000111708
PWY-7221: guanosine ribonucleotides de novo biosynthesis|g__Bacteroides.s__Bacteroides_uniformis	4.81063e-05
PWY-7221: guanosine ribonucleotides de novo biosynthesis|g__Akkermansia.s__Akkermansia_muciniphila	3.83559e-05
PWY-7221: guanosine ribonucleotides de novo biosynthesis|g__Faecalibacterium.s__Faecalibacterium_prausnitzii	1.87307e-05
PWY-7221: guanosine ribonucleotides de novo biosynthesis|g__Alistipes.s__Alistipes_finegoldii	1.62872e-05
PWY-7221: guanosine ribonucleotides de novo biosynthesis|g__Bacteroides.s__Bacteroides_vulgatus	1.55289e-05
PWY-7221: guanosine ribonucleotides de novo biosynthesis|g__Blautia.s__Blautia_obeum	1.3081e-05
PWY-7221: guanosine ribonucleotides de novo biosynthesis|g__Senegalimassilia.s__Senegalimassilia_anaerobia	1.29453e-05
PWY-7221: guanosine ribonucleotides de novo biosynthesis|g__Anaerostipes.s__Anaerostipes_hadrus	1.21748e-05
PWY-7221: guanosine ribonucleotides de novo biosynthesis|g__Blautia.s__Ruminococcus_torques	1.17847e-05
PWY-7221: guanosine ribonucleotides de novo biosynthesis|g__Ruminococcus.s__Ruminococcus_bromii	1.12814e-05
PWY-7221: guanosine ribonucleotides de novo biosynthesis|g__Blautia.s__Blautia_wexlerae	9.64804e-06
PWY-7221: guanosine ribonucleotides de novo biosynthesis|g__Eubacterium.s__Eubacterium_hallii	9.39005e-06
PWY-7221: guanosine ribonucleotides de novo biosynthesis|g__Fusicatenibacter.s__Fusicatenibacter_saccharivorans	8.15824e-06
PWY-7221: guanosine ribonucleotides de novo biosynthesis|g__Bacteroides.s__Bacteroides_salyersiae	8.04431e-06
PWY-7221: guanosine ribonucleotides de novo biosynthesis|g__Bacteroides.s__Bacteroides_caccae	7.85111e-06
PWY-7221: guanosine ribonucleotides de novo biosynthesis|g__Dorea.s__Dorea_longicatena	7.27243e-06
PWY-7221: guanosine ribonucleotides de novo biosynthesis|g__Bifidobacterium.s__Bifidobacterium_catenulatum	6.74282e-06
PWY-7221: guanosine ribonucleotides de novo biosynthesis|g__Phascolarctobacterium.s__Phascolarctobacterium_faecium	5.73765e-06
PWY-7221: guanosine ribonucleotides de novo biosynthesis|g__Parabacteroides.s__Parabacteroides_distasonis	5.56347e-06
PWY-7221: guanosine ribonucleotides de novo biosynthesis|g__Actinomyces.s__Actinomyces_sp_HPA0247	5.4809e-06
PWY-7221: guanosine ribonucleotides de novo biosynthesis|g__Bacteroides.s__Bacteroides_massiliensis	5.36281e-06
PWY-7221: guanosine ribonucleotides de novo biosynthesis|g__Bifidobacterium.s__Bifidobacterium_bifidum	5.33316e-06
PWY-7221: guanosine ribonucleotides de novo biosynthesis|g__Bacteroides.s__Bacteroides_cellulosilyticus	5.01438e-06
PWY-7221: guanosine ribonucleotides de novo biosynthesis|g__Streptococcus.s__Streptococcus_thermophilus	4.98431e-06
PWY-7221: guanosine ribonucleotides de novo biosynthesis|g__Eubacterium.s__Eubacterium_eligens	4.92429e-06
PWY-7221: guanosine ribonucleotides de novo biosynthesis|g__Collinsella.s__Collinsella_aerofaciens	4.64543e-06
PWY-7221: guanosine ribonucleotides de novo biosynthesis|g__Barnesiella.s__Barnesiella_intestinihominis	3.99289e-06
PWY-7221: guanosine ribonucleotides de novo biosynthesis|g__Ruminococcus.s__Ruminococcus_bicirculans	3.52529e-06
PWY-7221: guanosine ribonucleotides de novo biosynthesis|g__Gordonibacter.s__Gordonibacter_urolithinfaciens	3.01747e-06
PWY-7221: guanosine ribonucleotides de novo biosynthesis|g__Coprococcus.s__Coprococcus_catus	2.75856e-06
PWY-7221: guanosine ribonucleotides de novo biosynthesis|g__Roseburia.s__Roseburia_sp_CAG_380	2.65707e-06
PWY-7221: guanosine ribonucleotides de novo biosynthesis|g__Alistipes.s__Alistipes_indistinctus	2.59587e-06
PWY-7221: guanosine ribonucleotides de novo biosynthesis|g__Eisenbergiella.s__Eisenbergiella_tayi	2.47244e-06
PWY-7221: guanosine ribonucleotides de novo biosynthesis|g__Ruthenibacterium.s__Ruthenibacterium_lactatiformans	2.20103e-06
PWY-7221: guanosine ribonucleotides de novo biosynthesis|g__Eggerthella.s__Eggerthella_sp_CAG_298	2.12986e-06
PWY-7221: guanosine ribonucleotides de novo biosynthesis|g__Bilophila.s__Bilophila_wadsworthia	1.92263e-06
PWY-7221: guanosine ribonucleotides de novo biosynthesis|g__Asaccharobacter.s__Asaccharobacter_celatus	1.87234e-06
PWY-7221: guanosine ribonucleotides de novo biosynthesis|g__Anaeromassilibacillus.s__Anaeromassilibacillus_sp_An250	1.70784e-06
PWY-7221: guanosine ribonucleotides de novo biosynthesis|g__Alistipes.s__Alistipes_shahii	1.67701e-06
PWY-7221: guanosine ribonucleotides de novo biosynthesis|g__Flavonifractor.s__Flavonifractor_plautii	1.62689e-06
PWY-7221: guanosine ribonucleotides de novo biosynthesis|g__Alistipes.s__Alistipes_onderdonkii	1.60274e-06
PWY-7221: guanosine ribonucleotides de novo biosynthesis|g__Firmicutes_unclassified.s__Firmicutes_bacterium_CAG_94	1.59153e-06
PWY-7221: guanosine ribonucleotides de novo biosynthesis|g__Streptococcus.s__Streptococcus_salivarius	1.4925e-06
PWY-7221: guanosine ribonucleotides de novo biosynthesis|g__Clostridium.s__Clostridium_sp_CAG_58	1.47787e-06
PWY-7221: guanosine ribonucleotides de novo biosynthesis|g__Eubacterium.s__Eubacterium_ramulus	1.36545e-06
PWY-7221: guanosine ribonucleotides de novo biosynthesis|g__Actinomyces.s__Actinomyces_naeslundii	1.27358e-06
PWY-7221: guanosine ribonucleotides de novo biosynthesis|g__Gordonibacter.s__Gordonibacter_pamelaeae	1.23279e-06
PWY-7221: guanosine ribonucleotides de novo biosynthesis|g__Lactococcus.s__Lactococcus_lactis	1.14102e-06
PWY-7221: guanosine ribonucleotides de novo biosynthesis|g__Bacteroides.s__Bacteroides_fragilis	1.03285e-06
PWY-7221: guanosine ribonucleotides de novo biosynthesis|g__Bacteroides.s__Bacteroides_dorei	1.01563e-06
PWY-7221: guanosine ribonucleotides de novo biosynthesis|g__Streptococcus.s__Streptococcus_australis	1.01543e-06
PWY-7221: guanosine ribonucleotides de novo biosynthesis|g__Streptococcus.s__Streptococcus_sp_A12	9.6364e-07
PWY-7221: guanosine ribonucleotides de novo biosynthesis|g__Adlercreutzia.s__Adlercreutzia_equolifaciens	9.33689e-07
PWY-7221: guanosine ribonucleotides de novo biosynthesis|g__Bacteroides.s__Bacteroides_faecis	9.01043e-07
PWY-7221: guanosine ribonucleotides de novo biosynthesis|g__Bacteroides.s__Bacteroides_thetaiotaomicron	8.5462e-07
PWY-7221: guanosine ribonucleotides de novo biosynthesis|g__Bifidobacterium.s__Bifidobacterium_adolescentis	8.33181e-07
PWY-7221: guanosine ribonucleotides de novo biosynthesis|g__Erysipelatoclostridium.s__Clostridium_spiroforme	8.25363e-07
PWY-7221: guanosine ribonucleotides de novo biosynthesis|g__Blautia.s__Blautia_sp	7.85594e-07
PWY-7221: guanosine ribonucleotides de novo biosynthesis|g__Intestinibacter.s__Intestinibacter_bartlettii	7.37041e-07
PWY-7221: guanosine ribonucleotides de novo biosynthesis|g__Lachnospira.s__Lachnospira_pectinoschiza	7.32549e-07
PWY-7221: guanosine ribonucleotides de novo biosynthesis|g__Eggerthella.s__Eggerthella_lenta	7.03853e-07
PWY-7221: guanosine ribonucleotides de novo biosynthesis|g__Bifidobacterium.s__Bifidobacterium_longum	6.99811e-07
PWY-7221: guanosine ribonucleotides de novo biosynthesis|g__Bacteroides.s__Bacteroides_intestinalis	6.81861e-07
PWY-7221: guanosine ribonucleotides de novo biosynthesis|g__Bacteroides.s__Bacteroides_ovatus	6.70861e-07
PWY-7221: guanosine ribonucleotides de novo biosynthesis|g__Ruminococcaceae_unclassified.s__Ruminococcaceae_bacterium_D5	6.40012e-07
PWY-7221: guanosine ribonucleotides de novo biosynthesis|g__Ruminococcaceae_unclassified.s__Eubacterium_siraeum	6.13837e-07
PWY-7221: guanosine ribonucleotides de novo biosynthesis|g__Dorea.s__Dorea_formicigenerans	6.13115e-07
PWY-7221: guanosine ribonucleotides de novo biosynthesis|g__Victivallis.s__Victivallis_vadensis	5.69993e-07
PWY-7221: guanosine ribonucleotides de novo biosynthesis|g__Parabacteroides.s__Parabacteroides_goldsteinii	5.17013e-07
PWY-7221: guanosine ribonucleotides de novo biosynthesis|g__Victivallales_unclassified.s__Victivallales_bacterium_CCUG_44730	5.04434e-07
PWY-7221: guanosine ribonucleotides de novo biosynthesis|g__Lentisphaerae_unclassified.s__Lentisphaerae_bacterium	4.87341e-07
PWY-7221: guanosine ribonucleotides de novo biosynthesis|g__Rothia.s__Rothia_mucilaginosa	3.84819e-07
PWY-7221: guanosine ribonucleotides de novo biosynthesis|g__Streptococcus.s__Streptococcus_oralis	3.78225e-07
PWY-7221: guanosine ribonucleotides de novo biosynthesis|g__Eubacterium.s__Eubacterium_ventriosum	3.09965e-07
PWY-7221: guanosine ribonucleotides de novo biosynthesis|g__Clostridium.s__Clostridium_sp_AM22_11AC	2.68071e-07
PWY-7221: guanosine ribonucleotides de novo biosynthesis|g__Lachnospiraceae_unclassified.s__Eubacterium_rectale	2.00951e-07
PWY-7221: guanosine ribonucleotides de novo biosynthesis|g__Streptococcus.s__Streptococcus_parasanguinis	1.94728e-07
PWY-7221: guanosine ribonucleotides de novo biosynthesis|g__Actinomyces.s__Actinomyces_oris	1.742e-07
PWY-7221: guanosine ribonucleotides de novo biosynthesis|g__Actinomyces.s__Actinomyces_viscosus	4.50687e-08
ARO-PWY: chorismate biosynthesis I	0.000570881
ARO-PWY: chorismate biosynthesis I|unclassified	0.00013759
ARO-PWY: chorismate biosynthesis I|g__Faecalibacterium.s__Faecalibacterium_prausnitzii	4.34122e-05
ARO-PWY: chorismate biosynthesis I|g__Blautia.s__Blautia_obeum	3.59844e-05
ARO-PWY: chorismate biosynthesis I|g__Akkermansia.s__Akkermansia_muciniphila	3.29345e-05
ARO-PWY: chorismate biosynthesis I|g__Alistipes.s__Alistipes_finegoldii	2.18903e-05
ARO-PWY: chorismate biosynthesis I|g__Anaerostipes.s__Anaerostipes_hadrus	1.6719e-05
ARO-PWY: chorismate biosynthesis I|g__Ruminococcus.s__Ruminococcus_bromii	1.3384e-05
ARO-PWY: chorismate biosynthesis I|g__Eubacterium.s__Eubacterium_hallii	9.93468e-06
ARO-PWY: chorismate biosynthesis I|g__Blautia.s__Ruminococcus_torques	9.60552e-06
ARO-PWY: chorismate biosynthesis I|g__Fusicatenibacter.s__Fusicatenibacter_saccharivorans	7.38325e-06
ARO-PWY: chorismate biosynthesis I|g__Bifidobacterium.s__Bifidobacterium_catenulatum	6.61716e-06
ARO-PWY: chorismate biosynthesis I|g__Dorea.s__Dorea_longicatena	5.70473e-06
ARO-PWY: chorismate biosynthesis I|g__Blautia.s__Blautia_wexlerae	5.62434e-06
ARO-PWY: chorismate biosynthesis I|g__Bifidobacterium.s__Bifidobacterium_bifidum	5.48015e-06
ARO-PWY: chorismate biosynthesis I|g__Streptococcus.s__Streptococcus_thermophilus	5.04195e-06
ARO-PWY: chorismate biosynthesis I|g__Clostridium.s__Clostridium_sp_CAG_138	5.03081e-06
ARO-PWY: chorismate biosynthesis I|g__Phascolarctobacterium.s__Phascolarctobacterium_faecium	4.76285e-06
ARO-PWY: chorismate biosynthesis I|g__Collinsella.s__Collinsella_aerofaciens	4.6776e-06
ARO-PWY: chorismate biosynthesis I|g__Bacteroides.s__Bacteroides_caccae	4.02295e-06
ARO-PWY: chorismate biosynthesis I|g__Lachnospiraceae_unclassified.s__Eubacterium_rectale	3.63921e-06
ARO-PWY: chorismate biosynthesis I|g__Bacteroides.s__Bacteroides_cellulosilyticus	3.55987e-06
ARO-PWY: chorismate biosynthesis I|g__Eubacterium.s__Eubacterium_eligens	3.36109e-06
ARO-PWY: chorismate biosynthesis I|g__Subdoligranulum.s__Subdoligranulum_sp_APC924_74	3.02937e-06
ARO-PWY: chorismate biosynthesis I|g__Parabacteroides.s__Parabacteroides_distasonis	2.92849e-06
ARO-PWY: chorismate biosynthesis I|g__Roseburia.s__Roseburia_sp_CAG_380	2.86195e-06
ARO-PWY: chorismate biosynthesis I|g__Lachnospira.s__Lachnospira_pectinoschiza	2.78665e-06
ARO-PWY: chorismate biosynthesis I|g__Coprococcus.s__Coprococcus_catus	2.26373e-06
ARO-PWY: chorismate biosynthesis I|g__Eggerthella.s__Eggerthella_sp_CAG_298	1.80593e-06
ARO-PWY: chorismate biosynthesis I|g__Eubacterium.s__Eubacterium_ramulus	1.40774e-06
ARO-PWY: chorismate biosynthesis I|g__Parabacteroides.s__Parabacteroides_merdae	1.39391e-06
ARO-PWY: chorismate biosynthesis I|g__Clostridium.s__Clostridium_sp_CAG_58	1.29768e-06
ARO-PWY: chorismate biosynthesis I|g__Flavonifractor.s__Flavonifractor_plautii	1.16448e-06
ARO-PWY: chorismate biosynthesis I|g__Eisenbergiella.s__Eisenbergiella_tayi	1.11548e-06
ARO-PWY: chorismate biosynthesis I|g__Streptococcus.s__Streptococcus_sp_A12	1.11228e-06
ARO-PWY: chorismate biosynthesis I|g__Bacteroides.s__Bacteroides_dorei	1.07578e-06
ARO-PWY: chorismate biosynthesis I|g__Intestinibacter.s__Intestinibacter_bartlettii	1.03618e-06
ARO-PWY: chorismate biosynthesis I|g__Alistipes.s__Alistipes_onderdonkii	1.00154e-06
ARO-PWY: chorismate biosynthesis I|g__Streptococcus.s__Streptococcus_salivarius	9.68466e-07
ARO-PWY: chorismate biosynthesis I|g__Dorea.s__Dorea_formicigenerans	8.32982e-07
ARO-PWY: chorismate biosynthesis I|g__Alistipes.s__Alistipes_shahii	7.91558e-07
ARO-PWY: chorismate biosynthesis I|g__Streptococcus.s__Streptococcus_pneumoniae	7.78679e-07
ARO-PWY: chorismate biosynthesis I|g__Bifidobacterium.s__Bifidobacterium_longum	7.00882e-07
ARO-PWY: chorismate biosynthesis I|g__Bacteroides.s__Bacteroides_faecis	6.92634e-07
ARO-PWY: chorismate biosynthesis I|g__Anaeromassilibacillus.s__Anaeromassilibacillus_sp_An250	6.75765e-07
ARO-PWY: chorismate biosynthesis I|g__Ruminococcaceae_unclassified.s__Eubacterium_siraeum	6.17938e-07
ARO-PWY: chorismate biosynthesis I|g__Ruminococcaceae_unclassified.s__Ruminococcaceae_bacterium_D5	5.95773e-07
ARO-PWY: chorismate biosynthesis I|g__Blautia.s__Blautia_sp	5.90147e-07
ARO-PWY: chorismate biosynthesis I|g__Roseburia.s__Roseburia_intestinalis	5.73219e-07
ARO-PWY: chorismate biosynthesis I|g__Streptococcus.s__Streptococcus_australis	5.44273e-07
ARO-PWY: chorismate biosynthesis I|g__Bacteroides.s__Bacteroides_ovatus	5.12024e-07
ARO-PWY: chorismate biosynthesis I|g__Victivallales_unclassified.s__Victivallales_bacterium_CCUG_44730	4.84907e-07
ARO-PWY: chorismate biosynthesis I|g__Bifidobacterium.s__Bifidobacterium_adolescentis	4.65328e-07
ARO-PWY: chorismate biosynthesis I|g__Ruminococcus.s__Ruminococcus_callidus	4.16787e-07
ARO-PWY: chorismate biosynthesis I|g__Blautia.s__Blautia_sp_CAG_52	2.94793e-07
ARO-PWY: chorismate biosynthesis I|g__Victivallis.s__Victivallis_vadensis	2.59353e-07
ARO-PWY: chorismate biosynthesis I|g__Bacteroides.s__Bacteroides_thetaiotaomicron	2.01291e-07
ARO-PWY: chorismate biosynthesis I|g__Bacteroides.s__Bacteroides_fragilis	1.9755e-07
ARO-PWY: chorismate biosynthesis I|g__Lentisphaerae_unclassified.s__Lentisphaerae_bacterium	8.61498e-08
PWY-6700: queuosine biosynthesis I (de novo)	0.000570037
PWY-6700: queuosine biosynthesis I (de novo)|unclassified	0.000138492
PWY-6700: queuosine biosynthesis I (de novo)|g__Bacteroides.s__Bacteroides_uniformis	6.38855e-05
PWY-6700: queuosine biosynthesis I (de novo)|g__Clostridium.s__Clostridium_sp_CAG_798	3.96151e-05
PWY-6700: queuosine biosynthesis I (de novo)|g__Akkermansia.s__Akkermansia_muciniphila	3.46329e-05
PWY-6700: queuosine biosynthesis I (de novo)|g__Faecalibacterium.s__Faecalibacterium_prausnitzii	2.2372e-05
PWY-6700: queuosine biosynthesis I (de novo)|g__Clostridium.s__Clostridium_sp_CAG_354	1.47861e-05
PWY-6700: queuosine biosynthesis I (de novo)|g__Anaerostipes.s__Anaerostipes_hadrus	1.30699e-05
PWY-6700: queuosine biosynthesis I (de novo)|g__Bacteroides.s__Bacteroides_vulgatus	1.23308e-05
PWY-6700: queuosine biosynthesis I (de novo)|g__Senegalimassilia.s__Senegalimassilia_anaerobia	1.16414e-05
PWY-6700: queuosine biosynthesis I (de novo)|g__Blautia.s__Blautia_obeum	1.08949e-05
PWY-6700: queuosine biosynthesis I (de novo)|g__Ruminococcus.s__Ruminococcus_bromii	1.00397e-05
PWY-6700: queuosine biosynthesis I (de novo)|g__Eubacterium.s__Eubacterium_hallii	8.1257e-06
PWY-6700: queuosine biosynthesis I (de novo)|g__Bacteroides.s__Bacteroides_salyersiae	7.18256e-06
PWY-6700: queuosine biosynthesis I (de novo)|g__Dorea.s__Dorea_longicatena	6.74614e-06
PWY-6700: queuosine biosynthesis I (de novo)|g__Blautia.s__Ruminococcus_torques	6.32612e-06
PWY-6700: queuosine biosynthesis I (de novo)|g__Barnesiella.s__Barnesiella_intestinihominis	6.19379e-06
PWY-6700: queuosine biosynthesis I (de novo)|g__Bacteroides.s__Bacteroides_massiliensis	6.12845e-06
PWY-6700: queuosine biosynthesis I (de novo)|g__Collinsella.s__Collinsella_aerofaciens	5.14526e-06
PWY-6700: queuosine biosynthesis I (de novo)|g__Bacteroides.s__Bacteroides_caccae	4.58651e-06
PWY-6700: queuosine biosynthesis I (de novo)|g__Ruminococcus.s__Ruminococcus_sp_CAG_177	4.52442e-06
PWY-6700: queuosine biosynthesis I (de novo)|g__Eubacterium.s__Eubacterium_eligens	4.42801e-06
PWY-6700: queuosine biosynthesis I (de novo)|g__Fusicatenibacter.s__Fusicatenibacter_saccharivorans	4.41807e-06
PWY-6700: queuosine biosynthesis I (de novo)|g__Oscillibacter.s__Oscillibacter_sp_57_20	4.37369e-06
PWY-6700: queuosine biosynthesis I (de novo)|g__Phascolarctobacterium.s__Phascolarctobacterium_faecium	4.37115e-06
PWY-6700: queuosine biosynthesis I (de novo)|g__Bacteroides.s__Bacteroides_cellulosilyticus	4.35171e-06
PWY-6700: queuosine biosynthesis I (de novo)|g__Bacteroides.s__Bacteroides_dorei	3.1241e-06
PWY-6700: queuosine biosynthesis I (de novo)|g__Blautia.s__Blautia_wexlerae	3.09483e-06
PWY-6700: queuosine biosynthesis I (de novo)|g__Streptococcus.s__Streptococcus_thermophilus	3.06711e-06
PWY-6700: queuosine biosynthesis I (de novo)|g__Ruminococcus.s__Ruminococcus_bicirculans	2.71857e-06
PWY-6700: queuosine biosynthesis I (de novo)|g__Subdoligranulum.s__Subdoligranulum_sp_APC924_74	2.66574e-06
PWY-6700: queuosine biosynthesis I (de novo)|g__Roseburia.s__Roseburia_sp_CAG_380	2.39726e-06
PWY-6700: queuosine biosynthesis I (de novo)|g__Parabacteroides.s__Parabacteroides_distasonis	2.35585e-06
PWY-6700: queuosine biosynthesis I (de novo)|g__Ruthenibacterium.s__Ruthenibacterium_lactatiformans	2.32767e-06
PWY-6700: queuosine biosynthesis I (de novo)|g__Lachnospira.s__Lachnospira_pectinoschiza	2.32631e-06
PWY-6700: queuosine biosynthesis I (de novo)|g__Coprococcus.s__Coprococcus_catus	2.31342e-06
PWY-6700: queuosine biosynthesis I (de novo)|g__Lachnospiraceae_unclassified.s__Eubacterium_rectale	2.29753e-06
PWY-6700: queuosine biosynthesis I (de novo)|g__Parabacteroides.s__Parabacteroides_merdae	2.28702e-06
PWY-6700: queuosine biosynthesis I (de novo)|g__Blautia.s__Blautia_sp	2.06015e-06
PWY-6700: queuosine biosynthesis I (de novo)|g__Bilophila.s__Bilophila_wadsworthia	1.8875e-06
PWY-6700: queuosine biosynthesis I (de novo)|g__Gordonibacter.s__Gordonibacter_urolithinfaciens	1.83804e-06
PWY-6700: queuosine biosynthesis I (de novo)|g__Asaccharobacter.s__Asaccharobacter_celatus	1.51545e-06
PWY-6700: queuosine biosynthesis I (de novo)|g__Bacteroides.s__Bacteroides_fragilis	1.41271e-06
PWY-6700: queuosine biosynthesis I (de novo)|g__Gemmiger.s__Gemmiger_formicilis	1.39964e-06
PWY-6700: queuosine biosynthesis I (de novo)|g__Firmicutes_unclassified.s__Firmicutes_bacterium_CAG_110	1.36019e-06
PWY-6700: queuosine biosynthesis I (de novo)|g__Eggerthella.s__Eggerthella_sp_CAG_298	1.31388e-06
PWY-6700: queuosine biosynthesis I (de novo)|g__Butyricimonas.s__Butyricimonas_virosa	1.21645e-06
PWY-6700: queuosine biosynthesis I (de novo)|g__Eisenbergiella.s__Eisenbergiella_tayi	1.16565e-06
PWY-6700: queuosine biosynthesis I (de novo)|g__Streptococcus.s__Streptococcus_salivarius	9.50376e-07
PWY-6700: queuosine biosynthesis I (de novo)|g__Firmicutes_unclassified.s__Firmicutes_bacterium_CAG_94	9.27327e-07
PWY-6700: queuosine biosynthesis I (de novo)|g__Anaeromassilibacillus.s__Anaeromassilibacillus_sp_An250	9.07176e-07
PWY-6700: queuosine biosynthesis I (de novo)|g__Eubacterium.s__Eubacterium_ramulus	8.85213e-07
PWY-6700: queuosine biosynthesis I (de novo)|g__Parabacteroides.s__Parabacteroides_goldsteinii	8.16181e-07
PWY-6700: queuosine biosynthesis I (de novo)|g__Clostridium.s__Clostridium_sp_CAG_58	6.70556e-07
PWY-6700: queuosine biosynthesis I (de novo)|g__Blautia.s__Blautia_sp_CAG_52	6.66415e-07
PWY-6700: queuosine biosynthesis I (de novo)|g__Dorea.s__Dorea_formicigenerans	6.07868e-07
PWY-6700: queuosine biosynthesis I (de novo)|g__Streptococcus.s__Streptococcus_oralis	4.61113e-07
PWY-6700: queuosine biosynthesis I (de novo)|g__Adlercreutzia.s__Adlercreutzia_equolifaciens	4.03152e-07
PWY-6700: queuosine biosynthesis I (de novo)|g__Bacteroides.s__Bacteroides_faecis	3.69144e-07
PWY-6700: queuosine biosynthesis I (de novo)|g__Bacteroides.s__Bacteroides_ovatus	3.6439e-07
PWY-6700: queuosine biosynthesis I (de novo)|g__Victivallales_unclassified.s__Victivallales_bacterium_CCUG_44730	3.30571e-07
PWY-6700: queuosine biosynthesis I (de novo)|g__Lawsonibacter.s__Lawsonibacter_asaccharolyticus	3.28589e-07
PWY-6700: queuosine biosynthesis I (de novo)|g__Eggerthella.s__Eggerthella_lenta	2.44476e-07
PWY-6700: queuosine biosynthesis I (de novo)|g__Roseburia.s__Roseburia_intestinalis	1.73778e-07
PWY-6700: queuosine biosynthesis I (de novo)|g__Bacteroides.s__Bacteroides_thetaiotaomicron	1.12181e-07
PWY-6700: queuosine biosynthesis I (de novo)|g__Streptococcus.s__Streptococcus_pneumoniae	5.36046e-08
GLYCOGENSYNTH-PWY: glycogen biosynthesis I (from ADP-D-Glucose)	0.000563277
GLYCOGENSYNTH-PWY: glycogen biosynthesis I (from ADP-D-Glucose)|unclassified	0.000197314
GLYCOGENSYNTH-PWY: glycogen biosynthesis I (from ADP-D-Glucose)|g__Faecalibacterium.s__Faecalibacterium_prausnitzii	3.75048e-05
GLYCOGENSYNTH-PWY: glycogen biosynthesis I (from ADP-D-Glucose)|g__Blautia.s__Blautia_obeum	3.27513e-05
GLYCOGENSYNTH-PWY: glycogen biosynthesis I (from ADP-D-Glucose)|g__Anaerostipes.s__Anaerostipes_hadrus	2.72888e-05
GLYCOGENSYNTH-PWY: glycogen biosynthesis I (from ADP-D-Glucose)|g__Eubacterium.s__Eubacterium_hallii	1.91583e-05
GLYCOGENSYNTH-PWY: glycogen biosynthesis I (from ADP-D-Glucose)|g__Blautia.s__Ruminococcus_torques	1.59045e-05
GLYCOGENSYNTH-PWY: glycogen biosynthesis I (from ADP-D-Glucose)|g__Ruminococcus.s__Ruminococcus_bromii	1.50802e-05
GLYCOGENSYNTH-PWY: glycogen biosynthesis I (from ADP-D-Glucose)|g__Fusicatenibacter.s__Fusicatenibacter_saccharivorans	1.50446e-05
GLYCOGENSYNTH-PWY: glycogen biosynthesis I (from ADP-D-Glucose)|g__Dorea.s__Dorea_longicatena	1.10987e-05
GLYCOGENSYNTH-PWY: glycogen biosynthesis I (from ADP-D-Glucose)|g__Blautia.s__Blautia_wexlerae	1.04932e-05
GLYCOGENSYNTH-PWY: glycogen biosynthesis I (from ADP-D-Glucose)|g__Bifidobacterium.s__Bifidobacterium_catenulatum	8.52321e-06
GLYCOGENSYNTH-PWY: glycogen biosynthesis I (from ADP-D-Glucose)|g__Collinsella.s__Collinsella_aerofaciens	5.49421e-06
GLYCOGENSYNTH-PWY: glycogen biosynthesis I (from ADP-D-Glucose)|g__Clostridium.s__Clostridium_sp_CAG_138	5.42522e-06
GLYCOGENSYNTH-PWY: glycogen biosynthesis I (from ADP-D-Glucose)|g__Ruminococcus.s__Ruminococcus_sp_CAG_177	4.80515e-06
GLYCOGENSYNTH-PWY: glycogen biosynthesis I (from ADP-D-Glucose)|g__Eubacterium.s__Eubacterium_eligens	4.5699e-06
GLYCOGENSYNTH-PWY: glycogen biosynthesis I (from ADP-D-Glucose)|g__Bacteroides.s__Bacteroides_caccae	3.83626e-06
GLYCOGENSYNTH-PWY: glycogen biosynthesis I (from ADP-D-Glucose)|g__Bifidobacterium.s__Bifidobacterium_bifidum	3.64796e-06
GLYCOGENSYNTH-PWY: glycogen biosynthesis I (from ADP-D-Glucose)|g__Actinomyces.s__Actinomyces_sp_HPA0247	3.54157e-06
GLYCOGENSYNTH-PWY: glycogen biosynthesis I (from ADP-D-Glucose)|g__Roseburia.s__Roseburia_sp_CAG_380	3.17826e-06
GLYCOGENSYNTH-PWY: glycogen biosynthesis I (from ADP-D-Glucose)|g__Lachnospiraceae_unclassified.s__Eubacterium_rectale	3.13848e-06
GLYCOGENSYNTH-PWY: glycogen biosynthesis I (from ADP-D-Glucose)|g__Ruminococcus.s__Ruminococcus_bicirculans	3.13469e-06
GLYCOGENSYNTH-PWY: glycogen biosynthesis I (from ADP-D-Glucose)|g__Coprococcus.s__Coprococcus_catus	3.12518e-06
GLYCOGENSYNTH-PWY: glycogen biosynthesis I (from ADP-D-Glucose)|g__Subdoligranulum.s__Subdoligranulum_sp_APC924_74	2.83984e-06
GLYCOGENSYNTH-PWY: glycogen biosynthesis I (from ADP-D-Glucose)|g__Ruthenibacterium.s__Ruthenibacterium_lactatiformans	2.63958e-06
GLYCOGENSYNTH-PWY: glycogen biosynthesis I (from ADP-D-Glucose)|g__Eubacterium.s__Eubacterium_ramulus	2.25735e-06
GLYCOGENSYNTH-PWY: glycogen biosynthesis I (from ADP-D-Glucose)|g__Clostridium.s__Clostridium_sp_CAG_58	2.22077e-06
GLYCOGENSYNTH-PWY: glycogen biosynthesis I (from ADP-D-Glucose)|g__Flavonifractor.s__Flavonifractor_plautii	2.05401e-06
GLYCOGENSYNTH-PWY: glycogen biosynthesis I (from ADP-D-Glucose)|g__Gemmiger.s__Gemmiger_formicilis	2.01096e-06
GLYCOGENSYNTH-PWY: glycogen biosynthesis I (from ADP-D-Glucose)|g__Eisenbergiella.s__Eisenbergiella_tayi	1.68914e-06
GLYCOGENSYNTH-PWY: glycogen biosynthesis I (from ADP-D-Glucose)|g__Firmicutes_unclassified.s__Firmicutes_bacterium_CAG_110	1.61463e-06
GLYCOGENSYNTH-PWY: glycogen biosynthesis I (from ADP-D-Glucose)|g__Firmicutes_unclassified.s__Firmicutes_bacterium_CAG_94	1.59223e-06
GLYCOGENSYNTH-PWY: glycogen biosynthesis I (from ADP-D-Glucose)|g__Blautia.s__Blautia_sp	1.49837e-06
GLYCOGENSYNTH-PWY: glycogen biosynthesis I (from ADP-D-Glucose)|g__Lachnospira.s__Lachnospira_pectinoschiza	1.45625e-06
GLYCOGENSYNTH-PWY: glycogen biosynthesis I (from ADP-D-Glucose)|g__Dorea.s__Dorea_formicigenerans	1.45407e-06
GLYCOGENSYNTH-PWY: glycogen biosynthesis I (from ADP-D-Glucose)|g__Streptococcus.s__Streptococcus_sp_A12	1.38775e-06
GLYCOGENSYNTH-PWY: glycogen biosynthesis I (from ADP-D-Glucose)|g__Streptococcus.s__Streptococcus_pneumoniae	1.17309e-06
GLYCOGENSYNTH-PWY: glycogen biosynthesis I (from ADP-D-Glucose)|g__Anaeromassilibacillus.s__Anaeromassilibacillus_sp_An250	1.172e-06
GLYCOGENSYNTH-PWY: glycogen biosynthesis I (from ADP-D-Glucose)|g__Bacteroides.s__Bacteroides_cellulosilyticus	1.08395e-06
GLYCOGENSYNTH-PWY: glycogen biosynthesis I (from ADP-D-Glucose)|g__Roseburia.s__Roseburia_intestinalis	1.05087e-06
GLYCOGENSYNTH-PWY: glycogen biosynthesis I (from ADP-D-Glucose)|g__Blautia.s__Blautia_sp_CAG_52	9.37628e-07
GLYCOGENSYNTH-PWY: glycogen biosynthesis I (from ADP-D-Glucose)|g__Intestinibacter.s__Intestinibacter_bartlettii	9.11767e-07
GLYCOGENSYNTH-PWY: glycogen biosynthesis I (from ADP-D-Glucose)|g__Streptococcus.s__Streptococcus_australis	8.47416e-07
GLYCOGENSYNTH-PWY: glycogen biosynthesis I (from ADP-D-Glucose)|g__Firmicutes_unclassified.s__Firmicutes_bacterium_CAG_103	8.4287e-07
GLYCOGENSYNTH-PWY: glycogen biosynthesis I (from ADP-D-Glucose)|g__Ruminococcaceae_unclassified.s__Eubacterium_siraeum	7.01705e-07
GLYCOGENSYNTH-PWY: glycogen biosynthesis I (from ADP-D-Glucose)|g__Ruminococcus.s__Ruminococcus_callidus	6.99234e-07
GLYCOGENSYNTH-PWY: glycogen biosynthesis I (from ADP-D-Glucose)|g__Lactococcus.s__Lactococcus_lactis	6.96202e-07
GLYCOGENSYNTH-PWY: glycogen biosynthesis I (from ADP-D-Glucose)|g__Bacteroides.s__Bacteroides_faecis	6.788e-07
GLYCOGENSYNTH-PWY: glycogen biosynthesis I (from ADP-D-Glucose)|g__Bifidobacterium.s__Bifidobacterium_longum	6.75709e-07
GLYCOGENSYNTH-PWY: glycogen biosynthesis I (from ADP-D-Glucose)|g__Clostridium.s__Clostridium_sp_AM22_11AC	6.60257e-07
GLYCOGENSYNTH-PWY: glycogen biosynthesis I (from ADP-D-Glucose)|g__Bifidobacterium.s__Bifidobacterium_adolescentis	6.43606e-07
GLYCOGENSYNTH-PWY: glycogen biosynthesis I (from ADP-D-Glucose)|g__Streptococcus.s__Streptococcus_oralis	6.42605e-07
GLYCOGENSYNTH-PWY: glycogen biosynthesis I (from ADP-D-Glucose)|g__Lawsonibacter.s__Lawsonibacter_asaccharolyticus	5.82064e-07
GLYCOGENSYNTH-PWY: glycogen biosynthesis I (from ADP-D-Glucose)|g__Streptococcus.s__Streptococcus_salivarius	5.69397e-07
GLYCOGENSYNTH-PWY: glycogen biosynthesis I (from ADP-D-Glucose)|g__Bacteroides.s__Bacteroides_fragilis	4.40615e-07
GLYCOGENSYNTH-PWY: glycogen biosynthesis I (from ADP-D-Glucose)|g__Blautia.s__Blautia_hydrogenotrophica	3.83354e-07
GLYCOGENSYNTH-PWY: glycogen biosynthesis I (from ADP-D-Glucose)|g__Bacteroides.s__Bacteroides_ovatus	3.39241e-07
GLYCOGENSYNTH-PWY: glycogen biosynthesis I (from ADP-D-Glucose)|g__Roseburia.s__Roseburia_faecis	3.24625e-07
GLYCOGENSYNTH-PWY: glycogen biosynthesis I (from ADP-D-Glucose)|g__Eubacteriaceae_unclassified.s__Eubacteriaceae_bacterium_CHKCI005	3.22362e-07
GLYCOGENSYNTH-PWY: glycogen biosynthesis I (from ADP-D-Glucose)|g__Ruminococcus.s__Ruminococcus_sp_AF31_8BH	3.20694e-07
GLYCOGENSYNTH-PWY: glycogen biosynthesis I (from ADP-D-Glucose)|g__Hungatella.s__Hungatella_hathewayi	2.80835e-07
GLYCOGENSYNTH-PWY: glycogen biosynthesis I (from ADP-D-Glucose)|g__Bacteroides.s__Bacteroides_thetaiotaomicron	2.65451e-07
GLYCOGENSYNTH-PWY: glycogen biosynthesis I (from ADP-D-Glucose)|g__Eubacterium.s__Eubacterium_limosum	2.40879e-07
GLYCOGENSYNTH-PWY: glycogen biosynthesis I (from ADP-D-Glucose)|g__Eubacterium.s__Eubacterium_maltosivorans	1.88938e-07
GLYCOGENSYNTH-PWY: glycogen biosynthesis I (from ADP-D-Glucose)|g__Lachnoclostridium.s__Clostridium_citroniae	1.52323e-07
GLYCOGENSYNTH-PWY: glycogen biosynthesis I (from ADP-D-Glucose)|g__Roseburia.s__Roseburia_hominis	1.13532e-07
GLYCOGENSYNTH-PWY: glycogen biosynthesis I (from ADP-D-Glucose)|g__Streptococcus.s__Streptococcus_pseudopneumoniae	7.51602e-08
ANAGLYCOLYSIS-PWY: glycolysis III (from glucose)	0.000563121
ANAGLYCOLYSIS-PWY: glycolysis III (from glucose)|unclassified	8.97358e-05
ANAGLYCOLYSIS-PWY: glycolysis III (from glucose)|g__Anaerostipes.s__Anaerostipes_hadrus	1.97444e-05
ANAGLYCOLYSIS-PWY: glycolysis III (from glucose)|g__Blautia.s__Blautia_obeum	1.93528e-05
ANAGLYCOLYSIS-PWY: glycolysis III (from glucose)|g__Blautia.s__Ruminococcus_torques	1.00427e-05
ANAGLYCOLYSIS-PWY: glycolysis III (from glucose)|g__Blautia.s__Blautia_wexlerae	7.61604e-06
ANAGLYCOLYSIS-PWY: glycolysis III (from glucose)|g__Bacteroides.s__Bacteroides_salyersiae	7.14385e-06
ANAGLYCOLYSIS-PWY: glycolysis III (from glucose)|g__Fusicatenibacter.s__Fusicatenibacter_saccharivorans	7.02931e-06
ANAGLYCOLYSIS-PWY: glycolysis III (from glucose)|g__Actinomyces.s__Actinomyces_sp_HPA0247	4.93228e-06
ANAGLYCOLYSIS-PWY: glycolysis III (from glucose)|g__Collinsella.s__Collinsella_aerofaciens	4.72486e-06
ANAGLYCOLYSIS-PWY: glycolysis III (from glucose)|g__Streptococcus.s__Streptococcus_thermophilus	4.24287e-06
ANAGLYCOLYSIS-PWY: glycolysis III (from glucose)|g__Lachnospiraceae_unclassified.s__Eubacterium_rectale	4.01183e-06
ANAGLYCOLYSIS-PWY: glycolysis III (from glucose)|g__Dorea.s__Dorea_longicatena	3.82871e-06
ANAGLYCOLYSIS-PWY: glycolysis III (from glucose)|g__Eubacterium.s__Eubacterium_eligens	3.58858e-06
ANAGLYCOLYSIS-PWY: glycolysis III (from glucose)|g__Parabacteroides.s__Parabacteroides_distasonis	3.57797e-06
ANAGLYCOLYSIS-PWY: glycolysis III (from glucose)|g__Ruminococcus.s__Ruminococcus_bicirculans	2.95223e-06
ANAGLYCOLYSIS-PWY: glycolysis III (from glucose)|g__Coprococcus.s__Coprococcus_catus	2.8679e-06
ANAGLYCOLYSIS-PWY: glycolysis III (from glucose)|g__Bacteroides.s__Bacteroides_cellulosilyticus	1.87392e-06
ANAGLYCOLYSIS-PWY: glycolysis III (from glucose)|g__Flavonifractor.s__Flavonifractor_plautii	1.76091e-06
ANAGLYCOLYSIS-PWY: glycolysis III (from glucose)|g__Eisenbergiella.s__Eisenbergiella_tayi	1.14001e-06
ANAGLYCOLYSIS-PWY: glycolysis III (from glucose)|g__Lactococcus.s__Lactococcus_lactis	1.05451e-06
ANAGLYCOLYSIS-PWY: glycolysis III (from glucose)|g__Streptococcus.s__Streptococcus_sp_A12	8.70014e-07
ANAGLYCOLYSIS-PWY: glycolysis III (from glucose)|g__Streptococcus.s__Streptococcus_australis	8.06255e-07
ANAGLYCOLYSIS-PWY: glycolysis III (from glucose)|g__Bacteroides.s__Bacteroides_fragilis	7.21001e-07
ANAGLYCOLYSIS-PWY: glycolysis III (from glucose)|g__Blautia.s__Blautia_sp	6.14826e-07
ANAGLYCOLYSIS-PWY: glycolysis III (from glucose)|g__Actinomyces.s__Actinomyces_viscosus	3.93866e-07
ANAGLYCOLYSIS-PWY: glycolysis III (from glucose)|g__Ruminococcus.s__Ruminococcus_sp_AF31_8BH	2.17801e-07
ANAGLYCOLYSIS-PWY: glycolysis III (from glucose)|g__Streptococcus.s__Streptococcus_salivarius	2.13644e-07
ANAGLYCOLYSIS-PWY: glycolysis III (from glucose)|g__Actinomyces.s__Actinomyces_oris	1.93525e-07
ANAGLYCOLYSIS-PWY: glycolysis III (from glucose)|g__Actinomyces.s__Actinomyces_naeslundii	1.91754e-07
PWY-3841: folate transformations II (plants)	0.000554219
PWY-3841: folate transformations II (plants)|unclassified	0.000144204
PWY-3841: folate transformations II (plants)|g__Bacteroides.s__Bacteroides_uniformis	6.37772e-05
PWY-3841: folate transformations II (plants)|g__Akkermansia.s__Akkermansia_muciniphila	3.31971e-05
PWY-3841: folate transformations II (plants)|g__Alistipes.s__Alistipes_finegoldii	3.05655e-05
PWY-3841: folate transformations II (plants)|g__Anaerostipes.s__Anaerostipes_hadrus	1.2701e-05
PWY-3841: folate transformations II (plants)|g__Bacteroides.s__Bacteroides_vulgatus	1.22239e-05
PWY-3841: folate transformations II (plants)|g__Dorea.s__Dorea_longicatena	8.89502e-06
PWY-3841: folate transformations II (plants)|g__Bacteroides.s__Bacteroides_salyersiae	8.13489e-06
PWY-3841: folate transformations II (plants)|g__Bifidobacterium.s__Bifidobacterium_catenulatum	8.00359e-06
PWY-3841: folate transformations II (plants)|g__Blautia.s__Ruminococcus_torques	7.9004e-06
PWY-3841: folate transformations II (plants)|g__Blautia.s__Blautia_obeum	7.08739e-06
PWY-3841: folate transformations II (plants)|g__Eubacterium.s__Eubacterium_hallii	6.7077e-06
PWY-3841: folate transformations II (plants)|g__Barnesiella.s__Barnesiella_intestinihominis	6.6926e-06
PWY-3841: folate transformations II (plants)|g__Firmicutes_unclassified.s__Firmicutes_bacterium_CAG_114	5.98028e-06
PWY-3841: folate transformations II (plants)|g__Blautia.s__Blautia_wexlerae	5.77165e-06
PWY-3841: folate transformations II (plants)|g__Bacteroides.s__Bacteroides_massiliensis	5.08057e-06
PWY-3841: folate transformations II (plants)|g__Lachnospiraceae_unclassified.s__Eubacterium_rectale	4.81381e-06
PWY-3841: folate transformations II (plants)|g__Bacteroides.s__Bacteroides_caccae	4.22317e-06
PWY-3841: folate transformations II (plants)|g__Ruminococcus.s__Ruminococcus_sp_CAG_177	4.04117e-06
PWY-3841: folate transformations II (plants)|g__Actinomyces.s__Actinomyces_sp_HPA0247	3.96497e-06
PWY-3841: folate transformations II (plants)|g__Streptococcus.s__Streptococcus_thermophilus	3.63479e-06
PWY-3841: folate transformations II (plants)|g__Alistipes.s__Alistipes_indistinctus	3.59806e-06
PWY-3841: folate transformations II (plants)|g__Parabacteroides.s__Parabacteroides_distasonis	2.94348e-06
PWY-3841: folate transformations II (plants)|g__Coprococcus.s__Coprococcus_catus	2.72875e-06
PWY-3841: folate transformations II (plants)|g__Bacteroides.s__Bacteroides_cellulosilyticus	2.50011e-06
PWY-3841: folate transformations II (plants)|g__Flavonifractor.s__Flavonifractor_plautii	1.85469e-06
PWY-3841: folate transformations II (plants)|g__Parabacteroides.s__Parabacteroides_merdae	1.79887e-06
PWY-3841: folate transformations II (plants)|g__Lactococcus.s__Lactococcus_lactis	1.34971e-06
PWY-3841: folate transformations II (plants)|g__Bacteroides.s__Bacteroides_fragilis	1.34764e-06
PWY-3841: folate transformations II (plants)|g__Eisenbergiella.s__Eisenbergiella_tayi	1.31816e-06
PWY-3841: folate transformations II (plants)|g__Streptococcus.s__Streptococcus_australis	1.25752e-06
PWY-3841: folate transformations II (plants)|g__Bacteroides.s__Bacteroides_dorei	1.16559e-06
PWY-3841: folate transformations II (plants)|g__Butyricimonas.s__Butyricimonas_virosa	1.06396e-06
PWY-3841: folate transformations II (plants)|g__Eubacterium.s__Eubacterium_ramulus	9.64342e-07
PWY-3841: folate transformations II (plants)|g__Bifidobacterium.s__Bifidobacterium_longum	9.46419e-07
PWY-3841: folate transformations II (plants)|g__Bacteroides.s__Bacteroides_faecis	8.42413e-07
PWY-3841: folate transformations II (plants)|g__Butyricimonas.s__Butyricimonas_synergistica	7.02155e-07
PWY-3841: folate transformations II (plants)|g__Alistipes.s__Alistipes_onderdonkii	6.56263e-07
PWY-3841: folate transformations II (plants)|g__Parabacteroides.s__Parabacteroides_goldsteinii	6.31081e-07
PWY-3841: folate transformations II (plants)|g__Ruminococcaceae_unclassified.s__Eubacterium_siraeum	5.62767e-07
PWY-3841: folate transformations II (plants)|g__Actinomyces.s__Actinomyces_naeslundii	5.28434e-07
PWY-3841: folate transformations II (plants)|g__Bacteroides.s__Bacteroides_thetaiotaomicron	5.24507e-07
PWY-3841: folate transformations II (plants)|g__Streptococcus.s__Streptococcus_pneumoniae	4.10678e-07
PWY-3841: folate transformations II (plants)|g__Bacteroides.s__Bacteroides_ovatus	3.42982e-07
PWY-3841: folate transformations II (plants)|g__Blautia.s__Blautia_hydrogenotrophica	3.41964e-07
PWY-3841: folate transformations II (plants)|g__Streptococcus.s__Streptococcus_sp_A12	3.25964e-07
PWY-3841: folate transformations II (plants)|g__Bifidobacterium.s__Bifidobacterium_adolescentis	2.98521e-07
PWY-3841: folate transformations II (plants)|g__Streptococcus.s__Streptococcus_parasanguinis	1.37665e-07
PWY-5097: L-lysine biosynthesis VI	0.000518391
PWY-5097: L-lysine biosynthesis VI|unclassified	8.03357e-05
PWY-5097: L-lysine biosynthesis VI|g__Bacteroides.s__Bacteroides_uniformis	5.53928e-05
PWY-5097: L-lysine biosynthesis VI|g__Akkermansia.s__Akkermansia_muciniphila	3.45236e-05
PWY-5097: L-lysine biosynthesis VI|g__Blautia.s__Blautia_obeum	3.06411e-05
PWY-5097: L-lysine biosynthesis VI|g__Alistipes.s__Alistipes_finegoldii	2.16899e-05
PWY-5097: L-lysine biosynthesis VI|g__Faecalibacterium.s__Faecalibacterium_prausnitzii	1.84368e-05
PWY-5097: L-lysine biosynthesis VI|g__Clostridium.s__Clostridium_sp_CAG_354	1.5629e-05
PWY-5097: L-lysine biosynthesis VI|g__Anaerostipes.s__Anaerostipes_hadrus	1.33609e-05
PWY-5097: L-lysine biosynthesis VI|g__Bacteroides.s__Bacteroides_vulgatus	1.01797e-05
PWY-5097: L-lysine biosynthesis VI|g__Bifidobacterium.s__Bifidobacterium_catenulatum	9.55798e-06
PWY-5097: L-lysine biosynthesis VI|g__Senegalimassilia.s__Senegalimassilia_anaerobia	9.14709e-06
PWY-5097: L-lysine biosynthesis VI|g__Ruminococcus.s__Ruminococcus_bromii	9.0382e-06
PWY-5097: L-lysine biosynthesis VI|g__Blautia.s__Blautia_wexlerae	8.16244e-06
PWY-5097: L-lysine biosynthesis VI|g__Blautia.s__Ruminococcus_torques	8.11611e-06
PWY-5097: L-lysine biosynthesis VI|g__Bacteroides.s__Bacteroides_salyersiae	7.55858e-06
PWY-5097: L-lysine biosynthesis VI|g__Fusicatenibacter.s__Fusicatenibacter_saccharivorans	7.31766e-06
PWY-5097: L-lysine biosynthesis VI|g__Eubacterium.s__Eubacterium_hallii	7.04368e-06
PWY-5097: L-lysine biosynthesis VI|g__Bifidobacterium.s__Bifidobacterium_bifidum	6.34951e-06
PWY-5097: L-lysine biosynthesis VI|g__Barnesiella.s__Barnesiella_intestinihominis	5.79999e-06
PWY-5097: L-lysine biosynthesis VI|g__Dorea.s__Dorea_longicatena	5.21675e-06
PWY-5097: L-lysine biosynthesis VI|g__Bacteroides.s__Bacteroides_caccae	4.72793e-06
PWY-5097: L-lysine biosynthesis VI|g__Bacteroides.s__Bacteroides_massiliensis	4.02014e-06
PWY-5097: L-lysine biosynthesis VI|g__Actinomyces.s__Actinomyces_sp_HPA0247	4.0155e-06
PWY-5097: L-lysine biosynthesis VI|g__Parabacteroides.s__Parabacteroides_distasonis	3.92207e-06
PWY-5097: L-lysine biosynthesis VI|g__Eubacterium.s__Eubacterium_eligens	3.92056e-06
PWY-5097: L-lysine biosynthesis VI|g__Coprococcus.s__Coprococcus_catus	2.49951e-06
PWY-5097: L-lysine biosynthesis VI|g__Lachnospira.s__Lachnospira_pectinoschiza	2.49915e-06
PWY-5097: L-lysine biosynthesis VI|g__Lachnospiraceae_unclassified.s__Eubacterium_rectale	2.46576e-06
PWY-5097: L-lysine biosynthesis VI|g__Ruthenibacterium.s__Ruthenibacterium_lactatiformans	2.07703e-06
PWY-5097: L-lysine biosynthesis VI|g__Bacteroides.s__Bacteroides_cellulosilyticus	2.03686e-06
PWY-5097: L-lysine biosynthesis VI|g__Parabacteroides.s__Parabacteroides_merdae	1.91216e-06
PWY-5097: L-lysine biosynthesis VI|g__Eisenbergiella.s__Eisenbergiella_tayi	1.69319e-06
PWY-5097: L-lysine biosynthesis VI|g__Bilophila.s__Bilophila_wadsworthia	1.65682e-06
PWY-5097: L-lysine biosynthesis VI|g__Gemmiger.s__Gemmiger_formicilis	1.56069e-06
PWY-5097: L-lysine biosynthesis VI|g__Flavonifractor.s__Flavonifractor_plautii	1.46559e-06
PWY-5097: L-lysine biosynthesis VI|g__Eggerthella.s__Eggerthella_sp_CAG_298	1.33805e-06
PWY-5097: L-lysine biosynthesis VI|g__Bacteroides.s__Bacteroides_dorei	1.25253e-06
PWY-5097: L-lysine biosynthesis VI|g__Dorea.s__Dorea_formicigenerans	9.24847e-07
PWY-5097: L-lysine biosynthesis VI|g__Intestinibacter.s__Intestinibacter_bartlettii	9.0266e-07
PWY-5097: L-lysine biosynthesis VI|g__Alistipes.s__Alistipes_onderdonkii	8.11904e-07
PWY-5097: L-lysine biosynthesis VI|g__Adlercreutzia.s__Adlercreutzia_equolifaciens	7.15484e-07
PWY-5097: L-lysine biosynthesis VI|g__Asaccharobacter.s__Asaccharobacter_celatus	6.96595e-07
PWY-5097: L-lysine biosynthesis VI|g__Eubacterium.s__Eubacterium_ramulus	6.89913e-07
PWY-5097: L-lysine biosynthesis VI|g__Ruminococcaceae_unclassified.s__Ruminococcaceae_bacterium_D5	6.66428e-07
PWY-5097: L-lysine biosynthesis VI|g__Bacteroides.s__Bacteroides_intestinalis	6.62312e-07
PWY-5097: L-lysine biosynthesis VI|g__Bifidobacterium.s__Bifidobacterium_adolescentis	5.49086e-07
PWY-5097: L-lysine biosynthesis VI|g__Bacteroides.s__Bacteroides_fragilis	5.24759e-07
PWY-5097: L-lysine biosynthesis VI|g__Ruminococcus.s__Ruminococcus_callidus	4.8037e-07
PWY-5097: L-lysine biosynthesis VI|g__Ruminococcaceae_unclassified.s__Eubacterium_siraeum	4.35629e-07
PWY-5097: L-lysine biosynthesis VI|g__Parabacteroides.s__Parabacteroides_goldsteinii	3.69119e-07
PWY-5097: L-lysine biosynthesis VI|g__Bacteroides.s__Bacteroides_thetaiotaomicron	3.63996e-07
PWY-5097: L-lysine biosynthesis VI|g__Eubacterium.s__Eubacterium_limosum	3.32017e-07
PWY-5097: L-lysine biosynthesis VI|g__Eubacterium.s__Eubacterium_maltosivorans	1.9214e-07
PWY-5097: L-lysine biosynthesis VI|g__Hungatella.s__Hungatella_hathewayi	1.61837e-07
PWY-5097: L-lysine biosynthesis VI|g__Bacteroides.s__Bacteroides_ovatus	1.50058e-07
PWY0-1319: CDP-diacylglycerol biosynthesis II	0.000504566
PWY0-1319: CDP-diacylglycerol biosynthesis II|unclassified	9.52875e-05
PWY0-1319: CDP-diacylglycerol biosynthesis II|g__Bacteroides.s__Bacteroides_uniformis	5.2639e-05
PWY0-1319: CDP-diacylglycerol biosynthesis II|g__Faecalibacterium.s__Faecalibacterium_prausnitzii	2.42976e-05
PWY0-1319: CDP-diacylglycerol biosynthesis II|g__Alistipes.s__Alistipes_finegoldii	2.20686e-05
PWY0-1319: CDP-diacylglycerol biosynthesis II|g__Blautia.s__Blautia_obeum	2.1953e-05
PWY0-1319: CDP-diacylglycerol biosynthesis II|g__Bacteroides.s__Bacteroides_vulgatus	1.25243e-05
PWY0-1319: CDP-diacylglycerol biosynthesis II|g__Anaerostipes.s__Anaerostipes_hadrus	1.12258e-05
PWY0-1319: CDP-diacylglycerol biosynthesis II|g__Blautia.s__Ruminococcus_torques	7.8465e-06
PWY0-1319: CDP-diacylglycerol biosynthesis II|g__Eubacterium.s__Eubacterium_hallii	7.5064e-06
PWY0-1319: CDP-diacylglycerol biosynthesis II|g__Fusicatenibacter.s__Fusicatenibacter_saccharivorans	6.81763e-06
PWY0-1319: CDP-diacylglycerol biosynthesis II|g__Bacteroides.s__Bacteroides_salyersiae	5.93747e-06
PWY0-1319: CDP-diacylglycerol biosynthesis II|g__Barnesiella.s__Barnesiella_intestinihominis	5.51273e-06
PWY0-1319: CDP-diacylglycerol biosynthesis II|g__Bacteroides.s__Bacteroides_caccae	4.21458e-06
PWY0-1319: CDP-diacylglycerol biosynthesis II|g__Streptococcus.s__Streptococcus_thermophilus	3.99627e-06
PWY0-1319: CDP-diacylglycerol biosynthesis II|g__Lachnospiraceae_unclassified.s__Eubacterium_rectale	3.90507e-06
PWY0-1319: CDP-diacylglycerol biosynthesis II|g__Blautia.s__Blautia_wexlerae	3.85553e-06
PWY0-1319: CDP-diacylglycerol biosynthesis II|g__Bacteroides.s__Bacteroides_massiliensis	3.67611e-06
PWY0-1319: CDP-diacylglycerol biosynthesis II|g__Eubacterium.s__Eubacterium_eligens	3.40673e-06
PWY0-1319: CDP-diacylglycerol biosynthesis II|g__Dorea.s__Dorea_longicatena	2.80703e-06
PWY0-1319: CDP-diacylglycerol biosynthesis II|g__Bacteroides.s__Bacteroides_cellulosilyticus	2.68244e-06
PWY0-1319: CDP-diacylglycerol biosynthesis II|g__Lachnospira.s__Lachnospira_pectinoschiza	2.62815e-06
PWY0-1319: CDP-diacylglycerol biosynthesis II|g__Ruthenibacterium.s__Ruthenibacterium_lactatiformans	2.45203e-06
PWY0-1319: CDP-diacylglycerol biosynthesis II|g__Alistipes.s__Alistipes_indistinctus	2.43318e-06
PWY0-1319: CDP-diacylglycerol biosynthesis II|g__Parabacteroides.s__Parabacteroides_distasonis	2.41029e-06
PWY0-1319: CDP-diacylglycerol biosynthesis II|g__Gordonibacter.s__Gordonibacter_urolithinfaciens	2.31669e-06
PWY0-1319: CDP-diacylglycerol biosynthesis II|g__Subdoligranulum.s__Subdoligranulum_sp_APC924_74	2.27196e-06
PWY0-1319: CDP-diacylglycerol biosynthesis II|g__Streptococcus.s__Streptococcus_salivarius	1.99484e-06
PWY0-1319: CDP-diacylglycerol biosynthesis II|g__Parabacteroides.s__Parabacteroides_merdae	1.57172e-06
PWY0-1319: CDP-diacylglycerol biosynthesis II|g__Actinomyces.s__Actinomyces_sp_HPA0247	1.32672e-06
PWY0-1319: CDP-diacylglycerol biosynthesis II|g__Firmicutes_unclassified.s__Firmicutes_bacterium_CAG_94	1.26078e-06
PWY0-1319: CDP-diacylglycerol biosynthesis II|g__Clostridium.s__Clostridium_sp_CAG_58	1.2378e-06
PWY0-1319: CDP-diacylglycerol biosynthesis II|g__Eisenbergiella.s__Eisenbergiella_tayi	1.19729e-06
PWY0-1319: CDP-diacylglycerol biosynthesis II|g__Eubacterium.s__Eubacterium_ramulus	1.07781e-06
PWY0-1319: CDP-diacylglycerol biosynthesis II|g__Alistipes.s__Alistipes_onderdonkii	1.07198e-06
PWY0-1319: CDP-diacylglycerol biosynthesis II|g__Intestinibacter.s__Intestinibacter_bartlettii	8.79421e-07
PWY0-1319: CDP-diacylglycerol biosynthesis II|g__Bacteroides.s__Bacteroides_fragilis	8.32699e-07
PWY0-1319: CDP-diacylglycerol biosynthesis II|g__Anaeromassilibacillus.s__Anaeromassilibacillus_sp_An250	7.81979e-07
PWY0-1319: CDP-diacylglycerol biosynthesis II|g__Bacteroides.s__Bacteroides_sp_CAG_144	7.52861e-07
PWY0-1319: CDP-diacylglycerol biosynthesis II|g__Bacteroides.s__Bacteroides_dorei	6.72948e-07
PWY0-1319: CDP-diacylglycerol biosynthesis II|g__Bacteroides.s__Bacteroides_ovatus	6.6636e-07
PWY0-1319: CDP-diacylglycerol biosynthesis II|g__Streptococcus.s__Streptococcus_sp_A12	5.91667e-07
PWY0-1319: CDP-diacylglycerol biosynthesis II|g__Dorea.s__Dorea_formicigenerans	5.888e-07
PWY0-1319: CDP-diacylglycerol biosynthesis II|g__Streptococcus.s__Streptococcus_oralis	5.53346e-07
PWY0-1319: CDP-diacylglycerol biosynthesis II|g__Blautia.s__Blautia_sp	5.27642e-07
PWY0-1319: CDP-diacylglycerol biosynthesis II|g__Ruminococcaceae_unclassified.s__Eubacterium_siraeum	5.10515e-07
PWY0-1319: CDP-diacylglycerol biosynthesis II|g__Streptococcus.s__Streptococcus_australis	5.0166e-07
PWY0-1319: CDP-diacylglycerol biosynthesis II|g__Flavonifractor.s__Flavonifractor_plautii	3.53365e-07
PWY0-1319: CDP-diacylglycerol biosynthesis II|g__Eubacterium.s__Eubacterium_limosum	3.0092e-07
PWY0-1319: CDP-diacylglycerol biosynthesis II|g__Blautia.s__Blautia_hydrogenotrophica	2.70474e-07
PWY0-1319: CDP-diacylglycerol biosynthesis II|g__Gordonibacter.s__Gordonibacter_pamelaeae	2.5176e-07
PWY0-1319: CDP-diacylglycerol biosynthesis II|g__Bacteroides.s__Bacteroides_thetaiotaomicron	1.73522e-07
PWY0-1319: CDP-diacylglycerol biosynthesis II|g__Eubacterium.s__Eubacterium_maltosivorans	1.02034e-07
PWY0-1319: CDP-diacylglycerol biosynthesis II|g__Streptococcus.s__Streptococcus_pneumoniae	9.65547e-08
PWY-5667: CDP-diacylglycerol biosynthesis I	0.000504163
PWY-5667: CDP-diacylglycerol biosynthesis I|unclassified	9.52875e-05
PWY-5667: CDP-diacylglycerol biosynthesis I|g__Bacteroides.s__Bacteroides_uniformis	5.2639e-05
PWY-5667: CDP-diacylglycerol biosynthesis I|g__Faecalibacterium.s__Faecalibacterium_prausnitzii	2.42976e-05
PWY-5667: CDP-diacylglycerol biosynthesis I|g__Alistipes.s__Alistipes_finegoldii	2.20686e-05
PWY-5667: CDP-diacylglycerol biosynthesis I|g__Blautia.s__Blautia_obeum	2.1953e-05
PWY-5667: CDP-diacylglycerol biosynthesis I|g__Bacteroides.s__Bacteroides_vulgatus	1.25243e-05
PWY-5667: CDP-diacylglycerol biosynthesis I|g__Anaerostipes.s__Anaerostipes_hadrus	1.12258e-05
PWY-5667: CDP-diacylglycerol biosynthesis I|g__Blautia.s__Ruminococcus_torques	7.8465e-06
PWY-5667: CDP-diacylglycerol biosynthesis I|g__Eubacterium.s__Eubacterium_hallii	7.5064e-06
PWY-5667: CDP-diacylglycerol biosynthesis I|g__Fusicatenibacter.s__Fusicatenibacter_saccharivorans	6.81763e-06
PWY-5667: CDP-diacylglycerol biosynthesis I|g__Bacteroides.s__Bacteroides_salyersiae	5.93747e-06
PWY-5667: CDP-diacylglycerol biosynthesis I|g__Barnesiella.s__Barnesiella_intestinihominis	5.51273e-06
PWY-5667: CDP-diacylglycerol biosynthesis I|g__Bacteroides.s__Bacteroides_caccae	4.21458e-06
PWY-5667: CDP-diacylglycerol biosynthesis I|g__Streptococcus.s__Streptococcus_thermophilus	3.99627e-06
PWY-5667: CDP-diacylglycerol biosynthesis I|g__Lachnospiraceae_unclassified.s__Eubacterium_rectale	3.90507e-06
PWY-5667: CDP-diacylglycerol biosynthesis I|g__Blautia.s__Blautia_wexlerae	3.85553e-06
PWY-5667: CDP-diacylglycerol biosynthesis I|g__Bacteroides.s__Bacteroides_massiliensis	3.67611e-06
PWY-5667: CDP-diacylglycerol biosynthesis I|g__Eubacterium.s__Eubacterium_eligens	3.40673e-06
PWY-5667: CDP-diacylglycerol biosynthesis I|g__Dorea.s__Dorea_longicatena	2.80703e-06
PWY-5667: CDP-diacylglycerol biosynthesis I|g__Bacteroides.s__Bacteroides_cellulosilyticus	2.68244e-06
PWY-5667: CDP-diacylglycerol biosynthesis I|g__Lachnospira.s__Lachnospira_pectinoschiza	2.62815e-06
PWY-5667: CDP-diacylglycerol biosynthesis I|g__Ruthenibacterium.s__Ruthenibacterium_lactatiformans	2.45203e-06
PWY-5667: CDP-diacylglycerol biosynthesis I|g__Alistipes.s__Alistipes_indistinctus	2.43318e-06
PWY-5667: CDP-diacylglycerol biosynthesis I|g__Parabacteroides.s__Parabacteroides_distasonis	2.41029e-06
PWY-5667: CDP-diacylglycerol biosynthesis I|g__Gordonibacter.s__Gordonibacter_urolithinfaciens	2.31669e-06
PWY-5667: CDP-diacylglycerol biosynthesis I|g__Subdoligranulum.s__Subdoligranulum_sp_APC924_74	2.27196e-06
PWY-5667: CDP-diacylglycerol biosynthesis I|g__Streptococcus.s__Streptococcus_salivarius	1.99484e-06
PWY-5667: CDP-diacylglycerol biosynthesis I|g__Parabacteroides.s__Parabacteroides_merdae	1.57172e-06
PWY-5667: CDP-diacylglycerol biosynthesis I|g__Actinomyces.s__Actinomyces_sp_HPA0247	1.32672e-06
PWY-5667: CDP-diacylglycerol biosynthesis I|g__Firmicutes_unclassified.s__Firmicutes_bacterium_CAG_94	1.26078e-06
PWY-5667: CDP-diacylglycerol biosynthesis I|g__Clostridium.s__Clostridium_sp_CAG_58	1.2378e-06
PWY-5667: CDP-diacylglycerol biosynthesis I|g__Eisenbergiella.s__Eisenbergiella_tayi	1.19729e-06
PWY-5667: CDP-diacylglycerol biosynthesis I|g__Eubacterium.s__Eubacterium_ramulus	1.07781e-06
PWY-5667: CDP-diacylglycerol biosynthesis I|g__Alistipes.s__Alistipes_onderdonkii	1.07198e-06
PWY-5667: CDP-diacylglycerol biosynthesis I|g__Intestinibacter.s__Intestinibacter_bartlettii	8.79421e-07
PWY-5667: CDP-diacylglycerol biosynthesis I|g__Bacteroides.s__Bacteroides_fragilis	8.32699e-07
PWY-5667: CDP-diacylglycerol biosynthesis I|g__Anaeromassilibacillus.s__Anaeromassilibacillus_sp_An250	7.81979e-07
PWY-5667: CDP-diacylglycerol biosynthesis I|g__Bacteroides.s__Bacteroides_sp_CAG_144	7.52861e-07
PWY-5667: CDP-diacylglycerol biosynthesis I|g__Bacteroides.s__Bacteroides_dorei	6.72948e-07
PWY-5667: CDP-diacylglycerol biosynthesis I|g__Bacteroides.s__Bacteroides_ovatus	6.6636e-07
PWY-5667: CDP-diacylglycerol biosynthesis I|g__Streptococcus.s__Streptococcus_sp_A12	5.91667e-07
PWY-5667: CDP-diacylglycerol biosynthesis I|g__Dorea.s__Dorea_formicigenerans	5.888e-07
PWY-5667: CDP-diacylglycerol biosynthesis I|g__Blautia.s__Blautia_sp	5.27642e-07
PWY-5667: CDP-diacylglycerol biosynthesis I|g__Ruminococcaceae_unclassified.s__Eubacterium_siraeum	5.10515e-07
PWY-5667: CDP-diacylglycerol biosynthesis I|g__Streptococcus.s__Streptococcus_australis	5.0166e-07
PWY-5667: CDP-diacylglycerol biosynthesis I|g__Flavonifractor.s__Flavonifractor_plautii	3.53365e-07
PWY-5667: CDP-diacylglycerol biosynthesis I|g__Eubacterium.s__Eubacterium_limosum	3.0092e-07
PWY-5667: CDP-diacylglycerol biosynthesis I|g__Blautia.s__Blautia_hydrogenotrophica	2.70474e-07
PWY-5667: CDP-diacylglycerol biosynthesis I|g__Gordonibacter.s__Gordonibacter_pamelaeae	2.5176e-07
PWY-5667: CDP-diacylglycerol biosynthesis I|g__Bacteroides.s__Bacteroides_thetaiotaomicron	1.73522e-07
PWY-5667: CDP-diacylglycerol biosynthesis I|g__Eubacterium.s__Eubacterium_maltosivorans	1.02034e-07
PWY-5667: CDP-diacylglycerol biosynthesis I|g__Streptococcus.s__Streptococcus_pneumoniae	9.64524e-08
PWY-6151: S-adenosyl-L-methionine salvage I	0.000502937
PWY-6151: S-adenosyl-L-methionine salvage I|unclassified	0.000133989
PWY-6151: S-adenosyl-L-methionine salvage I|g__Bacteroides.s__Bacteroides_uniformis	6.43127e-05
PWY-6151: S-adenosyl-L-methionine salvage I|g__Faecalibacterium.s__Faecalibacterium_prausnitzii	2.37531e-05
PWY-6151: S-adenosyl-L-methionine salvage I|g__Anaerostipes.s__Anaerostipes_hadrus	2.04097e-05
PWY-6151: S-adenosyl-L-methionine salvage I|g__Ruminococcus.s__Ruminococcus_bromii	1.4023e-05
PWY-6151: S-adenosyl-L-methionine salvage I|g__Senegalimassilia.s__Senegalimassilia_anaerobia	1.21142e-05
PWY-6151: S-adenosyl-L-methionine salvage I|g__Bacteroides.s__Bacteroides_vulgatus	1.05051e-05
PWY-6151: S-adenosyl-L-methionine salvage I|g__Bifidobacterium.s__Bifidobacterium_catenulatum	9.32074e-06
PWY-6151: S-adenosyl-L-methionine salvage I|g__Blautia.s__Blautia_obeum	8.79609e-06
PWY-6151: S-adenosyl-L-methionine salvage I|g__Blautia.s__Ruminococcus_torques	8.52643e-06
PWY-6151: S-adenosyl-L-methionine salvage I|g__Eubacterium.s__Eubacterium_hallii	8.11101e-06
PWY-6151: S-adenosyl-L-methionine salvage I|g__Bifidobacterium.s__Bifidobacterium_bifidum	6.81764e-06
PWY-6151: S-adenosyl-L-methionine salvage I|g__Actinomyces.s__Actinomyces_sp_HPA0247	5.5297e-06
PWY-6151: S-adenosyl-L-methionine salvage I|g__Ruminococcus.s__Ruminococcus_sp_CAG_177	5.24372e-06
PWY-6151: S-adenosyl-L-methionine salvage I|g__Streptococcus.s__Streptococcus_thermophilus	4.97612e-06
PWY-6151: S-adenosyl-L-methionine salvage I|g__Blautia.s__Blautia_wexlerae	4.37701e-06
PWY-6151: S-adenosyl-L-methionine salvage I|g__Collinsella.s__Collinsella_aerofaciens	4.26383e-06
PWY-6151: S-adenosyl-L-methionine salvage I|g__Barnesiella.s__Barnesiella_intestinihominis	4.09907e-06
PWY-6151: S-adenosyl-L-methionine salvage I|g__Lachnospira.s__Lachnospira_pectinoschiza	3.45111e-06
PWY-6151: S-adenosyl-L-methionine salvage I|g__Eubacterium.s__Eubacterium_eligens	3.4227e-06
PWY-6151: S-adenosyl-L-methionine salvage I|g__Lachnospiraceae_unclassified.s__Eubacterium_rectale	3.41549e-06
PWY-6151: S-adenosyl-L-methionine salvage I|g__Ruthenibacterium.s__Ruthenibacterium_lactatiformans	3.21866e-06
PWY-6151: S-adenosyl-L-methionine salvage I|g__Roseburia.s__Roseburia_sp_CAG_380	2.87203e-06
PWY-6151: S-adenosyl-L-methionine salvage I|g__Gemmiger.s__Gemmiger_formicilis	2.52824e-06
PWY-6151: S-adenosyl-L-methionine salvage I|g__Coprococcus.s__Coprococcus_catus	2.29666e-06
PWY-6151: S-adenosyl-L-methionine salvage I|g__Bacteroides.s__Bacteroides_dorei	1.88365e-06
PWY-6151: S-adenosyl-L-methionine salvage I|g__Firmicutes_unclassified.s__Firmicutes_bacterium_CAG_94	1.50572e-06
PWY-6151: S-adenosyl-L-methionine salvage I|g__Bacteroides.s__Bacteroides_cellulosilyticus	1.49614e-06
PWY-6151: S-adenosyl-L-methionine salvage I|g__Dorea.s__Dorea_longicatena	1.3928e-06
PWY-6151: S-adenosyl-L-methionine salvage I|g__Streptococcus.s__Streptococcus_salivarius	1.33305e-06
PWY-6151: S-adenosyl-L-methionine salvage I|g__Dorea.s__Dorea_formicigenerans	1.25346e-06
PWY-6151: S-adenosyl-L-methionine salvage I|g__Firmicutes_unclassified.s__Firmicutes_bacterium_CAG_110	1.1297e-06
PWY-6151: S-adenosyl-L-methionine salvage I|g__Streptococcus.s__Streptococcus_sp_A12	1.12307e-06
PWY-6151: S-adenosyl-L-methionine salvage I|g__Flavonifractor.s__Flavonifractor_plautii	1.04025e-06
PWY-6151: S-adenosyl-L-methionine salvage I|g__Butyricimonas.s__Butyricimonas_synergistica	9.81644e-07
PWY-6151: S-adenosyl-L-methionine salvage I|g__Anaeromassilibacillus.s__Anaeromassilibacillus_sp_An250	8.81947e-07
PWY-6151: S-adenosyl-L-methionine salvage I|g__Butyricimonas.s__Butyricimonas_virosa	7.62566e-07
PWY-6151: S-adenosyl-L-methionine salvage I|g__Actinomyces.s__Actinomyces_naeslundii	7.28093e-07
PWY-6151: S-adenosyl-L-methionine salvage I|g__Clostridium.s__Clostridium_sp_CAG_58	6.86217e-07
PWY-6151: S-adenosyl-L-methionine salvage I|g__Lactococcus.s__Lactococcus_lactis	6.46368e-07
PWY-6151: S-adenosyl-L-methionine salvage I|g__Streptococcus.s__Streptococcus_australis	5.89098e-07
PWY-6151: S-adenosyl-L-methionine salvage I|g__Bifidobacterium.s__Bifidobacterium_adolescentis	5.67717e-07
PWY-6151: S-adenosyl-L-methionine salvage I|g__Roseburia.s__Roseburia_intestinalis	5.17259e-07
PWY-6151: S-adenosyl-L-methionine salvage I|g__Bifidobacterium.s__Bifidobacterium_longum	4.9486e-07
PWY-6151: S-adenosyl-L-methionine salvage I|g__Clostridium.s__Clostridium_sp_CAG_242	4.07524e-07
PWY-6151: S-adenosyl-L-methionine salvage I|g__Slackia.s__Slackia_isoflavoniconvertens	3.7986e-07
PWY-6151: S-adenosyl-L-methionine salvage I|g__Bacteroides.s__Bacteroides_fragilis	3.66115e-07
PWY-6151: S-adenosyl-L-methionine salvage I|g__Hungatella.s__Hungatella_hathewayi	3.37019e-07
PWY-6151: S-adenosyl-L-methionine salvage I|g__Ruminococcus.s__Ruminococcus_sp_AF31_8BH	3.29404e-07
PWY-6151: S-adenosyl-L-methionine salvage I|g__Streptococcus.s__Streptococcus_parasanguinis	3.09945e-07
PWY-6151: S-adenosyl-L-methionine salvage I|g__Actinomyces.s__Actinomyces_viscosus	2.1043e-07
PWY-6151: S-adenosyl-L-methionine salvage I|g__Streptococcus.s__Streptococcus_oralis	1.39683e-07
PWY-6151: S-adenosyl-L-methionine salvage I|g__Streptococcus.s__Streptococcus_pneumoniae	1.1858e-07
PWY-6151: S-adenosyl-L-methionine salvage I|g__Actinomyces.s__Actinomyces_oris	4.83407e-08
BRANCHED-CHAIN-AA-SYN-PWY: superpathway of branched chain amino acid biosynthesis	0.000489154
BRANCHED-CHAIN-AA-SYN-PWY: superpathway of branched chain amino acid biosynthesis|unclassified	6.30941e-05
BRANCHED-CHAIN-AA-SYN-PWY: superpathway of branched chain amino acid biosynthesis|g__Bacteroides.s__Bacteroides_uniformis	5.21693e-05
BRANCHED-CHAIN-AA-SYN-PWY: superpathway of branched chain amino acid biosynthesis|g__Akkermansia.s__Akkermansia_muciniphila	3.51924e-05
BRANCHED-CHAIN-AA-SYN-PWY: superpathway of branched chain amino acid biosynthesis|g__Blautia.s__Blautia_obeum	3.04001e-05
BRANCHED-CHAIN-AA-SYN-PWY: superpathway of branched chain amino acid biosynthesis|g__Anaerostipes.s__Anaerostipes_hadrus	1.40957e-05
BRANCHED-CHAIN-AA-SYN-PWY: superpathway of branched chain amino acid biosynthesis|g__Blautia.s__Blautia_wexlerae	1.0106e-05
BRANCHED-CHAIN-AA-SYN-PWY: superpathway of branched chain amino acid biosynthesis|g__Bifidobacterium.s__Bifidobacterium_catenulatum	9.66169e-06
BRANCHED-CHAIN-AA-SYN-PWY: superpathway of branched chain amino acid biosynthesis|g__Blautia.s__Ruminococcus_torques	8.924e-06
BRANCHED-CHAIN-AA-SYN-PWY: superpathway of branched chain amino acid biosynthesis|g__Bifidobacterium.s__Bifidobacterium_bifidum	8.89908e-06
BRANCHED-CHAIN-AA-SYN-PWY: superpathway of branched chain amino acid biosynthesis|g__Dorea.s__Dorea_longicatena	8.32874e-06
BRANCHED-CHAIN-AA-SYN-PWY: superpathway of branched chain amino acid biosynthesis|g__Eubacterium.s__Eubacterium_hallii	8.23425e-06
BRANCHED-CHAIN-AA-SYN-PWY: superpathway of branched chain amino acid biosynthesis|g__Streptococcus.s__Streptococcus_thermophilus	6.06894e-06
BRANCHED-CHAIN-AA-SYN-PWY: superpathway of branched chain amino acid biosynthesis|g__Bacteroides.s__Bacteroides_caccae	5.65419e-06
BRANCHED-CHAIN-AA-SYN-PWY: superpathway of branched chain amino acid biosynthesis|g__Actinomyces.s__Actinomyces_sp_HPA0247	5.09072e-06
BRANCHED-CHAIN-AA-SYN-PWY: superpathway of branched chain amino acid biosynthesis|g__Lachnospiraceae_unclassified.s__Eubacterium_rectale	4.42691e-06
BRANCHED-CHAIN-AA-SYN-PWY: superpathway of branched chain amino acid biosynthesis|g__Eubacterium.s__Eubacterium_eligens	4.25389e-06
BRANCHED-CHAIN-AA-SYN-PWY: superpathway of branched chain amino acid biosynthesis|g__Parabacteroides.s__Parabacteroides_distasonis	3.94878e-06
BRANCHED-CHAIN-AA-SYN-PWY: superpathway of branched chain amino acid biosynthesis|g__Ruminococcus.s__Ruminococcus_bicirculans	3.38768e-06
BRANCHED-CHAIN-AA-SYN-PWY: superpathway of branched chain amino acid biosynthesis|g__Gordonibacter.s__Gordonibacter_urolithinfaciens	3.29209e-06
BRANCHED-CHAIN-AA-SYN-PWY: superpathway of branched chain amino acid biosynthesis|g__Gemmiger.s__Gemmiger_formicilis	3.16721e-06
BRANCHED-CHAIN-AA-SYN-PWY: superpathway of branched chain amino acid biosynthesis|g__Ruthenibacterium.s__Ruthenibacterium_lactatiformans	3.14733e-06
BRANCHED-CHAIN-AA-SYN-PWY: superpathway of branched chain amino acid biosynthesis|g__Blautia.s__Blautia_sp	3.01665e-06
BRANCHED-CHAIN-AA-SYN-PWY: superpathway of branched chain amino acid biosynthesis|g__Flavonifractor.s__Flavonifractor_plautii	2.73334e-06
BRANCHED-CHAIN-AA-SYN-PWY: superpathway of branched chain amino acid biosynthesis|g__Eisenbergiella.s__Eisenbergiella_tayi	2.19019e-06
BRANCHED-CHAIN-AA-SYN-PWY: superpathway of branched chain amino acid biosynthesis|g__Bacteroides.s__Bacteroides_cellulosilyticus	2.06582e-06
BRANCHED-CHAIN-AA-SYN-PWY: superpathway of branched chain amino acid biosynthesis|g__Parabacteroides.s__Parabacteroides_merdae	1.89951e-06
BRANCHED-CHAIN-AA-SYN-PWY: superpathway of branched chain amino acid biosynthesis|g__Anaeromassilibacillus.s__Anaeromassilibacillus_sp_An250	1.88752e-06
BRANCHED-CHAIN-AA-SYN-PWY: superpathway of branched chain amino acid biosynthesis|g__Bilophila.s__Bilophila_wadsworthia	1.45422e-06
BRANCHED-CHAIN-AA-SYN-PWY: superpathway of branched chain amino acid biosynthesis|g__Bacteroides.s__Bacteroides_fragilis	1.02836e-06
BRANCHED-CHAIN-AA-SYN-PWY: superpathway of branched chain amino acid biosynthesis|g__Bifidobacterium.s__Bifidobacterium_adolescentis	9.10366e-07
BRANCHED-CHAIN-AA-SYN-PWY: superpathway of branched chain amino acid biosynthesis|g__Bacteroides.s__Bacteroides_ovatus	8.56789e-07
BRANCHED-CHAIN-AA-SYN-PWY: superpathway of branched chain amino acid biosynthesis|g__Asaccharobacter.s__Asaccharobacter_celatus	8.27448e-07
BRANCHED-CHAIN-AA-SYN-PWY: superpathway of branched chain amino acid biosynthesis|g__Bacteroides.s__Bacteroides_faecis	7.25053e-07
BRANCHED-CHAIN-AA-SYN-PWY: superpathway of branched chain amino acid biosynthesis|g__Bifidobacterium.s__Bifidobacterium_longum	6.97838e-07
BRANCHED-CHAIN-AA-SYN-PWY: superpathway of branched chain amino acid biosynthesis|g__Adlercreutzia.s__Adlercreutzia_equolifaciens	6.37807e-07
BRANCHED-CHAIN-AA-SYN-PWY: superpathway of branched chain amino acid biosynthesis|g__Ruminococcus.s__Ruminococcus_sp_AF31_8BH	5.9359e-07
BRANCHED-CHAIN-AA-SYN-PWY: superpathway of branched chain amino acid biosynthesis|g__Roseburia.s__Roseburia_intestinalis	5.03098e-07
BRANCHED-CHAIN-AA-SYN-PWY: superpathway of branched chain amino acid biosynthesis|g__Bacteroides.s__Bacteroides_thetaiotaomicron	4.04707e-07
BRANCHED-CHAIN-AA-SYN-PWY: superpathway of branched chain amino acid biosynthesis|g__Gordonibacter.s__Gordonibacter_pamelaeae	3.06552e-07
BRANCHED-CHAIN-AA-SYN-PWY: superpathway of branched chain amino acid biosynthesis|g__Streptococcus.s__Streptococcus_salivarius	2.87429e-07
BRANCHED-CHAIN-AA-SYN-PWY: superpathway of branched chain amino acid biosynthesis|g__Streptococcus.s__Streptococcus_australis	2.65683e-07
BRANCHED-CHAIN-AA-SYN-PWY: superpathway of branched chain amino acid biosynthesis|g__Streptococcus.s__Streptococcus_oralis	1.6819e-07
ILEUSYN-PWY: L-isoleucine biosynthesis I (from threonine)	0.000488804
ILEUSYN-PWY: L-isoleucine biosynthesis I (from threonine)|unclassified	6.27723e-05
ILEUSYN-PWY: L-isoleucine biosynthesis I (from threonine)|g__Bacteroides.s__Bacteroides_uniformis	4.94154e-05
ILEUSYN-PWY: L-isoleucine biosynthesis I (from threonine)|g__Akkermansia.s__Akkermansia_muciniphila	3.44086e-05
ILEUSYN-PWY: L-isoleucine biosynthesis I (from threonine)|g__Blautia.s__Blautia_obeum	2.8738e-05
ILEUSYN-PWY: L-isoleucine biosynthesis I (from threonine)|g__Anaerostipes.s__Anaerostipes_hadrus	1.34868e-05
ILEUSYN-PWY: L-isoleucine biosynthesis I (from threonine)|g__Bifidobacterium.s__Bifidobacterium_catenulatum	9.97992e-06
ILEUSYN-PWY: L-isoleucine biosynthesis I (from threonine)|g__Bifidobacterium.s__Bifidobacterium_bifidum	9.38513e-06
ILEUSYN-PWY: L-isoleucine biosynthesis I (from threonine)|g__Blautia.s__Blautia_wexlerae	9.35007e-06
ILEUSYN-PWY: L-isoleucine biosynthesis I (from threonine)|g__Blautia.s__Ruminococcus_torques	9.07712e-06
ILEUSYN-PWY: L-isoleucine biosynthesis I (from threonine)|g__Dorea.s__Dorea_longicatena	8.61889e-06
ILEUSYN-PWY: L-isoleucine biosynthesis I (from threonine)|g__Eubacterium.s__Eubacterium_hallii	7.76461e-06
ILEUSYN-PWY: L-isoleucine biosynthesis I (from threonine)|g__Streptococcus.s__Streptococcus_thermophilus	6.94954e-06
ILEUSYN-PWY: L-isoleucine biosynthesis I (from threonine)|g__Bacteroides.s__Bacteroides_caccae	5.38067e-06
ILEUSYN-PWY: L-isoleucine biosynthesis I (from threonine)|g__Actinomyces.s__Actinomyces_sp_HPA0247	5.19763e-06
ILEUSYN-PWY: L-isoleucine biosynthesis I (from threonine)|g__Lachnospiraceae_unclassified.s__Eubacterium_rectale	4.62057e-06
ILEUSYN-PWY: L-isoleucine biosynthesis I (from threonine)|g__Eubacterium.s__Eubacterium_eligens	4.41641e-06
ILEUSYN-PWY: L-isoleucine biosynthesis I (from threonine)|g__Parabacteroides.s__Parabacteroides_distasonis	3.96286e-06
ILEUSYN-PWY: L-isoleucine biosynthesis I (from threonine)|g__Flavonifractor.s__Flavonifractor_plautii	3.22501e-06
ILEUSYN-PWY: L-isoleucine biosynthesis I (from threonine)|g__Ruminococcus.s__Ruminococcus_bicirculans	3.21179e-06
ILEUSYN-PWY: L-isoleucine biosynthesis I (from threonine)|g__Gordonibacter.s__Gordonibacter_urolithinfaciens	3.18795e-06
ILEUSYN-PWY: L-isoleucine biosynthesis I (from threonine)|g__Gemmiger.s__Gemmiger_formicilis	3.15902e-06
ILEUSYN-PWY: L-isoleucine biosynthesis I (from threonine)|g__Ruthenibacterium.s__Ruthenibacterium_lactatiformans	3.06763e-06
ILEUSYN-PWY: L-isoleucine biosynthesis I (from threonine)|g__Blautia.s__Blautia_sp	2.94674e-06
ILEUSYN-PWY: L-isoleucine biosynthesis I (from threonine)|g__Eisenbergiella.s__Eisenbergiella_tayi	2.38857e-06
ILEUSYN-PWY: L-isoleucine biosynthesis I (from threonine)|g__Bacteroides.s__Bacteroides_cellulosilyticus	2.05779e-06
ILEUSYN-PWY: L-isoleucine biosynthesis I (from threonine)|g__Dorea.s__Dorea_formicigenerans	1.9294e-06
ILEUSYN-PWY: L-isoleucine biosynthesis I (from threonine)|g__Parabacteroides.s__Parabacteroides_merdae	1.81797e-06
ILEUSYN-PWY: L-isoleucine biosynthesis I (from threonine)|g__Anaeromassilibacillus.s__Anaeromassilibacillus_sp_An250	1.79908e-06
ILEUSYN-PWY: L-isoleucine biosynthesis I (from threonine)|g__Bilophila.s__Bilophila_wadsworthia	1.24298e-06
ILEUSYN-PWY: L-isoleucine biosynthesis I (from threonine)|g__Bacteroides.s__Bacteroides_fragilis	1.09404e-06
ILEUSYN-PWY: L-isoleucine biosynthesis I (from threonine)|g__Bifidobacterium.s__Bifidobacterium_adolescentis	8.53756e-07
ILEUSYN-PWY: L-isoleucine biosynthesis I (from threonine)|g__Bacteroides.s__Bacteroides_ovatus	8.39212e-07
ILEUSYN-PWY: L-isoleucine biosynthesis I (from threonine)|g__Asaccharobacter.s__Asaccharobacter_celatus	8.20054e-07
ILEUSYN-PWY: L-isoleucine biosynthesis I (from threonine)|g__Streptococcus.s__Streptococcus_sp_A12	6.95509e-07
ILEUSYN-PWY: L-isoleucine biosynthesis I (from threonine)|g__Bacteroides.s__Bacteroides_faecis	6.76884e-07
ILEUSYN-PWY: L-isoleucine biosynthesis I (from threonine)|g__Adlercreutzia.s__Adlercreutzia_equolifaciens	6.36795e-07
ILEUSYN-PWY: L-isoleucine biosynthesis I (from threonine)|g__Ruminococcus.s__Ruminococcus_sp_AF31_8BH	6.33166e-07
ILEUSYN-PWY: L-isoleucine biosynthesis I (from threonine)|g__Bifidobacterium.s__Bifidobacterium_longum	6.31902e-07
ILEUSYN-PWY: L-isoleucine biosynthesis I (from threonine)|g__Eubacteriaceae_unclassified.s__Eubacteriaceae_bacterium_CHKCI005	5.64453e-07
ILEUSYN-PWY: L-isoleucine biosynthesis I (from threonine)|g__Eggerthella.s__Eggerthella_lenta	5.1147e-07
ILEUSYN-PWY: L-isoleucine biosynthesis I (from threonine)|g__Roseburia.s__Roseburia_intestinalis	4.77382e-07
ILEUSYN-PWY: L-isoleucine biosynthesis I (from threonine)|g__Streptococcus.s__Streptococcus_salivarius	3.97297e-07
ILEUSYN-PWY: L-isoleucine biosynthesis I (from threonine)|g__Bacteroides.s__Bacteroides_thetaiotaomicron	3.82223e-07
ILEUSYN-PWY: L-isoleucine biosynthesis I (from threonine)|g__Eubacterium.s__Eubacterium_limosum	2.81393e-07
ILEUSYN-PWY: L-isoleucine biosynthesis I (from threonine)|g__Streptococcus.s__Streptococcus_australis	2.63936e-07
ILEUSYN-PWY: L-isoleucine biosynthesis I (from threonine)|g__Gordonibacter.s__Gordonibacter_pamelaeae	2.52984e-07
ILEUSYN-PWY: L-isoleucine biosynthesis I (from threonine)|g__Hungatella.s__Hungatella_hathewayi	2.05917e-07
ILEUSYN-PWY: L-isoleucine biosynthesis I (from threonine)|g__Streptococcus.s__Streptococcus_oralis	1.80302e-07
ILEUSYN-PWY: L-isoleucine biosynthesis I (from threonine)|g__Roseburia.s__Roseburia_hominis	1.64588e-07
PWY-2942: L-lysine biosynthesis III	0.000487175
PWY-2942: L-lysine biosynthesis III|unclassified	6.92676e-05
PWY-2942: L-lysine biosynthesis III|g__Bacteroides.s__Bacteroides_uniformis	5.71462e-05
PWY-2942: L-lysine biosynthesis III|g__Akkermansia.s__Akkermansia_muciniphila	3.49324e-05
PWY-2942: L-lysine biosynthesis III|g__Anaerostipes.s__Anaerostipes_hadrus	1.33341e-05
PWY-2942: L-lysine biosynthesis III|g__Senegalimassilia.s__Senegalimassilia_anaerobia	1.01699e-05
PWY-2942: L-lysine biosynthesis III|g__Eubacterium.s__Eubacterium_hallii	7.87472e-06
PWY-2942: L-lysine biosynthesis III|g__Blautia.s__Ruminococcus_torques	6.75392e-06
PWY-2942: L-lysine biosynthesis III|g__Barnesiella.s__Barnesiella_intestinihominis	6.39675e-06
PWY-2942: L-lysine biosynthesis III|g__Dorea.s__Dorea_longicatena	4.53373e-06
PWY-2942: L-lysine biosynthesis III|g__Parabacteroides.s__Parabacteroides_distasonis	3.71633e-06
PWY-2942: L-lysine biosynthesis III|g__Gordonibacter.s__Gordonibacter_urolithinfaciens	2.9282e-06
PWY-2942: L-lysine biosynthesis III|g__Lachnospira.s__Lachnospira_pectinoschiza	2.52746e-06
PWY-2942: L-lysine biosynthesis III|g__Bacteroides.s__Bacteroides_cellulosilyticus	1.89183e-06
PWY-2942: L-lysine biosynthesis III|g__Parabacteroides.s__Parabacteroides_merdae	1.73011e-06
PWY-2942: L-lysine biosynthesis III|g__Bilophila.s__Bilophila_wadsworthia	1.63909e-06
PWY-2942: L-lysine biosynthesis III|g__Eggerthella.s__Eggerthella_sp_CAG_298	1.49225e-06
PWY-2942: L-lysine biosynthesis III|g__Butyricimonas.s__Butyricimonas_virosa	1.46214e-06
PWY-2942: L-lysine biosynthesis III|g__Asaccharobacter.s__Asaccharobacter_celatus	6.85077e-07
PWY-2942: L-lysine biosynthesis III|g__Bacteroides.s__Bacteroides_fragilis	5.72517e-07
PWY-2942: L-lysine biosynthesis III|g__Hungatella.s__Hungatella_hathewayi	2.22474e-07
PWY-2942: L-lysine biosynthesis III|g__Adlercreutzia.s__Adlercreutzia_equolifaciens	1.90957e-07
PWY-6121: 5-aminoimidazole ribonucleotide biosynthesis I	0.000484322
PWY-6121: 5-aminoimidazole ribonucleotide biosynthesis I|unclassified	0.000113523
PWY-6121: 5-aminoimidazole ribonucleotide biosynthesis I|g__Bacteroides.s__Bacteroides_uniformis	5.27239e-05
PWY-6121: 5-aminoimidazole ribonucleotide biosynthesis I|g__Akkermansia.s__Akkermansia_muciniphila	3.25239e-05
PWY-6121: 5-aminoimidazole ribonucleotide biosynthesis I|g__Alistipes.s__Alistipes_finegoldii	3.03335e-05
PWY-6121: 5-aminoimidazole ribonucleotide biosynthesis I|g__Faecalibacterium.s__Faecalibacterium_prausnitzii	2.39462e-05
PWY-6121: 5-aminoimidazole ribonucleotide biosynthesis I|g__Blautia.s__Blautia_obeum	2.24872e-05
PWY-6121: 5-aminoimidazole ribonucleotide biosynthesis I|g__Anaerostipes.s__Anaerostipes_hadrus	1.26696e-05
PWY-6121: 5-aminoimidazole ribonucleotide biosynthesis I|g__Senegalimassilia.s__Senegalimassilia_anaerobia	1.1511e-05
PWY-6121: 5-aminoimidazole ribonucleotide biosynthesis I|g__Blautia.s__Ruminococcus_torques	9.54604e-06
PWY-6121: 5-aminoimidazole ribonucleotide biosynthesis I|g__Ruminococcus.s__Ruminococcus_bromii	9.1827e-06
PWY-6121: 5-aminoimidazole ribonucleotide biosynthesis I|g__Bacteroides.s__Bacteroides_vulgatus	8.68792e-06
PWY-6121: 5-aminoimidazole ribonucleotide biosynthesis I|g__Dorea.s__Dorea_longicatena	8.66258e-06
PWY-6121: 5-aminoimidazole ribonucleotide biosynthesis I|g__Bacteroides.s__Bacteroides_salyersiae	7.88377e-06
PWY-6121: 5-aminoimidazole ribonucleotide biosynthesis I|g__Bifidobacterium.s__Bifidobacterium_catenulatum	7.54674e-06
PWY-6121: 5-aminoimidazole ribonucleotide biosynthesis I|g__Collinsella.s__Collinsella_aerofaciens	7.02216e-06
PWY-6121: 5-aminoimidazole ribonucleotide biosynthesis I|g__Eubacterium.s__Eubacterium_hallii	6.91852e-06
PWY-6121: 5-aminoimidazole ribonucleotide biosynthesis I|g__Clostridium.s__Clostridium_sp_CAG_138	6.91663e-06
PWY-6121: 5-aminoimidazole ribonucleotide biosynthesis I|g__Actinomyces.s__Actinomyces_sp_HPA0247	6.55859e-06
PWY-6121: 5-aminoimidazole ribonucleotide biosynthesis I|g__Streptococcus.s__Streptococcus_thermophilus	6.28501e-06
PWY-6121: 5-aminoimidazole ribonucleotide biosynthesis I|g__Fusicatenibacter.s__Fusicatenibacter_saccharivorans	5.47051e-06
PWY-6121: 5-aminoimidazole ribonucleotide biosynthesis I|g__Bifidobacterium.s__Bifidobacterium_bifidum	5.28462e-06
PWY-6121: 5-aminoimidazole ribonucleotide biosynthesis I|g__Blautia.s__Blautia_wexlerae	5.21878e-06
PWY-6121: 5-aminoimidazole ribonucleotide biosynthesis I|g__Bacteroides.s__Bacteroides_caccae	5.01235e-06
PWY-6121: 5-aminoimidazole ribonucleotide biosynthesis I|g__Barnesiella.s__Barnesiella_intestinihominis	4.77726e-06
PWY-6121: 5-aminoimidazole ribonucleotide biosynthesis I|g__Oscillibacter.s__Oscillibacter_sp_57_20	4.56184e-06
PWY-6121: 5-aminoimidazole ribonucleotide biosynthesis I|g__Bacteroides.s__Bacteroides_massiliensis	4.35234e-06
PWY-6121: 5-aminoimidazole ribonucleotide biosynthesis I|g__Gordonibacter.s__Gordonibacter_urolithinfaciens	4.27633e-06
PWY-6121: 5-aminoimidazole ribonucleotide biosynthesis I|g__Phascolarctobacterium.s__Phascolarctobacterium_faecium	4.2507e-06
PWY-6121: 5-aminoimidazole ribonucleotide biosynthesis I|g__Firmicutes_unclassified.s__Firmicutes_bacterium_CAG_114	4.07449e-06
PWY-6121: 5-aminoimidazole ribonucleotide biosynthesis I|g__Eubacterium.s__Eubacterium_eligens	3.82572e-06
PWY-6121: 5-aminoimidazole ribonucleotide biosynthesis I|g__Lachnospiraceae_unclassified.s__Eubacterium_rectale	3.44321e-06
PWY-6121: 5-aminoimidazole ribonucleotide biosynthesis I|g__Bacteroides.s__Bacteroides_cellulosilyticus	3.32024e-06
PWY-6121: 5-aminoimidazole ribonucleotide biosynthesis I|g__Ruminococcus.s__Ruminococcus_sp_CAG_177	3.31258e-06
PWY-6121: 5-aminoimidazole ribonucleotide biosynthesis I|g__Ruminococcus.s__Ruminococcus_bicirculans	3.23843e-06
PWY-6121: 5-aminoimidazole ribonucleotide biosynthesis I|g__Parabacteroides.s__Parabacteroides_distasonis	3.17655e-06
PWY-6121: 5-aminoimidazole ribonucleotide biosynthesis I|g__Alistipes.s__Alistipes_onderdonkii	2.63528e-06
PWY-6121: 5-aminoimidazole ribonucleotide biosynthesis I|g__Subdoligranulum.s__Subdoligranulum_sp_APC924_74	2.49304e-06
PWY-6121: 5-aminoimidazole ribonucleotide biosynthesis I|g__Coprococcus.s__Coprococcus_catus	2.48188e-06
PWY-6121: 5-aminoimidazole ribonucleotide biosynthesis I|g__Lachnospira.s__Lachnospira_pectinoschiza	2.31991e-06
PWY-6121: 5-aminoimidazole ribonucleotide biosynthesis I|g__Flavonifractor.s__Flavonifractor_plautii	2.27921e-06
PWY-6121: 5-aminoimidazole ribonucleotide biosynthesis I|g__Roseburia.s__Roseburia_sp_CAG_380	2.17511e-06
PWY-6121: 5-aminoimidazole ribonucleotide biosynthesis I|g__Alistipes.s__Alistipes_indistinctus	2.03764e-06
PWY-6121: 5-aminoimidazole ribonucleotide biosynthesis I|g__Gemmiger.s__Gemmiger_formicilis	1.94294e-06
PWY-6121: 5-aminoimidazole ribonucleotide biosynthesis I|g__Streptococcus.s__Streptococcus_salivarius	1.90744e-06
PWY-6121: 5-aminoimidazole ribonucleotide biosynthesis I|g__Eisenbergiella.s__Eisenbergiella_tayi	1.84016e-06
PWY-6121: 5-aminoimidazole ribonucleotide biosynthesis I|g__Firmicutes_unclassified.s__Firmicutes_bacterium_CAG_110	1.71441e-06
PWY-6121: 5-aminoimidazole ribonucleotide biosynthesis I|g__Eggerthella.s__Eggerthella_sp_CAG_298	1.57771e-06
PWY-6121: 5-aminoimidazole ribonucleotide biosynthesis I|g__Parabacteroides.s__Parabacteroides_merdae	1.57685e-06
PWY-6121: 5-aminoimidazole ribonucleotide biosynthesis I|g__Firmicutes_unclassified.s__Firmicutes_bacterium_CAG_94	1.42712e-06
PWY-6121: 5-aminoimidazole ribonucleotide biosynthesis I|g__Bilophila.s__Bilophila_wadsworthia	1.3722e-06
PWY-6121: 5-aminoimidazole ribonucleotide biosynthesis I|g__Lactococcus.s__Lactococcus_lactis	1.30094e-06
PWY-6121: 5-aminoimidazole ribonucleotide biosynthesis I|g__Anaeromassilibacillus.s__Anaeromassilibacillus_sp_An250	1.30065e-06
PWY-6121: 5-aminoimidazole ribonucleotide biosynthesis I|g__Butyricimonas.s__Butyricimonas_virosa	1.29632e-06
PWY-6121: 5-aminoimidazole ribonucleotide biosynthesis I|g__Alistipes.s__Alistipes_shahii	1.17852e-06
PWY-6121: 5-aminoimidazole ribonucleotide biosynthesis I|g__Clostridium.s__Clostridium_sp_CAG_58	1.12884e-06
PWY-6121: 5-aminoimidazole ribonucleotide biosynthesis I|g__Eubacterium.s__Eubacterium_ramulus	1.03078e-06
PWY-6121: 5-aminoimidazole ribonucleotide biosynthesis I|g__Dorea.s__Dorea_formicigenerans	9.27472e-07
PWY-6121: 5-aminoimidazole ribonucleotide biosynthesis I|g__Bacteroides.s__Bacteroides_dorei	9.11315e-07
PWY-6121: 5-aminoimidazole ribonucleotide biosynthesis I|g__Blautia.s__Blautia_sp	8.26326e-07
PWY-6121: 5-aminoimidazole ribonucleotide biosynthesis I|g__Lawsonibacter.s__Lawsonibacter_asaccharolyticus	7.92898e-07
PWY-6121: 5-aminoimidazole ribonucleotide biosynthesis I|g__Intestinibacter.s__Intestinibacter_bartlettii	7.42145e-07
PWY-6121: 5-aminoimidazole ribonucleotide biosynthesis I|g__Actinomyces.s__Actinomyces_naeslundii	7.33791e-07
PWY-6121: 5-aminoimidazole ribonucleotide biosynthesis I|g__Ruminococcaceae_unclassified.s__Ruminococcaceae_bacterium_D5	7.32161e-07
PWY-6121: 5-aminoimidazole ribonucleotide biosynthesis I|g__Bacteroides.s__Bacteroides_faecis	7.22369e-07
PWY-6121: 5-aminoimidazole ribonucleotide biosynthesis I|g__Adlercreutzia.s__Adlercreutzia_equolifaciens	7.05744e-07
PWY-6121: 5-aminoimidazole ribonucleotide biosynthesis I|g__Bacteroides.s__Bacteroides_ovatus	6.98021e-07
PWY-6121: 5-aminoimidazole ribonucleotide biosynthesis I|g__Streptococcus.s__Streptococcus_parasanguinis	6.86608e-07
PWY-6121: 5-aminoimidazole ribonucleotide biosynthesis I|g__Streptococcus.s__Streptococcus_australis	6.62583e-07
PWY-6121: 5-aminoimidazole ribonucleotide biosynthesis I|g__Bacteroides.s__Bacteroides_fragilis	6.16884e-07
PWY-6121: 5-aminoimidazole ribonucleotide biosynthesis I|g__Ruminococcaceae_unclassified.s__Eubacterium_siraeum	5.92465e-07
PWY-6121: 5-aminoimidazole ribonucleotide biosynthesis I|g__Streptococcus.s__Streptococcus_sp_A12	5.76979e-07
PWY-6121: 5-aminoimidazole ribonucleotide biosynthesis I|g__Rothia.s__Rothia_mucilaginosa	4.75773e-07
PWY-6121: 5-aminoimidazole ribonucleotide biosynthesis I|g__Victivallis.s__Victivallis_vadensis	4.09553e-07
PWY-6121: 5-aminoimidazole ribonucleotide biosynthesis I|g__Eubacterium.s__Eubacterium_limosum	3.70013e-07
PWY-6121: 5-aminoimidazole ribonucleotide biosynthesis I|g__Eggerthella.s__Eggerthella_lenta	3.60058e-07
PWY-6121: 5-aminoimidazole ribonucleotide biosynthesis I|g__Roseburia.s__Roseburia_intestinalis	3.56479e-07
PWY-6121: 5-aminoimidazole ribonucleotide biosynthesis I|g__Actinomyces.s__Actinomyces_viscosus	3.09944e-07
PWY-6121: 5-aminoimidazole ribonucleotide biosynthesis I|g__Asaccharobacter.s__Asaccharobacter_celatus	2.99504e-07
PWY-6121: 5-aminoimidazole ribonucleotide biosynthesis I|g__Bacteroides.s__Bacteroides_thetaiotaomicron	2.82603e-07
PWY-6121: 5-aminoimidazole ribonucleotide biosynthesis I|g__Bifidobacterium.s__Bifidobacterium_adolescentis	2.41424e-07
PWY-6121: 5-aminoimidazole ribonucleotide biosynthesis I|g__Eubacterium.s__Eubacterium_maltosivorans	2.33e-07
PWY-6121: 5-aminoimidazole ribonucleotide biosynthesis I|g__Ruminococcus.s__Ruminococcus_sp_AF31_8BH	2.13776e-07
PWY-6121: 5-aminoimidazole ribonucleotide biosynthesis I|g__Streptococcus.s__Streptococcus_oralis	1.47266e-07
PWY-6121: 5-aminoimidazole ribonucleotide biosynthesis I|g__Streptococcus.s__Streptococcus_pseudopneumoniae	8.84386e-08
PWY-6121: 5-aminoimidazole ribonucleotide biosynthesis I|g__Streptococcus.s__Streptococcus_pneumoniae	2.58435e-08
PWY-6122: 5-aminoimidazole ribonucleotide biosynthesis II	0.000483045
PWY-6122: 5-aminoimidazole ribonucleotide biosynthesis II|unclassified	0.000111868
PWY-6122: 5-aminoimidazole ribonucleotide biosynthesis II|g__Bacteroides.s__Bacteroides_uniformis	5.43093e-05
PWY-6122: 5-aminoimidazole ribonucleotide biosynthesis II|g__Blautia.s__Blautia_obeum	3.26072e-05
PWY-6122: 5-aminoimidazole ribonucleotide biosynthesis II|g__Akkermansia.s__Akkermansia_muciniphila	3.11677e-05
PWY-6122: 5-aminoimidazole ribonucleotide biosynthesis II|g__Alistipes.s__Alistipes_finegoldii	2.92723e-05
PWY-6122: 5-aminoimidazole ribonucleotide biosynthesis II|g__Faecalibacterium.s__Faecalibacterium_prausnitzii	2.5616e-05
PWY-6122: 5-aminoimidazole ribonucleotide biosynthesis II|g__Anaerostipes.s__Anaerostipes_hadrus	1.33674e-05
PWY-6122: 5-aminoimidazole ribonucleotide biosynthesis II|g__Senegalimassilia.s__Senegalimassilia_anaerobia	1.13206e-05
PWY-6122: 5-aminoimidazole ribonucleotide biosynthesis II|g__Ruminococcus.s__Ruminococcus_bromii	1.13024e-05
PWY-6122: 5-aminoimidazole ribonucleotide biosynthesis II|g__Blautia.s__Ruminococcus_torques	9.55056e-06
PWY-6122: 5-aminoimidazole ribonucleotide biosynthesis II|g__Dorea.s__Dorea_longicatena	8.65349e-06
PWY-6122: 5-aminoimidazole ribonucleotide biosynthesis II|g__Bifidobacterium.s__Bifidobacterium_catenulatum	8.10274e-06
PWY-6122: 5-aminoimidazole ribonucleotide biosynthesis II|g__Eubacterium.s__Eubacterium_hallii	8.05667e-06
PWY-6122: 5-aminoimidazole ribonucleotide biosynthesis II|g__Bacteroides.s__Bacteroides_vulgatus	7.93865e-06
PWY-6122: 5-aminoimidazole ribonucleotide biosynthesis II|g__Bacteroides.s__Bacteroides_salyersiae	7.66006e-06
PWY-6122: 5-aminoimidazole ribonucleotide biosynthesis II|g__Actinomyces.s__Actinomyces_sp_HPA0247	7.18762e-06
PWY-6122: 5-aminoimidazole ribonucleotide biosynthesis II|g__Collinsella.s__Collinsella_aerofaciens	6.71144e-06
PWY-6122: 5-aminoimidazole ribonucleotide biosynthesis II|g__Clostridium.s__Clostridium_sp_CAG_138	6.4927e-06
PWY-6122: 5-aminoimidazole ribonucleotide biosynthesis II|g__Streptococcus.s__Streptococcus_thermophilus	5.74172e-06
PWY-6122: 5-aminoimidazole ribonucleotide biosynthesis II|g__Blautia.s__Blautia_wexlerae	5.57655e-06
PWY-6122: 5-aminoimidazole ribonucleotide biosynthesis II|g__Barnesiella.s__Barnesiella_intestinihominis	5.4207e-06
PWY-6122: 5-aminoimidazole ribonucleotide biosynthesis II|g__Bifidobacterium.s__Bifidobacterium_bifidum	5.39012e-06
PWY-6122: 5-aminoimidazole ribonucleotide biosynthesis II|g__Fusicatenibacter.s__Fusicatenibacter_saccharivorans	5.08639e-06
PWY-6122: 5-aminoimidazole ribonucleotide biosynthesis II|g__Bacteroides.s__Bacteroides_caccae	4.89366e-06
PWY-6122: 5-aminoimidazole ribonucleotide biosynthesis II|g__Gordonibacter.s__Gordonibacter_urolithinfaciens	4.49753e-06
PWY-6122: 5-aminoimidazole ribonucleotide biosynthesis II|g__Oscillibacter.s__Oscillibacter_sp_57_20	4.48938e-06
PWY-6122: 5-aminoimidazole ribonucleotide biosynthesis II|g__Bacteroides.s__Bacteroides_cellulosilyticus	4.34896e-06
PWY-6122: 5-aminoimidazole ribonucleotide biosynthesis II|g__Bacteroides.s__Bacteroides_massiliensis	4.21508e-06
PWY-6122: 5-aminoimidazole ribonucleotide biosynthesis II|g__Phascolarctobacterium.s__Phascolarctobacterium_faecium	4.16028e-06
PWY-6122: 5-aminoimidazole ribonucleotide biosynthesis II|g__Firmicutes_unclassified.s__Firmicutes_bacterium_CAG_114	3.97467e-06
PWY-6122: 5-aminoimidazole ribonucleotide biosynthesis II|g__Eubacterium.s__Eubacterium_eligens	3.6462e-06
PWY-6122: 5-aminoimidazole ribonucleotide biosynthesis II|g__Lachnospiraceae_unclassified.s__Eubacterium_rectale	3.52024e-06
PWY-6122: 5-aminoimidazole ribonucleotide biosynthesis II|g__Ruminococcus.s__Ruminococcus_sp_CAG_177	3.49952e-06
PWY-6122: 5-aminoimidazole ribonucleotide biosynthesis II|g__Alistipes.s__Alistipes_onderdonkii	3.42869e-06
PWY-6122: 5-aminoimidazole ribonucleotide biosynthesis II|g__Ruminococcus.s__Ruminococcus_bicirculans	3.30659e-06
PWY-6122: 5-aminoimidazole ribonucleotide biosynthesis II|g__Parabacteroides.s__Parabacteroides_distasonis	3.13896e-06
PWY-6122: 5-aminoimidazole ribonucleotide biosynthesis II|g__Flavonifractor.s__Flavonifractor_plautii	2.99462e-06
PWY-6122: 5-aminoimidazole ribonucleotide biosynthesis II|g__Subdoligranulum.s__Subdoligranulum_sp_APC924_74	2.60867e-06
PWY-6122: 5-aminoimidazole ribonucleotide biosynthesis II|g__Coprococcus.s__Coprococcus_catus	2.38991e-06
PWY-6122: 5-aminoimidazole ribonucleotide biosynthesis II|g__Lachnospira.s__Lachnospira_pectinoschiza	2.28382e-06
PWY-6122: 5-aminoimidazole ribonucleotide biosynthesis II|g__Ruthenibacterium.s__Ruthenibacterium_lactatiformans	2.26639e-06
PWY-6122: 5-aminoimidazole ribonucleotide biosynthesis II|g__Roseburia.s__Roseburia_sp_CAG_380	2.13662e-06
PWY-6122: 5-aminoimidazole ribonucleotide biosynthesis II|g__Gemmiger.s__Gemmiger_formicilis	2.06263e-06
PWY-6122: 5-aminoimidazole ribonucleotide biosynthesis II|g__Blautia.s__Blautia_sp	2.05665e-06
PWY-6122: 5-aminoimidazole ribonucleotide biosynthesis II|g__Eggerthella.s__Eggerthella_sp_CAG_298	2.02173e-06
PWY-6122: 5-aminoimidazole ribonucleotide biosynthesis II|g__Eisenbergiella.s__Eisenbergiella_tayi	1.96828e-06
PWY-6122: 5-aminoimidazole ribonucleotide biosynthesis II|g__Alistipes.s__Alistipes_indistinctus	1.89196e-06
PWY-6122: 5-aminoimidazole ribonucleotide biosynthesis II|g__Streptococcus.s__Streptococcus_salivarius	1.83776e-06
PWY-6122: 5-aminoimidazole ribonucleotide biosynthesis II|g__Firmicutes_unclassified.s__Firmicutes_bacterium_CAG_110	1.58412e-06
PWY-6122: 5-aminoimidazole ribonucleotide biosynthesis II|g__Clostridium.s__Clostridium_sp_CAG_58	1.5624e-06
PWY-6122: 5-aminoimidazole ribonucleotide biosynthesis II|g__Parabacteroides.s__Parabacteroides_merdae	1.54824e-06
PWY-6122: 5-aminoimidazole ribonucleotide biosynthesis II|g__Lactococcus.s__Lactococcus_lactis	1.50791e-06
PWY-6122: 5-aminoimidazole ribonucleotide biosynthesis II|g__Firmicutes_unclassified.s__Firmicutes_bacterium_CAG_94	1.48026e-06
PWY-6122: 5-aminoimidazole ribonucleotide biosynthesis II|g__Alistipes.s__Alistipes_shahii	1.47633e-06
PWY-6122: 5-aminoimidazole ribonucleotide biosynthesis II|g__Bilophila.s__Bilophila_wadsworthia	1.31547e-06
PWY-6122: 5-aminoimidazole ribonucleotide biosynthesis II|g__Eubacterium.s__Eubacterium_ramulus	1.26907e-06
PWY-6122: 5-aminoimidazole ribonucleotide biosynthesis II|g__Anaeromassilibacillus.s__Anaeromassilibacillus_sp_An250	1.24473e-06
PWY-6122: 5-aminoimidazole ribonucleotide biosynthesis II|g__Butyricimonas.s__Butyricimonas_virosa	1.21024e-06
PWY-6122: 5-aminoimidazole ribonucleotide biosynthesis II|g__Adlercreutzia.s__Adlercreutzia_equolifaciens	1.16458e-06
PWY-6122: 5-aminoimidazole ribonucleotide biosynthesis II|g__Bacteroides.s__Bacteroides_dorei	1.13232e-06
PWY-6122: 5-aminoimidazole ribonucleotide biosynthesis II|g__Streptococcus.s__Streptococcus_parasanguinis	1.07784e-06
PWY-6122: 5-aminoimidazole ribonucleotide biosynthesis II|g__Intestinibacter.s__Intestinibacter_bartlettii	1.0309e-06
PWY-6122: 5-aminoimidazole ribonucleotide biosynthesis II|g__Actinomyces.s__Actinomyces_naeslundii	1.02015e-06
PWY-6122: 5-aminoimidazole ribonucleotide biosynthesis II|g__Bacteroides.s__Bacteroides_ovatus	9.52509e-07
PWY-6122: 5-aminoimidazole ribonucleotide biosynthesis II|g__Asaccharobacter.s__Asaccharobacter_celatus	9.10979e-07
PWY-6122: 5-aminoimidazole ribonucleotide biosynthesis II|g__Dorea.s__Dorea_formicigenerans	8.75445e-07
PWY-6122: 5-aminoimidazole ribonucleotide biosynthesis II|g__Lawsonibacter.s__Lawsonibacter_asaccharolyticus	8.00283e-07
PWY-6122: 5-aminoimidazole ribonucleotide biosynthesis II|g__Bacteroides.s__Bacteroides_faecis	7.49671e-07
PWY-6122: 5-aminoimidazole ribonucleotide biosynthesis II|g__Ruminococcaceae_unclassified.s__Ruminococcaceae_bacterium_D5	6.92731e-07
PWY-6122: 5-aminoimidazole ribonucleotide biosynthesis II|g__Ruminococcaceae_unclassified.s__Eubacterium_siraeum	6.64879e-07
PWY-6122: 5-aminoimidazole ribonucleotide biosynthesis II|g__Streptococcus.s__Streptococcus_australis	5.89104e-07
PWY-6122: 5-aminoimidazole ribonucleotide biosynthesis II|g__Bacteroides.s__Bacteroides_fragilis	5.71709e-07
PWY-6122: 5-aminoimidazole ribonucleotide biosynthesis II|g__Streptococcus.s__Streptococcus_sp_A12	5.08843e-07
PWY-6122: 5-aminoimidazole ribonucleotide biosynthesis II|g__Victivallis.s__Victivallis_vadensis	4.69306e-07
PWY-6122: 5-aminoimidazole ribonucleotide biosynthesis II|g__Actinomyces.s__Actinomyces_oris	4.39415e-07
PWY-6122: 5-aminoimidazole ribonucleotide biosynthesis II|g__Victivallales_unclassified.s__Victivallales_bacterium_CCUG_44730	4.28799e-07
PWY-6122: 5-aminoimidazole ribonucleotide biosynthesis II|g__Rothia.s__Rothia_mucilaginosa	4.14033e-07
PWY-6122: 5-aminoimidazole ribonucleotide biosynthesis II|g__Eubacterium.s__Eubacterium_limosum	4.13881e-07
PWY-6122: 5-aminoimidazole ribonucleotide biosynthesis II|g__Roseburia.s__Roseburia_intestinalis	4.04456e-07
PWY-6122: 5-aminoimidazole ribonucleotide biosynthesis II|g__Slackia.s__Slackia_isoflavoniconvertens	3.99103e-07
PWY-6122: 5-aminoimidazole ribonucleotide biosynthesis II|g__Actinomyces.s__Actinomyces_viscosus	3.90598e-07
PWY-6122: 5-aminoimidazole ribonucleotide biosynthesis II|g__Eggerthella.s__Eggerthella_lenta	3.5986e-07
PWY-6122: 5-aminoimidazole ribonucleotide biosynthesis II|g__Firmicutes_unclassified.s__Firmicutes_bacterium_CAG_137	3.13801e-07
PWY-6122: 5-aminoimidazole ribonucleotide biosynthesis II|g__Bifidobacterium.s__Bifidobacterium_adolescentis	3.03795e-07
PWY-6122: 5-aminoimidazole ribonucleotide biosynthesis II|g__Lentisphaerae_unclassified.s__Lentisphaerae_bacterium	2.50175e-07
PWY-6122: 5-aminoimidazole ribonucleotide biosynthesis II|g__Ruminococcus.s__Ruminococcus_sp_AF31_8BH	2.42634e-07
PWY-6122: 5-aminoimidazole ribonucleotide biosynthesis II|g__Bacteroides.s__Bacteroides_thetaiotaomicron	2.41564e-07
PWY-6122: 5-aminoimidazole ribonucleotide biosynthesis II|g__Eubacterium.s__Eubacterium_maltosivorans	2.37412e-07
PWY-6122: 5-aminoimidazole ribonucleotide biosynthesis II|g__Rothia.s__Rothia_dentocariosa	2.37279e-07
PWY-6122: 5-aminoimidazole ribonucleotide biosynthesis II|g__Streptococcus.s__Streptococcus_oralis	2.11982e-07
PWY-6122: 5-aminoimidazole ribonucleotide biosynthesis II|g__Bifidobacterium.s__Bifidobacterium_longum	1.31122e-07
PWY-6122: 5-aminoimidazole ribonucleotide biosynthesis II|g__Streptococcus.s__Streptococcus_pseudopneumoniae	7.90681e-08
PWY-6122: 5-aminoimidazole ribonucleotide biosynthesis II|g__Streptococcus.s__Streptococcus_pneumoniae	2.13714e-08
PWY-6277: superpathway of 5-aminoimidazole ribonucleotide biosynthesis	0.000483045
PWY-6277: superpathway of 5-aminoimidazole ribonucleotide biosynthesis|unclassified	0.000111868
PWY-6277: superpathway of 5-aminoimidazole ribonucleotide biosynthesis|g__Bacteroides.s__Bacteroides_uniformis	5.43093e-05
PWY-6277: superpathway of 5-aminoimidazole ribonucleotide biosynthesis|g__Blautia.s__Blautia_obeum	3.26072e-05
PWY-6277: superpathway of 5-aminoimidazole ribonucleotide biosynthesis|g__Akkermansia.s__Akkermansia_muciniphila	3.11677e-05
PWY-6277: superpathway of 5-aminoimidazole ribonucleotide biosynthesis|g__Alistipes.s__Alistipes_finegoldii	2.92723e-05
PWY-6277: superpathway of 5-aminoimidazole ribonucleotide biosynthesis|g__Faecalibacterium.s__Faecalibacterium_prausnitzii	2.5616e-05
PWY-6277: superpathway of 5-aminoimidazole ribonucleotide biosynthesis|g__Anaerostipes.s__Anaerostipes_hadrus	1.33674e-05
PWY-6277: superpathway of 5-aminoimidazole ribonucleotide biosynthesis|g__Senegalimassilia.s__Senegalimassilia_anaerobia	1.13206e-05
PWY-6277: superpathway of 5-aminoimidazole ribonucleotide biosynthesis|g__Ruminococcus.s__Ruminococcus_bromii	1.13024e-05
PWY-6277: superpathway of 5-aminoimidazole ribonucleotide biosynthesis|g__Blautia.s__Ruminococcus_torques	9.55056e-06
PWY-6277: superpathway of 5-aminoimidazole ribonucleotide biosynthesis|g__Dorea.s__Dorea_longicatena	8.65349e-06
PWY-6277: superpathway of 5-aminoimidazole ribonucleotide biosynthesis|g__Bifidobacterium.s__Bifidobacterium_catenulatum	8.10274e-06
PWY-6277: superpathway of 5-aminoimidazole ribonucleotide biosynthesis|g__Eubacterium.s__Eubacterium_hallii	8.05667e-06
PWY-6277: superpathway of 5-aminoimidazole ribonucleotide biosynthesis|g__Bacteroides.s__Bacteroides_vulgatus	7.93865e-06
PWY-6277: superpathway of 5-aminoimidazole ribonucleotide biosynthesis|g__Bacteroides.s__Bacteroides_salyersiae	7.66006e-06
PWY-6277: superpathway of 5-aminoimidazole ribonucleotide biosynthesis|g__Actinomyces.s__Actinomyces_sp_HPA0247	7.18762e-06
PWY-6277: superpathway of 5-aminoimidazole ribonucleotide biosynthesis|g__Collinsella.s__Collinsella_aerofaciens	6.71144e-06
PWY-6277: superpathway of 5-aminoimidazole ribonucleotide biosynthesis|g__Clostridium.s__Clostridium_sp_CAG_138	6.4927e-06
PWY-6277: superpathway of 5-aminoimidazole ribonucleotide biosynthesis|g__Streptococcus.s__Streptococcus_thermophilus	5.74172e-06
PWY-6277: superpathway of 5-aminoimidazole ribonucleotide biosynthesis|g__Blautia.s__Blautia_wexlerae	5.57655e-06
PWY-6277: superpathway of 5-aminoimidazole ribonucleotide biosynthesis|g__Barnesiella.s__Barnesiella_intestinihominis	5.4207e-06
PWY-6277: superpathway of 5-aminoimidazole ribonucleotide biosynthesis|g__Bifidobacterium.s__Bifidobacterium_bifidum	5.39012e-06
PWY-6277: superpathway of 5-aminoimidazole ribonucleotide biosynthesis|g__Fusicatenibacter.s__Fusicatenibacter_saccharivorans	5.08639e-06
PWY-6277: superpathway of 5-aminoimidazole ribonucleotide biosynthesis|g__Bacteroides.s__Bacteroides_caccae	4.89366e-06
PWY-6277: superpathway of 5-aminoimidazole ribonucleotide biosynthesis|g__Gordonibacter.s__Gordonibacter_urolithinfaciens	4.49753e-06
PWY-6277: superpathway of 5-aminoimidazole ribonucleotide biosynthesis|g__Oscillibacter.s__Oscillibacter_sp_57_20	4.48938e-06
PWY-6277: superpathway of 5-aminoimidazole ribonucleotide biosynthesis|g__Bacteroides.s__Bacteroides_cellulosilyticus	4.34896e-06
PWY-6277: superpathway of 5-aminoimidazole ribonucleotide biosynthesis|g__Bacteroides.s__Bacteroides_massiliensis	4.21508e-06
PWY-6277: superpathway of 5-aminoimidazole ribonucleotide biosynthesis|g__Phascolarctobacterium.s__Phascolarctobacterium_faecium	4.16028e-06
PWY-6277: superpathway of 5-aminoimidazole ribonucleotide biosynthesis|g__Firmicutes_unclassified.s__Firmicutes_bacterium_CAG_114	3.97467e-06
PWY-6277: superpathway of 5-aminoimidazole ribonucleotide biosynthesis|g__Eubacterium.s__Eubacterium_eligens	3.6462e-06
PWY-6277: superpathway of 5-aminoimidazole ribonucleotide biosynthesis|g__Lachnospiraceae_unclassified.s__Eubacterium_rectale	3.52024e-06
PWY-6277: superpathway of 5-aminoimidazole ribonucleotide biosynthesis|g__Ruminococcus.s__Ruminococcus_sp_CAG_177	3.49952e-06
PWY-6277: superpathway of 5-aminoimidazole ribonucleotide biosynthesis|g__Alistipes.s__Alistipes_onderdonkii	3.42869e-06
PWY-6277: superpathway of 5-aminoimidazole ribonucleotide biosynthesis|g__Ruminococcus.s__Ruminococcus_bicirculans	3.30659e-06
PWY-6277: superpathway of 5-aminoimidazole ribonucleotide biosynthesis|g__Parabacteroides.s__Parabacteroides_distasonis	3.13896e-06
PWY-6277: superpathway of 5-aminoimidazole ribonucleotide biosynthesis|g__Flavonifractor.s__Flavonifractor_plautii	2.99462e-06
PWY-6277: superpathway of 5-aminoimidazole ribonucleotide biosynthesis|g__Subdoligranulum.s__Subdoligranulum_sp_APC924_74	2.60867e-06
PWY-6277: superpathway of 5-aminoimidazole ribonucleotide biosynthesis|g__Coprococcus.s__Coprococcus_catus	2.38991e-06
PWY-6277: superpathway of 5-aminoimidazole ribonucleotide biosynthesis|g__Lachnospira.s__Lachnospira_pectinoschiza	2.28382e-06
PWY-6277: superpathway of 5-aminoimidazole ribonucleotide biosynthesis|g__Ruthenibacterium.s__Ruthenibacterium_lactatiformans	2.26639e-06
PWY-6277: superpathway of 5-aminoimidazole ribonucleotide biosynthesis|g__Roseburia.s__Roseburia_sp_CAG_380	2.13662e-06
PWY-6277: superpathway of 5-aminoimidazole ribonucleotide biosynthesis|g__Gemmiger.s__Gemmiger_formicilis	2.06263e-06
PWY-6277: superpathway of 5-aminoimidazole ribonucleotide biosynthesis|g__Blautia.s__Blautia_sp	2.05665e-06
PWY-6277: superpathway of 5-aminoimidazole ribonucleotide biosynthesis|g__Eggerthella.s__Eggerthella_sp_CAG_298	2.02173e-06
PWY-6277: superpathway of 5-aminoimidazole ribonucleotide biosynthesis|g__Eisenbergiella.s__Eisenbergiella_tayi	1.96828e-06
PWY-6277: superpathway of 5-aminoimidazole ribonucleotide biosynthesis|g__Alistipes.s__Alistipes_indistinctus	1.89196e-06
PWY-6277: superpathway of 5-aminoimidazole ribonucleotide biosynthesis|g__Streptococcus.s__Streptococcus_salivarius	1.83776e-06
PWY-6277: superpathway of 5-aminoimidazole ribonucleotide biosynthesis|g__Firmicutes_unclassified.s__Firmicutes_bacterium_CAG_110	1.58412e-06
PWY-6277: superpathway of 5-aminoimidazole ribonucleotide biosynthesis|g__Clostridium.s__Clostridium_sp_CAG_58	1.5624e-06
PWY-6277: superpathway of 5-aminoimidazole ribonucleotide biosynthesis|g__Parabacteroides.s__Parabacteroides_merdae	1.54824e-06
PWY-6277: superpathway of 5-aminoimidazole ribonucleotide biosynthesis|g__Lactococcus.s__Lactococcus_lactis	1.50791e-06
PWY-6277: superpathway of 5-aminoimidazole ribonucleotide biosynthesis|g__Firmicutes_unclassified.s__Firmicutes_bacterium_CAG_94	1.48026e-06
PWY-6277: superpathway of 5-aminoimidazole ribonucleotide biosynthesis|g__Alistipes.s__Alistipes_shahii	1.47633e-06
PWY-6277: superpathway of 5-aminoimidazole ribonucleotide biosynthesis|g__Bilophila.s__Bilophila_wadsworthia	1.31547e-06
PWY-6277: superpathway of 5-aminoimidazole ribonucleotide biosynthesis|g__Eubacterium.s__Eubacterium_ramulus	1.26907e-06
PWY-6277: superpathway of 5-aminoimidazole ribonucleotide biosynthesis|g__Anaeromassilibacillus.s__Anaeromassilibacillus_sp_An250	1.24473e-06
PWY-6277: superpathway of 5-aminoimidazole ribonucleotide biosynthesis|g__Butyricimonas.s__Butyricimonas_virosa	1.21024e-06
PWY-6277: superpathway of 5-aminoimidazole ribonucleotide biosynthesis|g__Adlercreutzia.s__Adlercreutzia_equolifaciens	1.16458e-06
PWY-6277: superpathway of 5-aminoimidazole ribonucleotide biosynthesis|g__Bacteroides.s__Bacteroides_dorei	1.13232e-06
PWY-6277: superpathway of 5-aminoimidazole ribonucleotide biosynthesis|g__Streptococcus.s__Streptococcus_parasanguinis	1.07784e-06
PWY-6277: superpathway of 5-aminoimidazole ribonucleotide biosynthesis|g__Intestinibacter.s__Intestinibacter_bartlettii	1.0309e-06
PWY-6277: superpathway of 5-aminoimidazole ribonucleotide biosynthesis|g__Actinomyces.s__Actinomyces_naeslundii	1.02015e-06
PWY-6277: superpathway of 5-aminoimidazole ribonucleotide biosynthesis|g__Bacteroides.s__Bacteroides_ovatus	9.52509e-07
PWY-6277: superpathway of 5-aminoimidazole ribonucleotide biosynthesis|g__Asaccharobacter.s__Asaccharobacter_celatus	9.10979e-07
PWY-6277: superpathway of 5-aminoimidazole ribonucleotide biosynthesis|g__Dorea.s__Dorea_formicigenerans	8.75445e-07
PWY-6277: superpathway of 5-aminoimidazole ribonucleotide biosynthesis|g__Lawsonibacter.s__Lawsonibacter_asaccharolyticus	8.00283e-07
PWY-6277: superpathway of 5-aminoimidazole ribonucleotide biosynthesis|g__Bacteroides.s__Bacteroides_faecis	7.49671e-07
PWY-6277: superpathway of 5-aminoimidazole ribonucleotide biosynthesis|g__Ruminococcaceae_unclassified.s__Ruminococcaceae_bacterium_D5	6.92731e-07
PWY-6277: superpathway of 5-aminoimidazole ribonucleotide biosynthesis|g__Ruminococcaceae_unclassified.s__Eubacterium_siraeum	6.64879e-07
PWY-6277: superpathway of 5-aminoimidazole ribonucleotide biosynthesis|g__Streptococcus.s__Streptococcus_australis	5.89104e-07
PWY-6277: superpathway of 5-aminoimidazole ribonucleotide biosynthesis|g__Bacteroides.s__Bacteroides_fragilis	5.71709e-07
PWY-6277: superpathway of 5-aminoimidazole ribonucleotide biosynthesis|g__Streptococcus.s__Streptococcus_sp_A12	5.08843e-07
PWY-6277: superpathway of 5-aminoimidazole ribonucleotide biosynthesis|g__Victivallis.s__Victivallis_vadensis	4.69306e-07
PWY-6277: superpathway of 5-aminoimidazole ribonucleotide biosynthesis|g__Actinomyces.s__Actinomyces_oris	4.39415e-07
PWY-6277: superpathway of 5-aminoimidazole ribonucleotide biosynthesis|g__Victivallales_unclassified.s__Victivallales_bacterium_CCUG_44730	4.28799e-07
PWY-6277: superpathway of 5-aminoimidazole ribonucleotide biosynthesis|g__Rothia.s__Rothia_mucilaginosa	4.14033e-07
PWY-6277: superpathway of 5-aminoimidazole ribonucleotide biosynthesis|g__Eubacterium.s__Eubacterium_limosum	4.13881e-07
PWY-6277: superpathway of 5-aminoimidazole ribonucleotide biosynthesis|g__Roseburia.s__Roseburia_intestinalis	4.04456e-07
PWY-6277: superpathway of 5-aminoimidazole ribonucleotide biosynthesis|g__Slackia.s__Slackia_isoflavoniconvertens	3.99103e-07
PWY-6277: superpathway of 5-aminoimidazole ribonucleotide biosynthesis|g__Actinomyces.s__Actinomyces_viscosus	3.90598e-07
PWY-6277: superpathway of 5-aminoimidazole ribonucleotide biosynthesis|g__Eggerthella.s__Eggerthella_lenta	3.5986e-07
PWY-6277: superpathway of 5-aminoimidazole ribonucleotide biosynthesis|g__Firmicutes_unclassified.s__Firmicutes_bacterium_CAG_137	3.13801e-07
PWY-6277: superpathway of 5-aminoimidazole ribonucleotide biosynthesis|g__Bifidobacterium.s__Bifidobacterium_adolescentis	3.03795e-07
PWY-6277: superpathway of 5-aminoimidazole ribonucleotide biosynthesis|g__Lentisphaerae_unclassified.s__Lentisphaerae_bacterium	2.50175e-07
PWY-6277: superpathway of 5-aminoimidazole ribonucleotide biosynthesis|g__Ruminococcus.s__Ruminococcus_sp_AF31_8BH	2.42634e-07
PWY-6277: superpathway of 5-aminoimidazole ribonucleotide biosynthesis|g__Bacteroides.s__Bacteroides_thetaiotaomicron	2.41564e-07
PWY-6277: superpathway of 5-aminoimidazole ribonucleotide biosynthesis|g__Eubacterium.s__Eubacterium_maltosivorans	2.37412e-07
PWY-6277: superpathway of 5-aminoimidazole ribonucleotide biosynthesis|g__Rothia.s__Rothia_dentocariosa	2.37279e-07
PWY-6277: superpathway of 5-aminoimidazole ribonucleotide biosynthesis|g__Streptococcus.s__Streptococcus_oralis	2.11982e-07
PWY-6277: superpathway of 5-aminoimidazole ribonucleotide biosynthesis|g__Bifidobacterium.s__Bifidobacterium_longum	1.31122e-07
PWY-6277: superpathway of 5-aminoimidazole ribonucleotide biosynthesis|g__Streptococcus.s__Streptococcus_pseudopneumoniae	7.90681e-08
PWY-6277: superpathway of 5-aminoimidazole ribonucleotide biosynthesis|g__Streptococcus.s__Streptococcus_pneumoniae	2.13714e-08
COA-PWY-1: superpathway of coenzyme A biosynthesis III (mammals)	0.000480495
COA-PWY-1: superpathway of coenzyme A biosynthesis III (mammals)|unclassified	0.000124011
COA-PWY-1: superpathway of coenzyme A biosynthesis III (mammals)|g__Bacteroides.s__Bacteroides_uniformis	5.40336e-05
COA-PWY-1: superpathway of coenzyme A biosynthesis III (mammals)|g__Faecalibacterium.s__Faecalibacterium_prausnitzii	2.33817e-05
COA-PWY-1: superpathway of coenzyme A biosynthesis III (mammals)|g__Blautia.s__Blautia_obeum	1.406e-05
COA-PWY-1: superpathway of coenzyme A biosynthesis III (mammals)|g__Anaerostipes.s__Anaerostipes_hadrus	1.21312e-05
COA-PWY-1: superpathway of coenzyme A biosynthesis III (mammals)|g__Senegalimassilia.s__Senegalimassilia_anaerobia	1.10882e-05
COA-PWY-1: superpathway of coenzyme A biosynthesis III (mammals)|g__Bacteroides.s__Bacteroides_vulgatus	9.9884e-06
COA-PWY-1: superpathway of coenzyme A biosynthesis III (mammals)|g__Fusicatenibacter.s__Fusicatenibacter_saccharivorans	7.25072e-06
COA-PWY-1: superpathway of coenzyme A biosynthesis III (mammals)|g__Blautia.s__Ruminococcus_torques	7.18158e-06
COA-PWY-1: superpathway of coenzyme A biosynthesis III (mammals)|g__Bifidobacterium.s__Bifidobacterium_catenulatum	6.58931e-06
COA-PWY-1: superpathway of coenzyme A biosynthesis III (mammals)|g__Bacteroides.s__Bacteroides_salyersiae	6.32335e-06
COA-PWY-1: superpathway of coenzyme A biosynthesis III (mammals)|g__Firmicutes_unclassified.s__Firmicutes_bacterium_CAG_114	5.73702e-06
COA-PWY-1: superpathway of coenzyme A biosynthesis III (mammals)|g__Barnesiella.s__Barnesiella_intestinihominis	4.82425e-06
COA-PWY-1: superpathway of coenzyme A biosynthesis III (mammals)|g__Bacteroides.s__Bacteroides_caccae	4.27361e-06
COA-PWY-1: superpathway of coenzyme A biosynthesis III (mammals)|g__Collinsella.s__Collinsella_aerofaciens	4.23497e-06
COA-PWY-1: superpathway of coenzyme A biosynthesis III (mammals)|g__Phascolarctobacterium.s__Phascolarctobacterium_faecium	3.72119e-06
COA-PWY-1: superpathway of coenzyme A biosynthesis III (mammals)|g__Bacteroides.s__Bacteroides_cellulosilyticus	3.60312e-06
COA-PWY-1: superpathway of coenzyme A biosynthesis III (mammals)|g__Eubacterium.s__Eubacterium_hallii	3.42157e-06
COA-PWY-1: superpathway of coenzyme A biosynthesis III (mammals)|g__Parabacteroides.s__Parabacteroides_distasonis	3.33473e-06
COA-PWY-1: superpathway of coenzyme A biosynthesis III (mammals)|g__Ruminococcus.s__Ruminococcus_bicirculans	3.32767e-06
COA-PWY-1: superpathway of coenzyme A biosynthesis III (mammals)|g__Alistipes.s__Alistipes_indistinctus	2.94075e-06
COA-PWY-1: superpathway of coenzyme A biosynthesis III (mammals)|g__Eubacterium.s__Eubacterium_eligens	2.83475e-06
COA-PWY-1: superpathway of coenzyme A biosynthesis III (mammals)|g__Gordonibacter.s__Gordonibacter_urolithinfaciens	2.64558e-06
COA-PWY-1: superpathway of coenzyme A biosynthesis III (mammals)|g__Blautia.s__Blautia_wexlerae	2.54481e-06
COA-PWY-1: superpathway of coenzyme A biosynthesis III (mammals)|g__Roseburia.s__Roseburia_sp_CAG_380	2.48733e-06
COA-PWY-1: superpathway of coenzyme A biosynthesis III (mammals)|g__Subdoligranulum.s__Subdoligranulum_sp_APC924_74	2.45635e-06
COA-PWY-1: superpathway of coenzyme A biosynthesis III (mammals)|g__Lachnospira.s__Lachnospira_pectinoschiza	2.27867e-06
COA-PWY-1: superpathway of coenzyme A biosynthesis III (mammals)|g__Gemmiger.s__Gemmiger_formicilis	1.96192e-06
COA-PWY-1: superpathway of coenzyme A biosynthesis III (mammals)|g__Parabacteroides.s__Parabacteroides_merdae	1.59746e-06
COA-PWY-1: superpathway of coenzyme A biosynthesis III (mammals)|g__Firmicutes_unclassified.s__Firmicutes_bacterium_CAG_110	1.27514e-06
COA-PWY-1: superpathway of coenzyme A biosynthesis III (mammals)|g__Eggerthella.s__Eggerthella_sp_CAG_298	1.14906e-06
COA-PWY-1: superpathway of coenzyme A biosynthesis III (mammals)|g__Butyricimonas.s__Butyricimonas_virosa	1.09801e-06
COA-PWY-1: superpathway of coenzyme A biosynthesis III (mammals)|g__Anaeromassilibacillus.s__Anaeromassilibacillus_sp_An250	9.16767e-07
COA-PWY-1: superpathway of coenzyme A biosynthesis III (mammals)|g__Butyricimonas.s__Butyricimonas_synergistica	8.1388e-07
COA-PWY-1: superpathway of coenzyme A biosynthesis III (mammals)|g__Streptococcus.s__Streptococcus_salivarius	7.57648e-07
COA-PWY-1: superpathway of coenzyme A biosynthesis III (mammals)|g__Clostridium.s__Clostridium_sp_CAG_58	6.48944e-07
COA-PWY-1: superpathway of coenzyme A biosynthesis III (mammals)|g__Bacteroides.s__Bacteroides_sp_CAG_144	6.42495e-07
COA-PWY-1: superpathway of coenzyme A biosynthesis III (mammals)|g__Bifidobacterium.s__Bifidobacterium_adolescentis	5.57536e-07
COA-PWY-1: superpathway of coenzyme A biosynthesis III (mammals)|g__Lachnospiraceae_unclassified.s__Eubacterium_rectale	4.49706e-07
COA-PWY-1: superpathway of coenzyme A biosynthesis III (mammals)|g__Bacteroides.s__Bacteroides_thetaiotaomicron	4.09023e-07
COA-PWY-1: superpathway of coenzyme A biosynthesis III (mammals)|g__Bacteroides.s__Bacteroides_dorei	4.0105e-07
COA-PWY-1: superpathway of coenzyme A biosynthesis III (mammals)|g__Streptococcus.s__Streptococcus_sp_A12	3.20569e-07
COA-PWY-1: superpathway of coenzyme A biosynthesis III (mammals)|g__Bacteroides.s__Bacteroides_fragilis	3.13397e-07
COA-PWY-1: superpathway of coenzyme A biosynthesis III (mammals)|g__Alistipes.s__Alistipes_finegoldii	2.41714e-07
COA-PWY-1: superpathway of coenzyme A biosynthesis III (mammals)|g__Eubacterium.s__Eubacterium_limosum	2.02011e-07
COA-PWY-1: superpathway of coenzyme A biosynthesis III (mammals)|g__Streptococcus.s__Streptococcus_australis	1.99901e-07
COA-PWY-1: superpathway of coenzyme A biosynthesis III (mammals)|g__Alistipes.s__Alistipes_onderdonkii	1.5463e-07
PWY0-1296: purine ribonucleosides degradation	0.000478976
PWY0-1296: purine ribonucleosides degradation|unclassified	8.40354e-05
PWY0-1296: purine ribonucleosides degradation|g__Blautia.s__Blautia_obeum	5.4987e-05
PWY0-1296: purine ribonucleosides degradation|g__Faecalibacterium.s__Faecalibacterium_prausnitzii	3.05852e-05
PWY0-1296: purine ribonucleosides degradation|g__Anaerostipes.s__Anaerostipes_hadrus	1.73343e-05
PWY0-1296: purine ribonucleosides degradation|g__Clostridium.s__Clostridium_sp_CAG_354	1.48767e-05
PWY0-1296: purine ribonucleosides degradation|g__Blautia.s__Ruminococcus_torques	1.137e-05
PWY0-1296: purine ribonucleosides degradation|g__Fusicatenibacter.s__Fusicatenibacter_saccharivorans	1.08666e-05
PWY0-1296: purine ribonucleosides degradation|g__Dorea.s__Dorea_longicatena	1.01505e-05
PWY0-1296: purine ribonucleosides degradation|g__Streptococcus.s__Streptococcus_thermophilus	6.52463e-06
PWY0-1296: purine ribonucleosides degradation|g__Blautia.s__Blautia_wexlerae	5.16911e-06
PWY0-1296: purine ribonucleosides degradation|g__Clostridium.s__Clostridium_sp_CAG_138	5.11024e-06
PWY0-1296: purine ribonucleosides degradation|g__Ruthenibacterium.s__Ruthenibacterium_lactatiformans	4.38892e-06
PWY0-1296: purine ribonucleosides degradation|g__Lachnospiraceae_unclassified.s__Eubacterium_rectale	4.08254e-06
PWY0-1296: purine ribonucleosides degradation|g__Phascolarctobacterium.s__Phascolarctobacterium_faecium	3.82822e-06
PWY0-1296: purine ribonucleosides degradation|g__Ruminococcus.s__Ruminococcus_sp_CAG_177	3.58239e-06
PWY0-1296: purine ribonucleosides degradation|g__Eubacterium.s__Eubacterium_eligens	3.51354e-06
PWY0-1296: purine ribonucleosides degradation|g__Firmicutes_unclassified.s__Firmicutes_bacterium_CAG_110	2.77391e-06
PWY0-1296: purine ribonucleosides degradation|g__Subdoligranulum.s__Subdoligranulum_sp_APC924_74	2.51932e-06
PWY0-1296: purine ribonucleosides degradation|g__Streptococcus.s__Streptococcus_australis	2.42959e-06
PWY0-1296: purine ribonucleosides degradation|g__Eisenbergiella.s__Eisenbergiella_tayi	2.39123e-06
PWY0-1296: purine ribonucleosides degradation|g__Clostridium.s__Clostridium_sp_CAG_58	2.14149e-06
PWY0-1296: purine ribonucleosides degradation|g__Roseburia.s__Roseburia_sp_CAG_380	2.13716e-06
PWY0-1296: purine ribonucleosides degradation|g__Coprococcus.s__Coprococcus_catus	2.05177e-06
PWY0-1296: purine ribonucleosides degradation|g__Gemmiger.s__Gemmiger_formicilis	1.96154e-06
PWY0-1296: purine ribonucleosides degradation|g__Anaeromassilibacillus.s__Anaeromassilibacillus_sp_An250	1.64924e-06
PWY0-1296: purine ribonucleosides degradation|g__Streptococcus.s__Streptococcus_sp_A12	1.54424e-06
PWY0-1296: purine ribonucleosides degradation|g__Actinomyces.s__Actinomyces_naeslundii	1.28035e-06
PWY0-1296: purine ribonucleosides degradation|g__Dorea.s__Dorea_formicigenerans	1.20839e-06
PWY0-1296: purine ribonucleosides degradation|g__Eubacterium.s__Eubacterium_ramulus	1.08685e-06
PWY0-1296: purine ribonucleosides degradation|g__Clostridium.s__Clostridium_sp_CAG_242	1.04467e-06
PWY0-1296: purine ribonucleosides degradation|g__Streptococcus.s__Streptococcus_oralis	9.9321e-07
PWY0-1296: purine ribonucleosides degradation|g__Blautia.s__Blautia_sp	9.45316e-07
PWY0-1296: purine ribonucleosides degradation|g__Ruminococcaceae_unclassified.s__Ruminococcaceae_bacterium_D5	7.6071e-07
PWY0-1296: purine ribonucleosides degradation|g__Intestinibacter.s__Intestinibacter_bartlettii	7.47058e-07
PWY0-1296: purine ribonucleosides degradation|g__Lactococcus.s__Lactococcus_lactis	7.2874e-07
PWY0-1296: purine ribonucleosides degradation|g__Streptococcus.s__Streptococcus_salivarius	6.26001e-07
PWY0-1296: purine ribonucleosides degradation|g__Streptococcus.s__Streptococcus_parasanguinis	6.06479e-07
PWY0-1296: purine ribonucleosides degradation|g__Streptococcus.s__Streptococcus_pneumoniae	4.0042e-07
PWY0-1296: purine ribonucleosides degradation|g__Blautia.s__Blautia_sp_CAG_52	3.01009e-07
PWY0-1296: purine ribonucleosides degradation|g__Ruminococcus.s__Ruminococcus_sp_AF31_8BH	2.06523e-07
PWY0-1296: purine ribonucleosides degradation|g__Hungatella.s__Hungatella_hathewayi	1.88405e-07
PWY0-1296: purine ribonucleosides degradation|g__Streptococcus.s__Streptococcus_pseudopneumoniae	6.19181e-08
PWY-5941: glycogen degradation II	0.000477344
PWY-5941: glycogen degradation II|unclassified	8.22423e-05
PWY-5941: glycogen degradation II|g__Blautia.s__Blautia_obeum	4.67463e-05
PWY-5941: glycogen degradation II|g__Faecalibacterium.s__Faecalibacterium_prausnitzii	4.22895e-05
PWY-5941: glycogen degradation II|g__Anaerostipes.s__Anaerostipes_hadrus	1.90901e-05
PWY-5941: glycogen degradation II|g__Dorea.s__Dorea_longicatena	1.65804e-05
PWY-5941: glycogen degradation II|g__Eubacterium.s__Eubacterium_hallii	1.39875e-05
PWY-5941: glycogen degradation II|g__Bifidobacterium.s__Bifidobacterium_catenulatum	1.2747e-05
PWY-5941: glycogen degradation II|g__Blautia.s__Blautia_wexlerae	1.24689e-05
PWY-5941: glycogen degradation II|g__Blautia.s__Ruminococcus_torques	1.17801e-05
PWY-5941: glycogen degradation II|g__Fusicatenibacter.s__Fusicatenibacter_saccharivorans	1.05858e-05
PWY-5941: glycogen degradation II|g__Bifidobacterium.s__Bifidobacterium_bifidum	7.89788e-06
PWY-5941: glycogen degradation II|g__Collinsella.s__Collinsella_aerofaciens	7.71425e-06
PWY-5941: glycogen degradation II|g__Eubacterium.s__Eubacterium_eligens	4.45634e-06
PWY-5941: glycogen degradation II|g__Blautia.s__Blautia_sp	4.20554e-06
PWY-5941: glycogen degradation II|g__Lachnospira.s__Lachnospira_pectinoschiza	2.5174e-06
PWY-5941: glycogen degradation II|g__Coprococcus.s__Coprococcus_catus	2.32209e-06
PWY-5941: glycogen degradation II|g__Bacteroides.s__Bacteroides_cellulosilyticus	2.29679e-06
PWY-5941: glycogen degradation II|g__Streptococcus.s__Streptococcus_thermophilus	2.25808e-06
PWY-5941: glycogen degradation II|g__Eubacterium.s__Eubacterium_ramulus	2.17441e-06
PWY-5941: glycogen degradation II|g__Streptococcus.s__Streptococcus_pneumoniae	1.88175e-06
PWY-5941: glycogen degradation II|g__Eisenbergiella.s__Eisenbergiella_tayi	1.8605e-06
PWY-5941: glycogen degradation II|g__Actinomyces.s__Actinomyces_sp_HPA0247	1.72108e-06
PWY-5941: glycogen degradation II|g__Flavonifractor.s__Flavonifractor_plautii	1.55277e-06
PWY-5941: glycogen degradation II|g__Bifidobacterium.s__Bifidobacterium_adolescentis	1.31502e-06
PWY-5941: glycogen degradation II|g__Dorea.s__Dorea_formicigenerans	1.13029e-06
PWY-5941: glycogen degradation II|g__Streptococcus.s__Streptococcus_oralis	1.00395e-06
PWY-5941: glycogen degradation II|g__Blautia.s__Blautia_sp_CAG_52	8.81917e-07
PWY-5941: glycogen degradation II|g__Ruminococcaceae_unclassified.s__Eubacterium_siraeum	8.42292e-07
PWY-5941: glycogen degradation II|g__Streptococcus.s__Streptococcus_australis	7.72244e-07
PWY-5941: glycogen degradation II|g__Bifidobacterium.s__Bifidobacterium_longum	7.37564e-07
PWY-5941: glycogen degradation II|g__Bacteroides.s__Bacteroides_thetaiotaomicron	7.33332e-07
PWY-5941: glycogen degradation II|g__Roseburia.s__Roseburia_intestinalis	7.08861e-07
PWY-5941: glycogen degradation II|g__Streptococcus.s__Streptococcus_salivarius	6.64619e-07
PWY-5941: glycogen degradation II|g__Streptococcus.s__Streptococcus_parasanguinis	5.80249e-07
PWY-5941: glycogen degradation II|g__Blautia.s__Blautia_hydrogenotrophica	5.7812e-07
PWY-5941: glycogen degradation II|g__Streptococcus.s__Streptococcus_sp_A12	4.50901e-07
PWY-5941: glycogen degradation II|g__Ruminococcus.s__Ruminococcus_sp_AF31_8BH	3.15864e-07
PWY-5941: glycogen degradation II|g__Bacteroides.s__Bacteroides_faecis	2.86445e-07
PWY-5941: glycogen degradation II|g__Eubacterium.s__Eubacterium_maltosivorans	2.85061e-07
PWY-5941: glycogen degradation II|g__Eubacterium.s__Eubacterium_limosum	2.32841e-07
PWY-5941: glycogen degradation II|g__Streptococcus.s__Streptococcus_pseudopneumoniae	1.47864e-07
PWY-5941: glycogen degradation II|g__Bacteroides.s__Bacteroides_fragilis	1.33562e-07
CALVIN-PWY: Calvin-Benson-Bassham cycle	0.000464458
CALVIN-PWY: Calvin-Benson-Bassham cycle|unclassified	9.34092e-05
CALVIN-PWY: Calvin-Benson-Bassham cycle|g__Eubacterium.s__Eubacterium_hallii	1.76037e-05
CALVIN-PWY: Calvin-Benson-Bassham cycle|g__Blautia.s__Blautia_obeum	1.69604e-05
CALVIN-PWY: Calvin-Benson-Bassham cycle|g__Anaerostipes.s__Anaerostipes_hadrus	1.35237e-05
CALVIN-PWY: Calvin-Benson-Bassham cycle|g__Blautia.s__Blautia_wexlerae	1.10047e-05
CALVIN-PWY: Calvin-Benson-Bassham cycle|g__Blautia.s__Ruminococcus_torques	8.90592e-06
CALVIN-PWY: Calvin-Benson-Bassham cycle|g__Faecalibacterium.s__Faecalibacterium_prausnitzii	8.33112e-06
CALVIN-PWY: Calvin-Benson-Bassham cycle|g__Fusicatenibacter.s__Fusicatenibacter_saccharivorans	6.2985e-06
CALVIN-PWY: Calvin-Benson-Bassham cycle|g__Bacteroides.s__Bacteroides_salyersiae	6.22896e-06
CALVIN-PWY: Calvin-Benson-Bassham cycle|g__Collinsella.s__Collinsella_aerofaciens	5.30124e-06
CALVIN-PWY: Calvin-Benson-Bassham cycle|g__Coprococcus.s__Coprococcus_catus	3.74006e-06
CALVIN-PWY: Calvin-Benson-Bassham cycle|g__Lachnospiraceae_unclassified.s__Eubacterium_rectale	3.34999e-06
CALVIN-PWY: Calvin-Benson-Bassham cycle|g__Eubacterium.s__Eubacterium_eligens	2.53336e-06
CALVIN-PWY: Calvin-Benson-Bassham cycle|g__Blautia.s__Blautia_sp	2.34156e-06
CALVIN-PWY: Calvin-Benson-Bassham cycle|g__Flavonifractor.s__Flavonifractor_plautii	2.27083e-06
CALVIN-PWY: Calvin-Benson-Bassham cycle|g__Clostridium.s__Clostridium_sp_CAG_58	1.35971e-06
CALVIN-PWY: Calvin-Benson-Bassham cycle|g__Eisenbergiella.s__Eisenbergiella_tayi	1.20083e-06
CALVIN-PWY: Calvin-Benson-Bassham cycle|g__Intestinibacter.s__Intestinibacter_bartlettii	1.1226e-06
CALVIN-PWY: Calvin-Benson-Bassham cycle|g__Bacteroides.s__Bacteroides_cellulosilyticus	1.11995e-06
CALVIN-PWY: Calvin-Benson-Bassham cycle|g__Bacteroides.s__Bacteroides_fragilis	4.84857e-07
CALVIN-PWY: Calvin-Benson-Bassham cycle|g__Blautia.s__Blautia_hydrogenotrophica	4.52513e-07
CALVIN-PWY: Calvin-Benson-Bassham cycle|g__Intestinimonas.s__Intestinimonas_butyriciproducens	3.93341e-07
CALVIN-PWY: Calvin-Benson-Bassham cycle|g__Ruminococcus.s__Ruminococcus_sp_AF31_8BH	3.82843e-07
CALVIN-PWY: Calvin-Benson-Bassham cycle|g__Roseburia.s__Roseburia_faecis	3.23493e-07
CALVIN-PWY: Calvin-Benson-Bassham cycle|g__Streptococcus.s__Streptococcus_parasanguinis	3.1853e-07
CALVIN-PWY: Calvin-Benson-Bassham cycle|g__Eubacterium.s__Eubacterium_limosum	2.96812e-07
CALVIN-PWY: Calvin-Benson-Bassham cycle|g__Eubacterium.s__Eubacterium_maltosivorans	2.52011e-07
CALVIN-PWY: Calvin-Benson-Bassham cycle|g__Lachnoclostridium.s__Clostridium_citroniae	1.75866e-07
COA-PWY: coenzyme A biosynthesis I (prokaryotic)	0.00046276
COA-PWY: coenzyme A biosynthesis I (prokaryotic)|unclassified	0.000111165
COA-PWY: coenzyme A biosynthesis I (prokaryotic)|g__Bacteroides.s__Bacteroides_uniformis	5.5516e-05
COA-PWY: coenzyme A biosynthesis I (prokaryotic)|g__Akkermansia.s__Akkermansia_muciniphila	3.70403e-05
COA-PWY: coenzyme A biosynthesis I (prokaryotic)|g__Alistipes.s__Alistipes_finegoldii	3.22937e-05
COA-PWY: coenzyme A biosynthesis I (prokaryotic)|g__Faecalibacterium.s__Faecalibacterium_prausnitzii	1.97962e-05
COA-PWY: coenzyme A biosynthesis I (prokaryotic)|g__Blautia.s__Blautia_obeum	1.80082e-05
COA-PWY: coenzyme A biosynthesis I (prokaryotic)|g__Anaerostipes.s__Anaerostipes_hadrus	1.30196e-05
COA-PWY: coenzyme A biosynthesis I (prokaryotic)|g__Senegalimassilia.s__Senegalimassilia_anaerobia	9.93498e-06
COA-PWY: coenzyme A biosynthesis I (prokaryotic)|g__Bacteroides.s__Bacteroides_vulgatus	9.72792e-06
COA-PWY: coenzyme A biosynthesis I (prokaryotic)|g__Bifidobacterium.s__Bifidobacterium_catenulatum	8.23229e-06
COA-PWY: coenzyme A biosynthesis I (prokaryotic)|g__Blautia.s__Ruminococcus_torques	7.39781e-06
COA-PWY: coenzyme A biosynthesis I (prokaryotic)|g__Bacteroides.s__Bacteroides_salyersiae	6.64746e-06
COA-PWY: coenzyme A biosynthesis I (prokaryotic)|g__Fusicatenibacter.s__Fusicatenibacter_saccharivorans	6.42844e-06
COA-PWY: coenzyme A biosynthesis I (prokaryotic)|g__Firmicutes_unclassified.s__Firmicutes_bacterium_CAG_114	5.16744e-06
COA-PWY: coenzyme A biosynthesis I (prokaryotic)|g__Barnesiella.s__Barnesiella_intestinihominis	4.88694e-06
COA-PWY: coenzyme A biosynthesis I (prokaryotic)|g__Bacteroides.s__Bacteroides_cellulosilyticus	4.64145e-06
COA-PWY: coenzyme A biosynthesis I (prokaryotic)|g__Streptococcus.s__Streptococcus_thermophilus	4.31392e-06
COA-PWY: coenzyme A biosynthesis I (prokaryotic)|g__Bacteroides.s__Bacteroides_caccae	4.24251e-06
COA-PWY: coenzyme A biosynthesis I (prokaryotic)|g__Lachnospiraceae_unclassified.s__Eubacterium_rectale	4.15712e-06
COA-PWY: coenzyme A biosynthesis I (prokaryotic)|g__Bacteroides.s__Bacteroides_massiliensis	3.88125e-06
COA-PWY: coenzyme A biosynthesis I (prokaryotic)|g__Phascolarctobacterium.s__Phascolarctobacterium_faecium	3.70272e-06
COA-PWY: coenzyme A biosynthesis I (prokaryotic)|g__Collinsella.s__Collinsella_aerofaciens	3.64528e-06
COA-PWY: coenzyme A biosynthesis I (prokaryotic)|g__Alistipes.s__Alistipes_indistinctus	3.4298e-06
COA-PWY: coenzyme A biosynthesis I (prokaryotic)|g__Ruminococcus.s__Ruminococcus_bicirculans	3.38364e-06
COA-PWY: coenzyme A biosynthesis I (prokaryotic)|g__Blautia.s__Blautia_wexlerae	3.30256e-06
COA-PWY: coenzyme A biosynthesis I (prokaryotic)|g__Eubacterium.s__Eubacterium_hallii	3.0017e-06
COA-PWY: coenzyme A biosynthesis I (prokaryotic)|g__Roseburia.s__Roseburia_sp_CAG_380	2.99815e-06
COA-PWY: coenzyme A biosynthesis I (prokaryotic)|g__Parabacteroides.s__Parabacteroides_distasonis	2.93754e-06
COA-PWY: coenzyme A biosynthesis I (prokaryotic)|g__Eubacterium.s__Eubacterium_eligens	2.9344e-06
COA-PWY: coenzyme A biosynthesis I (prokaryotic)|g__Gordonibacter.s__Gordonibacter_urolithinfaciens	2.31435e-06
COA-PWY: coenzyme A biosynthesis I (prokaryotic)|g__Lachnospira.s__Lachnospira_pectinoschiza	2.23086e-06
COA-PWY: coenzyme A biosynthesis I (prokaryotic)|g__Subdoligranulum.s__Subdoligranulum_sp_APC924_74	2.15595e-06
COA-PWY: coenzyme A biosynthesis I (prokaryotic)|g__Bilophila.s__Bilophila_wadsworthia	1.89626e-06
COA-PWY: coenzyme A biosynthesis I (prokaryotic)|g__Gemmiger.s__Gemmiger_formicilis	1.73617e-06
COA-PWY: coenzyme A biosynthesis I (prokaryotic)|g__Eggerthella.s__Eggerthella_sp_CAG_298	1.65149e-06
COA-PWY: coenzyme A biosynthesis I (prokaryotic)|g__Parabacteroides.s__Parabacteroides_merdae	1.61314e-06
COA-PWY: coenzyme A biosynthesis I (prokaryotic)|g__Butyricimonas.s__Butyricimonas_virosa	1.45046e-06
COA-PWY: coenzyme A biosynthesis I (prokaryotic)|g__Anaeromassilibacillus.s__Anaeromassilibacillus_sp_An250	1.37307e-06
COA-PWY: coenzyme A biosynthesis I (prokaryotic)|g__Firmicutes_unclassified.s__Firmicutes_bacterium_CAG_110	1.216e-06
COA-PWY: coenzyme A biosynthesis I (prokaryotic)|g__Streptococcus.s__Streptococcus_australis	1.15429e-06
COA-PWY: coenzyme A biosynthesis I (prokaryotic)|g__Clostridium.s__Clostridium_sp_CAG_58	1.12981e-06
COA-PWY: coenzyme A biosynthesis I (prokaryotic)|g__Bacteroides.s__Bacteroides_sp_CAG_144	1.04794e-06
COA-PWY: coenzyme A biosynthesis I (prokaryotic)|g__Bacteroides.s__Bacteroides_dorei	1.04154e-06
COA-PWY: coenzyme A biosynthesis I (prokaryotic)|g__Actinomyces.s__Actinomyces_naeslundii	9.55004e-07
COA-PWY: coenzyme A biosynthesis I (prokaryotic)|g__Ruminococcaceae_unclassified.s__Ruminococcaceae_bacterium_D5	7.65359e-07
COA-PWY: coenzyme A biosynthesis I (prokaryotic)|g__Butyricimonas.s__Butyricimonas_synergistica	7.60125e-07
COA-PWY: coenzyme A biosynthesis I (prokaryotic)|g__Parabacteroides.s__Parabacteroides_goldsteinii	7.06276e-07
COA-PWY: coenzyme A biosynthesis I (prokaryotic)|g__Bifidobacterium.s__Bifidobacterium_adolescentis	6.99142e-07
COA-PWY: coenzyme A biosynthesis I (prokaryotic)|g__Streptococcus.s__Streptococcus_salivarius	6.9285e-07
COA-PWY: coenzyme A biosynthesis I (prokaryotic)|g__Bacteroides.s__Bacteroides_faecis	6.92081e-07
COA-PWY: coenzyme A biosynthesis I (prokaryotic)|g__Roseburia.s__Roseburia_intestinalis	6.71197e-07
COA-PWY: coenzyme A biosynthesis I (prokaryotic)|g__Clostridium.s__Clostridium_sp_CAG_242	6.5665e-07
COA-PWY: coenzyme A biosynthesis I (prokaryotic)|g__Streptococcus.s__Streptococcus_sp_A12	6.43884e-07
COA-PWY: coenzyme A biosynthesis I (prokaryotic)|g__Eubacterium.s__Eubacterium_ramulus	5.99303e-07
COA-PWY: coenzyme A biosynthesis I (prokaryotic)|g__Lactococcus.s__Lactococcus_lactis	5.89641e-07
COA-PWY: coenzyme A biosynthesis I (prokaryotic)|g__Blautia.s__Blautia_sp	5.86148e-07
COA-PWY: coenzyme A biosynthesis I (prokaryotic)|g__Bacteroides.s__Bacteroides_ovatus	5.15023e-07
COA-PWY: coenzyme A biosynthesis I (prokaryotic)|g__Eubacteriaceae_unclassified.s__Eubacteriaceae_bacterium_CHKCI005	4.82081e-07
COA-PWY: coenzyme A biosynthesis I (prokaryotic)|g__Lactobacillus.s__Lactobacillus_sakei	4.41134e-07
COA-PWY: coenzyme A biosynthesis I (prokaryotic)|g__Bacteroides.s__Bacteroides_thetaiotaomicron	4.10779e-07
COA-PWY: coenzyme A biosynthesis I (prokaryotic)|g__Bacteroides.s__Bacteroides_fragilis	4.06582e-07
COA-PWY: coenzyme A biosynthesis I (prokaryotic)|g__Ruminococcus.s__Ruminococcus_callidus	3.94839e-07
COA-PWY: coenzyme A biosynthesis I (prokaryotic)|g__Eubacterium.s__Eubacterium_ventriosum	3.50652e-07
COA-PWY: coenzyme A biosynthesis I (prokaryotic)|g__Ruminococcaceae_unclassified.s__Clostridium_methylpentosum	3.03436e-07
COA-PWY: coenzyme A biosynthesis I (prokaryotic)|g__Clostridium.s__Clostridium_sp_AF36_4	2.60714e-07
COA-PWY: coenzyme A biosynthesis I (prokaryotic)|g__Alistipes.s__Alistipes_onderdonkii	2.38302e-07
COA-PWY: coenzyme A biosynthesis I (prokaryotic)|g__Eubacterium.s__Eubacterium_limosum	2.05296e-07
COA-PWY: coenzyme A biosynthesis I (prokaryotic)|g__Eubacterium.s__Eubacterium_maltosivorans	1.87896e-07
COA-PWY: coenzyme A biosynthesis I (prokaryotic)|g__Gordonibacter.s__Gordonibacter_pamelaeae	5.77651e-08
COA-PWY: coenzyme A biosynthesis I (prokaryotic)|g__Bacteroides.s__Bacteroides_intestinalis	4.17712e-08
ARGSYN-PWY: L-arginine biosynthesis I (via L-ornithine)	0.000462271
ARGSYN-PWY: L-arginine biosynthesis I (via L-ornithine)|unclassified	0.000102006
ARGSYN-PWY: L-arginine biosynthesis I (via L-ornithine)|g__Faecalibacterium.s__Faecalibacterium_prausnitzii	2.77647e-05
ARGSYN-PWY: L-arginine biosynthesis I (via L-ornithine)|g__Alistipes.s__Alistipes_finegoldii	2.7433e-05
ARGSYN-PWY: L-arginine biosynthesis I (via L-ornithine)|g__Blautia.s__Blautia_obeum	1.34482e-05
ARGSYN-PWY: L-arginine biosynthesis I (via L-ornithine)|g__Blautia.s__Blautia_wexlerae	1.2438e-05
ARGSYN-PWY: L-arginine biosynthesis I (via L-ornithine)|g__Anaerostipes.s__Anaerostipes_hadrus	1.17295e-05
ARGSYN-PWY: L-arginine biosynthesis I (via L-ornithine)|g__Blautia.s__Ruminococcus_torques	1.04915e-05
ARGSYN-PWY: L-arginine biosynthesis I (via L-ornithine)|g__Bifidobacterium.s__Bifidobacterium_catenulatum	7.42948e-06
ARGSYN-PWY: L-arginine biosynthesis I (via L-ornithine)|g__Fusicatenibacter.s__Fusicatenibacter_saccharivorans	6.46373e-06
ARGSYN-PWY: L-arginine biosynthesis I (via L-ornithine)|g__Bifidobacterium.s__Bifidobacterium_bifidum	5.90269e-06
ARGSYN-PWY: L-arginine biosynthesis I (via L-ornithine)|g__Eubacterium.s__Eubacterium_hallii	5.68608e-06
ARGSYN-PWY: L-arginine biosynthesis I (via L-ornithine)|g__Collinsella.s__Collinsella_aerofaciens	4.756e-06
ARGSYN-PWY: L-arginine biosynthesis I (via L-ornithine)|g__Dorea.s__Dorea_longicatena	4.61658e-06
ARGSYN-PWY: L-arginine biosynthesis I (via L-ornithine)|g__Phascolarctobacterium.s__Phascolarctobacterium_faecium	4.29924e-06
ARGSYN-PWY: L-arginine biosynthesis I (via L-ornithine)|g__Streptococcus.s__Streptococcus_thermophilus	4.10422e-06
ARGSYN-PWY: L-arginine biosynthesis I (via L-ornithine)|g__Ruminococcus.s__Ruminococcus_bicirculans	3.99847e-06
ARGSYN-PWY: L-arginine biosynthesis I (via L-ornithine)|g__Eubacterium.s__Eubacterium_eligens	3.51415e-06
ARGSYN-PWY: L-arginine biosynthesis I (via L-ornithine)|g__Subdoligranulum.s__Subdoligranulum_sp_APC924_74	3.46018e-06
ARGSYN-PWY: L-arginine biosynthesis I (via L-ornithine)|g__Gemmiger.s__Gemmiger_formicilis	2.84893e-06
ARGSYN-PWY: L-arginine biosynthesis I (via L-ornithine)|g__Roseburia.s__Roseburia_sp_CAG_380	2.82942e-06
ARGSYN-PWY: L-arginine biosynthesis I (via L-ornithine)|g__Coprococcus.s__Coprococcus_catus	2.64105e-06
ARGSYN-PWY: L-arginine biosynthesis I (via L-ornithine)|g__Lachnospiraceae_unclassified.s__Eubacterium_rectale	2.57352e-06
ARGSYN-PWY: L-arginine biosynthesis I (via L-ornithine)|g__Lachnospira.s__Lachnospira_pectinoschiza	2.375e-06
ARGSYN-PWY: L-arginine biosynthesis I (via L-ornithine)|g__Firmicutes_unclassified.s__Firmicutes_bacterium_CAG_94	2.12622e-06
ARGSYN-PWY: L-arginine biosynthesis I (via L-ornithine)|g__Flavonifractor.s__Flavonifractor_plautii	1.81123e-06
ARGSYN-PWY: L-arginine biosynthesis I (via L-ornithine)|g__Eisenbergiella.s__Eisenbergiella_tayi	1.67461e-06
ARGSYN-PWY: L-arginine biosynthesis I (via L-ornithine)|g__Streptococcus.s__Streptococcus_salivarius	1.38475e-06
ARGSYN-PWY: L-arginine biosynthesis I (via L-ornithine)|g__Eubacterium.s__Eubacterium_ramulus	1.3096e-06
ARGSYN-PWY: L-arginine biosynthesis I (via L-ornithine)|g__Anaeromassilibacillus.s__Anaeromassilibacillus_sp_An250	1.27314e-06
ARGSYN-PWY: L-arginine biosynthesis I (via L-ornithine)|g__Lactococcus.s__Lactococcus_lactis	1.03827e-06
ARGSYN-PWY: L-arginine biosynthesis I (via L-ornithine)|g__Intestinibacter.s__Intestinibacter_bartlettii	8.81694e-07
ARGSYN-PWY: L-arginine biosynthesis I (via L-ornithine)|g__Dorea.s__Dorea_formicigenerans	7.08657e-07
ARGSYN-PWY: L-arginine biosynthesis I (via L-ornithine)|g__Blautia.s__Blautia_sp	5.93177e-07
ARGSYN-PWY: L-arginine biosynthesis I (via L-ornithine)|g__Actinomyces.s__Actinomyces_naeslundii	4.45171e-07
ARGSYN-PWY: L-arginine biosynthesis I (via L-ornithine)|g__Actinomyces.s__Actinomyces_viscosus	3.24217e-07
ARGSYN-PWY: L-arginine biosynthesis I (via L-ornithine)|g__Bifidobacterium.s__Bifidobacterium_adolescentis	2.63418e-07
ARGSYN-PWY: L-arginine biosynthesis I (via L-ornithine)|g__Victivallis.s__Victivallis_vadensis	1.16024e-07
ARGSYN-PWY: L-arginine biosynthesis I (via L-ornithine)|g__Actinomyces.s__Actinomyces_oris	6.30505e-08
1CMET2-PWY: folate transformations III (E. coli)	0.000461708
1CMET2-PWY: folate transformations III (E. coli)|unclassified	7.54469e-05
1CMET2-PWY: folate transformations III (E. coli)|g__Akkermansia.s__Akkermansia_muciniphila	3.40127e-05
1CMET2-PWY: folate transformations III (E. coli)|g__Alistipes.s__Alistipes_finegoldii	3.1034e-05
1CMET2-PWY: folate transformations III (E. coli)|g__Bacteroides.s__Bacteroides_vulgatus	1.27753e-05
1CMET2-PWY: folate transformations III (E. coli)|g__Anaerostipes.s__Anaerostipes_hadrus	1.22203e-05
1CMET2-PWY: folate transformations III (E. coli)|g__Blautia.s__Blautia_obeum	7.34412e-06
1CMET2-PWY: folate transformations III (E. coli)|g__Bacteroides.s__Bacteroides_salyersiae	7.34277e-06
1CMET2-PWY: folate transformations III (E. coli)|g__Blautia.s__Ruminococcus_torques	6.35537e-06
1CMET2-PWY: folate transformations III (E. coli)|g__Barnesiella.s__Barnesiella_intestinihominis	6.16747e-06
1CMET2-PWY: folate transformations III (E. coli)|g__Dorea.s__Dorea_longicatena	5.86112e-06
1CMET2-PWY: folate transformations III (E. coli)|g__Eubacterium.s__Eubacterium_hallii	5.02653e-06
1CMET2-PWY: folate transformations III (E. coli)|g__Bacteroides.s__Bacteroides_massiliensis	4.73429e-06
1CMET2-PWY: folate transformations III (E. coli)|g__Bacteroides.s__Bacteroides_caccae	3.82158e-06
1CMET2-PWY: folate transformations III (E. coli)|g__Bacteroides.s__Bacteroides_cellulosilyticus	1.64687e-06
1CMET2-PWY: folate transformations III (E. coli)|g__Parabacteroides.s__Parabacteroides_merdae	1.6464e-06
1CMET2-PWY: folate transformations III (E. coli)|g__Eisenbergiella.s__Eisenbergiella_tayi	1.2712e-06
1CMET2-PWY: folate transformations III (E. coli)|g__Butyricimonas.s__Butyricimonas_virosa	1.05788e-06
1CMET2-PWY: folate transformations III (E. coli)|g__Bacteroides.s__Bacteroides_dorei	1.0166e-06
1CMET2-PWY: folate transformations III (E. coli)|g__Bacteroides.s__Bacteroides_fragilis	9.86763e-07
1CMET2-PWY: folate transformations III (E. coli)|g__Flavonifractor.s__Flavonifractor_plautii	9.73788e-07
1CMET2-PWY: folate transformations III (E. coli)|g__Bacteroides.s__Bacteroides_faecis	6.20772e-07
1CMET2-PWY: folate transformations III (E. coli)|g__Butyricimonas.s__Butyricimonas_synergistica	4.26765e-07
1CMET2-PWY: folate transformations III (E. coli)|g__Bacteroides.s__Bacteroides_thetaiotaomicron	3.53819e-07
ARGSYNBSUB-PWY: L-arginine biosynthesis II (acetyl cycle)	0.000460452
ARGSYNBSUB-PWY: L-arginine biosynthesis II (acetyl cycle)|unclassified	0.000105901
ARGSYNBSUB-PWY: L-arginine biosynthesis II (acetyl cycle)|g__Akkermansia.s__Akkermansia_muciniphila	3.93772e-05
ARGSYNBSUB-PWY: L-arginine biosynthesis II (acetyl cycle)|g__Faecalibacterium.s__Faecalibacterium_prausnitzii	2.87459e-05
ARGSYNBSUB-PWY: L-arginine biosynthesis II (acetyl cycle)|g__Blautia.s__Blautia_obeum	1.53113e-05
ARGSYNBSUB-PWY: L-arginine biosynthesis II (acetyl cycle)|g__Ruminococcus.s__Ruminococcus_bromii	1.46952e-05
ARGSYNBSUB-PWY: L-arginine biosynthesis II (acetyl cycle)|g__Anaerostipes.s__Anaerostipes_hadrus	1.1818e-05
ARGSYNBSUB-PWY: L-arginine biosynthesis II (acetyl cycle)|g__Senegalimassilia.s__Senegalimassilia_anaerobia	1.11594e-05
ARGSYNBSUB-PWY: L-arginine biosynthesis II (acetyl cycle)|g__Blautia.s__Ruminococcus_torques	1.07106e-05
ARGSYNBSUB-PWY: L-arginine biosynthesis II (acetyl cycle)|g__Blautia.s__Blautia_wexlerae	1.0221e-05
ARGSYNBSUB-PWY: L-arginine biosynthesis II (acetyl cycle)|g__Bifidobacterium.s__Bifidobacterium_catenulatum	7.7054e-06
ARGSYNBSUB-PWY: L-arginine biosynthesis II (acetyl cycle)|g__Fusicatenibacter.s__Fusicatenibacter_saccharivorans	7.50836e-06
ARGSYNBSUB-PWY: L-arginine biosynthesis II (acetyl cycle)|g__Dorea.s__Dorea_longicatena	7.06921e-06
ARGSYNBSUB-PWY: L-arginine biosynthesis II (acetyl cycle)|g__Bifidobacterium.s__Bifidobacterium_bifidum	6.55808e-06
ARGSYNBSUB-PWY: L-arginine biosynthesis II (acetyl cycle)|g__Firmicutes_unclassified.s__Firmicutes_bacterium_CAG_114	6.39044e-06
ARGSYNBSUB-PWY: L-arginine biosynthesis II (acetyl cycle)|g__Eubacterium.s__Eubacterium_hallii	5.30082e-06
ARGSYNBSUB-PWY: L-arginine biosynthesis II (acetyl cycle)|g__Collinsella.s__Collinsella_aerofaciens	4.96472e-06
ARGSYNBSUB-PWY: L-arginine biosynthesis II (acetyl cycle)|g__Streptococcus.s__Streptococcus_thermophilus	4.80748e-06
ARGSYNBSUB-PWY: L-arginine biosynthesis II (acetyl cycle)|g__Phascolarctobacterium.s__Phascolarctobacterium_faecium	4.42206e-06
ARGSYNBSUB-PWY: L-arginine biosynthesis II (acetyl cycle)|g__Ruminococcus.s__Ruminococcus_bicirculans	4.03104e-06
ARGSYNBSUB-PWY: L-arginine biosynthesis II (acetyl cycle)|g__Subdoligranulum.s__Subdoligranulum_sp_APC924_74	3.93219e-06
ARGSYNBSUB-PWY: L-arginine biosynthesis II (acetyl cycle)|g__Eubacterium.s__Eubacterium_eligens	3.68222e-06
ARGSYNBSUB-PWY: L-arginine biosynthesis II (acetyl cycle)|g__Gordonibacter.s__Gordonibacter_urolithinfaciens	3.12342e-06
ARGSYNBSUB-PWY: L-arginine biosynthesis II (acetyl cycle)|g__Lachnospiraceae_unclassified.s__Eubacterium_rectale	3.03901e-06
ARGSYNBSUB-PWY: L-arginine biosynthesis II (acetyl cycle)|g__Coprococcus.s__Coprococcus_catus	3.0192e-06
ARGSYNBSUB-PWY: L-arginine biosynthesis II (acetyl cycle)|g__Gemmiger.s__Gemmiger_formicilis	2.9632e-06
ARGSYNBSUB-PWY: L-arginine biosynthesis II (acetyl cycle)|g__Roseburia.s__Roseburia_sp_CAG_380	2.94525e-06
ARGSYNBSUB-PWY: L-arginine biosynthesis II (acetyl cycle)|g__Blautia.s__Blautia_sp	2.77147e-06
ARGSYNBSUB-PWY: L-arginine biosynthesis II (acetyl cycle)|g__Lachnospira.s__Lachnospira_pectinoschiza	2.51501e-06
ARGSYNBSUB-PWY: L-arginine biosynthesis II (acetyl cycle)|g__Firmicutes_unclassified.s__Firmicutes_bacterium_CAG_94	2.26159e-06
ARGSYNBSUB-PWY: L-arginine biosynthesis II (acetyl cycle)|g__Eisenbergiella.s__Eisenbergiella_tayi	2.05715e-06
ARGSYNBSUB-PWY: L-arginine biosynthesis II (acetyl cycle)|g__Bilophila.s__Bilophila_wadsworthia	1.91434e-06
ARGSYNBSUB-PWY: L-arginine biosynthesis II (acetyl cycle)|g__Eggerthella.s__Eggerthella_sp_CAG_298	1.77905e-06
ARGSYNBSUB-PWY: L-arginine biosynthesis II (acetyl cycle)|g__Flavonifractor.s__Flavonifractor_plautii	1.5952e-06
ARGSYNBSUB-PWY: L-arginine biosynthesis II (acetyl cycle)|g__Streptococcus.s__Streptococcus_salivarius	1.53687e-06
ARGSYNBSUB-PWY: L-arginine biosynthesis II (acetyl cycle)|g__Adlercreutzia.s__Adlercreutzia_equolifaciens	1.46484e-06
ARGSYNBSUB-PWY: L-arginine biosynthesis II (acetyl cycle)|g__Anaeromassilibacillus.s__Anaeromassilibacillus_sp_An250	1.4631e-06
ARGSYNBSUB-PWY: L-arginine biosynthesis II (acetyl cycle)|g__Eubacterium.s__Eubacterium_ramulus	1.26526e-06
ARGSYNBSUB-PWY: L-arginine biosynthesis II (acetyl cycle)|g__Lactococcus.s__Lactococcus_lactis	1.21671e-06
ARGSYNBSUB-PWY: L-arginine biosynthesis II (acetyl cycle)|g__Intestinibacter.s__Intestinibacter_bartlettii	9.65811e-07
ARGSYNBSUB-PWY: L-arginine biosynthesis II (acetyl cycle)|g__Dorea.s__Dorea_formicigenerans	8.14887e-07
ARGSYNBSUB-PWY: L-arginine biosynthesis II (acetyl cycle)|g__Asaccharobacter.s__Asaccharobacter_celatus	7.95447e-07
ARGSYNBSUB-PWY: L-arginine biosynthesis II (acetyl cycle)|g__Lawsonibacter.s__Lawsonibacter_asaccharolyticus	6.82203e-07
ARGSYNBSUB-PWY: L-arginine biosynthesis II (acetyl cycle)|g__Actinomyces.s__Actinomyces_naeslundii	6.09903e-07
ARGSYNBSUB-PWY: L-arginine biosynthesis II (acetyl cycle)|g__Ruminococcus.s__Ruminococcus_callidus	5.05808e-07
ARGSYNBSUB-PWY: L-arginine biosynthesis II (acetyl cycle)|g__Blautia.s__Blautia_sp_CAG_52	3.76936e-07
ARGSYNBSUB-PWY: L-arginine biosynthesis II (acetyl cycle)|g__Clostridium.s__Clostridium_sp_AM22_11AC	3.53875e-07
ARGSYNBSUB-PWY: L-arginine biosynthesis II (acetyl cycle)|g__Actinomyces.s__Actinomyces_viscosus	3.23326e-07
ARGSYNBSUB-PWY: L-arginine biosynthesis II (acetyl cycle)|g__Bifidobacterium.s__Bifidobacterium_adolescentis	3.09843e-07
ARGSYNBSUB-PWY: L-arginine biosynthesis II (acetyl cycle)|g__Eubacterium.s__Eubacterium_maltosivorans	1.78858e-07
ARGSYNBSUB-PWY: L-arginine biosynthesis II (acetyl cycle)|g__Victivallis.s__Victivallis_vadensis	1.63162e-07
ARGSYNBSUB-PWY: L-arginine biosynthesis II (acetyl cycle)|g__Eubacterium.s__Eubacterium_limosum	1.56745e-07
ARGSYNBSUB-PWY: L-arginine biosynthesis II (acetyl cycle)|g__Gordonibacter.s__Gordonibacter_pamelaeae	1.55566e-07
ARGSYNBSUB-PWY: L-arginine biosynthesis II (acetyl cycle)|g__Ruminococcus.s__Ruminococcus_sp_AF31_8BH	1.29513e-07
ARGSYNBSUB-PWY: L-arginine biosynthesis II (acetyl cycle)|g__Actinomyces.s__Actinomyces_oris	1.05134e-07
ARGSYNBSUB-PWY: L-arginine biosynthesis II (acetyl cycle)|g__Lentisphaerae_unclassified.s__Lentisphaerae_bacterium	7.32077e-08
PWY66-429: fatty acid biosynthesis initiation (mitochondria)	0.000455275
PWY66-429: fatty acid biosynthesis initiation (mitochondria)|unclassified	8.84062e-05
PWY66-429: fatty acid biosynthesis initiation (mitochondria)|g__Bacteroides.s__Bacteroides_uniformis	4.81951e-05
PWY66-429: fatty acid biosynthesis initiation (mitochondria)|g__Blautia.s__Blautia_obeum	1.9828e-05
PWY66-429: fatty acid biosynthesis initiation (mitochondria)|g__Bacteroides.s__Bacteroides_vulgatus	1.90935e-05
PWY66-429: fatty acid biosynthesis initiation (mitochondria)|g__Anaerostipes.s__Anaerostipes_hadrus	1.55046e-05
PWY66-429: fatty acid biosynthesis initiation (mitochondria)|g__Senegalimassilia.s__Senegalimassilia_anaerobia	1.05586e-05
PWY66-429: fatty acid biosynthesis initiation (mitochondria)|g__Blautia.s__Ruminococcus_torques	7.99919e-06
PWY66-429: fatty acid biosynthesis initiation (mitochondria)|g__Fusicatenibacter.s__Fusicatenibacter_saccharivorans	7.98977e-06
PWY66-429: fatty acid biosynthesis initiation (mitochondria)|g__Bacteroides.s__Bacteroides_salyersiae	6.95968e-06
PWY66-429: fatty acid biosynthesis initiation (mitochondria)|g__Bacteroides.s__Bacteroides_caccae	5.11132e-06
PWY66-429: fatty acid biosynthesis initiation (mitochondria)|g__Streptococcus.s__Streptococcus_thermophilus	4.99625e-06
PWY66-429: fatty acid biosynthesis initiation (mitochondria)|g__Faecalibacterium.s__Faecalibacterium_prausnitzii	4.85658e-06
PWY66-429: fatty acid biosynthesis initiation (mitochondria)|g__Bacteroides.s__Bacteroides_massiliensis	4.79702e-06
PWY66-429: fatty acid biosynthesis initiation (mitochondria)|g__Blautia.s__Blautia_wexlerae	4.78015e-06
PWY66-429: fatty acid biosynthesis initiation (mitochondria)|g__Eubacterium.s__Eubacterium_eligens	4.31908e-06
PWY66-429: fatty acid biosynthesis initiation (mitochondria)|g__Dorea.s__Dorea_longicatena	3.97138e-06
PWY66-429: fatty acid biosynthesis initiation (mitochondria)|g__Bacteroides.s__Bacteroides_intestinalis	3.88681e-06
PWY66-429: fatty acid biosynthesis initiation (mitochondria)|g__Parabacteroides.s__Parabacteroides_distasonis	3.49499e-06
PWY66-429: fatty acid biosynthesis initiation (mitochondria)|g__Ruminococcus.s__Ruminococcus_bicirculans	3.0377e-06
PWY66-429: fatty acid biosynthesis initiation (mitochondria)|g__Roseburia.s__Roseburia_sp_CAG_380	2.74779e-06
PWY66-429: fatty acid biosynthesis initiation (mitochondria)|g__Alistipes.s__Alistipes_indistinctus	2.67469e-06
PWY66-429: fatty acid biosynthesis initiation (mitochondria)|g__Bacteroides.s__Bacteroides_cellulosilyticus	2.61742e-06
PWY66-429: fatty acid biosynthesis initiation (mitochondria)|g__Lachnospira.s__Lachnospira_pectinoschiza	2.49174e-06
PWY66-429: fatty acid biosynthesis initiation (mitochondria)|g__Gordonibacter.s__Gordonibacter_urolithinfaciens	2.1292e-06
PWY66-429: fatty acid biosynthesis initiation (mitochondria)|g__Coprococcus.s__Coprococcus_catus	2.00476e-06
PWY66-429: fatty acid biosynthesis initiation (mitochondria)|g__Eubacterium.s__Eubacterium_hallii	1.92588e-06
PWY66-429: fatty acid biosynthesis initiation (mitochondria)|g__Bacteroides.s__Bacteroides_dorei	1.91726e-06
PWY66-429: fatty acid biosynthesis initiation (mitochondria)|g__Anaeromassilibacillus.s__Anaeromassilibacillus_sp_An250	1.86584e-06
PWY66-429: fatty acid biosynthesis initiation (mitochondria)|g__Clostridium.s__Clostridium_sp_CAG_58	1.77842e-06
PWY66-429: fatty acid biosynthesis initiation (mitochondria)|g__Parabacteroides.s__Parabacteroides_merdae	1.7775e-06
PWY66-429: fatty acid biosynthesis initiation (mitochondria)|g__Firmicutes_unclassified.s__Firmicutes_bacterium_CAG_94	1.50188e-06
PWY66-429: fatty acid biosynthesis initiation (mitochondria)|g__Eubacterium.s__Eubacterium_ramulus	1.31406e-06
PWY66-429: fatty acid biosynthesis initiation (mitochondria)|g__Eggerthella.s__Eggerthella_sp_CAG_298	1.18799e-06
PWY66-429: fatty acid biosynthesis initiation (mitochondria)|g__Flavonifractor.s__Flavonifractor_plautii	1.0953e-06
PWY66-429: fatty acid biosynthesis initiation (mitochondria)|g__Blautia.s__Blautia_sp	1.00942e-06
PWY66-429: fatty acid biosynthesis initiation (mitochondria)|g__Streptococcus.s__Streptococcus_australis	8.97825e-07
PWY66-429: fatty acid biosynthesis initiation (mitochondria)|g__Dorea.s__Dorea_formicigenerans	8.76675e-07
PWY66-429: fatty acid biosynthesis initiation (mitochondria)|g__Streptococcus.s__Streptococcus_salivarius	8.64506e-07
PWY66-429: fatty acid biosynthesis initiation (mitochondria)|g__Ruminococcaceae_unclassified.s__Eubacterium_siraeum	8.53752e-07
PWY66-429: fatty acid biosynthesis initiation (mitochondria)|g__Intestinibacter.s__Intestinibacter_bartlettii	7.8429e-07
PWY66-429: fatty acid biosynthesis initiation (mitochondria)|g__Bacteroides.s__Bacteroides_faecis	7.83483e-07
PWY66-429: fatty acid biosynthesis initiation (mitochondria)|g__Bacteroides.s__Bacteroides_sp_CAG_144	7.77583e-07
PWY66-429: fatty acid biosynthesis initiation (mitochondria)|g__Bacteroides.s__Bacteroides_fragilis	7.19476e-07
PWY66-429: fatty acid biosynthesis initiation (mitochondria)|g__Bacteroides.s__Bacteroides_ovatus	6.9026e-07
PWY66-429: fatty acid biosynthesis initiation (mitochondria)|g__Streptococcus.s__Streptococcus_oralis	5.72545e-07
PWY66-429: fatty acid biosynthesis initiation (mitochondria)|g__Streptococcus.s__Streptococcus_sp_A12	5.71934e-07
PWY66-429: fatty acid biosynthesis initiation (mitochondria)|g__Lactococcus.s__Lactococcus_lactis	5.61323e-07
PWY66-429: fatty acid biosynthesis initiation (mitochondria)|g__Victivallales_unclassified.s__Victivallales_bacterium_CCUG_44730	5.55345e-07
PWY66-429: fatty acid biosynthesis initiation (mitochondria)|g__Victivallis.s__Victivallis_vadensis	4.79088e-07
PWY66-429: fatty acid biosynthesis initiation (mitochondria)|g__Blautia.s__Blautia_sp_CAG_52	4.09911e-07
PWY66-429: fatty acid biosynthesis initiation (mitochondria)|g__Streptococcus.s__Streptococcus_pneumoniae	3.75688e-07
PWY66-429: fatty acid biosynthesis initiation (mitochondria)|g__Eubacterium.s__Eubacterium_limosum	3.73449e-07
PWY66-429: fatty acid biosynthesis initiation (mitochondria)|g__Lawsonibacter.s__Lawsonibacter_asaccharolyticus	3.36233e-07
PWY66-429: fatty acid biosynthesis initiation (mitochondria)|g__Bacteroides.s__Bacteroides_thetaiotaomicron	2.02101e-07
PWY66-429: fatty acid biosynthesis initiation (mitochondria)|g__Eubacterium.s__Eubacterium_maltosivorans	1.23204e-07
PWY66-429: fatty acid biosynthesis initiation (mitochondria)|g__Gordonibacter.s__Gordonibacter_pamelaeae	3.89341e-08
PWY-7977: L-methionine biosynthesis IV	0.00045057
PWY-7977: L-methionine biosynthesis IV|unclassified	7.46298e-05
PWY-7977: L-methionine biosynthesis IV|g__Bacteroides.s__Bacteroides_uniformis	5.36301e-05
PWY-7977: L-methionine biosynthesis IV|g__Akkermansia.s__Akkermansia_muciniphila	3.13326e-05
PWY-7977: L-methionine biosynthesis IV|g__Alistipes.s__Alistipes_finegoldii	1.95737e-05
PWY-7977: L-methionine biosynthesis IV|g__Bacteroides.s__Bacteroides_vulgatus	1.21729e-05
PWY-7977: L-methionine biosynthesis IV|g__Anaerostipes.s__Anaerostipes_hadrus	1.20923e-05
PWY-7977: L-methionine biosynthesis IV|g__Bacteroides.s__Bacteroides_salyersiae	7.80288e-06
PWY-7977: L-methionine biosynthesis IV|g__Dorea.s__Dorea_longicatena	6.95105e-06
PWY-7977: L-methionine biosynthesis IV|g__Barnesiella.s__Barnesiella_intestinihominis	6.58248e-06
PWY-7977: L-methionine biosynthesis IV|g__Eubacterium.s__Eubacterium_hallii	6.17531e-06
PWY-7977: L-methionine biosynthesis IV|g__Collinsella.s__Collinsella_aerofaciens	5.5057e-06
PWY-7977: L-methionine biosynthesis IV|g__Blautia.s__Ruminococcus_torques	5.26244e-06
PWY-7977: L-methionine biosynthesis IV|g__Fusicatenibacter.s__Fusicatenibacter_saccharivorans	4.86641e-06
PWY-7977: L-methionine biosynthesis IV|g__Bacteroides.s__Bacteroides_caccae	4.37069e-06
PWY-7977: L-methionine biosynthesis IV|g__Bacteroides.s__Bacteroides_massiliensis	4.19037e-06
PWY-7977: L-methionine biosynthesis IV|g__Bacteroides.s__Bacteroides_cellulosilyticus	3.24137e-06
PWY-7977: L-methionine biosynthesis IV|g__Eubacterium.s__Eubacterium_eligens	3.23709e-06
PWY-7977: L-methionine biosynthesis IV|g__Parabacteroides.s__Parabacteroides_distasonis	3.14452e-06
PWY-7977: L-methionine biosynthesis IV|g__Alistipes.s__Alistipes_indistinctus	2.66191e-06
PWY-7977: L-methionine biosynthesis IV|g__Gordonibacter.s__Gordonibacter_urolithinfaciens	2.58166e-06
PWY-7977: L-methionine biosynthesis IV|g__Coprococcus.s__Coprococcus_catus	2.55262e-06
PWY-7977: L-methionine biosynthesis IV|g__Bacteroides.s__Bacteroides_dorei	2.19087e-06
PWY-7977: L-methionine biosynthesis IV|g__Alistipes.s__Alistipes_onderdonkii	2.06908e-06
PWY-7977: L-methionine biosynthesis IV|g__Lachnospira.s__Lachnospira_pectinoschiza	1.94906e-06
PWY-7977: L-methionine biosynthesis IV|g__Parabacteroides.s__Parabacteroides_merdae	1.73688e-06
PWY-7977: L-methionine biosynthesis IV|g__Flavonifractor.s__Flavonifractor_plautii	1.25061e-06
PWY-7977: L-methionine biosynthesis IV|g__Alistipes.s__Alistipes_shahii	1.22088e-06
PWY-7977: L-methionine biosynthesis IV|g__Butyricimonas.s__Butyricimonas_virosa	1.05301e-06
PWY-7977: L-methionine biosynthesis IV|g__Butyricimonas.s__Butyricimonas_synergistica	9.05348e-07
PWY-7977: L-methionine biosynthesis IV|g__Faecalibacterium.s__Faecalibacterium_prausnitzii	8.84198e-07
PWY-7977: L-methionine biosynthesis IV|g__Prevotella.s__Prevotella_copri	6.72985e-07
PWY-7977: L-methionine biosynthesis IV|g__Bacteroides.s__Bacteroides_fragilis	6.27526e-07
PWY-7977: L-methionine biosynthesis IV|g__Bacteroides.s__Bacteroides_faecis	5.94703e-07
PWY-7977: L-methionine biosynthesis IV|g__Ruminococcaceae_unclassified.s__Eubacterium_siraeum	4.72452e-07
PWY-7977: L-methionine biosynthesis IV|g__Eubacterium.s__Eubacterium_limosum	4.36732e-07
PWY-7977: L-methionine biosynthesis IV|g__Bacteroides.s__Bacteroides_ovatus	3.64345e-07
PWY-7977: L-methionine biosynthesis IV|g__Bacteroides.s__Bacteroides_thetaiotaomicron	3.38606e-07
PWY-7977: L-methionine biosynthesis IV|g__Eubacterium.s__Eubacterium_maltosivorans	3.23147e-07
PWY-7977: L-methionine biosynthesis IV|g__Parabacteroides.s__Parabacteroides_goldsteinii	3.00399e-07
PWY-7977: L-methionine biosynthesis IV|g__Gordonibacter.s__Gordonibacter_pamelaeae	6.06202e-08
PWY-7977: L-methionine biosynthesis IV|g__Bacteroides.s__Bacteroides_intestinalis	2.60094e-08
PWY-724: superpathway of L-lysine, L-threonine and L-methionine biosynthesis II	0.000446123
PWY-724: superpathway of L-lysine, L-threonine and L-methionine biosynthesis II|unclassified	7.31362e-05
PWY-724: superpathway of L-lysine, L-threonine and L-methionine biosynthesis II|g__Bacteroides.s__Bacteroides_uniformis	2.78031e-05
PWY-724: superpathway of L-lysine, L-threonine and L-methionine biosynthesis II|g__Blautia.s__Blautia_obeum	2.20124e-05
PWY-724: superpathway of L-lysine, L-threonine and L-methionine biosynthesis II|g__Faecalibacterium.s__Faecalibacterium_prausnitzii	1.78e-05
PWY-724: superpathway of L-lysine, L-threonine and L-methionine biosynthesis II|g__Anaerostipes.s__Anaerostipes_hadrus	1.27371e-05
PWY-724: superpathway of L-lysine, L-threonine and L-methionine biosynthesis II|g__Bifidobacterium.s__Bifidobacterium_catenulatum	9.15871e-06
PWY-724: superpathway of L-lysine, L-threonine and L-methionine biosynthesis II|g__Blautia.s__Ruminococcus_torques	7.49913e-06
PWY-724: superpathway of L-lysine, L-threonine and L-methionine biosynthesis II|g__Eubacterium.s__Eubacterium_hallii	7.41267e-06
PWY-724: superpathway of L-lysine, L-threonine and L-methionine biosynthesis II|g__Bifidobacterium.s__Bifidobacterium_bifidum	6.22302e-06
PWY-724: superpathway of L-lysine, L-threonine and L-methionine biosynthesis II|g__Fusicatenibacter.s__Fusicatenibacter_saccharivorans	5.89887e-06
PWY-724: superpathway of L-lysine, L-threonine and L-methionine biosynthesis II|g__Dorea.s__Dorea_longicatena	4.26291e-06
PWY-724: superpathway of L-lysine, L-threonine and L-methionine biosynthesis II|g__Lachnospira.s__Lachnospira_pectinoschiza	2.56264e-06
PWY-724: superpathway of L-lysine, L-threonine and L-methionine biosynthesis II|g__Actinomyces.s__Actinomyces_sp_HPA0247	2.52775e-06
PWY-724: superpathway of L-lysine, L-threonine and L-methionine biosynthesis II|g__Ruthenibacterium.s__Ruthenibacterium_lactatiformans	2.00006e-06
PWY-724: superpathway of L-lysine, L-threonine and L-methionine biosynthesis II|g__Eisenbergiella.s__Eisenbergiella_tayi	1.61156e-06
PWY-724: superpathway of L-lysine, L-threonine and L-methionine biosynthesis II|g__Bacteroides.s__Bacteroides_cellulosilyticus	1.50539e-06
PWY-724: superpathway of L-lysine, L-threonine and L-methionine biosynthesis II|g__Coprococcus.s__Coprococcus_catus	1.43844e-06
PWY-724: superpathway of L-lysine, L-threonine and L-methionine biosynthesis II|g__Flavonifractor.s__Flavonifractor_plautii	1.38832e-06
PWY-724: superpathway of L-lysine, L-threonine and L-methionine biosynthesis II|g__Asaccharobacter.s__Asaccharobacter_celatus	6.61532e-07
PWY-724: superpathway of L-lysine, L-threonine and L-methionine biosynthesis II|g__Bacteroides.s__Bacteroides_fragilis	5.43851e-07
PWY-724: superpathway of L-lysine, L-threonine and L-methionine biosynthesis II|g__Bifidobacterium.s__Bifidobacterium_adolescentis	3.27589e-07
PWY-6629: superpathway of L-tryptophan biosynthesis	0.000442904
PWY-6629: superpathway of L-tryptophan biosynthesis|unclassified	7.27311e-05
PWY-6629: superpathway of L-tryptophan biosynthesis|g__Blautia.s__Blautia_obeum	3.37126e-05
PWY-6629: superpathway of L-tryptophan biosynthesis|g__Anaerostipes.s__Anaerostipes_hadrus	1.50508e-05
PWY-6629: superpathway of L-tryptophan biosynthesis|g__Blautia.s__Ruminococcus_torques	9.04224e-06
PWY-6629: superpathway of L-tryptophan biosynthesis|g__Fusicatenibacter.s__Fusicatenibacter_saccharivorans	7.35038e-06
PWY-6629: superpathway of L-tryptophan biosynthesis|g__Blautia.s__Blautia_wexlerae	6.05346e-06
PWY-6629: superpathway of L-tryptophan biosynthesis|g__Streptococcus.s__Streptococcus_thermophilus	5.70385e-06
PWY-6629: superpathway of L-tryptophan biosynthesis|g__Eubacterium.s__Eubacterium_eligens	3.57164e-06
PWY-6629: superpathway of L-tryptophan biosynthesis|g__Lachnospira.s__Lachnospira_pectinoschiza	2.48045e-06
PWY-6629: superpathway of L-tryptophan biosynthesis|g__Streptococcus.s__Streptococcus_sp_A12	1.24603e-06
PWY-6629: superpathway of L-tryptophan biosynthesis|g__Eubacterium.s__Eubacterium_ramulus	1.08892e-06
PWY-6629: superpathway of L-tryptophan biosynthesis|g__Flavonifractor.s__Flavonifractor_plautii	1.03616e-06
PWY-6629: superpathway of L-tryptophan biosynthesis|g__Blautia.s__Blautia_sp	6.20128e-07
PWY-7851: coenzyme A biosynthesis II (eukaryotic)	0.000442001
PWY-7851: coenzyme A biosynthesis II (eukaryotic)|unclassified	0.000111165
PWY-7851: coenzyme A biosynthesis II (eukaryotic)|g__Bacteroides.s__Bacteroides_uniformis	5.36283e-05
PWY-7851: coenzyme A biosynthesis II (eukaryotic)|g__Alistipes.s__Alistipes_finegoldii	2.97377e-05
PWY-7851: coenzyme A biosynthesis II (eukaryotic)|g__Faecalibacterium.s__Faecalibacterium_prausnitzii	1.97962e-05
PWY-7851: coenzyme A biosynthesis II (eukaryotic)|g__Blautia.s__Blautia_obeum	1.70048e-05
PWY-7851: coenzyme A biosynthesis II (eukaryotic)|g__Anaerostipes.s__Anaerostipes_hadrus	1.06956e-05
PWY-7851: coenzyme A biosynthesis II (eukaryotic)|g__Senegalimassilia.s__Senegalimassilia_anaerobia	9.93498e-06
PWY-7851: coenzyme A biosynthesis II (eukaryotic)|g__Bacteroides.s__Bacteroides_vulgatus	9.72792e-06
PWY-7851: coenzyme A biosynthesis II (eukaryotic)|g__Blautia.s__Ruminococcus_torques	6.644e-06
PWY-7851: coenzyme A biosynthesis II (eukaryotic)|g__Bifidobacterium.s__Bifidobacterium_catenulatum	6.64117e-06
PWY-7851: coenzyme A biosynthesis II (eukaryotic)|g__Fusicatenibacter.s__Fusicatenibacter_saccharivorans	6.42844e-06
PWY-7851: coenzyme A biosynthesis II (eukaryotic)|g__Bacteroides.s__Bacteroides_salyersiae	6.40817e-06
PWY-7851: coenzyme A biosynthesis II (eukaryotic)|g__Firmicutes_unclassified.s__Firmicutes_bacterium_CAG_114	5.15038e-06
PWY-7851: coenzyme A biosynthesis II (eukaryotic)|g__Barnesiella.s__Barnesiella_intestinihominis	4.58266e-06
PWY-7851: coenzyme A biosynthesis II (eukaryotic)|g__Bacteroides.s__Bacteroides_caccae	4.05911e-06
PWY-7851: coenzyme A biosynthesis II (eukaryotic)|g__Bacteroides.s__Bacteroides_cellulosilyticus	3.8823e-06
PWY-7851: coenzyme A biosynthesis II (eukaryotic)|g__Collinsella.s__Collinsella_aerofaciens	3.64528e-06
PWY-7851: coenzyme A biosynthesis II (eukaryotic)|g__Phascolarctobacterium.s__Phascolarctobacterium_faecium	3.57026e-06
PWY-7851: coenzyme A biosynthesis II (eukaryotic)|g__Ruminococcus.s__Ruminococcus_bicirculans	3.38364e-06
PWY-7851: coenzyme A biosynthesis II (eukaryotic)|g__Alistipes.s__Alistipes_indistinctus	3.01975e-06
PWY-7851: coenzyme A biosynthesis II (eukaryotic)|g__Eubacterium.s__Eubacterium_hallii	3.0017e-06
PWY-7851: coenzyme A biosynthesis II (eukaryotic)|g__Parabacteroides.s__Parabacteroides_distasonis	2.93754e-06
PWY-7851: coenzyme A biosynthesis II (eukaryotic)|g__Eubacterium.s__Eubacterium_eligens	2.81541e-06
PWY-7851: coenzyme A biosynthesis II (eukaryotic)|g__Roseburia.s__Roseburia_sp_CAG_380	2.50234e-06
PWY-7851: coenzyme A biosynthesis II (eukaryotic)|g__Blautia.s__Blautia_wexlerae	2.36156e-06
PWY-7851: coenzyme A biosynthesis II (eukaryotic)|g__Gordonibacter.s__Gordonibacter_urolithinfaciens	2.31435e-06
PWY-7851: coenzyme A biosynthesis II (eukaryotic)|g__Lachnospira.s__Lachnospira_pectinoschiza	2.23086e-06
PWY-7851: coenzyme A biosynthesis II (eukaryotic)|g__Subdoligranulum.s__Subdoligranulum_sp_APC924_74	2.15595e-06
PWY-7851: coenzyme A biosynthesis II (eukaryotic)|g__Gemmiger.s__Gemmiger_formicilis	1.73617e-06
PWY-7851: coenzyme A biosynthesis II (eukaryotic)|g__Parabacteroides.s__Parabacteroides_merdae	1.61314e-06
PWY-7851: coenzyme A biosynthesis II (eukaryotic)|g__Anaeromassilibacillus.s__Anaeromassilibacillus_sp_An250	1.37307e-06
PWY-7851: coenzyme A biosynthesis II (eukaryotic)|g__Firmicutes_unclassified.s__Firmicutes_bacterium_CAG_110	1.216e-06
PWY-7851: coenzyme A biosynthesis II (eukaryotic)|g__Butyricimonas.s__Butyricimonas_virosa	1.20561e-06
PWY-7851: coenzyme A biosynthesis II (eukaryotic)|g__Eggerthella.s__Eggerthella_sp_CAG_298	1.08593e-06
PWY-7851: coenzyme A biosynthesis II (eukaryotic)|g__Bacteroides.s__Bacteroides_sp_CAG_144	1.04074e-06
PWY-7851: coenzyme A biosynthesis II (eukaryotic)|g__Butyricimonas.s__Butyricimonas_synergistica	7.60125e-07
PWY-7851: coenzyme A biosynthesis II (eukaryotic)|g__Bifidobacterium.s__Bifidobacterium_adolescentis	6.99142e-07
PWY-7851: coenzyme A biosynthesis II (eukaryotic)|g__Streptococcus.s__Streptococcus_salivarius	6.9285e-07
PWY-7851: coenzyme A biosynthesis II (eukaryotic)|g__Streptococcus.s__Streptococcus_sp_A12	6.43884e-07
PWY-7851: coenzyme A biosynthesis II (eukaryotic)|g__Ruminococcaceae_unclassified.s__Ruminococcaceae_bacterium_D5	5.96547e-07
PWY-7851: coenzyme A biosynthesis II (eukaryotic)|g__Clostridium.s__Clostridium_sp_CAG_58	5.77021e-07
PWY-7851: coenzyme A biosynthesis II (eukaryotic)|g__Bacteroides.s__Bacteroides_thetaiotaomicron	4.10779e-07
PWY-7851: coenzyme A biosynthesis II (eukaryotic)|g__Lachnospiraceae_unclassified.s__Eubacterium_rectale	3.6708e-07
PWY-7851: coenzyme A biosynthesis II (eukaryotic)|g__Bacteroides.s__Bacteroides_dorei	3.39623e-07
PWY-7851: coenzyme A biosynthesis II (eukaryotic)|g__Bacteroides.s__Bacteroides_fragilis	2.83787e-07
PWY-7851: coenzyme A biosynthesis II (eukaryotic)|g__Eubacterium.s__Eubacterium_limosum	1.85147e-07
PWY-7851: coenzyme A biosynthesis II (eukaryotic)|g__Streptococcus.s__Streptococcus_australis	1.64934e-07
PWY-7851: coenzyme A biosynthesis II (eukaryotic)|g__Alistipes.s__Alistipes_onderdonkii	1.23844e-07
PWY-7851: coenzyme A biosynthesis II (eukaryotic)|g__Gordonibacter.s__Gordonibacter_pamelaeae	5.77651e-08
PWY-5103: L-isoleucine biosynthesis III	0.000437139
PWY-5103: L-isoleucine biosynthesis III|unclassified	5.44543e-05
PWY-5103: L-isoleucine biosynthesis III|g__Bacteroides.s__Bacteroides_uniformis	4.91576e-05
PWY-5103: L-isoleucine biosynthesis III|g__Akkermansia.s__Akkermansia_muciniphila	3.42724e-05
PWY-5103: L-isoleucine biosynthesis III|g__Blautia.s__Blautia_obeum	2.50058e-05
PWY-5103: L-isoleucine biosynthesis III|g__Anaerostipes.s__Anaerostipes_hadrus	1.23299e-05
PWY-5103: L-isoleucine biosynthesis III|g__Bifidobacterium.s__Bifidobacterium_catenulatum	8.91431e-06
PWY-5103: L-isoleucine biosynthesis III|g__Blautia.s__Blautia_wexlerae	8.74101e-06
PWY-5103: L-isoleucine biosynthesis III|g__Bifidobacterium.s__Bifidobacterium_bifidum	8.61196e-06
PWY-5103: L-isoleucine biosynthesis III|g__Blautia.s__Ruminococcus_torques	8.20626e-06
PWY-5103: L-isoleucine biosynthesis III|g__Dorea.s__Dorea_longicatena	7.61438e-06
PWY-5103: L-isoleucine biosynthesis III|g__Eubacterium.s__Eubacterium_hallii	6.55887e-06
PWY-5103: L-isoleucine biosynthesis III|g__Streptococcus.s__Streptococcus_thermophilus	6.23804e-06
PWY-5103: L-isoleucine biosynthesis III|g__Bacteroides.s__Bacteroides_caccae	5.24775e-06
PWY-5103: L-isoleucine biosynthesis III|g__Actinomyces.s__Actinomyces_sp_HPA0247	4.91865e-06
PWY-5103: L-isoleucine biosynthesis III|g__Lachnospiraceae_unclassified.s__Eubacterium_rectale	4.08867e-06
PWY-5103: L-isoleucine biosynthesis III|g__Eubacterium.s__Eubacterium_eligens	3.98619e-06
PWY-5103: L-isoleucine biosynthesis III|g__Parabacteroides.s__Parabacteroides_distasonis	3.69668e-06
PWY-5103: L-isoleucine biosynthesis III|g__Ruminococcus.s__Ruminococcus_bicirculans	3.00714e-06
PWY-5103: L-isoleucine biosynthesis III|g__Gordonibacter.s__Gordonibacter_urolithinfaciens	2.92801e-06
PWY-5103: L-isoleucine biosynthesis III|g__Gemmiger.s__Gemmiger_formicilis	2.88933e-06
PWY-5103: L-isoleucine biosynthesis III|g__Flavonifractor.s__Flavonifractor_plautii	2.87241e-06
PWY-5103: L-isoleucine biosynthesis III|g__Ruthenibacterium.s__Ruthenibacterium_lactatiformans	2.86218e-06
PWY-5103: L-isoleucine biosynthesis III|g__Blautia.s__Blautia_sp	2.64483e-06
PWY-5103: L-isoleucine biosynthesis III|g__Eisenbergiella.s__Eisenbergiella_tayi	2.09782e-06
PWY-5103: L-isoleucine biosynthesis III|g__Bacteroides.s__Bacteroides_cellulosilyticus	1.74686e-06
PWY-5103: L-isoleucine biosynthesis III|g__Dorea.s__Dorea_formicigenerans	1.7352e-06
PWY-5103: L-isoleucine biosynthesis III|g__Anaeromassilibacillus.s__Anaeromassilibacillus_sp_An250	1.73004e-06
PWY-5103: L-isoleucine biosynthesis III|g__Parabacteroides.s__Parabacteroides_merdae	1.68058e-06
PWY-5103: L-isoleucine biosynthesis III|g__Bilophila.s__Bilophila_wadsworthia	1.02725e-06
PWY-5103: L-isoleucine biosynthesis III|g__Bacteroides.s__Bacteroides_fragilis	9.47266e-07
PWY-5103: L-isoleucine biosynthesis III|g__Asaccharobacter.s__Asaccharobacter_celatus	7.65017e-07
PWY-5103: L-isoleucine biosynthesis III|g__Bacteroides.s__Bacteroides_ovatus	7.36594e-07
PWY-5103: L-isoleucine biosynthesis III|g__Bifidobacterium.s__Bifidobacterium_adolescentis	6.94174e-07
PWY-5103: L-isoleucine biosynthesis III|g__Bacteroides.s__Bacteroides_faecis	6.48305e-07
PWY-5103: L-isoleucine biosynthesis III|g__Bifidobacterium.s__Bifidobacterium_longum	5.73102e-07
PWY-5103: L-isoleucine biosynthesis III|g__Adlercreutzia.s__Adlercreutzia_equolifaciens	5.6758e-07
PWY-5103: L-isoleucine biosynthesis III|g__Streptococcus.s__Streptococcus_sp_A12	5.57242e-07
PWY-5103: L-isoleucine biosynthesis III|g__Ruminococcus.s__Ruminococcus_sp_AF31_8BH	5.39806e-07
PWY-5103: L-isoleucine biosynthesis III|g__Eubacteriaceae_unclassified.s__Eubacteriaceae_bacterium_CHKCI005	5.34367e-07
PWY-5103: L-isoleucine biosynthesis III|g__Eggerthella.s__Eggerthella_lenta	4.37711e-07
PWY-5103: L-isoleucine biosynthesis III|g__Roseburia.s__Roseburia_intestinalis	3.83875e-07
PWY-5103: L-isoleucine biosynthesis III|g__Bacteroides.s__Bacteroides_thetaiotaomicron	3.64851e-07
PWY-5103: L-isoleucine biosynthesis III|g__Streptococcus.s__Streptococcus_salivarius	2.68611e-07
PWY-5103: L-isoleucine biosynthesis III|g__Gordonibacter.s__Gordonibacter_pamelaeae	2.3299e-07
PWY-5103: L-isoleucine biosynthesis III|g__Eubacterium.s__Eubacterium_limosum	2.31442e-07
PWY-5103: L-isoleucine biosynthesis III|g__Eubacterium.s__Eubacterium_maltosivorans	2.09278e-07
PWY-5103: L-isoleucine biosynthesis III|g__Streptococcus.s__Streptococcus_australis	1.78406e-07
PWY-5103: L-isoleucine biosynthesis III|g__Roseburia.s__Roseburia_hominis	1.4005e-07
PWY-5103: L-isoleucine biosynthesis III|g__Streptococcus.s__Streptococcus_oralis	1.38991e-07
PWY-6123: inosine-5'-phosphate biosynthesis I	0.000434228
PWY-6123: inosine-5'-phosphate biosynthesis I|unclassified	7.28463e-05
PWY-6123: inosine-5'-phosphate biosynthesis I|g__Bacteroides.s__Bacteroides_uniformis	5.04363e-05
PWY-6123: inosine-5'-phosphate biosynthesis I|g__Alistipes.s__Alistipes_finegoldii	3.48871e-05
PWY-6123: inosine-5'-phosphate biosynthesis I|g__Akkermansia.s__Akkermansia_muciniphila	3.44056e-05
PWY-6123: inosine-5'-phosphate biosynthesis I|g__Faecalibacterium.s__Faecalibacterium_prausnitzii	2.58564e-05
PWY-6123: inosine-5'-phosphate biosynthesis I|g__Senegalimassilia.s__Senegalimassilia_anaerobia	1.35489e-05
PWY-6123: inosine-5'-phosphate biosynthesis I|g__Anaerostipes.s__Anaerostipes_hadrus	1.20324e-05
PWY-6123: inosine-5'-phosphate biosynthesis I|g__Blautia.s__Blautia_wexlerae	1.0806e-05
PWY-6123: inosine-5'-phosphate biosynthesis I|g__Bacteroides.s__Bacteroides_vulgatus	1.07589e-05
PWY-6123: inosine-5'-phosphate biosynthesis I|g__Streptococcus.s__Streptococcus_thermophilus	7.33582e-06
PWY-6123: inosine-5'-phosphate biosynthesis I|g__Bifidobacterium.s__Bifidobacterium_catenulatum	6.94374e-06
PWY-6123: inosine-5'-phosphate biosynthesis I|g__Bacteroides.s__Bacteroides_salyersiae	6.85144e-06
PWY-6123: inosine-5'-phosphate biosynthesis I|g__Blautia.s__Ruminococcus_torques	6.1863e-06
PWY-6123: inosine-5'-phosphate biosynthesis I|g__Eubacterium.s__Eubacterium_hallii	5.43603e-06
PWY-6123: inosine-5'-phosphate biosynthesis I|g__Blautia.s__Blautia_obeum	5.29343e-06
PWY-6123: inosine-5'-phosphate biosynthesis I|g__Barnesiella.s__Barnesiella_intestinihominis	5.27434e-06
PWY-6123: inosine-5'-phosphate biosynthesis I|g__Bifidobacterium.s__Bifidobacterium_bifidum	4.97048e-06
PWY-6123: inosine-5'-phosphate biosynthesis I|g__Bacteroides.s__Bacteroides_caccae	4.86774e-06
PWY-6123: inosine-5'-phosphate biosynthesis I|g__Collinsella.s__Collinsella_aerofaciens	4.27234e-06
PWY-6123: inosine-5'-phosphate biosynthesis I|g__Bacteroides.s__Bacteroides_massiliensis	3.89709e-06
PWY-6123: inosine-5'-phosphate biosynthesis I|g__Bacteroides.s__Bacteroides_cellulosilyticus	3.62103e-06
PWY-6123: inosine-5'-phosphate biosynthesis I|g__Parabacteroides.s__Parabacteroides_distasonis	3.00839e-06
PWY-6123: inosine-5'-phosphate biosynthesis I|g__Gordonibacter.s__Gordonibacter_urolithinfaciens	2.96902e-06
PWY-6123: inosine-5'-phosphate biosynthesis I|g__Alistipes.s__Alistipes_indistinctus	2.48532e-06
PWY-6123: inosine-5'-phosphate biosynthesis I|g__Coprococcus.s__Coprococcus_catus	2.30343e-06
PWY-6123: inosine-5'-phosphate biosynthesis I|g__Blautia.s__Blautia_sp	1.59544e-06
PWY-6123: inosine-5'-phosphate biosynthesis I|g__Parabacteroides.s__Parabacteroides_merdae	1.41679e-06
PWY-6123: inosine-5'-phosphate biosynthesis I|g__Butyricimonas.s__Butyricimonas_virosa	1.29597e-06
PWY-6123: inosine-5'-phosphate biosynthesis I|g__Alistipes.s__Alistipes_onderdonkii	1.1783e-06
PWY-6123: inosine-5'-phosphate biosynthesis I|g__Lactococcus.s__Lactococcus_lactis	1.08054e-06
PWY-6123: inosine-5'-phosphate biosynthesis I|g__Streptococcus.s__Streptococcus_parasanguinis	9.61047e-07
PWY-6123: inosine-5'-phosphate biosynthesis I|g__Bacteroides.s__Bacteroides_dorei	8.88168e-07
PWY-6123: inosine-5'-phosphate biosynthesis I|g__Streptococcus.s__Streptococcus_australis	7.81673e-07
PWY-6123: inosine-5'-phosphate biosynthesis I|g__Streptococcus.s__Streptococcus_salivarius	7.68234e-07
PWY-6123: inosine-5'-phosphate biosynthesis I|g__Bacteroides.s__Bacteroides_faecis	7.55735e-07
PWY-6123: inosine-5'-phosphate biosynthesis I|g__Bacteroides.s__Bacteroides_ovatus	6.40843e-07
PWY-6123: inosine-5'-phosphate biosynthesis I|g__Ruminococcus.s__Ruminococcus_sp_AF31_8BH	6.07264e-07
PWY-6123: inosine-5'-phosphate biosynthesis I|g__Actinomyces.s__Actinomyces_naeslundii	5.49851e-07
PWY-6123: inosine-5'-phosphate biosynthesis I|g__Streptococcus.s__Streptococcus_sp_A12	5.05138e-07
PWY-6123: inosine-5'-phosphate biosynthesis I|g__Eggerthella.s__Eggerthella_lenta	4.74686e-07
PWY-6123: inosine-5'-phosphate biosynthesis I|g__Rothia.s__Rothia_mucilaginosa	4.31496e-07
PWY-6123: inosine-5'-phosphate biosynthesis I|g__Parabacteroides.s__Parabacteroides_goldsteinii	3.94397e-07
PWY-6123: inosine-5'-phosphate biosynthesis I|g__Ruminococcaceae_unclassified.s__Eubacterium_siraeum	3.89947e-07
PWY-6123: inosine-5'-phosphate biosynthesis I|g__Bifidobacterium.s__Bifidobacterium_adolescentis	3.46321e-07
PWY-6123: inosine-5'-phosphate biosynthesis I|g__Streptococcus.s__Streptococcus_oralis	3.45532e-07
PWY-6123: inosine-5'-phosphate biosynthesis I|g__Streptococcus.s__Streptococcus_pneumoniae	1.77384e-07
PWY-5695: inosine 5'-phosphate degradation	0.000417055
PWY-5695: inosine 5'-phosphate degradation|unclassified	6.50325e-05
PWY-5695: inosine 5'-phosphate degradation|g__Bacteroides.s__Bacteroides_uniformis	4.73528e-05
PWY-5695: inosine 5'-phosphate degradation|g__Alistipes.s__Alistipes_finegoldii	2.85244e-05
PWY-5695: inosine 5'-phosphate degradation|g__Anaerostipes.s__Anaerostipes_hadrus	1.55428e-05
PWY-5695: inosine 5'-phosphate degradation|g__Bacteroides.s__Bacteroides_vulgatus	1.37049e-05
PWY-5695: inosine 5'-phosphate degradation|g__Bacteroides.s__Bacteroides_salyersiae	8.75268e-06
PWY-5695: inosine 5'-phosphate degradation|g__Fusicatenibacter.s__Fusicatenibacter_saccharivorans	6.95622e-06
PWY-5695: inosine 5'-phosphate degradation|g__Blautia.s__Ruminococcus_torques	6.28493e-06
PWY-5695: inosine 5'-phosphate degradation|g__Dorea.s__Dorea_longicatena	6.08024e-06
PWY-5695: inosine 5'-phosphate degradation|g__Blautia.s__Blautia_wexlerae	5.83711e-06
PWY-5695: inosine 5'-phosphate degradation|g__Barnesiella.s__Barnesiella_intestinihominis	5.72984e-06
PWY-5695: inosine 5'-phosphate degradation|g__Bacteroides.s__Bacteroides_caccae	5.00792e-06
PWY-5695: inosine 5'-phosphate degradation|g__Bacteroides.s__Bacteroides_massiliensis	4.90989e-06
PWY-5695: inosine 5'-phosphate degradation|g__Blautia.s__Blautia_obeum	4.13586e-06
PWY-5695: inosine 5'-phosphate degradation|g__Parabacteroides.s__Parabacteroides_distasonis	4.0483e-06
PWY-5695: inosine 5'-phosphate degradation|g__Bacteroides.s__Bacteroides_cellulosilyticus	4.04035e-06
PWY-5695: inosine 5'-phosphate degradation|g__Eubacterium.s__Eubacterium_eligens	3.93898e-06
PWY-5695: inosine 5'-phosphate degradation|g__Ruminococcus.s__Ruminococcus_bicirculans	3.6733e-06
PWY-5695: inosine 5'-phosphate degradation|g__Eisenbergiella.s__Eisenbergiella_tayi	2.97557e-06
PWY-5695: inosine 5'-phosphate degradation|g__Coprococcus.s__Coprococcus_catus	2.93205e-06
PWY-5695: inosine 5'-phosphate degradation|g__Flavonifractor.s__Flavonifractor_plautii	2.25274e-06
PWY-5695: inosine 5'-phosphate degradation|g__Alistipes.s__Alistipes_indistinctus	2.22853e-06
PWY-5695: inosine 5'-phosphate degradation|g__Bacteroides.s__Bacteroides_dorei	2.21316e-06
PWY-5695: inosine 5'-phosphate degradation|g__Firmicutes_unclassified.s__Firmicutes_bacterium_CAG_94	1.60173e-06
PWY-5695: inosine 5'-phosphate degradation|g__Alistipes.s__Alistipes_onderdonkii	1.56814e-06
PWY-5695: inosine 5'-phosphate degradation|g__Alistipes.s__Alistipes_shahii	1.39683e-06
PWY-5695: inosine 5'-phosphate degradation|g__Eubacterium.s__Eubacterium_ramulus	1.2303e-06
PWY-5695: inosine 5'-phosphate degradation|g__Faecalibacterium.s__Faecalibacterium_prausnitzii	9.06631e-07
PWY-5695: inosine 5'-phosphate degradation|g__Intestinibacter.s__Intestinibacter_bartlettii	8.50401e-07
PWY-5695: inosine 5'-phosphate degradation|g__Bilophila.s__Bilophila_wadsworthia	7.83976e-07
PWY-5695: inosine 5'-phosphate degradation|g__Lachnospira.s__Lachnospira_pectinoschiza	7.30742e-07
PWY-5695: inosine 5'-phosphate degradation|g__Bacteroides.s__Bacteroides_ovatus	6.20981e-07
PWY-5695: inosine 5'-phosphate degradation|g__Bacteroides.s__Bacteroides_fragilis	6.04077e-07
PWY-5695: inosine 5'-phosphate degradation|g__Intestinimonas.s__Intestinimonas_butyriciproducens	5.5045e-07
PWY-5695: inosine 5'-phosphate degradation|g__Streptococcus.s__Streptococcus_oralis	4.06092e-07
PWY-5695: inosine 5'-phosphate degradation|g__Lachnoclostridium.s__Clostridium_citroniae	3.37528e-07
PWY-5695: inosine 5'-phosphate degradation|g__Parabacteroides.s__Parabacteroides_goldsteinii	2.69124e-07
PWY-5695: inosine 5'-phosphate degradation|g__Ruminococcus.s__Ruminococcus_sp_AF31_8BH	1.18857e-07
HISTSYN-PWY: L-histidine biosynthesis	0.00041357
HISTSYN-PWY: L-histidine biosynthesis|g__Bacteroides.s__Bacteroides_uniformis	6.03975e-05
HISTSYN-PWY: L-histidine biosynthesis|unclassified	4.61481e-05
HISTSYN-PWY: L-histidine biosynthesis|g__Alistipes.s__Alistipes_finegoldii	3.33142e-05
HISTSYN-PWY: L-histidine biosynthesis|g__Faecalibacterium.s__Faecalibacterium_prausnitzii	2.3612e-05
HISTSYN-PWY: L-histidine biosynthesis|g__Blautia.s__Blautia_obeum	1.47642e-05
HISTSYN-PWY: L-histidine biosynthesis|g__Bacteroides.s__Bacteroides_vulgatus	1.24636e-05
HISTSYN-PWY: L-histidine biosynthesis|g__Ruminococcus.s__Ruminococcus_bromii	8.37478e-06
HISTSYN-PWY: L-histidine biosynthesis|g__Bifidobacterium.s__Bifidobacterium_catenulatum	6.97868e-06
HISTSYN-PWY: L-histidine biosynthesis|g__Bacteroides.s__Bacteroides_salyersiae	6.74115e-06
HISTSYN-PWY: L-histidine biosynthesis|g__Bifidobacterium.s__Bifidobacterium_bifidum	6.62059e-06
HISTSYN-PWY: L-histidine biosynthesis|g__Blautia.s__Ruminococcus_torques	6.15797e-06
HISTSYN-PWY: L-histidine biosynthesis|g__Firmicutes_unclassified.s__Firmicutes_bacterium_CAG_114	5.56623e-06
HISTSYN-PWY: L-histidine biosynthesis|g__Barnesiella.s__Barnesiella_intestinihominis	5.40393e-06
HISTSYN-PWY: L-histidine biosynthesis|g__Bacteroides.s__Bacteroides_caccae	4.54139e-06
HISTSYN-PWY: L-histidine biosynthesis|g__Streptococcus.s__Streptococcus_thermophilus	4.45807e-06
HISTSYN-PWY: L-histidine biosynthesis|g__Bacteroides.s__Bacteroides_massiliensis	4.45578e-06
HISTSYN-PWY: L-histidine biosynthesis|g__Collinsella.s__Collinsella_aerofaciens	3.4078e-06
HISTSYN-PWY: L-histidine biosynthesis|g__Parabacteroides.s__Parabacteroides_distasonis	3.38266e-06
HISTSYN-PWY: L-histidine biosynthesis|g__Alistipes.s__Alistipes_indistinctus	2.93028e-06
HISTSYN-PWY: L-histidine biosynthesis|g__Subdoligranulum.s__Subdoligranulum_sp_APC924_74	2.90928e-06
HISTSYN-PWY: L-histidine biosynthesis|g__Gordonibacter.s__Gordonibacter_urolithinfaciens	2.87361e-06
HISTSYN-PWY: L-histidine biosynthesis|g__Bacteroides.s__Bacteroides_cellulosilyticus	2.63984e-06
HISTSYN-PWY: L-histidine biosynthesis|g__Coprococcus.s__Coprococcus_catus	2.37871e-06
HISTSYN-PWY: L-histidine biosynthesis|g__Ruthenibacterium.s__Ruthenibacterium_lactatiformans	2.21254e-06
HISTSYN-PWY: L-histidine biosynthesis|g__Anaeromassilibacillus.s__Anaeromassilibacillus_sp_An250	1.5971e-06
HISTSYN-PWY: L-histidine biosynthesis|g__Parabacteroides.s__Parabacteroides_merdae	1.52268e-06
HISTSYN-PWY: L-histidine biosynthesis|g__Firmicutes_unclassified.s__Firmicutes_bacterium_CAG_94	1.4926e-06
HISTSYN-PWY: L-histidine biosynthesis|g__Butyricimonas.s__Butyricimonas_virosa	1.45603e-06
HISTSYN-PWY: L-histidine biosynthesis|g__Eggerthella.s__Eggerthella_sp_CAG_298	1.43041e-06
HISTSYN-PWY: L-histidine biosynthesis|g__Eisenbergiella.s__Eisenbergiella_tayi	1.14095e-06
HISTSYN-PWY: L-histidine biosynthesis|g__Butyricimonas.s__Butyricimonas_synergistica	1.02824e-06
HISTSYN-PWY: L-histidine biosynthesis|g__Bacteroides.s__Bacteroides_dorei	9.54714e-07
HISTSYN-PWY: L-histidine biosynthesis|g__Bacteroides.s__Bacteroides_intestinalis	7.89042e-07
HISTSYN-PWY: L-histidine biosynthesis|g__Alistipes.s__Alistipes_shahii	7.7902e-07
HISTSYN-PWY: L-histidine biosynthesis|g__Parabacteroides.s__Parabacteroides_goldsteinii	4.9111e-07
HISTSYN-PWY: L-histidine biosynthesis|g__Bacteroides.s__Bacteroides_fragilis	4.64126e-07
HISTSYN-PWY: L-histidine biosynthesis|g__Bacteroides.s__Bacteroides_ovatus	4.62681e-07
HISTSYN-PWY: L-histidine biosynthesis|g__Bifidobacterium.s__Bifidobacterium_longum	4.62257e-07
HISTSYN-PWY: L-histidine biosynthesis|g__Bacteroides.s__Bacteroides_thetaiotaomicron	4.30445e-07
HISTSYN-PWY: L-histidine biosynthesis|g__Bacteroides.s__Bacteroides_faecis	4.07268e-07
HISTSYN-PWY: L-histidine biosynthesis|g__Dorea.s__Dorea_formicigenerans	3.3435e-07
HISTSYN-PWY: L-histidine biosynthesis|g__Bifidobacterium.s__Bifidobacterium_adolescentis	2.69185e-07
HISTSYN-PWY: L-histidine biosynthesis|g__Blautia.s__Blautia_sp	2.54364e-07
PWY-6124: inosine-5'-phosphate biosynthesis II	0.000412427
PWY-6124: inosine-5'-phosphate biosynthesis II|unclassified	6.67563e-05
PWY-6124: inosine-5'-phosphate biosynthesis II|g__Bacteroides.s__Bacteroides_uniformis	4.7797e-05
PWY-6124: inosine-5'-phosphate biosynthesis II|g__Alistipes.s__Alistipes_finegoldii	3.43202e-05
PWY-6124: inosine-5'-phosphate biosynthesis II|g__Akkermansia.s__Akkermansia_muciniphila	3.2992e-05
PWY-6124: inosine-5'-phosphate biosynthesis II|g__Faecalibacterium.s__Faecalibacterium_prausnitzii	2.52853e-05
PWY-6124: inosine-5'-phosphate biosynthesis II|g__Senegalimassilia.s__Senegalimassilia_anaerobia	1.29756e-05
PWY-6124: inosine-5'-phosphate biosynthesis II|g__Blautia.s__Blautia_wexlerae	1.24723e-05
PWY-6124: inosine-5'-phosphate biosynthesis II|g__Anaerostipes.s__Anaerostipes_hadrus	1.19679e-05
PWY-6124: inosine-5'-phosphate biosynthesis II|g__Bacteroides.s__Bacteroides_vulgatus	1.03138e-05
PWY-6124: inosine-5'-phosphate biosynthesis II|g__Eubacterium.s__Eubacterium_hallii	7.06067e-06
PWY-6124: inosine-5'-phosphate biosynthesis II|g__Streptococcus.s__Streptococcus_thermophilus	7.04742e-06
PWY-6124: inosine-5'-phosphate biosynthesis II|g__Bifidobacterium.s__Bifidobacterium_catenulatum	6.9112e-06
PWY-6124: inosine-5'-phosphate biosynthesis II|g__Bacteroides.s__Bacteroides_salyersiae	6.72723e-06
PWY-6124: inosine-5'-phosphate biosynthesis II|g__Blautia.s__Ruminococcus_torques	6.05489e-06
PWY-6124: inosine-5'-phosphate biosynthesis II|g__Barnesiella.s__Barnesiella_intestinihominis	5.23146e-06
PWY-6124: inosine-5'-phosphate biosynthesis II|g__Bacteroides.s__Bacteroides_caccae	4.63721e-06
PWY-6124: inosine-5'-phosphate biosynthesis II|g__Blautia.s__Blautia_obeum	4.56019e-06
PWY-6124: inosine-5'-phosphate biosynthesis II|g__Bacteroides.s__Bacteroides_massiliensis	3.92714e-06
PWY-6124: inosine-5'-phosphate biosynthesis II|g__Collinsella.s__Collinsella_aerofaciens	3.86377e-06
PWY-6124: inosine-5'-phosphate biosynthesis II|g__Bacteroides.s__Bacteroides_cellulosilyticus	3.53581e-06
PWY-6124: inosine-5'-phosphate biosynthesis II|g__Gordonibacter.s__Gordonibacter_urolithinfaciens	3.02427e-06
PWY-6124: inosine-5'-phosphate biosynthesis II|g__Parabacteroides.s__Parabacteroides_distasonis	2.8634e-06
PWY-6124: inosine-5'-phosphate biosynthesis II|g__Alistipes.s__Alistipes_indistinctus	2.48961e-06
PWY-6124: inosine-5'-phosphate biosynthesis II|g__Blautia.s__Blautia_sp	2.14261e-06
PWY-6124: inosine-5'-phosphate biosynthesis II|g__Coprococcus.s__Coprococcus_catus	1.67073e-06
PWY-6124: inosine-5'-phosphate biosynthesis II|g__Parabacteroides.s__Parabacteroides_merdae	1.40165e-06
PWY-6124: inosine-5'-phosphate biosynthesis II|g__Butyricimonas.s__Butyricimonas_virosa	1.26407e-06
PWY-6124: inosine-5'-phosphate biosynthesis II|g__Alistipes.s__Alistipes_onderdonkii	1.06174e-06
PWY-6124: inosine-5'-phosphate biosynthesis II|g__Streptococcus.s__Streptococcus_parasanguinis	1.05906e-06
PWY-6124: inosine-5'-phosphate biosynthesis II|g__Lactococcus.s__Lactococcus_lactis	1.05889e-06
PWY-6124: inosine-5'-phosphate biosynthesis II|g__Streptococcus.s__Streptococcus_salivarius	9.92194e-07
PWY-6124: inosine-5'-phosphate biosynthesis II|g__Bacteroides.s__Bacteroides_sp_CAG_144	9.91146e-07
PWY-6124: inosine-5'-phosphate biosynthesis II|g__Bacteroides.s__Bacteroides_fragilis	9.46283e-07
PWY-6124: inosine-5'-phosphate biosynthesis II|g__Bacteroides.s__Bacteroides_faecis	8.6471e-07
PWY-6124: inosine-5'-phosphate biosynthesis II|g__Bacteroides.s__Bacteroides_dorei	8.13188e-07
PWY-6124: inosine-5'-phosphate biosynthesis II|g__Erysipelatoclostridium.s__Clostridium_spiroforme	7.3535e-07
PWY-6124: inosine-5'-phosphate biosynthesis II|g__Streptococcus.s__Streptococcus_australis	7.3205e-07
PWY-6124: inosine-5'-phosphate biosynthesis II|g__Ruminococcus.s__Ruminococcus_sp_AF31_8BH	7.12216e-07
PWY-6124: inosine-5'-phosphate biosynthesis II|g__Bacteroides.s__Bacteroides_ovatus	6.582e-07
PWY-6124: inosine-5'-phosphate biosynthesis II|g__Massiliomicrobiota.s__Massiliomicrobiota_timonensis	5.78736e-07
PWY-6124: inosine-5'-phosphate biosynthesis II|g__Bacteroides.s__Bacteroides_thetaiotaomicron	5.29322e-07
PWY-6124: inosine-5'-phosphate biosynthesis II|g__Eggerthella.s__Eggerthella_lenta	4.42745e-07
PWY-6124: inosine-5'-phosphate biosynthesis II|g__Ruminococcaceae_unclassified.s__Eubacterium_siraeum	4.22095e-07
PWY-6124: inosine-5'-phosphate biosynthesis II|g__Actinomyces.s__Actinomyces_naeslundii	3.84065e-07
PWY-6124: inosine-5'-phosphate biosynthesis II|g__Parabacteroides.s__Parabacteroides_goldsteinii	3.71404e-07
PWY-6124: inosine-5'-phosphate biosynthesis II|g__Streptococcus.s__Streptococcus_oralis	3.07399e-07
PWY-6124: inosine-5'-phosphate biosynthesis II|g__Streptococcus.s__Streptococcus_sp_A12	2.91337e-07
PWY-6124: inosine-5'-phosphate biosynthesis II|g__Eubacterium.s__Eubacterium_limosum	2.54069e-07
PWY-6124: inosine-5'-phosphate biosynthesis II|g__Bifidobacterium.s__Bifidobacterium_adolescentis	2.407e-07
PWY-6124: inosine-5'-phosphate biosynthesis II|g__Streptococcus.s__Streptococcus_pneumoniae	1.2443e-07
PWY-7199: pyrimidine deoxyribonucleosides salvage	0.00040794
PWY-7199: pyrimidine deoxyribonucleosides salvage|unclassified	0.000115923
PWY-7199: pyrimidine deoxyribonucleosides salvage|g__Bacteroides.s__Bacteroides_uniformis	6.10781e-05
PWY-7199: pyrimidine deoxyribonucleosides salvage|g__Firmicutes_unclassified.s__Firmicutes_bacterium_CAG_83	1.57943e-05
PWY-7199: pyrimidine deoxyribonucleosides salvage|g__Bacteroides.s__Bacteroides_vulgatus	1.33491e-05
PWY-7199: pyrimidine deoxyribonucleosides salvage|g__Bacteroides.s__Bacteroides_salyersiae	6.99817e-06
PWY-7199: pyrimidine deoxyribonucleosides salvage|g__Firmicutes_unclassified.s__Firmicutes_bacterium_CAG_114	6.12494e-06
PWY-7199: pyrimidine deoxyribonucleosides salvage|g__Barnesiella.s__Barnesiella_intestinihominis	6.00535e-06
PWY-7199: pyrimidine deoxyribonucleosides salvage|g__Ruminococcus.s__Ruminococcus_sp_CAG_177	5.20942e-06
PWY-7199: pyrimidine deoxyribonucleosides salvage|g__Bacteroides.s__Bacteroides_massiliensis	5.08216e-06
PWY-7199: pyrimidine deoxyribonucleosides salvage|g__Oscillibacter.s__Oscillibacter_sp_57_20	5.04173e-06
PWY-7199: pyrimidine deoxyribonucleosides salvage|g__Bacteroides.s__Bacteroides_caccae	4.69204e-06
PWY-7199: pyrimidine deoxyribonucleosides salvage|g__Bacteroides.s__Bacteroides_cellulosilyticus	3.68915e-06
PWY-7199: pyrimidine deoxyribonucleosides salvage|g__Streptococcus.s__Streptococcus_thermophilus	3.23519e-06
PWY-7199: pyrimidine deoxyribonucleosides salvage|g__Blautia.s__Ruminococcus_torques	2.35515e-06
PWY-7199: pyrimidine deoxyribonucleosides salvage|g__Firmicutes_unclassified.s__Firmicutes_bacterium_CAG_110	1.95584e-06
PWY-7199: pyrimidine deoxyribonucleosides salvage|g__Bacteroides.s__Bacteroides_fragilis	1.19345e-06
PWY-7199: pyrimidine deoxyribonucleosides salvage|g__Firmicutes_unclassified.s__Firmicutes_bacterium_CAG_103	9.4259e-07
PWY-7199: pyrimidine deoxyribonucleosides salvage|g__Streptococcus.s__Streptococcus_pneumoniae	9.25762e-07
PWY-7199: pyrimidine deoxyribonucleosides salvage|g__Lactococcus.s__Lactococcus_lactis	7.65286e-07
PWY-7199: pyrimidine deoxyribonucleosides salvage|g__Streptococcus.s__Streptococcus_oralis	7.39382e-07
PWY-7199: pyrimidine deoxyribonucleosides salvage|g__Flavonifractor.s__Flavonifractor_plautii	7.22013e-07
PWY-7199: pyrimidine deoxyribonucleosides salvage|g__Bacteroides.s__Bacteroides_dorei	5.94827e-07
PWY-7199: pyrimidine deoxyribonucleosides salvage|g__Bacteroides.s__Bacteroides_faecis	5.65057e-07
PWY-7199: pyrimidine deoxyribonucleosides salvage|g__Streptococcus.s__Streptococcus_australis	5.47316e-07
PWY-7199: pyrimidine deoxyribonucleosides salvage|g__Streptococcus.s__Streptococcus_parasanguinis	3.50365e-07
PWY-7199: pyrimidine deoxyribonucleosides salvage|g__Streptococcus.s__Streptococcus_sp_A12	2.27945e-07
PWY-7199: pyrimidine deoxyribonucleosides salvage|g__Streptococcus.s__Streptococcus_pseudopneumoniae	1.29218e-07
PWY-7400: L-arginine biosynthesis IV (archaebacteria)	0.000407471
PWY-7400: L-arginine biosynthesis IV (archaebacteria)|unclassified	1.65862e-05
PWY-7400: L-arginine biosynthesis IV (archaebacteria)|g__Blautia.s__Ruminococcus_torques	9.61602e-06
PWY-7400: L-arginine biosynthesis IV (archaebacteria)|g__Eubacterium.s__Eubacterium_hallii	4.94262e-06
PWY-7400: L-arginine biosynthesis IV (archaebacteria)|g__Coprococcus.s__Coprococcus_catus	2.57998e-06
PANTOSYN-PWY: superpathway of coenzyme A biosynthesis I (bacteria)	0.000406067
PANTOSYN-PWY: superpathway of coenzyme A biosynthesis I (bacteria)|unclassified	6.68427e-05
PANTOSYN-PWY: superpathway of coenzyme A biosynthesis I (bacteria)|g__Bacteroides.s__Bacteroides_uniformis	5.32686e-05
PANTOSYN-PWY: superpathway of coenzyme A biosynthesis I (bacteria)|g__Akkermansia.s__Akkermansia_muciniphila	3.67845e-05
PANTOSYN-PWY: superpathway of coenzyme A biosynthesis I (bacteria)|g__Anaerostipes.s__Anaerostipes_hadrus	1.50073e-05
PANTOSYN-PWY: superpathway of coenzyme A biosynthesis I (bacteria)|g__Blautia.s__Blautia_obeum	1.34331e-05
PANTOSYN-PWY: superpathway of coenzyme A biosynthesis I (bacteria)|g__Bacteroides.s__Bacteroides_vulgatus	1.12957e-05
PANTOSYN-PWY: superpathway of coenzyme A biosynthesis I (bacteria)|g__Senegalimassilia.s__Senegalimassilia_anaerobia	1.12864e-05
PANTOSYN-PWY: superpathway of coenzyme A biosynthesis I (bacteria)|g__Bacteroides.s__Bacteroides_salyersiae	7.3526e-06
PANTOSYN-PWY: superpathway of coenzyme A biosynthesis I (bacteria)|g__Blautia.s__Ruminococcus_torques	5.9147e-06
PANTOSYN-PWY: superpathway of coenzyme A biosynthesis I (bacteria)|g__Firmicutes_unclassified.s__Firmicutes_bacterium_CAG_114	5.84793e-06
PANTOSYN-PWY: superpathway of coenzyme A biosynthesis I (bacteria)|g__Bacteroides.s__Bacteroides_caccae	4.76424e-06
PANTOSYN-PWY: superpathway of coenzyme A biosynthesis I (bacteria)|g__Eubacterium.s__Eubacterium_hallii	4.58485e-06
PANTOSYN-PWY: superpathway of coenzyme A biosynthesis I (bacteria)|g__Phascolarctobacterium.s__Phascolarctobacterium_faecium	4.29448e-06
PANTOSYN-PWY: superpathway of coenzyme A biosynthesis I (bacteria)|g__Bacteroides.s__Bacteroides_cellulosilyticus	3.96145e-06
PANTOSYN-PWY: superpathway of coenzyme A biosynthesis I (bacteria)|g__Barnesiella.s__Barnesiella_intestinihominis	3.91655e-06
PANTOSYN-PWY: superpathway of coenzyme A biosynthesis I (bacteria)|g__Blautia.s__Blautia_wexlerae	3.23167e-06
PANTOSYN-PWY: superpathway of coenzyme A biosynthesis I (bacteria)|g__Alistipes.s__Alistipes_indistinctus	2.90343e-06
PANTOSYN-PWY: superpathway of coenzyme A biosynthesis I (bacteria)|g__Bacteroides.s__Bacteroides_massiliensis	2.87909e-06
PANTOSYN-PWY: superpathway of coenzyme A biosynthesis I (bacteria)|g__Parabacteroides.s__Parabacteroides_distasonis	2.7497e-06
PANTOSYN-PWY: superpathway of coenzyme A biosynthesis I (bacteria)|g__Roseburia.s__Roseburia_sp_CAG_380	2.42601e-06
PANTOSYN-PWY: superpathway of coenzyme A biosynthesis I (bacteria)|g__Parabacteroides.s__Parabacteroides_merdae	1.61605e-06
PANTOSYN-PWY: superpathway of coenzyme A biosynthesis I (bacteria)|g__Eggerthella.s__Eggerthella_sp_CAG_298	1.57266e-06
PANTOSYN-PWY: superpathway of coenzyme A biosynthesis I (bacteria)|g__Butyricimonas.s__Butyricimonas_virosa	1.21584e-06
PANTOSYN-PWY: superpathway of coenzyme A biosynthesis I (bacteria)|g__Bacteroides.s__Bacteroides_dorei	7.80219e-07
PANTOSYN-PWY: superpathway of coenzyme A biosynthesis I (bacteria)|g__Lachnospiraceae_unclassified.s__Eubacterium_rectale	7.51763e-07
PANTOSYN-PWY: superpathway of coenzyme A biosynthesis I (bacteria)|g__Bacteroides.s__Bacteroides_sp_CAG_144	7.32891e-07
PANTOSYN-PWY: superpathway of coenzyme A biosynthesis I (bacteria)|g__Eubacterium.s__Eubacterium_ramulus	7.24753e-07
PANTOSYN-PWY: superpathway of coenzyme A biosynthesis I (bacteria)|g__Bacteroides.s__Bacteroides_fragilis	4.61684e-07
PANTOSYN-PWY: superpathway of coenzyme A biosynthesis I (bacteria)|g__Bacteroides.s__Bacteroides_faecis	4.56046e-07
PANTOSYN-PWY: superpathway of coenzyme A biosynthesis I (bacteria)|g__Alistipes.s__Alistipes_finegoldii	4.32428e-07
PANTOSYN-PWY: superpathway of coenzyme A biosynthesis I (bacteria)|g__Actinomyces.s__Actinomyces_naeslundii	2.81793e-07
PANTOSYN-PWY: superpathway of coenzyme A biosynthesis I (bacteria)|g__Alistipes.s__Alistipes_onderdonkii	2.59543e-07
PANTOSYN-PWY: superpathway of coenzyme A biosynthesis I (bacteria)|g__Bacteroides.s__Bacteroides_thetaiotaomicron	2.48113e-07
PANTO-PWY: phosphopantothenate biosynthesis I	0.000392049
PANTO-PWY: phosphopantothenate biosynthesis I|unclassified	6.631e-05
PANTO-PWY: phosphopantothenate biosynthesis I|g__Bacteroides.s__Bacteroides_uniformis	5.24104e-05
PANTO-PWY: phosphopantothenate biosynthesis I|g__Akkermansia.s__Akkermansia_muciniphila	3.78294e-05
PANTO-PWY: phosphopantothenate biosynthesis I|g__Anaerostipes.s__Anaerostipes_hadrus	1.75348e-05
PANTO-PWY: phosphopantothenate biosynthesis I|g__Senegalimassilia.s__Senegalimassilia_anaerobia	1.33124e-05
PANTO-PWY: phosphopantothenate biosynthesis I|g__Bacteroides.s__Bacteroides_vulgatus	1.28686e-05
PANTO-PWY: phosphopantothenate biosynthesis I|g__Blautia.s__Blautia_obeum	1.18578e-05
PANTO-PWY: phosphopantothenate biosynthesis I|g__Dorea.s__Dorea_longicatena	8.31977e-06
PANTO-PWY: phosphopantothenate biosynthesis I|g__Eubacterium.s__Eubacterium_hallii	8.12629e-06
PANTO-PWY: phosphopantothenate biosynthesis I|g__Bacteroides.s__Bacteroides_salyersiae	8.00375e-06
PANTO-PWY: phosphopantothenate biosynthesis I|g__Firmicutes_unclassified.s__Firmicutes_bacterium_CAG_114	6.72646e-06
PANTO-PWY: phosphopantothenate biosynthesis I|g__Barnesiella.s__Barnesiella_intestinihominis	5.30174e-06
PANTO-PWY: phosphopantothenate biosynthesis I|g__Bacteroides.s__Bacteroides_caccae	5.21434e-06
PANTO-PWY: phosphopantothenate biosynthesis I|g__Blautia.s__Ruminococcus_torques	5.04196e-06
PANTO-PWY: phosphopantothenate biosynthesis I|g__Phascolarctobacterium.s__Phascolarctobacterium_faecium	4.94866e-06
PANTO-PWY: phosphopantothenate biosynthesis I|g__Lachnospiraceae_unclassified.s__Eubacterium_rectale	4.41856e-06
PANTO-PWY: phosphopantothenate biosynthesis I|g__Bacteroides.s__Bacteroides_massiliensis	3.93169e-06
PANTO-PWY: phosphopantothenate biosynthesis I|g__Bacteroides.s__Bacteroides_cellulosilyticus	3.60158e-06
PANTO-PWY: phosphopantothenate biosynthesis I|g__Blautia.s__Blautia_wexlerae	3.48268e-06
PANTO-PWY: phosphopantothenate biosynthesis I|g__Parabacteroides.s__Parabacteroides_distasonis	2.87181e-06
PANTO-PWY: phosphopantothenate biosynthesis I|g__Alistipes.s__Alistipes_onderdonkii	2.79611e-06
PANTO-PWY: phosphopantothenate biosynthesis I|g__Alistipes.s__Alistipes_indistinctus	2.6335e-06
PANTO-PWY: phosphopantothenate biosynthesis I|g__Roseburia.s__Roseburia_sp_CAG_380	2.29896e-06
PANTO-PWY: phosphopantothenate biosynthesis I|g__Eggerthella.s__Eggerthella_sp_CAG_298	1.84531e-06
PANTO-PWY: phosphopantothenate biosynthesis I|g__Bilophila.s__Bilophila_wadsworthia	1.83578e-06
PANTO-PWY: phosphopantothenate biosynthesis I|g__Parabacteroides.s__Parabacteroides_merdae	1.49171e-06
PANTO-PWY: phosphopantothenate biosynthesis I|g__Butyricimonas.s__Butyricimonas_synergistica	1.28181e-06
PANTO-PWY: phosphopantothenate biosynthesis I|g__Asaccharobacter.s__Asaccharobacter_celatus	1.08874e-06
PANTO-PWY: phosphopantothenate biosynthesis I|g__Butyricimonas.s__Butyricimonas_virosa	9.42845e-07
PANTO-PWY: phosphopantothenate biosynthesis I|g__Bacteroides.s__Bacteroides_dorei	9.38794e-07
PANTO-PWY: phosphopantothenate biosynthesis I|g__Dorea.s__Dorea_formicigenerans	9.0981e-07
PANTO-PWY: phosphopantothenate biosynthesis I|g__Eubacterium.s__Eubacterium_ramulus	9.03995e-07
PANTO-PWY: phosphopantothenate biosynthesis I|g__Bacteroides.s__Bacteroides_fragilis	7.49878e-07
PANTO-PWY: phosphopantothenate biosynthesis I|g__Blautia.s__Blautia_hydrogenotrophica	7.3922e-07
PANTO-PWY: phosphopantothenate biosynthesis I|g__Roseburia.s__Roseburia_intestinalis	7.06391e-07
PANTO-PWY: phosphopantothenate biosynthesis I|g__Victivallales_unclassified.s__Victivallales_bacterium_CCUG_44730	7.01611e-07
PANTO-PWY: phosphopantothenate biosynthesis I|g__Intestinibacter.s__Intestinibacter_bartlettii	6.97813e-07
PANTO-PWY: phosphopantothenate biosynthesis I|g__Bacteroides.s__Bacteroides_sp_CAG_144	6.22715e-07
PANTO-PWY: phosphopantothenate biosynthesis I|g__Blautia.s__Blautia_sp	5.27478e-07
PANTO-PWY: phosphopantothenate biosynthesis I|g__Lentisphaerae_unclassified.s__Lentisphaerae_bacterium	5.12253e-07
PANTO-PWY: phosphopantothenate biosynthesis I|g__Slackia.s__Slackia_isoflavoniconvertens	5.10504e-07
PANTO-PWY: phosphopantothenate biosynthesis I|g__Victivallis.s__Victivallis_vadensis	5.07617e-07
PANTO-PWY: phosphopantothenate biosynthesis I|g__Parabacteroides.s__Parabacteroides_goldsteinii	4.29548e-07
PANTO-PWY: phosphopantothenate biosynthesis I|g__Eggerthella.s__Eggerthella_lenta	4.28772e-07
PANTO-PWY: phosphopantothenate biosynthesis I|g__Bacteroides.s__Bacteroides_faecis	4.04769e-07
PANTO-PWY: phosphopantothenate biosynthesis I|g__Bacteroides.s__Bacteroides_ovatus	3.48608e-07
PANTO-PWY: phosphopantothenate biosynthesis I|g__Actinomyces.s__Actinomyces_naeslundii	2.61777e-07
PANTO-PWY: phosphopantothenate biosynthesis I|g__Actinomyces.s__Actinomyces_viscosus	1.97357e-07
PANTO-PWY: phosphopantothenate biosynthesis I|g__Alistipes.s__Alistipes_finegoldii	1.93698e-07
PANTO-PWY: phosphopantothenate biosynthesis I|g__Bacteroides.s__Bacteroides_thetaiotaomicron	1.5979e-07
PANTO-PWY: phosphopantothenate biosynthesis I|g__Eubacterium.s__Eubacterium_maltosivorans	1.51581e-07
PANTO-PWY: phosphopantothenate biosynthesis I|g__Eubacterium.s__Eubacterium_limosum	1.3681e-07
PANTO-PWY: phosphopantothenate biosynthesis I|g__Actinomyces.s__Actinomyces_oris	1.04976e-07
PWY-8178: pentose phosphate pathway (non-oxidative branch) II	0.000387261
PWY-8178: pentose phosphate pathway (non-oxidative branch) II|unclassified	8.73998e-05
PWY-8178: pentose phosphate pathway (non-oxidative branch) II|g__Anaerostipes.s__Anaerostipes_hadrus	2.234e-05
PWY-8178: pentose phosphate pathway (non-oxidative branch) II|g__Eubacterium.s__Eubacterium_hallii	1.83945e-05
PWY-8178: pentose phosphate pathway (non-oxidative branch) II|g__Blautia.s__Blautia_obeum	1.83228e-05
PWY-8178: pentose phosphate pathway (non-oxidative branch) II|g__Fusicatenibacter.s__Fusicatenibacter_saccharivorans	9.78332e-06
PWY-8178: pentose phosphate pathway (non-oxidative branch) II|g__Blautia.s__Ruminococcus_torques	9.05823e-06
PWY-8178: pentose phosphate pathway (non-oxidative branch) II|g__Blautia.s__Blautia_wexlerae	8.4192e-06
PWY-8178: pentose phosphate pathway (non-oxidative branch) II|g__Collinsella.s__Collinsella_aerofaciens	5.80643e-06
PWY-8178: pentose phosphate pathway (non-oxidative branch) II|g__Eubacterium.s__Eubacterium_eligens	5.78104e-06
PWY-8178: pentose phosphate pathway (non-oxidative branch) II|g__Lachnospiraceae_unclassified.s__Eubacterium_rectale	5.43664e-06
PWY-8178: pentose phosphate pathway (non-oxidative branch) II|g__Bacteroides.s__Bacteroides_salyersiae	4.48375e-06
PWY-8178: pentose phosphate pathway (non-oxidative branch) II|g__Bifidobacterium.s__Bifidobacterium_bifidum	4.39886e-06
PWY-8178: pentose phosphate pathway (non-oxidative branch) II|g__Faecalibacterium.s__Faecalibacterium_prausnitzii	4.30638e-06
PWY-8178: pentose phosphate pathway (non-oxidative branch) II|g__Blautia.s__Blautia_sp	3.77219e-06
PWY-8178: pentose phosphate pathway (non-oxidative branch) II|g__Streptococcus.s__Streptococcus_thermophilus	3.29402e-06
PWY-8178: pentose phosphate pathway (non-oxidative branch) II|g__Parabacteroides.s__Parabacteroides_distasonis	3.17558e-06
PWY-8178: pentose phosphate pathway (non-oxidative branch) II|g__Lachnospira.s__Lachnospira_pectinoschiza	3.05375e-06
PWY-8178: pentose phosphate pathway (non-oxidative branch) II|g__Coprococcus.s__Coprococcus_catus	2.97432e-06
PWY-8178: pentose phosphate pathway (non-oxidative branch) II|g__Clostridium.s__Clostridium_sp_CAG_58	1.84555e-06
PWY-8178: pentose phosphate pathway (non-oxidative branch) II|g__Flavonifractor.s__Flavonifractor_plautii	1.57039e-06
PWY-8178: pentose phosphate pathway (non-oxidative branch) II|g__Eisenbergiella.s__Eisenbergiella_tayi	1.24795e-06
PWY-8178: pentose phosphate pathway (non-oxidative branch) II|g__Lactococcus.s__Lactococcus_lactis	1.16323e-06
PWY-8178: pentose phosphate pathway (non-oxidative branch) II|g__Prevotella.s__Prevotella_copri	8.17545e-07
PWY-8178: pentose phosphate pathway (non-oxidative branch) II|g__Bacteroides.s__Bacteroides_cellulosilyticus	7.91303e-07
PWY-8178: pentose phosphate pathway (non-oxidative branch) II|g__Erysipelatoclostridium.s__Clostridium_spiroforme	5.98444e-07
PWY-8178: pentose phosphate pathway (non-oxidative branch) II|g__Streptococcus.s__Streptococcus_salivarius	5.83424e-07
PWY-8178: pentose phosphate pathway (non-oxidative branch) II|g__Clostridium.s__Clostridium_sp_AM22_11AC	5.37011e-07
PWY-8178: pentose phosphate pathway (non-oxidative branch) II|g__Lachnoclostridium.s__Clostridium_citroniae	5.19862e-07
PWY-8178: pentose phosphate pathway (non-oxidative branch) II|g__Streptococcus.s__Streptococcus_pneumoniae	3.63735e-07
PWY-8178: pentose phosphate pathway (non-oxidative branch) II|g__Bacteroides.s__Bacteroides_fragilis	3.5314e-07
PWY-8178: pentose phosphate pathway (non-oxidative branch) II|g__Ruminococcus.s__Ruminococcus_sp_AF31_8BH	3.40888e-07
PWY-8178: pentose phosphate pathway (non-oxidative branch) II|g__Roseburia.s__Roseburia_intestinalis	3.27311e-07
PWY-8178: pentose phosphate pathway (non-oxidative branch) II|g__Roseburia.s__Roseburia_hominis	2.04172e-07
PWY-6270: isoprene biosynthesis I	0.00038594
PWY-6270: isoprene biosynthesis I|unclassified	6.8738e-05
PWY-6270: isoprene biosynthesis I|g__Anaerostipes.s__Anaerostipes_hadrus	1.37331e-05
PWY-6270: isoprene biosynthesis I|g__Blautia.s__Blautia_obeum	1.24558e-05
PWY-6270: isoprene biosynthesis I|g__Eubacterium.s__Eubacterium_hallii	8.73318e-06
PWY-6270: isoprene biosynthesis I|g__Blautia.s__Ruminococcus_torques	7.44188e-06
PWY-6270: isoprene biosynthesis I|g__Fusicatenibacter.s__Fusicatenibacter_saccharivorans	7.21811e-06
PWY-6270: isoprene biosynthesis I|g__Phascolarctobacterium.s__Phascolarctobacterium_faecium	4.59174e-06
PWY-6270: isoprene biosynthesis I|g__Eubacterium.s__Eubacterium_eligens	3.51121e-06
PWY-6270: isoprene biosynthesis I|g__Blautia.s__Blautia_wexlerae	3.44949e-06
PWY-6270: isoprene biosynthesis I|g__Collinsella.s__Collinsella_aerofaciens	2.76208e-06
PWY-6270: isoprene biosynthesis I|g__Parabacteroides.s__Parabacteroides_distasonis	2.50584e-06
PWY-6270: isoprene biosynthesis I|g__Bacteroides.s__Bacteroides_cellulosilyticus	1.78233e-06
PWY-6270: isoprene biosynthesis I|g__Eisenbergiella.s__Eisenbergiella_tayi	1.57738e-06
PWY-6270: isoprene biosynthesis I|g__Bacteroides.s__Bacteroides_faecis	5.36602e-07
PWY-6270: isoprene biosynthesis I|g__Bacteroides.s__Bacteroides_thetaiotaomicron	3.08323e-07
PWY-6270: isoprene biosynthesis I|g__Bacteroides.s__Bacteroides_ovatus	1.83113e-07
GLUTORN-PWY: L-ornithine biosynthesis I	0.000380382
GLUTORN-PWY: L-ornithine biosynthesis I|unclassified	7.32262e-05
GLUTORN-PWY: L-ornithine biosynthesis I|g__Alistipes.s__Alistipes_finegoldii	2.66384e-05
GLUTORN-PWY: L-ornithine biosynthesis I|g__Faecalibacterium.s__Faecalibacterium_prausnitzii	2.4751e-05
GLUTORN-PWY: L-ornithine biosynthesis I|g__Blautia.s__Blautia_obeum	1.4636e-05
GLUTORN-PWY: L-ornithine biosynthesis I|g__Ruminococcus.s__Ruminococcus_bromii	1.42362e-05
GLUTORN-PWY: L-ornithine biosynthesis I|g__Anaerostipes.s__Anaerostipes_hadrus	1.0742e-05
GLUTORN-PWY: L-ornithine biosynthesis I|g__Blautia.s__Ruminococcus_torques	7.72193e-06
GLUTORN-PWY: L-ornithine biosynthesis I|g__Fusicatenibacter.s__Fusicatenibacter_saccharivorans	7.49329e-06
GLUTORN-PWY: L-ornithine biosynthesis I|g__Blautia.s__Blautia_wexlerae	6.85579e-06
GLUTORN-PWY: L-ornithine biosynthesis I|g__Bifidobacterium.s__Bifidobacterium_catenulatum	6.57697e-06
GLUTORN-PWY: L-ornithine biosynthesis I|g__Firmicutes_unclassified.s__Firmicutes_bacterium_CAG_114	6.39539e-06
GLUTORN-PWY: L-ornithine biosynthesis I|g__Eubacterium.s__Eubacterium_hallii	4.94372e-06
GLUTORN-PWY: L-ornithine biosynthesis I|g__Streptococcus.s__Streptococcus_thermophilus	4.4956e-06
GLUTORN-PWY: L-ornithine biosynthesis I|g__Phascolarctobacterium.s__Phascolarctobacterium_faecium	4.17945e-06
GLUTORN-PWY: L-ornithine biosynthesis I|g__Bifidobacterium.s__Bifidobacterium_bifidum	4.12521e-06
GLUTORN-PWY: L-ornithine biosynthesis I|g__Collinsella.s__Collinsella_aerofaciens	3.71541e-06
GLUTORN-PWY: L-ornithine biosynthesis I|g__Ruminococcus.s__Ruminococcus_bicirculans	3.6736e-06
GLUTORN-PWY: L-ornithine biosynthesis I|g__Eubacterium.s__Eubacterium_eligens	3.51035e-06
GLUTORN-PWY: L-ornithine biosynthesis I|g__Subdoligranulum.s__Subdoligranulum_sp_APC924_74	3.3217e-06
GLUTORN-PWY: L-ornithine biosynthesis I|g__Coprococcus.s__Coprococcus_catus	3.09587e-06
GLUTORN-PWY: L-ornithine biosynthesis I|g__Lachnospiraceae_unclassified.s__Eubacterium_rectale	2.44935e-06
GLUTORN-PWY: L-ornithine biosynthesis I|g__Roseburia.s__Roseburia_sp_CAG_380	2.44713e-06
GLUTORN-PWY: L-ornithine biosynthesis I|g__Gemmiger.s__Gemmiger_formicilis	2.23602e-06
GLUTORN-PWY: L-ornithine biosynthesis I|g__Lachnospira.s__Lachnospira_pectinoschiza	2.14257e-06
GLUTORN-PWY: L-ornithine biosynthesis I|g__Blautia.s__Blautia_sp	2.04005e-06
GLUTORN-PWY: L-ornithine biosynthesis I|g__Dorea.s__Dorea_longicatena	1.84769e-06
GLUTORN-PWY: L-ornithine biosynthesis I|g__Anaeromassilibacillus.s__Anaeromassilibacillus_sp_An250	1.49204e-06
GLUTORN-PWY: L-ornithine biosynthesis I|g__Eisenbergiella.s__Eisenbergiella_tayi	1.27467e-06
GLUTORN-PWY: L-ornithine biosynthesis I|g__Firmicutes_unclassified.s__Firmicutes_bacterium_CAG_94	1.22846e-06
GLUTORN-PWY: L-ornithine biosynthesis I|g__Streptococcus.s__Streptococcus_salivarius	1.07835e-06
GLUTORN-PWY: L-ornithine biosynthesis I|g__Flavonifractor.s__Flavonifractor_plautii	1.07119e-06
GLUTORN-PWY: L-ornithine biosynthesis I|g__Eubacterium.s__Eubacterium_ramulus	1.04257e-06
GLUTORN-PWY: L-ornithine biosynthesis I|g__Dorea.s__Dorea_formicigenerans	8.00628e-07
GLUTORN-PWY: L-ornithine biosynthesis I|g__Intestinibacter.s__Intestinibacter_bartlettii	7.60486e-07
GLUTORN-PWY: L-ornithine biosynthesis I|g__Ruminococcus.s__Ruminococcus_callidus	6.33117e-07
GLUTORN-PWY: L-ornithine biosynthesis I|g__Ruminococcaceae_unclassified.s__Eubacterium_siraeum	5.82521e-07
GLUTORN-PWY: L-ornithine biosynthesis I|g__Lactococcus.s__Lactococcus_lactis	4.72881e-07
GLUTORN-PWY: L-ornithine biosynthesis I|g__Blautia.s__Blautia_sp_CAG_52	3.8647e-07
GLUTORN-PWY: L-ornithine biosynthesis I|g__Actinomyces.s__Actinomyces_viscosus	3.66908e-07
GLUTORN-PWY: L-ornithine biosynthesis I|g__Actinomyces.s__Actinomyces_naeslundii	2.94616e-07
GLUTORN-PWY: L-ornithine biosynthesis I|g__Bifidobacterium.s__Bifidobacterium_adolescentis	2.86431e-07
GLUTORN-PWY: L-ornithine biosynthesis I|g__Lentisphaerae_unclassified.s__Lentisphaerae_bacterium	2.29264e-07
GLUTORN-PWY: L-ornithine biosynthesis I|g__Eubacterium.s__Eubacterium_maltosivorans	1.33349e-07
GLUTORN-PWY: L-ornithine biosynthesis I|g__Eubacterium.s__Eubacterium_limosum	1.28595e-07
GLUTORN-PWY: L-ornithine biosynthesis I|g__Ruminococcus.s__Ruminococcus_sp_AF31_8BH	8.71045e-08
GLUTORN-PWY: L-ornithine biosynthesis I|g__Victivallis.s__Victivallis_vadensis	8.24041e-08
GLUTORN-PWY: L-ornithine biosynthesis I|g__Actinomyces.s__Actinomyces_oris	6.61081e-08
PWY-7229: superpathway of adenosine nucleotides de novo biosynthesis I	0.000374852
PWY-7229: superpathway of adenosine nucleotides de novo biosynthesis I|unclassified	5.75039e-05
PWY-7229: superpathway of adenosine nucleotides de novo biosynthesis I|g__Bacteroides.s__Bacteroides_vulgatus	1.40019e-05
PWY-7229: superpathway of adenosine nucleotides de novo biosynthesis I|g__Bacteroides.s__Bacteroides_salyersiae	7.4519e-06
PWY-7229: superpathway of adenosine nucleotides de novo biosynthesis I|g__Bacteroides.s__Bacteroides_massiliensis	6.08213e-06
PWY-7229: superpathway of adenosine nucleotides de novo biosynthesis I|g__Bacteroides.s__Bacteroides_caccae	4.94363e-06
PWY-7229: superpathway of adenosine nucleotides de novo biosynthesis I|g__Streptococcus.s__Streptococcus_thermophilus	4.79422e-06
PWY-7229: superpathway of adenosine nucleotides de novo biosynthesis I|g__Bacteroides.s__Bacteroides_cellulosilyticus	3.57253e-06
PWY-7229: superpathway of adenosine nucleotides de novo biosynthesis I|g__Parabacteroides.s__Parabacteroides_distasonis	3.25994e-06
PWY-7229: superpathway of adenosine nucleotides de novo biosynthesis I|g__Bilophila.s__Bilophila_wadsworthia	1.49662e-06
PWY-7229: superpathway of adenosine nucleotides de novo biosynthesis I|g__Streptococcus.s__Streptococcus_salivarius	1.32532e-06
PWY-7229: superpathway of adenosine nucleotides de novo biosynthesis I|g__Bacteroides.s__Bacteroides_faecis	9.33374e-07
PWY-7229: superpathway of adenosine nucleotides de novo biosynthesis I|g__Streptococcus.s__Streptococcus_oralis	7.04438e-07
PWY-7229: superpathway of adenosine nucleotides de novo biosynthesis I|g__Bacteroides.s__Bacteroides_dorei	6.22512e-07
PWY-7229: superpathway of adenosine nucleotides de novo biosynthesis I|g__Bacteroides.s__Bacteroides_fragilis	4.6394e-07
PWY-7229: superpathway of adenosine nucleotides de novo biosynthesis I|g__Eggerthella.s__Eggerthella_lenta	4.62345e-07
PWY-7229: superpathway of adenosine nucleotides de novo biosynthesis I|g__Bacteroides.s__Bacteroides_thetaiotaomicron	3.90233e-07
PWY-7560: methylerythritol phosphate pathway II	0.000370289
PWY-7560: methylerythritol phosphate pathway II|unclassified	6.31868e-05
PWY-7560: methylerythritol phosphate pathway II|g__Blautia.s__Blautia_obeum	1.83124e-05
PWY-7560: methylerythritol phosphate pathway II|g__Anaerostipes.s__Anaerostipes_hadrus	1.47231e-05
PWY-7560: methylerythritol phosphate pathway II|g__Eubacterium.s__Eubacterium_hallii	8.79101e-06
PWY-7560: methylerythritol phosphate pathway II|g__Blautia.s__Ruminococcus_torques	7.73672e-06
PWY-7560: methylerythritol phosphate pathway II|g__Fusicatenibacter.s__Fusicatenibacter_saccharivorans	7.24002e-06
PWY-7560: methylerythritol phosphate pathway II|g__Phascolarctobacterium.s__Phascolarctobacterium_faecium	4.60576e-06
PWY-7560: methylerythritol phosphate pathway II|g__Collinsella.s__Collinsella_aerofaciens	3.96136e-06
PWY-7560: methylerythritol phosphate pathway II|g__Eubacterium.s__Eubacterium_eligens	3.46841e-06
PWY-7560: methylerythritol phosphate pathway II|g__Dorea.s__Dorea_longicatena	3.24964e-06
PWY-7560: methylerythritol phosphate pathway II|g__Blautia.s__Blautia_wexlerae	3.12655e-06
PWY-7560: methylerythritol phosphate pathway II|g__Parabacteroides.s__Parabacteroides_distasonis	2.4183e-06
PWY-7560: methylerythritol phosphate pathway II|g__Bacteroides.s__Bacteroides_cellulosilyticus	1.64511e-06
PWY-7560: methylerythritol phosphate pathway II|g__Eisenbergiella.s__Eisenbergiella_tayi	1.51133e-06
PWY-7560: methylerythritol phosphate pathway II|g__Bacteroides.s__Bacteroides_faecis	5.09431e-07
PWY-7560: methylerythritol phosphate pathway II|g__Bacteroides.s__Bacteroides_thetaiotaomicron	3.51584e-07
PWY-7560: methylerythritol phosphate pathway II|g__Bacteroides.s__Bacteroides_ovatus	1.64813e-07
PWY-3001: superpathway of L-isoleucine biosynthesis I	0.000369419
PWY-3001: superpathway of L-isoleucine biosynthesis I|unclassified	6.0089e-05
PWY-3001: superpathway of L-isoleucine biosynthesis I|g__Eubacterium.s__Eubacterium_hallii	7.61006e-06
PWY-3001: superpathway of L-isoleucine biosynthesis I|g__Bifidobacterium.s__Bifidobacterium_bifidum	7.51819e-06
PWY-3001: superpathway of L-isoleucine biosynthesis I|g__Blautia.s__Ruminococcus_torques	7.03218e-06
PWY-3001: superpathway of L-isoleucine biosynthesis I|g__Streptococcus.s__Streptococcus_thermophilus	5.77052e-06
PWY-3001: superpathway of L-isoleucine biosynthesis I|g__Streptococcus.s__Streptococcus_sp_A12	1.03411e-06
PWY0-1586: peptidoglycan maturation (meso-diaminopimelate containing)	0.000365037
PWY0-1586: peptidoglycan maturation (meso-diaminopimelate containing)|g__Bacteroides.s__Bacteroides_uniformis	5.57664e-05
PWY0-1586: peptidoglycan maturation (meso-diaminopimelate containing)|unclassified	1.90615e-05
PWY0-1586: peptidoglycan maturation (meso-diaminopimelate containing)|g__Anaerostipes.s__Anaerostipes_hadrus	1.77976e-05
PWY0-1586: peptidoglycan maturation (meso-diaminopimelate containing)|g__Bifidobacterium.s__Bifidobacterium_catenulatum	1.41376e-05
PWY0-1586: peptidoglycan maturation (meso-diaminopimelate containing)|g__Bacteroides.s__Bacteroides_vulgatus	1.09976e-05
PWY0-1586: peptidoglycan maturation (meso-diaminopimelate containing)|g__Eubacterium.s__Eubacterium_hallii	1.09193e-05
PWY0-1586: peptidoglycan maturation (meso-diaminopimelate containing)|g__Lachnospiraceae_unclassified.s__Eubacterium_rectale	6.86136e-06
PWY0-1586: peptidoglycan maturation (meso-diaminopimelate containing)|g__Streptococcus.s__Streptococcus_thermophilus	6.27102e-06
PWY0-1586: peptidoglycan maturation (meso-diaminopimelate containing)|g__Ruminococcus.s__Ruminococcus_bicirculans	4.83428e-06
PWY0-1586: peptidoglycan maturation (meso-diaminopimelate containing)|g__Collinsella.s__Collinsella_aerofaciens	4.68313e-06
PWY0-1586: peptidoglycan maturation (meso-diaminopimelate containing)|g__Blautia.s__Ruminococcus_torques	4.4689e-06
PWY0-1586: peptidoglycan maturation (meso-diaminopimelate containing)|g__Lachnospira.s__Lachnospira_pectinoschiza	4.09395e-06
PWY0-1586: peptidoglycan maturation (meso-diaminopimelate containing)|g__Streptococcus.s__Streptococcus_australis	3.65175e-06
PWY0-1586: peptidoglycan maturation (meso-diaminopimelate containing)|g__Flavonifractor.s__Flavonifractor_plautii	3.48548e-06
PWY0-1586: peptidoglycan maturation (meso-diaminopimelate containing)|g__Streptococcus.s__Streptococcus_salivarius	3.31692e-06
PWY0-1586: peptidoglycan maturation (meso-diaminopimelate containing)|g__Streptococcus.s__Streptococcus_sp_A12	2.45164e-06
PWY0-1586: peptidoglycan maturation (meso-diaminopimelate containing)|g__Lactococcus.s__Lactococcus_lactis	2.31521e-06
PWY0-1586: peptidoglycan maturation (meso-diaminopimelate containing)|g__Streptococcus.s__Streptococcus_oralis	2.0345e-06
PWY0-1586: peptidoglycan maturation (meso-diaminopimelate containing)|g__Bacteroides.s__Bacteroides_dorei	1.29986e-06
PWY0-1586: peptidoglycan maturation (meso-diaminopimelate containing)|g__Eubacterium.s__Eubacterium_ramulus	1.11568e-06
PWY0-1586: peptidoglycan maturation (meso-diaminopimelate containing)|g__Blautia.s__Blautia_hydrogenotrophica	9.01836e-07
PWY0-1586: peptidoglycan maturation (meso-diaminopimelate containing)|g__Bacteroides.s__Bacteroides_faecis	8.26051e-07
PWY0-1586: peptidoglycan maturation (meso-diaminopimelate containing)|g__Bacteroides.s__Bacteroides_fragilis	8.10163e-07
PWY0-1586: peptidoglycan maturation (meso-diaminopimelate containing)|g__Bacteroides.s__Bacteroides_thetaiotaomicron	5.23719e-07
PWY0-1586: peptidoglycan maturation (meso-diaminopimelate containing)|g__Bacteroides.s__Bacteroides_ovatus	5.17459e-07
PWY0-1586: peptidoglycan maturation (meso-diaminopimelate containing)|g__Eggerthella.s__Eggerthella_lenta	2.38735e-07
PWY0-1586: peptidoglycan maturation (meso-diaminopimelate containing)|g__Hungatella.s__Hungatella_hathewayi	2.18896e-07
PWY0-1586: peptidoglycan maturation (meso-diaminopimelate containing)|g__Dorea.s__Dorea_longicatena	1.65101e-07
PWY0-1586: peptidoglycan maturation (meso-diaminopimelate containing)|g__Streptococcus.s__Streptococcus_pneumoniae	1.48378e-07
OANTIGEN-PWY: O-antigen building blocks biosynthesis (E. coli)	0.00036292
OANTIGEN-PWY: O-antigen building blocks biosynthesis (E. coli)|unclassified	0.000113368
OANTIGEN-PWY: O-antigen building blocks biosynthesis (E. coli)|g__Bifidobacterium.s__Bifidobacterium_bifidum	6.10971e-06
OANTIGEN-PWY: O-antigen building blocks biosynthesis (E. coli)|g__Collinsella.s__Collinsella_aerofaciens	5.81843e-06
OANTIGEN-PWY: O-antigen building blocks biosynthesis (E. coli)|g__Ruminococcus.s__Ruminococcus_sp_CAG_177	4.08014e-06
OANTIGEN-PWY: O-antigen building blocks biosynthesis (E. coli)|g__Streptococcus.s__Streptococcus_thermophilus	1.25251e-06
OANTIGEN-PWY: O-antigen building blocks biosynthesis (E. coli)|g__Lactococcus.s__Lactococcus_lactis	9.83007e-07
SER-GLYSYN-PWY: superpathway of L-serine and glycine biosynthesis I	0.000361304
SER-GLYSYN-PWY: superpathway of L-serine and glycine biosynthesis I|unclassified	5.24085e-05
SER-GLYSYN-PWY: superpathway of L-serine and glycine biosynthesis I|g__Bacteroides.s__Bacteroides_uniformis	4.75894e-05
SER-GLYSYN-PWY: superpathway of L-serine and glycine biosynthesis I|g__Alistipes.s__Alistipes_finegoldii	2.54966e-05
SER-GLYSYN-PWY: superpathway of L-serine and glycine biosynthesis I|g__Blautia.s__Blautia_obeum	1.44931e-05
SER-GLYSYN-PWY: superpathway of L-serine and glycine biosynthesis I|g__Anaerostipes.s__Anaerostipes_hadrus	1.15088e-05
SER-GLYSYN-PWY: superpathway of L-serine and glycine biosynthesis I|g__Bacteroides.s__Bacteroides_vulgatus	1.04367e-05
SER-GLYSYN-PWY: superpathway of L-serine and glycine biosynthesis I|g__Senegalimassilia.s__Senegalimassilia_anaerobia	1.01862e-05
SER-GLYSYN-PWY: superpathway of L-serine and glycine biosynthesis I|g__Alistipes.s__Alistipes_onderdonkii	8.69911e-06
SER-GLYSYN-PWY: superpathway of L-serine and glycine biosynthesis I|g__Blautia.s__Blautia_wexlerae	8.0545e-06
SER-GLYSYN-PWY: superpathway of L-serine and glycine biosynthesis I|g__Bifidobacterium.s__Bifidobacterium_catenulatum	7.9683e-06
SER-GLYSYN-PWY: superpathway of L-serine and glycine biosynthesis I|g__Eubacterium.s__Eubacterium_hallii	7.77801e-06
SER-GLYSYN-PWY: superpathway of L-serine and glycine biosynthesis I|g__Blautia.s__Ruminococcus_torques	7.40855e-06
SER-GLYSYN-PWY: superpathway of L-serine and glycine biosynthesis I|g__Dorea.s__Dorea_longicatena	7.22268e-06
SER-GLYSYN-PWY: superpathway of L-serine and glycine biosynthesis I|g__Bacteroides.s__Bacteroides_salyersiae	7.01719e-06
SER-GLYSYN-PWY: superpathway of L-serine and glycine biosynthesis I|g__Collinsella.s__Collinsella_aerofaciens	5.63936e-06
SER-GLYSYN-PWY: superpathway of L-serine and glycine biosynthesis I|g__Phascolarctobacterium.s__Phascolarctobacterium_faecium	4.7269e-06
SER-GLYSYN-PWY: superpathway of L-serine and glycine biosynthesis I|g__Streptococcus.s__Streptococcus_thermophilus	4.21825e-06
SER-GLYSYN-PWY: superpathway of L-serine and glycine biosynthesis I|g__Eubacterium.s__Eubacterium_eligens	4.08063e-06
SER-GLYSYN-PWY: superpathway of L-serine and glycine biosynthesis I|g__Bacteroides.s__Bacteroides_cellulosilyticus	3.4353e-06
SER-GLYSYN-PWY: superpathway of L-serine and glycine biosynthesis I|g__Parabacteroides.s__Parabacteroides_distasonis	3.06177e-06
SER-GLYSYN-PWY: superpathway of L-serine and glycine biosynthesis I|g__Bacteroides.s__Bacteroides_caccae	2.51772e-06
SER-GLYSYN-PWY: superpathway of L-serine and glycine biosynthesis I|g__Gordonibacter.s__Gordonibacter_urolithinfaciens	2.47804e-06
SER-GLYSYN-PWY: superpathway of L-serine and glycine biosynthesis I|g__Coprococcus.s__Coprococcus_catus	2.40161e-06
SER-GLYSYN-PWY: superpathway of L-serine and glycine biosynthesis I|g__Flavonifractor.s__Flavonifractor_plautii	2.18062e-06
SER-GLYSYN-PWY: superpathway of L-serine and glycine biosynthesis I|g__Alistipes.s__Alistipes_shahii	1.51735e-06
SER-GLYSYN-PWY: superpathway of L-serine and glycine biosynthesis I|g__Eisenbergiella.s__Eisenbergiella_tayi	1.40454e-06
SER-GLYSYN-PWY: superpathway of L-serine and glycine biosynthesis I|g__Actinomyces.s__Actinomyces_sp_HPA0247	1.32146e-06
SER-GLYSYN-PWY: superpathway of L-serine and glycine biosynthesis I|g__Eggerthella.s__Eggerthella_sp_CAG_298	1.26272e-06
SER-GLYSYN-PWY: superpathway of L-serine and glycine biosynthesis I|g__Adlercreutzia.s__Adlercreutzia_equolifaciens	1.08657e-06
SER-GLYSYN-PWY: superpathway of L-serine and glycine biosynthesis I|g__Bacteroides.s__Bacteroides_dorei	1.03325e-06
SER-GLYSYN-PWY: superpathway of L-serine and glycine biosynthesis I|g__Bacteroides.s__Bacteroides_fragilis	9.71997e-07
SER-GLYSYN-PWY: superpathway of L-serine and glycine biosynthesis I|g__Eubacterium.s__Eubacterium_ramulus	8.82677e-07
SER-GLYSYN-PWY: superpathway of L-serine and glycine biosynthesis I|g__Lactococcus.s__Lactococcus_lactis	7.94189e-07
SER-GLYSYN-PWY: superpathway of L-serine and glycine biosynthesis I|g__Bifidobacterium.s__Bifidobacterium_adolescentis	7.70334e-07
SER-GLYSYN-PWY: superpathway of L-serine and glycine biosynthesis I|g__Blautia.s__Blautia_hydrogenotrophica	7.57361e-07
SER-GLYSYN-PWY: superpathway of L-serine and glycine biosynthesis I|g__Streptococcus.s__Streptococcus_pneumoniae	7.40617e-07
SER-GLYSYN-PWY: superpathway of L-serine and glycine biosynthesis I|g__Blautia.s__Blautia_sp	7.15541e-07
SER-GLYSYN-PWY: superpathway of L-serine and glycine biosynthesis I|g__Dorea.s__Dorea_formicigenerans	7.14859e-07
SER-GLYSYN-PWY: superpathway of L-serine and glycine biosynthesis I|g__Asaccharobacter.s__Asaccharobacter_celatus	4.9075e-07
SER-GLYSYN-PWY: superpathway of L-serine and glycine biosynthesis I|g__Bacteroides.s__Bacteroides_thetaiotaomicron	4.53727e-07
SER-GLYSYN-PWY: superpathway of L-serine and glycine biosynthesis I|g__Bifidobacterium.s__Bifidobacterium_longum	4.28715e-07
SER-GLYSYN-PWY: superpathway of L-serine and glycine biosynthesis I|g__Roseburia.s__Roseburia_intestinalis	4.14219e-07
SER-GLYSYN-PWY: superpathway of L-serine and glycine biosynthesis I|g__Parabacteroides.s__Parabacteroides_goldsteinii	3.91691e-07
SER-GLYSYN-PWY: superpathway of L-serine and glycine biosynthesis I|g__Slackia.s__Slackia_isoflavoniconvertens	3.77137e-07
SER-GLYSYN-PWY: superpathway of L-serine and glycine biosynthesis I|g__Ruminococcaceae_unclassified.s__Eubacterium_siraeum	3.71346e-07
SER-GLYSYN-PWY: superpathway of L-serine and glycine biosynthesis I|g__Bacteroides.s__Bacteroides_faecis	3.61228e-07
SER-GLYSYN-PWY: superpathway of L-serine and glycine biosynthesis I|g__Bacteroides.s__Bacteroides_ovatus	3.01031e-07
SER-GLYSYN-PWY: superpathway of L-serine and glycine biosynthesis I|g__Lachnoclostridium.s__Clostridium_citroniae	2.8521e-07
SER-GLYSYN-PWY: superpathway of L-serine and glycine biosynthesis I|g__Eubacterium.s__Eubacterium_maltosivorans	2.65952e-07
SER-GLYSYN-PWY: superpathway of L-serine and glycine biosynthesis I|g__Gordonibacter.s__Gordonibacter_pamelaeae	2.2951e-07
SER-GLYSYN-PWY: superpathway of L-serine and glycine biosynthesis I|g__Intestinimonas.s__Intestinimonas_butyriciproducens	1.9661e-07
SER-GLYSYN-PWY: superpathway of L-serine and glycine biosynthesis I|g__Eubacterium.s__Eubacterium_limosum	1.75884e-07
SER-GLYSYN-PWY: superpathway of L-serine and glycine biosynthesis I|g__Ruminococcus.s__Ruminococcus_sp_AF31_8BH	9.81831e-08
TRPSYN-PWY: L-tryptophan biosynthesis	0.000340825
TRPSYN-PWY: L-tryptophan biosynthesis|unclassified	4.56656e-05
TRPSYN-PWY: L-tryptophan biosynthesis|g__Blautia.s__Blautia_obeum	3.12466e-05
TRPSYN-PWY: L-tryptophan biosynthesis|g__Bacteroides.s__Bacteroides_vulgatus	1.62336e-05
TRPSYN-PWY: L-tryptophan biosynthesis|g__Anaerostipes.s__Anaerostipes_hadrus	1.46517e-05
TRPSYN-PWY: L-tryptophan biosynthesis|g__Ruminococcus.s__Ruminococcus_bromii	1.39267e-05
TRPSYN-PWY: L-tryptophan biosynthesis|g__Blautia.s__Ruminococcus_torques	8.61923e-06
TRPSYN-PWY: L-tryptophan biosynthesis|g__Fusicatenibacter.s__Fusicatenibacter_saccharivorans	8.39081e-06
TRPSYN-PWY: L-tryptophan biosynthesis|g__Streptococcus.s__Streptococcus_thermophilus	7.60844e-06
TRPSYN-PWY: L-tryptophan biosynthesis|g__Blautia.s__Blautia_wexlerae	7.46164e-06
TRPSYN-PWY: L-tryptophan biosynthesis|g__Phascolarctobacterium.s__Phascolarctobacterium_faecium	5.49939e-06
TRPSYN-PWY: L-tryptophan biosynthesis|g__Lachnospiraceae_unclassified.s__Eubacterium_rectale	4.24236e-06
TRPSYN-PWY: L-tryptophan biosynthesis|g__Eubacterium.s__Eubacterium_eligens	4.21964e-06
TRPSYN-PWY: L-tryptophan biosynthesis|g__Roseburia.s__Roseburia_sp_CAG_380	3.15777e-06
TRPSYN-PWY: L-tryptophan biosynthesis|g__Ruminococcus.s__Ruminococcus_bicirculans	2.46741e-06
TRPSYN-PWY: L-tryptophan biosynthesis|g__Lachnospira.s__Lachnospira_pectinoschiza	2.3142e-06
TRPSYN-PWY: L-tryptophan biosynthesis|g__Eisenbergiella.s__Eisenbergiella_tayi	1.86724e-06
TRPSYN-PWY: L-tryptophan biosynthesis|g__Streptococcus.s__Streptococcus_sp_A12	1.78844e-06
TRPSYN-PWY: L-tryptophan biosynthesis|g__Streptococcus.s__Streptococcus_australis	1.70616e-06
TRPSYN-PWY: L-tryptophan biosynthesis|g__Anaeromassilibacillus.s__Anaeromassilibacillus_sp_An250	1.4483e-06
TRPSYN-PWY: L-tryptophan biosynthesis|g__Flavonifractor.s__Flavonifractor_plautii	1.22122e-06
TRPSYN-PWY: L-tryptophan biosynthesis|g__Blautia.s__Blautia_sp	8.36733e-07
TRPSYN-PWY: L-tryptophan biosynthesis|g__Eubacterium.s__Eubacterium_ramulus	8.28034e-07
TRPSYN-PWY: L-tryptophan biosynthesis|g__Victivallis.s__Victivallis_vadensis	5.7897e-07
TRPSYN-PWY: L-tryptophan biosynthesis|g__Streptococcus.s__Streptococcus_oralis	5.17878e-07
TRPSYN-PWY: L-tryptophan biosynthesis|g__Blautia.s__Blautia_hydrogenotrophica	4.91917e-07
TRPSYN-PWY: L-tryptophan biosynthesis|g__Lentisphaerae_unclassified.s__Lentisphaerae_bacterium	3.46642e-07
PWY-7357: thiamine phosphate formation from pyrithiamine and oxythiamine (yeast)	0.000334552
PWY-7357: thiamine phosphate formation from pyrithiamine and oxythiamine (yeast)|g__Bacteroides.s__Bacteroides_uniformis	5.93194e-05
PWY-7357: thiamine phosphate formation from pyrithiamine and oxythiamine (yeast)|unclassified	3.97721e-05
PWY-7357: thiamine phosphate formation from pyrithiamine and oxythiamine (yeast)|g__Faecalibacterium.s__Faecalibacterium_prausnitzii	3.40522e-05
PWY-7357: thiamine phosphate formation from pyrithiamine and oxythiamine (yeast)|g__Anaerostipes.s__Anaerostipes_hadrus	1.40154e-05
PWY-7357: thiamine phosphate formation from pyrithiamine and oxythiamine (yeast)|g__Blautia.s__Blautia_obeum	1.20147e-05
PWY-7357: thiamine phosphate formation from pyrithiamine and oxythiamine (yeast)|g__Dorea.s__Dorea_longicatena	6.60167e-06
PWY-7357: thiamine phosphate formation from pyrithiamine and oxythiamine (yeast)|g__Eubacterium.s__Eubacterium_hallii	6.56922e-06
PWY-7357: thiamine phosphate formation from pyrithiamine and oxythiamine (yeast)|g__Bifidobacterium.s__Bifidobacterium_bifidum	6.35237e-06
PWY-7357: thiamine phosphate formation from pyrithiamine and oxythiamine (yeast)|g__Collinsella.s__Collinsella_aerofaciens	5.54243e-06
PWY-7357: thiamine phosphate formation from pyrithiamine and oxythiamine (yeast)|g__Fusicatenibacter.s__Fusicatenibacter_saccharivorans	5.48615e-06
PWY-7357: thiamine phosphate formation from pyrithiamine and oxythiamine (yeast)|g__Blautia.s__Ruminococcus_torques	5.13502e-06
PWY-7357: thiamine phosphate formation from pyrithiamine and oxythiamine (yeast)|g__Lachnospiraceae_unclassified.s__Eubacterium_rectale	4.65058e-06
PWY-7357: thiamine phosphate formation from pyrithiamine and oxythiamine (yeast)|g__Coprococcus.s__Coprococcus_catus	3.14715e-06
PWY-7357: thiamine phosphate formation from pyrithiamine and oxythiamine (yeast)|g__Gordonibacter.s__Gordonibacter_urolithinfaciens	2.29009e-06
PWY-7357: thiamine phosphate formation from pyrithiamine and oxythiamine (yeast)|g__Lachnospira.s__Lachnospira_pectinoschiza	2.01093e-06
PWY-7357: thiamine phosphate formation from pyrithiamine and oxythiamine (yeast)|g__Blautia.s__Blautia_wexlerae	1.86134e-06
PWY-7357: thiamine phosphate formation from pyrithiamine and oxythiamine (yeast)|g__Eubacterium.s__Eubacterium_ramulus	1.39664e-06
PWY-7357: thiamine phosphate formation from pyrithiamine and oxythiamine (yeast)|g__Eisenbergiella.s__Eisenbergiella_tayi	1.1224e-06
PWY-7357: thiamine phosphate formation from pyrithiamine and oxythiamine (yeast)|g__Lactococcus.s__Lactococcus_lactis	9.67894e-07
PWY-7357: thiamine phosphate formation from pyrithiamine and oxythiamine (yeast)|g__Adlercreutzia.s__Adlercreutzia_equolifaciens	9.57548e-07
PWY-7357: thiamine phosphate formation from pyrithiamine and oxythiamine (yeast)|g__Prevotella.s__Prevotella_copri	9.4766e-07
PWY-7357: thiamine phosphate formation from pyrithiamine and oxythiamine (yeast)|g__Asaccharobacter.s__Asaccharobacter_celatus	7.28722e-07
PWY-7357: thiamine phosphate formation from pyrithiamine and oxythiamine (yeast)|g__Bacteroides.s__Bacteroides_fragilis	5.61229e-07
PWY-7357: thiamine phosphate formation from pyrithiamine and oxythiamine (yeast)|g__Blautia.s__Blautia_sp	4.96299e-07
PWY-7357: thiamine phosphate formation from pyrithiamine and oxythiamine (yeast)|g__Eubacterium.s__Eubacterium_maltosivorans	3.82318e-07
PWY-7357: thiamine phosphate formation from pyrithiamine and oxythiamine (yeast)|g__Lactobacillus.s__Lactobacillus_sakei	3.71196e-07
PWY-7357: thiamine phosphate formation from pyrithiamine and oxythiamine (yeast)|g__Bifidobacterium.s__Bifidobacterium_adolescentis	3.27806e-07
PWY-7357: thiamine phosphate formation from pyrithiamine and oxythiamine (yeast)|g__Erysipelatoclostridium.s__Clostridium_innocuum	1.83142e-07
NONOXIPENT-PWY: pentose phosphate pathway (non-oxidative branch) I	0.000333493
NONOXIPENT-PWY: pentose phosphate pathway (non-oxidative branch) I|unclassified	6.74061e-05
NONOXIPENT-PWY: pentose phosphate pathway (non-oxidative branch) I|g__Blautia.s__Blautia_obeum	2.16851e-05
NONOXIPENT-PWY: pentose phosphate pathway (non-oxidative branch) I|g__Eubacterium.s__Eubacterium_hallii	2.1232e-05
NONOXIPENT-PWY: pentose phosphate pathway (non-oxidative branch) I|g__Anaerostipes.s__Anaerostipes_hadrus	1.87555e-05
NONOXIPENT-PWY: pentose phosphate pathway (non-oxidative branch) I|g__Fusicatenibacter.s__Fusicatenibacter_saccharivorans	1.10929e-05
NONOXIPENT-PWY: pentose phosphate pathway (non-oxidative branch) I|g__Blautia.s__Blautia_wexlerae	7.95117e-06
NONOXIPENT-PWY: pentose phosphate pathway (non-oxidative branch) I|g__Blautia.s__Ruminococcus_torques	7.50008e-06
NONOXIPENT-PWY: pentose phosphate pathway (non-oxidative branch) I|g__Lachnospiraceae_unclassified.s__Eubacterium_rectale	6.76515e-06
NONOXIPENT-PWY: pentose phosphate pathway (non-oxidative branch) I|g__Collinsella.s__Collinsella_aerofaciens	6.50477e-06
NONOXIPENT-PWY: pentose phosphate pathway (non-oxidative branch) I|g__Eubacterium.s__Eubacterium_eligens	5.44667e-06
NONOXIPENT-PWY: pentose phosphate pathway (non-oxidative branch) I|g__Bifidobacterium.s__Bifidobacterium_bifidum	4.40199e-06
NONOXIPENT-PWY: pentose phosphate pathway (non-oxidative branch) I|g__Bacteroides.s__Bacteroides_salyersiae	4.11356e-06
NONOXIPENT-PWY: pentose phosphate pathway (non-oxidative branch) I|g__Blautia.s__Blautia_sp	3.81598e-06
NONOXIPENT-PWY: pentose phosphate pathway (non-oxidative branch) I|g__Streptococcus.s__Streptococcus_thermophilus	3.49394e-06
NONOXIPENT-PWY: pentose phosphate pathway (non-oxidative branch) I|g__Parabacteroides.s__Parabacteroides_distasonis	3.21985e-06
NONOXIPENT-PWY: pentose phosphate pathway (non-oxidative branch) I|g__Lachnospira.s__Lachnospira_pectinoschiza	2.98736e-06
NONOXIPENT-PWY: pentose phosphate pathway (non-oxidative branch) I|g__Coprococcus.s__Coprococcus_catus	2.74879e-06
NONOXIPENT-PWY: pentose phosphate pathway (non-oxidative branch) I|g__Faecalibacterium.s__Faecalibacterium_prausnitzii	2.46207e-06
NONOXIPENT-PWY: pentose phosphate pathway (non-oxidative branch) I|g__Eisenbergiella.s__Eisenbergiella_tayi	2.25164e-06
NONOXIPENT-PWY: pentose phosphate pathway (non-oxidative branch) I|g__Lactococcus.s__Lactococcus_lactis	1.08476e-06
NONOXIPENT-PWY: pentose phosphate pathway (non-oxidative branch) I|g__Flavonifractor.s__Flavonifractor_plautii	1.01885e-06
NONOXIPENT-PWY: pentose phosphate pathway (non-oxidative branch) I|g__Intestinibacter.s__Intestinibacter_bartlettii	8.59242e-07
NONOXIPENT-PWY: pentose phosphate pathway (non-oxidative branch) I|g__Prevotella.s__Prevotella_copri	6.73814e-07
NONOXIPENT-PWY: pentose phosphate pathway (non-oxidative branch) I|g__Bacteroides.s__Bacteroides_cellulosilyticus	6.62281e-07
NONOXIPENT-PWY: pentose phosphate pathway (non-oxidative branch) I|g__Erysipelatoclostridium.s__Clostridium_spiroforme	5.89016e-07
NONOXIPENT-PWY: pentose phosphate pathway (non-oxidative branch) I|g__Streptococcus.s__Streptococcus_salivarius	4.80889e-07
NONOXIPENT-PWY: pentose phosphate pathway (non-oxidative branch) I|g__Bacteroides.s__Bacteroides_fragilis	3.33974e-07
NONOXIPENT-PWY: pentose phosphate pathway (non-oxidative branch) I|g__Streptococcus.s__Streptococcus_pneumoniae	3.29002e-07
NONOXIPENT-PWY: pentose phosphate pathway (non-oxidative branch) I|g__Ruminococcus.s__Ruminococcus_sp_AF31_8BH	1.69268e-07
NONOXIPENT-PWY: pentose phosphate pathway (non-oxidative branch) I|g__Roseburia.s__Roseburia_faecis	1.48868e-07
PWY-5973: cis-vaccenate biosynthesis	0.00033042
PWY-5973: cis-vaccenate biosynthesis|g__Bacteroides.s__Bacteroides_uniformis	4.28664e-05
PWY-5973: cis-vaccenate biosynthesis|g__Alistipes.s__Alistipes_finegoldii	3.17565e-05
PWY-5973: cis-vaccenate biosynthesis|unclassified	2.98022e-05
PWY-5973: cis-vaccenate biosynthesis|g__Bacteroides.s__Bacteroides_salyersiae	7.09057e-06
PWY-5973: cis-vaccenate biosynthesis|g__Blautia.s__Ruminococcus_torques	6.4394e-06
PWY-5973: cis-vaccenate biosynthesis|g__Bacteroides.s__Bacteroides_cellulosilyticus	5.36511e-06
PWY-5973: cis-vaccenate biosynthesis|g__Bacteroides.s__Bacteroides_caccae	4.42346e-06
PWY-5973: cis-vaccenate biosynthesis|g__Alistipes.s__Alistipes_onderdonkii	3.80348e-06
PWY-5973: cis-vaccenate biosynthesis|g__Parabacteroides.s__Parabacteroides_distasonis	3.38672e-06
PWY-5973: cis-vaccenate biosynthesis|g__Parabacteroides.s__Parabacteroides_merdae	1.55524e-06
PWY-5973: cis-vaccenate biosynthesis|g__Lactococcus.s__Lactococcus_lactis	1.18812e-06
PWY-5973: cis-vaccenate biosynthesis|g__Bacteroides.s__Bacteroides_ovatus	8.59524e-07
PWY-5973: cis-vaccenate biosynthesis|g__Streptococcus.s__Streptococcus_sp_A12	7.54238e-07
PWY-5973: cis-vaccenate biosynthesis|g__Bacteroides.s__Bacteroides_fragilis	7.13291e-07
PWY-5973: cis-vaccenate biosynthesis|g__Bacteroides.s__Bacteroides_faecis	6.14641e-07
PWY-5973: cis-vaccenate biosynthesis|g__Bacteroides.s__Bacteroides_thetaiotaomicron	3.27755e-07
PWY-5973: cis-vaccenate biosynthesis|g__Streptococcus.s__Streptococcus_oralis	2.88571e-07
PWY-5973: cis-vaccenate biosynthesis|g__Bacteroides.s__Bacteroides_intestinalis	1.05856e-07
PWY-7111: pyruvate fermentation to isobutanol (engineered)	0.000327389
PWY-7111: pyruvate fermentation to isobutanol (engineered)|unclassified	6.95744e-05
PWY-7111: pyruvate fermentation to isobutanol (engineered)|g__Faecalibacterium.s__Faecalibacterium_prausnitzii	1.66267e-05
PWY-7111: pyruvate fermentation to isobutanol (engineered)|g__Anaerostipes.s__Anaerostipes_hadrus	1.37461e-05
PWY-7111: pyruvate fermentation to isobutanol (engineered)|g__Dorea.s__Dorea_longicatena	8.90841e-06
PWY-7111: pyruvate fermentation to isobutanol (engineered)|g__Streptococcus.s__Streptococcus_thermophilus	7.58316e-06
PWY-7111: pyruvate fermentation to isobutanol (engineered)|g__Blautia.s__Ruminococcus_torques	7.21034e-06
PWY-7111: pyruvate fermentation to isobutanol (engineered)|g__Blautia.s__Blautia_wexlerae	6.60078e-06
PWY-7111: pyruvate fermentation to isobutanol (engineered)|g__Eubacterium.s__Eubacterium_hallii	6.52855e-06
PWY-7111: pyruvate fermentation to isobutanol (engineered)|g__Bifidobacterium.s__Bifidobacterium_catenulatum	5.43386e-06
PWY-7111: pyruvate fermentation to isobutanol (engineered)|g__Eubacterium.s__Eubacterium_eligens	3.8405e-06
PWY-7111: pyruvate fermentation to isobutanol (engineered)|g__Blautia.s__Blautia_obeum	3.64815e-06
PWY-7111: pyruvate fermentation to isobutanol (engineered)|g__Parabacteroides.s__Parabacteroides_distasonis	3.35941e-06
PWY-7111: pyruvate fermentation to isobutanol (engineered)|g__Streptococcus.s__Streptococcus_salivarius	2.06386e-06
PWY-7111: pyruvate fermentation to isobutanol (engineered)|g__Bifidobacterium.s__Bifidobacterium_bifidum	1.94511e-06
PWY-7111: pyruvate fermentation to isobutanol (engineered)|g__Anaeromassilibacillus.s__Anaeromassilibacillus_sp_An250	1.82487e-06
PWY-7111: pyruvate fermentation to isobutanol (engineered)|g__Flavonifractor.s__Flavonifractor_plautii	1.42548e-06
PWY-7111: pyruvate fermentation to isobutanol (engineered)|g__Streptococcus.s__Streptococcus_australis	1.3104e-06
PWY-7111: pyruvate fermentation to isobutanol (engineered)|g__Erysipelatoclostridium.s__Clostridium_spiroforme	9.97302e-07
PWY-7111: pyruvate fermentation to isobutanol (engineered)|g__Bifidobacterium.s__Bifidobacterium_longum	7.31714e-07
PWY-7111: pyruvate fermentation to isobutanol (engineered)|g__Dorea.s__Dorea_formicigenerans	6.29879e-07
PWY-7111: pyruvate fermentation to isobutanol (engineered)|g__Bifidobacterium.s__Bifidobacterium_adolescentis	6.17271e-07
PWY-7111: pyruvate fermentation to isobutanol (engineered)|g__Streptococcus.s__Streptococcus_sp_A12	6.12175e-07
PWY-7111: pyruvate fermentation to isobutanol (engineered)|g__Lachnospiraceae_unclassified.s__Eubacterium_rectale	5.2771e-07
PWY-7111: pyruvate fermentation to isobutanol (engineered)|g__Roseburia.s__Roseburia_intestinalis	4.14034e-07
PWY-7111: pyruvate fermentation to isobutanol (engineered)|g__Streptococcus.s__Streptococcus_oralis	3.98101e-07
PWY-7111: pyruvate fermentation to isobutanol (engineered)|g__Ruminococcus.s__Ruminococcus_sp_AF31_8BH	2.58943e-07
PWY-7111: pyruvate fermentation to isobutanol (engineered)|g__Roseburia.s__Roseburia_faecis	2.39976e-07
PWY-7111: pyruvate fermentation to isobutanol (engineered)|g__Eubacterium.s__Eubacterium_limosum	2.26076e-07
PWY-7111: pyruvate fermentation to isobutanol (engineered)|g__Eubacterium.s__Eubacterium_maltosivorans	2.05382e-07
PWY-7111: pyruvate fermentation to isobutanol (engineered)|g__Hungatella.s__Hungatella_hathewayi	1.85877e-07
PWY-7111: pyruvate fermentation to isobutanol (engineered)|g__Roseburia.s__Roseburia_hominis	1.51127e-07
THRESYN-PWY: superpathway of L-threonine biosynthesis	0.000326449
THRESYN-PWY: superpathway of L-threonine biosynthesis|unclassified	6.55509e-05
THRESYN-PWY: superpathway of L-threonine biosynthesis|g__Bacteroides.s__Bacteroides_uniformis	1.8653e-05
THRESYN-PWY: superpathway of L-threonine biosynthesis|g__Faecalibacterium.s__Faecalibacterium_prausnitzii	1.58488e-05
THRESYN-PWY: superpathway of L-threonine biosynthesis|g__Bifidobacterium.s__Bifidobacterium_catenulatum	9.46752e-06
THRESYN-PWY: superpathway of L-threonine biosynthesis|g__Blautia.s__Blautia_obeum	9.32007e-06
THRESYN-PWY: superpathway of L-threonine biosynthesis|g__Eubacterium.s__Eubacterium_hallii	7.99864e-06
THRESYN-PWY: superpathway of L-threonine biosynthesis|g__Anaerostipes.s__Anaerostipes_hadrus	7.66888e-06
THRESYN-PWY: superpathway of L-threonine biosynthesis|g__Bacteroides.s__Bacteroides_vulgatus	7.21561e-06
THRESYN-PWY: superpathway of L-threonine biosynthesis|g__Bifidobacterium.s__Bifidobacterium_bifidum	7.11937e-06
THRESYN-PWY: superpathway of L-threonine biosynthesis|g__Blautia.s__Ruminococcus_torques	6.75205e-06
THRESYN-PWY: superpathway of L-threonine biosynthesis|g__Collinsella.s__Collinsella_aerofaciens	5.55195e-06
THRESYN-PWY: superpathway of L-threonine biosynthesis|g__Streptococcus.s__Streptococcus_thermophilus	5.27935e-06
THRESYN-PWY: superpathway of L-threonine biosynthesis|g__Bacteroides.s__Bacteroides_massiliensis	4.26016e-06
THRESYN-PWY: superpathway of L-threonine biosynthesis|g__Gordonibacter.s__Gordonibacter_urolithinfaciens	2.40156e-06
THRESYN-PWY: superpathway of L-threonine biosynthesis|g__Actinomyces.s__Actinomyces_sp_HPA0247	2.02361e-06
THRESYN-PWY: superpathway of L-threonine biosynthesis|g__Bacteroides.s__Bacteroides_intestinalis	2.00155e-06
THRESYN-PWY: superpathway of L-threonine biosynthesis|g__Streptococcus.s__Streptococcus_sp_A12	1.86953e-06
THRESYN-PWY: superpathway of L-threonine biosynthesis|g__Bacteroides.s__Bacteroides_cellulosilyticus	1.85121e-06
THRESYN-PWY: superpathway of L-threonine biosynthesis|g__Bacteroides.s__Bacteroides_dorei	1.41064e-06
THRESYN-PWY: superpathway of L-threonine biosynthesis|g__Streptococcus.s__Streptococcus_salivarius	1.0464e-06
THRESYN-PWY: superpathway of L-threonine biosynthesis|g__Lactococcus.s__Lactococcus_lactis	7.14591e-07
THRESYN-PWY: superpathway of L-threonine biosynthesis|g__Bacteroides.s__Bacteroides_fragilis	6.88941e-07
THRESYN-PWY: superpathway of L-threonine biosynthesis|g__Erysipelatoclostridium.s__Clostridium_spiroforme	5.29669e-07
THRESYN-PWY: superpathway of L-threonine biosynthesis|g__Streptococcus.s__Streptococcus_oralis	4.01554e-07
THRESYN-PWY: superpathway of L-threonine biosynthesis|g__Streptococcus.s__Streptococcus_australis	3.09661e-07
THRESYN-PWY: superpathway of L-threonine biosynthesis|g__Bifidobacterium.s__Bifidobacterium_adolescentis	2.53075e-07
THRESYN-PWY: superpathway of L-threonine biosynthesis|g__Bifidobacterium.s__Bifidobacterium_longum	2.05455e-07
THRESYN-PWY: superpathway of L-threonine biosynthesis|g__Actinomyces.s__Actinomyces_oris	1.80439e-07
THRESYN-PWY: superpathway of L-threonine biosynthesis|g__Actinomyces.s__Actinomyces_viscosus	1.27009e-07
THRESYN-PWY: superpathway of L-threonine biosynthesis|g__Streptococcus.s__Streptococcus_pneumoniae	8.82078e-08
THRESYN-PWY: superpathway of L-threonine biosynthesis|g__Gordonibacter.s__Gordonibacter_pamelaeae	7.54272e-08
THRESYN-PWY: superpathway of L-threonine biosynthesis|g__Streptococcus.s__Streptococcus_pseudopneumoniae	4.52318e-08
RIBOSYN2-PWY: flavin biosynthesis I (bacteria and plants)	0.000311128
RIBOSYN2-PWY: flavin biosynthesis I (bacteria and plants)|unclassified	4.04781e-05
RIBOSYN2-PWY: flavin biosynthesis I (bacteria and plants)|g__Faecalibacterium.s__Faecalibacterium_prausnitzii	2.73873e-05
RIBOSYN2-PWY: flavin biosynthesis I (bacteria and plants)|g__Blautia.s__Blautia_obeum	1.45061e-05
RIBOSYN2-PWY: flavin biosynthesis I (bacteria and plants)|g__Bacteroides.s__Bacteroides_vulgatus	1.37826e-05
RIBOSYN2-PWY: flavin biosynthesis I (bacteria and plants)|g__Eubacterium.s__Eubacterium_hallii	8.13252e-06
RIBOSYN2-PWY: flavin biosynthesis I (bacteria and plants)|g__Bacteroides.s__Bacteroides_salyersiae	7.55712e-06
RIBOSYN2-PWY: flavin biosynthesis I (bacteria and plants)|g__Blautia.s__Ruminococcus_torques	6.87327e-06
RIBOSYN2-PWY: flavin biosynthesis I (bacteria and plants)|g__Anaerostipes.s__Anaerostipes_hadrus	6.59663e-06
RIBOSYN2-PWY: flavin biosynthesis I (bacteria and plants)|g__Dorea.s__Dorea_longicatena	4.27301e-06
RIBOSYN2-PWY: flavin biosynthesis I (bacteria and plants)|g__Blautia.s__Blautia_wexlerae	4.18774e-06
RIBOSYN2-PWY: flavin biosynthesis I (bacteria and plants)|g__Bacteroides.s__Bacteroides_caccae	3.8263e-06
RIBOSYN2-PWY: flavin biosynthesis I (bacteria and plants)|g__Parabacteroides.s__Parabacteroides_distasonis	3.13618e-06
RIBOSYN2-PWY: flavin biosynthesis I (bacteria and plants)|g__Eubacterium.s__Eubacterium_eligens	2.9968e-06
RIBOSYN2-PWY: flavin biosynthesis I (bacteria and plants)|g__Bacteroides.s__Bacteroides_cellulosilyticus	2.29238e-06
RIBOSYN2-PWY: flavin biosynthesis I (bacteria and plants)|g__Coprococcus.s__Coprococcus_catus	2.08068e-06
RIBOSYN2-PWY: flavin biosynthesis I (bacteria and plants)|g__Lachnospira.s__Lachnospira_pectinoschiza	1.87761e-06
RIBOSYN2-PWY: flavin biosynthesis I (bacteria and plants)|g__Lachnospiraceae_unclassified.s__Eubacterium_rectale	1.82064e-06
RIBOSYN2-PWY: flavin biosynthesis I (bacteria and plants)|g__Asaccharobacter.s__Asaccharobacter_celatus	8.30227e-07
RIBOSYN2-PWY: flavin biosynthesis I (bacteria and plants)|g__Dorea.s__Dorea_formicigenerans	8.00364e-07
RIBOSYN2-PWY: flavin biosynthesis I (bacteria and plants)|g__Lactococcus.s__Lactococcus_lactis	7.25211e-07
RIBOSYN2-PWY: flavin biosynthesis I (bacteria and plants)|g__Parabacteroides.s__Parabacteroides_goldsteinii	6.45887e-07
RIBOSYN2-PWY: flavin biosynthesis I (bacteria and plants)|g__Bacteroides.s__Bacteroides_faecis	5.55077e-07
RIBOSYN2-PWY: flavin biosynthesis I (bacteria and plants)|g__Bacteroides.s__Bacteroides_dorei	5.05321e-07
RIBOSYN2-PWY: flavin biosynthesis I (bacteria and plants)|g__Bacteroides.s__Bacteroides_fragilis	4.70145e-07
RIBOSYN2-PWY: flavin biosynthesis I (bacteria and plants)|g__Bacteroides.s__Bacteroides_thetaiotaomicron	3.40133e-07
RIBOSYN2-PWY: flavin biosynthesis I (bacteria and plants)|g__Blautia.s__Blautia_sp	3.25406e-07
THISYN-PWY: superpathway of thiamine diphosphate biosynthesis I	0.000310911
THISYN-PWY: superpathway of thiamine diphosphate biosynthesis I|g__Bacteroides.s__Bacteroides_uniformis	5.60373e-05
THISYN-PWY: superpathway of thiamine diphosphate biosynthesis I|unclassified	1.22383e-05
THISYN-PWY: superpathway of thiamine diphosphate biosynthesis I|g__Blautia.s__Blautia_obeum	1.98642e-06
THISYN-PWY: superpathway of thiamine diphosphate biosynthesis I|g__Bacteroides.s__Bacteroides_fragilis	5.23466e-07
PWY-6317: D-galactose degradation I (Leloir pathway)	0.0003105
PWY-6317: D-galactose degradation I (Leloir pathway)|unclassified	4.2421e-05
PWY-6317: D-galactose degradation I (Leloir pathway)|g__Faecalibacterium.s__Faecalibacterium_prausnitzii	2.07434e-05
PWY-6317: D-galactose degradation I (Leloir pathway)|g__Blautia.s__Blautia_obeum	1.78139e-05
PWY-6317: D-galactose degradation I (Leloir pathway)|g__Anaerostipes.s__Anaerostipes_hadrus	1.42528e-05
PWY-6317: D-galactose degradation I (Leloir pathway)|g__Blautia.s__Ruminococcus_torques	8.90423e-06
PWY-6317: D-galactose degradation I (Leloir pathway)|g__Fusicatenibacter.s__Fusicatenibacter_saccharivorans	8.3629e-06
PWY-6317: D-galactose degradation I (Leloir pathway)|g__Blautia.s__Blautia_wexlerae	8.14961e-06
PWY-6317: D-galactose degradation I (Leloir pathway)|g__Dorea.s__Dorea_longicatena	8.01489e-06
PWY-6317: D-galactose degradation I (Leloir pathway)|g__Eubacterium.s__Eubacterium_hallii	7.92603e-06
PWY-6317: D-galactose degradation I (Leloir pathway)|g__Collinsella.s__Collinsella_aerofaciens	3.8901e-06
PWY-6317: D-galactose degradation I (Leloir pathway)|g__Streptococcus.s__Streptococcus_thermophilus	3.65599e-06
PWY-6317: D-galactose degradation I (Leloir pathway)|g__Eubacterium.s__Eubacterium_eligens	3.35634e-06
PWY-6317: D-galactose degradation I (Leloir pathway)|g__Roseburia.s__Roseburia_sp_CAG_380	3.09356e-06
PWY-6317: D-galactose degradation I (Leloir pathway)|g__Lachnospira.s__Lachnospira_pectinoschiza	2.66582e-06
PWY-6317: D-galactose degradation I (Leloir pathway)|g__Eisenbergiella.s__Eisenbergiella_tayi	2.6548e-06
PWY-6317: D-galactose degradation I (Leloir pathway)|g__Coprococcus.s__Coprococcus_catus	2.30833e-06
PWY-6317: D-galactose degradation I (Leloir pathway)|g__Eubacterium.s__Eubacterium_ramulus	1.22038e-06
PWY-6317: D-galactose degradation I (Leloir pathway)|g__Dorea.s__Dorea_formicigenerans	1.08072e-06
PWY-6317: D-galactose degradation I (Leloir pathway)|g__Flavonifractor.s__Flavonifractor_plautii	9.77211e-07
PWY-6317: D-galactose degradation I (Leloir pathway)|g__Roseburia.s__Roseburia_intestinalis	6.79344e-07
PWY-6317: D-galactose degradation I (Leloir pathway)|g__Streptococcus.s__Streptococcus_parasanguinis	6.37397e-07
PWY-6317: D-galactose degradation I (Leloir pathway)|g__Ruminococcaceae_unclassified.s__Eubacterium_siraeum	5.53424e-07
PWY-6317: D-galactose degradation I (Leloir pathway)|g__Blautia.s__Blautia_sp	4.94415e-07
PWY-6317: D-galactose degradation I (Leloir pathway)|g__Ruminococcus.s__Ruminococcus_sp_AF31_8BH	3.58791e-07
PWY-6317: D-galactose degradation I (Leloir pathway)|g__Streptococcus.s__Streptococcus_pneumoniae	3.34846e-07
PWY-6317: D-galactose degradation I (Leloir pathway)|g__Streptococcus.s__Streptococcus_oralis	1.15036e-07
PYRIDNUCSYN-PWY: NAD de novo biosynthesis I (from aspartate)	0.000310455
PYRIDNUCSYN-PWY: NAD de novo biosynthesis I (from aspartate)|unclassified	4.51443e-05
PYRIDNUCSYN-PWY: NAD de novo biosynthesis I (from aspartate)|g__Bacteroides.s__Bacteroides_uniformis	4.45391e-05
PYRIDNUCSYN-PWY: NAD de novo biosynthesis I (from aspartate)|g__Anaerostipes.s__Anaerostipes_hadrus	1.33242e-05
PYRIDNUCSYN-PWY: NAD de novo biosynthesis I (from aspartate)|g__Bacteroides.s__Bacteroides_vulgatus	1.29127e-05
PYRIDNUCSYN-PWY: NAD de novo biosynthesis I (from aspartate)|g__Blautia.s__Blautia_obeum	9.23893e-06
PYRIDNUCSYN-PWY: NAD de novo biosynthesis I (from aspartate)|g__Bacteroides.s__Bacteroides_salyersiae	7.47153e-06
PYRIDNUCSYN-PWY: NAD de novo biosynthesis I (from aspartate)|g__Blautia.s__Ruminococcus_torques	5.70018e-06
PYRIDNUCSYN-PWY: NAD de novo biosynthesis I (from aspartate)|g__Eubacterium.s__Eubacterium_hallii	4.85311e-06
PYRIDNUCSYN-PWY: NAD de novo biosynthesis I (from aspartate)|g__Bifidobacterium.s__Bifidobacterium_bifidum	4.41485e-06
PYRIDNUCSYN-PWY: NAD de novo biosynthesis I (from aspartate)|g__Bacteroides.s__Bacteroides_massiliensis	4.26303e-06
PYRIDNUCSYN-PWY: NAD de novo biosynthesis I (from aspartate)|g__Ruminococcus.s__Ruminococcus_bicirculans	3.1263e-06
PYRIDNUCSYN-PWY: NAD de novo biosynthesis I (from aspartate)|g__Parabacteroides.s__Parabacteroides_distasonis	3.10158e-06
PYRIDNUCSYN-PWY: NAD de novo biosynthesis I (from aspartate)|g__Coprococcus.s__Coprococcus_catus	2.40878e-06
PYRIDNUCSYN-PWY: NAD de novo biosynthesis I (from aspartate)|g__Alistipes.s__Alistipes_onderdonkii	1.77003e-06
PYRIDNUCSYN-PWY: NAD de novo biosynthesis I (from aspartate)|g__Dorea.s__Dorea_longicatena	1.51786e-06
PYRIDNUCSYN-PWY: NAD de novo biosynthesis I (from aspartate)|g__Bacteroides.s__Bacteroides_cellulosilyticus	1.13131e-06
PYRIDNUCSYN-PWY: NAD de novo biosynthesis I (from aspartate)|g__Alistipes.s__Alistipes_shahii	1.02088e-06
PYRIDNUCSYN-PWY: NAD de novo biosynthesis I (from aspartate)|g__Bacteroides.s__Bacteroides_fragilis	7.75479e-07
PYRIDNUCSYN-PWY: NAD de novo biosynthesis I (from aspartate)|g__Bacteroides.s__Bacteroides_faecis	7.19408e-07
PYRIDNUCSYN-PWY: NAD de novo biosynthesis I (from aspartate)|g__Bacteroides.s__Bacteroides_dorei	6.50875e-07
PYRIDNUCSYN-PWY: NAD de novo biosynthesis I (from aspartate)|g__Bifidobacterium.s__Bifidobacterium_longum	5.81533e-07
PYRIDNUCSYN-PWY: NAD de novo biosynthesis I (from aspartate)|g__Bacteroides.s__Bacteroides_ovatus	2.97558e-07
PYRIDNUCSYN-PWY: NAD de novo biosynthesis I (from aspartate)|g__Bacteroides.s__Bacteroides_thetaiotaomicron	2.67587e-07
HSERMETANA-PWY: L-methionine biosynthesis III	0.000310228
HSERMETANA-PWY: L-methionine biosynthesis III|unclassified	6.39668e-05
HSERMETANA-PWY: L-methionine biosynthesis III|g__Akkermansia.s__Akkermansia_muciniphila	3.13962e-05
HSERMETANA-PWY: L-methionine biosynthesis III|g__Anaerostipes.s__Anaerostipes_hadrus	1.47171e-05
HSERMETANA-PWY: L-methionine biosynthesis III|g__Dorea.s__Dorea_longicatena	1.0431e-05
HSERMETANA-PWY: L-methionine biosynthesis III|g__Blautia.s__Blautia_obeum	9.51931e-06
HSERMETANA-PWY: L-methionine biosynthesis III|g__Actinomyces.s__Actinomyces_sp_HPA0247	6.98007e-06
HSERMETANA-PWY: L-methionine biosynthesis III|g__Blautia.s__Ruminococcus_torques	6.54967e-06
HSERMETANA-PWY: L-methionine biosynthesis III|g__Blautia.s__Blautia_wexlerae	6.4413e-06
HSERMETANA-PWY: L-methionine biosynthesis III|g__Bifidobacterium.s__Bifidobacterium_bifidum	5.7255e-06
HSERMETANA-PWY: L-methionine biosynthesis III|g__Streptococcus.s__Streptococcus_thermophilus	4.06096e-06
HSERMETANA-PWY: L-methionine biosynthesis III|g__Ruminococcus.s__Ruminococcus_bicirculans	3.70616e-06
HSERMETANA-PWY: L-methionine biosynthesis III|g__Eubacterium.s__Eubacterium_eligens	3.20127e-06
HSERMETANA-PWY: L-methionine biosynthesis III|g__Parabacteroides.s__Parabacteroides_distasonis	2.90582e-06
HSERMETANA-PWY: L-methionine biosynthesis III|g__Coprococcus.s__Coprococcus_catus	2.84906e-06
HSERMETANA-PWY: L-methionine biosynthesis III|g__Lachnospira.s__Lachnospira_pectinoschiza	2.07113e-06
HSERMETANA-PWY: L-methionine biosynthesis III|g__Bacteroides.s__Bacteroides_cellulosilyticus	1.90771e-06
HSERMETANA-PWY: L-methionine biosynthesis III|g__Flavonifractor.s__Flavonifractor_plautii	1.79107e-06
HSERMETANA-PWY: L-methionine biosynthesis III|g__Blautia.s__Blautia_sp	1.59163e-06
HSERMETANA-PWY: L-methionine biosynthesis III|g__Streptococcus.s__Streptococcus_salivarius	1.18923e-06
HSERMETANA-PWY: L-methionine biosynthesis III|g__Eisenbergiella.s__Eisenbergiella_tayi	9.893e-07
HSERMETANA-PWY: L-methionine biosynthesis III|g__Bacteroides.s__Bacteroides_fragilis	8.07775e-07
HSERMETANA-PWY: L-methionine biosynthesis III|g__Roseburia.s__Roseburia_intestinalis	6.6176e-07
HSERMETANA-PWY: L-methionine biosynthesis III|g__Lactococcus.s__Lactococcus_lactis	6.32069e-07
HSERMETANA-PWY: L-methionine biosynthesis III|g__Ruminococcaceae_unclassified.s__Eubacterium_siraeum	5.02541e-07
HSERMETANA-PWY: L-methionine biosynthesis III|g__Parabacteroides.s__Parabacteroides_goldsteinii	4.5328e-07
HSERMETANA-PWY: L-methionine biosynthesis III|g__Streptococcus.s__Streptococcus_oralis	4.43803e-07
HSERMETANA-PWY: L-methionine biosynthesis III|g__Bifidobacterium.s__Bifidobacterium_longum	4.14581e-07
HSERMETANA-PWY: L-methionine biosynthesis III|g__Streptococcus.s__Streptococcus_pneumoniae	1.26993e-07
UDPNAGSYN-PWY: UDP-N-acetyl-D-glucosamine biosynthesis I	0.000305512
UDPNAGSYN-PWY: UDP-N-acetyl-D-glucosamine biosynthesis I|unclassified	0.00011068
UDPNAGSYN-PWY: UDP-N-acetyl-D-glucosamine biosynthesis I|g__Clostridium.s__Clostridium_sp_CAG_798	3.51746e-05
UDPNAGSYN-PWY: UDP-N-acetyl-D-glucosamine biosynthesis I|g__Senegalimassilia.s__Senegalimassilia_anaerobia	9.77974e-06
UDPNAGSYN-PWY: UDP-N-acetyl-D-glucosamine biosynthesis I|g__Bifidobacterium.s__Bifidobacterium_catenulatum	7.02652e-06
UDPNAGSYN-PWY: UDP-N-acetyl-D-glucosamine biosynthesis I|g__Collinsella.s__Collinsella_aerofaciens	6.37443e-06
UDPNAGSYN-PWY: UDP-N-acetyl-D-glucosamine biosynthesis I|g__Streptococcus.s__Streptococcus_thermophilus	6.0731e-06
UDPNAGSYN-PWY: UDP-N-acetyl-D-glucosamine biosynthesis I|g__Bifidobacterium.s__Bifidobacterium_bifidum	5.93848e-06
UDPNAGSYN-PWY: UDP-N-acetyl-D-glucosamine biosynthesis I|g__Phascolarctobacterium.s__Phascolarctobacterium_faecium	4.48226e-06
UDPNAGSYN-PWY: UDP-N-acetyl-D-glucosamine biosynthesis I|g__Ruminococcus.s__Ruminococcus_sp_CAG_177	4.43425e-06
UDPNAGSYN-PWY: UDP-N-acetyl-D-glucosamine biosynthesis I|g__Ruminococcus.s__Ruminococcus_bicirculans	3.54647e-06
UDPNAGSYN-PWY: UDP-N-acetyl-D-glucosamine biosynthesis I|g__Gordonibacter.s__Gordonibacter_urolithinfaciens	3.12313e-06
UDPNAGSYN-PWY: UDP-N-acetyl-D-glucosamine biosynthesis I|g__Bilophila.s__Bilophila_wadsworthia	1.50015e-06
UDPNAGSYN-PWY: UDP-N-acetyl-D-glucosamine biosynthesis I|g__Ruminococcaceae_unclassified.s__Ruminococcaceae_bacterium_D5	1.28612e-06
UDPNAGSYN-PWY: UDP-N-acetyl-D-glucosamine biosynthesis I|g__Lactococcus.s__Lactococcus_lactis	1.1769e-06
UDPNAGSYN-PWY: UDP-N-acetyl-D-glucosamine biosynthesis I|g__Flavonifractor.s__Flavonifractor_plautii	1.11313e-06
UDPNAGSYN-PWY: UDP-N-acetyl-D-glucosamine biosynthesis I|g__Streptococcus.s__Streptococcus_australis	8.9662e-07
UDPNAGSYN-PWY: UDP-N-acetyl-D-glucosamine biosynthesis I|g__Streptococcus.s__Streptococcus_sp_A12	8.87575e-07
UDPNAGSYN-PWY: UDP-N-acetyl-D-glucosamine biosynthesis I|g__Streptococcus.s__Streptococcus_oralis	8.19966e-07
UDPNAGSYN-PWY: UDP-N-acetyl-D-glucosamine biosynthesis I|g__Intestinibacter.s__Intestinibacter_bartlettii	7.6705e-07
UDPNAGSYN-PWY: UDP-N-acetyl-D-glucosamine biosynthesis I|g__Bifidobacterium.s__Bifidobacterium_longum	6.73629e-07
UDPNAGSYN-PWY: UDP-N-acetyl-D-glucosamine biosynthesis I|g__Ruminococcaceae_unclassified.s__Eubacterium_siraeum	5.51953e-07
UDPNAGSYN-PWY: UDP-N-acetyl-D-glucosamine biosynthesis I|g__Streptococcus.s__Streptococcus_parasanguinis	5.05015e-07
UDPNAGSYN-PWY: UDP-N-acetyl-D-glucosamine biosynthesis I|g__Bifidobacterium.s__Bifidobacterium_adolescentis	4.88915e-07
UDPNAGSYN-PWY: UDP-N-acetyl-D-glucosamine biosynthesis I|g__Erysipelatoclostridium.s__Clostridium_spiroforme	4.13448e-07
UDPNAGSYN-PWY: UDP-N-acetyl-D-glucosamine biosynthesis I|g__Streptococcus.s__Streptococcus_pneumoniae	3.84779e-07
UDPNAGSYN-PWY: UDP-N-acetyl-D-glucosamine biosynthesis I|g__Slackia.s__Slackia_isoflavoniconvertens	3.64623e-07
UDPNAGSYN-PWY: UDP-N-acetyl-D-glucosamine biosynthesis I|g__Enorma.s__Collinsella_massiliensis	3.42362e-07
UDPNAGSYN-PWY: UDP-N-acetyl-D-glucosamine biosynthesis I|g__Intestinimonas.s__Intestinimonas_butyriciproducens	3.00068e-07
UDPNAGSYN-PWY: UDP-N-acetyl-D-glucosamine biosynthesis I|g__Rothia.s__Rothia_dentocariosa	2.46047e-07
UDPNAGSYN-PWY: UDP-N-acetyl-D-glucosamine biosynthesis I|g__Ruminococcus.s__Ruminococcus_callidus	1.52962e-07
UDPNAGSYN-PWY: UDP-N-acetyl-D-glucosamine biosynthesis I|g__Gordonibacter.s__Gordonibacter_pamelaeae	7.23832e-08
UDPNAGSYN-PWY: UDP-N-acetyl-D-glucosamine biosynthesis I|g__Streptococcus.s__Streptococcus_pseudopneumoniae	4.17305e-08
PWY-841: superpathway of purine nucleotides de novo biosynthesis I	0.000303668
PWY-841: superpathway of purine nucleotides de novo biosynthesis I|unclassified	4.9629e-05
PWY-841: superpathway of purine nucleotides de novo biosynthesis I|g__Streptococcus.s__Streptococcus_oralis	3.06549e-07
PWY-6897: thiamine diphosphate salvage II	0.000301045
PWY-6897: thiamine diphosphate salvage II|g__Bacteroides.s__Bacteroides_uniformis	5.43388e-05
PWY-6897: thiamine diphosphate salvage II|unclassified	2.8678e-05
PWY-6897: thiamine diphosphate salvage II|g__Faecalibacterium.s__Faecalibacterium_prausnitzii	2.55424e-05
PWY-6897: thiamine diphosphate salvage II|g__Lachnospiraceae_unclassified.s__Eubacterium_rectale	3.72445e-06
PWY-6897: thiamine diphosphate salvage II|g__Blautia.s__Blautia_obeum	3.29159e-06
PWY-6897: thiamine diphosphate salvage II|g__Dorea.s__Dorea_longicatena	3.03446e-06
PWY-6897: thiamine diphosphate salvage II|g__Blautia.s__Ruminococcus_torques	2.73686e-06
PWY-6897: thiamine diphosphate salvage II|g__Prevotella.s__Prevotella_copri	1.01942e-06
PWY-6897: thiamine diphosphate salvage II|g__Adlercreutzia.s__Adlercreutzia_equolifaciens	7.17875e-07
PWY-6897: thiamine diphosphate salvage II|g__Asaccharobacter.s__Asaccharobacter_celatus	5.90856e-07
PWY-6897: thiamine diphosphate salvage II|g__Bacteroides.s__Bacteroides_fragilis	5.76506e-07
PWY-6897: thiamine diphosphate salvage II|g__Lactobacillus.s__Lactobacillus_sakei	2.89087e-07
PWY-6897: thiamine diphosphate salvage II|g__Bifidobacterium.s__Bifidobacterium_adolescentis	2.19562e-07
PWY-7663: gondoate biosynthesis (anaerobic)	0.000299301
PWY-7663: gondoate biosynthesis (anaerobic)|g__Bacteroides.s__Bacteroides_uniformis	4.19282e-05
PWY-7663: gondoate biosynthesis (anaerobic)|g__Alistipes.s__Alistipes_finegoldii	3.35624e-05
PWY-7663: gondoate biosynthesis (anaerobic)|unclassified	2.50922e-05
PWY-7663: gondoate biosynthesis (anaerobic)|g__Bacteroides.s__Bacteroides_vulgatus	7.3485e-06
PWY-7663: gondoate biosynthesis (anaerobic)|g__Bacteroides.s__Bacteroides_salyersiae	6.84052e-06
PWY-7663: gondoate biosynthesis (anaerobic)|g__Bacteroides.s__Bacteroides_cellulosilyticus	5.14902e-06
PWY-7663: gondoate biosynthesis (anaerobic)|g__Bacteroides.s__Bacteroides_caccae	4.22135e-06
PWY-7663: gondoate biosynthesis (anaerobic)|g__Alistipes.s__Alistipes_onderdonkii	3.65345e-06
PWY-7663: gondoate biosynthesis (anaerobic)|g__Parabacteroides.s__Parabacteroides_distasonis	3.313e-06
PWY-7663: gondoate biosynthesis (anaerobic)|g__Parabacteroides.s__Parabacteroides_merdae	1.47819e-06
PWY-7663: gondoate biosynthesis (anaerobic)|g__Lactococcus.s__Lactococcus_lactis	1.16232e-06
PWY-7663: gondoate biosynthesis (anaerobic)|g__Bacteroides.s__Bacteroides_ovatus	8.98696e-07
PWY-7663: gondoate biosynthesis (anaerobic)|g__Bacteroides.s__Bacteroides_fragilis	7.26697e-07
PWY-7663: gondoate biosynthesis (anaerobic)|g__Streptococcus.s__Streptococcus_sp_A12	7.11097e-07
PWY-7663: gondoate biosynthesis (anaerobic)|g__Bacteroides.s__Bacteroides_thetaiotaomicron	6.6626e-07
PWY-7663: gondoate biosynthesis (anaerobic)|g__Streptococcus.s__Streptococcus_oralis	5.98703e-07
PWY-7663: gondoate biosynthesis (anaerobic)|g__Bacteroides.s__Bacteroides_faecis	5.96546e-07
PWY-7663: gondoate biosynthesis (anaerobic)|g__Bifidobacterium.s__Bifidobacterium_longum	4.46845e-07
PWY-7663: gondoate biosynthesis (anaerobic)|g__Parabacteroides.s__Parabacteroides_goldsteinii	4.1497e-07
PWY-7663: gondoate biosynthesis (anaerobic)|g__Bacteroides.s__Bacteroides_intestinalis	8.4976e-08
PWY-6126: superpathway of adenosine nucleotides de novo biosynthesis II	0.000277931
PWY-6126: superpathway of adenosine nucleotides de novo biosynthesis II|unclassified	4.52345e-05
PWY-6126: superpathway of adenosine nucleotides de novo biosynthesis II|g__Bacteroides.s__Bacteroides_vulgatus	1.4004e-05
PWY-6126: superpathway of adenosine nucleotides de novo biosynthesis II|g__Bacteroides.s__Bacteroides_salyersiae	7.29336e-06
PWY-6126: superpathway of adenosine nucleotides de novo biosynthesis II|g__Bacteroides.s__Bacteroides_massiliensis	5.81216e-06
PWY-6126: superpathway of adenosine nucleotides de novo biosynthesis II|g__Bacteroides.s__Bacteroides_caccae	4.80371e-06
PWY-6126: superpathway of adenosine nucleotides de novo biosynthesis II|g__Streptococcus.s__Streptococcus_thermophilus	4.01078e-06
PWY-6126: superpathway of adenosine nucleotides de novo biosynthesis II|g__Bacteroides.s__Bacteroides_cellulosilyticus	3.29136e-06
PWY-6126: superpathway of adenosine nucleotides de novo biosynthesis II|g__Parabacteroides.s__Parabacteroides_distasonis	3.13079e-06
PWY-6126: superpathway of adenosine nucleotides de novo biosynthesis II|g__Bilophila.s__Bilophila_wadsworthia	1.5105e-06
PWY-6126: superpathway of adenosine nucleotides de novo biosynthesis II|g__Streptococcus.s__Streptococcus_salivarius	1.36966e-06
PWY-6126: superpathway of adenosine nucleotides de novo biosynthesis II|g__Bacteroides.s__Bacteroides_faecis	8.99543e-07
PWY-6126: superpathway of adenosine nucleotides de novo biosynthesis II|g__Streptococcus.s__Streptococcus_oralis	7.34845e-07
PWY-6126: superpathway of adenosine nucleotides de novo biosynthesis II|g__Bacteroides.s__Bacteroides_dorei	6.26015e-07
PWY-6126: superpathway of adenosine nucleotides de novo biosynthesis II|g__Eggerthella.s__Eggerthella_lenta	4.55266e-07
PWY-6126: superpathway of adenosine nucleotides de novo biosynthesis II|g__Bacteroides.s__Bacteroides_thetaiotaomicron	3.53894e-07
PWY-6126: superpathway of adenosine nucleotides de novo biosynthesis II|g__Bacteroides.s__Bacteroides_fragilis	3.15128e-07
PWY-6703: preQ0 biosynthesis	0.000274511
PWY-6703: preQ0 biosynthesis|g__Bacteroides.s__Bacteroides_uniformis	5.48138e-05
PWY-6703: preQ0 biosynthesis|g__Akkermansia.s__Akkermansia_muciniphila	3.33884e-05
PWY-6703: preQ0 biosynthesis|unclassified	2.77803e-05
PWY-6703: preQ0 biosynthesis|g__Senegalimassilia.s__Senegalimassilia_anaerobia	1.47401e-05
PWY-6703: preQ0 biosynthesis|g__Bacteroides.s__Bacteroides_vulgatus	1.24051e-05
PWY-6703: preQ0 biosynthesis|g__Anaerostipes.s__Anaerostipes_hadrus	1.04179e-05
PWY-6703: preQ0 biosynthesis|g__Blautia.s__Blautia_sp	8.19332e-06
PWY-6703: preQ0 biosynthesis|g__Eubacterium.s__Eubacterium_eligens	6.78266e-06
PWY-6703: preQ0 biosynthesis|g__Bacteroides.s__Bacteroides_salyersiae	6.74528e-06
PWY-6703: preQ0 biosynthesis|g__Bacteroides.s__Bacteroides_massiliensis	6.03074e-06
PWY-6703: preQ0 biosynthesis|g__Bacteroides.s__Bacteroides_caccae	5.69258e-06
PWY-6703: preQ0 biosynthesis|g__Barnesiella.s__Barnesiella_intestinihominis	5.41798e-06
PWY-6703: preQ0 biosynthesis|g__Parabacteroides.s__Parabacteroides_distasonis	4.03808e-06
PWY-6703: preQ0 biosynthesis|g__Blautia.s__Blautia_obeum	3.66375e-06
PWY-6703: preQ0 biosynthesis|g__Streptococcus.s__Streptococcus_thermophilus	3.46445e-06
PWY-6703: preQ0 biosynthesis|g__Phascolarctobacterium.s__Phascolarctobacterium_faecium	2.63129e-06
PWY-6703: preQ0 biosynthesis|g__Coprococcus.s__Coprococcus_catus	2.51913e-06
PWY-6703: preQ0 biosynthesis|g__Lachnospira.s__Lachnospira_pectinoschiza	2.3649e-06
PWY-6703: preQ0 biosynthesis|g__Bacteroides.s__Bacteroides_cellulosilyticus	2.36345e-06
PWY-6703: preQ0 biosynthesis|g__Blautia.s__Ruminococcus_torques	2.19077e-06
PWY-6703: preQ0 biosynthesis|g__Bilophila.s__Bilophila_wadsworthia	1.97133e-06
PWY-6703: preQ0 biosynthesis|g__Eggerthella.s__Eggerthella_sp_CAG_298	1.9567e-06
PWY-6703: preQ0 biosynthesis|g__Parabacteroides.s__Parabacteroides_merdae	1.87113e-06
PWY-6703: preQ0 biosynthesis|g__Butyricimonas.s__Butyricimonas_synergistica	1.36352e-06
PWY-6703: preQ0 biosynthesis|g__Butyricimonas.s__Butyricimonas_virosa	1.24597e-06
PWY-6703: preQ0 biosynthesis|g__Bacteroides.s__Bacteroides_sp_CAG_144	1.23941e-06
PWY-6703: preQ0 biosynthesis|g__Bacteroides.s__Bacteroides_intestinalis	9.0543e-07
PWY-6703: preQ0 biosynthesis|g__Eubacterium.s__Eubacterium_ramulus	8.82558e-07
PWY-6703: preQ0 biosynthesis|g__Intestinibacter.s__Intestinibacter_bartlettii	8.63575e-07
PWY-6703: preQ0 biosynthesis|g__Bacteroides.s__Bacteroides_dorei	8.06751e-07
PWY-6703: preQ0 biosynthesis|g__Prevotella.s__Prevotella_copri	7.18257e-07
PWY-6703: preQ0 biosynthesis|g__Firmicutes_unclassified.s__Firmicutes_bacterium_CAG_41	6.5353e-07
PWY-6703: preQ0 biosynthesis|g__Streptococcus.s__Streptococcus_salivarius	6.12672e-07
PWY-6703: preQ0 biosynthesis|g__Bacteroides.s__Bacteroides_faecis	5.01242e-07
PWY-6703: preQ0 biosynthesis|g__Bacteroides.s__Bacteroides_fragilis	4.02483e-07
PWY-6703: preQ0 biosynthesis|g__Bacteroides.s__Bacteroides_ovatus	3.33603e-07
PWY-6703: preQ0 biosynthesis|g__Blautia.s__Blautia_sp_CAG_52	3.11221e-07
PWY-6703: preQ0 biosynthesis|g__Victivallis.s__Victivallis_vadensis	2.73747e-07
PWY-6703: preQ0 biosynthesis|g__Streptococcus.s__Streptococcus_pneumoniae	2.70151e-07
PWY-6703: preQ0 biosynthesis|g__Streptococcus.s__Streptococcus_oralis	2.19017e-07
PWY-6703: preQ0 biosynthesis|g__Streptococcus.s__Streptococcus_pseudopneumoniae	1.33212e-07
PWY-6703: preQ0 biosynthesis|g__Bacteroides.s__Bacteroides_thetaiotaomicron	1.30953e-07
PWY-6703: preQ0 biosynthesis|g__Lentisphaerae_unclassified.s__Lentisphaerae_bacterium	8.56133e-08
PWY-6892: thiazole component of thiamine diphosphate biosynthesis I	0.00027291
PWY-6892: thiazole component of thiamine diphosphate biosynthesis I|g__Bacteroides.s__Bacteroides_uniformis	6.14089e-05
PWY-6892: thiazole component of thiamine diphosphate biosynthesis I|unclassified	3.84271e-05
PWY-6892: thiazole component of thiamine diphosphate biosynthesis I|g__Blautia.s__Blautia_obeum	2.03665e-05
PWY-6892: thiazole component of thiamine diphosphate biosynthesis I|g__Anaerostipes.s__Anaerostipes_hadrus	1.66482e-05
PWY-6892: thiazole component of thiamine diphosphate biosynthesis I|g__Eubacterium.s__Eubacterium_hallii	8.69099e-06
PWY-6892: thiazole component of thiamine diphosphate biosynthesis I|g__Bacteroides.s__Bacteroides_salyersiae	7.29638e-06
PWY-6892: thiazole component of thiamine diphosphate biosynthesis I|g__Bacteroides.s__Bacteroides_caccae	4.52247e-06
PWY-6892: thiazole component of thiamine diphosphate biosynthesis I|g__Eubacterium.s__Eubacterium_eligens	4.31565e-06
PWY-6892: thiazole component of thiamine diphosphate biosynthesis I|g__Blautia.s__Blautia_wexlerae	3.42076e-06
PWY-6892: thiazole component of thiamine diphosphate biosynthesis I|g__Blautia.s__Ruminococcus_torques	3.1684e-06
PWY-6892: thiazole component of thiamine diphosphate biosynthesis I|g__Blautia.s__Blautia_sp	2.1708e-06
PWY-6892: thiazole component of thiamine diphosphate biosynthesis I|g__Bacteroides.s__Bacteroides_cellulosilyticus	9.19628e-07
PWY-6892: thiazole component of thiamine diphosphate biosynthesis I|g__Bacteroides.s__Bacteroides_fragilis	8.61997e-07
PWY-6892: thiazole component of thiamine diphosphate biosynthesis I|g__Bacteroides.s__Bacteroides_ovatus	6.37818e-07
PWY-6892: thiazole component of thiamine diphosphate biosynthesis I|g__Bacteroides.s__Bacteroides_faecis	5.14828e-07
PWY-6892: thiazole component of thiamine diphosphate biosynthesis I|g__Roseburia.s__Roseburia_intestinalis	3.5503e-07
PWY-6892: thiazole component of thiamine diphosphate biosynthesis I|g__Dorea.s__Dorea_formicigenerans	3.05089e-07
PWY-6892: thiazole component of thiamine diphosphate biosynthesis I|g__Eubacterium.s__Eubacterium_maltosivorans	3.00979e-07
PWY-6892: thiazole component of thiamine diphosphate biosynthesis I|g__Bacteroides.s__Bacteroides_thetaiotaomicron	2.80314e-07
HISDEG-PWY: L-histidine degradation I	0.000250187
HISDEG-PWY: L-histidine degradation I|unclassified	9.28671e-05
HISDEG-PWY: L-histidine degradation I|g__Bacteroides.s__Bacteroides_uniformis	5.85391e-05
HISDEG-PWY: L-histidine degradation I|g__Alistipes.s__Alistipes_finegoldii	3.14144e-05
HISDEG-PWY: L-histidine degradation I|g__Bacteroides.s__Bacteroides_vulgatus	1.26458e-05
HISDEG-PWY: L-histidine degradation I|g__Clostridium.s__Clostridium_sp_CAG_138	7.06878e-06
HISDEG-PWY: L-histidine degradation I|g__Bacteroides.s__Bacteroides_salyersiae	6.89381e-06
HISDEG-PWY: L-histidine degradation I|g__Bacteroides.s__Bacteroides_massiliensis	5.10789e-06
HISDEG-PWY: L-histidine degradation I|g__Parabacteroides.s__Parabacteroides_distasonis	3.23403e-06
HISDEG-PWY: L-histidine degradation I|g__Bacteroides.s__Bacteroides_cellulosilyticus	3.19489e-06
HISDEG-PWY: L-histidine degradation I|g__Parabacteroides.s__Parabacteroides_merdae	1.95232e-06
HISDEG-PWY: L-histidine degradation I|g__Streptococcus.s__Streptococcus_australis	1.75941e-06
HISDEG-PWY: L-histidine degradation I|g__Alistipes.s__Alistipes_onderdonkii	1.71201e-06
HISDEG-PWY: L-histidine degradation I|g__Bacteroides.s__Bacteroides_dorei	1.13041e-06
HISDEG-PWY: L-histidine degradation I|g__Alistipes.s__Alistipes_shahii	8.96579e-07
HISDEG-PWY: L-histidine degradation I|g__Bacteroides.s__Bacteroides_ovatus	8.67202e-07
HISDEG-PWY: L-histidine degradation I|g__Butyricimonas.s__Butyricimonas_virosa	8.53233e-07
HISDEG-PWY: L-histidine degradation I|g__Bacteroides.s__Bacteroides_fragilis	7.94824e-07
HISDEG-PWY: L-histidine degradation I|g__Streptococcus.s__Streptococcus_parasanguinis	7.35223e-07
HISDEG-PWY: L-histidine degradation I|g__Bacteroides.s__Bacteroides_thetaiotaomicron	6.40643e-07
HISDEG-PWY: L-histidine degradation I|g__Butyricimonas.s__Butyricimonas_synergistica	4.44403e-07
HISDEG-PWY: L-histidine degradation I|g__Bacteroides.s__Bacteroides_faecis	3.06374e-07
HISDEG-PWY: L-histidine degradation I|g__Lachnoclostridium.s__Clostridium_symbiosum	2.34087e-07
HISDEG-PWY: L-histidine degradation I|g__Bacteroides.s__Bacteroides_intestinalis	1.85605e-07
PWY-5100: pyruvate fermentation to acetate and lactate II	0.000248672
PWY-5100: pyruvate fermentation to acetate and lactate II|unclassified	3.82745e-05
PWY-5100: pyruvate fermentation to acetate and lactate II|g__Blautia.s__Blautia_obeum	2.34025e-05
PWY-5100: pyruvate fermentation to acetate and lactate II|g__Eubacterium.s__Eubacterium_hallii	2.03935e-05
PWY-5100: pyruvate fermentation to acetate and lactate II|g__Anaerostipes.s__Anaerostipes_hadrus	1.70206e-05
PWY-5100: pyruvate fermentation to acetate and lactate II|g__Blautia.s__Ruminococcus_torques	6.95412e-06
PWY-5100: pyruvate fermentation to acetate and lactate II|g__Bifidobacterium.s__Bifidobacterium_catenulatum	6.68351e-06
PWY-5100: pyruvate fermentation to acetate and lactate II|g__Collinsella.s__Collinsella_aerofaciens	5.87364e-06
PWY-5100: pyruvate fermentation to acetate and lactate II|g__Fusicatenibacter.s__Fusicatenibacter_saccharivorans	5.82255e-06
PWY-5100: pyruvate fermentation to acetate and lactate II|g__Streptococcus.s__Streptococcus_thermophilus	4.32108e-06
PWY-5100: pyruvate fermentation to acetate and lactate II|g__Blautia.s__Blautia_wexlerae	3.55128e-06
PWY-5100: pyruvate fermentation to acetate and lactate II|g__Flavonifractor.s__Flavonifractor_plautii	3.38317e-06
PWY-5100: pyruvate fermentation to acetate and lactate II|g__Gordonibacter.s__Gordonibacter_urolithinfaciens	2.99335e-06
PWY-5100: pyruvate fermentation to acetate and lactate II|g__Coprococcus.s__Coprococcus_catus	2.91661e-06
PWY-5100: pyruvate fermentation to acetate and lactate II|g__Actinomyces.s__Actinomyces_sp_HPA0247	2.5906e-06
PWY-5100: pyruvate fermentation to acetate and lactate II|g__Lachnospiraceae_unclassified.s__Eubacterium_rectale	1.70341e-06
PWY-5100: pyruvate fermentation to acetate and lactate II|g__Eisenbergiella.s__Eisenbergiella_tayi	1.65771e-06
PWY-5100: pyruvate fermentation to acetate and lactate II|g__Eubacterium.s__Eubacterium_ramulus	1.62792e-06
PWY-5100: pyruvate fermentation to acetate and lactate II|g__Lactococcus.s__Lactococcus_lactis	1.58787e-06
PWY-5100: pyruvate fermentation to acetate and lactate II|g__Blautia.s__Blautia_sp	1.47681e-06
PWY-5100: pyruvate fermentation to acetate and lactate II|g__Dorea.s__Dorea_formicigenerans	1.04696e-06
PWY-5100: pyruvate fermentation to acetate and lactate II|g__Streptococcus.s__Streptococcus_oralis	9.34711e-07
PWY-5100: pyruvate fermentation to acetate and lactate II|g__Streptococcus.s__Streptococcus_sp_A12	8.28296e-07
PWY-5100: pyruvate fermentation to acetate and lactate II|g__Bifidobacterium.s__Bifidobacterium_longum	8.27715e-07
PWY-5100: pyruvate fermentation to acetate and lactate II|g__Blautia.s__Blautia_hydrogenotrophica	8.14356e-07
PWY-5100: pyruvate fermentation to acetate and lactate II|g__Eubacterium.s__Eubacterium_limosum	5.79806e-07
PWY-5100: pyruvate fermentation to acetate and lactate II|g__Bifidobacterium.s__Bifidobacterium_adolescentis	5.72971e-07
PWY-5100: pyruvate fermentation to acetate and lactate II|g__Intestinimonas.s__Intestinimonas_butyriciproducens	5.64904e-07
PWY-5100: pyruvate fermentation to acetate and lactate II|g__Ruminococcus.s__Ruminococcus_sp_AF31_8BH	4.75649e-07
PWY-5100: pyruvate fermentation to acetate and lactate II|g__Streptococcus.s__Streptococcus_salivarius	4.36011e-07
PWY-5100: pyruvate fermentation to acetate and lactate II|g__Actinomyces.s__Actinomyces_viscosus	4.20385e-07
PWY-5100: pyruvate fermentation to acetate and lactate II|g__Actinomyces.s__Actinomyces_oris	3.62408e-07
PWY-5100: pyruvate fermentation to acetate and lactate II|g__Streptococcus.s__Streptococcus_pneumoniae	3.03734e-07
PWY-5100: pyruvate fermentation to acetate and lactate II|g__Eggerthella.s__Eggerthella_lenta	2.72808e-07
PWY-5100: pyruvate fermentation to acetate and lactate II|g__Eubacterium.s__Eubacterium_maltosivorans	2.68895e-07
PWY-5100: pyruvate fermentation to acetate and lactate II|g__Actinomyces.s__Actinomyces_naeslundii	2.46872e-07
PWY-5100: pyruvate fermentation to acetate and lactate II|g__Roseburia.s__Roseburia_intestinalis	2.18906e-07
PWY-5100: pyruvate fermentation to acetate and lactate II|g__Gordonibacter.s__Gordonibacter_pamelaeae	7.60541e-08
P41-PWY: pyruvate fermentation to acetate and (S)-lactate I	0.000248672
P41-PWY: pyruvate fermentation to acetate and (S)-lactate I|unclassified	3.82745e-05
P41-PWY: pyruvate fermentation to acetate and (S)-lactate I|g__Blautia.s__Blautia_obeum	2.34025e-05
P41-PWY: pyruvate fermentation to acetate and (S)-lactate I|g__Anaerostipes.s__Anaerostipes_hadrus	1.45674e-05
P41-PWY: pyruvate fermentation to acetate and (S)-lactate I|g__Eubacterium.s__Eubacterium_hallii	1.22576e-05
P41-PWY: pyruvate fermentation to acetate and (S)-lactate I|g__Blautia.s__Ruminococcus_torques	6.95412e-06
P41-PWY: pyruvate fermentation to acetate and (S)-lactate I|g__Bifidobacterium.s__Bifidobacterium_catenulatum	6.68351e-06
P41-PWY: pyruvate fermentation to acetate and (S)-lactate I|g__Collinsella.s__Collinsella_aerofaciens	5.87364e-06
P41-PWY: pyruvate fermentation to acetate and (S)-lactate I|g__Fusicatenibacter.s__Fusicatenibacter_saccharivorans	5.82255e-06
P41-PWY: pyruvate fermentation to acetate and (S)-lactate I|g__Streptococcus.s__Streptococcus_thermophilus	4.32108e-06
P41-PWY: pyruvate fermentation to acetate and (S)-lactate I|g__Blautia.s__Blautia_wexlerae	3.55128e-06
P41-PWY: pyruvate fermentation to acetate and (S)-lactate I|g__Coprococcus.s__Coprococcus_catus	2.91661e-06
P41-PWY: pyruvate fermentation to acetate and (S)-lactate I|g__Actinomyces.s__Actinomyces_sp_HPA0247	2.5906e-06
P41-PWY: pyruvate fermentation to acetate and (S)-lactate I|g__Lachnospiraceae_unclassified.s__Eubacterium_rectale	1.70341e-06
P41-PWY: pyruvate fermentation to acetate and (S)-lactate I|g__Eisenbergiella.s__Eisenbergiella_tayi	1.65771e-06
P41-PWY: pyruvate fermentation to acetate and (S)-lactate I|g__Lactococcus.s__Lactococcus_lactis	1.58787e-06
P41-PWY: pyruvate fermentation to acetate and (S)-lactate I|g__Blautia.s__Blautia_sp	1.47681e-06
P41-PWY: pyruvate fermentation to acetate and (S)-lactate I|g__Dorea.s__Dorea_formicigenerans	1.04696e-06
P41-PWY: pyruvate fermentation to acetate and (S)-lactate I|g__Streptococcus.s__Streptococcus_oralis	9.34711e-07
P41-PWY: pyruvate fermentation to acetate and (S)-lactate I|g__Streptococcus.s__Streptococcus_sp_A12	8.28296e-07
P41-PWY: pyruvate fermentation to acetate and (S)-lactate I|g__Bifidobacterium.s__Bifidobacterium_longum	8.27715e-07
P41-PWY: pyruvate fermentation to acetate and (S)-lactate I|g__Flavonifractor.s__Flavonifractor_plautii	6.08491e-07
P41-PWY: pyruvate fermentation to acetate and (S)-lactate I|g__Bifidobacterium.s__Bifidobacterium_adolescentis	5.72971e-07
P41-PWY: pyruvate fermentation to acetate and (S)-lactate I|g__Ruminococcus.s__Ruminococcus_sp_AF31_8BH	4.75649e-07
P41-PWY: pyruvate fermentation to acetate and (S)-lactate I|g__Streptococcus.s__Streptococcus_salivarius	4.36011e-07
P41-PWY: pyruvate fermentation to acetate and (S)-lactate I|g__Actinomyces.s__Actinomyces_viscosus	4.20385e-07
P41-PWY: pyruvate fermentation to acetate and (S)-lactate I|g__Actinomyces.s__Actinomyces_oris	3.62408e-07
P41-PWY: pyruvate fermentation to acetate and (S)-lactate I|g__Streptococcus.s__Streptococcus_pneumoniae	3.03734e-07
P41-PWY: pyruvate fermentation to acetate and (S)-lactate I|g__Eggerthella.s__Eggerthella_lenta	2.72808e-07
P41-PWY: pyruvate fermentation to acetate and (S)-lactate I|g__Actinomyces.s__Actinomyces_naeslundii	2.46872e-07
PWY-6731: starch degradation III	0.000245558
PWY-6731: starch degradation III|g__Blautia.s__Blautia_obeum	2.1568e-05
PWY-6731: starch degradation III|g__Fusicatenibacter.s__Fusicatenibacter_saccharivorans	1.0106e-05
PWY-6731: starch degradation III|g__Eubacterium.s__Eubacterium_hallii	9.42056e-06
PWY-6731: starch degradation III|unclassified	8.18225e-06
PWY-6731: starch degradation III|g__Blautia.s__Blautia_wexlerae	5.98232e-06
PWY-6731: starch degradation III|g__Eisenbergiella.s__Eisenbergiella_tayi	2.21597e-06
PWY-6731: starch degradation III|g__Lachnospira.s__Lachnospira_pectinoschiza	1.89067e-06
PWY-6731: starch degradation III|g__Blautia.s__Ruminococcus_torques	1.61586e-06
PWY-6731: starch degradation III|g__Eubacterium.s__Eubacterium_ramulus	1.27012e-06
PWY-6731: starch degradation III|g__Bacteroides.s__Bacteroides_cellulosilyticus	1.10741e-06
PWY-6731: starch degradation III|g__Bacteroides.s__Bacteroides_fragilis	5.76006e-07
PWY-5154: L-arginine biosynthesis III (via N-acetyl-L-citrulline)	0.00024366
PWY-5154: L-arginine biosynthesis III (via N-acetyl-L-citrulline)|g__Alistipes.s__Alistipes_finegoldii	2.90714e-05
PWY-5154: L-arginine biosynthesis III (via N-acetyl-L-citrulline)|g__Blautia.s__Ruminococcus_torques	5.36287e-06
PWY-5154: L-arginine biosynthesis III (via N-acetyl-L-citrulline)|g__Eubacterium.s__Eubacterium_hallii	4.45937e-06
PWY-5154: L-arginine biosynthesis III (via N-acetyl-L-citrulline)|unclassified	3.57871e-06
PWY-5154: L-arginine biosynthesis III (via N-acetyl-L-citrulline)|g__Coprococcus.s__Coprococcus_catus	2.50765e-06
PWY-7228: superpathway of guanosine nucleotides de novo biosynthesis I	0.000239445
PWY-7228: superpathway of guanosine nucleotides de novo biosynthesis I|unclassified	3.7785e-05
PWY-7228: superpathway of guanosine nucleotides de novo biosynthesis I|g__Bacteroides.s__Bacteroides_vulgatus	1.66199e-05
PWY-7228: superpathway of guanosine nucleotides de novo biosynthesis I|g__Bacteroides.s__Bacteroides_salyersiae	7.5043e-06
PWY-7228: superpathway of guanosine nucleotides de novo biosynthesis I|g__Bacteroides.s__Bacteroides_caccae	6.32261e-06
PWY-7228: superpathway of guanosine nucleotides de novo biosynthesis I|g__Actinomyces.s__Actinomyces_sp_HPA0247	5.47034e-06
PWY-7228: superpathway of guanosine nucleotides de novo biosynthesis I|g__Bacteroides.s__Bacteroides_massiliensis	5.06232e-06
PWY-7228: superpathway of guanosine nucleotides de novo biosynthesis I|g__Collinsella.s__Collinsella_aerofaciens	4.28154e-06
PWY-7228: superpathway of guanosine nucleotides de novo biosynthesis I|g__Parabacteroides.s__Parabacteroides_distasonis	3.97444e-06
PWY-7228: superpathway of guanosine nucleotides de novo biosynthesis I|g__Bacteroides.s__Bacteroides_cellulosilyticus	3.73846e-06
PWY-7228: superpathway of guanosine nucleotides de novo biosynthesis I|g__Streptococcus.s__Streptococcus_thermophilus	3.57964e-06
PWY-7228: superpathway of guanosine nucleotides de novo biosynthesis I|g__Gordonibacter.s__Gordonibacter_urolithinfaciens	2.81282e-06
PWY-7228: superpathway of guanosine nucleotides de novo biosynthesis I|g__Phascolarctobacterium.s__Phascolarctobacterium_faecium	2.73007e-06
PWY-7228: superpathway of guanosine nucleotides de novo biosynthesis I|g__Bilophila.s__Bilophila_wadsworthia	1.93233e-06
PWY-7228: superpathway of guanosine nucleotides de novo biosynthesis I|g__Streptococcus.s__Streptococcus_salivarius	1.61223e-06
PWY-7228: superpathway of guanosine nucleotides de novo biosynthesis I|g__Bacteroides.s__Bacteroides_dorei	1.03992e-06
PWY-7228: superpathway of guanosine nucleotides de novo biosynthesis I|g__Bacteroides.s__Bacteroides_intestinalis	9.16068e-07
PWY-7228: superpathway of guanosine nucleotides de novo biosynthesis I|g__Bacteroides.s__Bacteroides_faecis	8.68191e-07
PWY-7228: superpathway of guanosine nucleotides de novo biosynthesis I|g__Bacteroides.s__Bacteroides_thetaiotaomicron	8.43519e-07
PWY-7228: superpathway of guanosine nucleotides de novo biosynthesis I|g__Bacteroides.s__Bacteroides_ovatus	6.87172e-07
PWY-7228: superpathway of guanosine nucleotides de novo biosynthesis I|g__Eggerthella.s__Eggerthella_lenta	5.75302e-07
PWY-7228: superpathway of guanosine nucleotides de novo biosynthesis I|g__Victivallis.s__Victivallis_vadensis	4.94251e-07
PWY-7228: superpathway of guanosine nucleotides de novo biosynthesis I|g__Streptococcus.s__Streptococcus_oralis	4.93366e-07
PWY-7228: superpathway of guanosine nucleotides de novo biosynthesis I|g__Actinomyces.s__Actinomyces_naeslundii	4.85038e-07
PWY-7228: superpathway of guanosine nucleotides de novo biosynthesis I|g__Bacteroides.s__Bacteroides_fragilis	2.77734e-07
PWY-7228: superpathway of guanosine nucleotides de novo biosynthesis I|g__Actinomyces.s__Actinomyces_oris	2.11971e-07
PWY-7228: superpathway of guanosine nucleotides de novo biosynthesis I|g__Actinomyces.s__Actinomyces_viscosus	6.61303e-08
PWY-8187: L-arginine degradation XIII (reductive Stickland reaction)	0.000236815
PWY-8187: L-arginine degradation XIII (reductive Stickland reaction)|unclassified	9.61918e-05
PWY-8187: L-arginine degradation XIII (reductive Stickland reaction)|g__Senegalimassilia.s__Senegalimassilia_anaerobia	9.85857e-06
PWY-8187: L-arginine degradation XIII (reductive Stickland reaction)|g__Gordonibacter.s__Gordonibacter_urolithinfaciens	3.82667e-06
PWY-8187: L-arginine degradation XIII (reductive Stickland reaction)|g__Streptococcus.s__Streptococcus_sp_A12	1.30248e-06
PWY-8187: L-arginine degradation XIII (reductive Stickland reaction)|g__Lactococcus.s__Lactococcus_lactis	1.26186e-06
PWY-8187: L-arginine degradation XIII (reductive Stickland reaction)|g__Eubacterium.s__Eubacterium_ramulus	1.25548e-06
PWY-8187: L-arginine degradation XIII (reductive Stickland reaction)|g__Butyricimonas.s__Butyricimonas_virosa	9.6385e-07
PWY-8187: L-arginine degradation XIII (reductive Stickland reaction)|g__Asaccharobacter.s__Asaccharobacter_celatus	9.33366e-07
PWY-8187: L-arginine degradation XIII (reductive Stickland reaction)|g__Butyricimonas.s__Butyricimonas_synergistica	8.17104e-07
PWY-8187: L-arginine degradation XIII (reductive Stickland reaction)|g__Actinomyces.s__Actinomyces_naeslundii	7.55322e-07
PWY-8187: L-arginine degradation XIII (reductive Stickland reaction)|g__Eggerthella.s__Eggerthella_lenta	6.01116e-07
PWY-8187: L-arginine degradation XIII (reductive Stickland reaction)|g__Enorma.s__Collinsella_massiliensis	3.43571e-07
PWY-8187: L-arginine degradation XIII (reductive Stickland reaction)|g__Adlercreutzia.s__Adlercreutzia_equolifaciens	2.84736e-07
PWY-8187: L-arginine degradation XIII (reductive Stickland reaction)|g__Actinomyces.s__Actinomyces_viscosus	2.0176e-07
PWY-8187: L-arginine degradation XIII (reductive Stickland reaction)|g__Actinomyces.s__Actinomyces_oris	7.87513e-08
GLYCOCAT-PWY: glycogen degradation I	0.000236437
GLYCOCAT-PWY: glycogen degradation I|g__Coprococcus.s__Coprococcus_catus	2.28116e-06
GLYCOCAT-PWY: glycogen degradation I|g__Eisenbergiella.s__Eisenbergiella_tayi	1.97232e-06
GLYCOCAT-PWY: glycogen degradation I|unclassified	8.62652e-07
GLYCOCAT-PWY: glycogen degradation I|g__Streptococcus.s__Streptococcus_australis	6.51991e-07
GLYCOCAT-PWY: glycogen degradation I|g__Streptococcus.s__Streptococcus_sp_A12	5.04249e-07
ANAEROFRUCAT-PWY: homolactic fermentation	0.000229438
ANAEROFRUCAT-PWY: homolactic fermentation|unclassified	2.88004e-05
PWY0-162: superpathway of pyrimidine ribonucleotides de novo biosynthesis	0.000227297
PWY0-162: superpathway of pyrimidine ribonucleotides de novo biosynthesis|unclassified	2.76681e-05
PWY0-162: superpathway of pyrimidine ribonucleotides de novo biosynthesis|g__Bacteroides.s__Bacteroides_cellulosilyticus	1.45685e-06
PWY0-162: superpathway of pyrimidine ribonucleotides de novo biosynthesis|g__Bacteroides.s__Bacteroides_faecis	6.17157e-07
PWY0-162: superpathway of pyrimidine ribonucleotides de novo biosynthesis|g__Bacteroides.s__Bacteroides_fragilis	3.13565e-07
PWY0-162: superpathway of pyrimidine ribonucleotides de novo biosynthesis|g__Actinomyces.s__Actinomyces_naeslundii	2.62504e-07
PWY0-162: superpathway of pyrimidine ribonucleotides de novo biosynthesis|g__Actinomyces.s__Actinomyces_oris	1.10612e-07
PWY-7761: NAD salvage pathway II (PNC IV cycle)	0.000221413
PWY-7761: NAD salvage pathway II (PNC IV cycle)|unclassified	2.78592e-05
PWY-7761: NAD salvage pathway II (PNC IV cycle)|g__Blautia.s__Blautia_obeum	1.11035e-06
PWY-7282: 4-amino-2-methyl-5-diphosphomethylpyrimidine biosynthesis II	0.00022037
PWY-7282: 4-amino-2-methyl-5-diphosphomethylpyrimidine biosynthesis II|g__Bacteroides.s__Bacteroides_uniformis	5.8641e-05
PWY-7282: 4-amino-2-methyl-5-diphosphomethylpyrimidine biosynthesis II|g__Bacteroides.s__Bacteroides_fragilis	5.62056e-07
GLYCOLYSIS: glycolysis I (from glucose 6-phosphate)	0.000219152
GLYCOLYSIS: glycolysis I (from glucose 6-phosphate)|unclassified	3.42711e-05
GLYCOLYSIS: glycolysis I (from glucose 6-phosphate)|g__Bacteroides.s__Bacteroides_salyersiae	6.87834e-06
GLYCOLYSIS: glycolysis I (from glucose 6-phosphate)|g__Bacteroides.s__Bacteroides_cellulosilyticus	1.30938e-06
GLYCOLYSIS: glycolysis I (from glucose 6-phosphate)|g__Bacteroides.s__Bacteroides_fragilis	5.86675e-07
GLUCONEO-PWY: gluconeogenesis I	0.000216447
GLUCONEO-PWY: gluconeogenesis I|unclassified	3.18226e-05
GLUCONEO-PWY: gluconeogenesis I|g__Bacteroides.s__Bacteroides_salyersiae	6.97578e-06
GLUCONEO-PWY: gluconeogenesis I|g__Bacteroides.s__Bacteroides_cellulosilyticus	1.21222e-06
GLUCONEO-PWY: gluconeogenesis I|g__Bacteroides.s__Bacteroides_fragilis	6.58644e-07
PENTOSE-P-PWY: pentose phosphate pathway	0.000215804
PENTOSE-P-PWY: pentose phosphate pathway|unclassified	9.03879e-06
PENTOSE-P-PWY: pentose phosphate pathway|g__Bifidobacterium.s__Bifidobacterium_bifidum	5.2172e-06
PENTOSE-P-PWY: pentose phosphate pathway|g__Bacteroides.s__Bacteroides_salyersiae	4.16494e-06
PENTOSE-P-PWY: pentose phosphate pathway|g__Parabacteroides.s__Parabacteroides_distasonis	2.97601e-06
PENTOSE-P-PWY: pentose phosphate pathway|g__Eisenbergiella.s__Eisenbergiella_tayi	2.15937e-06
PENTOSE-P-PWY: pentose phosphate pathway|g__Bacteroides.s__Bacteroides_cellulosilyticus	9.69633e-07
PENTOSE-P-PWY: pentose phosphate pathway|g__Bacteroides.s__Bacteroides_fragilis	3.45621e-07
PWY-6936: seleno-amino acid biosynthesis (plants)	0.000210626
PWY-6936: seleno-amino acid biosynthesis (plants)|g__Anaerostipes.s__Anaerostipes_hadrus	1.80595e-05
PWY-6936: seleno-amino acid biosynthesis (plants)|g__Streptococcus.s__Streptococcus_thermophilus	7.2707e-06
PWY-6936: seleno-amino acid biosynthesis (plants)|g__Blautia.s__Ruminococcus_torques	5.40057e-06
PWY-6936: seleno-amino acid biosynthesis (plants)|g__Actinomyces.s__Actinomyces_sp_HPA0247	4.31224e-06
PWY-6936: seleno-amino acid biosynthesis (plants)|g__Eubacterium.s__Eubacterium_eligens	3.54056e-06
PWY-6936: seleno-amino acid biosynthesis (plants)|unclassified	3.1881e-06
PWY-6936: seleno-amino acid biosynthesis (plants)|g__Ruminococcus.s__Ruminococcus_bicirculans	2.86623e-06
PWY-6936: seleno-amino acid biosynthesis (plants)|g__Lachnospira.s__Lachnospira_pectinoschiza	2.26944e-06
PWY-6936: seleno-amino acid biosynthesis (plants)|g__Streptococcus.s__Streptococcus_salivarius	1.64218e-06
PWY-6936: seleno-amino acid biosynthesis (plants)|g__Streptococcus.s__Streptococcus_sp_A12	8.94223e-07
PWY-6936: seleno-amino acid biosynthesis (plants)|g__Eisenbergiella.s__Eisenbergiella_tayi	8.49966e-07
PWY-6936: seleno-amino acid biosynthesis (plants)|g__Lactococcus.s__Lactococcus_lactis	8.34532e-07
PWY-6936: seleno-amino acid biosynthesis (plants)|g__Streptococcus.s__Streptococcus_australis	6.00563e-07
PWY-6936: seleno-amino acid biosynthesis (plants)|g__Actinomyces.s__Actinomyces_viscosus	5.62626e-07
PWY-6936: seleno-amino acid biosynthesis (plants)|g__Streptococcus.s__Streptococcus_oralis	3.38633e-07
PWY-6936: seleno-amino acid biosynthesis (plants)|g__Streptococcus.s__Streptococcus_pneumoniae	2.97449e-07
PWY-6936: seleno-amino acid biosynthesis (plants)|g__Actinomyces.s__Actinomyces_naeslundii	1.40811e-07
PWY-6936: seleno-amino acid biosynthesis (plants)|g__Actinomyces.s__Actinomyces_oris	5.42454e-08
PWY-6823: molybdopterin biosynthesis	0.000208851
PWY-6823: molybdopterin biosynthesis|unclassified	3.96984e-05
PWY-6823: molybdopterin biosynthesis|g__Blautia.s__Blautia_obeum	3.41714e-05
PWY-6823: molybdopterin biosynthesis|g__Faecalibacterium.s__Faecalibacterium_prausnitzii	2.41411e-05
PWY-6823: molybdopterin biosynthesis|g__Senegalimassilia.s__Senegalimassilia_anaerobia	1.24396e-05
PWY-6823: molybdopterin biosynthesis|g__Anaerostipes.s__Anaerostipes_hadrus	1.05977e-05
PWY-6823: molybdopterin biosynthesis|g__Fusicatenibacter.s__Fusicatenibacter_saccharivorans	9.06494e-06
PWY-6823: molybdopterin biosynthesis|g__Blautia.s__Ruminococcus_torques	8.81892e-06
PWY-6823: molybdopterin biosynthesis|g__Dorea.s__Dorea_longicatena	7.65135e-06
PWY-6823: molybdopterin biosynthesis|g__Oscillibacter.s__Oscillibacter_sp_57_20	5.73722e-06
PWY-6823: molybdopterin biosynthesis|g__Eubacterium.s__Eubacterium_hallii	5.2724e-06
PWY-6823: molybdopterin biosynthesis|g__Actinomyces.s__Actinomyces_sp_HPA0247	4.43185e-06
PWY-6823: molybdopterin biosynthesis|g__Gordonibacter.s__Gordonibacter_urolithinfaciens	2.83239e-06
PWY-6823: molybdopterin biosynthesis|g__Blautia.s__Blautia_sp	2.54264e-06
PWY-6823: molybdopterin biosynthesis|g__Bilophila.s__Bilophila_wadsworthia	2.31949e-06
PWY-6823: molybdopterin biosynthesis|g__Lachnospiraceae_unclassified.s__Eubacterium_rectale	2.08308e-06
PWY-6823: molybdopterin biosynthesis|g__Eggerthella.s__Eggerthella_sp_CAG_298	2.00546e-06
PWY-6823: molybdopterin biosynthesis|g__Blautia.s__Blautia_wexlerae	1.6028e-06
PWY-6823: molybdopterin biosynthesis|g__Coprococcus.s__Coprococcus_catus	1.33658e-06
PWY-6823: molybdopterin biosynthesis|g__Actinomyces.s__Actinomyces_naeslundii	9.79475e-07
PWY-6823: molybdopterin biosynthesis|g__Eubacterium.s__Eubacterium_ramulus	7.6794e-07
PWY-6823: molybdopterin biosynthesis|g__Blautia.s__Blautia_hydrogenotrophica	6.72899e-07
PWY-6823: molybdopterin biosynthesis|g__Slackia.s__Slackia_isoflavoniconvertens	6.17567e-07
PWY-6823: molybdopterin biosynthesis|g__Flavonifractor.s__Flavonifractor_plautii	5.38131e-07
PWY-6823: molybdopterin biosynthesis|g__Dorea.s__Dorea_formicigenerans	5.33082e-07
PWY-6823: molybdopterin biosynthesis|g__Eubacterium.s__Eubacterium_maltosivorans	4.36423e-07
PWY-6823: molybdopterin biosynthesis|g__Gordonibacter.s__Gordonibacter_pamelaeae	2.50065e-07
PWY-6823: molybdopterin biosynthesis|g__Clostridium.s__Clostridium_sp_AM22_11AC	2.38037e-07
PWY-6823: molybdopterin biosynthesis|g__Eubacterium.s__Eubacterium_limosum	9.30328e-08
PWY-5484: glycolysis II (from fructose 6-phosphate)	0.000206717
PWY-5484: glycolysis II (from fructose 6-phosphate)|unclassified	2.70417e-05
PWY-5484: glycolysis II (from fructose 6-phosphate)|g__Bacteroides.s__Bacteroides_salyersiae	6.66876e-06
PWY-5484: glycolysis II (from fructose 6-phosphate)|g__Bacteroides.s__Bacteroides_cellulosilyticus	1.30374e-06
PWY-5484: glycolysis II (from fructose 6-phosphate)|g__Bacteroides.s__Bacteroides_fragilis	6.15634e-07
PWY-6125: superpathway of guanosine nucleotides de novo biosynthesis II	0.000204452
PWY-6125: superpathway of guanosine nucleotides de novo biosynthesis II|unclassified	3.34606e-05
PWY-6125: superpathway of guanosine nucleotides de novo biosynthesis II|g__Bacteroides.s__Bacteroides_vulgatus	1.50956e-05
PWY-6125: superpathway of guanosine nucleotides de novo biosynthesis II|g__Bacteroides.s__Bacteroides_salyersiae	7.32708e-06
PWY-6125: superpathway of guanosine nucleotides de novo biosynthesis II|g__Bacteroides.s__Bacteroides_caccae	5.63753e-06
PWY-6125: superpathway of guanosine nucleotides de novo biosynthesis II|g__Bacteroides.s__Bacteroides_massiliensis	4.97147e-06
PWY-6125: superpathway of guanosine nucleotides de novo biosynthesis II|g__Actinomyces.s__Actinomyces_sp_HPA0247	3.98958e-06
PWY-6125: superpathway of guanosine nucleotides de novo biosynthesis II|g__Bacteroides.s__Bacteroides_cellulosilyticus	3.41091e-06
PWY-6125: superpathway of guanosine nucleotides de novo biosynthesis II|g__Streptococcus.s__Streptococcus_thermophilus	3.2259e-06
PWY-6125: superpathway of guanosine nucleotides de novo biosynthesis II|g__Parabacteroides.s__Parabacteroides_distasonis	2.97326e-06
PWY-6125: superpathway of guanosine nucleotides de novo biosynthesis II|g__Bilophila.s__Bilophila_wadsworthia	1.68033e-06
PWY-6125: superpathway of guanosine nucleotides de novo biosynthesis II|g__Streptococcus.s__Streptococcus_salivarius	1.06723e-06
PWY-6125: superpathway of guanosine nucleotides de novo biosynthesis II|g__Bacteroides.s__Bacteroides_dorei	9.56523e-07
PWY-6125: superpathway of guanosine nucleotides de novo biosynthesis II|g__Bacteroides.s__Bacteroides_faecis	8.2922e-07
PWY-6125: superpathway of guanosine nucleotides de novo biosynthesis II|g__Bacteroides.s__Bacteroides_ovatus	5.32599e-07
PWY-6125: superpathway of guanosine nucleotides de novo biosynthesis II|g__Eggerthella.s__Eggerthella_lenta	5.06868e-07
PWY-6125: superpathway of guanosine nucleotides de novo biosynthesis II|g__Bacteroides.s__Bacteroides_thetaiotaomicron	4.89799e-07
PWY-6125: superpathway of guanosine nucleotides de novo biosynthesis II|g__Bacteroides.s__Bacteroides_intestinalis	4.77124e-07
PWY-6125: superpathway of guanosine nucleotides de novo biosynthesis II|g__Streptococcus.s__Streptococcus_oralis	4.49841e-07
PWY-6125: superpathway of guanosine nucleotides de novo biosynthesis II|g__Actinomyces.s__Actinomyces_naeslundii	4.08614e-07
PWY-6125: superpathway of guanosine nucleotides de novo biosynthesis II|g__Bacteroides.s__Bacteroides_fragilis	2.26656e-07
THISYNARA-PWY: superpathway of thiamine diphosphate biosynthesis III (eukaryotes)	0.000204134
THISYNARA-PWY: superpathway of thiamine diphosphate biosynthesis III (eukaryotes)|g__Bacteroides.s__Bacteroides_uniformis	6.02793e-05
THISYNARA-PWY: superpathway of thiamine diphosphate biosynthesis III (eukaryotes)|g__Faecalibacterium.s__Faecalibacterium_prausnitzii	1.69078e-05
THISYNARA-PWY: superpathway of thiamine diphosphate biosynthesis III (eukaryotes)|g__Blautia.s__Blautia_obeum	5.17853e-06
THISYNARA-PWY: superpathway of thiamine diphosphate biosynthesis III (eukaryotes)|g__Bifidobacterium.s__Bifidobacterium_bifidum	4.79685e-06
THISYNARA-PWY: superpathway of thiamine diphosphate biosynthesis III (eukaryotes)|unclassified	4.06725e-06
THISYNARA-PWY: superpathway of thiamine diphosphate biosynthesis III (eukaryotes)|g__Blautia.s__Ruminococcus_torques	3.01176e-06
THISYNARA-PWY: superpathway of thiamine diphosphate biosynthesis III (eukaryotes)|g__Lachnospiraceae_unclassified.s__Eubacterium_rectale	2.54802e-06
THISYNARA-PWY: superpathway of thiamine diphosphate biosynthesis III (eukaryotes)|g__Gordonibacter.s__Gordonibacter_urolithinfaciens	2.01748e-06
THISYNARA-PWY: superpathway of thiamine diphosphate biosynthesis III (eukaryotes)|g__Dorea.s__Dorea_longicatena	1.09137e-06
THISYNARA-PWY: superpathway of thiamine diphosphate biosynthesis III (eukaryotes)|g__Bacteroides.s__Bacteroides_fragilis	4.62562e-07
THISYNARA-PWY: superpathway of thiamine diphosphate biosynthesis III (eukaryotes)|g__Erysipelatoclostridium.s__Clostridium_innocuum	1.96072e-07
COBALSYN-PWY: superpathway of adenosylcobalamin salvage from cobinamide I	0.000202311
COBALSYN-PWY: superpathway of adenosylcobalamin salvage from cobinamide I|g__Bacteroides.s__Bacteroides_uniformis	5.24402e-05
COBALSYN-PWY: superpathway of adenosylcobalamin salvage from cobinamide I|unclassified	2.09124e-05
COBALSYN-PWY: superpathway of adenosylcobalamin salvage from cobinamide I|g__Blautia.s__Blautia_obeum	1.97177e-05
COBALSYN-PWY: superpathway of adenosylcobalamin salvage from cobinamide I|g__Dorea.s__Dorea_longicatena	4.89522e-06
COBALSYN-PWY: superpathway of adenosylcobalamin salvage from cobinamide I|g__Gordonibacter.s__Gordonibacter_pamelaeae	4.04377e-06
COBALSYN-PWY: superpathway of adenosylcobalamin salvage from cobinamide I|g__Blautia.s__Blautia_wexlerae	3.61629e-06
COBALSYN-PWY: superpathway of adenosylcobalamin salvage from cobinamide I|g__Coprococcus.s__Coprococcus_catus	3.56698e-06
COBALSYN-PWY: superpathway of adenosylcobalamin salvage from cobinamide I|g__Blautia.s__Ruminococcus_torques	3.38262e-06
COBALSYN-PWY: superpathway of adenosylcobalamin salvage from cobinamide I|g__Flavonifractor.s__Flavonifractor_plautii	1.93145e-06
COBALSYN-PWY: superpathway of adenosylcobalamin salvage from cobinamide I|g__Collinsella.s__Collinsella_aerofaciens	1.0747e-06
COBALSYN-PWY: superpathway of adenosylcobalamin salvage from cobinamide I|g__Eubacterium.s__Eubacterium_hallii	8.72696e-07
COBALSYN-PWY: superpathway of adenosylcobalamin salvage from cobinamide I|g__Bacteroides.s__Bacteroides_cellulosilyticus	8.50045e-07
COBALSYN-PWY: superpathway of adenosylcobalamin salvage from cobinamide I|g__Eubacterium.s__Eubacterium_maltosivorans	1.89042e-07
COBALSYN-PWY: superpathway of adenosylcobalamin salvage from cobinamide I|g__Eubacterium.s__Eubacterium_limosum	1.42439e-07
PHOSLIPSYN-PWY: superpathway of phospholipid biosynthesis I (bacteria)	0.000201274
PHOSLIPSYN-PWY: superpathway of phospholipid biosynthesis I (bacteria)|g__Fusicatenibacter.s__Fusicatenibacter_saccharivorans	6.08449e-06
PHOSLIPSYN-PWY: superpathway of phospholipid biosynthesis I (bacteria)|unclassified	3.5538e-06
GLUCOSE1PMETAB-PWY: glucose and glucose-1-phosphate degradation	0.000199726
GLUCOSE1PMETAB-PWY: glucose and glucose-1-phosphate degradation|unclassified	2.50187e-05
GLUCOSE1PMETAB-PWY: glucose and glucose-1-phosphate degradation|g__Eisenbergiella.s__Eisenbergiella_tayi	1.95351e-06
PWY-6527: stachyose degradation	0.000199698
PWY-6527: stachyose degradation|unclassified	2.6512e-05
PWY-6527: stachyose degradation|g__Blautia.s__Blautia_obeum	1.90689e-05
PWY-6527: stachyose degradation|g__Blautia.s__Blautia_wexlerae	9.50457e-06
PWY-6527: stachyose degradation|g__Fusicatenibacter.s__Fusicatenibacter_saccharivorans	9.50107e-06
PWY-6527: stachyose degradation|g__Blautia.s__Ruminococcus_torques	8.93524e-06
PWY-6527: stachyose degradation|g__Dorea.s__Dorea_longicatena	8.42322e-06
PWY-6527: stachyose degradation|g__Roseburia.s__Roseburia_sp_CAG_380	3.42569e-06
PWY-6527: stachyose degradation|g__Eisenbergiella.s__Eisenbergiella_tayi	2.73365e-06
PWY-6527: stachyose degradation|g__Ruminococcus.s__Ruminococcus_bicirculans	2.39204e-06
PWY-6527: stachyose degradation|g__Faecalibacterium.s__Faecalibacterium_prausnitzii	2.20119e-06
PWY-6527: stachyose degradation|g__Eubacterium.s__Eubacterium_ramulus	1.2971e-06
PWY-6527: stachyose degradation|g__Lachnospiraceae_unclassified.s__Eubacterium_rectale	7.66754e-07
PWY-6527: stachyose degradation|g__Ruminococcaceae_unclassified.s__Eubacterium_siraeum	7.14619e-07
PWY-6527: stachyose degradation|g__Roseburia.s__Roseburia_intestinalis	6.54221e-07
PWY-6527: stachyose degradation|g__Flavonifractor.s__Flavonifractor_plautii	5.92039e-07
PWY-6527: stachyose degradation|g__Blautia.s__Blautia_sp	5.24318e-07
PWY-6527: stachyose degradation|g__Streptococcus.s__Streptococcus_oralis	9.06946e-08
PWY-6527: stachyose degradation|g__Streptococcus.s__Streptococcus_pneumoniae	8.25453e-08
PWY-6901: superpathway of glucose and xylose degradation	0.000199519
PWY-6901: superpathway of glucose and xylose degradation|unclassified	1.45433e-05
PWY0-845: superpathway of pyridoxal 5'-phosphate biosynthesis and salvage	0.000193478
PWY0-845: superpathway of pyridoxal 5'-phosphate biosynthesis and salvage|g__Bacteroides.s__Bacteroides_uniformis	5.30804e-05
PWY0-845: superpathway of pyridoxal 5'-phosphate biosynthesis and salvage|g__Bacteroides.s__Bacteroides_caccae	5.21144e-06
PWY0-845: superpathway of pyridoxal 5'-phosphate biosynthesis and salvage|g__Parabacteroides.s__Parabacteroides_distasonis	2.75883e-06
PWY0-845: superpathway of pyridoxal 5'-phosphate biosynthesis and salvage|g__Bacteroides.s__Bacteroides_cellulosilyticus	8.50447e-07
PWY0-845: superpathway of pyridoxal 5'-phosphate biosynthesis and salvage|g__Bacteroides.s__Bacteroides_ovatus	4.24082e-07
PWY0-845: superpathway of pyridoxal 5'-phosphate biosynthesis and salvage|g__Bacteroides.s__Bacteroides_fragilis	3.85334e-07
PWY0-845: superpathway of pyridoxal 5'-phosphate biosynthesis and salvage|g__Bacteroides.s__Bacteroides_faecis	2.42356e-07
PWY0-845: superpathway of pyridoxal 5'-phosphate biosynthesis and salvage|g__Bacteroides.s__Bacteroides_thetaiotaomicron	1.58862e-07
RHAMCAT-PWY: L-rhamnose degradation I	0.000187918
RHAMCAT-PWY: L-rhamnose degradation I|g__Bacteroides.s__Bacteroides_uniformis	5.3126e-05
RHAMCAT-PWY: L-rhamnose degradation I|unclassified	1.61378e-05
RHAMCAT-PWY: L-rhamnose degradation I|g__Bacteroides.s__Bacteroides_vulgatus	1.26768e-05
RHAMCAT-PWY: L-rhamnose degradation I|g__Senegalimassilia.s__Senegalimassilia_anaerobia	1.24633e-05
RHAMCAT-PWY: L-rhamnose degradation I|g__Bacteroides.s__Bacteroides_caccae	4.34255e-06
RHAMCAT-PWY: L-rhamnose degradation I|g__Bacteroides.s__Bacteroides_cellulosilyticus	4.0569e-06
RHAMCAT-PWY: L-rhamnose degradation I|g__Eubacterium.s__Eubacterium_eligens	3.90126e-06
RHAMCAT-PWY: L-rhamnose degradation I|g__Blautia.s__Ruminococcus_torques	1.56746e-06
RHAMCAT-PWY: L-rhamnose degradation I|g__Eisenbergiella.s__Eisenbergiella_tayi	1.08793e-06
RHAMCAT-PWY: L-rhamnose degradation I|g__Asaccharobacter.s__Asaccharobacter_celatus	9.09125e-07
RHAMCAT-PWY: L-rhamnose degradation I|g__Adlercreutzia.s__Adlercreutzia_equolifaciens	8.5166e-07
RHAMCAT-PWY: L-rhamnose degradation I|g__Bacteroides.s__Bacteroides_faecis	8.46173e-07
RHAMCAT-PWY: L-rhamnose degradation I|g__Bacteroides.s__Bacteroides_dorei	8.37155e-07
RHAMCAT-PWY: L-rhamnose degradation I|g__Bacteroides.s__Bacteroides_ovatus	4.03681e-07
RHAMCAT-PWY: L-rhamnose degradation I|g__Bacteroides.s__Bacteroides_thetaiotaomicron	3.77162e-07
RHAMCAT-PWY: L-rhamnose degradation I|g__Bacteroides.s__Bacteroides_fragilis	1.23165e-07
ASPASN-PWY: superpathway of L-aspartate and L-asparagine biosynthesis	0.000185661
ASPASN-PWY: superpathway of L-aspartate and L-asparagine biosynthesis|g__Bacteroides.s__Bacteroides_uniformis	2.59162e-05
ASPASN-PWY: superpathway of L-aspartate and L-asparagine biosynthesis|unclassified	2.55531e-05
ASPASN-PWY: superpathway of L-aspartate and L-asparagine biosynthesis|g__Bacteroides.s__Bacteroides_vulgatus	1.60261e-05
ASPASN-PWY: superpathway of L-aspartate and L-asparagine biosynthesis|g__Blautia.s__Blautia_obeum	7.15988e-06
ASPASN-PWY: superpathway of L-aspartate and L-asparagine biosynthesis|g__Streptococcus.s__Streptococcus_thermophilus	4.63547e-06
ASPASN-PWY: superpathway of L-aspartate and L-asparagine biosynthesis|g__Bacteroides.s__Bacteroides_massiliensis	4.43389e-06
ASPASN-PWY: superpathway of L-aspartate and L-asparagine biosynthesis|g__Bacteroides.s__Bacteroides_cellulosilyticus	3.9026e-06
ASPASN-PWY: superpathway of L-aspartate and L-asparagine biosynthesis|g__Parabacteroides.s__Parabacteroides_distasonis	3.2652e-06
ASPASN-PWY: superpathway of L-aspartate and L-asparagine biosynthesis|g__Blautia.s__Ruminococcus_torques	2.5206e-06
ASPASN-PWY: superpathway of L-aspartate and L-asparagine biosynthesis|g__Flavonifractor.s__Flavonifractor_plautii	1.46066e-06
ASPASN-PWY: superpathway of L-aspartate and L-asparagine biosynthesis|g__Bacteroides.s__Bacteroides_dorei	1.22245e-06
ASPASN-PWY: superpathway of L-aspartate and L-asparagine biosynthesis|g__Butyricimonas.s__Butyricimonas_virosa	9.53816e-07
ASPASN-PWY: superpathway of L-aspartate and L-asparagine biosynthesis|g__Bacteroides.s__Bacteroides_fragilis	8.51472e-07
ASPASN-PWY: superpathway of L-aspartate and L-asparagine biosynthesis|g__Butyricimonas.s__Butyricimonas_synergistica	7.56799e-07
ASPASN-PWY: superpathway of L-aspartate and L-asparagine biosynthesis|g__Blautia.s__Blautia_sp	6.65811e-07
ASPASN-PWY: superpathway of L-aspartate and L-asparagine biosynthesis|g__Blautia.s__Blautia_wexlerae	6.00154e-07
ASPASN-PWY: superpathway of L-aspartate and L-asparagine biosynthesis|g__Streptococcus.s__Streptococcus_oralis	5.17406e-07
PWY-7208: superpathway of pyrimidine nucleobases salvage	0.000184323
PWY-7208: superpathway of pyrimidine nucleobases salvage|unclassified	3.54759e-05
PWY-7208: superpathway of pyrimidine nucleobases salvage|g__Senegalimassilia.s__Senegalimassilia_anaerobia	1.39916e-05
PWY-7208: superpathway of pyrimidine nucleobases salvage|g__Blautia.s__Blautia_obeum	1.33381e-05
PWY-7208: superpathway of pyrimidine nucleobases salvage|g__Collinsella.s__Collinsella_aerofaciens	4.49319e-06
PWY-7208: superpathway of pyrimidine nucleobases salvage|g__Coprococcus.s__Coprococcus_catus	3.06643e-06
PWY-7208: superpathway of pyrimidine nucleobases salvage|g__Streptococcus.s__Streptococcus_thermophilus	3.06474e-06
PWY-7208: superpathway of pyrimidine nucleobases salvage|g__Phascolarctobacterium.s__Phascolarctobacterium_faecium	2.80868e-06
PWY-7208: superpathway of pyrimidine nucleobases salvage|g__Eggerthella.s__Eggerthella_sp_CAG_298	2.16625e-06
PWY-7208: superpathway of pyrimidine nucleobases salvage|g__Streptococcus.s__Streptococcus_salivarius	1.48994e-06
PWY-7208: superpathway of pyrimidine nucleobases salvage|g__Bilophila.s__Bilophila_wadsworthia	1.47455e-06
PWY-7208: superpathway of pyrimidine nucleobases salvage|g__Adlercreutzia.s__Adlercreutzia_equolifaciens	1.21645e-06
PWY-7208: superpathway of pyrimidine nucleobases salvage|g__Bacteroides.s__Bacteroides_cellulosilyticus	7.80643e-07
PWY-7208: superpathway of pyrimidine nucleobases salvage|g__Asaccharobacter.s__Asaccharobacter_celatus	5.48315e-07
PWY-7208: superpathway of pyrimidine nucleobases salvage|g__Eggerthella.s__Eggerthella_lenta	5.15265e-07
PWY-7208: superpathway of pyrimidine nucleobases salvage|g__Blautia.s__Blautia_sp	3.50702e-07
PWY-7208: superpathway of pyrimidine nucleobases salvage|g__Actinomyces.s__Actinomyces_naeslundii	3.31876e-07
PWY-7208: superpathway of pyrimidine nucleobases salvage|g__Streptococcus.s__Streptococcus_oralis	2.3141e-07
PWY-7208: superpathway of pyrimidine nucleobases salvage|g__Victivallis.s__Victivallis_vadensis	2.19903e-07
PWY-7208: superpathway of pyrimidine nucleobases salvage|g__Bacteroides.s__Bacteroides_fragilis	1.87912e-07
PWY-7208: superpathway of pyrimidine nucleobases salvage|g__Actinomyces.s__Actinomyces_oris	1.59617e-07
PWY-7208: superpathway of pyrimidine nucleobases salvage|g__Lentisphaerae_unclassified.s__Lentisphaerae_bacterium	1.25137e-07
PWY-5188: tetrapyrrole biosynthesis I (from glutamate)	0.000181062
PWY-5188: tetrapyrrole biosynthesis I (from glutamate)|g__Akkermansia.s__Akkermansia_muciniphila	3.36912e-05
PWY-5188: tetrapyrrole biosynthesis I (from glutamate)|unclassified	1.48475e-05
PWY-5188: tetrapyrrole biosynthesis I (from glutamate)|g__Blautia.s__Blautia_obeum	1.21338e-05
PWY-5188: tetrapyrrole biosynthesis I (from glutamate)|g__Ruminococcus.s__Ruminococcus_bromii	1.13777e-05
PWY-5188: tetrapyrrole biosynthesis I (from glutamate)|g__Anaerostipes.s__Anaerostipes_hadrus	9.66636e-06
PWY-5188: tetrapyrrole biosynthesis I (from glutamate)|g__Actinomyces.s__Actinomyces_sp_HPA0247	5.88991e-06
PWY-5188: tetrapyrrole biosynthesis I (from glutamate)|g__Ruminococcus.s__Ruminococcus_bicirculans	3.69004e-06
PWY-5188: tetrapyrrole biosynthesis I (from glutamate)|g__Gordonibacter.s__Gordonibacter_urolithinfaciens	3.2877e-06
PWY-5188: tetrapyrrole biosynthesis I (from glutamate)|g__Roseburia.s__Roseburia_sp_CAG_380	3.12131e-06
PWY-5188: tetrapyrrole biosynthesis I (from glutamate)|g__Eubacterium.s__Eubacterium_eligens	3.1153e-06
PWY-5188: tetrapyrrole biosynthesis I (from glutamate)|g__Blautia.s__Blautia_wexlerae	2.79699e-06
PWY-5188: tetrapyrrole biosynthesis I (from glutamate)|g__Eisenbergiella.s__Eisenbergiella_tayi	1.47013e-06
PWY-5188: tetrapyrrole biosynthesis I (from glutamate)|g__Bilophila.s__Bilophila_wadsworthia	1.06902e-06
PWY-5188: tetrapyrrole biosynthesis I (from glutamate)|g__Intestinibacter.s__Intestinibacter_bartlettii	1.05037e-06
PWY-5188: tetrapyrrole biosynthesis I (from glutamate)|g__Eubacterium.s__Eubacterium_ramulus	8.87443e-07
PWY-5188: tetrapyrrole biosynthesis I (from glutamate)|g__Blautia.s__Blautia_sp	7.6791e-07
PWY-5188: tetrapyrrole biosynthesis I (from glutamate)|g__Blautia.s__Blautia_sp_CAG_52	4.00192e-07
PWY-5188: tetrapyrrole biosynthesis I (from glutamate)|g__Eubacterium.s__Eubacterium_limosum	2.33173e-07
PWY-5188: tetrapyrrole biosynthesis I (from glutamate)|g__Eubacterium.s__Eubacterium_maltosivorans	7.16091e-08
PWY-7234: inosine-5'-phosphate biosynthesis III	0.000173116
PWY-7234: inosine-5'-phosphate biosynthesis III|unclassified	4.51424e-05
PWY-7234: inosine-5'-phosphate biosynthesis III|g__Alistipes.s__Alistipes_finegoldii	3.14119e-05
PWY-7234: inosine-5'-phosphate biosynthesis III|g__Streptococcus.s__Streptococcus_thermophilus	7.27449e-06
PWY-7234: inosine-5'-phosphate biosynthesis III|g__Bifidobacterium.s__Bifidobacterium_catenulatum	3.12589e-06
PWY-7234: inosine-5'-phosphate biosynthesis III|g__Coprococcus.s__Coprococcus_catus	1.71723e-06
PWY-7234: inosine-5'-phosphate biosynthesis III|g__Lactococcus.s__Lactococcus_lactis	9.93858e-07
PWY-7234: inosine-5'-phosphate biosynthesis III|g__Alistipes.s__Alistipes_onderdonkii	8.98101e-07
PWY-7234: inosine-5'-phosphate biosynthesis III|g__Streptococcus.s__Streptococcus_parasanguinis	6.7489e-07
PWY-7234: inosine-5'-phosphate biosynthesis III|g__Streptococcus.s__Streptococcus_australis	5.51713e-07
PWY-7234: inosine-5'-phosphate biosynthesis III|g__Bifidobacterium.s__Bifidobacterium_adolescentis	3.46321e-07
PWY-7234: inosine-5'-phosphate biosynthesis III|g__Streptococcus.s__Streptococcus_oralis	3.45532e-07
PWY-7234: inosine-5'-phosphate biosynthesis III|g__Streptococcus.s__Streptococcus_sp_A12	3.3298e-07
PWY-7234: inosine-5'-phosphate biosynthesis III|g__Streptococcus.s__Streptococcus_pneumoniae	1.77384e-07
PWY-7234: inosine-5'-phosphate biosynthesis III|g__Streptococcus.s__Streptococcus_salivarius	9.93942e-08
PWY-7237: myo-, chiro- and scyllo-inositol degradation	0.000173095
PWY-7237: myo-, chiro- and scyllo-inositol degradation|unclassified	2.73012e-05
PWY-7237: myo-, chiro- and scyllo-inositol degradation|g__Blautia.s__Blautia_obeum	2.47978e-05
PWY-7237: myo-, chiro- and scyllo-inositol degradation|g__Anaerostipes.s__Anaerostipes_hadrus	2.09078e-05
PWY-7237: myo-, chiro- and scyllo-inositol degradation|g__Blautia.s__Blautia_sp	1.4399e-06
PWY-6628: superpathway of L-phenylalanine biosynthesis	0.000167298
PWY-6628: superpathway of L-phenylalanine biosynthesis|unclassified	1.12126e-05
PWY-6628: superpathway of L-phenylalanine biosynthesis|g__Streptococcus.s__Streptococcus_thermophilus	4.40432e-06
PWY-6628: superpathway of L-phenylalanine biosynthesis|g__Streptococcus.s__Streptococcus_sp_A12	9.09893e-07
PWY-6628: superpathway of L-phenylalanine biosynthesis|g__Bifidobacterium.s__Bifidobacterium_longum	6.94265e-07
PYRIDOXSYN-PWY: pyridoxal 5'-phosphate biosynthesis I	0.000162756
PYRIDOXSYN-PWY: pyridoxal 5'-phosphate biosynthesis I|g__Bacteroides.s__Bacteroides_uniformis	5.34305e-05
PYRIDOXSYN-PWY: pyridoxal 5'-phosphate biosynthesis I|g__Bacteroides.s__Bacteroides_caccae	5.95725e-06
PYRIDOXSYN-PWY: pyridoxal 5'-phosphate biosynthesis I|g__Parabacteroides.s__Parabacteroides_distasonis	2.98472e-06
PYRIDOXSYN-PWY: pyridoxal 5'-phosphate biosynthesis I|g__Bacteroides.s__Bacteroides_cellulosilyticus	1.81047e-06
PYRIDOXSYN-PWY: pyridoxal 5'-phosphate biosynthesis I|g__Bacteroides.s__Bacteroides_ovatus	6.9953e-07
PYRIDOXSYN-PWY: pyridoxal 5'-phosphate biosynthesis I|g__Bacteroides.s__Bacteroides_thetaiotaomicron	3.15986e-07
PYRIDOXSYN-PWY: pyridoxal 5'-phosphate biosynthesis I|g__Bacteroides.s__Bacteroides_fragilis	3.073e-07
PYRIDOXSYN-PWY: pyridoxal 5'-phosphate biosynthesis I|g__Bacteroides.s__Bacteroides_faecis	1.34196e-07
PWY-2941: L-lysine biosynthesis II	0.00015898
PWY-2941: L-lysine biosynthesis II|unclassified	9.46821e-06
PWY-2941: L-lysine biosynthesis II|g__Streptococcus.s__Streptococcus_thermophilus	5.5654e-06
PWY-2941: L-lysine biosynthesis II|g__Blautia.s__Ruminococcus_torques	4.23184e-06
PWY-2941: L-lysine biosynthesis II|g__Lactococcus.s__Lactococcus_lactis	7.50914e-07
PWY-2941: L-lysine biosynthesis II|g__Streptococcus.s__Streptococcus_salivarius	6.42737e-07
PWY-2941: L-lysine biosynthesis II|g__Streptococcus.s__Streptococcus_oralis	5.63026e-07
PWY-2941: L-lysine biosynthesis II|g__Bacteroides.s__Bacteroides_fragilis	4.93834e-07
PWY-2941: L-lysine biosynthesis II|g__Eubacterium.s__Eubacterium_maltosivorans	3.35602e-07
PWY-2941: L-lysine biosynthesis II|g__Streptococcus.s__Streptococcus_pneumoniae	2.72546e-07
PWY-2941: L-lysine biosynthesis II|g__Eubacterium.s__Eubacterium_limosum	2.47192e-07
PWY-7345: superpathway of anaerobic sucrose degradation	0.000152979
PWY-7345: superpathway of anaerobic sucrose degradation|unclassified	5.75825e-06
PWY-6147: 6-hydroxymethyl-dihydropterin diphosphate biosynthesis I	0.000151469
PWY-6147: 6-hydroxymethyl-dihydropterin diphosphate biosynthesis I|g__Bacteroides.s__Bacteroides_uniformis	4.98069e-05
PWY-6147: 6-hydroxymethyl-dihydropterin diphosphate biosynthesis I|g__Bacteroides.s__Bacteroides_vulgatus	4.73066e-06
PWY-6147: 6-hydroxymethyl-dihydropterin diphosphate biosynthesis I|g__Streptococcus.s__Streptococcus_thermophilus	3.5771e-06
PWY-6147: 6-hydroxymethyl-dihydropterin diphosphate biosynthesis I|g__Parabacteroides.s__Parabacteroides_distasonis	3.25716e-06
PWY-6147: 6-hydroxymethyl-dihydropterin diphosphate biosynthesis I|g__Bacteroides.s__Bacteroides_cellulosilyticus	2.2841e-06
PWY-6147: 6-hydroxymethyl-dihydropterin diphosphate biosynthesis I|g__Bacteroides.s__Bacteroides_dorei	1.4452e-06
PWY-6147: 6-hydroxymethyl-dihydropterin diphosphate biosynthesis I|g__Streptococcus.s__Streptococcus_oralis	6.94834e-07
PWY-6147: 6-hydroxymethyl-dihydropterin diphosphate biosynthesis I|g__Prevotella.s__Prevotella_copri	6.72389e-07
PWY-6147: 6-hydroxymethyl-dihydropterin diphosphate biosynthesis I|g__Bacteroides.s__Bacteroides_fragilis	5.86323e-07
PWY-6147: 6-hydroxymethyl-dihydropterin diphosphate biosynthesis I|g__Streptococcus.s__Streptococcus_pneumoniae	1.68327e-07
CITRULBIO-PWY: L-citrulline biosynthesis	0.00015126
CITRULBIO-PWY: L-citrulline biosynthesis|g__Alistipes.s__Alistipes_finegoldii	2.93617e-05
CITRULBIO-PWY: L-citrulline biosynthesis|unclassified	2.93457e-05
CITRULBIO-PWY: L-citrulline biosynthesis|g__Alistipes.s__Alistipes_onderdonkii	3.16718e-06
CITRULBIO-PWY: L-citrulline biosynthesis|g__Coprococcus.s__Coprococcus_catus	2.35376e-06
CITRULBIO-PWY: L-citrulline biosynthesis|g__Flavonifractor.s__Flavonifractor_plautii	1.30367e-06
PWY-7220: adenosine deoxyribonucleotides de novo biosynthesis II	0.000149747
PWY-7220: adenosine deoxyribonucleotides de novo biosynthesis II|unclassified	2.2406e-05
PWY-7220: adenosine deoxyribonucleotides de novo biosynthesis II|g__Bacteroides.s__Bacteroides_vulgatus	1.71651e-05
PWY-7220: adenosine deoxyribonucleotides de novo biosynthesis II|g__Bacteroides.s__Bacteroides_salyersiae	6.67686e-06
PWY-7220: adenosine deoxyribonucleotides de novo biosynthesis II|g__Actinomyces.s__Actinomyces_sp_HPA0247	4.67961e-06
PWY-7220: adenosine deoxyribonucleotides de novo biosynthesis II|g__Bacteroides.s__Bacteroides_massiliensis	4.62471e-06
PWY-7220: adenosine deoxyribonucleotides de novo biosynthesis II|g__Bacteroides.s__Bacteroides_caccae	4.40276e-06
PWY-7220: adenosine deoxyribonucleotides de novo biosynthesis II|g__Parabacteroides.s__Parabacteroides_distasonis	3.04571e-06
PWY-7220: adenosine deoxyribonucleotides de novo biosynthesis II|g__Bacteroides.s__Bacteroides_intestinalis	2.88663e-06
PWY-7220: adenosine deoxyribonucleotides de novo biosynthesis II|g__Bacteroides.s__Bacteroides_cellulosilyticus	2.83522e-06
PWY-7220: adenosine deoxyribonucleotides de novo biosynthesis II|g__Streptococcus.s__Streptococcus_thermophilus	2.62655e-06
PWY-7220: adenosine deoxyribonucleotides de novo biosynthesis II|g__Streptococcus.s__Streptococcus_salivarius	1.84615e-06
PWY-7220: adenosine deoxyribonucleotides de novo biosynthesis II|g__Bilophila.s__Bilophila_wadsworthia	1.82455e-06
PWY-7220: adenosine deoxyribonucleotides de novo biosynthesis II|g__Streptococcus.s__Streptococcus_oralis	1.1565e-06
PWY-7220: adenosine deoxyribonucleotides de novo biosynthesis II|g__Actinomyces.s__Actinomyces_viscosus	9.49038e-07
PWY-7220: adenosine deoxyribonucleotides de novo biosynthesis II|g__Bacteroides.s__Bacteroides_dorei	8.88959e-07
PWY-7220: adenosine deoxyribonucleotides de novo biosynthesis II|g__Bacteroides.s__Bacteroides_faecis	8.02643e-07
PWY-7220: adenosine deoxyribonucleotides de novo biosynthesis II|g__Bacteroides.s__Bacteroides_ovatus	7.22061e-07
PWY-7220: adenosine deoxyribonucleotides de novo biosynthesis II|g__Eggerthella.s__Eggerthella_lenta	4.7608e-07
PWY-7220: adenosine deoxyribonucleotides de novo biosynthesis II|g__Bacteroides.s__Bacteroides_thetaiotaomicron	3.14982e-07
PWY-7220: adenosine deoxyribonucleotides de novo biosynthesis II|g__Actinomyces.s__Actinomyces_oris	3.11242e-07
PWY-7220: adenosine deoxyribonucleotides de novo biosynthesis II|g__Actinomyces.s__Actinomyces_naeslundii	2.97409e-07
PWY-7220: adenosine deoxyribonucleotides de novo biosynthesis II|g__Bacteroides.s__Bacteroides_fragilis	1.58948e-07
PWY-7222: guanosine deoxyribonucleotides de novo biosynthesis II	0.000149747
PWY-7222: guanosine deoxyribonucleotides de novo biosynthesis II|unclassified	2.2406e-05
PWY-7222: guanosine deoxyribonucleotides de novo biosynthesis II|g__Bacteroides.s__Bacteroides_vulgatus	1.71651e-05
PWY-7222: guanosine deoxyribonucleotides de novo biosynthesis II|g__Bacteroides.s__Bacteroides_salyersiae	6.67686e-06
PWY-7222: guanosine deoxyribonucleotides de novo biosynthesis II|g__Actinomyces.s__Actinomyces_sp_HPA0247	4.67961e-06
PWY-7222: guanosine deoxyribonucleotides de novo biosynthesis II|g__Bacteroides.s__Bacteroides_massiliensis	4.62471e-06
PWY-7222: guanosine deoxyribonucleotides de novo biosynthesis II|g__Bacteroides.s__Bacteroides_caccae	4.40276e-06
PWY-7222: guanosine deoxyribonucleotides de novo biosynthesis II|g__Parabacteroides.s__Parabacteroides_distasonis	3.04571e-06
PWY-7222: guanosine deoxyribonucleotides de novo biosynthesis II|g__Bacteroides.s__Bacteroides_intestinalis	2.88663e-06
PWY-7222: guanosine deoxyribonucleotides de novo biosynthesis II|g__Bacteroides.s__Bacteroides_cellulosilyticus	2.83522e-06
PWY-7222: guanosine deoxyribonucleotides de novo biosynthesis II|g__Streptococcus.s__Streptococcus_thermophilus	2.62655e-06
PWY-7222: guanosine deoxyribonucleotides de novo biosynthesis II|g__Streptococcus.s__Streptococcus_salivarius	1.84615e-06
PWY-7222: guanosine deoxyribonucleotides de novo biosynthesis II|g__Bilophila.s__Bilophila_wadsworthia	1.82455e-06
PWY-7222: guanosine deoxyribonucleotides de novo biosynthesis II|g__Streptococcus.s__Streptococcus_oralis	1.1565e-06
PWY-7222: guanosine deoxyribonucleotides de novo biosynthesis II|g__Actinomyces.s__Actinomyces_viscosus	9.49038e-07
PWY-7222: guanosine deoxyribonucleotides de novo biosynthesis II|g__Bacteroides.s__Bacteroides_dorei	8.88959e-07
PWY-7222: guanosine deoxyribonucleotides de novo biosynthesis II|g__Bacteroides.s__Bacteroides_faecis	8.02643e-07
PWY-7222: guanosine deoxyribonucleotides de novo biosynthesis II|g__Bacteroides.s__Bacteroides_ovatus	7.22061e-07
PWY-7222: guanosine deoxyribonucleotides de novo biosynthesis II|g__Eggerthella.s__Eggerthella_lenta	4.7608e-07
PWY-7222: guanosine deoxyribonucleotides de novo biosynthesis II|g__Bacteroides.s__Bacteroides_thetaiotaomicron	3.14982e-07
PWY-7222: guanosine deoxyribonucleotides de novo biosynthesis II|g__Actinomyces.s__Actinomyces_oris	3.11242e-07
PWY-7222: guanosine deoxyribonucleotides de novo biosynthesis II|g__Actinomyces.s__Actinomyces_naeslundii	2.97409e-07
PWY-7222: guanosine deoxyribonucleotides de novo biosynthesis II|g__Bacteroides.s__Bacteroides_fragilis	1.58948e-07
PWY-7383: anaerobic energy metabolism (invertebrates, cytosol)	0.000148796
PWY-7383: anaerobic energy metabolism (invertebrates, cytosol)|unclassified	2.30303e-05
PWY4FS-7: phosphatidylglycerol biosynthesis I (plastidic)	0.000148468
PWY4FS-7: phosphatidylglycerol biosynthesis I (plastidic)|g__Fusicatenibacter.s__Fusicatenibacter_saccharivorans	5.57101e-06
PWY4FS-7: phosphatidylglycerol biosynthesis I (plastidic)|g__Streptococcus.s__Streptococcus_thermophilus	4.22523e-06
PWY4FS-7: phosphatidylglycerol biosynthesis I (plastidic)|unclassified	2.17621e-06
PWY4FS-7: phosphatidylglycerol biosynthesis I (plastidic)|g__Faecalibacterium.s__Faecalibacterium_prausnitzii	2.15722e-06
PWY4FS-7: phosphatidylglycerol biosynthesis I (plastidic)|g__Streptococcus.s__Streptococcus_salivarius	2.61316e-07
PWY4FS-7: phosphatidylglycerol biosynthesis I (plastidic)|g__Streptococcus.s__Streptococcus_pneumoniae	1.362e-07
PWY4FS-8: phosphatidylglycerol biosynthesis II (non-plastidic)	0.000148457
PWY4FS-8: phosphatidylglycerol biosynthesis II (non-plastidic)|g__Fusicatenibacter.s__Fusicatenibacter_saccharivorans	5.57101e-06
PWY4FS-8: phosphatidylglycerol biosynthesis II (non-plastidic)|g__Streptococcus.s__Streptococcus_thermophilus	4.22523e-06
PWY4FS-8: phosphatidylglycerol biosynthesis II (non-plastidic)|unclassified	2.17621e-06
PWY4FS-8: phosphatidylglycerol biosynthesis II (non-plastidic)|g__Faecalibacterium.s__Faecalibacterium_prausnitzii	2.15722e-06
PWY4FS-8: phosphatidylglycerol biosynthesis II (non-plastidic)|g__Streptococcus.s__Streptococcus_salivarius	2.61316e-07
PWY4FS-8: phosphatidylglycerol biosynthesis II (non-plastidic)|g__Streptococcus.s__Streptococcus_pneumoniae	1.36064e-07
COLANSYN-PWY: colanic acid building blocks biosynthesis	0.00014475
COLANSYN-PWY: colanic acid building blocks biosynthesis|unclassified	1.65101e-05
COLANSYN-PWY: colanic acid building blocks biosynthesis|g__Faecalibacterium.s__Faecalibacterium_prausnitzii	1.89276e-06
PWY66-399: gluconeogenesis III	0.000140154
PWY66-399: gluconeogenesis III|unclassified	1.97574e-05
PWY-5659: GDP-mannose biosynthesis	0.000139652
PWY-5659: GDP-mannose biosynthesis|unclassified	2.4182e-05
PWY-5659: GDP-mannose biosynthesis|g__Bacteroides.s__Bacteroides_vulgatus	7.48032e-06
PWY-5659: GDP-mannose biosynthesis|g__Streptococcus.s__Streptococcus_thermophilus	5.41162e-06
PWY-5659: GDP-mannose biosynthesis|g__Actinomyces.s__Actinomyces_sp_HPA0247	4.10108e-06
PWY-5659: GDP-mannose biosynthesis|g__Faecalibacterium.s__Faecalibacterium_prausnitzii	2.53281e-06
PWY-5659: GDP-mannose biosynthesis|g__Coprococcus.s__Coprococcus_catus	1.77436e-06
PWY-5659: GDP-mannose biosynthesis|g__Bacteroides.s__Bacteroides_cellulosilyticus	1.6585e-06
PWY-5659: GDP-mannose biosynthesis|g__Ruminococcus.s__Ruminococcus_bicirculans	1.48036e-06
PWY-5659: GDP-mannose biosynthesis|g__Lachnospiraceae_unclassified.s__Eubacterium_rectale	1.38384e-06
PWY-5659: GDP-mannose biosynthesis|g__Alistipes.s__Alistipes_shahii	1.08534e-06
PWY-5659: GDP-mannose biosynthesis|g__Bacteroides.s__Bacteroides_dorei	1.04545e-06
PWY-5659: GDP-mannose biosynthesis|g__Blautia.s__Blautia_obeum	6.76316e-07
PWY-5659: GDP-mannose biosynthesis|g__Roseburia.s__Roseburia_intestinalis	3.92407e-07
PWY-5659: GDP-mannose biosynthesis|g__Ruminococcaceae_unclassified.s__Eubacterium_siraeum	3.63962e-07
PWY-5659: GDP-mannose biosynthesis|g__Roseburia.s__Roseburia_faecis	2.82884e-07
ARGININE-SYN4-PWY: L-ornithine biosynthesis II	0.000137656
ARGININE-SYN4-PWY: L-ornithine biosynthesis II|g__Bacteroides.s__Bacteroides_uniformis	5.04573e-05
ARGININE-SYN4-PWY: L-ornithine biosynthesis II|unclassified	2.01108e-05
ARGININE-SYN4-PWY: L-ornithine biosynthesis II|g__Bacteroides.s__Bacteroides_vulgatus	1.52141e-05
ARGININE-SYN4-PWY: L-ornithine biosynthesis II|g__Bacteroides.s__Bacteroides_salyersiae	7.65229e-06
ARGININE-SYN4-PWY: L-ornithine biosynthesis II|g__Bacteroides.s__Bacteroides_caccae	4.38767e-06
ARGININE-SYN4-PWY: L-ornithine biosynthesis II|g__Bacteroides.s__Bacteroides_cellulosilyticus	4.13476e-06
ARGININE-SYN4-PWY: L-ornithine biosynthesis II|g__Bacteroides.s__Bacteroides_massiliensis	3.88467e-06
ARGININE-SYN4-PWY: L-ornithine biosynthesis II|g__Parabacteroides.s__Parabacteroides_distasonis	2.80797e-06
ARGININE-SYN4-PWY: L-ornithine biosynthesis II|g__Bacteroides.s__Bacteroides_fragilis	1.01065e-06
ARGININE-SYN4-PWY: L-ornithine biosynthesis II|g__Bacteroides.s__Bacteroides_dorei	9.5672e-07
ARGININE-SYN4-PWY: L-ornithine biosynthesis II|g__Bacteroides.s__Bacteroides_faecis	4.76462e-07
ARGININE-SYN4-PWY: L-ornithine biosynthesis II|g__Bacteroides.s__Bacteroides_ovatus	3.16416e-07
ARGININE-SYN4-PWY: L-ornithine biosynthesis II|g__Bacteroides.s__Bacteroides_thetaiotaomicron	2.45333e-07
FASYN-ELONG-PWY: fatty acid elongation -- saturated	0.000133966
FASYN-ELONG-PWY: fatty acid elongation -- saturated|g__Alistipes.s__Alistipes_finegoldii	3.2798e-05
FASYN-ELONG-PWY: fatty acid elongation -- saturated|g__Bacteroides.s__Bacteroides_cellulosilyticus	4.97836e-06
FASYN-ELONG-PWY: fatty acid elongation -- saturated|g__Alistipes.s__Alistipes_onderdonkii	3.38644e-06
FASYN-ELONG-PWY: fatty acid elongation -- saturated|g__Bifidobacterium.s__Bifidobacterium_longum	4.46845e-07
FASYN-ELONG-PWY: fatty acid elongation -- saturated|g__Streptococcus.s__Streptococcus_oralis	3.70585e-07
P441-PWY: superpathway of N-acetylneuraminate degradation	0.000132318
P441-PWY: superpathway of N-acetylneuraminate degradation|unclassified	1.99701e-05
PWY-7197: pyrimidine deoxyribonucleotide phosphorylation	0.000131172
PWY-7197: pyrimidine deoxyribonucleotide phosphorylation|unclassified	2.49155e-05
PWY-7197: pyrimidine deoxyribonucleotide phosphorylation|g__Senegalimassilia.s__Senegalimassilia_anaerobia	1.23535e-05
PWY-7197: pyrimidine deoxyribonucleotide phosphorylation|g__Actinomyces.s__Actinomyces_sp_HPA0247	3.64418e-06
PWY-7197: pyrimidine deoxyribonucleotide phosphorylation|g__Collinsella.s__Collinsella_aerofaciens	3.58363e-06
PWY-7197: pyrimidine deoxyribonucleotide phosphorylation|g__Eggerthella.s__Eggerthella_sp_CAG_298	2.38671e-06
PWY-7197: pyrimidine deoxyribonucleotide phosphorylation|g__Streptococcus.s__Streptococcus_thermophilus	2.30654e-06
PWY-7197: pyrimidine deoxyribonucleotide phosphorylation|g__Phascolarctobacterium.s__Phascolarctobacterium_faecium	2.16428e-06
PWY-7197: pyrimidine deoxyribonucleotide phosphorylation|g__Gordonibacter.s__Gordonibacter_urolithinfaciens	1.95301e-06
PWY-7197: pyrimidine deoxyribonucleotide phosphorylation|g__Bilophila.s__Bilophila_wadsworthia	1.87162e-06
PWY-7197: pyrimidine deoxyribonucleotide phosphorylation|g__Streptococcus.s__Streptococcus_salivarius	1.72507e-06
PWY-7197: pyrimidine deoxyribonucleotide phosphorylation|g__Asaccharobacter.s__Asaccharobacter_celatus	1.51694e-06
PWY-7197: pyrimidine deoxyribonucleotide phosphorylation|g__Adlercreutzia.s__Adlercreutzia_equolifaciens	8.17432e-07
PWY-7197: pyrimidine deoxyribonucleotide phosphorylation|g__Victivallis.s__Victivallis_vadensis	4.94771e-07
PWY-7197: pyrimidine deoxyribonucleotide phosphorylation|g__Slackia.s__Slackia_isoflavoniconvertens	4.38178e-07
PWY-7197: pyrimidine deoxyribonucleotide phosphorylation|g__Eubacteriaceae_unclassified.s__Eubacteriaceae_bacterium_CHKCI005	3.61671e-07
PWY-7197: pyrimidine deoxyribonucleotide phosphorylation|g__Actinomyces.s__Actinomyces_naeslundii	2.65363e-07
PWY-7197: pyrimidine deoxyribonucleotide phosphorylation|g__Lentisphaerae_unclassified.s__Lentisphaerae_bacterium	2.1732e-07
PWY-7197: pyrimidine deoxyribonucleotide phosphorylation|g__Actinomyces.s__Actinomyces_oris	1.89328e-07
BIOTIN-BIOSYNTHESIS-PWY: biotin biosynthesis I	0.000129194
BIOTIN-BIOSYNTHESIS-PWY: biotin biosynthesis I|g__Bacteroides.s__Bacteroides_cellulosilyticus	2.53102e-06
PWY-4984: urea cycle	0.000128793
PWY-4984: urea cycle|g__Alistipes.s__Alistipes_finegoldii	2.46288e-05
PWY-4984: urea cycle|g__Alistipes.s__Alistipes_onderdonkii	4.02552e-06
PWY-4984: urea cycle|g__Coprococcus.s__Coprococcus_catus	2.47142e-06
PWY-4984: urea cycle|unclassified	2.21933e-06
PWY-4984: urea cycle|g__Flavonifractor.s__Flavonifractor_plautii	1.35488e-06
PWY-5030: L-histidine degradation III	0.000128664
PWY-5030: L-histidine degradation III|g__Bacteroides.s__Bacteroides_uniformis	6.30846e-05
PWY-5030: L-histidine degradation III|g__Alistipes.s__Alistipes_finegoldii	2.41838e-05
PWY-5030: L-histidine degradation III|g__Bacteroides.s__Bacteroides_vulgatus	1.28604e-05
PWY-5030: L-histidine degradation III|unclassified	7.10859e-06
PWY-5030: L-histidine degradation III|g__Bacteroides.s__Bacteroides_massiliensis	5.26853e-06
PWY-5030: L-histidine degradation III|g__Alistipes.s__Alistipes_onderdonkii	2.23808e-06
PWY-5030: L-histidine degradation III|g__Streptococcus.s__Streptococcus_australis	1.52464e-06
PWY-5030: L-histidine degradation III|g__Alistipes.s__Alistipes_shahii	9.95545e-07
PWY-5030: L-histidine degradation III|g__Bacteroides.s__Bacteroides_ovatus	8.40366e-07
PWY-5030: L-histidine degradation III|g__Bacteroides.s__Bacteroides_dorei	8.23893e-07
PWY-5030: L-histidine degradation III|g__Bacteroides.s__Bacteroides_fragilis	4.05982e-07
PWY-5030: L-histidine degradation III|g__Bacteroides.s__Bacteroides_faecis	3.84353e-07
PWY-5030: L-histidine degradation III|g__Streptococcus.s__Streptococcus_parasanguinis	1.79572e-07
PWY-5030: L-histidine degradation III|g__Bacteroides.s__Bacteroides_thetaiotaomicron	1.19962e-07
PWY-5971: palmitate biosynthesis (type II fatty acid synthase)	0.000128373
GLCMANNANAUT-PWY: superpathway of N-acetylglucosamine, N-acetylmannosamine and N-acetylneuraminate degradation	0.000128098
GLCMANNANAUT-PWY: superpathway of N-acetylglucosamine, N-acetylmannosamine and N-acetylneuraminate degradation|unclassified	1.57885e-05
GLCMANNANAUT-PWY: superpathway of N-acetylglucosamine, N-acetylmannosamine and N-acetylneuraminate degradation|g__Faecalibacterium.s__Faecalibacterium_prausnitzii	1.49165e-05
GLCMANNANAUT-PWY: superpathway of N-acetylglucosamine, N-acetylmannosamine and N-acetylneuraminate degradation|g__Blautia.s__Blautia_wexlerae	6.09537e-06
GLCMANNANAUT-PWY: superpathway of N-acetylglucosamine, N-acetylmannosamine and N-acetylneuraminate degradation|g__Blautia.s__Blautia_obeum	5.77183e-06
GLCMANNANAUT-PWY: superpathway of N-acetylglucosamine, N-acetylmannosamine and N-acetylneuraminate degradation|g__Blautia.s__Ruminococcus_torques	3.22049e-06
GLCMANNANAUT-PWY: superpathway of N-acetylglucosamine, N-acetylmannosamine and N-acetylneuraminate degradation|g__Flavonifractor.s__Flavonifractor_plautii	1.36907e-06
GLCMANNANAUT-PWY: superpathway of N-acetylglucosamine, N-acetylmannosamine and N-acetylneuraminate degradation|g__Eisenbergiella.s__Eisenbergiella_tayi	1.23123e-06
GLCMANNANAUT-PWY: superpathway of N-acetylglucosamine, N-acetylmannosamine and N-acetylneuraminate degradation|g__Streptococcus.s__Streptococcus_oralis	2.17707e-07
GLYCOLYSIS-E-D: superpathway of glycolysis and the Entner-Doudoroff pathway	0.000128021
GLYCOLYSIS-E-D: superpathway of glycolysis and the Entner-Doudoroff pathway|unclassified	1.07725e-05
PWY-6470: peptidoglycan biosynthesis V (&beta;-lactam resistance)	0.000126951
PWY-6470: peptidoglycan biosynthesis V (&beta;-lactam resistance)|unclassified	1.08035e-05
PWY-7664: oleate biosynthesis IV (anaerobic)	0.000123749
PWY-7664: oleate biosynthesis IV (anaerobic)|g__Alistipes.s__Alistipes_finegoldii	3.18643e-05
PWY-7664: oleate biosynthesis IV (anaerobic)|g__Bacteroides.s__Bacteroides_cellulosilyticus	4.77152e-06
PWY-7664: oleate biosynthesis IV (anaerobic)|g__Alistipes.s__Alistipes_onderdonkii	3.0502e-06
PWY-7664: oleate biosynthesis IV (anaerobic)|g__Bifidobacterium.s__Bifidobacterium_longum	4.46845e-07
PWY-7664: oleate biosynthesis IV (anaerobic)|g__Streptococcus.s__Streptococcus_oralis	3.45345e-07
PWY-6608: guanosine nucleotides degradation III	0.0001214
PWY-6608: guanosine nucleotides degradation III|g__Anaerostipes.s__Anaerostipes_hadrus	1.64241e-05
PWY-6608: guanosine nucleotides degradation III|unclassified	1.44297e-05
PWY-6608: guanosine nucleotides degradation III|g__Blautia.s__Ruminococcus_torques	5.38587e-06
PWY-6608: guanosine nucleotides degradation III|g__Blautia.s__Blautia_wexlerae	5.03399e-06
PWY-6608: guanosine nucleotides degradation III|g__Blautia.s__Blautia_obeum	4.45689e-06
PWY-6608: guanosine nucleotides degradation III|g__Bacteroides.s__Bacteroides_caccae	4.34633e-06
PWY-6608: guanosine nucleotides degradation III|g__Coprococcus.s__Coprococcus_catus	3.43857e-06
PWY-6608: guanosine nucleotides degradation III|g__Flavonifractor.s__Flavonifractor_plautii	1.37596e-06
PWY-6608: guanosine nucleotides degradation III|g__Faecalibacterium.s__Faecalibacterium_prausnitzii	5.36072e-07
PWY-6608: guanosine nucleotides degradation III|g__Intestinimonas.s__Intestinimonas_butyriciproducens	4.5401e-07
PWY-6608: guanosine nucleotides degradation III|g__Lachnoclostridium.s__Clostridium_citroniae	3.52335e-07
PWY-6608: guanosine nucleotides degradation III|g__Ruminococcus.s__Ruminococcus_sp_AF31_8BH	1.14948e-07
PWY-7456: &beta;-(1,4)-mannan degradation	0.000121087
PWY-7456: &beta;-(1,4)-mannan degradation|unclassified	5.65992e-06
PWY-6519: 8-amino-7-oxononanoate biosynthesis I	0.000117093
PWY-6519: 8-amino-7-oxononanoate biosynthesis I|g__Bacteroides.s__Bacteroides_cellulosilyticus	3.57854e-06
PWY0-1261: anhydromuropeptides recycling I	0.000116386
PWY0-1261: anhydromuropeptides recycling I|unclassified	6.78482e-06
PWY-6353: purine nucleotides degradation II (aerobic)	0.000114336
PWY-6353: purine nucleotides degradation II (aerobic)|g__Anaerostipes.s__Anaerostipes_hadrus	1.40811e-05
PWY-6353: purine nucleotides degradation II (aerobic)|unclassified	1.28126e-05
PWY-6353: purine nucleotides degradation II (aerobic)|g__Blautia.s__Ruminococcus_torques	4.91188e-06
PWY-6353: purine nucleotides degradation II (aerobic)|g__Blautia.s__Blautia_obeum	2.37608e-06
PWY-6353: purine nucleotides degradation II (aerobic)|g__Intestinimonas.s__Intestinimonas_butyriciproducens	4.45366e-07
PWY-7328: superpathway of UDP-glucose-derived O-antigen building blocks biosynthesis	0.00011325
PWY-7328: superpathway of UDP-glucose-derived O-antigen building blocks biosynthesis|unclassified	3.04352e-05
PWY-7328: superpathway of UDP-glucose-derived O-antigen building blocks biosynthesis|g__Blautia.s__Ruminococcus_torques	1.6089e-06
NAGLIPASYN-PWY: lipid IVA biosynthesis (E. coli)	0.000112388
NAGLIPASYN-PWY: lipid IVA biosynthesis (E. coli)|g__Bacteroides.s__Bacteroides_uniformis	5.89373e-05
NAGLIPASYN-PWY: lipid IVA biosynthesis (E. coli)|g__Bacteroides.s__Bacteroides_cellulosilyticus	3.18664e-06
NAGLIPASYN-PWY: lipid IVA biosynthesis (E. coli)|g__Bacteroides.s__Bacteroides_intestinalis	3.98415e-07
PWY-8073: lipid IVA biosynthesis (P. putida)	0.000112388
PWY-8073: lipid IVA biosynthesis (P. putida)|g__Bacteroides.s__Bacteroides_uniformis	5.89373e-05
PWY-8073: lipid IVA biosynthesis (P. putida)|g__Bacteroides.s__Bacteroides_cellulosilyticus	3.18664e-06
PWY-8073: lipid IVA biosynthesis (P. putida)|g__Bacteroides.s__Bacteroides_intestinalis	3.98415e-07
PWY0-862: (5Z)-dodecenoate biosynthesis I	0.000112327
PWY0-862: (5Z)-dodecenoate biosynthesis I|g__Alistipes.s__Alistipes_finegoldii	3.06991e-05
PWY0-862: (5Z)-dodecenoate biosynthesis I|g__Bacteroides.s__Bacteroides_cellulosilyticus	4.52108e-06
PWY0-862: (5Z)-dodecenoate biosynthesis I|g__Alistipes.s__Alistipes_onderdonkii	2.69361e-06
PWY0-862: (5Z)-dodecenoate biosynthesis I|g__Bifidobacterium.s__Bifidobacterium_longum	4.46845e-07
PWY0-862: (5Z)-dodecenoate biosynthesis I|g__Streptococcus.s__Streptococcus_oralis	3.16595e-07
PWY-6282: palmitoleate biosynthesis I (from (5Z)-dodec-5-enoate)	0.000111483
PWY-6282: palmitoleate biosynthesis I (from (5Z)-dodec-5-enoate)|g__Alistipes.s__Alistipes_finegoldii	3.19093e-05
PWY-6282: palmitoleate biosynthesis I (from (5Z)-dodec-5-enoate)|g__Bacteroides.s__Bacteroides_cellulosilyticus	4.78192e-06
PWY-6282: palmitoleate biosynthesis I (from (5Z)-dodec-5-enoate)|g__Alistipes.s__Alistipes_onderdonkii	3.11902e-06
PWY-6282: palmitoleate biosynthesis I (from (5Z)-dodec-5-enoate)|g__Bifidobacterium.s__Bifidobacterium_longum	4.46845e-07
PWY-6282: palmitoleate biosynthesis I (from (5Z)-dodec-5-enoate)|g__Streptococcus.s__Streptococcus_oralis	3.24643e-07
METH-ACETATE-PWY: methanogenesis from acetate	0.000110368
METH-ACETATE-PWY: methanogenesis from acetate|g__Blautia.s__Blautia_obeum	2.31972e-05
METH-ACETATE-PWY: methanogenesis from acetate|g__Blautia.s__Blautia_wexlerae	9.2294e-06
METH-ACETATE-PWY: methanogenesis from acetate|unclassified	6.89138e-06
METH-ACETATE-PWY: methanogenesis from acetate|g__Fusicatenibacter.s__Fusicatenibacter_saccharivorans	5.87513e-06
METH-ACETATE-PWY: methanogenesis from acetate|g__Blautia.s__Ruminococcus_torques	3.51372e-06
METH-ACETATE-PWY: methanogenesis from acetate|g__Blautia.s__Blautia_sp	8.25239e-07
METH-ACETATE-PWY: methanogenesis from acetate|g__Blautia.s__Blautia_hydrogenotrophica	7.86672e-07
METH-ACETATE-PWY: methanogenesis from acetate|g__Ruminococcus.s__Ruminococcus_sp_AF31_8BH	3.17959e-07
PWY-8004: Entner-Doudoroff pathway I	0.000109351
PWY-8004: Entner-Doudoroff pathway I|unclassified	7.69095e-06
PWY-8004: Entner-Doudoroff pathway I|g__Parabacteroides.s__Parabacteroides_distasonis	2.76644e-06
PWY-8004: Entner-Doudoroff pathway I|g__Bacteroides.s__Bacteroides_cellulosilyticus	8.92995e-07
PWY-8004: Entner-Doudoroff pathway I|g__Bacteroides.s__Bacteroides_fragilis	4.49755e-07
PWY-5989: stearate biosynthesis II (bacteria and plants)	0.00010925
PWY-5989: stearate biosynthesis II (bacteria and plants)|g__Alistipes.s__Alistipes_finegoldii	3.02448e-05
PWY-5989: stearate biosynthesis II (bacteria and plants)|g__Bacteroides.s__Bacteroides_cellulosilyticus	4.58828e-06
PWY-5989: stearate biosynthesis II (bacteria and plants)|g__Alistipes.s__Alistipes_onderdonkii	2.16382e-06
FERMENTATION-PWY: mixed acid fermentation	0.000107982
FERMENTATION-PWY: mixed acid fermentation|unclassified	1.62269e-05
FERMENTATION-PWY: mixed acid fermentation|g__Lactococcus.s__Lactococcus_lactis	6.82403e-07
DAPLYSINESYN-PWY: L-lysine biosynthesis I	0.000105423
DAPLYSINESYN-PWY: L-lysine biosynthesis I|g__Bifidobacterium.s__Bifidobacterium_catenulatum	8.92242e-06
DAPLYSINESYN-PWY: L-lysine biosynthesis I|unclassified	8.749e-06
DAPLYSINESYN-PWY: L-lysine biosynthesis I|g__Actinomyces.s__Actinomyces_sp_HPA0247	3.65256e-06
DAPLYSINESYN-PWY: L-lysine biosynthesis I|g__Bifidobacterium.s__Bifidobacterium_adolescentis	6.11123e-07
PWY-6902: chitin degradation II (Vibrio)	0.000103324
PWY-6902: chitin degradation II (Vibrio)|g__Bacteroides.s__Bacteroides_uniformis	6.88102e-05
PWY-6902: chitin degradation II (Vibrio)|g__Fusicatenibacter.s__Fusicatenibacter_saccharivorans	8.48522e-06
PWY-6902: chitin degradation II (Vibrio)|g__Bacteroides.s__Bacteroides_vulgatus	6.35811e-06
PWY-6902: chitin degradation II (Vibrio)|g__Bacteroides.s__Bacteroides_cellulosilyticus	4.20564e-06
PWY-6902: chitin degradation II (Vibrio)|g__Eisenbergiella.s__Eisenbergiella_tayi	3.04976e-06
PWY-6902: chitin degradation II (Vibrio)|g__Bacteroides.s__Bacteroides_intestinalis	1.49312e-06
PWY-6902: chitin degradation II (Vibrio)|g__Lactococcus.s__Lactococcus_lactis	1.16706e-06
PWY-6902: chitin degradation II (Vibrio)|g__Bacteroides.s__Bacteroides_faecis	1.01461e-06
PWY-6902: chitin degradation II (Vibrio)|g__Bacteroides.s__Bacteroides_thetaiotaomicron	7.29973e-07
PWY-5505: L-glutamate and L-glutamine biosynthesis	0.000102448
PWY-5505: L-glutamate and L-glutamine biosynthesis|unclassified	3.91002e-06
PWY-1861: formaldehyde assimilation II (assimilatory RuMP Cycle)	9.87024e-05
PWY-1861: formaldehyde assimilation II (assimilatory RuMP Cycle)|g__Anaerostipes.s__Anaerostipes_hadrus	1.85857e-05
PWY-1861: formaldehyde assimilation II (assimilatory RuMP Cycle)|g__Blautia.s__Blautia_obeum	1.16632e-05
PWY-1861: formaldehyde assimilation II (assimilatory RuMP Cycle)|unclassified	1.05295e-05
PWY-1269: CMP-3-deoxy-D-manno-octulosonate biosynthesis	9.8493e-05
PWY-1269: CMP-3-deoxy-D-manno-octulosonate biosynthesis|g__Bacteroides.s__Bacteroides_uniformis	4.41693e-05
PWY-1269: CMP-3-deoxy-D-manno-octulosonate biosynthesis|unclassified	1.13282e-05
PWY-1269: CMP-3-deoxy-D-manno-octulosonate biosynthesis|g__Bacteroides.s__Bacteroides_caccae	3.7027e-06
PWY-1269: CMP-3-deoxy-D-manno-octulosonate biosynthesis|g__Alistipes.s__Alistipes_shahii	8.42032e-07
PWY-1269: CMP-3-deoxy-D-manno-octulosonate biosynthesis|g__Bacteroides.s__Bacteroides_thetaiotaomicron	3.56393e-07
PWY-1269: CMP-3-deoxy-D-manno-octulosonate biosynthesis|g__Bacteroides.s__Bacteroides_ovatus	3.36426e-07
PWY-1269: CMP-3-deoxy-D-manno-octulosonate biosynthesis|g__Bacteroides.s__Bacteroides_fragilis	2.36934e-07
PWY-1269: CMP-3-deoxy-D-manno-octulosonate biosynthesis|g__Bacteroides.s__Bacteroides_faecis	1.47185e-07
PWY-7198: pyrimidine deoxyribonucleotides de novo biosynthesis IV	9.65881e-05
PWY-7198: pyrimidine deoxyribonucleotides de novo biosynthesis IV|unclassified	9.34702e-06
PWY-7198: pyrimidine deoxyribonucleotides de novo biosynthesis IV|g__Actinomyces.s__Actinomyces_sp_HPA0247	4.46891e-06
PWY-7198: pyrimidine deoxyribonucleotides de novo biosynthesis IV|g__Actinomyces.s__Actinomyces_naeslundii	4.00548e-07
PWY-6630: superpathway of L-tyrosine biosynthesis	9.392e-05
PWY-6630: superpathway of L-tyrosine biosynthesis|unclassified	1.48441e-05
PWY-6630: superpathway of L-tyrosine biosynthesis|g__Streptococcus.s__Streptococcus_thermophilus	4.41955e-06
PWY-6630: superpathway of L-tyrosine biosynthesis|g__Streptococcus.s__Streptococcus_sp_A12	8.83462e-07
P461-PWY: hexitol fermentation to lactate, formate, ethanol and acetate	9.38613e-05
P461-PWY: hexitol fermentation to lactate, formate, ethanol and acetate|unclassified	2.3907e-05
P461-PWY: hexitol fermentation to lactate, formate, ethanol and acetate|g__Anaerostipes.s__Anaerostipes_hadrus	2.28898e-05
PWY-6305: superpathway of putrescine biosynthesis	9.17225e-05
PWY-6305: superpathway of putrescine biosynthesis|unclassified	1.6711e-06
PWY-6292: superpathway of L-cysteine biosynthesis (mammalian)	9.04336e-05
PWY-6292: superpathway of L-cysteine biosynthesis (mammalian)|unclassified	1.91475e-05
PWY-6292: superpathway of L-cysteine biosynthesis (mammalian)|g__Eisenbergiella.s__Eisenbergiella_tayi	1.66635e-06
PWY66-409: superpathway of purine nucleotide salvage	8.92558e-05
PWY66-409: superpathway of purine nucleotide salvage|g__Streptococcus.s__Streptococcus_thermophilus	4.18376e-06
PWY66-409: superpathway of purine nucleotide salvage|unclassified	3.36192e-06
PWY66-409: superpathway of purine nucleotide salvage|g__Streptococcus.s__Streptococcus_salivarius	6.99015e-07
PWY-5121: superpathway of geranylgeranyl diphosphate biosynthesis II (via MEP)	8.89394e-05
PWY-5121: superpathway of geranylgeranyl diphosphate biosynthesis II (via MEP)|g__Bacteroides.s__Bacteroides_vulgatus	1.15511e-05
PWY-5121: superpathway of geranylgeranyl diphosphate biosynthesis II (via MEP)|unclassified	7.72961e-06
PWY-5121: superpathway of geranylgeranyl diphosphate biosynthesis II (via MEP)|g__Bacteroides.s__Bacteroides_dorei	3.05849e-07
PWY-5981: CDP-diacylglycerol biosynthesis III	8.73294e-05
PWY-5981: CDP-diacylglycerol biosynthesis III|g__Streptococcus.s__Streptococcus_thermophilus	4.98269e-06
PWY-5981: CDP-diacylglycerol biosynthesis III|g__Streptococcus.s__Streptococcus_salivarius	1.95756e-06
PWY-5981: CDP-diacylglycerol biosynthesis III|g__Lactococcus.s__Lactococcus_lactis	8.33739e-07
PWY-5981: CDP-diacylglycerol biosynthesis III|g__Streptococcus.s__Streptococcus_oralis	4.89343e-07
PWY-5981: CDP-diacylglycerol biosynthesis III|g__Streptococcus.s__Streptococcus_pneumoniae	1.20478e-07
PWY-4041: &gamma;-glutamyl cycle	8.6687e-05
PWY-4041: &gamma;-glutamyl cycle|unclassified	5.06389e-06
PWY-4041: &gamma;-glutamyl cycle|g__Streptococcus.s__Streptococcus_thermophilus	4.06908e-06
PWY-4041: &gamma;-glutamyl cycle|g__Streptococcus.s__Streptococcus_sp_A12	1.09619e-06
PWY-4041: &gamma;-glutamyl cycle|g__Streptococcus.s__Streptococcus_australis	8.73825e-07
PWY-4041: &gamma;-glutamyl cycle|g__Bifidobacterium.s__Bifidobacterium_longum	4.98637e-07
PWY-4041: &gamma;-glutamyl cycle|g__Streptococcus.s__Streptococcus_salivarius	4.14132e-07
PWY-4041: &gamma;-glutamyl cycle|g__Eubacterium.s__Eubacterium_limosum	3.44551e-07
PWY-4041: &gamma;-glutamyl cycle|g__Streptococcus.s__Streptococcus_pneumoniae	2.89331e-07
PWY-4041: &gamma;-glutamyl cycle|g__Streptococcus.s__Streptococcus_parasanguinis	2.01165e-07
PWY-4041: &gamma;-glutamyl cycle|g__Eubacterium.s__Eubacterium_maltosivorans	1.9576e-07
PWY-5676: acetyl-CoA fermentation to butanoate II	8.41185e-05
PWY-5676: acetyl-CoA fermentation to butanoate II|g__Anaerostipes.s__Anaerostipes_hadrus	1.90437e-05
PWY-5676: acetyl-CoA fermentation to butanoate II|unclassified	8.68835e-06
PWY-5676: acetyl-CoA fermentation to butanoate II|g__Coprococcus.s__Coprococcus_catus	4.54222e-06
PWY-5676: acetyl-CoA fermentation to butanoate II|g__Flavonifractor.s__Flavonifractor_plautii	4.07611e-06
PWY-5676: acetyl-CoA fermentation to butanoate II|g__Streptococcus.s__Streptococcus_oralis	6.03218e-07
PWY-5676: acetyl-CoA fermentation to butanoate II|g__Intestinimonas.s__Intestinimonas_butyriciproducens	5.70076e-07
PWY-I9: L-cysteine biosynthesis VI (from L-methionine)	8.39921e-05
PWY-I9: L-cysteine biosynthesis VI (from L-methionine)|g__Anaerostipes.s__Anaerostipes_hadrus	1.48396e-05
PWY-I9: L-cysteine biosynthesis VI (from L-methionine)|unclassified	9.43793e-06
PWY-I9: L-cysteine biosynthesis VI (from L-methionine)|g__Streptococcus.s__Streptococcus_thermophilus	3.77849e-06
PWY-I9: L-cysteine biosynthesis VI (from L-methionine)|g__Blautia.s__Ruminococcus_torques	2.11434e-06
PWY-I9: L-cysteine biosynthesis VI (from L-methionine)|g__Blautia.s__Blautia_obeum	1.89379e-06
PWY-I9: L-cysteine biosynthesis VI (from L-methionine)|g__Streptococcus.s__Streptococcus_salivarius	7.58915e-07
PWY-I9: L-cysteine biosynthesis VI (from L-methionine)|g__Lactococcus.s__Lactococcus_lactis	7.10819e-07
PWY-I9: L-cysteine biosynthesis VI (from L-methionine)|g__Streptococcus.s__Streptococcus_sp_A12	6.53808e-07
PWY-I9: L-cysteine biosynthesis VI (from L-methionine)|g__Bifidobacterium.s__Bifidobacterium_longum	5.7478e-07
PWY-I9: L-cysteine biosynthesis VI (from L-methionine)|g__Roseburia.s__Roseburia_intestinalis	4.70034e-07
PWY-I9: L-cysteine biosynthesis VI (from L-methionine)|g__Streptococcus.s__Streptococcus_australis	1.52485e-07
PWY-I9: L-cysteine biosynthesis VI (from L-methionine)|g__Ruminococcus.s__Ruminococcus_sp_AF31_8BH	1.30525e-07
PWY-I9: L-cysteine biosynthesis VI (from L-methionine)|g__Streptococcus.s__Streptococcus_pneumoniae	1.02383e-07
PWY-7323: superpathway of GDP-mannose-derived O-antigen building blocks biosynthesis	8.39553e-05
PWY-7323: superpathway of GDP-mannose-derived O-antigen building blocks biosynthesis|unclassified	9.3991e-06
PWY-7117: C4 photosynthetic carbon assimilation cycle, PEPCK type	8.38297e-05
PWY-7117: C4 photosynthetic carbon assimilation cycle, PEPCK type|unclassified	1.19181e-06
PWY0-1479: tRNA processing	8.13774e-05
PWY0-1479: tRNA processing|unclassified	1.73343e-05
PWY-621: sucrose degradation III (sucrose invertase)	8.08989e-05
PWY-621: sucrose degradation III (sucrose invertase)|g__Anaerostipes.s__Anaerostipes_hadrus	2.05524e-05
PWY-621: sucrose degradation III (sucrose invertase)|g__Bifidobacterium.s__Bifidobacterium_bifidum	6.10955e-06
PWY-621: sucrose degradation III (sucrose invertase)|g__Streptococcus.s__Streptococcus_thermophilus	5.08432e-06
PWY-621: sucrose degradation III (sucrose invertase)|g__Ruminococcus.s__Ruminococcus_bicirculans	2.82466e-06
PWY-621: sucrose degradation III (sucrose invertase)|unclassified	1.30051e-06
PWY-621: sucrose degradation III (sucrose invertase)|g__Bacteroides.s__Bacteroides_fragilis	7.68403e-07
PWY-621: sucrose degradation III (sucrose invertase)|g__Roseburia.s__Roseburia_intestinalis	5.82633e-07
PWY-621: sucrose degradation III (sucrose invertase)|g__Lactococcus.s__Lactococcus_lactis	5.08638e-07
PWY-621: sucrose degradation III (sucrose invertase)|g__Streptococcus.s__Streptococcus_pneumoniae	1.5083e-07
PWY-621: sucrose degradation III (sucrose invertase)|g__Streptococcus.s__Streptococcus_salivarius	8.16153e-08
PWY-6168: flavin biosynthesis III (fungi)	8.08621e-05
PWY-6168: flavin biosynthesis III (fungi)|g__Lactococcus.s__Lactococcus_lactis	7.25211e-07
PWY-5384: sucrose degradation IV (sucrose phosphorylase)	7.92874e-05
PWY-5384: sucrose degradation IV (sucrose phosphorylase)|g__Anaerostipes.s__Anaerostipes_hadrus	1.70511e-05
PWY-5384: sucrose degradation IV (sucrose phosphorylase)|g__Faecalibacterium.s__Faecalibacterium_prausnitzii	1.05863e-05
PWY-5384: sucrose degradation IV (sucrose phosphorylase)|g__Bifidobacterium.s__Bifidobacterium_catenulatum	9.64543e-06
PWY-5384: sucrose degradation IV (sucrose phosphorylase)|g__Bifidobacterium.s__Bifidobacterium_bifidum	8.08407e-06
PWY-5384: sucrose degradation IV (sucrose phosphorylase)|g__Streptococcus.s__Streptococcus_thermophilus	1.93233e-06
PWY-5384: sucrose degradation IV (sucrose phosphorylase)|unclassified	1.30295e-06
PWY-5384: sucrose degradation IV (sucrose phosphorylase)|g__Bifidobacterium.s__Bifidobacterium_longum	9.8655e-07
PWY-5384: sucrose degradation IV (sucrose phosphorylase)|g__Bifidobacterium.s__Bifidobacterium_adolescentis	6.16136e-07
PWY-5384: sucrose degradation IV (sucrose phosphorylase)|g__Bacteroides.s__Bacteroides_fragilis	6.08379e-07
PWY-5384: sucrose degradation IV (sucrose phosphorylase)|g__Roseburia.s__Roseburia_intestinalis	5.9833e-07
PWY-5384: sucrose degradation IV (sucrose phosphorylase)|g__Bacteroides.s__Bacteroides_ovatus	3.32155e-07
PWY-5384: sucrose degradation IV (sucrose phosphorylase)|g__Streptococcus.s__Streptococcus_salivarius	2.01687e-07
PWY-5384: sucrose degradation IV (sucrose phosphorylase)|g__Streptococcus.s__Streptococcus_pneumoniae	1.5083e-07
PWY-5497: purine nucleobases degradation II (anaerobic)	7.78864e-05
PWY-241: C4 photosynthetic carbon assimilation cycle, NADP-ME type	7.48952e-05
PWY-241: C4 photosynthetic carbon assimilation cycle, NADP-ME type|unclassified	1.02199e-06
LACTOSECAT-PWY: lactose and galactose degradation I	7.48893e-05
LACTOSECAT-PWY: lactose and galactose degradation I|g__Collinsella.s__Collinsella_aerofaciens	1.6777e-05
LACTOSECAT-PWY: lactose and galactose degradation I|g__Anaerostipes.s__Anaerostipes_hadrus	1.17559e-05
LACTOSECAT-PWY: lactose and galactose degradation I|unclassified	9.4193e-06
LACTOSECAT-PWY: lactose and galactose degradation I|g__Lactococcus.s__Lactococcus_lactis	3.86359e-06
LACTOSECAT-PWY: lactose and galactose degradation I|g__Streptococcus.s__Streptococcus_sp_A12	3.71913e-06
LACTOSECAT-PWY: lactose and galactose degradation I|g__Streptococcus.s__Streptococcus_australis	2.08895e-06
LACTOSECAT-PWY: lactose and galactose degradation I|g__Streptococcus.s__Streptococcus_salivarius	2.07161e-06
LACTOSECAT-PWY: lactose and galactose degradation I|g__Eisenbergiella.s__Eisenbergiella_tayi	1.40176e-06
LACTOSECAT-PWY: lactose and galactose degradation I|g__Streptococcus.s__Streptococcus_pneumoniae	8.44123e-07
LACTOSECAT-PWY: lactose and galactose degradation I|g__Streptococcus.s__Streptococcus_parasanguinis	4.63281e-07
LACTOSECAT-PWY: lactose and galactose degradation I|g__Streptococcus.s__Streptococcus_oralis	1.97187e-07
P164-PWY: purine nucleobases degradation I (anaerobic)	7.41925e-05
P164-PWY: purine nucleobases degradation I (anaerobic)|unclassified	1.16821e-05
PWY-702: L-methionine biosynthesis II	7.36159e-05
PWY-702: L-methionine biosynthesis II|g__Streptococcus.s__Streptococcus_thermophilus	4.38256e-06
PWY-702: L-methionine biosynthesis II|unclassified	3.20672e-06
PWY-702: L-methionine biosynthesis II|g__Streptococcus.s__Streptococcus_sp_A12	2.36653e-06
PWY-702: L-methionine biosynthesis II|g__Blautia.s__Ruminococcus_torques	2.06774e-06
PWY-702: L-methionine biosynthesis II|g__Streptococcus.s__Streptococcus_salivarius	8.61156e-07
PWY-702: L-methionine biosynthesis II|g__Lactococcus.s__Lactococcus_lactis	6.26325e-07
PWY-702: L-methionine biosynthesis II|g__Rothia.s__Rothia_mucilaginosa	5.02683e-07
PWY-702: L-methionine biosynthesis II|g__Bifidobacterium.s__Bifidobacterium_longum	4.85646e-07
PWY-702: L-methionine biosynthesis II|g__Actinomyces.s__Actinomyces_viscosus	4.61277e-07
PWY-702: L-methionine biosynthesis II|g__Streptococcus.s__Streptococcus_australis	1.64864e-07
PWY-702: L-methionine biosynthesis II|g__Actinomyces.s__Actinomyces_oris	8.69953e-08
PWY-6969: TCA cycle V (2-oxoglutarate synthase)	7.25695e-05
PWY-6969: TCA cycle V (2-oxoglutarate synthase)|unclassified	7.07596e-06
SALVADEHYPOX-PWY: adenosine nucleotides degradation II	7.04971e-05
SALVADEHYPOX-PWY: adenosine nucleotides degradation II|g__Anaerostipes.s__Anaerostipes_hadrus	1.42841e-05
SALVADEHYPOX-PWY: adenosine nucleotides degradation II|unclassified	7.53192e-06
SALVADEHYPOX-PWY: adenosine nucleotides degradation II|g__Blautia.s__Ruminococcus_torques	3.76524e-06
SALVADEHYPOX-PWY: adenosine nucleotides degradation II|g__Blautia.s__Blautia_obeum	1.8868e-06
SALVADEHYPOX-PWY: adenosine nucleotides degradation II|g__Intestinimonas.s__Intestinimonas_butyriciproducens	5.02195e-07
SALVADEHYPOX-PWY: adenosine nucleotides degradation II|g__Faecalibacterium.s__Faecalibacterium_prausnitzii	4.95376e-07
PWY-6895: superpathway of thiamine diphosphate biosynthesis II	6.98644e-05
PWY-6895: superpathway of thiamine diphosphate biosynthesis II|unclassified	6.27262e-06
PWY-6549: L-glutamine biosynthesis III	6.77396e-05
PWY-6549: L-glutamine biosynthesis III|unclassified	1.21296e-05
PWY-6606: guanosine nucleotides degradation II	6.50376e-05
PWY-6606: guanosine nucleotides degradation II|g__Anaerostipes.s__Anaerostipes_hadrus	1.21803e-05
PWY-6606: guanosine nucleotides degradation II|unclassified	7.06086e-06
PWY-6606: guanosine nucleotides degradation II|g__Blautia.s__Ruminococcus_torques	3.64876e-06
PWY-6606: guanosine nucleotides degradation II|g__Blautia.s__Blautia_obeum	2.57433e-06
PWY-6606: guanosine nucleotides degradation II|g__Intestinimonas.s__Intestinimonas_butyriciproducens	4.0952e-07
FUC-RHAMCAT-PWY: superpathway of fucose and rhamnose degradation	6.28389e-05
FUC-RHAMCAT-PWY: superpathway of fucose and rhamnose degradation|unclassified	2.04279e-06
PWY0-1241: ADP-L-glycero-&beta;-D-manno-heptose biosynthesis	6.02573e-05
PWY0-1241: ADP-L-glycero-&beta;-D-manno-heptose biosynthesis|g__Akkermansia.s__Akkermansia_muciniphila	3.4011e-05
PWY0-1241: ADP-L-glycero-&beta;-D-manno-heptose biosynthesis|g__Phascolarctobacterium.s__Phascolarctobacterium_faecium	4.56119e-06
GLUCUROCAT-PWY: superpathway of &beta;-D-glucuronosides degradation	5.98416e-05
GLUCUROCAT-PWY: superpathway of &beta;-D-glucuronosides degradation|g__Faecalibacterium.s__Faecalibacterium_prausnitzii	8.46315e-06
GLUCUROCAT-PWY: superpathway of &beta;-D-glucuronosides degradation|unclassified	7.61249e-06
GLUCUROCAT-PWY: superpathway of &beta;-D-glucuronosides degradation|g__Intestinimonas.s__Intestinimonas_butyriciproducens	7.74311e-07
GLUCUROCAT-PWY: superpathway of &beta;-D-glucuronosides degradation|g__Bacteroides.s__Bacteroides_fragilis	3.37663e-07
PWY-7211: superpathway of pyrimidine deoxyribonucleotides de novo biosynthesis	5.81097e-05
PWY-7211: superpathway of pyrimidine deoxyribonucleotides de novo biosynthesis|unclassified	6.01414e-06
GOLPDLCAT-PWY: superpathway of glycerol degradation to 1,3-propanediol	5.71531e-05
GOLPDLCAT-PWY: superpathway of glycerol degradation to 1,3-propanediol|g__Anaerostipes.s__Anaerostipes_hadrus	1.27014e-05
GOLPDLCAT-PWY: superpathway of glycerol degradation to 1,3-propanediol|unclassified	8.2984e-06
GOLPDLCAT-PWY: superpathway of glycerol degradation to 1,3-propanediol|g__Blautia.s__Ruminococcus_torques	4.56659e-06
GOLPDLCAT-PWY: superpathway of glycerol degradation to 1,3-propanediol|g__Eubacterium.s__Eubacterium_hallii	3.09816e-06
GOLPDLCAT-PWY: superpathway of glycerol degradation to 1,3-propanediol|g__Flavonifractor.s__Flavonifractor_plautii	4.67447e-07
PWY-6906: chitin derivatives degradation	5.5735e-05
PWY-6906: chitin derivatives degradation|g__Eisenbergiella.s__Eisenbergiella_tayi	1.2669e-06
PWY-7392: taxadiene biosynthesis (engineered)	5.35803e-05
PWY-6590: superpathway of Clostridium acetobutylicum acidogenic fermentation	5.34591e-05
PWY-6590: superpathway of Clostridium acetobutylicum acidogenic fermentation|unclassified	6.66931e-06
P185-PWY: formaldehyde assimilation III (dihydroxyacetone cycle)	4.89999e-05
P185-PWY: formaldehyde assimilation III (dihydroxyacetone cycle)|unclassified	1.20436e-05
PWY-5913: partial TCA cycle (obligate autotrophs)	4.77266e-05
PWY-5913: partial TCA cycle (obligate autotrophs)|unclassified	7.07166e-06
PWY-7242: D-fructuronate degradation	4.67745e-05
PWY-7242: D-fructuronate degradation|unclassified	9.35706e-06
PWY-7242: D-fructuronate degradation|g__Faecalibacterium.s__Faecalibacterium_prausnitzii	6.6953e-06
PWY-7242: D-fructuronate degradation|g__Intestinimonas.s__Intestinimonas_butyriciproducens	1.60457e-06
PWY-7242: D-fructuronate degradation|g__Clostridium.s__Clostridium_sp_CAG_58	1.40413e-06
PWY-7242: D-fructuronate degradation|g__Bacteroides.s__Bacteroides_fragilis	3.08137e-07
PWY0-301: L-ascorbate degradation I (bacterial, anaerobic)	4.55303e-05
PWY0-301: L-ascorbate degradation I (bacterial, anaerobic)|unclassified	6.50541e-06
FUCCAT-PWY: fucose degradation	4.53767e-05
FUCCAT-PWY: fucose degradation|unclassified	5.78115e-06
FUCCAT-PWY: fucose degradation|g__Blautia.s__Ruminococcus_torques	1.28088e-06
FUCCAT-PWY: fucose degradation|g__Ruminococcus.s__Ruminococcus_sp_AF31_8BH	4.77652e-07
FUCCAT-PWY: fucose degradation|g__Blautia.s__Blautia_sp	2.65418e-07
PYRIDNUCSAL-PWY: NAD salvage pathway I (PNC VI cycle)	4.51648e-05
PYRIDNUCSAL-PWY: NAD salvage pathway I (PNC VI cycle)|unclassified	4.72984e-07
PWY-8131: 5'-deoxyadenosine degradation II	4.36905e-05
PWY-8131: 5'-deoxyadenosine degradation II|unclassified	9.19084e-06
PWY-8131: 5'-deoxyadenosine degradation II|g__Blautia.s__Blautia_obeum	2.61113e-06
ARG+POLYAMINE-SYN: superpathway of arginine and polyamine biosynthesis	4.35641e-05
ARG+POLYAMINE-SYN: superpathway of arginine and polyamine biosynthesis|unclassified	1.29874e-06
PWY-622: starch biosynthesis	4.34726e-05
POLYISOPRENSYN-PWY: polyisoprenoid biosynthesis (E. coli)	4.26244e-05
POLYISOPRENSYN-PWY: polyisoprenoid biosynthesis (E. coli)|unclassified	2.57621e-06
CENTFERM-PWY: pyruvate fermentation to butanoate	4.21076e-05
CENTFERM-PWY: pyruvate fermentation to butanoate|unclassified	5.16731e-06
PWY-5838: superpathway of menaquinol-8 biosynthesis I	4.11069e-05
P42-PWY: incomplete reductive TCA cycle	4.10661e-05
P42-PWY: incomplete reductive TCA cycle|unclassified	1.31645e-06
PWY0-1477: ethanolamine utilization	3.98325e-05
PWY0-1477: ethanolamine utilization|unclassified	1.36089e-05
PWY0-1477: ethanolamine utilization|g__Coprococcus.s__Coprococcus_catus	2.43449e-06
PWY0-1477: ethanolamine utilization|g__Flavonifractor.s__Flavonifractor_plautii	2.40702e-06
PWY0-1477: ethanolamine utilization|g__Bilophila.s__Bilophila_wadsworthia	1.74734e-06
PWY0-1477: ethanolamine utilization|g__Streptococcus.s__Streptococcus_australis	5.47373e-07
PWY0-1477: ethanolamine utilization|g__Streptococcus.s__Streptococcus_oralis	4.42316e-07
PWY0-1477: ethanolamine utilization|g__Streptococcus.s__Streptococcus_parasanguinis	3.41491e-07
PWY0-1298: superpathway of pyrimidine deoxyribonucleosides degradation	3.95301e-05
PWY0-1298: superpathway of pyrimidine deoxyribonucleosides degradation|unclassified	5.73492e-06
PWY0-1298: superpathway of pyrimidine deoxyribonucleosides degradation|g__Lactococcus.s__Lactococcus_lactis	3.97708e-07
PWY-7356: thiamine diphosphate salvage IV (yeast)	3.94827e-05
PWY-7356: thiamine diphosphate salvage IV (yeast)|unclassified	7.3252e-06
PWY-7356: thiamine diphosphate salvage IV (yeast)|g__Bifidobacterium.s__Bifidobacterium_adolescentis	2.19422e-07
FOLSYN-PWY: superpathway of tetrahydrofolate biosynthesis and salvage	3.91632e-05
FOLSYN-PWY: superpathway of tetrahydrofolate biosynthesis and salvage|g__Streptococcus.s__Streptococcus_pneumoniae	3.08184e-07
PWY0-1297: superpathway of purine deoxyribonucleosides degradation	3.79007e-05
PWY0-1297: superpathway of purine deoxyribonucleosides degradation|g__Blautia.s__Ruminococcus_torques	5.21366e-06
PWY0-1297: superpathway of purine deoxyribonucleosides degradation|g__Streptococcus.s__Streptococcus_thermophilus	3.41621e-06
PWY0-1297: superpathway of purine deoxyribonucleosides degradation|g__Coprococcus.s__Coprococcus_catus	1.99471e-06
PWY0-1297: superpathway of purine deoxyribonucleosides degradation|unclassified	1.79484e-06
PWY0-1297: superpathway of purine deoxyribonucleosides degradation|g__Streptococcus.s__Streptococcus_sp_A12	8.80266e-07
PWY0-1297: superpathway of purine deoxyribonucleosides degradation|g__Lactococcus.s__Lactococcus_lactis	7.07041e-07
PWY0-1297: superpathway of purine deoxyribonucleosides degradation|g__Streptococcus.s__Streptococcus_australis	5.51894e-07
PWY0-1297: superpathway of purine deoxyribonucleosides degradation|g__Streptococcus.s__Streptococcus_oralis	4.89531e-07
PWY0-1297: superpathway of purine deoxyribonucleosides degradation|g__Streptococcus.s__Streptococcus_parasanguinis	2.95686e-07
PWY0-1297: superpathway of purine deoxyribonucleosides degradation|g__Streptococcus.s__Streptococcus_pneumoniae	2.40891e-07
PWY-7210: pyrimidine deoxyribonucleotides biosynthesis from CTP	3.78899e-05
PWY-7210: pyrimidine deoxyribonucleotides biosynthesis from CTP|unclassified	1.13043e-05
PWY-7115: C4 photosynthetic carbon assimilation cycle, NAD-ME type	3.78689e-05
PWY0-1061: superpathway of L-alanine biosynthesis	3.78088e-05
PWY0-1061: superpathway of L-alanine biosynthesis|g__Bifidobacterium.s__Bifidobacterium_bifidum	6.33287e-06
PWY0-1061: superpathway of L-alanine biosynthesis|g__Blautia.s__Ruminococcus_torques	4.91731e-06
PWY0-1061: superpathway of L-alanine biosynthesis|g__Lachnospiraceae_unclassified.s__Eubacterium_rectale	3.47157e-06
PWY0-1061: superpathway of L-alanine biosynthesis|g__Bifidobacterium.s__Bifidobacterium_adolescentis	6.15145e-07
PWY-5897: superpathway of menaquinol-11 biosynthesis	3.69594e-05
PWY-5897: superpathway of menaquinol-11 biosynthesis|g__Lactococcus.s__Lactococcus_lactis	4.9741e-07
PWY-5898: superpathway of menaquinol-12 biosynthesis	3.69594e-05
PWY-5898: superpathway of menaquinol-12 biosynthesis|g__Lactococcus.s__Lactococcus_lactis	4.9741e-07
PWY-5899: superpathway of menaquinol-13 biosynthesis	3.69594e-05
PWY-5899: superpathway of menaquinol-13 biosynthesis|g__Lactococcus.s__Lactococcus_lactis	4.9741e-07
HEMESYN2-PWY: heme b biosynthesis II (oxygen-independent)	3.66986e-05
HEMESYN2-PWY: heme b biosynthesis II (oxygen-independent)|unclassified	2.34907e-06
RUMP-PWY: formaldehyde oxidation I	3.6363e-05
RUMP-PWY: formaldehyde oxidation I|unclassified	3.36752e-06
PWY-5840: superpathway of menaquinol-7 biosynthesis	3.60987e-05
PWY-5840: superpathway of menaquinol-7 biosynthesis|g__Lactococcus.s__Lactococcus_lactis	4.58698e-07
PWY-7184: pyrimidine deoxyribonucleotides de novo biosynthesis I	3.5445e-05
PWY-7184: pyrimidine deoxyribonucleotides de novo biosynthesis I|unclassified	1.08123e-05
PPGPPMET-PWY: ppGpp metabolism	3.53318e-05
PPGPPMET-PWY: ppGpp metabolism|unclassified	1.17284e-05
PWY-6545: pyrimidine deoxyribonucleotides de novo biosynthesis III	3.50609e-05
PWY-6545: pyrimidine deoxyribonucleotides de novo biosynthesis III|unclassified	1.05132e-05
PWY3O-4107: NAD salvage pathway V (PNC V cycle)	3.49603e-05
PWY3O-4107: NAD salvage pathway V (PNC V cycle)|g__Bifidobacterium.s__Bifidobacterium_bifidum	5.18765e-06
PWY3O-4107: NAD salvage pathway V (PNC V cycle)|unclassified	3.397e-07
PWY-7013: (S)-propane-1,2-diol degradation	3.41127e-05
PWY-7013: (S)-propane-1,2-diol degradation|g__Eubacterium.s__Eubacterium_hallii	1.22584e-05
PWY-7013: (S)-propane-1,2-diol degradation|unclassified	5.00957e-06
PWY-7013: (S)-propane-1,2-diol degradation|g__Streptococcus.s__Streptococcus_australis	1.39894e-06
PWY-7013: (S)-propane-1,2-diol degradation|g__Flavonifractor.s__Flavonifractor_plautii	3.88046e-07
PWY-7196: superpathway of pyrimidine ribonucleosides salvage	3.39773e-05
PWY-6588: pyruvate fermentation to acetone	3.22276e-05
PWY-6588: pyruvate fermentation to acetone|g__Flavonifractor.s__Flavonifractor_plautii	7.89207e-06
PWY-6588: pyruvate fermentation to acetone|unclassified	5.83287e-06
PWY-6588: pyruvate fermentation to acetone|g__Coprococcus.s__Coprococcus_catus	1.90141e-06
PWY-6588: pyruvate fermentation to acetone|g__Intestinimonas.s__Intestinimonas_butyriciproducens	1.04411e-06
GALACTUROCAT-PWY: D-galacturonate degradation I	3.2051e-05
GALACTUROCAT-PWY: D-galacturonate degradation I|g__Faecalibacterium.s__Faecalibacterium_prausnitzii	8.01483e-06
GALACTUROCAT-PWY: D-galacturonate degradation I|unclassified	4.83333e-06
GALACTUROCAT-PWY: D-galacturonate degradation I|g__Eisenbergiella.s__Eisenbergiella_tayi	1.88471e-06
GALACTUROCAT-PWY: D-galacturonate degradation I|g__Clostridium.s__Clostridium_sp_CAG_58	1.30107e-06
GALACTUROCAT-PWY: D-galacturonate degradation I|g__Blautia.s__Ruminococcus_torques	9.49857e-07
GALACTUROCAT-PWY: D-galacturonate degradation I|g__Alistipes.s__Alistipes_shahii	7.42697e-07
GALACTUROCAT-PWY: D-galacturonate degradation I|g__Intestinimonas.s__Intestinimonas_butyriciproducens	6.72378e-07
PWY1ZNC-1: assimilatory sulfate reduction IV	2.904e-05
PWY1ZNC-1: assimilatory sulfate reduction IV|g__Eubacterium.s__Eubacterium_hallii	3.67974e-06
PWY1ZNC-1: assimilatory sulfate reduction IV|unclassified	3.82594e-07
PWY-5861: superpathway of demethylmenaquinol-8 biosynthesis I	2.84663e-05
PWY-7315: dTDP-N-acetylthomosamine biosynthesis	2.78564e-05
PWY-7315: dTDP-N-acetylthomosamine biosynthesis|unclassified	2.04144e-05
PWY-7315: dTDP-N-acetylthomosamine biosynthesis|g__Eisenbergiella.s__Eisenbergiella_tayi	1.94389e-06
PWY-7315: dTDP-N-acetylthomosamine biosynthesis|g__Asaccharobacter.s__Asaccharobacter_celatus	6.23243e-07
PWY-7315: dTDP-N-acetylthomosamine biosynthesis|g__Eubacterium.s__Eubacterium_maltosivorans	8.32849e-08
PWY-6507: 4-deoxy-L-threo-hex-4-enopyranuronate degradation	2.77779e-05
PWY-6507: 4-deoxy-L-threo-hex-4-enopyranuronate degradation|g__Faecalibacterium.s__Faecalibacterium_prausnitzii	6.78518e-06
PWY-6507: 4-deoxy-L-threo-hex-4-enopyranuronate degradation|unclassified	4.48254e-06
PWY-6612: superpathway of tetrahydrofolate biosynthesis	2.67284e-05
PWY-6612: superpathway of tetrahydrofolate biosynthesis|g__Streptococcus.s__Streptococcus_pneumoniae	4.46806e-07
PWY-7209: superpathway of pyrimidine ribonucleosides degradation	2.64073e-05
PWY-7185: UTP and CTP dephosphorylation I	2.63927e-05
PWY-7185: UTP and CTP dephosphorylation I|unclassified	9.21793e-06
GALACT-GLUCUROCAT-PWY: superpathway of hexuronide and hexuronate degradation	2.60174e-05
GALACT-GLUCUROCAT-PWY: superpathway of hexuronide and hexuronate degradation|unclassified	2.95925e-06
PWY-6284: superpathway of unsaturated fatty acids biosynthesis (E. coli)	2.51676e-05
PWY-6859: all-trans-farnesol biosynthesis	2.41391e-05
POLYAMSYN-PWY: superpathway of polyamine biosynthesis I	2.29978e-05
POLYAMSYN-PWY: superpathway of polyamine biosynthesis I|unclassified	6.74267e-07
PWY0-781: aspartate superpathway	1.93963e-05
PWY0-781: aspartate superpathway|unclassified	3.00731e-06
PWY-5136: fatty acid &beta;-oxidation II (plant peroxisome)	1.90683e-05
PWY-5136: fatty acid &beta;-oxidation II (plant peroxisome)|g__Coprococcus.s__Coprococcus_catus	5.21813e-06
PWY-5136: fatty acid &beta;-oxidation II (plant peroxisome)|unclassified	2.54966e-06
PWY-5136: fatty acid &beta;-oxidation II (plant peroxisome)|g__Intestinimonas.s__Intestinimonas_butyriciproducens	4.56e-07
P4-PWY: superpathway of L-lysine, L-threonine and L-methionine biosynthesis I	1.83922e-05
P4-PWY: superpathway of L-lysine, L-threonine and L-methionine biosynthesis I|unclassified	2.99375e-06
PWY-7992: superpathway of menaquinol-8 biosynthesis III	1.52639e-05
PWY-7992: superpathway of menaquinol-8 biosynthesis III|unclassified	7.24581e-06
PWY4LZ-257: superpathway of fermentation (Chlamydomonas reinhardtii)	1.50822e-05
PWY4LZ-257: superpathway of fermentation (Chlamydomonas reinhardtii)|unclassified	1.46149e-06
GLUDEG-I-PWY: GABA shunt	1.50474e-05
HEME-BIOSYNTHESIS-II: heme b biosynthesis I (aerobic)	1.49937e-05
HEME-BIOSYNTHESIS-II: heme b biosynthesis I (aerobic)|g__Actinomyces.s__Actinomyces_sp_HPA0247	4.64304e-06
HEME-BIOSYNTHESIS-II: heme b biosynthesis I (aerobic)|unclassified	1.18624e-06
HEME-BIOSYNTHESIS-II: heme b biosynthesis I (aerobic)|g__Rothia.s__Rothia_mucilaginosa	4.39113e-07
PWY-5022: 4-aminobutanoate degradation V	1.45789e-05
PWY-5022: 4-aminobutanoate degradation V|unclassified	6.46702e-07
PWY-5005: biotin biosynthesis II	1.43896e-05
PWY-5005: biotin biosynthesis II|g__Phascolarctobacterium.s__Phascolarctobacterium_faecium	4.07438e-06
PWY-5005: biotin biosynthesis II|g__Blautia.s__Ruminococcus_torques	2.24352e-06
PWY-5845: superpathway of menaquinol-9 biosynthesis	1.34145e-05
PWY-5850: superpathway of menaquinol-6 biosynthesis	1.34145e-05
PWY-5896: superpathway of menaquinol-10 biosynthesis	1.34145e-05
PWY-5837: 2-carboxy-1,4-naphthoquinol biosynthesis	1.33219e-05
PWY-5837: 2-carboxy-1,4-naphthoquinol biosynthesis|g__Lactococcus.s__Lactococcus_lactis	7.75872e-07
P125-PWY: superpathway of (R,R)-butanediol biosynthesis	1.24694e-05
P125-PWY: superpathway of (R,R)-butanediol biosynthesis|g__Streptococcus.s__Streptococcus_thermophilus	3.5929e-06
P125-PWY: superpathway of (R,R)-butanediol biosynthesis|g__Lactococcus.s__Lactococcus_lactis	8.9096e-07
P125-PWY: superpathway of (R,R)-butanediol biosynthesis|g__Streptococcus.s__Streptococcus_salivarius	6.75322e-07
P125-PWY: superpathway of (R,R)-butanediol biosynthesis|g__Streptococcus.s__Streptococcus_australis	5.45666e-07
P125-PWY: superpathway of (R,R)-butanediol biosynthesis|g__Eubacterium.s__Eubacterium_limosum	3.48038e-07
P125-PWY: superpathway of (R,R)-butanediol biosynthesis|g__Streptococcus.s__Streptococcus_sp_A12	3.22139e-07
P125-PWY: superpathway of (R,R)-butanediol biosynthesis|g__Eubacterium.s__Eubacterium_maltosivorans	2.0857e-07
P161-PWY: acetylene degradation (anaerobic)	1.22616e-05
P161-PWY: acetylene degradation (anaerobic)|unclassified	1.20076e-06
P161-PWY: acetylene degradation (anaerobic)|g__Streptococcus.s__Streptococcus_oralis	4.42316e-07
PWY-5345: superpathway of L-methionine biosynthesis (by sulfhydrylation)	1.20192e-05
PWY-5130: 2-oxobutanoate degradation I	1.16693e-05
PWY-5130: 2-oxobutanoate degradation I|unclassified	4.76605e-07
PWY-5918: superpathway of heme b biosynthesis from glutamate	1.1529e-05
PWY-5918: superpathway of heme b biosynthesis from glutamate|unclassified	1.35158e-06
SULFATE-CYS-PWY: superpathway of sulfate assimilation and cysteine biosynthesis	9.88614e-06
P105-PWY: TCA cycle IV (2-oxoglutarate decarboxylase)	9.74126e-06
P105-PWY: TCA cycle IV (2-oxoglutarate decarboxylase)|unclassified	6.38029e-06
MET-SAM-PWY: superpathway of S-adenosyl-L-methionine biosynthesis	9.67436e-06
MET-SAM-PWY: superpathway of S-adenosyl-L-methionine biosynthesis|unclassified	1.63395e-06
MET-SAM-PWY: superpathway of S-adenosyl-L-methionine biosynthesis|g__Lactococcus.s__Lactococcus_lactis	7.43569e-07
PWY-5347: superpathway of L-methionine biosynthesis (transsulfuration)	9.66139e-06
PWY-5347: superpathway of L-methionine biosynthesis (transsulfuration)|unclassified	1.73482e-06
PWY-5347: superpathway of L-methionine biosynthesis (transsulfuration)|g__Lactococcus.s__Lactococcus_lactis	7.39427e-07
NAD-BIOSYNTHESIS-II: NAD salvage pathway III (to nicotinamide riboside)	9.48095e-06
PWY-5910: superpathway of geranylgeranyldiphosphate biosynthesis I (via mevalonate)	9.34797e-06
PWY-7688: dTDP-&alpha;-D-ravidosamine and dTDP-4-acetyl-&alpha;-D-ravidosamine biosynthesis	9.28519e-06
PWY-7688: dTDP-&alpha;-D-ravidosamine and dTDP-4-acetyl-&alpha;-D-ravidosamine biosynthesis|g__Bacteroides.s__Bacteroides_cellulosilyticus	2.002e-06
PWY-7688: dTDP-&alpha;-D-ravidosamine and dTDP-4-acetyl-&alpha;-D-ravidosamine biosynthesis|g__Eisenbergiella.s__Eisenbergiella_tayi	1.94018e-06
PWY-7688: dTDP-&alpha;-D-ravidosamine and dTDP-4-acetyl-&alpha;-D-ravidosamine biosynthesis|g__Bacteroides.s__Bacteroides_intestinalis	1.89416e-06
PWY-6435: 4-hydroxybenzoate biosynthesis III (plants)	9.26286e-06
PWY-5860: superpathway of demethylmenaquinol-6 biosynthesis I	9.0532e-06
PWY-5862: superpathway of demethylmenaquinol-9 biosynthesis	9.0532e-06
PWY-5367: petroselinate biosynthesis	8.60503e-06
PWY-5367: petroselinate biosynthesis|g__Blautia.s__Ruminococcus_torques	6.01017e-06
PWY-5367: petroselinate biosynthesis|g__Lactococcus.s__Lactococcus_lactis	6.79832e-07
METSYN-PWY: superpathway of L-homoserine and L-methionine biosynthesis	8.50317e-06
METSYN-PWY: superpathway of L-homoserine and L-methionine biosynthesis|unclassified	1.52532e-06
METSYN-PWY: superpathway of L-homoserine and L-methionine biosynthesis|g__Lactococcus.s__Lactococcus_lactis	7.19197e-07
P124-PWY: Bifidobacterium shunt	8.11596e-06
P124-PWY: Bifidobacterium shunt|g__Collinsella.s__Collinsella_aerofaciens	1.89935e-06
P124-PWY: Bifidobacterium shunt|g__Bifidobacterium.s__Bifidobacterium_longum	1.40391e-07
PWY-5690: TCA cycle II (plants and fungi)	7.6841e-06
PWY-5690: TCA cycle II (plants and fungi)|unclassified	4.12686e-06
PWY-6961: L-ascorbate degradation II (bacterial, aerobic)	7.52334e-06
PWY-6961: L-ascorbate degradation II (bacterial, aerobic)|unclassified	1.22246e-06
PWY-922: mevalonate pathway I (eukaryotes and bacteria)	7.44874e-06
PWY-922: mevalonate pathway I (eukaryotes and bacteria)|unclassified	3.28668e-07
P108-PWY: pyruvate fermentation to propanoate I	7.30039e-06
P108-PWY: pyruvate fermentation to propanoate I|unclassified	2.17786e-06
METHGLYUT-PWY: superpathway of methylglyoxal degradation	7.052e-06
PWY66-391: fatty acid &beta;-oxidation VI (mammalian peroxisome)	6.91884e-06
PWY66-391: fatty acid &beta;-oxidation VI (mammalian peroxisome)|unclassified	2.29014e-06
PWY-7204: pyridoxal 5'-phosphate salvage II (plants)	6.8616e-06
PWY-6165: chorismate biosynthesis II (archaea)	6.8481e-06
PWY-6165: chorismate biosynthesis II (archaea)|unclassified	6.50003e-06
PWY-7200: superpathway of pyrimidine deoxyribonucleoside salvage	6.84462e-06
PWY-7200: superpathway of pyrimidine deoxyribonucleoside salvage|unclassified	6.18731e-06
PWY-6471: peptidoglycan biosynthesis IV (Enterococcus faecium)	6.8139e-06
PWY-7391: isoprene biosynthesis II (engineered)	6.23998e-06
TCA: TCA cycle I (prokaryotic)	6.12167e-06
TCA: TCA cycle I (prokaryotic)|unclassified	1.50755e-06
PWY-7371: 1,4-dihydroxy-6-naphthoate biosynthesis II	5.95619e-06
PWY-7371: 1,4-dihydroxy-6-naphthoate biosynthesis II|unclassified	4.02755e-06
PWY-5189: tetrapyrrole biosynthesis II (from glycine)	5.78805e-06
PWY-5189: tetrapyrrole biosynthesis II (from glycine)|g__Blautia.s__Blautia_obeum	4.21056e-06
PWY-5189: tetrapyrrole biosynthesis II (from glycine)|unclassified	7.71293e-07
PWY-7031: protein N-glycosylation (bacterial)	5.71393e-06
PWY-7031: protein N-glycosylation (bacterial)|g__Eisenbergiella.s__Eisenbergiella_tayi	1.24539e-06
PWY-821: superpathway of sulfur amino acid biosynthesis (Saccharomyces cerevisiae)	5.61461e-06
PWY-6607: guanosine nucleotides degradation I	5.29971e-06
PWY-6607: guanosine nucleotides degradation I|g__Blautia.s__Blautia_obeum	1.45067e-06
PWY-6595: superpathway of guanosine nucleotides degradation (plants)	5.29222e-06
PWY-6595: superpathway of guanosine nucleotides degradation (plants)|g__Blautia.s__Blautia_obeum	1.79453e-06
PWY-6920: 6-gingerol analog biosynthesis (engineered)	5.26023e-06
PWY-5723: Rubisco shunt	5.24822e-06
PWY-6293: superpathway of L-cysteine biosynthesis (fungi)	5.04092e-06
PWY-6293: superpathway of L-cysteine biosynthesis (fungi)|unclassified	1.13613e-06
HOMOSER-METSYN-PWY: L-methionine biosynthesis I	4.89351e-06
HOMOSER-METSYN-PWY: L-methionine biosynthesis I|unclassified	8.77563e-07
HOMOSER-METSYN-PWY: L-methionine biosynthesis I|g__Lactococcus.s__Lactococcus_lactis	7.36688e-07
P23-PWY: reductive TCA cycle I	4.86548e-06
P23-PWY: reductive TCA cycle I|unclassified	5.90212e-07
REDCITCYC: TCA cycle VI (Helicobacter)	4.47169e-06
REDCITCYC: TCA cycle VI (Helicobacter)|unclassified	5.92654e-07
SO4ASSIM-PWY: assimilatory sulfate reduction I	4.46976e-06
PWY-6992: 1,5-anhydrofructose degradation	4.46819e-06
GALACTARDEG-PWY: D-galactarate degradation I	4.33842e-06
GALACTARDEG-PWY: D-galactarate degradation I|g__Flavonifractor.s__Flavonifractor_plautii	9.80333e-07
GALACTARDEG-PWY: D-galactarate degradation I|unclassified	7.10889e-07
GLUCARGALACTSUPER-PWY: superpathway of D-glucarate and D-galactarate degradation	4.33842e-06
GLUCARGALACTSUPER-PWY: superpathway of D-glucarate and D-galactarate degradation|g__Flavonifractor.s__Flavonifractor_plautii	9.80333e-07
GLUCARGALACTSUPER-PWY: superpathway of D-glucarate and D-galactarate degradation|unclassified	7.10889e-07
PWY-822: fructan biosynthesis	3.87762e-06
PWY-822: fructan biosynthesis|g__Streptococcus.s__Streptococcus_thermophilus	2.32081e-06
PWY-822: fructan biosynthesis|g__Streptococcus.s__Streptococcus_salivarius	7.94257e-07
PWY-822: fructan biosynthesis|g__Streptococcus.s__Streptococcus_pneumoniae	7.62552e-07
PWY-6953: dTDP-3-acetamido-&alpha;-D-fucose biosynthesis	3.84314e-06
PWY-6953: dTDP-3-acetamido-&alpha;-D-fucose biosynthesis|g__Eisenbergiella.s__Eisenbergiella_tayi	7.11469e-07
PWY-6174: mevalonate pathway II (haloarchaea)	3.78919e-06
PWY-6174: mevalonate pathway II (haloarchaea)|unclassified	3.74756e-07
PWY-8125: mevalonate pathway IV (archaea)	3.78919e-06
PWY-8125: mevalonate pathway IV (archaea)|unclassified	3.74756e-07
PWY-6572: chondroitin sulfate degradation I (bacterial)	3.73266e-06
PWY-6572: chondroitin sulfate degradation I (bacterial)|g__Bacteroides.s__Bacteroides_thetaiotaomicron	2.36454e-07
PWY-7254: TCA cycle VII (acetate-producers)	3.7066e-06
PWY-7254: TCA cycle VII (acetate-producers)|unclassified	4.57175e-07
GLUCARDEG-PWY: D-glucarate degradation I	3.52583e-06
GLUCARDEG-PWY: D-glucarate degradation I|unclassified	6.13002e-07
PWY-801: homocysteine and cysteine interconversion	3.04633e-06
PWY-801: homocysteine and cysteine interconversion|unclassified	6.86444e-07
PWY-6803: phosphatidylcholine acyl editing	2.99472e-06
PWY-6803: phosphatidylcholine acyl editing|unclassified	2.82046e-06
PWY-6807: xyloglucan degradation II (exoglucanase)	2.61535e-06
PWY-6160: 3-dehydroquinate biosynthesis II (archaea)	2.58741e-06
PWY-6160: 3-dehydroquinate biosynthesis II (archaea)|unclassified	2.51852e-06
PWY-5004: superpathway of L-citrulline metabolism	2.54857e-06
PWY-6518: bile acids epimerization	2.40978e-06
PWY-7434: terminal O-glycans residues modification (via type 2 precursor disaccharide)	2.27169e-06
PWY-7434: terminal O-glycans residues modification (via type 2 precursor disaccharide)|g__Streptococcus.s__Streptococcus_australis	2.27169e-06
PWY-6749: CMP-legionaminate biosynthesis I	2.15248e-06
PWY-6749: CMP-legionaminate biosynthesis I|g__Eisenbergiella.s__Eisenbergiella_tayi	1.20303e-06
P163-PWY: L-lysine fermentation to acetate and butanoate	1.88998e-06
P163-PWY: L-lysine fermentation to acetate and butanoate|g__Intestinimonas.s__Intestinimonas_butyriciproducens	5.78428e-07
CRNFORCAT-PWY: creatinine degradation I	1.70469e-06
CRNFORCAT-PWY: creatinine degradation I|unclassified	1.31775e-06
PWY-6922: L-N&delta;-acetylornithine biosynthesis	1.65234e-06
PWY66-389: phytol degradation	1.61232e-06
PWY66-389: phytol degradation|unclassified	5.62495e-07
PWY-7883: anhydromuropeptides recycling II	1.45681e-06
PWY-6876: isopropanol biosynthesis (engineered)	1.43946e-06
PWY-6876: isopropanol biosynthesis (engineered)|unclassified	1.3912e-06
FASYN-INITIAL-PWY: superpathway of fatty acid biosynthesis initiation (E. coli)	1.33805e-06
PWY-7317: superpathway of dTDP-glucose-derived O-antigen building blocks biosynthesis	1.20288e-06
PWY-6531: mannitol cycle	1.15228e-06
PWY-7159: 3,8-divinyl-chlorophyllide a biosynthesis III (aerobic, light independent)	1.14465e-06
P221-PWY: octane oxidation	1.09661e-06
PWY1G-0: mycothiol biosynthesis	1.06031e-06
PWY-5392: reductive TCA cycle II	9.5503e-07
PWY-5656: mannosylglycerate biosynthesis I	8.51511e-07
POLYAMINSYN3-PWY: superpathway of polyamine biosynthesis II	7.56768e-07
PWY-5532: nucleoside and nucleotide degradation (archaea)	7.32734e-07
P621-PWY: nylon-6 oligomer degradation	5.94759e-07
ORNDEG-PWY: superpathway of ornithine degradation	4.48798e-07
ORNDEG-PWY: superpathway of ornithine degradation|unclassified	3.11015e-07
PWY-5677: succinate fermentation to butanoate	3.93997e-07
PWY-5677: succinate fermentation to butanoate|unclassified	3.82411e-07
PWY-5675: nitrate reduction V (assimilatory)	3.89376e-07
PWY-5675: nitrate reduction V (assimilatory)|unclassified	3.88622e-07
