# Pathway	CRSAFR-001-Cosmic_52_Abundance-RELAB
UNMAPPED	0.174131
UNINTEGRATED	0.770194
UNINTEGRATED|g__Lachnospiraceae_unclassified.s__Eubacterium_rectale	0.0985924
UNINTEGRATED|g__Blautia.s__Ruminococcus_torques	0.0560542
UNINTEGRATED|g__Bacteroides.s__Bacteroides_uniformis	0.047137
UNINTEGRATED|unclassified	0.0381689
UNINTEGRATED|g__Faecalibacterium.s__Faecalibacterium_prausnitzii	0.0343081
UNINTEGRATED|g__Bacteroides.s__Bacteroides_dorei	0.0255732
UNINTEGRATED|g__Bacteroides.s__Bacteroides_vulgatus	0.0219566
UNINTEGRATED|g__Proteobacteria_unclassified.s__Proteobacteria_bacterium_CAG_495	0.0210139
UNINTEGRATED|g__Bacteroides.s__Bacteroides_clarus	0.0189356
UNINTEGRATED|g__Blautia.s__Blautia_obeum	0.0177339
UNINTEGRATED|g__Fusicatenibacter.s__Fusicatenibacter_saccharivorans	0.0174282
UNINTEGRATED|g__Parabacteroides.s__Parabacteroides_distasonis	0.0170064
UNINTEGRATED|g__Roseburia.s__Roseburia_inulinivorans	0.0166002
UNINTEGRATED|g__Ruminococcus.s__Ruminococcus_bromii	0.0157222
UNINTEGRATED|g__Alistipes.s__Alistipes_finegoldii	0.012628
UNINTEGRATED|g__Bacteroides.s__Bacteroides_ovatus	0.0119687
UNINTEGRATED|g__Roseburia.s__Roseburia_faecis	0.0112398
UNINTEGRATED|g__Bacteroides.s__Bacteroides_xylanisolvens	0.0111769
UNINTEGRATED|g__Blautia.s__Blautia_wexlerae	0.0102026
UNINTEGRATED|g__Alistipes.s__Alistipes_putredinis	0.00974835
UNINTEGRATED|g__Blautia.s__Blautia_sp	0.00943701
UNINTEGRATED|g__Anaerostipes.s__Anaerostipes_hadrus	0.00938325
UNINTEGRATED|g__Dorea.s__Dorea_longicatena	0.00934604
UNINTEGRATED|g__Bifidobacterium.s__Bifidobacterium_longum	0.00888775
UNINTEGRATED|g__Parabacteroides.s__Parabacteroides_merdae	0.00880455
UNINTEGRATED|g__Sutterella.s__Sutterella_wadsworthensis	0.00868276
UNINTEGRATED|g__Bifidobacterium.s__Bifidobacterium_catenulatum	0.00847262
UNINTEGRATED|g__Eubacterium.s__Eubacterium_eligens	0.00838702
UNINTEGRATED|g__Anaerotruncus.s__Anaerotruncus_sp_CAG_528	0.00796541
UNINTEGRATED|g__Bifidobacterium.s__Bifidobacterium_bifidum	0.00732681
UNINTEGRATED|g__Coprococcus.s__Coprococcus_comes	0.00716157
UNINTEGRATED|g__Bacteroides.s__Bacteroides_cellulosilyticus	0.00664827
UNINTEGRATED|g__Dorea.s__Dorea_formicigenerans	0.00619565
UNINTEGRATED|g__Bacteroides.s__Bacteroides_caccae	0.00612084
UNINTEGRATED|g__Blautia.s__Ruminococcus_gnavus	0.00608457
UNINTEGRATED|g__Bifidobacterium.s__Bifidobacterium_pseudocatenulatum	0.0059899
UNINTEGRATED|g__Eubacterium.s__Eubacterium_sp_CAG_252	0.00582363
UNINTEGRATED|g__Eubacterium.s__Eubacterium_hallii	0.00565307
UNINTEGRATED|g__Bacteroides.s__Bacteroides_thetaiotaomicron	0.00560755
UNINTEGRATED|g__Dialister.s__Dialister_invisus	0.0054358
UNINTEGRATED|g__Ruminococcus.s__Ruminococcus_sp_CAG_254	0.00472729
UNINTEGRATED|g__Eggerthella.s__Eggerthella_lenta	0.00353396
UNINTEGRATED|g__Clostridium.s__Clostridium_sp_AM22_11AC	0.00342215
UNINTEGRATED|g__Flavonifractor.s__Flavonifractor_plautii	0.00289422
UNINTEGRATED|g__Roseburia.s__Roseburia_hominis	0.00277232
UNINTEGRATED|g__Eubacterium.s__Eubacterium_ramulus	0.00245599
UNINTEGRATED|g__Bacteroides.s__Bacteroides_intestinalis	0.00225386
UNINTEGRATED|g__Odoribacter.s__Odoribacter_splanchnicus	0.00197772
UNINTEGRATED|g__Eubacterium.s__Eubacterium_sp_CAG_38	0.00188614
UNINTEGRATED|g__Clostridium.s__Clostridium_sp_CAG_122	0.00179472
UNINTEGRATED|g__Subdoligranulum.s__Subdoligranulum_sp_APC924_74	0.00172899
UNINTEGRATED|g__Hungatella.s__Hungatella_hathewayi	0.00163698
UNINTEGRATED|g__Bilophila.s__Bilophila_wadsworthia	0.0016202
UNINTEGRATED|g__Acetobacter.s__Acetobacter_sp_CAG_267	0.00159005
UNINTEGRATED|g__Alistipes.s__Alistipes_onderdonkii	0.00155116
UNINTEGRATED|g__Gemmiger.s__Gemmiger_formicilis	0.00133448
UNINTEGRATED|g__Firmicutes_unclassified.s__Firmicutes_bacterium_CAG_41	0.000973286
UNINTEGRATED|g__Lawsonibacter.s__Lawsonibacter_asaccharolyticus	0.000959185
UNINTEGRATED|g__Coprococcus.s__Coprococcus_catus	0.00091858
UNINTEGRATED|g__Agathobaculum.s__Agathobaculum_butyriciproducens	0.000912637
UNINTEGRATED|g__Roseburia.s__Roseburia_intestinalis	0.000821465
UNINTEGRATED|g__Lachnoclostridium.s__Clostridium_symbiosum	0.000781561
UNINTEGRATED|g__Blautia.s__Blautia_producta	0.000701932
UNINTEGRATED|g__Coprobacter.s__Coprobacter_secundus	0.000515322
UNINTEGRATED|g__Eubacterium.s__Eubacterium_sp_CAG_192	0.000503839
UNINTEGRATED|g__Senegalimassilia.s__Senegalimassilia_anaerobia	0.000502891
UNINTEGRATED|g__Bacteroides.s__Bacteroides_stercorirosoris	0.000499052
UNINTEGRATED|g__Firmicutes_unclassified.s__Firmicutes_bacterium_CAG_83	0.000479849
UNINTEGRATED|g__Streptococcus.s__Streptococcus_thermophilus	0.000342224
UNINTEGRATED|g__Clostridium.s__Clostridium_sp_CAG_221	0.000312644
UNINTEGRATED|g__Alistipes.s__Alistipes_timonensis	0.000282763
UNINTEGRATED|g__Firmicutes_unclassified.s__Firmicutes_bacterium_CAG_102	0.000272054
UNINTEGRATED|g__Butyricimonas.s__Butyricimonas_synergistica	0.000249207
UNINTEGRATED|g__Blautia.s__Blautia_sp_CAG_257	0.000234958
UNINTEGRATED|g__Lachnospira.s__Lachnospira_pectinoschiza	0.000223592
UNINTEGRATED|g__Azospirillum.s__Azospirillum_sp_CAG_260	0.00020486
UNINTEGRATED|g__Bacteroides.s__Bacteroides_stercoris	0.000142382
UNINTEGRATED|g__Lachnoclostridium.s__Clostridium_aldenense	5.12422e-05
UNINTEGRATED|g__Adlercreutzia.s__Adlercreutzia_equolifaciens	4.1356e-05
PWY-7238: sucrose biosynthesis II	0.000853535
PWY-7238: sucrose biosynthesis II|g__Blautia.s__Ruminococcus_torques	0.000153354
PWY-7238: sucrose biosynthesis II|g__Lachnospiraceae_unclassified.s__Eubacterium_rectale	0.000122748
PWY-7238: sucrose biosynthesis II|g__Faecalibacterium.s__Faecalibacterium_prausnitzii	5.40741e-05
PWY-7238: sucrose biosynthesis II|g__Ruminococcus.s__Ruminococcus_bromii	3.94966e-05
PWY-7238: sucrose biosynthesis II|g__Proteobacteria_unclassified.s__Proteobacteria_bacterium_CAG_495	3.67327e-05
PWY-7238: sucrose biosynthesis II|unclassified	3.55263e-05
PWY-7238: sucrose biosynthesis II|g__Blautia.s__Blautia_obeum	2.90254e-05
PWY-7238: sucrose biosynthesis II|g__Bacteroides.s__Bacteroides_uniformis	2.78178e-05
PWY-7238: sucrose biosynthesis II|g__Roseburia.s__Roseburia_inulinivorans	2.21918e-05
PWY-7238: sucrose biosynthesis II|g__Fusicatenibacter.s__Fusicatenibacter_saccharivorans	2.13434e-05
PWY-7238: sucrose biosynthesis II|g__Anaerotruncus.s__Anaerotruncus_sp_CAG_528	2.04147e-05
PWY-7238: sucrose biosynthesis II|g__Bifidobacterium.s__Bifidobacterium_catenulatum	1.81011e-05
PWY-7238: sucrose biosynthesis II|g__Roseburia.s__Roseburia_faecis	1.66247e-05
PWY-7238: sucrose biosynthesis II|g__Bacteroides.s__Bacteroides_clarus	1.59466e-05
PWY-7238: sucrose biosynthesis II|g__Ruminococcus.s__Ruminococcus_sp_CAG_254	1.41997e-05
PWY-7238: sucrose biosynthesis II|g__Eubacterium.s__Eubacterium_sp_CAG_252	1.38365e-05
PWY-7238: sucrose biosynthesis II|g__Blautia.s__Blautia_sp	1.32696e-05
PWY-7238: sucrose biosynthesis II|g__Blautia.s__Blautia_wexlerae	1.22765e-05
PWY-7238: sucrose biosynthesis II|g__Anaerostipes.s__Anaerostipes_hadrus	1.12023e-05
PWY-7238: sucrose biosynthesis II|g__Dorea.s__Dorea_longicatena	1.01317e-05
PWY-7238: sucrose biosynthesis II|g__Bifidobacterium.s__Bifidobacterium_longum	9.32228e-06
PWY-7238: sucrose biosynthesis II|g__Bifidobacterium.s__Bifidobacterium_pseudocatenulatum	8.55755e-06
PWY-7238: sucrose biosynthesis II|g__Bifidobacterium.s__Bifidobacterium_bifidum	6.82596e-06
PWY-7238: sucrose biosynthesis II|g__Acetobacter.s__Acetobacter_sp_CAG_267	6.62993e-06
PWY-7238: sucrose biosynthesis II|g__Eubacterium.s__Eubacterium_eligens	6.4361e-06
PWY-7238: sucrose biosynthesis II|g__Eubacterium.s__Eubacterium_hallii	4.48266e-06
PWY-7238: sucrose biosynthesis II|g__Clostridium.s__Clostridium_sp_CAG_122	3.78971e-06
PWY-7238: sucrose biosynthesis II|g__Clostridium.s__Clostridium_sp_AM22_11AC	3.73579e-06
PWY-7238: sucrose biosynthesis II|g__Eubacterium.s__Eubacterium_sp_CAG_38	3.4376e-06
PWY-7238: sucrose biosynthesis II|g__Coprococcus.s__Coprococcus_comes	3.37586e-06
PWY-7238: sucrose biosynthesis II|g__Dorea.s__Dorea_formicigenerans	3.17998e-06
PWY-7238: sucrose biosynthesis II|g__Bacteroides.s__Bacteroides_cellulosilyticus	3.15169e-06
PWY-7238: sucrose biosynthesis II|g__Subdoligranulum.s__Subdoligranulum_sp_APC924_74	3.00175e-06
PWY-7238: sucrose biosynthesis II|g__Gemmiger.s__Gemmiger_formicilis	2.8511e-06
PWY-7238: sucrose biosynthesis II|g__Bacteroides.s__Bacteroides_thetaiotaomicron	1.94598e-06
PWY-7238: sucrose biosynthesis II|g__Blautia.s__Ruminococcus_gnavus	1.92449e-06
PWY-7238: sucrose biosynthesis II|g__Flavonifractor.s__Flavonifractor_plautii	1.22867e-06
PWY-7238: sucrose biosynthesis II|g__Lawsonibacter.s__Lawsonibacter_asaccharolyticus	1.13547e-06
PWY-7238: sucrose biosynthesis II|g__Agathobaculum.s__Agathobaculum_butyriciproducens	1.05393e-06
PWY-7238: sucrose biosynthesis II|g__Firmicutes_unclassified.s__Firmicutes_bacterium_CAG_41	1.04114e-06
PWY-7238: sucrose biosynthesis II|g__Bacteroides.s__Bacteroides_intestinalis	1.00323e-06
PWY-7238: sucrose biosynthesis II|g__Firmicutes_unclassified.s__Firmicutes_bacterium_CAG_83	8.97607e-07
PWY-7238: sucrose biosynthesis II|g__Eubacterium.s__Eubacterium_sp_CAG_192	8.29308e-07
PWY-7238: sucrose biosynthesis II|g__Eubacterium.s__Eubacterium_ramulus	7.55187e-07
PWY-7238: sucrose biosynthesis II|g__Blautia.s__Blautia_producta	6.90342e-07
PWY-7238: sucrose biosynthesis II|g__Firmicutes_unclassified.s__Firmicutes_bacterium_CAG_102	5.11543e-07
PWY-7238: sucrose biosynthesis II|g__Lachnoclostridium.s__Clostridium_symbiosum	4.7929e-07
PWY-7238: sucrose biosynthesis II|g__Bacteroides.s__Bacteroides_stercorirosoris	3.31053e-07
PWY-7238: sucrose biosynthesis II|g__Blautia.s__Blautia_sp_CAG_257	2.80105e-07
PWY-7238: sucrose biosynthesis II|g__Bacteroides.s__Bacteroides_stercoris	2.01129e-07
PWY-1042: glycolysis IV	0.000687352
PWY-1042: glycolysis IV|g__Blautia.s__Ruminococcus_torques	0.000112109
PWY-1042: glycolysis IV|g__Lachnospiraceae_unclassified.s__Eubacterium_rectale	6.69055e-05
PWY-1042: glycolysis IV|g__Proteobacteria_unclassified.s__Proteobacteria_bacterium_CAG_495	3.60654e-05
PWY-1042: glycolysis IV|g__Faecalibacterium.s__Faecalibacterium_prausnitzii	3.24344e-05
PWY-1042: glycolysis IV|g__Bacteroides.s__Bacteroides_dorei	2.77839e-05
PWY-1042: glycolysis IV|unclassified	2.44333e-05
PWY-1042: glycolysis IV|g__Fusicatenibacter.s__Fusicatenibacter_saccharivorans	1.90653e-05
PWY-1042: glycolysis IV|g__Anaerostipes.s__Anaerostipes_hadrus	1.70718e-05
PWY-1042: glycolysis IV|g__Blautia.s__Blautia_sp	1.55862e-05
PWY-1042: glycolysis IV|g__Bacteroides.s__Bacteroides_vulgatus	1.27405e-05
PWY-1042: glycolysis IV|g__Alistipes.s__Alistipes_putredinis	1.07102e-05
PWY-1042: glycolysis IV|g__Roseburia.s__Roseburia_inulinivorans	1.00266e-05
PWY-1042: glycolysis IV|g__Roseburia.s__Roseburia_faecis	9.56442e-06
PWY-1042: glycolysis IV|g__Blautia.s__Blautia_wexlerae	7.75372e-06
PWY-1042: glycolysis IV|g__Dorea.s__Dorea_longicatena	6.9515e-06
PWY-1042: glycolysis IV|g__Eubacterium.s__Eubacterium_hallii	5.23133e-06
PWY-1042: glycolysis IV|g__Eubacterium.s__Eubacterium_eligens	4.82473e-06
PWY-1042: glycolysis IV|g__Acetobacter.s__Acetobacter_sp_CAG_267	4.00806e-06
PWY-1042: glycolysis IV|g__Bacteroides.s__Bacteroides_caccae	3.78234e-06
PWY-1042: glycolysis IV|g__Clostridium.s__Clostridium_sp_AM22_11AC	3.67917e-06
PWY-1042: glycolysis IV|g__Coprococcus.s__Coprococcus_comes	2.79534e-06
PWY-1042: glycolysis IV|g__Clostridium.s__Clostridium_sp_CAG_122	2.36266e-06
PWY-1042: glycolysis IV|g__Blautia.s__Ruminococcus_gnavus	1.90754e-06
PWY-1042: glycolysis IV|g__Dorea.s__Dorea_formicigenerans	1.61305e-06
PWY-1042: glycolysis IV|g__Flavonifractor.s__Flavonifractor_plautii	1.53077e-06
PWY-1042: glycolysis IV|g__Coprobacter.s__Coprobacter_secundus	7.84226e-07
PWY-1042: glycolysis IV|g__Blautia.s__Blautia_producta	7.3545e-07
PWY-1042: glycolysis IV|g__Alistipes.s__Alistipes_timonensis	7.16633e-07
DTDPRHAMSYN-PWY: dTDP-&beta;-L-rhamnose biosynthesis	0.00066819
DTDPRHAMSYN-PWY: dTDP-&beta;-L-rhamnose biosynthesis|g__Blautia.s__Ruminococcus_torques	7.53877e-05
DTDPRHAMSYN-PWY: dTDP-&beta;-L-rhamnose biosynthesis|g__Lachnospiraceae_unclassified.s__Eubacterium_rectale	7.28842e-05
DTDPRHAMSYN-PWY: dTDP-&beta;-L-rhamnose biosynthesis|g__Bacteroides.s__Bacteroides_uniformis	5.31152e-05
DTDPRHAMSYN-PWY: dTDP-&beta;-L-rhamnose biosynthesis|unclassified	4.18068e-05
DTDPRHAMSYN-PWY: dTDP-&beta;-L-rhamnose biosynthesis|g__Proteobacteria_unclassified.s__Proteobacteria_bacterium_CAG_495	4.02842e-05
DTDPRHAMSYN-PWY: dTDP-&beta;-L-rhamnose biosynthesis|g__Faecalibacterium.s__Faecalibacterium_prausnitzii	3.21864e-05
DTDPRHAMSYN-PWY: dTDP-&beta;-L-rhamnose biosynthesis|g__Alistipes.s__Alistipes_finegoldii	3.11367e-05
DTDPRHAMSYN-PWY: dTDP-&beta;-L-rhamnose biosynthesis|g__Bacteroides.s__Bacteroides_dorei	2.26705e-05
DTDPRHAMSYN-PWY: dTDP-&beta;-L-rhamnose biosynthesis|g__Bacteroides.s__Bacteroides_vulgatus	2.03779e-05
DTDPRHAMSYN-PWY: dTDP-&beta;-L-rhamnose biosynthesis|g__Blautia.s__Blautia_obeum	1.96587e-05
DTDPRHAMSYN-PWY: dTDP-&beta;-L-rhamnose biosynthesis|g__Fusicatenibacter.s__Fusicatenibacter_saccharivorans	1.84952e-05
DTDPRHAMSYN-PWY: dTDP-&beta;-L-rhamnose biosynthesis|g__Bacteroides.s__Bacteroides_clarus	1.5629e-05
DTDPRHAMSYN-PWY: dTDP-&beta;-L-rhamnose biosynthesis|g__Bacteroides.s__Bacteroides_xylanisolvens	1.51672e-05
DTDPRHAMSYN-PWY: dTDP-&beta;-L-rhamnose biosynthesis|g__Roseburia.s__Roseburia_inulinivorans	1.4807e-05
DTDPRHAMSYN-PWY: dTDP-&beta;-L-rhamnose biosynthesis|g__Blautia.s__Blautia_wexlerae	1.4593e-05
DTDPRHAMSYN-PWY: dTDP-&beta;-L-rhamnose biosynthesis|g__Sutterella.s__Sutterella_wadsworthensis	1.34663e-05
DTDPRHAMSYN-PWY: dTDP-&beta;-L-rhamnose biosynthesis|g__Parabacteroides.s__Parabacteroides_distasonis	1.18051e-05
DTDPRHAMSYN-PWY: dTDP-&beta;-L-rhamnose biosynthesis|g__Roseburia.s__Roseburia_faecis	1.1692e-05
DTDPRHAMSYN-PWY: dTDP-&beta;-L-rhamnose biosynthesis|g__Alistipes.s__Alistipes_putredinis	9.54407e-06
DTDPRHAMSYN-PWY: dTDP-&beta;-L-rhamnose biosynthesis|g__Coprococcus.s__Coprococcus_comes	8.35578e-06
DTDPRHAMSYN-PWY: dTDP-&beta;-L-rhamnose biosynthesis|g__Anaerostipes.s__Anaerostipes_hadrus	7.9007e-06
DTDPRHAMSYN-PWY: dTDP-&beta;-L-rhamnose biosynthesis|g__Eubacterium.s__Eubacterium_eligens	7.52483e-06
DTDPRHAMSYN-PWY: dTDP-&beta;-L-rhamnose biosynthesis|g__Bifidobacterium.s__Bifidobacterium_bifidum	6.86563e-06
DTDPRHAMSYN-PWY: dTDP-&beta;-L-rhamnose biosynthesis|g__Eubacterium.s__Eubacterium_sp_CAG_252	6.80059e-06
DTDPRHAMSYN-PWY: dTDP-&beta;-L-rhamnose biosynthesis|g__Bacteroides.s__Bacteroides_ovatus	6.20102e-06
DTDPRHAMSYN-PWY: dTDP-&beta;-L-rhamnose biosynthesis|g__Bacteroides.s__Bacteroides_cellulosilyticus	6.01729e-06
DTDPRHAMSYN-PWY: dTDP-&beta;-L-rhamnose biosynthesis|g__Acetobacter.s__Acetobacter_sp_CAG_267	5.33088e-06
DTDPRHAMSYN-PWY: dTDP-&beta;-L-rhamnose biosynthesis|g__Parabacteroides.s__Parabacteroides_merdae	5.22931e-06
DTDPRHAMSYN-PWY: dTDP-&beta;-L-rhamnose biosynthesis|g__Alistipes.s__Alistipes_onderdonkii	4.75415e-06
DTDPRHAMSYN-PWY: dTDP-&beta;-L-rhamnose biosynthesis|g__Bacteroides.s__Bacteroides_stercorirosoris	4.74245e-06
DTDPRHAMSYN-PWY: dTDP-&beta;-L-rhamnose biosynthesis|g__Bacteroides.s__Bacteroides_thetaiotaomicron	4.45682e-06
DTDPRHAMSYN-PWY: dTDP-&beta;-L-rhamnose biosynthesis|g__Bacteroides.s__Bacteroides_caccae	4.40085e-06
DTDPRHAMSYN-PWY: dTDP-&beta;-L-rhamnose biosynthesis|g__Odoribacter.s__Odoribacter_splanchnicus	3.58191e-06
DTDPRHAMSYN-PWY: dTDP-&beta;-L-rhamnose biosynthesis|g__Eubacterium.s__Eubacterium_sp_CAG_38	2.97271e-06
DTDPRHAMSYN-PWY: dTDP-&beta;-L-rhamnose biosynthesis|g__Gemmiger.s__Gemmiger_formicilis	2.9323e-06
DTDPRHAMSYN-PWY: dTDP-&beta;-L-rhamnose biosynthesis|g__Subdoligranulum.s__Subdoligranulum_sp_APC924_74	2.83968e-06
DTDPRHAMSYN-PWY: dTDP-&beta;-L-rhamnose biosynthesis|g__Dorea.s__Dorea_formicigenerans	2.19521e-06
DTDPRHAMSYN-PWY: dTDP-&beta;-L-rhamnose biosynthesis|g__Clostridium.s__Clostridium_sp_CAG_122	1.66476e-06
DTDPRHAMSYN-PWY: dTDP-&beta;-L-rhamnose biosynthesis|g__Eubacterium.s__Eubacterium_hallii	1.63612e-06
DTDPRHAMSYN-PWY: dTDP-&beta;-L-rhamnose biosynthesis|g__Bilophila.s__Bilophila_wadsworthia	1.54546e-06
DTDPRHAMSYN-PWY: dTDP-&beta;-L-rhamnose biosynthesis|g__Bacteroides.s__Bacteroides_intestinalis	1.52858e-06
DTDPRHAMSYN-PWY: dTDP-&beta;-L-rhamnose biosynthesis|g__Coprobacter.s__Coprobacter_secundus	1.17592e-06
DTDPRHAMSYN-PWY: dTDP-&beta;-L-rhamnose biosynthesis|g__Alistipes.s__Alistipes_timonensis	7.79494e-07
DTDPRHAMSYN-PWY: dTDP-&beta;-L-rhamnose biosynthesis|g__Azospirillum.s__Azospirillum_sp_CAG_260	5.61895e-07
DTDPRHAMSYN-PWY: dTDP-&beta;-L-rhamnose biosynthesis|g__Butyricimonas.s__Butyricimonas_synergistica	5.53226e-07
DTDPRHAMSYN-PWY: dTDP-&beta;-L-rhamnose biosynthesis|g__Lachnoclostridium.s__Clostridium_symbiosum	5.45554e-07
DTDPRHAMSYN-PWY: dTDP-&beta;-L-rhamnose biosynthesis|g__Blautia.s__Blautia_sp	4.85977e-07
DTDPRHAMSYN-PWY: dTDP-&beta;-L-rhamnose biosynthesis|g__Coprococcus.s__Coprococcus_catus	2.37305e-07
VALSYN-PWY: L-valine biosynthesis	0.000660217
VALSYN-PWY: L-valine biosynthesis|g__Blautia.s__Ruminococcus_torques	9.61646e-05
VALSYN-PWY: L-valine biosynthesis|g__Lachnospiraceae_unclassified.s__Eubacterium_rectale	8.50821e-05
VALSYN-PWY: L-valine biosynthesis|g__Ruminococcus.s__Ruminococcus_bromii	4.5008e-05
VALSYN-PWY: L-valine biosynthesis|g__Bacteroides.s__Bacteroides_uniformis	2.56417e-05
VALSYN-PWY: L-valine biosynthesis|g__Faecalibacterium.s__Faecalibacterium_prausnitzii	2.4735e-05
VALSYN-PWY: L-valine biosynthesis|unclassified	2.11618e-05
VALSYN-PWY: L-valine biosynthesis|g__Alistipes.s__Alistipes_finegoldii	1.98088e-05
VALSYN-PWY: L-valine biosynthesis|g__Anaerotruncus.s__Anaerotruncus_sp_CAG_528	1.83137e-05
VALSYN-PWY: L-valine biosynthesis|g__Bacteroides.s__Bacteroides_dorei	1.57706e-05
VALSYN-PWY: L-valine biosynthesis|g__Fusicatenibacter.s__Fusicatenibacter_saccharivorans	1.56417e-05
VALSYN-PWY: L-valine biosynthesis|g__Roseburia.s__Roseburia_inulinivorans	1.40569e-05
VALSYN-PWY: L-valine biosynthesis|g__Blautia.s__Blautia_sp	1.34951e-05
VALSYN-PWY: L-valine biosynthesis|g__Bacteroides.s__Bacteroides_clarus	1.33387e-05
VALSYN-PWY: L-valine biosynthesis|g__Bifidobacterium.s__Bifidobacterium_catenulatum	1.29415e-05
VALSYN-PWY: L-valine biosynthesis|g__Blautia.s__Blautia_obeum	1.28904e-05
VALSYN-PWY: L-valine biosynthesis|g__Parabacteroides.s__Parabacteroides_distasonis	1.0886e-05
VALSYN-PWY: L-valine biosynthesis|g__Roseburia.s__Roseburia_faecis	1.04275e-05
VALSYN-PWY: L-valine biosynthesis|g__Anaerostipes.s__Anaerostipes_hadrus	8.95647e-06
VALSYN-PWY: L-valine biosynthesis|g__Bifidobacterium.s__Bifidobacterium_longum	8.75703e-06
VALSYN-PWY: L-valine biosynthesis|g__Ruminococcus.s__Ruminococcus_sp_CAG_254	8.71432e-06
VALSYN-PWY: L-valine biosynthesis|g__Blautia.s__Blautia_wexlerae	8.59874e-06
VALSYN-PWY: L-valine biosynthesis|g__Bifidobacterium.s__Bifidobacterium_bifidum	8.42719e-06
VALSYN-PWY: L-valine biosynthesis|g__Bacteroides.s__Bacteroides_vulgatus	6.79397e-06
VALSYN-PWY: L-valine biosynthesis|g__Eubacterium.s__Eubacterium_eligens	6.55988e-06
VALSYN-PWY: L-valine biosynthesis|g__Bacteroides.s__Bacteroides_xylanisolvens	6.40803e-06
VALSYN-PWY: L-valine biosynthesis|g__Bacteroides.s__Bacteroides_ovatus	6.25624e-06
VALSYN-PWY: L-valine biosynthesis|g__Eubacterium.s__Eubacterium_sp_CAG_252	6.0805e-06
VALSYN-PWY: L-valine biosynthesis|g__Bifidobacterium.s__Bifidobacterium_pseudocatenulatum	6.05409e-06
VALSYN-PWY: L-valine biosynthesis|g__Parabacteroides.s__Parabacteroides_merdae	5.31111e-06
VALSYN-PWY: L-valine biosynthesis|g__Dorea.s__Dorea_longicatena	5.22406e-06
VALSYN-PWY: L-valine biosynthesis|g__Bacteroides.s__Bacteroides_caccae	4.08073e-06
VALSYN-PWY: L-valine biosynthesis|g__Clostridium.s__Clostridium_sp_AM22_11AC	3.85309e-06
VALSYN-PWY: L-valine biosynthesis|g__Coprococcus.s__Coprococcus_comes	3.37396e-06
VALSYN-PWY: L-valine biosynthesis|g__Lawsonibacter.s__Lawsonibacter_asaccharolyticus	3.23018e-06
VALSYN-PWY: L-valine biosynthesis|g__Gemmiger.s__Gemmiger_formicilis	3.22871e-06
VALSYN-PWY: L-valine biosynthesis|g__Subdoligranulum.s__Subdoligranulum_sp_APC924_74	3.04975e-06
VALSYN-PWY: L-valine biosynthesis|g__Clostridium.s__Clostridium_sp_CAG_122	2.78856e-06
VALSYN-PWY: L-valine biosynthesis|g__Eubacterium.s__Eubacterium_hallii	2.72872e-06
VALSYN-PWY: L-valine biosynthesis|g__Bacteroides.s__Bacteroides_cellulosilyticus	2.53207e-06
VALSYN-PWY: L-valine biosynthesis|g__Dorea.s__Dorea_formicigenerans	2.48936e-06
VALSYN-PWY: L-valine biosynthesis|g__Alistipes.s__Alistipes_onderdonkii	2.29204e-06
VALSYN-PWY: L-valine biosynthesis|g__Eubacterium.s__Eubacterium_sp_CAG_38	2.09276e-06
VALSYN-PWY: L-valine biosynthesis|g__Flavonifractor.s__Flavonifractor_plautii	1.95825e-06
VALSYN-PWY: L-valine biosynthesis|g__Bacteroides.s__Bacteroides_thetaiotaomicron	1.84849e-06
VALSYN-PWY: L-valine biosynthesis|g__Odoribacter.s__Odoribacter_splanchnicus	1.80335e-06
VALSYN-PWY: L-valine biosynthesis|g__Firmicutes_unclassified.s__Firmicutes_bacterium_CAG_41	1.78268e-06
VALSYN-PWY: L-valine biosynthesis|g__Blautia.s__Ruminococcus_gnavus	1.71942e-06
VALSYN-PWY: L-valine biosynthesis|g__Bilophila.s__Bilophila_wadsworthia	1.63089e-06
VALSYN-PWY: L-valine biosynthesis|g__Senegalimassilia.s__Senegalimassilia_anaerobia	1.42707e-06
VALSYN-PWY: L-valine biosynthesis|g__Alistipes.s__Alistipes_timonensis	1.16919e-06
VALSYN-PWY: L-valine biosynthesis|g__Eubacterium.s__Eubacterium_ramulus	8.74027e-07
VALSYN-PWY: L-valine biosynthesis|g__Bacteroides.s__Bacteroides_intestinalis	7.50999e-07
VALSYN-PWY: L-valine biosynthesis|g__Agathobaculum.s__Agathobaculum_butyriciproducens	7.27237e-07
VALSYN-PWY: L-valine biosynthesis|g__Lachnoclostridium.s__Clostridium_symbiosum	6.62227e-07
VALSYN-PWY: L-valine biosynthesis|g__Coprobacter.s__Coprobacter_secundus	6.39648e-07
VALSYN-PWY: L-valine biosynthesis|g__Firmicutes_unclassified.s__Firmicutes_bacterium_CAG_102	4.50666e-07
VALSYN-PWY: L-valine biosynthesis|g__Roseburia.s__Roseburia_hominis	1.43494e-07
VALSYN-PWY: L-valine biosynthesis|g__Hungatella.s__Hungatella_hathewayi	9.98163e-08
VALSYN-PWY: L-valine biosynthesis|g__Roseburia.s__Roseburia_intestinalis	6.34997e-08
PWY-5686: UMP biosynthesis I	0.000627387
PWY-5686: UMP biosynthesis I|g__Lachnospiraceae_unclassified.s__Eubacterium_rectale	8.04709e-05
PWY-5686: UMP biosynthesis I|g__Blautia.s__Ruminococcus_torques	6.8952e-05
PWY-5686: UMP biosynthesis I|g__Faecalibacterium.s__Faecalibacterium_prausnitzii	2.91482e-05
PWY-5686: UMP biosynthesis I|g__Bacteroides.s__Bacteroides_uniformis	2.49183e-05
PWY-5686: UMP biosynthesis I|g__Alistipes.s__Alistipes_finegoldii	2.31606e-05
PWY-5686: UMP biosynthesis I|unclassified	2.13448e-05
PWY-5686: UMP biosynthesis I|g__Anaerotruncus.s__Anaerotruncus_sp_CAG_528	2.06317e-05
PWY-5686: UMP biosynthesis I|g__Bacteroides.s__Bacteroides_dorei	1.78425e-05
PWY-5686: UMP biosynthesis I|g__Fusicatenibacter.s__Fusicatenibacter_saccharivorans	1.71145e-05
PWY-5686: UMP biosynthesis I|g__Roseburia.s__Roseburia_inulinivorans	1.48858e-05
PWY-5686: UMP biosynthesis I|g__Bacteroides.s__Bacteroides_clarus	1.43341e-05
PWY-5686: UMP biosynthesis I|g__Alistipes.s__Alistipes_putredinis	1.13322e-05
PWY-5686: UMP biosynthesis I|g__Roseburia.s__Roseburia_faecis	1.13305e-05
PWY-5686: UMP biosynthesis I|g__Parabacteroides.s__Parabacteroides_distasonis	1.03349e-05
PWY-5686: UMP biosynthesis I|g__Bifidobacterium.s__Bifidobacterium_catenulatum	1.00872e-05
PWY-5686: UMP biosynthesis I|g__Blautia.s__Blautia_wexlerae	1.00792e-05
PWY-5686: UMP biosynthesis I|g__Anaerostipes.s__Anaerostipes_hadrus	9.93347e-06
PWY-5686: UMP biosynthesis I|g__Blautia.s__Blautia_sp	9.76583e-06
PWY-5686: UMP biosynthesis I|g__Eubacterium.s__Eubacterium_sp_CAG_252	8.3599e-06
PWY-5686: UMP biosynthesis I|g__Bacteroides.s__Bacteroides_vulgatus	7.81334e-06
PWY-5686: UMP biosynthesis I|g__Bacteroides.s__Bacteroides_xylanisolvens	6.81299e-06
PWY-5686: UMP biosynthesis I|g__Bifidobacterium.s__Bifidobacterium_bifidum	6.73908e-06
PWY-5686: UMP biosynthesis I|g__Eubacterium.s__Eubacterium_eligens	6.22633e-06
PWY-5686: UMP biosynthesis I|g__Dialister.s__Dialister_invisus	5.99246e-06
PWY-5686: UMP biosynthesis I|g__Parabacteroides.s__Parabacteroides_merdae	5.37135e-06
PWY-5686: UMP biosynthesis I|g__Bifidobacterium.s__Bifidobacterium_pseudocatenulatum	4.90808e-06
PWY-5686: UMP biosynthesis I|g__Clostridium.s__Clostridium_sp_AM22_11AC	4.43946e-06
PWY-5686: UMP biosynthesis I|g__Bifidobacterium.s__Bifidobacterium_longum	3.49491e-06
PWY-5686: UMP biosynthesis I|g__Dorea.s__Dorea_longicatena	3.43327e-06
PWY-5686: UMP biosynthesis I|g__Bacteroides.s__Bacteroides_caccae	2.85705e-06
PWY-5686: UMP biosynthesis I|g__Bacteroides.s__Bacteroides_cellulosilyticus	2.75014e-06
PWY-5686: UMP biosynthesis I|g__Bacteroides.s__Bacteroides_ovatus	2.74365e-06
PWY-5686: UMP biosynthesis I|g__Coprococcus.s__Coprococcus_comes	2.57137e-06
PWY-5686: UMP biosynthesis I|g__Eubacterium.s__Eubacterium_sp_CAG_38	2.56783e-06
PWY-5686: UMP biosynthesis I|g__Clostridium.s__Clostridium_sp_CAG_122	2.36948e-06
PWY-5686: UMP biosynthesis I|g__Gemmiger.s__Gemmiger_formicilis	1.67004e-06
PWY-5686: UMP biosynthesis I|g__Bilophila.s__Bilophila_wadsworthia	1.63525e-06
PWY-5686: UMP biosynthesis I|g__Bacteroides.s__Bacteroides_thetaiotaomicron	1.48336e-06
PWY-5686: UMP biosynthesis I|g__Blautia.s__Ruminococcus_gnavus	1.46012e-06
PWY-5686: UMP biosynthesis I|g__Odoribacter.s__Odoribacter_splanchnicus	1.37551e-06
PWY-5686: UMP biosynthesis I|g__Blautia.s__Blautia_obeum	1.19972e-06
PWY-5686: UMP biosynthesis I|g__Lawsonibacter.s__Lawsonibacter_asaccharolyticus	1.11587e-06
PWY-5686: UMP biosynthesis I|g__Firmicutes_unclassified.s__Firmicutes_bacterium_CAG_41	1.09696e-06
PWY-5686: UMP biosynthesis I|g__Flavonifractor.s__Flavonifractor_plautii	9.68297e-07
PWY-5686: UMP biosynthesis I|g__Dorea.s__Dorea_formicigenerans	9.59434e-07
PWY-5686: UMP biosynthesis I|g__Agathobaculum.s__Agathobaculum_butyriciproducens	9.26579e-07
PWY-5686: UMP biosynthesis I|g__Alistipes.s__Alistipes_timonensis	5.94003e-07
PWY-5686: UMP biosynthesis I|g__Eubacterium.s__Eubacterium_sp_CAG_192	5.76872e-07
PWY-5686: UMP biosynthesis I|g__Alistipes.s__Alistipes_onderdonkii	3.44629e-07
PWY-7790: UMP biosynthesis II	0.000627387
PWY-7790: UMP biosynthesis II|g__Lachnospiraceae_unclassified.s__Eubacterium_rectale	8.04709e-05
PWY-7790: UMP biosynthesis II|g__Blautia.s__Ruminococcus_torques	6.8952e-05
PWY-7790: UMP biosynthesis II|g__Faecalibacterium.s__Faecalibacterium_prausnitzii	2.91482e-05
PWY-7790: UMP biosynthesis II|g__Bacteroides.s__Bacteroides_uniformis	2.49183e-05
PWY-7790: UMP biosynthesis II|g__Alistipes.s__Alistipes_finegoldii	2.19699e-05
PWY-7790: UMP biosynthesis II|unclassified	2.13448e-05
PWY-7790: UMP biosynthesis II|g__Anaerotruncus.s__Anaerotruncus_sp_CAG_528	2.06317e-05
PWY-7790: UMP biosynthesis II|g__Bacteroides.s__Bacteroides_dorei	1.78425e-05
PWY-7790: UMP biosynthesis II|g__Fusicatenibacter.s__Fusicatenibacter_saccharivorans	1.71145e-05
PWY-7790: UMP biosynthesis II|g__Roseburia.s__Roseburia_inulinivorans	1.48858e-05
PWY-7790: UMP biosynthesis II|g__Bacteroides.s__Bacteroides_clarus	1.45195e-05
PWY-7790: UMP biosynthesis II|g__Roseburia.s__Roseburia_faecis	1.13305e-05
PWY-7790: UMP biosynthesis II|g__Bifidobacterium.s__Bifidobacterium_catenulatum	1.03914e-05
PWY-7790: UMP biosynthesis II|g__Parabacteroides.s__Parabacteroides_distasonis	1.03349e-05
PWY-7790: UMP biosynthesis II|g__Alistipes.s__Alistipes_putredinis	1.02491e-05
PWY-7790: UMP biosynthesis II|g__Blautia.s__Blautia_wexlerae	1.00792e-05
PWY-7790: UMP biosynthesis II|g__Anaerostipes.s__Anaerostipes_hadrus	9.93347e-06
PWY-7790: UMP biosynthesis II|g__Blautia.s__Blautia_sp	9.76583e-06
PWY-7790: UMP biosynthesis II|g__Bacteroides.s__Bacteroides_xylanisolvens	8.43801e-06
PWY-7790: UMP biosynthesis II|g__Eubacterium.s__Eubacterium_sp_CAG_252	8.3599e-06
PWY-7790: UMP biosynthesis II|g__Bacteroides.s__Bacteroides_vulgatus	7.81334e-06
PWY-7790: UMP biosynthesis II|g__Eubacterium.s__Eubacterium_eligens	6.22633e-06
PWY-7790: UMP biosynthesis II|g__Dialister.s__Dialister_invisus	5.99246e-06
PWY-7790: UMP biosynthesis II|g__Parabacteroides.s__Parabacteroides_merdae	5.37135e-06
PWY-7790: UMP biosynthesis II|g__Bifidobacterium.s__Bifidobacterium_bifidum	5.26682e-06
PWY-7790: UMP biosynthesis II|g__Bifidobacterium.s__Bifidobacterium_pseudocatenulatum	4.90808e-06
PWY-7790: UMP biosynthesis II|g__Clostridium.s__Clostridium_sp_AM22_11AC	4.43946e-06
PWY-7790: UMP biosynthesis II|g__Dorea.s__Dorea_longicatena	3.43327e-06
PWY-7790: UMP biosynthesis II|g__Bacteroides.s__Bacteroides_caccae	2.8774e-06
PWY-7790: UMP biosynthesis II|g__Bacteroides.s__Bacteroides_ovatus	2.85857e-06
PWY-7790: UMP biosynthesis II|g__Bacteroides.s__Bacteroides_cellulosilyticus	2.75014e-06
PWY-7790: UMP biosynthesis II|g__Coprococcus.s__Coprococcus_comes	2.57137e-06
PWY-7790: UMP biosynthesis II|g__Eubacterium.s__Eubacterium_sp_CAG_38	2.56783e-06
PWY-7790: UMP biosynthesis II|g__Clostridium.s__Clostridium_sp_CAG_122	2.36948e-06
PWY-7790: UMP biosynthesis II|g__Gemmiger.s__Gemmiger_formicilis	1.67004e-06
PWY-7790: UMP biosynthesis II|g__Bilophila.s__Bilophila_wadsworthia	1.63525e-06
PWY-7790: UMP biosynthesis II|g__Bacteroides.s__Bacteroides_thetaiotaomicron	1.53703e-06
PWY-7790: UMP biosynthesis II|g__Blautia.s__Ruminococcus_gnavus	1.46012e-06
PWY-7790: UMP biosynthesis II|g__Odoribacter.s__Odoribacter_splanchnicus	1.37551e-06
PWY-7790: UMP biosynthesis II|g__Blautia.s__Blautia_obeum	1.19972e-06
PWY-7790: UMP biosynthesis II|g__Lawsonibacter.s__Lawsonibacter_asaccharolyticus	1.11587e-06
PWY-7790: UMP biosynthesis II|g__Firmicutes_unclassified.s__Firmicutes_bacterium_CAG_41	1.09696e-06
PWY-7790: UMP biosynthesis II|g__Flavonifractor.s__Flavonifractor_plautii	9.68297e-07
PWY-7790: UMP biosynthesis II|g__Dorea.s__Dorea_formicigenerans	9.59434e-07
PWY-7790: UMP biosynthesis II|g__Agathobaculum.s__Agathobaculum_butyriciproducens	9.26579e-07
PWY-7790: UMP biosynthesis II|g__Eubacterium.s__Eubacterium_sp_CAG_192	5.76872e-07
PWY-7790: UMP biosynthesis II|g__Alistipes.s__Alistipes_onderdonkii	2.84183e-07
PWY-7791: UMP biosynthesis III	0.000627387
PWY-7791: UMP biosynthesis III|g__Lachnospiraceae_unclassified.s__Eubacterium_rectale	8.04709e-05
PWY-7791: UMP biosynthesis III|g__Blautia.s__Ruminococcus_torques	6.8952e-05
PWY-7791: UMP biosynthesis III|g__Faecalibacterium.s__Faecalibacterium_prausnitzii	2.91482e-05
PWY-7791: UMP biosynthesis III|g__Bacteroides.s__Bacteroides_uniformis	2.49183e-05
PWY-7791: UMP biosynthesis III|g__Alistipes.s__Alistipes_finegoldii	2.19699e-05
PWY-7791: UMP biosynthesis III|unclassified	2.13448e-05
PWY-7791: UMP biosynthesis III|g__Anaerotruncus.s__Anaerotruncus_sp_CAG_528	2.06317e-05
PWY-7791: UMP biosynthesis III|g__Bacteroides.s__Bacteroides_dorei	1.78425e-05
PWY-7791: UMP biosynthesis III|g__Fusicatenibacter.s__Fusicatenibacter_saccharivorans	1.71145e-05
PWY-7791: UMP biosynthesis III|g__Roseburia.s__Roseburia_inulinivorans	1.48858e-05
PWY-7791: UMP biosynthesis III|g__Bacteroides.s__Bacteroides_clarus	1.43341e-05
PWY-7791: UMP biosynthesis III|g__Roseburia.s__Roseburia_faecis	1.13305e-05
PWY-7791: UMP biosynthesis III|g__Parabacteroides.s__Parabacteroides_distasonis	1.03349e-05
PWY-7791: UMP biosynthesis III|g__Alistipes.s__Alistipes_putredinis	1.02491e-05
PWY-7791: UMP biosynthesis III|g__Blautia.s__Blautia_wexlerae	1.00792e-05
PWY-7791: UMP biosynthesis III|g__Anaerostipes.s__Anaerostipes_hadrus	9.93347e-06
PWY-7791: UMP biosynthesis III|g__Blautia.s__Blautia_sp	9.76583e-06
PWY-7791: UMP biosynthesis III|g__Bifidobacterium.s__Bifidobacterium_catenulatum	9.13115e-06
PWY-7791: UMP biosynthesis III|g__Eubacterium.s__Eubacterium_sp_CAG_252	8.3599e-06
PWY-7791: UMP biosynthesis III|g__Bacteroides.s__Bacteroides_vulgatus	8.35484e-06
PWY-7791: UMP biosynthesis III|g__Bacteroides.s__Bacteroides_xylanisolvens	8.0619e-06
PWY-7791: UMP biosynthesis III|g__Eubacterium.s__Eubacterium_eligens	6.22633e-06
PWY-7791: UMP biosynthesis III|g__Dialister.s__Dialister_invisus	5.99246e-06
PWY-7791: UMP biosynthesis III|g__Parabacteroides.s__Parabacteroides_merdae	5.78974e-06
PWY-7791: UMP biosynthesis III|g__Bifidobacterium.s__Bifidobacterium_bifidum	5.26682e-06
PWY-7791: UMP biosynthesis III|g__Bifidobacterium.s__Bifidobacterium_pseudocatenulatum	4.90808e-06
PWY-7791: UMP biosynthesis III|g__Clostridium.s__Clostridium_sp_AM22_11AC	4.43946e-06
PWY-7791: UMP biosynthesis III|g__Dorea.s__Dorea_longicatena	3.43327e-06
PWY-7791: UMP biosynthesis III|g__Bacteroides.s__Bacteroides_cellulosilyticus	3.00896e-06
PWY-7791: UMP biosynthesis III|g__Bacteroides.s__Bacteroides_caccae	2.85705e-06
PWY-7791: UMP biosynthesis III|g__Bacteroides.s__Bacteroides_ovatus	2.74365e-06
PWY-7791: UMP biosynthesis III|g__Coprococcus.s__Coprococcus_comes	2.57137e-06
PWY-7791: UMP biosynthesis III|g__Eubacterium.s__Eubacterium_sp_CAG_38	2.56783e-06
PWY-7791: UMP biosynthesis III|g__Clostridium.s__Clostridium_sp_CAG_122	2.36948e-06
PWY-7791: UMP biosynthesis III|g__Gemmiger.s__Gemmiger_formicilis	1.67004e-06
PWY-7791: UMP biosynthesis III|g__Bilophila.s__Bilophila_wadsworthia	1.63525e-06
PWY-7791: UMP biosynthesis III|g__Bacteroides.s__Bacteroides_thetaiotaomicron	1.51506e-06
PWY-7791: UMP biosynthesis III|g__Blautia.s__Ruminococcus_gnavus	1.46012e-06
PWY-7791: UMP biosynthesis III|g__Odoribacter.s__Odoribacter_splanchnicus	1.37551e-06
PWY-7791: UMP biosynthesis III|g__Blautia.s__Blautia_obeum	1.19972e-06
PWY-7791: UMP biosynthesis III|g__Lawsonibacter.s__Lawsonibacter_asaccharolyticus	1.11587e-06
PWY-7791: UMP biosynthesis III|g__Firmicutes_unclassified.s__Firmicutes_bacterium_CAG_41	1.09696e-06
PWY-7791: UMP biosynthesis III|g__Flavonifractor.s__Flavonifractor_plautii	9.68297e-07
PWY-7791: UMP biosynthesis III|g__Dorea.s__Dorea_formicigenerans	9.59434e-07
PWY-7791: UMP biosynthesis III|g__Agathobaculum.s__Agathobaculum_butyriciproducens	9.26579e-07
PWY-7791: UMP biosynthesis III|g__Eubacterium.s__Eubacterium_sp_CAG_192	5.76872e-07
PWY-7791: UMP biosynthesis III|g__Alistipes.s__Alistipes_onderdonkii	2.84183e-07
PWY-6163: chorismate biosynthesis from 3-dehydroquinate	0.000617476
PWY-6163: chorismate biosynthesis from 3-dehydroquinate|g__Blautia.s__Ruminococcus_torques	9.3472e-05
PWY-6163: chorismate biosynthesis from 3-dehydroquinate|g__Lachnospiraceae_unclassified.s__Eubacterium_rectale	7.71647e-05
PWY-6163: chorismate biosynthesis from 3-dehydroquinate|g__Faecalibacterium.s__Faecalibacterium_prausnitzii	4.17216e-05
PWY-6163: chorismate biosynthesis from 3-dehydroquinate|g__Ruminococcus.s__Ruminococcus_bromii	3.91976e-05
PWY-6163: chorismate biosynthesis from 3-dehydroquinate|g__Bacteroides.s__Bacteroides_uniformis	2.93579e-05
PWY-6163: chorismate biosynthesis from 3-dehydroquinate|g__Fusicatenibacter.s__Fusicatenibacter_saccharivorans	2.02678e-05
PWY-6163: chorismate biosynthesis from 3-dehydroquinate|g__Anaerotruncus.s__Anaerotruncus_sp_CAG_528	2.02576e-05
PWY-6163: chorismate biosynthesis from 3-dehydroquinate|unclassified	1.96508e-05
PWY-6163: chorismate biosynthesis from 3-dehydroquinate|g__Bacteroides.s__Bacteroides_dorei	1.71611e-05
PWY-6163: chorismate biosynthesis from 3-dehydroquinate|g__Roseburia.s__Roseburia_inulinivorans	1.6632e-05
PWY-6163: chorismate biosynthesis from 3-dehydroquinate|g__Bacteroides.s__Bacteroides_clarus	1.51834e-05
PWY-6163: chorismate biosynthesis from 3-dehydroquinate|g__Blautia.s__Blautia_sp	1.47461e-05
PWY-6163: chorismate biosynthesis from 3-dehydroquinate|g__Anaerostipes.s__Anaerostipes_hadrus	1.05143e-05
PWY-6163: chorismate biosynthesis from 3-dehydroquinate|g__Parabacteroides.s__Parabacteroides_distasonis	9.98065e-06
PWY-6163: chorismate biosynthesis from 3-dehydroquinate|g__Roseburia.s__Roseburia_faecis	9.58321e-06
PWY-6163: chorismate biosynthesis from 3-dehydroquinate|g__Ruminococcus.s__Ruminococcus_sp_CAG_254	8.72172e-06
PWY-6163: chorismate biosynthesis from 3-dehydroquinate|g__Bacteroides.s__Bacteroides_vulgatus	8.71457e-06
PWY-6163: chorismate biosynthesis from 3-dehydroquinate|g__Blautia.s__Blautia_obeum	8.40829e-06
PWY-6163: chorismate biosynthesis from 3-dehydroquinate|g__Bifidobacterium.s__Bifidobacterium_catenulatum	8.40796e-06
PWY-6163: chorismate biosynthesis from 3-dehydroquinate|g__Alistipes.s__Alistipes_finegoldii	8.12192e-06
PWY-6163: chorismate biosynthesis from 3-dehydroquinate|g__Blautia.s__Blautia_wexlerae	8.03683e-06
PWY-6163: chorismate biosynthesis from 3-dehydroquinate|g__Bacteroides.s__Bacteroides_xylanisolvens	7.56345e-06
PWY-6163: chorismate biosynthesis from 3-dehydroquinate|g__Eubacterium.s__Eubacterium_sp_CAG_252	7.21991e-06
PWY-6163: chorismate biosynthesis from 3-dehydroquinate|g__Bifidobacterium.s__Bifidobacterium_longum	6.36507e-06
PWY-6163: chorismate biosynthesis from 3-dehydroquinate|g__Parabacteroides.s__Parabacteroides_merdae	5.97065e-06
PWY-6163: chorismate biosynthesis from 3-dehydroquinate|g__Eubacterium.s__Eubacterium_eligens	5.79948e-06
PWY-6163: chorismate biosynthesis from 3-dehydroquinate|g__Bifidobacterium.s__Bifidobacterium_bifidum	5.39841e-06
PWY-6163: chorismate biosynthesis from 3-dehydroquinate|g__Bifidobacterium.s__Bifidobacterium_pseudocatenulatum	4.50128e-06
PWY-6163: chorismate biosynthesis from 3-dehydroquinate|g__Eubacterium.s__Eubacterium_hallii	3.95003e-06
PWY-6163: chorismate biosynthesis from 3-dehydroquinate|g__Bacteroides.s__Bacteroides_caccae	3.59517e-06
PWY-6163: chorismate biosynthesis from 3-dehydroquinate|g__Clostridium.s__Clostridium_sp_AM22_11AC	3.23451e-06
PWY-6163: chorismate biosynthesis from 3-dehydroquinate|g__Dorea.s__Dorea_longicatena	2.94022e-06
PWY-6163: chorismate biosynthesis from 3-dehydroquinate|g__Eubacterium.s__Eubacterium_sp_CAG_38	2.86434e-06
PWY-6163: chorismate biosynthesis from 3-dehydroquinate|g__Bacteroides.s__Bacteroides_ovatus	2.60447e-06
PWY-6163: chorismate biosynthesis from 3-dehydroquinate|g__Coprococcus.s__Coprococcus_comes	2.52164e-06
PWY-6163: chorismate biosynthesis from 3-dehydroquinate|g__Subdoligranulum.s__Subdoligranulum_sp_APC924_74	2.41026e-06
PWY-6163: chorismate biosynthesis from 3-dehydroquinate|g__Bacteroides.s__Bacteroides_cellulosilyticus	2.30514e-06
PWY-6163: chorismate biosynthesis from 3-dehydroquinate|g__Clostridium.s__Clostridium_sp_CAG_122	2.16686e-06
PWY-6163: chorismate biosynthesis from 3-dehydroquinate|g__Bilophila.s__Bilophila_wadsworthia	2.16626e-06
PWY-6163: chorismate biosynthesis from 3-dehydroquinate|g__Blautia.s__Ruminococcus_gnavus	1.94022e-06
PWY-6163: chorismate biosynthesis from 3-dehydroquinate|g__Flavonifractor.s__Flavonifractor_plautii	1.67682e-06
PWY-6163: chorismate biosynthesis from 3-dehydroquinate|g__Dorea.s__Dorea_formicigenerans	1.52133e-06
PWY-6163: chorismate biosynthesis from 3-dehydroquinate|g__Odoribacter.s__Odoribacter_splanchnicus	1.50693e-06
PWY-6163: chorismate biosynthesis from 3-dehydroquinate|g__Bacteroides.s__Bacteroides_thetaiotaomicron	1.40306e-06
PWY-6163: chorismate biosynthesis from 3-dehydroquinate|g__Lawsonibacter.s__Lawsonibacter_asaccharolyticus	1.28561e-06
PWY-6163: chorismate biosynthesis from 3-dehydroquinate|g__Firmicutes_unclassified.s__Firmicutes_bacterium_CAG_41	1.07139e-06
PWY-6163: chorismate biosynthesis from 3-dehydroquinate|g__Eubacterium.s__Eubacterium_ramulus	8.50376e-07
PWY-6163: chorismate biosynthesis from 3-dehydroquinate|g__Senegalimassilia.s__Senegalimassilia_anaerobia	6.87565e-07
PWY-6163: chorismate biosynthesis from 3-dehydroquinate|g__Agathobaculum.s__Agathobaculum_butyriciproducens	5.30089e-07
PWY-6163: chorismate biosynthesis from 3-dehydroquinate|g__Firmicutes_unclassified.s__Firmicutes_bacterium_CAG_83	5.07276e-07
PWY-6163: chorismate biosynthesis from 3-dehydroquinate|g__Coprococcus.s__Coprococcus_catus	4.03056e-07
PWY-6163: chorismate biosynthesis from 3-dehydroquinate|g__Coprobacter.s__Coprobacter_secundus	3.63687e-07
PWY-6163: chorismate biosynthesis from 3-dehydroquinate|g__Blautia.s__Blautia_producta	3.36925e-07
GLYCOGENSYNTH-PWY: glycogen biosynthesis I (from ADP-D-Glucose)	0.000615842
GLYCOGENSYNTH-PWY: glycogen biosynthesis I (from ADP-D-Glucose)|g__Blautia.s__Ruminococcus_torques	0.000150089
GLYCOGENSYNTH-PWY: glycogen biosynthesis I (from ADP-D-Glucose)|g__Lachnospiraceae_unclassified.s__Eubacterium_rectale	3.98376e-05
GLYCOGENSYNTH-PWY: glycogen biosynthesis I (from ADP-D-Glucose)|g__Faecalibacterium.s__Faecalibacterium_prausnitzii	3.85625e-05
GLYCOGENSYNTH-PWY: glycogen biosynthesis I (from ADP-D-Glucose)|g__Fusicatenibacter.s__Fusicatenibacter_saccharivorans	3.52493e-05
GLYCOGENSYNTH-PWY: glycogen biosynthesis I (from ADP-D-Glucose)|g__Ruminococcus.s__Ruminococcus_bromii	3.50897e-05
GLYCOGENSYNTH-PWY: glycogen biosynthesis I (from ADP-D-Glucose)|unclassified	3.33796e-05
GLYCOGENSYNTH-PWY: glycogen biosynthesis I (from ADP-D-Glucose)|g__Blautia.s__Blautia_obeum	2.0012e-05
GLYCOGENSYNTH-PWY: glycogen biosynthesis I (from ADP-D-Glucose)|g__Roseburia.s__Roseburia_inulinivorans	1.71272e-05
GLYCOGENSYNTH-PWY: glycogen biosynthesis I (from ADP-D-Glucose)|g__Blautia.s__Blautia_wexlerae	1.68326e-05
GLYCOGENSYNTH-PWY: glycogen biosynthesis I (from ADP-D-Glucose)|g__Anaerotruncus.s__Anaerotruncus_sp_CAG_528	1.63929e-05
GLYCOGENSYNTH-PWY: glycogen biosynthesis I (from ADP-D-Glucose)|g__Anaerostipes.s__Anaerostipes_hadrus	1.54268e-05
GLYCOGENSYNTH-PWY: glycogen biosynthesis I (from ADP-D-Glucose)|g__Roseburia.s__Roseburia_faecis	1.43863e-05
GLYCOGENSYNTH-PWY: glycogen biosynthesis I (from ADP-D-Glucose)|g__Blautia.s__Blautia_sp	1.3921e-05
GLYCOGENSYNTH-PWY: glycogen biosynthesis I (from ADP-D-Glucose)|g__Bifidobacterium.s__Bifidobacterium_catenulatum	1.07894e-05
GLYCOGENSYNTH-PWY: glycogen biosynthesis I (from ADP-D-Glucose)|g__Dorea.s__Dorea_longicatena	9.60742e-06
GLYCOGENSYNTH-PWY: glycogen biosynthesis I (from ADP-D-Glucose)|g__Eubacterium.s__Eubacterium_sp_CAG_252	7.52862e-06
GLYCOGENSYNTH-PWY: glycogen biosynthesis I (from ADP-D-Glucose)|g__Eubacterium.s__Eubacterium_hallii	7.18918e-06
GLYCOGENSYNTH-PWY: glycogen biosynthesis I (from ADP-D-Glucose)|g__Eubacterium.s__Eubacterium_eligens	7.1122e-06
GLYCOGENSYNTH-PWY: glycogen biosynthesis I (from ADP-D-Glucose)|g__Bifidobacterium.s__Bifidobacterium_longum	6.74742e-06
GLYCOGENSYNTH-PWY: glycogen biosynthesis I (from ADP-D-Glucose)|g__Clostridium.s__Clostridium_sp_AM22_11AC	6.7207e-06
GLYCOGENSYNTH-PWY: glycogen biosynthesis I (from ADP-D-Glucose)|g__Ruminococcus.s__Ruminococcus_sp_CAG_254	6.70085e-06
GLYCOGENSYNTH-PWY: glycogen biosynthesis I (from ADP-D-Glucose)|g__Coprococcus.s__Coprococcus_comes	6.12481e-06
GLYCOGENSYNTH-PWY: glycogen biosynthesis I (from ADP-D-Glucose)|g__Bifidobacterium.s__Bifidobacterium_pseudocatenulatum	4.81626e-06
GLYCOGENSYNTH-PWY: glycogen biosynthesis I (from ADP-D-Glucose)|g__Bifidobacterium.s__Bifidobacterium_bifidum	4.5151e-06
GLYCOGENSYNTH-PWY: glycogen biosynthesis I (from ADP-D-Glucose)|g__Eubacterium.s__Eubacterium_sp_CAG_38	3.51105e-06
GLYCOGENSYNTH-PWY: glycogen biosynthesis I (from ADP-D-Glucose)|g__Bacteroides.s__Bacteroides_xylanisolvens	3.18864e-06
GLYCOGENSYNTH-PWY: glycogen biosynthesis I (from ADP-D-Glucose)|g__Dorea.s__Dorea_formicigenerans	2.78397e-06
GLYCOGENSYNTH-PWY: glycogen biosynthesis I (from ADP-D-Glucose)|g__Clostridium.s__Clostridium_sp_CAG_122	2.77423e-06
GLYCOGENSYNTH-PWY: glycogen biosynthesis I (from ADP-D-Glucose)|g__Bacteroides.s__Bacteroides_caccae	2.38945e-06
GLYCOGENSYNTH-PWY: glycogen biosynthesis I (from ADP-D-Glucose)|g__Subdoligranulum.s__Subdoligranulum_sp_APC924_74	2.25468e-06
GLYCOGENSYNTH-PWY: glycogen biosynthesis I (from ADP-D-Glucose)|g__Blautia.s__Ruminococcus_gnavus	2.17667e-06
GLYCOGENSYNTH-PWY: glycogen biosynthesis I (from ADP-D-Glucose)|g__Bacteroides.s__Bacteroides_ovatus	2.04419e-06
GLYCOGENSYNTH-PWY: glycogen biosynthesis I (from ADP-D-Glucose)|g__Gemmiger.s__Gemmiger_formicilis	1.49907e-06
GLYCOGENSYNTH-PWY: glycogen biosynthesis I (from ADP-D-Glucose)|g__Eubacterium.s__Eubacterium_sp_CAG_192	1.35779e-06
GLYCOGENSYNTH-PWY: glycogen biosynthesis I (from ADP-D-Glucose)|g__Firmicutes_unclassified.s__Firmicutes_bacterium_CAG_83	1.29661e-06
GLYCOGENSYNTH-PWY: glycogen biosynthesis I (from ADP-D-Glucose)|g__Firmicutes_unclassified.s__Firmicutes_bacterium_CAG_41	1.17994e-06
GLYCOGENSYNTH-PWY: glycogen biosynthesis I (from ADP-D-Glucose)|g__Eubacterium.s__Eubacterium_ramulus	1.17158e-06
GLYCOGENSYNTH-PWY: glycogen biosynthesis I (from ADP-D-Glucose)|g__Flavonifractor.s__Flavonifractor_plautii	1.15023e-06
GLYCOGENSYNTH-PWY: glycogen biosynthesis I (from ADP-D-Glucose)|g__Bacteroides.s__Bacteroides_thetaiotaomicron	8.89009e-07
GLYCOGENSYNTH-PWY: glycogen biosynthesis I (from ADP-D-Glucose)|g__Agathobaculum.s__Agathobaculum_butyriciproducens	6.78545e-07
PWY-5941: glycogen degradation II	0.000613831
PWY-5941: glycogen degradation II|g__Blautia.s__Ruminococcus_torques	5.75218e-05
PWY-5941: glycogen degradation II|g__Faecalibacterium.s__Faecalibacterium_prausnitzii	3.77871e-05
PWY-5941: glycogen degradation II|g__Fusicatenibacter.s__Fusicatenibacter_saccharivorans	2.49661e-05
PWY-5941: glycogen degradation II|g__Blautia.s__Blautia_obeum	2.27093e-05
PWY-5941: glycogen degradation II|g__Roseburia.s__Roseburia_inulinivorans	2.01885e-05
PWY-5941: glycogen degradation II|g__Bifidobacterium.s__Bifidobacterium_catenulatum	1.72062e-05
PWY-5941: glycogen degradation II|g__Roseburia.s__Roseburia_faecis	1.70777e-05
PWY-5941: glycogen degradation II|unclassified	1.66438e-05
PWY-5941: glycogen degradation II|g__Blautia.s__Blautia_sp	1.5542e-05
PWY-5941: glycogen degradation II|g__Blautia.s__Blautia_wexlerae	1.32275e-05
PWY-5941: glycogen degradation II|g__Anaerostipes.s__Anaerostipes_hadrus	1.19362e-05
PWY-5941: glycogen degradation II|g__Bifidobacterium.s__Bifidobacterium_longum	8.98441e-06
PWY-5941: glycogen degradation II|g__Bifidobacterium.s__Bifidobacterium_pseudocatenulatum	8.15013e-06
PWY-5941: glycogen degradation II|g__Dorea.s__Dorea_longicatena	7.71743e-06
PWY-5941: glycogen degradation II|g__Bifidobacterium.s__Bifidobacterium_bifidum	6.9915e-06
PWY-5941: glycogen degradation II|g__Eubacterium.s__Eubacterium_eligens	6.90866e-06
PWY-5941: glycogen degradation II|g__Eubacterium.s__Eubacterium_hallii	4.92838e-06
PWY-5941: glycogen degradation II|g__Coprococcus.s__Coprococcus_comes	3.44636e-06
PWY-5941: glycogen degradation II|g__Dorea.s__Dorea_formicigenerans	2.86461e-06
PWY-5941: glycogen degradation II|g__Bacteroides.s__Bacteroides_ovatus	2.43017e-06
PWY-5941: glycogen degradation II|g__Bacteroides.s__Bacteroides_thetaiotaomicron	1.88343e-06
PWY-5941: glycogen degradation II|g__Flavonifractor.s__Flavonifractor_plautii	1.31347e-06
PWY-5941: glycogen degradation II|g__Agathobaculum.s__Agathobaculum_butyriciproducens	1.00348e-06
PWY-5941: glycogen degradation II|g__Eubacterium.s__Eubacterium_ramulus	8.92082e-07
COMPLETE-ARO-PWY: superpathway of aromatic amino acid biosynthesis	0.000613016
COMPLETE-ARO-PWY: superpathway of aromatic amino acid biosynthesis|g__Blautia.s__Ruminococcus_torques	9.1627e-05
COMPLETE-ARO-PWY: superpathway of aromatic amino acid biosynthesis|g__Lachnospiraceae_unclassified.s__Eubacterium_rectale	4.45416e-05
COMPLETE-ARO-PWY: superpathway of aromatic amino acid biosynthesis|unclassified	2.30427e-05
COMPLETE-ARO-PWY: superpathway of aromatic amino acid biosynthesis|g__Anaerotruncus.s__Anaerotruncus_sp_CAG_528	2.16069e-05
COMPLETE-ARO-PWY: superpathway of aromatic amino acid biosynthesis|g__Fusicatenibacter.s__Fusicatenibacter_saccharivorans	1.86303e-05
COMPLETE-ARO-PWY: superpathway of aromatic amino acid biosynthesis|g__Blautia.s__Blautia_sp	1.25811e-05
COMPLETE-ARO-PWY: superpathway of aromatic amino acid biosynthesis|g__Parabacteroides.s__Parabacteroides_distasonis	1.02896e-05
COMPLETE-ARO-PWY: superpathway of aromatic amino acid biosynthesis|g__Anaerostipes.s__Anaerostipes_hadrus	9.82685e-06
COMPLETE-ARO-PWY: superpathway of aromatic amino acid biosynthesis|g__Roseburia.s__Roseburia_faecis	9.31956e-06
COMPLETE-ARO-PWY: superpathway of aromatic amino acid biosynthesis|g__Blautia.s__Blautia_obeum	8.75091e-06
COMPLETE-ARO-PWY: superpathway of aromatic amino acid biosynthesis|g__Ruminococcus.s__Ruminococcus_sp_CAG_254	8.41336e-06
COMPLETE-ARO-PWY: superpathway of aromatic amino acid biosynthesis|g__Bifidobacterium.s__Bifidobacterium_longum	6.76104e-06
COMPLETE-ARO-PWY: superpathway of aromatic amino acid biosynthesis|g__Blautia.s__Blautia_wexlerae	6.712e-06
COMPLETE-ARO-PWY: superpathway of aromatic amino acid biosynthesis|g__Eubacterium.s__Eubacterium_sp_CAG_252	6.6885e-06
COMPLETE-ARO-PWY: superpathway of aromatic amino acid biosynthesis|g__Eubacterium.s__Eubacterium_eligens	5.35541e-06
COMPLETE-ARO-PWY: superpathway of aromatic amino acid biosynthesis|g__Parabacteroides.s__Parabacteroides_merdae	5.24016e-06
COMPLETE-ARO-PWY: superpathway of aromatic amino acid biosynthesis|g__Bifidobacterium.s__Bifidobacterium_pseudocatenulatum	4.87766e-06
COMPLETE-ARO-PWY: superpathway of aromatic amino acid biosynthesis|g__Eubacterium.s__Eubacterium_hallii	3.75984e-06
COMPLETE-ARO-PWY: superpathway of aromatic amino acid biosynthesis|g__Clostridium.s__Clostridium_sp_AM22_11AC	2.57577e-06
COMPLETE-ARO-PWY: superpathway of aromatic amino acid biosynthesis|g__Coprococcus.s__Coprococcus_comes	2.54764e-06
COMPLETE-ARO-PWY: superpathway of aromatic amino acid biosynthesis|g__Eubacterium.s__Eubacterium_sp_CAG_38	2.31586e-06
COMPLETE-ARO-PWY: superpathway of aromatic amino acid biosynthesis|g__Bacteroides.s__Bacteroides_cellulosilyticus	2.19348e-06
COMPLETE-ARO-PWY: superpathway of aromatic amino acid biosynthesis|g__Blautia.s__Ruminococcus_gnavus	2.07072e-06
COMPLETE-ARO-PWY: superpathway of aromatic amino acid biosynthesis|g__Agathobaculum.s__Agathobaculum_butyriciproducens	6.35264e-07
PWY-7221: guanosine ribonucleotides de novo biosynthesis	0.000610985
PWY-7221: guanosine ribonucleotides de novo biosynthesis|g__Blautia.s__Ruminococcus_torques	8.35262e-05
PWY-7221: guanosine ribonucleotides de novo biosynthesis|g__Ruminococcus.s__Ruminococcus_bromii	3.06872e-05
PWY-7221: guanosine ribonucleotides de novo biosynthesis|g__Faecalibacterium.s__Faecalibacterium_prausnitzii	2.24551e-05
PWY-7221: guanosine ribonucleotides de novo biosynthesis|g__Bacteroides.s__Bacteroides_uniformis	2.14752e-05
PWY-7221: guanosine ribonucleotides de novo biosynthesis|unclassified	2.07521e-05
PWY-7221: guanosine ribonucleotides de novo biosynthesis|g__Bacteroides.s__Bacteroides_dorei	2.04681e-05
PWY-7221: guanosine ribonucleotides de novo biosynthesis|g__Anaerotruncus.s__Anaerotruncus_sp_CAG_528	1.76821e-05
PWY-7221: guanosine ribonucleotides de novo biosynthesis|g__Bacteroides.s__Bacteroides_clarus	1.76216e-05
PWY-7221: guanosine ribonucleotides de novo biosynthesis|g__Fusicatenibacter.s__Fusicatenibacter_saccharivorans	1.70353e-05
PWY-7221: guanosine ribonucleotides de novo biosynthesis|g__Parabacteroides.s__Parabacteroides_distasonis	1.44736e-05
PWY-7221: guanosine ribonucleotides de novo biosynthesis|g__Blautia.s__Blautia_wexlerae	1.4064e-05
PWY-7221: guanosine ribonucleotides de novo biosynthesis|g__Sutterella.s__Sutterella_wadsworthensis	1.04621e-05
PWY-7221: guanosine ribonucleotides de novo biosynthesis|g__Roseburia.s__Roseburia_inulinivorans	1.03341e-05
PWY-7221: guanosine ribonucleotides de novo biosynthesis|g__Bacteroides.s__Bacteroides_vulgatus	9.60021e-06
PWY-7221: guanosine ribonucleotides de novo biosynthesis|g__Alistipes.s__Alistipes_putredinis	8.7725e-06
PWY-7221: guanosine ribonucleotides de novo biosynthesis|g__Alistipes.s__Alistipes_finegoldii	8.70094e-06
PWY-7221: guanosine ribonucleotides de novo biosynthesis|g__Roseburia.s__Roseburia_faecis	8.56825e-06
PWY-7221: guanosine ribonucleotides de novo biosynthesis|g__Anaerostipes.s__Anaerostipes_hadrus	8.03655e-06
PWY-7221: guanosine ribonucleotides de novo biosynthesis|g__Bifidobacterium.s__Bifidobacterium_catenulatum	7.34991e-06
PWY-7221: guanosine ribonucleotides de novo biosynthesis|g__Lachnospiraceae_unclassified.s__Eubacterium_rectale	7.32439e-06
PWY-7221: guanosine ribonucleotides de novo biosynthesis|g__Bacteroides.s__Bacteroides_xylanisolvens	7.15359e-06
PWY-7221: guanosine ribonucleotides de novo biosynthesis|g__Blautia.s__Blautia_sp	6.5192e-06
PWY-7221: guanosine ribonucleotides de novo biosynthesis|g__Bifidobacterium.s__Bifidobacterium_bifidum	6.23322e-06
PWY-7221: guanosine ribonucleotides de novo biosynthesis|g__Eubacterium.s__Eubacterium_eligens	6.07678e-06
PWY-7221: guanosine ribonucleotides de novo biosynthesis|g__Bifidobacterium.s__Bifidobacterium_longum	5.82442e-06
PWY-7221: guanosine ribonucleotides de novo biosynthesis|g__Dialister.s__Dialister_invisus	5.64289e-06
PWY-7221: guanosine ribonucleotides de novo biosynthesis|g__Bifidobacterium.s__Bifidobacterium_pseudocatenulatum	5.30545e-06
PWY-7221: guanosine ribonucleotides de novo biosynthesis|g__Bacteroides.s__Bacteroides_ovatus	5.14883e-06
PWY-7221: guanosine ribonucleotides de novo biosynthesis|g__Dorea.s__Dorea_longicatena	4.595e-06
PWY-7221: guanosine ribonucleotides de novo biosynthesis|g__Bacteroides.s__Bacteroides_caccae	3.85956e-06
PWY-7221: guanosine ribonucleotides de novo biosynthesis|g__Eubacterium.s__Eubacterium_hallii	3.84241e-06
PWY-7221: guanosine ribonucleotides de novo biosynthesis|g__Coprococcus.s__Coprococcus_comes	2.8743e-06
PWY-7221: guanosine ribonucleotides de novo biosynthesis|g__Bacteroides.s__Bacteroides_cellulosilyticus	2.48212e-06
PWY-7221: guanosine ribonucleotides de novo biosynthesis|g__Clostridium.s__Clostridium_sp_CAG_122	2.02889e-06
PWY-7221: guanosine ribonucleotides de novo biosynthesis|g__Bacteroides.s__Bacteroides_thetaiotaomicron	1.97147e-06
PWY-7221: guanosine ribonucleotides de novo biosynthesis|g__Clostridium.s__Clostridium_sp_AM22_11AC	1.78739e-06
PWY-7221: guanosine ribonucleotides de novo biosynthesis|g__Dorea.s__Dorea_formicigenerans	1.6308e-06
PWY-7221: guanosine ribonucleotides de novo biosynthesis|g__Bilophila.s__Bilophila_wadsworthia	1.53063e-06
PWY-7221: guanosine ribonucleotides de novo biosynthesis|g__Eubacterium.s__Eubacterium_sp_CAG_38	1.41981e-06
PWY-7221: guanosine ribonucleotides de novo biosynthesis|g__Blautia.s__Ruminococcus_gnavus	1.1213e-06
PWY-7221: guanosine ribonucleotides de novo biosynthesis|g__Senegalimassilia.s__Senegalimassilia_anaerobia	1.08677e-06
PWY-7221: guanosine ribonucleotides de novo biosynthesis|g__Flavonifractor.s__Flavonifractor_plautii	9.92987e-07
PWY-7221: guanosine ribonucleotides de novo biosynthesis|g__Alistipes.s__Alistipes_onderdonkii	8.51508e-07
PWY-7221: guanosine ribonucleotides de novo biosynthesis|g__Odoribacter.s__Odoribacter_splanchnicus	8.15077e-07
PWY-7221: guanosine ribonucleotides de novo biosynthesis|g__Coprobacter.s__Coprobacter_secundus	7.87593e-07
PWY-7221: guanosine ribonucleotides de novo biosynthesis|g__Bacteroides.s__Bacteroides_stercorirosoris	5.60342e-07
PWY-7221: guanosine ribonucleotides de novo biosynthesis|g__Blautia.s__Blautia_producta	5.59361e-07
PWY-7221: guanosine ribonucleotides de novo biosynthesis|g__Alistipes.s__Alistipes_timonensis	4.58576e-07
PWY-7221: guanosine ribonucleotides de novo biosynthesis|g__Eggerthella.s__Eggerthella_lenta	3.339e-07
PWY-7221: guanosine ribonucleotides de novo biosynthesis|g__Blautia.s__Blautia_obeum	3.09324e-07
PWY-6386: UDP-N-acetylmuramoyl-pentapeptide biosynthesis II (lysine-containing)	0.000609729
PWY-6386: UDP-N-acetylmuramoyl-pentapeptide biosynthesis II (lysine-containing)|g__Blautia.s__Ruminococcus_torques	7.83818e-05
PWY-6386: UDP-N-acetylmuramoyl-pentapeptide biosynthesis II (lysine-containing)|g__Lachnospiraceae_unclassified.s__Eubacterium_rectale	5.97192e-05
PWY-6386: UDP-N-acetylmuramoyl-pentapeptide biosynthesis II (lysine-containing)|g__Bacteroides.s__Bacteroides_uniformis	2.63171e-05
PWY-6386: UDP-N-acetylmuramoyl-pentapeptide biosynthesis II (lysine-containing)|g__Faecalibacterium.s__Faecalibacterium_prausnitzii	2.36525e-05
PWY-6386: UDP-N-acetylmuramoyl-pentapeptide biosynthesis II (lysine-containing)|unclassified	2.18389e-05
PWY-6386: UDP-N-acetylmuramoyl-pentapeptide biosynthesis II (lysine-containing)|g__Fusicatenibacter.s__Fusicatenibacter_saccharivorans	1.93523e-05
PWY-6386: UDP-N-acetylmuramoyl-pentapeptide biosynthesis II (lysine-containing)|g__Bacteroides.s__Bacteroides_dorei	1.63659e-05
PWY-6386: UDP-N-acetylmuramoyl-pentapeptide biosynthesis II (lysine-containing)|g__Sutterella.s__Sutterella_wadsworthensis	1.3407e-05
PWY-6386: UDP-N-acetylmuramoyl-pentapeptide biosynthesis II (lysine-containing)|g__Bacteroides.s__Bacteroides_clarus	1.28906e-05
PWY-6386: UDP-N-acetylmuramoyl-pentapeptide biosynthesis II (lysine-containing)|g__Blautia.s__Blautia_sp	1.27277e-05
PWY-6386: UDP-N-acetylmuramoyl-pentapeptide biosynthesis II (lysine-containing)|g__Alistipes.s__Alistipes_putredinis	1.03387e-05
PWY-6386: UDP-N-acetylmuramoyl-pentapeptide biosynthesis II (lysine-containing)|g__Roseburia.s__Roseburia_inulinivorans	9.87099e-06
PWY-6386: UDP-N-acetylmuramoyl-pentapeptide biosynthesis II (lysine-containing)|g__Parabacteroides.s__Parabacteroides_distasonis	9.4162e-06
PWY-6386: UDP-N-acetylmuramoyl-pentapeptide biosynthesis II (lysine-containing)|g__Anaerostipes.s__Anaerostipes_hadrus	9.38674e-06
PWY-6386: UDP-N-acetylmuramoyl-pentapeptide biosynthesis II (lysine-containing)|g__Bacteroides.s__Bacteroides_xylanisolvens	9.34103e-06
PWY-6386: UDP-N-acetylmuramoyl-pentapeptide biosynthesis II (lysine-containing)|g__Bacteroides.s__Bacteroides_vulgatus	9.20292e-06
PWY-6386: UDP-N-acetylmuramoyl-pentapeptide biosynthesis II (lysine-containing)|g__Bifidobacterium.s__Bifidobacterium_catenulatum	8.70941e-06
PWY-6386: UDP-N-acetylmuramoyl-pentapeptide biosynthesis II (lysine-containing)|g__Blautia.s__Blautia_wexlerae	8.6072e-06
PWY-6386: UDP-N-acetylmuramoyl-pentapeptide biosynthesis II (lysine-containing)|g__Blautia.s__Blautia_obeum	8.40365e-06
PWY-6386: UDP-N-acetylmuramoyl-pentapeptide biosynthesis II (lysine-containing)|g__Roseburia.s__Roseburia_faecis	8.15207e-06
PWY-6386: UDP-N-acetylmuramoyl-pentapeptide biosynthesis II (lysine-containing)|g__Ruminococcus.s__Ruminococcus_sp_CAG_254	7.55566e-06
PWY-6386: UDP-N-acetylmuramoyl-pentapeptide biosynthesis II (lysine-containing)|g__Bifidobacterium.s__Bifidobacterium_longum	7.20902e-06
PWY-6386: UDP-N-acetylmuramoyl-pentapeptide biosynthesis II (lysine-containing)|g__Eubacterium.s__Eubacterium_sp_CAG_252	6.89586e-06
PWY-6386: UDP-N-acetylmuramoyl-pentapeptide biosynthesis II (lysine-containing)|g__Bifidobacterium.s__Bifidobacterium_bifidum	6.50043e-06
PWY-6386: UDP-N-acetylmuramoyl-pentapeptide biosynthesis II (lysine-containing)|g__Eubacterium.s__Eubacterium_eligens	5.01703e-06
PWY-6386: UDP-N-acetylmuramoyl-pentapeptide biosynthesis II (lysine-containing)|g__Parabacteroides.s__Parabacteroides_merdae	4.85007e-06
PWY-6386: UDP-N-acetylmuramoyl-pentapeptide biosynthesis II (lysine-containing)|g__Dialister.s__Dialister_invisus	4.80493e-06
PWY-6386: UDP-N-acetylmuramoyl-pentapeptide biosynthesis II (lysine-containing)|g__Dorea.s__Dorea_longicatena	4.75058e-06
PWY-6386: UDP-N-acetylmuramoyl-pentapeptide biosynthesis II (lysine-containing)|g__Alistipes.s__Alistipes_finegoldii	4.49496e-06
PWY-6386: UDP-N-acetylmuramoyl-pentapeptide biosynthesis II (lysine-containing)|g__Bacteroides.s__Bacteroides_caccae	3.37296e-06
PWY-6386: UDP-N-acetylmuramoyl-pentapeptide biosynthesis II (lysine-containing)|g__Bifidobacterium.s__Bifidobacterium_pseudocatenulatum	3.24438e-06
PWY-6386: UDP-N-acetylmuramoyl-pentapeptide biosynthesis II (lysine-containing)|g__Eubacterium.s__Eubacterium_sp_CAG_38	2.61762e-06
PWY-6386: UDP-N-acetylmuramoyl-pentapeptide biosynthesis II (lysine-containing)|g__Coprococcus.s__Coprococcus_comes	2.47691e-06
PWY-6386: UDP-N-acetylmuramoyl-pentapeptide biosynthesis II (lysine-containing)|g__Clostridium.s__Clostridium_sp_CAG_122	2.43515e-06
PWY-6386: UDP-N-acetylmuramoyl-pentapeptide biosynthesis II (lysine-containing)|g__Subdoligranulum.s__Subdoligranulum_sp_APC924_74	2.14796e-06
PWY-6386: UDP-N-acetylmuramoyl-pentapeptide biosynthesis II (lysine-containing)|g__Odoribacter.s__Odoribacter_splanchnicus	1.82751e-06
PWY-6386: UDP-N-acetylmuramoyl-pentapeptide biosynthesis II (lysine-containing)|g__Bacteroides.s__Bacteroides_cellulosilyticus	1.76979e-06
PWY-6386: UDP-N-acetylmuramoyl-pentapeptide biosynthesis II (lysine-containing)|g__Bilophila.s__Bilophila_wadsworthia	1.41072e-06
PWY-6386: UDP-N-acetylmuramoyl-pentapeptide biosynthesis II (lysine-containing)|g__Gemmiger.s__Gemmiger_formicilis	1.39354e-06
PWY-6386: UDP-N-acetylmuramoyl-pentapeptide biosynthesis II (lysine-containing)|g__Dorea.s__Dorea_formicigenerans	1.26927e-06
PWY-6386: UDP-N-acetylmuramoyl-pentapeptide biosynthesis II (lysine-containing)|g__Blautia.s__Ruminococcus_gnavus	1.21986e-06
PWY-6386: UDP-N-acetylmuramoyl-pentapeptide biosynthesis II (lysine-containing)|g__Bacteroides.s__Bacteroides_thetaiotaomicron	1.20224e-06
PWY-6386: UDP-N-acetylmuramoyl-pentapeptide biosynthesis II (lysine-containing)|g__Firmicutes_unclassified.s__Firmicutes_bacterium_CAG_41	8.59603e-07
PWY-6386: UDP-N-acetylmuramoyl-pentapeptide biosynthesis II (lysine-containing)|g__Lawsonibacter.s__Lawsonibacter_asaccharolyticus	8.02134e-07
PWY-6386: UDP-N-acetylmuramoyl-pentapeptide biosynthesis II (lysine-containing)|g__Coprobacter.s__Coprobacter_secundus	7.06636e-07
PWY-6386: UDP-N-acetylmuramoyl-pentapeptide biosynthesis II (lysine-containing)|g__Eubacterium.s__Eubacterium_ramulus	7.03112e-07
PWY-6386: UDP-N-acetylmuramoyl-pentapeptide biosynthesis II (lysine-containing)|g__Bacteroides.s__Bacteroides_ovatus	6.59932e-07
PWY-6386: UDP-N-acetylmuramoyl-pentapeptide biosynthesis II (lysine-containing)|g__Firmicutes_unclassified.s__Firmicutes_bacterium_CAG_83	5.27485e-07
PWY-6386: UDP-N-acetylmuramoyl-pentapeptide biosynthesis II (lysine-containing)|g__Blautia.s__Blautia_producta	4.76046e-07
PWY-6386: UDP-N-acetylmuramoyl-pentapeptide biosynthesis II (lysine-containing)|g__Alistipes.s__Alistipes_onderdonkii	2.37705e-07
PWY-6387: UDP-N-acetylmuramoyl-pentapeptide biosynthesis I (meso-diaminopimelate containing)	0.000599535
PWY-6387: UDP-N-acetylmuramoyl-pentapeptide biosynthesis I (meso-diaminopimelate containing)|g__Blautia.s__Ruminococcus_torques	8.07101e-05
PWY-6387: UDP-N-acetylmuramoyl-pentapeptide biosynthesis I (meso-diaminopimelate containing)|g__Lachnospiraceae_unclassified.s__Eubacterium_rectale	6.44033e-05
PWY-6387: UDP-N-acetylmuramoyl-pentapeptide biosynthesis I (meso-diaminopimelate containing)|g__Proteobacteria_unclassified.s__Proteobacteria_bacterium_CAG_495	3.36732e-05
PWY-6387: UDP-N-acetylmuramoyl-pentapeptide biosynthesis I (meso-diaminopimelate containing)|g__Bacteroides.s__Bacteroides_uniformis	2.87158e-05
PWY-6387: UDP-N-acetylmuramoyl-pentapeptide biosynthesis I (meso-diaminopimelate containing)|unclassified	2.41489e-05
PWY-6387: UDP-N-acetylmuramoyl-pentapeptide biosynthesis I (meso-diaminopimelate containing)|g__Faecalibacterium.s__Faecalibacterium_prausnitzii	2.20105e-05
PWY-6387: UDP-N-acetylmuramoyl-pentapeptide biosynthesis I (meso-diaminopimelate containing)|g__Fusicatenibacter.s__Fusicatenibacter_saccharivorans	1.83432e-05
PWY-6387: UDP-N-acetylmuramoyl-pentapeptide biosynthesis I (meso-diaminopimelate containing)|g__Bacteroides.s__Bacteroides_dorei	1.63657e-05
PWY-6387: UDP-N-acetylmuramoyl-pentapeptide biosynthesis I (meso-diaminopimelate containing)|g__Anaerotruncus.s__Anaerotruncus_sp_CAG_528	1.63048e-05
PWY-6387: UDP-N-acetylmuramoyl-pentapeptide biosynthesis I (meso-diaminopimelate containing)|g__Bacteroides.s__Bacteroides_clarus	1.56172e-05
PWY-6387: UDP-N-acetylmuramoyl-pentapeptide biosynthesis I (meso-diaminopimelate containing)|g__Sutterella.s__Sutterella_wadsworthensis	1.42249e-05
PWY-6387: UDP-N-acetylmuramoyl-pentapeptide biosynthesis I (meso-diaminopimelate containing)|g__Alistipes.s__Alistipes_finegoldii	1.34545e-05
PWY-6387: UDP-N-acetylmuramoyl-pentapeptide biosynthesis I (meso-diaminopimelate containing)|g__Blautia.s__Blautia_sp	1.30746e-05
PWY-6387: UDP-N-acetylmuramoyl-pentapeptide biosynthesis I (meso-diaminopimelate containing)|g__Roseburia.s__Roseburia_inulinivorans	1.10312e-05
PWY-6387: UDP-N-acetylmuramoyl-pentapeptide biosynthesis I (meso-diaminopimelate containing)|g__Parabacteroides.s__Parabacteroides_distasonis	1.02118e-05
PWY-6387: UDP-N-acetylmuramoyl-pentapeptide biosynthesis I (meso-diaminopimelate containing)|g__Alistipes.s__Alistipes_putredinis	1.0119e-05
PWY-6387: UDP-N-acetylmuramoyl-pentapeptide biosynthesis I (meso-diaminopimelate containing)|g__Bacteroides.s__Bacteroides_xylanisolvens	9.21548e-06
PWY-6387: UDP-N-acetylmuramoyl-pentapeptide biosynthesis I (meso-diaminopimelate containing)|g__Bacteroides.s__Bacteroides_vulgatus	9.15241e-06
PWY-6387: UDP-N-acetylmuramoyl-pentapeptide biosynthesis I (meso-diaminopimelate containing)|g__Blautia.s__Blautia_wexlerae	8.53245e-06
PWY-6387: UDP-N-acetylmuramoyl-pentapeptide biosynthesis I (meso-diaminopimelate containing)|g__Anaerostipes.s__Anaerostipes_hadrus	8.45213e-06
PWY-6387: UDP-N-acetylmuramoyl-pentapeptide biosynthesis I (meso-diaminopimelate containing)|g__Bifidobacterium.s__Bifidobacterium_catenulatum	8.3665e-06
PWY-6387: UDP-N-acetylmuramoyl-pentapeptide biosynthesis I (meso-diaminopimelate containing)|g__Blautia.s__Blautia_obeum	8.31484e-06
PWY-6387: UDP-N-acetylmuramoyl-pentapeptide biosynthesis I (meso-diaminopimelate containing)|g__Roseburia.s__Roseburia_faecis	8.11429e-06
PWY-6387: UDP-N-acetylmuramoyl-pentapeptide biosynthesis I (meso-diaminopimelate containing)|g__Eubacterium.s__Eubacterium_sp_CAG_252	6.98844e-06
PWY-6387: UDP-N-acetylmuramoyl-pentapeptide biosynthesis I (meso-diaminopimelate containing)|g__Ruminococcus.s__Ruminococcus_sp_CAG_254	6.9127e-06
PWY-6387: UDP-N-acetylmuramoyl-pentapeptide biosynthesis I (meso-diaminopimelate containing)|g__Bifidobacterium.s__Bifidobacterium_longum	6.81934e-06
PWY-6387: UDP-N-acetylmuramoyl-pentapeptide biosynthesis I (meso-diaminopimelate containing)|g__Bifidobacterium.s__Bifidobacterium_bifidum	6.42731e-06
PWY-6387: UDP-N-acetylmuramoyl-pentapeptide biosynthesis I (meso-diaminopimelate containing)|g__Parabacteroides.s__Parabacteroides_merdae	5.21278e-06
PWY-6387: UDP-N-acetylmuramoyl-pentapeptide biosynthesis I (meso-diaminopimelate containing)|g__Eubacterium.s__Eubacterium_eligens	5.20828e-06
PWY-6387: UDP-N-acetylmuramoyl-pentapeptide biosynthesis I (meso-diaminopimelate containing)|g__Dorea.s__Dorea_longicatena	4.85037e-06
PWY-6387: UDP-N-acetylmuramoyl-pentapeptide biosynthesis I (meso-diaminopimelate containing)|g__Dialister.s__Dialister_invisus	4.78451e-06
PWY-6387: UDP-N-acetylmuramoyl-pentapeptide biosynthesis I (meso-diaminopimelate containing)|g__Bacteroides.s__Bacteroides_caccae	3.49363e-06
PWY-6387: UDP-N-acetylmuramoyl-pentapeptide biosynthesis I (meso-diaminopimelate containing)|g__Eubacterium.s__Eubacterium_hallii	3.43683e-06
PWY-6387: UDP-N-acetylmuramoyl-pentapeptide biosynthesis I (meso-diaminopimelate containing)|g__Bifidobacterium.s__Bifidobacterium_pseudocatenulatum	3.09116e-06
PWY-6387: UDP-N-acetylmuramoyl-pentapeptide biosynthesis I (meso-diaminopimelate containing)|g__Bacteroides.s__Bacteroides_cellulosilyticus	2.7222e-06
PWY-6387: UDP-N-acetylmuramoyl-pentapeptide biosynthesis I (meso-diaminopimelate containing)|g__Eubacterium.s__Eubacterium_sp_CAG_38	2.66107e-06
PWY-6387: UDP-N-acetylmuramoyl-pentapeptide biosynthesis I (meso-diaminopimelate containing)|g__Coprococcus.s__Coprococcus_comes	2.51586e-06
PWY-6387: UDP-N-acetylmuramoyl-pentapeptide biosynthesis I (meso-diaminopimelate containing)|g__Clostridium.s__Clostridium_sp_CAG_122	2.34491e-06
PWY-6387: UDP-N-acetylmuramoyl-pentapeptide biosynthesis I (meso-diaminopimelate containing)|g__Bacteroides.s__Bacteroides_ovatus	2.21243e-06
PWY-6387: UDP-N-acetylmuramoyl-pentapeptide biosynthesis I (meso-diaminopimelate containing)|g__Subdoligranulum.s__Subdoligranulum_sp_APC924_74	2.08726e-06
PWY-6387: UDP-N-acetylmuramoyl-pentapeptide biosynthesis I (meso-diaminopimelate containing)|g__Dorea.s__Dorea_formicigenerans	1.69611e-06
PWY-6387: UDP-N-acetylmuramoyl-pentapeptide biosynthesis I (meso-diaminopimelate containing)|g__Odoribacter.s__Odoribacter_splanchnicus	1.6421e-06
PWY-6387: UDP-N-acetylmuramoyl-pentapeptide biosynthesis I (meso-diaminopimelate containing)|g__Bilophila.s__Bilophila_wadsworthia	1.48034e-06
PWY-6387: UDP-N-acetylmuramoyl-pentapeptide biosynthesis I (meso-diaminopimelate containing)|g__Gemmiger.s__Gemmiger_formicilis	1.34665e-06
PWY-6387: UDP-N-acetylmuramoyl-pentapeptide biosynthesis I (meso-diaminopimelate containing)|g__Bacteroides.s__Bacteroides_thetaiotaomicron	1.30974e-06
PWY-6387: UDP-N-acetylmuramoyl-pentapeptide biosynthesis I (meso-diaminopimelate containing)|g__Blautia.s__Ruminococcus_gnavus	1.213e-06
PWY-6387: UDP-N-acetylmuramoyl-pentapeptide biosynthesis I (meso-diaminopimelate containing)|g__Firmicutes_unclassified.s__Firmicutes_bacterium_CAG_41	1.1321e-06
PWY-6387: UDP-N-acetylmuramoyl-pentapeptide biosynthesis I (meso-diaminopimelate containing)|g__Coprobacter.s__Coprobacter_secundus	8.26773e-07
PWY-6387: UDP-N-acetylmuramoyl-pentapeptide biosynthesis I (meso-diaminopimelate containing)|g__Flavonifractor.s__Flavonifractor_plautii	7.82242e-07
PWY-6387: UDP-N-acetylmuramoyl-pentapeptide biosynthesis I (meso-diaminopimelate containing)|g__Lawsonibacter.s__Lawsonibacter_asaccharolyticus	7.78298e-07
PWY-6387: UDP-N-acetylmuramoyl-pentapeptide biosynthesis I (meso-diaminopimelate containing)|g__Eubacterium.s__Eubacterium_ramulus	7.46485e-07
PWY-6387: UDP-N-acetylmuramoyl-pentapeptide biosynthesis I (meso-diaminopimelate containing)|g__Butyricimonas.s__Butyricimonas_synergistica	7.27048e-07
PWY-6387: UDP-N-acetylmuramoyl-pentapeptide biosynthesis I (meso-diaminopimelate containing)|g__Firmicutes_unclassified.s__Firmicutes_bacterium_CAG_83	6.46314e-07
PWY-6387: UDP-N-acetylmuramoyl-pentapeptide biosynthesis I (meso-diaminopimelate containing)|g__Blautia.s__Blautia_producta	5.21853e-07
PWY-6387: UDP-N-acetylmuramoyl-pentapeptide biosynthesis I (meso-diaminopimelate containing)|g__Alistipes.s__Alistipes_onderdonkii	5.16203e-07
NONMEVIPP-PWY: methylerythritol phosphate pathway I	0.000594558
NONMEVIPP-PWY: methylerythritol phosphate pathway I|g__Blautia.s__Ruminococcus_torques	7.29997e-05
NONMEVIPP-PWY: methylerythritol phosphate pathway I|g__Ruminococcus.s__Ruminococcus_bromii	3.17853e-05
NONMEVIPP-PWY: methylerythritol phosphate pathway I|g__Bacteroides.s__Bacteroides_uniformis	2.94393e-05
NONMEVIPP-PWY: methylerythritol phosphate pathway I|g__Fusicatenibacter.s__Fusicatenibacter_saccharivorans	1.99721e-05
NONMEVIPP-PWY: methylerythritol phosphate pathway I|g__Anaerotruncus.s__Anaerotruncus_sp_CAG_528	1.98956e-05
NONMEVIPP-PWY: methylerythritol phosphate pathway I|unclassified	1.86851e-05
NONMEVIPP-PWY: methylerythritol phosphate pathway I|g__Alistipes.s__Alistipes_finegoldii	1.68542e-05
NONMEVIPP-PWY: methylerythritol phosphate pathway I|g__Bacteroides.s__Bacteroides_clarus	1.60248e-05
NONMEVIPP-PWY: methylerythritol phosphate pathway I|g__Bacteroides.s__Bacteroides_vulgatus	1.08864e-05
NONMEVIPP-PWY: methylerythritol phosphate pathway I|g__Roseburia.s__Roseburia_inulinivorans	1.04601e-05
NONMEVIPP-PWY: methylerythritol phosphate pathway I|g__Sutterella.s__Sutterella_wadsworthensis	1.03639e-05
NONMEVIPP-PWY: methylerythritol phosphate pathway I|g__Parabacteroides.s__Parabacteroides_distasonis	1.00983e-05
NONMEVIPP-PWY: methylerythritol phosphate pathway I|g__Bifidobacterium.s__Bifidobacterium_catenulatum	9.82035e-06
NONMEVIPP-PWY: methylerythritol phosphate pathway I|g__Roseburia.s__Roseburia_faecis	9.60283e-06
NONMEVIPP-PWY: methylerythritol phosphate pathway I|g__Alistipes.s__Alistipes_putredinis	9.19983e-06
NONMEVIPP-PWY: methylerythritol phosphate pathway I|g__Anaerostipes.s__Anaerostipes_hadrus	8.28438e-06
NONMEVIPP-PWY: methylerythritol phosphate pathway I|g__Blautia.s__Blautia_wexlerae	7.51033e-06
NONMEVIPP-PWY: methylerythritol phosphate pathway I|g__Blautia.s__Blautia_obeum	6.63152e-06
NONMEVIPP-PWY: methylerythritol phosphate pathway I|g__Bifidobacterium.s__Bifidobacterium_bifidum	6.27286e-06
NONMEVIPP-PWY: methylerythritol phosphate pathway I|g__Eubacterium.s__Eubacterium_sp_CAG_252	6.23958e-06
NONMEVIPP-PWY: methylerythritol phosphate pathway I|g__Eubacterium.s__Eubacterium_eligens	6.12367e-06
NONMEVIPP-PWY: methylerythritol phosphate pathway I|g__Bacteroides.s__Bacteroides_xylanisolvens	5.83953e-06
NONMEVIPP-PWY: methylerythritol phosphate pathway I|g__Bifidobacterium.s__Bifidobacterium_longum	5.83503e-06
NONMEVIPP-PWY: methylerythritol phosphate pathway I|g__Dorea.s__Dorea_longicatena	5.45903e-06
NONMEVIPP-PWY: methylerythritol phosphate pathway I|g__Parabacteroides.s__Parabacteroides_merdae	4.49259e-06
NONMEVIPP-PWY: methylerythritol phosphate pathway I|g__Bacteroides.s__Bacteroides_dorei	4.12456e-06
NONMEVIPP-PWY: methylerythritol phosphate pathway I|g__Bacteroides.s__Bacteroides_ovatus	3.97132e-06
NONMEVIPP-PWY: methylerythritol phosphate pathway I|g__Eubacterium.s__Eubacterium_hallii	3.51429e-06
NONMEVIPP-PWY: methylerythritol phosphate pathway I|g__Bacteroides.s__Bacteroides_caccae	3.30961e-06
NONMEVIPP-PWY: methylerythritol phosphate pathway I|g__Eubacterium.s__Eubacterium_sp_CAG_38	2.97003e-06
NONMEVIPP-PWY: methylerythritol phosphate pathway I|g__Clostridium.s__Clostridium_sp_CAG_122	2.74597e-06
NONMEVIPP-PWY: methylerythritol phosphate pathway I|g__Bifidobacterium.s__Bifidobacterium_pseudocatenulatum	2.6649e-06
NONMEVIPP-PWY: methylerythritol phosphate pathway I|g__Coprococcus.s__Coprococcus_comes	2.34901e-06
NONMEVIPP-PWY: methylerythritol phosphate pathway I|g__Clostridium.s__Clostridium_sp_AM22_11AC	2.02308e-06
NONMEVIPP-PWY: methylerythritol phosphate pathway I|g__Bacteroides.s__Bacteroides_cellulosilyticus	1.96238e-06
NONMEVIPP-PWY: methylerythritol phosphate pathway I|g__Subdoligranulum.s__Subdoligranulum_sp_APC924_74	1.76668e-06
NONMEVIPP-PWY: methylerythritol phosphate pathway I|g__Bacteroides.s__Bacteroides_thetaiotaomicron	1.56153e-06
NONMEVIPP-PWY: methylerythritol phosphate pathway I|g__Blautia.s__Ruminococcus_gnavus	1.47675e-06
NONMEVIPP-PWY: methylerythritol phosphate pathway I|g__Dorea.s__Dorea_formicigenerans	1.38918e-06
NONMEVIPP-PWY: methylerythritol phosphate pathway I|g__Bilophila.s__Bilophila_wadsworthia	1.34921e-06
NONMEVIPP-PWY: methylerythritol phosphate pathway I|g__Odoribacter.s__Odoribacter_splanchnicus	1.33498e-06
NONMEVIPP-PWY: methylerythritol phosphate pathway I|g__Firmicutes_unclassified.s__Firmicutes_bacterium_CAG_41	1.22869e-06
NONMEVIPP-PWY: methylerythritol phosphate pathway I|g__Flavonifractor.s__Flavonifractor_plautii	1.0052e-06
NONMEVIPP-PWY: methylerythritol phosphate pathway I|g__Senegalimassilia.s__Senegalimassilia_anaerobia	9.46522e-07
NONMEVIPP-PWY: methylerythritol phosphate pathway I|g__Gemmiger.s__Gemmiger_formicilis	9.38486e-07
NONMEVIPP-PWY: methylerythritol phosphate pathway I|g__Butyricimonas.s__Butyricimonas_synergistica	5.36904e-07
ANAGLYCOLYSIS-PWY: glycolysis III (from glucose)	0.000586759
ANAGLYCOLYSIS-PWY: glycolysis III (from glucose)|g__Blautia.s__Ruminococcus_torques	6.74834e-05
ANAGLYCOLYSIS-PWY: glycolysis III (from glucose)|g__Lachnospiraceae_unclassified.s__Eubacterium_rectale	5.16831e-05
ANAGLYCOLYSIS-PWY: glycolysis III (from glucose)|unclassified	1.71445e-05
ANAGLYCOLYSIS-PWY: glycolysis III (from glucose)|g__Fusicatenibacter.s__Fusicatenibacter_saccharivorans	1.6799e-05
ANAGLYCOLYSIS-PWY: glycolysis III (from glucose)|g__Parabacteroides.s__Parabacteroides_distasonis	1.27228e-05
ANAGLYCOLYSIS-PWY: glycolysis III (from glucose)|g__Anaerostipes.s__Anaerostipes_hadrus	1.25934e-05
ANAGLYCOLYSIS-PWY: glycolysis III (from glucose)|g__Roseburia.s__Roseburia_faecis	9.75298e-06
ANAGLYCOLYSIS-PWY: glycolysis III (from glucose)|g__Faecalibacterium.s__Faecalibacterium_prausnitzii	8.40437e-06
ANAGLYCOLYSIS-PWY: glycolysis III (from glucose)|g__Dorea.s__Dorea_longicatena	5.36093e-06
ANAGLYCOLYSIS-PWY: glycolysis III (from glucose)|g__Blautia.s__Blautia_wexlerae	4.77455e-06
ANAGLYCOLYSIS-PWY: glycolysis III (from glucose)|g__Eubacterium.s__Eubacterium_eligens	4.73637e-06
ANAGLYCOLYSIS-PWY: glycolysis III (from glucose)|g__Coprococcus.s__Coprococcus_comes	2.35782e-06
ANAGLYCOLYSIS-PWY: glycolysis III (from glucose)|g__Flavonifractor.s__Flavonifractor_plautii	1.47996e-06
ANAGLYCOLYSIS-PWY: glycolysis III (from glucose)|g__Blautia.s__Blautia_producta	5.34961e-07
PEPTIDOGLYCANSYN-PWY: peptidoglycan biosynthesis I (meso-diaminopimelate containing)	0.000580854
PEPTIDOGLYCANSYN-PWY: peptidoglycan biosynthesis I (meso-diaminopimelate containing)|g__Blautia.s__Ruminococcus_torques	7.72428e-05
PEPTIDOGLYCANSYN-PWY: peptidoglycan biosynthesis I (meso-diaminopimelate containing)|g__Lachnospiraceae_unclassified.s__Eubacterium_rectale	5.81343e-05
PEPTIDOGLYCANSYN-PWY: peptidoglycan biosynthesis I (meso-diaminopimelate containing)|g__Proteobacteria_unclassified.s__Proteobacteria_bacterium_CAG_495	3.3457e-05
PEPTIDOGLYCANSYN-PWY: peptidoglycan biosynthesis I (meso-diaminopimelate containing)|g__Bacteroides.s__Bacteroides_uniformis	2.85587e-05
PEPTIDOGLYCANSYN-PWY: peptidoglycan biosynthesis I (meso-diaminopimelate containing)|unclassified	2.54144e-05
PEPTIDOGLYCANSYN-PWY: peptidoglycan biosynthesis I (meso-diaminopimelate containing)|g__Fusicatenibacter.s__Fusicatenibacter_saccharivorans	1.8073e-05
PEPTIDOGLYCANSYN-PWY: peptidoglycan biosynthesis I (meso-diaminopimelate containing)|g__Bacteroides.s__Bacteroides_dorei	1.62633e-05
PEPTIDOGLYCANSYN-PWY: peptidoglycan biosynthesis I (meso-diaminopimelate containing)|g__Bacteroides.s__Bacteroides_clarus	1.56874e-05
PEPTIDOGLYCANSYN-PWY: peptidoglycan biosynthesis I (meso-diaminopimelate containing)|g__Anaerotruncus.s__Anaerotruncus_sp_CAG_528	1.56804e-05
PEPTIDOGLYCANSYN-PWY: peptidoglycan biosynthesis I (meso-diaminopimelate containing)|g__Alistipes.s__Alistipes_finegoldii	1.42751e-05
PEPTIDOGLYCANSYN-PWY: peptidoglycan biosynthesis I (meso-diaminopimelate containing)|g__Sutterella.s__Sutterella_wadsworthensis	1.39426e-05
PEPTIDOGLYCANSYN-PWY: peptidoglycan biosynthesis I (meso-diaminopimelate containing)|g__Blautia.s__Blautia_sp	1.26514e-05
PEPTIDOGLYCANSYN-PWY: peptidoglycan biosynthesis I (meso-diaminopimelate containing)|g__Faecalibacterium.s__Faecalibacterium_prausnitzii	1.15739e-05
PEPTIDOGLYCANSYN-PWY: peptidoglycan biosynthesis I (meso-diaminopimelate containing)|g__Roseburia.s__Roseburia_inulinivorans	1.09917e-05
PEPTIDOGLYCANSYN-PWY: peptidoglycan biosynthesis I (meso-diaminopimelate containing)|g__Alistipes.s__Alistipes_putredinis	1.00116e-05
PEPTIDOGLYCANSYN-PWY: peptidoglycan biosynthesis I (meso-diaminopimelate containing)|g__Parabacteroides.s__Parabacteroides_distasonis	9.78646e-06
PEPTIDOGLYCANSYN-PWY: peptidoglycan biosynthesis I (meso-diaminopimelate containing)|g__Bacteroides.s__Bacteroides_vulgatus	9.01508e-06
PEPTIDOGLYCANSYN-PWY: peptidoglycan biosynthesis I (meso-diaminopimelate containing)|g__Bacteroides.s__Bacteroides_xylanisolvens	8.98702e-06
PEPTIDOGLYCANSYN-PWY: peptidoglycan biosynthesis I (meso-diaminopimelate containing)|g__Bifidobacterium.s__Bifidobacterium_catenulatum	8.89131e-06
PEPTIDOGLYCANSYN-PWY: peptidoglycan biosynthesis I (meso-diaminopimelate containing)|g__Anaerostipes.s__Anaerostipes_hadrus	8.76727e-06
PEPTIDOGLYCANSYN-PWY: peptidoglycan biosynthesis I (meso-diaminopimelate containing)|g__Blautia.s__Blautia_obeum	8.44356e-06
PEPTIDOGLYCANSYN-PWY: peptidoglycan biosynthesis I (meso-diaminopimelate containing)|g__Roseburia.s__Roseburia_faecis	8.05885e-06
PEPTIDOGLYCANSYN-PWY: peptidoglycan biosynthesis I (meso-diaminopimelate containing)|g__Ruminococcus.s__Ruminococcus_sp_CAG_254	6.97397e-06
PEPTIDOGLYCANSYN-PWY: peptidoglycan biosynthesis I (meso-diaminopimelate containing)|g__Blautia.s__Blautia_wexlerae	6.65182e-06
PEPTIDOGLYCANSYN-PWY: peptidoglycan biosynthesis I (meso-diaminopimelate containing)|g__Eubacterium.s__Eubacterium_sp_CAG_252	6.62361e-06
PEPTIDOGLYCANSYN-PWY: peptidoglycan biosynthesis I (meso-diaminopimelate containing)|g__Bifidobacterium.s__Bifidobacterium_bifidum	6.51404e-06
PEPTIDOGLYCANSYN-PWY: peptidoglycan biosynthesis I (meso-diaminopimelate containing)|g__Bifidobacterium.s__Bifidobacterium_longum	6.26637e-06
PEPTIDOGLYCANSYN-PWY: peptidoglycan biosynthesis I (meso-diaminopimelate containing)|g__Parabacteroides.s__Parabacteroides_merdae	5.06144e-06
PEPTIDOGLYCANSYN-PWY: peptidoglycan biosynthesis I (meso-diaminopimelate containing)|g__Eubacterium.s__Eubacterium_eligens	4.93295e-06
PEPTIDOGLYCANSYN-PWY: peptidoglycan biosynthesis I (meso-diaminopimelate containing)|g__Dialister.s__Dialister_invisus	4.8558e-06
PEPTIDOGLYCANSYN-PWY: peptidoglycan biosynthesis I (meso-diaminopimelate containing)|g__Dorea.s__Dorea_longicatena	4.83635e-06
PEPTIDOGLYCANSYN-PWY: peptidoglycan biosynthesis I (meso-diaminopimelate containing)|g__Bacteroides.s__Bacteroides_caccae	3.49883e-06
PEPTIDOGLYCANSYN-PWY: peptidoglycan biosynthesis I (meso-diaminopimelate containing)|g__Eubacterium.s__Eubacterium_hallii	3.41842e-06
PEPTIDOGLYCANSYN-PWY: peptidoglycan biosynthesis I (meso-diaminopimelate containing)|g__Bifidobacterium.s__Bifidobacterium_pseudocatenulatum	3.2046e-06
PEPTIDOGLYCANSYN-PWY: peptidoglycan biosynthesis I (meso-diaminopimelate containing)|g__Bacteroides.s__Bacteroides_cellulosilyticus	2.75696e-06
PEPTIDOGLYCANSYN-PWY: peptidoglycan biosynthesis I (meso-diaminopimelate containing)|g__Coprococcus.s__Coprococcus_comes	2.58539e-06
PEPTIDOGLYCANSYN-PWY: peptidoglycan biosynthesis I (meso-diaminopimelate containing)|g__Eubacterium.s__Eubacterium_sp_CAG_38	2.32996e-06
PEPTIDOGLYCANSYN-PWY: peptidoglycan biosynthesis I (meso-diaminopimelate containing)|g__Bacteroides.s__Bacteroides_ovatus	2.28827e-06
PEPTIDOGLYCANSYN-PWY: peptidoglycan biosynthesis I (meso-diaminopimelate containing)|g__Clostridium.s__Clostridium_sp_CAG_122	2.20207e-06
PEPTIDOGLYCANSYN-PWY: peptidoglycan biosynthesis I (meso-diaminopimelate containing)|g__Subdoligranulum.s__Subdoligranulum_sp_APC924_74	1.96716e-06
PEPTIDOGLYCANSYN-PWY: peptidoglycan biosynthesis I (meso-diaminopimelate containing)|g__Odoribacter.s__Odoribacter_splanchnicus	1.62291e-06
PEPTIDOGLYCANSYN-PWY: peptidoglycan biosynthesis I (meso-diaminopimelate containing)|g__Dorea.s__Dorea_formicigenerans	1.49668e-06
PEPTIDOGLYCANSYN-PWY: peptidoglycan biosynthesis I (meso-diaminopimelate containing)|g__Bacteroides.s__Bacteroides_thetaiotaomicron	1.39146e-06
PEPTIDOGLYCANSYN-PWY: peptidoglycan biosynthesis I (meso-diaminopimelate containing)|g__Bilophila.s__Bilophila_wadsworthia	1.34217e-06
PEPTIDOGLYCANSYN-PWY: peptidoglycan biosynthesis I (meso-diaminopimelate containing)|g__Gemmiger.s__Gemmiger_formicilis	1.31257e-06
PEPTIDOGLYCANSYN-PWY: peptidoglycan biosynthesis I (meso-diaminopimelate containing)|g__Blautia.s__Ruminococcus_gnavus	1.27548e-06
PEPTIDOGLYCANSYN-PWY: peptidoglycan biosynthesis I (meso-diaminopimelate containing)|g__Firmicutes_unclassified.s__Firmicutes_bacterium_CAG_41	1.21145e-06
PEPTIDOGLYCANSYN-PWY: peptidoglycan biosynthesis I (meso-diaminopimelate containing)|g__Coprobacter.s__Coprobacter_secundus	8.34716e-07
PEPTIDOGLYCANSYN-PWY: peptidoglycan biosynthesis I (meso-diaminopimelate containing)|g__Flavonifractor.s__Flavonifractor_plautii	8.22165e-07
PEPTIDOGLYCANSYN-PWY: peptidoglycan biosynthesis I (meso-diaminopimelate containing)|g__Lawsonibacter.s__Lawsonibacter_asaccharolyticus	8.15998e-07
PEPTIDOGLYCANSYN-PWY: peptidoglycan biosynthesis I (meso-diaminopimelate containing)|g__Butyricimonas.s__Butyricimonas_synergistica	7.39604e-07
PEPTIDOGLYCANSYN-PWY: peptidoglycan biosynthesis I (meso-diaminopimelate containing)|g__Eubacterium.s__Eubacterium_ramulus	7.15273e-07
PEPTIDOGLYCANSYN-PWY: peptidoglycan biosynthesis I (meso-diaminopimelate containing)|g__Firmicutes_unclassified.s__Firmicutes_bacterium_CAG_83	6.89267e-07
PEPTIDOGLYCANSYN-PWY: peptidoglycan biosynthesis I (meso-diaminopimelate containing)|g__Alistipes.s__Alistipes_onderdonkii	5.92072e-07
PWY-6385: peptidoglycan biosynthesis III (mycobacteria)	0.000580854
PWY-6385: peptidoglycan biosynthesis III (mycobacteria)|g__Blautia.s__Ruminococcus_torques	7.72428e-05
PWY-6385: peptidoglycan biosynthesis III (mycobacteria)|g__Lachnospiraceae_unclassified.s__Eubacterium_rectale	5.81343e-05
PWY-6385: peptidoglycan biosynthesis III (mycobacteria)|g__Proteobacteria_unclassified.s__Proteobacteria_bacterium_CAG_495	3.41396e-05
PWY-6385: peptidoglycan biosynthesis III (mycobacteria)|g__Bacteroides.s__Bacteroides_uniformis	3.06843e-05
PWY-6385: peptidoglycan biosynthesis III (mycobacteria)|unclassified	2.14432e-05
PWY-6385: peptidoglycan biosynthesis III (mycobacteria)|g__Fusicatenibacter.s__Fusicatenibacter_saccharivorans	1.69117e-05
PWY-6385: peptidoglycan biosynthesis III (mycobacteria)|g__Bacteroides.s__Bacteroides_clarus	1.65812e-05
PWY-6385: peptidoglycan biosynthesis III (mycobacteria)|g__Bacteroides.s__Bacteroides_dorei	1.62633e-05
PWY-6385: peptidoglycan biosynthesis III (mycobacteria)|g__Sutterella.s__Sutterella_wadsworthensis	1.50164e-05
PWY-6385: peptidoglycan biosynthesis III (mycobacteria)|g__Blautia.s__Blautia_sp	1.1603e-05
PWY-6385: peptidoglycan biosynthesis III (mycobacteria)|g__Parabacteroides.s__Parabacteroides_distasonis	1.07194e-05
PWY-6385: peptidoglycan biosynthesis III (mycobacteria)|g__Roseburia.s__Roseburia_inulinivorans	1.02562e-05
PWY-6385: peptidoglycan biosynthesis III (mycobacteria)|g__Alistipes.s__Alistipes_putredinis	9.80032e-06
PWY-6385: peptidoglycan biosynthesis III (mycobacteria)|g__Bifidobacterium.s__Bifidobacterium_catenulatum	9.4072e-06
PWY-6385: peptidoglycan biosynthesis III (mycobacteria)|g__Bacteroides.s__Bacteroides_xylanisolvens	9.09295e-06
PWY-6385: peptidoglycan biosynthesis III (mycobacteria)|g__Bacteroides.s__Bacteroides_vulgatus	8.84434e-06
PWY-6385: peptidoglycan biosynthesis III (mycobacteria)|g__Anaerostipes.s__Anaerostipes_hadrus	8.41271e-06
PWY-6385: peptidoglycan biosynthesis III (mycobacteria)|g__Blautia.s__Blautia_obeum	7.96804e-06
PWY-6385: peptidoglycan biosynthesis III (mycobacteria)|g__Roseburia.s__Roseburia_faecis	7.84422e-06
PWY-6385: peptidoglycan biosynthesis III (mycobacteria)|g__Eubacterium.s__Eubacterium_sp_CAG_252	6.62361e-06
PWY-6385: peptidoglycan biosynthesis III (mycobacteria)|g__Bifidobacterium.s__Bifidobacterium_bifidum	6.22775e-06
PWY-6385: peptidoglycan biosynthesis III (mycobacteria)|g__Blautia.s__Blautia_wexlerae	5.87991e-06
PWY-6385: peptidoglycan biosynthesis III (mycobacteria)|g__Parabacteroides.s__Parabacteroides_merdae	4.98605e-06
PWY-6385: peptidoglycan biosynthesis III (mycobacteria)|g__Dialister.s__Dialister_invisus	4.68063e-06
PWY-6385: peptidoglycan biosynthesis III (mycobacteria)|g__Eubacterium.s__Eubacterium_eligens	4.65964e-06
PWY-6385: peptidoglycan biosynthesis III (mycobacteria)|g__Dorea.s__Dorea_longicatena	4.532e-06
PWY-6385: peptidoglycan biosynthesis III (mycobacteria)|g__Alistipes.s__Alistipes_finegoldii	4.52188e-06
PWY-6385: peptidoglycan biosynthesis III (mycobacteria)|g__Bacteroides.s__Bacteroides_caccae	3.56683e-06
PWY-6385: peptidoglycan biosynthesis III (mycobacteria)|g__Bifidobacterium.s__Bifidobacterium_pseudocatenulatum	3.49257e-06
PWY-6385: peptidoglycan biosynthesis III (mycobacteria)|g__Bacteroides.s__Bacteroides_cellulosilyticus	2.73606e-06
PWY-6385: peptidoglycan biosynthesis III (mycobacteria)|g__Bacteroides.s__Bacteroides_ovatus	2.39703e-06
PWY-6385: peptidoglycan biosynthesis III (mycobacteria)|g__Coprococcus.s__Coprococcus_comes	2.35171e-06
PWY-6385: peptidoglycan biosynthesis III (mycobacteria)|g__Eubacterium.s__Eubacterium_sp_CAG_38	2.32996e-06
PWY-6385: peptidoglycan biosynthesis III (mycobacteria)|g__Clostridium.s__Clostridium_sp_CAG_122	2.20207e-06
PWY-6385: peptidoglycan biosynthesis III (mycobacteria)|g__Odoribacter.s__Odoribacter_splanchnicus	1.57354e-06
PWY-6385: peptidoglycan biosynthesis III (mycobacteria)|g__Bilophila.s__Bilophila_wadsworthia	1.45403e-06
PWY-6385: peptidoglycan biosynthesis III (mycobacteria)|g__Bacteroides.s__Bacteroides_thetaiotaomicron	1.41064e-06
PWY-6385: peptidoglycan biosynthesis III (mycobacteria)|g__Dorea.s__Dorea_formicigenerans	1.24991e-06
PWY-6385: peptidoglycan biosynthesis III (mycobacteria)|g__Firmicutes_unclassified.s__Firmicutes_bacterium_CAG_41	1.24083e-06
PWY-6385: peptidoglycan biosynthesis III (mycobacteria)|g__Blautia.s__Ruminococcus_gnavus	1.20353e-06
PWY-6385: peptidoglycan biosynthesis III (mycobacteria)|g__Flavonifractor.s__Flavonifractor_plautii	8.29382e-07
PWY-6385: peptidoglycan biosynthesis III (mycobacteria)|g__Lawsonibacter.s__Lawsonibacter_asaccharolyticus	7.64831e-07
PWY-6385: peptidoglycan biosynthesis III (mycobacteria)|g__Coprobacter.s__Coprobacter_secundus	7.52039e-07
PWY-6385: peptidoglycan biosynthesis III (mycobacteria)|g__Eubacterium.s__Eubacterium_ramulus	7.15273e-07
PWY-6385: peptidoglycan biosynthesis III (mycobacteria)|g__Firmicutes_unclassified.s__Firmicutes_bacterium_CAG_83	5.59719e-07
PWY-6385: peptidoglycan biosynthesis III (mycobacteria)|g__Alistipes.s__Alistipes_onderdonkii	2.74788e-07
ARO-PWY: chorismate biosynthesis I	0.000579728
ARO-PWY: chorismate biosynthesis I|g__Blautia.s__Ruminococcus_torques	9.29034e-05
ARO-PWY: chorismate biosynthesis I|g__Lachnospiraceae_unclassified.s__Eubacterium_rectale	7.1911e-05
ARO-PWY: chorismate biosynthesis I|g__Faecalibacterium.s__Faecalibacterium_prausnitzii	4.13031e-05
ARO-PWY: chorismate biosynthesis I|g__Ruminococcus.s__Ruminococcus_bromii	3.57463e-05
ARO-PWY: chorismate biosynthesis I|unclassified	2.12511e-05
ARO-PWY: chorismate biosynthesis I|g__Anaerotruncus.s__Anaerotruncus_sp_CAG_528	2.01543e-05
ARO-PWY: chorismate biosynthesis I|g__Fusicatenibacter.s__Fusicatenibacter_saccharivorans	1.77056e-05
ARO-PWY: chorismate biosynthesis I|g__Roseburia.s__Roseburia_inulinivorans	1.63325e-05
ARO-PWY: chorismate biosynthesis I|g__Bacteroides.s__Bacteroides_dorei	1.50415e-05
ARO-PWY: chorismate biosynthesis I|g__Bacteroides.s__Bacteroides_clarus	1.39034e-05
ARO-PWY: chorismate biosynthesis I|g__Blautia.s__Blautia_sp	1.26182e-05
ARO-PWY: chorismate biosynthesis I|g__Parabacteroides.s__Parabacteroides_distasonis	9.6237e-06
ARO-PWY: chorismate biosynthesis I|g__Anaerostipes.s__Anaerostipes_hadrus	9.31591e-06
ARO-PWY: chorismate biosynthesis I|g__Roseburia.s__Roseburia_faecis	9.14473e-06
ARO-PWY: chorismate biosynthesis I|g__Bifidobacterium.s__Bifidobacterium_catenulatum	8.39482e-06
ARO-PWY: chorismate biosynthesis I|g__Blautia.s__Blautia_obeum	8.38984e-06
ARO-PWY: chorismate biosynthesis I|g__Ruminococcus.s__Ruminococcus_sp_CAG_254	8.31306e-06
ARO-PWY: chorismate biosynthesis I|g__Bacteroides.s__Bacteroides_vulgatus	7.63498e-06
ARO-PWY: chorismate biosynthesis I|g__Alistipes.s__Alistipes_finegoldii	6.80431e-06
ARO-PWY: chorismate biosynthesis I|g__Bifidobacterium.s__Bifidobacterium_longum	6.61335e-06
ARO-PWY: chorismate biosynthesis I|g__Eubacterium.s__Eubacterium_sp_CAG_252	6.35261e-06
ARO-PWY: chorismate biosynthesis I|g__Blautia.s__Blautia_wexlerae	6.27291e-06
ARO-PWY: chorismate biosynthesis I|g__Bacteroides.s__Bacteroides_uniformis	5.91087e-06
ARO-PWY: chorismate biosynthesis I|g__Parabacteroides.s__Parabacteroides_merdae	5.85325e-06
ARO-PWY: chorismate biosynthesis I|g__Bifidobacterium.s__Bifidobacterium_bifidum	5.47777e-06
ARO-PWY: chorismate biosynthesis I|g__Eubacterium.s__Eubacterium_eligens	5.21954e-06
ARO-PWY: chorismate biosynthesis I|g__Bacteroides.s__Bacteroides_xylanisolvens	4.68852e-06
ARO-PWY: chorismate biosynthesis I|g__Bifidobacterium.s__Bifidobacterium_pseudocatenulatum	4.53035e-06
ARO-PWY: chorismate biosynthesis I|g__Eubacterium.s__Eubacterium_hallii	3.78633e-06
ARO-PWY: chorismate biosynthesis I|g__Dorea.s__Dorea_longicatena	3.61213e-06
ARO-PWY: chorismate biosynthesis I|g__Bacteroides.s__Bacteroides_caccae	2.74599e-06
ARO-PWY: chorismate biosynthesis I|g__Clostridium.s__Clostridium_sp_AM22_11AC	2.64328e-06
ARO-PWY: chorismate biosynthesis I|g__Coprococcus.s__Coprococcus_comes	2.57458e-06
ARO-PWY: chorismate biosynthesis I|g__Subdoligranulum.s__Subdoligranulum_sp_APC924_74	2.30499e-06
ARO-PWY: chorismate biosynthesis I|g__Bacteroides.s__Bacteroides_ovatus	2.24725e-06
ARO-PWY: chorismate biosynthesis I|g__Eubacterium.s__Eubacterium_sp_CAG_38	2.20836e-06
ARO-PWY: chorismate biosynthesis I|g__Bacteroides.s__Bacteroides_cellulosilyticus	2.18113e-06
ARO-PWY: chorismate biosynthesis I|g__Blautia.s__Ruminococcus_gnavus	2.02283e-06
ARO-PWY: chorismate biosynthesis I|g__Dorea.s__Dorea_formicigenerans	1.84164e-06
ARO-PWY: chorismate biosynthesis I|g__Flavonifractor.s__Flavonifractor_plautii	1.68701e-06
ARO-PWY: chorismate biosynthesis I|g__Odoribacter.s__Odoribacter_splanchnicus	1.52095e-06
ARO-PWY: chorismate biosynthesis I|g__Clostridium.s__Clostridium_sp_CAG_122	1.44852e-06
ARO-PWY: chorismate biosynthesis I|g__Bacteroides.s__Bacteroides_thetaiotaomicron	1.30192e-06
ARO-PWY: chorismate biosynthesis I|g__Eubacterium.s__Eubacterium_ramulus	6.44421e-07
ARO-PWY: chorismate biosynthesis I|g__Agathobaculum.s__Agathobaculum_butyriciproducens	5.8611e-07
ARO-PWY: chorismate biosynthesis I|g__Blautia.s__Blautia_producta	3.73128e-07
PWY-7953: UDP-N-acetylmuramoyl-pentapeptide biosynthesis III (meso-diaminopimelate containing)	0.000578305
PWY-7953: UDP-N-acetylmuramoyl-pentapeptide biosynthesis III (meso-diaminopimelate containing)|g__Blautia.s__Ruminococcus_torques	7.53545e-05
PWY-7953: UDP-N-acetylmuramoyl-pentapeptide biosynthesis III (meso-diaminopimelate containing)|g__Lachnospiraceae_unclassified.s__Eubacterium_rectale	5.74301e-05
PWY-7953: UDP-N-acetylmuramoyl-pentapeptide biosynthesis III (meso-diaminopimelate containing)|g__Bacteroides.s__Bacteroides_uniformis	2.56566e-05
PWY-7953: UDP-N-acetylmuramoyl-pentapeptide biosynthesis III (meso-diaminopimelate containing)|unclassified	1.96582e-05
PWY-7953: UDP-N-acetylmuramoyl-pentapeptide biosynthesis III (meso-diaminopimelate containing)|g__Fusicatenibacter.s__Fusicatenibacter_saccharivorans	1.71747e-05
PWY-7953: UDP-N-acetylmuramoyl-pentapeptide biosynthesis III (meso-diaminopimelate containing)|g__Bacteroides.s__Bacteroides_dorei	1.55775e-05
PWY-7953: UDP-N-acetylmuramoyl-pentapeptide biosynthesis III (meso-diaminopimelate containing)|g__Sutterella.s__Sutterella_wadsworthensis	1.27284e-05
PWY-7953: UDP-N-acetylmuramoyl-pentapeptide biosynthesis III (meso-diaminopimelate containing)|g__Blautia.s__Blautia_sp	1.23489e-05
PWY-7953: UDP-N-acetylmuramoyl-pentapeptide biosynthesis III (meso-diaminopimelate containing)|g__Bacteroides.s__Bacteroides_clarus	1.21761e-05
PWY-7953: UDP-N-acetylmuramoyl-pentapeptide biosynthesis III (meso-diaminopimelate containing)|g__Roseburia.s__Roseburia_inulinivorans	1.09911e-05
PWY-7953: UDP-N-acetylmuramoyl-pentapeptide biosynthesis III (meso-diaminopimelate containing)|g__Parabacteroides.s__Parabacteroides_distasonis	9.52293e-06
PWY-7953: UDP-N-acetylmuramoyl-pentapeptide biosynthesis III (meso-diaminopimelate containing)|g__Alistipes.s__Alistipes_putredinis	9.4988e-06
PWY-7953: UDP-N-acetylmuramoyl-pentapeptide biosynthesis III (meso-diaminopimelate containing)|g__Bacteroides.s__Bacteroides_vulgatus	8.65433e-06
PWY-7953: UDP-N-acetylmuramoyl-pentapeptide biosynthesis III (meso-diaminopimelate containing)|g__Bacteroides.s__Bacteroides_xylanisolvens	8.63857e-06
PWY-7953: UDP-N-acetylmuramoyl-pentapeptide biosynthesis III (meso-diaminopimelate containing)|g__Blautia.s__Blautia_obeum	8.20021e-06
PWY-7953: UDP-N-acetylmuramoyl-pentapeptide biosynthesis III (meso-diaminopimelate containing)|g__Roseburia.s__Roseburia_faecis	8.17433e-06
PWY-7953: UDP-N-acetylmuramoyl-pentapeptide biosynthesis III (meso-diaminopimelate containing)|g__Anaerostipes.s__Anaerostipes_hadrus	8.0339e-06
PWY-7953: UDP-N-acetylmuramoyl-pentapeptide biosynthesis III (meso-diaminopimelate containing)|g__Eubacterium.s__Eubacterium_sp_CAG_252	7.08022e-06
PWY-7953: UDP-N-acetylmuramoyl-pentapeptide biosynthesis III (meso-diaminopimelate containing)|g__Bifidobacterium.s__Bifidobacterium_bifidum	6.50705e-06
PWY-7953: UDP-N-acetylmuramoyl-pentapeptide biosynthesis III (meso-diaminopimelate containing)|g__Blautia.s__Blautia_wexlerae	5.88796e-06
PWY-7953: UDP-N-acetylmuramoyl-pentapeptide biosynthesis III (meso-diaminopimelate containing)|g__Eubacterium.s__Eubacterium_eligens	5.27873e-06
PWY-7953: UDP-N-acetylmuramoyl-pentapeptide biosynthesis III (meso-diaminopimelate containing)|g__Parabacteroides.s__Parabacteroides_merdae	5.26242e-06
PWY-7953: UDP-N-acetylmuramoyl-pentapeptide biosynthesis III (meso-diaminopimelate containing)|g__Dialister.s__Dialister_invisus	4.72352e-06
PWY-7953: UDP-N-acetylmuramoyl-pentapeptide biosynthesis III (meso-diaminopimelate containing)|g__Dorea.s__Dorea_longicatena	4.34786e-06
PWY-7953: UDP-N-acetylmuramoyl-pentapeptide biosynthesis III (meso-diaminopimelate containing)|g__Eubacterium.s__Eubacterium_hallii	3.56387e-06
PWY-7953: UDP-N-acetylmuramoyl-pentapeptide biosynthesis III (meso-diaminopimelate containing)|g__Alistipes.s__Alistipes_finegoldii	3.54013e-06
PWY-7953: UDP-N-acetylmuramoyl-pentapeptide biosynthesis III (meso-diaminopimelate containing)|g__Bacteroides.s__Bacteroides_caccae	3.09827e-06
PWY-7953: UDP-N-acetylmuramoyl-pentapeptide biosynthesis III (meso-diaminopimelate containing)|g__Bifidobacterium.s__Bifidobacterium_pseudocatenulatum	2.53011e-06
PWY-7953: UDP-N-acetylmuramoyl-pentapeptide biosynthesis III (meso-diaminopimelate containing)|g__Coprococcus.s__Coprococcus_comes	2.50686e-06
PWY-7953: UDP-N-acetylmuramoyl-pentapeptide biosynthesis III (meso-diaminopimelate containing)|g__Eubacterium.s__Eubacterium_sp_CAG_38	2.38824e-06
PWY-7953: UDP-N-acetylmuramoyl-pentapeptide biosynthesis III (meso-diaminopimelate containing)|g__Clostridium.s__Clostridium_sp_CAG_122	2.13973e-06
PWY-7953: UDP-N-acetylmuramoyl-pentapeptide biosynthesis III (meso-diaminopimelate containing)|g__Bacteroides.s__Bacteroides_cellulosilyticus	1.55495e-06
PWY-7953: UDP-N-acetylmuramoyl-pentapeptide biosynthesis III (meso-diaminopimelate containing)|g__Odoribacter.s__Odoribacter_splanchnicus	1.45381e-06
PWY-7953: UDP-N-acetylmuramoyl-pentapeptide biosynthesis III (meso-diaminopimelate containing)|g__Blautia.s__Ruminococcus_gnavus	1.4012e-06
PWY-7953: UDP-N-acetylmuramoyl-pentapeptide biosynthesis III (meso-diaminopimelate containing)|g__Bilophila.s__Bilophila_wadsworthia	1.35841e-06
PWY-7953: UDP-N-acetylmuramoyl-pentapeptide biosynthesis III (meso-diaminopimelate containing)|g__Bacteroides.s__Bacteroides_thetaiotaomicron	1.24594e-06
PWY-7953: UDP-N-acetylmuramoyl-pentapeptide biosynthesis III (meso-diaminopimelate containing)|g__Firmicutes_unclassified.s__Firmicutes_bacterium_CAG_41	1.22202e-06
PWY-7953: UDP-N-acetylmuramoyl-pentapeptide biosynthesis III (meso-diaminopimelate containing)|g__Dorea.s__Dorea_formicigenerans	1.10723e-06
PWY-7953: UDP-N-acetylmuramoyl-pentapeptide biosynthesis III (meso-diaminopimelate containing)|g__Eubacterium.s__Eubacterium_ramulus	7.08235e-07
PWY-7953: UDP-N-acetylmuramoyl-pentapeptide biosynthesis III (meso-diaminopimelate containing)|g__Lawsonibacter.s__Lawsonibacter_asaccharolyticus	7.02273e-07
PWY-7953: UDP-N-acetylmuramoyl-pentapeptide biosynthesis III (meso-diaminopimelate containing)|g__Coprobacter.s__Coprobacter_secundus	6.67956e-07
PWY-7953: UDP-N-acetylmuramoyl-pentapeptide biosynthesis III (meso-diaminopimelate containing)|g__Bacteroides.s__Bacteroides_ovatus	5.29091e-07
PWY-7953: UDP-N-acetylmuramoyl-pentapeptide biosynthesis III (meso-diaminopimelate containing)|g__Firmicutes_unclassified.s__Firmicutes_bacterium_CAG_102	5.15206e-07
PWY-7953: UDP-N-acetylmuramoyl-pentapeptide biosynthesis III (meso-diaminopimelate containing)|g__Firmicutes_unclassified.s__Firmicutes_bacterium_CAG_83	4.8647e-07
PWY-7953: UDP-N-acetylmuramoyl-pentapeptide biosynthesis III (meso-diaminopimelate containing)|g__Blautia.s__Blautia_producta	4.02731e-07
PWY-7953: UDP-N-acetylmuramoyl-pentapeptide biosynthesis III (meso-diaminopimelate containing)|g__Alistipes.s__Alistipes_onderdonkii	2.41035e-07
ILEUSYN-PWY: L-isoleucine biosynthesis I (from threonine)	0.000568182
ILEUSYN-PWY: L-isoleucine biosynthesis I (from threonine)|g__Lachnospiraceae_unclassified.s__Eubacterium_rectale	7.32225e-05
ILEUSYN-PWY: L-isoleucine biosynthesis I (from threonine)|g__Blautia.s__Ruminococcus_torques	4.5715e-05
ILEUSYN-PWY: L-isoleucine biosynthesis I (from threonine)|g__Bacteroides.s__Bacteroides_uniformis	2.54756e-05
ILEUSYN-PWY: L-isoleucine biosynthesis I (from threonine)|g__Roseburia.s__Roseburia_inulinivorans	1.4042e-05
ILEUSYN-PWY: L-isoleucine biosynthesis I (from threonine)|g__Bacteroides.s__Bacteroides_clarus	1.30305e-05
ILEUSYN-PWY: L-isoleucine biosynthesis I (from threonine)|g__Blautia.s__Blautia_sp	1.28881e-05
ILEUSYN-PWY: L-isoleucine biosynthesis I (from threonine)|g__Bifidobacterium.s__Bifidobacterium_catenulatum	1.17162e-05
ILEUSYN-PWY: L-isoleucine biosynthesis I (from threonine)|g__Parabacteroides.s__Parabacteroides_distasonis	1.05159e-05
ILEUSYN-PWY: L-isoleucine biosynthesis I (from threonine)|unclassified	9.61982e-06
ILEUSYN-PWY: L-isoleucine biosynthesis I (from threonine)|g__Bifidobacterium.s__Bifidobacterium_longum	8.53657e-06
ILEUSYN-PWY: L-isoleucine biosynthesis I (from threonine)|g__Anaerostipes.s__Anaerostipes_hadrus	8.49018e-06
ILEUSYN-PWY: L-isoleucine biosynthesis I (from threonine)|g__Ruminococcus.s__Ruminococcus_sp_CAG_254	8.45857e-06
ILEUSYN-PWY: L-isoleucine biosynthesis I (from threonine)|g__Bifidobacterium.s__Bifidobacterium_bifidum	7.79375e-06
ILEUSYN-PWY: L-isoleucine biosynthesis I (from threonine)|g__Blautia.s__Blautia_wexlerae	6.82114e-06
ILEUSYN-PWY: L-isoleucine biosynthesis I (from threonine)|g__Bacteroides.s__Bacteroides_xylanisolvens	6.32244e-06
ILEUSYN-PWY: L-isoleucine biosynthesis I (from threonine)|g__Eubacterium.s__Eubacterium_eligens	6.02778e-06
ILEUSYN-PWY: L-isoleucine biosynthesis I (from threonine)|g__Bifidobacterium.s__Bifidobacterium_pseudocatenulatum	5.70566e-06
ILEUSYN-PWY: L-isoleucine biosynthesis I (from threonine)|g__Bacteroides.s__Bacteroides_ovatus	4.99107e-06
ILEUSYN-PWY: L-isoleucine biosynthesis I (from threonine)|g__Clostridium.s__Clostridium_sp_AM22_11AC	3.85309e-06
ILEUSYN-PWY: L-isoleucine biosynthesis I (from threonine)|g__Bacteroides.s__Bacteroides_caccae	3.44952e-06
ILEUSYN-PWY: L-isoleucine biosynthesis I (from threonine)|g__Coprococcus.s__Coprococcus_comes	3.10549e-06
ILEUSYN-PWY: L-isoleucine biosynthesis I (from threonine)|g__Gemmiger.s__Gemmiger_formicilis	2.58755e-06
ILEUSYN-PWY: L-isoleucine biosynthesis I (from threonine)|g__Eubacterium.s__Eubacterium_hallii	2.38799e-06
ILEUSYN-PWY: L-isoleucine biosynthesis I (from threonine)|g__Dorea.s__Dorea_formicigenerans	2.25653e-06
ILEUSYN-PWY: L-isoleucine biosynthesis I (from threonine)|g__Blautia.s__Blautia_obeum	1.95417e-06
ILEUSYN-PWY: L-isoleucine biosynthesis I (from threonine)|g__Parabacteroides.s__Parabacteroides_merdae	1.93619e-06
ILEUSYN-PWY: L-isoleucine biosynthesis I (from threonine)|g__Bacteroides.s__Bacteroides_thetaiotaomicron	1.80851e-06
ILEUSYN-PWY: L-isoleucine biosynthesis I (from threonine)|g__Flavonifractor.s__Flavonifractor_plautii	1.79845e-06
ILEUSYN-PWY: L-isoleucine biosynthesis I (from threonine)|g__Blautia.s__Ruminococcus_gnavus	1.62733e-06
ILEUSYN-PWY: L-isoleucine biosynthesis I (from threonine)|g__Bilophila.s__Bilophila_wadsworthia	1.56976e-06
ILEUSYN-PWY: L-isoleucine biosynthesis I (from threonine)|g__Firmicutes_unclassified.s__Firmicutes_bacterium_CAG_41	1.48462e-06
BRANCHED-CHAIN-AA-SYN-PWY: superpathway of branched chain amino acid biosynthesis	0.000565251
BRANCHED-CHAIN-AA-SYN-PWY: superpathway of branched chain amino acid biosynthesis|g__Lachnospiraceae_unclassified.s__Eubacterium_rectale	6.99687e-05
BRANCHED-CHAIN-AA-SYN-PWY: superpathway of branched chain amino acid biosynthesis|g__Blautia.s__Ruminococcus_torques	5.353e-05
BRANCHED-CHAIN-AA-SYN-PWY: superpathway of branched chain amino acid biosynthesis|g__Bacteroides.s__Bacteroides_uniformis	2.65568e-05
BRANCHED-CHAIN-AA-SYN-PWY: superpathway of branched chain amino acid biosynthesis|g__Bacteroides.s__Bacteroides_clarus	1.39153e-05
BRANCHED-CHAIN-AA-SYN-PWY: superpathway of branched chain amino acid biosynthesis|g__Roseburia.s__Roseburia_inulinivorans	1.35043e-05
BRANCHED-CHAIN-AA-SYN-PWY: superpathway of branched chain amino acid biosynthesis|g__Blautia.s__Blautia_sp	1.32912e-05
BRANCHED-CHAIN-AA-SYN-PWY: superpathway of branched chain amino acid biosynthesis|g__Bifidobacterium.s__Bifidobacterium_catenulatum	1.20169e-05
BRANCHED-CHAIN-AA-SYN-PWY: superpathway of branched chain amino acid biosynthesis|g__Parabacteroides.s__Parabacteroides_distasonis	1.09457e-05
BRANCHED-CHAIN-AA-SYN-PWY: superpathway of branched chain amino acid biosynthesis|unclassified	9.60218e-06
BRANCHED-CHAIN-AA-SYN-PWY: superpathway of branched chain amino acid biosynthesis|g__Ruminococcus.s__Ruminococcus_sp_CAG_254	8.76041e-06
BRANCHED-CHAIN-AA-SYN-PWY: superpathway of branched chain amino acid biosynthesis|g__Anaerostipes.s__Anaerostipes_hadrus	8.52141e-06
BRANCHED-CHAIN-AA-SYN-PWY: superpathway of branched chain amino acid biosynthesis|g__Bifidobacterium.s__Bifidobacterium_longum	8.43723e-06
BRANCHED-CHAIN-AA-SYN-PWY: superpathway of branched chain amino acid biosynthesis|g__Bifidobacterium.s__Bifidobacterium_bifidum	8.00102e-06
BRANCHED-CHAIN-AA-SYN-PWY: superpathway of branched chain amino acid biosynthesis|g__Bacteroides.s__Bacteroides_xylanisolvens	7.27659e-06
BRANCHED-CHAIN-AA-SYN-PWY: superpathway of branched chain amino acid biosynthesis|g__Blautia.s__Blautia_wexlerae	7.22051e-06
BRANCHED-CHAIN-AA-SYN-PWY: superpathway of branched chain amino acid biosynthesis|g__Eubacterium.s__Eubacterium_eligens	6.30086e-06
BRANCHED-CHAIN-AA-SYN-PWY: superpathway of branched chain amino acid biosynthesis|g__Bifidobacterium.s__Bifidobacterium_pseudocatenulatum	5.57045e-06
BRANCHED-CHAIN-AA-SYN-PWY: superpathway of branched chain amino acid biosynthesis|g__Bacteroides.s__Bacteroides_ovatus	4.36483e-06
BRANCHED-CHAIN-AA-SYN-PWY: superpathway of branched chain amino acid biosynthesis|g__Bacteroides.s__Bacteroides_caccae	3.64269e-06
BRANCHED-CHAIN-AA-SYN-PWY: superpathway of branched chain amino acid biosynthesis|g__Coprococcus.s__Coprococcus_comes	3.25228e-06
BRANCHED-CHAIN-AA-SYN-PWY: superpathway of branched chain amino acid biosynthesis|g__Gemmiger.s__Gemmiger_formicilis	2.58765e-06
BRANCHED-CHAIN-AA-SYN-PWY: superpathway of branched chain amino acid biosynthesis|g__Eubacterium.s__Eubacterium_hallii	2.38371e-06
BRANCHED-CHAIN-AA-SYN-PWY: superpathway of branched chain amino acid biosynthesis|g__Dorea.s__Dorea_formicigenerans	2.09485e-06
BRANCHED-CHAIN-AA-SYN-PWY: superpathway of branched chain amino acid biosynthesis|g__Blautia.s__Blautia_obeum	2.03909e-06
BRANCHED-CHAIN-AA-SYN-PWY: superpathway of branched chain amino acid biosynthesis|g__Parabacteroides.s__Parabacteroides_merdae	1.9575e-06
BRANCHED-CHAIN-AA-SYN-PWY: superpathway of branched chain amino acid biosynthesis|g__Bilophila.s__Bilophila_wadsworthia	1.75995e-06
BRANCHED-CHAIN-AA-SYN-PWY: superpathway of branched chain amino acid biosynthesis|g__Blautia.s__Ruminococcus_gnavus	1.69888e-06
BRANCHED-CHAIN-AA-SYN-PWY: superpathway of branched chain amino acid biosynthesis|g__Bacteroides.s__Bacteroides_thetaiotaomicron	1.64373e-06
BRANCHED-CHAIN-AA-SYN-PWY: superpathway of branched chain amino acid biosynthesis|g__Flavonifractor.s__Flavonifractor_plautii	1.54651e-06
BRANCHED-CHAIN-AA-SYN-PWY: superpathway of branched chain amino acid biosynthesis|g__Firmicutes_unclassified.s__Firmicutes_bacterium_CAG_41	1.50456e-06
PWY-6609: adenine and adenosine salvage III	0.000563152
PWY-6609: adenine and adenosine salvage III|g__Blautia.s__Ruminococcus_torques	8.80028e-05
PWY-6609: adenine and adenosine salvage III|g__Lachnospiraceae_unclassified.s__Eubacterium_rectale	5.98245e-05
PWY-6609: adenine and adenosine salvage III|g__Bacteroides.s__Bacteroides_uniformis	3.0248e-05
PWY-6609: adenine and adenosine salvage III|unclassified	2.99432e-05
PWY-6609: adenine and adenosine salvage III|g__Fusicatenibacter.s__Fusicatenibacter_saccharivorans	2.55154e-05
PWY-6609: adenine and adenosine salvage III|g__Alistipes.s__Alistipes_finegoldii	1.76522e-05
PWY-6609: adenine and adenosine salvage III|g__Roseburia.s__Roseburia_inulinivorans	1.61338e-05
PWY-6609: adenine and adenosine salvage III|g__Faecalibacterium.s__Faecalibacterium_prausnitzii	1.49483e-05
PWY-6609: adenine and adenosine salvage III|g__Anaerotruncus.s__Anaerotruncus_sp_CAG_528	1.4543e-05
PWY-6609: adenine and adenosine salvage III|g__Bacteroides.s__Bacteroides_dorei	1.33049e-05
PWY-6609: adenine and adenosine salvage III|g__Bacteroides.s__Bacteroides_clarus	1.2905e-05
PWY-6609: adenine and adenosine salvage III|g__Blautia.s__Blautia_wexlerae	1.10621e-05
PWY-6609: adenine and adenosine salvage III|g__Blautia.s__Blautia_sp	9.19815e-06
PWY-6609: adenine and adenosine salvage III|g__Bacteroides.s__Bacteroides_vulgatus	9.10422e-06
PWY-6609: adenine and adenosine salvage III|g__Ruminococcus.s__Ruminococcus_sp_CAG_254	8.93263e-06
PWY-6609: adenine and adenosine salvage III|g__Alistipes.s__Alistipes_putredinis	8.81466e-06
PWY-6609: adenine and adenosine salvage III|g__Bacteroides.s__Bacteroides_xylanisolvens	8.46102e-06
PWY-6609: adenine and adenosine salvage III|g__Roseburia.s__Roseburia_faecis	8.33293e-06
PWY-6609: adenine and adenosine salvage III|g__Anaerostipes.s__Anaerostipes_hadrus	8.11109e-06
PWY-6609: adenine and adenosine salvage III|g__Parabacteroides.s__Parabacteroides_distasonis	7.52208e-06
PWY-6609: adenine and adenosine salvage III|g__Eubacterium.s__Eubacterium_sp_CAG_252	7.25025e-06
PWY-6609: adenine and adenosine salvage III|g__Eubacterium.s__Eubacterium_eligens	6.16257e-06
PWY-6609: adenine and adenosine salvage III|g__Dorea.s__Dorea_longicatena	4.93879e-06
PWY-6609: adenine and adenosine salvage III|g__Dialister.s__Dialister_invisus	4.30868e-06
PWY-6609: adenine and adenosine salvage III|g__Parabacteroides.s__Parabacteroides_merdae	3.76981e-06
PWY-6609: adenine and adenosine salvage III|g__Clostridium.s__Clostridium_sp_AM22_11AC	3.02768e-06
PWY-6609: adenine and adenosine salvage III|g__Eubacterium.s__Eubacterium_sp_CAG_38	2.70332e-06
PWY-6609: adenine and adenosine salvage III|g__Bacteroides.s__Bacteroides_ovatus	2.69893e-06
PWY-6609: adenine and adenosine salvage III|g__Subdoligranulum.s__Subdoligranulum_sp_APC924_74	2.46924e-06
PWY-6609: adenine and adenosine salvage III|g__Bacteroides.s__Bacteroides_caccae	2.41335e-06
PWY-6609: adenine and adenosine salvage III|g__Flavonifractor.s__Flavonifractor_plautii	2.2183e-06
PWY-6609: adenine and adenosine salvage III|g__Clostridium.s__Clostridium_sp_CAG_122	1.62673e-06
PWY-6609: adenine and adenosine salvage III|g__Bacteroides.s__Bacteroides_thetaiotaomicron	1.61886e-06
PWY-6609: adenine and adenosine salvage III|g__Blautia.s__Ruminococcus_gnavus	1.44256e-06
PWY-6609: adenine and adenosine salvage III|g__Gemmiger.s__Gemmiger_formicilis	1.34258e-06
PWY-6609: adenine and adenosine salvage III|g__Coprococcus.s__Coprococcus_comes	1.25028e-06
PWY-6609: adenine and adenosine salvage III|g__Dorea.s__Dorea_formicigenerans	1.20017e-06
PWY-6609: adenine and adenosine salvage III|g__Clostridium.s__Clostridium_sp_CAG_221	1.13994e-06
PWY-6609: adenine and adenosine salvage III|g__Eubacterium.s__Eubacterium_sp_CAG_192	9.99738e-07
PWY-6609: adenine and adenosine salvage III|g__Coprobacter.s__Coprobacter_secundus	8.21993e-07
PWY-6609: adenine and adenosine salvage III|g__Alistipes.s__Alistipes_onderdonkii	8.13628e-07
PWY-6609: adenine and adenosine salvage III|g__Blautia.s__Blautia_obeum	7.91707e-07
PWY-6609: adenine and adenosine salvage III|g__Blautia.s__Blautia_producta	6.44485e-07
PWY-6609: adenine and adenosine salvage III|g__Bilophila.s__Bilophila_wadsworthia	6.06284e-07
PWY-6609: adenine and adenosine salvage III|g__Bacteroides.s__Bacteroides_cellulosilyticus	6.02839e-07
PWY-6609: adenine and adenosine salvage III|g__Blautia.s__Blautia_sp_CAG_257	4.45013e-07
PWY-6609: adenine and adenosine salvage III|g__Eubacterium.s__Eubacterium_ramulus	4.38414e-07
PWY-6609: adenine and adenosine salvage III|g__Firmicutes_unclassified.s__Firmicutes_bacterium_CAG_102	3.8099e-07
PWY-6609: adenine and adenosine salvage III|g__Hungatella.s__Hungatella_hathewayi	3.21987e-07
PWY-6609: adenine and adenosine salvage III|g__Streptococcus.s__Streptococcus_thermophilus	2.79769e-07
TRNA-CHARGING-PWY: tRNA charging	0.00056126
TRNA-CHARGING-PWY: tRNA charging|g__Blautia.s__Ruminococcus_torques	6.88242e-05
TRNA-CHARGING-PWY: tRNA charging|g__Lachnospiraceae_unclassified.s__Eubacterium_rectale	6.1377e-05
TRNA-CHARGING-PWY: tRNA charging|g__Bacteroides.s__Bacteroides_uniformis	2.53197e-05
TRNA-CHARGING-PWY: tRNA charging|g__Faecalibacterium.s__Faecalibacterium_prausnitzii	2.40319e-05
TRNA-CHARGING-PWY: tRNA charging|g__Bacteroides.s__Bacteroides_dorei	1.51613e-05
TRNA-CHARGING-PWY: tRNA charging|unclassified	1.48515e-05
TRNA-CHARGING-PWY: tRNA charging|g__Fusicatenibacter.s__Fusicatenibacter_saccharivorans	1.46349e-05
TRNA-CHARGING-PWY: tRNA charging|g__Alistipes.s__Alistipes_finegoldii	1.1237e-05
TRNA-CHARGING-PWY: tRNA charging|g__Roseburia.s__Roseburia_inulinivorans	1.07682e-05
TRNA-CHARGING-PWY: tRNA charging|g__Alistipes.s__Alistipes_putredinis	1.02617e-05
TRNA-CHARGING-PWY: tRNA charging|g__Parabacteroides.s__Parabacteroides_distasonis	8.72315e-06
TRNA-CHARGING-PWY: tRNA charging|g__Bacteroides.s__Bacteroides_vulgatus	7.67075e-06
TRNA-CHARGING-PWY: tRNA charging|g__Anaerostipes.s__Anaerostipes_hadrus	6.88131e-06
TRNA-CHARGING-PWY: tRNA charging|g__Parabacteroides.s__Parabacteroides_merdae	4.96182e-06
TRNA-CHARGING-PWY: tRNA charging|g__Bacteroides.s__Bacteroides_caccae	3.09308e-06
TRNA-CHARGING-PWY: tRNA charging|g__Bacteroides.s__Bacteroides_ovatus	2.89663e-06
TRNA-CHARGING-PWY: tRNA charging|g__Subdoligranulum.s__Subdoligranulum_sp_APC924_74	2.48887e-06
TRNA-CHARGING-PWY: tRNA charging|g__Lawsonibacter.s__Lawsonibacter_asaccharolyticus	2.23767e-06
TRNA-CHARGING-PWY: tRNA charging|g__Gemmiger.s__Gemmiger_formicilis	2.22735e-06
TRNA-CHARGING-PWY: tRNA charging|g__Odoribacter.s__Odoribacter_splanchnicus	1.63897e-06
TRNA-CHARGING-PWY: tRNA charging|g__Bacteroides.s__Bacteroides_xylanisolvens	1.45664e-06
TRNA-CHARGING-PWY: tRNA charging|g__Bacteroides.s__Bacteroides_thetaiotaomicron	1.42878e-06
TRNA-CHARGING-PWY: tRNA charging|g__Alistipes.s__Alistipes_timonensis	7.13957e-07
TRNA-CHARGING-PWY: tRNA charging|g__Coprobacter.s__Coprobacter_secundus	6.94177e-07
TRNA-CHARGING-PWY: tRNA charging|g__Agathobaculum.s__Agathobaculum_butyriciproducens	6.24609e-07
CALVIN-PWY: Calvin-Benson-Bassham cycle	0.000551519
CALVIN-PWY: Calvin-Benson-Bassham cycle|g__Blautia.s__Ruminococcus_torques	8.83229e-05
CALVIN-PWY: Calvin-Benson-Bassham cycle|g__Lachnospiraceae_unclassified.s__Eubacterium_rectale	6.12202e-05
CALVIN-PWY: Calvin-Benson-Bassham cycle|unclassified	2.36657e-05
CALVIN-PWY: Calvin-Benson-Bassham cycle|g__Fusicatenibacter.s__Fusicatenibacter_saccharivorans	1.63777e-05
CALVIN-PWY: Calvin-Benson-Bassham cycle|g__Blautia.s__Blautia_wexlerae	1.44878e-05
CALVIN-PWY: Calvin-Benson-Bassham cycle|g__Roseburia.s__Roseburia_inulinivorans	1.14874e-05
CALVIN-PWY: Calvin-Benson-Bassham cycle|g__Blautia.s__Blautia_sp	1.09192e-05
CALVIN-PWY: Calvin-Benson-Bassham cycle|g__Anaerostipes.s__Anaerostipes_hadrus	8.62084e-06
CALVIN-PWY: Calvin-Benson-Bassham cycle|g__Roseburia.s__Roseburia_faecis	8.57267e-06
CALVIN-PWY: Calvin-Benson-Bassham cycle|g__Eubacterium.s__Eubacterium_hallii	6.69206e-06
CALVIN-PWY: Calvin-Benson-Bassham cycle|g__Eubacterium.s__Eubacterium_eligens	4.37834e-06
CALVIN-PWY: Calvin-Benson-Bassham cycle|g__Clostridium.s__Clostridium_sp_AM22_11AC	2.51301e-06
CALVIN-PWY: Calvin-Benson-Bassham cycle|g__Flavonifractor.s__Flavonifractor_plautii	1.925e-06
PWY-3841: folate transformations II (plants)	0.00052805
PWY-3841: folate transformations II (plants)|g__Blautia.s__Ruminococcus_torques	6.81291e-05
PWY-3841: folate transformations II (plants)|g__Lachnospiraceae_unclassified.s__Eubacterium_rectale	6.60911e-05
PWY-3841: folate transformations II (plants)|g__Bacteroides.s__Bacteroides_uniformis	3.08467e-05
PWY-3841: folate transformations II (plants)|unclassified	1.9239e-05
PWY-3841: folate transformations II (plants)|g__Bacteroides.s__Bacteroides_clarus	1.7516e-05
PWY-3841: folate transformations II (plants)|g__Anaerotruncus.s__Anaerotruncus_sp_CAG_528	1.73003e-05
PWY-3841: folate transformations II (plants)|g__Alistipes.s__Alistipes_finegoldii	1.59834e-05
PWY-3841: folate transformations II (plants)|g__Bacteroides.s__Bacteroides_dorei	1.4728e-05
PWY-3841: folate transformations II (plants)|g__Sutterella.s__Sutterella_wadsworthensis	1.39509e-05
PWY-3841: folate transformations II (plants)|g__Blautia.s__Blautia_wexlerae	1.00402e-05
PWY-3841: folate transformations II (plants)|g__Bifidobacterium.s__Bifidobacterium_catenulatum	9.56137e-06
PWY-3841: folate transformations II (plants)|g__Alistipes.s__Alistipes_putredinis	9.46332e-06
PWY-3841: folate transformations II (plants)|g__Parabacteroides.s__Parabacteroides_distasonis	9.07982e-06
PWY-3841: folate transformations II (plants)|g__Roseburia.s__Roseburia_inulinivorans	8.68344e-06
PWY-3841: folate transformations II (plants)|g__Bacteroides.s__Bacteroides_vulgatus	8.4575e-06
PWY-3841: folate transformations II (plants)|g__Roseburia.s__Roseburia_faecis	7.90233e-06
PWY-3841: folate transformations II (plants)|g__Anaerostipes.s__Anaerostipes_hadrus	7.39448e-06
PWY-3841: folate transformations II (plants)|g__Bifidobacterium.s__Bifidobacterium_longum	7.23854e-06
PWY-3841: folate transformations II (plants)|g__Bacteroides.s__Bacteroides_xylanisolvens	7.20044e-06
PWY-3841: folate transformations II (plants)|g__Dialister.s__Dialister_invisus	6.55017e-06
PWY-3841: folate transformations II (plants)|g__Parabacteroides.s__Parabacteroides_merdae	4.87286e-06
PWY-3841: folate transformations II (plants)|g__Bifidobacterium.s__Bifidobacterium_pseudocatenulatum	4.11112e-06
PWY-3841: folate transformations II (plants)|g__Bacteroides.s__Bacteroides_caccae	3.27012e-06
PWY-3841: folate transformations II (plants)|g__Bacteroides.s__Bacteroides_ovatus	2.78429e-06
PWY-3841: folate transformations II (plants)|g__Eubacterium.s__Eubacterium_hallii	2.65406e-06
PWY-3841: folate transformations II (plants)|g__Clostridium.s__Clostridium_sp_AM22_11AC	2.35629e-06
PWY-3841: folate transformations II (plants)|g__Coprococcus.s__Coprococcus_comes	2.32222e-06
PWY-3841: folate transformations II (plants)|g__Bacteroides.s__Bacteroides_cellulosilyticus	2.23863e-06
PWY-3841: folate transformations II (plants)|g__Odoribacter.s__Odoribacter_splanchnicus	2.22878e-06
PWY-3841: folate transformations II (plants)|g__Bacteroides.s__Bacteroides_thetaiotaomicron	1.8415e-06
PWY-3841: folate transformations II (plants)|g__Blautia.s__Ruminococcus_gnavus	1.78165e-06
PWY-3841: folate transformations II (plants)|g__Flavonifractor.s__Flavonifractor_plautii	1.72286e-06
PWY-3841: folate transformations II (plants)|g__Dorea.s__Dorea_formicigenerans	1.60713e-06
PWY-3841: folate transformations II (plants)|g__Lawsonibacter.s__Lawsonibacter_asaccharolyticus	1.28812e-06
PWY-3841: folate transformations II (plants)|g__Eubacterium.s__Eubacterium_sp_CAG_192	7.60786e-07
PWY-3841: folate transformations II (plants)|g__Eubacterium.s__Eubacterium_ramulus	7.41979e-07
PWY-3841: folate transformations II (plants)|g__Alistipes.s__Alistipes_onderdonkii	7.35352e-07
PWY-3841: folate transformations II (plants)|g__Coprobacter.s__Coprobacter_secundus	7.19717e-07
PWY-3841: folate transformations II (plants)|g__Blautia.s__Blautia_producta	4.88997e-07
PWY-3841: folate transformations II (plants)|g__Butyricimonas.s__Butyricimonas_synergistica	4.88574e-07
PWY-3841: folate transformations II (plants)|g__Blautia.s__Blautia_obeum	2.71234e-07
PWY66-429: fatty acid biosynthesis initiation (mitochondria)	0.000518573
PWY66-429: fatty acid biosynthesis initiation (mitochondria)|g__Proteobacteria_unclassified.s__Proteobacteria_bacterium_CAG_495	3.9644e-05
PWY66-429: fatty acid biosynthesis initiation (mitochondria)|g__Blautia.s__Ruminococcus_torques	3.77793e-05
PWY66-429: fatty acid biosynthesis initiation (mitochondria)|g__Bacteroides.s__Bacteroides_dorei	2.57499e-05
PWY66-429: fatty acid biosynthesis initiation (mitochondria)|g__Bacteroides.s__Bacteroides_uniformis	2.41248e-05
PWY66-429: fatty acid biosynthesis initiation (mitochondria)|unclassified	2.29983e-05
PWY66-429: fatty acid biosynthesis initiation (mitochondria)|g__Fusicatenibacter.s__Fusicatenibacter_saccharivorans	2.01268e-05
PWY66-429: fatty acid biosynthesis initiation (mitochondria)|g__Blautia.s__Blautia_sp	1.48087e-05
PWY66-429: fatty acid biosynthesis initiation (mitochondria)|g__Bacteroides.s__Bacteroides_vulgatus	1.36469e-05
PWY66-429: fatty acid biosynthesis initiation (mitochondria)|g__Bacteroides.s__Bacteroides_clarus	1.33121e-05
PWY66-429: fatty acid biosynthesis initiation (mitochondria)|g__Sutterella.s__Sutterella_wadsworthensis	1.07586e-05
PWY66-429: fatty acid biosynthesis initiation (mitochondria)|g__Ruminococcus.s__Ruminococcus_sp_CAG_254	1.05944e-05
PWY66-429: fatty acid biosynthesis initiation (mitochondria)|g__Blautia.s__Blautia_obeum	9.30113e-06
PWY66-429: fatty acid biosynthesis initiation (mitochondria)|g__Anaerostipes.s__Anaerostipes_hadrus	9.0449e-06
PWY66-429: fatty acid biosynthesis initiation (mitochondria)|g__Parabacteroides.s__Parabacteroides_distasonis	7.7476e-06
PWY66-429: fatty acid biosynthesis initiation (mitochondria)|g__Eubacterium.s__Eubacterium_eligens	7.4378e-06
PWY66-429: fatty acid biosynthesis initiation (mitochondria)|g__Bacteroides.s__Bacteroides_xylanisolvens	7.31133e-06
PWY66-429: fatty acid biosynthesis initiation (mitochondria)|g__Eubacterium.s__Eubacterium_sp_CAG_252	4.7331e-06
PWY66-429: fatty acid biosynthesis initiation (mitochondria)|g__Clostridium.s__Clostridium_sp_AM22_11AC	4.72774e-06
PWY66-429: fatty acid biosynthesis initiation (mitochondria)|g__Dorea.s__Dorea_longicatena	4.56396e-06
PWY66-429: fatty acid biosynthesis initiation (mitochondria)|g__Parabacteroides.s__Parabacteroides_merdae	4.47798e-06
PWY66-429: fatty acid biosynthesis initiation (mitochondria)|g__Acetobacter.s__Acetobacter_sp_CAG_267	3.53768e-06
PWY66-429: fatty acid biosynthesis initiation (mitochondria)|g__Bacteroides.s__Bacteroides_caccae	3.45792e-06
PWY66-429: fatty acid biosynthesis initiation (mitochondria)|g__Bacteroides.s__Bacteroides_ovatus	2.89931e-06
PWY66-429: fatty acid biosynthesis initiation (mitochondria)|g__Clostridium.s__Clostridium_sp_CAG_122	2.55836e-06
PWY66-429: fatty acid biosynthesis initiation (mitochondria)|g__Blautia.s__Blautia_wexlerae	2.54241e-06
PWY66-429: fatty acid biosynthesis initiation (mitochondria)|g__Eubacterium.s__Eubacterium_sp_CAG_38	2.35546e-06
PWY66-429: fatty acid biosynthesis initiation (mitochondria)|g__Dorea.s__Dorea_formicigenerans	2.31184e-06
PWY66-429: fatty acid biosynthesis initiation (mitochondria)|g__Blautia.s__Ruminococcus_gnavus	2.21275e-06
PWY66-429: fatty acid biosynthesis initiation (mitochondria)|g__Coprococcus.s__Coprococcus_comes	2.21018e-06
PWY66-429: fatty acid biosynthesis initiation (mitochondria)|g__Flavonifractor.s__Flavonifractor_plautii	1.86493e-06
PWY66-429: fatty acid biosynthesis initiation (mitochondria)|g__Bacteroides.s__Bacteroides_thetaiotaomicron	1.27303e-06
PWY66-429: fatty acid biosynthesis initiation (mitochondria)|g__Lawsonibacter.s__Lawsonibacter_asaccharolyticus	1.00227e-06
PWY66-429: fatty acid biosynthesis initiation (mitochondria)|g__Senegalimassilia.s__Senegalimassilia_anaerobia	9.83423e-07
PWY66-429: fatty acid biosynthesis initiation (mitochondria)|g__Bacteroides.s__Bacteroides_intestinalis	6.12647e-07
PWY66-429: fatty acid biosynthesis initiation (mitochondria)|g__Bacteroides.s__Bacteroides_cellulosilyticus	4.71059e-07
PWY66-429: fatty acid biosynthesis initiation (mitochondria)|g__Lachnoclostridium.s__Clostridium_symbiosum	3.6145e-07
PWY66-429: fatty acid biosynthesis initiation (mitochondria)|g__Blautia.s__Blautia_producta	3.26619e-07
PWY66-429: fatty acid biosynthesis initiation (mitochondria)|g__Lachnospira.s__Lachnospira_pectinoschiza	1.22379e-07
ARGSYNBSUB-PWY: L-arginine biosynthesis II (acetyl cycle)	0.000516461
ARGSYNBSUB-PWY: L-arginine biosynthesis II (acetyl cycle)|g__Blautia.s__Ruminococcus_torques	9.63188e-05
ARGSYNBSUB-PWY: L-arginine biosynthesis II (acetyl cycle)|g__Lachnospiraceae_unclassified.s__Eubacterium_rectale	5.59284e-05
ARGSYNBSUB-PWY: L-arginine biosynthesis II (acetyl cycle)|g__Ruminococcus.s__Ruminococcus_bromii	4.01808e-05
ARGSYNBSUB-PWY: L-arginine biosynthesis II (acetyl cycle)|g__Faecalibacterium.s__Faecalibacterium_prausnitzii	3.81005e-05
ARGSYNBSUB-PWY: L-arginine biosynthesis II (acetyl cycle)|unclassified	3.25616e-05
ARGSYNBSUB-PWY: L-arginine biosynthesis II (acetyl cycle)|g__Fusicatenibacter.s__Fusicatenibacter_saccharivorans	1.76479e-05
ARGSYNBSUB-PWY: L-arginine biosynthesis II (acetyl cycle)|g__Anaerotruncus.s__Anaerotruncus_sp_CAG_528	1.73787e-05
ARGSYNBSUB-PWY: L-arginine biosynthesis II (acetyl cycle)|g__Blautia.s__Blautia_sp	1.28413e-05
ARGSYNBSUB-PWY: L-arginine biosynthesis II (acetyl cycle)|g__Sutterella.s__Sutterella_wadsworthensis	1.25799e-05
ARGSYNBSUB-PWY: L-arginine biosynthesis II (acetyl cycle)|g__Blautia.s__Blautia_wexlerae	1.23072e-05
ARGSYNBSUB-PWY: L-arginine biosynthesis II (acetyl cycle)|g__Roseburia.s__Roseburia_inulinivorans	1.02715e-05
ARGSYNBSUB-PWY: L-arginine biosynthesis II (acetyl cycle)|g__Ruminococcus.s__Ruminococcus_sp_CAG_254	9.80138e-06
ARGSYNBSUB-PWY: L-arginine biosynthesis II (acetyl cycle)|g__Bifidobacterium.s__Bifidobacterium_catenulatum	9.7013e-06
ARGSYNBSUB-PWY: L-arginine biosynthesis II (acetyl cycle)|g__Roseburia.s__Roseburia_faecis	8.99947e-06
ARGSYNBSUB-PWY: L-arginine biosynthesis II (acetyl cycle)|g__Anaerostipes.s__Anaerostipes_hadrus	6.75295e-06
ARGSYNBSUB-PWY: L-arginine biosynthesis II (acetyl cycle)|g__Bifidobacterium.s__Bifidobacterium_bifidum	6.2367e-06
ARGSYNBSUB-PWY: L-arginine biosynthesis II (acetyl cycle)|g__Bifidobacterium.s__Bifidobacterium_longum	5.78919e-06
ARGSYNBSUB-PWY: L-arginine biosynthesis II (acetyl cycle)|g__Eubacterium.s__Eubacterium_sp_CAG_252	5.73794e-06
ARGSYNBSUB-PWY: L-arginine biosynthesis II (acetyl cycle)|g__Eubacterium.s__Eubacterium_eligens	5.61413e-06
ARGSYNBSUB-PWY: L-arginine biosynthesis II (acetyl cycle)|g__Dorea.s__Dorea_longicatena	4.89104e-06
ARGSYNBSUB-PWY: L-arginine biosynthesis II (acetyl cycle)|g__Bifidobacterium.s__Bifidobacterium_pseudocatenulatum	3.7169e-06
ARGSYNBSUB-PWY: L-arginine biosynthesis II (acetyl cycle)|g__Clostridium.s__Clostridium_sp_AM22_11AC	3.65728e-06
ARGSYNBSUB-PWY: L-arginine biosynthesis II (acetyl cycle)|g__Gemmiger.s__Gemmiger_formicilis	3.10825e-06
ARGSYNBSUB-PWY: L-arginine biosynthesis II (acetyl cycle)|g__Coprococcus.s__Coprococcus_comes	2.85034e-06
ARGSYNBSUB-PWY: L-arginine biosynthesis II (acetyl cycle)|g__Eubacterium.s__Eubacterium_sp_CAG_38	2.74512e-06
ARGSYNBSUB-PWY: L-arginine biosynthesis II (acetyl cycle)|g__Clostridium.s__Clostridium_sp_CAG_122	2.71283e-06
ARGSYNBSUB-PWY: L-arginine biosynthesis II (acetyl cycle)|g__Subdoligranulum.s__Subdoligranulum_sp_APC924_74	2.53808e-06
ARGSYNBSUB-PWY: L-arginine biosynthesis II (acetyl cycle)|g__Dorea.s__Dorea_formicigenerans	1.96494e-06
ARGSYNBSUB-PWY: L-arginine biosynthesis II (acetyl cycle)|g__Flavonifractor.s__Flavonifractor_plautii	1.70061e-06
ARGSYNBSUB-PWY: L-arginine biosynthesis II (acetyl cycle)|g__Eubacterium.s__Eubacterium_hallii	1.49648e-06
ARGSYNBSUB-PWY: L-arginine biosynthesis II (acetyl cycle)|g__Bilophila.s__Bilophila_wadsworthia	1.48694e-06
ARGSYNBSUB-PWY: L-arginine biosynthesis II (acetyl cycle)|g__Blautia.s__Ruminococcus_gnavus	1.17202e-06
ARGSYNBSUB-PWY: L-arginine biosynthesis II (acetyl cycle)|g__Senegalimassilia.s__Senegalimassilia_anaerobia	1.12032e-06
ARGSYNBSUB-PWY: L-arginine biosynthesis II (acetyl cycle)|g__Blautia.s__Blautia_producta	5.60308e-07
ARGSYNBSUB-PWY: L-arginine biosynthesis II (acetyl cycle)|g__Blautia.s__Blautia_obeum	2.0458e-07
PWY-6151: S-adenosyl-L-methionine salvage I	0.000515969
PWY-6151: S-adenosyl-L-methionine salvage I|g__Blautia.s__Ruminococcus_torques	6.39132e-05
PWY-6151: S-adenosyl-L-methionine salvage I|g__Lachnospiraceae_unclassified.s__Eubacterium_rectale	6.16512e-05
PWY-6151: S-adenosyl-L-methionine salvage I|g__Bacteroides.s__Bacteroides_uniformis	3.80494e-05
PWY-6151: S-adenosyl-L-methionine salvage I|g__Ruminococcus.s__Ruminococcus_bromii	3.15039e-05
PWY-6151: S-adenosyl-L-methionine salvage I|unclassified	2.46594e-05
PWY-6151: S-adenosyl-L-methionine salvage I|g__Bacteroides.s__Bacteroides_dorei	2.07436e-05
PWY-6151: S-adenosyl-L-methionine salvage I|g__Faecalibacterium.s__Faecalibacterium_prausnitzii	1.90782e-05
PWY-6151: S-adenosyl-L-methionine salvage I|g__Anaerotruncus.s__Anaerotruncus_sp_CAG_528	1.61444e-05
PWY-6151: S-adenosyl-L-methionine salvage I|g__Bacteroides.s__Bacteroides_clarus	1.48356e-05
PWY-6151: S-adenosyl-L-methionine salvage I|g__Anaerostipes.s__Anaerostipes_hadrus	1.15765e-05
PWY-6151: S-adenosyl-L-methionine salvage I|g__Bifidobacterium.s__Bifidobacterium_catenulatum	1.0988e-05
PWY-6151: S-adenosyl-L-methionine salvage I|g__Roseburia.s__Roseburia_inulinivorans	1.09809e-05
PWY-6151: S-adenosyl-L-methionine salvage I|g__Fusicatenibacter.s__Fusicatenibacter_saccharivorans	1.08463e-05
PWY-6151: S-adenosyl-L-methionine salvage I|g__Bacteroides.s__Bacteroides_vulgatus	9.32752e-06
PWY-6151: S-adenosyl-L-methionine salvage I|g__Roseburia.s__Roseburia_faecis	9.09863e-06
PWY-6151: S-adenosyl-L-methionine salvage I|g__Blautia.s__Blautia_wexlerae	8.5045e-06
PWY-6151: S-adenosyl-L-methionine salvage I|g__Eubacterium.s__Eubacterium_sp_CAG_252	8.45629e-06
PWY-6151: S-adenosyl-L-methionine salvage I|g__Bifidobacterium.s__Bifidobacterium_longum	7.43328e-06
PWY-6151: S-adenosyl-L-methionine salvage I|g__Bifidobacterium.s__Bifidobacterium_bifidum	6.33755e-06
PWY-6151: S-adenosyl-L-methionine salvage I|g__Bifidobacterium.s__Bifidobacterium_pseudocatenulatum	5.64217e-06
PWY-6151: S-adenosyl-L-methionine salvage I|g__Ruminococcus.s__Ruminococcus_sp_CAG_254	5.50556e-06
PWY-6151: S-adenosyl-L-methionine salvage I|g__Dorea.s__Dorea_longicatena	5.37251e-06
PWY-6151: S-adenosyl-L-methionine salvage I|g__Eubacterium.s__Eubacterium_eligens	5.36007e-06
PWY-6151: S-adenosyl-L-methionine salvage I|g__Clostridium.s__Clostridium_sp_AM22_11AC	4.25838e-06
PWY-6151: S-adenosyl-L-methionine salvage I|g__Coprococcus.s__Coprococcus_comes	3.05416e-06
PWY-6151: S-adenosyl-L-methionine salvage I|g__Clostridium.s__Clostridium_sp_CAG_122	2.9829e-06
PWY-6151: S-adenosyl-L-methionine salvage I|g__Eubacterium.s__Eubacterium_hallii	2.67571e-06
PWY-6151: S-adenosyl-L-methionine salvage I|g__Eubacterium.s__Eubacterium_sp_CAG_38	2.1619e-06
PWY-6151: S-adenosyl-L-methionine salvage I|g__Dorea.s__Dorea_formicigenerans	2.07401e-06
PWY-6151: S-adenosyl-L-methionine salvage I|g__Gemmiger.s__Gemmiger_formicilis	2.05113e-06
PWY-6151: S-adenosyl-L-methionine salvage I|g__Blautia.s__Ruminococcus_gnavus	1.52624e-06
PWY-6151: S-adenosyl-L-methionine salvage I|g__Senegalimassilia.s__Senegalimassilia_anaerobia	1.08177e-06
PWY-6151: S-adenosyl-L-methionine salvage I|g__Odoribacter.s__Odoribacter_splanchnicus	9.22994e-07
PWY-6151: S-adenosyl-L-methionine salvage I|g__Firmicutes_unclassified.s__Firmicutes_bacterium_CAG_41	8.74685e-07
PWY-6151: S-adenosyl-L-methionine salvage I|g__Blautia.s__Blautia_producta	7.43712e-07
PWY-6151: S-adenosyl-L-methionine salvage I|g__Firmicutes_unclassified.s__Firmicutes_bacterium_CAG_102	5.73776e-07
PWY-6151: S-adenosyl-L-methionine salvage I|g__Lachnoclostridium.s__Clostridium_symbiosum	5.2394e-07
PWY-6629: superpathway of L-tryptophan biosynthesis	0.000514404
PWY-6629: superpathway of L-tryptophan biosynthesis|g__Blautia.s__Ruminococcus_torques	7.9255e-05
PWY-6629: superpathway of L-tryptophan biosynthesis|g__Lachnospiraceae_unclassified.s__Eubacterium_rectale	4.80535e-05
PWY-6629: superpathway of L-tryptophan biosynthesis|g__Anaerotruncus.s__Anaerotruncus_sp_CAG_528	2.09657e-05
PWY-6629: superpathway of L-tryptophan biosynthesis|g__Fusicatenibacter.s__Fusicatenibacter_saccharivorans	1.8599e-05
PWY-6629: superpathway of L-tryptophan biosynthesis|g__Blautia.s__Blautia_sp	1.26836e-05
PWY-6629: superpathway of L-tryptophan biosynthesis|unclassified	1.26316e-05
PWY-6629: superpathway of L-tryptophan biosynthesis|g__Anaerostipes.s__Anaerostipes_hadrus	9.22254e-06
PWY-6629: superpathway of L-tryptophan biosynthesis|g__Blautia.s__Blautia_obeum	8.89282e-06
PWY-6629: superpathway of L-tryptophan biosynthesis|g__Ruminococcus.s__Ruminococcus_sp_CAG_254	7.04e-06
PWY-6629: superpathway of L-tryptophan biosynthesis|g__Roseburia.s__Roseburia_faecis	6.916e-06
PWY-6629: superpathway of L-tryptophan biosynthesis|g__Eubacterium.s__Eubacterium_sp_CAG_252	6.32406e-06
PWY-6629: superpathway of L-tryptophan biosynthesis|g__Eubacterium.s__Eubacterium_eligens	5.19638e-06
PWY-6629: superpathway of L-tryptophan biosynthesis|g__Blautia.s__Blautia_wexlerae	4.34656e-06
PWY-6629: superpathway of L-tryptophan biosynthesis|g__Bifidobacterium.s__Bifidobacterium_pseudocatenulatum	4.04174e-06
PWY-6629: superpathway of L-tryptophan biosynthesis|g__Eubacterium.s__Eubacterium_sp_CAG_38	2.1356e-06
PWY-6629: superpathway of L-tryptophan biosynthesis|g__Clostridium.s__Clostridium_sp_AM22_11AC	2.01766e-06
PWY-6629: superpathway of L-tryptophan biosynthesis|g__Blautia.s__Ruminococcus_gnavus	1.97718e-06
PWY-6121: 5-aminoimidazole ribonucleotide biosynthesis I	0.000512895
PWY-6121: 5-aminoimidazole ribonucleotide biosynthesis I|g__Blautia.s__Ruminococcus_torques	8.94813e-05
PWY-6121: 5-aminoimidazole ribonucleotide biosynthesis I|g__Lachnospiraceae_unclassified.s__Eubacterium_rectale	5.7677e-05
PWY-6121: 5-aminoimidazole ribonucleotide biosynthesis I|g__Ruminococcus.s__Ruminococcus_bromii	2.98436e-05
PWY-6121: 5-aminoimidazole ribonucleotide biosynthesis I|g__Bacteroides.s__Bacteroides_uniformis	2.7948e-05
PWY-6121: 5-aminoimidazole ribonucleotide biosynthesis I|g__Faecalibacterium.s__Faecalibacterium_prausnitzii	2.63932e-05
PWY-6121: 5-aminoimidazole ribonucleotide biosynthesis I|unclassified	2.31408e-05
PWY-6121: 5-aminoimidazole ribonucleotide biosynthesis I|g__Alistipes.s__Alistipes_finegoldii	1.92312e-05
PWY-6121: 5-aminoimidazole ribonucleotide biosynthesis I|g__Bacteroides.s__Bacteroides_dorei	1.57976e-05
PWY-6121: 5-aminoimidazole ribonucleotide biosynthesis I|g__Fusicatenibacter.s__Fusicatenibacter_saccharivorans	1.52913e-05
PWY-6121: 5-aminoimidazole ribonucleotide biosynthesis I|g__Bacteroides.s__Bacteroides_clarus	1.41414e-05
PWY-6121: 5-aminoimidazole ribonucleotide biosynthesis I|g__Blautia.s__Blautia_sp	1.13947e-05
PWY-6121: 5-aminoimidazole ribonucleotide biosynthesis I|g__Alistipes.s__Alistipes_putredinis	1.128e-05
PWY-6121: 5-aminoimidazole ribonucleotide biosynthesis I|g__Roseburia.s__Roseburia_inulinivorans	1.12116e-05
PWY-6121: 5-aminoimidazole ribonucleotide biosynthesis I|g__Sutterella.s__Sutterella_wadsworthensis	1.07802e-05
PWY-6121: 5-aminoimidazole ribonucleotide biosynthesis I|g__Blautia.s__Blautia_obeum	9.87459e-06
PWY-6121: 5-aminoimidazole ribonucleotide biosynthesis I|g__Roseburia.s__Roseburia_faecis	9.51393e-06
PWY-6121: 5-aminoimidazole ribonucleotide biosynthesis I|g__Parabacteroides.s__Parabacteroides_distasonis	9.41343e-06
PWY-6121: 5-aminoimidazole ribonucleotide biosynthesis I|g__Bifidobacterium.s__Bifidobacterium_catenulatum	8.7974e-06
PWY-6121: 5-aminoimidazole ribonucleotide biosynthesis I|g__Anaerostipes.s__Anaerostipes_hadrus	7.4327e-06
PWY-6121: 5-aminoimidazole ribonucleotide biosynthesis I|g__Blautia.s__Blautia_wexlerae	6.60915e-06
PWY-6121: 5-aminoimidazole ribonucleotide biosynthesis I|g__Eubacterium.s__Eubacterium_sp_CAG_252	6.51896e-06
PWY-6121: 5-aminoimidazole ribonucleotide biosynthesis I|g__Dialister.s__Dialister_invisus	6.43408e-06
PWY-6121: 5-aminoimidazole ribonucleotide biosynthesis I|g__Eubacterium.s__Eubacterium_eligens	6.16639e-06
PWY-6121: 5-aminoimidazole ribonucleotide biosynthesis I|g__Bacteroides.s__Bacteroides_xylanisolvens	5.93531e-06
PWY-6121: 5-aminoimidazole ribonucleotide biosynthesis I|g__Bifidobacterium.s__Bifidobacterium_bifidum	5.33962e-06
PWY-6121: 5-aminoimidazole ribonucleotide biosynthesis I|g__Bacteroides.s__Bacteroides_vulgatus	4.63941e-06
PWY-6121: 5-aminoimidazole ribonucleotide biosynthesis I|g__Bifidobacterium.s__Bifidobacterium_pseudocatenulatum	4.40113e-06
PWY-6121: 5-aminoimidazole ribonucleotide biosynthesis I|g__Parabacteroides.s__Parabacteroides_merdae	4.31136e-06
PWY-6121: 5-aminoimidazole ribonucleotide biosynthesis I|g__Bacteroides.s__Bacteroides_caccae	3.06036e-06
PWY-6121: 5-aminoimidazole ribonucleotide biosynthesis I|g__Clostridium.s__Clostridium_sp_AM22_11AC	2.95103e-06
PWY-6121: 5-aminoimidazole ribonucleotide biosynthesis I|g__Dorea.s__Dorea_longicatena	2.82075e-06
PWY-6121: 5-aminoimidazole ribonucleotide biosynthesis I|g__Coprococcus.s__Coprococcus_comes	2.72665e-06
PWY-6121: 5-aminoimidazole ribonucleotide biosynthesis I|g__Eubacterium.s__Eubacterium_hallii	2.65791e-06
PWY-6121: 5-aminoimidazole ribonucleotide biosynthesis I|g__Eubacterium.s__Eubacterium_sp_CAG_38	2.09742e-06
PWY-6121: 5-aminoimidazole ribonucleotide biosynthesis I|g__Bifidobacterium.s__Bifidobacterium_longum	2.05668e-06
PWY-6121: 5-aminoimidazole ribonucleotide biosynthesis I|g__Subdoligranulum.s__Subdoligranulum_sp_APC924_74	2.02059e-06
PWY-6121: 5-aminoimidazole ribonucleotide biosynthesis I|g__Odoribacter.s__Odoribacter_splanchnicus	2.01832e-06
PWY-6121: 5-aminoimidazole ribonucleotide biosynthesis I|g__Clostridium.s__Clostridium_sp_CAG_122	1.97585e-06
PWY-6121: 5-aminoimidazole ribonucleotide biosynthesis I|g__Bacteroides.s__Bacteroides_cellulosilyticus	1.93065e-06
PWY-6121: 5-aminoimidazole ribonucleotide biosynthesis I|g__Bacteroides.s__Bacteroides_ovatus	1.85918e-06
PWY-6121: 5-aminoimidazole ribonucleotide biosynthesis I|g__Firmicutes_unclassified.s__Firmicutes_bacterium_CAG_41	1.76648e-06
PWY-6121: 5-aminoimidazole ribonucleotide biosynthesis I|g__Gemmiger.s__Gemmiger_formicilis	1.63651e-06
PWY-6121: 5-aminoimidazole ribonucleotide biosynthesis I|g__Bilophila.s__Bilophila_wadsworthia	1.44498e-06
PWY-6121: 5-aminoimidazole ribonucleotide biosynthesis I|g__Blautia.s__Ruminococcus_gnavus	1.2794e-06
PWY-6121: 5-aminoimidazole ribonucleotide biosynthesis I|g__Dorea.s__Dorea_formicigenerans	1.01239e-06
PWY-6121: 5-aminoimidazole ribonucleotide biosynthesis I|g__Alistipes.s__Alistipes_onderdonkii	9.57736e-07
PWY-6121: 5-aminoimidazole ribonucleotide biosynthesis I|g__Flavonifractor.s__Flavonifractor_plautii	9.28397e-07
PWY-6121: 5-aminoimidazole ribonucleotide biosynthesis I|g__Eubacterium.s__Eubacterium_ramulus	8.81202e-07
PWY-6121: 5-aminoimidazole ribonucleotide biosynthesis I|g__Eubacterium.s__Eubacterium_sp_CAG_192	8.62004e-07
PWY-6121: 5-aminoimidazole ribonucleotide biosynthesis I|g__Alistipes.s__Alistipes_timonensis	8.38154e-07
PWY-6121: 5-aminoimidazole ribonucleotide biosynthesis I|g__Agathobaculum.s__Agathobaculum_butyriciproducens	8.23589e-07
PWY-6121: 5-aminoimidazole ribonucleotide biosynthesis I|g__Coprobacter.s__Coprobacter_secundus	7.222e-07
PWY-6121: 5-aminoimidazole ribonucleotide biosynthesis I|g__Senegalimassilia.s__Senegalimassilia_anaerobia	6.73521e-07
PWY-6121: 5-aminoimidazole ribonucleotide biosynthesis I|g__Blautia.s__Blautia_producta	5.95574e-07
PWY-5103: L-isoleucine biosynthesis III	0.000511798
PWY-5103: L-isoleucine biosynthesis III|g__Lachnospiraceae_unclassified.s__Eubacterium_rectale	6.447e-05
PWY-5103: L-isoleucine biosynthesis III|g__Blautia.s__Ruminococcus_torques	3.38213e-05
PWY-5103: L-isoleucine biosynthesis III|g__Bacteroides.s__Bacteroides_uniformis	2.52154e-05
PWY-5103: L-isoleucine biosynthesis III|g__Roseburia.s__Roseburia_inulinivorans	1.32048e-05
PWY-5103: L-isoleucine biosynthesis III|g__Bacteroides.s__Bacteroides_clarus	1.26773e-05
PWY-5103: L-isoleucine biosynthesis III|g__Blautia.s__Blautia_sp	1.20841e-05
PWY-5103: L-isoleucine biosynthesis III|g__Bifidobacterium.s__Bifidobacterium_catenulatum	1.06645e-05
PWY-5103: L-isoleucine biosynthesis III|g__Parabacteroides.s__Parabacteroides_distasonis	9.92779e-06
PWY-5103: L-isoleucine biosynthesis III|g__Bifidobacterium.s__Bifidobacterium_longum	8.20528e-06
PWY-5103: L-isoleucine biosynthesis III|g__Ruminococcus.s__Ruminococcus_sp_CAG_254	8.19038e-06
PWY-5103: L-isoleucine biosynthesis III|g__Anaerostipes.s__Anaerostipes_hadrus	7.76095e-06
PWY-5103: L-isoleucine biosynthesis III|g__Bifidobacterium.s__Bifidobacterium_bifidum	7.10385e-06
PWY-5103: L-isoleucine biosynthesis III|unclassified	7.00032e-06
PWY-5103: L-isoleucine biosynthesis III|g__Bacteroides.s__Bacteroides_xylanisolvens	6.0389e-06
PWY-5103: L-isoleucine biosynthesis III|g__Blautia.s__Blautia_wexlerae	5.74165e-06
PWY-5103: L-isoleucine biosynthesis III|g__Eubacterium.s__Eubacterium_eligens	5.48335e-06
PWY-5103: L-isoleucine biosynthesis III|g__Bifidobacterium.s__Bifidobacterium_pseudocatenulatum	5.34588e-06
PWY-5103: L-isoleucine biosynthesis III|g__Bacteroides.s__Bacteroides_ovatus	4.32541e-06
PWY-5103: L-isoleucine biosynthesis III|g__Bacteroides.s__Bacteroides_caccae	3.09101e-06
PWY-5103: L-isoleucine biosynthesis III|g__Coprococcus.s__Coprococcus_comes	2.79004e-06
PWY-5103: L-isoleucine biosynthesis III|g__Gemmiger.s__Gemmiger_formicilis	2.22801e-06
PWY-5103: L-isoleucine biosynthesis III|g__Dorea.s__Dorea_formicigenerans	2.11544e-06
PWY-5103: L-isoleucine biosynthesis III|g__Eubacterium.s__Eubacterium_hallii	2.04842e-06
PWY-5103: L-isoleucine biosynthesis III|g__Bacteroides.s__Bacteroides_thetaiotaomicron	1.71969e-06
PWY-5103: L-isoleucine biosynthesis III|g__Flavonifractor.s__Flavonifractor_plautii	1.65559e-06
PWY-5103: L-isoleucine biosynthesis III|g__Blautia.s__Ruminococcus_gnavus	1.49013e-06
PWY-5103: L-isoleucine biosynthesis III|g__Bilophila.s__Bilophila_wadsworthia	1.47793e-06
PWY-5103: L-isoleucine biosynthesis III|g__Parabacteroides.s__Parabacteroides_merdae	1.38955e-06
PWY-5103: L-isoleucine biosynthesis III|g__Firmicutes_unclassified.s__Firmicutes_bacterium_CAG_41	1.33476e-06
PWY-5103: L-isoleucine biosynthesis III|g__Blautia.s__Blautia_obeum	1.28516e-06
PWY-5667: CDP-diacylglycerol biosynthesis I	0.000510543
PWY-5667: CDP-diacylglycerol biosynthesis I|g__Lachnospiraceae_unclassified.s__Eubacterium_rectale	8.68711e-05
PWY-5667: CDP-diacylglycerol biosynthesis I|g__Blautia.s__Ruminococcus_torques	4.79748e-05
PWY-5667: CDP-diacylglycerol biosynthesis I|g__Bacteroides.s__Bacteroides_uniformis	2.96505e-05
PWY-5667: CDP-diacylglycerol biosynthesis I|g__Faecalibacterium.s__Faecalibacterium_prausnitzii	2.4092e-05
PWY-5667: CDP-diacylglycerol biosynthesis I|g__Fusicatenibacter.s__Fusicatenibacter_saccharivorans	1.84975e-05
PWY-5667: CDP-diacylglycerol biosynthesis I|unclassified	1.50466e-05
PWY-5667: CDP-diacylglycerol biosynthesis I|g__Bacteroides.s__Bacteroides_clarus	1.36083e-05
PWY-5667: CDP-diacylglycerol biosynthesis I|g__Bacteroides.s__Bacteroides_dorei	1.34328e-05
PWY-5667: CDP-diacylglycerol biosynthesis I|g__Roseburia.s__Roseburia_inulinivorans	1.17697e-05
PWY-5667: CDP-diacylglycerol biosynthesis I|g__Alistipes.s__Alistipes_finegoldii	1.11694e-05
PWY-5667: CDP-diacylglycerol biosynthesis I|g__Blautia.s__Blautia_sp	1.11438e-05
PWY-5667: CDP-diacylglycerol biosynthesis I|g__Blautia.s__Blautia_obeum	1.06407e-05
PWY-5667: CDP-diacylglycerol biosynthesis I|g__Parabacteroides.s__Parabacteroides_distasonis	9.9854e-06
PWY-5667: CDP-diacylglycerol biosynthesis I|g__Roseburia.s__Roseburia_faecis	7.92295e-06
PWY-5667: CDP-diacylglycerol biosynthesis I|g__Anaerostipes.s__Anaerostipes_hadrus	7.63568e-06
PWY-5667: CDP-diacylglycerol biosynthesis I|g__Bacteroides.s__Bacteroides_vulgatus	6.24299e-06
PWY-5667: CDP-diacylglycerol biosynthesis I|g__Eubacterium.s__Eubacterium_sp_CAG_252	6.06497e-06
PWY-5667: CDP-diacylglycerol biosynthesis I|g__Dialister.s__Dialister_invisus	5.55147e-06
PWY-5667: CDP-diacylglycerol biosynthesis I|g__Eubacterium.s__Eubacterium_eligens	5.30341e-06
PWY-5667: CDP-diacylglycerol biosynthesis I|g__Dorea.s__Dorea_longicatena	5.06757e-06
PWY-5667: CDP-diacylglycerol biosynthesis I|g__Parabacteroides.s__Parabacteroides_merdae	4.97703e-06
PWY-5667: CDP-diacylglycerol biosynthesis I|g__Bacteroides.s__Bacteroides_xylanisolvens	4.88391e-06
PWY-5667: CDP-diacylglycerol biosynthesis I|g__Blautia.s__Blautia_wexlerae	4.44729e-06
PWY-5667: CDP-diacylglycerol biosynthesis I|g__Eubacterium.s__Eubacterium_hallii	3.09851e-06
PWY-5667: CDP-diacylglycerol biosynthesis I|g__Bacteroides.s__Bacteroides_cellulosilyticus	2.6314e-06
PWY-5667: CDP-diacylglycerol biosynthesis I|g__Coprococcus.s__Coprococcus_comes	2.62659e-06
PWY-5667: CDP-diacylglycerol biosynthesis I|g__Clostridium.s__Clostridium_sp_CAG_122	2.57301e-06
PWY-5667: CDP-diacylglycerol biosynthesis I|g__Clostridium.s__Clostridium_sp_AM22_11AC	2.35846e-06
PWY-5667: CDP-diacylglycerol biosynthesis I|g__Subdoligranulum.s__Subdoligranulum_sp_APC924_74	2.00761e-06
PWY-5667: CDP-diacylglycerol biosynthesis I|g__Bacteroides.s__Bacteroides_caccae	1.91962e-06
PWY-5667: CDP-diacylglycerol biosynthesis I|g__Eubacterium.s__Eubacterium_sp_CAG_38	1.9007e-06
PWY-5667: CDP-diacylglycerol biosynthesis I|g__Blautia.s__Ruminococcus_gnavus	1.88185e-06
PWY-5667: CDP-diacylglycerol biosynthesis I|g__Bacteroides.s__Bacteroides_ovatus	1.74628e-06
PWY-5667: CDP-diacylglycerol biosynthesis I|g__Dorea.s__Dorea_formicigenerans	1.56304e-06
PWY-5667: CDP-diacylglycerol biosynthesis I|g__Firmicutes_unclassified.s__Firmicutes_bacterium_CAG_41	9.96925e-07
PWY-5667: CDP-diacylglycerol biosynthesis I|g__Blautia.s__Blautia_producta	8.23759e-07
PWY-5667: CDP-diacylglycerol biosynthesis I|g__Bacteroides.s__Bacteroides_thetaiotaomicron	7.44487e-07
PWY-5667: CDP-diacylglycerol biosynthesis I|g__Flavonifractor.s__Flavonifractor_plautii	5.84337e-07
PWY-5667: CDP-diacylglycerol biosynthesis I|g__Eubacterium.s__Eubacterium_sp_CAG_192	5.39897e-07
PWY0-1319: CDP-diacylglycerol biosynthesis II	0.000510543
PWY0-1319: CDP-diacylglycerol biosynthesis II|g__Lachnospiraceae_unclassified.s__Eubacterium_rectale	8.68711e-05
PWY0-1319: CDP-diacylglycerol biosynthesis II|g__Blautia.s__Ruminococcus_torques	4.79748e-05
PWY0-1319: CDP-diacylglycerol biosynthesis II|g__Bacteroides.s__Bacteroides_uniformis	2.96505e-05
PWY0-1319: CDP-diacylglycerol biosynthesis II|g__Faecalibacterium.s__Faecalibacterium_prausnitzii	2.4092e-05
PWY0-1319: CDP-diacylglycerol biosynthesis II|g__Fusicatenibacter.s__Fusicatenibacter_saccharivorans	1.84975e-05
PWY0-1319: CDP-diacylglycerol biosynthesis II|unclassified	1.50466e-05
PWY0-1319: CDP-diacylglycerol biosynthesis II|g__Bacteroides.s__Bacteroides_clarus	1.36083e-05
PWY0-1319: CDP-diacylglycerol biosynthesis II|g__Bacteroides.s__Bacteroides_dorei	1.34328e-05
PWY0-1319: CDP-diacylglycerol biosynthesis II|g__Roseburia.s__Roseburia_inulinivorans	1.17697e-05
PWY0-1319: CDP-diacylglycerol biosynthesis II|g__Alistipes.s__Alistipes_finegoldii	1.11694e-05
PWY0-1319: CDP-diacylglycerol biosynthesis II|g__Blautia.s__Blautia_sp	1.11438e-05
PWY0-1319: CDP-diacylglycerol biosynthesis II|g__Blautia.s__Blautia_obeum	1.06407e-05
PWY0-1319: CDP-diacylglycerol biosynthesis II|g__Parabacteroides.s__Parabacteroides_distasonis	9.9854e-06
PWY0-1319: CDP-diacylglycerol biosynthesis II|g__Roseburia.s__Roseburia_faecis	7.92295e-06
PWY0-1319: CDP-diacylglycerol biosynthesis II|g__Anaerostipes.s__Anaerostipes_hadrus	7.63568e-06
PWY0-1319: CDP-diacylglycerol biosynthesis II|g__Bacteroides.s__Bacteroides_vulgatus	6.24299e-06
PWY0-1319: CDP-diacylglycerol biosynthesis II|g__Eubacterium.s__Eubacterium_sp_CAG_252	6.06497e-06
PWY0-1319: CDP-diacylglycerol biosynthesis II|g__Dialister.s__Dialister_invisus	5.55147e-06
PWY0-1319: CDP-diacylglycerol biosynthesis II|g__Eubacterium.s__Eubacterium_eligens	5.30341e-06
PWY0-1319: CDP-diacylglycerol biosynthesis II|g__Dorea.s__Dorea_longicatena	5.06757e-06
PWY0-1319: CDP-diacylglycerol biosynthesis II|g__Parabacteroides.s__Parabacteroides_merdae	4.97703e-06
PWY0-1319: CDP-diacylglycerol biosynthesis II|g__Bacteroides.s__Bacteroides_xylanisolvens	4.88391e-06
PWY0-1319: CDP-diacylglycerol biosynthesis II|g__Blautia.s__Blautia_wexlerae	4.44729e-06
PWY0-1319: CDP-diacylglycerol biosynthesis II|g__Eubacterium.s__Eubacterium_hallii	3.09851e-06
PWY0-1319: CDP-diacylglycerol biosynthesis II|g__Bacteroides.s__Bacteroides_cellulosilyticus	2.6314e-06
PWY0-1319: CDP-diacylglycerol biosynthesis II|g__Coprococcus.s__Coprococcus_comes	2.62659e-06
PWY0-1319: CDP-diacylglycerol biosynthesis II|g__Clostridium.s__Clostridium_sp_CAG_122	2.57301e-06
PWY0-1319: CDP-diacylglycerol biosynthesis II|g__Clostridium.s__Clostridium_sp_AM22_11AC	2.35846e-06
PWY0-1319: CDP-diacylglycerol biosynthesis II|g__Subdoligranulum.s__Subdoligranulum_sp_APC924_74	2.00761e-06
PWY0-1319: CDP-diacylglycerol biosynthesis II|g__Bacteroides.s__Bacteroides_caccae	1.91962e-06
PWY0-1319: CDP-diacylglycerol biosynthesis II|g__Eubacterium.s__Eubacterium_sp_CAG_38	1.9007e-06
PWY0-1319: CDP-diacylglycerol biosynthesis II|g__Blautia.s__Ruminococcus_gnavus	1.88185e-06
PWY0-1319: CDP-diacylglycerol biosynthesis II|g__Bacteroides.s__Bacteroides_ovatus	1.74628e-06
PWY0-1319: CDP-diacylglycerol biosynthesis II|g__Dorea.s__Dorea_formicigenerans	1.56304e-06
PWY0-1319: CDP-diacylglycerol biosynthesis II|g__Firmicutes_unclassified.s__Firmicutes_bacterium_CAG_41	9.96925e-07
PWY0-1319: CDP-diacylglycerol biosynthesis II|g__Blautia.s__Blautia_producta	8.23759e-07
PWY0-1319: CDP-diacylglycerol biosynthesis II|g__Bacteroides.s__Bacteroides_thetaiotaomicron	7.44487e-07
PWY0-1319: CDP-diacylglycerol biosynthesis II|g__Flavonifractor.s__Flavonifractor_plautii	5.84337e-07
PWY0-1319: CDP-diacylglycerol biosynthesis II|g__Eubacterium.s__Eubacterium_sp_CAG_192	5.39897e-07
PWY-6122: 5-aminoimidazole ribonucleotide biosynthesis II	0.000507405
PWY-6122: 5-aminoimidazole ribonucleotide biosynthesis II|g__Blautia.s__Ruminococcus_torques	9.11308e-05
PWY-6122: 5-aminoimidazole ribonucleotide biosynthesis II|g__Lachnospiraceae_unclassified.s__Eubacterium_rectale	5.36072e-05
PWY-6122: 5-aminoimidazole ribonucleotide biosynthesis II|g__Ruminococcus.s__Ruminococcus_bromii	3.25969e-05
PWY-6122: 5-aminoimidazole ribonucleotide biosynthesis II|g__Faecalibacterium.s__Faecalibacterium_prausnitzii	2.84581e-05
PWY-6122: 5-aminoimidazole ribonucleotide biosynthesis II|g__Bacteroides.s__Bacteroides_uniformis	2.80318e-05
PWY-6122: 5-aminoimidazole ribonucleotide biosynthesis II|unclassified	2.12766e-05
PWY-6122: 5-aminoimidazole ribonucleotide biosynthesis II|g__Alistipes.s__Alistipes_finegoldii	1.91053e-05
PWY-6122: 5-aminoimidazole ribonucleotide biosynthesis II|g__Bacteroides.s__Bacteroides_dorei	1.52438e-05
PWY-6122: 5-aminoimidazole ribonucleotide biosynthesis II|g__Fusicatenibacter.s__Fusicatenibacter_saccharivorans	1.48787e-05
PWY-6122: 5-aminoimidazole ribonucleotide biosynthesis II|g__Bacteroides.s__Bacteroides_clarus	1.35714e-05
PWY-6122: 5-aminoimidazole ribonucleotide biosynthesis II|g__Sutterella.s__Sutterella_wadsworthensis	1.29111e-05
PWY-6122: 5-aminoimidazole ribonucleotide biosynthesis II|g__Blautia.s__Blautia_sp	1.24603e-05
PWY-6122: 5-aminoimidazole ribonucleotide biosynthesis II|g__Roseburia.s__Roseburia_inulinivorans	1.16459e-05
PWY-6122: 5-aminoimidazole ribonucleotide biosynthesis II|g__Alistipes.s__Alistipes_putredinis	1.0957e-05
PWY-6122: 5-aminoimidazole ribonucleotide biosynthesis II|g__Bifidobacterium.s__Bifidobacterium_catenulatum	9.84818e-06
PWY-6122: 5-aminoimidazole ribonucleotide biosynthesis II|g__Parabacteroides.s__Parabacteroides_distasonis	9.62034e-06
PWY-6122: 5-aminoimidazole ribonucleotide biosynthesis II|g__Blautia.s__Blautia_obeum	9.51228e-06
PWY-6122: 5-aminoimidazole ribonucleotide biosynthesis II|g__Roseburia.s__Roseburia_faecis	9.39063e-06
PWY-6122: 5-aminoimidazole ribonucleotide biosynthesis II|g__Anaerostipes.s__Anaerostipes_hadrus	7.84813e-06
PWY-6122: 5-aminoimidazole ribonucleotide biosynthesis II|g__Blautia.s__Blautia_wexlerae	7.01038e-06
PWY-6122: 5-aminoimidazole ribonucleotide biosynthesis II|g__Eubacterium.s__Eubacterium_sp_CAG_252	6.7624e-06
PWY-6122: 5-aminoimidazole ribonucleotide biosynthesis II|g__Dialister.s__Dialister_invisus	6.60287e-06
PWY-6122: 5-aminoimidazole ribonucleotide biosynthesis II|g__Eubacterium.s__Eubacterium_eligens	5.8786e-06
PWY-6122: 5-aminoimidazole ribonucleotide biosynthesis II|g__Bifidobacterium.s__Bifidobacterium_bifidum	5.79149e-06
PWY-6122: 5-aminoimidazole ribonucleotide biosynthesis II|g__Bacteroides.s__Bacteroides_xylanisolvens	5.60186e-06
PWY-6122: 5-aminoimidazole ribonucleotide biosynthesis II|g__Bifidobacterium.s__Bifidobacterium_longum	5.02136e-06
PWY-6122: 5-aminoimidazole ribonucleotide biosynthesis II|g__Bifidobacterium.s__Bifidobacterium_pseudocatenulatum	4.65742e-06
PWY-6122: 5-aminoimidazole ribonucleotide biosynthesis II|g__Bacteroides.s__Bacteroides_vulgatus	4.11337e-06
PWY-6122: 5-aminoimidazole ribonucleotide biosynthesis II|g__Parabacteroides.s__Parabacteroides_merdae	4.10909e-06
PWY-6122: 5-aminoimidazole ribonucleotide biosynthesis II|g__Dorea.s__Dorea_longicatena	3.57023e-06
PWY-6122: 5-aminoimidazole ribonucleotide biosynthesis II|g__Lawsonibacter.s__Lawsonibacter_asaccharolyticus	3.11285e-06
PWY-6122: 5-aminoimidazole ribonucleotide biosynthesis II|g__Clostridium.s__Clostridium_sp_AM22_11AC	3.0292e-06
PWY-6122: 5-aminoimidazole ribonucleotide biosynthesis II|g__Coprococcus.s__Coprococcus_comes	2.93206e-06
PWY-6122: 5-aminoimidazole ribonucleotide biosynthesis II|g__Bacteroides.s__Bacteroides_caccae	2.7576e-06
PWY-6122: 5-aminoimidazole ribonucleotide biosynthesis II|g__Eubacterium.s__Eubacterium_hallii	2.64676e-06
PWY-6122: 5-aminoimidazole ribonucleotide biosynthesis II|g__Clostridium.s__Clostridium_sp_CAG_122	2.09128e-06
PWY-6122: 5-aminoimidazole ribonucleotide biosynthesis II|g__Odoribacter.s__Odoribacter_splanchnicus	1.97503e-06
PWY-6122: 5-aminoimidazole ribonucleotide biosynthesis II|g__Gemmiger.s__Gemmiger_formicilis	1.93577e-06
PWY-6122: 5-aminoimidazole ribonucleotide biosynthesis II|g__Bacteroides.s__Bacteroides_cellulosilyticus	1.92861e-06
PWY-6122: 5-aminoimidazole ribonucleotide biosynthesis II|g__Alistipes.s__Alistipes_onderdonkii	1.92271e-06
PWY-6122: 5-aminoimidazole ribonucleotide biosynthesis II|g__Subdoligranulum.s__Subdoligranulum_sp_APC924_74	1.92124e-06
PWY-6122: 5-aminoimidazole ribonucleotide biosynthesis II|g__Eubacterium.s__Eubacterium_sp_CAG_38	1.90562e-06
PWY-6122: 5-aminoimidazole ribonucleotide biosynthesis II|g__Firmicutes_unclassified.s__Firmicutes_bacterium_CAG_41	1.78739e-06
PWY-6122: 5-aminoimidazole ribonucleotide biosynthesis II|g__Bacteroides.s__Bacteroides_ovatus	1.71551e-06
PWY-6122: 5-aminoimidazole ribonucleotide biosynthesis II|g__Bilophila.s__Bilophila_wadsworthia	1.55389e-06
PWY-6122: 5-aminoimidazole ribonucleotide biosynthesis II|g__Bacteroides.s__Bacteroides_thetaiotaomicron	1.52815e-06
PWY-6122: 5-aminoimidazole ribonucleotide biosynthesis II|g__Blautia.s__Ruminococcus_gnavus	1.4648e-06
PWY-6122: 5-aminoimidazole ribonucleotide biosynthesis II|g__Flavonifractor.s__Flavonifractor_plautii	1.03086e-06
PWY-6122: 5-aminoimidazole ribonucleotide biosynthesis II|g__Eubacterium.s__Eubacterium_ramulus	9.53124e-07
PWY-6122: 5-aminoimidazole ribonucleotide biosynthesis II|g__Agathobaculum.s__Agathobaculum_butyriciproducens	9.45685e-07
PWY-6122: 5-aminoimidazole ribonucleotide biosynthesis II|g__Senegalimassilia.s__Senegalimassilia_anaerobia	9.31055e-07
PWY-6122: 5-aminoimidazole ribonucleotide biosynthesis II|g__Dorea.s__Dorea_formicigenerans	8.85717e-07
PWY-6122: 5-aminoimidazole ribonucleotide biosynthesis II|g__Eubacterium.s__Eubacterium_sp_CAG_192	8.46604e-07
PWY-6122: 5-aminoimidazole ribonucleotide biosynthesis II|g__Alistipes.s__Alistipes_timonensis	7.36039e-07
PWY-6122: 5-aminoimidazole ribonucleotide biosynthesis II|g__Coprobacter.s__Coprobacter_secundus	6.44023e-07
PWY-6122: 5-aminoimidazole ribonucleotide biosynthesis II|g__Blautia.s__Blautia_producta	5.65543e-07
PWY-6122: 5-aminoimidazole ribonucleotide biosynthesis II|g__Bacteroides.s__Bacteroides_stercorirosoris	1.38407e-07
PWY-6277: superpathway of 5-aminoimidazole ribonucleotide biosynthesis	0.000507405
PWY-6277: superpathway of 5-aminoimidazole ribonucleotide biosynthesis|g__Blautia.s__Ruminococcus_torques	9.11308e-05
PWY-6277: superpathway of 5-aminoimidazole ribonucleotide biosynthesis|g__Lachnospiraceae_unclassified.s__Eubacterium_rectale	5.36072e-05
PWY-6277: superpathway of 5-aminoimidazole ribonucleotide biosynthesis|g__Ruminococcus.s__Ruminococcus_bromii	3.25969e-05
PWY-6277: superpathway of 5-aminoimidazole ribonucleotide biosynthesis|g__Faecalibacterium.s__Faecalibacterium_prausnitzii	2.84581e-05
PWY-6277: superpathway of 5-aminoimidazole ribonucleotide biosynthesis|g__Bacteroides.s__Bacteroides_uniformis	2.80318e-05
PWY-6277: superpathway of 5-aminoimidazole ribonucleotide biosynthesis|unclassified	2.12766e-05
PWY-6277: superpathway of 5-aminoimidazole ribonucleotide biosynthesis|g__Alistipes.s__Alistipes_finegoldii	1.91053e-05
PWY-6277: superpathway of 5-aminoimidazole ribonucleotide biosynthesis|g__Bacteroides.s__Bacteroides_dorei	1.52438e-05
PWY-6277: superpathway of 5-aminoimidazole ribonucleotide biosynthesis|g__Fusicatenibacter.s__Fusicatenibacter_saccharivorans	1.48787e-05
PWY-6277: superpathway of 5-aminoimidazole ribonucleotide biosynthesis|g__Bacteroides.s__Bacteroides_clarus	1.35714e-05
PWY-6277: superpathway of 5-aminoimidazole ribonucleotide biosynthesis|g__Sutterella.s__Sutterella_wadsworthensis	1.29111e-05
PWY-6277: superpathway of 5-aminoimidazole ribonucleotide biosynthesis|g__Blautia.s__Blautia_sp	1.24603e-05
PWY-6277: superpathway of 5-aminoimidazole ribonucleotide biosynthesis|g__Roseburia.s__Roseburia_inulinivorans	1.16459e-05
PWY-6277: superpathway of 5-aminoimidazole ribonucleotide biosynthesis|g__Alistipes.s__Alistipes_putredinis	1.0957e-05
PWY-6277: superpathway of 5-aminoimidazole ribonucleotide biosynthesis|g__Bifidobacterium.s__Bifidobacterium_catenulatum	9.84818e-06
PWY-6277: superpathway of 5-aminoimidazole ribonucleotide biosynthesis|g__Parabacteroides.s__Parabacteroides_distasonis	9.62034e-06
PWY-6277: superpathway of 5-aminoimidazole ribonucleotide biosynthesis|g__Blautia.s__Blautia_obeum	9.51228e-06
PWY-6277: superpathway of 5-aminoimidazole ribonucleotide biosynthesis|g__Roseburia.s__Roseburia_faecis	9.39063e-06
PWY-6277: superpathway of 5-aminoimidazole ribonucleotide biosynthesis|g__Anaerostipes.s__Anaerostipes_hadrus	7.84813e-06
PWY-6277: superpathway of 5-aminoimidazole ribonucleotide biosynthesis|g__Blautia.s__Blautia_wexlerae	7.01038e-06
PWY-6277: superpathway of 5-aminoimidazole ribonucleotide biosynthesis|g__Eubacterium.s__Eubacterium_sp_CAG_252	6.7624e-06
PWY-6277: superpathway of 5-aminoimidazole ribonucleotide biosynthesis|g__Dialister.s__Dialister_invisus	6.60287e-06
PWY-6277: superpathway of 5-aminoimidazole ribonucleotide biosynthesis|g__Eubacterium.s__Eubacterium_eligens	5.8786e-06
PWY-6277: superpathway of 5-aminoimidazole ribonucleotide biosynthesis|g__Bifidobacterium.s__Bifidobacterium_bifidum	5.79149e-06
PWY-6277: superpathway of 5-aminoimidazole ribonucleotide biosynthesis|g__Bacteroides.s__Bacteroides_xylanisolvens	5.60186e-06
PWY-6277: superpathway of 5-aminoimidazole ribonucleotide biosynthesis|g__Bifidobacterium.s__Bifidobacterium_longum	5.02136e-06
PWY-6277: superpathway of 5-aminoimidazole ribonucleotide biosynthesis|g__Bifidobacterium.s__Bifidobacterium_pseudocatenulatum	4.65742e-06
PWY-6277: superpathway of 5-aminoimidazole ribonucleotide biosynthesis|g__Bacteroides.s__Bacteroides_vulgatus	4.11337e-06
PWY-6277: superpathway of 5-aminoimidazole ribonucleotide biosynthesis|g__Parabacteroides.s__Parabacteroides_merdae	4.10909e-06
PWY-6277: superpathway of 5-aminoimidazole ribonucleotide biosynthesis|g__Dorea.s__Dorea_longicatena	3.57023e-06
PWY-6277: superpathway of 5-aminoimidazole ribonucleotide biosynthesis|g__Lawsonibacter.s__Lawsonibacter_asaccharolyticus	3.11285e-06
PWY-6277: superpathway of 5-aminoimidazole ribonucleotide biosynthesis|g__Clostridium.s__Clostridium_sp_AM22_11AC	3.0292e-06
PWY-6277: superpathway of 5-aminoimidazole ribonucleotide biosynthesis|g__Coprococcus.s__Coprococcus_comes	2.93206e-06
PWY-6277: superpathway of 5-aminoimidazole ribonucleotide biosynthesis|g__Bacteroides.s__Bacteroides_caccae	2.7576e-06
PWY-6277: superpathway of 5-aminoimidazole ribonucleotide biosynthesis|g__Eubacterium.s__Eubacterium_hallii	2.64676e-06
PWY-6277: superpathway of 5-aminoimidazole ribonucleotide biosynthesis|g__Clostridium.s__Clostridium_sp_CAG_122	2.09128e-06
PWY-6277: superpathway of 5-aminoimidazole ribonucleotide biosynthesis|g__Odoribacter.s__Odoribacter_splanchnicus	1.97503e-06
PWY-6277: superpathway of 5-aminoimidazole ribonucleotide biosynthesis|g__Gemmiger.s__Gemmiger_formicilis	1.93577e-06
PWY-6277: superpathway of 5-aminoimidazole ribonucleotide biosynthesis|g__Bacteroides.s__Bacteroides_cellulosilyticus	1.92861e-06
PWY-6277: superpathway of 5-aminoimidazole ribonucleotide biosynthesis|g__Alistipes.s__Alistipes_onderdonkii	1.92271e-06
PWY-6277: superpathway of 5-aminoimidazole ribonucleotide biosynthesis|g__Subdoligranulum.s__Subdoligranulum_sp_APC924_74	1.92124e-06
PWY-6277: superpathway of 5-aminoimidazole ribonucleotide biosynthesis|g__Eubacterium.s__Eubacterium_sp_CAG_38	1.90562e-06
PWY-6277: superpathway of 5-aminoimidazole ribonucleotide biosynthesis|g__Firmicutes_unclassified.s__Firmicutes_bacterium_CAG_41	1.78739e-06
PWY-6277: superpathway of 5-aminoimidazole ribonucleotide biosynthesis|g__Bacteroides.s__Bacteroides_ovatus	1.71551e-06
PWY-6277: superpathway of 5-aminoimidazole ribonucleotide biosynthesis|g__Bilophila.s__Bilophila_wadsworthia	1.55389e-06
PWY-6277: superpathway of 5-aminoimidazole ribonucleotide biosynthesis|g__Bacteroides.s__Bacteroides_thetaiotaomicron	1.52815e-06
PWY-6277: superpathway of 5-aminoimidazole ribonucleotide biosynthesis|g__Blautia.s__Ruminococcus_gnavus	1.4648e-06
PWY-6277: superpathway of 5-aminoimidazole ribonucleotide biosynthesis|g__Flavonifractor.s__Flavonifractor_plautii	1.03086e-06
PWY-6277: superpathway of 5-aminoimidazole ribonucleotide biosynthesis|g__Eubacterium.s__Eubacterium_ramulus	9.53124e-07
PWY-6277: superpathway of 5-aminoimidazole ribonucleotide biosynthesis|g__Agathobaculum.s__Agathobaculum_butyriciproducens	9.45685e-07
PWY-6277: superpathway of 5-aminoimidazole ribonucleotide biosynthesis|g__Senegalimassilia.s__Senegalimassilia_anaerobia	9.31055e-07
PWY-6277: superpathway of 5-aminoimidazole ribonucleotide biosynthesis|g__Dorea.s__Dorea_formicigenerans	8.85717e-07
PWY-6277: superpathway of 5-aminoimidazole ribonucleotide biosynthesis|g__Eubacterium.s__Eubacterium_sp_CAG_192	8.46604e-07
PWY-6277: superpathway of 5-aminoimidazole ribonucleotide biosynthesis|g__Alistipes.s__Alistipes_timonensis	7.36039e-07
PWY-6277: superpathway of 5-aminoimidazole ribonucleotide biosynthesis|g__Coprobacter.s__Coprobacter_secundus	6.44023e-07
PWY-6277: superpathway of 5-aminoimidazole ribonucleotide biosynthesis|g__Blautia.s__Blautia_producta	5.65543e-07
PWY-6277: superpathway of 5-aminoimidazole ribonucleotide biosynthesis|g__Bacteroides.s__Bacteroides_stercorirosoris	1.38407e-07
ARGSYN-PWY: L-arginine biosynthesis I (via L-ornithine)	0.000506622
ARGSYN-PWY: L-arginine biosynthesis I (via L-ornithine)|g__Blautia.s__Ruminococcus_torques	9.70443e-05
ARGSYN-PWY: L-arginine biosynthesis I (via L-ornithine)|g__Lachnospiraceae_unclassified.s__Eubacterium_rectale	4.92789e-05
ARGSYN-PWY: L-arginine biosynthesis I (via L-ornithine)|g__Faecalibacterium.s__Faecalibacterium_prausnitzii	3.7406e-05
ARGSYN-PWY: L-arginine biosynthesis I (via L-ornithine)|unclassified	3.18437e-05
ARGSYN-PWY: L-arginine biosynthesis I (via L-ornithine)|g__Alistipes.s__Alistipes_finegoldii	1.93497e-05
ARGSYN-PWY: L-arginine biosynthesis I (via L-ornithine)|g__Fusicatenibacter.s__Fusicatenibacter_saccharivorans	1.63241e-05
ARGSYN-PWY: L-arginine biosynthesis I (via L-ornithine)|g__Blautia.s__Blautia_wexlerae	1.42486e-05
ARGSYN-PWY: L-arginine biosynthesis I (via L-ornithine)|g__Ruminococcus.s__Ruminococcus_sp_CAG_254	9.74689e-06
ARGSYN-PWY: L-arginine biosynthesis I (via L-ornithine)|g__Bifidobacterium.s__Bifidobacterium_catenulatum	8.92123e-06
ARGSYN-PWY: L-arginine biosynthesis I (via L-ornithine)|g__Roseburia.s__Roseburia_faecis	8.28661e-06
ARGSYN-PWY: L-arginine biosynthesis I (via L-ornithine)|g__Anaerostipes.s__Anaerostipes_hadrus	6.07186e-06
ARGSYN-PWY: L-arginine biosynthesis I (via L-ornithine)|g__Bifidobacterium.s__Bifidobacterium_longum	6.05115e-06
ARGSYN-PWY: L-arginine biosynthesis I (via L-ornithine)|g__Bifidobacterium.s__Bifidobacterium_bifidum	5.7561e-06
ARGSYN-PWY: L-arginine biosynthesis I (via L-ornithine)|g__Eubacterium.s__Eubacterium_sp_CAG_252	5.49705e-06
ARGSYN-PWY: L-arginine biosynthesis I (via L-ornithine)|g__Dorea.s__Dorea_longicatena	5.17046e-06
ARGSYN-PWY: L-arginine biosynthesis I (via L-ornithine)|g__Eubacterium.s__Eubacterium_eligens	5.10021e-06
ARGSYN-PWY: L-arginine biosynthesis I (via L-ornithine)|g__Sutterella.s__Sutterella_wadsworthensis	4.84435e-06
ARGSYN-PWY: L-arginine biosynthesis I (via L-ornithine)|g__Bifidobacterium.s__Bifidobacterium_pseudocatenulatum	3.25443e-06
ARGSYN-PWY: L-arginine biosynthesis I (via L-ornithine)|g__Clostridium.s__Clostridium_sp_AM22_11AC	3.0781e-06
ARGSYN-PWY: L-arginine biosynthesis I (via L-ornithine)|g__Gemmiger.s__Gemmiger_formicilis	3.07099e-06
ARGSYN-PWY: L-arginine biosynthesis I (via L-ornithine)|g__Coprococcus.s__Coprococcus_comes	2.56343e-06
ARGSYN-PWY: L-arginine biosynthesis I (via L-ornithine)|g__Clostridium.s__Clostridium_sp_CAG_122	2.49722e-06
ARGSYN-PWY: L-arginine biosynthesis I (via L-ornithine)|g__Eubacterium.s__Eubacterium_sp_CAG_38	2.42179e-06
ARGSYN-PWY: L-arginine biosynthesis I (via L-ornithine)|g__Subdoligranulum.s__Subdoligranulum_sp_APC924_74	2.38992e-06
ARGSYN-PWY: L-arginine biosynthesis I (via L-ornithine)|g__Eubacterium.s__Eubacterium_hallii	1.99365e-06
ARGSYN-PWY: L-arginine biosynthesis I (via L-ornithine)|g__Dorea.s__Dorea_formicigenerans	1.82035e-06
ARGSYN-PWY: L-arginine biosynthesis I (via L-ornithine)|g__Blautia.s__Blautia_sp	1.69366e-06
ARGSYN-PWY: L-arginine biosynthesis I (via L-ornithine)|g__Blautia.s__Ruminococcus_gnavus	1.13757e-06
PWY-6700: queuosine biosynthesis I (de novo)	0.000505347
PWY-6700: queuosine biosynthesis I (de novo)|g__Blautia.s__Ruminococcus_torques	6.62918e-05
PWY-6700: queuosine biosynthesis I (de novo)|g__Lachnospiraceae_unclassified.s__Eubacterium_rectale	5.99569e-05
PWY-6700: queuosine biosynthesis I (de novo)|g__Bacteroides.s__Bacteroides_uniformis	3.17909e-05
PWY-6700: queuosine biosynthesis I (de novo)|g__Ruminococcus.s__Ruminococcus_bromii	2.75375e-05
PWY-6700: queuosine biosynthesis I (de novo)|g__Faecalibacterium.s__Faecalibacterium_prausnitzii	1.9569e-05
PWY-6700: queuosine biosynthesis I (de novo)|g__Bacteroides.s__Bacteroides_clarus	1.7908e-05
PWY-6700: queuosine biosynthesis I (de novo)|g__Anaerotruncus.s__Anaerotruncus_sp_CAG_528	1.64481e-05
PWY-6700: queuosine biosynthesis I (de novo)|unclassified	1.54658e-05
PWY-6700: queuosine biosynthesis I (de novo)|g__Bacteroides.s__Bacteroides_dorei	1.42841e-05
PWY-6700: queuosine biosynthesis I (de novo)|g__Fusicatenibacter.s__Fusicatenibacter_saccharivorans	1.23046e-05
PWY-6700: queuosine biosynthesis I (de novo)|g__Bacteroides.s__Bacteroides_vulgatus	1.0657e-05
PWY-6700: queuosine biosynthesis I (de novo)|g__Parabacteroides.s__Parabacteroides_distasonis	9.57822e-06
PWY-6700: queuosine biosynthesis I (de novo)|g__Roseburia.s__Roseburia_inulinivorans	9.22103e-06
PWY-6700: queuosine biosynthesis I (de novo)|g__Sutterella.s__Sutterella_wadsworthensis	9.02368e-06
PWY-6700: queuosine biosynthesis I (de novo)|g__Anaerostipes.s__Anaerostipes_hadrus	7.48021e-06
PWY-6700: queuosine biosynthesis I (de novo)|g__Bacteroides.s__Bacteroides_xylanisolvens	7.29337e-06
PWY-6700: queuosine biosynthesis I (de novo)|g__Blautia.s__Blautia_sp	7.0084e-06
PWY-6700: queuosine biosynthesis I (de novo)|g__Blautia.s__Blautia_obeum	6.72423e-06
PWY-6700: queuosine biosynthesis I (de novo)|g__Blautia.s__Blautia_wexlerae	6.49827e-06
PWY-6700: queuosine biosynthesis I (de novo)|g__Roseburia.s__Roseburia_faecis	6.26164e-06
PWY-6700: queuosine biosynthesis I (de novo)|g__Eubacterium.s__Eubacterium_eligens	5.92276e-06
PWY-6700: queuosine biosynthesis I (de novo)|g__Ruminococcus.s__Ruminococcus_sp_CAG_254	5.92258e-06
PWY-6700: queuosine biosynthesis I (de novo)|g__Parabacteroides.s__Parabacteroides_merdae	5.79658e-06
PWY-6700: queuosine biosynthesis I (de novo)|g__Eubacterium.s__Eubacterium_sp_CAG_252	5.62838e-06
PWY-6700: queuosine biosynthesis I (de novo)|g__Dialister.s__Dialister_invisus	4.97649e-06
PWY-6700: queuosine biosynthesis I (de novo)|g__Acetobacter.s__Acetobacter_sp_CAG_267	3.37633e-06
PWY-6700: queuosine biosynthesis I (de novo)|g__Eubacterium.s__Eubacterium_hallii	3.37457e-06
PWY-6700: queuosine biosynthesis I (de novo)|g__Bacteroides.s__Bacteroides_ovatus	3.28853e-06
PWY-6700: queuosine biosynthesis I (de novo)|g__Clostridium.s__Clostridium_sp_AM22_11AC	3.26128e-06
PWY-6700: queuosine biosynthesis I (de novo)|g__Dorea.s__Dorea_longicatena	3.25779e-06
PWY-6700: queuosine biosynthesis I (de novo)|g__Bacteroides.s__Bacteroides_cellulosilyticus	3.10135e-06
PWY-6700: queuosine biosynthesis I (de novo)|g__Coprococcus.s__Coprococcus_comes	2.84045e-06
PWY-6700: queuosine biosynthesis I (de novo)|g__Eubacterium.s__Eubacterium_sp_CAG_38	2.42237e-06
PWY-6700: queuosine biosynthesis I (de novo)|g__Bacteroides.s__Bacteroides_caccae	2.1655e-06
PWY-6700: queuosine biosynthesis I (de novo)|g__Bilophila.s__Bilophila_wadsworthia	2.11624e-06
PWY-6700: queuosine biosynthesis I (de novo)|g__Clostridium.s__Clostridium_sp_CAG_122	2.01935e-06
PWY-6700: queuosine biosynthesis I (de novo)|g__Odoribacter.s__Odoribacter_splanchnicus	1.92902e-06
PWY-6700: queuosine biosynthesis I (de novo)|g__Dorea.s__Dorea_formicigenerans	1.83562e-06
PWY-6700: queuosine biosynthesis I (de novo)|g__Gemmiger.s__Gemmiger_formicilis	1.68655e-06
PWY-6700: queuosine biosynthesis I (de novo)|g__Blautia.s__Ruminococcus_gnavus	1.51945e-06
PWY-6700: queuosine biosynthesis I (de novo)|g__Senegalimassilia.s__Senegalimassilia_anaerobia	1.36846e-06
PWY-6700: queuosine biosynthesis I (de novo)|g__Subdoligranulum.s__Subdoligranulum_sp_APC924_74	1.25659e-06
PWY-6700: queuosine biosynthesis I (de novo)|g__Firmicutes_unclassified.s__Firmicutes_bacterium_CAG_41	1.08197e-06
PWY-6700: queuosine biosynthesis I (de novo)|g__Lawsonibacter.s__Lawsonibacter_asaccharolyticus	9.36608e-07
PWY-6700: queuosine biosynthesis I (de novo)|g__Bacteroides.s__Bacteroides_thetaiotaomicron	7.90979e-07
PWY-6700: queuosine biosynthesis I (de novo)|g__Eubacterium.s__Eubacterium_ramulus	6.39738e-07
PWY-6700: queuosine biosynthesis I (de novo)|g__Agathobaculum.s__Agathobaculum_butyriciproducens	6.28065e-07
PWY-6700: queuosine biosynthesis I (de novo)|g__Firmicutes_unclassified.s__Firmicutes_bacterium_CAG_83	6.23753e-07
PWY-6700: queuosine biosynthesis I (de novo)|g__Coprobacter.s__Coprobacter_secundus	6.09433e-07
PWY-6700: queuosine biosynthesis I (de novo)|g__Firmicutes_unclassified.s__Firmicutes_bacterium_CAG_102	4.70512e-07
PWY-8178: pentose phosphate pathway (non-oxidative branch) II	0.000500144
PWY-8178: pentose phosphate pathway (non-oxidative branch) II|g__Lachnospiraceae_unclassified.s__Eubacterium_rectale	8.91245e-05
PWY-8178: pentose phosphate pathway (non-oxidative branch) II|g__Blautia.s__Ruminococcus_torques	7.35802e-05
PWY-8178: pentose phosphate pathway (non-oxidative branch) II|unclassified	2.35834e-05
PWY-8178: pentose phosphate pathway (non-oxidative branch) II|g__Fusicatenibacter.s__Fusicatenibacter_saccharivorans	2.22551e-05
PWY-8178: pentose phosphate pathway (non-oxidative branch) II|g__Anaerostipes.s__Anaerostipes_hadrus	2.17595e-05
PWY-8178: pentose phosphate pathway (non-oxidative branch) II|g__Blautia.s__Blautia_wexlerae	1.84511e-05
PWY-8178: pentose phosphate pathway (non-oxidative branch) II|g__Roseburia.s__Roseburia_inulinivorans	1.20187e-05
PWY-8178: pentose phosphate pathway (non-oxidative branch) II|g__Blautia.s__Blautia_sp	1.15403e-05
PWY-8178: pentose phosphate pathway (non-oxidative branch) II|g__Roseburia.s__Roseburia_faecis	1.06879e-05
PWY-8178: pentose phosphate pathway (non-oxidative branch) II|g__Parabacteroides.s__Parabacteroides_distasonis	9.43053e-06
PWY-8178: pentose phosphate pathway (non-oxidative branch) II|g__Eubacterium.s__Eubacterium_sp_CAG_252	8.86317e-06
PWY-8178: pentose phosphate pathway (non-oxidative branch) II|g__Eubacterium.s__Eubacterium_hallii	7.95787e-06
PWY-8178: pentose phosphate pathway (non-oxidative branch) II|g__Blautia.s__Blautia_obeum	7.23103e-06
PWY-8178: pentose phosphate pathway (non-oxidative branch) II|g__Eubacterium.s__Eubacterium_eligens	6.7389e-06
PWY-8178: pentose phosphate pathway (non-oxidative branch) II|g__Bacteroides.s__Bacteroides_xylanisolvens	6.3208e-06
PWY-8178: pentose phosphate pathway (non-oxidative branch) II|g__Clostridium.s__Clostridium_sp_AM22_11AC	4.6954e-06
PWY-8178: pentose phosphate pathway (non-oxidative branch) II|g__Bifidobacterium.s__Bifidobacterium_bifidum	3.47075e-06
PWY-8178: pentose phosphate pathway (non-oxidative branch) II|g__Flavonifractor.s__Flavonifractor_plautii	1.73485e-06
COA-PWY-1: superpathway of coenzyme A biosynthesis III (mammals)	0.000498206
COA-PWY-1: superpathway of coenzyme A biosynthesis III (mammals)|g__Blautia.s__Ruminococcus_torques	5.86439e-05
COA-PWY-1: superpathway of coenzyme A biosynthesis III (mammals)|g__Bacteroides.s__Bacteroides_uniformis	2.63957e-05
COA-PWY-1: superpathway of coenzyme A biosynthesis III (mammals)|g__Faecalibacterium.s__Faecalibacterium_prausnitzii	2.3321e-05
COA-PWY-1: superpathway of coenzyme A biosynthesis III (mammals)|unclassified	1.85727e-05
COA-PWY-1: superpathway of coenzyme A biosynthesis III (mammals)|g__Fusicatenibacter.s__Fusicatenibacter_saccharivorans	1.42093e-05
COA-PWY-1: superpathway of coenzyme A biosynthesis III (mammals)|g__Bacteroides.s__Bacteroides_clarus	1.36646e-05
COA-PWY-1: superpathway of coenzyme A biosynthesis III (mammals)|g__Sutterella.s__Sutterella_wadsworthensis	1.33059e-05
COA-PWY-1: superpathway of coenzyme A biosynthesis III (mammals)|g__Bacteroides.s__Bacteroides_dorei	1.32989e-05
COA-PWY-1: superpathway of coenzyme A biosynthesis III (mammals)|g__Alistipes.s__Alistipes_putredinis	1.14751e-05
COA-PWY-1: superpathway of coenzyme A biosynthesis III (mammals)|g__Parabacteroides.s__Parabacteroides_distasonis	9.36983e-06
COA-PWY-1: superpathway of coenzyme A biosynthesis III (mammals)|g__Roseburia.s__Roseburia_faecis	6.76061e-06
COA-PWY-1: superpathway of coenzyme A biosynthesis III (mammals)|g__Bacteroides.s__Bacteroides_vulgatus	6.69925e-06
COA-PWY-1: superpathway of coenzyme A biosynthesis III (mammals)|g__Bacteroides.s__Bacteroides_xylanisolvens	6.5602e-06
COA-PWY-1: superpathway of coenzyme A biosynthesis III (mammals)|g__Bifidobacterium.s__Bifidobacterium_catenulatum	6.38282e-06
COA-PWY-1: superpathway of coenzyme A biosynthesis III (mammals)|g__Blautia.s__Blautia_obeum	5.243e-06
COA-PWY-1: superpathway of coenzyme A biosynthesis III (mammals)|g__Ruminococcus.s__Ruminococcus_sp_CAG_254	4.66794e-06
COA-PWY-1: superpathway of coenzyme A biosynthesis III (mammals)|g__Bifidobacterium.s__Bifidobacterium_pseudocatenulatum	4.64717e-06
COA-PWY-1: superpathway of coenzyme A biosynthesis III (mammals)|g__Anaerostipes.s__Anaerostipes_hadrus	4.61099e-06
COA-PWY-1: superpathway of coenzyme A biosynthesis III (mammals)|g__Eubacterium.s__Eubacterium_sp_CAG_252	4.57166e-06
COA-PWY-1: superpathway of coenzyme A biosynthesis III (mammals)|g__Dialister.s__Dialister_invisus	4.4982e-06
COA-PWY-1: superpathway of coenzyme A biosynthesis III (mammals)|g__Parabacteroides.s__Parabacteroides_merdae	4.17747e-06
COA-PWY-1: superpathway of coenzyme A biosynthesis III (mammals)|g__Eubacterium.s__Eubacterium_eligens	3.45601e-06
COA-PWY-1: superpathway of coenzyme A biosynthesis III (mammals)|g__Blautia.s__Blautia_wexlerae	3.32545e-06
COA-PWY-1: superpathway of coenzyme A biosynthesis III (mammals)|g__Dorea.s__Dorea_longicatena	3.08672e-06
COA-PWY-1: superpathway of coenzyme A biosynthesis III (mammals)|g__Bacteroides.s__Bacteroides_cellulosilyticus	2.70028e-06
COA-PWY-1: superpathway of coenzyme A biosynthesis III (mammals)|g__Bacteroides.s__Bacteroides_caccae	2.50633e-06
COA-PWY-1: superpathway of coenzyme A biosynthesis III (mammals)|g__Clostridium.s__Clostridium_sp_AM22_11AC	2.50431e-06
COA-PWY-1: superpathway of coenzyme A biosynthesis III (mammals)|g__Bacteroides.s__Bacteroides_ovatus	2.41582e-06
COA-PWY-1: superpathway of coenzyme A biosynthesis III (mammals)|g__Coprococcus.s__Coprococcus_comes	2.17368e-06
COA-PWY-1: superpathway of coenzyme A biosynthesis III (mammals)|g__Subdoligranulum.s__Subdoligranulum_sp_APC924_74	1.75392e-06
COA-PWY-1: superpathway of coenzyme A biosynthesis III (mammals)|g__Lachnospiraceae_unclassified.s__Eubacterium_rectale	1.47916e-06
COA-PWY-1: superpathway of coenzyme A biosynthesis III (mammals)|g__Blautia.s__Ruminococcus_gnavus	1.46209e-06
COA-PWY-1: superpathway of coenzyme A biosynthesis III (mammals)|g__Gemmiger.s__Gemmiger_formicilis	1.26033e-06
COA-PWY-1: superpathway of coenzyme A biosynthesis III (mammals)|g__Firmicutes_unclassified.s__Firmicutes_bacterium_CAG_41	1.22487e-06
COA-PWY-1: superpathway of coenzyme A biosynthesis III (mammals)|g__Dorea.s__Dorea_formicigenerans	1.20213e-06
COA-PWY-1: superpathway of coenzyme A biosynthesis III (mammals)|g__Odoribacter.s__Odoribacter_splanchnicus	1.13318e-06
COA-PWY-1: superpathway of coenzyme A biosynthesis III (mammals)|g__Bacteroides.s__Bacteroides_thetaiotaomicron	1.11399e-06
COA-PWY-1: superpathway of coenzyme A biosynthesis III (mammals)|g__Lawsonibacter.s__Lawsonibacter_asaccharolyticus	1.03224e-06
COA-PWY-1: superpathway of coenzyme A biosynthesis III (mammals)|g__Senegalimassilia.s__Senegalimassilia_anaerobia	9.00789e-07
COA-PWY-1: superpathway of coenzyme A biosynthesis III (mammals)|g__Bilophila.s__Bilophila_wadsworthia	7.85347e-07
COA-PWY-1: superpathway of coenzyme A biosynthesis III (mammals)|g__Flavonifractor.s__Flavonifractor_plautii	6.35453e-07
PWY0-1586: peptidoglycan maturation (meso-diaminopimelate containing)	0.000494945
PWY0-1586: peptidoglycan maturation (meso-diaminopimelate containing)|g__Lachnospiraceae_unclassified.s__Eubacterium_rectale	4.79602e-05
PWY0-1586: peptidoglycan maturation (meso-diaminopimelate containing)|g__Bacteroides.s__Bacteroides_uniformis	2.63495e-05
PWY0-1586: peptidoglycan maturation (meso-diaminopimelate containing)|g__Bacteroides.s__Bacteroides_clarus	2.07739e-05
PWY0-1586: peptidoglycan maturation (meso-diaminopimelate containing)|g__Sutterella.s__Sutterella_wadsworthensis	1.90415e-05
PWY0-1586: peptidoglycan maturation (meso-diaminopimelate containing)|g__Bifidobacterium.s__Bifidobacterium_catenulatum	1.75727e-05
PWY0-1586: peptidoglycan maturation (meso-diaminopimelate containing)|g__Blautia.s__Ruminococcus_torques	1.48662e-05
PWY0-1586: peptidoglycan maturation (meso-diaminopimelate containing)|g__Bacteroides.s__Bacteroides_dorei	1.40243e-05
PWY0-1586: peptidoglycan maturation (meso-diaminopimelate containing)|g__Anaerostipes.s__Anaerostipes_hadrus	1.1036e-05
PWY0-1586: peptidoglycan maturation (meso-diaminopimelate containing)|g__Bacteroides.s__Bacteroides_xylanisolvens	9.37385e-06
PWY0-1586: peptidoglycan maturation (meso-diaminopimelate containing)|g__Bifidobacterium.s__Bifidobacterium_pseudocatenulatum	7.27285e-06
PWY0-1586: peptidoglycan maturation (meso-diaminopimelate containing)|g__Bacteroides.s__Bacteroides_vulgatus	7.25622e-06
PWY0-1586: peptidoglycan maturation (meso-diaminopimelate containing)|g__Eubacterium.s__Eubacterium_hallii	3.6539e-06
PWY0-1586: peptidoglycan maturation (meso-diaminopimelate containing)|g__Bacteroides.s__Bacteroides_ovatus	3.39812e-06
PWY0-1586: peptidoglycan maturation (meso-diaminopimelate containing)|g__Flavonifractor.s__Flavonifractor_plautii	2.42315e-06
PWY0-1586: peptidoglycan maturation (meso-diaminopimelate containing)|g__Bacteroides.s__Bacteroides_thetaiotaomicron	2.11562e-06
PWY0-1586: peptidoglycan maturation (meso-diaminopimelate containing)|unclassified	2.08173e-06
PWY0-1586: peptidoglycan maturation (meso-diaminopimelate containing)|g__Odoribacter.s__Odoribacter_splanchnicus	1.26895e-06
PWY0-1586: peptidoglycan maturation (meso-diaminopimelate containing)|g__Eubacterium.s__Eubacterium_ramulus	8.17045e-07
PWY0-1586: peptidoglycan maturation (meso-diaminopimelate containing)|g__Agathobaculum.s__Agathobaculum_butyriciproducens	4.59777e-07
PWY0-1586: peptidoglycan maturation (meso-diaminopimelate containing)|g__Lachnoclostridium.s__Clostridium_symbiosum	3.99709e-07
PWY0-1586: peptidoglycan maturation (meso-diaminopimelate containing)|g__Streptococcus.s__Streptococcus_thermophilus	2.9375e-07
PWY0-1586: peptidoglycan maturation (meso-diaminopimelate containing)|g__Dorea.s__Dorea_longicatena	1.86993e-07
PWY-5097: L-lysine biosynthesis VI	0.000492258
PWY-5097: L-lysine biosynthesis VI|g__Blautia.s__Ruminococcus_torques	4.25063e-05
PWY-5097: L-lysine biosynthesis VI|g__Lachnospiraceae_unclassified.s__Eubacterium_rectale	3.74051e-05
PWY-5097: L-lysine biosynthesis VI|g__Ruminococcus.s__Ruminococcus_bromii	3.07599e-05
PWY-5097: L-lysine biosynthesis VI|g__Bacteroides.s__Bacteroides_uniformis	2.63312e-05
PWY-5097: L-lysine biosynthesis VI|unclassified	2.22482e-05
PWY-5097: L-lysine biosynthesis VI|g__Faecalibacterium.s__Faecalibacterium_prausnitzii	1.89615e-05
PWY-5097: L-lysine biosynthesis VI|g__Fusicatenibacter.s__Fusicatenibacter_saccharivorans	1.70903e-05
PWY-5097: L-lysine biosynthesis VI|g__Bacteroides.s__Bacteroides_dorei	1.28697e-05
PWY-5097: L-lysine biosynthesis VI|g__Bifidobacterium.s__Bifidobacterium_catenulatum	1.27913e-05
PWY-5097: L-lysine biosynthesis VI|g__Alistipes.s__Alistipes_finegoldii	1.14584e-05
PWY-5097: L-lysine biosynthesis VI|g__Parabacteroides.s__Parabacteroides_distasonis	1.10904e-05
PWY-5097: L-lysine biosynthesis VI|g__Roseburia.s__Roseburia_inulinivorans	1.09756e-05
PWY-5097: L-lysine biosynthesis VI|g__Bacteroides.s__Bacteroides_clarus	1.01113e-05
PWY-5097: L-lysine biosynthesis VI|g__Blautia.s__Blautia_obeum	9.66544e-06
PWY-5097: L-lysine biosynthesis VI|g__Sutterella.s__Sutterella_wadsworthensis	9.32516e-06
PWY-5097: L-lysine biosynthesis VI|g__Blautia.s__Blautia_wexlerae	9.24441e-06
PWY-5097: L-lysine biosynthesis VI|g__Anaerostipes.s__Anaerostipes_hadrus	8.63705e-06
PWY-5097: L-lysine biosynthesis VI|g__Bifidobacterium.s__Bifidobacterium_longum	8.194e-06
PWY-5097: L-lysine biosynthesis VI|g__Bacteroides.s__Bacteroides_vulgatus	7.33601e-06
PWY-5097: L-lysine biosynthesis VI|g__Bacteroides.s__Bacteroides_xylanisolvens	6.58557e-06
PWY-5097: L-lysine biosynthesis VI|g__Bifidobacterium.s__Bifidobacterium_bifidum	6.17736e-06
PWY-5097: L-lysine biosynthesis VI|g__Eubacterium.s__Eubacterium_sp_CAG_252	6.03903e-06
PWY-5097: L-lysine biosynthesis VI|g__Parabacteroides.s__Parabacteroides_merdae	5.77762e-06
PWY-5097: L-lysine biosynthesis VI|g__Eubacterium.s__Eubacterium_eligens	5.75856e-06
PWY-5097: L-lysine biosynthesis VI|g__Bifidobacterium.s__Bifidobacterium_pseudocatenulatum	5.54882e-06
PWY-5097: L-lysine biosynthesis VI|g__Dialister.s__Dialister_invisus	5.25426e-06
PWY-5097: L-lysine biosynthesis VI|g__Dorea.s__Dorea_longicatena	5.17127e-06
PWY-5097: L-lysine biosynthesis VI|g__Ruminococcus.s__Ruminococcus_sp_CAG_254	4.75039e-06
PWY-5097: L-lysine biosynthesis VI|g__Eubacterium.s__Eubacterium_sp_CAG_38	3.05696e-06
PWY-5097: L-lysine biosynthesis VI|g__Eubacterium.s__Eubacterium_hallii	2.89308e-06
PWY-5097: L-lysine biosynthesis VI|g__Bacteroides.s__Bacteroides_caccae	2.74478e-06
PWY-5097: L-lysine biosynthesis VI|g__Coprococcus.s__Coprococcus_comes	2.27419e-06
PWY-5097: L-lysine biosynthesis VI|g__Clostridium.s__Clostridium_sp_AM22_11AC	2.13416e-06
PWY-5097: L-lysine biosynthesis VI|g__Blautia.s__Ruminococcus_gnavus	1.94097e-06
PWY-5097: L-lysine biosynthesis VI|g__Bacteroides.s__Bacteroides_ovatus	1.74657e-06
PWY-5097: L-lysine biosynthesis VI|g__Bacteroides.s__Bacteroides_thetaiotaomicron	1.65759e-06
PWY-5097: L-lysine biosynthesis VI|g__Bilophila.s__Bilophila_wadsworthia	1.57307e-06
PWY-5097: L-lysine biosynthesis VI|g__Dorea.s__Dorea_formicigenerans	1.5642e-06
PWY-5097: L-lysine biosynthesis VI|g__Gemmiger.s__Gemmiger_formicilis	1.35751e-06
PWY-5097: L-lysine biosynthesis VI|g__Bacteroides.s__Bacteroides_cellulosilyticus	1.32589e-06
PWY-5097: L-lysine biosynthesis VI|g__Agathobaculum.s__Agathobaculum_butyriciproducens	4.73983e-07
PWY-5097: L-lysine biosynthesis VI|g__Alistipes.s__Alistipes_onderdonkii	4.54877e-07
NONOXIPENT-PWY: pentose phosphate pathway (non-oxidative branch) I	0.00048103
NONOXIPENT-PWY: pentose phosphate pathway (non-oxidative branch) I|g__Lachnospiraceae_unclassified.s__Eubacterium_rectale	0.00010865
NONOXIPENT-PWY: pentose phosphate pathway (non-oxidative branch) I|g__Blautia.s__Ruminococcus_torques	6.95424e-05
NONOXIPENT-PWY: pentose phosphate pathway (non-oxidative branch) I|g__Fusicatenibacter.s__Fusicatenibacter_saccharivorans	2.40068e-05
NONOXIPENT-PWY: pentose phosphate pathway (non-oxidative branch) I|unclassified	2.2654e-05
NONOXIPENT-PWY: pentose phosphate pathway (non-oxidative branch) I|g__Anaerostipes.s__Anaerostipes_hadrus	1.88942e-05
NONOXIPENT-PWY: pentose phosphate pathway (non-oxidative branch) I|g__Blautia.s__Blautia_wexlerae	1.38982e-05
NONOXIPENT-PWY: pentose phosphate pathway (non-oxidative branch) I|g__Roseburia.s__Roseburia_faecis	1.14501e-05
NONOXIPENT-PWY: pentose phosphate pathway (non-oxidative branch) I|g__Roseburia.s__Roseburia_inulinivorans	1.07007e-05
NONOXIPENT-PWY: pentose phosphate pathway (non-oxidative branch) I|g__Parabacteroides.s__Parabacteroides_distasonis	1.03787e-05
NONOXIPENT-PWY: pentose phosphate pathway (non-oxidative branch) I|g__Blautia.s__Blautia_sp	9.84162e-06
NONOXIPENT-PWY: pentose phosphate pathway (non-oxidative branch) I|g__Eubacterium.s__Eubacterium_sp_CAG_252	8.96576e-06
NONOXIPENT-PWY: pentose phosphate pathway (non-oxidative branch) I|g__Eubacterium.s__Eubacterium_hallii	8.92814e-06
NONOXIPENT-PWY: pentose phosphate pathway (non-oxidative branch) I|g__Bacteroides.s__Bacteroides_xylanisolvens	7.81326e-06
NONOXIPENT-PWY: pentose phosphate pathway (non-oxidative branch) I|g__Blautia.s__Blautia_obeum	7.05703e-06
NONOXIPENT-PWY: pentose phosphate pathway (non-oxidative branch) I|g__Eubacterium.s__Eubacterium_eligens	6.12811e-06
NONOXIPENT-PWY: pentose phosphate pathway (non-oxidative branch) I|g__Clostridium.s__Clostridium_sp_AM22_11AC	4.02568e-06
NONOXIPENT-PWY: pentose phosphate pathway (non-oxidative branch) I|g__Bifidobacterium.s__Bifidobacterium_bifidum	3.44061e-06
PWY0-1296: purine ribonucleosides degradation	0.000474994
PWY0-1296: purine ribonucleosides degradation|g__Blautia.s__Ruminococcus_torques	8.46579e-05
PWY0-1296: purine ribonucleosides degradation|g__Lachnospiraceae_unclassified.s__Eubacterium_rectale	6.70615e-05
PWY0-1296: purine ribonucleosides degradation|g__Proteobacteria_unclassified.s__Proteobacteria_bacterium_CAG_495	3.8356e-05
PWY0-1296: purine ribonucleosides degradation|g__Faecalibacterium.s__Faecalibacterium_prausnitzii	2.80786e-05
PWY0-1296: purine ribonucleosides degradation|unclassified	2.52334e-05
PWY0-1296: purine ribonucleosides degradation|g__Fusicatenibacter.s__Fusicatenibacter_saccharivorans	2.45369e-05
PWY0-1296: purine ribonucleosides degradation|g__Roseburia.s__Roseburia_inulinivorans	1.69009e-05
PWY0-1296: purine ribonucleosides degradation|g__Blautia.s__Blautia_obeum	1.13109e-05
PWY0-1296: purine ribonucleosides degradation|g__Blautia.s__Blautia_sp	9.01734e-06
PWY0-1296: purine ribonucleosides degradation|g__Blautia.s__Blautia_wexlerae	8.97822e-06
PWY0-1296: purine ribonucleosides degradation|g__Roseburia.s__Roseburia_faecis	7.44112e-06
PWY0-1296: purine ribonucleosides degradation|g__Anaerostipes.s__Anaerostipes_hadrus	6.80551e-06
PWY0-1296: purine ribonucleosides degradation|g__Dorea.s__Dorea_longicatena	5.91267e-06
PWY0-1296: purine ribonucleosides degradation|g__Eubacterium.s__Eubacterium_eligens	5.12779e-06
PWY0-1296: purine ribonucleosides degradation|g__Acetobacter.s__Acetobacter_sp_CAG_267	3.60638e-06
PWY0-1296: purine ribonucleosides degradation|g__Eubacterium.s__Eubacterium_sp_CAG_38	2.15831e-06
PWY0-1296: purine ribonucleosides degradation|g__Subdoligranulum.s__Subdoligranulum_sp_APC924_74	1.88633e-06
PWY0-1296: purine ribonucleosides degradation|g__Clostridium.s__Clostridium_sp_AM22_11AC	1.83914e-06
PWY0-1296: purine ribonucleosides degradation|g__Clostridium.s__Clostridium_sp_CAG_122	1.48655e-06
PWY0-1296: purine ribonucleosides degradation|g__Coprococcus.s__Coprococcus_comes	1.30472e-06
PWY0-1296: purine ribonucleosides degradation|g__Blautia.s__Ruminococcus_gnavus	1.3003e-06
PWY0-1296: purine ribonucleosides degradation|g__Gemmiger.s__Gemmiger_formicilis	1.22186e-06
PWY0-1296: purine ribonucleosides degradation|g__Dorea.s__Dorea_formicigenerans	1.20593e-06
PWY0-1296: purine ribonucleosides degradation|g__Firmicutes_unclassified.s__Firmicutes_bacterium_CAG_102	7.10031e-07
PWY0-1296: purine ribonucleosides degradation|g__Blautia.s__Blautia_sp_CAG_257	6.77809e-07
PWY0-1296: purine ribonucleosides degradation|g__Blautia.s__Blautia_producta	6.58447e-07
PWY0-1296: purine ribonucleosides degradation|g__Azospirillum.s__Azospirillum_sp_CAG_260	5.63857e-07
PWY0-1296: purine ribonucleosides degradation|g__Eubacterium.s__Eubacterium_ramulus	5.52064e-07
PWY0-1296: purine ribonucleosides degradation|g__Coprococcus.s__Coprococcus_catus	3.36852e-07
PWY0-1296: purine ribonucleosides degradation|g__Streptococcus.s__Streptococcus_thermophilus	2.8441e-07
COA-PWY: coenzyme A biosynthesis I (prokaryotic)	0.000468297
COA-PWY: coenzyme A biosynthesis I (prokaryotic)|g__Lachnospiraceae_unclassified.s__Eubacterium_rectale	8.92405e-05
COA-PWY: coenzyme A biosynthesis I (prokaryotic)|g__Blautia.s__Ruminococcus_torques	5.93886e-05
COA-PWY: coenzyme A biosynthesis I (prokaryotic)|g__Bacteroides.s__Bacteroides_uniformis	2.71097e-05
COA-PWY: coenzyme A biosynthesis I (prokaryotic)|g__Faecalibacterium.s__Faecalibacterium_prausnitzii	2.28118e-05
COA-PWY: coenzyme A biosynthesis I (prokaryotic)|unclassified	2.20709e-05
COA-PWY: coenzyme A biosynthesis I (prokaryotic)|g__Alistipes.s__Alistipes_finegoldii	2.11459e-05
COA-PWY: coenzyme A biosynthesis I (prokaryotic)|g__Fusicatenibacter.s__Fusicatenibacter_saccharivorans	1.42025e-05
COA-PWY: coenzyme A biosynthesis I (prokaryotic)|g__Bacteroides.s__Bacteroides_dorei	1.40681e-05
COA-PWY: coenzyme A biosynthesis I (prokaryotic)|g__Sutterella.s__Sutterella_wadsworthensis	1.23485e-05
COA-PWY: coenzyme A biosynthesis I (prokaryotic)|g__Alistipes.s__Alistipes_putredinis	1.22279e-05
COA-PWY: coenzyme A biosynthesis I (prokaryotic)|g__Bacteroides.s__Bacteroides_clarus	1.19745e-05
COA-PWY: coenzyme A biosynthesis I (prokaryotic)|g__Bifidobacterium.s__Bifidobacterium_catenulatum	1.15285e-05
COA-PWY: coenzyme A biosynthesis I (prokaryotic)|g__Blautia.s__Blautia_sp	9.65426e-06
COA-PWY: coenzyme A biosynthesis I (prokaryotic)|g__Parabacteroides.s__Parabacteroides_distasonis	8.36111e-06
COA-PWY: coenzyme A biosynthesis I (prokaryotic)|g__Bacteroides.s__Bacteroides_vulgatus	8.3595e-06
COA-PWY: coenzyme A biosynthesis I (prokaryotic)|g__Roseburia.s__Roseburia_faecis	7.97763e-06
COA-PWY: coenzyme A biosynthesis I (prokaryotic)|g__Anaerostipes.s__Anaerostipes_hadrus	7.22642e-06
COA-PWY: coenzyme A biosynthesis I (prokaryotic)|g__Bacteroides.s__Bacteroides_xylanisolvens	7.07186e-06
COA-PWY: coenzyme A biosynthesis I (prokaryotic)|g__Blautia.s__Blautia_obeum	6.61819e-06
COA-PWY: coenzyme A biosynthesis I (prokaryotic)|g__Ruminococcus.s__Ruminococcus_sp_CAG_254	5.40456e-06
COA-PWY: coenzyme A biosynthesis I (prokaryotic)|g__Eubacterium.s__Eubacterium_eligens	4.98958e-06
COA-PWY: coenzyme A biosynthesis I (prokaryotic)|g__Bifidobacterium.s__Bifidobacterium_pseudocatenulatum	4.7237e-06
COA-PWY: coenzyme A biosynthesis I (prokaryotic)|g__Eubacterium.s__Eubacterium_sp_CAG_252	4.58151e-06
COA-PWY: coenzyme A biosynthesis I (prokaryotic)|g__Dialister.s__Dialister_invisus	4.45402e-06
COA-PWY: coenzyme A biosynthesis I (prokaryotic)|g__Parabacteroides.s__Parabacteroides_merdae	4.1565e-06
COA-PWY: coenzyme A biosynthesis I (prokaryotic)|g__Dorea.s__Dorea_longicatena	3.78805e-06
COA-PWY: coenzyme A biosynthesis I (prokaryotic)|g__Blautia.s__Blautia_wexlerae	3.70917e-06
COA-PWY: coenzyme A biosynthesis I (prokaryotic)|g__Clostridium.s__Clostridium_sp_AM22_11AC	3.04582e-06
COA-PWY: coenzyme A biosynthesis I (prokaryotic)|g__Bacteroides.s__Bacteroides_cellulosilyticus	2.89488e-06
COA-PWY: coenzyme A biosynthesis I (prokaryotic)|g__Coprococcus.s__Coprococcus_comes	2.67572e-06
COA-PWY: coenzyme A biosynthesis I (prokaryotic)|g__Subdoligranulum.s__Subdoligranulum_sp_APC924_74	2.519e-06
COA-PWY: coenzyme A biosynthesis I (prokaryotic)|g__Bacteroides.s__Bacteroides_caccae	2.46531e-06
COA-PWY: coenzyme A biosynthesis I (prokaryotic)|g__Bacteroides.s__Bacteroides_ovatus	2.36671e-06
COA-PWY: coenzyme A biosynthesis I (prokaryotic)|g__Blautia.s__Ruminococcus_gnavus	2.15273e-06
COA-PWY: coenzyme A biosynthesis I (prokaryotic)|g__Gemmiger.s__Gemmiger_formicilis	1.82908e-06
COA-PWY: coenzyme A biosynthesis I (prokaryotic)|g__Bilophila.s__Bilophila_wadsworthia	1.82332e-06
COA-PWY: coenzyme A biosynthesis I (prokaryotic)|g__Firmicutes_unclassified.s__Firmicutes_bacterium_CAG_41	1.52543e-06
COA-PWY: coenzyme A biosynthesis I (prokaryotic)|g__Lawsonibacter.s__Lawsonibacter_asaccharolyticus	1.34991e-06
COA-PWY: coenzyme A biosynthesis I (prokaryotic)|g__Dorea.s__Dorea_formicigenerans	1.20629e-06
COA-PWY: coenzyme A biosynthesis I (prokaryotic)|g__Bacteroides.s__Bacteroides_thetaiotaomicron	1.17456e-06
COA-PWY: coenzyme A biosynthesis I (prokaryotic)|g__Odoribacter.s__Odoribacter_splanchnicus	1.15736e-06
COA-PWY: coenzyme A biosynthesis I (prokaryotic)|g__Agathobaculum.s__Agathobaculum_butyriciproducens	8.42578e-07
COA-PWY: coenzyme A biosynthesis I (prokaryotic)|g__Senegalimassilia.s__Senegalimassilia_anaerobia	7.88595e-07
COA-PWY: coenzyme A biosynthesis I (prokaryotic)|g__Flavonifractor.s__Flavonifractor_plautii	5.25027e-07
COA-PWY: coenzyme A biosynthesis I (prokaryotic)|g__Alistipes.s__Alistipes_timonensis	4.35921e-07
COA-PWY: coenzyme A biosynthesis I (prokaryotic)|g__Eubacterium.s__Eubacterium_ramulus	3.29093e-07
COA-PWY: coenzyme A biosynthesis I (prokaryotic)|g__Alistipes.s__Alistipes_onderdonkii	2.55325e-07
COA-PWY: coenzyme A biosynthesis I (prokaryotic)|g__Bacteroides.s__Bacteroides_stercorirosoris	1.10741e-07
COA-PWY: coenzyme A biosynthesis I (prokaryotic)|g__Bacteroides.s__Bacteroides_intestinalis	5.77951e-08
PWY-7851: coenzyme A biosynthesis II (eukaryotic)	0.000468297
PWY-7851: coenzyme A biosynthesis II (eukaryotic)|g__Blautia.s__Ruminococcus_torques	5.63276e-05
PWY-7851: coenzyme A biosynthesis II (eukaryotic)|g__Bacteroides.s__Bacteroides_uniformis	2.65449e-05
PWY-7851: coenzyme A biosynthesis II (eukaryotic)|g__Faecalibacterium.s__Faecalibacterium_prausnitzii	2.00253e-05
PWY-7851: coenzyme A biosynthesis II (eukaryotic)|g__Alistipes.s__Alistipes_finegoldii	1.94999e-05
PWY-7851: coenzyme A biosynthesis II (eukaryotic)|unclassified	1.65765e-05
PWY-7851: coenzyme A biosynthesis II (eukaryotic)|g__Bacteroides.s__Bacteroides_dorei	1.40681e-05
PWY-7851: coenzyme A biosynthesis II (eukaryotic)|g__Fusicatenibacter.s__Fusicatenibacter_saccharivorans	1.25111e-05
PWY-7851: coenzyme A biosynthesis II (eukaryotic)|g__Sutterella.s__Sutterella_wadsworthensis	1.23485e-05
PWY-7851: coenzyme A biosynthesis II (eukaryotic)|g__Bacteroides.s__Bacteroides_clarus	1.19745e-05
PWY-7851: coenzyme A biosynthesis II (eukaryotic)|g__Alistipes.s__Alistipes_putredinis	1.16514e-05
PWY-7851: coenzyme A biosynthesis II (eukaryotic)|g__Parabacteroides.s__Parabacteroides_distasonis	8.36111e-06
PWY-7851: coenzyme A biosynthesis II (eukaryotic)|g__Bacteroides.s__Bacteroides_vulgatus	8.3595e-06
PWY-7851: coenzyme A biosynthesis II (eukaryotic)|g__Roseburia.s__Roseburia_faecis	6.90968e-06
PWY-7851: coenzyme A biosynthesis II (eukaryotic)|g__Blautia.s__Blautia_obeum	6.61819e-06
PWY-7851: coenzyme A biosynthesis II (eukaryotic)|g__Bacteroides.s__Bacteroides_xylanisolvens	6.08063e-06
PWY-7851: coenzyme A biosynthesis II (eukaryotic)|g__Bifidobacterium.s__Bifidobacterium_catenulatum	5.79312e-06
PWY-7851: coenzyme A biosynthesis II (eukaryotic)|g__Bifidobacterium.s__Bifidobacterium_pseudocatenulatum	4.7237e-06
PWY-7851: coenzyme A biosynthesis II (eukaryotic)|g__Eubacterium.s__Eubacterium_sp_CAG_252	4.58151e-06
PWY-7851: coenzyme A biosynthesis II (eukaryotic)|g__Dialister.s__Dialister_invisus	4.45402e-06
PWY-7851: coenzyme A biosynthesis II (eukaryotic)|g__Ruminococcus.s__Ruminococcus_sp_CAG_254	4.3062e-06
PWY-7851: coenzyme A biosynthesis II (eukaryotic)|g__Parabacteroides.s__Parabacteroides_merdae	4.1565e-06
PWY-7851: coenzyme A biosynthesis II (eukaryotic)|g__Anaerostipes.s__Anaerostipes_hadrus	3.91885e-06
PWY-7851: coenzyme A biosynthesis II (eukaryotic)|g__Dorea.s__Dorea_longicatena	3.26076e-06
PWY-7851: coenzyme A biosynthesis II (eukaryotic)|g__Blautia.s__Blautia_wexlerae	3.10969e-06
PWY-7851: coenzyme A biosynthesis II (eukaryotic)|g__Eubacterium.s__Eubacterium_eligens	3.10229e-06
PWY-7851: coenzyme A biosynthesis II (eukaryotic)|g__Bacteroides.s__Bacteroides_cellulosilyticus	2.60193e-06
PWY-7851: coenzyme A biosynthesis II (eukaryotic)|g__Clostridium.s__Clostridium_sp_AM22_11AC	2.48598e-06
PWY-7851: coenzyme A biosynthesis II (eukaryotic)|g__Bacteroides.s__Bacteroides_caccae	2.46531e-06
PWY-7851: coenzyme A biosynthesis II (eukaryotic)|g__Bacteroides.s__Bacteroides_ovatus	2.30514e-06
PWY-7851: coenzyme A biosynthesis II (eukaryotic)|g__Coprococcus.s__Coprococcus_comes	1.99763e-06
PWY-7851: coenzyme A biosynthesis II (eukaryotic)|g__Subdoligranulum.s__Subdoligranulum_sp_APC924_74	1.53139e-06
PWY-7851: coenzyme A biosynthesis II (eukaryotic)|g__Blautia.s__Ruminococcus_gnavus	1.39629e-06
PWY-7851: coenzyme A biosynthesis II (eukaryotic)|g__Lachnospiraceae_unclassified.s__Eubacterium_rectale	1.18713e-06
PWY-7851: coenzyme A biosynthesis II (eukaryotic)|g__Firmicutes_unclassified.s__Firmicutes_bacterium_CAG_41	1.15042e-06
PWY-7851: coenzyme A biosynthesis II (eukaryotic)|g__Dorea.s__Dorea_formicigenerans	1.12527e-06
PWY-7851: coenzyme A biosynthesis II (eukaryotic)|g__Gemmiger.s__Gemmiger_formicilis	1.08672e-06
PWY-7851: coenzyme A biosynthesis II (eukaryotic)|g__Bacteroides.s__Bacteroides_thetaiotaomicron	1.04576e-06
PWY-7851: coenzyme A biosynthesis II (eukaryotic)|g__Odoribacter.s__Odoribacter_splanchnicus	9.86116e-07
PWY-7851: coenzyme A biosynthesis II (eukaryotic)|g__Lawsonibacter.s__Lawsonibacter_asaccharolyticus	9.24266e-07
PWY-7851: coenzyme A biosynthesis II (eukaryotic)|g__Senegalimassilia.s__Senegalimassilia_anaerobia	7.88595e-07
PWY-7851: coenzyme A biosynthesis II (eukaryotic)|g__Bilophila.s__Bilophila_wadsworthia	7.01354e-07
PWY-7851: coenzyme A biosynthesis II (eukaryotic)|g__Flavonifractor.s__Flavonifractor_plautii	5.25027e-07
PWY-7851: coenzyme A biosynthesis II (eukaryotic)|g__Alistipes.s__Alistipes_timonensis	3.03237e-07
GLUTORN-PWY: L-ornithine biosynthesis I	0.00045389
GLUTORN-PWY: L-ornithine biosynthesis I|g__Blautia.s__Ruminococcus_torques	7.83248e-05
GLUTORN-PWY: L-ornithine biosynthesis I|g__Lachnospiraceae_unclassified.s__Eubacterium_rectale	5.27551e-05
GLUTORN-PWY: L-ornithine biosynthesis I|g__Ruminococcus.s__Ruminococcus_bromii	3.9071e-05
GLUTORN-PWY: L-ornithine biosynthesis I|g__Faecalibacterium.s__Faecalibacterium_prausnitzii	2.89971e-05
GLUTORN-PWY: L-ornithine biosynthesis I|unclassified	2.55758e-05
GLUTORN-PWY: L-ornithine biosynthesis I|g__Alistipes.s__Alistipes_finegoldii	1.99426e-05
GLUTORN-PWY: L-ornithine biosynthesis I|g__Fusicatenibacter.s__Fusicatenibacter_saccharivorans	1.60749e-05
GLUTORN-PWY: L-ornithine biosynthesis I|g__Blautia.s__Blautia_sp	1.19977e-05
GLUTORN-PWY: L-ornithine biosynthesis I|g__Ruminococcus.s__Ruminococcus_sp_CAG_254	8.71228e-06
GLUTORN-PWY: L-ornithine biosynthesis I|g__Blautia.s__Blautia_wexlerae	8.18412e-06
GLUTORN-PWY: L-ornithine biosynthesis I|g__Bifidobacterium.s__Bifidobacterium_catenulatum	7.99353e-06
GLUTORN-PWY: L-ornithine biosynthesis I|g__Roseburia.s__Roseburia_faecis	7.38281e-06
GLUTORN-PWY: L-ornithine biosynthesis I|g__Anaerostipes.s__Anaerostipes_hadrus	7.16408e-06
GLUTORN-PWY: L-ornithine biosynthesis I|g__Eubacterium.s__Eubacterium_eligens	5.4189e-06
GLUTORN-PWY: L-ornithine biosynthesis I|g__Eubacterium.s__Eubacterium_sp_CAG_252	5.41771e-06
GLUTORN-PWY: L-ornithine biosynthesis I|g__Bifidobacterium.s__Bifidobacterium_bifidum	5.28557e-06
GLUTORN-PWY: L-ornithine biosynthesis I|g__Bifidobacterium.s__Bifidobacterium_longum	5.22851e-06
GLUTORN-PWY: L-ornithine biosynthesis I|g__Dorea.s__Dorea_longicatena	3.93021e-06
GLUTORN-PWY: L-ornithine biosynthesis I|g__Coprococcus.s__Coprococcus_comes	3.17754e-06
GLUTORN-PWY: L-ornithine biosynthesis I|g__Clostridium.s__Clostridium_sp_AM22_11AC	3.11272e-06
GLUTORN-PWY: L-ornithine biosynthesis I|g__Eubacterium.s__Eubacterium_sp_CAG_38	2.38918e-06
GLUTORN-PWY: L-ornithine biosynthesis I|g__Bifidobacterium.s__Bifidobacterium_pseudocatenulatum	2.38357e-06
GLUTORN-PWY: L-ornithine biosynthesis I|g__Subdoligranulum.s__Subdoligranulum_sp_APC924_74	2.21145e-06
GLUTORN-PWY: L-ornithine biosynthesis I|g__Clostridium.s__Clostridium_sp_CAG_122	1.74352e-06
GLUTORN-PWY: L-ornithine biosynthesis I|g__Gemmiger.s__Gemmiger_formicilis	1.71247e-06
GLUTORN-PWY: L-ornithine biosynthesis I|g__Sutterella.s__Sutterella_wadsworthensis	1.4569e-06
GLUTORN-PWY: L-ornithine biosynthesis I|g__Dorea.s__Dorea_formicigenerans	1.33164e-06
GLUTORN-PWY: L-ornithine biosynthesis I|g__Blautia.s__Ruminococcus_gnavus	1.16591e-06
GLUTORN-PWY: L-ornithine biosynthesis I|g__Eubacterium.s__Eubacterium_hallii	1.14791e-06
GLUTORN-PWY: L-ornithine biosynthesis I|g__Blautia.s__Blautia_producta	6.15115e-07
GLUTORN-PWY: L-ornithine biosynthesis I|g__Blautia.s__Blautia_obeum	1.43361e-07
1CMET2-PWY: folate transformations III (E. coli)	0.000452173
1CMET2-PWY: folate transformations III (E. coli)|g__Blautia.s__Ruminococcus_torques	5.58476e-05
1CMET2-PWY: folate transformations III (E. coli)|g__Alistipes.s__Alistipes_finegoldii	1.69332e-05
1CMET2-PWY: folate transformations III (E. coli)|g__Bacteroides.s__Bacteroides_dorei	1.59792e-05
1CMET2-PWY: folate transformations III (E. coli)|g__Bacteroides.s__Bacteroides_clarus	1.51794e-05
1CMET2-PWY: folate transformations III (E. coli)|unclassified	1.21656e-05
1CMET2-PWY: folate transformations III (E. coli)|g__Alistipes.s__Alistipes_putredinis	9.37742e-06
1CMET2-PWY: folate transformations III (E. coli)|g__Parabacteroides.s__Parabacteroides_distasonis	8.92022e-06
1CMET2-PWY: folate transformations III (E. coli)|g__Bacteroides.s__Bacteroides_vulgatus	8.41912e-06
1CMET2-PWY: folate transformations III (E. coli)|g__Roseburia.s__Roseburia_faecis	8.12995e-06
1CMET2-PWY: folate transformations III (E. coli)|g__Anaerostipes.s__Anaerostipes_hadrus	7.23314e-06
1CMET2-PWY: folate transformations III (E. coli)|g__Parabacteroides.s__Parabacteroides_merdae	4.63613e-06
1CMET2-PWY: folate transformations III (E. coli)|g__Bacteroides.s__Bacteroides_caccae	2.91083e-06
1CMET2-PWY: folate transformations III (E. coli)|g__Blautia.s__Blautia_wexlerae	2.69078e-06
1CMET2-PWY: folate transformations III (E. coli)|g__Bacteroides.s__Bacteroides_ovatus	2.43216e-06
1CMET2-PWY: folate transformations III (E. coli)|g__Odoribacter.s__Odoribacter_splanchnicus	1.65431e-06
1CMET2-PWY: folate transformations III (E. coli)|g__Coprococcus.s__Coprococcus_comes	1.63206e-06
1CMET2-PWY: folate transformations III (E. coli)|g__Eubacterium.s__Eubacterium_hallii	1.44474e-06
1CMET2-PWY: folate transformations III (E. coli)|g__Bacteroides.s__Bacteroides_thetaiotaomicron	1.40686e-06
1CMET2-PWY: folate transformations III (E. coli)|g__Coprobacter.s__Coprobacter_secundus	5.38183e-07
1CMET2-PWY: folate transformations III (E. coli)|g__Bacteroides.s__Bacteroides_xylanisolvens	5.22959e-07
1CMET2-PWY: folate transformations III (E. coli)|g__Blautia.s__Blautia_obeum	2.80229e-07
PWY-5695: inosine 5'-phosphate degradation	0.000451483
PWY-5695: inosine 5'-phosphate degradation|g__Blautia.s__Ruminococcus_torques	3.79598e-05
PWY-5695: inosine 5'-phosphate degradation|g__Bacteroides.s__Bacteroides_uniformis	2.15656e-05
PWY-5695: inosine 5'-phosphate degradation|g__Alistipes.s__Alistipes_finegoldii	1.94348e-05
PWY-5695: inosine 5'-phosphate degradation|g__Fusicatenibacter.s__Fusicatenibacter_saccharivorans	1.78245e-05
PWY-5695: inosine 5'-phosphate degradation|g__Bacteroides.s__Bacteroides_dorei	1.7405e-05
PWY-5695: inosine 5'-phosphate degradation|g__Roseburia.s__Roseburia_inulinivorans	1.51683e-05
PWY-5695: inosine 5'-phosphate degradation|g__Bacteroides.s__Bacteroides_clarus	1.41045e-05
PWY-5695: inosine 5'-phosphate degradation|unclassified	1.23995e-05
PWY-5695: inosine 5'-phosphate degradation|g__Sutterella.s__Sutterella_wadsworthensis	1.14814e-05
PWY-5695: inosine 5'-phosphate degradation|g__Alistipes.s__Alistipes_putredinis	1.06287e-05
PWY-5695: inosine 5'-phosphate degradation|g__Bacteroides.s__Bacteroides_vulgatus	9.58875e-06
PWY-5695: inosine 5'-phosphate degradation|g__Parabacteroides.s__Parabacteroides_distasonis	9.24038e-06
PWY-5695: inosine 5'-phosphate degradation|g__Faecalibacterium.s__Faecalibacterium_prausnitzii	8.72569e-06
PWY-5695: inosine 5'-phosphate degradation|g__Bacteroides.s__Bacteroides_xylanisolvens	8.67567e-06
PWY-5695: inosine 5'-phosphate degradation|g__Anaerostipes.s__Anaerostipes_hadrus	8.02907e-06
PWY-5695: inosine 5'-phosphate degradation|g__Blautia.s__Blautia_wexlerae	7.54205e-06
PWY-5695: inosine 5'-phosphate degradation|g__Roseburia.s__Roseburia_faecis	6.82332e-06
PWY-5695: inosine 5'-phosphate degradation|g__Eubacterium.s__Eubacterium_eligens	5.1982e-06
PWY-5695: inosine 5'-phosphate degradation|g__Dialister.s__Dialister_invisus	3.54991e-06
PWY-5695: inosine 5'-phosphate degradation|g__Dorea.s__Dorea_longicatena	3.50011e-06
PWY-5695: inosine 5'-phosphate degradation|g__Bacteroides.s__Bacteroides_caccae	3.00148e-06
PWY-5695: inosine 5'-phosphate degradation|g__Bacteroides.s__Bacteroides_cellulosilyticus	2.62876e-06
PWY-5695: inosine 5'-phosphate degradation|g__Bacteroides.s__Bacteroides_ovatus	2.38641e-06
PWY-5695: inosine 5'-phosphate degradation|g__Bacteroides.s__Bacteroides_thetaiotaomicron	1.40228e-06
PWY-5695: inosine 5'-phosphate degradation|g__Coprococcus.s__Coprococcus_comes	1.34819e-06
PWY-5695: inosine 5'-phosphate degradation|g__Alistipes.s__Alistipes_onderdonkii	1.10556e-06
PWY-5695: inosine 5'-phosphate degradation|g__Odoribacter.s__Odoribacter_splanchnicus	8.0402e-07
PWY-5695: inosine 5'-phosphate degradation|g__Bilophila.s__Bilophila_wadsworthia	7.68802e-07
PWY-5695: inosine 5'-phosphate degradation|g__Coprobacter.s__Coprobacter_secundus	7.08372e-07
PWY-5695: inosine 5'-phosphate degradation|g__Eubacterium.s__Eubacterium_ramulus	6.59333e-07
PWY-5695: inosine 5'-phosphate degradation|g__Flavonifractor.s__Flavonifractor_plautii	6.37537e-07
PWY-5695: inosine 5'-phosphate degradation|g__Coprococcus.s__Coprococcus_catus	4.79253e-07
PWY-5695: inosine 5'-phosphate degradation|g__Blautia.s__Blautia_obeum	3.08173e-07
TRPSYN-PWY: L-tryptophan biosynthesis	0.000444975
TRPSYN-PWY: L-tryptophan biosynthesis|g__Blautia.s__Ruminococcus_torques	7.211e-05
TRPSYN-PWY: L-tryptophan biosynthesis|g__Lachnospiraceae_unclassified.s__Eubacterium_rectale	6.30498e-05
TRPSYN-PWY: L-tryptophan biosynthesis|g__Ruminococcus.s__Ruminococcus_bromii	3.91601e-05
TRPSYN-PWY: L-tryptophan biosynthesis|g__Anaerotruncus.s__Anaerotruncus_sp_CAG_528	2.22677e-05
TRPSYN-PWY: L-tryptophan biosynthesis|g__Fusicatenibacter.s__Fusicatenibacter_saccharivorans	2.03364e-05
TRPSYN-PWY: L-tryptophan biosynthesis|g__Blautia.s__Blautia_sp	1.36496e-05
TRPSYN-PWY: L-tryptophan biosynthesis|g__Bacteroides.s__Bacteroides_vulgatus	1.18835e-05
TRPSYN-PWY: L-tryptophan biosynthesis|g__Blautia.s__Blautia_obeum	9.8476e-06
TRPSYN-PWY: L-tryptophan biosynthesis|g__Anaerostipes.s__Anaerostipes_hadrus	9.2268e-06
TRPSYN-PWY: L-tryptophan biosynthesis|unclassified	8.0879e-06
TRPSYN-PWY: L-tryptophan biosynthesis|g__Eubacterium.s__Eubacterium_sp_CAG_252	6.61737e-06
TRPSYN-PWY: L-tryptophan biosynthesis|g__Ruminococcus.s__Ruminococcus_sp_CAG_254	5.95063e-06
TRPSYN-PWY: L-tryptophan biosynthesis|g__Eubacterium.s__Eubacterium_eligens	5.49398e-06
TRPSYN-PWY: L-tryptophan biosynthesis|g__Roseburia.s__Roseburia_faecis	5.33204e-06
TRPSYN-PWY: L-tryptophan biosynthesis|g__Bifidobacterium.s__Bifidobacterium_pseudocatenulatum	3.53629e-06
TRPSYN-PWY: L-tryptophan biosynthesis|g__Blautia.s__Blautia_wexlerae	3.08303e-06
TRPSYN-PWY: L-tryptophan biosynthesis|g__Bacteroides.s__Bacteroides_xylanisolvens	2.89015e-06
TRPSYN-PWY: L-tryptophan biosynthesis|g__Eubacterium.s__Eubacterium_sp_CAG_38	2.0603e-06
TRPSYN-PWY: L-tryptophan biosynthesis|g__Blautia.s__Ruminococcus_gnavus	2.03105e-06
TRPSYN-PWY: L-tryptophan biosynthesis|g__Firmicutes_unclassified.s__Firmicutes_bacterium_CAG_41	1.67176e-06
TRPSYN-PWY: L-tryptophan biosynthesis|g__Clostridium.s__Clostridium_sp_AM22_11AC	1.5973e-06
TRPSYN-PWY: L-tryptophan biosynthesis|g__Lawsonibacter.s__Lawsonibacter_asaccharolyticus	1.16455e-06
TRPSYN-PWY: L-tryptophan biosynthesis|g__Odoribacter.s__Odoribacter_splanchnicus	9.37122e-07
HISTSYN-PWY: L-histidine biosynthesis	0.000444972
HISTSYN-PWY: L-histidine biosynthesis|g__Blautia.s__Ruminococcus_torques	5.72059e-05
HISTSYN-PWY: L-histidine biosynthesis|g__Bacteroides.s__Bacteroides_uniformis	2.98587e-05
HISTSYN-PWY: L-histidine biosynthesis|g__Ruminococcus.s__Ruminococcus_bromii	2.59466e-05
HISTSYN-PWY: L-histidine biosynthesis|g__Faecalibacterium.s__Faecalibacterium_prausnitzii	2.43179e-05
HISTSYN-PWY: L-histidine biosynthesis|g__Alistipes.s__Alistipes_finegoldii	2.01131e-05
HISTSYN-PWY: L-histidine biosynthesis|unclassified	1.75264e-05
HISTSYN-PWY: L-histidine biosynthesis|g__Anaerotruncus.s__Anaerotruncus_sp_CAG_528	1.70481e-05
HISTSYN-PWY: L-histidine biosynthesis|g__Bacteroides.s__Bacteroides_clarus	1.42399e-05
HISTSYN-PWY: L-histidine biosynthesis|g__Roseburia.s__Roseburia_inulinivorans	1.32013e-05
HISTSYN-PWY: L-histidine biosynthesis|g__Bacteroides.s__Bacteroides_dorei	1.28442e-05
HISTSYN-PWY: L-histidine biosynthesis|g__Sutterella.s__Sutterella_wadsworthensis	1.22486e-05
HISTSYN-PWY: L-histidine biosynthesis|g__Bifidobacterium.s__Bifidobacterium_catenulatum	9.16208e-06
HISTSYN-PWY: L-histidine biosynthesis|g__Blautia.s__Blautia_sp	9.04447e-06
HISTSYN-PWY: L-histidine biosynthesis|g__Parabacteroides.s__Parabacteroides_distasonis	9.04112e-06
HISTSYN-PWY: L-histidine biosynthesis|g__Bacteroides.s__Bacteroides_xylanisolvens	7.77878e-06
HISTSYN-PWY: L-histidine biosynthesis|g__Bacteroides.s__Bacteroides_vulgatus	7.77002e-06
HISTSYN-PWY: L-histidine biosynthesis|g__Bifidobacterium.s__Bifidobacterium_longum	6.84765e-06
HISTSYN-PWY: L-histidine biosynthesis|g__Bifidobacterium.s__Bifidobacterium_bifidum	6.12662e-06
HISTSYN-PWY: L-histidine biosynthesis|g__Parabacteroides.s__Parabacteroides_merdae	4.89855e-06
HISTSYN-PWY: L-histidine biosynthesis|g__Bifidobacterium.s__Bifidobacterium_pseudocatenulatum	3.97537e-06
HISTSYN-PWY: L-histidine biosynthesis|g__Bacteroides.s__Bacteroides_caccae	3.00402e-06
HISTSYN-PWY: L-histidine biosynthesis|g__Bacteroides.s__Bacteroides_cellulosilyticus	2.65024e-06
HISTSYN-PWY: L-histidine biosynthesis|g__Clostridium.s__Clostridium_sp_AM22_11AC	2.31089e-06
HISTSYN-PWY: L-histidine biosynthesis|g__Bacteroides.s__Bacteroides_ovatus	2.29672e-06
HISTSYN-PWY: L-histidine biosynthesis|g__Subdoligranulum.s__Subdoligranulum_sp_APC924_74	2.16795e-06
HISTSYN-PWY: L-histidine biosynthesis|g__Eubacterium.s__Eubacterium_sp_CAG_38	1.82259e-06
HISTSYN-PWY: L-histidine biosynthesis|g__Odoribacter.s__Odoribacter_splanchnicus	1.55579e-06
HISTSYN-PWY: L-histidine biosynthesis|g__Bacteroides.s__Bacteroides_thetaiotaomicron	1.42551e-06
HISTSYN-PWY: L-histidine biosynthesis|g__Dorea.s__Dorea_formicigenerans	1.09289e-06
HISTSYN-PWY: L-histidine biosynthesis|g__Coprobacter.s__Coprobacter_secundus	8.41667e-07
HISTSYN-PWY: L-histidine biosynthesis|g__Butyricimonas.s__Butyricimonas_synergistica	5.60832e-07
HISTSYN-PWY: L-histidine biosynthesis|g__Alistipes.s__Alistipes_timonensis	4.15287e-07
PWY-7357: thiamine phosphate formation from pyrithiamine and oxythiamine (yeast)	0.000439534
PWY-7357: thiamine phosphate formation from pyrithiamine and oxythiamine (yeast)|g__Lachnospiraceae_unclassified.s__Eubacterium_rectale	9.00101e-05
PWY-7357: thiamine phosphate formation from pyrithiamine and oxythiamine (yeast)|g__Blautia.s__Ruminococcus_torques	5.32012e-05
PWY-7357: thiamine phosphate formation from pyrithiamine and oxythiamine (yeast)|g__Faecalibacterium.s__Faecalibacterium_prausnitzii	3.12252e-05
PWY-7357: thiamine phosphate formation from pyrithiamine and oxythiamine (yeast)|g__Bacteroides.s__Bacteroides_uniformis	2.89478e-05
PWY-7357: thiamine phosphate formation from pyrithiamine and oxythiamine (yeast)|g__Blautia.s__Blautia_obeum	1.95188e-05
PWY-7357: thiamine phosphate formation from pyrithiamine and oxythiamine (yeast)|g__Roseburia.s__Roseburia_inulinivorans	1.70985e-05
PWY-7357: thiamine phosphate formation from pyrithiamine and oxythiamine (yeast)|g__Fusicatenibacter.s__Fusicatenibacter_saccharivorans	1.55729e-05
PWY-7357: thiamine phosphate formation from pyrithiamine and oxythiamine (yeast)|g__Roseburia.s__Roseburia_faecis	1.40032e-05
PWY-7357: thiamine phosphate formation from pyrithiamine and oxythiamine (yeast)|unclassified	1.1266e-05
PWY-7357: thiamine phosphate formation from pyrithiamine and oxythiamine (yeast)|g__Anaerostipes.s__Anaerostipes_hadrus	9.66368e-06
PWY-7357: thiamine phosphate formation from pyrithiamine and oxythiamine (yeast)|g__Bifidobacterium.s__Bifidobacterium_bifidum	6.62499e-06
PWY-7357: thiamine phosphate formation from pyrithiamine and oxythiamine (yeast)|g__Dialister.s__Dialister_invisus	5.40431e-06
PWY-7357: thiamine phosphate formation from pyrithiamine and oxythiamine (yeast)|g__Dorea.s__Dorea_longicatena	4.93164e-06
PWY-7357: thiamine phosphate formation from pyrithiamine and oxythiamine (yeast)|g__Bacteroides.s__Bacteroides_ovatus	3.55116e-06
PWY-7357: thiamine phosphate formation from pyrithiamine and oxythiamine (yeast)|g__Dorea.s__Dorea_formicigenerans	2.73062e-06
PWY-7357: thiamine phosphate formation from pyrithiamine and oxythiamine (yeast)|g__Eubacterium.s__Eubacterium_hallii	2.13169e-06
PWY-7357: thiamine phosphate formation from pyrithiamine and oxythiamine (yeast)|g__Blautia.s__Blautia_wexlerae	1.99701e-06
PWY-7357: thiamine phosphate formation from pyrithiamine and oxythiamine (yeast)|g__Coprococcus.s__Coprococcus_comes	1.6766e-06
PWY-7357: thiamine phosphate formation from pyrithiamine and oxythiamine (yeast)|g__Blautia.s__Ruminococcus_gnavus	7.56371e-07
PWY-7357: thiamine phosphate formation from pyrithiamine and oxythiamine (yeast)|g__Agathobaculum.s__Agathobaculum_butyriciproducens	4.14174e-07
PWY-724: superpathway of L-lysine, L-threonine and L-methionine biosynthesis II	0.000424773
PWY-724: superpathway of L-lysine, L-threonine and L-methionine biosynthesis II|g__Blautia.s__Ruminococcus_torques	3.07251e-05
PWY-724: superpathway of L-lysine, L-threonine and L-methionine biosynthesis II|unclassified	1.974e-05
PWY-724: superpathway of L-lysine, L-threonine and L-methionine biosynthesis II|g__Faecalibacterium.s__Faecalibacterium_prausnitzii	1.28484e-05
PWY-724: superpathway of L-lysine, L-threonine and L-methionine biosynthesis II|g__Fusicatenibacter.s__Fusicatenibacter_saccharivorans	1.25575e-05
PWY-724: superpathway of L-lysine, L-threonine and L-methionine biosynthesis II|g__Bifidobacterium.s__Bifidobacterium_catenulatum	1.15635e-05
PWY-724: superpathway of L-lysine, L-threonine and L-methionine biosynthesis II|g__Roseburia.s__Roseburia_inulinivorans	1.02906e-05
PWY-724: superpathway of L-lysine, L-threonine and L-methionine biosynthesis II|g__Anaerostipes.s__Anaerostipes_hadrus	8.42919e-06
PWY-724: superpathway of L-lysine, L-threonine and L-methionine biosynthesis II|g__Bacteroides.s__Bacteroides_uniformis	7.36595e-06
PWY-724: superpathway of L-lysine, L-threonine and L-methionine biosynthesis II|g__Bifidobacterium.s__Bifidobacterium_longum	6.57913e-06
PWY-724: superpathway of L-lysine, L-threonine and L-methionine biosynthesis II|g__Blautia.s__Blautia_obeum	6.48339e-06
PWY-724: superpathway of L-lysine, L-threonine and L-methionine biosynthesis II|g__Bifidobacterium.s__Bifidobacterium_bifidum	6.44706e-06
PWY-724: superpathway of L-lysine, L-threonine and L-methionine biosynthesis II|g__Eubacterium.s__Eubacterium_sp_CAG_252	5.79244e-06
PWY-724: superpathway of L-lysine, L-threonine and L-methionine biosynthesis II|g__Dialister.s__Dialister_invisus	5.26625e-06
PWY-724: superpathway of L-lysine, L-threonine and L-methionine biosynthesis II|g__Bifidobacterium.s__Bifidobacterium_pseudocatenulatum	4.80606e-06
PWY-724: superpathway of L-lysine, L-threonine and L-methionine biosynthesis II|g__Dorea.s__Dorea_longicatena	4.46743e-06
PWY-724: superpathway of L-lysine, L-threonine and L-methionine biosynthesis II|g__Eubacterium.s__Eubacterium_hallii	2.66592e-06
PWY-724: superpathway of L-lysine, L-threonine and L-methionine biosynthesis II|g__Coprococcus.s__Coprococcus_comes	2.1781e-06
PWY-724: superpathway of L-lysine, L-threonine and L-methionine biosynthesis II|g__Agathobaculum.s__Agathobaculum_butyriciproducens	5.34253e-07
PWY-7111: pyruvate fermentation to isobutanol (engineered)	0.000407668
PWY-7111: pyruvate fermentation to isobutanol (engineered)|g__Blautia.s__Ruminococcus_torques	3.28436e-05
PWY-7111: pyruvate fermentation to isobutanol (engineered)|unclassified	2.02571e-05
PWY-7111: pyruvate fermentation to isobutanol (engineered)|g__Faecalibacterium.s__Faecalibacterium_prausnitzii	1.95757e-05
PWY-7111: pyruvate fermentation to isobutanol (engineered)|g__Roseburia.s__Roseburia_inulinivorans	1.35038e-05
PWY-7111: pyruvate fermentation to isobutanol (engineered)|g__Bifidobacterium.s__Bifidobacterium_catenulatum	1.2624e-05
PWY-7111: pyruvate fermentation to isobutanol (engineered)|g__Lachnospiraceae_unclassified.s__Eubacterium_rectale	1.22795e-05
PWY-7111: pyruvate fermentation to isobutanol (engineered)|g__Roseburia.s__Roseburia_faecis	1.01013e-05
PWY-7111: pyruvate fermentation to isobutanol (engineered)|g__Bifidobacterium.s__Bifidobacterium_longum	8.95867e-06
PWY-7111: pyruvate fermentation to isobutanol (engineered)|g__Anaerostipes.s__Anaerostipes_hadrus	8.51187e-06
PWY-7111: pyruvate fermentation to isobutanol (engineered)|g__Parabacteroides.s__Parabacteroides_distasonis	8.33341e-06
PWY-7111: pyruvate fermentation to isobutanol (engineered)|g__Blautia.s__Blautia_wexlerae	8.21887e-06
PWY-7111: pyruvate fermentation to isobutanol (engineered)|g__Bifidobacterium.s__Bifidobacterium_pseudocatenulatum	5.69038e-06
PWY-7111: pyruvate fermentation to isobutanol (engineered)|g__Eubacterium.s__Eubacterium_eligens	5.12073e-06
PWY-7111: pyruvate fermentation to isobutanol (engineered)|g__Bifidobacterium.s__Bifidobacterium_bifidum	3.70259e-06
PWY-7111: pyruvate fermentation to isobutanol (engineered)|g__Coprococcus.s__Coprococcus_comes	3.38064e-06
PWY-7111: pyruvate fermentation to isobutanol (engineered)|g__Dorea.s__Dorea_formicigenerans	2.22641e-06
PWY-7111: pyruvate fermentation to isobutanol (engineered)|g__Eubacterium.s__Eubacterium_hallii	1.99898e-06
PWY-7111: pyruvate fermentation to isobutanol (engineered)|g__Blautia.s__Ruminococcus_gnavus	1.63508e-06
PWY-7111: pyruvate fermentation to isobutanol (engineered)|g__Blautia.s__Blautia_obeum	1.244e-06
PWY-7111: pyruvate fermentation to isobutanol (engineered)|g__Flavonifractor.s__Flavonifractor_plautii	1.06721e-06
PWY-7111: pyruvate fermentation to isobutanol (engineered)|g__Agathobaculum.s__Agathobaculum_butyriciproducens	8.11189e-07
PWY-7111: pyruvate fermentation to isobutanol (engineered)|g__Roseburia.s__Roseburia_hominis	1.43802e-07
PWY-7400: L-arginine biosynthesis IV (archaebacteria)	0.000403162
PWY-7400: L-arginine biosynthesis IV (archaebacteria)|g__Blautia.s__Ruminococcus_torques	7.06907e-05
PWY-7400: L-arginine biosynthesis IV (archaebacteria)|unclassified	5.87473e-06
PWY-7400: L-arginine biosynthesis IV (archaebacteria)|g__Eubacterium.s__Eubacterium_hallii	1.95189e-06
PANTOSYN-PWY: superpathway of coenzyme A biosynthesis I (bacteria)	0.000401293
PANTOSYN-PWY: superpathway of coenzyme A biosynthesis I (bacteria)|g__Blautia.s__Ruminococcus_torques	5.51514e-05
PANTOSYN-PWY: superpathway of coenzyme A biosynthesis I (bacteria)|g__Bacteroides.s__Bacteroides_uniformis	2.73137e-05
PANTOSYN-PWY: superpathway of coenzyme A biosynthesis I (bacteria)|g__Bacteroides.s__Bacteroides_clarus	1.49518e-05
PANTOSYN-PWY: superpathway of coenzyme A biosynthesis I (bacteria)|g__Bacteroides.s__Bacteroides_dorei	1.42845e-05
PANTOSYN-PWY: superpathway of coenzyme A biosynthesis I (bacteria)|g__Alistipes.s__Alistipes_putredinis	1.0993e-05
PANTOSYN-PWY: superpathway of coenzyme A biosynthesis I (bacteria)|g__Parabacteroides.s__Parabacteroides_distasonis	9.35045e-06
PANTOSYN-PWY: superpathway of coenzyme A biosynthesis I (bacteria)|g__Anaerostipes.s__Anaerostipes_hadrus	8.2555e-06
PANTOSYN-PWY: superpathway of coenzyme A biosynthesis I (bacteria)|g__Bacteroides.s__Bacteroides_vulgatus	7.61606e-06
PANTOSYN-PWY: superpathway of coenzyme A biosynthesis I (bacteria)|g__Roseburia.s__Roseburia_faecis	7.54144e-06
PANTOSYN-PWY: superpathway of coenzyme A biosynthesis I (bacteria)|g__Bacteroides.s__Bacteroides_xylanisolvens	7.04798e-06
PANTOSYN-PWY: superpathway of coenzyme A biosynthesis I (bacteria)|g__Blautia.s__Blautia_wexlerae	4.25244e-06
PANTOSYN-PWY: superpathway of coenzyme A biosynthesis I (bacteria)|g__Parabacteroides.s__Parabacteroides_merdae	4.20561e-06
PANTOSYN-PWY: superpathway of coenzyme A biosynthesis I (bacteria)|g__Dorea.s__Dorea_longicatena	3.53919e-06
PANTOSYN-PWY: superpathway of coenzyme A biosynthesis I (bacteria)|unclassified	2.9673e-06
PANTOSYN-PWY: superpathway of coenzyme A biosynthesis I (bacteria)|g__Bacteroides.s__Bacteroides_cellulosilyticus	2.8738e-06
PANTOSYN-PWY: superpathway of coenzyme A biosynthesis I (bacteria)|g__Bacteroides.s__Bacteroides_caccae	2.68752e-06
PANTOSYN-PWY: superpathway of coenzyme A biosynthesis I (bacteria)|g__Lachnospiraceae_unclassified.s__Eubacterium_rectale	2.62398e-06
PANTOSYN-PWY: superpathway of coenzyme A biosynthesis I (bacteria)|g__Coprococcus.s__Coprococcus_comes	2.3395e-06
PANTOSYN-PWY: superpathway of coenzyme A biosynthesis I (bacteria)|g__Bacteroides.s__Bacteroides_ovatus	2.19844e-06
PANTOSYN-PWY: superpathway of coenzyme A biosynthesis I (bacteria)|g__Odoribacter.s__Odoribacter_splanchnicus	1.35572e-06
PANTOSYN-PWY: superpathway of coenzyme A biosynthesis I (bacteria)|g__Bacteroides.s__Bacteroides_thetaiotaomicron	1.24182e-06
PANTOSYN-PWY: superpathway of coenzyme A biosynthesis I (bacteria)|g__Blautia.s__Ruminococcus_gnavus	1.11119e-06
PANTOSYN-PWY: superpathway of coenzyme A biosynthesis I (bacteria)|g__Dorea.s__Dorea_formicigenerans	1.10393e-06
PANTOSYN-PWY: superpathway of coenzyme A biosynthesis I (bacteria)|g__Senegalimassilia.s__Senegalimassilia_anaerobia	9.92543e-07
PANTOSYN-PWY: superpathway of coenzyme A biosynthesis I (bacteria)|g__Agathobaculum.s__Agathobaculum_butyriciproducens	7.73536e-07
RIBOSYN2-PWY: flavin biosynthesis I (bacteria and plants)	0.000395647
RIBOSYN2-PWY: flavin biosynthesis I (bacteria and plants)|g__Blautia.s__Ruminococcus_torques	6.81718e-05
RIBOSYN2-PWY: flavin biosynthesis I (bacteria and plants)|g__Lachnospiraceae_unclassified.s__Eubacterium_rectale	3.79676e-05
RIBOSYN2-PWY: flavin biosynthesis I (bacteria and plants)|g__Faecalibacterium.s__Faecalibacterium_prausnitzii	2.9059e-05
RIBOSYN2-PWY: flavin biosynthesis I (bacteria and plants)|g__Bacteroides.s__Bacteroides_dorei	1.5354e-05
RIBOSYN2-PWY: flavin biosynthesis I (bacteria and plants)|g__Parabacteroides.s__Parabacteroides_distasonis	1.09486e-05
RIBOSYN2-PWY: flavin biosynthesis I (bacteria and plants)|g__Bacteroides.s__Bacteroides_vulgatus	7.82318e-06
RIBOSYN2-PWY: flavin biosynthesis I (bacteria and plants)|g__Roseburia.s__Roseburia_faecis	7.5293e-06
RIBOSYN2-PWY: flavin biosynthesis I (bacteria and plants)|g__Bacteroides.s__Bacteroides_xylanisolvens	6.67798e-06
RIBOSYN2-PWY: flavin biosynthesis I (bacteria and plants)|unclassified	6.24997e-06
RIBOSYN2-PWY: flavin biosynthesis I (bacteria and plants)|g__Blautia.s__Blautia_wexlerae	5.59404e-06
RIBOSYN2-PWY: flavin biosynthesis I (bacteria and plants)|g__Blautia.s__Blautia_obeum	5.50522e-06
RIBOSYN2-PWY: flavin biosynthesis I (bacteria and plants)|g__Eubacterium.s__Eubacterium_eligens	4.9043e-06
RIBOSYN2-PWY: flavin biosynthesis I (bacteria and plants)|g__Anaerostipes.s__Anaerostipes_hadrus	4.22354e-06
RIBOSYN2-PWY: flavin biosynthesis I (bacteria and plants)|g__Eubacterium.s__Eubacterium_hallii	2.65275e-06
RIBOSYN2-PWY: flavin biosynthesis I (bacteria and plants)|g__Clostridium.s__Clostridium_sp_AM22_11AC	2.29392e-06
RIBOSYN2-PWY: flavin biosynthesis I (bacteria and plants)|g__Coprococcus.s__Coprococcus_comes	2.08771e-06
RIBOSYN2-PWY: flavin biosynthesis I (bacteria and plants)|g__Bacteroides.s__Bacteroides_caccae	1.78558e-06
RIBOSYN2-PWY: flavin biosynthesis I (bacteria and plants)|g__Odoribacter.s__Odoribacter_splanchnicus	1.50015e-06
RIBOSYN2-PWY: flavin biosynthesis I (bacteria and plants)|g__Dorea.s__Dorea_formicigenerans	1.143e-06
RIBOSYN2-PWY: flavin biosynthesis I (bacteria and plants)|g__Bacteroides.s__Bacteroides_thetaiotaomicron	8.09768e-07
PWY-6123: inosine-5'-phosphate biosynthesis I	0.000394107
PWY-6123: inosine-5'-phosphate biosynthesis I|g__Blautia.s__Ruminococcus_torques	4.02243e-05
PWY-6123: inosine-5'-phosphate biosynthesis I|g__Faecalibacterium.s__Faecalibacterium_prausnitzii	2.3481e-05
PWY-6123: inosine-5'-phosphate biosynthesis I|g__Bacteroides.s__Bacteroides_uniformis	2.31576e-05
PWY-6123: inosine-5'-phosphate biosynthesis I|g__Alistipes.s__Alistipes_finegoldii	2.19679e-05
PWY-6123: inosine-5'-phosphate biosynthesis I|unclassified	1.9028e-05
PWY-6123: inosine-5'-phosphate biosynthesis I|g__Bacteroides.s__Bacteroides_dorei	1.45262e-05
PWY-6123: inosine-5'-phosphate biosynthesis I|g__Bacteroides.s__Bacteroides_clarus	1.43471e-05
PWY-6123: inosine-5'-phosphate biosynthesis I|g__Sutterella.s__Sutterella_wadsworthensis	1.28447e-05
PWY-6123: inosine-5'-phosphate biosynthesis I|g__Parabacteroides.s__Parabacteroides_distasonis	1.01094e-05
PWY-6123: inosine-5'-phosphate biosynthesis I|g__Alistipes.s__Alistipes_putredinis	1.01059e-05
PWY-6123: inosine-5'-phosphate biosynthesis I|g__Bifidobacterium.s__Bifidobacterium_catenulatum	9.60341e-06
PWY-6123: inosine-5'-phosphate biosynthesis I|g__Blautia.s__Blautia_wexlerae	9.48436e-06
PWY-6123: inosine-5'-phosphate biosynthesis I|g__Bacteroides.s__Bacteroides_vulgatus	9.02942e-06
PWY-6123: inosine-5'-phosphate biosynthesis I|g__Anaerostipes.s__Anaerostipes_hadrus	8.54458e-06
PWY-6123: inosine-5'-phosphate biosynthesis I|g__Bifidobacterium.s__Bifidobacterium_bifidum	6.49756e-06
PWY-6123: inosine-5'-phosphate biosynthesis I|g__Dialister.s__Dialister_invisus	5.48068e-06
PWY-6123: inosine-5'-phosphate biosynthesis I|g__Bacteroides.s__Bacteroides_xylanisolvens	5.4296e-06
PWY-6123: inosine-5'-phosphate biosynthesis I|g__Parabacteroides.s__Parabacteroides_merdae	4.81634e-06
PWY-6123: inosine-5'-phosphate biosynthesis I|g__Bacteroides.s__Bacteroides_ovatus	3.45283e-06
PWY-6123: inosine-5'-phosphate biosynthesis I|g__Bifidobacterium.s__Bifidobacterium_pseudocatenulatum	3.40126e-06
PWY-6123: inosine-5'-phosphate biosynthesis I|g__Blautia.s__Blautia_sp	3.08055e-06
PWY-6123: inosine-5'-phosphate biosynthesis I|g__Coprococcus.s__Coprococcus_comes	3.05186e-06
PWY-6123: inosine-5'-phosphate biosynthesis I|g__Bacteroides.s__Bacteroides_cellulosilyticus	2.58911e-06
PWY-6123: inosine-5'-phosphate biosynthesis I|g__Bacteroides.s__Bacteroides_caccae	2.07298e-06
PWY-6123: inosine-5'-phosphate biosynthesis I|g__Odoribacter.s__Odoribacter_splanchnicus	1.55263e-06
PWY-6123: inosine-5'-phosphate biosynthesis I|g__Bacteroides.s__Bacteroides_thetaiotaomicron	1.53329e-06
PWY-6123: inosine-5'-phosphate biosynthesis I|g__Eubacterium.s__Eubacterium_hallii	1.47909e-06
PWY-6123: inosine-5'-phosphate biosynthesis I|g__Senegalimassilia.s__Senegalimassilia_anaerobia	1.18911e-06
PWY-6123: inosine-5'-phosphate biosynthesis I|g__Alistipes.s__Alistipes_onderdonkii	5.92048e-07
PWY-6123: inosine-5'-phosphate biosynthesis I|g__Alistipes.s__Alistipes_timonensis	5.44911e-07
PWY-6123: inosine-5'-phosphate biosynthesis I|g__Coprococcus.s__Coprococcus_catus	4.34657e-07
PWY-7237: myo-, chiro- and scyllo-inositol degradation	0.000387933
PWY-7237: myo-, chiro- and scyllo-inositol degradation|unclassified	1.49076e-05
PWY-7237: myo-, chiro- and scyllo-inositol degradation|g__Anaerostipes.s__Anaerostipes_hadrus	1.44214e-05
PWY-7237: myo-, chiro- and scyllo-inositol degradation|g__Blautia.s__Blautia_sp	1.27338e-05
PWY-7237: myo-, chiro- and scyllo-inositol degradation|g__Agathobaculum.s__Agathobaculum_butyriciproducens	5.25052e-06
PYRIDNUCSYN-PWY: NAD de novo biosynthesis I (from aspartate)	0.000384266
PYRIDNUCSYN-PWY: NAD de novo biosynthesis I (from aspartate)|g__Blautia.s__Ruminococcus_torques	2.62093e-05
PYRIDNUCSYN-PWY: NAD de novo biosynthesis I (from aspartate)|g__Bacteroides.s__Bacteroides_uniformis	2.15727e-05
PYRIDNUCSYN-PWY: NAD de novo biosynthesis I (from aspartate)|g__Bacteroides.s__Bacteroides_dorei	1.69354e-05
PYRIDNUCSYN-PWY: NAD de novo biosynthesis I (from aspartate)|g__Bacteroides.s__Bacteroides_clarus	1.39164e-05
PYRIDNUCSYN-PWY: NAD de novo biosynthesis I (from aspartate)|g__Alistipes.s__Alistipes_putredinis	1.21207e-05
PYRIDNUCSYN-PWY: NAD de novo biosynthesis I (from aspartate)|g__Parabacteroides.s__Parabacteroides_distasonis	8.64469e-06
PYRIDNUCSYN-PWY: NAD de novo biosynthesis I (from aspartate)|g__Bacteroides.s__Bacteroides_vulgatus	8.40945e-06
PYRIDNUCSYN-PWY: NAD de novo biosynthesis I (from aspartate)|g__Anaerostipes.s__Anaerostipes_hadrus	7.73645e-06
PYRIDNUCSYN-PWY: NAD de novo biosynthesis I (from aspartate)|g__Bifidobacterium.s__Bifidobacterium_longum	6.0518e-06
PYRIDNUCSYN-PWY: NAD de novo biosynthesis I (from aspartate)|g__Bifidobacterium.s__Bifidobacterium_bifidum	5.9099e-06
PYRIDNUCSYN-PWY: NAD de novo biosynthesis I (from aspartate)|unclassified	5.77459e-06
PYRIDNUCSYN-PWY: NAD de novo biosynthesis I (from aspartate)|g__Bacteroides.s__Bacteroides_ovatus	3.56162e-06
PYRIDNUCSYN-PWY: NAD de novo biosynthesis I (from aspartate)|g__Dorea.s__Dorea_longicatena	2.76692e-06
PYRIDNUCSYN-PWY: NAD de novo biosynthesis I (from aspartate)|g__Eubacterium.s__Eubacterium_hallii	2.36605e-06
PYRIDNUCSYN-PWY: NAD de novo biosynthesis I (from aspartate)|g__Blautia.s__Ruminococcus_gnavus	2.0123e-06
PYRIDNUCSYN-PWY: NAD de novo biosynthesis I (from aspartate)|g__Coprococcus.s__Coprococcus_comes	1.79531e-06
PYRIDNUCSYN-PWY: NAD de novo biosynthesis I (from aspartate)|g__Bacteroides.s__Bacteroides_cellulosilyticus	1.6571e-06
PYRIDNUCSYN-PWY: NAD de novo biosynthesis I (from aspartate)|g__Bacteroides.s__Bacteroides_thetaiotaomicron	9.6105e-07
PYRIDNUCSYN-PWY: NAD de novo biosynthesis I (from aspartate)|g__Coprobacter.s__Coprobacter_secundus	5.43343e-07
PYRIDNUCSYN-PWY: NAD de novo biosynthesis I (from aspartate)|g__Alistipes.s__Alistipes_onderdonkii	5.23058e-07
PWY-2942: L-lysine biosynthesis III	0.000375329
PWY-2942: L-lysine biosynthesis III|g__Bacteroides.s__Bacteroides_uniformis	2.75045e-05
PWY-2942: L-lysine biosynthesis III|g__Blautia.s__Ruminococcus_torques	2.70067e-05
PWY-2942: L-lysine biosynthesis III|g__Parabacteroides.s__Parabacteroides_distasonis	1.19729e-05
PWY-2942: L-lysine biosynthesis III|unclassified	8.67789e-06
PWY-2942: L-lysine biosynthesis III|g__Anaerostipes.s__Anaerostipes_hadrus	8.25329e-06
PWY-2942: L-lysine biosynthesis III|g__Parabacteroides.s__Parabacteroides_merdae	6.29122e-06
PWY-2942: L-lysine biosynthesis III|g__Dialister.s__Dialister_invisus	5.10685e-06
PWY-2942: L-lysine biosynthesis III|g__Dorea.s__Dorea_longicatena	4.82293e-06
PWY-2942: L-lysine biosynthesis III|g__Eubacterium.s__Eubacterium_hallii	3.01768e-06
PWY-2942: L-lysine biosynthesis III|g__Bilophila.s__Bilophila_wadsworthia	1.37663e-06
PWY-6317: D-galactose degradation I (Leloir pathway)	0.000370307
PWY-6317: D-galactose degradation I (Leloir pathway)|g__Blautia.s__Ruminococcus_torques	5.8395e-05
PWY-6317: D-galactose degradation I (Leloir pathway)|g__Faecalibacterium.s__Faecalibacterium_prausnitzii	2.23408e-05
PWY-6317: D-galactose degradation I (Leloir pathway)|unclassified	1.70267e-05
PWY-6317: D-galactose degradation I (Leloir pathway)|g__Fusicatenibacter.s__Fusicatenibacter_saccharivorans	1.65129e-05
PWY-6317: D-galactose degradation I (Leloir pathway)|g__Roseburia.s__Roseburia_inulinivorans	1.30015e-05
PWY-6317: D-galactose degradation I (Leloir pathway)|g__Blautia.s__Blautia_wexlerae	1.2992e-05
PWY-6317: D-galactose degradation I (Leloir pathway)|g__Blautia.s__Blautia_sp	1.24524e-05
PWY-6317: D-galactose degradation I (Leloir pathway)|g__Blautia.s__Blautia_obeum	1.02419e-05
PWY-6317: D-galactose degradation I (Leloir pathway)|g__Roseburia.s__Roseburia_faecis	9.19477e-06
PWY-6317: D-galactose degradation I (Leloir pathway)|g__Anaerostipes.s__Anaerostipes_hadrus	8.96363e-06
PWY-6317: D-galactose degradation I (Leloir pathway)|g__Eubacterium.s__Eubacterium_eligens	4.51397e-06
PWY-6317: D-galactose degradation I (Leloir pathway)|g__Dorea.s__Dorea_longicatena	3.78243e-06
PWY-6317: D-galactose degradation I (Leloir pathway)|g__Eubacterium.s__Eubacterium_hallii	3.05241e-06
PWY-6317: D-galactose degradation I (Leloir pathway)|g__Coprococcus.s__Coprococcus_comes	2.76291e-06
PWY-6317: D-galactose degradation I (Leloir pathway)|g__Dorea.s__Dorea_formicigenerans	1.81061e-06
PWY-6317: D-galactose degradation I (Leloir pathway)|g__Eubacterium.s__Eubacterium_ramulus	5.54774e-07
PWY-6124: inosine-5'-phosphate biosynthesis II	0.000369958
PWY-6124: inosine-5'-phosphate biosynthesis II|g__Blautia.s__Ruminococcus_torques	3.69243e-05
PWY-6124: inosine-5'-phosphate biosynthesis II|g__Faecalibacterium.s__Faecalibacterium_prausnitzii	2.42332e-05
PWY-6124: inosine-5'-phosphate biosynthesis II|g__Bacteroides.s__Bacteroides_uniformis	2.2336e-05
PWY-6124: inosine-5'-phosphate biosynthesis II|unclassified	1.67976e-05
PWY-6124: inosine-5'-phosphate biosynthesis II|g__Bacteroides.s__Bacteroides_dorei	1.38739e-05
PWY-6124: inosine-5'-phosphate biosynthesis II|g__Bacteroides.s__Bacteroides_clarus	1.35876e-05
PWY-6124: inosine-5'-phosphate biosynthesis II|g__Sutterella.s__Sutterella_wadsworthensis	1.26917e-05
PWY-6124: inosine-5'-phosphate biosynthesis II|g__Blautia.s__Blautia_sp	1.13758e-05
PWY-6124: inosine-5'-phosphate biosynthesis II|g__Blautia.s__Blautia_wexlerae	1.07095e-05
PWY-6124: inosine-5'-phosphate biosynthesis II|g__Alistipes.s__Alistipes_putredinis	9.63398e-06
PWY-6124: inosine-5'-phosphate biosynthesis II|g__Parabacteroides.s__Parabacteroides_distasonis	9.54731e-06
PWY-6124: inosine-5'-phosphate biosynthesis II|g__Bacteroides.s__Bacteroides_vulgatus	9.24167e-06
PWY-6124: inosine-5'-phosphate biosynthesis II|g__Anaerostipes.s__Anaerostipes_hadrus	8.59929e-06
PWY-6124: inosine-5'-phosphate biosynthesis II|g__Bifidobacterium.s__Bifidobacterium_catenulatum	8.37711e-06
PWY-6124: inosine-5'-phosphate biosynthesis II|g__Alistipes.s__Alistipes_finegoldii	7.27789e-06
PWY-6124: inosine-5'-phosphate biosynthesis II|g__Dialister.s__Dialister_invisus	5.74002e-06
PWY-6124: inosine-5'-phosphate biosynthesis II|g__Bacteroides.s__Bacteroides_xylanisolvens	4.97512e-06
PWY-6124: inosine-5'-phosphate biosynthesis II|g__Parabacteroides.s__Parabacteroides_merdae	4.39921e-06
PWY-6124: inosine-5'-phosphate biosynthesis II|g__Bacteroides.s__Bacteroides_ovatus	3.38015e-06
PWY-6124: inosine-5'-phosphate biosynthesis II|g__Eubacterium.s__Eubacterium_hallii	3.10091e-06
PWY-6124: inosine-5'-phosphate biosynthesis II|g__Coprococcus.s__Coprococcus_comes	3.09751e-06
PWY-6124: inosine-5'-phosphate biosynthesis II|g__Bifidobacterium.s__Bifidobacterium_pseudocatenulatum	2.98943e-06
PWY-6124: inosine-5'-phosphate biosynthesis II|g__Bacteroides.s__Bacteroides_cellulosilyticus	2.46705e-06
PWY-6124: inosine-5'-phosphate biosynthesis II|g__Bacteroides.s__Bacteroides_caccae	1.95142e-06
PWY-6124: inosine-5'-phosphate biosynthesis II|g__Bacteroides.s__Bacteroides_thetaiotaomicron	1.53003e-06
PWY-6124: inosine-5'-phosphate biosynthesis II|g__Odoribacter.s__Odoribacter_splanchnicus	1.44608e-06
PWY-6124: inosine-5'-phosphate biosynthesis II|g__Senegalimassilia.s__Senegalimassilia_anaerobia	1.20255e-06
PWY-6124: inosine-5'-phosphate biosynthesis II|g__Coprobacter.s__Coprobacter_secundus	7.36114e-07
PWY-6124: inosine-5'-phosphate biosynthesis II|g__Alistipes.s__Alistipes_onderdonkii	5.19042e-07
PWY-6124: inosine-5'-phosphate biosynthesis II|g__Alistipes.s__Alistipes_timonensis	3.89821e-07
PWY-3001: superpathway of L-isoleucine biosynthesis I	0.000362862
PWY-3001: superpathway of L-isoleucine biosynthesis I|g__Blautia.s__Ruminococcus_torques	2.82356e-05
PWY-3001: superpathway of L-isoleucine biosynthesis I|g__Bifidobacterium.s__Bifidobacterium_bifidum	7.92194e-06
PWY-3001: superpathway of L-isoleucine biosynthesis I|g__Bifidobacterium.s__Bifidobacterium_longum	7.30299e-06
PWY-3001: superpathway of L-isoleucine biosynthesis I|unclassified	6.8653e-06
PWY-3001: superpathway of L-isoleucine biosynthesis I|g__Eubacterium.s__Eubacterium_hallii	2.59914e-06
PANTO-PWY: phosphopantothenate biosynthesis I	0.000361533
PANTO-PWY: phosphopantothenate biosynthesis I|g__Lachnospiraceae_unclassified.s__Eubacterium_rectale	7.73165e-05
PANTO-PWY: phosphopantothenate biosynthesis I|g__Blautia.s__Ruminococcus_torques	5.02264e-05
PANTO-PWY: phosphopantothenate biosynthesis I|g__Bacteroides.s__Bacteroides_uniformis	2.78599e-05
PANTO-PWY: phosphopantothenate biosynthesis I|g__Bacteroides.s__Bacteroides_clarus	1.83729e-05
PANTO-PWY: phosphopantothenate biosynthesis I|g__Bacteroides.s__Bacteroides_dorei	1.40045e-05
PANTO-PWY: phosphopantothenate biosynthesis I|g__Parabacteroides.s__Parabacteroides_distasonis	1.09591e-05
PANTO-PWY: phosphopantothenate biosynthesis I|g__Alistipes.s__Alistipes_putredinis	1.04816e-05
PANTO-PWY: phosphopantothenate biosynthesis I|g__Anaerostipes.s__Anaerostipes_hadrus	1.03141e-05
PANTO-PWY: phosphopantothenate biosynthesis I|g__Bacteroides.s__Bacteroides_vulgatus	9.44964e-06
PANTO-PWY: phosphopantothenate biosynthesis I|g__Bacteroides.s__Bacteroides_xylanisolvens	8.51463e-06
PANTO-PWY: phosphopantothenate biosynthesis I|g__Roseburia.s__Roseburia_faecis	7.32495e-06
PANTO-PWY: phosphopantothenate biosynthesis I|g__Blautia.s__Blautia_wexlerae	5.15852e-06
PANTO-PWY: phosphopantothenate biosynthesis I|g__Parabacteroides.s__Parabacteroides_merdae	4.61719e-06
PANTO-PWY: phosphopantothenate biosynthesis I|g__Eubacterium.s__Eubacterium_hallii	4.23991e-06
PANTO-PWY: phosphopantothenate biosynthesis I|g__Blautia.s__Blautia_sp	4.17779e-06
PANTO-PWY: phosphopantothenate biosynthesis I|unclassified	3.69902e-06
PANTO-PWY: phosphopantothenate biosynthesis I|g__Dorea.s__Dorea_longicatena	3.39818e-06
PANTO-PWY: phosphopantothenate biosynthesis I|g__Bacteroides.s__Bacteroides_caccae	3.12295e-06
PANTO-PWY: phosphopantothenate biosynthesis I|g__Eubacterium.s__Eubacterium_sp_CAG_38	2.83864e-06
PANTO-PWY: phosphopantothenate biosynthesis I|g__Bacteroides.s__Bacteroides_cellulosilyticus	2.70406e-06
PANTO-PWY: phosphopantothenate biosynthesis I|g__Bacteroides.s__Bacteroides_ovatus	2.5475e-06
PANTO-PWY: phosphopantothenate biosynthesis I|g__Coprococcus.s__Coprococcus_comes	2.51874e-06
PANTO-PWY: phosphopantothenate biosynthesis I|g__Clostridium.s__Clostridium_sp_CAG_122	2.18997e-06
PANTO-PWY: phosphopantothenate biosynthesis I|g__Eubacterium.s__Eubacterium_sp_CAG_192	1.8109e-06
PANTO-PWY: phosphopantothenate biosynthesis I|g__Alistipes.s__Alistipes_onderdonkii	1.62238e-06
PANTO-PWY: phosphopantothenate biosynthesis I|g__Odoribacter.s__Odoribacter_splanchnicus	1.53044e-06
PANTO-PWY: phosphopantothenate biosynthesis I|g__Bilophila.s__Bilophila_wadsworthia	1.46768e-06
PANTO-PWY: phosphopantothenate biosynthesis I|g__Bacteroides.s__Bacteroides_thetaiotaomicron	1.3221e-06
PANTO-PWY: phosphopantothenate biosynthesis I|g__Senegalimassilia.s__Senegalimassilia_anaerobia	1.24652e-06
PANTO-PWY: phosphopantothenate biosynthesis I|g__Dorea.s__Dorea_formicigenerans	1.04546e-06
PANTO-PWY: phosphopantothenate biosynthesis I|g__Agathobaculum.s__Agathobaculum_butyriciproducens	8.26121e-07
PANTO-PWY: phosphopantothenate biosynthesis I|g__Blautia.s__Ruminococcus_gnavus	7.5626e-07
PWY-6270: isoprene biosynthesis I	0.000359207
PWY-6270: isoprene biosynthesis I|g__Blautia.s__Ruminococcus_torques	5.66539e-05
PWY-6270: isoprene biosynthesis I|g__Fusicatenibacter.s__Fusicatenibacter_saccharivorans	1.81906e-05
PWY-6270: isoprene biosynthesis I|unclassified	1.45998e-05
PWY-6270: isoprene biosynthesis I|g__Parabacteroides.s__Parabacteroides_distasonis	9.46903e-06
PWY-6270: isoprene biosynthesis I|g__Anaerostipes.s__Anaerostipes_hadrus	6.79596e-06
PWY-6270: isoprene biosynthesis I|g__Eubacterium.s__Eubacterium_eligens	5.82712e-06
PWY-6270: isoprene biosynthesis I|g__Dorea.s__Dorea_longicatena	5.04969e-06
PWY-6270: isoprene biosynthesis I|g__Bacteroides.s__Bacteroides_ovatus	3.67977e-06
PWY-6270: isoprene biosynthesis I|g__Blautia.s__Blautia_wexlerae	3.28539e-06
PWY-6270: isoprene biosynthesis I|g__Eubacterium.s__Eubacterium_hallii	3.16888e-06
PWY-6270: isoprene biosynthesis I|g__Coprococcus.s__Coprococcus_comes	2.01983e-06
PWY-6270: isoprene biosynthesis I|g__Bacteroides.s__Bacteroides_thetaiotaomicron	1.4122e-06
PWY-6527: stachyose degradation	0.000357973
PWY-6527: stachyose degradation|g__Lachnospiraceae_unclassified.s__Eubacterium_rectale	5.69559e-05
PWY-6527: stachyose degradation|g__Blautia.s__Ruminococcus_torques	5.63773e-05
PWY-6527: stachyose degradation|g__Fusicatenibacter.s__Fusicatenibacter_saccharivorans	1.86353e-05
PWY-6527: stachyose degradation|g__Blautia.s__Blautia_wexlerae	1.60907e-05
PWY-6527: stachyose degradation|g__Blautia.s__Blautia_obeum	1.58051e-05
PWY-6527: stachyose degradation|unclassified	1.47056e-05
PWY-6527: stachyose degradation|g__Roseburia.s__Roseburia_inulinivorans	1.27736e-05
PWY-6527: stachyose degradation|g__Roseburia.s__Roseburia_faecis	1.06668e-05
PWY-6527: stachyose degradation|g__Faecalibacterium.s__Faecalibacterium_prausnitzii	5.98649e-06
PWY-6527: stachyose degradation|g__Dorea.s__Dorea_longicatena	4.56535e-06
PWY-6527: stachyose degradation|g__Blautia.s__Ruminococcus_gnavus	1.70169e-06
PWY-6527: stachyose degradation|g__Eubacterium.s__Eubacterium_ramulus	4.87431e-07
THRESYN-PWY: superpathway of L-threonine biosynthesis	0.000351992
THRESYN-PWY: superpathway of L-threonine biosynthesis|g__Blautia.s__Ruminococcus_torques	2.4368e-05
THRESYN-PWY: superpathway of L-threonine biosynthesis|g__Bacteroides.s__Bacteroides_clarus	1.5131e-05
THRESYN-PWY: superpathway of L-threonine biosynthesis|g__Bacteroides.s__Bacteroides_dorei	1.42581e-05
THRESYN-PWY: superpathway of L-threonine biosynthesis|g__Bifidobacterium.s__Bifidobacterium_catenulatum	1.14987e-05
THRESYN-PWY: superpathway of L-threonine biosynthesis|g__Faecalibacterium.s__Faecalibacterium_prausnitzii	1.04051e-05
THRESYN-PWY: superpathway of L-threonine biosynthesis|unclassified	1.00645e-05
THRESYN-PWY: superpathway of L-threonine biosynthesis|g__Bifidobacterium.s__Bifidobacterium_bifidum	8.01944e-06
THRESYN-PWY: superpathway of L-threonine biosynthesis|g__Anaerostipes.s__Anaerostipes_hadrus	7.50503e-06
THRESYN-PWY: superpathway of L-threonine biosynthesis|g__Bacteroides.s__Bacteroides_vulgatus	7.09029e-06
THRESYN-PWY: superpathway of L-threonine biosynthesis|g__Bifidobacterium.s__Bifidobacterium_longum	6.72728e-06
THRESYN-PWY: superpathway of L-threonine biosynthesis|g__Dialister.s__Dialister_invisus	5.19948e-06
THRESYN-PWY: superpathway of L-threonine biosynthesis|g__Blautia.s__Blautia_obeum	4.81764e-06
THRESYN-PWY: superpathway of L-threonine biosynthesis|g__Bacteroides.s__Bacteroides_uniformis	4.60758e-06
THRESYN-PWY: superpathway of L-threonine biosynthesis|g__Bifidobacterium.s__Bifidobacterium_pseudocatenulatum	4.3959e-06
THRESYN-PWY: superpathway of L-threonine biosynthesis|g__Eubacterium.s__Eubacterium_hallii	2.91911e-06
THRESYN-PWY: superpathway of L-threonine biosynthesis|g__Bacteroides.s__Bacteroides_intestinalis	8.45097e-07
PWY-7560: methylerythritol phosphate pathway II	0.000346095
PWY-7560: methylerythritol phosphate pathway II|g__Blautia.s__Ruminococcus_torques	5.65691e-05
PWY-7560: methylerythritol phosphate pathway II|g__Fusicatenibacter.s__Fusicatenibacter_saccharivorans	1.87437e-05
PWY-7560: methylerythritol phosphate pathway II|unclassified	1.4298e-05
PWY-7560: methylerythritol phosphate pathway II|g__Parabacteroides.s__Parabacteroides_distasonis	9.34622e-06
PWY-7560: methylerythritol phosphate pathway II|g__Anaerostipes.s__Anaerostipes_hadrus	6.78431e-06
PWY-7560: methylerythritol phosphate pathway II|g__Blautia.s__Blautia_obeum	6.63152e-06
PWY-7560: methylerythritol phosphate pathway II|g__Eubacterium.s__Eubacterium_eligens	6.12367e-06
PWY-7560: methylerythritol phosphate pathway II|g__Dorea.s__Dorea_longicatena	5.12525e-06
PWY-7560: methylerythritol phosphate pathway II|g__Bacteroides.s__Bacteroides_ovatus	3.97132e-06
PWY-7560: methylerythritol phosphate pathway II|g__Eubacterium.s__Eubacterium_hallii	3.08444e-06
PWY-7560: methylerythritol phosphate pathway II|g__Blautia.s__Blautia_wexlerae	2.9554e-06
PWY-7560: methylerythritol phosphate pathway II|g__Coprococcus.s__Coprococcus_comes	2.18889e-06
PWY-7560: methylerythritol phosphate pathway II|g__Bacteroides.s__Bacteroides_thetaiotaomicron	1.33601e-06
PWY-7977: L-methionine biosynthesis IV	0.000345183
PWY-7977: L-methionine biosynthesis IV|g__Bacteroides.s__Bacteroides_uniformis	2.91485e-05
PWY-7977: L-methionine biosynthesis IV|g__Blautia.s__Ruminococcus_torques	1.82178e-05
PWY-7977: L-methionine biosynthesis IV|g__Bacteroides.s__Bacteroides_dorei	1.51472e-05
PWY-7977: L-methionine biosynthesis IV|g__Bacteroides.s__Bacteroides_clarus	1.50861e-05
PWY-7977: L-methionine biosynthesis IV|unclassified	1.23661e-05
PWY-7977: L-methionine biosynthesis IV|g__Alistipes.s__Alistipes_finegoldii	1.17283e-05
PWY-7977: L-methionine biosynthesis IV|g__Parabacteroides.s__Parabacteroides_distasonis	1.13174e-05
PWY-7977: L-methionine biosynthesis IV|g__Alistipes.s__Alistipes_putredinis	9.65414e-06
PWY-7977: L-methionine biosynthesis IV|g__Fusicatenibacter.s__Fusicatenibacter_saccharivorans	9.52245e-06
PWY-7977: L-methionine biosynthesis IV|g__Anaerostipes.s__Anaerostipes_hadrus	7.86625e-06
PWY-7977: L-methionine biosynthesis IV|g__Faecalibacterium.s__Faecalibacterium_prausnitzii	7.70842e-06
PWY-7977: L-methionine biosynthesis IV|g__Bacteroides.s__Bacteroides_vulgatus	7.29303e-06
PWY-7977: L-methionine biosynthesis IV|g__Parabacteroides.s__Parabacteroides_merdae	5.53944e-06
PWY-7977: L-methionine biosynthesis IV|g__Bacteroides.s__Bacteroides_ovatus	5.37637e-06
PWY-7977: L-methionine biosynthesis IV|g__Dorea.s__Dorea_longicatena	4.78977e-06
PWY-7977: L-methionine biosynthesis IV|g__Eubacterium.s__Eubacterium_eligens	4.62379e-06
PWY-7977: L-methionine biosynthesis IV|g__Eubacterium.s__Eubacterium_hallii	2.55245e-06
PWY-7977: L-methionine biosynthesis IV|g__Bacteroides.s__Bacteroides_caccae	2.36109e-06
PWY-7977: L-methionine biosynthesis IV|g__Odoribacter.s__Odoribacter_splanchnicus	2.15664e-06
PWY-7977: L-methionine biosynthesis IV|g__Alistipes.s__Alistipes_onderdonkii	2.14664e-06
PWY-7977: L-methionine biosynthesis IV|g__Bacteroides.s__Bacteroides_thetaiotaomicron	1.9841e-06
PWY-7977: L-methionine biosynthesis IV|g__Coprococcus.s__Coprococcus_comes	1.63095e-06
PWY-7977: L-methionine biosynthesis IV|g__Bacteroides.s__Bacteroides_cellulosilyticus	1.62277e-06
PWY-7977: L-methionine biosynthesis IV|g__Flavonifractor.s__Flavonifractor_plautii	6.3039e-07
PWY-7977: L-methionine biosynthesis IV|g__Alistipes.s__Alistipes_timonensis	6.20736e-07
PWY-7977: L-methionine biosynthesis IV|g__Bacteroides.s__Bacteroides_xylanisolvens	2.72023e-07
PWY-7977: L-methionine biosynthesis IV|g__Bacteroides.s__Bacteroides_intestinalis	7.53888e-08
PWY-7229: superpathway of adenosine nucleotides de novo biosynthesis I	0.000344625
PWY-7229: superpathway of adenosine nucleotides de novo biosynthesis I|g__Bacteroides.s__Bacteroides_dorei	2.04033e-05
PWY-7229: superpathway of adenosine nucleotides de novo biosynthesis I|g__Bacteroides.s__Bacteroides_vulgatus	1.003e-05
PWY-7229: superpathway of adenosine nucleotides de novo biosynthesis I|g__Parabacteroides.s__Parabacteroides_distasonis	9.86576e-06
PWY-7229: superpathway of adenosine nucleotides de novo biosynthesis I|g__Sutterella.s__Sutterella_wadsworthensis	8.89542e-06
PWY-7229: superpathway of adenosine nucleotides de novo biosynthesis I|g__Bacteroides.s__Bacteroides_xylanisolvens	4.24305e-06
PWY-7229: superpathway of adenosine nucleotides de novo biosynthesis I|g__Bacteroides.s__Bacteroides_ovatus	4.01064e-06
PWY-7229: superpathway of adenosine nucleotides de novo biosynthesis I|g__Dialister.s__Dialister_invisus	3.69615e-06
PWY-7229: superpathway of adenosine nucleotides de novo biosynthesis I|g__Bacteroides.s__Bacteroides_caccae	3.14427e-06
PWY-7229: superpathway of adenosine nucleotides de novo biosynthesis I|unclassified	3.07109e-06
PWY-7229: superpathway of adenosine nucleotides de novo biosynthesis I|g__Bacteroides.s__Bacteroides_cellulosilyticus	2.69884e-06
PWY-7229: superpathway of adenosine nucleotides de novo biosynthesis I|g__Bacteroides.s__Bacteroides_thetaiotaomicron	1.80086e-06
PWY-7229: superpathway of adenosine nucleotides de novo biosynthesis I|g__Bilophila.s__Bilophila_wadsworthia	1.19047e-06
THISYNARA-PWY: superpathway of thiamine diphosphate biosynthesis III (eukaryotes)	0.0003436
THISYNARA-PWY: superpathway of thiamine diphosphate biosynthesis III (eukaryotes)|g__Lachnospiraceae_unclassified.s__Eubacterium_rectale	6.39439e-05
THISYNARA-PWY: superpathway of thiamine diphosphate biosynthesis III (eukaryotes)|g__Bacteroides.s__Bacteroides_uniformis	2.6163e-05
THISYNARA-PWY: superpathway of thiamine diphosphate biosynthesis III (eukaryotes)|g__Faecalibacterium.s__Faecalibacterium_prausnitzii	2.20836e-05
THISYNARA-PWY: superpathway of thiamine diphosphate biosynthesis III (eukaryotes)|g__Blautia.s__Ruminococcus_torques	2.16175e-05
THISYNARA-PWY: superpathway of thiamine diphosphate biosynthesis III (eukaryotes)|g__Roseburia.s__Roseburia_faecis	1.06413e-05
THISYNARA-PWY: superpathway of thiamine diphosphate biosynthesis III (eukaryotes)|g__Bifidobacterium.s__Bifidobacterium_bifidum	4.78341e-06
THISYNARA-PWY: superpathway of thiamine diphosphate biosynthesis III (eukaryotes)|g__Bacteroides.s__Bacteroides_ovatus	4.3562e-06
THISYNARA-PWY: superpathway of thiamine diphosphate biosynthesis III (eukaryotes)|unclassified	4.09542e-06
THISYNARA-PWY: superpathway of thiamine diphosphate biosynthesis III (eukaryotes)|g__Blautia.s__Ruminococcus_gnavus	7.30132e-07
P41-PWY: pyruvate fermentation to acetate and (S)-lactate I	0.00034212
P41-PWY: pyruvate fermentation to acetate and (S)-lactate I|g__Blautia.s__Ruminococcus_torques	7.83967e-05
P41-PWY: pyruvate fermentation to acetate and (S)-lactate I|g__Lachnospiraceae_unclassified.s__Eubacterium_rectale	3.70892e-05
P41-PWY: pyruvate fermentation to acetate and (S)-lactate I|g__Fusicatenibacter.s__Fusicatenibacter_saccharivorans	1.6993e-05
P41-PWY: pyruvate fermentation to acetate and (S)-lactate I|g__Blautia.s__Blautia_sp	1.13312e-05
P41-PWY: pyruvate fermentation to acetate and (S)-lactate I|g__Roseburia.s__Roseburia_inulinivorans	1.02266e-05
P41-PWY: pyruvate fermentation to acetate and (S)-lactate I|g__Anaerostipes.s__Anaerostipes_hadrus	8.75711e-06
P41-PWY: pyruvate fermentation to acetate and (S)-lactate I|g__Bifidobacterium.s__Bifidobacterium_longum	8.66413e-06
P41-PWY: pyruvate fermentation to acetate and (S)-lactate I|g__Roseburia.s__Roseburia_faecis	8.45083e-06
P41-PWY: pyruvate fermentation to acetate and (S)-lactate I|unclassified	6.63868e-06
P41-PWY: pyruvate fermentation to acetate and (S)-lactate I|g__Bifidobacterium.s__Bifidobacterium_catenulatum	6.05052e-06
P41-PWY: pyruvate fermentation to acetate and (S)-lactate I|g__Eubacterium.s__Eubacterium_hallii	4.15162e-06
P41-PWY: pyruvate fermentation to acetate and (S)-lactate I|g__Bifidobacterium.s__Bifidobacterium_pseudocatenulatum	3.70532e-06
P41-PWY: pyruvate fermentation to acetate and (S)-lactate I|g__Clostridium.s__Clostridium_sp_AM22_11AC	2.54714e-06
P41-PWY: pyruvate fermentation to acetate and (S)-lactate I|g__Coprococcus.s__Coprococcus_comes	1.93266e-06
P41-PWY: pyruvate fermentation to acetate and (S)-lactate I|g__Agathobaculum.s__Agathobaculum_butyriciproducens	9.46185e-07
P41-PWY: pyruvate fermentation to acetate and (S)-lactate I|g__Dorea.s__Dorea_formicigenerans	8.86308e-07
P41-PWY: pyruvate fermentation to acetate and (S)-lactate I|g__Blautia.s__Blautia_obeum	8.50985e-07
P41-PWY: pyruvate fermentation to acetate and (S)-lactate I|g__Flavonifractor.s__Flavonifractor_plautii	6.37845e-07
P41-PWY: pyruvate fermentation to acetate and (S)-lactate I|g__Blautia.s__Blautia_wexlerae	5.01043e-07
PWY-5100: pyruvate fermentation to acetate and lactate II	0.00034212
PWY-5100: pyruvate fermentation to acetate and lactate II|g__Blautia.s__Ruminococcus_torques	7.83967e-05
PWY-5100: pyruvate fermentation to acetate and lactate II|g__Lachnospiraceae_unclassified.s__Eubacterium_rectale	3.70892e-05
PWY-5100: pyruvate fermentation to acetate and lactate II|g__Fusicatenibacter.s__Fusicatenibacter_saccharivorans	1.6993e-05
PWY-5100: pyruvate fermentation to acetate and lactate II|g__Anaerostipes.s__Anaerostipes_hadrus	1.16843e-05
PWY-5100: pyruvate fermentation to acetate and lactate II|g__Blautia.s__Blautia_sp	1.13312e-05
PWY-5100: pyruvate fermentation to acetate and lactate II|g__Roseburia.s__Roseburia_inulinivorans	1.02266e-05
PWY-5100: pyruvate fermentation to acetate and lactate II|g__Bifidobacterium.s__Bifidobacterium_longum	8.66413e-06
PWY-5100: pyruvate fermentation to acetate and lactate II|g__Roseburia.s__Roseburia_faecis	8.45083e-06
PWY-5100: pyruvate fermentation to acetate and lactate II|g__Eubacterium.s__Eubacterium_hallii	7.45845e-06
PWY-5100: pyruvate fermentation to acetate and lactate II|unclassified	6.63868e-06
PWY-5100: pyruvate fermentation to acetate and lactate II|g__Bifidobacterium.s__Bifidobacterium_catenulatum	6.05052e-06
PWY-5100: pyruvate fermentation to acetate and lactate II|g__Bifidobacterium.s__Bifidobacterium_pseudocatenulatum	3.70532e-06
PWY-5100: pyruvate fermentation to acetate and lactate II|g__Clostridium.s__Clostridium_sp_AM22_11AC	2.54714e-06
PWY-5100: pyruvate fermentation to acetate and lactate II|g__Coprococcus.s__Coprococcus_comes	1.93266e-06
PWY-5100: pyruvate fermentation to acetate and lactate II|g__Flavonifractor.s__Flavonifractor_plautii	1.00915e-06
PWY-5100: pyruvate fermentation to acetate and lactate II|g__Agathobaculum.s__Agathobaculum_butyriciproducens	9.46185e-07
PWY-5100: pyruvate fermentation to acetate and lactate II|g__Dorea.s__Dorea_formicigenerans	8.86308e-07
PWY-5100: pyruvate fermentation to acetate and lactate II|g__Eubacterium.s__Eubacterium_ramulus	8.69845e-07
PWY-5100: pyruvate fermentation to acetate and lactate II|g__Blautia.s__Blautia_obeum	8.50985e-07
PWY-5100: pyruvate fermentation to acetate and lactate II|g__Blautia.s__Blautia_producta	6.00825e-07
PWY-5100: pyruvate fermentation to acetate and lactate II|g__Blautia.s__Blautia_wexlerae	5.01043e-07
PWY-5100: pyruvate fermentation to acetate and lactate II|g__Coprococcus.s__Coprococcus_catus	4.22564e-07
PWY-7199: pyrimidine deoxyribonucleosides salvage	0.000339041
PWY-7199: pyrimidine deoxyribonucleosides salvage|g__Bacteroides.s__Bacteroides_uniformis	2.86716e-05
PWY-7199: pyrimidine deoxyribonucleosides salvage|g__Blautia.s__Ruminococcus_torques	2.30158e-05
PWY-7199: pyrimidine deoxyribonucleosides salvage|unclassified	2.12262e-05
PWY-7199: pyrimidine deoxyribonucleosides salvage|g__Bacteroides.s__Bacteroides_dorei	1.65765e-05
PWY-7199: pyrimidine deoxyribonucleosides salvage|g__Blautia.s__Blautia_sp	9.64482e-06
PWY-7199: pyrimidine deoxyribonucleosides salvage|g__Parabacteroides.s__Parabacteroides_distasonis	8.79095e-06
PWY-7199: pyrimidine deoxyribonucleosides salvage|g__Bacteroides.s__Bacteroides_clarus	8.32255e-06
PWY-7199: pyrimidine deoxyribonucleosides salvage|g__Bacteroides.s__Bacteroides_vulgatus	5.5056e-06
PWY-7199: pyrimidine deoxyribonucleosides salvage|g__Bacteroides.s__Bacteroides_ovatus	4.49647e-06
PWY-7199: pyrimidine deoxyribonucleosides salvage|g__Bacteroides.s__Bacteroides_caccae	3.53946e-06
PWY-7199: pyrimidine deoxyribonucleosides salvage|g__Bacteroides.s__Bacteroides_xylanisolvens	2.6821e-06
PWY-7199: pyrimidine deoxyribonucleosides salvage|g__Bacteroides.s__Bacteroides_cellulosilyticus	1.89947e-06
PWY-7199: pyrimidine deoxyribonucleosides salvage|g__Blautia.s__Ruminococcus_gnavus	1.61741e-06
PWY-7199: pyrimidine deoxyribonucleosides salvage|g__Bacteroides.s__Bacteroides_thetaiotaomicron	8.41842e-07
PWY-7199: pyrimidine deoxyribonucleosides salvage|g__Flavonifractor.s__Flavonifractor_plautii	6.07741e-07
PWY-7199: pyrimidine deoxyribonucleosides salvage|g__Coprobacter.s__Coprobacter_secundus	5.92152e-07
PWY-7199: pyrimidine deoxyribonucleosides salvage|g__Firmicutes_unclassified.s__Firmicutes_bacterium_CAG_83	5.72972e-07
PWY-7199: pyrimidine deoxyribonucleosides salvage|g__Alistipes.s__Alistipes_timonensis	3.87922e-07
PWY-6897: thiamine diphosphate salvage II	0.000332241
PWY-6897: thiamine diphosphate salvage II|g__Lachnospiraceae_unclassified.s__Eubacterium_rectale	6.20981e-05
PWY-6897: thiamine diphosphate salvage II|g__Bacteroides.s__Bacteroides_uniformis	2.61286e-05
PWY-6897: thiamine diphosphate salvage II|g__Blautia.s__Ruminococcus_torques	2.15705e-05
PWY-6897: thiamine diphosphate salvage II|g__Faecalibacterium.s__Faecalibacterium_prausnitzii	1.24083e-05
PWY-6897: thiamine diphosphate salvage II|g__Dialister.s__Dialister_invisus	5.51104e-06
PWY-6897: thiamine diphosphate salvage II|unclassified	5.23864e-06
PWY-6897: thiamine diphosphate salvage II|g__Bacteroides.s__Bacteroides_ovatus	3.18899e-06
PWY-6897: thiamine diphosphate salvage II|g__Agathobaculum.s__Agathobaculum_butyriciproducens	3.61578e-07
PWY-6823: molybdopterin biosynthesis	0.000320105
PWY-6823: molybdopterin biosynthesis|g__Blautia.s__Ruminococcus_torques	8.47402e-05
PWY-6823: molybdopterin biosynthesis|g__Lachnospiraceae_unclassified.s__Eubacterium_rectale	5.89547e-05
PWY-6823: molybdopterin biosynthesis|g__Faecalibacterium.s__Faecalibacterium_prausnitzii	2.85582e-05
PWY-6823: molybdopterin biosynthesis|g__Blautia.s__Blautia_obeum	1.87295e-05
PWY-6823: molybdopterin biosynthesis|g__Fusicatenibacter.s__Fusicatenibacter_saccharivorans	1.788e-05
PWY-6823: molybdopterin biosynthesis|g__Sutterella.s__Sutterella_wadsworthensis	1.47844e-05
PWY-6823: molybdopterin biosynthesis|g__Blautia.s__Blautia_sp	1.29566e-05
PWY-6823: molybdopterin biosynthesis|g__Roseburia.s__Roseburia_inulinivorans	1.11775e-05
PWY-6823: molybdopterin biosynthesis|unclassified	1.06624e-05
PWY-6823: molybdopterin biosynthesis|g__Roseburia.s__Roseburia_faecis	1.03385e-05
PWY-6823: molybdopterin biosynthesis|g__Anaerostipes.s__Anaerostipes_hadrus	6.45904e-06
PWY-6823: molybdopterin biosynthesis|g__Blautia.s__Blautia_wexlerae	3.23351e-06
PWY-6823: molybdopterin biosynthesis|g__Eubacterium.s__Eubacterium_hallii	3.17599e-06
PWY-6823: molybdopterin biosynthesis|g__Clostridium.s__Clostridium_sp_AM22_11AC	2.35825e-06
PWY-6823: molybdopterin biosynthesis|g__Coprococcus.s__Coprococcus_comes	2.31562e-06
PWY-6823: molybdopterin biosynthesis|g__Bilophila.s__Bilophila_wadsworthia	2.13944e-06
PWY-6823: molybdopterin biosynthesis|g__Dorea.s__Dorea_formicigenerans	1.74867e-06
PWY-6823: molybdopterin biosynthesis|g__Senegalimassilia.s__Senegalimassilia_anaerobia	1.43441e-06
PWY-6823: molybdopterin biosynthesis|g__Clostridium.s__Clostridium_sp_CAG_122	1.10775e-06
PWY-6823: molybdopterin biosynthesis|g__Blautia.s__Ruminococcus_gnavus	9.86614e-07
PWY-6823: molybdopterin biosynthesis|g__Agathobaculum.s__Agathobaculum_butyriciproducens	9.34543e-07
PWY-6823: molybdopterin biosynthesis|g__Blautia.s__Blautia_producta	7.90193e-07
PWY-5973: cis-vaccenate biosynthesis	0.000309963
PWY-5973: cis-vaccenate biosynthesis|g__Bacteroides.s__Bacteroides_uniformis	2.26561e-05
PWY-5973: cis-vaccenate biosynthesis|g__Blautia.s__Ruminococcus_torques	2.14325e-05
PWY-5973: cis-vaccenate biosynthesis|g__Bacteroides.s__Bacteroides_clarus	1.51499e-05
PWY-5973: cis-vaccenate biosynthesis|g__Alistipes.s__Alistipes_finegoldii	1.44389e-05
PWY-5973: cis-vaccenate biosynthesis|g__Bacteroides.s__Bacteroides_vulgatus	1.23138e-05
PWY-5973: cis-vaccenate biosynthesis|g__Parabacteroides.s__Parabacteroides_distasonis	9.93133e-06
PWY-5973: cis-vaccenate biosynthesis|g__Bacteroides.s__Bacteroides_xylanisolvens	7.52218e-06
PWY-5973: cis-vaccenate biosynthesis|g__Parabacteroides.s__Parabacteroides_merdae	3.70395e-06
PWY-5973: cis-vaccenate biosynthesis|g__Bacteroides.s__Bacteroides_caccae	3.38295e-06
PWY-5973: cis-vaccenate biosynthesis|g__Bacteroides.s__Bacteroides_ovatus	3.22139e-06
PWY-5973: cis-vaccenate biosynthesis|g__Bacteroides.s__Bacteroides_cellulosilyticus	2.26935e-06
PWY-5973: cis-vaccenate biosynthesis|unclassified	1.5635e-06
PWY-5973: cis-vaccenate biosynthesis|g__Bacteroides.s__Bacteroides_thetaiotaomicron	1.48512e-06
PWY-5973: cis-vaccenate biosynthesis|g__Alistipes.s__Alistipes_onderdonkii	8.86073e-07
PWY-5973: cis-vaccenate biosynthesis|g__Bacteroides.s__Bacteroides_dorei	8.7833e-07
PWY-5973: cis-vaccenate biosynthesis|g__Alistipes.s__Alistipes_timonensis	5.52443e-07
PWY-5973: cis-vaccenate biosynthesis|g__Bacteroides.s__Bacteroides_stercorirosoris	1.90746e-07
SER-GLYSYN-PWY: superpathway of L-serine and glycine biosynthesis I	0.000299124
SER-GLYSYN-PWY: superpathway of L-serine and glycine biosynthesis I|g__Blautia.s__Ruminococcus_torques	4.44168e-05
SER-GLYSYN-PWY: superpathway of L-serine and glycine biosynthesis I|g__Bacteroides.s__Bacteroides_uniformis	2.19553e-05
SER-GLYSYN-PWY: superpathway of L-serine and glycine biosynthesis I|unclassified	1.48518e-05
SER-GLYSYN-PWY: superpathway of L-serine and glycine biosynthesis I|g__Bacteroides.s__Bacteroides_clarus	1.3818e-05
SER-GLYSYN-PWY: superpathway of L-serine and glycine biosynthesis I|g__Alistipes.s__Alistipes_finegoldii	1.35356e-05
SER-GLYSYN-PWY: superpathway of L-serine and glycine biosynthesis I|g__Bacteroides.s__Bacteroides_dorei	1.12068e-05
SER-GLYSYN-PWY: superpathway of L-serine and glycine biosynthesis I|g__Roseburia.s__Roseburia_inulinivorans	1.0336e-05
SER-GLYSYN-PWY: superpathway of L-serine and glycine biosynthesis I|g__Bifidobacterium.s__Bifidobacterium_catenulatum	1.02886e-05
SER-GLYSYN-PWY: superpathway of L-serine and glycine biosynthesis I|g__Blautia.s__Blautia_wexlerae	9.72254e-06
SER-GLYSYN-PWY: superpathway of L-serine and glycine biosynthesis I|g__Blautia.s__Blautia_sp	9.63819e-06
SER-GLYSYN-PWY: superpathway of L-serine and glycine biosynthesis I|g__Parabacteroides.s__Parabacteroides_distasonis	9.15159e-06
SER-GLYSYN-PWY: superpathway of L-serine and glycine biosynthesis I|g__Roseburia.s__Roseburia_faecis	8.55219e-06
SER-GLYSYN-PWY: superpathway of L-serine and glycine biosynthesis I|g__Alistipes.s__Alistipes_putredinis	8.34766e-06
SER-GLYSYN-PWY: superpathway of L-serine and glycine biosynthesis I|g__Bifidobacterium.s__Bifidobacterium_longum	6.39483e-06
SER-GLYSYN-PWY: superpathway of L-serine and glycine biosynthesis I|g__Dialister.s__Dialister_invisus	6.10752e-06
SER-GLYSYN-PWY: superpathway of L-serine and glycine biosynthesis I|g__Bacteroides.s__Bacteroides_vulgatus	6.05907e-06
SER-GLYSYN-PWY: superpathway of L-serine and glycine biosynthesis I|g__Anaerostipes.s__Anaerostipes_hadrus	6.01794e-06
SER-GLYSYN-PWY: superpathway of L-serine and glycine biosynthesis I|g__Bacteroides.s__Bacteroides_xylanisolvens	5.96702e-06
SER-GLYSYN-PWY: superpathway of L-serine and glycine biosynthesis I|g__Blautia.s__Blautia_obeum	5.77169e-06
SER-GLYSYN-PWY: superpathway of L-serine and glycine biosynthesis I|g__Eubacterium.s__Eubacterium_eligens	5.71785e-06
SER-GLYSYN-PWY: superpathway of L-serine and glycine biosynthesis I|g__Alistipes.s__Alistipes_onderdonkii	4.79114e-06
SER-GLYSYN-PWY: superpathway of L-serine and glycine biosynthesis I|g__Dorea.s__Dorea_longicatena	4.32169e-06
SER-GLYSYN-PWY: superpathway of L-serine and glycine biosynthesis I|g__Bifidobacterium.s__Bifidobacterium_pseudocatenulatum	3.28719e-06
SER-GLYSYN-PWY: superpathway of L-serine and glycine biosynthesis I|g__Coprococcus.s__Coprococcus_comes	2.45928e-06
SER-GLYSYN-PWY: superpathway of L-serine and glycine biosynthesis I|g__Eubacterium.s__Eubacterium_hallii	2.42472e-06
SER-GLYSYN-PWY: superpathway of L-serine and glycine biosynthesis I|g__Bacteroides.s__Bacteroides_cellulosilyticus	2.13967e-06
SER-GLYSYN-PWY: superpathway of L-serine and glycine biosynthesis I|g__Bacteroides.s__Bacteroides_ovatus	1.98626e-06
SER-GLYSYN-PWY: superpathway of L-serine and glycine biosynthesis I|g__Bacteroides.s__Bacteroides_caccae	1.71372e-06
SER-GLYSYN-PWY: superpathway of L-serine and glycine biosynthesis I|g__Dorea.s__Dorea_formicigenerans	1.48916e-06
SER-GLYSYN-PWY: superpathway of L-serine and glycine biosynthesis I|g__Bacteroides.s__Bacteroides_thetaiotaomicron	1.43042e-06
SER-GLYSYN-PWY: superpathway of L-serine and glycine biosynthesis I|g__Senegalimassilia.s__Senegalimassilia_anaerobia	1.34517e-06
SER-GLYSYN-PWY: superpathway of L-serine and glycine biosynthesis I|g__Flavonifractor.s__Flavonifractor_plautii	9.41753e-07
SER-GLYSYN-PWY: superpathway of L-serine and glycine biosynthesis I|g__Eubacterium.s__Eubacterium_ramulus	8.60875e-07
SER-GLYSYN-PWY: superpathway of L-serine and glycine biosynthesis I|g__Alistipes.s__Alistipes_timonensis	5.14792e-07
SER-GLYSYN-PWY: superpathway of L-serine and glycine biosynthesis I|g__Coprococcus.s__Coprococcus_catus	4.82512e-07
THISYN-PWY: superpathway of thiamine diphosphate biosynthesis I	0.000298536
THISYN-PWY: superpathway of thiamine diphosphate biosynthesis I|g__Bacteroides.s__Bacteroides_uniformis	2.61495e-05
THISYN-PWY: superpathway of thiamine diphosphate biosynthesis I|unclassified	5.37595e-06
THISYN-PWY: superpathway of thiamine diphosphate biosynthesis I|g__Bacteroides.s__Bacteroides_ovatus	4.04024e-06
PWY-841: superpathway of purine nucleotides de novo biosynthesis I	0.00029282
PWY-841: superpathway of purine nucleotides de novo biosynthesis I|g__Sutterella.s__Sutterella_wadsworthensis	5.00937e-06
PWY-841: superpathway of purine nucleotides de novo biosynthesis I|g__Dialister.s__Dialister_invisus	3.62404e-06
PWY-841: superpathway of purine nucleotides de novo biosynthesis I|unclassified	3.28286e-06
OANTIGEN-PWY: O-antigen building blocks biosynthesis (E. coli)	0.000282801
OANTIGEN-PWY: O-antigen building blocks biosynthesis (E. coli)|unclassified	1.21326e-05
HSERMETANA-PWY: L-methionine biosynthesis III	0.000272535
HSERMETANA-PWY: L-methionine biosynthesis III|g__Blautia.s__Ruminococcus_torques	2.65636e-05
HSERMETANA-PWY: L-methionine biosynthesis III|unclassified	1.25251e-05
HSERMETANA-PWY: L-methionine biosynthesis III|g__Blautia.s__Blautia_sp	1.14776e-05
HSERMETANA-PWY: L-methionine biosynthesis III|g__Blautia.s__Blautia_wexlerae	1.04324e-05
HSERMETANA-PWY: L-methionine biosynthesis III|g__Parabacteroides.s__Parabacteroides_distasonis	9.76575e-06
HSERMETANA-PWY: L-methionine biosynthesis III|g__Anaerostipes.s__Anaerostipes_hadrus	8.73093e-06
HSERMETANA-PWY: L-methionine biosynthesis III|g__Roseburia.s__Roseburia_faecis	8.59263e-06
HSERMETANA-PWY: L-methionine biosynthesis III|g__Bifidobacterium.s__Bifidobacterium_bifidum	7.87781e-06
HSERMETANA-PWY: L-methionine biosynthesis III|g__Dorea.s__Dorea_longicatena	6.38719e-06
HSERMETANA-PWY: L-methionine biosynthesis III|g__Bifidobacterium.s__Bifidobacterium_longum	5.15208e-06
HSERMETANA-PWY: L-methionine biosynthesis III|g__Eubacterium.s__Eubacterium_eligens	4.26475e-06
HSERMETANA-PWY: L-methionine biosynthesis III|g__Coprococcus.s__Coprococcus_comes	2.23882e-06
HSERMETANA-PWY: L-methionine biosynthesis III|g__Clostridium.s__Clostridium_sp_CAG_122	1.86358e-06
HSERMETANA-PWY: L-methionine biosynthesis III|g__Coprobacter.s__Coprobacter_secundus	6.427e-07
HSERMETANA-PWY: L-methionine biosynthesis III|g__Flavonifractor.s__Flavonifractor_plautii	5.98853e-07
HSERMETANA-PWY: L-methionine biosynthesis III|g__Bacteroides.s__Bacteroides_xylanisolvens	3.70271e-07
PWY-7663: gondoate biosynthesis (anaerobic)	0.000272489
PWY-7663: gondoate biosynthesis (anaerobic)|g__Bacteroides.s__Bacteroides_uniformis	2.16671e-05
PWY-7663: gondoate biosynthesis (anaerobic)|g__Alistipes.s__Alistipes_finegoldii	1.54401e-05
PWY-7663: gondoate biosynthesis (anaerobic)|g__Bacteroides.s__Bacteroides_clarus	1.53975e-05
PWY-7663: gondoate biosynthesis (anaerobic)|g__Parabacteroides.s__Parabacteroides_distasonis	1.1243e-05
PWY-7663: gondoate biosynthesis (anaerobic)|g__Bacteroides.s__Bacteroides_vulgatus	1.10338e-05
PWY-7663: gondoate biosynthesis (anaerobic)|g__Bacteroides.s__Bacteroides_xylanisolvens	7.8898e-06
PWY-7663: gondoate biosynthesis (anaerobic)|g__Bacteroides.s__Bacteroides_cellulosilyticus	3.85859e-06
PWY-7663: gondoate biosynthesis (anaerobic)|g__Parabacteroides.s__Parabacteroides_merdae	3.43776e-06
PWY-7663: gondoate biosynthesis (anaerobic)|g__Bifidobacterium.s__Bifidobacterium_longum	3.38468e-06
PWY-7663: gondoate biosynthesis (anaerobic)|g__Bacteroides.s__Bacteroides_caccae	3.33057e-06
PWY-7663: gondoate biosynthesis (anaerobic)|g__Bacteroides.s__Bacteroides_ovatus	3.11926e-06
PWY-7663: gondoate biosynthesis (anaerobic)|g__Alistipes.s__Alistipes_onderdonkii	2.37263e-06
PWY-7663: gondoate biosynthesis (anaerobic)|g__Bacteroides.s__Bacteroides_thetaiotaomicron	1.86964e-06
PWY-7663: gondoate biosynthesis (anaerobic)|unclassified	1.26057e-06
PWY-7663: gondoate biosynthesis (anaerobic)|g__Bacteroides.s__Bacteroides_dorei	7.0561e-07
PWY-7663: gondoate biosynthesis (anaerobic)|g__Alistipes.s__Alistipes_timonensis	5.77617e-07
PWY-7663: gondoate biosynthesis (anaerobic)|g__Bacteroides.s__Bacteroides_stercorirosoris	1.9048e-07
PWY-6126: superpathway of adenosine nucleotides de novo biosynthesis II	0.000263346
PWY-6126: superpathway of adenosine nucleotides de novo biosynthesis II|g__Bacteroides.s__Bacteroides_dorei	1.95902e-05
PWY-6126: superpathway of adenosine nucleotides de novo biosynthesis II|g__Bacteroides.s__Bacteroides_vulgatus	9.65079e-06
PWY-6126: superpathway of adenosine nucleotides de novo biosynthesis II|g__Parabacteroides.s__Parabacteroides_distasonis	9.62669e-06
PWY-6126: superpathway of adenosine nucleotides de novo biosynthesis II|g__Sutterella.s__Sutterella_wadsworthensis	8.92817e-06
PWY-6126: superpathway of adenosine nucleotides de novo biosynthesis II|g__Bacteroides.s__Bacteroides_ovatus	4.1513e-06
PWY-6126: superpathway of adenosine nucleotides de novo biosynthesis II|g__Bacteroides.s__Bacteroides_xylanisolvens	3.45631e-06
PWY-6126: superpathway of adenosine nucleotides de novo biosynthesis II|g__Bacteroides.s__Bacteroides_caccae	3.14566e-06
PWY-6126: superpathway of adenosine nucleotides de novo biosynthesis II|g__Dialister.s__Dialister_invisus	2.6901e-06
PWY-6126: superpathway of adenosine nucleotides de novo biosynthesis II|g__Bacteroides.s__Bacteroides_cellulosilyticus	2.41252e-06
PWY-6126: superpathway of adenosine nucleotides de novo biosynthesis II|unclassified	2.08794e-06
PWY-6126: superpathway of adenosine nucleotides de novo biosynthesis II|g__Bacteroides.s__Bacteroides_thetaiotaomicron	1.74496e-06
PWY-6126: superpathway of adenosine nucleotides de novo biosynthesis II|g__Bilophila.s__Bilophila_wadsworthia	1.10551e-06
PWY-6892: thiazole component of thiamine diphosphate biosynthesis I	0.000250425
PWY-6892: thiazole component of thiamine diphosphate biosynthesis I|g__Bacteroides.s__Bacteroides_uniformis	2.82124e-05
PWY-6892: thiazole component of thiamine diphosphate biosynthesis I|g__Blautia.s__Blautia_wexlerae	1.50757e-05
PWY-6892: thiazole component of thiamine diphosphate biosynthesis I|g__Blautia.s__Blautia_sp	1.37278e-05
PWY-6892: thiazole component of thiamine diphosphate biosynthesis I|g__Anaerostipes.s__Anaerostipes_hadrus	1.1543e-05
PWY-6892: thiazole component of thiamine diphosphate biosynthesis I|unclassified	1.01563e-05
PWY-6892: thiazole component of thiamine diphosphate biosynthesis I|g__Eubacterium.s__Eubacterium_eligens	6.50633e-06
PWY-6892: thiazole component of thiamine diphosphate biosynthesis I|g__Bacteroides.s__Bacteroides_ovatus	6.36331e-06
PWY-6892: thiazole component of thiamine diphosphate biosynthesis I|g__Blautia.s__Blautia_obeum	6.09552e-06
PWY-6892: thiazole component of thiamine diphosphate biosynthesis I|g__Blautia.s__Ruminococcus_torques	5.38374e-06
PWY-6892: thiazole component of thiamine diphosphate biosynthesis I|g__Coprococcus.s__Coprococcus_comes	4.09819e-06
PWY-6892: thiazole component of thiamine diphosphate biosynthesis I|g__Eubacterium.s__Eubacterium_hallii	4.05496e-06
PWY-6892: thiazole component of thiamine diphosphate biosynthesis I|g__Bacteroides.s__Bacteroides_caccae	3.08992e-06
PWY-6892: thiazole component of thiamine diphosphate biosynthesis I|g__Bacteroides.s__Bacteroides_thetaiotaomicron	1.14333e-06
PWY-6892: thiazole component of thiamine diphosphate biosynthesis I|g__Agathobaculum.s__Agathobaculum_butyriciproducens	8.69974e-07
PWY-6892: thiazole component of thiamine diphosphate biosynthesis I|g__Dorea.s__Dorea_formicigenerans	6.22607e-07
PHOSLIPSYN-PWY: superpathway of phospholipid biosynthesis I (bacteria)	0.000246497
PHOSLIPSYN-PWY: superpathway of phospholipid biosynthesis I (bacteria)|g__Fusicatenibacter.s__Fusicatenibacter_saccharivorans	1.71161e-05
PHOSLIPSYN-PWY: superpathway of phospholipid biosynthesis I (bacteria)|g__Blautia.s__Ruminococcus_gnavus	1.57409e-06
PWY0-1061: superpathway of L-alanine biosynthesis	0.000246345
PWY0-1061: superpathway of L-alanine biosynthesis|g__Blautia.s__Ruminococcus_torques	5.6272e-05
PWY0-1061: superpathway of L-alanine biosynthesis|g__Lachnospiraceae_unclassified.s__Eubacterium_rectale	5.50691e-05
PWY0-1061: superpathway of L-alanine biosynthesis|g__Bifidobacterium.s__Bifidobacterium_bifidum	6.08233e-06
PWY0-1061: superpathway of L-alanine biosynthesis|g__Bifidobacterium.s__Bifidobacterium_longum	5.32091e-06
COBALSYN-PWY: superpathway of adenosylcobalamin salvage from cobinamide I	0.000239078
COBALSYN-PWY: superpathway of adenosylcobalamin salvage from cobinamide I|g__Blautia.s__Ruminococcus_torques	2.77734e-05
COBALSYN-PWY: superpathway of adenosylcobalamin salvage from cobinamide I|g__Bacteroides.s__Bacteroides_uniformis	2.41349e-05
COBALSYN-PWY: superpathway of adenosylcobalamin salvage from cobinamide I|g__Faecalibacterium.s__Faecalibacterium_prausnitzii	1.26584e-05
COBALSYN-PWY: superpathway of adenosylcobalamin salvage from cobinamide I|unclassified	1.01898e-05
COBALSYN-PWY: superpathway of adenosylcobalamin salvage from cobinamide I|g__Blautia.s__Blautia_sp	1.00107e-05
COBALSYN-PWY: superpathway of adenosylcobalamin salvage from cobinamide I|g__Blautia.s__Blautia_obeum	6.64281e-06
COBALSYN-PWY: superpathway of adenosylcobalamin salvage from cobinamide I|g__Blautia.s__Blautia_wexlerae	5.63402e-06
COBALSYN-PWY: superpathway of adenosylcobalamin salvage from cobinamide I|g__Dorea.s__Dorea_longicatena	5.29118e-06
COBALSYN-PWY: superpathway of adenosylcobalamin salvage from cobinamide I|g__Flavonifractor.s__Flavonifractor_plautii	4.32069e-07
PWY-7282: 4-amino-2-methyl-5-diphosphomethylpyrimidine biosynthesis II	0.00023636
PWY-7282: 4-amino-2-methyl-5-diphosphomethylpyrimidine biosynthesis II|g__Bacteroides.s__Bacteroides_uniformis	2.75488e-05
PWY-7282: 4-amino-2-methyl-5-diphosphomethylpyrimidine biosynthesis II|g__Bacteroides.s__Bacteroides_xylanisolvens	6.58022e-06
PWY-7282: 4-amino-2-methyl-5-diphosphomethylpyrimidine biosynthesis II|g__Bacteroides.s__Bacteroides_ovatus	2.11282e-06
PWY-6901: superpathway of glucose and xylose degradation	0.000232771
PWY-7228: superpathway of guanosine nucleotides de novo biosynthesis I	0.00023181
PWY-7228: superpathway of guanosine nucleotides de novo biosynthesis I|g__Bacteroides.s__Bacteroides_dorei	2.02355e-05
PWY-7228: superpathway of guanosine nucleotides de novo biosynthesis I|g__Parabacteroides.s__Parabacteroides_distasonis	1.09488e-05
PWY-7228: superpathway of guanosine nucleotides de novo biosynthesis I|g__Sutterella.s__Sutterella_wadsworthensis	1.02171e-05
PWY-7228: superpathway of guanosine nucleotides de novo biosynthesis I|g__Bacteroides.s__Bacteroides_vulgatus	1.00174e-05
PWY-7228: superpathway of guanosine nucleotides de novo biosynthesis I|g__Dialister.s__Dialister_invisus	5.78035e-06
PWY-7228: superpathway of guanosine nucleotides de novo biosynthesis I|g__Bacteroides.s__Bacteroides_ovatus	5.3552e-06
PWY-7228: superpathway of guanosine nucleotides de novo biosynthesis I|g__Bacteroides.s__Bacteroides_caccae	3.69847e-06
PWY-7228: superpathway of guanosine nucleotides de novo biosynthesis I|g__Bacteroides.s__Bacteroides_xylanisolvens	3.25476e-06
PWY-7228: superpathway of guanosine nucleotides de novo biosynthesis I|g__Bacteroides.s__Bacteroides_cellulosilyticus	2.25259e-06
PWY-7228: superpathway of guanosine nucleotides de novo biosynthesis I|unclassified	1.79667e-06
PWY-7228: superpathway of guanosine nucleotides de novo biosynthesis I|g__Bacteroides.s__Bacteroides_thetaiotaomicron	1.73891e-06
PWY-7228: superpathway of guanosine nucleotides de novo biosynthesis I|g__Bilophila.s__Bilophila_wadsworthia	1.13194e-06
PWY-7228: superpathway of guanosine nucleotides de novo biosynthesis I|g__Bacteroides.s__Bacteroides_stercorirosoris	4.3564e-07
PWY-7228: superpathway of guanosine nucleotides de novo biosynthesis I|g__Eggerthella.s__Eggerthella_lenta	3.00993e-07
PWY-6731: starch degradation III	0.000227724
PWY-6731: starch degradation III|g__Fusicatenibacter.s__Fusicatenibacter_saccharivorans	2.30487e-05
PWY-6731: starch degradation III|g__Roseburia.s__Roseburia_inulinivorans	1.26519e-05
PWY-6731: starch degradation III|g__Blautia.s__Ruminococcus_torques	1.20218e-05
PWY-6731: starch degradation III|g__Blautia.s__Blautia_sp	1.08752e-05
PWY-6731: starch degradation III|g__Blautia.s__Blautia_wexlerae	8.69577e-06
PWY-6731: starch degradation III|g__Blautia.s__Blautia_obeum	6.84909e-06
PWY-6731: starch degradation III|unclassified	5.7769e-06
PWY-6731: starch degradation III|g__Eubacterium.s__Eubacterium_hallii	3.54348e-06
PWY-6731: starch degradation III|g__Coprococcus.s__Coprococcus_comes	2.38234e-06
PWY-6731: starch degradation III|g__Eubacterium.s__Eubacterium_ramulus	1.05167e-06
PWY-6731: starch degradation III|g__Agathobaculum.s__Agathobaculum_butyriciproducens	7.08767e-07
PENTOSE-P-PWY: pentose phosphate pathway	0.000227177
PENTOSE-P-PWY: pentose phosphate pathway|g__Parabacteroides.s__Parabacteroides_distasonis	9.43275e-06
PENTOSE-P-PWY: pentose phosphate pathway|g__Bifidobacterium.s__Bifidobacterium_bifidum	4.5934e-06
PENTOSE-P-PWY: pentose phosphate pathway|g__Bacteroides.s__Bacteroides_xylanisolvens	2.87833e-06
PWY-5154: L-arginine biosynthesis III (via N-acetyl-L-citrulline)	0.000223214
PWY-5154: L-arginine biosynthesis III (via N-acetyl-L-citrulline)|g__Blautia.s__Ruminococcus_torques	2.19844e-05
PWY-5154: L-arginine biosynthesis III (via N-acetyl-L-citrulline)|g__Alistipes.s__Alistipes_finegoldii	2.06539e-05
PWY-5154: L-arginine biosynthesis III (via N-acetyl-L-citrulline)|g__Eubacterium.s__Eubacterium_hallii	1.53166e-06
PWY-5154: L-arginine biosynthesis III (via N-acetyl-L-citrulline)|unclassified	7.79174e-07
PWY-6703: preQ0 biosynthesis	0.000214707
PWY-6703: preQ0 biosynthesis|g__Bacteroides.s__Bacteroides_uniformis	2.75701e-05
PWY-6703: preQ0 biosynthesis|g__Bacteroides.s__Bacteroides_clarus	1.77099e-05
PWY-6703: preQ0 biosynthesis|g__Bacteroides.s__Bacteroides_dorei	1.53525e-05
PWY-6703: preQ0 biosynthesis|g__Eubacterium.s__Eubacterium_eligens	9.74885e-06
PWY-6703: preQ0 biosynthesis|g__Parabacteroides.s__Parabacteroides_distasonis	8.89846e-06
PWY-6703: preQ0 biosynthesis|g__Bacteroides.s__Bacteroides_vulgatus	8.02302e-06
PWY-6703: preQ0 biosynthesis|g__Eubacterium.s__Eubacterium_sp_CAG_252	7.70868e-06
PWY-6703: preQ0 biosynthesis|g__Blautia.s__Ruminococcus_torques	7.48925e-06
PWY-6703: preQ0 biosynthesis|g__Blautia.s__Blautia_sp	6.54392e-06
PWY-6703: preQ0 biosynthesis|g__Anaerostipes.s__Anaerostipes_hadrus	6.40084e-06
PWY-6703: preQ0 biosynthesis|g__Ruminococcus.s__Ruminococcus_sp_CAG_254	6.18339e-06
PWY-6703: preQ0 biosynthesis|g__Bacteroides.s__Bacteroides_xylanisolvens	5.9919e-06
PWY-6703: preQ0 biosynthesis|g__Blautia.s__Blautia_obeum	5.70859e-06
PWY-6703: preQ0 biosynthesis|g__Parabacteroides.s__Parabacteroides_merdae	5.69482e-06
PWY-6703: preQ0 biosynthesis|g__Dialister.s__Dialister_invisus	5.52878e-06
PWY-6703: preQ0 biosynthesis|g__Bacteroides.s__Bacteroides_ovatus	3.8695e-06
PWY-6703: preQ0 biosynthesis|g__Bacteroides.s__Bacteroides_caccae	3.31546e-06
PWY-6703: preQ0 biosynthesis|g__Eubacterium.s__Eubacterium_sp_CAG_38	2.65695e-06
PWY-6703: preQ0 biosynthesis|unclassified	2.2312e-06
PWY-6703: preQ0 biosynthesis|g__Odoribacter.s__Odoribacter_splanchnicus	2.01425e-06
PWY-6703: preQ0 biosynthesis|g__Clostridium.s__Clostridium_sp_CAG_122	1.92094e-06
PWY-6703: preQ0 biosynthesis|g__Firmicutes_unclassified.s__Firmicutes_bacterium_CAG_41	1.81926e-06
PWY-6703: preQ0 biosynthesis|g__Bacteroides.s__Bacteroides_cellulosilyticus	1.70237e-06
PWY-6703: preQ0 biosynthesis|g__Bacteroides.s__Bacteroides_thetaiotaomicron	1.31117e-06
PWY-6703: preQ0 biosynthesis|g__Senegalimassilia.s__Senegalimassilia_anaerobia	1.29235e-06
PWY-6703: preQ0 biosynthesis|g__Bilophila.s__Bilophila_wadsworthia	1.21393e-06
PWY-6703: preQ0 biosynthesis|g__Coprococcus.s__Coprococcus_catus	5.17183e-07
PWY-6703: preQ0 biosynthesis|g__Butyricimonas.s__Butyricimonas_synergistica	3.96385e-07
PWY4FS-7: phosphatidylglycerol biosynthesis I (plastidic)	0.000214526
PWY4FS-7: phosphatidylglycerol biosynthesis I (plastidic)|g__Fusicatenibacter.s__Fusicatenibacter_saccharivorans	1.63607e-05
PWY4FS-7: phosphatidylglycerol biosynthesis I (plastidic)|unclassified	7.31851e-06
PWY4FS-7: phosphatidylglycerol biosynthesis I (plastidic)|g__Blautia.s__Ruminococcus_gnavus	1.27176e-06
PWY4FS-8: phosphatidylglycerol biosynthesis II (non-plastidic)	0.000214526
PWY4FS-8: phosphatidylglycerol biosynthesis II (non-plastidic)|g__Fusicatenibacter.s__Fusicatenibacter_saccharivorans	1.63607e-05
PWY4FS-8: phosphatidylglycerol biosynthesis II (non-plastidic)|unclassified	7.31851e-06
PWY4FS-8: phosphatidylglycerol biosynthesis II (non-plastidic)|g__Blautia.s__Ruminococcus_gnavus	1.27176e-06
ANAEROFRUCAT-PWY: homolactic fermentation	0.000207846
ANAEROFRUCAT-PWY: homolactic fermentation|unclassified	9.33359e-06
CITRULBIO-PWY: L-citrulline biosynthesis	0.000204056
CITRULBIO-PWY: L-citrulline biosynthesis|g__Alistipes.s__Alistipes_finegoldii	1.81545e-05
CITRULBIO-PWY: L-citrulline biosynthesis|g__Alistipes.s__Alistipes_onderdonkii	1.59069e-06
PWY0-162: superpathway of pyrimidine ribonucleotides de novo biosynthesis	0.00020299
PWY0-162: superpathway of pyrimidine ribonucleotides de novo biosynthesis|g__Bacteroides.s__Bacteroides_ovatus	2.69073e-06
PWY0-162: superpathway of pyrimidine ribonucleotides de novo biosynthesis|unclassified	2.53432e-06
PWY0-162: superpathway of pyrimidine ribonucleotides de novo biosynthesis|g__Bacteroides.s__Bacteroides_thetaiotaomicron	1.34641e-06
ASPASN-PWY: superpathway of L-aspartate and L-asparagine biosynthesis	0.000201843
ASPASN-PWY: superpathway of L-aspartate and L-asparagine biosynthesis|g__Bacteroides.s__Bacteroides_clarus	1.3534e-05
ASPASN-PWY: superpathway of L-aspartate and L-asparagine biosynthesis|g__Bacteroides.s__Bacteroides_dorei	1.29865e-05
ASPASN-PWY: superpathway of L-aspartate and L-asparagine biosynthesis|g__Blautia.s__Ruminococcus_torques	1.26625e-05
ASPASN-PWY: superpathway of L-aspartate and L-asparagine biosynthesis|g__Bacteroides.s__Bacteroides_vulgatus	1.25779e-05
ASPASN-PWY: superpathway of L-aspartate and L-asparagine biosynthesis|g__Bacteroides.s__Bacteroides_uniformis	9.95832e-06
ASPASN-PWY: superpathway of L-aspartate and L-asparagine biosynthesis|g__Parabacteroides.s__Parabacteroides_distasonis	9.4625e-06
ASPASN-PWY: superpathway of L-aspartate and L-asparagine biosynthesis|unclassified	2.40161e-06
ASPASN-PWY: superpathway of L-aspartate and L-asparagine biosynthesis|g__Odoribacter.s__Odoribacter_splanchnicus	1.79103e-06
ASPASN-PWY: superpathway of L-aspartate and L-asparagine biosynthesis|g__Coprococcus.s__Coprococcus_comes	1.66273e-06
ASPASN-PWY: superpathway of L-aspartate and L-asparagine biosynthesis|g__Bacteroides.s__Bacteroides_cellulosilyticus	1.65634e-06
ASPASN-PWY: superpathway of L-aspartate and L-asparagine biosynthesis|g__Blautia.s__Blautia_obeum	1.01139e-06
ASPASN-PWY: superpathway of L-aspartate and L-asparagine biosynthesis|g__Blautia.s__Blautia_wexlerae	7.03421e-07
ASPASN-PWY: superpathway of L-aspartate and L-asparagine biosynthesis|g__Butyricimonas.s__Butyricimonas_synergistica	6.85942e-07
ASPASN-PWY: superpathway of L-aspartate and L-asparagine biosynthesis|g__Flavonifractor.s__Flavonifractor_plautii	4.96297e-07
ASPASN-PWY: superpathway of L-aspartate and L-asparagine biosynthesis|g__Bacteroides.s__Bacteroides_stercorirosoris	1.10274e-07
PWY-6125: superpathway of guanosine nucleotides de novo biosynthesis II	0.000199691
PWY-6125: superpathway of guanosine nucleotides de novo biosynthesis II|g__Bacteroides.s__Bacteroides_dorei	1.94574e-05
PWY-6125: superpathway of guanosine nucleotides de novo biosynthesis II|g__Parabacteroides.s__Parabacteroides_distasonis	1.0495e-05
PWY-6125: superpathway of guanosine nucleotides de novo biosynthesis II|g__Bacteroides.s__Bacteroides_vulgatus	9.64078e-06
PWY-6125: superpathway of guanosine nucleotides de novo biosynthesis II|g__Bacteroides.s__Bacteroides_ovatus	4.21524e-06
PWY-6125: superpathway of guanosine nucleotides de novo biosynthesis II|g__Bacteroides.s__Bacteroides_caccae	3.17688e-06
PWY-6125: superpathway of guanosine nucleotides de novo biosynthesis II|g__Bacteroides.s__Bacteroides_xylanisolvens	2.85172e-06
PWY-6125: superpathway of guanosine nucleotides de novo biosynthesis II|g__Dialister.s__Dialister_invisus	2.50321e-06
PWY-6125: superpathway of guanosine nucleotides de novo biosynthesis II|g__Sutterella.s__Sutterella_wadsworthensis	2.3563e-06
PWY-6125: superpathway of guanosine nucleotides de novo biosynthesis II|g__Bacteroides.s__Bacteroides_cellulosilyticus	2.09458e-06
PWY-6125: superpathway of guanosine nucleotides de novo biosynthesis II|g__Bacteroides.s__Bacteroides_thetaiotaomicron	1.69422e-06
PWY-6125: superpathway of guanosine nucleotides de novo biosynthesis II|unclassified	1.47729e-06
PWY-6125: superpathway of guanosine nucleotides de novo biosynthesis II|g__Bilophila.s__Bilophila_wadsworthia	1.06181e-06
PWY-6125: superpathway of guanosine nucleotides de novo biosynthesis II|g__Eggerthella.s__Eggerthella_lenta	2.8147e-07
PWY-6125: superpathway of guanosine nucleotides de novo biosynthesis II|g__Bacteroides.s__Bacteroides_stercorirosoris	2.62505e-07
UDPNAGSYN-PWY: UDP-N-acetyl-D-glucosamine biosynthesis I	0.000195519
UDPNAGSYN-PWY: UDP-N-acetyl-D-glucosamine biosynthesis I|g__Anaerotruncus.s__Anaerotruncus_sp_CAG_528	1.74159e-05
UDPNAGSYN-PWY: UDP-N-acetyl-D-glucosamine biosynthesis I|g__Sutterella.s__Sutterella_wadsworthensis	1.48189e-05
UDPNAGSYN-PWY: UDP-N-acetyl-D-glucosamine biosynthesis I|g__Bifidobacterium.s__Bifidobacterium_catenulatum	9.39116e-06
UDPNAGSYN-PWY: UDP-N-acetyl-D-glucosamine biosynthesis I|g__Ruminococcus.s__Ruminococcus_sp_CAG_254	8.85596e-06
UDPNAGSYN-PWY: UDP-N-acetyl-D-glucosamine biosynthesis I|unclassified	7.16096e-06
UDPNAGSYN-PWY: UDP-N-acetyl-D-glucosamine biosynthesis I|g__Bifidobacterium.s__Bifidobacterium_longum	6.6772e-06
UDPNAGSYN-PWY: UDP-N-acetyl-D-glucosamine biosynthesis I|g__Dialister.s__Dialister_invisus	6.25113e-06
UDPNAGSYN-PWY: UDP-N-acetyl-D-glucosamine biosynthesis I|g__Bifidobacterium.s__Bifidobacterium_bifidum	5.07966e-06
UDPNAGSYN-PWY: UDP-N-acetyl-D-glucosamine biosynthesis I|g__Bifidobacterium.s__Bifidobacterium_pseudocatenulatum	4.45336e-06
UDPNAGSYN-PWY: UDP-N-acetyl-D-glucosamine biosynthesis I|g__Bilophila.s__Bilophila_wadsworthia	1.99186e-06
UDPNAGSYN-PWY: UDP-N-acetyl-D-glucosamine biosynthesis I|g__Flavonifractor.s__Flavonifractor_plautii	1.25636e-06
UDPNAGSYN-PWY: UDP-N-acetyl-D-glucosamine biosynthesis I|g__Firmicutes_unclassified.s__Firmicutes_bacterium_CAG_41	1.172e-06
UDPNAGSYN-PWY: UDP-N-acetyl-D-glucosamine biosynthesis I|g__Clostridium.s__Clostridium_sp_CAG_221	7.13263e-07
UDPNAGSYN-PWY: UDP-N-acetyl-D-glucosamine biosynthesis I|g__Firmicutes_unclassified.s__Firmicutes_bacterium_CAG_102	5.6543e-07
UDPNAGSYN-PWY: UDP-N-acetyl-D-glucosamine biosynthesis I|g__Senegalimassilia.s__Senegalimassilia_anaerobia	4.14132e-07
UDPNAGSYN-PWY: UDP-N-acetyl-D-glucosamine biosynthesis I|g__Agathobaculum.s__Agathobaculum_butyriciproducens	3.69863e-07
GLUCONEO-PWY: gluconeogenesis I	0.000187601
GLUCONEO-PWY: gluconeogenesis I|unclassified	8.84787e-06
GLYCOLYSIS: glycolysis I (from glucose 6-phosphate)	0.000185568
GLYCOLYSIS: glycolysis I (from glucose 6-phosphate)|unclassified	1.2312e-05
PWY-6936: seleno-amino acid biosynthesis (plants)	0.000181567
PWY-6936: seleno-amino acid biosynthesis (plants)|g__Blautia.s__Ruminococcus_torques	1.77225e-05
PWY-6936: seleno-amino acid biosynthesis (plants)|g__Anaerostipes.s__Anaerostipes_hadrus	1.3337e-05
PWY-6936: seleno-amino acid biosynthesis (plants)|g__Roseburia.s__Roseburia_faecis	1.05602e-05
PWY-6936: seleno-amino acid biosynthesis (plants)|g__Eubacterium.s__Eubacterium_sp_CAG_252	7.51076e-06
PWY-6936: seleno-amino acid biosynthesis (plants)|g__Ruminococcus.s__Ruminococcus_sp_CAG_254	6.38634e-06
PWY-6936: seleno-amino acid biosynthesis (plants)|g__Dorea.s__Dorea_longicatena	5.63167e-06
PWY-6936: seleno-amino acid biosynthesis (plants)|g__Eubacterium.s__Eubacterium_eligens	5.59296e-06
PWY-6936: seleno-amino acid biosynthesis (plants)|g__Coprococcus.s__Coprococcus_comes	2.74584e-06
PWY-6936: seleno-amino acid biosynthesis (plants)|g__Eubacterium.s__Eubacterium_sp_CAG_38	2.18089e-06
PWY-6936: seleno-amino acid biosynthesis (plants)|g__Dorea.s__Dorea_formicigenerans	1.19778e-06
PWY-6936: seleno-amino acid biosynthesis (plants)|g__Blautia.s__Ruminococcus_gnavus	1.09303e-06
PWY-6936: seleno-amino acid biosynthesis (plants)|unclassified	3.72216e-07
PWY-7208: superpathway of pyrimidine nucleobases salvage	0.000180239
PWY-7208: superpathway of pyrimidine nucleobases salvage|g__Sutterella.s__Sutterella_wadsworthensis	1.03238e-05
PWY-7208: superpathway of pyrimidine nucleobases salvage|g__Dialister.s__Dialister_invisus	5.02282e-06
PWY-7208: superpathway of pyrimidine nucleobases salvage|unclassified	3.5853e-06
PWY-7208: superpathway of pyrimidine nucleobases salvage|g__Bilophila.s__Bilophila_wadsworthia	9.83147e-07
PWY-7208: superpathway of pyrimidine nucleobases salvage|g__Senegalimassilia.s__Senegalimassilia_anaerobia	9.54093e-07
PWY-6628: superpathway of L-phenylalanine biosynthesis	0.00017771
PWY-6628: superpathway of L-phenylalanine biosynthesis|g__Bifidobacterium.s__Bifidobacterium_longum	6.60265e-06
PWY-6628: superpathway of L-phenylalanine biosynthesis|g__Bifidobacterium.s__Bifidobacterium_pseudocatenulatum	4.58083e-06
PWY-6628: superpathway of L-phenylalanine biosynthesis|unclassified	1.72943e-06
PWY-4984: urea cycle	0.000177116
PWY-4984: urea cycle|g__Alistipes.s__Alistipes_finegoldii	1.60809e-05
PWY-4984: urea cycle|g__Alistipes.s__Alistipes_onderdonkii	2.33009e-06
PWY-4984: urea cycle|g__Flavonifractor.s__Flavonifractor_plautii	1.96743e-06
PWY-5484: glycolysis II (from fructose 6-phosphate)	0.000175183
PWY-5484: glycolysis II (from fructose 6-phosphate)|unclassified	9.24695e-06
GLYCOCAT-PWY: glycogen degradation I	0.000172956
GLYCOCAT-PWY: glycogen degradation I|g__Bifidobacterium.s__Bifidobacterium_bifidum	3.06153e-06
GLYCOCAT-PWY: glycogen degradation I|g__Bifidobacterium.s__Bifidobacterium_longum	1.7873e-06
PWY-I9: L-cysteine biosynthesis VI (from L-methionine)	0.000171806
PWY-I9: L-cysteine biosynthesis VI (from L-methionine)|g__Blautia.s__Ruminococcus_torques	1.77768e-05
PWY-I9: L-cysteine biosynthesis VI (from L-methionine)|g__Bifidobacterium.s__Bifidobacterium_longum	8.99518e-06
PWY-I9: L-cysteine biosynthesis VI (from L-methionine)|g__Anaerostipes.s__Anaerostipes_hadrus	8.4605e-06
PWY-I9: L-cysteine biosynthesis VI (from L-methionine)|g__Roseburia.s__Roseburia_inulinivorans	7.61583e-06
PWY-I9: L-cysteine biosynthesis VI (from L-methionine)|g__Coprococcus.s__Coprococcus_comes	3.00921e-06
PWY-I9: L-cysteine biosynthesis VI (from L-methionine)|g__Bifidobacterium.s__Bifidobacterium_pseudocatenulatum	2.19139e-06
PWY-I9: L-cysteine biosynthesis VI (from L-methionine)|unclassified	1.07118e-06
PWY-6147: 6-hydroxymethyl-dihydropterin diphosphate biosynthesis I	0.000160676
PWY-6147: 6-hydroxymethyl-dihydropterin diphosphate biosynthesis I|g__Bacteroides.s__Bacteroides_uniformis	2.71331e-05
PWY-6147: 6-hydroxymethyl-dihydropterin diphosphate biosynthesis I|g__Bacteroides.s__Bacteroides_dorei	1.44045e-05
PWY-6147: 6-hydroxymethyl-dihydropterin diphosphate biosynthesis I|g__Alistipes.s__Alistipes_putredinis	1.28642e-05
PWY-6147: 6-hydroxymethyl-dihydropterin diphosphate biosynthesis I|g__Parabacteroides.s__Parabacteroides_distasonis	8.22118e-06
PWY-6147: 6-hydroxymethyl-dihydropterin diphosphate biosynthesis I|g__Bacteroides.s__Bacteroides_vulgatus	8.04968e-06
PWY-6147: 6-hydroxymethyl-dihydropterin diphosphate biosynthesis I|g__Bacteroides.s__Bacteroides_ovatus	2.92149e-06
PWY-6147: 6-hydroxymethyl-dihydropterin diphosphate biosynthesis I|g__Dialister.s__Dialister_invisus	2.90411e-06
PWY-6147: 6-hydroxymethyl-dihydropterin diphosphate biosynthesis I|g__Bacteroides.s__Bacteroides_xylanisolvens	2.21435e-06
PWY-6147: 6-hydroxymethyl-dihydropterin diphosphate biosynthesis I|g__Bacteroides.s__Bacteroides_cellulosilyticus	1.43262e-06
PWY-6147: 6-hydroxymethyl-dihydropterin diphosphate biosynthesis I|g__Bacteroides.s__Bacteroides_thetaiotaomicron	1.298e-06
PWY-7234: inosine-5'-phosphate biosynthesis III	0.000155384
PWY-7234: inosine-5'-phosphate biosynthesis III|g__Sutterella.s__Sutterella_wadsworthensis	1.23377e-05
PWY-7234: inosine-5'-phosphate biosynthesis III|g__Alistipes.s__Alistipes_putredinis	9.94171e-06
PWY-7234: inosine-5'-phosphate biosynthesis III|g__Bifidobacterium.s__Bifidobacterium_catenulatum	9.60341e-06
PWY-7234: inosine-5'-phosphate biosynthesis III|g__Alistipes.s__Alistipes_finegoldii	8.13561e-06
PWY-7234: inosine-5'-phosphate biosynthesis III|unclassified	3.54988e-06
PWY-7234: inosine-5'-phosphate biosynthesis III|g__Bifidobacterium.s__Bifidobacterium_pseudocatenulatum	3.01248e-06
PWY-7234: inosine-5'-phosphate biosynthesis III|g__Alistipes.s__Alistipes_timonensis	4.32319e-07
PWY-5188: tetrapyrrole biosynthesis I (from glutamate)	0.00015529
PWY-5188: tetrapyrrole biosynthesis I (from glutamate)|g__Ruminococcus.s__Ruminococcus_bromii	3.11396e-05
PWY-5188: tetrapyrrole biosynthesis I (from glutamate)|g__Roseburia.s__Roseburia_faecis	8.46029e-06
PWY-5188: tetrapyrrole biosynthesis I (from glutamate)|g__Blautia.s__Blautia_wexlerae	7.95843e-06
PWY-5188: tetrapyrrole biosynthesis I (from glutamate)|g__Blautia.s__Blautia_sp	7.50637e-06
PWY-5188: tetrapyrrole biosynthesis I (from glutamate)|g__Anaerostipes.s__Anaerostipes_hadrus	5.59615e-06
PWY-5188: tetrapyrrole biosynthesis I (from glutamate)|g__Blautia.s__Ruminococcus_torques	5.3957e-06
PWY-5188: tetrapyrrole biosynthesis I (from glutamate)|g__Eubacterium.s__Eubacterium_eligens	5.08375e-06
PWY-5188: tetrapyrrole biosynthesis I (from glutamate)|g__Ruminococcus.s__Ruminococcus_sp_CAG_254	4.90947e-06
PWY-5188: tetrapyrrole biosynthesis I (from glutamate)|g__Dialister.s__Dialister_invisus	4.45598e-06
PWY-5188: tetrapyrrole biosynthesis I (from glutamate)|unclassified	3.60331e-06
PWY-5188: tetrapyrrole biosynthesis I (from glutamate)|g__Eubacterium.s__Eubacterium_sp_CAG_38	1.99362e-06
PWY-5188: tetrapyrrole biosynthesis I (from glutamate)|g__Firmicutes_unclassified.s__Firmicutes_bacterium_CAG_41	1.30828e-06
PWY-5188: tetrapyrrole biosynthesis I (from glutamate)|g__Bilophila.s__Bilophila_wadsworthia	1.09797e-06
PWY-5188: tetrapyrrole biosynthesis I (from glutamate)|g__Flavonifractor.s__Flavonifractor_plautii	9.52516e-07
PWY0-1261: anhydromuropeptides recycling I	0.000152444
PWY0-845: superpathway of pyridoxal 5'-phosphate biosynthesis and salvage	0.000150561
PWY0-845: superpathway of pyridoxal 5'-phosphate biosynthesis and salvage|g__Bacteroides.s__Bacteroides_uniformis	2.48636e-05
PWY0-845: superpathway of pyridoxal 5'-phosphate biosynthesis and salvage|g__Parabacteroides.s__Parabacteroides_distasonis	9.00257e-06
PWY0-845: superpathway of pyridoxal 5'-phosphate biosynthesis and salvage|g__Bacteroides.s__Bacteroides_xylanisolvens	7.01227e-06
PWY0-845: superpathway of pyridoxal 5'-phosphate biosynthesis and salvage|g__Bacteroides.s__Bacteroides_ovatus	3.09985e-06
PWY0-845: superpathway of pyridoxal 5'-phosphate biosynthesis and salvage|g__Bacteroides.s__Bacteroides_caccae	2.23205e-06
PWY0-845: superpathway of pyridoxal 5'-phosphate biosynthesis and salvage|g__Bacteroides.s__Bacteroides_thetaiotaomicron	1.56905e-06
RHAMCAT-PWY: L-rhamnose degradation I	0.000150084
RHAMCAT-PWY: L-rhamnose degradation I|g__Bacteroides.s__Bacteroides_uniformis	2.67713e-05
RHAMCAT-PWY: L-rhamnose degradation I|g__Bacteroides.s__Bacteroides_dorei	1.59163e-05
RHAMCAT-PWY: L-rhamnose degradation I|g__Blautia.s__Ruminococcus_torques	1.056e-05
RHAMCAT-PWY: L-rhamnose degradation I|g__Bacteroides.s__Bacteroides_xylanisolvens	9.18837e-06
RHAMCAT-PWY: L-rhamnose degradation I|g__Roseburia.s__Roseburia_faecis	6.56466e-06
RHAMCAT-PWY: L-rhamnose degradation I|g__Bacteroides.s__Bacteroides_vulgatus	6.26851e-06
RHAMCAT-PWY: L-rhamnose degradation I|unclassified	5.90862e-06
RHAMCAT-PWY: L-rhamnose degradation I|g__Bacteroides.s__Bacteroides_ovatus	5.85338e-06
RHAMCAT-PWY: L-rhamnose degradation I|g__Eubacterium.s__Eubacterium_sp_CAG_252	5.68559e-06
RHAMCAT-PWY: L-rhamnose degradation I|g__Roseburia.s__Roseburia_inulinivorans	5.59597e-06
RHAMCAT-PWY: L-rhamnose degradation I|g__Eubacterium.s__Eubacterium_eligens	4.87324e-06
RHAMCAT-PWY: L-rhamnose degradation I|g__Bacteroides.s__Bacteroides_caccae	2.98177e-06
RHAMCAT-PWY: L-rhamnose degradation I|g__Bacteroides.s__Bacteroides_cellulosilyticus	2.0976e-06
RHAMCAT-PWY: L-rhamnose degradation I|g__Blautia.s__Ruminococcus_gnavus	2.01896e-06
RHAMCAT-PWY: L-rhamnose degradation I|g__Bacteroides.s__Bacteroides_thetaiotaomicron	1.49149e-06
RHAMCAT-PWY: L-rhamnose degradation I|g__Senegalimassilia.s__Senegalimassilia_anaerobia	1.1816e-06
RHAMCAT-PWY: L-rhamnose degradation I|g__Blautia.s__Blautia_producta	7.58933e-07
GLCMANNANAUT-PWY: superpathway of N-acetylglucosamine, N-acetylmannosamine and N-acetylneuraminate degradation	0.000146993
GLCMANNANAUT-PWY: superpathway of N-acetylglucosamine, N-acetylmannosamine and N-acetylneuraminate degradation|g__Faecalibacterium.s__Faecalibacterium_prausnitzii	1.72863e-05
GLCMANNANAUT-PWY: superpathway of N-acetylglucosamine, N-acetylmannosamine and N-acetylneuraminate degradation|g__Roseburia.s__Roseburia_inulinivorans	1.61947e-05
GLCMANNANAUT-PWY: superpathway of N-acetylglucosamine, N-acetylmannosamine and N-acetylneuraminate degradation|unclassified	6.83317e-06
GLCMANNANAUT-PWY: superpathway of N-acetylglucosamine, N-acetylmannosamine and N-acetylneuraminate degradation|g__Blautia.s__Blautia_wexlerae	3.03689e-06
GLCMANNANAUT-PWY: superpathway of N-acetylglucosamine, N-acetylmannosamine and N-acetylneuraminate degradation|g__Blautia.s__Blautia_obeum	6.95992e-07
HISDEG-PWY: L-histidine degradation I	0.000144593
HISDEG-PWY: L-histidine degradation I|g__Bacteroides.s__Bacteroides_uniformis	3.08862e-05
HISDEG-PWY: L-histidine degradation I|g__Bacteroides.s__Bacteroides_dorei	1.64306e-05
HISDEG-PWY: L-histidine degradation I|g__Bacteroides.s__Bacteroides_clarus	1.61931e-05
HISDEG-PWY: L-histidine degradation I|g__Parabacteroides.s__Parabacteroides_distasonis	1.07081e-05
HISDEG-PWY: L-histidine degradation I|g__Alistipes.s__Alistipes_finegoldii	9.38198e-06
HISDEG-PWY: L-histidine degradation I|g__Alistipes.s__Alistipes_putredinis	9.0057e-06
HISDEG-PWY: L-histidine degradation I|g__Bacteroides.s__Bacteroides_vulgatus	8.8746e-06
HISDEG-PWY: L-histidine degradation I|g__Bacteroides.s__Bacteroides_xylanisolvens	6.75248e-06
HISDEG-PWY: L-histidine degradation I|g__Parabacteroides.s__Parabacteroides_merdae	5.93028e-06
HISDEG-PWY: L-histidine degradation I|g__Bacteroides.s__Bacteroides_cellulosilyticus	3.00498e-06
HISDEG-PWY: L-histidine degradation I|g__Bacteroides.s__Bacteroides_ovatus	2.9515e-06
HISDEG-PWY: L-histidine degradation I|g__Alistipes.s__Alistipes_onderdonkii	1.58337e-06
HISDEG-PWY: L-histidine degradation I|g__Bacteroides.s__Bacteroides_thetaiotaomicron	1.47123e-06
HISDEG-PWY: L-histidine degradation I|unclassified	1.14323e-06
HISDEG-PWY: L-histidine degradation I|g__Odoribacter.s__Odoribacter_splanchnicus	1.00581e-06
HISDEG-PWY: L-histidine degradation I|g__Blautia.s__Blautia_producta	8.13633e-07
HISDEG-PWY: L-histidine degradation I|g__Alistipes.s__Alistipes_timonensis	6.77912e-07
HISDEG-PWY: L-histidine degradation I|g__Butyricimonas.s__Butyricimonas_synergistica	5.63672e-07
HISDEG-PWY: L-histidine degradation I|g__Lachnoclostridium.s__Clostridium_symbiosum	4.99809e-07
HISDEG-PWY: L-histidine degradation I|g__Bacteroides.s__Bacteroides_stercorirosoris	1.27542e-07
PWY-7220: adenosine deoxyribonucleotides de novo biosynthesis II	0.000142373
PWY-7220: adenosine deoxyribonucleotides de novo biosynthesis II|g__Proteobacteria_unclassified.s__Proteobacteria_bacterium_CAG_495	4.50509e-05
PWY-7220: adenosine deoxyribonucleotides de novo biosynthesis II|g__Bacteroides.s__Bacteroides_dorei	1.93893e-05
PWY-7220: adenosine deoxyribonucleotides de novo biosynthesis II|g__Bacteroides.s__Bacteroides_vulgatus	9.8796e-06
PWY-7220: adenosine deoxyribonucleotides de novo biosynthesis II|g__Sutterella.s__Sutterella_wadsworthensis	9.82187e-06
PWY-7220: adenosine deoxyribonucleotides de novo biosynthesis II|g__Parabacteroides.s__Parabacteroides_distasonis	8.48724e-06
PWY-7220: adenosine deoxyribonucleotides de novo biosynthesis II|g__Bacteroides.s__Bacteroides_ovatus	5.62083e-06
PWY-7220: adenosine deoxyribonucleotides de novo biosynthesis II|g__Bacteroides.s__Bacteroides_caccae	3.37607e-06
PWY-7220: adenosine deoxyribonucleotides de novo biosynthesis II|g__Bacteroides.s__Bacteroides_xylanisolvens	2.08571e-06
PWY-7220: adenosine deoxyribonucleotides de novo biosynthesis II|g__Bacteroides.s__Bacteroides_cellulosilyticus	1.88552e-06
PWY-7220: adenosine deoxyribonucleotides de novo biosynthesis II|g__Bacteroides.s__Bacteroides_thetaiotaomicron	1.47204e-06
PWY-7220: adenosine deoxyribonucleotides de novo biosynthesis II|g__Dialister.s__Dialister_invisus	1.43738e-06
PWY-7220: adenosine deoxyribonucleotides de novo biosynthesis II|g__Bacteroides.s__Bacteroides_intestinalis	1.07724e-06
PWY-7220: adenosine deoxyribonucleotides de novo biosynthesis II|unclassified	9.34524e-07
PWY-7220: adenosine deoxyribonucleotides de novo biosynthesis II|g__Bilophila.s__Bilophila_wadsworthia	8.54044e-07
PWY-7220: adenosine deoxyribonucleotides de novo biosynthesis II|g__Eggerthella.s__Eggerthella_lenta	2.48807e-07
PWY-7220: adenosine deoxyribonucleotides de novo biosynthesis II|g__Bacteroides.s__Bacteroides_stercorirosoris	1.58463e-07
PWY-7222: guanosine deoxyribonucleotides de novo biosynthesis II	0.000142373
PWY-7222: guanosine deoxyribonucleotides de novo biosynthesis II|g__Proteobacteria_unclassified.s__Proteobacteria_bacterium_CAG_495	4.50509e-05
PWY-7222: guanosine deoxyribonucleotides de novo biosynthesis II|g__Bacteroides.s__Bacteroides_dorei	1.93893e-05
PWY-7222: guanosine deoxyribonucleotides de novo biosynthesis II|g__Bacteroides.s__Bacteroides_vulgatus	9.8796e-06
PWY-7222: guanosine deoxyribonucleotides de novo biosynthesis II|g__Sutterella.s__Sutterella_wadsworthensis	9.82187e-06
PWY-7222: guanosine deoxyribonucleotides de novo biosynthesis II|g__Parabacteroides.s__Parabacteroides_distasonis	8.48724e-06
PWY-7222: guanosine deoxyribonucleotides de novo biosynthesis II|g__Bacteroides.s__Bacteroides_ovatus	5.62083e-06
PWY-7222: guanosine deoxyribonucleotides de novo biosynthesis II|g__Bacteroides.s__Bacteroides_caccae	3.37607e-06
PWY-7222: guanosine deoxyribonucleotides de novo biosynthesis II|g__Bacteroides.s__Bacteroides_xylanisolvens	2.08571e-06
PWY-7222: guanosine deoxyribonucleotides de novo biosynthesis II|g__Bacteroides.s__Bacteroides_cellulosilyticus	1.88552e-06
PWY-7222: guanosine deoxyribonucleotides de novo biosynthesis II|g__Bacteroides.s__Bacteroides_thetaiotaomicron	1.47204e-06
PWY-7222: guanosine deoxyribonucleotides de novo biosynthesis II|g__Dialister.s__Dialister_invisus	1.43738e-06
PWY-7222: guanosine deoxyribonucleotides de novo biosynthesis II|g__Bacteroides.s__Bacteroides_intestinalis	1.07724e-06
PWY-7222: guanosine deoxyribonucleotides de novo biosynthesis II|unclassified	9.34524e-07
PWY-7222: guanosine deoxyribonucleotides de novo biosynthesis II|g__Bilophila.s__Bilophila_wadsworthia	8.54044e-07
PWY-7222: guanosine deoxyribonucleotides de novo biosynthesis II|g__Eggerthella.s__Eggerthella_lenta	2.48807e-07
PWY-7222: guanosine deoxyribonucleotides de novo biosynthesis II|g__Bacteroides.s__Bacteroides_stercorirosoris	1.58463e-07
COLANSYN-PWY: colanic acid building blocks biosynthesis	0.00014042
COLANSYN-PWY: colanic acid building blocks biosynthesis|unclassified	6.35469e-06
PWY-7345: superpathway of anaerobic sucrose degradation	0.000139432
PWY-2941: L-lysine biosynthesis II	0.000136081
PWY-2941: L-lysine biosynthesis II|g__Blautia.s__Ruminococcus_torques	1.56991e-05
PWY-2941: L-lysine biosynthesis II|g__Parabacteroides.s__Parabacteroides_distasonis	1.02316e-05
PWY-2941: L-lysine biosynthesis II|g__Sutterella.s__Sutterella_wadsworthensis	9.38539e-06
PWY-2941: L-lysine biosynthesis II|unclassified	3.16628e-06
PWY-7328: superpathway of UDP-glucose-derived O-antigen building blocks biosynthesis	0.00013311
PWY-7328: superpathway of UDP-glucose-derived O-antigen building blocks biosynthesis|g__Blautia.s__Ruminococcus_torques	9.7622e-06
PWY-7328: superpathway of UDP-glucose-derived O-antigen building blocks biosynthesis|unclassified	7.43733e-06
ARGININE-SYN4-PWY: L-ornithine biosynthesis II	0.000132236
ARGININE-SYN4-PWY: L-ornithine biosynthesis II|g__Bacteroides.s__Bacteroides_uniformis	2.557e-05
ARGININE-SYN4-PWY: L-ornithine biosynthesis II|g__Bacteroides.s__Bacteroides_dorei	1.59191e-05
ARGININE-SYN4-PWY: L-ornithine biosynthesis II|g__Bacteroides.s__Bacteroides_clarus	1.32335e-05
ARGININE-SYN4-PWY: L-ornithine biosynthesis II|g__Bacteroides.s__Bacteroides_vulgatus	9.11543e-06
ARGININE-SYN4-PWY: L-ornithine biosynthesis II|g__Parabacteroides.s__Parabacteroides_distasonis	8.75344e-06
ARGININE-SYN4-PWY: L-ornithine biosynthesis II|g__Bacteroides.s__Bacteroides_xylanisolvens	7.53342e-06
ARGININE-SYN4-PWY: L-ornithine biosynthesis II|g__Bacteroides.s__Bacteroides_cellulosilyticus	3.05008e-06
ARGININE-SYN4-PWY: L-ornithine biosynthesis II|g__Bacteroides.s__Bacteroides_caccae	2.19913e-06
ARGININE-SYN4-PWY: L-ornithine biosynthesis II|g__Bacteroides.s__Bacteroides_ovatus	1.97374e-06
ARGININE-SYN4-PWY: L-ornithine biosynthesis II|g__Bacteroides.s__Bacteroides_thetaiotaomicron	1.39339e-06
PWY-5971: palmitate biosynthesis (type II fatty acid synthase)	0.000126117
PWY-7197: pyrimidine deoxyribonucleotide phosphorylation	0.000125267
PWY-7197: pyrimidine deoxyribonucleotide phosphorylation|g__Proteobacteria_unclassified.s__Proteobacteria_bacterium_CAG_495	3.77586e-05
PWY-7197: pyrimidine deoxyribonucleotide phosphorylation|g__Sutterella.s__Sutterella_wadsworthensis	1.01659e-05
PWY-7197: pyrimidine deoxyribonucleotide phosphorylation|g__Dialister.s__Dialister_invisus	6.98189e-06
PWY-7197: pyrimidine deoxyribonucleotide phosphorylation|unclassified	9.26389e-07
PWY-7197: pyrimidine deoxyribonucleotide phosphorylation|g__Senegalimassilia.s__Senegalimassilia_anaerobia	8.07763e-07
PWY-7197: pyrimidine deoxyribonucleotide phosphorylation|g__Bilophila.s__Bilophila_wadsworthia	7.6594e-07
PYRIDOXSYN-PWY: pyridoxal 5'-phosphate biosynthesis I	0.00012515
PYRIDOXSYN-PWY: pyridoxal 5'-phosphate biosynthesis I|g__Bacteroides.s__Bacteroides_uniformis	2.66596e-05
PYRIDOXSYN-PWY: pyridoxal 5'-phosphate biosynthesis I|g__Bacteroides.s__Bacteroides_clarus	1.73593e-05
PYRIDOXSYN-PWY: pyridoxal 5'-phosphate biosynthesis I|g__Parabacteroides.s__Parabacteroides_distasonis	8.86637e-06
PYRIDOXSYN-PWY: pyridoxal 5'-phosphate biosynthesis I|g__Bacteroides.s__Bacteroides_xylanisolvens	7.8827e-06
PYRIDOXSYN-PWY: pyridoxal 5'-phosphate biosynthesis I|g__Bacteroides.s__Bacteroides_ovatus	2.61587e-06
PYRIDOXSYN-PWY: pyridoxal 5'-phosphate biosynthesis I|g__Bacteroides.s__Bacteroides_caccae	2.0646e-06
PYRIDOXSYN-PWY: pyridoxal 5'-phosphate biosynthesis I|g__Bacteroides.s__Bacteroides_thetaiotaomicron	1.478e-06
PWY-7761: NAD salvage pathway II (PNC IV cycle)	0.000122682
PWY-7761: NAD salvage pathway II (PNC IV cycle)|unclassified	3.516e-06
PWY-6895: superpathway of thiamine diphosphate biosynthesis II	0.000122307
PWY-6895: superpathway of thiamine diphosphate biosynthesis II|unclassified	2.60139e-06
PWY-5121: superpathway of geranylgeranyl diphosphate biosynthesis II (via MEP)	0.000120039
PWY-5121: superpathway of geranylgeranyl diphosphate biosynthesis II (via MEP)|g__Bacteroides.s__Bacteroides_vulgatus	1.01416e-05
PWY-5121: superpathway of geranylgeranyl diphosphate biosynthesis II (via MEP)|unclassified	8.06365e-06
PWY-5121: superpathway of geranylgeranyl diphosphate biosynthesis II (via MEP)|g__Bacteroides.s__Bacteroides_dorei	3.49517e-06
FASYN-ELONG-PWY: fatty acid elongation -- saturated	0.000118814
FASYN-ELONG-PWY: fatty acid elongation -- saturated|g__Alistipes.s__Alistipes_finegoldii	1.49189e-05
FASYN-ELONG-PWY: fatty acid elongation -- saturated|g__Bacteroides.s__Bacteroides_vulgatus	1.03963e-05
FASYN-ELONG-PWY: fatty acid elongation -- saturated|g__Bifidobacterium.s__Bifidobacterium_longum	3.38468e-06
FASYN-ELONG-PWY: fatty acid elongation -- saturated|g__Bacteroides.s__Bacteroides_cellulosilyticus	2.632e-06
FASYN-ELONG-PWY: fatty acid elongation -- saturated|g__Alistipes.s__Alistipes_onderdonkii	1.17463e-06
FASYN-ELONG-PWY: fatty acid elongation -- saturated|g__Bacteroides.s__Bacteroides_stercorirosoris	1.57606e-07
PWY-5030: L-histidine degradation III	0.00011869
PWY-5030: L-histidine degradation III|g__Bacteroides.s__Bacteroides_uniformis	3.30891e-05
PWY-5030: L-histidine degradation III|g__Bacteroides.s__Bacteroides_clarus	1.72946e-05
PWY-5030: L-histidine degradation III|g__Bacteroides.s__Bacteroides_dorei	1.66425e-05
PWY-5030: L-histidine degradation III|g__Bacteroides.s__Bacteroides_xylanisolvens	9.47145e-06
PWY-5030: L-histidine degradation III|g__Alistipes.s__Alistipes_putredinis	9.22231e-06
PWY-5030: L-histidine degradation III|g__Alistipes.s__Alistipes_finegoldii	9.08582e-06
PWY-5030: L-histidine degradation III|g__Bacteroides.s__Bacteroides_vulgatus	8.88348e-06
PWY-5030: L-histidine degradation III|g__Bacteroides.s__Bacteroides_ovatus	3.18079e-06
PWY-5030: L-histidine degradation III|g__Alistipes.s__Alistipes_onderdonkii	2.09971e-06
PWY-5030: L-histidine degradation III|unclassified	1.20675e-06
PWY-5030: L-histidine degradation III|g__Bacteroides.s__Bacteroides_thetaiotaomicron	1.14876e-06
BIOTIN-BIOSYNTHESIS-PWY: biotin biosynthesis I	0.000113029
BIOTIN-BIOSYNTHESIS-PWY: biotin biosynthesis I|g__Bacteroides.s__Bacteroides_vulgatus	9.17182e-06
PWY-6608: guanosine nucleotides degradation III	0.00011192
PWY-6608: guanosine nucleotides degradation III|g__Blautia.s__Ruminococcus_torques	2.90865e-05
PWY-6608: guanosine nucleotides degradation III|g__Anaerostipes.s__Anaerostipes_hadrus	7.28405e-06
PWY-6608: guanosine nucleotides degradation III|g__Blautia.s__Blautia_obeum	6.09184e-06
PWY-6608: guanosine nucleotides degradation III|unclassified	6.07377e-06
PWY-6608: guanosine nucleotides degradation III|g__Faecalibacterium.s__Faecalibacterium_prausnitzii	5.25353e-06
PWY-6608: guanosine nucleotides degradation III|g__Bacteroides.s__Bacteroides_xylanisolvens	4.8401e-06
PWY-6608: guanosine nucleotides degradation III|g__Blautia.s__Blautia_wexlerae	3.37505e-06
PWY-6608: guanosine nucleotides degradation III|g__Bacteroides.s__Bacteroides_caccae	2.90781e-06
PWY-6608: guanosine nucleotides degradation III|g__Bacteroides.s__Bacteroides_ovatus	2.71311e-06
GLYCOLYSIS-E-D: superpathway of glycolysis and the Entner-Doudoroff pathway	0.000111769
PWY-7323: superpathway of GDP-mannose-derived O-antigen building blocks biosynthesis	0.000111732
PWY-7323: superpathway of GDP-mannose-derived O-antigen building blocks biosynthesis|unclassified	2.88881e-06
PWY-5659: GDP-mannose biosynthesis	0.000110221
PWY-5659: GDP-mannose biosynthesis|g__Roseburia.s__Roseburia_faecis	9.53558e-06
PWY-5659: GDP-mannose biosynthesis|g__Blautia.s__Blautia_obeum	7.62061e-06
PWY-5659: GDP-mannose biosynthesis|g__Bacteroides.s__Bacteroides_vulgatus	7.06311e-06
PWY-5659: GDP-mannose biosynthesis|unclassified	6.35383e-06
PWY-5659: GDP-mannose biosynthesis|g__Faecalibacterium.s__Faecalibacterium_prausnitzii	5.93731e-06
PWY-5659: GDP-mannose biosynthesis|g__Bacteroides.s__Bacteroides_xylanisolvens	2.21206e-06
PWY-5659: GDP-mannose biosynthesis|g__Bacteroides.s__Bacteroides_dorei	1.7829e-06
PWY-5659: GDP-mannose biosynthesis|g__Flavonifractor.s__Flavonifractor_plautii	4.35398e-07
PWY-7664: oleate biosynthesis IV (anaerobic)	0.000109524
PWY-7664: oleate biosynthesis IV (anaerobic)|g__Alistipes.s__Alistipes_finegoldii	1.47002e-05
PWY-7664: oleate biosynthesis IV (anaerobic)|g__Bacteroides.s__Bacteroides_vulgatus	9.95877e-06
PWY-7664: oleate biosynthesis IV (anaerobic)|g__Bifidobacterium.s__Bifidobacterium_longum	3.21067e-06
PWY-7664: oleate biosynthesis IV (anaerobic)|g__Bacteroides.s__Bacteroides_cellulosilyticus	2.26727e-06
PWY-7664: oleate biosynthesis IV (anaerobic)|g__Alistipes.s__Alistipes_onderdonkii	9.30282e-07
PWY-7664: oleate biosynthesis IV (anaerobic)|g__Bacteroides.s__Bacteroides_stercorirosoris	1.51372e-07
DAPLYSINESYN-PWY: L-lysine biosynthesis I	0.000108733
DAPLYSINESYN-PWY: L-lysine biosynthesis I|g__Bifidobacterium.s__Bifidobacterium_catenulatum	1.27259e-05
DAPLYSINESYN-PWY: L-lysine biosynthesis I|g__Bifidobacterium.s__Bifidobacterium_longum	9.03673e-06
DAPLYSINESYN-PWY: L-lysine biosynthesis I|g__Bifidobacterium.s__Bifidobacterium_pseudocatenulatum	5.66577e-06
PWY-1861: formaldehyde assimilation II (assimilatory RuMP Cycle)	0.000106906
PWY-1861: formaldehyde assimilation II (assimilatory RuMP Cycle)|g__Anaerostipes.s__Anaerostipes_hadrus	1.53868e-05
PWY-1861: formaldehyde assimilation II (assimilatory RuMP Cycle)|unclassified	1.29894e-05
PWY-702: L-methionine biosynthesis II	0.000106572
PWY-702: L-methionine biosynthesis II|g__Blautia.s__Ruminococcus_torques	9.69782e-06
PWY-702: L-methionine biosynthesis II|g__Bifidobacterium.s__Bifidobacterium_longum	5.12139e-06
PWY-702: L-methionine biosynthesis II|g__Bifidobacterium.s__Bifidobacterium_pseudocatenulatum	2.66863e-06
PWY-702: L-methionine biosynthesis II|unclassified	3.83487e-07
PWY-5505: L-glutamate and L-glutamine biosynthesis	0.000106136
PWY-6519: 8-amino-7-oxononanoate biosynthesis I	0.000103254
PWY-6519: 8-amino-7-oxononanoate biosynthesis I|g__Bacteroides.s__Bacteroides_vulgatus	9.1352e-06
PWY-6519: 8-amino-7-oxononanoate biosynthesis I|g__Bacteroides.s__Bacteroides_cellulosilyticus	2.39714e-06
PWY-6470: peptidoglycan biosynthesis V (&beta;-lactam resistance)	0.000103057
PWY-6470: peptidoglycan biosynthesis V (&beta;-lactam resistance)|unclassified	3.60434e-06
PWY-6902: chitin degradation II (Vibrio)	0.000101086
PWY-6902: chitin degradation II (Vibrio)|g__Bacteroides.s__Bacteroides_uniformis	3.16538e-05
PWY-6902: chitin degradation II (Vibrio)|g__Fusicatenibacter.s__Fusicatenibacter_saccharivorans	2.64265e-05
PWY-6902: chitin degradation II (Vibrio)|g__Bacteroides.s__Bacteroides_vulgatus	1.16338e-05
PWY-6902: chitin degradation II (Vibrio)|g__Bifidobacterium.s__Bifidobacterium_pseudocatenulatum	5.69691e-06
PWY-6902: chitin degradation II (Vibrio)|g__Bacteroides.s__Bacteroides_thetaiotaomicron	4.23709e-06
PWY-6902: chitin degradation II (Vibrio)|g__Bacteroides.s__Bacteroides_cellulosilyticus	2.07528e-06
PWY-6902: chitin degradation II (Vibrio)|g__Bacteroides.s__Bacteroides_intestinalis	1.311e-06
PWY-6902: chitin degradation II (Vibrio)|g__Bifidobacterium.s__Bifidobacterium_bifidum	9.15687e-07
PWY-621: sucrose degradation III (sucrose invertase)	0.000100016
PWY-621: sucrose degradation III (sucrose invertase)|g__Anaerostipes.s__Anaerostipes_hadrus	1.65527e-05
PWY-621: sucrose degradation III (sucrose invertase)|g__Roseburia.s__Roseburia_faecis	8.05526e-06
PWY-621: sucrose degradation III (sucrose invertase)|g__Bifidobacterium.s__Bifidobacterium_bifidum	7.00248e-06
PWY-621: sucrose degradation III (sucrose invertase)|g__Bacteroides.s__Bacteroides_ovatus	2.59929e-06
PWY-621: sucrose degradation III (sucrose invertase)|g__Faecalibacterium.s__Faecalibacterium_prausnitzii	2.36916e-06
PWY-621: sucrose degradation III (sucrose invertase)|g__Bifidobacterium.s__Bifidobacterium_longum	1.03813e-06
PWY0-862: (5Z)-dodecenoate biosynthesis I	9.91844e-05
PWY0-862: (5Z)-dodecenoate biosynthesis I|g__Alistipes.s__Alistipes_finegoldii	1.44184e-05
PWY0-862: (5Z)-dodecenoate biosynthesis I|g__Bacteroides.s__Bacteroides_vulgatus	9.42969e-06
PWY0-862: (5Z)-dodecenoate biosynthesis I|g__Bifidobacterium.s__Bifidobacterium_longum	3.00471e-06
PWY0-862: (5Z)-dodecenoate biosynthesis I|g__Bacteroides.s__Bacteroides_cellulosilyticus	1.91369e-06
PWY0-862: (5Z)-dodecenoate biosynthesis I|g__Alistipes.s__Alistipes_onderdonkii	7.28286e-07
PWY0-862: (5Z)-dodecenoate biosynthesis I|g__Bacteroides.s__Bacteroides_stercorirosoris	1.43788e-07
PWY-7115: C4 photosynthetic carbon assimilation cycle, NAD-ME type	9.85802e-05
PWY-5989: stearate biosynthesis II (bacteria and plants)	9.85394e-05
PWY-5989: stearate biosynthesis II (bacteria and plants)|g__Alistipes.s__Alistipes_finegoldii	1.44692e-05
PWY-5989: stearate biosynthesis II (bacteria and plants)|g__Bacteroides.s__Bacteroides_vulgatus	1.05008e-05
PWY-5989: stearate biosynthesis II (bacteria and plants)|g__Bacteroides.s__Bacteroides_cellulosilyticus	2.36618e-06
PWY-5989: stearate biosynthesis II (bacteria and plants)|g__Alistipes.s__Alistipes_onderdonkii	7.65845e-07
PWY-5989: stearate biosynthesis II (bacteria and plants)|g__Bacteroides.s__Bacteroides_stercorirosoris	1.31369e-07
METH-ACETATE-PWY: methanogenesis from acetate	9.79968e-05
METH-ACETATE-PWY: methanogenesis from acetate|g__Fusicatenibacter.s__Fusicatenibacter_saccharivorans	1.53995e-05
METH-ACETATE-PWY: methanogenesis from acetate|g__Blautia.s__Blautia_wexlerae	8.0547e-06
METH-ACETATE-PWY: methanogenesis from acetate|g__Blautia.s__Ruminococcus_torques	7.97963e-06
METH-ACETATE-PWY: methanogenesis from acetate|g__Blautia.s__Blautia_obeum	9.89478e-07
METH-ACETATE-PWY: methanogenesis from acetate|g__Blautia.s__Blautia_sp_CAG_257	4.134e-07
METH-ACETATE-PWY: methanogenesis from acetate|g__Blautia.s__Blautia_sp	1.03919e-07
PWY-6282: palmitoleate biosynthesis I (from (5Z)-dodec-5-enoate)	9.77754e-05
PWY-6282: palmitoleate biosynthesis I (from (5Z)-dodec-5-enoate)|g__Alistipes.s__Alistipes_finegoldii	1.4607e-05
PWY-6282: palmitoleate biosynthesis I (from (5Z)-dodec-5-enoate)|g__Bacteroides.s__Bacteroides_vulgatus	9.9295e-06
PWY-6282: palmitoleate biosynthesis I (from (5Z)-dodec-5-enoate)|g__Bifidobacterium.s__Bifidobacterium_longum	3.24777e-06
PWY-6282: palmitoleate biosynthesis I (from (5Z)-dodec-5-enoate)|g__Bacteroides.s__Bacteroides_cellulosilyticus	2.33931e-06
PWY-6282: palmitoleate biosynthesis I (from (5Z)-dodec-5-enoate)|g__Alistipes.s__Alistipes_onderdonkii	9.7537e-07
PWY-6282: palmitoleate biosynthesis I (from (5Z)-dodec-5-enoate)|g__Bacteroides.s__Bacteroides_stercorirosoris	1.47242e-07
PWY-8004: Entner-Doudoroff pathway I	9.76003e-05
PWY-8004: Entner-Doudoroff pathway I|g__Parabacteroides.s__Parabacteroides_distasonis	9.44761e-06
PWY-5384: sucrose degradation IV (sucrose phosphorylase)	9.67792e-05
PWY-5384: sucrose degradation IV (sucrose phosphorylase)|g__Faecalibacterium.s__Faecalibacterium_prausnitzii	1.76543e-05
PWY-5384: sucrose degradation IV (sucrose phosphorylase)|g__Bifidobacterium.s__Bifidobacterium_catenulatum	1.29447e-05
PWY-5384: sucrose degradation IV (sucrose phosphorylase)|g__Anaerostipes.s__Anaerostipes_hadrus	1.14005e-05
PWY-5384: sucrose degradation IV (sucrose phosphorylase)|g__Roseburia.s__Roseburia_faecis	8.13263e-06
PWY-5384: sucrose degradation IV (sucrose phosphorylase)|g__Bifidobacterium.s__Bifidobacterium_longum	7.48739e-06
PWY-5384: sucrose degradation IV (sucrose phosphorylase)|g__Bifidobacterium.s__Bifidobacterium_bifidum	6.92995e-06
PWY-5384: sucrose degradation IV (sucrose phosphorylase)|g__Bifidobacterium.s__Bifidobacterium_pseudocatenulatum	4.4083e-06
PWY-5384: sucrose degradation IV (sucrose phosphorylase)|g__Blautia.s__Blautia_wexlerae	2.76059e-06
PWY-5384: sucrose degradation IV (sucrose phosphorylase)|g__Bacteroides.s__Bacteroides_ovatus	2.51577e-06
PWY-5384: sucrose degradation IV (sucrose phosphorylase)|unclassified	1.63938e-06
PWY-6305: superpathway of putrescine biosynthesis	9.59038e-05
PWY-6305: superpathway of putrescine biosynthesis|unclassified	3.78882e-07
P441-PWY: superpathway of N-acetylneuraminate degradation	9.51666e-05
PWY-7198: pyrimidine deoxyribonucleotides de novo biosynthesis IV	9.43523e-05
PWY-7198: pyrimidine deoxyribonucleotides de novo biosynthesis IV|g__Dialister.s__Dialister_invisus	2.55369e-06
PWY-7198: pyrimidine deoxyribonucleotides de novo biosynthesis IV|unclassified	1.24088e-06
PWY66-409: superpathway of purine nucleotide salvage	9.42516e-05
PWY66-409: superpathway of purine nucleotide salvage|unclassified	2.80808e-06
PWY-6292: superpathway of L-cysteine biosynthesis (mammalian)	9.36793e-05
PWY-6292: superpathway of L-cysteine biosynthesis (mammalian)|unclassified	4.96053e-06
PWY-7383: anaerobic energy metabolism (invertebrates, cytosol)	9.2893e-05
PWY-7383: anaerobic energy metabolism (invertebrates, cytosol)|unclassified	7.34037e-07
PWY-7456: &beta;-(1,4)-mannan degradation	9.28133e-05
PWY-7456: &beta;-(1,4)-mannan degradation|g__Roseburia.s__Roseburia_faecis	9.84927e-06
PWY-622: starch biosynthesis	9.03094e-05
FERMENTATION-PWY: mixed acid fermentation	8.91365e-05
FERMENTATION-PWY: mixed acid fermentation|g__Faecalibacterium.s__Faecalibacterium_prausnitzii	4.51953e-06
FERMENTATION-PWY: mixed acid fermentation|unclassified	4.42384e-06
PWY-6353: purine nucleotides degradation II (aerobic)	8.75905e-05
PWY-6353: purine nucleotides degradation II (aerobic)|g__Blautia.s__Ruminococcus_torques	2.34556e-05
PWY-6353: purine nucleotides degradation II (aerobic)|unclassified	5.63435e-06
PWY-7392: taxadiene biosynthesis (engineered)	8.70051e-05
NAGLIPASYN-PWY: lipid IVA biosynthesis (E. coli)	8.3216e-05
NAGLIPASYN-PWY: lipid IVA biosynthesis (E. coli)|g__Bacteroides.s__Bacteroides_uniformis	3.07699e-05
NAGLIPASYN-PWY: lipid IVA biosynthesis (E. coli)|g__Sutterella.s__Sutterella_wadsworthensis	9.67024e-06
NAGLIPASYN-PWY: lipid IVA biosynthesis (E. coli)|g__Bacteroides.s__Bacteroides_cellulosilyticus	1.36908e-06
PWY-8073: lipid IVA biosynthesis (P. putida)	8.3216e-05
PWY-8073: lipid IVA biosynthesis (P. putida)|g__Bacteroides.s__Bacteroides_uniformis	3.07699e-05
PWY-8073: lipid IVA biosynthesis (P. putida)|g__Sutterella.s__Sutterella_wadsworthensis	9.67024e-06
PWY-8073: lipid IVA biosynthesis (P. putida)|g__Bacteroides.s__Bacteroides_cellulosilyticus	1.36908e-06
PWY-7117: C4 photosynthetic carbon assimilation cycle, PEPCK type	8.04268e-05
PWY66-399: gluconeogenesis III	8.01156e-05
PWY66-399: gluconeogenesis III|unclassified	1.47178e-06
PWY-241: C4 photosynthetic carbon assimilation cycle, NADP-ME type	7.54158e-05
PWY0-781: aspartate superpathway	7.53433e-05
P164-PWY: purine nucleobases degradation I (anaerobic)	7.45783e-05
P164-PWY: purine nucleobases degradation I (anaerobic)|unclassified	3.68316e-06
PWY-1269: CMP-3-deoxy-D-manno-octulosonate biosynthesis	7.2676e-05
PWY-1269: CMP-3-deoxy-D-manno-octulosonate biosynthesis|g__Bacteroides.s__Bacteroides_uniformis	2.32241e-05
PWY-1269: CMP-3-deoxy-D-manno-octulosonate biosynthesis|g__Bacteroides.s__Bacteroides_caccae	3.12717e-06
PWY-1269: CMP-3-deoxy-D-manno-octulosonate biosynthesis|g__Bacteroides.s__Bacteroides_ovatus	2.53062e-06
PWY-1269: CMP-3-deoxy-D-manno-octulosonate biosynthesis|g__Bacteroides.s__Bacteroides_thetaiotaomicron	1.36294e-06
PWY-1269: CMP-3-deoxy-D-manno-octulosonate biosynthesis|g__Alistipes.s__Alistipes_timonensis	4.53731e-07
P4-PWY: superpathway of L-lysine, L-threonine and L-methionine biosynthesis I	7.25734e-05
PWY0-1479: tRNA processing	7.17968e-05
PWY0-1479: tRNA processing|g__Sutterella.s__Sutterella_wadsworthensis	1.42419e-05
PWY-6630: superpathway of L-tyrosine biosynthesis	7.13205e-05
PWY-6630: superpathway of L-tyrosine biosynthesis|unclassified	2.75753e-06
PWY-8187: L-arginine degradation XIII (reductive Stickland reaction)	6.97144e-05
PWY-8187: L-arginine degradation XIII (reductive Stickland reaction)|unclassified	6.45802e-06
PWY-8187: L-arginine degradation XIII (reductive Stickland reaction)|g__Eubacterium.s__Eubacterium_ramulus	7.94254e-07
PWY-8187: L-arginine degradation XIII (reductive Stickland reaction)|g__Butyricimonas.s__Butyricimonas_synergistica	5.48521e-07
PWY-8187: L-arginine degradation XIII (reductive Stickland reaction)|g__Adlercreutzia.s__Adlercreutzia_equolifaciens	1.59751e-07
POLYISOPRENSYN-PWY: polyisoprenoid biosynthesis (E. coli)	6.8199e-05
PWY-5676: acetyl-CoA fermentation to butanoate II	6.44391e-05
PWY-5676: acetyl-CoA fermentation to butanoate II|g__Anaerostipes.s__Anaerostipes_hadrus	1.15756e-05
PWY-5676: acetyl-CoA fermentation to butanoate II|unclassified	2.76715e-06
PWY-5676: acetyl-CoA fermentation to butanoate II|g__Flavonifractor.s__Flavonifractor_plautii	1.32426e-06
GLUCUROCAT-PWY: superpathway of &beta;-D-glucuronosides degradation	6.36673e-05
GLUCUROCAT-PWY: superpathway of &beta;-D-glucuronosides degradation|g__Faecalibacterium.s__Faecalibacterium_prausnitzii	6.51121e-06
GLUCUROCAT-PWY: superpathway of &beta;-D-glucuronosides degradation|unclassified	2.92105e-06
PWY-5497: purine nucleobases degradation II (anaerobic)	6.33107e-05
PWY-6549: L-glutamine biosynthesis III	6.04126e-05
PWY-4041: &gamma;-glutamyl cycle	5.86903e-05
PWY-4041: &gamma;-glutamyl cycle|g__Bifidobacterium.s__Bifidobacterium_longum	4.02703e-06
PWY-4041: &gamma;-glutamyl cycle|g__Bacteroides.s__Bacteroides_vulgatus	1.76377e-06
PWY-4041: &gamma;-glutamyl cycle|g__Bacteroides.s__Bacteroides_dorei	1.43696e-07
PWY-4041: &gamma;-glutamyl cycle|g__Bacteroides.s__Bacteroides_ovatus	9.56254e-08
PWY0-1477: ethanolamine utilization	5.80491e-05
PWY0-1477: ethanolamine utilization|g__Bilophila.s__Bilophila_wadsworthia	1.5693e-06
PWY0-1477: ethanolamine utilization|unclassified	1.51001e-06
PWY0-1477: ethanolamine utilization|g__Blautia.s__Blautia_obeum	1.2724e-06
PWY0-1477: ethanolamine utilization|g__Flavonifractor.s__Flavonifractor_plautii	1.18393e-06
PWY-6969: TCA cycle V (2-oxoglutarate synthase)	5.76957e-05
GALACTUROCAT-PWY: D-galacturonate degradation I	5.58979e-05
GALACTUROCAT-PWY: D-galacturonate degradation I|g__Faecalibacterium.s__Faecalibacterium_prausnitzii	1.88953e-05
GALACTUROCAT-PWY: D-galacturonate degradation I|unclassified	2.66804e-06
GALACTUROCAT-PWY: D-galacturonate degradation I|g__Alistipes.s__Alistipes_timonensis	4.4686e-07
PWY-5347: superpathway of L-methionine biosynthesis (transsulfuration)	5.52453e-05
MET-SAM-PWY: superpathway of S-adenosyl-L-methionine biosynthesis	5.48226e-05
FUC-RHAMCAT-PWY: superpathway of fucose and rhamnose degradation	5.3108e-05
PWY-6507: 4-deoxy-L-threo-hex-4-enopyranuronate degradation	5.12923e-05
PWY-6507: 4-deoxy-L-threo-hex-4-enopyranuronate degradation|g__Faecalibacterium.s__Faecalibacterium_prausnitzii	1.66562e-05
PWY-6507: 4-deoxy-L-threo-hex-4-enopyranuronate degradation|unclassified	6.09959e-06
PWY-7242: D-fructuronate degradation	5.04507e-05
PWY-7242: D-fructuronate degradation|g__Faecalibacterium.s__Faecalibacterium_prausnitzii	1.66603e-05
PWY-7242: D-fructuronate degradation|unclassified	5.3137e-06
SALVADEHYPOX-PWY: adenosine nucleotides degradation II	5.0306e-05
SALVADEHYPOX-PWY: adenosine nucleotides degradation II|g__Blautia.s__Ruminococcus_torques	1.59974e-05
SALVADEHYPOX-PWY: adenosine nucleotides degradation II|g__Anaerostipes.s__Anaerostipes_hadrus	7.83182e-06
SALVADEHYPOX-PWY: adenosine nucleotides degradation II|g__Faecalibacterium.s__Faecalibacterium_prausnitzii	4.84739e-06
SALVADEHYPOX-PWY: adenosine nucleotides degradation II|unclassified	3.73161e-06
FOLSYN-PWY: superpathway of tetrahydrofolate biosynthesis and salvage	4.96462e-05
METSYN-PWY: superpathway of L-homoserine and L-methionine biosynthesis	4.95525e-05
PWY-6606: guanosine nucleotides degradation II	4.89356e-05
PWY-6606: guanosine nucleotides degradation II|g__Blautia.s__Ruminococcus_torques	1.56233e-05
PWY-6606: guanosine nucleotides degradation II|unclassified	3.43529e-06
PWY-6284: superpathway of unsaturated fatty acids biosynthesis (E. coli)	4.72999e-05
PWY-6168: flavin biosynthesis III (fungi)	4.50141e-05
PWY-5913: partial TCA cycle (obligate autotrophs)	4.27727e-05
PWY-6859: all-trans-farnesol biosynthesis	4.18255e-05
PWY-6590: superpathway of Clostridium acetobutylicum acidogenic fermentation	4.15106e-05
PWY0-1297: superpathway of purine deoxyribonucleosides degradation	4.09645e-05
PWY0-1297: superpathway of purine deoxyribonucleosides degradation|g__Blautia.s__Ruminococcus_torques	2.79689e-05
PWY0-1297: superpathway of purine deoxyribonucleosides degradation|unclassified	2.89102e-06
PWY-7196: superpathway of pyrimidine ribonucleosides salvage	4.02257e-05
PWY-6906: chitin derivatives degradation	3.97438e-05
ARG+POLYAMINE-SYN: superpathway of arginine and polyamine biosynthesis	3.92251e-05
PWY-5130: 2-oxobutanoate degradation I	3.68029e-05
PWY-5130: 2-oxobutanoate degradation I|g__Alistipes.s__Alistipes_putredinis	1.03364e-05
PWY-7883: anhydromuropeptides recycling II	3.5207e-05
P124-PWY: Bifidobacterium shunt	3.51801e-05
P124-PWY: Bifidobacterium shunt|g__Bifidobacterium.s__Bifidobacterium_pseudocatenulatum	6.33888e-06
P124-PWY: Bifidobacterium shunt|g__Bifidobacterium.s__Bifidobacterium_longum	2.15326e-06
PWY-6612: superpathway of tetrahydrofolate biosynthesis	3.40795e-05
HEXITOLDEGSUPER-PWY: superpathway of hexitol degradation (bacteria)	3.26661e-05
CENTFERM-PWY: pyruvate fermentation to butanoate	3.20724e-05
FUCCAT-PWY: fucose degradation	3.12012e-05
FUCCAT-PWY: fucose degradation|g__Blautia.s__Ruminococcus_torques	9.22231e-06
P461-PWY: hexitol fermentation to lactate, formate, ethanol and acetate	3.11756e-05
P461-PWY: hexitol fermentation to lactate, formate, ethanol and acetate|g__Anaerostipes.s__Anaerostipes_hadrus	1.27574e-05
P461-PWY: hexitol fermentation to lactate, formate, ethanol and acetate|unclassified	8.47919e-06
PWY-5005: biotin biosynthesis II	3.03231e-05
PWY-5005: biotin biosynthesis II|g__Blautia.s__Ruminococcus_torques	6.70811e-06
HOMOSER-METSYN-PWY: L-methionine biosynthesis I	2.97419e-05
PWY0-1241: ADP-L-glycero-&beta;-D-manno-heptose biosynthesis	2.94848e-05
PWY0-1241: ADP-L-glycero-&beta;-D-manno-heptose biosynthesis|g__Acetobacter.s__Acetobacter_sp_CAG_267	2.94496e-06
PWY-7356: thiamine diphosphate salvage IV (yeast)	2.85067e-05
PWY-7356: thiamine diphosphate salvage IV (yeast)|unclassified	3.40182e-06
PWY-7312: dTDP-&beta;-D-fucofuranose biosynthesis	2.77001e-05
PWY-7312: dTDP-&beta;-D-fucofuranose biosynthesis|g__Bacteroides.s__Bacteroides_clarus	1.5128e-05
PPGPPMET-PWY: ppGpp metabolism	2.55497e-05
PWY-7209: superpathway of pyrimidine ribonucleosides degradation	2.55346e-05
PWY-5838: superpathway of menaquinol-8 biosynthesis I	2.52683e-05
PWY-5845: superpathway of menaquinol-9 biosynthesis	2.37175e-05
GOLPDLCAT-PWY: superpathway of glycerol degradation to 1,3-propanediol	2.31199e-05
GOLPDLCAT-PWY: superpathway of glycerol degradation to 1,3-propanediol|g__Blautia.s__Ruminococcus_torques	1.34464e-05
GOLPDLCAT-PWY: superpathway of glycerol degradation to 1,3-propanediol|g__Anaerostipes.s__Anaerostipes_hadrus	6.52236e-06
GOLPDLCAT-PWY: superpathway of glycerol degradation to 1,3-propanediol|g__Eubacterium.s__Eubacterium_hallii	1.37328e-06
GOLPDLCAT-PWY: superpathway of glycerol degradation to 1,3-propanediol|unclassified	6.00349e-07
PWY0-1298: superpathway of pyrimidine deoxyribonucleosides degradation	2.286e-05
PWY-5897: superpathway of menaquinol-11 biosynthesis	2.25912e-05
PWY-5898: superpathway of menaquinol-12 biosynthesis	2.25912e-05
PWY-5899: superpathway of menaquinol-13 biosynthesis	2.25912e-05
HEMESYN2-PWY: heme b biosynthesis II (oxygen-independent)	2.22446e-05
HEMESYN2-PWY: heme b biosynthesis II (oxygen-independent)|g__Sutterella.s__Sutterella_wadsworthensis	1.09538e-05
GLUDEG-I-PWY: GABA shunt	2.16454e-05
PWY-5022: 4-aminobutanoate degradation V	2.12944e-05
POLYAMSYN-PWY: superpathway of polyamine biosynthesis I	2.05981e-05
PWY-7013: (S)-propane-1,2-diol degradation	1.96002e-05
PWY-7013: (S)-propane-1,2-diol degradation|g__Eubacterium.s__Eubacterium_hallii	4.79222e-06
PWY-5367: petroselinate biosynthesis	1.91593e-05
PWY-5367: petroselinate biosynthesis|g__Blautia.s__Ruminococcus_torques	1.79436e-05
PYRIDNUCSAL-PWY: NAD salvage pathway I (PNC VI cycle)	1.87402e-05
PWY-7211: superpathway of pyrimidine deoxyribonucleotides de novo biosynthesis	1.80313e-05
PWY-5861: superpathway of demethylmenaquinol-8 biosynthesis I	1.73237e-05
PWY-8131: 5'-deoxyadenosine degradation II	1.68221e-05
PWY-8131: 5'-deoxyadenosine degradation II|unclassified	3.10045e-06
PWY-6471: peptidoglycan biosynthesis IV (Enterococcus faecium)	1.66537e-05
PWY-5862: superpathway of demethylmenaquinol-9 biosynthesis	1.62323e-05
P185-PWY: formaldehyde assimilation III (dihydroxyacetone cycle)	1.60455e-05
P185-PWY: formaldehyde assimilation III (dihydroxyacetone cycle)|unclassified	2.89483e-06
PWY3O-4107: NAD salvage pathway V (PNC V cycle)	1.41219e-05
PWY3O-4107: NAD salvage pathway V (PNC V cycle)|g__Bifidobacterium.s__Bifidobacterium_bifidum	6.45775e-06
PWY1ZNC-1: assimilatory sulfate reduction IV	1.35505e-05
PWY1ZNC-1: assimilatory sulfate reduction IV|g__Eubacterium.s__Eubacterium_hallii	1.63456e-06
PWY1ZNC-1: assimilatory sulfate reduction IV|unclassified	1.05403e-06
GALACTITOLCAT-PWY: galactitol degradation	1.30556e-05
GALACTITOLCAT-PWY: galactitol degradation|g__Anaerostipes.s__Anaerostipes_hadrus	9.99629e-06
PWY-5136: fatty acid &beta;-oxidation II (plant peroxisome)	1.08529e-05
PWY-5136: fatty acid &beta;-oxidation II (plant peroxisome)|unclassified	1.00359e-06
PWY-5136: fatty acid &beta;-oxidation II (plant peroxisome)|g__Coprococcus.s__Coprococcus_catus	1.37158e-07
PWY-7210: pyrimidine deoxyribonucleotides biosynthesis from CTP	1.06784e-05
HEME-BIOSYNTHESIS-II: heme b biosynthesis I (aerobic)	1.04883e-05
PWY-5840: superpathway of menaquinol-7 biosynthesis	9.854e-06
PWY-6545: pyrimidine deoxyribonucleotides de novo biosynthesis III	9.72854e-06
PWY-7184: pyrimidine deoxyribonucleotides de novo biosynthesis I	9.72803e-06
LACTOSECAT-PWY: lactose and galactose degradation I	9.38437e-06
LACTOSECAT-PWY: lactose and galactose degradation I|g__Anaerostipes.s__Anaerostipes_hadrus	4.55212e-06
LACTOSECAT-PWY: lactose and galactose degradation I|unclassified	2.2783e-06
PWY-6807: xyloglucan degradation II (exoglucanase)	9.38369e-06
PWY-6435: 4-hydroxybenzoate biosynthesis III (plants)	8.62896e-06
RUMP-PWY: formaldehyde oxidation I	8.4428e-06
PWY-7688: dTDP-&alpha;-D-ravidosamine and dTDP-4-acetyl-&alpha;-D-ravidosamine biosynthesis	8.13436e-06
PWY-7688: dTDP-&alpha;-D-ravidosamine and dTDP-4-acetyl-&alpha;-D-ravidosamine biosynthesis|g__Bacteroides.s__Bacteroides_cellulosilyticus	2.62889e-06
PWY-7688: dTDP-&alpha;-D-ravidosamine and dTDP-4-acetyl-&alpha;-D-ravidosamine biosynthesis|g__Bacteroides.s__Bacteroides_intestinalis	1.46372e-06
PWY-5837: 2-carboxy-1,4-naphthoquinol biosynthesis	7.98724e-06
PWY-7992: superpathway of menaquinol-8 biosynthesis III	7.97236e-06
FASYN-INITIAL-PWY: superpathway of fatty acid biosynthesis initiation (E. coli)	7.30166e-06
GALACT-GLUCUROCAT-PWY: superpathway of hexuronide and hexuronate degradation	7.29022e-06
PWY-7185: UTP and CTP dephosphorylation I	6.70867e-06
PWY-7185: UTP and CTP dephosphorylation I|g__Bacteroides.s__Bacteroides_xylanisolvens	3.51949e-06
P42-PWY: incomplete reductive TCA cycle	6.50907e-06
PWY-5994: palmitate biosynthesis (type I fatty acid synthase)	5.65777e-06
PWY-5345: superpathway of L-methionine biosynthesis (by sulfhydrylation)	5.31402e-06
PWY-5345: superpathway of L-methionine biosynthesis (by sulfhydrylation)|unclassified	2.63507e-06
PWY-6531: mannitol cycle	5.20138e-06
PWY-6572: chondroitin sulfate degradation I (bacterial)	5.18149e-06
PWY-6572: chondroitin sulfate degradation I (bacterial)|g__Bacteroides.s__Bacteroides_thetaiotaomicron	1.33907e-06
PWY-6588: pyruvate fermentation to acetone	4.95941e-06
PWY-6588: pyruvate fermentation to acetone|g__Flavonifractor.s__Flavonifractor_plautii	1.53768e-06
PWY-6588: pyruvate fermentation to acetone|g__Coprococcus.s__Coprococcus_catus	6.12994e-07
SULFATE-CYS-PWY: superpathway of sulfate assimilation and cysteine biosynthesis	4.3586e-06
SULFATE-CYS-PWY: superpathway of sulfate assimilation and cysteine biosynthesis|unclassified	3.11059e-06
PWY4LZ-257: superpathway of fermentation (Chlamydomonas reinhardtii)	4.19317e-06
PWY-5004: superpathway of L-citrulline metabolism	3.86067e-06
PWY-5918: superpathway of heme b biosynthesis from glutamate	3.80469e-06
P161-PWY: acetylene degradation (anaerobic)	3.38017e-06
PWY-7371: 1,4-dihydroxy-6-naphthoate biosynthesis II	3.06839e-06
PWY-7371: 1,4-dihydroxy-6-naphthoate biosynthesis II|unclassified	1.17589e-06
PWY-6922: L-N&delta;-acetylornithine biosynthesis	2.67544e-06
PWY-7434: terminal O-glycans residues modification (via type 2 precursor disaccharide)	2.60824e-06
PWY-7434: terminal O-glycans residues modification (via type 2 precursor disaccharide)|g__Bacteroides.s__Bacteroides_xylanisolvens	2.60824e-06
PWY-821: superpathway of sulfur amino acid biosynthesis (Saccharomyces cerevisiae)	2.60403e-06
PWY-821: superpathway of sulfur amino acid biosynthesis (Saccharomyces cerevisiae)|unclassified	2.07416e-06
PROPFERM-PWY: superpathway of L-alanine fermentation (Stickland reaction)	2.50784e-06
PWY-8188: L-alanine degradation VI (reductive Stickland reaction)	2.50784e-06
PWY-8189: L-alanine degradation V (oxidative Stickland reaction)	2.50784e-06
PWY-5677: succinate fermentation to butanoate	2.21431e-06
METHGLYUT-PWY: superpathway of methylglyoxal degradation	2.12726e-06
GALACTARDEG-PWY: D-galactarate degradation I	2.04671e-06
GLUCARGALACTSUPER-PWY: superpathway of D-glucarate and D-galactarate degradation	2.04671e-06
GLUCARDEG-PWY: D-glucarate degradation I	1.97928e-06
GLUCARDEG-PWY: D-glucarate degradation I|g__Lachnoclostridium.s__Clostridium_aldenense	7.02193e-08
SO4ASSIM-PWY: assimilatory sulfate reduction I	1.95248e-06
SO4ASSIM-PWY: assimilatory sulfate reduction I|unclassified	1.56818e-06
PWY-5189: tetrapyrrole biosynthesis II (from glycine)	1.69245e-06
PWY-5189: tetrapyrrole biosynthesis II (from glycine)|unclassified	1.34777e-06
PWY-6920: 6-gingerol analog biosynthesis (engineered)	1.6142e-06
PWY66-391: fatty acid &beta;-oxidation VI (mammalian peroxisome)	1.59671e-06
PWY-5981: CDP-diacylglycerol biosynthesis III	1.39669e-06
PWY-5494: pyruvate fermentation to propanoate II (acrylate pathway)	1.1312e-06
PWY-6478: GDP-D-glycero-&alpha;-D-manno-heptose biosynthesis	1.12292e-06
PWY-6478: GDP-D-glycero-&alpha;-D-manno-heptose biosynthesis|g__Bacteroides.s__Bacteroides_thetaiotaomicron	6.9821e-07
PWY-7204: pyridoxal 5'-phosphate salvage II (plants)	9.93129e-07
PWY-7385: 1,3-propanediol biosynthesis (engineered)	8.61816e-07
PWY-7385: 1,3-propanediol biosynthesis (engineered)|unclassified	6.72888e-07
PWY0-1415: superpathway of heme b biosynthesis from uroporphyrinogen-III	7.34936e-07
HEME-BIOSYNTHESIS-II-1: heme b biosynthesis V (aerobic)	7.30423e-07
POLYAMINSYN3-PWY: superpathway of polyamine biosynthesis II	6.39125e-07
PWY-6595: superpathway of guanosine nucleotides degradation (plants)	4.97134e-07
PWY-6607: guanosine nucleotides degradation I	4.97071e-07
PWY-6876: isopropanol biosynthesis (engineered)	4.06509e-07
PWY-6876: isopropanol biosynthesis (engineered)|unclassified	3.87126e-07
ORNDEG-PWY: superpathway of ornithine degradation	3.83163e-07
