2025-05-12 16:21:13.28225 INFO::Writing function arguments to log file
2025-05-12 16:21:13.286845 DEBUG::Function arguments
2025-05-12 16:21:13.289782 DEBUG::Output folder: maaslin3_analysis
2025-05-12 16:21:13.289923 DEBUG::Formula:
2025-05-12 16:21:13.290026 DEBUG::Fixed effects: group_FMT
2025-05-12 16:21:13.290115 DEBUG::Reference: group_FMT,donor
2025-05-12 16:21:13.2902 DEBUG::Random effects:
2025-05-12 16:21:13.290278 DEBUG::Group effects:
2025-05-12 16:21:13.29036 DEBUG::Ordered effects:
2025-05-12 16:21:13.290437 DEBUG::Strata effects:
2025-05-12 16:21:13.290513 DEBUG::Min Abundance: 0.000000
2025-05-12 16:21:13.29059 DEBUG::Min Prevalence: 0.000000
2025-05-12 16:21:13.290664 DEBUG::Zero Threshold: 0.000000
2025-05-12 16:21:13.290736 DEBUG::Min variance: 0.000000
2025-05-12 16:21:13.290808 DEBUG::Max significance: 0.100000
2025-05-12 16:21:13.29088 DEBUG::Normalization: TSS
2025-05-12 16:21:13.290951 DEBUG::Transform: LOG
2025-05-12 16:21:13.291024 DEBUG::Correction method: BH
2025-05-12 16:21:13.291097 DEBUG::Standardize: TRUE
2025-05-12 16:21:13.291169 DEBUG::Abundance median comparison: TRUE
2025-05-12 16:21:13.291243 DEBUG::Prevalence median comparison: FALSE
2025-05-12 16:21:13.291317 DEBUG::Abundance median comparison threshold: 0
2025-05-12 16:21:13.291389 DEBUG::Prevalence median comparison threshold: 0
2025-05-12 16:21:13.291464 DEBUG::Subtract median: FALSE
2025-05-12 16:21:13.291537 DEBUG::Warn prevalence: TRUE
2025-05-12 16:21:13.29161 DEBUG::Augment: TRUE
2025-05-12 16:21:13.291682 DEBUG::Evaluate only:
2025-05-12 16:21:13.291757 DEBUG::Cores: 1
2025-05-12 16:21:13.291832 DEBUG::Balanced Summary plot: FALSE
2025-05-12 16:21:13.292046 INFO::Verifying options selected are valid
2025-05-12 16:21:13.292485 WARNING::Input is a matrix, 
                        passing through as.data.frame() .
2025-05-12 16:21:13.293601 INFO::Determining format of input files
2025-05-12 16:21:13.293987 INFO::Input format is data samples as columns and metadata samples as rows
2025-05-12 16:21:13.294991 DEBUG::Transformed data so samples are rows
2025-05-12 16:21:13.295995 DEBUG::A total of 30 samples were found in both the data and metadata
2025-05-12 16:21:13.29614 INFO::The following samples were found to have features but no metadata (or feature specific covariates if applicable). They will be removed. HD_3_911
2025-05-12 16:21:13.296514 INFO::The following samples were found to have metadata but no features (or feature specific covariates if applicable). They will be removed. HD_3.911,HD_1,HD_2,HD_3,HD_4,HD_5,HD_6,HD_7,HD_8,HD_9,HD_10,HD_11,Cosmic_9
2025-05-12 16:21:13.296799 DEBUG::Reordering data/metadata to use same sample ordering
2025-05-12 16:21:13.298579 INFO::Formula for fixed effects: expr ~  group_FMT
2025-05-12 16:21:13.299034 INFO::Running selected normalization method: TSS
2025-05-12 16:21:13.303271 INFO::Writing normalized data to file maaslin3_analysis/features/data_norm.tsv
2025-05-12 16:21:13.311093 INFO::Filter data based on min abundance and min prevalence
2025-05-12 16:21:13.311508 INFO::Total samples in data: 30
2025-05-12 16:21:13.311812 INFO::Min samples required with min abundance for a feature not to be filtered: 0.000000
2025-05-12 16:21:13.342995 INFO::Total filtered features: 0
2025-05-12 16:21:13.343628 INFO::Filtered feature names from abundance and prevalence filtering:
2025-05-12 16:21:13.347179 INFO::Total features filtered by non-zero variance filtering: 33
2025-05-12 16:21:13.347625 INFO::Filtered feature names from variance filtering: PWY.7374..1.4.dihydroxy.6.naphthoate.biosynthesis.I, LYSINE.DEG1.PWY..L.lysine.degradation.XI..mammalian., PWY.7731..superpathway.of.photosynthetic.hydrogen.production, PWY.7124..ethene.biosynthesis.V..engineered., PWY.7218..photosynthetic.3.hydroxybutanoate.biosynthesis..engineered., PWY.101..photosynthesis.light.reactions, PHOTOALL.PWY..oxygenic.photosynthesis, PWY.5178..toluene.degradation.IV..aerobic...via.catechol., PWY.5430..meta.cleavage.pathway.of.aromatic.compounds, TYRFUMCAT.PWY..L.tyrosine.degradation.I, PWY.7413..dTDP.6.deoxy..alpha..D.allose.biosynthesis, PWY.6763..salicortin.biosynthesis, P162.PWY..L.glutamate.degradation.V..via.hydroxyglutarate., PWY.7822..chitin.degradation.III..Serratia., PWY.5724..superpathway.of.atrazine.degradation, PWY.8173..anteiso.branched.chain.fatty.acid.biosynthesis, PWY.8174..odd.iso.branched.chain.fatty.acid.biosynthesis, PWY.8175..even.iso.branched.chain.fatty.acid.biosynthesis, VALDEG.PWY..L.valine.degradation.I, PWY.5306..superpathway.of.thiosulfate.metabolism..Desulfovibrio.sulfodismutans., PHOSLIPSYN2.PWY..superpathway.of.phospholipid.biosynthesis.II..plants., PWY4FS.5..superpathway.of.phosphatidylcholine.biosynthesis, PWY.4762..superpathway.of.choline.biosynthesis, PWY.6467..Kdo.transfer.to.lipid.IVA.III..Chlamydia., PWY.6748..nitrate.reduction.VII..denitrification., PWY.181..photorespiration, PWY.1622..formaldehyde.assimilation.I..serine.pathway., PWY.4702..phytate.degradation.I, PWY.8011..L.serine.biosynthesis.II, PWY.7784..reductive.acetyl.coenzyme.A.pathway.II..autotrophic.methanogens., PWY.5101..L.isoleucine.biosynthesis.II, PWY.5055..nicotinate.degradation.III, PWY.5532..nucleoside.and.nucleotide.degradation..archaea.
2025-05-12 16:21:13.347979 INFO::Writing filtered data to file maaslin3_analysis/features/filtered_data.tsv
2025-05-12 16:21:13.355031 INFO::Running selected transform method: LOG
2025-05-12 16:21:13.357694 INFO::Writing normalized, filtered, transformed data to file maaslin3_analysis/features/data_transformed.tsv
2025-05-12 16:21:13.365304 INFO::Applying z-score to standardize continuous metadata
2025-05-12 16:21:13.367663 INFO::Running the linear model component
2025-05-12 16:21:13.371859 INFO::Fitting model to feature number 1, PWY.7238..sucrose.biosynthesis.II
2025-05-12 16:21:13.374061 INFO::Fitting model to feature number 2, VALSYN.PWY..L.valine.biosynthesis
2025-05-12 16:21:13.375794 INFO::Fitting model to feature number 3, GLYCOGENSYNTH.PWY..glycogen.biosynthesis.I..from.ADP.D.Glucose.
2025-05-12 16:21:13.377331 INFO::Fitting model to feature number 4, PWY.5941..glycogen.degradation.II
2025-05-12 16:21:13.378874 INFO::Fitting model to feature number 5, PWY.1042..glycolysis.IV
2025-05-12 16:21:13.380397 INFO::Fitting model to feature number 6, ARGSYNBSUB.PWY..L.arginine.biosynthesis.II..acetyl.cycle.
2025-05-12 16:21:13.38214 INFO::Fitting model to feature number 7, PWY.6163..chorismate.biosynthesis.from.3.dehydroquinate
2025-05-12 16:21:13.383696 INFO::Fitting model to feature number 8, PWY.5686..UMP.biosynthesis.I
2025-05-12 16:21:13.385243 INFO::Fitting model to feature number 9, PWY.7790..UMP.biosynthesis.II
2025-05-12 16:21:13.386808 INFO::Fitting model to feature number 10, PWY.7791..UMP.biosynthesis.III
2025-05-12 16:21:13.388288 INFO::Fitting model to feature number 11, ARGSYN.PWY..L.arginine.biosynthesis.I..via.L.ornithine.
2025-05-12 16:21:13.389838 INFO::Fitting model to feature number 12, ARO.PWY..chorismate.biosynthesis.I
2025-05-12 16:21:13.391492 INFO::Fitting model to feature number 13, COMPLETE.ARO.PWY..superpathway.of.aromatic.amino.acid.biosynthesis
2025-05-12 16:21:13.392953 INFO::Fitting model to feature number 14, DTDPRHAMSYN.PWY..dTDP..beta..L.rhamnose.biosynthesis
2025-05-12 16:21:13.394431 INFO::Fitting model to feature number 15, PWY.6609..adenine.and.adenosine.salvage.III
2025-05-12 16:21:13.395932 INFO::Fitting model to feature number 16, PWY.6122..5.aminoimidazole.ribonucleotide.biosynthesis.II
2025-05-12 16:21:13.397418 INFO::Fitting model to feature number 17, PWY.6277..superpathway.of.5.aminoimidazole.ribonucleotide.biosynthesis
2025-05-12 16:21:13.398887 INFO::Fitting model to feature number 18, PWY.6121..5.aminoimidazole.ribonucleotide.biosynthesis.I
2025-05-12 16:21:13.400483 INFO::Fitting model to feature number 19, GLUTORN.PWY..L.ornithine.biosynthesis.I
2025-05-12 16:21:13.401962 INFO::Fitting model to feature number 20, PWY.6386..UDP.N.acetylmuramoyl.pentapeptide.biosynthesis.II..lysine.containing.
2025-05-12 16:21:13.403417 INFO::Fitting model to feature number 21, PWY.6387..UDP.N.acetylmuramoyl.pentapeptide.biosynthesis.I..meso.diaminopimelate.containing.
2025-05-12 16:21:13.404896 INFO::Fitting model to feature number 22, TRNA.CHARGING.PWY..tRNA.charging
2025-05-12 16:21:13.40636 INFO::Fitting model to feature number 23, NONMEVIPP.PWY..methylerythritol.phosphate.pathway.I
2025-05-12 16:21:13.407816 INFO::Fitting model to feature number 24, PWY.7221..guanosine.ribonucleotides.de.novo.biosynthesis
2025-05-12 16:21:13.409387 INFO::Fitting model to feature number 25, PWY0.1296..purine.ribonucleosides.degradation
2025-05-12 16:21:13.410952 INFO::Fitting model to feature number 26, PEPTIDOGLYCANSYN.PWY..peptidoglycan.biosynthesis.I..meso.diaminopimelate.containing.
2025-05-12 16:21:13.412537 INFO::Fitting model to feature number 27, COA.PWY.1..superpathway.of.coenzyme.A.biosynthesis.III..mammals.
2025-05-12 16:21:13.414053 INFO::Fitting model to feature number 28, PWY.6385..peptidoglycan.biosynthesis.III..mycobacteria.
2025-05-12 16:21:13.415568 INFO::Fitting model to feature number 29, ILEUSYN.PWY..L.isoleucine.biosynthesis.I..from.threonine.
2025-05-12 16:21:13.417087 INFO::Fitting model to feature number 30, PWY.6700..queuosine.biosynthesis.I..de.novo.
2025-05-12 16:21:13.418689 INFO::Fitting model to feature number 31, BRANCHED.CHAIN.AA.SYN.PWY..superpathway.of.branched.chain.amino.acid.biosynthesis
2025-05-12 16:21:13.420179 INFO::Fitting model to feature number 32, PWY.5667..CDP.diacylglycerol.biosynthesis.I
2025-05-12 16:21:13.421663 INFO::Fitting model to feature number 33, PWY0.1319..CDP.diacylglycerol.biosynthesis.II
2025-05-12 16:21:13.423135 INFO::Fitting model to feature number 34, PWY.5097..L.lysine.biosynthesis.VI
2025-05-12 16:21:13.424607 INFO::Fitting model to feature number 35, PWY.6151..S.adenosyl.L.methionine.salvage.I
2025-05-12 16:21:13.426062 INFO::Fitting model to feature number 36, ANAGLYCOLYSIS.PWY..glycolysis.III..from.glucose.
2025-05-12 16:21:13.427623 INFO::Fitting model to feature number 37, PWY.7111..pyruvate.fermentation.to.isobutanol..engineered.
2025-05-12 16:21:13.429095 INFO::Fitting model to feature number 38, CALVIN.PWY..Calvin.Benson.Bassham.cycle
2025-05-12 16:21:13.430557 INFO::Fitting model to feature number 39, COA.PWY..coenzyme.A.biosynthesis.I..prokaryotic.
2025-05-12 16:21:13.432029 INFO::Fitting model to feature number 40, PWY.7953..UDP.N.acetylmuramoyl.pentapeptide.biosynthesis.III..meso.diaminopimelate.containing.
2025-05-12 16:21:13.433484 INFO::Fitting model to feature number 41, PWY.3841..folate.transformations.II..plants.
2025-05-12 16:21:13.434946 INFO::Fitting model to feature number 42, PWY.7851..coenzyme.A.biosynthesis.II..eukaryotic.
2025-05-12 16:21:13.436497 INFO::Fitting model to feature number 43, HISTSYN.PWY..L.histidine.biosynthesis
2025-05-12 16:21:13.437959 INFO::Fitting model to feature number 44, PWY.6123..inosine.5..phosphate.biosynthesis.I
2025-05-12 16:21:13.439409 INFO::Fitting model to feature number 45, PWY66.429..fatty.acid.biosynthesis.initiation..mitochondria.
2025-05-12 16:21:13.440852 INFO::Fitting model to feature number 46, PWY.6317..D.galactose.degradation.I..Leloir.pathway.
2025-05-12 16:21:13.44234 INFO::Fitting model to feature number 47, PWY.5695..inosine.5..phosphate.degradation
2025-05-12 16:21:13.443897 INFO::Fitting model to feature number 48, PWY.7977..L.methionine.biosynthesis.IV
2025-05-12 16:21:13.445517 INFO::Fitting model to feature number 49, PWY.6124..inosine.5..phosphate.biosynthesis.II
2025-05-12 16:21:13.44698 INFO::Fitting model to feature number 50, PWY.8178..pentose.phosphate.pathway..non.oxidative.branch..II
2025-05-12 16:21:13.448712 INFO::Fitting model to feature number 51, PWY.7357..thiamine.phosphate.formation.from.pyrithiamine.and.oxythiamine..yeast.
2025-05-12 16:21:13.450364 INFO::Fitting model to feature number 52, PWY.6629..superpathway.of.L.tryptophan.biosynthesis
2025-05-12 16:21:13.451991 INFO::Fitting model to feature number 53, PWY.5103..L.isoleucine.biosynthesis.III
2025-05-12 16:21:13.453617 INFO::Fitting model to feature number 54, PWY.724..superpathway.of.L.lysine..L.threonine.and.L.methionine.biosynthesis.II
2025-05-12 16:21:13.455288 INFO::Fitting model to feature number 55, PWY.6270..isoprene.biosynthesis.I
2025-05-12 16:21:13.45682 INFO::Fitting model to feature number 56, PWY.7560..methylerythritol.phosphate.pathway.II
2025-05-12 16:21:13.458411 INFO::Fitting model to feature number 57, RIBOSYN2.PWY..flavin.biosynthesis.I..bacteria.and.plants.
2025-05-12 16:21:13.459933 INFO::Fitting model to feature number 58, PWY.2942..L.lysine.biosynthesis.III
2025-05-12 16:21:13.461495 INFO::Fitting model to feature number 59, PWY.6527..stachyose.degradation
2025-05-12 16:21:13.463034 INFO::Fitting model to feature number 60, PWY.7199..pyrimidine.deoxyribonucleosides.salvage
2025-05-12 16:21:13.464695 INFO::Fitting model to feature number 61, X1CMET2.PWY..folate.transformations.III..E..coli.
2025-05-12 16:21:13.466191 INFO::Fitting model to feature number 62, NONOXIPENT.PWY..pentose.phosphate.pathway..non.oxidative.branch..I
2025-05-12 16:21:13.467663 INFO::Fitting model to feature number 63, PANTOSYN.PWY..superpathway.of.coenzyme.A.biosynthesis.I..bacteria.
2025-05-12 16:21:13.469147 INFO::Fitting model to feature number 64, HSERMETANA.PWY..L.methionine.biosynthesis.III
2025-05-12 16:21:13.47061 INFO::Fitting model to feature number 65, PWY.6823..molybdopterin.biosynthesis
2025-05-12 16:21:13.47209 INFO::Fitting model to feature number 66, PWY.3001..superpathway.of.L.isoleucine.biosynthesis.I
2025-05-12 16:21:13.473665 INFO::Fitting model to feature number 67, GLUCOSE1PMETAB.PWY..glucose.and.glucose.1.phosphate.degradation
2025-05-12 16:21:13.475261 INFO::Fitting model to feature number 68, COBALSYN.PWY..superpathway.of.adenosylcobalamin.salvage.from.cobinamide.I
2025-05-12 16:21:13.476768 INFO::Fitting model to feature number 69, PANTO.PWY..phosphopantothenate.biosynthesis.I
2025-05-12 16:21:13.478281 INFO::Fitting model to feature number 70, THRESYN.PWY..superpathway.of.L.threonine.biosynthesis
2025-05-12 16:21:13.479767 INFO::Fitting model to feature number 71, OANTIGEN.PWY..O.antigen.building.blocks.biosynthesis..E..coli.
2025-05-12 16:21:13.481267 INFO::Fitting model to feature number 72, TRPSYN.PWY..L.tryptophan.biosynthesis
2025-05-12 16:21:13.482835 INFO::Fitting model to feature number 73, PWY.7237..myo...chiro..and.scyllo.inositol.degradation
2025-05-12 16:21:13.484331 INFO::Fitting model to feature number 74, SER.GLYSYN.PWY..superpathway.of.L.serine.and.glycine.biosynthesis.I
2025-05-12 16:21:13.485797 INFO::Fitting model to feature number 75, PWY.6628..superpathway.of.L.phenylalanine.biosynthesis
2025-05-12 16:21:13.48725 INFO::Fitting model to feature number 76, PWY.6892..thiazole.component.of.thiamine.diphosphate.biosynthesis.I
2025-05-12 16:21:13.488711 INFO::Fitting model to feature number 77, PWY.6897..thiamine.diphosphate.salvage.II
2025-05-12 16:21:13.490158 INFO::Fitting model to feature number 78, THISYNARA.PWY..superpathway.of.thiamine.diphosphate.biosynthesis.III..eukaryotes.
2025-05-12 16:21:13.491751 INFO::Fitting model to feature number 79, P41.PWY..pyruvate.fermentation.to.acetate.and..S..lactate.I
2025-05-12 16:21:13.493248 INFO::Fitting model to feature number 80, PWY.5100..pyruvate.fermentation.to.acetate.and.lactate.II
2025-05-12 16:21:13.494858 INFO::Fitting model to feature number 81, PWY.5659..GDP.mannose.biosynthesis
2025-05-12 16:21:13.496351 INFO::Fitting model to feature number 82, UDPNAGSYN.PWY..UDP.N.acetyl.D.glucosamine.biosynthesis.I
2025-05-12 16:21:13.497833 INFO::Fitting model to feature number 83, THISYN.PWY..superpathway.of.thiamine.diphosphate.biosynthesis.I
2025-05-12 16:21:13.499314 INFO::Fitting model to feature number 84, PYRIDNUCSYN.PWY..NAD.de.novo.biosynthesis.I..from.aspartate.
2025-05-12 16:21:13.500878 INFO::Fitting model to feature number 85, PWY.I9..L.cysteine.biosynthesis.VI..from.L.methionine.
2025-05-12 16:21:13.502334 INFO::Fitting model to feature number 86, PWY.7400..L.arginine.biosynthesis.IV..archaebacteria.
2025-05-12 16:21:13.503793 INFO::Fitting model to feature number 87, GLCMANNANAUT.PWY..superpathway.of.N.acetylglucosamine..N.acetylmannosamine.and.N.acetylneuraminate.degradation
2025-05-12 16:21:13.505253 INFO::Fitting model to feature number 88, PWY0.1586..peptidoglycan.maturation..meso.diaminopimelate.containing.
2025-05-12 16:21:13.506815 INFO::Fitting model to feature number 89, PWY.5121..superpathway.of.geranylgeranyl.diphosphate.biosynthesis.II..via.MEP.
2025-05-12 16:21:13.508326 INFO::Fitting model to feature number 90, PWY.6936..seleno.amino.acid.biosynthesis..plants.
2025-05-12 16:21:13.509928 INFO::Fitting model to feature number 91, GLUCONEO.PWY..gluconeogenesis.I
2025-05-12 16:21:13.511395 INFO::Fitting model to feature number 92, COLANSYN.PWY..colanic.acid.building.blocks.biosynthesis
2025-05-12 16:21:13.512845 INFO::Fitting model to feature number 93, GALACTUROCAT.PWY..D.galacturonate.degradation.I
2025-05-12 16:21:13.514294 INFO::Fitting model to feature number 94, PWY.6507..4.deoxy.L.threo.hex.4.enopyranuronate.degradation
2025-05-12 16:21:13.51576 INFO::Fitting model to feature number 95, PWY.7456...beta...1.4..mannan.degradation
2025-05-12 16:21:13.517267 INFO::Fitting model to feature number 96, PWY.5973..cis.vaccenate.biosynthesis
2025-05-12 16:21:13.518837 INFO::Fitting model to feature number 97, PWY.6292..superpathway.of.L.cysteine.biosynthesis..mammalian.
2025-05-12 16:21:13.520291 INFO::Fitting model to feature number 98, PWY.6703..preQ0.biosynthesis
2025-05-12 16:21:13.521733 INFO::Fitting model to feature number 99, PWY.7229..superpathway.of.adenosine.nucleotides.de.novo.biosynthesis.I
2025-05-12 16:21:13.52321 INFO::Fitting model to feature number 100, PWY.7242..D.fructuronate.degradation
2025-05-12 16:21:13.5248 INFO::Fitting model to feature number 101, PWY.6353..purine.nucleotides.degradation.II..aerobic.
2025-05-12 16:21:13.526339 INFO::Fitting model to feature number 102, GLUCUROCAT.PWY..superpathway.of..beta..D.glucuronosides.degradation
2025-05-12 16:21:13.527933 INFO::Fitting model to feature number 103, GLYCOLYSIS..glycolysis.I..from.glucose.6.phosphate.
2025-05-12 16:21:13.529406 INFO::Fitting model to feature number 104, FERMENTATION.PWY..mixed.acid.fermentation
2025-05-12 16:21:13.530885 INFO::Fitting model to feature number 105, ANAEROFRUCAT.PWY..homolactic.fermentation
2025-05-12 16:21:13.532381 INFO::Fitting model to feature number 106, PWY.7328..superpathway.of.UDP.glucose.derived.O.antigen.building.blocks.biosynthesis
2025-05-12 16:21:13.533854 INFO::Fitting model to feature number 107, PWY.6608..guanosine.nucleotides.degradation.III
2025-05-12 16:21:13.535318 INFO::Fitting model to feature number 108, PWY.7663..gondoate.biosynthesis..anaerobic.
2025-05-12 16:21:13.53688 INFO::Fitting model to feature number 109, ASPASN.PWY..superpathway.of.L.aspartate.and.L.asparagine.biosynthesis
2025-05-12 16:21:13.567263 INFO::Fitting model to feature number 110, PWY.1861..formaldehyde.assimilation.II..assimilatory.RuMP.Cycle.
2025-05-12 16:21:13.568988 INFO::Fitting model to feature number 111, PWY.5188..tetrapyrrole.biosynthesis.I..from.glutamate.
2025-05-12 16:21:13.570513 INFO::Fitting model to feature number 112, PWY.841..superpathway.of.purine.nucleotides.de.novo.biosynthesis.I
2025-05-12 16:21:13.572049 INFO::Fitting model to feature number 113, PWY.5154..L.arginine.biosynthesis.III..via.N.acetyl.L.citrulline.
2025-05-12 16:21:13.573663 INFO::Fitting model to feature number 114, PWY.702..L.methionine.biosynthesis.II
2025-05-12 16:21:13.575301 INFO::Fitting model to feature number 115, METH.ACETATE.PWY..methanogenesis.from.acetate
2025-05-12 16:21:13.576825 INFO::Fitting model to feature number 116, PWY.5384..sucrose.degradation.IV..sucrose.phosphorylase.
2025-05-12 16:21:13.578308 INFO::Fitting model to feature number 117, PWY.7234..inosine.5..phosphate.biosynthesis.III
2025-05-12 16:21:13.579771 INFO::Fitting model to feature number 118, PWY.5484..glycolysis.II..from.fructose.6.phosphate.
2025-05-12 16:21:13.581234 INFO::Fitting model to feature number 119, SALVADEHYPOX.PWY..adenosine.nucleotides.degradation.II
2025-05-12 16:21:13.582726 INFO::Fitting model to feature number 120, PWY.6895..superpathway.of.thiamine.diphosphate.biosynthesis.II
2025-05-12 16:21:13.584275 INFO::Fitting model to feature number 121, PWY.622..starch.biosynthesis
2025-05-12 16:21:13.585787 INFO::Fitting model to feature number 122, PWY0.162..superpathway.of.pyrimidine.ribonucleotides.de.novo.biosynthesis
2025-05-12 16:21:13.587368 INFO::Fitting model to feature number 123, PWY.621..sucrose.degradation.III..sucrose.invertase.
2025-05-12 16:21:13.588871 INFO::Fitting model to feature number 124, PWY.6901..superpathway.of.glucose.and.xylose.degradation
2025-05-12 16:21:13.590338 INFO::Fitting model to feature number 125, DAPLYSINESYN.PWY..L.lysine.biosynthesis.I
2025-05-12 16:21:13.591806 INFO::Fitting model to feature number 126, PWY.6731..starch.degradation.III
2025-05-12 16:21:13.593383 INFO::Fitting model to feature number 127, PWY.6630..superpathway.of.L.tyrosine.biosynthesis
2025-05-12 16:21:13.59486 INFO::Fitting model to feature number 128, PWY.7345..superpathway.of.anaerobic.sucrose.degradation
2025-05-12 16:21:13.596314 INFO::Fitting model to feature number 129, PWY.6126..superpathway.of.adenosine.nucleotides.de.novo.biosynthesis.II
2025-05-12 16:21:13.597762 INFO::Fitting model to feature number 130, PHOSLIPSYN.PWY..superpathway.of.phospholipid.biosynthesis.I..bacteria.
2025-05-12 16:21:13.599231 INFO::Fitting model to feature number 131, PENTOSE.P.PWY..pentose.phosphate.pathway
2025-05-12 16:21:13.60072 INFO::Fitting model to feature number 132, GLYCOCAT.PWY..glycogen.degradation.I
2025-05-12 16:21:13.602307 INFO::Fitting model to feature number 133, PWY.6549..L.glutamine.biosynthesis.III
2025-05-12 16:21:13.603857 INFO::Fitting model to feature number 134, PWY.7228..superpathway.of.guanosine.nucleotides.de.novo.biosynthesis.I
2025-05-12 16:21:13.605433 INFO::Fitting model to feature number 135, PWY.7282..4.amino.2.methyl.5.diphosphomethylpyrimidine.biosynthesis.II
2025-05-12 16:21:13.606951 INFO::Fitting model to feature number 136, PWY.6606..guanosine.nucleotides.degradation.II
2025-05-12 16:21:13.616443 INFO::Fitting model to feature number 137, PWY.4041...gamma..glutamyl.cycle
2025-05-12 16:21:13.618078 INFO::Fitting model to feature number 138, RHAMCAT.PWY..L.rhamnose.degradation.I
2025-05-12 16:21:13.619725 INFO::Fitting model to feature number 139, PWY.7761..NAD.salvage.pathway.II..PNC.IV.cycle.
2025-05-12 16:21:13.621313 INFO::Fitting model to feature number 140, PWY.6470..peptidoglycan.biosynthesis.V...beta..lactam.resistance.
2025-05-12 16:21:13.622969 INFO::Fitting model to feature number 141, PWY.6969..TCA.cycle.V..2.oxoglutarate.synthase.
2025-05-12 16:21:13.624479 INFO::Fitting model to feature number 142, P164.PWY..purine.nucleobases.degradation.I..anaerobic.
2025-05-12 16:21:13.625982 INFO::Fitting model to feature number 143, P461.PWY..hexitol.fermentation.to.lactate..formate..ethanol.and.acetate
2025-05-12 16:21:13.627455 INFO::Fitting model to feature number 144, GLYCOLYSIS.E.D..superpathway.of.glycolysis.and.the.Entner.Doudoroff.pathway
2025-05-12 16:21:13.629041 INFO::Fitting model to feature number 145, PWY.5676..acetyl.CoA.fermentation.to.butanoate.II
2025-05-12 16:21:13.630555 INFO::Fitting model to feature number 146, PWY.7208..superpathway.of.pyrimidine.nucleobases.salvage
2025-05-12 16:21:13.632074 INFO::Fitting model to feature number 147, HISDEG.PWY..L.histidine.degradation.I
2025-05-12 16:21:13.633572 INFO::Fitting model to feature number 148, PWY66.399..gluconeogenesis.III
2025-05-12 16:21:13.6351 INFO::Fitting model to feature number 149, PWY.7356..thiamine.diphosphate.salvage.IV..yeast.
2025-05-12 16:21:13.636573 INFO::Fitting model to feature number 150, PWY.6125..superpathway.of.guanosine.nucleotides.de.novo.biosynthesis.II
2025-05-12 16:21:13.638169 INFO::Fitting model to feature number 151, PWY.241..C4.photosynthetic.carbon.assimilation.cycle..NADP.ME.type
2025-05-12 16:21:13.639638 INFO::Fitting model to feature number 152, PWY.7117..C4.photosynthetic.carbon.assimilation.cycle..PEPCK.type
2025-05-12 16:21:13.641118 INFO::Fitting model to feature number 153, PWY.1269..CMP.3.deoxy.D.manno.octulosonate.biosynthesis
2025-05-12 16:21:13.642586 INFO::Fitting model to feature number 154, P441.PWY..superpathway.of.N.acetylneuraminate.degradation
2025-05-12 16:21:13.644099 INFO::Fitting model to feature number 155, PWY.2941..L.lysine.biosynthesis.II
2025-05-12 16:21:13.64576 INFO::Fitting model to feature number 156, PWY.5505..L.glutamate.and.L.glutamine.biosynthesis
2025-05-12 16:21:13.647483 INFO::Fitting model to feature number 157, PWY66.409..superpathway.of.purine.nucleotide.salvage
2025-05-12 16:21:13.649067 INFO::Fitting model to feature number 158, PWY.8004..Entner.Doudoroff.pathway.I
2025-05-12 16:21:13.650614 INFO::Fitting model to feature number 159, PWY.6147..6.hydroxymethyl.dihydropterin.diphosphate.biosynthesis.I
2025-05-12 16:21:13.652162 INFO::Fitting model to feature number 160, PWY.7383..anaerobic.energy.metabolism..invertebrates..cytosol.
2025-05-12 16:21:13.653738 INFO::Fitting model to feature number 161, PWY4FS.8..phosphatidylglycerol.biosynthesis.II..non.plastidic.
2025-05-12 16:21:13.655323 INFO::Fitting model to feature number 162, PWY4FS.7..phosphatidylglycerol.biosynthesis.I..plastidic.
2025-05-12 16:21:13.656995 INFO::Fitting model to feature number 163, PWY.7323..superpathway.of.GDP.mannose.derived.O.antigen.building.blocks.biosynthesis
2025-05-12 16:21:13.658522 INFO::Fitting model to feature number 164, PWY0.1479..tRNA.processing
2025-05-12 16:21:13.660006 INFO::Fitting model to feature number 165, P124.PWY..Bifidobacterium.shunt
2025-05-12 16:21:13.661531 INFO::Fitting model to feature number 166, PWY.5971..palmitate.biosynthesis..type.II.fatty.acid.synthase.
2025-05-12 16:21:13.663016 INFO::Fitting model to feature number 167, FASYN.ELONG.PWY..fatty.acid.elongation....saturated
2025-05-12 16:21:13.664483 INFO::Fitting model to feature number 168, PWY.5913..partial.TCA.cycle..obligate.autotrophs.
2025-05-12 16:21:13.666067 INFO::Fitting model to feature number 169, BIOTIN.BIOSYNTHESIS.PWY..biotin.biosynthesis.I
2025-05-12 16:21:13.667547 INFO::Fitting model to feature number 170, ARG.POLYAMINE.SYN..superpathway.of.arginine.and.polyamine.biosynthesis
2025-05-12 16:21:13.669026 INFO::Fitting model to feature number 171, POLYISOPRENSYN.PWY..polyisoprenoid.biosynthesis..E..coli.
2025-05-12 16:21:13.670487 INFO::Fitting model to feature number 172, PWY.7664..oleate.biosynthesis.IV..anaerobic.
2025-05-12 16:21:13.67195 INFO::Fitting model to feature number 173, HEXITOLDEGSUPER.PWY..superpathway.of.hexitol.degradation..bacteria.
2025-05-12 16:21:13.673545 INFO::Fitting model to feature number 174, PWY.7220..adenosine.deoxyribonucleotides.de.novo.biosynthesis.II
2025-05-12 16:21:13.675172 INFO::Fitting model to feature number 175, PWY.7222..guanosine.deoxyribonucleotides.de.novo.biosynthesis.II
2025-05-12 16:21:13.676676 INFO::Fitting model to feature number 176, PWY.7198..pyrimidine.deoxyribonucleotides.de.novo.biosynthesis.IV
2025-05-12 16:21:13.678159 INFO::Fitting model to feature number 177, PWY.5265..peptidoglycan.biosynthesis.II..staphylococci.
2025-05-12 16:21:13.679661 INFO::Fitting model to feature number 178, PWY0.1061..superpathway.of.L.alanine.biosynthesis
2025-05-12 16:21:13.68114 INFO::Fitting model to feature number 179, PWY.6519..8.amino.7.oxononanoate.biosynthesis.I
2025-05-12 16:21:13.682608 INFO::Fitting model to feature number 180, GALACT.GLUCUROCAT.PWY..superpathway.of.hexuronide.and.hexuronate.degradation
2025-05-12 16:21:13.684216 INFO::Fitting model to feature number 181, PWY0.862...5Z..dodecenoate.biosynthesis.I
2025-05-12 16:21:13.685675 INFO::Fitting model to feature number 182, FUCCAT.PWY..fucose.degradation
2025-05-12 16:21:13.687139 INFO::Fitting model to feature number 183, PWY.6282..palmitoleate.biosynthesis.I..from..5Z..dodec.5.enoate.
2025-05-12 16:21:13.688624 INFO::Fitting model to feature number 184, PWY.7197..pyrimidine.deoxyribonucleotide.phosphorylation
2025-05-12 16:21:13.690128 INFO::Fitting model to feature number 185, PWY.6902..chitin.degradation.II..Vibrio.
2025-05-12 16:21:13.691678 INFO::Fitting model to feature number 186, PWY.5989..stearate.biosynthesis.II..bacteria.and.plants.
2025-05-12 16:21:13.693272 INFO::Fitting model to feature number 187, PWY0.845..superpathway.of.pyridoxal.5..phosphate.biosynthesis.and.salvage
2025-05-12 16:21:13.694776 INFO::Fitting model to feature number 188, FOLSYN.PWY..superpathway.of.tetrahydrofolate.biosynthesis.and.salvage
2025-05-12 16:21:13.696256 INFO::Fitting model to feature number 189, PWY1ZNC.1..assimilatory.sulfate.reduction.IV
2025-05-12 16:21:13.697718 INFO::Fitting model to feature number 190, PWY.5497..purine.nucleobases.degradation.II..anaerobic.
2025-05-12 16:21:13.699209 INFO::Fitting model to feature number 191, PWY.7115..C4.photosynthetic.carbon.assimilation.cycle..NAD.ME.type
2025-05-12 16:21:13.700686 INFO::Fitting model to feature number 192, PWY.6607..guanosine.nucleotides.degradation.I
2025-05-12 16:21:13.702288 INFO::Fitting model to feature number 193, ARGININE.SYN4.PWY..L.ornithine.biosynthesis.II
2025-05-12 16:21:13.703735 INFO::Fitting model to feature number 194, P185.PWY..formaldehyde.assimilation.III..dihydroxyacetone.cycle.
2025-05-12 16:21:13.705202 INFO::Fitting model to feature number 195, PWY.8187..L.arginine.degradation.XIII..reductive.Stickland.reaction.
2025-05-12 16:21:13.706646 INFO::Fitting model to feature number 196, PWY.5030..L.histidine.degradation.III
2025-05-12 16:21:13.708136 INFO::Fitting model to feature number 197, PWY0.1261..anhydromuropeptides.recycling.I
2025-05-12 16:21:13.709595 INFO::Fitting model to feature number 198, PWY.6595..superpathway.of.guanosine.nucleotides.degradation..plants.
2025-05-12 16:21:13.711189 INFO::Fitting model to feature number 199, PWY0.1297..superpathway.of.purine.deoxyribonucleosides.degradation
2025-05-12 16:21:13.71265 INFO::Fitting model to feature number 200, PWY.7211..superpathway.of.pyrimidine.deoxyribonucleotides.de.novo.biosynthesis
2025-05-12 16:21:13.714118 INFO::Fitting model to feature number 201, PWY.7392..taxadiene.biosynthesis..engineered.
2025-05-12 16:21:13.715569 INFO::Fitting model to feature number 202, PWY.5345..superpathway.of.L.methionine.biosynthesis..by.sulfhydrylation.
2025-05-12 16:21:13.71706 INFO::Fitting model to feature number 203, PYRIDOXSYN.PWY..pyridoxal.5..phosphate.biosynthesis.I
2025-05-12 16:21:13.718545 INFO::Fitting model to feature number 204, GOLPDLCAT.PWY..superpathway.of.glycerol.degradation.to.1.3.propanediol
2025-05-12 16:21:13.72012 INFO::Fitting model to feature number 205, POLYAMSYN.PWY..superpathway.of.polyamine.biosynthesis.I
2025-05-12 16:21:13.721566 INFO::Fitting model to feature number 206, FUC.RHAMCAT.PWY..superpathway.of.fucose.and.rhamnose.degradation
2025-05-12 16:21:13.723109 INFO::Fitting model to feature number 207, PWY.6612..superpathway.of.tetrahydrofolate.biosynthesis
2025-05-12 16:21:13.724648 INFO::Fitting model to feature number 208, SULFATE.CYS.PWY..superpathway.of.sulfate.assimilation.and.cysteine.biosynthesis
2025-05-12 16:21:13.726166 INFO::Fitting model to feature number 209, P42.PWY..incomplete.reductive.TCA.cycle
2025-05-12 16:21:13.727628 INFO::Fitting model to feature number 210, PYRIDNUCSAL.PWY..NAD.salvage.pathway.I..PNC.VI.cycle.
2025-05-12 16:21:13.729365 INFO::Fitting model to feature number 211, CITRULBIO.PWY..L.citrulline.biosynthesis
2025-05-12 16:21:13.73089 INFO::Fitting model to feature number 212, PPGPPMET.PWY..ppGpp.metabolism
2025-05-12 16:21:13.732351 INFO::Fitting model to feature number 213, LACTOSECAT.PWY..lactose.and.galactose.degradation.I
2025-05-12 16:21:13.733825 INFO::Fitting model to feature number 214, GALACTITOLCAT.PWY..galactitol.degradation
2025-05-12 16:21:13.7353 INFO::Fitting model to feature number 215, NAGLIPASYN.PWY..lipid.IVA.biosynthesis..E..coli.
2025-05-12 16:21:13.736758 INFO::Fitting model to feature number 216, PWY.8073..lipid.IVA.biosynthesis..P..putida.
2025-05-12 16:21:13.738309 INFO::Fitting model to feature number 217, FASYN.INITIAL.PWY..superpathway.of.fatty.acid.biosynthesis.initiation..E..coli.
2025-05-12 16:21:13.73978 INFO::Fitting model to feature number 218, RUMP.PWY..formaldehyde.oxidation.I
2025-05-12 16:21:13.741254 INFO::Fitting model to feature number 219, PWY.4984..urea.cycle
2025-05-12 16:21:13.742856 INFO::Fitting model to feature number 220, PWY0.781..aspartate.superpathway
2025-05-12 16:21:13.74443 INFO::Fitting model to feature number 221, PWY.7210..pyrimidine.deoxyribonucleotides.biosynthesis.from.CTP
2025-05-12 16:21:13.7459 INFO::Fitting model to feature number 222, PWY3O.4107..NAD.salvage.pathway.V..PNC.V.cycle.
2025-05-12 16:21:13.747483 INFO::Fitting model to feature number 223, PWY.6545..pyrimidine.deoxyribonucleotides.de.novo.biosynthesis.III
2025-05-12 16:21:13.748945 INFO::Fitting model to feature number 224, PWY.7184..pyrimidine.deoxyribonucleotides.de.novo.biosynthesis.I
2025-05-12 16:21:13.75042 INFO::Fitting model to feature number 225, PWY.6168..flavin.biosynthesis.III..fungi.
2025-05-12 16:21:13.751898 INFO::Fitting model to feature number 226, PWY0.1298..superpathway.of.pyrimidine.deoxyribonucleosides.degradation
2025-05-12 16:21:13.753357 INFO::Fitting model to feature number 227, P4.PWY..superpathway.of.L.lysine..L.threonine.and.L.methionine.biosynthesis.I
2025-05-12 16:21:13.75485 INFO::Fitting model to feature number 228, PWY.5136..fatty.acid..beta..oxidation.II..plant.peroxisome.
2025-05-12 16:21:13.756722 INFO::Fitting model to feature number 229, PWY0.1477..ethanolamine.utilization
2025-05-12 16:21:13.758353 INFO::Fitting model to feature number 230, PWY.5005..biotin.biosynthesis.II
2025-05-12 16:21:13.759911 INFO::Fitting model to feature number 231, PWY.6165..chorismate.biosynthesis.II..archaea.
2025-05-12 16:21:13.761625 INFO::Fitting model to feature number 232, PWY.6906..chitin.derivatives.degradation
2025-05-12 16:21:13.763166 INFO::Fitting model to feature number 233, PWY.7185..UTP.and.CTP.dephosphorylation.I
2025-05-12 16:21:13.764661 INFO::Fitting model to feature number 234, PWY.6305..superpathway.of.putrescine.biosynthesis
2025-05-12 16:21:13.766418 INFO::Fitting model to feature number 235, PWY.8131..5..deoxyadenosine.degradation.II
2025-05-12 16:21:13.767955 INFO::Fitting model to feature number 236, PWY.6590..superpathway.of.Clostridium.acetobutylicum.acidogenic.fermentation
2025-05-12 16:21:13.769518 INFO::Fitting model to feature number 237, PWY.6285..superpathway.of.fatty.acids.biosynthesis..E..coli.
2025-05-12 16:21:13.771092 INFO::Fitting model to feature number 238, GLUDEG.I.PWY..GABA.shunt
2025-05-12 16:21:13.772693 INFO::Fitting model to feature number 239, PWY.7013...S..propane.1.2.diol.degradation
2025-05-12 16:21:13.774201 INFO::Fitting model to feature number 240, PWY.5022..4.aminobutanoate.degradation.V
2025-05-12 16:21:13.775831 INFO::Fitting model to feature number 241, PWY0.1241..ADP.L.glycero..beta..D.manno.heptose.biosynthesis
2025-05-12 16:21:13.777341 INFO::Fitting model to feature number 242, PWY.6284..superpathway.of.unsaturated.fatty.acids.biosynthesis..E..coli.
2025-05-12 16:21:13.778837 INFO::Fitting model to feature number 243, SO4ASSIM.PWY..assimilatory.sulfate.reduction.I
2025-05-12 16:21:13.780337 INFO::Fitting model to feature number 244, PWY.6859..all.trans.farnesol.biosynthesis
2025-05-12 16:21:13.7818 INFO::Fitting model to feature number 245, PWY.5130..2.oxobutanoate.degradation.I
2025-05-12 16:21:13.783289 INFO::Fitting model to feature number 246, TCA..TCA.cycle.I..prokaryotic.
2025-05-12 16:21:13.784915 INFO::Fitting model to feature number 247, CENTFERM.PWY..pyruvate.fermentation.to.butanoate
2025-05-12 16:21:13.786405 INFO::Fitting model to feature number 248, PWY.821..superpathway.of.sulfur.amino.acid.biosynthesis..Saccharomyces.cerevisiae.
2025-05-12 16:21:13.787885 INFO::Fitting model to feature number 249, GALACTARDEG.PWY..D.galactarate.degradation.I
2025-05-12 16:21:13.789376 INFO::Fitting model to feature number 250, GLUCARGALACTSUPER.PWY..superpathway.of.D.glucarate.and.D.galactarate.degradation
2025-05-12 16:21:13.790864 INFO::Fitting model to feature number 251, PWY.5981..CDP.diacylglycerol.biosynthesis.III
2025-05-12 16:21:13.792339 INFO::Fitting model to feature number 252, MET.SAM.PWY..superpathway.of.S.adenosyl.L.methionine.biosynthesis
2025-05-12 16:21:13.794076 INFO::Fitting model to feature number 253, PWY.6167..flavin.biosynthesis.II..archaea.
2025-05-12 16:21:13.795126 WARNING::Fitting problem for feature 253 returning NA
2025-05-12 16:21:13.795916 INFO::Fitting model to feature number 254, PWY.5347..superpathway.of.L.methionine.biosynthesis..transsulfuration.
2025-05-12 16:21:13.797423 INFO::Fitting model to feature number 255, POLYAMINSYN3.PWY..superpathway.of.polyamine.biosynthesis.II
2025-05-12 16:21:13.798912 INFO::Fitting model to feature number 256, PWY.5189..tetrapyrrole.biosynthesis.II..from.glycine.
2025-05-12 16:21:13.800395 INFO::Fitting model to feature number 257, METSYN.PWY..superpathway.of.L.homoserine.and.L.methionine.biosynthesis
2025-05-12 16:21:13.80189 INFO::Fitting model to feature number 258, PWY.561..superpathway.of.glyoxylate.cycle.and.fatty.acid.degradation
2025-05-12 16:21:13.803474 INFO::Fitting model to feature number 259, GLYOXYLATE.BYPASS..glyoxylate.cycle
2025-05-12 16:21:13.804959 INFO::Fitting model to feature number 260, PWY.5918..superpathway.of.heme.b.biosynthesis.from.glutamate
2025-05-12 16:21:13.806439 INFO::Fitting model to feature number 261, PWY.6588..pyruvate.fermentation.to.acetone
2025-05-12 16:21:13.80791 INFO::Fitting model to feature number 262, PWY.6349..CDP.archaeol.biosynthesis
2025-05-12 16:21:13.809522 INFO::Fitting model to feature number 263, PWY4LZ.257..superpathway.of.fermentation..Chlamydomonas.reinhardtii.
2025-05-12 16:21:13.811111 INFO::Fitting model to feature number 264, TCA.GLYOX.BYPASS..superpathway.of.glyoxylate.bypass.and.TCA
2025-05-12 16:21:13.812714 INFO::Fitting model to feature number 265, HEMESYN2.PWY..heme.b.biosynthesis.II..oxygen.independent.
2025-05-12 16:21:13.814157 INFO::Fitting model to feature number 266, PWY.7286..7..3.amino.3.carboxypropyl..wyosine.biosynthesis
2025-05-12 16:21:13.815623 INFO::Fitting model to feature number 267, GLUCARDEG.PWY..D.glucarate.degradation.I
2025-05-12 16:21:13.817119 INFO::Fitting model to feature number 268, PWY.6531..mannitol.cycle
2025-05-12 16:21:13.818613 INFO::Fitting model to feature number 269, PWY.6160..3.dehydroquinate.biosynthesis.II..archaea.
2025-05-12 16:21:13.820169 INFO::Fitting model to feature number 270, PWY.5675..nitrate.reduction.V..assimilatory.
2025-05-12 16:21:13.821761 INFO::Fitting model to feature number 271, PWY.7254..TCA.cycle.VII..acetate.producers.
2025-05-12 16:21:13.823343 INFO::Fitting model to feature number 272, METHANOGENESIS.PWY..methanogenesis.from.H2.and.CO2
2025-05-12 16:21:13.824939 INFO::Fitting model to feature number 273, PWY.6293..superpathway.of.L.cysteine.biosynthesis..fungi.
2025-05-12 16:21:13.826421 INFO::Fitting model to feature number 274, PWY.5690..TCA.cycle.II..plants.and.fungi.
2025-05-12 16:21:13.827903 INFO::Fitting model to feature number 275, PWY.6350..archaetidylinositol.biosynthesis
2025-05-12 16:21:13.829453 INFO::Fitting model to feature number 276, P161.PWY..acetylene.degradation..anaerobic.
2025-05-12 16:21:13.831023 INFO::Fitting model to feature number 277, PWY.5994..palmitate.biosynthesis..type.I.fatty.acid.synthase.
2025-05-12 16:21:13.832517 INFO::Fitting model to feature number 278, NAD.BIOSYNTHESIS.II..NAD.salvage.pathway.III..to.nicotinamide.riboside.
2025-05-12 16:21:13.833991 INFO::Fitting model to feature number 279, PWY.7315..dTDP.N.acetylthomosamine.biosynthesis
2025-05-12 16:21:13.83547 INFO::Fitting model to feature number 280, PWY.5198..factor.420.biosynthesis.II..mycobacteria.
2025-05-12 16:21:13.837001 INFO::Fitting model to feature number 281, PWY.8112..factor.420.biosynthesis.I..archaea.
2025-05-12 16:21:13.838544 INFO::Fitting model to feature number 282, PWY.8113..3PG.factor.420.biosynthesis
2025-05-12 16:21:13.840311 INFO::Fitting model to feature number 283, PWY.7118..chitin.deacetylation
2025-05-12 16:21:13.841849 INFO::Fitting model to feature number 284, PWY.7312..dTDP..beta..D.fucofuranose.biosynthesis
2025-05-12 16:21:13.843413 INFO::Fitting model to feature number 285, HOMOSER.METSYN.PWY..L.methionine.biosynthesis.I
2025-05-12 16:21:13.844922 INFO::Fitting model to feature number 286, ORNDEG.PWY..superpathway.of.ornithine.degradation
2025-05-12 16:21:13.846421 INFO::Fitting model to feature number 287, PWY.6992..1.5.anhydrofructose.degradation
2025-05-12 16:21:13.855735 INFO::Fitting model to feature number 288, PWY.7385..1.3.propanediol.biosynthesis..engineered.
2025-05-12 16:21:13.857563 INFO::Fitting model to feature number 289, PWY.5209..methyl.coenzyme.M.oxidation.to.CO2
2025-05-12 16:21:13.85932 INFO::Fitting model to feature number 290, PWY.5920..superpathway.of.heme.b.biosynthesis.from.glycine
2025-05-12 16:21:13.860952 INFO::Fitting model to feature number 291, PWY.5367..petroselinate.biosynthesis
2025-05-12 16:21:13.862484 INFO::Fitting model to feature number 292, P125.PWY..superpathway.of..R.R..butanediol.biosynthesis
2025-05-12 16:21:13.863982 INFO::Fitting model to feature number 293, PWY.5723..Rubisco.shunt
2025-05-12 16:21:13.865492 INFO::Fitting model to feature number 294, PWY.822..fructan.biosynthesis
2025-05-12 16:21:13.867137 INFO::Fitting model to feature number 295, PWY66.391..fatty.acid..beta..oxidation.VI..mammalian.peroxisome.
2025-05-12 16:21:13.868636 INFO::Fitting model to feature number 296, PWY.5004..superpathway.of.L.citrulline.metabolism
2025-05-12 16:21:13.870138 INFO::Fitting model to feature number 297, HEME.BIOSYNTHESIS.II..heme.b.biosynthesis.I..aerobic.
2025-05-12 16:21:13.871654 INFO::Fitting model to feature number 298, HEME.BIOSYNTHESIS.II.1..heme.b.biosynthesis.V..aerobic.
2025-05-12 16:21:13.873188 INFO::Fitting model to feature number 299, PWY.801..homocysteine.and.cysteine.interconversion
2025-05-12 16:21:13.874846 INFO::Fitting model to feature number 300, ALLANTOINDEG.PWY..superpathway.of.allantoin.degradation.in.yeast
2025-05-12 16:21:13.876461 INFO::Fitting model to feature number 301, P108.PWY..pyruvate.fermentation.to.propanoate.I
2025-05-12 16:21:13.877956 INFO::Fitting model to feature number 302, REDCITCYC..TCA.cycle.VI..Helicobacter.
2025-05-12 16:21:13.879481 INFO::Fitting model to feature number 303, P105.PWY..TCA.cycle.IV..2.oxoglutarate.decarboxylase.
2025-05-12 16:21:13.880984 INFO::Fitting model to feature number 304, PWY.6572..chondroitin.sulfate.degradation.I..bacterial.
2025-05-12 16:21:13.882486 INFO::Fitting model to feature number 305, PWY.6922..L.N.delta..acetylornithine.biosynthesis
2025-05-12 16:21:13.883997 INFO::Fitting model to feature number 306, PWY0.1277..3.phenylpropanoate.and.3..3.hydroxyphenyl.propanoate.degradation
2025-05-12 16:21:13.885628 INFO::Fitting model to feature number 307, PWY0.1415..superpathway.of.heme.b.biosynthesis.from.uroporphyrinogen.III
2025-05-12 16:21:13.887126 INFO::Fitting model to feature number 308, PWY.7942..5.oxo.L.proline.metabolism
2025-05-12 16:21:13.888695 INFO::Fitting model to feature number 309, PWY66.389..phytol.degradation
2025-05-12 16:21:13.890305 INFO::Fitting model to feature number 310, PWY.7883..anhydromuropeptides.recycling.II
2025-05-12 16:21:13.891852 INFO::Fitting model to feature number 311, P23.PWY..reductive.TCA.cycle.I
2025-05-12 16:21:13.893394 INFO::Fitting model to feature number 312, PWY0.301..L.ascorbate.degradation.I..bacterial..anaerobic.
2025-05-12 16:21:13.89511 INFO::Fitting model to feature number 313, PWY.7858...5Z..dodecenoate.biosynthesis.II
2025-05-12 16:21:13.896598 INFO::Fitting model to feature number 314, PWY.5910..superpathway.of.geranylgeranyldiphosphate.biosynthesis.I..via.mevalonate.
2025-05-12 16:21:13.898079 INFO::Fitting model to feature number 315, FAO.PWY..fatty.acid..beta..oxidation.I..generic.
2025-05-12 16:21:13.899573 INFO::Fitting model to feature number 316, PWY0.166..superpathway.of.pyrimidine.deoxyribonucleotides.de.novo.biosynthesis..E..coli.
2025-05-12 16:21:13.901071 INFO::Fitting model to feature number 317, PWY.922..mevalonate.pathway.I..eukaryotes.and.bacteria.
2025-05-12 16:21:13.902554 INFO::Fitting model to feature number 318, PWY.6174..mevalonate.pathway.II..haloarchaea.
2025-05-12 16:21:13.904237 INFO::Fitting model to feature number 319, PWY.8125..mevalonate.pathway.IV..archaea.
2025-05-12 16:21:13.905903 INFO::Fitting model to feature number 320, PWY.6478..GDP.D.glycero..alpha..D.manno.heptose.biosynthesis
2025-05-12 16:21:13.907426 INFO::Fitting model to feature number 321, PWY.7688..dTDP..alpha..D.ravidosamine.and.dTDP.4.acetyl..alpha..D.ravidosamine.biosynthesis
2025-05-12 16:21:13.908993 INFO::Fitting model to feature number 322, PWY490.3..nitrate.reduction.VI..assimilatory.
2025-05-12 16:21:13.910542 INFO::Fitting model to feature number 323, PWY66.367..ketogenesis
2025-05-12 16:21:13.912033 INFO::Fitting model to feature number 324, HCAMHPDEG.PWY..3.phenylpropanoate.and.3..3.hydroxyphenyl.propanoate.degradation.to.2.hydroxypentadienoate
2025-05-12 16:21:13.91364 INFO::Fitting model to feature number 325, PWY.6690..cinnamate.and.3.hydroxycinnamate.degradation.to.2.hydroxypentadienoate
2025-05-12 16:21:13.915117 INFO::Fitting model to feature number 326, PWY.6953..dTDP.3.acetamido..alpha..D.fucose.biosynthesis
2025-05-12 16:21:13.916679 INFO::Fitting model to feature number 327, PWY.5138..fatty.acid..beta..oxidation.IV..unsaturated..even.number.
2025-05-12 16:21:13.918176 INFO::Fitting model to feature number 328, METHGLYUT.PWY..superpathway.of.methylglyoxal.degradation
2025-05-12 16:21:13.919633 INFO::Fitting model to feature number 329, PWY.7391..isoprene.biosynthesis.II..engineered.
2025-05-12 16:21:13.921129 INFO::Fitting model to feature number 330, AST.PWY..L.arginine.degradation.II..AST.pathway.
2025-05-12 16:21:13.922819 INFO::Fitting model to feature number 331, PWY.7807..glyphosate.degradation.III
2025-05-12 16:21:13.924396 INFO::Fitting model to feature number 332, PWY0.1338..polymyxin.resistance
2025-05-12 16:21:13.925906 INFO::Fitting model to feature number 333, PWY.6803..phosphatidylcholine.acyl.editing
2025-05-12 16:21:13.9274 INFO::Fitting model to feature number 334, P163.PWY..L.lysine.fermentation.to.acetate.and.butanoate
2025-05-12 16:21:13.928882 INFO::Fitting model to feature number 335, PWY.7723..bacterial.bioluminescence
2025-05-12 16:21:13.930442 INFO::Fitting model to feature number 336, AEROBACTINSYN.PWY..aerobactin.biosynthesis
2025-05-12 16:21:13.932039 INFO::Fitting model to feature number 337, KDO.NAGLIPASYN.PWY..superpathway.of..Kdo.2.lipid.A.biosynthesis
2025-05-12 16:21:13.933519 INFO::Fitting model to feature number 338, PWY.5464..superpathway.of.cytosolic.glycolysis..plants...pyruvate.dehydrogenase.and.TCA.cycle
2025-05-12 16:21:13.934981 INFO::Fitting model to feature number 339, PWY.7409..phospholipid.remodeling..phosphatidylethanolamine..yeast.
2025-05-12 16:21:13.936451 INFO::Fitting model to feature number 340, PWY.6961..L.ascorbate.degradation.II..bacterial..aerobic.
2025-05-12 16:21:13.937917 INFO::Fitting model to feature number 341, PWY.7340..9.cis..11.trans.octadecadienoyl.CoA.degradation..isomerase.dependent..yeast.
2025-05-12 16:21:13.939489 INFO::Fitting model to feature number 342, GLYCOLYSIS.TCA.GLYOX.BYPASS..superpathway.of.glycolysis..pyruvate.dehydrogenase..TCA..and.glyoxylate.bypass
2025-05-12 16:21:13.941178 INFO::Fitting model to feature number 343, PWY0.1533..methylphosphonate.degradation.I
2025-05-12 16:21:13.942703 INFO::Fitting model to feature number 344, PROTOCATECHUATE.ORTHO.CLEAVAGE.PWY..protocatechuate.degradation.II..ortho.cleavage.pathway.
2025-05-12 16:21:13.9442 INFO::Fitting model to feature number 345, P621.PWY..nylon.6.oligomer.degradation
2025-05-12 16:21:13.945687 INFO::Fitting model to feature number 346, LIPASYN.PWY..phospholipases
2025-05-12 16:21:13.9472 INFO::Fitting model to feature number 347, KETOGLUCONMET.PWY..ketogluconate.metabolism
2025-05-12 16:21:13.948721 INFO::Fitting model to feature number 348, PWY.7783..plasmalogen.degradation
2025-05-12 16:21:13.95031 INFO::Fitting model to feature number 349, PWY.7269..mitochondrial.NADPH.production..yeast.
2025-05-12 16:21:13.951766 INFO::Fitting model to feature number 350, PWY.7805...aminomethyl.phosphonate.degradation
2025-05-12 16:21:13.953294 INFO::Fitting model to feature number 351, PWY.5972..stearate.biosynthesis.I..animals.
2025-05-12 16:21:13.954872 INFO::Fitting model to feature number 352, PWY0.1337..oleate..beta..oxidation
2025-05-12 16:21:13.956397 INFO::Fitting model to feature number 353, PWY0.1221..putrescine.degradation.II
2025-05-12 16:21:13.957889 INFO::Fitting model to feature number 354, PWY.7094..fatty.acid.salvage
2025-05-12 16:21:13.959473 INFO::Fitting model to feature number 355, PWY.7209..superpathway.of.pyrimidine.ribonucleosides.degradation
2025-05-12 16:21:13.96096 INFO::Fitting model to feature number 356, PWY.7196..superpathway.of.pyrimidine.ribonucleosides.salvage
2025-05-12 16:21:13.962446 INFO::Fitting model to feature number 357, PRPP.PWY..superpathway.of.histidine..purine..and.pyrimidine.biosynthesis
2025-05-12 16:21:13.963917 INFO::Fitting model to feature number 358, PWY.8188..L.alanine.degradation.VI..reductive.Stickland.reaction.
2025-05-12 16:21:13.965457 INFO::Fitting model to feature number 359, PWY.8189..L.alanine.degradation.V..oxidative.Stickland.reaction.
2025-05-12 16:21:13.967014 INFO::Fitting model to feature number 360, PROPFERM.PWY..superpathway.of.L.alanine.fermentation..Stickland.reaction.
2025-05-12 16:21:13.968676 INFO::Fitting model to feature number 361, P261.PWY..coenzyme.M.biosynthesis.I
2025-05-12 16:21:13.969509 WARNING::Fitting problem for feature 361 returning NA
2025-05-12 16:21:13.970253 INFO::Fitting model to feature number 362, DENOVOPURINE2.PWY..superpathway.of.purine.nucleotides.de.novo.biosynthesis.II
2025-05-12 16:21:13.971723 INFO::Fitting model to feature number 363, PWY.6435..4.hydroxybenzoate.biosynthesis.III..plants.
2025-05-12 16:21:13.973405 INFO::Fitting model to feature number 364, PWY.5494..pyruvate.fermentation.to.propanoate.II..acrylate.pathway.
2025-05-12 16:21:13.974975 INFO::Fitting model to feature number 365, PWY.5104..L.isoleucine.biosynthesis.IV
2025-05-12 16:21:13.976488 INFO::Fitting model to feature number 366, PWY.7187..pyrimidine.deoxyribonucleotides.de.novo.biosynthesis.II
2025-05-12 16:21:13.978073 INFO::Fitting model to feature number 367, PWY.6143..CMP.pseudaminate.biosynthesis
2025-05-12 16:21:13.979547 INFO::Fitting model to feature number 368, PWY.3781..aerobic.respiration.I..cytochrome.c.
2025-05-12 16:21:13.981096 INFO::Fitting model to feature number 369, PWY.5897..superpathway.of.menaquinol.11.biosynthesis
2025-05-12 16:21:13.982571 INFO::Fitting model to feature number 370, PWY.5898..superpathway.of.menaquinol.12.biosynthesis
2025-05-12 16:21:13.984053 INFO::Fitting model to feature number 371, PWY.5899..superpathway.of.menaquinol.13.biosynthesis
2025-05-12 16:21:13.985531 INFO::Fitting model to feature number 372, PWY.5840..superpathway.of.menaquinol.7.biosynthesis
2025-05-12 16:21:13.987098 INFO::Fitting model to feature number 373, PWY.5838..superpathway.of.menaquinol.8.biosynthesis.I
2025-05-12 16:21:13.988573 INFO::Fitting model to feature number 374, PWY.5845..superpathway.of.menaquinol.9.biosynthesis
2025-05-12 16:21:13.990117 INFO::Fitting model to feature number 375, PWY.5850..superpathway.of.menaquinol.6.biosynthesis
2025-05-12 16:21:13.991666 INFO::Fitting model to feature number 376, PWY.5896..superpathway.of.menaquinol.10.biosynthesis
2025-05-12 16:21:13.993187 INFO::Fitting model to feature number 377, P122.PWY..heterolactic.fermentation
2025-05-12 16:21:13.994714 INFO::Fitting model to feature number 378, PWY.5861..superpathway.of.demethylmenaquinol.8.biosynthesis.I
2025-05-12 16:21:13.996359 INFO::Fitting model to feature number 379, PWY.5860..superpathway.of.demethylmenaquinol.6.biosynthesis.I
2025-05-12 16:21:13.997846 INFO::Fitting model to feature number 380, PWY.5862..superpathway.of.demethylmenaquinol.9.biosynthesis
2025-05-12 16:21:13.99931 INFO::Fitting model to feature number 381, PWY.5837..2.carboxy.1.4.naphthoquinol.biosynthesis
2025-05-12 16:21:14.000796 INFO::Fitting model to feature number 382, PWY.6518..bile.acids.epimerization
2025-05-12 16:21:14.002348 INFO::Fitting model to feature number 383, P221.PWY..octane.oxidation
2025-05-12 16:21:14.00383 INFO::Fitting model to feature number 384, PWY.5656..mannosylglycerate.biosynthesis.I
2025-05-12 16:21:14.005425 INFO::Fitting model to feature number 385, PWY.6876..isopropanol.biosynthesis..engineered.
2025-05-12 16:21:14.007036 INFO::Fitting model to feature number 386, PWY.5392..reductive.TCA.cycle.II
2025-05-12 16:21:14.008569 INFO::Fitting model to feature number 387, PWY.7204..pyridoxal.5..phosphate.salvage.II..plants.
2025-05-12 16:21:14.010048 INFO::Fitting model to feature number 388, PWY0.42..2.methylcitrate.cycle.I
2025-05-12 16:21:14.011531 INFO::Fitting model to feature number 389, PWY.6749..CMP.legionaminate.biosynthesis.I
2025-05-12 16:21:14.013023 INFO::Fitting model to feature number 390, PWY.7434..terminal.O.glycans.residues.modification..via.type.2.precursor.disaccharide.
2025-05-12 16:21:14.014686 INFO::Fitting model to feature number 391, ECASYN.PWY..enterobacterial.common.antigen.biosynthesis
2025-05-12 16:21:14.016219 INFO::Fitting model to feature number 392, PWY.7616..methanol.oxidation.to.carbon.dioxide
2025-05-12 16:21:14.017719 INFO::Fitting model to feature number 393, PWY.5747..2.methylcitrate.cycle.II
2025-05-12 16:21:14.019195 INFO::Fitting model to feature number 394, CHLOROPHYLL.SYN..3.8.divinyl.chlorophyllide.a.biosynthesis.I..aerobic..light.dependent.
2025-05-12 16:21:14.020036 WARNING::Fitting problem for feature 394 returning NA
2025-05-12 16:21:14.020781 INFO::Fitting model to feature number 395, PWY.7159..3.8.divinyl.chlorophyllide.a.biosynthesis.III..aerobic..light.independent.
2025-05-12 16:21:14.022307 INFO::Fitting model to feature number 396, PWY.6807..xyloglucan.degradation.II..exoglucanase.
2025-05-12 16:21:14.024069 INFO::Fitting model to feature number 397, PWY.5677..succinate.fermentation.to.butanoate
2025-05-12 16:21:14.025594 INFO::Fitting model to feature number 398, PWY.7992..superpathway.of.menaquinol.8.biosynthesis.III
2025-05-12 16:21:14.027093 INFO::Fitting model to feature number 399, PWY.7031..protein.N.glycosylation..bacterial.
2025-05-12 16:21:14.028577 INFO::Fitting model to feature number 400, PWY.6920..6.gingerol.analog.biosynthesis..engineered.
2025-05-12 16:21:14.030055 INFO::Fitting model to feature number 401, PWY.7371..1.4.dihydroxy.6.naphthoate.biosynthesis.II
2025-05-12 16:21:14.031543 INFO::Fitting model to feature number 402, PWY.7316..dTDP.N.acetylviosamine.biosynthesis
2025-05-12 16:21:14.032562 INFO::Fitting model to feature number 403, PWY.5180..toluene.degradation.I..aerobic...via.o.cresol.
2025-05-12 16:21:14.034056 INFO::Fitting model to feature number 404, PWY.6562..norspermidine.biosynthesis
2025-05-12 16:21:14.035543 INFO::Fitting model to feature number 405, LIPA.CORESYN.PWY..lipid.A.core.biosynthesis..E..coli.K.12.
2025-05-12 16:21:14.037016 INFO::Fitting model to feature number 406, PWY.5415..catechol.degradation.I..meta.cleavage.pathway.
2025-05-12 16:21:14.03863 INFO::Fitting model to feature number 407, X3.HYDROXYPHENYLACETATE.DEGRADATION.PWY..4.hydroxyphenylacetate.degradation
2025-05-12 16:21:14.040168 INFO::Fitting model to feature number 408, PWY.5705..allantoin.degradation.to.glyoxylate.III
2025-05-12 16:21:14.041768 INFO::Fitting model to feature number 409, PWY.5692..allantoin.degradation.to.glyoxylate.II
2025-05-12 16:21:14.043248 INFO::Fitting model to feature number 410, URDEGR.PWY..superpathway.of.allantoin.degradation.in.plants
2025-05-12 16:21:14.044725 INFO::Fitting model to feature number 411, PWY.6328..L.lysine.degradation.X
2025-05-12 16:21:14.046274 INFO::Fitting model to feature number 412, PWY0.41..allantoin.degradation.IV..anaerobic.
2025-05-12 16:21:14.047824 INFO::Fitting model to feature number 413, PWY.7446..sulfoquinovose.degradation.I
2025-05-12 16:21:14.049304 INFO::Fitting model to feature number 414, PWY66.430..myristate.biosynthesis..mitochondria.
2025-05-12 16:21:14.050886 INFO::Fitting model to feature number 415, PWY.7388..octanoyl..acyl.carrier.protein..biosynthesis..mitochondria..yeast.
2025-05-12 16:21:14.052368 INFO::Fitting model to feature number 416, PWY.6471..peptidoglycan.biosynthesis.IV..Enterococcus.faecium.
2025-05-12 16:21:14.053846 INFO::Fitting model to feature number 417, PWY.5855..ubiquinol.7.biosynthesis..early.decarboxylation.
2025-05-12 16:21:14.055321 INFO::Fitting model to feature number 418, UDPNACETYLGALSYN.PWY..UDP.N.acetyl.D.glucosamine.biosynthesis.II
2025-05-12 16:21:14.056908 INFO::Fitting model to feature number 419, DARABCATK12.PWY..D.arabinose.degradation.I
2025-05-12 16:21:14.05846 INFO::Fitting model to feature number 420, PWY.7279..aerobic.respiration.II..cytochrome.c...yeast.
2025-05-12 16:21:14.060154 INFO::Fitting model to feature number 421, PWY.7039..phosphatidate.metabolism..as.a.signaling.molecule
2025-05-12 16:21:14.061652 INFO::Fitting model to feature number 422, PWY.5028..L.histidine.degradation.II
2025-05-12 16:21:14.062569 INFO::Fitting model to feature number 423, ARGDEG.PWY..superpathway.of.L.arginine..putrescine..and.4.aminobutanoate.degradation
2025-05-12 16:21:14.063464 INFO::Fitting model to feature number 424, ORNARGDEG.PWY..superpathway.of.L.arginine.and.L.ornithine.degradation
2025-05-12 16:21:14.064374 INFO::Fitting model to feature number 425, THREOCAT.PWY..superpathway.of.L.threonine.metabolism
2025-05-12 16:21:14.065256 INFO::Fitting model to feature number 426, PWY.6185..4.methylcatechol.degradation..ortho.cleavage.
2025-05-12 16:21:14.066247 INFO::Fitting model to feature number 427, PWY.6318..L.phenylalanine.degradation.IV..mammalian..via.side.chain.
2025-05-12 16:21:14.067149 INFO::Fitting model to feature number 428, GLYCOL.GLYOXDEG.PWY..superpathway.of.glycol.metabolism.and.degradation
2025-05-12 16:21:14.068046 INFO::Fitting model to feature number 429, PWY0.461..L.lysine.degradation.I
2025-05-12 16:21:14.068938 INFO::Fitting model to feature number 430, PWY.4361..S.methyl.5.thio..alpha..D.ribose.1.phosphate.degradation.I
2025-05-12 16:21:14.06982 INFO::Fitting model to feature number 431, CARNMET.PWY..L.carnitine.degradation.I
2025-05-12 16:21:14.070711 INFO::Fitting model to feature number 432, PWY.2221..Entner.Doudoroff.pathway.III..semi.phosphorylative.
2025-05-12 16:21:14.071771 INFO::Fitting model to feature number 433, PWY.7165..L.ascorbate.biosynthesis.VIII..engineered.pathway.
2025-05-12 16:21:14.072769 INFO::Fitting model to feature number 434, PWY.6215..4.chlorobenzoate.degradation
2025-05-12 16:21:14.073694 INFO::Fitting model to feature number 435, PWY.7245..superpathway.of.NAD.NADP...NADH.NADPH.interconversion..yeast.
2025-05-12 16:21:14.074617 INFO::Fitting model to feature number 436, UBISYN.PWY..superpathway.of.ubiquinol.8.biosynthesis..early.decarboxylation.
2025-05-12 16:21:14.075507 INFO::Fitting model to feature number 437, PWY.7874..L.threonate.degradation
2025-05-12 16:21:14.076401 INFO::Fitting model to feature number 438, PWY.6708..ubiquinol.8.biosynthesis..early.decarboxylation.
2025-05-12 16:21:14.077383 INFO::Fitting model to feature number 439, PWY.5088..L.glutamate.degradation.VIII..to.propanoate.
2025-05-12 16:21:14.078288 INFO::Fitting model to feature number 440, PWY.7268..cytosolic.NADPH.production..yeast.
2025-05-12 16:21:14.079173 INFO::Fitting model to feature number 441, PWY.7873..D.erythronate.degradation.II
2025-05-12 16:21:14.080081 INFO::Fitting model to feature number 442, PWY.8086...S..lactate.fermentation.to.propanoate..acetate.and.hydrogen
2025-05-12 16:21:14.080982 INFO::Fitting model to feature number 443, PWY.7384..anaerobic.energy.metabolism..invertebrates..mitochondrial.
2025-05-12 16:21:14.081866 INFO::Fitting model to feature number 444, PWY.5156..superpathway.of.fatty.acid.biosynthesis.II..plant.
2025-05-12 16:21:14.082851 INFO::Fitting model to feature number 445, PWY.7527..L.methionine.salvage.cycle.III
2025-05-12 16:21:14.083749 INFO::Fitting model to feature number 446, PWY.5417..catechol.degradation.III..ortho.cleavage.pathway.
2025-05-12 16:21:14.092219 INFO::Fitting model to feature number 447, PWY.5431..aromatic.compounds.degradation.via..beta..ketoadipate
2025-05-12 16:21:14.093359 INFO::Fitting model to feature number 448, PWY.6182..superpathway.of.salicylate.degradation
2025-05-12 16:21:14.094318 INFO::Fitting model to feature number 449, CATECHOL.ORTHO.CLEAVAGE.PWY..catechol.degradation.to..beta..ketoadipate
2025-05-12 16:21:14.095243 INFO::Fitting model to feature number 450, P562.PWY..myo.inositol.degradation.I
2025-05-12 16:21:14.09631 INFO::Fitting model to feature number 451, PWY1G.0..mycothiol.biosynthesis
2025-05-12 16:21:14.097233 INFO::Fitting model to feature number 452, DENITRIFICATION.PWY..nitrate.reduction.I..denitrification.
2025-05-12 16:21:14.098149 INFO::Fitting model to feature number 453, PWY.7294..D.xylose.degradation.IV
2025-05-12 16:21:14.099071 INFO::Fitting model to feature number 454, URSIN.PWY..ureide.biosynthesis
2025-05-12 16:21:14.099983 INFO::Fitting model to feature number 455, LPSSYN.PWY..superpathway.of.lipopolysaccharide.biosynthesis
2025-05-12 16:21:14.100917 INFO::Fitting model to feature number 456, PWY.6396..superpathway.of.2.3.butanediol.biosynthesis
2025-05-12 16:21:14.101938 INFO::Fitting model to feature number 457, PWY.3801..sucrose.degradation.II..sucrose.synthase.
2025-05-12 16:21:14.102847 INFO::Fitting model to feature number 458, PWY.6797..6.hydroxymethyl.dihydropterin.diphosphate.biosynthesis.II..Methanocaldococcus.
2025-05-12 16:21:14.103752 INFO::Fitting model to feature number 459, PWY.8190..L.glutamate.degradation.XI..reductive.Stickland.reaction.
2025-05-12 16:21:14.104666 INFO::Fitting model to feature number 460, PWY.7396..butanol.and.isobutanol.biosynthesis..engineered.
2025-05-12 16:21:14.105565 INFO::Fitting model to feature number 461, PWY.7389..superpathway.of.anaerobic.energy.metabolism..invertebrates.
2025-05-12 16:21:14.106466 INFO::Fitting model to feature number 462, CRNFORCAT.PWY..creatinine.degradation.I
2025-05-12 16:21:14.107512 INFO::Fitting model to feature number 463, PWY5F9.12..biphenyl.degradation
2025-05-12 16:21:14.108424 INFO::Fitting model to feature number 464, PWY.5514..UDP.N.acetyl.D.galactosamine.biosynthesis.II
2025-05-12 16:21:14.109332 INFO::Fitting model to feature number 465, X12DICHLORETHDEG.PWY..1.2.dichloroethane.degradation
2025-05-12 16:21:14.110279 INFO::Fitting model to feature number 466, DHGLUCONATE.PYR.CAT.PWY..glucose.degradation..oxidative.
2025-05-12 16:21:14.111352 INFO::Fitting model to feature number 467, PWY.7820..teichuronic.acid.biosynthesis..B..subtilis.168.
2025-05-12 16:21:14.112284 INFO::Fitting model to feature number 468, PWY.5420..catechol.degradation.II..meta.cleavage.pathway.
2025-05-12 16:21:14.113303 INFO::Fitting model to feature number 469, PWY.5419..catechol.degradation.to.2.hydroxypentadienoate.II
2025-05-12 16:21:14.114211 INFO::Fitting model to feature number 470, PWY.5654..2.amino.3.carboxymuconate.semialdehyde.degradation.to.2.hydroxypentadienoate
2025-05-12 16:21:14.115114 INFO::Fitting model to feature number 471, PWY.6210..2.aminophenol.degradation
2025-05-12 16:21:14.11604 INFO::Fitting model to feature number 472, PWY.7009..2.2..dihydroxybiphenyl.degradation
2025-05-12 16:21:14.11695 INFO::Fitting model to feature number 473, PWY.6981..chitin.biosynthesis
2025-05-12 16:21:14.117865 INFO::Fitting model to feature number 474, PWY66.388..ceramide.degradation.by..alpha..oxidation
2025-05-12 16:21:14.11888 INFO::Fitting model to feature number 475, PWY.7317..superpathway.of.dTDP.glucose.derived.O.antigen.building.blocks.biosynthesis
2025-05-12 16:21:14.119792 INFO::Fitting model to feature number 476, PWY.7528..L.methionine.salvage.cycle.I..bacteria.and.plants.
2025-05-12 16:21:14.120716 INFO::Fitting model to feature number 477, ALL.CHORISMATE.PWY..superpathway.of.chorismate.metabolism
2025-05-12 16:21:14.121638 INFO::Fitting model to feature number 478, PWY.2201..folate.transformations.I
2025-05-12 16:21:14.122547 INFO::Fitting model to feature number 479, PWY.5079..L.phenylalanine.degradation.III
2025-05-12 16:21:14.123463 INFO::Fitting model to feature number 480, PWY.7511..protein.ubiquitination
2025-05-12 16:21:14.124468 INFO::Fitting model to feature number 481, PWY66.398..TCA.cycle.III..animals.
2025-05-12 16:21:14.125419 INFO::Fitting model to feature number 482, PWY.7411..phosphatidate.biosynthesis..yeast.
2025-05-12 16:21:14.126405 INFO::Fitting model to feature number 483, PWY.8055..palmitoyl.ethanolamide.biosynthesis
2025-05-12 16:21:14.127332 INFO::Fitting model to feature number 484, PWY.5067..glycogen.biosynthesis.II..from.UDP.D.Glucose.
2025-05-12 16:21:14.128321 INFO::Fitting model to feature number 485, PWY3O.4108..L.tyrosine.degradation.III
2025-05-12 16:21:14.129258 INFO::Fitting model to feature number 486, PWY.7420..monoacylglycerol.metabolism..yeast.
2025-05-12 16:21:14.130295 INFO::Fitting model to feature number 487, PWY.5647..2.nitrobenzoate.degradation.I
2025-05-12 16:21:14.131218 INFO::Fitting model to feature number 488, PWY.6842..glutathione.mediated.detoxification.II
2025-05-12 16:21:14.132192 INFO::Fitting model to feature number 489, TRIGLSYN.PWY..diacylglycerol.and.triacylglycerol.biosynthesis
2025-05-12 16:21:14.133154 INFO::Fitting model to feature number 490, PWY.5870..ubiquinol.8.biosynthesis..late.decarboxylation.
2025-05-12 16:21:14.134047 INFO::Fitting model to feature number 491, PWY.6596..adenosine.nucleotides.degradation.I
2025-05-12 16:21:14.134953 INFO::Fitting model to feature number 492, PWY.6837..fatty.acid..beta..oxidation.V..unsaturated..odd.number..di.isomerase.dependent.
2025-05-12 16:21:14.135961 INFO::Fitting model to feature number 493, PWY.3502..superpathway.of.NAD.biosynthesis.in.eukaryotes
2025-05-12 16:21:14.137856 INFO::Fitting model to feature number 494, PWY.5129..sphingolipid.biosynthesis..plants.
2025-05-12 16:21:14.139542 INFO::Fitting model to feature number 495, PWY.5655..L.tryptophan.degradation.IX
2025-05-12 16:21:14.14089 INFO::Fitting model to feature number 496, PWY3DJ.12..ceramide.de.novo.biosynthesis
2025-05-12 16:21:14.141863 INFO::Fitting model to feature number 497, PWY.7337..10.cis.heptadecenoyl.CoA.degradation..yeast.
2025-05-12 16:21:14.14278 INFO::Fitting model to feature number 498, PWY.7338..10.trans.heptadecenoyl.CoA.degradation..reductase.dependent..yeast.
2025-05-12 16:21:14.14379 INFO::Fitting model to feature number 499, NADSYN.PWY..NAD.de.novo.biosynthesis.II..from.tryptophan.
2025-05-12 16:21:14.144698 INFO::Fitting model to feature number 500, PWY.5873..ubiquinol.7.biosynthesis..late.decarboxylation.
2025-05-12 16:21:14.145596 INFO::Fitting model to feature number 501, PWY.6309..L.tryptophan.degradation.XI..mammalian..via.kynurenine.
2025-05-12 16:21:14.146547 INFO::Fitting model to feature number 502, PWY.7546..diphthamide.biosynthesis.II..eukaryotes.
2025-05-12 16:21:14.147495 INFO::Fitting model to feature number 503, SPHINGOLIPID.SYN.PWY..sphingolipid.biosynthesis..yeast.
2025-05-12 16:21:14.148422 INFO::Fitting model to feature number 504, PWY.7283..wybutosine.biosynthesis
2025-05-12 16:21:14.149445 INFO::Fitting model to feature number 505, PWY.7230..ubiquinol.6.biosynthesis.from.4.aminobenzoate..yeast.
2025-05-12 16:21:14.150375 INFO::Fitting model to feature number 506, PWY.7156..superpathway.of.ergosterol.biosynthesis.II
2025-05-12 16:21:14.151302 INFO::Fitting model to feature number 507, PWY3O.19..ubiquinol.6.biosynthesis..late.decarboxylation.
2025-05-12 16:21:14.152249 INFO::Fitting model to feature number 508, PWY.7235..superpathway.of.ubiquinol.6.biosynthesis..late.decarboxylation.
2025-05-12 16:21:14.15325 INFO::Fitting model to feature number 509, PWY.7800..Ac.N.end.rule.pathway
2025-05-12 16:21:14.15417 INFO::Fitting model to feature number 510, PWY.7919..protein.N.glycosylation.processing.phase..plants.and.animals.
2025-05-12 16:21:14.155185 INFO::Fitting model to feature number 511, ERGOSTEROL.SYN.PWY..superpathway.of.ergosterol.biosynthesis.I
2025-05-12 16:21:14.156096 INFO::Fitting model to feature number 512, PWY.5651..L.tryptophan.degradation.to.2.amino.3.carboxymuconate.semialdehyde
2025-05-12 16:21:14.157008 INFO::Fitting model to feature number 513, MANNOSYL.CHITO.DOLICHOL.BIOSYNTHESIS..protein.N.glycosylation.initial.phase..eukaryotic.
2025-05-12 16:21:14.157914 INFO::Fitting model to feature number 514, PWY.7724..icosapentaenoate.biosynthesis.III..8.desaturase..mammals.
2025-05-12 16:21:14.158821 INFO::Fitting model to feature number 515, PWY.7717..3.hydroxy.4.methyl.anthranilate.biosynthesis.I
2025-05-12 16:21:14.159722 INFO::Fitting model to feature number 516, PWY.5080..very.long.chain.fatty.acid.biosynthesis.I
2025-05-12 16:21:14.160741 INFO::Fitting model to feature number 517, PWY.7606..docosahexaenoate.biosynthesis.III..6.desaturase..mammals.
2025-05-12 16:21:14.161643 INFO::Fitting model to feature number 518, PWY.7726...4Z.7Z.10Z.13Z.16Z..docosapentaenoate.biosynthesis..6.desaturase.
2025-05-12 16:21:14.162538 INFO::Fitting model to feature number 519, PWY.7035...9Z..tricosene.biosynthesis
2025-05-12 16:21:14.163496 INFO::Fitting model to feature number 520, PWY.7036..very.long.chain.fatty.acid.biosynthesis.II
2025-05-12 16:21:14.164456 INFO::Fitting model to feature number 521, PWY.8041..ultra.long.chain.fatty.acid.biosynthesis
2025-05-12 16:21:14.165362 INFO::Fitting model to feature number 522, PWY.6829..tRNA.methylation..yeast.
2025-05-12 16:21:14.166361 INFO::Fitting model to feature number 523, PWY.6075..ergosterol.biosynthesis.I
2025-05-12 16:21:14.167261 INFO::Fitting model to feature number 524, PWY.6351..D.myo.inositol..1.4.5..trisphosphate.biosynthesis
2025-05-12 16:21:14.168163 INFO::Fitting model to feature number 525, PWY.6352..3.phosphoinositide.biosynthesis
2025-05-12 16:21:14.169076 INFO::Fitting model to feature number 526, PWY.6598..sciadonate.biosynthesis
2025-05-12 16:21:14.170075 INFO::Fitting model to feature number 527, PWY.7619..juniperonate.biosynthesis
2025-05-12 16:21:14.170979 INFO::Fitting model to feature number 528, PWY.7725..arachidonate.biosynthesis.V..8.detaturase..mammals.
2025-05-12 16:21:14.171993 INFO::Fitting model to feature number 529, P101.PWY..ectoine.biosynthesis
2025-05-12 16:21:14.172904 INFO::Fitting model to feature number 530, PWY.7053..docosahexaenoate.biosynthesis.I..lower.eukaryotes.
2025-05-12 16:21:14.173803 INFO::Fitting model to feature number 531, PWY.7200..superpathway.of.pyrimidine.deoxyribonucleoside.salvage
2025-05-12 16:21:14.174699 INFO::Fitting model to feature number 532, PWY.6113..superpathway.of.mycolate.biosynthesis
2025-05-12 16:21:14.175611 INFO::Fitting model to feature number 533, PWY.7399..methylphosphonate.degradation.II
2025-05-12 16:21:14.176534 INFO::Fitting model to feature number 534, PWY.1501..mandelate.degradation.I
2025-05-12 16:21:14.177534 INFO::Fitting model to feature number 535, X4.HYDROXYMANDELATE.DEGRADATION.PWY..4.hydroxymandelate.degradation
2025-05-12 16:21:14.192993 INFO::Performing tests against medians
2025-05-12 16:21:15.784812 INFO::Counting total values for each feature
2025-05-12 16:21:15.798568 INFO::Running the logistic model component
2025-05-12 16:21:15.800551 INFO::Fitting model to feature number 1, PWY.7238..sucrose.biosynthesis.II
2025-05-12 16:21:15.801446 INFO::Fitting model to feature number 2, VALSYN.PWY..L.valine.biosynthesis
2025-05-12 16:21:15.802539 INFO::Fitting model to feature number 3, GLYCOGENSYNTH.PWY..glycogen.biosynthesis.I..from.ADP.D.Glucose.
2025-05-12 16:21:15.803384 INFO::Fitting model to feature number 4, PWY.5941..glycogen.degradation.II
2025-05-12 16:21:15.804174 INFO::Fitting model to feature number 5, PWY.1042..glycolysis.IV
2025-05-12 16:21:15.805053 INFO::Fitting model to feature number 6, ARGSYNBSUB.PWY..L.arginine.biosynthesis.II..acetyl.cycle.
2025-05-12 16:21:15.806086 INFO::Fitting model to feature number 7, PWY.6163..chorismate.biosynthesis.from.3.dehydroquinate
2025-05-12 16:21:15.806827 INFO::Fitting model to feature number 8, PWY.5686..UMP.biosynthesis.I
2025-05-12 16:21:15.80756 INFO::Fitting model to feature number 9, PWY.7790..UMP.biosynthesis.II
2025-05-12 16:21:15.8083 INFO::Fitting model to feature number 10, PWY.7791..UMP.biosynthesis.III
2025-05-12 16:21:15.809051 INFO::Fitting model to feature number 11, ARGSYN.PWY..L.arginine.biosynthesis.I..via.L.ornithine.
2025-05-12 16:21:15.809782 INFO::Fitting model to feature number 12, ARO.PWY..chorismate.biosynthesis.I
2025-05-12 16:21:15.810611 INFO::Fitting model to feature number 13, COMPLETE.ARO.PWY..superpathway.of.aromatic.amino.acid.biosynthesis
2025-05-12 16:21:15.811327 INFO::Fitting model to feature number 14, DTDPRHAMSYN.PWY..dTDP..beta..L.rhamnose.biosynthesis
2025-05-12 16:21:15.812062 INFO::Fitting model to feature number 15, PWY.6609..adenine.and.adenosine.salvage.III
2025-05-12 16:21:15.812797 INFO::Fitting model to feature number 16, PWY.6122..5.aminoimidazole.ribonucleotide.biosynthesis.II
2025-05-12 16:21:15.813589 INFO::Fitting model to feature number 17, PWY.6277..superpathway.of.5.aminoimidazole.ribonucleotide.biosynthesis
2025-05-12 16:21:15.814335 INFO::Fitting model to feature number 18, PWY.6121..5.aminoimidazole.ribonucleotide.biosynthesis.I
2025-05-12 16:21:15.815172 INFO::Fitting model to feature number 19, GLUTORN.PWY..L.ornithine.biosynthesis.I
2025-05-12 16:21:15.815883 INFO::Fitting model to feature number 20, PWY.6386..UDP.N.acetylmuramoyl.pentapeptide.biosynthesis.II..lysine.containing.
2025-05-12 16:21:15.816616 INFO::Fitting model to feature number 21, PWY.6387..UDP.N.acetylmuramoyl.pentapeptide.biosynthesis.I..meso.diaminopimelate.containing.
2025-05-12 16:21:15.843315 INFO::Fitting model to feature number 22, TRNA.CHARGING.PWY..tRNA.charging
2025-05-12 16:21:15.844181 INFO::Fitting model to feature number 23, NONMEVIPP.PWY..methylerythritol.phosphate.pathway.I
2025-05-12 16:21:15.844927 INFO::Fitting model to feature number 24, PWY.7221..guanosine.ribonucleotides.de.novo.biosynthesis
2025-05-12 16:21:15.845776 INFO::Fitting model to feature number 25, PWY0.1296..purine.ribonucleosides.degradation
2025-05-12 16:21:15.846551 INFO::Fitting model to feature number 26, PEPTIDOGLYCANSYN.PWY..peptidoglycan.biosynthesis.I..meso.diaminopimelate.containing.
2025-05-12 16:21:15.847289 INFO::Fitting model to feature number 27, COA.PWY.1..superpathway.of.coenzyme.A.biosynthesis.III..mammals.
2025-05-12 16:21:15.848027 INFO::Fitting model to feature number 28, PWY.6385..peptidoglycan.biosynthesis.III..mycobacteria.
2025-05-12 16:21:15.848759 INFO::Fitting model to feature number 29, ILEUSYN.PWY..L.isoleucine.biosynthesis.I..from.threonine.
2025-05-12 16:21:15.8495 INFO::Fitting model to feature number 30, PWY.6700..queuosine.biosynthesis.I..de.novo.
2025-05-12 16:21:15.850335 INFO::Fitting model to feature number 31, BRANCHED.CHAIN.AA.SYN.PWY..superpathway.of.branched.chain.amino.acid.biosynthesis
2025-05-12 16:21:15.851055 INFO::Fitting model to feature number 32, PWY.5667..CDP.diacylglycerol.biosynthesis.I
2025-05-12 16:21:15.851776 INFO::Fitting model to feature number 33, PWY0.1319..CDP.diacylglycerol.biosynthesis.II
2025-05-12 16:21:15.852503 INFO::Fitting model to feature number 34, PWY.5097..L.lysine.biosynthesis.VI
2025-05-12 16:21:15.853441 INFO::Fitting model to feature number 35, PWY.6151..S.adenosyl.L.methionine.salvage.I
2025-05-12 16:21:15.854177 INFO::Fitting model to feature number 36, ANAGLYCOLYSIS.PWY..glycolysis.III..from.glucose.
2025-05-12 16:21:15.8551 INFO::Fitting model to feature number 37, PWY.7111..pyruvate.fermentation.to.isobutanol..engineered.
2025-05-12 16:21:15.855948 INFO::Fitting model to feature number 38, CALVIN.PWY..Calvin.Benson.Bassham.cycle
2025-05-12 16:21:15.856693 INFO::Fitting model to feature number 39, COA.PWY..coenzyme.A.biosynthesis.I..prokaryotic.
2025-05-12 16:21:15.857411 INFO::Fitting model to feature number 40, PWY.7953..UDP.N.acetylmuramoyl.pentapeptide.biosynthesis.III..meso.diaminopimelate.containing.
2025-05-12 16:21:15.85812 INFO::Fitting model to feature number 41, PWY.3841..folate.transformations.II..plants.
2025-05-12 16:21:15.858827 INFO::Fitting model to feature number 42, PWY.7851..coenzyme.A.biosynthesis.II..eukaryotic.
2025-05-12 16:21:15.85964 INFO::Fitting model to feature number 43, HISTSYN.PWY..L.histidine.biosynthesis
2025-05-12 16:21:15.860359 INFO::Fitting model to feature number 44, PWY.6123..inosine.5..phosphate.biosynthesis.I
2025-05-12 16:21:15.861073 INFO::Fitting model to feature number 45, PWY66.429..fatty.acid.biosynthesis.initiation..mitochondria.
2025-05-12 16:21:15.861789 INFO::Fitting model to feature number 46, PWY.6317..D.galactose.degradation.I..Leloir.pathway.
2025-05-12 16:21:15.862499 INFO::Fitting model to feature number 47, PWY.5695..inosine.5..phosphate.degradation
2025-05-12 16:21:15.863235 INFO::Fitting model to feature number 48, PWY.7977..L.methionine.biosynthesis.IV
2025-05-12 16:21:15.864054 INFO::Fitting model to feature number 49, PWY.6124..inosine.5..phosphate.biosynthesis.II
2025-05-12 16:21:15.864763 INFO::Fitting model to feature number 50, PWY.8178..pentose.phosphate.pathway..non.oxidative.branch..II
2025-05-12 16:21:15.865474 INFO::Fitting model to feature number 51, PWY.7357..thiamine.phosphate.formation.from.pyrithiamine.and.oxythiamine..yeast.
2025-05-12 16:21:15.8662 INFO::Fitting model to feature number 52, PWY.6629..superpathway.of.L.tryptophan.biosynthesis
2025-05-12 16:21:15.866927 INFO::Fitting model to feature number 53, PWY.5103..L.isoleucine.biosynthesis.III
2025-05-12 16:21:15.867636 INFO::Fitting model to feature number 54, PWY.724..superpathway.of.L.lysine..L.threonine.and.L.methionine.biosynthesis.II
2025-05-12 16:21:15.868609 INFO::Fitting model to feature number 55, PWY.6270..isoprene.biosynthesis.I
2025-05-12 16:21:15.869323 INFO::Fitting model to feature number 56, PWY.7560..methylerythritol.phosphate.pathway.II
2025-05-12 16:21:15.870034 INFO::Fitting model to feature number 57, RIBOSYN2.PWY..flavin.biosynthesis.I..bacteria.and.plants.
2025-05-12 16:21:15.870752 INFO::Fitting model to feature number 58, PWY.2942..L.lysine.biosynthesis.III
2025-05-12 16:21:15.871486 INFO::Fitting model to feature number 59, PWY.6527..stachyose.degradation
2025-05-12 16:21:15.872308 INFO::Fitting model to feature number 60, PWY.7199..pyrimidine.deoxyribonucleosides.salvage
2025-05-12 16:21:15.873291 INFO::Fitting model to feature number 61, X1CMET2.PWY..folate.transformations.III..E..coli.
2025-05-12 16:21:15.874002 INFO::Fitting model to feature number 62, NONOXIPENT.PWY..pentose.phosphate.pathway..non.oxidative.branch..I
2025-05-12 16:21:15.874728 INFO::Fitting model to feature number 63, PANTOSYN.PWY..superpathway.of.coenzyme.A.biosynthesis.I..bacteria.
2025-05-12 16:21:15.875444 INFO::Fitting model to feature number 64, HSERMETANA.PWY..L.methionine.biosynthesis.III
2025-05-12 16:21:15.876179 INFO::Fitting model to feature number 65, PWY.6823..molybdopterin.biosynthesis
2025-05-12 16:21:15.876887 INFO::Fitting model to feature number 66, PWY.3001..superpathway.of.L.isoleucine.biosynthesis.I
2025-05-12 16:21:15.877745 INFO::Fitting model to feature number 67, GLUCOSE1PMETAB.PWY..glucose.and.glucose.1.phosphate.degradation
2025-05-12 16:21:15.881646 INFO::Fitting model to feature number 68, COBALSYN.PWY..superpathway.of.adenosylcobalamin.salvage.from.cobinamide.I
2025-05-12 16:21:15.882406 INFO::Fitting model to feature number 69, PANTO.PWY..phosphopantothenate.biosynthesis.I
2025-05-12 16:21:15.883161 INFO::Fitting model to feature number 70, THRESYN.PWY..superpathway.of.L.threonine.biosynthesis
2025-05-12 16:21:15.883879 INFO::Fitting model to feature number 71, OANTIGEN.PWY..O.antigen.building.blocks.biosynthesis..E..coli.
2025-05-12 16:21:15.884645 INFO::Fitting model to feature number 72, TRPSYN.PWY..L.tryptophan.biosynthesis
2025-05-12 16:21:15.885585 INFO::Fitting model to feature number 73, PWY.7237..myo...chiro..and.scyllo.inositol.degradation
2025-05-12 16:21:15.888018 INFO::Fitting model to feature number 74, SER.GLYSYN.PWY..superpathway.of.L.serine.and.glycine.biosynthesis.I
2025-05-12 16:21:15.88886 INFO::Fitting model to feature number 75, PWY.6628..superpathway.of.L.phenylalanine.biosynthesis
2025-05-12 16:21:15.889706 INFO::Fitting model to feature number 76, PWY.6892..thiazole.component.of.thiamine.diphosphate.biosynthesis.I
2025-05-12 16:21:15.89043 INFO::Fitting model to feature number 77, PWY.6897..thiamine.diphosphate.salvage.II
2025-05-12 16:21:15.891146 INFO::Fitting model to feature number 78, THISYNARA.PWY..superpathway.of.thiamine.diphosphate.biosynthesis.III..eukaryotes.
2025-05-12 16:21:15.893769 INFO::Fitting model to feature number 79, P41.PWY..pyruvate.fermentation.to.acetate.and..S..lactate.I
2025-05-12 16:21:15.894567 INFO::Fitting model to feature number 80, PWY.5100..pyruvate.fermentation.to.acetate.and.lactate.II
2025-05-12 16:21:15.89527 INFO::Fitting model to feature number 81, PWY.5659..GDP.mannose.biosynthesis
2025-05-12 16:21:15.895976 INFO::Fitting model to feature number 82, UDPNAGSYN.PWY..UDP.N.acetyl.D.glucosamine.biosynthesis.I
2025-05-12 16:21:15.896732 INFO::Fitting model to feature number 83, THISYN.PWY..superpathway.of.thiamine.diphosphate.biosynthesis.I
2025-05-12 16:21:15.897437 INFO::Fitting model to feature number 84, PYRIDNUCSYN.PWY..NAD.de.novo.biosynthesis.I..from.aspartate.
2025-05-12 16:21:15.898224 INFO::Fitting model to feature number 85, PWY.I9..L.cysteine.biosynthesis.VI..from.L.methionine.
2025-05-12 16:21:15.898931 INFO::Fitting model to feature number 86, PWY.7400..L.arginine.biosynthesis.IV..archaebacteria.
2025-05-12 16:21:15.899661 INFO::Fitting model to feature number 87, GLCMANNANAUT.PWY..superpathway.of.N.acetylglucosamine..N.acetylmannosamine.and.N.acetylneuraminate.degradation
2025-05-12 16:21:15.90039 INFO::Fitting model to feature number 88, PWY0.1586..peptidoglycan.maturation..meso.diaminopimelate.containing.
2025-05-12 16:21:15.901094 INFO::Fitting model to feature number 89, PWY.5121..superpathway.of.geranylgeranyl.diphosphate.biosynthesis.II..via.MEP.
2025-05-12 16:21:15.902002 INFO::Fitting model to feature number 90, PWY.6936..seleno.amino.acid.biosynthesis..plants.
2025-05-12 16:21:15.902804 INFO::Fitting model to feature number 91, GLUCONEO.PWY..gluconeogenesis.I
2025-05-12 16:21:15.903522 INFO::Fitting model to feature number 92, COLANSYN.PWY..colanic.acid.building.blocks.biosynthesis
2025-05-12 16:21:15.904246 INFO::Fitting model to feature number 93, GALACTUROCAT.PWY..D.galacturonate.degradation.I
2025-05-12 16:21:15.905062 INFO::Fitting model to feature number 94, PWY.6507..4.deoxy.L.threo.hex.4.enopyranuronate.degradation
2025-05-12 16:21:15.905892 INFO::Fitting model to feature number 95, PWY.7456...beta...1.4..mannan.degradation
2025-05-12 16:21:15.908352 INFO::Fitting model to feature number 96, PWY.5973..cis.vaccenate.biosynthesis
2025-05-12 16:21:15.909178 INFO::Fitting model to feature number 97, PWY.6292..superpathway.of.L.cysteine.biosynthesis..mammalian.
2025-05-12 16:21:15.909887 INFO::Fitting model to feature number 98, PWY.6703..preQ0.biosynthesis
2025-05-12 16:21:15.910604 INFO::Fitting model to feature number 99, PWY.7229..superpathway.of.adenosine.nucleotides.de.novo.biosynthesis.I
2025-05-12 16:21:15.911302 INFO::Fitting model to feature number 100, PWY.7242..D.fructuronate.degradation
2025-05-12 16:21:15.912009 INFO::Fitting model to feature number 101, PWY.6353..purine.nucleotides.degradation.II..aerobic.
2025-05-12 16:21:15.914405 INFO::Fitting model to feature number 102, GLUCUROCAT.PWY..superpathway.of..beta..D.glucuronosides.degradation
2025-05-12 16:21:15.92166 INFO::Fitting model to feature number 103, GLYCOLYSIS..glycolysis.I..from.glucose.6.phosphate.
2025-05-12 16:21:15.922707 INFO::Fitting model to feature number 104, FERMENTATION.PWY..mixed.acid.fermentation
2025-05-12 16:21:15.923565 INFO::Fitting model to feature number 105, ANAEROFRUCAT.PWY..homolactic.fermentation
2025-05-12 16:21:15.924265 INFO::Fitting model to feature number 106, PWY.7328..superpathway.of.UDP.glucose.derived.O.antigen.building.blocks.biosynthesis
2025-05-12 16:21:15.924949 INFO::Fitting model to feature number 107, PWY.6608..guanosine.nucleotides.degradation.III
2025-05-12 16:21:15.92575 INFO::Fitting model to feature number 108, PWY.7663..gondoate.biosynthesis..anaerobic.
2025-05-12 16:21:15.926583 INFO::Fitting model to feature number 109, ASPASN.PWY..superpathway.of.L.aspartate.and.L.asparagine.biosynthesis
2025-05-12 16:21:15.92728 INFO::Fitting model to feature number 110, PWY.1861..formaldehyde.assimilation.II..assimilatory.RuMP.Cycle.
2025-05-12 16:21:15.929655 INFO::Fitting model to feature number 111, PWY.5188..tetrapyrrole.biosynthesis.I..from.glutamate.
2025-05-12 16:21:15.930352 INFO::Fitting model to feature number 112, PWY.841..superpathway.of.purine.nucleotides.de.novo.biosynthesis.I
2025-05-12 16:21:15.931028 INFO::Fitting model to feature number 113, PWY.5154..L.arginine.biosynthesis.III..via.N.acetyl.L.citrulline.
2025-05-12 16:21:15.931712 INFO::Fitting model to feature number 114, PWY.702..L.methionine.biosynthesis.II
2025-05-12 16:21:15.932494 INFO::Fitting model to feature number 115, METH.ACETATE.PWY..methanogenesis.from.acetate
2025-05-12 16:21:15.935035 INFO::Fitting model to feature number 116, PWY.5384..sucrose.degradation.IV..sucrose.phosphorylase.
2025-05-12 16:21:15.93574 INFO::Fitting model to feature number 117, PWY.7234..inosine.5..phosphate.biosynthesis.III
2025-05-12 16:21:15.936421 INFO::Fitting model to feature number 118, PWY.5484..glycolysis.II..from.fructose.6.phosphate.
2025-05-12 16:21:15.937087 INFO::Fitting model to feature number 119, SALVADEHYPOX.PWY..adenosine.nucleotides.degradation.II
2025-05-12 16:21:15.939369 INFO::Fitting model to feature number 120, PWY.6895..superpathway.of.thiamine.diphosphate.biosynthesis.II
2025-05-12 16:21:15.940369 INFO::Fitting model to feature number 121, PWY.622..starch.biosynthesis
2025-05-12 16:21:15.942691 INFO::Fitting model to feature number 122, PWY0.162..superpathway.of.pyrimidine.ribonucleotides.de.novo.biosynthesis
2025-05-12 16:21:15.943438 INFO::Fitting model to feature number 123, PWY.621..sucrose.degradation.III..sucrose.invertase.
2025-05-12 16:21:15.944112 INFO::Fitting model to feature number 124, PWY.6901..superpathway.of.glucose.and.xylose.degradation
2025-05-12 16:21:15.944797 INFO::Fitting model to feature number 125, DAPLYSINESYN.PWY..L.lysine.biosynthesis.I
2025-05-12 16:21:15.945475 INFO::Fitting model to feature number 126, PWY.6731..starch.degradation.III
2025-05-12 16:21:15.946264 INFO::Fitting model to feature number 127, PWY.6630..superpathway.of.L.tyrosine.biosynthesis
2025-05-12 16:21:15.946946 INFO::Fitting model to feature number 128, PWY.7345..superpathway.of.anaerobic.sucrose.degradation
2025-05-12 16:21:15.947613 INFO::Fitting model to feature number 129, PWY.6126..superpathway.of.adenosine.nucleotides.de.novo.biosynthesis.II
2025-05-12 16:21:15.948283 INFO::Fitting model to feature number 130, PHOSLIPSYN.PWY..superpathway.of.phospholipid.biosynthesis.I..bacteria.
2025-05-12 16:21:15.948955 INFO::Fitting model to feature number 131, PENTOSE.P.PWY..pentose.phosphate.pathway
2025-05-12 16:21:15.949642 INFO::Fitting model to feature number 132, GLYCOCAT.PWY..glycogen.degradation.I
2025-05-12 16:21:15.950405 INFO::Fitting model to feature number 133, PWY.6549..L.glutamine.biosynthesis.III
2025-05-12 16:21:15.952861 INFO::Fitting model to feature number 134, PWY.7228..superpathway.of.guanosine.nucleotides.de.novo.biosynthesis.I
2025-05-12 16:21:15.953565 INFO::Fitting model to feature number 135, PWY.7282..4.amino.2.methyl.5.diphosphomethylpyrimidine.biosynthesis.II
2025-05-12 16:21:15.955813 INFO::Fitting model to feature number 136, PWY.6606..guanosine.nucleotides.degradation.II
2025-05-12 16:21:15.956688 INFO::Fitting model to feature number 137, PWY.4041...gamma..glutamyl.cycle
2025-05-12 16:21:15.957474 INFO::Fitting model to feature number 138, RHAMCAT.PWY..L.rhamnose.degradation.I
2025-05-12 16:21:15.958239 INFO::Fitting model to feature number 139, PWY.7761..NAD.salvage.pathway.II..PNC.IV.cycle.
2025-05-12 16:21:15.958908 INFO::Fitting model to feature number 140, PWY.6470..peptidoglycan.biosynthesis.V...beta..lactam.resistance.
2025-05-12 16:21:15.961286 INFO::Fitting model to feature number 141, PWY.6969..TCA.cycle.V..2.oxoglutarate.synthase.
2025-05-12 16:21:15.962051 INFO::Fitting model to feature number 142, P164.PWY..purine.nucleobases.degradation.I..anaerobic.
2025-05-12 16:21:15.96431 INFO::Fitting model to feature number 143, P461.PWY..hexitol.fermentation.to.lactate..formate..ethanol.and.acetate
2025-05-12 16:21:15.965006 INFO::Fitting model to feature number 144, GLYCOLYSIS.E.D..superpathway.of.glycolysis.and.the.Entner.Doudoroff.pathway
2025-05-12 16:21:15.965777 INFO::Fitting model to feature number 145, PWY.5676..acetyl.CoA.fermentation.to.butanoate.II
2025-05-12 16:21:15.968147 INFO::Fitting model to feature number 146, PWY.7208..superpathway.of.pyrimidine.nucleobases.salvage
2025-05-12 16:21:15.968852 INFO::Fitting model to feature number 147, HISDEG.PWY..L.histidine.degradation.I
2025-05-12 16:21:15.969533 INFO::Fitting model to feature number 148, PWY66.399..gluconeogenesis.III
2025-05-12 16:21:15.971735 INFO::Fitting model to feature number 149, PWY.7356..thiamine.diphosphate.salvage.IV..yeast.
2025-05-12 16:21:15.972444 INFO::Fitting model to feature number 150, PWY.6125..superpathway.of.guanosine.nucleotides.de.novo.biosynthesis.II
2025-05-12 16:21:15.973365 INFO::Fitting model to feature number 151, PWY.241..C4.photosynthetic.carbon.assimilation.cycle..NADP.ME.type
2025-05-12 16:21:15.974156 INFO::Fitting model to feature number 152, PWY.7117..C4.photosynthetic.carbon.assimilation.cycle..PEPCK.type
2025-05-12 16:21:15.975029 INFO::Fitting model to feature number 153, PWY.1269..CMP.3.deoxy.D.manno.octulosonate.biosynthesis
2025-05-12 16:21:15.976111 INFO::Fitting model to feature number 154, P441.PWY..superpathway.of.N.acetylneuraminate.degradation
2025-05-12 16:21:15.976857 INFO::Fitting model to feature number 155, PWY.2941..L.lysine.biosynthesis.II
2025-05-12 16:21:15.977563 INFO::Fitting model to feature number 156, PWY.5505..L.glutamate.and.L.glutamine.biosynthesis
2025-05-12 16:21:15.980171 INFO::Fitting model to feature number 157, PWY66.409..superpathway.of.purine.nucleotide.salvage
2025-05-12 16:21:15.980958 INFO::Fitting model to feature number 158, PWY.8004..Entner.Doudoroff.pathway.I
2025-05-12 16:21:15.981693 INFO::Fitting model to feature number 159, PWY.6147..6.hydroxymethyl.dihydropterin.diphosphate.biosynthesis.I
2025-05-12 16:21:15.982394 INFO::Fitting model to feature number 160, PWY.7383..anaerobic.energy.metabolism..invertebrates..cytosol.
2025-05-12 16:21:15.985 INFO::Fitting model to feature number 161, PWY4FS.8..phosphatidylglycerol.biosynthesis.II..non.plastidic.
2025-05-12 16:21:15.985714 INFO::Fitting model to feature number 162, PWY4FS.7..phosphatidylglycerol.biosynthesis.I..plastidic.
2025-05-12 16:21:15.986512 INFO::Fitting model to feature number 163, PWY.7323..superpathway.of.GDP.mannose.derived.O.antigen.building.blocks.biosynthesis
2025-05-12 16:21:15.98719 INFO::Fitting model to feature number 164, PWY0.1479..tRNA.processing
2025-05-12 16:21:15.987867 INFO::Fitting model to feature number 165, P124.PWY..Bifidobacterium.shunt
2025-05-12 16:21:15.99023 INFO::Fitting model to feature number 166, PWY.5971..palmitate.biosynthesis..type.II.fatty.acid.synthase.
2025-05-12 16:21:15.993107 INFO::Fitting model to feature number 167, FASYN.ELONG.PWY..fatty.acid.elongation....saturated
2025-05-12 16:21:15.99389 INFO::Fitting model to feature number 168, PWY.5913..partial.TCA.cycle..obligate.autotrophs.
2025-05-12 16:21:15.994717 INFO::Fitting model to feature number 169, BIOTIN.BIOSYNTHESIS.PWY..biotin.biosynthesis.I
2025-05-12 16:21:15.995416 INFO::Fitting model to feature number 170, ARG.POLYAMINE.SYN..superpathway.of.arginine.and.polyamine.biosynthesis
2025-05-12 16:21:15.996115 INFO::Fitting model to feature number 171, POLYISOPRENSYN.PWY..polyisoprenoid.biosynthesis..E..coli.
2025-05-12 16:21:15.99684 INFO::Fitting model to feature number 172, PWY.7664..oleate.biosynthesis.IV..anaerobic.
2025-05-12 16:21:15.997518 INFO::Fitting model to feature number 173, HEXITOLDEGSUPER.PWY..superpathway.of.hexitol.degradation..bacteria.
2025-05-12 16:21:15.999767 INFO::Fitting model to feature number 174, PWY.7220..adenosine.deoxyribonucleotides.de.novo.biosynthesis.II
2025-05-12 16:21:16.000588 INFO::Fitting model to feature number 175, PWY.7222..guanosine.deoxyribonucleotides.de.novo.biosynthesis.II
2025-05-12 16:21:16.001355 INFO::Fitting model to feature number 176, PWY.7198..pyrimidine.deoxyribonucleotides.de.novo.biosynthesis.IV
2025-05-12 16:21:16.00212 INFO::Fitting model to feature number 177, PWY.5265..peptidoglycan.biosynthesis.II..staphylococci.
2025-05-12 16:21:16.004343 INFO::Fitting model to feature number 178, PWY0.1061..superpathway.of.L.alanine.biosynthesis
2025-05-12 16:21:16.005044 INFO::Fitting model to feature number 179, PWY.6519..8.amino.7.oxononanoate.biosynthesis.I
2025-05-12 16:21:16.005732 INFO::Fitting model to feature number 180, GALACT.GLUCUROCAT.PWY..superpathway.of.hexuronide.and.hexuronate.degradation
2025-05-12 16:21:16.008326 INFO::Fitting model to feature number 181, PWY0.862...5Z..dodecenoate.biosynthesis.I
2025-05-12 16:21:16.009014 INFO::Fitting model to feature number 182, FUCCAT.PWY..fucose.degradation
2025-05-12 16:21:16.009697 INFO::Fitting model to feature number 183, PWY.6282..palmitoleate.biosynthesis.I..from..5Z..dodec.5.enoate.
2025-05-12 16:21:16.010375 INFO::Fitting model to feature number 184, PWY.7197..pyrimidine.deoxyribonucleotide.phosphorylation
2025-05-12 16:21:16.011048 INFO::Fitting model to feature number 185, PWY.6902..chitin.degradation.II..Vibrio.
2025-05-12 16:21:16.011716 INFO::Fitting model to feature number 186, PWY.5989..stearate.biosynthesis.II..bacteria.and.plants.
2025-05-12 16:21:16.012498 INFO::Fitting model to feature number 187, PWY0.845..superpathway.of.pyridoxal.5..phosphate.biosynthesis.and.salvage
2025-05-12 16:21:16.014753 INFO::Fitting model to feature number 188, FOLSYN.PWY..superpathway.of.tetrahydrofolate.biosynthesis.and.salvage
2025-05-12 16:21:16.015441 INFO::Fitting model to feature number 189, PWY1ZNC.1..assimilatory.sulfate.reduction.IV
2025-05-12 16:21:16.016139 INFO::Fitting model to feature number 190, PWY.5497..purine.nucleobases.degradation.II..anaerobic.
2025-05-12 16:21:16.018539 INFO::Fitting model to feature number 191, PWY.7115..C4.photosynthetic.carbon.assimilation.cycle..NAD.ME.type
2025-05-12 16:21:16.019234 INFO::Fitting model to feature number 192, PWY.6607..guanosine.nucleotides.degradation.I
2025-05-12 16:21:16.021564 INFO::Fitting model to feature number 193, ARGININE.SYN4.PWY..L.ornithine.biosynthesis.II
2025-05-12 16:21:16.022347 INFO::Fitting model to feature number 194, P185.PWY..formaldehyde.assimilation.III..dihydroxyacetone.cycle.
2025-05-12 16:21:16.02317 INFO::Fitting model to feature number 195, PWY.8187..L.arginine.degradation.XIII..reductive.Stickland.reaction.
2025-05-12 16:21:16.023856 INFO::Fitting model to feature number 196, PWY.5030..L.histidine.degradation.III
2025-05-12 16:21:16.026064 INFO::Fitting model to feature number 197, PWY0.1261..anhydromuropeptides.recycling.I
2025-05-12 16:21:16.026757 INFO::Fitting model to feature number 198, PWY.6595..superpathway.of.guanosine.nucleotides.degradation..plants.
2025-05-12 16:21:16.029077 INFO::Fitting model to feature number 199, PWY0.1297..superpathway.of.purine.deoxyribonucleosides.degradation
2025-05-12 16:21:16.029786 INFO::Fitting model to feature number 200, PWY.7211..superpathway.of.pyrimidine.deoxyribonucleotides.de.novo.biosynthesis
2025-05-12 16:21:16.030463 INFO::Fitting model to feature number 201, PWY.7392..taxadiene.biosynthesis..engineered.
2025-05-12 16:21:16.031128 INFO::Fitting model to feature number 202, PWY.5345..superpathway.of.L.methionine.biosynthesis..by.sulfhydrylation.
2025-05-12 16:21:16.033351 INFO::Fitting model to feature number 203, PYRIDOXSYN.PWY..pyridoxal.5..phosphate.biosynthesis.I
2025-05-12 16:21:16.035751 INFO::Fitting model to feature number 204, GOLPDLCAT.PWY..superpathway.of.glycerol.degradation.to.1.3.propanediol
2025-05-12 16:21:16.036564 INFO::Fitting model to feature number 205, POLYAMSYN.PWY..superpathway.of.polyamine.biosynthesis.I
2025-05-12 16:21:16.037236 INFO::Fitting model to feature number 206, FUC.RHAMCAT.PWY..superpathway.of.fucose.and.rhamnose.degradation
2025-05-12 16:21:16.037913 INFO::Fitting model to feature number 207, PWY.6612..superpathway.of.tetrahydrofolate.biosynthesis
2025-05-12 16:21:16.038596 INFO::Fitting model to feature number 208, SULFATE.CYS.PWY..superpathway.of.sulfate.assimilation.and.cysteine.biosynthesis
2025-05-12 16:21:16.041115 INFO::Fitting model to feature number 209, P42.PWY..incomplete.reductive.TCA.cycle
2025-05-12 16:21:16.04182 INFO::Fitting model to feature number 210, PYRIDNUCSAL.PWY..NAD.salvage.pathway.I..PNC.VI.cycle.
2025-05-12 16:21:16.04431 INFO::Fitting model to feature number 211, CITRULBIO.PWY..L.citrulline.biosynthesis
2025-05-12 16:21:16.045062 INFO::Fitting model to feature number 212, PPGPPMET.PWY..ppGpp.metabolism
2025-05-12 16:21:16.045765 INFO::Fitting model to feature number 213, LACTOSECAT.PWY..lactose.and.galactose.degradation.I
2025-05-12 16:21:16.048156 INFO::Fitting model to feature number 214, GALACTITOLCAT.PWY..galactitol.degradation
2025-05-12 16:21:16.05035 INFO::Fitting model to feature number 215, NAGLIPASYN.PWY..lipid.IVA.biosynthesis..E..coli.
2025-05-12 16:21:16.051042 INFO::Fitting model to feature number 216, PWY.8073..lipid.IVA.biosynthesis..P..putida.
2025-05-12 16:21:16.051994 INFO::Fitting model to feature number 217, FASYN.INITIAL.PWY..superpathway.of.fatty.acid.biosynthesis.initiation..E..coli.
2025-05-12 16:21:16.054189 INFO::Fitting model to feature number 218, RUMP.PWY..formaldehyde.oxidation.I
2025-05-12 16:21:16.056396 INFO::Fitting model to feature number 219, PWY.4984..urea.cycle
2025-05-12 16:21:16.058837 INFO::Fitting model to feature number 220, PWY0.781..aspartate.superpathway
2025-05-12 16:21:16.061128 INFO::Fitting model to feature number 221, PWY.7210..pyrimidine.deoxyribonucleotides.biosynthesis.from.CTP
2025-05-12 16:21:16.061896 INFO::Fitting model to feature number 222, PWY3O.4107..NAD.salvage.pathway.V..PNC.V.cycle.
2025-05-12 16:21:16.064209 INFO::Fitting model to feature number 223, PWY.6545..pyrimidine.deoxyribonucleotides.de.novo.biosynthesis.III
2025-05-12 16:21:16.064901 INFO::Fitting model to feature number 224, PWY.7184..pyrimidine.deoxyribonucleotides.de.novo.biosynthesis.I
2025-05-12 16:21:16.065577 INFO::Fitting model to feature number 225, PWY.6168..flavin.biosynthesis.III..fungi.
2025-05-12 16:21:16.067794 INFO::Fitting model to feature number 226, PWY0.1298..superpathway.of.pyrimidine.deoxyribonucleosides.degradation
2025-05-12 16:21:16.068619 INFO::Fitting model to feature number 227, P4.PWY..superpathway.of.L.lysine..L.threonine.and.L.methionine.biosynthesis.I
2025-05-12 16:21:16.07102 INFO::Fitting model to feature number 228, PWY.5136..fatty.acid..beta..oxidation.II..plant.peroxisome.
2025-05-12 16:21:16.071972 INFO::Fitting model to feature number 229, PWY0.1477..ethanolamine.utilization
2025-05-12 16:21:16.072737 INFO::Fitting model to feature number 230, PWY.5005..biotin.biosynthesis.II
2025-05-12 16:21:16.07347 INFO::Fitting model to feature number 231, PWY.6165..chorismate.biosynthesis.II..archaea.
2025-05-12 16:21:16.076204 INFO::Fitting model to feature number 232, PWY.6906..chitin.derivatives.degradation
2025-05-12 16:21:16.078659 INFO::Fitting model to feature number 233, PWY.7185..UTP.and.CTP.dephosphorylation.I
2025-05-12 16:21:16.079428 INFO::Fitting model to feature number 234, PWY.6305..superpathway.of.putrescine.biosynthesis
2025-05-12 16:21:16.080295 INFO::Fitting model to feature number 235, PWY.8131..5..deoxyadenosine.degradation.II
2025-05-12 16:21:16.080997 INFO::Fitting model to feature number 236, PWY.6590..superpathway.of.Clostridium.acetobutylicum.acidogenic.fermentation
2025-05-12 16:21:16.08327 INFO::Fitting model to feature number 237, PWY.6285..superpathway.of.fatty.acids.biosynthesis..E..coli.
2025-05-12 16:21:16.085626 INFO::Fitting model to feature number 238, GLUDEG.I.PWY..GABA.shunt
2025-05-12 16:21:16.087802 INFO::Fitting model to feature number 239, PWY.7013...S..propane.1.2.diol.degradation
2025-05-12 16:21:16.08852 INFO::Fitting model to feature number 240, PWY.5022..4.aminobutanoate.degradation.V
2025-05-12 16:21:16.090848 INFO::Fitting model to feature number 241, PWY0.1241..ADP.L.glycero..beta..D.manno.heptose.biosynthesis
2025-05-12 16:21:16.093486 INFO::Fitting model to feature number 242, PWY.6284..superpathway.of.unsaturated.fatty.acids.biosynthesis..E..coli.
2025-05-12 16:21:16.095851 INFO::Fitting model to feature number 243, SO4ASSIM.PWY..assimilatory.sulfate.reduction.I
2025-05-12 16:21:16.098136 INFO::Fitting model to feature number 244, PWY.6859..all.trans.farnesol.biosynthesis
2025-05-12 16:21:16.098858 INFO::Fitting model to feature number 245, PWY.5130..2.oxobutanoate.degradation.I
2025-05-12 16:21:16.101068 INFO::Fitting model to feature number 246, TCA..TCA.cycle.I..prokaryotic.
2025-05-12 16:21:16.103529 INFO::Fitting model to feature number 247, CENTFERM.PWY..pyruvate.fermentation.to.butanoate
2025-05-12 16:21:16.105713 INFO::Fitting model to feature number 248, PWY.821..superpathway.of.sulfur.amino.acid.biosynthesis..Saccharomyces.cerevisiae.
2025-05-12 16:21:16.107863 INFO::Fitting model to feature number 249, GALACTARDEG.PWY..D.galactarate.degradation.I
2025-05-12 16:21:16.110308 INFO::Fitting model to feature number 250, GLUCARGALACTSUPER.PWY..superpathway.of.D.glucarate.and.D.galactarate.degradation
2025-05-12 16:21:16.112504 INFO::Fitting model to feature number 251, PWY.5981..CDP.diacylglycerol.biosynthesis.III
2025-05-12 16:21:16.11324 INFO::Fitting model to feature number 252, MET.SAM.PWY..superpathway.of.S.adenosyl.L.methionine.biosynthesis
2025-05-12 16:21:16.115505 INFO::Fitting model to feature number 253, PWY.6167..flavin.biosynthesis.II..archaea.
2025-05-12 16:21:16.117681 INFO::Fitting model to feature number 254, PWY.5347..superpathway.of.L.methionine.biosynthesis..transsulfuration.
2025-05-12 16:21:16.120034 INFO::Fitting model to feature number 255, POLYAMINSYN3.PWY..superpathway.of.polyamine.biosynthesis.II
2025-05-12 16:21:16.122175 INFO::Fitting model to feature number 256, PWY.5189..tetrapyrrole.biosynthesis.II..from.glycine.
2025-05-12 16:21:16.124332 INFO::Fitting model to feature number 257, METSYN.PWY..superpathway.of.L.homoserine.and.L.methionine.biosynthesis
2025-05-12 16:21:16.126731 INFO::Fitting model to feature number 258, PWY.561..superpathway.of.glyoxylate.cycle.and.fatty.acid.degradation
2025-05-12 16:21:16.129235 INFO::Fitting model to feature number 259, GLYOXYLATE.BYPASS..glyoxylate.cycle
2025-05-12 16:21:16.131488 INFO::Fitting model to feature number 260, PWY.5918..superpathway.of.heme.b.biosynthesis.from.glutamate
2025-05-12 16:21:16.133768 INFO::Fitting model to feature number 261, PWY.6588..pyruvate.fermentation.to.acetone
2025-05-12 16:21:16.13629 INFO::Fitting model to feature number 262, PWY.6349..CDP.archaeol.biosynthesis
2025-05-12 16:21:16.138573 INFO::Fitting model to feature number 263, PWY4LZ.257..superpathway.of.fermentation..Chlamydomonas.reinhardtii.
2025-05-12 16:21:16.139304 INFO::Fitting model to feature number 264, TCA.GLYOX.BYPASS..superpathway.of.glyoxylate.bypass.and.TCA
2025-05-12 16:21:16.141676 INFO::Fitting model to feature number 265, HEMESYN2.PWY..heme.b.biosynthesis.II..oxygen.independent.
2025-05-12 16:21:16.142391 INFO::Fitting model to feature number 266, PWY.7286..7..3.amino.3.carboxypropyl..wyosine.biosynthesis
2025-05-12 16:21:16.144874 INFO::Fitting model to feature number 267, GLUCARDEG.PWY..D.glucarate.degradation.I
2025-05-12 16:21:16.14714 INFO::Fitting model to feature number 268, PWY.6531..mannitol.cycle
2025-05-12 16:21:16.149371 INFO::Fitting model to feature number 269, PWY.6160..3.dehydroquinate.biosynthesis.II..archaea.
2025-05-12 16:21:16.151801 INFO::Fitting model to feature number 270, PWY.5675..nitrate.reduction.V..assimilatory.
2025-05-12 16:21:16.154154 INFO::Fitting model to feature number 271, PWY.7254..TCA.cycle.VII..acetate.producers.
2025-05-12 16:21:16.156342 INFO::Fitting model to feature number 272, METHANOGENESIS.PWY..methanogenesis.from.H2.and.CO2
2025-05-12 16:21:16.158525 INFO::Fitting model to feature number 273, PWY.6293..superpathway.of.L.cysteine.biosynthesis..fungi.
2025-05-12 16:21:16.160937 INFO::Fitting model to feature number 274, PWY.5690..TCA.cycle.II..plants.and.fungi.
2025-05-12 16:21:16.163076 INFO::Fitting model to feature number 275, PWY.6350..archaetidylinositol.biosynthesis
2025-05-12 16:21:16.165237 INFO::Fitting model to feature number 276, P161.PWY..acetylene.degradation..anaerobic.
2025-05-12 16:21:16.166048 INFO::Fitting model to feature number 277, PWY.5994..palmitate.biosynthesis..type.I.fatty.acid.synthase.
2025-05-12 16:21:16.168328 INFO::Fitting model to feature number 278, NAD.BIOSYNTHESIS.II..NAD.salvage.pathway.III..to.nicotinamide.riboside.
2025-05-12 16:21:16.170536 INFO::Fitting model to feature number 279, PWY.7315..dTDP.N.acetylthomosamine.biosynthesis
2025-05-12 16:21:16.181535 INFO::Fitting model to feature number 280, PWY.5198..factor.420.biosynthesis.II..mycobacteria.
2025-05-12 16:21:16.184001 INFO::Fitting model to feature number 281, PWY.8112..factor.420.biosynthesis.I..archaea.
2025-05-12 16:21:16.18646 INFO::Fitting model to feature number 282, PWY.8113..3PG.factor.420.biosynthesis
2025-05-12 16:21:16.188786 INFO::Fitting model to feature number 283, PWY.7118..chitin.deacetylation
2025-05-12 16:21:16.191024 INFO::Fitting model to feature number 284, PWY.7312..dTDP..beta..D.fucofuranose.biosynthesis
2025-05-12 16:21:16.193578 INFO::Fitting model to feature number 285, HOMOSER.METSYN.PWY..L.methionine.biosynthesis.I
2025-05-12 16:21:16.195896 INFO::Fitting model to feature number 286, ORNDEG.PWY..superpathway.of.ornithine.degradation
2025-05-12 16:21:16.198178 INFO::Fitting model to feature number 287, PWY.6992..1.5.anhydrofructose.degradation
2025-05-12 16:21:16.200407 INFO::Fitting model to feature number 288, PWY.7385..1.3.propanediol.biosynthesis..engineered.
2025-05-12 16:21:16.202846 INFO::Fitting model to feature number 289, PWY.5209..methyl.coenzyme.M.oxidation.to.CO2
2025-05-12 16:21:16.205028 INFO::Fitting model to feature number 290, PWY.5920..superpathway.of.heme.b.biosynthesis.from.glycine
2025-05-12 16:21:16.207214 INFO::Fitting model to feature number 291, PWY.5367..petroselinate.biosynthesis
2025-05-12 16:21:16.209431 INFO::Fitting model to feature number 292, P125.PWY..superpathway.of..R.R..butanediol.biosynthesis
2025-05-12 16:21:16.211833 INFO::Fitting model to feature number 293, PWY.5723..Rubisco.shunt
2025-05-12 16:21:16.21405 INFO::Fitting model to feature number 294, PWY.822..fructan.biosynthesis
2025-05-12 16:21:16.21633 INFO::Fitting model to feature number 295, PWY66.391..fatty.acid..beta..oxidation.VI..mammalian.peroxisome.
2025-05-12 16:21:16.218647 INFO::Fitting model to feature number 296, PWY.5004..superpathway.of.L.citrulline.metabolism
2025-05-12 16:21:16.220794 INFO::Fitting model to feature number 297, HEME.BIOSYNTHESIS.II..heme.b.biosynthesis.I..aerobic.
2025-05-12 16:21:16.222969 INFO::Fitting model to feature number 298, HEME.BIOSYNTHESIS.II.1..heme.b.biosynthesis.V..aerobic.
2025-05-12 16:21:16.225172 INFO::Fitting model to feature number 299, PWY.801..homocysteine.and.cysteine.interconversion
2025-05-12 16:21:16.227616 INFO::Fitting model to feature number 300, ALLANTOINDEG.PWY..superpathway.of.allantoin.degradation.in.yeast
2025-05-12 16:21:16.229961 INFO::Fitting model to feature number 301, P108.PWY..pyruvate.fermentation.to.propanoate.I
2025-05-12 16:21:16.232154 INFO::Fitting model to feature number 302, REDCITCYC..TCA.cycle.VI..Helicobacter.
2025-05-12 16:21:16.234371 INFO::Fitting model to feature number 303, P105.PWY..TCA.cycle.IV..2.oxoglutarate.decarboxylase.
2025-05-12 16:21:16.236722 INFO::Fitting model to feature number 304, PWY.6572..chondroitin.sulfate.degradation.I..bacterial.
2025-05-12 16:21:16.238888 INFO::Fitting model to feature number 305, PWY.6922..L.N.delta..acetylornithine.biosynthesis
2025-05-12 16:21:16.24124 INFO::Fitting model to feature number 306, PWY0.1277..3.phenylpropanoate.and.3..3.hydroxyphenyl.propanoate.degradation
2025-05-12 16:21:16.244189 INFO::Fitting model to feature number 307, PWY0.1415..superpathway.of.heme.b.biosynthesis.from.uroporphyrinogen.III
2025-05-12 16:21:16.246815 INFO::Fitting model to feature number 308, PWY.7942..5.oxo.L.proline.metabolism
2025-05-12 16:21:16.249228 INFO::Fitting model to feature number 309, PWY66.389..phytol.degradation
2025-05-12 16:21:16.251573 INFO::Fitting model to feature number 310, PWY.7883..anhydromuropeptides.recycling.II
2025-05-12 16:21:16.253975 INFO::Fitting model to feature number 311, P23.PWY..reductive.TCA.cycle.I
2025-05-12 16:21:16.256151 INFO::Fitting model to feature number 312, PWY0.301..L.ascorbate.degradation.I..bacterial..anaerobic.
2025-05-12 16:21:16.258447 INFO::Fitting model to feature number 313, PWY.7858...5Z..dodecenoate.biosynthesis.II
2025-05-12 16:21:16.260902 INFO::Fitting model to feature number 314, PWY.5910..superpathway.of.geranylgeranyldiphosphate.biosynthesis.I..via.mevalonate.
2025-05-12 16:21:16.263452 INFO::Fitting model to feature number 315, FAO.PWY..fatty.acid..beta..oxidation.I..generic.
2025-05-12 16:21:16.265896 INFO::Fitting model to feature number 316, PWY0.166..superpathway.of.pyrimidine.deoxyribonucleotides.de.novo.biosynthesis..E..coli.
2025-05-12 16:21:16.268331 INFO::Fitting model to feature number 317, PWY.922..mevalonate.pathway.I..eukaryotes.and.bacteria.
2025-05-12 16:21:16.270652 INFO::Fitting model to feature number 318, PWY.6174..mevalonate.pathway.II..haloarchaea.
2025-05-12 16:21:16.273004 INFO::Fitting model to feature number 319, PWY.8125..mevalonate.pathway.IV..archaea.
2025-05-12 16:21:16.275185 INFO::Fitting model to feature number 320, PWY.6478..GDP.D.glycero..alpha..D.manno.heptose.biosynthesis
2025-05-12 16:21:16.277664 INFO::Fitting model to feature number 321, PWY.7688..dTDP..alpha..D.ravidosamine.and.dTDP.4.acetyl..alpha..D.ravidosamine.biosynthesis
2025-05-12 16:21:16.280057 INFO::Fitting model to feature number 322, PWY490.3..nitrate.reduction.VI..assimilatory.
2025-05-12 16:21:16.282248 INFO::Fitting model to feature number 323, PWY66.367..ketogenesis
2025-05-12 16:21:16.284621 INFO::Fitting model to feature number 324, HCAMHPDEG.PWY..3.phenylpropanoate.and.3..3.hydroxyphenyl.propanoate.degradation.to.2.hydroxypentadienoate
2025-05-12 16:21:16.286923 INFO::Fitting model to feature number 325, PWY.6690..cinnamate.and.3.hydroxycinnamate.degradation.to.2.hydroxypentadienoate
2025-05-12 16:21:16.289098 INFO::Fitting model to feature number 326, PWY.6953..dTDP.3.acetamido..alpha..D.fucose.biosynthesis
2025-05-12 16:21:16.291305 INFO::Fitting model to feature number 327, PWY.5138..fatty.acid..beta..oxidation.IV..unsaturated..even.number.
2025-05-12 16:21:16.293519 INFO::Fitting model to feature number 328, METHGLYUT.PWY..superpathway.of.methylglyoxal.degradation
2025-05-12 16:21:16.294425 INFO::Fitting model to feature number 329, PWY.7391..isoprene.biosynthesis.II..engineered.
2025-05-12 16:21:16.29667 INFO::Fitting model to feature number 330, AST.PWY..L.arginine.degradation.II..AST.pathway.
2025-05-12 16:21:16.299029 INFO::Fitting model to feature number 331, PWY.7807..glyphosate.degradation.III
2025-05-12 16:21:16.301481 INFO::Fitting model to feature number 332, PWY0.1338..polymyxin.resistance
2025-05-12 16:21:16.3037 INFO::Fitting model to feature number 333, PWY.6803..phosphatidylcholine.acyl.editing
2025-05-12 16:21:16.305854 INFO::Fitting model to feature number 334, P163.PWY..L.lysine.fermentation.to.acetate.and.butanoate
2025-05-12 16:21:16.307973 INFO::Fitting model to feature number 335, PWY.7723..bacterial.bioluminescence
2025-05-12 16:21:16.310108 INFO::Fitting model to feature number 336, AEROBACTINSYN.PWY..aerobactin.biosynthesis
2025-05-12 16:21:16.312479 INFO::Fitting model to feature number 337, KDO.NAGLIPASYN.PWY..superpathway.of..Kdo.2.lipid.A.biosynthesis
2025-05-12 16:21:16.314808 INFO::Fitting model to feature number 338, PWY.5464..superpathway.of.cytosolic.glycolysis..plants...pyruvate.dehydrogenase.and.TCA.cycle
2025-05-12 16:21:16.316941 INFO::Fitting model to feature number 339, PWY.7409..phospholipid.remodeling..phosphatidylethanolamine..yeast.
2025-05-12 16:21:16.319301 INFO::Fitting model to feature number 340, PWY.6961..L.ascorbate.degradation.II..bacterial..aerobic.
2025-05-12 16:21:16.321461 INFO::Fitting model to feature number 341, PWY.7340..9.cis..11.trans.octadecadienoyl.CoA.degradation..isomerase.dependent..yeast.
2025-05-12 16:21:16.323593 INFO::Fitting model to feature number 342, GLYCOLYSIS.TCA.GLYOX.BYPASS..superpathway.of.glycolysis..pyruvate.dehydrogenase..TCA..and.glyoxylate.bypass
2025-05-12 16:21:16.325859 INFO::Fitting model to feature number 343, PWY0.1533..methylphosphonate.degradation.I
2025-05-12 16:21:16.328179 INFO::Fitting model to feature number 344, PROTOCATECHUATE.ORTHO.CLEAVAGE.PWY..protocatechuate.degradation.II..ortho.cleavage.pathway.
2025-05-12 16:21:16.330388 INFO::Fitting model to feature number 345, P621.PWY..nylon.6.oligomer.degradation
2025-05-12 16:21:16.332529 INFO::Fitting model to feature number 346, LIPASYN.PWY..phospholipases
2025-05-12 16:21:16.334851 INFO::Fitting model to feature number 347, KETOGLUCONMET.PWY..ketogluconate.metabolism
2025-05-12 16:21:16.337021 INFO::Fitting model to feature number 348, PWY.7783..plasmalogen.degradation
2025-05-12 16:21:16.339235 INFO::Fitting model to feature number 349, PWY.7269..mitochondrial.NADPH.production..yeast.
2025-05-12 16:21:16.341385 INFO::Fitting model to feature number 350, PWY.7805...aminomethyl.phosphonate.degradation
2025-05-12 16:21:16.343482 INFO::Fitting model to feature number 351, PWY.5972..stearate.biosynthesis.I..animals.
2025-05-12 16:21:16.345811 INFO::Fitting model to feature number 352, PWY0.1337..oleate..beta..oxidation
2025-05-12 16:21:16.348008 INFO::Fitting model to feature number 353, PWY0.1221..putrescine.degradation.II
2025-05-12 16:21:16.350165 INFO::Fitting model to feature number 354, PWY.7094..fatty.acid.salvage
2025-05-12 16:21:16.352666 INFO::Fitting model to feature number 355, PWY.7209..superpathway.of.pyrimidine.ribonucleosides.degradation
2025-05-12 16:21:16.354775 INFO::Fitting model to feature number 356, PWY.7196..superpathway.of.pyrimidine.ribonucleosides.salvage
2025-05-12 16:21:16.356885 INFO::Fitting model to feature number 357, PRPP.PWY..superpathway.of.histidine..purine..and.pyrimidine.biosynthesis
2025-05-12 16:21:16.359016 INFO::Fitting model to feature number 358, PWY.8188..L.alanine.degradation.VI..reductive.Stickland.reaction.
2025-05-12 16:21:16.361172 INFO::Fitting model to feature number 359, PWY.8189..L.alanine.degradation.V..oxidative.Stickland.reaction.
2025-05-12 16:21:16.363611 INFO::Fitting model to feature number 360, PROPFERM.PWY..superpathway.of.L.alanine.fermentation..Stickland.reaction.
2025-05-12 16:21:16.365882 INFO::Fitting model to feature number 361, P261.PWY..coenzyme.M.biosynthesis.I
2025-05-12 16:21:16.368073 INFO::Fitting model to feature number 362, DENOVOPURINE2.PWY..superpathway.of.purine.nucleotides.de.novo.biosynthesis.II
2025-05-12 16:21:16.370409 INFO::Fitting model to feature number 363, PWY.6435..4.hydroxybenzoate.biosynthesis.III..plants.
2025-05-12 16:21:16.372558 INFO::Fitting model to feature number 364, PWY.5494..pyruvate.fermentation.to.propanoate.II..acrylate.pathway.
2025-05-12 16:21:16.374706 INFO::Fitting model to feature number 365, PWY.5104..L.isoleucine.biosynthesis.IV
2025-05-12 16:21:16.376836 INFO::Fitting model to feature number 366, PWY.7187..pyrimidine.deoxyribonucleotides.de.novo.biosynthesis.II
2025-05-12 16:21:16.379104 INFO::Fitting model to feature number 367, PWY.6143..CMP.pseudaminate.biosynthesis
2025-05-12 16:21:16.381525 INFO::Fitting model to feature number 368, PWY.3781..aerobic.respiration.I..cytochrome.c.
2025-05-12 16:21:16.383697 INFO::Fitting model to feature number 369, PWY.5897..superpathway.of.menaquinol.11.biosynthesis
2025-05-12 16:21:16.386075 INFO::Fitting model to feature number 370, PWY.5898..superpathway.of.menaquinol.12.biosynthesis
2025-05-12 16:21:16.388229 INFO::Fitting model to feature number 371, PWY.5899..superpathway.of.menaquinol.13.biosynthesis
2025-05-12 16:21:16.390363 INFO::Fitting model to feature number 372, PWY.5840..superpathway.of.menaquinol.7.biosynthesis
2025-05-12 16:21:16.392621 INFO::Fitting model to feature number 373, PWY.5838..superpathway.of.menaquinol.8.biosynthesis.I
2025-05-12 16:21:16.394948 INFO::Fitting model to feature number 374, PWY.5845..superpathway.of.menaquinol.9.biosynthesis
2025-05-12 16:21:16.397288 INFO::Fitting model to feature number 375, PWY.5850..superpathway.of.menaquinol.6.biosynthesis
2025-05-12 16:21:16.399456 INFO::Fitting model to feature number 376, PWY.5896..superpathway.of.menaquinol.10.biosynthesis
2025-05-12 16:21:16.401846 INFO::Fitting model to feature number 377, P122.PWY..heterolactic.fermentation
2025-05-12 16:21:16.404001 INFO::Fitting model to feature number 378, PWY.5861..superpathway.of.demethylmenaquinol.8.biosynthesis.I
2025-05-12 16:21:16.406277 INFO::Fitting model to feature number 379, PWY.5860..superpathway.of.demethylmenaquinol.6.biosynthesis.I
2025-05-12 16:21:16.408757 INFO::Fitting model to feature number 380, PWY.5862..superpathway.of.demethylmenaquinol.9.biosynthesis
2025-05-12 16:21:16.411385 INFO::Fitting model to feature number 381, PWY.5837..2.carboxy.1.4.naphthoquinol.biosynthesis
2025-05-12 16:21:16.414258 INFO::Fitting model to feature number 382, PWY.6518..bile.acids.epimerization
2025-05-12 16:21:16.416673 INFO::Fitting model to feature number 383, P221.PWY..octane.oxidation
2025-05-12 16:21:16.419148 INFO::Fitting model to feature number 384, PWY.5656..mannosylglycerate.biosynthesis.I
2025-05-12 16:21:16.432041 INFO::Fitting model to feature number 385, PWY.6876..isopropanol.biosynthesis..engineered.
2025-05-12 16:21:16.434439 INFO::Fitting model to feature number 386, PWY.5392..reductive.TCA.cycle.II
2025-05-12 16:21:16.437258 INFO::Fitting model to feature number 387, PWY.7204..pyridoxal.5..phosphate.salvage.II..plants.
2025-05-12 16:21:16.439563 INFO::Fitting model to feature number 388, PWY0.42..2.methylcitrate.cycle.I
2025-05-12 16:21:16.441857 INFO::Fitting model to feature number 389, PWY.6749..CMP.legionaminate.biosynthesis.I
2025-05-12 16:21:16.444207 INFO::Fitting model to feature number 390, PWY.7434..terminal.O.glycans.residues.modification..via.type.2.precursor.disaccharide.
2025-05-12 16:21:16.446585 INFO::Fitting model to feature number 391, ECASYN.PWY..enterobacterial.common.antigen.biosynthesis
2025-05-12 16:21:16.44884 INFO::Fitting model to feature number 392, PWY.7616..methanol.oxidation.to.carbon.dioxide
2025-05-12 16:21:16.451065 INFO::Fitting model to feature number 393, PWY.5747..2.methylcitrate.cycle.II
2025-05-12 16:21:16.453439 INFO::Fitting model to feature number 394, CHLOROPHYLL.SYN..3.8.divinyl.chlorophyllide.a.biosynthesis.I..aerobic..light.dependent.
2025-05-12 16:21:16.455632 INFO::Fitting model to feature number 395, PWY.7159..3.8.divinyl.chlorophyllide.a.biosynthesis.III..aerobic..light.independent.
2025-05-12 16:21:16.457797 INFO::Fitting model to feature number 396, PWY.6807..xyloglucan.degradation.II..exoglucanase.
2025-05-12 16:21:16.46039 INFO::Fitting model to feature number 397, PWY.5677..succinate.fermentation.to.butanoate
2025-05-12 16:21:16.462532 INFO::Fitting model to feature number 398, PWY.7992..superpathway.of.menaquinol.8.biosynthesis.III
2025-05-12 16:21:16.464725 INFO::Fitting model to feature number 399, PWY.7031..protein.N.glycosylation..bacterial.
2025-05-12 16:21:16.466895 INFO::Fitting model to feature number 400, PWY.6920..6.gingerol.analog.biosynthesis..engineered.
2025-05-12 16:21:16.469214 INFO::Fitting model to feature number 401, PWY.7371..1.4.dihydroxy.6.naphthoate.biosynthesis.II
2025-05-12 16:21:16.471346 INFO::Fitting model to feature number 402, PWY.7316..dTDP.N.acetylviosamine.biosynthesis
2025-05-12 16:21:16.473645 INFO::Fitting model to feature number 403, PWY.5180..toluene.degradation.I..aerobic...via.o.cresol.
2025-05-12 16:21:16.476024 INFO::Fitting model to feature number 404, PWY.6562..norspermidine.biosynthesis
2025-05-12 16:21:16.47819 INFO::Fitting model to feature number 405, LIPA.CORESYN.PWY..lipid.A.core.biosynthesis..E..coli.K.12.
2025-05-12 16:21:16.480372 INFO::Fitting model to feature number 406, PWY.5415..catechol.degradation.I..meta.cleavage.pathway.
2025-05-12 16:21:16.482495 INFO::Fitting model to feature number 407, X3.HYDROXYPHENYLACETATE.DEGRADATION.PWY..4.hydroxyphenylacetate.degradation
2025-05-12 16:21:16.484819 INFO::Fitting model to feature number 408, PWY.5705..allantoin.degradation.to.glyoxylate.III
2025-05-12 16:21:16.48708 INFO::Fitting model to feature number 409, PWY.5692..allantoin.degradation.to.glyoxylate.II
2025-05-12 16:21:16.489191 INFO::Fitting model to feature number 410, URDEGR.PWY..superpathway.of.allantoin.degradation.in.plants
2025-05-12 16:21:16.49129 INFO::Fitting model to feature number 411, PWY.6328..L.lysine.degradation.X
2025-05-12 16:21:16.493468 INFO::Fitting model to feature number 412, PWY0.41..allantoin.degradation.IV..anaerobic.
2025-05-12 16:21:16.495919 INFO::Fitting model to feature number 413, PWY.7446..sulfoquinovose.degradation.I
2025-05-12 16:21:16.49818 INFO::Fitting model to feature number 414, PWY66.430..myristate.biosynthesis..mitochondria.
2025-05-12 16:21:16.500687 INFO::Fitting model to feature number 415, PWY.7388..octanoyl..acyl.carrier.protein..biosynthesis..mitochondria..yeast.
2025-05-12 16:21:16.502972 INFO::Fitting model to feature number 416, PWY.6471..peptidoglycan.biosynthesis.IV..Enterococcus.faecium.
2025-05-12 16:21:16.505118 INFO::Fitting model to feature number 417, PWY.5855..ubiquinol.7.biosynthesis..early.decarboxylation.
2025-05-12 16:21:16.507346 INFO::Fitting model to feature number 418, UDPNACETYLGALSYN.PWY..UDP.N.acetyl.D.glucosamine.biosynthesis.II
2025-05-12 16:21:16.50958 INFO::Fitting model to feature number 419, DARABCATK12.PWY..D.arabinose.degradation.I
2025-05-12 16:21:16.512001 INFO::Fitting model to feature number 420, PWY.7279..aerobic.respiration.II..cytochrome.c...yeast.
2025-05-12 16:21:16.514333 INFO::Fitting model to feature number 421, PWY.7039..phosphatidate.metabolism..as.a.signaling.molecule
2025-05-12 16:21:16.51647 INFO::Fitting model to feature number 422, PWY.5028..L.histidine.degradation.II
2025-05-12 16:21:16.518911 INFO::Fitting model to feature number 423, ARGDEG.PWY..superpathway.of.L.arginine..putrescine..and.4.aminobutanoate.degradation
2025-05-12 16:21:16.521079 INFO::Fitting model to feature number 424, ORNARGDEG.PWY..superpathway.of.L.arginine.and.L.ornithine.degradation
2025-05-12 16:21:16.523255 INFO::Fitting model to feature number 425, THREOCAT.PWY..superpathway.of.L.threonine.metabolism
2025-05-12 16:21:16.525467 INFO::Fitting model to feature number 426, PWY.6185..4.methylcatechol.degradation..ortho.cleavage.
2025-05-12 16:21:16.527777 INFO::Fitting model to feature number 427, PWY.6318..L.phenylalanine.degradation.IV..mammalian..via.side.chain.
2025-05-12 16:21:16.530287 INFO::Fitting model to feature number 428, GLYCOL.GLYOXDEG.PWY..superpathway.of.glycol.metabolism.and.degradation
2025-05-12 16:21:16.53248 INFO::Fitting model to feature number 429, PWY0.461..L.lysine.degradation.I
2025-05-12 16:21:16.53469 INFO::Fitting model to feature number 430, PWY.4361..S.methyl.5.thio..alpha..D.ribose.1.phosphate.degradation.I
2025-05-12 16:21:16.537054 INFO::Fitting model to feature number 431, CARNMET.PWY..L.carnitine.degradation.I
2025-05-12 16:21:16.539227 INFO::Fitting model to feature number 432, PWY.2221..Entner.Doudoroff.pathway.III..semi.phosphorylative.
2025-05-12 16:21:16.541562 INFO::Fitting model to feature number 433, PWY.7165..L.ascorbate.biosynthesis.VIII..engineered.pathway.
2025-05-12 16:21:16.543799 INFO::Fitting model to feature number 434, PWY.6215..4.chlorobenzoate.degradation
2025-05-12 16:21:16.546066 INFO::Fitting model to feature number 435, PWY.7245..superpathway.of.NAD.NADP...NADH.NADPH.interconversion..yeast.
2025-05-12 16:21:16.548637 INFO::Fitting model to feature number 436, UBISYN.PWY..superpathway.of.ubiquinol.8.biosynthesis..early.decarboxylation.
2025-05-12 16:21:16.550825 INFO::Fitting model to feature number 437, PWY.7874..L.threonate.degradation
2025-05-12 16:21:16.553189 INFO::Fitting model to feature number 438, PWY.6708..ubiquinol.8.biosynthesis..early.decarboxylation.
2025-05-12 16:21:16.555431 INFO::Fitting model to feature number 439, PWY.5088..L.glutamate.degradation.VIII..to.propanoate.
2025-05-12 16:21:16.557579 INFO::Fitting model to feature number 440, PWY.7268..cytosolic.NADPH.production..yeast.
2025-05-12 16:21:16.559723 INFO::Fitting model to feature number 441, PWY.7873..D.erythronate.degradation.II
2025-05-12 16:21:16.561883 INFO::Fitting model to feature number 442, PWY.8086...S..lactate.fermentation.to.propanoate..acetate.and.hydrogen
2025-05-12 16:21:16.564327 INFO::Fitting model to feature number 443, PWY.7384..anaerobic.energy.metabolism..invertebrates..mitochondrial.
2025-05-12 16:21:16.566506 INFO::Fitting model to feature number 444, PWY.5156..superpathway.of.fatty.acid.biosynthesis.II..plant.
2025-05-12 16:21:16.568978 INFO::Fitting model to feature number 445, PWY.7527..L.methionine.salvage.cycle.III
2025-05-12 16:21:16.571145 INFO::Fitting model to feature number 446, PWY.5417..catechol.degradation.III..ortho.cleavage.pathway.
2025-05-12 16:21:16.573303 INFO::Fitting model to feature number 447, PWY.5431..aromatic.compounds.degradation.via..beta..ketoadipate
2025-05-12 16:21:16.575444 INFO::Fitting model to feature number 448, PWY.6182..superpathway.of.salicylate.degradation
2025-05-12 16:21:16.577596 INFO::Fitting model to feature number 449, CATECHOL.ORTHO.CLEAVAGE.PWY..catechol.degradation.to..beta..ketoadipate
2025-05-12 16:21:16.579925 INFO::Fitting model to feature number 450, P562.PWY..myo.inositol.degradation.I
2025-05-12 16:21:16.582301 INFO::Fitting model to feature number 451, PWY1G.0..mycothiol.biosynthesis
2025-05-12 16:21:16.584475 INFO::Fitting model to feature number 452, DENITRIFICATION.PWY..nitrate.reduction.I..denitrification.
2025-05-12 16:21:16.586814 INFO::Fitting model to feature number 453, PWY.7294..D.xylose.degradation.IV
2025-05-12 16:21:16.588954 INFO::Fitting model to feature number 454, URSIN.PWY..ureide.biosynthesis
2025-05-12 16:21:16.591092 INFO::Fitting model to feature number 455, LPSSYN.PWY..superpathway.of.lipopolysaccharide.biosynthesis
2025-05-12 16:21:16.59325 INFO::Fitting model to feature number 456, PWY.6396..superpathway.of.2.3.butanediol.biosynthesis
2025-05-12 16:21:16.595611 INFO::Fitting model to feature number 457, PWY.3801..sucrose.degradation.II..sucrose.synthase.
2025-05-12 16:21:16.598063 INFO::Fitting model to feature number 458, PWY.6797..6.hydroxymethyl.dihydropterin.diphosphate.biosynthesis.II..Methanocaldococcus.
2025-05-12 16:21:16.600259 INFO::Fitting model to feature number 459, PWY.8190..L.glutamate.degradation.XI..reductive.Stickland.reaction.
2025-05-12 16:21:16.60263 INFO::Fitting model to feature number 460, PWY.7396..butanol.and.isobutanol.biosynthesis..engineered.
2025-05-12 16:21:16.604776 INFO::Fitting model to feature number 461, PWY.7389..superpathway.of.anaerobic.energy.metabolism..invertebrates.
2025-05-12 16:21:16.606909 INFO::Fitting model to feature number 462, CRNFORCAT.PWY..creatinine.degradation.I
2025-05-12 16:21:16.60923 INFO::Fitting model to feature number 463, PWY5F9.12..biphenyl.degradation
2025-05-12 16:21:16.611643 INFO::Fitting model to feature number 464, PWY.5514..UDP.N.acetyl.D.galactosamine.biosynthesis.II
2025-05-12 16:21:16.614465 INFO::Fitting model to feature number 465, X12DICHLORETHDEG.PWY..1.2.dichloroethane.degradation
2025-05-12 16:21:16.616993 INFO::Fitting model to feature number 466, DHGLUCONATE.PYR.CAT.PWY..glucose.degradation..oxidative.
2025-05-12 16:21:16.619734 INFO::Fitting model to feature number 467, PWY.7820..teichuronic.acid.biosynthesis..B..subtilis.168.
2025-05-12 16:21:16.62215 INFO::Fitting model to feature number 468, PWY.5420..catechol.degradation.II..meta.cleavage.pathway.
2025-05-12 16:21:16.624644 INFO::Fitting model to feature number 469, PWY.5419..catechol.degradation.to.2.hydroxypentadienoate.II
2025-05-12 16:21:16.626979 INFO::Fitting model to feature number 470, PWY.5654..2.amino.3.carboxymuconate.semialdehyde.degradation.to.2.hydroxypentadienoate
2025-05-12 16:21:16.6292 INFO::Fitting model to feature number 471, PWY.6210..2.aminophenol.degradation
2025-05-12 16:21:16.631418 INFO::Fitting model to feature number 472, PWY.7009..2.2..dihydroxybiphenyl.degradation
2025-05-12 16:21:16.633618 INFO::Fitting model to feature number 473, PWY.6981..chitin.biosynthesis
2025-05-12 16:21:16.635928 INFO::Fitting model to feature number 474, PWY66.388..ceramide.degradation.by..alpha..oxidation
2025-05-12 16:21:16.638179 INFO::Fitting model to feature number 475, PWY.7317..superpathway.of.dTDP.glucose.derived.O.antigen.building.blocks.biosynthesis
2025-05-12 16:21:16.640317 INFO::Fitting model to feature number 476, PWY.7528..L.methionine.salvage.cycle.I..bacteria.and.plants.
2025-05-12 16:21:16.642462 INFO::Fitting model to feature number 477, ALL.CHORISMATE.PWY..superpathway.of.chorismate.metabolism
2025-05-12 16:21:16.644943 INFO::Fitting model to feature number 478, PWY.2201..folate.transformations.I
2025-05-12 16:21:16.647173 INFO::Fitting model to feature number 479, PWY.5079..L.phenylalanine.degradation.III
2025-05-12 16:21:16.649363 INFO::Fitting model to feature number 480, PWY.7511..protein.ubiquitination
2025-05-12 16:21:16.651676 INFO::Fitting model to feature number 481, PWY66.398..TCA.cycle.III..animals.
2025-05-12 16:21:16.65401 INFO::Fitting model to feature number 482, PWY.7411..phosphatidate.biosynthesis..yeast.
2025-05-12 16:21:16.656189 INFO::Fitting model to feature number 483, PWY.8055..palmitoyl.ethanolamide.biosynthesis
2025-05-12 16:21:16.658356 INFO::Fitting model to feature number 484, PWY.5067..glycogen.biosynthesis.II..from.UDP.D.Glucose.
2025-05-12 16:21:16.660605 INFO::Fitting model to feature number 485, PWY3O.4108..L.tyrosine.degradation.III
2025-05-12 16:21:16.662981 INFO::Fitting model to feature number 486, PWY.7420..monoacylglycerol.metabolism..yeast.
2025-05-12 16:21:16.675245 INFO::Fitting model to feature number 487, PWY.5647..2.nitrobenzoate.degradation.I
2025-05-12 16:21:16.677903 INFO::Fitting model to feature number 488, PWY.6842..glutathione.mediated.detoxification.II
2025-05-12 16:21:16.680338 INFO::Fitting model to feature number 489, TRIGLSYN.PWY..diacylglycerol.and.triacylglycerol.biosynthesis
2025-05-12 16:21:16.682587 INFO::Fitting model to feature number 490, PWY.5870..ubiquinol.8.biosynthesis..late.decarboxylation.
2025-05-12 16:21:16.684839 INFO::Fitting model to feature number 491, PWY.6596..adenosine.nucleotides.degradation.I
2025-05-12 16:21:16.687206 INFO::Fitting model to feature number 492, PWY.6837..fatty.acid..beta..oxidation.V..unsaturated..odd.number..di.isomerase.dependent.
2025-05-12 16:21:16.689522 INFO::Fitting model to feature number 493, PWY.3502..superpathway.of.NAD.biosynthesis.in.eukaryotes
2025-05-12 16:21:16.691732 INFO::Fitting model to feature number 494, PWY.5129..sphingolipid.biosynthesis..plants.
2025-05-12 16:21:16.693989 INFO::Fitting model to feature number 495, PWY.5655..L.tryptophan.degradation.IX
2025-05-12 16:21:16.696477 INFO::Fitting model to feature number 496, PWY3DJ.12..ceramide.de.novo.biosynthesis
2025-05-12 16:21:16.698671 INFO::Fitting model to feature number 497, PWY.7337..10.cis.heptadecenoyl.CoA.degradation..yeast.
2025-05-12 16:21:16.700883 INFO::Fitting model to feature number 498, PWY.7338..10.trans.heptadecenoyl.CoA.degradation..reductase.dependent..yeast.
2025-05-12 16:21:16.703372 INFO::Fitting model to feature number 499, NADSYN.PWY..NAD.de.novo.biosynthesis.II..from.tryptophan.
2025-05-12 16:21:16.705557 INFO::Fitting model to feature number 500, PWY.5873..ubiquinol.7.biosynthesis..late.decarboxylation.
2025-05-12 16:21:16.707734 INFO::Fitting model to feature number 501, PWY.6309..L.tryptophan.degradation.XI..mammalian..via.kynurenine.
2025-05-12 16:21:16.709942 INFO::Fitting model to feature number 502, PWY.7546..diphthamide.biosynthesis.II..eukaryotes.
2025-05-12 16:21:16.712592 INFO::Fitting model to feature number 503, SPHINGOLIPID.SYN.PWY..sphingolipid.biosynthesis..yeast.
2025-05-12 16:21:16.714828 INFO::Fitting model to feature number 504, PWY.7283..wybutosine.biosynthesis
2025-05-12 16:21:16.717152 INFO::Fitting model to feature number 505, PWY.7230..ubiquinol.6.biosynthesis.from.4.aminobenzoate..yeast.
2025-05-12 16:21:16.719536 INFO::Fitting model to feature number 506, PWY.7156..superpathway.of.ergosterol.biosynthesis.II
2025-05-12 16:21:16.721724 INFO::Fitting model to feature number 507, PWY3O.19..ubiquinol.6.biosynthesis..late.decarboxylation.
2025-05-12 16:21:16.723882 INFO::Fitting model to feature number 508, PWY.7235..superpathway.of.ubiquinol.6.biosynthesis..late.decarboxylation.
2025-05-12 16:21:16.726447 INFO::Fitting model to feature number 509, PWY.7800..Ac.N.end.rule.pathway
2025-05-12 16:21:16.729154 INFO::Fitting model to feature number 510, PWY.7919..protein.N.glycosylation.processing.phase..plants.and.animals.
2025-05-12 16:21:16.731926 INFO::Fitting model to feature number 511, ERGOSTEROL.SYN.PWY..superpathway.of.ergosterol.biosynthesis.I
2025-05-12 16:21:16.734524 INFO::Fitting model to feature number 512, PWY.5651..L.tryptophan.degradation.to.2.amino.3.carboxymuconate.semialdehyde
2025-05-12 16:21:16.73685 INFO::Fitting model to feature number 513, MANNOSYL.CHITO.DOLICHOL.BIOSYNTHESIS..protein.N.glycosylation.initial.phase..eukaryotic.
2025-05-12 16:21:16.739058 INFO::Fitting model to feature number 514, PWY.7724..icosapentaenoate.biosynthesis.III..8.desaturase..mammals.
2025-05-12 16:21:16.741271 INFO::Fitting model to feature number 515, PWY.7717..3.hydroxy.4.methyl.anthranilate.biosynthesis.I
2025-05-12 16:21:16.743483 INFO::Fitting model to feature number 516, PWY.5080..very.long.chain.fatty.acid.biosynthesis.I
2025-05-12 16:21:16.746146 INFO::Fitting model to feature number 517, PWY.7606..docosahexaenoate.biosynthesis.III..6.desaturase..mammals.
2025-05-12 16:21:16.748772 INFO::Fitting model to feature number 518, PWY.7726...4Z.7Z.10Z.13Z.16Z..docosapentaenoate.biosynthesis..6.desaturase.
2025-05-12 16:21:16.75114 INFO::Fitting model to feature number 519, PWY.7035...9Z..tricosene.biosynthesis
2025-05-12 16:21:16.753498 INFO::Fitting model to feature number 520, PWY.7036..very.long.chain.fatty.acid.biosynthesis.II
2025-05-12 16:21:16.755709 INFO::Fitting model to feature number 521, PWY.8041..ultra.long.chain.fatty.acid.biosynthesis
2025-05-12 16:21:16.757923 INFO::Fitting model to feature number 522, PWY.6829..tRNA.methylation..yeast.
2025-05-12 16:21:16.760403 INFO::Fitting model to feature number 523, PWY.6075..ergosterol.biosynthesis.I
2025-05-12 16:21:16.763037 INFO::Fitting model to feature number 524, PWY.6351..D.myo.inositol..1.4.5..trisphosphate.biosynthesis
2025-05-12 16:21:16.765289 INFO::Fitting model to feature number 525, PWY.6352..3.phosphoinositide.biosynthesis
2025-05-12 16:21:16.767504 INFO::Fitting model to feature number 526, PWY.6598..sciadonate.biosynthesis
2025-05-12 16:21:16.769947 INFO::Fitting model to feature number 527, PWY.7619..juniperonate.biosynthesis
2025-05-12 16:21:16.772153 INFO::Fitting model to feature number 528, PWY.7725..arachidonate.biosynthesis.V..8.detaturase..mammals.
2025-05-12 16:21:16.774457 INFO::Fitting model to feature number 529, P101.PWY..ectoine.biosynthesis
2025-05-12 16:21:16.776791 INFO::Fitting model to feature number 530, PWY.7053..docosahexaenoate.biosynthesis.I..lower.eukaryotes.
2025-05-12 16:21:16.779081 INFO::Fitting model to feature number 531, PWY.7200..superpathway.of.pyrimidine.deoxyribonucleoside.salvage
2025-05-12 16:21:16.781317 INFO::Fitting model to feature number 532, PWY.6113..superpathway.of.mycolate.biosynthesis
2025-05-12 16:21:16.783565 INFO::Fitting model to feature number 533, PWY.7399..methylphosphonate.degradation.II
2025-05-12 16:21:16.786001 INFO::Fitting model to feature number 534, PWY.1501..mandelate.degradation.I
2025-05-12 16:21:16.788316 INFO::Fitting model to feature number 535, X4.HYDROXYMANDELATE.DEGRADATION.PWY..4.hydroxymandelate.degradation
2025-05-12 16:21:16.820118 INFO::Counting total values for each feature
2025-05-12 16:21:16.832791 INFO::Re-running abundances for warn_prevalence
2025-05-12 16:21:16.833288 INFO::Running selected normalization method: TSS
2025-05-12 16:21:16.838756 INFO::Running selected transform method: LOG
2025-05-12 16:21:16.842135 INFO::Fitting model to feature number 1, PWY.7238..sucrose.biosynthesis.II
2025-05-12 16:21:16.843974 INFO::Fitting model to feature number 2, VALSYN.PWY..L.valine.biosynthesis
2025-05-12 16:21:16.845589 INFO::Fitting model to feature number 3, GLYCOGENSYNTH.PWY..glycogen.biosynthesis.I..from.ADP.D.Glucose.
2025-05-12 16:21:16.84718 INFO::Fitting model to feature number 4, PWY.5941..glycogen.degradation.II
2025-05-12 16:21:16.848713 INFO::Fitting model to feature number 5, PWY.1042..glycolysis.IV
2025-05-12 16:21:16.850183 INFO::Fitting model to feature number 6, ARGSYNBSUB.PWY..L.arginine.biosynthesis.II..acetyl.cycle.
2025-05-12 16:21:16.851763 INFO::Fitting model to feature number 7, PWY.6163..chorismate.biosynthesis.from.3.dehydroquinate
2025-05-12 16:21:16.853223 INFO::Fitting model to feature number 8, PWY.5686..UMP.biosynthesis.I
2025-05-12 16:21:16.854677 INFO::Fitting model to feature number 9, PWY.7790..UMP.biosynthesis.II
2025-05-12 16:21:16.856143 INFO::Fitting model to feature number 10, PWY.7791..UMP.biosynthesis.III
2025-05-12 16:21:16.857593 INFO::Fitting model to feature number 11, ARGSYN.PWY..L.arginine.biosynthesis.I..via.L.ornithine.
2025-05-12 16:21:16.859052 INFO::Fitting model to feature number 12, ARO.PWY..chorismate.biosynthesis.I
2025-05-12 16:21:16.860678 INFO::Fitting model to feature number 13, COMPLETE.ARO.PWY..superpathway.of.aromatic.amino.acid.biosynthesis
2025-05-12 16:21:16.862133 INFO::Fitting model to feature number 14, DTDPRHAMSYN.PWY..dTDP..beta..L.rhamnose.biosynthesis
2025-05-12 16:21:16.863647 INFO::Fitting model to feature number 15, PWY.6609..adenine.and.adenosine.salvage.III
2025-05-12 16:21:16.865172 INFO::Fitting model to feature number 16, PWY.6122..5.aminoimidazole.ribonucleotide.biosynthesis.II
2025-05-12 16:21:16.866606 INFO::Fitting model to feature number 17, PWY.6277..superpathway.of.5.aminoimidazole.ribonucleotide.biosynthesis
2025-05-12 16:21:16.868072 INFO::Fitting model to feature number 18, PWY.6121..5.aminoimidazole.ribonucleotide.biosynthesis.I
2025-05-12 16:21:16.869634 INFO::Fitting model to feature number 19, GLUTORN.PWY..L.ornithine.biosynthesis.I
2025-05-12 16:21:16.871081 INFO::Fitting model to feature number 20, PWY.6386..UDP.N.acetylmuramoyl.pentapeptide.biosynthesis.II..lysine.containing.
2025-05-12 16:21:16.872556 INFO::Fitting model to feature number 21, PWY.6387..UDP.N.acetylmuramoyl.pentapeptide.biosynthesis.I..meso.diaminopimelate.containing.
2025-05-12 16:21:16.874009 INFO::Fitting model to feature number 22, TRNA.CHARGING.PWY..tRNA.charging
2025-05-12 16:21:16.884857 INFO::Fitting model to feature number 23, NONMEVIPP.PWY..methylerythritol.phosphate.pathway.I
2025-05-12 16:21:16.886656 INFO::Fitting model to feature number 24, PWY.7221..guanosine.ribonucleotides.de.novo.biosynthesis
2025-05-12 16:21:16.8883 INFO::Fitting model to feature number 25, PWY0.1296..purine.ribonucleosides.degradation
2025-05-12 16:21:16.889785 INFO::Fitting model to feature number 26, PEPTIDOGLYCANSYN.PWY..peptidoglycan.biosynthesis.I..meso.diaminopimelate.containing.
2025-05-12 16:21:16.891252 INFO::Fitting model to feature number 27, COA.PWY.1..superpathway.of.coenzyme.A.biosynthesis.III..mammals.
2025-05-12 16:21:16.892729 INFO::Fitting model to feature number 28, PWY.6385..peptidoglycan.biosynthesis.III..mycobacteria.
2025-05-12 16:21:16.894274 INFO::Fitting model to feature number 29, ILEUSYN.PWY..L.isoleucine.biosynthesis.I..from.threonine.
2025-05-12 16:21:16.895783 INFO::Fitting model to feature number 30, PWY.6700..queuosine.biosynthesis.I..de.novo.
2025-05-12 16:21:16.89756 INFO::Fitting model to feature number 31, BRANCHED.CHAIN.AA.SYN.PWY..superpathway.of.branched.chain.amino.acid.biosynthesis
2025-05-12 16:21:16.899139 INFO::Fitting model to feature number 32, PWY.5667..CDP.diacylglycerol.biosynthesis.I
2025-05-12 16:21:16.900687 INFO::Fitting model to feature number 33, PWY0.1319..CDP.diacylglycerol.biosynthesis.II
2025-05-12 16:21:16.902174 INFO::Fitting model to feature number 34, PWY.5097..L.lysine.biosynthesis.VI
2025-05-12 16:21:16.903713 INFO::Fitting model to feature number 35, PWY.6151..S.adenosyl.L.methionine.salvage.I
2025-05-12 16:21:16.905364 INFO::Fitting model to feature number 36, ANAGLYCOLYSIS.PWY..glycolysis.III..from.glucose.
2025-05-12 16:21:16.906988 INFO::Fitting model to feature number 37, PWY.7111..pyruvate.fermentation.to.isobutanol..engineered.
2025-05-12 16:21:16.908476 INFO::Fitting model to feature number 38, CALVIN.PWY..Calvin.Benson.Bassham.cycle
2025-05-12 16:21:16.910068 INFO::Fitting model to feature number 39, COA.PWY..coenzyme.A.biosynthesis.I..prokaryotic.
2025-05-12 16:21:16.911636 INFO::Fitting model to feature number 40, PWY.7953..UDP.N.acetylmuramoyl.pentapeptide.biosynthesis.III..meso.diaminopimelate.containing.
2025-05-12 16:21:16.913238 INFO::Fitting model to feature number 41, PWY.3841..folate.transformations.II..plants.
2025-05-12 16:21:16.914834 INFO::Fitting model to feature number 42, PWY.7851..coenzyme.A.biosynthesis.II..eukaryotic.
2025-05-12 16:21:16.916458 INFO::Fitting model to feature number 43, HISTSYN.PWY..L.histidine.biosynthesis
2025-05-12 16:21:16.917949 INFO::Fitting model to feature number 44, PWY.6123..inosine.5..phosphate.biosynthesis.I
2025-05-12 16:21:16.919433 INFO::Fitting model to feature number 45, PWY66.429..fatty.acid.biosynthesis.initiation..mitochondria.
2025-05-12 16:21:16.920935 INFO::Fitting model to feature number 46, PWY.6317..D.galactose.degradation.I..Leloir.pathway.
2025-05-12 16:21:16.92241 INFO::Fitting model to feature number 47, PWY.5695..inosine.5..phosphate.degradation
2025-05-12 16:21:16.923872 INFO::Fitting model to feature number 48, PWY.7977..L.methionine.biosynthesis.IV
2025-05-12 16:21:16.925466 INFO::Fitting model to feature number 49, PWY.6124..inosine.5..phosphate.biosynthesis.II
2025-05-12 16:21:16.92699 INFO::Fitting model to feature number 50, PWY.8178..pentose.phosphate.pathway..non.oxidative.branch..II
2025-05-12 16:21:16.928489 INFO::Fitting model to feature number 51, PWY.7357..thiamine.phosphate.formation.from.pyrithiamine.and.oxythiamine..yeast.
2025-05-12 16:21:16.930023 INFO::Fitting model to feature number 52, PWY.6629..superpathway.of.L.tryptophan.biosynthesis
2025-05-12 16:21:16.931553 INFO::Fitting model to feature number 53, PWY.5103..L.isoleucine.biosynthesis.III
2025-05-12 16:21:16.933021 INFO::Fitting model to feature number 54, PWY.724..superpathway.of.L.lysine..L.threonine.and.L.methionine.biosynthesis.II
2025-05-12 16:21:16.934603 INFO::Fitting model to feature number 55, PWY.6270..isoprene.biosynthesis.I
2025-05-12 16:21:16.936131 INFO::Fitting model to feature number 56, PWY.7560..methylerythritol.phosphate.pathway.II
2025-05-12 16:21:16.937711 INFO::Fitting model to feature number 57, RIBOSYN2.PWY..flavin.biosynthesis.I..bacteria.and.plants.
2025-05-12 16:21:16.939213 INFO::Fitting model to feature number 58, PWY.2942..L.lysine.biosynthesis.III
2025-05-12 16:21:16.940674 INFO::Fitting model to feature number 59, PWY.6527..stachyose.degradation
2025-05-12 16:21:16.942133 INFO::Fitting model to feature number 60, PWY.7199..pyrimidine.deoxyribonucleosides.salvage
2025-05-12 16:21:16.94374 INFO::Fitting model to feature number 61, X1CMET2.PWY..folate.transformations.III..E..coli.
2025-05-12 16:21:16.945186 INFO::Fitting model to feature number 62, NONOXIPENT.PWY..pentose.phosphate.pathway..non.oxidative.branch..I
2025-05-12 16:21:16.94668 INFO::Fitting model to feature number 63, PANTOSYN.PWY..superpathway.of.coenzyme.A.biosynthesis.I..bacteria.
2025-05-12 16:21:16.948189 INFO::Fitting model to feature number 64, HSERMETANA.PWY..L.methionine.biosynthesis.III
2025-05-12 16:21:16.94962 INFO::Fitting model to feature number 65, PWY.6823..molybdopterin.biosynthesis
2025-05-12 16:21:16.951056 INFO::Fitting model to feature number 66, PWY.3001..superpathway.of.L.isoleucine.biosynthesis.I
2025-05-12 16:21:16.952608 INFO::Fitting model to feature number 67, GLUCOSE1PMETAB.PWY..glucose.and.glucose.1.phosphate.degradation
2025-05-12 16:21:16.954091 INFO::Fitting model to feature number 68, COBALSYN.PWY..superpathway.of.adenosylcobalamin.salvage.from.cobinamide.I
2025-05-12 16:21:16.955548 INFO::Fitting model to feature number 69, PANTO.PWY..phosphopantothenate.biosynthesis.I
2025-05-12 16:21:16.957003 INFO::Fitting model to feature number 70, THRESYN.PWY..superpathway.of.L.threonine.biosynthesis
2025-05-12 16:21:16.958457 INFO::Fitting model to feature number 71, OANTIGEN.PWY..O.antigen.building.blocks.biosynthesis..E..coli.
2025-05-12 16:21:16.959915 INFO::Fitting model to feature number 72, TRPSYN.PWY..L.tryptophan.biosynthesis
2025-05-12 16:21:16.961548 INFO::Fitting model to feature number 73, PWY.7237..myo...chiro..and.scyllo.inositol.degradation
2025-05-12 16:21:16.963101 INFO::Fitting model to feature number 74, SER.GLYSYN.PWY..superpathway.of.L.serine.and.glycine.biosynthesis.I
2025-05-12 16:21:16.96467 INFO::Fitting model to feature number 75, PWY.6628..superpathway.of.L.phenylalanine.biosynthesis
2025-05-12 16:21:16.966136 INFO::Fitting model to feature number 76, PWY.6892..thiazole.component.of.thiamine.diphosphate.biosynthesis.I
2025-05-12 16:21:16.967599 INFO::Fitting model to feature number 77, PWY.6897..thiamine.diphosphate.salvage.II
2025-05-12 16:21:16.969055 INFO::Fitting model to feature number 78, THISYNARA.PWY..superpathway.of.thiamine.diphosphate.biosynthesis.III..eukaryotes.
2025-05-12 16:21:16.970648 INFO::Fitting model to feature number 79, P41.PWY..pyruvate.fermentation.to.acetate.and..S..lactate.I
2025-05-12 16:21:16.972115 INFO::Fitting model to feature number 80, PWY.5100..pyruvate.fermentation.to.acetate.and.lactate.II
2025-05-12 16:21:16.973579 INFO::Fitting model to feature number 81, PWY.5659..GDP.mannose.biosynthesis
2025-05-12 16:21:16.975036 INFO::Fitting model to feature number 82, UDPNAGSYN.PWY..UDP.N.acetyl.D.glucosamine.biosynthesis.I
2025-05-12 16:21:16.976511 INFO::Fitting model to feature number 83, THISYN.PWY..superpathway.of.thiamine.diphosphate.biosynthesis.I
2025-05-12 16:21:16.978032 INFO::Fitting model to feature number 84, PYRIDNUCSYN.PWY..NAD.de.novo.biosynthesis.I..from.aspartate.
2025-05-12 16:21:16.979655 INFO::Fitting model to feature number 85, PWY.I9..L.cysteine.biosynthesis.VI..from.L.methionine.
2025-05-12 16:21:16.981208 INFO::Fitting model to feature number 86, PWY.7400..L.arginine.biosynthesis.IV..archaebacteria.
2025-05-12 16:21:16.982675 INFO::Fitting model to feature number 87, GLCMANNANAUT.PWY..superpathway.of.N.acetylglucosamine..N.acetylmannosamine.and.N.acetylneuraminate.degradation
2025-05-12 16:21:16.984169 INFO::Fitting model to feature number 88, PWY0.1586..peptidoglycan.maturation..meso.diaminopimelate.containing.
2025-05-12 16:21:16.985646 INFO::Fitting model to feature number 89, PWY.5121..superpathway.of.geranylgeranyl.diphosphate.biosynthesis.II..via.MEP.
2025-05-12 16:21:16.987127 INFO::Fitting model to feature number 90, PWY.6936..seleno.amino.acid.biosynthesis..plants.
2025-05-12 16:21:16.988724 INFO::Fitting model to feature number 91, GLUCONEO.PWY..gluconeogenesis.I
2025-05-12 16:21:16.990222 INFO::Fitting model to feature number 92, COLANSYN.PWY..colanic.acid.building.blocks.biosynthesis
2025-05-12 16:21:16.991721 INFO::Fitting model to feature number 93, GALACTUROCAT.PWY..D.galacturonate.degradation.I
2025-05-12 16:21:16.993317 INFO::Fitting model to feature number 94, PWY.6507..4.deoxy.L.threo.hex.4.enopyranuronate.degradation
2025-05-12 16:21:16.994917 INFO::Fitting model to feature number 95, PWY.7456...beta...1.4..mannan.degradation
2025-05-12 16:21:16.996647 INFO::Fitting model to feature number 96, PWY.5973..cis.vaccenate.biosynthesis
2025-05-12 16:21:16.9986 INFO::Fitting model to feature number 97, PWY.6292..superpathway.of.L.cysteine.biosynthesis..mammalian.
2025-05-12 16:21:17.000278 INFO::Fitting model to feature number 98, PWY.6703..preQ0.biosynthesis
2025-05-12 16:21:17.001877 INFO::Fitting model to feature number 99, PWY.7229..superpathway.of.adenosine.nucleotides.de.novo.biosynthesis.I
2025-05-12 16:21:17.003396 INFO::Fitting model to feature number 100, PWY.7242..D.fructuronate.degradation
2025-05-12 16:21:17.00489 INFO::Fitting model to feature number 101, PWY.6353..purine.nucleotides.degradation.II..aerobic.
2025-05-12 16:21:17.006426 INFO::Fitting model to feature number 102, GLUCUROCAT.PWY..superpathway.of..beta..D.glucuronosides.degradation
2025-05-12 16:21:17.008043 INFO::Fitting model to feature number 103, GLYCOLYSIS..glycolysis.I..from.glucose.6.phosphate.
2025-05-12 16:21:17.009553 INFO::Fitting model to feature number 104, FERMENTATION.PWY..mixed.acid.fermentation
2025-05-12 16:21:17.011138 INFO::Fitting model to feature number 105, ANAEROFRUCAT.PWY..homolactic.fermentation
2025-05-12 16:21:17.012675 INFO::Fitting model to feature number 106, PWY.7328..superpathway.of.UDP.glucose.derived.O.antigen.building.blocks.biosynthesis
2025-05-12 16:21:17.014299 INFO::Fitting model to feature number 107, PWY.6608..guanosine.nucleotides.degradation.III
2025-05-12 16:21:17.015786 INFO::Fitting model to feature number 108, PWY.7663..gondoate.biosynthesis..anaerobic.
2025-05-12 16:21:17.017522 INFO::Fitting model to feature number 109, ASPASN.PWY..superpathway.of.L.aspartate.and.L.asparagine.biosynthesis
2025-05-12 16:21:17.019043 INFO::Fitting model to feature number 110, PWY.1861..formaldehyde.assimilation.II..assimilatory.RuMP.Cycle.
2025-05-12 16:21:17.02057 INFO::Fitting model to feature number 111, PWY.5188..tetrapyrrole.biosynthesis.I..from.glutamate.
2025-05-12 16:21:17.022035 INFO::Fitting model to feature number 112, PWY.841..superpathway.of.purine.nucleotides.de.novo.biosynthesis.I
2025-05-12 16:21:17.023501 INFO::Fitting model to feature number 113, PWY.5154..L.arginine.biosynthesis.III..via.N.acetyl.L.citrulline.
2025-05-12 16:21:17.024969 INFO::Fitting model to feature number 114, PWY.702..L.methionine.biosynthesis.II
2025-05-12 16:21:17.026585 INFO::Fitting model to feature number 115, METH.ACETATE.PWY..methanogenesis.from.acetate
2025-05-12 16:21:17.028109 INFO::Fitting model to feature number 116, PWY.5384..sucrose.degradation.IV..sucrose.phosphorylase.
2025-05-12 16:21:17.02965 INFO::Fitting model to feature number 117, PWY.7234..inosine.5..phosphate.biosynthesis.III
2025-05-12 16:21:17.031193 INFO::Fitting model to feature number 118, PWY.5484..glycolysis.II..from.fructose.6.phosphate.
2025-05-12 16:21:17.032662 INFO::Fitting model to feature number 119, SALVADEHYPOX.PWY..adenosine.nucleotides.degradation.II
2025-05-12 16:21:17.034142 INFO::Fitting model to feature number 120, PWY.6895..superpathway.of.thiamine.diphosphate.biosynthesis.II
2025-05-12 16:21:17.035781 INFO::Fitting model to feature number 121, PWY.622..starch.biosynthesis
2025-05-12 16:21:17.037394 INFO::Fitting model to feature number 122, PWY0.162..superpathway.of.pyrimidine.ribonucleotides.de.novo.biosynthesis
2025-05-12 16:21:17.038875 INFO::Fitting model to feature number 123, PWY.621..sucrose.degradation.III..sucrose.invertase.
2025-05-12 16:21:17.040358 INFO::Fitting model to feature number 124, PWY.6901..superpathway.of.glucose.and.xylose.degradation
2025-05-12 16:21:17.041816 INFO::Fitting model to feature number 125, DAPLYSINESYN.PWY..L.lysine.biosynthesis.I
2025-05-12 16:21:17.043266 INFO::Fitting model to feature number 126, PWY.6731..starch.degradation.III
2025-05-12 16:21:17.044815 INFO::Fitting model to feature number 127, PWY.6630..superpathway.of.L.tyrosine.biosynthesis
2025-05-12 16:21:17.046321 INFO::Fitting model to feature number 128, PWY.7345..superpathway.of.anaerobic.sucrose.degradation
2025-05-12 16:21:17.047817 INFO::Fitting model to feature number 129, PWY.6126..superpathway.of.adenosine.nucleotides.de.novo.biosynthesis.II
2025-05-12 16:21:17.049277 INFO::Fitting model to feature number 130, PHOSLIPSYN.PWY..superpathway.of.phospholipid.biosynthesis.I..bacteria.
2025-05-12 16:21:17.050714 INFO::Fitting model to feature number 131, PENTOSE.P.PWY..pentose.phosphate.pathway
2025-05-12 16:21:17.052178 INFO::Fitting model to feature number 132, GLYCOCAT.PWY..glycogen.degradation.I
2025-05-12 16:21:17.053724 INFO::Fitting model to feature number 133, PWY.6549..L.glutamine.biosynthesis.III
2025-05-12 16:21:17.055187 INFO::Fitting model to feature number 134, PWY.7228..superpathway.of.guanosine.nucleotides.de.novo.biosynthesis.I
2025-05-12 16:21:17.056641 INFO::Fitting model to feature number 135, PWY.7282..4.amino.2.methyl.5.diphosphomethylpyrimidine.biosynthesis.II
2025-05-12 16:21:17.05812 INFO::Fitting model to feature number 136, PWY.6606..guanosine.nucleotides.degradation.II
2025-05-12 16:21:17.059679 INFO::Fitting model to feature number 137, PWY.4041...gamma..glutamyl.cycle
2025-05-12 16:21:17.061146 INFO::Fitting model to feature number 138, RHAMCAT.PWY..L.rhamnose.degradation.I
2025-05-12 16:21:17.062707 INFO::Fitting model to feature number 139, PWY.7761..NAD.salvage.pathway.II..PNC.IV.cycle.
2025-05-12 16:21:17.064241 INFO::Fitting model to feature number 140, PWY.6470..peptidoglycan.biosynthesis.V...beta..lactam.resistance.
2025-05-12 16:21:17.065732 INFO::Fitting model to feature number 141, PWY.6969..TCA.cycle.V..2.oxoglutarate.synthase.
2025-05-12 16:21:17.067181 INFO::Fitting model to feature number 142, P164.PWY..purine.nucleobases.degradation.I..anaerobic.
2025-05-12 16:21:17.068658 INFO::Fitting model to feature number 143, P461.PWY..hexitol.fermentation.to.lactate..formate..ethanol.and.acetate
2025-05-12 16:21:17.070103 INFO::Fitting model to feature number 144, GLYCOLYSIS.E.D..superpathway.of.glycolysis.and.the.Entner.Doudoroff.pathway
2025-05-12 16:21:17.071664 INFO::Fitting model to feature number 145, PWY.5676..acetyl.CoA.fermentation.to.butanoate.II
2025-05-12 16:21:17.073136 INFO::Fitting model to feature number 146, PWY.7208..superpathway.of.pyrimidine.nucleobases.salvage
2025-05-12 16:21:17.074583 INFO::Fitting model to feature number 147, HISDEG.PWY..L.histidine.degradation.I
2025-05-12 16:21:17.07604 INFO::Fitting model to feature number 148, PWY66.399..gluconeogenesis.III
2025-05-12 16:21:17.077605 INFO::Fitting model to feature number 149, PWY.7356..thiamine.diphosphate.salvage.IV..yeast.
2025-05-12 16:21:17.079075 INFO::Fitting model to feature number 150, PWY.6125..superpathway.of.guanosine.nucleotides.de.novo.biosynthesis.II
2025-05-12 16:21:17.080731 INFO::Fitting model to feature number 151, PWY.241..C4.photosynthetic.carbon.assimilation.cycle..NADP.ME.type
2025-05-12 16:21:17.082201 INFO::Fitting model to feature number 152, PWY.7117..C4.photosynthetic.carbon.assimilation.cycle..PEPCK.type
2025-05-12 16:21:17.083663 INFO::Fitting model to feature number 153, PWY.1269..CMP.3.deoxy.D.manno.octulosonate.biosynthesis
2025-05-12 16:21:17.085178 INFO::Fitting model to feature number 154, P441.PWY..superpathway.of.N.acetylneuraminate.degradation
2025-05-12 16:21:17.086662 INFO::Fitting model to feature number 155, PWY.2941..L.lysine.biosynthesis.II
2025-05-12 16:21:17.088218 INFO::Fitting model to feature number 156, PWY.5505..L.glutamate.and.L.glutamine.biosynthesis
2025-05-12 16:21:17.089932 INFO::Fitting model to feature number 157, PWY66.409..superpathway.of.purine.nucleotide.salvage
2025-05-12 16:21:17.091407 INFO::Fitting model to feature number 158, PWY.8004..Entner.Doudoroff.pathway.I
2025-05-12 16:21:17.092929 INFO::Fitting model to feature number 159, PWY.6147..6.hydroxymethyl.dihydropterin.diphosphate.biosynthesis.I
2025-05-12 16:21:17.094421 INFO::Fitting model to feature number 160, PWY.7383..anaerobic.energy.metabolism..invertebrates..cytosol.
2025-05-12 16:21:17.095905 INFO::Fitting model to feature number 161, PWY4FS.8..phosphatidylglycerol.biosynthesis.II..non.plastidic.
2025-05-12 16:21:17.097433 INFO::Fitting model to feature number 162, PWY4FS.7..phosphatidylglycerol.biosynthesis.I..plastidic.
2025-05-12 16:21:17.098966 INFO::Fitting model to feature number 163, PWY.7323..superpathway.of.GDP.mannose.derived.O.antigen.building.blocks.biosynthesis
2025-05-12 16:21:17.100416 INFO::Fitting model to feature number 164, PWY0.1479..tRNA.processing
2025-05-12 16:21:17.101847 INFO::Fitting model to feature number 165, P124.PWY..Bifidobacterium.shunt
2025-05-12 16:21:17.103314 INFO::Fitting model to feature number 166, PWY.5971..palmitate.biosynthesis..type.II.fatty.acid.synthase.
2025-05-12 16:21:17.111809 INFO::Fitting model to feature number 167, FASYN.ELONG.PWY..fatty.acid.elongation....saturated
2025-05-12 16:21:17.113603 INFO::Fitting model to feature number 168, PWY.5913..partial.TCA.cycle..obligate.autotrophs.
2025-05-12 16:21:17.115283 INFO::Fitting model to feature number 169, BIOTIN.BIOSYNTHESIS.PWY..biotin.biosynthesis.I
2025-05-12 16:21:17.116771 INFO::Fitting model to feature number 170, ARG.POLYAMINE.SYN..superpathway.of.arginine.and.polyamine.biosynthesis
2025-05-12 16:21:17.118246 INFO::Fitting model to feature number 171, POLYISOPRENSYN.PWY..polyisoprenoid.biosynthesis..E..coli.
2025-05-12 16:21:17.11971 INFO::Fitting model to feature number 172, PWY.7664..oleate.biosynthesis.IV..anaerobic.
2025-05-12 16:21:17.121173 INFO::Fitting model to feature number 173, HEXITOLDEGSUPER.PWY..superpathway.of.hexitol.degradation..bacteria.
2025-05-12 16:21:17.122668 INFO::Fitting model to feature number 174, PWY.7220..adenosine.deoxyribonucleotides.de.novo.biosynthesis.II
2025-05-12 16:21:17.124269 INFO::Fitting model to feature number 175, PWY.7222..guanosine.deoxyribonucleotides.de.novo.biosynthesis.II
2025-05-12 16:21:17.125754 INFO::Fitting model to feature number 176, PWY.7198..pyrimidine.deoxyribonucleotides.de.novo.biosynthesis.IV
2025-05-12 16:21:17.127337 INFO::Fitting model to feature number 177, PWY.5265..peptidoglycan.biosynthesis.II..staphylococci.
2025-05-12 16:21:17.129256 INFO::Fitting model to feature number 178, PWY0.1061..superpathway.of.L.alanine.biosynthesis
2025-05-12 16:21:17.131051 INFO::Fitting model to feature number 179, PWY.6519..8.amino.7.oxononanoate.biosynthesis.I
2025-05-12 16:21:17.13269 INFO::Fitting model to feature number 180, GALACT.GLUCUROCAT.PWY..superpathway.of.hexuronide.and.hexuronate.degradation
2025-05-12 16:21:17.134474 INFO::Fitting model to feature number 181, PWY0.862...5Z..dodecenoate.biosynthesis.I
2025-05-12 16:21:17.136024 INFO::Fitting model to feature number 182, FUCCAT.PWY..fucose.degradation
2025-05-12 16:21:17.13753 INFO::Fitting model to feature number 183, PWY.6282..palmitoleate.biosynthesis.I..from..5Z..dodec.5.enoate.
2025-05-12 16:21:17.139014 INFO::Fitting model to feature number 184, PWY.7197..pyrimidine.deoxyribonucleotide.phosphorylation
2025-05-12 16:21:17.140549 INFO::Fitting model to feature number 185, PWY.6902..chitin.degradation.II..Vibrio.
2025-05-12 16:21:17.142039 INFO::Fitting model to feature number 186, PWY.5989..stearate.biosynthesis.II..bacteria.and.plants.
2025-05-12 16:21:17.143663 INFO::Fitting model to feature number 187, PWY0.845..superpathway.of.pyridoxal.5..phosphate.biosynthesis.and.salvage
2025-05-12 16:21:17.145253 INFO::Fitting model to feature number 188, FOLSYN.PWY..superpathway.of.tetrahydrofolate.biosynthesis.and.salvage
2025-05-12 16:21:17.146792 INFO::Fitting model to feature number 189, PWY1ZNC.1..assimilatory.sulfate.reduction.IV
2025-05-12 16:21:17.148356 INFO::Fitting model to feature number 190, PWY.5497..purine.nucleobases.degradation.II..anaerobic.
2025-05-12 16:21:17.149881 INFO::Fitting model to feature number 191, PWY.7115..C4.photosynthetic.carbon.assimilation.cycle..NAD.ME.type
2025-05-12 16:21:17.151376 INFO::Fitting model to feature number 192, PWY.6607..guanosine.nucleotides.degradation.I
2025-05-12 16:21:17.153078 INFO::Fitting model to feature number 193, ARGININE.SYN4.PWY..L.ornithine.biosynthesis.II
2025-05-12 16:21:17.154611 INFO::Fitting model to feature number 194, P185.PWY..formaldehyde.assimilation.III..dihydroxyacetone.cycle.
2025-05-12 16:21:17.156103 INFO::Fitting model to feature number 195, PWY.8187..L.arginine.degradation.XIII..reductive.Stickland.reaction.
2025-05-12 16:21:17.157573 INFO::Fitting model to feature number 196, PWY.5030..L.histidine.degradation.III
2025-05-12 16:21:17.159089 INFO::Fitting model to feature number 197, PWY0.1261..anhydromuropeptides.recycling.I
2025-05-12 16:21:17.160702 INFO::Fitting model to feature number 198, PWY.6595..superpathway.of.guanosine.nucleotides.degradation..plants.
2025-05-12 16:21:17.162396 INFO::Fitting model to feature number 199, PWY0.1297..superpathway.of.purine.deoxyribonucleosides.degradation
2025-05-12 16:21:17.163964 INFO::Fitting model to feature number 200, PWY.7211..superpathway.of.pyrimidine.deoxyribonucleotides.de.novo.biosynthesis
2025-05-12 16:21:17.165461 INFO::Fitting model to feature number 201, PWY.7392..taxadiene.biosynthesis..engineered.
2025-05-12 16:21:17.16693 INFO::Fitting model to feature number 202, PWY.5345..superpathway.of.L.methionine.biosynthesis..by.sulfhydrylation.
2025-05-12 16:21:17.168435 INFO::Fitting model to feature number 203, PYRIDOXSYN.PWY..pyridoxal.5..phosphate.biosynthesis.I
2025-05-12 16:21:17.16992 INFO::Fitting model to feature number 204, GOLPDLCAT.PWY..superpathway.of.glycerol.degradation.to.1.3.propanediol
2025-05-12 16:21:17.171475 INFO::Fitting model to feature number 205, POLYAMSYN.PWY..superpathway.of.polyamine.biosynthesis.I
2025-05-12 16:21:17.172937 INFO::Fitting model to feature number 206, FUC.RHAMCAT.PWY..superpathway.of.fucose.and.rhamnose.degradation
2025-05-12 16:21:17.17439 INFO::Fitting model to feature number 207, PWY.6612..superpathway.of.tetrahydrofolate.biosynthesis
2025-05-12 16:21:17.175849 INFO::Fitting model to feature number 208, SULFATE.CYS.PWY..superpathway.of.sulfate.assimilation.and.cysteine.biosynthesis
2025-05-12 16:21:17.177391 INFO::Fitting model to feature number 209, P42.PWY..incomplete.reductive.TCA.cycle
2025-05-12 16:21:17.178914 INFO::Fitting model to feature number 210, PYRIDNUCSAL.PWY..NAD.salvage.pathway.I..PNC.VI.cycle.
2025-05-12 16:21:17.180595 INFO::Fitting model to feature number 211, CITRULBIO.PWY..L.citrulline.biosynthesis
2025-05-12 16:21:17.182078 INFO::Fitting model to feature number 212, PPGPPMET.PWY..ppGpp.metabolism
2025-05-12 16:21:17.183548 INFO::Fitting model to feature number 213, LACTOSECAT.PWY..lactose.and.galactose.degradation.I
2025-05-12 16:21:17.185053 INFO::Fitting model to feature number 214, GALACTITOLCAT.PWY..galactitol.degradation
2025-05-12 16:21:17.186529 INFO::Fitting model to feature number 215, NAGLIPASYN.PWY..lipid.IVA.biosynthesis..E..coli.
2025-05-12 16:21:17.187985 INFO::Fitting model to feature number 216, PWY.8073..lipid.IVA.biosynthesis..P..putida.
2025-05-12 16:21:17.189563 INFO::Fitting model to feature number 217, FASYN.INITIAL.PWY..superpathway.of.fatty.acid.biosynthesis.initiation..E..coli.
2025-05-12 16:21:17.191053 INFO::Fitting model to feature number 218, RUMP.PWY..formaldehyde.oxidation.I
2025-05-12 16:21:17.19254 INFO::Fitting model to feature number 219, PWY.4984..urea.cycle
2025-05-12 16:21:17.194113 INFO::Fitting model to feature number 220, PWY0.781..aspartate.superpathway
2025-05-12 16:21:17.195607 INFO::Fitting model to feature number 221, PWY.7210..pyrimidine.deoxyribonucleotides.biosynthesis.from.CTP
2025-05-12 16:21:17.197162 INFO::Fitting model to feature number 222, PWY3O.4107..NAD.salvage.pathway.V..PNC.V.cycle.
2025-05-12 16:21:17.19879 INFO::Fitting model to feature number 223, PWY.6545..pyrimidine.deoxyribonucleotides.de.novo.biosynthesis.III
2025-05-12 16:21:17.200274 INFO::Fitting model to feature number 224, PWY.7184..pyrimidine.deoxyribonucleotides.de.novo.biosynthesis.I
2025-05-12 16:21:17.201752 INFO::Fitting model to feature number 225, PWY.6168..flavin.biosynthesis.III..fungi.
2025-05-12 16:21:17.203241 INFO::Fitting model to feature number 226, PWY0.1298..superpathway.of.pyrimidine.deoxyribonucleosides.degradation
2025-05-12 16:21:17.204705 INFO::Fitting model to feature number 227, P4.PWY..superpathway.of.L.lysine..L.threonine.and.L.methionine.biosynthesis.I
2025-05-12 16:21:17.206194 INFO::Fitting model to feature number 228, PWY.5136..fatty.acid..beta..oxidation.II..plant.peroxisome.
2025-05-12 16:21:17.20776 INFO::Fitting model to feature number 229, PWY0.1477..ethanolamine.utilization
2025-05-12 16:21:17.209219 INFO::Fitting model to feature number 230, PWY.5005..biotin.biosynthesis.II
2025-05-12 16:21:17.210783 INFO::Fitting model to feature number 231, PWY.6165..chorismate.biosynthesis.II..archaea.
2025-05-12 16:21:17.212384 INFO::Fitting model to feature number 232, PWY.6906..chitin.derivatives.degradation
2025-05-12 16:21:17.213969 INFO::Fitting model to feature number 233, PWY.7185..UTP.and.CTP.dephosphorylation.I
2025-05-12 16:21:17.215465 INFO::Fitting model to feature number 234, PWY.6305..superpathway.of.putrescine.biosynthesis
2025-05-12 16:21:17.217105 INFO::Fitting model to feature number 235, PWY.8131..5..deoxyadenosine.degradation.II
2025-05-12 16:21:17.218633 INFO::Fitting model to feature number 236, PWY.6590..superpathway.of.Clostridium.acetobutylicum.acidogenic.fermentation
2025-05-12 16:21:17.220251 INFO::Fitting model to feature number 237, PWY.6285..superpathway.of.fatty.acids.biosynthesis..E..coli.
2025-05-12 16:21:17.221776 INFO::Fitting model to feature number 238, GLUDEG.I.PWY..GABA.shunt
2025-05-12 16:21:17.223254 INFO::Fitting model to feature number 239, PWY.7013...S..propane.1.2.diol.degradation
2025-05-12 16:21:17.224879 INFO::Fitting model to feature number 240, PWY.5022..4.aminobutanoate.degradation.V
2025-05-12 16:21:17.226676 INFO::Fitting model to feature number 241, PWY0.1241..ADP.L.glycero..beta..D.manno.heptose.biosynthesis
2025-05-12 16:21:17.228378 INFO::Fitting model to feature number 242, PWY.6284..superpathway.of.unsaturated.fatty.acids.biosynthesis..E..coli.
2025-05-12 16:21:17.230082 INFO::Fitting model to feature number 243, SO4ASSIM.PWY..assimilatory.sulfate.reduction.I
2025-05-12 16:21:17.231687 INFO::Fitting model to feature number 244, PWY.6859..all.trans.farnesol.biosynthesis
2025-05-12 16:21:17.233239 INFO::Fitting model to feature number 245, PWY.5130..2.oxobutanoate.degradation.I
2025-05-12 16:21:17.234841 INFO::Fitting model to feature number 246, TCA..TCA.cycle.I..prokaryotic.
2025-05-12 16:21:17.236497 INFO::Fitting model to feature number 247, CENTFERM.PWY..pyruvate.fermentation.to.butanoate
2025-05-12 16:21:17.237985 INFO::Fitting model to feature number 248, PWY.821..superpathway.of.sulfur.amino.acid.biosynthesis..Saccharomyces.cerevisiae.
2025-05-12 16:21:17.239469 INFO::Fitting model to feature number 249, GALACTARDEG.PWY..D.galactarate.degradation.I
2025-05-12 16:21:17.240997 INFO::Fitting model to feature number 250, GLUCARGALACTSUPER.PWY..superpathway.of.D.glucarate.and.D.galactarate.degradation
2025-05-12 16:21:17.242484 INFO::Fitting model to feature number 251, PWY.5981..CDP.diacylglycerol.biosynthesis.III
2025-05-12 16:21:17.243953 INFO::Fitting model to feature number 252, MET.SAM.PWY..superpathway.of.S.adenosyl.L.methionine.biosynthesis
2025-05-12 16:21:17.245557 INFO::Fitting model to feature number 253, PWY.6167..flavin.biosynthesis.II..archaea.
2025-05-12 16:21:17.246451 WARNING::Fitting problem for feature 253 returning NA
2025-05-12 16:21:17.247207 INFO::Fitting model to feature number 254, PWY.5347..superpathway.of.L.methionine.biosynthesis..transsulfuration.
2025-05-12 16:21:17.248704 INFO::Fitting model to feature number 255, POLYAMINSYN3.PWY..superpathway.of.polyamine.biosynthesis.II
2025-05-12 16:21:17.250211 INFO::Fitting model to feature number 256, PWY.5189..tetrapyrrole.biosynthesis.II..from.glycine.
2025-05-12 16:21:17.251762 INFO::Fitting model to feature number 257, METSYN.PWY..superpathway.of.L.homoserine.and.L.methionine.biosynthesis
2025-05-12 16:21:17.253254 INFO::Fitting model to feature number 258, PWY.561..superpathway.of.glyoxylate.cycle.and.fatty.acid.degradation
2025-05-12 16:21:17.25483 INFO::Fitting model to feature number 259, GLYOXYLATE.BYPASS..glyoxylate.cycle
2025-05-12 16:21:17.25631 INFO::Fitting model to feature number 260, PWY.5918..superpathway.of.heme.b.biosynthesis.from.glutamate
2025-05-12 16:21:17.257811 INFO::Fitting model to feature number 261, PWY.6588..pyruvate.fermentation.to.acetone
2025-05-12 16:21:17.259382 INFO::Fitting model to feature number 262, PWY.6349..CDP.archaeol.biosynthesis
2025-05-12 16:21:17.261027 INFO::Fitting model to feature number 263, PWY4LZ.257..superpathway.of.fermentation..Chlamydomonas.reinhardtii.
2025-05-12 16:21:17.262516 INFO::Fitting model to feature number 264, TCA.GLYOX.BYPASS..superpathway.of.glyoxylate.bypass.and.TCA
2025-05-12 16:21:17.264197 INFO::Fitting model to feature number 265, HEMESYN2.PWY..heme.b.biosynthesis.II..oxygen.independent.
2025-05-12 16:21:17.265655 INFO::Fitting model to feature number 266, PWY.7286..7..3.amino.3.carboxypropyl..wyosine.biosynthesis
2025-05-12 16:21:17.267142 INFO::Fitting model to feature number 267, GLUCARDEG.PWY..D.glucarate.degradation.I
2025-05-12 16:21:17.268638 INFO::Fitting model to feature number 268, PWY.6531..mannitol.cycle
2025-05-12 16:21:17.270106 INFO::Fitting model to feature number 269, PWY.6160..3.dehydroquinate.biosynthesis.II..archaea.
2025-05-12 16:21:17.271644 INFO::Fitting model to feature number 270, PWY.5675..nitrate.reduction.V..assimilatory.
2025-05-12 16:21:17.273226 INFO::Fitting model to feature number 271, PWY.7254..TCA.cycle.VII..acetate.producers.
2025-05-12 16:21:17.274711 INFO::Fitting model to feature number 272, METHANOGENESIS.PWY..methanogenesis.from.H2.and.CO2
2025-05-12 16:21:17.276312 INFO::Fitting model to feature number 273, PWY.6293..superpathway.of.L.cysteine.biosynthesis..fungi.
2025-05-12 16:21:17.277877 INFO::Fitting model to feature number 274, PWY.5690..TCA.cycle.II..plants.and.fungi.
2025-05-12 16:21:17.279361 INFO::Fitting model to feature number 275, PWY.6350..archaetidylinositol.biosynthesis
2025-05-12 16:21:17.281025 INFO::Fitting model to feature number 276, P161.PWY..acetylene.degradation..anaerobic.
2025-05-12 16:21:17.28259 INFO::Fitting model to feature number 277, PWY.5994..palmitate.biosynthesis..type.I.fatty.acid.synthase.
2025-05-12 16:21:17.284085 INFO::Fitting model to feature number 278, NAD.BIOSYNTHESIS.II..NAD.salvage.pathway.III..to.nicotinamide.riboside.
2025-05-12 16:21:17.285573 INFO::Fitting model to feature number 279, PWY.7315..dTDP.N.acetylthomosamine.biosynthesis
2025-05-12 16:21:17.287042 INFO::Fitting model to feature number 280, PWY.5198..factor.420.biosynthesis.II..mycobacteria.
2025-05-12 16:21:17.288572 INFO::Fitting model to feature number 281, PWY.8112..factor.420.biosynthesis.I..archaea.
2025-05-12 16:21:17.290113 INFO::Fitting model to feature number 282, PWY.8113..3PG.factor.420.biosynthesis
2025-05-12 16:21:17.291754 INFO::Fitting model to feature number 283, PWY.7118..chitin.deacetylation
2025-05-12 16:21:17.293271 INFO::Fitting model to feature number 284, PWY.7312..dTDP..beta..D.fucofuranose.biosynthesis
2025-05-12 16:21:17.294882 INFO::Fitting model to feature number 285, HOMOSER.METSYN.PWY..L.methionine.biosynthesis.I
2025-05-12 16:21:17.296422 INFO::Fitting model to feature number 286, ORNDEG.PWY..superpathway.of.ornithine.degradation
2025-05-12 16:21:17.297963 INFO::Fitting model to feature number 287, PWY.6992..1.5.anhydrofructose.degradation
2025-05-12 16:21:17.299432 INFO::Fitting model to feature number 288, PWY.7385..1.3.propanediol.biosynthesis..engineered.
2025-05-12 16:21:17.301126 INFO::Fitting model to feature number 289, PWY.5209..methyl.coenzyme.M.oxidation.to.CO2
2025-05-12 16:21:17.302781 INFO::Fitting model to feature number 290, PWY.5920..superpathway.of.heme.b.biosynthesis.from.glycine
2025-05-12 16:21:17.304302 INFO::Fitting model to feature number 291, PWY.5367..petroselinate.biosynthesis
2025-05-12 16:21:17.305787 INFO::Fitting model to feature number 292, P125.PWY..superpathway.of..R.R..butanediol.biosynthesis
2025-05-12 16:21:17.307272 INFO::Fitting model to feature number 293, PWY.5723..Rubisco.shunt
2025-05-12 16:21:17.308762 INFO::Fitting model to feature number 294, PWY.822..fructan.biosynthesis
2025-05-12 16:21:17.31038 INFO::Fitting model to feature number 295, PWY66.391..fatty.acid..beta..oxidation.VI..mammalian.peroxisome.
2025-05-12 16:21:17.311966 INFO::Fitting model to feature number 296, PWY.5004..superpathway.of.L.citrulline.metabolism
2025-05-12 16:21:17.313539 INFO::Fitting model to feature number 297, HEME.BIOSYNTHESIS.II..heme.b.biosynthesis.I..aerobic.
2025-05-12 16:21:17.315077 INFO::Fitting model to feature number 298, HEME.BIOSYNTHESIS.II.1..heme.b.biosynthesis.V..aerobic.
2025-05-12 16:21:17.316562 INFO::Fitting model to feature number 299, PWY.801..homocysteine.and.cysteine.interconversion
2025-05-12 16:21:17.318052 INFO::Fitting model to feature number 300, ALLANTOINDEG.PWY..superpathway.of.allantoin.degradation.in.yeast
2025-05-12 16:21:17.319632 INFO::Fitting model to feature number 301, P108.PWY..pyruvate.fermentation.to.propanoate.I
2025-05-12 16:21:17.321112 INFO::Fitting model to feature number 302, REDCITCYC..TCA.cycle.VI..Helicobacter.
2025-05-12 16:21:17.322598 INFO::Fitting model to feature number 303, P105.PWY..TCA.cycle.IV..2.oxoglutarate.decarboxylase.
2025-05-12 16:21:17.324091 INFO::Fitting model to feature number 304, PWY.6572..chondroitin.sulfate.degradation.I..bacterial.
2025-05-12 16:21:17.325567 INFO::Fitting model to feature number 305, PWY.6922..L.N.delta..acetylornithine.biosynthesis
2025-05-12 16:21:17.327082 INFO::Fitting model to feature number 306, PWY0.1277..3.phenylpropanoate.and.3..3.hydroxyphenyl.propanoate.degradation
2025-05-12 16:21:17.328759 INFO::Fitting model to feature number 307, PWY0.1415..superpathway.of.heme.b.biosynthesis.from.uroporphyrinogen.III
2025-05-12 16:21:17.33687 INFO::Fitting model to feature number 308, PWY.7942..5.oxo.L.proline.metabolism
2025-05-12 16:21:17.33884 INFO::Fitting model to feature number 309, PWY66.389..phytol.degradation
2025-05-12 16:21:17.340411 INFO::Fitting model to feature number 310, PWY.7883..anhydromuropeptides.recycling.II
2025-05-12 16:21:17.341937 INFO::Fitting model to feature number 311, P23.PWY..reductive.TCA.cycle.I
2025-05-12 16:21:17.343688 INFO::Fitting model to feature number 312, PWY0.301..L.ascorbate.degradation.I..bacterial..anaerobic.
2025-05-12 16:21:17.345415 INFO::Fitting model to feature number 313, PWY.7858...5Z..dodecenoate.biosynthesis.II
2025-05-12 16:21:17.346931 INFO::Fitting model to feature number 314, PWY.5910..superpathway.of.geranylgeranyldiphosphate.biosynthesis.I..via.mevalonate.
2025-05-12 16:21:17.348459 INFO::Fitting model to feature number 315, FAO.PWY..fatty.acid..beta..oxidation.I..generic.
2025-05-12 16:21:17.349931 INFO::Fitting model to feature number 316, PWY0.166..superpathway.of.pyrimidine.deoxyribonucleotides.de.novo.biosynthesis..E..coli.
2025-05-12 16:21:17.351425 INFO::Fitting model to feature number 317, PWY.922..mevalonate.pathway.I..eukaryotes.and.bacteria.
2025-05-12 16:21:17.352918 INFO::Fitting model to feature number 318, PWY.6174..mevalonate.pathway.II..haloarchaea.
2025-05-12 16:21:17.35461 INFO::Fitting model to feature number 319, PWY.8125..mevalonate.pathway.IV..archaea.
2025-05-12 16:21:17.356154 INFO::Fitting model to feature number 320, PWY.6478..GDP.D.glycero..alpha..D.manno.heptose.biosynthesis
2025-05-12 16:21:17.357632 INFO::Fitting model to feature number 321, PWY.7688..dTDP..alpha..D.ravidosamine.and.dTDP.4.acetyl..alpha..D.ravidosamine.biosynthesis
2025-05-12 16:21:17.359245 INFO::Fitting model to feature number 322, PWY490.3..nitrate.reduction.VI..assimilatory.
2025-05-12 16:21:17.361014 INFO::Fitting model to feature number 323, PWY66.367..ketogenesis
2025-05-12 16:21:17.362552 INFO::Fitting model to feature number 324, HCAMHPDEG.PWY..3.phenylpropanoate.and.3..3.hydroxyphenyl.propanoate.degradation.to.2.hydroxypentadienoate
2025-05-12 16:21:17.364248 INFO::Fitting model to feature number 325, PWY.6690..cinnamate.and.3.hydroxycinnamate.degradation.to.2.hydroxypentadienoate
2025-05-12 16:21:17.365744 INFO::Fitting model to feature number 326, PWY.6953..dTDP.3.acetamido..alpha..D.fucose.biosynthesis
2025-05-12 16:21:17.367303 INFO::Fitting model to feature number 327, PWY.5138..fatty.acid..beta..oxidation.IV..unsaturated..even.number.
2025-05-12 16:21:17.368801 INFO::Fitting model to feature number 328, METHGLYUT.PWY..superpathway.of.methylglyoxal.degradation
2025-05-12 16:21:17.370263 INFO::Fitting model to feature number 329, PWY.7391..isoprene.biosynthesis.II..engineered.
2025-05-12 16:21:17.371758 INFO::Fitting model to feature number 330, AST.PWY..L.arginine.degradation.II..AST.pathway.
2025-05-12 16:21:17.373375 INFO::Fitting model to feature number 331, PWY.7807..glyphosate.degradation.III
2025-05-12 16:21:17.374864 INFO::Fitting model to feature number 332, PWY0.1338..polymyxin.resistance
2025-05-12 16:21:17.376359 INFO::Fitting model to feature number 333, PWY.6803..phosphatidylcholine.acyl.editing
2025-05-12 16:21:17.377867 INFO::Fitting model to feature number 334, P163.PWY..L.lysine.fermentation.to.acetate.and.butanoate
2025-05-12 16:21:17.37943 INFO::Fitting model to feature number 335, PWY.7723..bacterial.bioluminescence
2025-05-12 16:21:17.381058 INFO::Fitting model to feature number 336, AEROBACTINSYN.PWY..aerobactin.biosynthesis
2025-05-12 16:21:17.382649 INFO::Fitting model to feature number 337, KDO.NAGLIPASYN.PWY..superpathway.of..Kdo.2.lipid.A.biosynthesis
2025-05-12 16:21:17.384133 INFO::Fitting model to feature number 338, PWY.5464..superpathway.of.cytosolic.glycolysis..plants...pyruvate.dehydrogenase.and.TCA.cycle
2025-05-12 16:21:17.385612 INFO::Fitting model to feature number 339, PWY.7409..phospholipid.remodeling..phosphatidylethanolamine..yeast.
2025-05-12 16:21:17.387105 INFO::Fitting model to feature number 340, PWY.6961..L.ascorbate.degradation.II..bacterial..aerobic.
2025-05-12 16:21:17.388586 INFO::Fitting model to feature number 341, PWY.7340..9.cis..11.trans.octadecadienoyl.CoA.degradation..isomerase.dependent..yeast.
2025-05-12 16:21:17.39007 INFO::Fitting model to feature number 342, GLYCOLYSIS.TCA.GLYOX.BYPASS..superpathway.of.glycolysis..pyruvate.dehydrogenase..TCA..and.glyoxylate.bypass
2025-05-12 16:21:17.39168 INFO::Fitting model to feature number 343, PWY0.1533..methylphosphonate.degradation.I
2025-05-12 16:21:17.393436 INFO::Fitting model to feature number 344, PROTOCATECHUATE.ORTHO.CLEAVAGE.PWY..protocatechuate.degradation.II..ortho.cleavage.pathway.
2025-05-12 16:21:17.395224 INFO::Fitting model to feature number 345, P621.PWY..nylon.6.oligomer.degradation
2025-05-12 16:21:17.397013 INFO::Fitting model to feature number 346, LIPASYN.PWY..phospholipases
2025-05-12 16:21:17.398675 INFO::Fitting model to feature number 347, KETOGLUCONMET.PWY..ketogluconate.metabolism
2025-05-12 16:21:17.400239 INFO::Fitting model to feature number 348, PWY.7783..plasmalogen.degradation
2025-05-12 16:21:17.401879 INFO::Fitting model to feature number 349, PWY.7269..mitochondrial.NADPH.production..yeast.
2025-05-12 16:21:17.403378 INFO::Fitting model to feature number 350, PWY.7805...aminomethyl.phosphonate.degradation
2025-05-12 16:21:17.404944 INFO::Fitting model to feature number 351, PWY.5972..stearate.biosynthesis.I..animals.
2025-05-12 16:21:17.406433 INFO::Fitting model to feature number 352, PWY0.1337..oleate..beta..oxidation
2025-05-12 16:21:17.407926 INFO::Fitting model to feature number 353, PWY0.1221..putrescine.degradation.II
2025-05-12 16:21:17.409415 INFO::Fitting model to feature number 354, PWY.7094..fatty.acid.salvage
2025-05-12 16:21:17.41113 INFO::Fitting model to feature number 355, PWY.7209..superpathway.of.pyrimidine.ribonucleosides.degradation
2025-05-12 16:21:17.412667 INFO::Fitting model to feature number 356, PWY.7196..superpathway.of.pyrimidine.ribonucleosides.salvage
2025-05-12 16:21:17.414294 INFO::Fitting model to feature number 357, PRPP.PWY..superpathway.of.histidine..purine..and.pyrimidine.biosynthesis
2025-05-12 16:21:17.415885 INFO::Fitting model to feature number 358, PWY.8188..L.alanine.degradation.VI..reductive.Stickland.reaction.
2025-05-12 16:21:17.417547 INFO::Fitting model to feature number 359, PWY.8189..L.alanine.degradation.V..oxidative.Stickland.reaction.
2025-05-12 16:21:17.419142 INFO::Fitting model to feature number 360, PROPFERM.PWY..superpathway.of.L.alanine.fermentation..Stickland.reaction.
2025-05-12 16:21:17.420958 INFO::Fitting model to feature number 361, P261.PWY..coenzyme.M.biosynthesis.I
2025-05-12 16:21:17.42196 WARNING::Fitting problem for feature 361 returning NA
2025-05-12 16:21:17.422747 INFO::Fitting model to feature number 362, DENOVOPURINE2.PWY..superpathway.of.purine.nucleotides.de.novo.biosynthesis.II
2025-05-12 16:21:17.424272 INFO::Fitting model to feature number 363, PWY.6435..4.hydroxybenzoate.biosynthesis.III..plants.
2025-05-12 16:21:17.425849 INFO::Fitting model to feature number 364, PWY.5494..pyruvate.fermentation.to.propanoate.II..acrylate.pathway.
2025-05-12 16:21:17.42745 INFO::Fitting model to feature number 365, PWY.5104..L.isoleucine.biosynthesis.IV
2025-05-12 16:21:17.429041 INFO::Fitting model to feature number 366, PWY.7187..pyrimidine.deoxyribonucleotides.de.novo.biosynthesis.II
2025-05-12 16:21:17.430735 INFO::Fitting model to feature number 367, PWY.6143..CMP.pseudaminate.biosynthesis
2025-05-12 16:21:17.432234 INFO::Fitting model to feature number 368, PWY.3781..aerobic.respiration.I..cytochrome.c.
2025-05-12 16:21:17.433812 INFO::Fitting model to feature number 369, PWY.5897..superpathway.of.menaquinol.11.biosynthesis
2025-05-12 16:21:17.435306 INFO::Fitting model to feature number 370, PWY.5898..superpathway.of.menaquinol.12.biosynthesis
2025-05-12 16:21:17.436828 INFO::Fitting model to feature number 371, PWY.5899..superpathway.of.menaquinol.13.biosynthesis
2025-05-12 16:21:17.438331 INFO::Fitting model to feature number 372, PWY.5840..superpathway.of.menaquinol.7.biosynthesis
2025-05-12 16:21:17.439952 INFO::Fitting model to feature number 373, PWY.5838..superpathway.of.menaquinol.8.biosynthesis.I
2025-05-12 16:21:17.441469 INFO::Fitting model to feature number 374, PWY.5845..superpathway.of.menaquinol.9.biosynthesis
2025-05-12 16:21:17.443015 INFO::Fitting model to feature number 375, PWY.5850..superpathway.of.menaquinol.6.biosynthesis
2025-05-12 16:21:17.444638 INFO::Fitting model to feature number 376, PWY.5896..superpathway.of.menaquinol.10.biosynthesis
2025-05-12 16:21:17.446283 INFO::Fitting model to feature number 377, P122.PWY..heterolactic.fermentation
2025-05-12 16:21:17.447845 INFO::Fitting model to feature number 378, PWY.5861..superpathway.of.demethylmenaquinol.8.biosynthesis.I
2025-05-12 16:21:17.449446 INFO::Fitting model to feature number 379, PWY.5860..superpathway.of.demethylmenaquinol.6.biosynthesis.I
2025-05-12 16:21:17.450901 INFO::Fitting model to feature number 380, PWY.5862..superpathway.of.demethylmenaquinol.9.biosynthesis
2025-05-12 16:21:17.452382 INFO::Fitting model to feature number 381, PWY.5837..2.carboxy.1.4.naphthoquinol.biosynthesis
2025-05-12 16:21:17.45386 INFO::Fitting model to feature number 382, PWY.6518..bile.acids.epimerization
2025-05-12 16:21:17.455385 INFO::Fitting model to feature number 383, P221.PWY..octane.oxidation
2025-05-12 16:21:17.456856 INFO::Fitting model to feature number 384, PWY.5656..mannosylglycerate.biosynthesis.I
2025-05-12 16:21:17.458427 INFO::Fitting model to feature number 385, PWY.6876..isopropanol.biosynthesis..engineered.
2025-05-12 16:21:17.459897 INFO::Fitting model to feature number 386, PWY.5392..reductive.TCA.cycle.II
2025-05-12 16:21:17.461434 INFO::Fitting model to feature number 387, PWY.7204..pyridoxal.5..phosphate.salvage.II..plants.
2025-05-12 16:21:17.463045 INFO::Fitting model to feature number 388, PWY0.42..2.methylcitrate.cycle.I
2025-05-12 16:21:17.464587 INFO::Fitting model to feature number 389, PWY.6749..CMP.legionaminate.biosynthesis.I
2025-05-12 16:21:17.466069 INFO::Fitting model to feature number 390, PWY.7434..terminal.O.glycans.residues.modification..via.type.2.precursor.disaccharide.
2025-05-12 16:21:17.467676 INFO::Fitting model to feature number 391, ECASYN.PWY..enterobacterial.common.antigen.biosynthesis
2025-05-12 16:21:17.469159 INFO::Fitting model to feature number 392, PWY.7616..methanol.oxidation.to.carbon.dioxide
2025-05-12 16:21:17.470625 INFO::Fitting model to feature number 393, PWY.5747..2.methylcitrate.cycle.II
2025-05-12 16:21:17.472107 INFO::Fitting model to feature number 394, CHLOROPHYLL.SYN..3.8.divinyl.chlorophyllide.a.biosynthesis.I..aerobic..light.dependent.
2025-05-12 16:21:17.472945 WARNING::Fitting problem for feature 394 returning NA
2025-05-12 16:21:17.473683 INFO::Fitting model to feature number 395, PWY.7159..3.8.divinyl.chlorophyllide.a.biosynthesis.III..aerobic..light.independent.
2025-05-12 16:21:17.475147 INFO::Fitting model to feature number 396, PWY.6807..xyloglucan.degradation.II..exoglucanase.
2025-05-12 16:21:17.476885 INFO::Fitting model to feature number 397, PWY.5677..succinate.fermentation.to.butanoate
2025-05-12 16:21:17.478376 INFO::Fitting model to feature number 398, PWY.7992..superpathway.of.menaquinol.8.biosynthesis.III
2025-05-12 16:21:17.479932 INFO::Fitting model to feature number 399, PWY.7031..protein.N.glycosylation..bacterial.
2025-05-12 16:21:17.481455 INFO::Fitting model to feature number 400, PWY.6920..6.gingerol.analog.biosynthesis..engineered.
2025-05-12 16:21:17.482943 INFO::Fitting model to feature number 401, PWY.7371..1.4.dihydroxy.6.naphthoate.biosynthesis.II
2025-05-12 16:21:17.484428 INFO::Fitting model to feature number 402, PWY.7316..dTDP.N.acetylviosamine.biosynthesis
2025-05-12 16:21:17.485441 INFO::Fitting model to feature number 403, PWY.5180..toluene.degradation.I..aerobic...via.o.cresol.
2025-05-12 16:21:17.486918 INFO::Fitting model to feature number 404, PWY.6562..norspermidine.biosynthesis
2025-05-12 16:21:17.488408 INFO::Fitting model to feature number 405, LIPA.CORESYN.PWY..lipid.A.core.biosynthesis..E..coli.K.12.
2025-05-12 16:21:17.48988 INFO::Fitting model to feature number 406, PWY.5415..catechol.degradation.I..meta.cleavage.pathway.
2025-05-12 16:21:17.491376 INFO::Fitting model to feature number 407, X3.HYDROXYPHENYLACETATE.DEGRADATION.PWY..4.hydroxyphenylacetate.degradation
2025-05-12 16:21:17.492861 INFO::Fitting model to feature number 408, PWY.5705..allantoin.degradation.to.glyoxylate.III
2025-05-12 16:21:17.494544 INFO::Fitting model to feature number 409, PWY.5692..allantoin.degradation.to.glyoxylate.II
2025-05-12 16:21:17.496032 INFO::Fitting model to feature number 410, URDEGR.PWY..superpathway.of.allantoin.degradation.in.plants
2025-05-12 16:21:17.497599 INFO::Fitting model to feature number 411, PWY.6328..L.lysine.degradation.X
2025-05-12 16:21:17.499151 INFO::Fitting model to feature number 412, PWY0.41..allantoin.degradation.IV..anaerobic.
2025-05-12 16:21:17.500685 INFO::Fitting model to feature number 413, PWY.7446..sulfoquinovose.degradation.I
2025-05-12 16:21:17.502167 INFO::Fitting model to feature number 414, PWY66.430..myristate.biosynthesis..mitochondria.
2025-05-12 16:21:17.50376 INFO::Fitting model to feature number 415, PWY.7388..octanoyl..acyl.carrier.protein..biosynthesis..mitochondria..yeast.
2025-05-12 16:21:17.505228 INFO::Fitting model to feature number 416, PWY.6471..peptidoglycan.biosynthesis.IV..Enterococcus.faecium.
2025-05-12 16:21:17.506692 INFO::Fitting model to feature number 417, PWY.5855..ubiquinol.7.biosynthesis..early.decarboxylation.
2025-05-12 16:21:17.508167 INFO::Fitting model to feature number 418, UDPNACETYLGALSYN.PWY..UDP.N.acetyl.D.glucosamine.biosynthesis.II
2025-05-12 16:21:17.509648 INFO::Fitting model to feature number 419, DARABCATK12.PWY..D.arabinose.degradation.I
2025-05-12 16:21:17.511208 INFO::Fitting model to feature number 420, PWY.7279..aerobic.respiration.II..cytochrome.c...yeast.
2025-05-12 16:21:17.512906 INFO::Fitting model to feature number 421, PWY.7039..phosphatidate.metabolism..as.a.signaling.molecule
2025-05-12 16:21:17.51445 INFO::Fitting model to feature number 422, PWY.5028..L.histidine.degradation.II
2025-05-12 16:21:17.515357 INFO::Fitting model to feature number 423, ARGDEG.PWY..superpathway.of.L.arginine..putrescine..and.4.aminobutanoate.degradation
2025-05-12 16:21:17.516267 INFO::Fitting model to feature number 424, ORNARGDEG.PWY..superpathway.of.L.arginine.and.L.ornithine.degradation
2025-05-12 16:21:17.517167 INFO::Fitting model to feature number 425, THREOCAT.PWY..superpathway.of.L.threonine.metabolism
2025-05-12 16:21:17.518056 INFO::Fitting model to feature number 426, PWY.6185..4.methylcatechol.degradation..ortho.cleavage.
2025-05-12 16:21:17.51905 INFO::Fitting model to feature number 427, PWY.6318..L.phenylalanine.degradation.IV..mammalian..via.side.chain.
2025-05-12 16:21:17.519943 INFO::Fitting model to feature number 428, GLYCOL.GLYOXDEG.PWY..superpathway.of.glycol.metabolism.and.degradation
2025-05-12 16:21:17.52084 INFO::Fitting model to feature number 429, PWY0.461..L.lysine.degradation.I
2025-05-12 16:21:17.521729 INFO::Fitting model to feature number 430, PWY.4361..S.methyl.5.thio..alpha..D.ribose.1.phosphate.degradation.I
2025-05-12 16:21:17.522619 INFO::Fitting model to feature number 431, CARNMET.PWY..L.carnitine.degradation.I
2025-05-12 16:21:17.523502 INFO::Fitting model to feature number 432, PWY.2221..Entner.Doudoroff.pathway.III..semi.phosphorylative.
2025-05-12 16:21:17.524508 INFO::Fitting model to feature number 433, PWY.7165..L.ascorbate.biosynthesis.VIII..engineered.pathway.
2025-05-12 16:21:17.525402 INFO::Fitting model to feature number 434, PWY.6215..4.chlorobenzoate.degradation
2025-05-12 16:21:17.526289 INFO::Fitting model to feature number 435, PWY.7245..superpathway.of.NAD.NADP...NADH.NADPH.interconversion..yeast.
2025-05-12 16:21:17.527184 INFO::Fitting model to feature number 436, UBISYN.PWY..superpathway.of.ubiquinol.8.biosynthesis..early.decarboxylation.
2025-05-12 16:21:17.528128 INFO::Fitting model to feature number 437, PWY.7874..L.threonate.degradation
2025-05-12 16:21:17.529106 INFO::Fitting model to feature number 438, PWY.6708..ubiquinol.8.biosynthesis..early.decarboxylation.
2025-05-12 16:21:17.530151 INFO::Fitting model to feature number 439, PWY.5088..L.glutamate.degradation.VIII..to.propanoate.
2025-05-12 16:21:17.531097 INFO::Fitting model to feature number 440, PWY.7268..cytosolic.NADPH.production..yeast.
2025-05-12 16:21:17.532106 INFO::Fitting model to feature number 441, PWY.7873..D.erythronate.degradation.II
2025-05-12 16:21:17.533055 INFO::Fitting model to feature number 442, PWY.8086...S..lactate.fermentation.to.propanoate..acetate.and.hydrogen
2025-05-12 16:21:17.533978 INFO::Fitting model to feature number 443, PWY.7384..anaerobic.energy.metabolism..invertebrates..mitochondrial.
2025-05-12 16:21:17.534898 INFO::Fitting model to feature number 444, PWY.5156..superpathway.of.fatty.acid.biosynthesis.II..plant.
2025-05-12 16:21:17.535929 INFO::Fitting model to feature number 445, PWY.7527..L.methionine.salvage.cycle.III
2025-05-12 16:21:17.536866 INFO::Fitting model to feature number 446, PWY.5417..catechol.degradation.III..ortho.cleavage.pathway.
2025-05-12 16:21:17.537767 INFO::Fitting model to feature number 447, PWY.5431..aromatic.compounds.degradation.via..beta..ketoadipate
2025-05-12 16:21:17.53866 INFO::Fitting model to feature number 448, PWY.6182..superpathway.of.salicylate.degradation
2025-05-12 16:21:17.539539 INFO::Fitting model to feature number 449, CATECHOL.ORTHO.CLEAVAGE.PWY..catechol.degradation.to..beta..ketoadipate
2025-05-12 16:21:17.540432 INFO::Fitting model to feature number 450, P562.PWY..myo.inositol.degradation.I
2025-05-12 16:21:17.541404 INFO::Fitting model to feature number 451, PWY1G.0..mycothiol.biosynthesis
2025-05-12 16:21:17.542293 INFO::Fitting model to feature number 452, DENITRIFICATION.PWY..nitrate.reduction.I..denitrification.
2025-05-12 16:21:17.543186 INFO::Fitting model to feature number 453, PWY.7294..D.xylose.degradation.IV
2025-05-12 16:21:17.544065 INFO::Fitting model to feature number 454, URSIN.PWY..ureide.biosynthesis
2025-05-12 16:21:17.54495 INFO::Fitting model to feature number 455, LPSSYN.PWY..superpathway.of.lipopolysaccharide.biosynthesis
2025-05-12 16:21:17.545853 INFO::Fitting model to feature number 456, PWY.6396..superpathway.of.2.3.butanediol.biosynthesis
2025-05-12 16:21:17.546867 INFO::Fitting model to feature number 457, PWY.3801..sucrose.degradation.II..sucrose.synthase.
2025-05-12 16:21:17.547763 INFO::Fitting model to feature number 458, PWY.6797..6.hydroxymethyl.dihydropterin.diphosphate.biosynthesis.II..Methanocaldococcus.
2025-05-12 16:21:17.548654 INFO::Fitting model to feature number 459, PWY.8190..L.glutamate.degradation.XI..reductive.Stickland.reaction.
2025-05-12 16:21:17.549541 INFO::Fitting model to feature number 460, PWY.7396..butanol.and.isobutanol.biosynthesis..engineered.
2025-05-12 16:21:17.550428 INFO::Fitting model to feature number 461, PWY.7389..superpathway.of.anaerobic.energy.metabolism..invertebrates.
2025-05-12 16:21:17.551317 INFO::Fitting model to feature number 462, CRNFORCAT.PWY..creatinine.degradation.I
2025-05-12 16:21:17.552306 INFO::Fitting model to feature number 463, PWY5F9.12..biphenyl.degradation
2025-05-12 16:21:17.553188 INFO::Fitting model to feature number 464, PWY.5514..UDP.N.acetyl.D.galactosamine.biosynthesis.II
2025-05-12 16:21:17.554071 INFO::Fitting model to feature number 465, X12DICHLORETHDEG.PWY..1.2.dichloroethane.degradation
2025-05-12 16:21:17.561792 INFO::Fitting model to feature number 466, DHGLUCONATE.PYR.CAT.PWY..glucose.degradation..oxidative.
2025-05-12 16:21:17.562881 INFO::Fitting model to feature number 467, PWY.7820..teichuronic.acid.biosynthesis..B..subtilis.168.
2025-05-12 16:21:17.563878 INFO::Fitting model to feature number 468, PWY.5420..catechol.degradation.II..meta.cleavage.pathway.
2025-05-12 16:21:17.564923 INFO::Fitting model to feature number 469, PWY.5419..catechol.degradation.to.2.hydroxypentadienoate.II
2025-05-12 16:21:17.565845 INFO::Fitting model to feature number 470, PWY.5654..2.amino.3.carboxymuconate.semialdehyde.degradation.to.2.hydroxypentadienoate
2025-05-12 16:21:17.566755 INFO::Fitting model to feature number 471, PWY.6210..2.aminophenol.degradation
2025-05-12 16:21:17.567663 INFO::Fitting model to feature number 472, PWY.7009..2.2..dihydroxybiphenyl.degradation
2025-05-12 16:21:17.56856 INFO::Fitting model to feature number 473, PWY.6981..chitin.biosynthesis
2025-05-12 16:21:17.569462 INFO::Fitting model to feature number 474, PWY66.388..ceramide.degradation.by..alpha..oxidation
2025-05-12 16:21:17.570455 INFO::Fitting model to feature number 475, PWY.7317..superpathway.of.dTDP.glucose.derived.O.antigen.building.blocks.biosynthesis
2025-05-12 16:21:17.571353 INFO::Fitting model to feature number 476, PWY.7528..L.methionine.salvage.cycle.I..bacteria.and.plants.
2025-05-12 16:21:17.572254 INFO::Fitting model to feature number 477, ALL.CHORISMATE.PWY..superpathway.of.chorismate.metabolism
2025-05-12 16:21:17.573138 INFO::Fitting model to feature number 478, PWY.2201..folate.transformations.I
2025-05-12 16:21:17.574038 INFO::Fitting model to feature number 479, PWY.5079..L.phenylalanine.degradation.III
2025-05-12 16:21:17.574928 INFO::Fitting model to feature number 480, PWY.7511..protein.ubiquitination
2025-05-12 16:21:17.575998 INFO::Fitting model to feature number 481, PWY66.398..TCA.cycle.III..animals.
2025-05-12 16:21:17.576922 INFO::Fitting model to feature number 482, PWY.7411..phosphatidate.biosynthesis..yeast.
2025-05-12 16:21:17.577814 INFO::Fitting model to feature number 483, PWY.8055..palmitoyl.ethanolamide.biosynthesis
2025-05-12 16:21:17.578709 INFO::Fitting model to feature number 484, PWY.5067..glycogen.biosynthesis.II..from.UDP.D.Glucose.
2025-05-12 16:21:17.579664 INFO::Fitting model to feature number 485, PWY3O.4108..L.tyrosine.degradation.III
2025-05-12 16:21:17.58061 INFO::Fitting model to feature number 486, PWY.7420..monoacylglycerol.metabolism..yeast.
2025-05-12 16:21:17.581618 INFO::Fitting model to feature number 487, PWY.5647..2.nitrobenzoate.degradation.I
2025-05-12 16:21:17.582509 INFO::Fitting model to feature number 488, PWY.6842..glutathione.mediated.detoxification.II
2025-05-12 16:21:17.583404 INFO::Fitting model to feature number 489, TRIGLSYN.PWY..diacylglycerol.and.triacylglycerol.biosynthesis
2025-05-12 16:21:17.584297 INFO::Fitting model to feature number 490, PWY.5870..ubiquinol.8.biosynthesis..late.decarboxylation.
2025-05-12 16:21:17.585196 INFO::Fitting model to feature number 491, PWY.6596..adenosine.nucleotides.degradation.I
2025-05-12 16:21:17.586083 INFO::Fitting model to feature number 492, PWY.6837..fatty.acid..beta..oxidation.V..unsaturated..odd.number..di.isomerase.dependent.
2025-05-12 16:21:17.587081 INFO::Fitting model to feature number 493, PWY.3502..superpathway.of.NAD.biosynthesis.in.eukaryotes
2025-05-12 16:21:17.587963 INFO::Fitting model to feature number 494, PWY.5129..sphingolipid.biosynthesis..plants.
2025-05-12 16:21:17.588864 INFO::Fitting model to feature number 495, PWY.5655..L.tryptophan.degradation.IX
2025-05-12 16:21:17.589763 INFO::Fitting model to feature number 496, PWY3DJ.12..ceramide.de.novo.biosynthesis
2025-05-12 16:21:17.590645 INFO::Fitting model to feature number 497, PWY.7337..10.cis.heptadecenoyl.CoA.degradation..yeast.
2025-05-12 16:21:17.591542 INFO::Fitting model to feature number 498, PWY.7338..10.trans.heptadecenoyl.CoA.degradation..reductase.dependent..yeast.
2025-05-12 16:21:17.592655 INFO::Fitting model to feature number 499, NADSYN.PWY..NAD.de.novo.biosynthesis.II..from.tryptophan.
2025-05-12 16:21:17.593694 INFO::Fitting model to feature number 500, PWY.5873..ubiquinol.7.biosynthesis..late.decarboxylation.
2025-05-12 16:21:17.594658 INFO::Fitting model to feature number 501, PWY.6309..L.tryptophan.degradation.XI..mammalian..via.kynurenine.
2025-05-12 16:21:17.595606 INFO::Fitting model to feature number 502, PWY.7546..diphthamide.biosynthesis.II..eukaryotes.
2025-05-12 16:21:17.596617 INFO::Fitting model to feature number 503, SPHINGOLIPID.SYN.PWY..sphingolipid.biosynthesis..yeast.
2025-05-12 16:21:17.597609 INFO::Fitting model to feature number 504, PWY.7283..wybutosine.biosynthesis
2025-05-12 16:21:17.598661 INFO::Fitting model to feature number 505, PWY.7230..ubiquinol.6.biosynthesis.from.4.aminobenzoate..yeast.
2025-05-12 16:21:17.599584 INFO::Fitting model to feature number 506, PWY.7156..superpathway.of.ergosterol.biosynthesis.II
2025-05-12 16:21:17.600518 INFO::Fitting model to feature number 507, PWY3O.19..ubiquinol.6.biosynthesis..late.decarboxylation.
2025-05-12 16:21:17.601435 INFO::Fitting model to feature number 508, PWY.7235..superpathway.of.ubiquinol.6.biosynthesis..late.decarboxylation.
2025-05-12 16:21:17.602333 INFO::Fitting model to feature number 509, PWY.7800..Ac.N.end.rule.pathway
2025-05-12 16:21:17.603235 INFO::Fitting model to feature number 510, PWY.7919..protein.N.glycosylation.processing.phase..plants.and.animals.
2025-05-12 16:21:17.6043 INFO::Fitting model to feature number 511, ERGOSTEROL.SYN.PWY..superpathway.of.ergosterol.biosynthesis.I
2025-05-12 16:21:17.60521 INFO::Fitting model to feature number 512, PWY.5651..L.tryptophan.degradation.to.2.amino.3.carboxymuconate.semialdehyde
2025-05-12 16:21:17.606121 INFO::Fitting model to feature number 513, MANNOSYL.CHITO.DOLICHOL.BIOSYNTHESIS..protein.N.glycosylation.initial.phase..eukaryotic.
2025-05-12 16:21:17.607014 INFO::Fitting model to feature number 514, PWY.7724..icosapentaenoate.biosynthesis.III..8.desaturase..mammals.
2025-05-12 16:21:17.607932 INFO::Fitting model to feature number 515, PWY.7717..3.hydroxy.4.methyl.anthranilate.biosynthesis.I
2025-05-12 16:21:17.608886 INFO::Fitting model to feature number 516, PWY.5080..very.long.chain.fatty.acid.biosynthesis.I
2025-05-12 16:21:17.610102 INFO::Fitting model to feature number 517, PWY.7606..docosahexaenoate.biosynthesis.III..6.desaturase..mammals.
2025-05-12 16:21:17.611063 INFO::Fitting model to feature number 518, PWY.7726...4Z.7Z.10Z.13Z.16Z..docosapentaenoate.biosynthesis..6.desaturase.
2025-05-12 16:21:17.612017 INFO::Fitting model to feature number 519, PWY.7035...9Z..tricosene.biosynthesis
2025-05-12 16:21:17.613007 INFO::Fitting model to feature number 520, PWY.7036..very.long.chain.fatty.acid.biosynthesis.II
2025-05-12 16:21:17.613992 INFO::Fitting model to feature number 521, PWY.8041..ultra.long.chain.fatty.acid.biosynthesis
2025-05-12 16:21:17.614921 INFO::Fitting model to feature number 522, PWY.6829..tRNA.methylation..yeast.
2025-05-12 16:21:17.615955 INFO::Fitting model to feature number 523, PWY.6075..ergosterol.biosynthesis.I
2025-05-12 16:21:17.616874 INFO::Fitting model to feature number 524, PWY.6351..D.myo.inositol..1.4.5..trisphosphate.biosynthesis
2025-05-12 16:21:17.617782 INFO::Fitting model to feature number 525, PWY.6352..3.phosphoinositide.biosynthesis
2025-05-12 16:21:17.61869 INFO::Fitting model to feature number 526, PWY.6598..sciadonate.biosynthesis
2025-05-12 16:21:17.619598 INFO::Fitting model to feature number 527, PWY.7619..juniperonate.biosynthesis
2025-05-12 16:21:17.620508 INFO::Fitting model to feature number 528, PWY.7725..arachidonate.biosynthesis.V..8.detaturase..mammals.
2025-05-12 16:21:17.62151 INFO::Fitting model to feature number 529, P101.PWY..ectoine.biosynthesis
2025-05-12 16:21:17.622403 INFO::Fitting model to feature number 530, PWY.7053..docosahexaenoate.biosynthesis.I..lower.eukaryotes.
2025-05-12 16:21:17.623295 INFO::Fitting model to feature number 531, PWY.7200..superpathway.of.pyrimidine.deoxyribonucleoside.salvage
2025-05-12 16:21:17.624199 INFO::Fitting model to feature number 532, PWY.6113..superpathway.of.mycolate.biosynthesis
2025-05-12 16:21:17.625102 INFO::Fitting model to feature number 533, PWY.7399..methylphosphonate.degradation.II
2025-05-12 16:21:17.625993 INFO::Fitting model to feature number 534, PWY.1501..mandelate.degradation.I
2025-05-12 16:21:17.627003 INFO::Fitting model to feature number 535, X4.HYDROXYMANDELATE.DEGRADATION.PWY..4.hydroxymandelate.degradation
2025-05-12 16:21:17.691702 WARNING::Deleting existing residuals file: maaslin3_analysis/fits/residuals_linear.rds
2025-05-12 16:21:17.69242 INFO::Writing residuals to file maaslin3_analysis/fits/residuals_linear.rds
2025-05-12 16:21:17.695638 WARNING::Deleting existing fitted file: maaslin3_analysis/fits/fitted_linear.rds
2025-05-12 16:21:17.696187 INFO::Writing fitted values to file maaslin3_analysis/fits/fitted_linear.rds
2025-05-12 16:21:17.698193 WARNING::Deleting existing residuals file: maaslin3_analysis/fits/residuals_logistic.rds
2025-05-12 16:21:17.698674 INFO::Writing residuals to file maaslin3_analysis/fits/residuals_logistic.rds
2025-05-12 16:21:17.701911 WARNING::Deleting existing fitted file: maaslin3_analysis/fits/fitted_logistic.rds
2025-05-12 16:21:17.702433 INFO::Writing fitted values to file maaslin3_analysis/fits/fitted_logistic.rds
2025-05-12 16:21:17.707368 INFO::Writing all the results to file (ordered 
            by increasing individual q-values): maaslin3_analysis/all_results.tsv
2025-05-12 16:21:17.715185 INFO::Writing the significant results without errors (those which have joint q-values less than or equal to the threshold of 0.100000 ) to file (ordered by increasing individual q-values): maaslin3_analysis/significant_results.tsv
2025-05-12 16:21:17.720076 INFO::Writing summary plot of significant 
                        results to file: maaslin3_analysis/figures/summary_plot.pdf
2025-05-12 16:21:18.453373 INFO::Writing association plots (one for each significant association) to output folder: maaslin3_analysis/figures
2025-05-12 16:21:18.454654 INFO::Plotting associations from most to least significant, grouped by metadata
2025-05-12 16:21:18.457226 INFO::Creating box plot for categorical data (linear), 
                        group_FMT vs ARGSYN.PWY..L.arginine.biosynthesis.I..via.L.ornithine.
2025-05-12 16:21:18.46793 INFO::Creating box plot for categorical data (linear), 
                        group_FMT vs ARGSYNBSUB.PWY..L.arginine.biosynthesis.II..acetyl.cycle.
2025-05-12 16:21:18.476186 INFO::Creating box plot for categorical data (linear), 
                        group_FMT vs GLUTORN.PWY..L.ornithine.biosynthesis.I
2025-05-12 16:21:18.484276 INFO::Creating box plot for categorical data (linear), 
                        group_FMT vs GLYCOGENSYNTH.PWY..glycogen.biosynthesis.I..from.ADP.D.Glucose.
2025-05-12 16:21:18.499377 INFO::Creating box plot for categorical data (linear), 
                        group_FMT vs PWY.5941..glycogen.degradation.II
2025-05-12 16:21:18.507757 INFO::Creating box plot for categorical data (linear), 
                        group_FMT vs PWY.6270..isoprene.biosynthesis.I
2025-05-12 16:21:18.516218 INFO::Creating box plot for categorical data (linear), 
                        group_FMT vs PWY.6823..molybdopterin.biosynthesis
2025-05-12 16:21:18.524268 INFO::Creating box plot for categorical data (linear), 
                        group_FMT vs PWY.7238..sucrose.biosynthesis.II
2025-05-12 16:21:18.532724 INFO::Creating box plot for categorical data (linear), 
                        group_FMT vs PWY.7357..thiamine.phosphate.formation.from.pyrithiamine.and.oxythiamine..yeast.
2025-05-12 16:21:18.54115 INFO::Creating box plot for categorical data (linear), 
                        group_FMT vs PWY.7560..methylerythritol.phosphate.pathway.II
2025-05-12 16:21:18.550497 INFO::Creating box plot for categorical data (linear), 
                        group_FMT vs COMPLETE.ARO.PWY..superpathway.of.aromatic.amino.acid.biosynthesis
2025-05-12 16:21:18.55908 INFO::Creating box plot for categorical data (linear), 
                        group_FMT vs ARO.PWY..chorismate.biosynthesis.I
2025-05-12 16:21:18.568282 INFO::Creating box plot for categorical data (linear), 
                        group_FMT vs PWY.6163..chorismate.biosynthesis.from.3.dehydroquinate
2025-05-12 16:21:18.576978 INFO::Creating box plot for categorical data (linear), 
                        group_FMT vs PWY.6317..D.galactose.degradation.I..Leloir.pathway.
2025-05-12 16:21:18.585827 INFO::Creating box plot for categorical data (linear), 
                        group_FMT vs NONMEVIPP.PWY..methylerythritol.phosphate.pathway.I
2025-05-12 16:21:18.594097 INFO::Creating box plot for categorical data (linear), 
                        group_FMT vs PWY.5686..UMP.biosynthesis.I
2025-05-12 16:21:18.602517 INFO::Creating box plot for categorical data (linear), 
                        group_FMT vs PWY.7790..UMP.biosynthesis.II
2025-05-12 16:21:18.61107 INFO::Creating box plot for categorical data (linear), 
                        group_FMT vs PWY.7791..UMP.biosynthesis.III
2025-05-12 16:21:18.619497 INFO::Creating box plot for categorical data (linear), 
                        group_FMT vs TRNA.CHARGING.PWY..tRNA.charging
2025-05-12 16:21:18.627912 INFO::Creating box plot for categorical data (linear), 
                        group_FMT vs COA.PWY.1..superpathway.of.coenzyme.A.biosynthesis.III..mammals.
2025-05-12 16:21:18.636313 INFO::Creating box plot for categorical data (linear), 
                        group_FMT vs PWY.6121..5.aminoimidazole.ribonucleotide.biosynthesis.I
2025-05-12 16:21:18.644743 INFO::Creating box plot for categorical data (linear), 
                        group_FMT vs PWY.6386..UDP.N.acetylmuramoyl.pentapeptide.biosynthesis.II..lysine.containing.
2025-05-12 16:21:18.653085 INFO::Creating box plot for categorical data (linear), 
                        group_FMT vs PWY.6700..queuosine.biosynthesis.I..de.novo.
2025-05-12 16:21:18.661541 INFO::Creating box plot for categorical data (linear), 
                        group_FMT vs PWY.6387..UDP.N.acetylmuramoyl.pentapeptide.biosynthesis.I..meso.diaminopimelate.containing.
2025-05-12 16:21:18.669908 INFO::Creating box plot for categorical data (linear), 
                        group_FMT vs PEPTIDOGLYCANSYN.PWY..peptidoglycan.biosynthesis.I..meso.diaminopimelate.containing.
2025-05-12 16:21:18.687016 INFO::Creating box plot for categorical data (linear), 
                        group_FMT vs PWY.6609..adenine.and.adenosine.salvage.III
2025-05-12 16:21:18.695704 INFO::Creating box plot for categorical data (linear), 
                        group_FMT vs COA.PWY..coenzyme.A.biosynthesis.I..prokaryotic.
2025-05-12 16:21:18.704209 INFO::Creating box plot for categorical data (linear), 
                        group_FMT vs PWY.6629..superpathway.of.L.tryptophan.biosynthesis
2025-05-12 16:21:18.71284 INFO::Creating box plot for categorical data (linear), 
                        group_FMT vs PWY.7851..coenzyme.A.biosynthesis.II..eukaryotic.
2025-05-12 16:21:18.721295 INFO::Creating box plot for categorical data (linear), 
                        group_FMT vs PWY.6277..superpathway.of.5.aminoimidazole.ribonucleotide.biosynthesis
