pathway	HD_1-892	HD_11-821	HD_12-1052	HD_2-901	HD_3_911	HD_4-913	HD_5-915	HD_6-955	HD_7-983	HD_8-964	Cosmic_27	Cosmic_29	Cosmic_31	Cosmic_32	Cosmic_34	Cosmic_35	Cosmic_36	Cosmic_39	Cosmic_40	Cosmic_41	Cosmic_45	Cosmic_46	Cosmic_48	Cosmic_51	Cosmic_52	Cosmic_53	Cosmic_54	Cosmic_56	Cosmic_57	Cosmic_58	Cosmic_60
PWY-7238: sucrose biosynthesis II	9.59632e-4	0.00120304	0.00119401	0.00114979	9.98041e-4	0.00122238	0.00112821	0.00102344	0.00113526	0.00118091	5.11356e-4	6.12161e-4	7.07319e-4	3.29268e-4	3.82649e-4	2.0648e-4	5.82466e-4	8.00904e-4	7.11016e-4	6.9067e-4	4.10866e-4	4.13251e-4	5.17335e-4	3.73474e-4	8.53535e-4	8.59196e-4	3.52644e-4	7.09805e-4	6.0708e-4	8.09447e-4	6.54626e-4
VALSYN-PWY: L-valine biosynthesis	7.74893e-4	8.09048e-4	8.14241e-4	8.06447e-4	7.55437e-4	7.99964e-4	7.40219e-4	7.9033e-4	7.64119e-4	7.80548e-4	4.43645e-4	5.58928e-4	6.27508e-4	3.64171e-4	4.67136e-4	4.02925e-4	5.82998e-4	5.73301e-4	5.90364e-4	6.79711e-4	5.21407e-4	5.01642e-4	5.79844e-4	4.70786e-4	6.60217e-4	6.03766e-4	5.97219e-4	5.53839e-4	6.34224e-4	6.54214e-4	5.88774e-4
GLYCOGENSYNTH-PWY: glycogen biosynthesis I (from ADP-D-Glucose)	7.49596e-4	9.07296e-4	0.00103412	8.82624e-4	8.02303e-4	9.34019e-4	0.00101123	7.43141e-4	9.56123e-4	9.50839e-4	3.52034e-4	4.81123e-4	5.62165e-4	4.48449e-4	3.67299e-4	2.30794e-4	5.75027e-4	6.27158e-4	5.75191e-4	5.28671e-4	2.99898e-4	3.63505e-4	3.41864e-4	2.86022e-4	6.15842e-4	6.68175e-4	3.24594e-4	5.94658e-4	4.52889e-4	6.37869e-4	5.63277e-4
PWY-5941: glycogen degradation II	7.27884e-4	9.18939e-4	0.0010478	8.83037e-4	8.24678e-4	0.00109101	9.84052e-4	8.43887e-4	9.8217e-4	0.00106467	4.76575e-4	4.97388e-4	4.62658e-4	3.81384e-4	4.1332e-4	2.274e-4	5.37788e-4	5.84219e-4	4.87101e-4	6.09106e-4	4.07189e-4	4.33995e-4	4.08888e-4	3.75557e-4	6.13831e-4	6.1256e-4	3.67029e-4	6.19822e-4	5.52283e-4	6.10989e-4	4.77344e-4
PWY-1042: glycolysis IV	7.19097e-4	8.11235e-4	8.60927e-4	7.89196e-4	7.34011e-4	8.53944e-4	8.60214e-4	7.54015e-4	8.23742e-4	8.54042e-4	5.01541e-4	6.22489e-4	5.64396e-4	6.10562e-4	4.91699e-4	4.87796e-4	5.84811e-4	5.81661e-4	5.99195e-4	7.29747e-4	3.94187e-4	7.13655e-4	5.92445e-4	5.07473e-4	6.87352e-4	6.72844e-4	5.67994e-4	6.70117e-4	6.6223e-4	7.08586e-4	6.51278e-4
ARGSYNBSUB-PWY: L-arginine biosynthesis II (acetyl cycle)	7.0421e-4	7.80961e-4	7.91338e-4	7.64009e-4	6.88329e-4	7.49437e-4	7.74804e-4	6.72617e-4	7.52141e-4	7.5335e-4	3.05582e-4	4.08939e-4	4.3076e-4	2.99315e-4	3.33147e-4	3.2837e-4	4.3379e-4	5.10337e-4	4.63494e-4	4.63819e-4	2.9647e-4	3.56476e-4	2.51533e-4	3.44658e-4	5.16461e-4	4.94916e-4	3.51902e-4	4.53707e-4	4.06246e-4	5.49243e-4	4.60452e-4
PWY-6163: chorismate biosynthesis from 3-dehydroquinate	6.98039e-4	7.53207e-4	8.33761e-4	7.27442e-4	6.79979e-4	7.6767e-4	8.07795e-4	6.90854e-4	8.01519e-4	7.88739e-4	3.70137e-4	4.31028e-4	5.30198e-4	3.60932e-4	3.81956e-4	3.07191e-4	5.43387e-4	5.74729e-4	5.63156e-4	5.40297e-4	2.68176e-4	3.96531e-4	4.80741e-4	3.73182e-4	6.17476e-4	5.93764e-4	4.14079e-4	5.64425e-4	5.32566e-4	6.35252e-4	5.92545e-4
PWY-5686: UMP biosynthesis I	6.92863e-4	7.34536e-4	7.46519e-4	7.44349e-4	6.92541e-4	7.55386e-4	7.23642e-4	6.72815e-4	7.08934e-4	7.22016e-4	3.52294e-4	4.24489e-4	6.11808e-4	3.10009e-4	3.1166e-4	4.05829e-4	5.30075e-4	6.19616e-4	6.09766e-4	6.43656e-4	2.13262e-4	3.4758e-4	4.94705e-4	3.54184e-4	6.27387e-4	6.29875e-4	3.56745e-4	5.79343e-4	6.10437e-4	6.79842e-4	6.21337e-4
PWY-7790: UMP biosynthesis II	6.92863e-4	7.34536e-4	7.46519e-4	7.44349e-4	6.92541e-4	7.55386e-4	7.23642e-4	6.72815e-4	7.08934e-4	7.22016e-4	3.52294e-4	4.24489e-4	6.11808e-4	3.10009e-4	3.1166e-4	4.05829e-4	5.30075e-4	6.19616e-4	6.09766e-4	6.43656e-4	2.08767e-4	3.4758e-4	4.94705e-4	3.54184e-4	6.27387e-4	6.29875e-4	3.56745e-4	5.79343e-4	6.10437e-4	6.79842e-4	6.21337e-4
PWY-7791: UMP biosynthesis III	6.92863e-4	7.34536e-4	7.46519e-4	7.44349e-4	6.92541e-4	7.55386e-4	7.23642e-4	6.72815e-4	7.08934e-4	7.22016e-4	3.52294e-4	4.24489e-4	6.11808e-4	3.10009e-4	3.1166e-4	4.05829e-4	5.30075e-4	6.19616e-4	6.09766e-4	6.43656e-4	2.08767e-4	3.4758e-4	4.94705e-4	3.54184e-4	6.27387e-4	6.29875e-4	3.56745e-4	5.79343e-4	6.10437e-4	6.79842e-4	6.21337e-4
ARGSYN-PWY: L-arginine biosynthesis I (via L-ornithine)	6.91344e-4	7.29877e-4	7.62434e-4	7.30799e-4	6.57441e-4	7.17269e-4	7.33353e-4	6.53991e-4	6.98506e-4	7.15242e-4	3.104e-4	3.98154e-4	4.3204e-4	3.03802e-4	3.17511e-4	3.57453e-4	4.24996e-4	5.13095e-4	4.64487e-4	4.70559e-4	3.2098e-4	3.43562e-4	2.55712e-4	3.5232e-4	5.06622e-4	4.89181e-4	3.49117e-4	4.49048e-4	4.15017e-4	5.44346e-4	4.62271e-4
ARO-PWY: chorismate biosynthesis I	6.78181e-4	7.50504e-4	8.09313e-4	7.20827e-4	6.67556e-4	7.59852e-4	7.7599e-4	6.63629e-4	7.7573e-4	7.74506e-4	3.74556e-4	4.55734e-4	5.07737e-4	3.97365e-4	3.84204e-4	3.09276e-4	5.31846e-4	5.55341e-4	5.40515e-4	5.25113e-4	2.89373e-4	4.26988e-4	4.34538e-4	3.75843e-4	5.79728e-4	5.65844e-4	4.40561e-4	5.57636e-4	5.01294e-4	6.2305e-4	5.70881e-4
COMPLETE-ARO-PWY: superpathway of aromatic amino acid biosynthesis	6.61024e-4	7.83041e-4	8.13785e-4	7.45699e-4	6.88343e-4	7.83156e-4	7.93037e-4	6.92248e-4	7.76186e-4	7.76455e-4	3.91143e-4	4.80797e-4	5.32427e-4	3.86715e-4	3.94205e-4	3.23105e-4	5.50307e-4	5.68132e-4	5.68997e-4	5.42645e-4	2.92337e-4	4.36059e-4	4.2531e-4	3.96667e-4	6.13016e-4	5.91448e-4	4.3826e-4	5.77182e-4	5.26819e-4	6.14e-4	5.90857e-4
DTDPRHAMSYN-PWY: dTDP-&beta;-L-rhamnose biosynthesis	6.49308e-4	6.18474e-4	7.38523e-4	6.34145e-4	6.7458e-4	7.21311e-4	7.0819e-4	5.55186e-4	6.9063e-4	7.63394e-4	4.73364e-4	4.54092e-4	6.76692e-4	2.7874e-5	1.62619e-4	1.60473e-4	6.73851e-4	5.97816e-4	6.62713e-4	8.83083e-4	1.27127e-4	1.15863e-4	5.14737e-4	1.23307e-4	6.6819e-4	7.13731e-4	1.94636e-4	6.19709e-4	7.56391e-4	6.57972e-4	6.74513e-4
PWY-6609: adenine and adenosine salvage III	6.3793e-4	6.22516e-4	7.42819e-4	6.72722e-4	6.4617e-4	6.14645e-4	6.91403e-4	6.07542e-4	6.89896e-4	7.39888e-4	3.07444e-4	5.08977e-4	5.50578e-4	2.48789e-4	3.0446e-4	3.70611e-4	5.37104e-4	6.06311e-4	5.81942e-4	5.6514e-4	2.34673e-4	3.39446e-4	4.52332e-4	3.44095e-4	5.63152e-4	5.92463e-4	3.06059e-4	5.54504e-4	5.20896e-4	6.03605e-4	6.19335e-4
PWY-6122: 5-aminoimidazole ribonucleotide biosynthesis II	6.35806e-4	7.032e-4	7.26636e-4	6.94343e-4	6.40886e-4	7.21256e-4	7.02359e-4	6.22376e-4	7.01559e-4	7.00171e-4	3.42111e-4	4.48928e-4	5.01245e-4	3.25012e-4	3.38311e-4	4.41437e-4	4.46021e-4	5.23302e-4	4.71697e-4	5.28588e-4	3.45118e-4	3.86894e-4	5.15163e-4	4.78461e-4	5.07405e-4	4.8365e-4	4.37301e-4	5.63291e-4	5.24644e-4	5.45771e-4	4.83045e-4
PWY-6277: superpathway of 5-aminoimidazole ribonucleotide biosynthesis	6.35806e-4	7.032e-4	7.26636e-4	6.94343e-4	6.40886e-4	7.21256e-4	7.02359e-4	6.22376e-4	7.01559e-4	7.00171e-4	3.42111e-4	4.48928e-4	5.01245e-4	3.25012e-4	3.38311e-4	4.41437e-4	4.46021e-4	5.23302e-4	4.71697e-4	5.28588e-4	3.45118e-4	3.86894e-4	5.15163e-4	4.78461e-4	5.07405e-4	4.8365e-4	4.37301e-4	5.63291e-4	5.24644e-4	5.45771e-4	4.83045e-4
PWY-6121: 5-aminoimidazole ribonucleotide biosynthesis I	6.24884e-4	6.68354e-4	7.07143e-4	6.81017e-4	6.37293e-4	6.77074e-4	6.88681e-4	5.75951e-4	6.89335e-4	6.85917e-4	3.25944e-4	4.38896e-4	5.03168e-4	2.70115e-4	3.12524e-4	4.19338e-4	4.51988e-4	5.29389e-4	4.82994e-4	4.64661e-4	3.18518e-4	3.613e-4	4.55446e-4	4.43181e-4	5.12895e-4	4.88367e-4	3.86588e-4	5.56658e-4	4.826e-4	5.31737e-4	4.84322e-4
GLUTORN-PWY: L-ornithine biosynthesis I	6.2064e-4	7.01446e-4	7.05919e-4	6.68478e-4	6.08629e-4	6.79218e-4	6.91717e-4	5.97384e-4	6.83095e-4	6.82013e-4	3.03246e-4	3.4441e-4	3.93133e-4	3.12452e-4	3.1794e-4	2.7659e-4	3.98209e-4	4.26446e-4	3.91681e-4	4.50443e-4	3.59899e-4	3.33358e-4	2.42011e-4	3.43814e-4	4.5389e-4	4.40794e-4	3.71653e-4	4.18703e-4	3.68979e-4	4.88668e-4	3.80382e-4
PWY-6386: UDP-N-acetylmuramoyl-pentapeptide biosynthesis II (lysine-containing)	6.19385e-4	7.34383e-4	7.63522e-4	7.20684e-4	6.26674e-4	7.7062e-4	7.45059e-4	6.88083e-4	7.22317e-4	7.495e-4	3.76135e-4	4.53308e-4	5.33705e-4	2.99205e-4	2.93181e-4	3.96403e-4	5.18031e-4	5.72718e-4	5.86638e-4	6.10926e-4	2.51866e-4	3.08364e-4	5.17293e-4	3.64498e-4	6.09729e-4	6.42557e-4	3.30529e-4	5.76782e-4	6.07718e-4	6.45248e-4	6.68717e-4
PWY-6387: UDP-N-acetylmuramoyl-pentapeptide biosynthesis I (meso-diaminopimelate containing)	6.08565e-4	7.06976e-4	7.32483e-4	7.04449e-4	6.15038e-4	7.44156e-4	7.16031e-4	6.70826e-4	6.95174e-4	7.16834e-4	3.79402e-4	4.49024e-4	5.1946e-4	3.08562e-4	3.05457e-4	3.99357e-4	5.06216e-4	5.62062e-4	5.80948e-4	6.05827e-4	2.63385e-4	3.18501e-4	5.18686e-4	3.90902e-4	5.99535e-4	6.3375e-4	3.60516e-4	5.61883e-4	5.98249e-4	6.37102e-4	6.62747e-4
TRNA-CHARGING-PWY: tRNA charging	6.07009e-4	6.58701e-4	6.72426e-4	6.58376e-4	6.03086e-4	6.82716e-4	6.47146e-4	6.40171e-4	6.38684e-4	6.61534e-4	3.67718e-4	3.99229e-4	5.09608e-4	3.29709e-4	3.53343e-4	3.61512e-4	4.61031e-4	5.53949e-4	5.31029e-4	5.4607e-4	3.25205e-4	3.85888e-4	4.42999e-4	3.82598e-4	5.6126e-4	5.78698e-4	3.88607e-4	4.97249e-4	5.10199e-4	5.8473e-4	6.07973e-4
NONMEVIPP-PWY: methylerythritol phosphate pathway I	5.90342e-4	6.74427e-4	6.9719e-4	6.57955e-4	6.01007e-4	7.41817e-4	6.98351e-4	6.49376e-4	6.79251e-4	6.90001e-4	3.3519e-4	3.39158e-4	5.34975e-4	2.30102e-4	2.91955e-4	2.35399e-4	4.43475e-4	5.63002e-4	5.52189e-4	5.23282e-4	2.41796e-4	2.80443e-4	5.06394e-4	3.161e-4	5.94558e-4	5.65725e-4	3.12559e-4	5.23353e-4	5.49538e-4	6.11746e-4	5.80344e-4
PWY-7221: guanosine ribonucleotides de novo biosynthesis	5.89109e-4	6.8228e-4	7.03905e-4	6.49515e-4	6.14557e-4	7.76576e-4	6.94818e-4	6.40465e-4	6.78887e-4	7.15012e-4	3.66402e-4	5.03454e-4	5.56729e-4	2.22089e-4	2.7726e-4	3.70647e-4	5.2579e-4	5.45584e-4	5.84555e-4	7.00691e-4	2.17848e-4	2.97139e-4	5.47716e-4	3.74811e-4	6.10985e-4	5.67467e-4	3.0185e-4	5.45799e-4	6.57773e-4	6.55687e-4	5.71698e-4
PWY0-1296: purine ribonucleosides degradation	5.8039e-4	5.45145e-4	6.71778e-4	5.7427e-4	5.66264e-4	5.22738e-4	6.17727e-4	4.69846e-4	6.21984e-4	6.57085e-4	4.28128e-4	5.3967e-4	3.95254e-4	2.18066e-4	3.28831e-4	4.17583e-4	4.44987e-4	4.31124e-4	4.49874e-4	4.41846e-4	2.67156e-4	3.42494e-4	1.90107e-4	3.66768e-4	4.74994e-4	5.5938e-4	3.01151e-4	3.93996e-4	3.49625e-4	4.63161e-4	4.78976e-4
PEPTIDOGLYCANSYN-PWY: peptidoglycan biosynthesis I (meso-diaminopimelate containing)	5.78429e-4	6.89728e-4	7.22818e-4	6.73358e-4	5.85408e-4	7.36256e-4	7.08374e-4	6.61987e-4	6.88561e-4	7.07431e-4	3.70485e-4	4.382e-4	5.12828e-4	2.96522e-4	3.00847e-4	3.94388e-4	4.99201e-4	5.4931e-4	5.54985e-4	6.02688e-4	2.58861e-4	3.2352e-4	5.12309e-4	3.89693e-4	5.80854e-4	6.31753e-4	3.58028e-4	5.45103e-4	5.88796e-4	6.21559e-4	6.60122e-4
COA-PWY-1: superpathway of coenzyme A biosynthesis III (mammals)	5.68886e-4	6.14547e-4	6.19832e-4	5.92903e-4	5.59372e-4	6.37024e-4	5.97445e-4	5.42666e-4	6.27458e-4	6.21212e-4	2.58278e-4	3.6965e-4	5.10134e-4	1.41048e-4	2.05772e-4	3.4044e-4	4.61067e-4	4.83238e-4	4.73294e-4	4.25826e-4	1.63221e-4	2.08896e-4	3.84275e-4	3.23652e-4	4.98206e-4	4.69305e-4	2.47936e-4	4.69387e-4	4.4157e-4	5.0985e-4	4.80495e-4
PWY-6385: peptidoglycan biosynthesis III (mycobacteria)	5.42533e-4	6.19547e-4	6.61656e-4	6.52509e-4	5.82976e-4	7.02435e-4	6.50518e-4	5.93076e-4	6.1397e-4	6.41415e-4	3.95286e-4	4.5462e-4	5.12828e-4	3.29404e-4	3.30286e-4	4.17328e-4	4.85789e-4	5.4931e-4	5.542e-4	5.57254e-4	2.81252e-4	3.47066e-4	5.17396e-4	4.0882e-4	5.80854e-4	6.22733e-4	3.83894e-4	5.28669e-4	5.62457e-4	5.8858e-4	6.47316e-4
ILEUSYN-PWY: L-isoleucine biosynthesis I (from threonine)	5.42294e-4	7.09005e-4	7.34844e-4	6.71687e-4	5.75236e-4	7.92444e-4	6.86074e-4	6.55834e-4	6.8515e-4	7.22421e-4	3.80489e-4	4.82891e-4	4.88411e-4	3.44432e-4	4.32138e-4	3.7268e-4	5.12797e-4	4.90511e-4	4.78508e-4	6.28188e-4	4.56067e-4	4.6194e-4	4.56211e-4	4.57834e-4	5.68182e-4	5.03575e-4	5.41789e-4	5.09254e-4	5.82585e-4	5.84549e-4	4.88804e-4
PWY-6700: queuosine biosynthesis I (de novo)	5.34958e-4	5.53236e-4	5.87284e-4	6.06702e-4	5.28952e-4	5.15151e-4	5.90874e-4	5.22047e-4	5.55907e-4	5.32936e-4	3.16151e-4	2.6211e-4	5.0388e-4	2.24268e-4	2.35604e-4	2.81814e-4	3.79174e-4	4.93367e-4	4.96779e-4	5.4002e-4	2.11584e-4	2.84104e-4	4.35803e-4	3.27829e-4	5.05347e-4	5.13233e-4	2.87732e-4	4.75789e-4	5.31642e-4	4.99409e-4	5.70037e-4
BRANCHED-CHAIN-AA-SYN-PWY: superpathway of branched chain amino acid biosynthesis	5.33552e-4	6.95566e-4	7.23076e-4	6.5664e-4	5.67481e-4	7.78847e-4	6.834e-4	6.44095e-4	6.73804e-4	7.08823e-4	3.51479e-4	4.45993e-4	4.91077e-4	3.31616e-4	4.06711e-4	3.42647e-4	5.06293e-4	4.92695e-4	4.82145e-4	6.19919e-4	3.94356e-4	4.22243e-4	4.6679e-4	4.28793e-4	5.65251e-4	5.04437e-4	5.01291e-4	5.07267e-4	5.78025e-4	5.88502e-4	4.89154e-4
PWY-5667: CDP-diacylglycerol biosynthesis I	5.29765e-4	5.42863e-4	5.66433e-4	5.82937e-4	5.239e-4	4.88117e-4	5.6927e-4	4.90716e-4	5.2125e-4	5.34903e-4	3.1487e-4	3.77959e-4	5.08212e-4	2.91198e-4	4.02719e-4	2.94762e-4	4.90293e-4	4.71573e-4	4.63203e-4	4.15673e-4	3.92333e-4	3.05343e-4	4.0679e-4	3.66481e-4	5.10543e-4	5.39766e-4	3.68667e-4	4.21765e-4	4.16688e-4	4.66316e-4	5.04163e-4
PWY0-1319: CDP-diacylglycerol biosynthesis II	5.29765e-4	5.42863e-4	5.66433e-4	5.82937e-4	5.239e-4	4.88117e-4	5.6927e-4	4.90716e-4	5.2125e-4	5.34903e-4	3.1487e-4	3.78105e-4	5.08212e-4	2.91198e-4	4.02719e-4	2.94762e-4	4.90352e-4	4.71573e-4	4.63203e-4	4.15673e-4	3.92333e-4	3.05343e-4	4.0679e-4	3.66481e-4	5.10543e-4	5.39766e-4	3.68667e-4	4.21873e-4	4.16688e-4	4.66316e-4	5.04566e-4
PWY-5097: L-lysine biosynthesis VI	5.29331e-4	5.71106e-4	6.4019e-4	5.37906e-4	5.30763e-4	6.62286e-4	6.35996e-4	5.30584e-4	5.95441e-4	6.07448e-4	4.60411e-4	5.14322e-4	4.46114e-4	3.80481e-4	3.47942e-4	3.88397e-4	4.38031e-4	4.72344e-4	4.73671e-4	4.82659e-4	2.6426e-4	3.93196e-4	4.85024e-4	3.46194e-4	4.92258e-4	4.80655e-4	3.96318e-4	4.37307e-4	4.71729e-4	5.18689e-4	5.18391e-4
PWY-6151: S-adenosyl-L-methionine salvage I	5.29219e-4	6.56019e-4	6.67252e-4	6.06648e-4	5.49353e-4	7.13647e-4	6.70861e-4	5.77379e-4	6.64771e-4	6.75782e-4	4.17731e-4	4.27033e-4	4.82711e-4	2.51491e-4	2.87177e-4	3.2621e-4	4.09713e-4	4.70725e-4	4.74822e-4	4.9229e-4	2.15221e-4	3.17226e-4	4.85687e-4	2.56614e-4	5.15969e-4	4.31755e-4	2.70948e-4	5.18852e-4	4.34234e-4	5.35312e-4	5.02937e-4
ANAGLYCOLYSIS-PWY: glycolysis III (from glucose)	5.27965e-4	6.58414e-4	6.86187e-4	6.57142e-4	5.6741e-4	7.2382e-4	6.82235e-4	6.1086e-4	6.55571e-4	6.90512e-4	3.68583e-4	4.68797e-4	4.92635e-4	3.3693e-4	3.5196e-4	4.17222e-4	4.89965e-4	4.73938e-4	5.13558e-4	5.56146e-4	3.13884e-4	4.18781e-4	4.82637e-4	4.07953e-4	5.86759e-4	5.41409e-4	3.69796e-4	5.26023e-4	5.12763e-4	5.37363e-4	5.63121e-4
PWY-7111: pyruvate fermentation to isobutanol (engineered)	5.24958e-4	5.45048e-4	6.37713e-4	5.2892e-4	5.12516e-4	6.90118e-4	6.05134e-4	4.9606e-4	5.85632e-4	6.37625e-4	4.93937e-4	6.13363e-4	2.40228e-4	3.66252e-4	5.06353e-4	3.75292e-4	4.91165e-4	3.70622e-4	2.23705e-4	2.80003e-4	5.68967e-4	5.30565e-4	4.14726e-4	5.19602e-4	4.07668e-4	3.23418e-4	6.05629e-4	4.69708e-4	4.68929e-4	3.99793e-4	3.27389e-4
CALVIN-PWY: Calvin-Benson-Bassham cycle	5.20982e-4	6.33073e-4	6.83168e-4	5.85504e-4	5.6772e-4	6.629e-4	6.91208e-4	5.46811e-4	6.5165e-4	6.43434e-4	5.71948e-4	6.13672e-4	3.9875e-4	4.49348e-4	5.61084e-4	5.04317e-4	4.56576e-4	4.39486e-4	4.63097e-4	4.61495e-4	3.73055e-4	6.07302e-4	4.20247e-4	5.30028e-4	5.51519e-4	5.07846e-4	5.54796e-4	5.12253e-4	4.80953e-4	4.76811e-4	4.64458e-4
COA-PWY: coenzyme A biosynthesis I (prokaryotic)	5.17885e-4	5.69805e-4	5.65993e-4	5.42758e-4	5.13683e-4	5.88876e-4	5.48397e-4	5.00993e-4	5.72049e-4	5.74679e-4	2.55553e-4	3.64055e-4	4.87489e-4	1.39002e-4	1.92588e-4	3.29919e-4	4.38192e-4	4.39695e-4	4.48682e-4	3.98433e-4	1.55454e-4	2.04495e-4	3.66893e-4	3.10614e-4	4.68297e-4	4.37261e-4	2.45113e-4	4.29069e-4	4.15175e-4	4.82027e-4	4.6276e-4
PWY-7953: UDP-N-acetylmuramoyl-pentapeptide biosynthesis III (meso-diaminopimelate containing)	5.17817e-4	5.98928e-4	6.41257e-4	6.44731e-4	5.80581e-4	6.12491e-4	6.35341e-4	5.76778e-4	5.89003e-4	6.18933e-4	3.75319e-4	4.11714e-4	5.05053e-4	2.79874e-4	2.82658e-4	3.86945e-4	4.8419e-4	5.50429e-4	5.47571e-4	5.35371e-4	2.63118e-4	2.99812e-4	4.86485e-4	3.704e-4	5.78305e-4	6.14562e-4	3.38804e-4	5.22278e-4	5.54705e-4	5.75494e-4	6.53638e-4
PWY-3841: folate transformations II (plants)	5.16096e-4	5.63665e-4	5.63518e-4	5.72447e-4	5.27279e-4	6.15202e-4	5.77368e-4	5.53175e-4	5.42049e-4	5.55029e-4	3.35352e-4	4.06316e-4	4.80641e-4	2.14499e-4	2.76279e-4	3.71044e-4	4.52517e-4	4.88219e-4	5.07403e-4	4.72584e-4	2.09308e-4	2.79104e-4	4.79957e-4	3.38219e-4	5.2805e-4	5.63643e-4	3.14898e-4	4.63864e-4	4.6606e-4	5.26534e-4	5.54219e-4
PWY-7851: coenzyme A biosynthesis II (eukaryotic)	5.15555e-4	5.6698e-4	5.65993e-4	5.42504e-4	5.13662e-4	5.88876e-4	5.47412e-4	4.9498e-4	5.71623e-4	5.65011e-4	2.55553e-4	3.64055e-4	4.75726e-4	1.39002e-4	1.92588e-4	3.29919e-4	4.38192e-4	4.39695e-4	4.48682e-4	3.98433e-4	1.55454e-4	2.04495e-4	3.66893e-4	3.10614e-4	4.68297e-4	4.36536e-4	2.45113e-4	4.29069e-4	4.15175e-4	4.72327e-4	4.42001e-4
HISTSYN-PWY: L-histidine biosynthesis	5.07045e-4	5.61496e-4	5.49311e-4	5.39906e-4	4.8855e-4	5.77052e-4	5.36302e-4	4.86513e-4	5.53551e-4	5.56828e-4	2.56283e-4	2.89104e-4	4.49441e-4	1.93387e-4	2.05602e-4	3.64691e-4	3.76865e-4	4.34474e-4	4.31384e-4	4.47525e-4	1.9016e-4	2.61456e-4	4.53108e-4	3.01663e-4	4.44972e-4	4.19926e-4	2.75595e-4	4.78998e-4	4.47908e-4	4.58147e-4	4.1357e-4
PWY-6123: inosine-5'-phosphate biosynthesis I	4.96861e-4	4.26594e-4	5.01517e-4	4.46508e-4	4.48787e-4	5.06727e-4	4.75963e-4	4.23727e-4	4.80295e-4	5.36101e-4	2.5946e-4	3.09804e-4	3.99796e-4	1.7435e-4	2.22442e-4	3.95685e-4	4.17737e-4	4.41524e-4	3.8905e-4	3.24654e-4	2.09663e-4	2.76554e-4	3.82018e-4	3.31891e-4	3.94107e-4	3.74297e-4	2.68697e-4	4.88795e-4	4.1504e-4	3.98847e-4	4.34228e-4
PWY66-429: fatty acid biosynthesis initiation (mitochondria)	4.95576e-4	5.25443e-4	5.98993e-4	5.49876e-4	4.98366e-4	5.49713e-4	6.33333e-4	4.64232e-4	5.61893e-4	5.734e-4	5.15508e-4	4.65183e-4	5.60151e-4	3.78101e-4	3.9873e-4	4.34086e-4	5.20345e-4	3.92253e-4	4.60678e-4	3.65056e-4	3.55125e-4	4.60487e-4	5.18522e-4	4.92293e-4	5.18573e-4	6.18561e-4	4.83403e-4	5.21962e-4	4.28332e-4	4.19953e-4	4.55275e-4
PWY-6317: D-galactose degradation I (Leloir pathway)	4.8867e-4	5.11827e-4	5.65121e-4	5.19327e-4	5.40547e-4	5.40723e-4	5.68017e-4	4.59291e-4	5.50968e-4	5.4383e-4	2.99096e-4	3.5962e-4	3.42915e-4	2.10841e-4	2.22211e-4	2.65031e-4	4.27367e-4	3.54323e-4	3.32728e-4	3.38384e-4	2.56527e-4	2.56634e-4	3.12686e-4	2.98004e-4	3.70307e-4	3.82488e-4	2.15151e-4	4.05182e-4	3.09184e-4	3.63776e-4	3.105e-4
PWY-5695: inosine 5'-phosphate degradation	4.83057e-4	3.11379e-4	3.88269e-4	3.16594e-4	4.89039e-4	3.83003e-4	4.16248e-4	3.90952e-4	3.85319e-4	3.87407e-4	4.30024e-4	4.08949e-4	4.55507e-4	2.28528e-4	3.26408e-4	3.69917e-4	4.67527e-4	4.00691e-4	4.45131e-4	3.9927e-4	3.73227e-4	3.12979e-4	4.94789e-4	4.35586e-4	4.51483e-4	4.94233e-4	3.28731e-4	4.53071e-4	4.21311e-4	4.08525e-4	4.17055e-4
PWY-7977: L-methionine biosynthesis IV	4.80363e-4	3.96415e-4	5.38683e-4	4.06696e-4	4.64288e-4	5.95269e-4	4.8875e-4	4.31209e-4	5.05447e-4	5.93794e-4	5.95589e-4	3.298e-4	3.78306e-4	4.46811e-4	4.26969e-4	2.43398e-4	4.25097e-4	3.96928e-4	4.3673e-4	4.8358e-4	3.76461e-4	5.64093e-4	4.75605e-4	4.07231e-4	3.45183e-4	3.64129e-4	4.5539e-4	4.86699e-4	5.28957e-4	4.58785e-4	4.5057e-4
PWY-6124: inosine-5'-phosphate biosynthesis II	4.78322e-4	3.97224e-4	4.70093e-4	4.1861e-4	4.24662e-4	4.7414e-4	4.44264e-4	4.02293e-4	4.50621e-4	5.09358e-4	2.49015e-4	2.93384e-4	3.76906e-4	1.26717e-4	1.79582e-4	4.01337e-4	3.99703e-4	4.21979e-4	3.65527e-4	2.98355e-4	1.7271e-4	2.12074e-4	3.70937e-4	0.00033294900000000003	3.69958e-4	3.52765e-4	2.11735e-4	4.67354e-4	3.91138e-4	3.71457e-4	4.12427e-4
PWY-8178: pentose phosphate pathway (non-oxidative branch) II	4.66312e-4	5.51676e-4	6.2903e-4	5.23109e-4	5.62469e-4	6.08269e-4	6.18993e-4	4.86775e-4	5.7916e-4	6.11253e-4	6.27012e-4	7.06422e-4	3.20844e-4	4.76324e-4	5.72551e-4	5.12806e-4	4.43788e-4	3.54637e-4	4.04453e-4	4.0034e-4	4.94412e-4	7.43578e-4	3.62356e-4	6.67273e-4	5.00144e-4	4.66632e-4	7.7613e-4	4.37261e-4	4.05213e-4	4.36942e-4	3.87261e-4
PWY-7357: thiamine phosphate formation from pyrithiamine and oxythiamine (yeast)	4.53682e-4	5.12681e-4	5.97019e-4	4.39798e-4	4.88407e-4	5.50268e-4	5.62623e-4	4.39959e-4	5.69658e-4	5.96118e-4	2.49715e-4	3.20037e-4	3.11083e-4	2.36725e-4	2.47878e-4	3.11967e-4	3.2936e-4	3.50954e-4	3.04732e-4	4.05617e-4	1.6698e-4	2.48123e-4	0.00023557800000000001	2.74127e-4	4.39534e-4	3.31656e-4	2.7229e-4	3.68515e-4	3.58353e-4	3.89669e-4	3.34552e-4
PWY-6629: superpathway of L-tryptophan biosynthesis	4.51737e-4	6.2851e-4	5.99875e-4	5.62113e-4	0.00053179500000000005	6.19098e-4	6.09807e-4	5.41598e-4	5.64708e-4	5.83067e-4	2.91108e-4	4.41814e-4	4.6334e-4	2.64288e-4	2.825e-4	3.07399e-4	4.46242e-4	3.88541e-4	4.46021e-4	4.46366e-4	2.30524e-4	3.34433e-4	3.84956e-4	3.41606e-4	5.14404e-4	4.79029e-4	3.45914e-4	4.22469e-4	4.16013e-4	4.81248e-4	4.42904e-4
PWY-5103: L-isoleucine biosynthesis III	4.50347e-4	6.43969e-4	6.73569e-4	5.93702e-4	4.90574e-4	7.47112e-4	6.35488e-4	5.80622e-4	6.28648e-4	6.66774e-4	4.50092e-4	4.17747e-4	4.24034e-4	2.9928e-4	3.80278e-4	3.4183e-4	4.59531e-4	4.42211e-4	4.18847e-4	5.80256e-4	3.99986e-4	4.04342e-4	3.98024e-4	4.24229e-4	5.11798e-4	4.46337e-4	4.77391e-4	4.73899e-4	5.36159e-4	5.36351e-4	4.37139e-4
PWY-724: superpathway of L-lysine, L-threonine and L-methionine biosynthesis II	4.31528e-4	4.90836e-4	5.55737e-4	4.68737e-4	4.41307e-4	6.07029e-4	5.35461e-4	4.69207e-4	5.33977e-4	5.59059e-4	3.90504e-4	4.32345e-4	4.0259e-4	3.35882e-4	3.2637e-4	3.44755e-4	4.14518e-4	4.19753e-4	3.82989e-4	3.55282e-4	2.67278e-4	3.65997e-4	4.31911e-4	3.52148e-4	4.24773e-4	3.81953e-4	3.77603e-4	4.25629e-4	3.75029e-4	4.07827e-4	4.46123e-4
PWY-6270: isoprene biosynthesis I	4.14877e-4	4.92099e-4	5.90892e-4	4.45972e-4	4.24539e-4	6.26043e-4	5.87563e-4	4.47602e-4	5.71116e-4	6.05295e-4	3.03462e-4	2.85137e-4	3.62938e-4	1.7277e-4	2.26374e-4	2.24995e-4	3.95584e-4	3.62598e-4	3.06185e-4	2.9395e-4	1.59916e-4	2.36006e-4	2.68988e-4	2.93243e-4	3.59207e-4	3.80741e-4	2.44737e-4	4.44941e-4	3.8229e-4	3.42515e-4	3.8594e-4
PWY-7560: methylerythritol phosphate pathway II	4.13704e-4	4.85883e-4	6.02135e-4	4.39315e-4	4.19177e-4	6.28175e-4	5.93775e-4	4.38171e-4	5.83877e-4	6.16501e-4	3.32311e-4	2.90536e-4	3.51115e-4	2.30102e-4	2.91955e-4	2.35399e-4	3.97264e-4	3.51488e-4	2.90975e-4	4.75618e-4	2.41796e-4	2.80443e-4	2.53104e-4	3.161e-4	3.46095e-4	3.70337e-4	3.12559e-4	4.4499e-4	3.80802e-4	3.29582e-4	3.70289e-4
RIBOSYN2-PWY: flavin biosynthesis I (bacteria and plants)	4.1256e-4	3.83102e-4	4.12078e-4	4.22729e-4	4.04471e-4	3.12752e-4	3.86099e-4	3.0314e-4	3.79099e-4	3.5808e-4	2.18059e-4	2.4195e-4	3.32123e-4	1.24654e-4	1.54664e-4	2.41876e-4	3.40462e-4	3.1168e-4	3.06488e-4	3.32634e-4	1.53578e-4	1.8352e-4	3.37428e-4	2.71043e-4	3.95647e-4	3.10421e-4	2.05092e-4	2.95641e-4	3.17057e-4	3.00009e-4	3.11128e-4
PWY-2942: L-lysine biosynthesis III	4.05135e-4	4.34387e-4	5.05684e-4	4.39413e-4	4.02664e-4	5.31765e-4	5.01646e-4	3.8892e-4	4.68565e-4	5.09291e-4	3.65581e-5	4.05486e-4	4.06538e-4	1.19539e-4	5.30017e-5	2.53985e-4	4.05756e-4	3.79735e-4	4.09071e-4	3.96588e-4	1.41661e-4	1.58557e-4	4.63682e-4	2.59999e-4	3.75329e-4	3.85147e-4	2.57815e-4	4.19144e-4	4.24744e-4	4.15922e-4	4.87175e-4
PWY-6527: stachyose degradation	4.00451e-4	3.94412e-4	5.01274e-4	3.59758e-4	5.0265e-4	4.35872e-4	4.92118e-4	3.24765e-4	4.34368e-4	4.93153e-4	3.2479e-4	3.5071e-4	3.44353e-4	2.45513e-4	2.43755e-4	4.22643e-4	3.5736e-4	2.47508e-4	3.24984e-4	3.47863e-4	2.24888e-4	2.57052e-4	1.44662e-4	2.8152e-4	3.57973e-4	3.22919e-4	2.24964e-4	2.69446e-4	2.69679e-4	3.32608e-4	1.99698e-4
PWY-7199: pyrimidine deoxyribonucleosides salvage	3.99597e-4	3.22489e-4	3.94066e-4	3.63885e-4	3.75323e-4	3.11442e-4	3.54502e-4	3.72172e-4	3.52863e-4	4.01187e-4	1.87114e-4	3.42029e-4	3.64011e-4	1.76177e-4	1.87638e-4	2.61221e-4	3.62871e-4	3.74793e-4	3.92203e-4	3.88804e-4	1.74675e-4	2.21265e-4	3.56986e-4	2.2872e-4	3.39041e-4	3.71611e-4	2.10245e-4	3.4847e-4	3.81573e-4	3.70446e-4	4.0794e-4
1CMET2-PWY: folate transformations III (E. coli)	3.97854e-4	4.55481e-4	4.82343e-4	4.43967e-4	4.18915e-4	5.52195e-4	4.93447e-4	4.50478e-4	4.50208e-4	4.9853e-4	3.23891e-4	3.40317e-4	4.0939e-4	2.28178e-4	2.71004e-4	2.80817e-4	4.24976e-4	4.12267e-4	4.12673e-4	3.3348e-4	2.16257e-4	2.98176e-4	4.42416e-4	3.40196e-4	4.52173e-4	4.37021e-4	3.15318e-4	4.42653e-4	3.94145e-4	4.0376e-4	4.61708e-4
NONOXIPENT-PWY: pentose phosphate pathway (non-oxidative branch) I	3.80975e-4	5.13205e-4	5.46281e-4	4.51051e-4	4.92438e-4	5.57015e-4	5.47264e-4	4.33187e-4	4.96396e-4	5.20505e-4	6.16007e-4	6.7338e-4	2.68111e-4	5.54752e-4	6.72254e-4	4.60254e-4	4.13686e-4	3.10682e-4	3.526e-4	3.23878e-4	5.9502e-4	9.91084e-4	3.30248e-4	7.00483e-4	4.8103e-4	4.10213e-4	8.49167e-4	4.02091e-4	3.60671e-4	3.62988e-4	3.33493e-4
PANTOSYN-PWY: superpathway of coenzyme A biosynthesis I (bacteria)	3.71712e-4	4.33736e-4	4.5337e-4	4.32313e-4	4.1039e-4	4.40578e-4	4.48581e-4	3.44465e-4	4.31585e-4	4.71144e-4	2.42469e-4	2.18285e-4	4.09457e-4	1.68271e-4	2.03714e-4	2.83032e-4	4.03617e-4	3.64058e-4	3.95709e-4	3.53126e-4	1.79048e-4	2.26591e-4	3.66683e-4	3.03641e-4	4.01293e-4	3.63866e-4	2.40336e-4	3.81519e-4	3.84302e-4	3.90702e-4	4.06067e-4
HSERMETANA-PWY: L-methionine biosynthesis III	3.6909e-4	3.4725e-4	4.21647e-4	3.05695e-4	4.33877e-4	5.39416e-4	4.2404e-4	3.54812e-4	4.0548e-4	4.56633e-4	8.50411e-6	2.68208e-4	2.64208e-4	3.90466e-5	3.85475e-5	1.42468e-4	3.38618e-4	2.11575e-4	2.22296e-4	2.35279e-4	4.17371e-5	5.74099e-5	2.39458e-4	1.28444e-4	2.72535e-4	2.67064e-4	1.02507e-4	2.88799e-4	2.72927e-4	3.28938e-4	3.10228e-4
PWY-6823: molybdopterin biosynthesis	3.55925e-4	4.22897e-4	5.36743e-4	4.1515e-4	3.80608e-4	4.09853e-4	5.03566e-4	3.20266e-4	5.0269e-4	5.60272e-4	2.07652e-4	2.20401e-4	1.75761e-4	1.59091e-4	1.76323e-4	2.05225e-4	2.50745e-4	2.55137e-4	1.73432e-4	2.21351e-4	1.49509e-4	2.0032e-4	8.02792e-5	2.35013e-4	3.20105e-4	2.53557e-4	2.24678e-4	2.48151e-4	2.10314e-4	2.08551e-4	2.08851e-4
PWY-3001: superpathway of L-isoleucine biosynthesis I	3.50068e-4	4.36935e-4	4.70278e-4	3.93964e-4	3.44969e-4	5.24048e-4	4.47375e-4	4.09087e-4	4.57418e-4	4.95762e-4	4.11711e-4	4.07929e-4	3.1474e-4	3.24798e-4	4.0483e-4	3.52109e-4	3.8998e-4	3.68316e-4	3.3511e-4	3.65847e-4	3.67591e-4	4.17745e-4	3.84499e-4	4.23856e-4	3.62862e-4	3.29034e-4	4.71893e-4	4.38754e-4	4.11065e-4	4.02878e-4	3.69419e-4
GLUCOSE1PMETAB-PWY: glucose and glucose-1-phosphate degradation	3.33704e-4	0	6.30377e-4	0	0	7.02872e-4	5.78418e-4	0	5.74159e-4	0	3.38952e-4	2.35159e-4	0	4.33277e-4	3.65173e-4	2.06212e-4	3.5238e-4	2.42376e-4	1.8924e-4	4.00751e-4	2.90901e-4	3.59008e-4	1.83642e-4	2.71298e-4	0	0	3.48178e-4	3.47724e-4	3.82958e-4	2.73471e-4	1.99726e-4
COBALSYN-PWY: superpathway of adenosylcobalamin salvage from cobinamide I	3.33148e-4	2.60013e-4	4.49953e-4	2.47663e-4	3.31879e-4	3.92978e-4	4.57422e-4	2.56222e-4	4.33786e-4	4.40181e-4	3.32017e-4	1.3659e-4	2.37368e-4	2.80319e-4	2.76084e-4	1.87184e-4	2.66934e-4	2.18628e-4	2.08383e-4	1.70189e-4	1.88311e-4	3.01403e-4	1.96578e-4	2.8746e-4	2.39078e-4	2.33774e-4	3.08484e-4	1.95341e-4	2.14182e-4	2.08261e-4	2.02311e-4
PANTO-PWY: phosphopantothenate biosynthesis I	3.3261e-4	3.75194e-4	4.12677e-4	3.84372e-4	3.75156e-4	3.94052e-4	4.08377e-4	3.0045e-4	3.78169e-4	4.29586e-4	2.7082e-4	1.84932e-4	3.77102e-4	2.36537e-4	2.74498e-4	3.00923e-4	3.9003e-4	3.51293e-4	3.58914e-4	3.21288e-4	2.36542e-4	2.82903e-4	3.85157e-4	3.66523e-4	3.61533e-4	3.36411e-4	2.74823e-4	3.65819e-4	3.72839e-4	3.53947e-4	3.92049e-4
THRESYN-PWY: superpathway of L-threonine biosynthesis	3.31189e-4	3.94668e-4	4.43018e-4	3.64283e-4	3.14038e-4	5.30096e-4	4.05378e-4	3.90467e-4	4.38689e-4	4.83635e-4	5.20127e-4	3.8285e-4	3.50429e-4	3.58309e-4	4.04086e-4	3.47805e-4	3.93925e-4	3.74804e-4	3.2993e-4	3.15868e-4	3.31205e-4	4.2991e-4	4.50502e-4	4.05404e-4	3.51992e-4	2.76125e-4	4.37227e-4	4.56471e-4	3.47327e-4	3.3628e-4	3.26449e-4
OANTIGEN-PWY: O-antigen building blocks biosynthesis (E. coli)	3.26794e-4	3.89827e-4	4.41054e-4	3.7049e-4	3.62543e-4	5.43796e-4	4.19596e-4	3.8041e-4	4.35225e-4	4.97629e-4	3.477e-4	3.65735e-4	2.01696e-4	5.84842e-5	1.70487e-4	2.25858e-4	2.80135e-4	3.43355e-4	2.07259e-4	2.67003e-4	1.09903e-4	1.09995e-4	2.23204e-4	2.00203e-4	2.82801e-4	3.23151e-4	2.05186e-4	4.12112e-4	3.47348e-4	3.62356e-4	3.6292e-4
TRPSYN-PWY: L-tryptophan biosynthesis	3.17892e-4	5.13297e-4	4.4265e-4	4.33124e-4	4.16307e-4	4.9196e-4	4.71221e-4	4.30816e-4	4.11431e-4	4.35814e-4	2.21997e-4	4.26019e-4	4.21905e-4	1.91e-4	2.12189e-4	3.13606e-4	3.69602e-4	2.76731e-4	3.59131e-4	3.74581e-4	1.85209e-4	2.64357e-4	3.77479e-4	3.03046e-4	4.44975e-4	3.96492e-4	2.7909e-4	3.16938e-4	3.36857e-4	3.84754e-4	3.40825e-4
PWY-7237: myo-, chiro- and scyllo-inositol degradation	3.16166e-4	3.61972e-4	4.41927e-4	3.7693e-4	3.03471e-4	4.14767e-4	4.16375e-4	3.25176e-4	4.2575e-4	4.65882e-4	5.10087e-4	0	2.13614e-4	0	4.68351e-4	3.27051e-4	2.88505e-4	2.56716e-4	2.49497e-4	3.70381e-4	1.94244e-4	5.59192e-4	3.13734e-4	2.5126e-4	3.87933e-4	2.65116e-4	0	2.13668e-4	2.5918e-4	2.53032e-4	1.73095e-4
SER-GLYSYN-PWY: superpathway of L-serine and glycine biosynthesis I	3.14832e-4	4.0787e-4	4.93754e-4	3.50181e-4	3.59629e-4	5.57968e-4	4.93518e-4	3.73344e-4	4.74836e-4	4.93156e-4	3.31234e-4	2.84541e-4	2.98176e-4	2.82201e-4	3.43956e-4	2.37708e-4	3.27891e-4	2.95495e-4	2.77945e-4	2.19838e-4	2.28908e-4	3.04463e-4	3.53425e-4	2.56599e-4	2.99124e-4	3.3041e-4	3.04486e-4	3.53454e-4	3.07737e-4	2.71315e-4	3.61304e-4
PWY-6628: superpathway of L-phenylalanine biosynthesis	3.01728e-4	2.98579e-4	2.90589e-4	2.37642e-4	2.69991e-4	4.69869e-4	2.34984e-4	3.43626e-4	2.90548e-4	3.61596e-4	3.32781e-4	3.60736e-4	1.56851e-4	2.17452e-4	2.30455e-4	2.30729e-4	2.40037e-4	1.96258e-4	1.65932e-4	1.45447e-4	1.99341e-4	2.50863e-4	1.94435e-4	2.67431e-4	1.7771e-4	1.66455e-4	2.63228e-4	2.01871e-4	1.75597e-4	2.57083e-4	1.67298e-4
PWY-6892: thiazole component of thiamine diphosphate biosynthesis I	2.90553e-4	3.32625e-4	3.54237e-4	3.06962e-4	2.93383e-4	3.6948e-4	3.73466e-4	2.34291e-4	3.09077e-4	3.90592e-4	3.87317e-4	1.87568e-4	2.80005e-4	3.25429e-4	3.14286e-4	2.28904e-4	3.32055e-4	1.47575e-4	2.45353e-4	1.94747e-4	3.47384e-4	3.25702e-4	2.66081e-4	3.03337e-4	2.50425e-4	2.42538e-4	3.1948e-4	2.25609e-4	2.07796e-4	1.8638e-4	2.7291e-4
PWY-6897: thiamine diphosphate salvage II	2.84981e-4	2.91143e-4	2.75428e-4	2.45298e-4	2.91462e-4	2.03329e-4	2.15913e-4	2.07307e-4	2.53027e-4	2.27791e-4	2.65756e-4	1.31172e-4	2.70128e-4	1.86856e-4	2.41381e-4	2.6209e-4	2.63003e-4	2.8321e-4	2.83384e-4	3.65191e-4	1.91126e-4	2.42707e-4	2.59673e-4	2.71956e-4	3.32241e-4	2.84174e-4	2.72215e-4	2.74951e-4	3.46431e-4	2.91722e-4	3.01045e-4
THISYNARA-PWY: superpathway of thiamine diphosphate biosynthesis III (eukaryotes)	2.84737e-4	2.65025e-4	2.70537e-4	2.22349e-4	2.92709e-4	2.13209e-4	2.17692e-4	2.1821e-4	2.47532e-4	2.33655e-4	3.53178e-6	2.26697e-4	2.24713e-4	0	5.49623e-7	1.73076e-4	2.67507e-4	2.15477e-4	2.20899e-4	1.68755e-4	2.21981e-6	3.29005e-5	2.30093e-4	5.39358e-5	3.436e-4	1.6475e-4	1.14766e-7	2.12888e-4	2.47506e-4	1.97523e-4	2.04134e-4
P41-PWY: pyruvate fermentation to acetate and (S)-lactate I	2.83498e-4	4.54916e-4	4.75153e-4	3.96914e-4	3.72838e-4	5.64852e-4	4.83615e-4	3.50951e-4	4.48182e-4	4.96963e-4	3.1396e-4	3.30662e-4	1.60367e-4	2.97194e-4	2.59461e-4	2.65885e-4	3.15901e-4	2.59693e-4	1.831e-4	1.75113e-4	8.05485e-5	3.31044e-4	1.92537e-4	2.19281e-4	3.4212e-4	2.48833e-4	2.93757e-4	3.30817e-4	2.3934e-4	2.1657e-4	2.48672e-4
PWY-5100: pyruvate fermentation to acetate and lactate II	2.83498e-4	4.54916e-4	4.75153e-4	3.96914e-4	3.72838e-4	5.64852e-4	4.83615e-4	3.50951e-4	4.48182e-4	4.96963e-4	3.1396e-4	3.30662e-4	1.60367e-4	2.97194e-4	2.59461e-4	2.65885e-4	3.15901e-4	2.59693e-4	1.831e-4	2.48881e-4	1.82121e-4	3.31044e-4	1.92537e-4	2.23924e-4	3.4212e-4	2.48833e-4	2.93757e-4	3.30817e-4	2.52395e-4	2.1657e-4	2.48672e-4
PWY-5659: GDP-mannose biosynthesis	2.6367e-4	1.932e-4	8.73408e-5	2.16888e-4	2.93829e-4	8.36649e-5	8.06281e-5	9.4885e-5	7.64345e-5	1.02277e-4	2.02676e-4	2.60236e-4	2.02679e-4	1.36974e-4	1.5574e-4	1.68178e-4	2.29673e-4	1.41875e-4	1.6183e-4	8.89664e-5	1.85571e-4	1.04017e-4	2.33655e-4	1.88074e-4	1.10221e-4	1.00401e-4	1.44301e-4	1.36579e-4	1.10367e-4	1.30541e-4	1.39652e-4
UDPNAGSYN-PWY: UDP-N-acetyl-D-glucosamine biosynthesis I	2.6064e-4	2.99658e-4	3.42265e-4	2.9029e-4	2.83665e-4	4.71647e-4	3.21746e-4	3.25938e-4	3.43488e-4	4.04025e-4	3.97372e-4	3.61455e-4	1.36529e-4	2.60586e-4	2.68722e-4	4.25715e-4	2.03188e-4	2.61633e-4	1.33061e-4	1.62297e-4	3.22718e-4	3.30225e-4	1.53794e-4	4.13264e-4	1.95519e-4	2.3492e-4	3.39613e-4	3.303e-4	2.34379e-4	2.74432e-4	3.05512e-4
THISYN-PWY: superpathway of thiamine diphosphate biosynthesis I	2.54983e-4	7.751e-5	1.00039e-4	1.33203e-4	1.78346e-4	1.04145e-4	8.78717e-5	1.94145e-4	9.72208e-5	1.2229e-4	2.99964e-4	1.85576e-4	2.76077e-4	1.88076e-4	2.36729e-4	2.54333e-4	2.80639e-4	2.43922e-4	2.85525e-4	3.05708e-4	2.13536e-4	2.47657e-4	3.08947e-4	2.85484e-4	2.98536e-4	2.59104e-4	2.65056e-4	2.59547e-4	3.17318e-4	2.60115e-4	3.10911e-4
PYRIDNUCSYN-PWY: NAD de novo biosynthesis I (from aspartate)	2.49446e-4	2.94456e-4	3.56556e-4	2.94058e-4	2.61286e-4	4.11432e-4	3.80491e-4	3.22802e-4	3.5116e-4	3.78032e-4	2.1297e-4	2.64391e-4	3.38527e-4	2.01758e-4	2.16118e-4	1.36727e-4	2.91878e-4	3.19593e-4	3.37072e-4	2.78715e-4	2.0083e-4	2.35443e-4	4.18047e-4	2.38235e-4	3.84266e-4	3.1647e-4	2.31941e-4	4.14416e-4	3.47985e-4	3.00045e-4	3.10455e-4
PWY-I9: L-cysteine biosynthesis VI (from L-methionine)	2.48428e-4	2.89934e-4	1.61103e-4	3.37295e-4	4.07176e-4	1.90475e-4	1.75534e-4	3.82127e-4	2.55505e-4	2.32885e-4	3.19238e-4	2.38897e-4	6.98069e-5	1.71908e-4	2.22154e-4	3.26969e-4	1.99938e-4	2.92052e-4	6.19618e-5	5.46658e-5	1.77437e-4	2.45639e-4	4.53738e-4	2.25824e-4	1.71806e-4	6.73895e-5	2.07157e-4	3.29392e-4	7.15772e-5	5.96492e-5	8.39921e-5
PWY-7400: L-arginine biosynthesis IV (archaebacteria)	2.30422e-4	3.16903e-4	4.4253e-4	2.97039e-4	2.77797e-4	4.32954e-4	4.83821e-4	3.55101e-4	4.30274e-4	4.47797e-4	3.02691e-4	3.95558e-4	3.39586e-4	3.01788e-4	3.16018e-4	3.51329e-4	3.15458e-4	3.27428e-4	3.79205e-4	2.33644e-4	3.15397e-4	3.40114e-4	2.46044e-4	3.48334e-4	4.03162e-4	3.65373e-4	3.46935e-4	3.76665e-4	3.23931e-4	3.24079e-4	4.07471e-4
GLCMANNANAUT-PWY: superpathway of N-acetylglucosamine, N-acetylmannosamine and N-acetylneuraminate degradation	2.20151e-4	1.29742e-4	2.48066e-4	1.63058e-4	1.6658e-4	1.58129e-4	1.98648e-4	1.4869e-4	2.32899e-4	2.30102e-4	3.26245e-4	2.49944e-4	1.03865e-4	8.30614e-5	1.99361e-4	1.43296e-4	2.09062e-4	1.42605e-4	1.00534e-4	1.19355e-4	2.43641e-4	1.75198e-4	1.59709e-4	2.59796e-4	1.46993e-4	1.49781e-4	1.30943e-4	2.00884e-4	1.33696e-4	1.2361e-4	1.28098e-4
PWY0-1586: peptidoglycan maturation (meso-diaminopimelate containing)	2.19421e-4	3.3773e-4	3.41917e-4	3.41883e-4	1.93526e-4	7.62596e-4	2.48692e-4	4.14565e-4	3.47505e-4	5.76052e-4	0.0011467	6.32271e-4	4.51172e-4	0.00103595	0.00103633	9.94715e-4	4.07047e-4	3.44562e-4	3.94937e-4	3.31458e-4	9.50572e-4	0.00110328	5.4544e-4	0.00113755	4.94945e-4	3.79296e-4	0.00108925	4.53463e-4	3.63634e-4	3.62319e-4	3.65037e-4
PWY-5121: superpathway of geranylgeranyl diphosphate biosynthesis II (via MEP)	2.18508e-4	1.94429e-5	6.26422e-5	7.14296e-5	2.1126e-4	3.62858e-5	5.25421e-5	1.1519e-4	3.61401e-5	4.40187e-5	7.07859e-5	1.35752e-4	2.11407e-4	1.34358e-4	1.61666e-4	2.19936e-4	1.72738e-4	1.18875e-4	1.38322e-4	9.45612e-5	1.28415e-4	1.48425e-4	3.16017e-4	2.3516e-4	1.20039e-4	1.49481e-4	2.10421e-4	1.71872e-4	1.55454e-4	1.72373e-4	8.89394e-5
PWY-6936: seleno-amino acid biosynthesis (plants)	2.16971e-4	2.94474e-4	3.50137e-4	2.91071e-4	2.51758e-4	4.7226e-4	3.57703e-4	3.14966e-4	3.53449e-4	3.79951e-4	3.12209e-4	3.86462e-4	1.14666e-4	3.04957e-4	3.13353e-4	4.77936e-4	2.6965e-4	1.33612e-4	1.14013e-4	1.72347e-4	3.12457e-4	3.92511e-4	1.80382e-4	4.43035e-4	1.81567e-4	1.49213e-4	4.44805e-4	2.49718e-4	1.87838e-4	2.22693e-4	2.10626e-4
GLUCONEO-PWY: gluconeogenesis I	2.10991e-4	2.44338e-4	2.39397e-4	1.87019e-4	1.88963e-4	2.76919e-4	1.93096e-4	2.61613e-4	1.95759e-4	2.43294e-4	3.5155e-4	2.44573e-4	1.36602e-4	2.81243e-4	3.12232e-4	3.33365e-4	2.74519e-4	1.23666e-4	1.91704e-4	1.43325e-4	2.88293e-4	3.70633e-4	2.56707e-4	3.73818e-4	1.87601e-4	8.65249e-5	3.4634e-4	2.31402e-4	2.0223e-4	2.11569e-4	2.16447e-4
COLANSYN-PWY: colanic acid building blocks biosynthesis	2.10578e-4	1.64949e-4	1.04547e-4	1.56201e-4	1.93839e-4	9.48829e-5	9.07058e-5	1.21343e-4	8.76039e-5	9.39929e-5	2.28982e-4	1.69293e-4	1.93426e-4	1.18241e-5	1.5295e-4	1.3678e-4	2.22275e-4	1.58159e-4	1.62706e-4	1.17252e-4	1.92854e-4	9.7265e-5	2.51381e-4	1.89391e-4	1.4042e-4	1.31111e-4	1.26009e-4	1.66737e-4	1.32238e-4	1.4363e-4	1.4475e-4
GALACTUROCAT-PWY: D-galacturonate degradation I	2.09348e-4	6.70526e-5	6.98819e-5	1.00066e-4	1.68431e-4	3.14416e-5	5.62882e-5	5.76713e-5	7.40657e-5	7.48833e-5	2.72382e-4	1.27544e-4	9.23316e-5	1.15647e-5	5.15601e-5	2.05627e-4	8.15563e-5	1.02024e-4	8.63634e-5	5.30733e-5	9.75276e-5	1.09069e-4	4.99058e-5	2.08367e-4	5.58979e-5	6.02576e-5	5.00426e-5	9.02406e-5	4.78081e-5	6.18671e-5	3.2051e-5
PWY-6507: 4-deoxy-L-threo-hex-4-enopyranuronate degradation	2.02885e-4	5.80189e-5	5.72056e-5	8.93713e-5	1.69729e-4	2.46913e-5	4.57012e-5	4.97245e-5	6.04361e-5	6.16438e-5	2.30029e-4	1.83643e-4	8.64707e-5	3.67707e-6	4.00078e-5	2.24312e-4	7.85459e-5	9.79552e-5	8.10499e-5	4.67042e-5	8.91565e-5	6.11834e-5	3.45809e-5	1.55152e-4	5.12923e-5	5.34548e-5	3.87585e-5	9.02897e-5	4.25444e-5	5.54402e-5	2.77779e-5
PWY-7456: &beta;-(1,4)-mannan degradation	2.02186e-4	8.06798e-5	2.57748e-5	1.02169e-4	2.24398e-4	2.65754e-5	2.80172e-5	7.81928e-5	2.26759e-6	4.24274e-5	0	0	1.46305e-4	0	0	0	1.70355e-4	9.29111e-5	1.45066e-4	5.11831e-5	0	0	6.96646e-5	0	9.28133e-5	5.69541e-5	0	8.90194e-5	7.60657e-5	1.04853e-4	1.21087e-4
PWY-5973: cis-vaccenate biosynthesis	2.01392e-4	4.79787e-5	4.72574e-5	1.0466e-4	1.50993e-4	6.4831e-5	7.18488e-5	1.55611e-4	7.21436e-5	7.67159e-5	3.2727e-4	1.89786e-4	3.46453e-4	3.71667e-4	3.77408e-4	5.68008e-4	3.25139e-4	2.96088e-4	3.23196e-4	3.18505e-4	3.28692e-4	4.21088e-4	4.26609e-4	5.16985e-4	3.09963e-4	4.03177e-4	4.64659e-4	3.45825e-4	3.49738e-4	2.80624e-4	3.3042e-4
PWY-6292: superpathway of L-cysteine biosynthesis (mammalian)	1.88371e-4	9.78567e-5	8.09114e-5	1.2916e-4	1.55743e-4	7.89992e-5	9.20414e-5	1.72026e-4	6.35338e-5	5.38811e-5	8.65262e-6	3.75781e-5	1.07864e-4	1.6861e-4	1.39442e-4	6.90621e-5	1.17716e-4	1.42895e-4	7.21283e-5	9.23755e-5	5.49201e-5	1.57491e-4	2.31921e-6	3.19745e-5	9.36793e-5	1.38163e-4	1.60333e-4	9.07754e-5	1.07979e-4	1.28733e-4	9.04336e-5
PWY-6703: preQ0 biosynthesis	1.87787e-4	1.8797e-4	1.73286e-4	2.39616e-4	1.84191e-4	2.02123e-4	1.89158e-4	1.74501e-4	1.60185e-4	1.9134e-4	2.04951e-4	1.60557e-4	2.96003e-4	1.72211e-4	1.87917e-4	2.18956e-4	2.43876e-4	2.2705e-4	2.73384e-4	3.13259e-4	1.6197e-4	2.32169e-4	3.30885e-4	2.77658e-4	2.14707e-4	2.31919e-4	2.5544e-4	2.35198e-4	3.44962e-4	2.58785e-4	2.74511e-4
PWY-7229: superpathway of adenosine nucleotides de novo biosynthesis I	1.85153e-4	1.81481e-4	2.56123e-4	2.14172e-4	1.78947e-4	2.9155e-4	2.6933e-4	1.69418e-4	2.39996e-4	2.81993e-4	2.95995e-4	3.6595e-4	3.64411e-4	2.42045e-4	2.91923e-4	4.85255e-4	3.9754e-4	3.46244e-4	3.36017e-4	1.82089e-4	2.3005e-4	3.38799e-4	4.61629e-4	4.07351e-4	3.44625e-4	4.62969e-4	3.49919e-4	4.90073e-4	3.36246e-4	2.77532e-4	3.74852e-4
PWY-7242: D-fructuronate degradation	1.85038e-4	7.5562e-5	1.09211e-4	1.22675e-4	1.51418e-4	3.62368e-5	7.37161e-5	7.43516e-5	9.8139e-5	8.79773e-5	1.35341e-4	1.03235e-4	9.62608e-5	8.49465e-6	4.09969e-5	2.56568e-4	1.05889e-4	1.09004e-4	7.90399e-5	1.07766e-4	8.77129e-5	8.67073e-5	2.15809e-5	1.89533e-4	5.04507e-5	6.99983e-5	4.08213e-5	8.95285e-5	6.44053e-5	8.26991e-5	4.67745e-5
PWY-6353: purine nucleotides degradation II (aerobic)	1.84723e-4	1.32124e-4	1.69686e-4	1.34541e-4	1.76294e-4	1.87818e-4	2.20447e-4	1.21267e-4	1.6089e-4	1.37862e-4	4.44503e-4	2.9808e-4	9.26382e-5	0	2.8391e-4	1.8906e-4	1.72576e-4	1.0045e-4	1.06015e-4	1.04048e-4	3.24683e-4	2.15613e-4	1.56537e-4	4.24711e-4	8.75905e-5	1.17116e-4	3.29334e-4	1.56581e-4	7.34737e-5	1.21735e-4	1.14336e-4
GLUCUROCAT-PWY: superpathway of &beta;-D-glucuronosides degradation	1.83883e-4	9.37239e-5	1.2643e-4	1.44437e-4	1.66196e-4	4.87368e-5	9.02686e-5	8.31343e-5	1.16605e-4	1.07367e-4	1.41735e-4	1.13959e-4	1.23878e-4	5.25957e-6	5.31577e-5	1.76893e-4	1.20744e-4	1.27609e-4	9.65077e-5	1.27923e-4	1.09369e-4	6.95427e-5	3.06831e-5	1.66782e-4	6.36673e-5	8.04818e-5	5.28635e-5	1.00879e-4	8.09265e-5	9.34468e-5	5.98416e-5
GLYCOLYSIS: glycolysis I (from glucose 6-phosphate)	1.81721e-4	2.60095e-4	2.72363e-4	1.55994e-4	1.58678e-4	4.52664e-4	1.94022e-4	2.96856e-4	2.48454e-4	3.42611e-4	3.67093e-4	3.59496e-4	1.95319e-4	3.219e-4	3.45396e-4	3.57257e-4	2.66128e-4	1.18975e-4	1.95541e-4	1.03901e-4	3.3708e-4	4.2061e-4	3.12057e-4	4.10006e-4	1.85568e-4	5.59799e-5	3.74815e-4	2.03873e-4	1.7878e-4	1.83101e-4	2.19152e-4
FERMENTATION-PWY: mixed acid fermentation	1.81225e-4	1.25252e-4	1.46838e-4	8.98068e-5	2.00652e-4	1.17353e-4	1.26112e-4	1.14398e-4	1.3931e-4	1.62536e-4	4.27183e-4	1.6724e-4	7.21768e-5	4.89957e-4	3.70003e-4	2.44783e-4	1.07191e-4	1.16464e-4	7.79428e-5	8.55626e-5	3.77956e-4	3.93326e-4	2.88625e-5	3.56291e-4	8.91365e-5	8.51204e-5	4.65818e-4	1.13533e-4	4.88711e-5	1.03458e-4	1.07982e-4
ANAEROFRUCAT-PWY: homolactic fermentation	1.76211e-4	2.5079e-4	2.3378e-4	1.67601e-4	1.54417e-4	4.33259e-4	1.7699e-4	2.94688e-4	2.17436e-4	3.13101e-4	3.22279e-4	3.46551e-4	2.09005e-4	2.86056e-4	2.93066e-4	3.47154e-4	2.7766e-4	1.36536e-4	2.06496e-4	1.15071e-4	2.26258e-4	3.57737e-4	3.20246e-4	3.63352e-4	2.07846e-4	6.94612e-5	3.19178e-4	2.22474e-4	1.96918e-4	1.95324e-4	2.29438e-4
PWY-7328: superpathway of UDP-glucose-derived O-antigen building blocks biosynthesis	1.72574e-4	1.8539e-4	2.7026e-4	1.39768e-4	1.49962e-4	2.3294e-4	2.71071e-4	1.78493e-4	2.5194e-4	2.86761e-4	1.9589e-4	2.62244e-4	8.96867e-5	2.63759e-4	2.06975e-4	1.47801e-4	1.60009e-4	1.05508e-4	1.19344e-4	1.36009e-4	7.99876e-6	7.35835e-5	1.89421e-4	2.95913e-4	1.3311e-4	1.29684e-4	7.12169e-5	1.50958e-4	1.18564e-4	1.29822e-4	1.1325e-4
PWY-6608: guanosine nucleotides degradation III	1.71476e-4	1.21057e-4	2.14221e-4	1.08445e-4	1.51682e-4	1.93113e-4	2.48001e-4	1.13278e-4	1.94717e-4	2.09485e-4	5.05708e-4	3.5239e-4	1.11898e-4	2.94327e-4	3.49932e-4	2.83681e-4	2.22552e-4	8.36527e-5	9.54413e-5	9.30193e-5	3.73227e-4	3.91944e-4	1.80744e-4	4.35769e-4	1.1192e-4	1.53621e-4	3.66868e-4	1.28884e-4	7.69515e-5	1.03996e-4	1.214e-4
PWY-7663: gondoate biosynthesis (anaerobic)	1.71328e-4	8.16773e-5	3.44997e-5	8.59507e-5	1.2624e-4	5.96913e-5	3.68254e-5	1.3075e-4	3.51847e-5	3.90601e-5	6.55586e-4	2.44236e-4	3.11873e-4	4.80083e-4	5.59257e-4	5.74611e-4	2.95914e-4	2.64137e-4	2.89776e-4	2.82143e-4	5.33584e-4	6.0132e-4	3.9535e-4	6.05483e-4	2.72489e-4	3.61077e-4	5.48109e-4	3.11486e-4	3.15658e-4	2.46833e-4	2.99301e-4
ASPASN-PWY: superpathway of L-aspartate and L-asparagine biosynthesis	1.66442e-4	1.74989e-4	2.08205e-4	1.46287e-4	1.55461e-4	2.37489e-4	2.06091e-4	1.865e-4	2.1268e-4	2.45589e-4	3.82709e-4	2.81628e-4	2.27878e-4	4.29879e-4	4.42667e-4	2.74246e-4	2.61558e-4	2.29162e-4	1.87473e-4	2.46231e-4	3.42368e-4	4.41216e-4	3.83445e-4	3.61919e-4	2.01843e-4	1.98012e-4	4.7848e-4	3.3361e-4	2.6319e-4	1.51033e-4	1.85661e-4
PWY-1861: formaldehyde assimilation II (assimilatory RuMP Cycle)	1.62005e-4	7.23065e-5	1.28146e-4	6.02735e-5	1.35381e-4	1.79809e-4	1.60736e-4	1.27879e-4	1.34931e-4	1.11425e-4	3.30565e-4	3.34018e-4	7.29014e-5	0	1.58452e-4	2.58666e-4	1.34313e-4	1.14984e-5	6.532e-5	5.70696e-5	0	8.91167e-5	1.1779e-5	1.37196e-4	1.06906e-4	1.33408e-4	6.73782e-5	2.70331e-5	1.79939e-5	1.83773e-4	9.87024e-5
PWY-5188: tetrapyrrole biosynthesis I (from glutamate)	1.61721e-4	2.60494e-4	2.66325e-4	2.20523e-4	2.04046e-4	2.53058e-4	3.04716e-4	2.06053e-4	2.29654e-4	2.2726e-4	3.3604e-4	2.29407e-4	1.18401e-4	2.04527e-4	2.8195e-4	2.38384e-4	1.34495e-4	1.13894e-4	1.18491e-4	1.37721e-4	2.72589e-4	2.8728e-4	7.8219e-5	3.37296e-4	1.5529e-4	1.47692e-4	3.16291e-4	1.04586e-4	1.01657e-4	1.67285e-4	1.81062e-4
PWY-841: superpathway of purine nucleotides de novo biosynthesis I	1.60916e-4	1.74814e-4	2.30218e-4	2.03798e-4	1.57595e-4	2.56793e-4	2.50203e-4	1.44974e-4	2.15937e-4	2.50552e-4	2.66563e-4	3.06373e-4	3.15118e-4	2.024e-4	2.51675e-4	4.13085e-4	3.42475e-4	2.96962e-4	2.9362e-4	1.57891e-4	2.20474e-4	2.9602e-4	3.70831e-4	3.80509e-4	2.9282e-4	3.69625e-4	3.02332e-4	4.29527e-4	2.9248e-4	2.36862e-4	3.03668e-4
PWY-5154: L-arginine biosynthesis III (via N-acetyl-L-citrulline)	1.58763e-4	5.74624e-5	1.01654e-4	6.0528e-5	1.02778e-4	1.04008e-4	1.29864e-4	7.92091e-5	1.05431e-4	1.12017e-4	3.29132e-4	3.73458e-4	2.87629e-4	3.05065e-4	3.15251e-4	3.25157e-4	2.12738e-4	2.44711e-4	3.23103e-4	4.40442e-4	3.52736e-4	3.56253e-4	2.60217e-4	3.84975e-4	2.23214e-4	1.92125e-4	3.75163e-4	2.7547e-4	3.64576e-4	2.8928e-4	2.4366e-4
PWY-702: L-methionine biosynthesis II	1.56198e-4	2.01389e-4	1.45326e-4	2.11172e-4	2.05315e-4	1.87215e-4	1.52803e-4	2.48023e-4	2.03221e-4	1.9835e-4	3.7618e-4	2.14571e-4	5.13347e-5	2.63343e-4	2.90757e-4	4.53253e-4	1.49625e-4	1.2031e-4	4.97851e-5	5.00881e-5	2.6796e-4	3.31363e-4	1.67783e-4	3.63723e-4	1.06572e-4	5.81769e-5	3.41081e-4	1.95526e-4	6.60067e-5	5.95624e-5	7.36159e-5
METH-ACETATE-PWY: methanogenesis from acetate	1.56144e-4	2.01697e-4	2.80333e-4	1.73832e-4	1.83649e-4	2.79254e-4	2.76965e-4	1.80339e-4	2.40157e-4	2.64721e-4	0	0	7.46071e-5	0	0	0	1.24621e-4	6.52921e-5	1.0024e-4	7.68688e-5	1.46343e-6	0	7.99382e-5	0	9.79968e-5	1.33843e-4	0	8.83147e-5	1.11914e-4	9.27814e-5	1.10368e-4
PWY-5384: sucrose degradation IV (sucrose phosphorylase)	1.55083e-4	1.37916e-4	1.24745e-4	1.54381e-4	2.25695e-4	3.30429e-4	8.8479e-5	2.04905e-4	1.27458e-4	2.25065e-4	3.89829e-4	2.56135e-4	1.35623e-4	4.34321e-4	3.64277e-4	2.06984e-4	2.34138e-4	1.16331e-4	1.00407e-4	8.28492e-5	2.87126e-4	4.2352e-4	1.71409e-4	3.3124e-4	9.67792e-5	7.36902e-5	3.2796e-4	1.1164e-4	1.33266e-4	1.13795e-4	7.92874e-5
PWY-7234: inosine-5'-phosphate biosynthesis III	1.5498e-4	1.56261e-4	1.21382e-4	8.11693e-5	9.06296e-5	3.10119e-4	7.89407e-5	1.88923e-4	1.30897e-4	2.01829e-4	2.26889e-4	2.6962e-4	6.39474e-5	1.55194e-4	1.96717e-4	3.37636e-4	2.29109e-4	1.13035e-4	1.07472e-4	9.03293e-5	1.74471e-4	2.30898e-4	4.04583e-5	2.91025e-4	1.55384e-4	1.4559e-4	2.3113e-4	1.44536e-4	1.98466e-4	1.74329e-4	1.73116e-4
PWY-5484: glycolysis II (from fructose 6-phosphate)	1.52928e-4	2.14445e-4	1.97458e-4	1.36855e-4	1.28114e-4	3.84793e-4	1.44713e-4	2.63785e-4	1.82452e-4	2.71351e-4	3.42484e-4	3.31275e-4	1.89515e-4	2.81942e-4	3.18702e-4	3.49232e-4	2.5341e-4	1.15557e-4	1.82679e-4	9.46932e-5	3.12124e-4	3.80722e-4	3.09827e-4	4.00761e-4	1.75183e-4	5.46112e-5	3.42725e-4	1.95467e-4	1.71692e-4	1.71574e-4	2.06717e-4
SALVADEHYPOX-PWY: adenosine nucleotides degradation II	1.51396e-4	9.01335e-5	1.07865e-4	9.55279e-5	1.32998e-4	1.29013e-4	1.51004e-4	7.84523e-5	1.02449e-4	8.18509e-5	4.1157e-4	3.45632e-4	5.40951e-5	0	2.20864e-4	1.20728e-4	1.07275e-4	6.53543e-5	6.72881e-5	6.66749e-5	3.99182e-4	1.40134e-4	9.71459e-5	4.20074e-4	5.0306e-5	6.8203e-5	2.86199e-4	1.08106e-4	4.35901e-5	8.04936e-5	7.04971e-5
PWY-6895: superpathway of thiamine diphosphate biosynthesis II	1.48313e-4	6.76269e-5	3.04636e-5	9.31619e-5	1.4127e-4	2.95981e-5	3.36837e-5	1.55497e-4	1.39482e-5	3.57957e-5	2.46206e-4	1.34644e-4	1.1748e-4	1.6606e-4	2.16587e-4	2.43957e-4	1.28022e-4	9.80682e-5	3.90801e-5	5.52427e-5	2.05278e-4	2.30059e-4	1.98648e-5	2.72897e-4	1.22307e-4	1.46302e-4	2.32725e-4	1.19165e-4	1.05754e-4	6.8013e-5	6.98644e-5
PWY-622: starch biosynthesis	1.47653e-4	6.24962e-5	4.54866e-5	6.85917e-5	1.0635e-4	1.09127e-4	6.82195e-5	2.42479e-4	6.59387e-5	8.83606e-5	1.94879e-4	2.66112e-5	6.79601e-6	0	9.29448e-5	1.32178e-5	8.74986e-6	6.33663e-5	1.23039e-5	3.60564e-5	0	5.17769e-5	2.00988e-4	2.27925e-4	9.03094e-5	0	4.2055e-6	9.84477e-5	1.48834e-4	4.44233e-5	4.34726e-5
PWY0-162: superpathway of pyrimidine ribonucleotides de novo biosynthesis	1.47251e-4	1.41555e-4	1.48236e-4	1.56999e-4	1.27972e-4	2.22323e-4	1.7628e-4	1.52095e-4	1.43875e-4	1.85043e-4	2.52143e-4	2.16652e-4	1.14061e-4	2.43975e-4	2.68672e-4	2.37947e-4	1.8763e-4	2.15955e-4	1.37208e-4	9.7411e-5	1.95011e-4	3.09726e-4	2.22183e-4	3.0356e-4	2.0299e-4	2.20326e-4	3.08435e-4	1.63405e-4	2.2563e-4	1.77915e-4	2.27297e-4
PWY-621: sucrose degradation III (sucrose invertase)	1.44141e-4	1.23537e-4	9.69558e-5	1.5201e-4	2.07276e-4	9.95563e-5	8.66579e-5	1.62161e-4	9.69594e-5	1.45596e-4	3.31198e-4	2.7972e-4	1.47174e-4	3.60694e-4	3.07657e-4	2.12348e-4	2.33281e-4	1.13932e-4	1.0457e-4	8.18198e-5	2.63545e-4	3.82934e-4	1.89815e-4	3.48417e-4	1.00016e-4	7.30547e-5	3.13318e-4	1.09827e-4	1.28543e-4	1.11471e-4	8.08989e-5
PWY-6901: superpathway of glucose and xylose degradation	1.3606e-4	2.03354e-4	1.57646e-4	1.34959e-4	1.16527e-4	3.49555e-4	1.09176e-4	2.19874e-4	1.35239e-4	2.20996e-4	3.35057e-4	3.49678e-4	2.37468e-4	3.28807e-4	3.39504e-4	3.14336e-4	2.19962e-4	1.82326e-4	1.91755e-4	1.08907e-4	2.66581e-4	3.86548e-4	3.41748e-4	3.48492e-4	2.32771e-4	1.92249e-4	3.94514e-4	2.21216e-4	1.81665e-4	1.88928e-4	1.99519e-4
DAPLYSINESYN-PWY: L-lysine biosynthesis I	1.34612e-4	2.19434e-4	1.71493e-4	1.30121e-4	1.07671e-4	4.06109e-4	1.31987e-4	2.63159e-4	1.91984e-4	2.5705e-4	3.78708e-4	2.18033e-4	1.80975e-5	3.0595e-4	3.09845e-4	2.61808e-4	6.0173e-5	6.81666e-5	3.60165e-5	6.22328e-5	2.68267e-4	3.55874e-4	2.09834e-4	3.14085e-4	1.08733e-4	1.50289e-5	3.33364e-4	1.42337e-4	1.0881e-4	1.59974e-4	1.05423e-4
PWY-6731: starch degradation III	1.33276e-4	1.67482e-4	2.96391e-4	1.80381e-4	1.42729e-4	2.52807e-4	2.81571e-4	2.02251e-4	2.47161e-4	3.06441e-4	8.84529e-5	3.98846e-5	2.01783e-4	1.28344e-4	1.02677e-4	3.24159e-5	1.56066e-4	1.27785e-4	1.86839e-4	1.07519e-4	1.06585e-4	1.09221e-4	2.53165e-4	7.34492e-5	2.27724e-4	1.92453e-4	1.06645e-4	1.85678e-4	1.46612e-4	9.4333e-5	2.45558e-4
PWY-6630: superpathway of L-tyrosine biosynthesis	1.3259e-4	7.95437e-5	4.34432e-5	1.06321e-4	2.04784e-4	6.20052e-5	4.66345e-5	1.1773e-4	3.96437e-5	9.23473e-5	2.22739e-4	3.50864e-4	3.7457e-5	1.89555e-4	1.82264e-4	1.96983e-4	2.07735e-4	1.20265e-4	9.01704e-5	5.86474e-5	1.41455e-4	2.08569e-4	1.15138e-4	2.31225e-4	7.13205e-5	5.97791e-5	2.47005e-4	1.14125e-4	1.30428e-4	6.92619e-5	9.392e-5
PWY-7345: superpathway of anaerobic sucrose degradation	1.32394e-4	1.12558e-4	9.68009e-5	1.22759e-4	1.17622e-4	8.55944e-5	8.03116e-5	1.18199e-4	6.24354e-5	1.14637e-4	3.79742e-4	2.77123e-4	1.27092e-4	2.74824e-4	3.19402e-4	3.0597e-4	1.42785e-4	1.00121e-4	1.43625e-4	8.86202e-5	2.73786e-4	3.86753e-4	2.53871e-4	4.14227e-4	1.39432e-4	5.68275e-5	3.43967e-4	1.47601e-4	1.54836e-4	1.15629e-4	1.52979e-4
PWY-6126: superpathway of adenosine nucleotides de novo biosynthesis II	1.22893e-4	1.35377e-4	1.82394e-4	1.61595e-4	1.20557e-4	2.08613e-4	2.0306e-4	1.101e-4	1.69973e-4	2.00478e-4	2.54817e-4	2.96402e-4	2.93582e-4	2.23694e-4	2.67016e-4	4.4787e-4	3.30836e-4	2.67096e-4	2.66382e-4	1.24986e-4	2.10137e-4	3.21465e-4	4.01068e-4	3.80502e-4	2.63346e-4	3.8465e-4	3.2655e-4	4.28375e-4	2.58417e-4	1.98329e-4	2.77931e-4
PHOSLIPSYN-PWY: superpathway of phospholipid biosynthesis I (bacteria)	1.17788e-4	1.25985e-4	1.99951e-4	1.10426e-4	1.65633e-4	1.80395e-4	1.75396e-4	1.96327e-4	1.62552e-4	2.27737e-4	3.06673e-4	2.82045e-4	2.1266e-4	2.80873e-4	3.76008e-4	2.84156e-4	2.44345e-4	1.37685e-4	2.28961e-4	2.80248e-4	3.56618e-4	3.20892e-4	2.45056e-4	3.67981e-4	2.46497e-4	1.45616e-4	3.74634e-4	1.5227e-4	2.65321e-4	1.61594e-4	2.01274e-4
PENTOSE-P-PWY: pentose phosphate pathway	1.08143e-4	1.91131e-4	1.21714e-4	1.25475e-4	9.84005e-5	3.00333e-4	9.00594e-5	2.23827e-4	1.20214e-4	1.89767e-4	3.39187e-4	4.06377e-4	2.12545e-4	4.06553e-4	3.9077e-4	3.73954e-4	2.07584e-4	1.72727e-4	1.99472e-4	9.35095e-5	4.03748e-4	4.77706e-4	3.43414e-4	4.01164e-4	2.27177e-4	1.58135e-4	5.04922e-4	2.52276e-4	1.80656e-4	1.72728e-4	2.15804e-4
GLYCOCAT-PWY: glycogen degradation I	1.07943e-4	1.63108e-5	1.87393e-5	3.83535e-5	2.36686e-4	1.6895e-5	2.26268e-5	9.23949e-5	8.04569e-6	1.47056e-5	2.03917e-4	1.16002e-4	1.07312e-4	1.13199e-4	1.39131e-4	2.07692e-4	6.83116e-5	8.87124e-5	1.73145e-4	4.38259e-5	1.31993e-4	1.84807e-4	2.78645e-4	1.7048e-4	1.72956e-4	1.37541e-4	1.31889e-4	1.04193e-4	1.77635e-4	9.62104e-5	2.36437e-4
PWY-6549: L-glutamine biosynthesis III	1.05179e-4	9.76526e-5	1.2741e-4	6.85184e-5	9.37414e-5	1.15056e-4	9.34428e-5	9.65526e-5	1.18983e-4	1.43995e-4	1.27132e-5	1.20159e-4	1.91992e-5	0	1.41336e-5	5.86511e-5	7.49465e-5	5.5803e-5	3.47752e-5	6.78258e-5	2.06872e-5	5.4920300000000003e-05	2.33261e-5	6.89853e-5	6.04126e-5	1.30141e-5	2.37202e-6	7.03419e-5	4.6828e-5	9.16823e-5	6.77396e-5
PWY-7228: superpathway of guanosine nucleotides de novo biosynthesis I	1.04969e-4	1.161e-4	1.57519e-4	1.37644e-4	1.03497e-4	1.81542e-4	1.75787e-4	9.45209e-5	1.46867e-4	1.7469e-4	2.60225e-4	2.80616e-4	2.59287e-4	2.28434e-4	2.66757e-4	4.03241e-4	2.9755e-4	2.26921e-4	2.35596e-4	1.10177e-4	2.12543e-4	3.25492e-4	3.86681e-4	3.83149e-4	2.3181e-4	3.36401e-4	3.16476e-4	3.81033e-4	2.39052e-4	1.74146e-4	2.39445e-4
PWY-7282: 4-amino-2-methyl-5-diphosphomethylpyrimidine biosynthesis II	1.03428e-4	1.48546e-5	6.95171e-6	7.01396e-5	9.9714e-5	3.9512e-6	1.84904e-5	1.09747e-4	0	9.19995e-6	2.22249e-4	1.56844e-4	2.1659e-4	1.8652e-4	2.35253e-4	2.33617e-4	1.91353e-4	1.79206e-4	2.1042e-4	4.34929e-5	2.08668e-4	2.72721e-4	2.35395e-4	2.6812e-4	2.3636e-4	1.33917e-4	2.35974e-4	2.11777e-4	1.09172e-4	1.5573e-4	2.2037e-4
PWY-6606: guanosine nucleotides degradation II	1.03044e-4	7.87912e-5	1.05093e-4	7.86937e-5	9.95373e-5	1.19165e-4	1.43495e-4	6.94233e-5	9.87838e-5	8.32126e-5	4.3756e-4	1.95045e-4	5.19774e-5	3.46926e-5	2.33776e-4	1.06367e-4	1.05881e-4	5.51072e-5	5.87351e-5	5.80283e-5	3.67485e-4	1.34581e-4	9.41593e-5	4.06164e-4	4.89356e-5	6.67889e-5	3.17518e-4	9.13633e-5	4.01065e-5	6.8721e-5	6.50376e-5
PWY-4041: &gamma;-glutamyl cycle	1.02457e-4	1.16449e-4	1.31799e-4	8.71848e-5	9.09185e-5	1.79496e-4	1.18143e-4	1.42981e-4	1.26339e-4	1.50711e-4	2.78857e-4	1.51861e-4	6.63803e-5	3.10852e-4	3.27904e-4	2.43874e-4	1.37982e-4	5.77487e-5	4.7888e-5	4.27534e-5	2.58625e-4	3.75815e-4	1.14789e-4	2.4921e-4	5.86903e-5	6.06384e-5	2.97753e-4	1.09022e-4	8.13032e-5	8.42628e-5	8.6687e-5
RHAMCAT-PWY: L-rhamnose degradation I	1.01595e-4	8.0096e-5	1.10543e-4	1.21691e-4	1.01381e-4	9.38422e-5	1.11417e-4	1.12461e-4	1.05337e-4	1.10707e-4	3.08747e-4	2.16053e-4	1.99174e-4	3.19473e-4	3.03196e-4	2.93133e-4	2.00121e-4	1.33487e-4	1.78319e-4	1.76084e-4	1.87515e-4	3.3741e-4	2.33182e-4	2.28673e-4	1.50084e-4	1.77466e-4	2.94925e-4	1.33264e-4	1.55635e-4	1.5454e-4	1.87918e-4
PWY-7761: NAD salvage pathway II (PNC IV cycle)	1.01242e-4	7.77709e-5	1.11363e-4	6.89762e-5	1.03539e-4	1.60527e-4	1.29069e-4	1.49509e-4	1.003e-4	1.09913e-4	5.56154e-5	1.81416e-4	5.82231e-5	5.82187e-5	5.90626e-5	1.27739e-4	1.69321e-4	9.01635e-5	7.49654e-5	1.66986e-4	9.12876e-5	4.008e-5	2.93263e-5	8.5664e-5	1.22682e-4	2.01104e-4	4.56217e-5	7.1186e-5	1.40856e-4	1.4358e-4	2.21413e-4
PWY-6470: peptidoglycan biosynthesis V (&beta;-lactam resistance)	9.94827e-5	9.68036e-5	2.04951e-4	1.17039e-4	1.0939e-4	1.49071e-4	1.73064e-4	6.23617e-5	2.0403e-4	2.21035e-4	0	1.64215e-4	4.18197e-5	0	0	1.45481e-4	1.69697e-4	1.14604e-4	4.97991e-5	9.5444e-5	0	0	3.08941e-5	0	1.03057e-4	9.66122e-5	1.25374e-5	1.32251e-4	3.88524e-5	1.06272e-4	1.26951e-4
PWY-6969: TCA cycle V (2-oxoglutarate synthase)	9.8988e-5	4.33481e-5	1.99423e-5	4.28523e-5	8.144e-5	3.42729e-5	3.11114e-5	6.98507e-5	3.06439e-5	3.37359e-5	3.45553e-4	8.89272e-5	4.82601e-5	3.56584e-4	2.9928e-4	5.03202e-5	7.13289e-5	7.35718e-5	8.84112e-5	4.88443e-5	3.09815e-4	3.38659e-4	8.97527e-6	2.23114e-4	5.76957e-5	6.20864e-5	3.37887e-4	5.13795e-5	8.0741e-5	6.52862e-5	7.25695e-5
P164-PWY: purine nucleobases degradation I (anaerobic)	9.65435e-5	7.28392e-5	2.06152e-4	6.45916e-5	3.81407e-5	1.82247e-4	2.31554e-4	8.66629e-5	1.95948e-4	2.15244e-4	5.28357e-6	1.99477e-4	5.67906e-5	0	7.16764e-5	2.97943e-5	1.74548e-4	8.37454e-5	4.73729e-5	6.34058e-5	8.16338e-6	9.99024e-6	1.04984e-4	1.04347e-6	7.45783e-5	5.85628e-5	0	1.18007e-4	7.15967e-5	5.13958e-5	7.41925e-5
P461-PWY: hexitol fermentation to lactate, formate, ethanol and acetate	9.59234e-5	7.62177e-5	4.29726e-5	5.52773e-5	7.4877e-5	9.28605e-5	6.13805e-5	6.96196e-5	5.74994e-5	5.3499e-5	4.54966e-4	3.02069e-4	2.08517e-5	2.97471e-4	3.32726e-4	3.5364e-4	1.31562e-4	4.07936e-5	3.54773e-5	3.01748e-5	3.69566e-4	3.93058e-4	2.28681e-5	3.74122e-4	3.11756e-5	2.4733e-5	3.29485e-4	6.34949e-5	6.69141e-5	5.15285e-5	9.38613e-5
GLYCOLYSIS-E-D: superpathway of glycolysis and the Entner-Doudoroff pathway	9.502e-5	7.97966e-5	6.71166e-5	8.63354e-5	8.04782e-5	5.72584e-5	5.32653e-5	7.62159e-5	4.13966e-5	7.96787e-5	2.99804e-4	2.23515e-4	9.4462e-5	2.20972e-4	2.70902e-4	2.83112e-4	9.72234e-5	7.56051e-5	1.18353e-4	7.09775e-5	2.47074e-4	2.8232e-4	1.21559e-4	3.07223e-4	1.11769e-4	4.67785e-5	2.77799e-4	1.23152e-4	1.21468e-4	8.63372e-5	1.28021e-4
PWY-5676: acetyl-CoA fermentation to butanoate II	9.37384e-5	9.91931e-5	8.48037e-5	9.26179e-5	7.95425e-5	1.28213e-4	1.21323e-4	7.24966e-5	1.00499e-4	7.8014e-5	1.12733e-5	1.03796e-4	3.5427e-5	0	5.65602e-5	9.56462e-5	8.61956e-5	9.46081e-5	4.38628e-5	4.73862e-5	9.97689e-6	8.34415e-5	2.52547e-5	1.2325e-4	6.44391e-5	2.04513e-5	1.05815e-4	6.96833e-5	5.31742e-5	5.66438e-5	8.41185e-5
PWY-7208: superpathway of pyrimidine nucleobases salvage	9.15223e-5	1.00068e-4	1.23318e-4	1.19492e-4	8.98486e-5	1.41278e-4	1.49084e-4	8.69343e-5	1.14646e-4	1.33833e-4	1.96901e-4	2.14353e-4	2.04175e-4	2.03205e-4	2.21902e-4	3.64146e-4	2.41273e-4	1.87083e-4	1.92493e-4	7.99825e-5	1.76425e-4	2.94453e-4	2.10689e-4	3.31695e-4	1.80239e-4	2.83116e-4	2.91855e-4	3.28413e-4	1.77572e-4	1.29512e-4	1.84323e-4
HISDEG-PWY: L-histidine degradation I	9.08392e-5	1.2532e-5	8.81382e-6	3.44061e-5	6.35287e-5	1.02084e-5	1.10107e-5	8.62212e-5	1.31978e-5	1.009e-5	4.02164e-4	1.01668e-4	2.03987e-4	2.44556e-4	1.96501e-4	7.70023e-5	1.49931e-4	1.59956e-4	1.70132e-4	6.22847e-5	4.52725e-5	3.66883e-4	3.3672e-4	1.40639e-4	1.44593e-4	1.32657e-4	1.68373e-4	1.83234e-4	1.49165e-4	1.13859e-4	2.50187e-4
PWY66-399: gluconeogenesis III	8.94152e-5	9.69628e-5	9.55693e-5	9.61658e-5	7.08365e-5	1.30323e-4	9.16532e-5	1.28255e-4	7.73112e-5	5.19959e-5	0	1.46321e-5	7.18627e-5	0	0	0	7.16825e-5	8.41969e-5	8.83861e-5	6.65315e-5	1.93975e-5	0	1.67321e-5	0	8.01156e-5	6.18269e-5	0	6.23967e-5	8.34946e-5	1.20654e-4	1.40154e-4
PWY-7356: thiamine diphosphate salvage IV (yeast)	8.79234e-5	1.05876e-4	9.56622e-5	7.16035e-5	6.20902e-5	1.84068e-4	6.79063e-5	1.23221e-4	7.52789e-5	1.30465e-4	2.04378e-4	4.96469e-5	2.1107e-5	1.96377e-4	1.8465e-4	1.51866e-4	5.40484e-5	5.54897e-5	2.05765e-5	4.85041e-5	6.88221e-5	2.19986e-4	9.69571e-5	1.33039e-4	2.85067e-5	2.1322e-5	1.61493e-4	6.23527e-5	4.70102e-5	6.3615e-5	3.94827e-5
PWY-6125: superpathway of guanosine nucleotides de novo biosynthesis II	8.56648e-5	9.95373e-5	1.31969e-4	1.18858e-4	8.48413e-5	1.52089e-4	1.51099e-4	7.63846e-5	1.2273e-4	1.45876e-4	2.31351e-4	2.44735e-4	2.29366e-4	2.13612e-4	2.48627e-4	3.85796e-4	2.66866e-4	1.98189e-4	2.06556e-4	9.03072e-5	1.97406e-4	3.00377e-4	3.5048e-4	3.62185e-4	1.99691e-4	3.03366e-4	3.01099e-4	3.52744e-4	2.03826e-4	1.45441e-4	2.04452e-4
PWY-241: C4 photosynthetic carbon assimilation cycle, NADP-ME type	8.55971e-5	1.41807e-4	1.3238e-4	7.40521e-5	6.04868e-5	2.44433e-4	7.4442e-5	1.84721e-4	1.29276e-4	1.85641e-4	1.30105e-5	1.4943e-4	7.13664e-6	4.67088e-6	4.93693e-5	1.16694e-4	9.93506e-5	3.40279e-5	2.11137e-5	6.32945e-5	1.01924e-5	3.17452e-5	1.62701e-4	5.72469e-5	7.54158e-5	4.41877e-6	8.92572e-7	1.05673e-4	9.71024e-5	1.47728e-4	7.48952e-5
PWY-7117: C4 photosynthetic carbon assimilation cycle, PEPCK type	8.54294e-5	1.32949e-4	1.21071e-4	7.16277e-5	6.20976e-5	2.64351e-4	7.21843e-5	1.71576e-4	1.22192e-4	1.81615e-4	4.02097e-4	1.99494e-4	8.49847e-6	5.40597e-4	4.80727e-4	1.99963e-4	1.11133e-4	3.7406e-5	2.46647e-5	6.36833e-5	3.7402e-4	5.62874e-4	2.0152e-4	3.19025e-4	8.04268e-5	5.2292e-6	5.28846e-4	1.13843e-4	1.03924e-4	1.47891e-4	8.38297e-5
PWY-1269: CMP-3-deoxy-D-manno-octulosonate biosynthesis	8.49177e-5	2.28395e-5	1.95593e-5	4.66138e-5	7.09701e-5	1.72934e-5	2.44245e-5	6.6623e-5	1.71982e-5	2.0285e-5	3.27266e-4	9.16104e-5	1.18682e-4	2.04896e-4	2.37929e-4	1.88738e-4	8.71699e-5	1.11997e-4	1.18563e-4	1.3574e-4	2.73773e-4	2.53576e-4	1.43308e-4	2.65493e-4	7.2676e-5	1.03117e-4	2.60727e-4	7.57186e-5	9.43239e-5	6.26277e-5	9.8493e-5
P441-PWY: superpathway of N-acetylneuraminate degradation	8.45059e-5	9.29705e-5	1.14031e-4	7.85038e-5	7.00503e-5	9.35251e-5	9.84508e-5	1.03934e-4	7.2994e-5	1.20182e-4	3.72148e-4	2.65045e-4	4.16339e-5	1.68866e-4	2.77832e-4	2.43604e-4	9.06297e-5	7.17472e-5	8.14912e-5	8.71317e-5	2.78985e-4	2.91759e-4	1.47185e-4	3.57416e-4	9.51666e-5	6.10746e-5	2.35454e-4	1.20185e-4	1.08097e-4	7.93793e-5	1.32318e-4
PWY-2941: L-lysine biosynthesis II	8.4091e-5	9.76793e-5	2.1339e-4	1.00557e-4	5.31972e-5	2.49494e-4	2.141e-4	3.50316e-5	2.46416e-4	2.69362e-4	3.1915e-4	4.03612e-4	1.52224e-4	1.49916e-4	1.15923e-4	3.194e-4	2.75157e-4	1.99169e-4	1.21796e-4	1.00289e-4	8.38571e-5	1.03116e-4	1.77218e-4	1.11229e-4	1.36081e-4	7.05075e-5	7.87045e-5	2.89133e-4	1.62146e-4	9.08359e-5	1.5898e-4
PWY-5505: L-glutamate and L-glutamine biosynthesis	8.40648e-5	1.96525e-5	2.23133e-6	6.78435e-5	6.64666e-5	9.55136e-6	2.58336e-6	5.98332e-5	0	1.07453e-5	6.68891e-6	4.18858e-6	9.90991e-5	0	1.59218e-6	3.47421e-6	1.13203e-4	1.42966e-4	1.26454e-4	8.2408e-5	1.16038e-5	5.72452e-5	4.69407e-5	9.94952e-6	1.06136e-4	9.88917e-5	1.59346e-5	1.91452e-4	1.30019e-4	8.95342e-5	1.02448e-4
PWY66-409: superpathway of purine nucleotide salvage	8.39681e-5	9.53066e-5	1.27472e-4	8.37212e-5	9.23131e-5	1.46244e-4	1.61048e-4	6.61484e-5	1.63022e-4	1.748e-4	2.56092e-4	2.86341e-4	6.64429e-5	2.02228e-4	2.48012e-4	3.25707e-4	2.4478e-4	6.3477e-5	7.46622e-5	5.172e-5	2.08152e-4	2.85184e-4	1.08516e-4	2.99008e-4	9.42516e-5	1.27971e-4	2.43581e-4	2.14239e-4	6.89235e-5	4.98274e-5	8.92558e-5
PWY-8004: Entner-Doudoroff pathway I	8.36973e-5	1.19509e-4	8.34871e-5	7.98747e-5	6.86773e-5	1.45757e-4	5.55643e-5	1.27618e-4	8.37406e-5	1.40978e-4	2.46963e-4	2.59191e-4	8.10096e-5	1.8561e-4	2.30917e-4	3.0145e-4	1.60691e-4	6.86918e-5	1.00425e-4	5.97251e-5	1.90269e-4	2.29697e-4	1.03472e-4	2.66963e-4	9.76003e-5	4.78256e-5	2.36757e-4	1.41137e-4	1.06683e-4	1.14148e-4	1.09351e-4
PWY-6147: 6-hydroxymethyl-dihydropterin diphosphate biosynthesis I	8.19839e-5	5.08031e-5	1.27697e-5	6.42031e-5	5.60985e-5	1.51024e-5	2.17184e-5	7.28425e-5	1.92805e-5	2.46538e-5	2.50533e-4	8.39132e-5	2.2377e-4	1.93208e-4	1.94279e-4	2.36964e-4	1.62354e-4	1.90577e-4	1.82912e-4	2.63087e-4	1.94672e-4	2.4845e-4	3.39887e-4	3.20212e-4	1.60676e-4	1.12786e-4	3.86126e-4	2.07815e-4	2.54493e-4	1.39653e-4	1.51469e-4
PWY-7383: anaerobic energy metabolism (invertebrates, cytosol)	7.97343e-5	9.06236e-5	7.07507e-5	9.17115e-5	5.73479e-5	7.99788e-5	8.08218e-5	1.13135e-4	6.10584e-5	3.27034e-5	0	9.25395e-6	5.66634e-5	0	0	0	3.31435e-5	9.25065e-5	8.15098e-5	5.51483e-5	1.33515e-5	0	1.04418e-5	0	9.2893e-5	1.29814e-4	0	3.90968e-5	5.21104e-5	1.34413e-4	1.48796e-4
PWY4FS-8: phosphatidylglycerol biosynthesis II (non-plastidic)	7.90401e-5	8.32372e-5	1.3763e-4	7.18467e-5	1.15259e-4	1.24559e-4	1.18743e-4	1.40967e-4	1.09633e-4	1.60454e-4	2.80792e-4	2.61788e-4	1.54513e-4	2.63346e-4	3.53861e-4	2.76136e-4	2.4344e-4	9.52024e-5	1.77426e-4	2.4004e-4	3.3474e-4	3.08089e-4	2.31349e-4	3.48157e-4	2.14526e-4	2.54569e-4	3.61932e-4	1.07774e-4	2.07408e-4	1.14594e-4	1.48457e-4
PWY4FS-7: phosphatidylglycerol biosynthesis I (plastidic)	7.90401e-5	8.32372e-5	1.3763e-4	7.18467e-5	1.15259e-4	1.24559e-4	1.18743e-4	1.40967e-4	1.09633e-4	1.60454e-4	2.80792e-4	2.61835e-4	1.54513e-4	2.63346e-4	3.53861e-4	2.76136e-4	2.4345e-4	9.52024e-5	1.77426e-4	2.4004e-4	3.3474e-4	3.08089e-4	2.31349e-4	3.48157e-4	2.14526e-4	2.54569e-4	3.61932e-4	1.07779e-4	2.07408e-4	1.14594e-4	1.48468e-4
PWY-7323: superpathway of GDP-mannose-derived O-antigen building blocks biosynthesis	7.76124e-5	7.63177e-5	7.38547e-5	9.29925e-5	6.09735e-5	5.07133e-5	5.48163e-5	6.02357e-5	3.79051e-5	6.52893e-5	1.28099e-4	1.48989e-4	1.66311e-4	6.78134e-6	9.63546e-5	1.05001e-4	1.91178e-4	1.32622e-4	1.36547e-4	8.21859e-5	1.25245e-4	6.19419e-5	8.66656e-5	1.09609e-4	1.11732e-4	7.2968e-5	7.39934e-5	1.34585e-4	1.06358e-4	1.08484e-4	8.39553e-5
PWY0-1479: tRNA processing	7.56161e-5	5.77449e-5	5.59536e-5	6.8511e-5	9.95411e-5	5.6895e-5	7.29643e-5	7.27988e-5	6.85129e-5	4.78569e-5	3.36602e-4	1.21229e-4	3.27838e-5	2.03865e-4	2.32045e-4	2.28215e-4	4.96778e-5	8.85327e-5	2.69021e-5	5.36896e-5	2.25307e-4	2.73546e-4	6.23391e-5	2.93923e-4	7.17968e-5	5.00598e-5	2.73337e-4	9.30555e-5	3.34342e-5	4.46083e-5	8.13774e-5
P124-PWY: Bifidobacterium shunt	6.63617e-5	1.54684e-4	8.80664e-5	6.45638e-5	3.88318e-5	1.70809e-4	5.87192e-5	1.14686e-4	7.67936e-5	9.63567e-5	1.8825e-6	4.38171e-5	3.50557e-6	0	0	1.31466e-4	2.27903e-5	3.24045e-5	8.6956e-6	2.89189e-5	4.29664e-6	9.8272e-6	1.34077e-4	5.23438e-5	3.51801e-5	8.71512e-7	0	5.31308e-5	9.84926e-5	1.07504e-4	8.11596e-6
PWY-5971: palmitate biosynthesis (type II fatty acid synthase)	6.54846e-5	5.28759e-5	1.94516e-5	5.11953e-5	4.10131e-5	3.92829e-5	3.65058e-5	9.86748e-5	2.50157e-5	3.12741e-5	3.80064e-4	1.90615e-4	9.98967e-5	0	4.25506e-4	5.20022e-4	1.15309e-4	9.85632e-5	1.51813e-4	5.8702900000000003e-05	3.86184e-4	4.35417e-4	1.71018e-4	5.16245e-4	1.26117e-4	1.76537e-4	4.58498e-4	1.48336e-4	1.88808e-4	1.19515e-4	1.28373e-4
FASYN-ELONG-PWY: fatty acid elongation -- saturated	6.4449e-5	5.26488e-5	1.91742e-5	4.70658e-5	3.69476e-5	3.85022e-5	3.4546e-5	9.7387e-5	2.42824e-5	3.0109e-5	4.11392e-4	1.96768e-4	1.14793e-4	4.30516e-4	4.66885e-4	5.34892e-4	1.08803e-4	9.20918e-5	1.53365e-4	5.34425e-5	4.05937e-4	4.94403e-4	3.01098e-4	5.58099e-4	1.18814e-4	1.73255e-4	5.31235e-4	1.37308e-4	1.8152e-4	1.40753e-4	1.33966e-4
PWY-5913: partial TCA cycle (obligate autotrophs)	6.21672e-5	8.19723e-5	9.17273e-5	4.43869e-5	4.74142e-5	1.02346e-4	5.37058e-5	8.98772e-5	8.32669e-5	1.14096e-4	4.08475e-4	1.42832e-4	5.42574e-6	4.27765e-4	3.64602e-4	1.56857e-4	5.70316e-5	2.55902e-5	1.4919e-5	3.99138e-5	3.40537e-4	4.29669e-4	2.11815e-5	2.82929e-4	4.27727e-5	3.47012e-6	3.86724e-4	5.2189e-5	3.46808e-5	7.9862e-5	4.77266e-5
BIOTIN-BIOSYNTHESIS-PWY: biotin biosynthesis I	6.19847e-5	4.99235e-5	2.23178e-5	4.94578e-5	3.85585e-5	3.97221e-5	4.02903e-5	7.27778e-5	2.74809e-5	3.54959e-5	3.44764e-4	1.19526e-4	1.19532e-4	3.18691e-4	3.44497e-4	2.74306e-4	1.11278e-4	9.35277e-5	1.39024e-4	5.09871e-5	3.10871e-4	3.71163e-4	2.91463e-4	3.77998e-4	1.13029e-4	1.35504e-4	3.77337e-4	1.33944e-4	1.40705e-4	1.07769e-4	1.29194e-4
ARG+POLYAMINE-SYN: superpathway of arginine and polyamine biosynthesis	6.19072e-5	3.70531e-5	7.45266e-5	5.52914e-5	5.46408e-5	4.52248e-5	7.89682e-5	4.94341e-5	6.33964e-5	9.11166e-5	2.7606e-4	2.18172e-4	2.9945e-5	2.74915e-4	2.89907e-4	1.83845e-4	1.07543e-4	4.93906e-5	8.1474e-5	5.54473e-5	2.54266e-4	3.02745e-4	6.71359e-5	3.26217e-4	3.92251e-5	8.77968e-5	3.46568e-4	1.16023e-4	2.74356e-5	3.74561e-5	4.35641e-5
POLYISOPRENSYN-PWY: polyisoprenoid biosynthesis (E. coli)	6.11537e-5	1.02769e-5	3.34019e-6	2.69949e-5	5.6143e-5	2.83791e-6	1.50142e-5	3.9893e-5	3.91248e-6	8.1425e-6	2.12973e-4	1.13317e-4	1.03218e-4	2.10688e-4	2.37931e-4	2.39758e-4	1.06079e-4	6.16024e-5	6.05542e-5	2.98754e-5	2.45711e-4	2.36361e-4	1.46245e-4	2.36828e-4	6.8199e-5	7.90391e-5	2.30561e-4	1.23579e-4	1.04192e-4	5.32234e-5	4.26244e-5
PWY-7664: oleate biosynthesis IV (anaerobic)	5.91197e-5	5.00263e-5	1.80202e-5	4.41662e-5	3.35284e-5	3.65773e-5	3.42019e-5	9.36948e-5	2.32354e-5	2.91267e-5	3.83543e-4	1.90548e-4	1.05064e-4	4.03714e-4	4.34918e-4	5.25122e-4	9.9478e-5	8.40419e-5	1.4307e-4	4.78565e-5	3.80495e-4	4.65414e-4	2.88981e-4	5.39284e-4	1.09524e-4	1.60883e-4	4.99682e-4	1.26498e-4	1.7011e-4	1.32191e-4	1.23749e-4
HEXITOLDEGSUPER-PWY: superpathway of hexitol degradation (bacteria)	5.84444e-5	3.09829e-6	3.54181e-6	5.4424e-6	4.49792e-5	4.77356e-6	2.06861e-6	4.48588e-5	0	0	1.74829e-4	1.17515e-4	2.74864e-5	5.07864e-6	1.68298e-4	4.69464e-5	6.70147e-6	3.15984e-6	4.43596e-6	0	2.04298e-4	9.10307e-5	0	2.13356e-4	3.26661e-5	1.51867e-5	1.60885e-4	1.91243e-5	8.54547e-6	1.68563e-6	0
PWY-7220: adenosine deoxyribonucleotides de novo biosynthesis II	5.75066e-5	6.33527e-5	8.81822e-5	7.68489e-5	5.63918e-5	1.02671e-4	9.99723e-5	5.1005e-5	8.1969e-5	9.89351e-5	1.97123e-4	1.93621e-4	1.67467e-4	2.13644e-4	2.4874e-4	4.08778e-4	2.04876e-4	1.43022e-4	1.45363e-4	5.94839e-5	1.94435e-4	3.31947e-4	2.93703e-4	3.68197e-4	1.42373e-4	2.35245e-4	3.17814e-4	2.90169e-4	1.44016e-4	9.95667e-5	1.49747e-4
PWY-7222: guanosine deoxyribonucleotides de novo biosynthesis II	5.75066e-5	6.33527e-5	8.81822e-5	7.68489e-5	5.63918e-5	1.02671e-4	9.99723e-5	5.1005e-5	8.1969e-5	9.89351e-5	1.97123e-4	1.93621e-4	1.67467e-4	2.13644e-4	2.4874e-4	4.08778e-4	2.04876e-4	1.43022e-4	1.45363e-4	5.94839e-5	1.94435e-4	3.31947e-4	2.93703e-4	3.68197e-4	1.42373e-4	2.35245e-4	3.17814e-4	2.90169e-4	1.44016e-4	9.95667e-5	1.49747e-4
PWY-7198: pyrimidine deoxyribonucleotides de novo biosynthesis IV	5.69017e-5	8.46915e-5	9.43273e-5	7.88591e-5	3.54901e-5	1.38355e-4	8.04299e-5	6.98917e-5	9.20372e-5	1.20325e-4	1.47159e-4	1.56982e-4	1.18939e-5	7.67988e-5	8.97613e-5	4.10964e-4	2.03442e-4	7.30487e-5	2.79824e-5	5.184e-5	1.71819e-4	1.55526e-4	1.33536e-4	3.56113e-4	9.43523e-5	1.24712e-5	1.85526e-4	1.59924e-4	1.01649e-4	9.92751e-5	9.65881e-5
PWY-5265: peptidoglycan biosynthesis II (staphylococci)	5.65736e-5	6.40563e-6	0	0	3.45771e-5	5.10533e-6	1.47749e-5	5.11401e-6	1.49162e-5	8.37739e-6	0	2.42345e-4	5.02739e-5	0	0	0	3.58326e-5	0	1.62088e-5	0	0	0	2.14869e-5	0	0	0	0	1.50302e-5	7.42392e-6	3.88898e-6	0
PWY0-1061: superpathway of L-alanine biosynthesis	5.52122e-5	2.36693e-4	8.95457e-5	1.31054e-4	5.34557e-5	1.1386e-4	7.96473e-5	1.1881e-4	1.15961e-4	7.78565e-5	2.89646e-4	6.21198e-5	6.02486e-5	1.49669e-4	1.93974e-4	2.48733e-4	3.44436e-5	1.08824e-4	1.04864e-4	4.11661e-5	1.51422e-4	2.40721e-4	9.72228e-5	2.89961e-4	2.46345e-4	5.83966e-5	1.91942e-4	8.13591e-5	6.57521e-5	1.05574e-4	3.78088e-5
PWY-6519: 8-amino-7-oxononanoate biosynthesis I	5.49174e-5	4.38461e-5	1.80851e-5	4.31975e-5	3.25168e-5	3.33726e-5	3.33811e-5	7.12236e-5	2.25737e-5	2.92448e-5	3.50139e-4	1.16023e-4	1.06078e-4	3.39789e-4	3.82378e-4	3.18082e-4	9.66561e-5	8.36247e-5	1.31125e-4	4.44667e-5	3.37146e-4	4.06706e-4	2.8658e-4	4.09106e-4	1.03254e-4	1.27379e-4	3.89604e-4	1.19872e-4	1.37668e-4	1.0124e-4	1.17093e-4
GALACT-GLUCUROCAT-PWY: superpathway of hexuronide and hexuronate degradation	5.43228e-5	0	6.23409e-6	2.69028e-5	6.54724e-5	2.44764e-6	1.28577e-5	1.78872e-5	8.90786e-6	1.99835e-6	1.19125e-4	1.09594e-4	1.75165e-5	0	6.30247e-5	1.05175e-4	7.2899e-5	5.77985e-5	1.52438e-5	2.96475e-5	9.47117e-5	6.93851e-5	2.60124e-5	1.52676e-4	7.29022e-6	3.87546e-5	4.54294e-5	5.83529e-5	3.93375e-5	1.34662e-5	2.60174e-5
PWY0-862: (5Z)-dodecenoate biosynthesis I	5.32488e-5	4.69108e-5	1.66816e-5	4.08135e-5	2.98458e-5	3.42914e-5	3.37537e-5	8.91864e-5	2.19722e-5	2.79124e-5	3.51791e-4	1.82841e-4	9.43966e-5	3.72771e-4	3.98745e-4	5.12638e-4	8.92763e-5	7.52693e-5	1.31317e-4	4.20028e-5	3.5115e-4	4.31667e-4	2.74263e-4	5.17133e-4	9.91844e-5	1.46896e-4	4.63014e-4	1.14481e-4	1.56956e-4	1.22274e-4	1.12327e-4
FUCCAT-PWY: fucose degradation	5.23218e-5	2.18655e-5	4.43601e-5	2.29216e-5	4.21312e-5	4.21071e-5	5.01981e-5	5.85492e-5	3.6481e-5	1.96217e-5	2.47366e-4	1.1588e-4	6.03093e-5	2.36579e-4	2.54148e-4	1.16496e-4	5.34799e-5	2.44881e-5	5.1025e-5	1.30373e-5	2.07637e-4	2.90547e-4	5.47194e-5	2.07763e-4	3.12012e-5	3.72727e-5	2.56763e-4	2.80425e-5	2.71383e-5	3.86523e-5	4.53767e-5
PWY-6282: palmitoleate biosynthesis I (from (5Z)-dodec-5-enoate)	5.20505e-5	4.45888e-5	1.92266e-5	3.91209e-5	2.92814e-5	3.68931e-5	3.40562e-5	8.49659e-5	2.48647e-5	3.03854e-5	3.61108e-4	1.7637e-4	9.35202e-5	4.00637e-4	4.26739e-4	5.08095e-4	8.82927e-5	7.44348e-5	1.30105e-4	4.19062e-5	3.67308e-4	4.54433e-4	2.77162e-4	5.31122e-4	9.77754e-5	1.44945e-4	5.03085e-4	1.13724e-4	1.56773e-4	1.20023e-4	1.11483e-4
PWY-7197: pyrimidine deoxyribonucleotide phosphorylation	5.17431e-5	6.78893e-5	8.18842e-5	8.06287e-5	5.16167e-5	9.71807e-5	9.88544e-5	4.58008e-5	7.62088e-5	8.99056e-5	1.57607e-4	1.5953e-4	1.24113e-4	1.7189e-4	1.91501e-4	3.16227e-4	1.72202e-4	1.28752e-4	1.31288e-4	5.27911e-5	1.47966e-4	2.55575e-4	1.51381e-4	2.75745e-4	1.25267e-4	2.06183e-4	2.47298e-4	2.29496e-4	1.24609e-4	9.03694e-5	1.31172e-4
PWY-6902: chitin degradation II (Vibrio)	5.12949e-5	4.8497e-5	8.32384e-5	6.15052e-5	9.19558e-5	1.21747e-4	6.19214e-5	1.20523e-4	7.83237e-5	1.15514e-4	3.89489e-4	2.51389e-5	1.27024e-4	1.67986e-4	1.60494e-4	8.04211e-5	9.76902e-5	4.45744e-5	9.40425e-5	2.88072e-5	8.04817e-5	2.47161e-4	2.41717e-4	2.94281e-4	1.01086e-4	8.05081e-5	1.59502e-4	5.43503e-5	7.90553e-5	2.74765e-5	1.03324e-4
PWY-5989: stearate biosynthesis II (bacteria and plants)	5.09645e-5	4.65264e-5	3.49741e-5	4.01457e-5	2.92728e-5	5.46892e-5	4.09655e-5	8.75251e-5	3.97504e-5	4.40418e-5	2.55242e-4	1.6864e-4	9.31391e-5	3.57182e-4	3.81303e-4	2.35127e-4	8.69692e-5	7.42287e-5	1.27167e-4	4.19396e-5	3.40018e-4	3.99284e-4	2.84662e-4	3.94494e-4	9.85394e-5	1.39369e-4	4.08416e-4	1.12946e-4	1.55286e-4	1.18788e-4	1.0925e-4
PWY0-845: superpathway of pyridoxal 5'-phosphate biosynthesis and salvage	4.99254e-5	5.57176e-6	2.45139e-6	2.96171e-5	4.44753e-5	9.72958e-7	6.45489e-6	5.63824e-5	0	2.94595e-6	2.77635e-4	7.16849e-5	1.94031e-4	2.31553e-4	2.58996e-4	1.51731e-4	1.25005e-4	1.30264e-4	1.46867e-4	1.87945e-5	1.97215e-4	2.63412e-4	2.3589e-4	2.41228e-4	1.50561e-4	9.61111e-5	2.44685e-4	1.68965e-4	5.67297e-5	8.84973e-5	1.93478e-4
FOLSYN-PWY: superpathway of tetrahydrofolate biosynthesis and salvage	4.94135e-5	1.3459e-5	4.64427e-5	2.84638e-5	4.18271e-5	4.08849e-5	6.61912e-5	3.88164e-5	5.29739e-5	4.73911e-5	8.98595e-5	1.55526e-4	3.16248e-5	3.39994e-5	1.01051e-4	1.71502e-4	1.56114e-4	2.68785e-5	3.40544e-5	9.81524e-6	1.34275e-4	6.15737e-5	5.45301e-5	2.875e-4	4.96462e-5	3.46768e-5	2.06568e-4	6.77269e-5	4.88115e-5	2.38158e-5	3.91632e-5
PWY1ZNC-1: assimilatory sulfate reduction IV	4.92708e-5	4.51414e-5	5.60724e-5	4.66399e-5	3.48793e-5	6.03928e-5	5.95458e-5	2.92391e-5	4.54046e-5	6.81327e-5	2.7374e-4	5.12095e-5	2.52125e-5	2.63723e-4	2.68232e-4	1.39027e-4	1.32726e-5	1.17403e-5	1.0799e-5	1.8803e-5	2.00661e-4	2.51346e-4	3.15985e-5	2.56349e-4	1.35505e-5	8.33042e-6	2.33633e-4	3.79594e-5	2.43532e-5	2.01234e-5	2.904e-5
PWY-5497: purine nucleobases degradation II (anaerobic)	4.86419e-5	1.32538e-5	2.71792e-6	2.95462e-5	5.50532e-5	8.80696e-7	2.12305e-6	2.83095e-5	2.77204e-6	0	1.85462e-4	8.3694e-5	7.93188e-5	0	1.12533e-4	1.02002e-4	9.03426e-5	7.08992e-5	5.53879e-5	2.51153e-5	1.12073e-4	1.00041e-4	1.04287e-4	1.76745e-4	6.33107e-5	4.63136e-5	1.39222e-4	7.3806e-5	3.16207e-5	2.30885e-5	7.78864e-5
PWY-7115: C4 photosynthetic carbon assimilation cycle, NAD-ME type	4.72336e-5	1.16639e-4	6.57153e-5	7.26798e-5	4.25531e-5	8.73327e-5	5.52659e-5	9.23009e-5	6.64812e-5	6.38489e-5	2.9825e-4	6.97563e-5	2.558e-5	1.66741e-4	2.03598e-4	1.77383e-4	3.66152e-5	4.54788e-5	6.71163e-5	3.73248e-5	1.55438e-4	2.68708e-4	9.75039e-5	2.48154e-4	9.85802e-5	2.75204e-5	2.01309e-4	7.20349e-5	6.0394e-5	9.02419e-5	3.78689e-5
PWY-6607: guanosine nucleotides degradation I	4.72088e-5	5.60011e-6	1.19519e-5	3.52413e-6	3.10884e-5	1.08227e-5	1.78227e-5	5.63852e-7	1.28231e-5	1.38045e-5	5.2263e-6	4.82406e-5	2.84019e-6	0	1.97701e-5	3.13976e-5	4.04702e-5	1.45602e-5	7.18675e-6	1.26937e-6	1.33051e-5	3.2298e-5	1.13398e-5	5.63529e-5	4.97071e-7	5.49518e-6	8.79806e-6	3.34258e-5	2.83158e-5	4.69161e-6	5.29971e-6
ARGININE-SYN4-PWY: L-ornithine biosynthesis II	4.69838e-5	8.51995e-6	2.91173e-6	3.5283e-5	3.44518e-5	7.95797e-7	4.63663e-6	3.22774e-5	9.47884e-7	4.39094e-6	2.24363e-4	6.48944e-5	2.12921e-4	1.31935e-4	1.574e-4	5.30667e-5	1.27928e-4	1.40681e-4	1.67618e-4	4.29673e-5	1.51623e-4	1.49066e-4	3.02923e-4	1.53573e-4	1.32236e-4	9.31513e-5	1.27937e-4	2.04593e-4	8.78854e-5	5.66589e-5	1.37656e-4
P185-PWY: formaldehyde assimilation III (dihydroxyacetone cycle)	4.66904e-5	3.88334e-5	4.98153e-5	2.83496e-5	3.78557e-5	8.94735e-5	6.74545e-5	3.59621e-5	4.87521e-5	4.91086e-5	2.95083e-4	1.05314e-4	1.52669e-5	2.65338e-4	2.94697e-4	3.05194e-4	5.24127e-5	1.17022e-5	1.55713e-5	2.26033e-5	1.27343e-4	3.18986e-4	1.30613e-5	2.9257e-4	1.60455e-5	1.51771e-5	3.36103e-4	2.91429e-5	2.89915e-5	2.68561e-5	4.89999e-5
PWY-8187: L-arginine degradation XIII (reductive Stickland reaction)	4.66523e-5	1.17143e-4	1.95037e-4	9.69422e-5	4.63525e-5	2.39656e-4	2.36193e-4	9.60366e-5	2.29865e-4	2.28603e-4	2.14272e-4	7.79032e-5	8.74433e-5	7.92852e-5	1.65409e-4	1.15552e-4	7.54802e-5	1.42398e-4	5.33214e-5	6.77278e-5	1.50785e-4	1.27098e-4	2.42687e-4	1.52158e-4	6.97144e-5	6.19665e-5	1.35575e-4	2.60543e-4	1.05741e-4	1.3104e-4	2.36815e-4
PWY-5030: L-histidine degradation III	4.65986e-5	1.0931e-5	2.0272e-6	2.99642e-5	4.69506e-5	8.46445e-7	1.80859e-6	5.70708e-5	3.98328e-6	7.26741e-6	0	3.56567e-5	1.73987e-4	0	2.41873e-5	0	1.31085e-4	1.64995e-4	1.14713e-4	5.75427e-5	0	1.28478e-6	2.76761e-4	5.17825e-5	1.1869e-4	1.11664e-4	2.29641e-6	1.9076e-4	1.35069e-4	7.64256e-5	1.28664e-4
PWY0-1261: anhydromuropeptides recycling I	4.65644e-5	1.12717e-5	1.19732e-5	2.96667e-5	2.87124e-5	1.23344e-5	2.52275e-5	3.81829e-5	1.5913e-5	1.07181e-5	3.03305e-4	1.3997e-4	1.26441e-4	2.2655e-4	2.49746e-4	2.18668e-4	6.76663e-5	1.43482e-5	1.21994e-4	1.65087e-5	2.35154e-4	2.9816e-4	1.57307e-4	3.22903e-4	1.52444e-4	1.16092e-4	2.76146e-4	5.40084e-5	1.03623e-4	4.54191e-5	1.16386e-4
PWY-6595: superpathway of guanosine nucleotides degradation (plants)	4.46922e-5	5.58602e-6	1.19972e-5	3.51331e-6	3.00982e-5	1.0818e-5	1.78575e-5	5.63663e-7	1.28612e-5	1.39382e-5	5.22649e-6	4.68224e-5	2.84049e-6	0	1.97778e-5	3.2022e-5	4.08402e-5	1.42864e-5	7.13713e-6	1.26784e-6	1.32348e-5	3.29678e-5	1.13306e-5	5.58796e-5	4.97134e-7	5.50344e-6	8.79785e-6	3.2505e-5	2.78127e-5	4.67089e-6	5.29222e-6
PWY0-1297: superpathway of purine deoxyribonucleosides degradation	4.35096e-5	4.99532e-5	6.76673e-5	3.91868e-5	5.03458e-5	7.80947e-5	9.30201e-5	3.21307e-5	1.06137e-4	1.066e-4	4.33286e-4	2.38479e-4	2.65843e-5	2.34929e-4	3.05702e-4	3.39542e-4	1.47756e-4	4.23563e-5	3.08173e-5	2.24947e-5	2.59987e-4	3.43446e-4	4.30168e-5	3.59046e-4	4.09645e-5	5.64329e-5	2.97389e-4	1.05782e-4	6.71344e-5	2.00365e-5	3.79007e-5
PWY-7211: superpathway of pyrimidine deoxyribonucleotides de novo biosynthesis	4.12066e-5	3.85257e-5	4.50716e-5	1.10842e-5	3.14269e-5	1.15784e-5	7.03456e-5	2.08292e-5	5.62328e-5	6.80763e-5	2.03168e-4	1.42267e-4	2.4934e-5	1.55951e-4	1.86087e-4	2.74306e-4	1.60389e-4	6.87374e-5	3.60469e-5	4.60369e-5	1.89621e-4	2.29035e-4	3.79916e-5	3.18013e-4	1.80313e-5	1.03031e-5	2.46769e-4	1.08804e-4	4.39717e-5	7.09106e-5	5.81097e-5
PWY-7392: taxadiene biosynthesis (engineered)	4.06367e-5	1.06343e-5	5.90672e-7	3.35489e-5	2.48733e-5	4.05254e-6	1.90843e-5	3.303e-5	5.48749e-6	1.09135e-5	1.75679e-5	1.07957e-4	1.44435e-4	1.18652e-4	1.19542e-4	1.97289e-4	1.22267e-4	7.82203e-5	7.7233e-5	4.14852e-5	7.21285e-5	1.11591e-4	1.96847e-4	2.06269e-4	8.70051e-5	1.00464e-4	1.87029e-4	1.41434e-4	1.30573e-4	7.31663e-5	5.35803e-5
PWY-5345: superpathway of L-methionine biosynthesis (by sulfhydrylation)	3.98879e-5	1.74368e-5	8.42236e-5	2.22951e-5	4.76882e-5	3.10792e-5	7.01934e-5	1.57832e-5	7.66836e-5	7.32299e-5	2.96682e-5	1.3889e-4	0	1.13287e-4	1.14471e-4	2.02501e-4	5.11188e-5	1.92143e-5	2.4039e-5	6.33663e-6	1.13898e-4	1.53403e-4	7.46261e-5	2.44151e-4	5.31402e-6	6.85302e-6	2.22548e-4	9.81701e-5	6.40324e-6	5.63915e-5	1.20192e-5
PYRIDOXSYN-PWY: pyridoxal 5'-phosphate biosynthesis I	3.93897e-5	4.10476e-6	1.74493e-6	2.1804e-5	3.32475e-5	5.78039e-7	4.47436e-6	4.26602e-5	0	1.96768e-6	2.51043e-4	6.16932e-5	1.86048e-4	2.47102e-4	2.22712e-4	1.10995e-4	1.06733e-4	1.10567e-4	1.21674e-4	1.5044e-5	1.84814e-4	2.48015e-4	2.07247e-4	1.92629e-4	1.2515e-4	8.32416e-5	2.02099e-4	1.39662e-4	4.726e-5	6.99001e-5	1.62756e-4
GOLPDLCAT-PWY: superpathway of glycerol degradation to 1,3-propanediol	3.7634e-5	4.96886e-5	6.55738e-5	4.55119e-5	3.35633e-5	8.29593e-5	8.55812e-5	3.26096e-5	7.48347e-5	7.92159e-5	1.39433e-4	7.6084e-5	1.36826e-5	3.51351e-4	2.79674e-4	1.46119e-4	3.95903e-5	2.52499e-5	1.38031e-5	3.49565e-5	1.02823e-4	3.17522e-4	1.01688e-5	1.39157e-4	2.31199e-5	2.7755e-5	3.11559e-4	4.90164e-5	2.63289e-5	2.35655e-5	5.71531e-5
POLYAMSYN-PWY: superpathway of polyamine biosynthesis I	3.55057e-5	1.96289e-5	4.0577e-5	3.03543e-5	3.01681e-5	2.38208e-5	4.28963e-5	2.65022e-5	3.41432e-5	5.05627e-5	2.5098e-4	1.50335e-4	1.56513e-5	2.51313e-4	2.66862e-4	1.24181e-4	6.45602e-5	2.66524e-5	4.55571e-5	3.13117e-5	2.11841e-4	2.71268e-4	3.88449e-5	3.04403e-4	2.05981e-5	4.97616e-5	3.44381e-4	6.84081e-5	1.43144e-5	1.98415e-5	2.29978e-5
FUC-RHAMCAT-PWY: superpathway of fucose and rhamnose degradation	3.45914e-5	7.59467e-6	3.38779e-5	1.52377e-5	1.25483e-5	4.5162e-5	3.50876e-5	3.01882e-5	1.74745e-5	1.36714e-5	2.63679e-4	1.40828e-4	9.40844e-5	2.64902e-4	2.7003e-4	1.64311e-4	7.92253e-5	4.37124e-5	7.10392e-5	2.44015e-5	1.86893e-4	3.00526e-4	8.85427e-5	2.1621e-4	5.3108e-5	6.2566e-5	2.61802e-4	5.08428e-5	4.70283e-5	5.49797e-5	6.28389e-5
PWY-6612: superpathway of tetrahydrofolate biosynthesis	3.38916e-5	9.03751e-6	3.17147e-5	1.9255e-5	2.85384e-5	2.78763e-5	4.56732e-5	2.64779e-5	3.63217e-5	3.23988e-5	6.77555e-5	1.18578e-4	2.14971e-5	2.39399e-5	7.86611e-5	1.33677e-4	1.16191e-4	1.82027e-5	2.31589e-5	6.59159e-6	1.16594e-4	4.42215e-5	3.78474e-5	2.60388e-4	3.40795e-5	2.3579e-5	1.75708e-4	4.70362e-5	3.36966e-5	1.61129e-5	2.67284e-5
SULFATE-CYS-PWY: superpathway of sulfate assimilation and cysteine biosynthesis	3.32361e-5	1.44348e-5	7.29124e-5	1.8541e-5	3.98405e-5	2.59791e-5	6.03086e-5	1.30337e-5	6.61815e-5	6.27185e-5	3.21612e-4	1.17305e-4	0	3.01856e-4	3.42248e-4	2.31865e-4	4.25893e-5	1.59241e-5	1.97817e-5	5.18596e-6	2.50088e-4	3.17179e-4	6.28067e-5	3.02868e-4	4.3586e-6	5.6376e-6	3.28915e-4	8.58278e-5	5.25271e-6	4.63194e-5	9.88614e-6
P42-PWY: incomplete reductive TCA cycle	3.19599e-5	6.45304e-6	1.37029e-5	9.4054e-6	3.52712e-5	3.2217e-5	2.17677e-5	2.76424e-5	1.19066e-5	4.45438e-6	2.34134e-5	4.71485e-5	1.0133e-5	5.36728e-5	2.23399e-5	1.77484e-4	2.46102e-5	1.41889e-5	6.68469e-5	3.3656e-6	7.19378e-5	7.86692e-5	1.65703e-5	2.3192e-4	6.50907e-6	1.68544e-5	1.13271e-4	5.61597e-5	7.35676e-5	1.06666e-5	4.10661e-5
PYRIDNUCSAL-PWY: NAD salvage pathway I (PNC VI cycle)	3.1054e-5	8.02398e-5	4.95629e-5	3.13712e-5	3.0945e-5	8.1766e-5	1.84865e-5	4.50103e-5	6.04606e-5	5.7963e-5	5.74323e-6	1.73079e-4	9.82822e-6	6.7689e-5	5.4775e-5	7.80732e-5	1.17146e-4	0	1.29108e-5	3.18641e-5	6.70074e-5	4.98496e-5	2.76057e-5	9.36807e-5	1.87402e-5	7.22177e-6	4.31806e-5	3.58337e-5	4.09374e-5	8.52918e-5	4.51648e-5
CITRULBIO-PWY: L-citrulline biosynthesis	3.07968e-5	1.96179e-5	3.70306e-5	3.6648e-5	2.56415e-5	1.64611e-5	4.36098e-5	7.42627e-5	3.07844e-5	5.95137e-5	2.43815e-4	9.12804e-5	1.38088e-4	1.02868e-4	1.95442e-4	7.41024e-5	1.29025e-4	1.74546e-4	1.47236e-4	7.62277e-5	1.83724e-4	1.56107e-4	2.76033e-4	1.87017e-4	2.04056e-4	1.4999e-4	1.64491e-4	1.30931e-4	1.67022e-4	1.07033e-4	1.5126e-4
PPGPPMET-PWY: ppGpp metabolism	2.87053e-5	6.08625e-5	1.06769e-4	5.16628e-5	2.31348e-5	1.02394e-4	1.03014e-4	6.50314e-5	9.65374e-5	1.12765e-4	1.45588e-4	4.99653e-5	1.73798e-5	1.35615e-4	1.63024e-4	2.83474e-4	5.8718e-5	2.29748e-5	2.38258e-5	3.41856e-5	9.52868e-5	1.9351e-4	3.33095e-6	1.7424e-4	2.55497e-5	2.05088e-5	1.66672e-4	6.20794e-5	3.2256e-5	3.21789e-5	3.53318e-5
LACTOSECAT-PWY: lactose and galactose degradation I	2.73914e-5	1.40246e-4	1.68756e-4	1.02347e-4	1.65672e-5	2.14371e-4	2.03497e-4	2.2681e-5	1.93188e-4	2.28636e-4	8.65896e-6	1.2672e-4	1.07694e-5	0	9.75513e-7	2.34876e-4	4.36025e-5	1.2262e-4	1.74655e-5	3.32886e-5	3.80583e-7	1.96729e-5	9.68824e-6	5.55303e-5	9.38437e-6	1.89276e-5	3.52822e-5	2.84745e-4	8.99603e-5	5.89463e-5	7.48893e-5
GALACTITOLCAT-PWY: galactitol degradation	2.67296e-5	9.06824e-7	1.04886e-6	1.62606e-6	1.99284e-5	1.4267e-6	6.04084e-7	1.96862e-5	0	0	7.82002e-5	5.01582e-5	1.16735e-5	1.47312e-6	8.26635e-5	1.50149e-5	1.99321e-6	9.37891e-7	1.31422e-6	0	1.39624e-4	3.20829e-5	0	1.02813e-4	1.30556e-5	5.9307e-6	7.31417e-5	6.20997e-6	2.73492e-6	4.88379e-7	0
NAGLIPASYN-PWY: lipid IVA biosynthesis (E. coli)	2.66669e-5	5.28299e-6	3.47561e-6	2.43364e-5	2.48046e-5	5.39544e-6	4.95168e-6	1.91982e-5	2.29608e-6	1.24367e-6	2.91356e-4	9.58774e-5	1.06019e-4	2.38863e-4	2.54249e-4	1.70394e-4	3.57563e-5	6.3171e-5	9.92799e-5	1.91076e-5	2.20442e-4	2.7088e-4	1.75882e-4	2.88895e-4	8.3216e-5	4.42472e-5	2.76362e-4	7.63463e-5	3.24142e-5	2.40756e-5	1.12388e-4
PWY-8073: lipid IVA biosynthesis (P. putida)	2.66669e-5	5.28299e-6	3.47561e-6	2.43364e-5	2.48046e-5	5.39544e-6	4.95168e-6	1.91982e-5	2.29608e-6	1.24367e-6	2.91356e-4	9.58774e-5	1.06019e-4	2.38863e-4	2.54249e-4	1.70394e-4	3.57563e-5	6.3171e-5	9.92799e-5	1.91076e-5	2.20442e-4	2.7088e-4	1.75882e-4	2.88895e-4	8.3216e-5	4.42472e-5	2.76362e-4	7.63463e-5	3.24142e-5	2.40756e-5	1.12388e-4
FASYN-INITIAL-PWY: superpathway of fatty acid biosynthesis initiation (E. coli)	2.64088e-5	2.18585e-5	1.21397e-5	1.33349e-5	1.49965e-5	2.35883e-5	1.52658e-5	4.99644e-5	1.62493e-5	1.81907e-5	0	0	1.53758e-6	0	5.79553e-6	4.22743e-6	1.55303e-6	1.65355e-5	0	2.13137e-6	2.3212e-5	0	7.17764e-5	1.23212e-5	7.30166e-6	0	0	2.28821e-5	4.57968e-6	4.7545e-6	1.33805e-6
RUMP-PWY: formaldehyde oxidation I	2.62811e-5	2.78345e-5	2.88291e-5	2.64185e-5	2.36187e-5	3.50923e-5	2.40689e-5	4.86768e-5	2.38178e-5	2.76297e-5	7.04366e-7	1.59673e-4	0	0	8.00089e-7	6.4306e-5	2.54618e-5	5.20019e-6	9.78455e-6	1.19424e-5	0	7.2524e-6	4.45317e-6	3.71256e-5	8.4428e-6	1.71547e-5	0	1.36662e-5	3.30778e-6	2.35168e-5	3.6363e-5
PWY-4984: urea cycle	2.58371e-5	1.64058e-5	3.1088e-5	3.07846e-5	2.14811e-5	1.37526e-5	3.66704e-5	6.2669e-5	2.5789e-5	5.01637e-5	3.69729e-6	4.83101e-6	1.18164e-4	0	2.27897e-5	3.67815e-5	1.10038e-4	1.5043e-4	1.26156e-4	6.44654e-5	4.25504e-5	1.03031e-4	2.09004e-4	3.3148e-5	1.77116e-4	1.28944e-4	1.91535e-6	1.02724e-4	1.43661e-4	9.05702e-5	1.28793e-4
PWY0-781: aspartate superpathway	2.53988e-5	5.75006e-6	4.92316e-5	7.78264e-6	1.48037e-5	5.84508e-5	4.99627e-5	7.88277e-5	4.70587e-5	2.06516e-5	2.15407e-4	1.65136e-4	4.63406e-6	1.84605e-4	2.16278e-4	1.85045e-4	4.87543e-5	0	2.59786e-5	1.06079e-5	2.22423e-4	1.69813e-4	2.92029e-5	2.34881e-4	7.53433e-5	1.76437e-6	2.12322e-4	7.36452e-5	2.68434e-5	1.23496e-5	1.93963e-5
PWY-7210: pyrimidine deoxyribonucleotides biosynthesis from CTP	2.52616e-5	2.36891e-5	2.88707e-5	6.38224e-6	1.90981e-5	6.5557e-6	5.43168e-5	1.20934e-5	3.70551e-5	4.49458e-5	1.58745e-4	1.64815e-4	1.60484e-5	9.84832e-5	1.11683e-4	4.60597e-4	1.95754e-4	4.90476e-5	2.37039e-5	3.21869e-5	1.79658e-4	1.89812e-4	2.47525e-5	3.72238e-4	1.06784e-5	5.99136e-6	2.17465e-4	1.77071e-4	2.81629e-5	5.11303e-5	3.78899e-5
PWY3O-4107: NAD salvage pathway V (PNC V cycle)	2.50079e-5	9.89358e-5	4.16979e-5	2.67752e-5	2.47909e-5	7.82406e-5	1.38892e-5	3.59115e-5	5.43859e-5	5.03375e-5	4.13096e-6	1.82556e-4	7.4788e-6	5.42382e-5	4.26828e-5	6.20666e-5	1.11836e-4	0	9.83977e-6	2.45782e-5	5.31027e-5	3.78052e-5	2.98824e-5	7.5092e-5	1.41219e-5	5.22952e-6	3.25805e-5	3.14289e-5	3.31493e-5	7.84137e-5	3.49603e-5
PWY-6545: pyrimidine deoxyribonucleotides de novo biosynthesis III	2.43028e-5	2.23108e-5	2.72115e-5	5.80432e-6	1.80664e-5	5.94245e-6	5.24669e-5	1.12778e-5	3.55337e-5	4.30313e-5	1.59204e-4	9.73786e-5	1.47438e-5	9.40559e-5	1.05419e-4	2.58336e-4	1.91313e-4	4.59994e-5	2.17482e-5	3.16322e-5	1.78836e-4	1.81405e-4	2.19454e-5	3.05694e-4	9.72854e-6	5.41435e-6	2.04782e-4	1.51639e-4	2.60015e-5	4.92087e-5	3.50609e-5
PWY-7184: pyrimidine deoxyribonucleotides de novo biosynthesis I	2.42565e-5	2.2324e-5	2.72915e-5	5.80394e-6	1.80532e-5	5.95284e-6	5.27959e-5	1.12735e-5	3.5661e-5	4.33805e-5	2.12742e-4	1.70247e-4	1.47602e-5	2.01953e-4	2.37927e-4	4.26396e-4	2.09375e-4	4.65795e-5	2.19014e-5	3.15366e-5	1.84522e-4	2.85305e-4	2.28921e-5	3.7287e-4	9.72803e-6	5.41077e-6	2.68572e-4	1.79957e-4	2.61254e-5	4.95704e-5	3.5445e-5
PWY-6168: flavin biosynthesis III (fungi)	2.41667e-5	1.49859e-5	0	0	4.0238e-5	0	0	1.64105e-5	0	2.79619e-5	1.64866e-4	1.68095e-4	4.86418e-5	0	1.40106e-4	1.04019e-4	1.18539e-4	9.73488e-5	1.49247e-4	5.32783e-5	1.49341e-4	9.36454e-5	1.85268e-4	2.24501e-4	4.50141e-5	5.25024e-5	1.68934e-4	8.67455e-5	7.24041e-5	5.56587e-5	8.08621e-5
PWY0-1298: superpathway of pyrimidine deoxyribonucleosides degradation	2.41526e-5	1.34251e-5	2.40501e-5	1.90969e-5	2.80379e-5	2.25213e-5	2.5395e-5	2.12728e-5	1.77652e-5	2.64764e-5	3.67923e-4	2.7522e-4	9.79331e-6	2.67601e-4	2.71734e-4	3.15301e-4	6.77234e-5	1.8765e-5	1.89101e-5	1.92295e-5	2.50284e-4	3.24355e-4	5.15775e-5	3.30629e-4	2.286e-5	2.38076e-5	3.0652e-4	5.80463e-5	3.1395e-5	1.9662e-5	3.95301e-5
P4-PWY: superpathway of L-lysine, L-threonine and L-methionine biosynthesis I	2.41186e-5	5.4347e-6	4.68029e-5	7.35765e-6	1.40218e-5	5.54757e-5	4.74934e-5	7.51327e-5	4.47173e-5	1.95527e-5	3.52977e-4	1.59399e-4	4.38549e-6	2.63217e-4	2.98201e-4	2.39221e-4	4.64395e-5	0	2.48161e-5	1.00489e-5	2.50126e-4	3.28668e-4	2.78261e-5	2.84333e-4	7.25734e-5	1.66736e-6	3.2206e-4	7.0622e-5	2.55345e-5	1.1692e-5	1.83922e-5
PWY-5136: fatty acid &beta;-oxidation II (plant peroxisome)	2.33308e-5	3.07044e-5	3.16003e-5	3.12123e-5	3.1756e-6	1.27228e-5	1.9773e-5	7.89384e-6	6.04138e-6	5.88904e-6	5.77267e-4	1.40929e-4	8.97731e-6	3.84037e-4	3.30105e-4	2.67653e-4	5.61721e-5	4.95389e-5	1.40645e-5	6.09436e-6	5.2765e-4	4.5282e-4	1.03938e-5	4.85902e-4	1.08529e-5	3.44604e-6	4.17982e-4	6.92419e-5	3.82438e-5	9.71313e-6	1.90683e-5
PWY0-1477: ethanolamine utilization	2.28396e-5	2.50002e-5	2.92671e-5	5.43602e-5	1.38879e-5	3.35231e-5	5.3995e-5	3.59135e-5	3.2401e-5	1.6457e-5	9.42743e-4	2.44412e-4	1.89319e-5	7.65775e-4	7.27051e-4	2.9925e-4	8.87575e-5	1.30801e-4	6.7767e-5	1.77439e-5	6.82975e-4	8.0582e-4	4.47733e-5	6.80477e-4	5.80491e-5	8.60793e-5	7.19901e-4	7.38761e-5	4.69679e-5	3.42209e-5	3.98325e-5
PWY-5005: biotin biosynthesis II	2.20612e-5	2.51448e-5	3.48515e-5	3.96131e-5	1.81719e-5	2.78016e-5	3.87737e-5	1.89042e-5	2.88896e-5	5.06493e-5	3.3244e-6	2.38933e-5	1.42636e-5	1.63867e-5	4.41156e-6	1.03374e-4	1.6856e-5	4.91616e-5	1.25945e-5	3.92096e-5	2.82058e-5	2.54286e-5	2.25897e-5	1.27424e-4	3.03231e-5	1.46453e-5	1.12463e-4	2.24945e-5	2.17282e-5	2.02434e-5	1.43896e-5
PWY-6165: chorismate biosynthesis II (archaea)	2.10677e-5	2.36173e-5	0	1.85289e-5	1.07925e-5	0	0	1.7292e-5	0	0	0	0	0	0	0	0	0	0	0	0	0	0	0	0	0	1.58522e-6	0	0	2.22247e-6	0	6.8481e-6
PWY-6906: chitin derivatives degradation	2.07608e-5	5.08433e-6	0	1.73904e-5	1.57216e-5	0	1.95307e-6	1.51355e-5	0	0	0	8.39658e-7	8.30355e-5	0	0	0	1.92556e-5	1.79627e-5	5.16924e-5	1.12319e-5	0	0	8.11065e-5	0	3.97438e-5	1.65104e-5	0	3.16346e-5	4.46108e-6	1.41025e-5	5.5735e-5
PWY-7185: UTP and CTP dephosphorylation I	2.0505300000000002e-05	1.7977e-5	2.14173e-5	4.01713e-6	1.43592e-5	4.07515e-6	4.79582e-5	8.40912e-6	3.02549e-5	3.64082e-5	1.85296e-4	1.74078e-4	1.03695e-5	8.06507e-5	9.17229e-5	8.214e-4	2.87007e-4	3.68179e-5	1.58345e-5	2.90231e-5	2.59722e-4	1.72649e-4	1.60536e-5	6.48637e-4	6.70867e-6	3.64959e-6	2.19278e-4	1.68202e-4	1.90965e-5	4.32761e-5	2.63927e-5
PWY-6305: superpathway of putrescine biosynthesis	2.03317e-5	1.28572e-5	2.43123e-5	2.39808e-5	1.68921e-5	1.07497e-5	2.83145e-5	4.70801e-5	2.02179e-5	3.93027e-5	3.52246e-4	1.57256e-4	8.67945e-5	3.67248e-4	4.45362e-4	1.7121e-4	7.40171e-5	9.55974e-5	8.45384e-5	5.00721e-5	2.9814e-4	4.61666e-4	6.91342e-5	3.07985e-4	9.59038e-5	9.13659e-5	3.91434e-4	7.13245e-5	9.70824e-5	6.87502e-5	9.17225e-5
PWY-8131: 5'-deoxyadenosine degradation II	1.9964e-5	4.14473e-5	6.03448e-5	3.71279e-5	2.47171e-5	6.37462e-5	6.60143e-5	3.1656e-5	5.03491e-5	3.69716e-5	1.96143e-4	2.06565e-4	1.61964e-5	1.63339e-4	1.66128e-4	3.02195e-5	1.95809e-5	1.95785e-5	2.27717e-5	2.31396e-5	5.91454e-5	1.93628e-4	4.67197e-5	1.42634e-4	1.68221e-5	6.08146e-5	1.69418e-4	2.63396e-5	5.32303e-5	2.92733e-5	4.36905e-5
PWY-6590: superpathway of Clostridium acetobutylicum acidogenic fermentation	1.79749e-5	4.70869e-5	1.02568e-4	9.23599e-5	2.61758e-5	9.38388e-5	8.41002e-5	1.01037e-4	8.94812e-5	9.79237e-5	1.96501e-6	1.00329e-5	1.82789e-5	0	0	2.2714e-5	4.23778e-5	5.05162e-5	4.23146e-5	3.87701e-5	7.07681e-6	5.56084e-7	3.01176e-6	3.71464e-6	4.15106e-5	3.8502e-5	0	4.55336e-5	3.35117e-5	4.33677e-5	5.34591e-5
PWY-6285: superpathway of fatty acids biosynthesis (E. coli)	1.76387e-5	0	1.16748e-5	0	0	2.63385e-5	2.90694e-5	0	1.95366e-5	1.10911e-5	2.43812e-4	1.23466e-4	0	0	2.4433e-4	3.45608e-4	6.20486e-5	0	3.25797e-5	0	2.75392e-4	2.11276e-4	2.60033e-5	2.87843e-4	0	0	2.0598e-4	8.65785e-5	0	0	0
GLUDEG-I-PWY: GABA shunt	1.75825e-5	7.91267e-6	0	2.58856e-5	2.20882e-5	0	1.01538e-6	2.19656e-5	0	4.01269e-6	4.36329e-5	1.59021e-5	1.47722e-6	7.55935e-5	6.46184e-5	5.1815e-6	3.40646e-5	9.94925e-6	3.9037e-5	7.43586e-6	5.87834e-5	5.5018e-5	1.62839e-5	3.76484e-5	2.16454e-5	1.80331e-5	5.09157e-5	3.74894e-5	2.87669e-5	7.55508e-6	1.50474e-5
PWY-7013: (S)-propane-1,2-diol degradation	1.67803e-5	4.10592e-5	8.9968e-5	3.34295e-5	2.26554e-5	1.04169e-4	8.58434e-5	3.75967e-5	6.95916e-5	7.03062e-5	7.17063e-4	1.38578e-4	1.21118e-5	7.35353e-4	6.91757e-4	4.17731e-4	2.01155e-5	2.53084e-5	3.01333e-5	1.39364e-5	3.15557e-4	7.3599e-4	2.41128e-5	5.1168e-4	1.96002e-5	2.16424e-5	6.52288e-4	4.36443e-5	5.94748e-5	2.54117e-5	3.41127e-5
PWY-5022: 4-aminobutanoate degradation V	1.6442e-5	8.91535e-6	8.59194e-7	3.29661e-5	2.00675e-5	0	3.75805e-6	1.96131e-5	0	0	0	3.17741e-5	1.47699e-6	0	0	0	3.2747e-5	1.433e-5	3.70717e-5	7.10466e-6	1.63154e-5	0	1.62874e-5	0	2.12944e-5	1.76274e-5	0	3.71456e-5	2.65005e-5	7.27136e-6	1.45789e-5
PWY0-1241: ADP-L-glycero-&beta;-D-manno-heptose biosynthesis	1.62253e-5	2.78342e-6	4.7675e-6	7.19596e-6	1.02059e-5	3.60086e-6	4.56868e-6	1.72367e-5	0	0	1.91088e-4	7.31226e-5	1.54763e-5	1.65654e-4	1.49694e-4	1.79682e-4	2.02032e-5	2.94163e-5	2.1889e-5	1.17034e-5	1.4546e-4	1.80778e-4	3.49895e-5	2.75151e-4	2.94848e-5	2.46412e-5	2.17909e-4	1.86318e-5	4.00407e-5	3.08249e-5	6.02573e-5
PWY-6284: superpathway of unsaturated fatty acids biosynthesis (E. coli)	1.57751e-5	3.83196e-5	1.93795e-5	2.81428e-5	1.88304e-5	3.7831e-5	3.71087e-5	3.40948e-5	2.56972e-5	3.19417e-5	1.7595e-4	8.67791e-5	1.29115e-5	0	1.72625e-4	2.62929e-4	4.00237e-5	3.55006e-5	3.85202e-5	2.18106e-5	2.25059e-4	1.38319e-4	1.34191e-5	1.98955e-4	4.72999e-5	5.18308e-5	1.32365e-4	7.2801e-5	8.16742e-5	1.57625e-5	2.51676e-5
SO4ASSIM-PWY: assimilatory sulfate reduction I	1.569e-5	6.54179e-6	3.52761e-5	8.48261e-6	1.89965e-5	1.18573e-5	2.8739e-5	5.90968e-6	3.18801e-5	2.99051e-5	4.74873e-4	7.09461e-5	0	3.81533e-4	5.35964e-4	2.09705e-4	2.0273e-5	7.28588e-6	9.19958e-6	2.33266e-6	3.00772e-4	3.19863e-4	3.15985e-5	3.1559e-4	1.95248e-6	2.52884e-6	3.38901e-4	4.34037e-5	2.35474e-6	2.26487e-5	4.46976e-6
PWY-6859: all-trans-farnesol biosynthesis	1.47952e-5	4.72668e-6	1.97757e-7	1.42034e-5	8.76775e-6	1.42408e-6	7.64784e-6	1.26125e-5	1.9667e-6	4.11008e-6	2.97365e-5	6.62354e-5	6.85089e-5	8.59234e-5	9.84011e-5	2.03801e-4	6.34178e-5	3.64948e-5	3.33944e-5	1.68184e-5	8.18046e-5	8.51395e-5	9.64905e-5	1.63256e-4	4.18255e-5	4.76856e-5	1.47783e-4	7.90112e-5	6.89388e-5	2.9271100000000002e-05	2.41391e-5
PWY-5130: 2-oxobutanoate degradation I	1.44077e-5	5.60718e-6	2.32783e-6	1.27656e-5	1.05081e-5	1.25756e-6	6.89604e-7	2.13675e-5	1.46246e-6	0	3.49922e-6	1.31322e-5	1.88354e-5	3.67985e-6	2.24754e-7	9.30449e-5	2.81297e-5	3.45603e-5	2.05636e-5	1.68741e-5	1.12406e-5	2.30258e-5	2.90577e-5	8.54515e-5	3.68029e-5	4.48316e-5	7.65408e-5	3.08562e-5	4.60562e-5	4.90742e-6	1.16693e-5
TCA: TCA cycle I (prokaryotic)	1.38014e-5	0	5.70922e-6	0	0	6.60559e-6	0	0	4.19066e-6	2.7268e-6	3.78165e-4	9.10935e-5	0	3.95961e-4	3.22455e-4	5.03202e-5	3.09874e-5	0	1.7233e-5	6.79971e-6	3.09952e-4	3.596e-4	8.97527e-6	2.26638e-4	0	2.10749e-6	3.73377e-4	4.18022e-5	0	0	6.12167e-6
CENTFERM-PWY: pyruvate fermentation to butanoate	1.36824e-5	3.62455e-5	8.12051e-5	7.34973e-5	1.99704e-5	7.34459e-5	6.59565e-5	8.14213e-5	7.06082e-5	7.71385e-5	1.47528e-6	7.58302e-6	1.4072e-5	0	0	1.74035e-5	3.28211e-5	3.96329e-5	3.35239e-5	3.05896e-5	5.34201e-6	4.17161e-7	2.26721e-6	2.79264e-6	3.20724e-5	3.00188e-5	0	3.52669e-5	2.59872e-5	3.41106e-5	4.21076e-5
PWY-821: superpathway of sulfur amino acid biosynthesis (Saccharomyces cerevisiae)	1.34975e-5	3.7713e-6	4.11151e-6	4.18163e-6	5.77324e-6	2.67163e-6	1.58446e-6	8.89179e-6	0	2.62059e-6	4.85597e-6	9.50546e-5	0	0	7.88233e-5	1.17244e-4	2.19317e-5	5.2695e-6	8.85418e-6	0	8.00221e-5	7.00662e-5	3.67888e-5	1.38761e-4	2.60403e-6	0	5.57395e-5	4.2196e-5	2.22456e-6	1.48147e-5	5.61461e-6
GALACTARDEG-PWY: D-galactarate degradation I	1.30991e-5	0	4.49548e-6	1.65926e-6	0	2.49421e-6	3.24926e-6	1.35555e-6	3.26801e-6	1.40593e-6	3.54746e-4	1.90028e-4	1.59318e-6	2.76782e-4	3.89415e-4	1.3437e-4	8.35471e-6	1.10225e-5	1.61983e-5	1.74664e-6	4.29409e-4	3.25762e-4	2.39627e-5	3.02097e-4	2.04671e-6	2.70205e-6	3.37006e-4	2.65904e-5	1.08396e-5	7.08187e-7	4.33842e-6
GLUCARGALACTSUPER-PWY: superpathway of D-glucarate and D-galactarate degradation	1.30991e-5	0	4.49548e-6	1.65926e-6	0	2.49421e-6	3.24926e-6	1.35555e-6	3.26801e-6	1.40593e-6	3.54746e-4	1.90028e-4	1.59318e-6	2.76782e-4	3.89415e-4	1.3437e-4	8.35471e-6	1.10225e-5	1.61983e-5	1.74664e-6	4.29409e-4	3.25762e-4	2.39627e-5	3.02097e-4	2.04671e-6	2.70205e-6	3.37006e-4	2.65904e-5	1.08396e-5	7.08187e-7	4.33842e-6
PWY-5981: CDP-diacylglycerol biosynthesis III	1.29223e-5	9.68596e-6	5.59774e-6	4.89622e-6	1.97379e-5	9.26581e-6	6.22725e-6	2.08668e-5	4.70449e-6	1.23424e-5	1.51524e-4	1.54471e-4	6.01458e-6	9.29811e-5	1.13881e-4	0.00022750599999999999	1.28467e-4	4.83671e-6	7.88819e-6	3.22161e-6	8.94409e-5	1.46222e-4	2.90944e-6	1.83665e-4	1.39669e-6	7.05535e-6	9.85854e-5	3.48609e-5	5.04456e-6	4.83381e-5	8.73294e-5
MET-SAM-PWY: superpathway of S-adenosyl-L-methionine biosynthesis	1.29061e-5	2.5965e-6	2.66292e-5	3.60805e-6	7.23174e-6	2.88053e-5	3.0249199999999998e-05	4.34994e-5	2.49665e-5	9.6526e-6	3.8475e-4	1.79268e-4	2.63476e-6	2.59911e-4	3.26691e-4	2.6446e-4	4.43956e-5	0	1.94122e-5	5.24645e-6	2.92326e-4	3.52824e-4	1.41432e-5	3.26012e-4	5.48226e-5	5.95292e-5	3.33037e-4	4.785e-5	1.39313e-5	5.7606e-6	9.67436e-6
PWY-6167: flavin biosynthesis II (archaea)	1.2851e-5	1.33229e-5	0	0	8.66293e-6	0	0	1.18829e-5	0	0	0	0	0	0	0	0	0	0	0	0	0	0	0	0	0	0	0	0	0	0	0
PWY-5347: superpathway of L-methionine biosynthesis (transsulfuration)	1.2829e-5	2.59394e-6	2.63673e-5	3.60065e-6	7.20376e-6	2.84294e-5	2.99245e-5	4.24892e-5	2.47272e-5	9.61957e-6	4.43878e-4	1.72243e-4	2.63852e-6	2.9595e-4	3.50112e-4	2.70661e-4	4.45128e-5	0	1.9629e-5	5.25531e-6	3.09632e-4	3.9008e-4	1.42276e-5	3.37956e-4	5.52453e-5	5.99669e-5	3.61793e-4	4.8167e-5	1.3989e-5	5.75921e-6	9.66139e-6
POLYAMINSYN3-PWY: superpathway of polyamine biosynthesis II	1.20751e-5	0	2.68794e-5	5.68486e-6	3.34222e-6	8.33496e-6	6.11414e-6	9.24557e-6	3.4682e-6	3.82439e-5	0	0	0	0	4.84743e-7	0	2.9194e-5	1.95368e-6	1.21218e-5	2.56265e-6	0	0	1.81039e-5	8.76222e-6	6.39125e-7	0	2.12719e-6	3.99739e-5	0	1.69137e-6	7.56768e-7
PWY-5189: tetrapyrrole biosynthesis II (from glycine)	1.1637e-5	1.02927e-5	3.20467e-5	5.36294e-6	4.51128e-6	1.05959e-5	2.48454e-5	3.94728e-6	2.40474e-5	2.61231e-5	2.23433e-4	5.6893e-5	0	8.27811e-5	1.33438e-4	5.47041e-5	1.4531e-5	0	1.12777e-6	1.92745e-6	1.7567e-4	1.74121e-4	4.1677e-6	2.29771e-4	1.69245e-6	0	1.43285e-4	9.43134e-6	0	1.44279e-5	5.78805e-6
METSYN-PWY: superpathway of L-homoserine and L-methionine biosynthesis	1.13634e-5	2.27368e-6	2.34876e-5	3.16035e-6	6.34794e-6	2.53425e-5	2.67026e-5	3.84974e-5	2.20061e-5	8.46806e-6	4.52534e-4	1.65581e-4	2.3114e-6	2.72806e-4	3.26044e-4	2.75873e-4	3.95331e-5	0	1.7315e-5	4.60614e-6	3.00324e-4	3.6393e-4	1.24955e-5	3.35905e-4	4.95525e-5	5.46119e-5	3.37297e-4	4.28155e-5	1.22924e-5	5.05344e-6	8.50317e-6
PWY-561: superpathway of glyoxylate cycle and fatty acid degradation	1.12662e-5	0	3.99147e-6	0	0	1.44909e-6	5.83358e-6	0	0	0	3.53581e-4	9.04586e-5	0	3.34615e-4	3.37587e-4	6.75881e-5	2.72522e-5	1.96361e-6	6.41647e-6	7.05521e-7	3.27712e-4	3.89219e-4	6.4448e-6	2.55301e-4	0	0	3.43035e-4	2.96919e-5	0	0	0
GLYOXYLATE-BYPASS: glyoxylate cycle	1.0002e-5	8.45901e-7	3.45143e-6	0	0	2.87057e-6	4.95078e-6	7.97493e-7	2.8418e-6	1.35386e-6	2.80358e-4	8.01811e-5	0	3.06663e-4	3.26544e-4	1.48892e-4	1.87984e-5	1.98127e-6	5.75713e-6	6.17534e-7	3.23962e-4	3.3997e-4	4.41309e-6	2.66964e-4	0	0	3.31816e-4	2.37737e-5	0	6.86848e-7	0
PWY-5918: superpathway of heme b biosynthesis from glutamate	9.87757e-6	4.20025e-6	9.26804e-6	0	2.75258e-6	0	6.09139e-6	5.34088e-6	1.5859e-6	5.88437e-6	2.54786e-4	1.05184e-4	0	1.88639e-4	1.8977e-4	1.81851e-4	2.60062e-5	0	2.71917e-6	3.4352e-6	2.28565e-4	2.23635e-4	1.20208e-5	2.6826e-4	3.80469e-6	0	2.52288e-4	2.38101e-5	0	1.1365e-5	1.1529e-5
PWY-6588: pyruvate fermentation to acetone	9.39941e-6	1.84259e-5	3.66999e-5	2.12088e-5	2.78994e-6	3.75898e-5	5.49245e-5	5.86328e-6	2.68585e-5	1.10591e-5	4.50279e-5	1.84202e-5	4.72788e-6	3.44747e-5	1.09526e-4	3.63991e-6	9.46135e-6	2.57399e-5	1.28421e-5	9.58944e-6	2.92261e-5	6.27256e-5	3.88449e-6	2.97561e-5	4.95941e-6	0	9.36905e-5	2.33603e-5	2.1626e-5	1.34928e-5	3.22276e-5
PWY-6349: CDP-archaeol biosynthesis	9.19018e-6	1.12219e-5	0	1.04759e-5	5.90063e-6	0	0	7.70028e-6	0	0	0	0	0	0	0	0	0	0	0	0	0	0	0	0	0	0	0	0	1.08348e-6	0	0
PWY4LZ-257: superpathway of fermentation (Chlamydomonas reinhardtii)	8.7209e-6	1.12998e-5	2.0226e-5	1.73097e-5	4.77887e-6	2.2399e-5	3.40363e-5	1.42885e-5	1.82878e-5	8.13206e-6	2.73188e-4	1.56201e-4	8.47717e-6	2.1e-4	2.1753e-4	2.623e-4	3.56513e-5	3.37482e-5	2.02587e-5	6.82871e-6	2.96742e-4	3.1823e-4	2.00829e-5	3.40748e-4	4.19317e-6	6.58632e-6	3.03745e-4	5.50459e-5	5.62237e-5	9.42643e-6	1.50822e-5
TCA-GLYOX-BYPASS: superpathway of glyoxylate bypass and TCA	8.66004e-6	0	3.22664e-6	0	0	1.23294e-6	0	0	0	0	3.47052e-4	8.97711e-5	0	3.50969e-4	3.20007e-4	5.73416e-5	2.10574e-5	0	5.79149e-6	5.99821e-7	3.11525e-4	3.47522e-4	6.13239e-6	2.32717e-4	0	0	3.62353e-4	2.67614e-5	0	0	0
HEMESYN2-PWY: heme b biosynthesis II (oxygen-independent)	8.57339e-6	1.42438e-5	1.17326e-5	1.44864e-5	5.12426e-6	1.0257e-5	1.5034e-5	5.56464e-6	8.03369e-6	8.72944e-6	2.96965e-4	1.1457e-4	6.92542e-6	2.44189e-4	2.58162e-4	2.72554e-4	4.77106e-5	6.61268e-6	1.63592e-5	7.918e-6	2.47536e-4	2.8705e-4	2.05406e-5	3.46233e-4	2.22446e-5	1.66875e-5	3.28875e-4	3.92102e-5	1.72343e-5	1.61112e-5	3.66986e-5
PWY-7286: 7-(3-amino-3-carboxypropyl)-wyosine biosynthesis	8.44833e-6	1.10175e-5	0	8.38902e-6	5.25767e-6	0	0	8.18778e-6	0	0	0	0	0	0	5.82094e-7	0	0	0	0	0	1.18853e-6	0	0	4.01855e-6	0	0	0	0	1.40783e-6	0	0
GLUCARDEG-PWY: D-glucarate degradation I	8.36311e-6	0	4.28916e-6	1.59374e-6	0	2.43817e-6	3.16388e-6	1.30398e-6	3.17176e-6	1.39282e-6	2.67392e-4	1.80821e-4	1.51183e-6	2.57665e-4	3.2669e-4	1.18869e-4	6.63531e-6	7.84609e-6	8.54774e-6	1.69029e-6	2.78201e-4	2.94613e-4	1.88125e-5	2.07804e-4	1.97928e-6	2.58906e-6	2.91662e-4	2.10306e-5	4.46958e-6	7.02077e-7	3.52583e-6
PWY-6531: mannitol cycle	8.33562e-6	0	8.26762e-6	2.61026e-6	6.70108e-6	9.59885e-7	7.54741e-6	2.81914e-6	1.46418e-6	3.26368e-7	2.29293e-4	9.0986e-5	3.56903e-5	2.18404e-4	2.27e-4	6.02133e-5	4.97258e-5	2.08379e-5	8.40451e-6	1.77371e-6	1.78554e-4	1.92731e-4	2.20026e-6	2.20843e-4	5.20138e-6	1.65776e-6	1.99499e-4	1.97998e-5	8.79129e-6	5.13867e-6	1.15228e-6
PWY-6160: 3-dehydroquinate biosynthesis II (archaea)	8.06568e-6	9.03419e-6	0	7.06235e-6	4.08802e-6	0	0	6.58797e-6	0	0	0	0	0	0	0	0	0	0	0	0	0	0	0	0	0	5.95466e-7	0	0	8.35657e-7	0	2.58741e-6
PWY-5675: nitrate reduction V (assimilatory)	8.01913e-6	0	1.00914e-6	0	0	3.72677e-6	0	0	0	5.36743e-7	3.48238e-4	7.87334e-5	0	4.92566e-5	1.65912e-4	1.2703e-4	1.76131e-5	1.83658e-6	1.31254e-6	5.27618e-7	3.49269e-4	2.10624e-4	4.67128e-6	2.80281e-4	0	0	1.28396e-4	1.80829e-5	0	2.92715e-7	3.89376e-7
PWY-7254: TCA cycle VII (acetate-producers)	7.99548e-6	0	3.50094e-6	0	0	4.19347e-6	0	0	2.45825e-6	1.39983e-6	0	0	0	3.35825e-5	4.05993e-7	0	1.35207e-5	0	1.11173e-5	2.32959e-6	0	0	0	0	0	1.26718e-6	3.98999e-5	5.72991e-6	0	0	3.7066e-6
METHANOGENESIS-PWY: methanogenesis from H2 and CO2	7.50306e-6	9.42257e-6	0	6.1027e-6	5.73248e-6	0	0	7.46691e-6	0	0	0	0	0	0	0	0	0	0	0	0	0	0	0	0	0	0	0	0	6.3e-7	0	0
PWY-6293: superpathway of L-cysteine biosynthesis (fungi)	7.1513e-6	4.96974e-6	8.7872e-7	2.06508e-6	3.19793e-6	1.84371e-6	0	0	0	3.97655e-6	2.95633e-6	5.77397e-5	0	0	4.24421e-5	5.96974e-5	2.24806e-6	0	6.34326e-6	0	4.17798e-5	3.18334e-5	2.62502e-6	4.31753e-5	0	2.81088e-6	3.19584e-5	5.72568e-6	2.66455e-6	0	5.04092e-6
PWY-5690: TCA cycle II (plants and fungi)	7.10485e-6	1.49366e-6	2.48081e-6	6.10064e-6	5.50173e-6	0	0	1.85502e-6	0	6.86564e-7	0	6.61499e-5	1.31127e-5	0	9.11872e-6	0	2.97779e-5	3.30586e-6	3.98756e-6	7.95245e-6	4.33471e-6	0	6.9808e-6	8.62028e-5	0	8.10727e-6	0	1.0269e-5	9.33021e-6	4.47421e-6	7.6841e-6
PWY-6350: archaetidylinositol biosynthesis	7.06835e-6	1.00661e-5	0	7.61975e-6	5.11848e-6	0	0	7.15887e-6	0	0	0	0	0	0	0	0	0	0	0	0	0	0	0	0	0	0	0	0	9.10049e-7	0	0
P161-PWY: acetylene degradation (anaerobic)	7.02371e-6	9.13915e-6	1.64297e-5	1.405e-5	3.83449e-6	1.81941e-5	2.78995e-5	1.16046e-5	1.48381e-5	6.55678e-6	5.92128e-4	1.71113e-4	6.81296e-6	3.74272e-4	3.97437e-4	2.90959e-4	2.99127e-5	2.82954e-5	1.64692e-5	5.4661e-6	3.74044e-4	4.53836e-4	1.64212e-5	4.98229e-4	3.38017e-6	5.32286e-6	3.50967e-4	4.78852e-5	4.69679e-5	7.60572e-6	1.22616e-5
PWY-5994: palmitate biosynthesis (type I fatty acid synthase)	6.91429e-6	1.71745e-6	4.65158e-7	2.42809e-6	3.70171e-6	0	0	1.53045e-5	0	2.34426e-6	0	0	3.81401e-6	0	0	3.69556e-6	7.03555e-6	3.87158e-6	6.62364e-6	3.68028e-6	0	0	4.99837e-5	9.397e-6	5.65777e-6	0	0	1.56585e-5	2.77635e-5	4.02446e-6	0
NAD-BIOSYNTHESIS-II: NAD salvage pathway III (to nicotinamide riboside)	6.86249e-6	1.24536e-6	5.4715e-7	3.33009e-6	5.65716e-6	0	2.40338e-7	3.83232e-6	0	7.79034e-7	1.18626e-4	4.1734e-5	0	6.55325e-5	8.7434e-5	9.99131e-5	2.24588e-5	0	4.18034e-6	0	6.78605e-5	9.51984e-5	1.50146e-6	1.1175e-4	0	0	5.6722e-5	1.4741e-5	1.08086e-6	4.96429e-7	9.48095e-6
PWY-7315: dTDP-N-acetylthomosamine biosynthesis	6.86227e-6	8.72672e-5	8.75856e-6	6.5492e-5	1.41618e-5	7.71082e-6	1.36696e-5	1.98486e-6	9.30621e-6	2.47404e-6	2.34577e-4	4.13532e-5	3.37106e-5	1.5402e-4	1.8597e-4	1.35524e-4	3.08625e-5	2.1891e-5	7.18374e-5	2.58812e-5	1.33688e-4	2.09246e-4	9.98351e-6	1.74326e-4	0	3.96436e-6	1.87009e-4	2.69837e-5	1.70359e-5	6.04714e-5	2.78564e-5
PWY-5198: factor 420 biosynthesis II (mycobacteria)	6.78081e-6	8.50893e-6	0	6.4543e-6	4.92749e-6	0	0	5.94714e-6	0	0	0	0	0	0	0	0	0	0	0	0	0	0	0	0	0	0	0	0	5.71664e-7	0	0
PWY-8112: factor 420 biosynthesis I (archaea)	6.7693e-6	8.40255e-6	0	6.58918e-6	4.80513e-6	0	0	5.66991e-6	0	0	0	0	0	0	0	0	0	0	0	0	0	0	0	0	0	0	0	0	6.40222e-7	0	0
PWY-8113: 3PG-factor 420 biosynthesis	6.7693e-6	8.00841e-6	0	6.24471e-6	4.73819e-6	0	0	5.66991e-6	0	0	0	0	0	0	0	0	0	0	0	0	0	0	0	0	0	0	0	0	5.17513e-7	0	0
PWY-7118: chitin deacetylation	6.7686e-6	3.35108e-7	1.70357e-6	0	0	1.93639e-6	3.21966e-6	0	1.01168e-6	0	3.44426e-4	1.29054e-4	0	2.85019e-4	2.98961e-4	1.70432e-4	1.07258e-5	7.74828e-7	3.05832e-6	0	3.30906e-4	3.54468e-4	3.47103e-6	3.28328e-4	0	0	3.35183e-4	1.16429e-5	0	4.6997e-7	0
PWY-7312: dTDP-&beta;-D-fucofuranose biosynthesis	6.63743e-6	1.29871e-6	0	9.23975e-6	3.94341e-6	0	0	1.87202e-6	0	0	0	0	3.68409e-5	0	0	0	1.87386e-6	6.43213e-5	0	0	0	0	0	0	2.77001e-5	1.02084e-5	0	5.02534e-5	3.17499e-6	0	0
HOMOSER-METSYN-PWY: L-methionine biosynthesis I	6.54792e-6	1.30151e-6	1.36315e-5	1.81012e-6	3.64516e-6	1.46934e-5	1.55528e-5	2.26438e-5	1.27649e-5	4.86374e-6	3.53394e-4	1.08572e-4	1.32363e-6	2.12419e-4	2.57032e-4	2.04218e-4	2.34322e-5	0	1.00435e-5	2.64225e-6	2.41544e-4	2.88822e-4	7.22017e-6	2.6057e-4	2.97419e-5	3.29862e-5	2.61869e-4	2.5307e-5	7.09603e-6	2.89909e-6	4.89351e-6
ORNDEG-PWY: superpathway of ornithine degradation	6.37533e-6	0	1.88459e-5	3.53168e-6	2.0315e-6	5.72156e-6	3.81982e-6	5.63173e-6	2.15931e-6	3.12691e-5	3.42788e-4	1.26455e-4	0	4.03851e-4	4.01435e-4	1.55597e-4	1.35886e-5	1.16755e-6	5.30383e-6	1.42499e-6	2.49212e-4	3.77134e-4	1.11178e-5	2.28485e-4	3.83163e-7	0	3.84232e-4	3.0437e-5	0	9.93163e-7	4.48798e-7
PWY-6992: 1,5-anhydrofructose degradation	6.11388e-6	0	0	0	1.53727e-6	0	7.67968e-7	0	0	0	2.46734e-5	4.25505e-6	1.40806e-5	0	1.62443e-5	5.92435e-6	3.45141e-5	0	3.60465e-6	0	1.53666e-5	1.73538e-5	6.0165e-6	1.19712e-5	0	0	2.16551e-6	0	0	1.32944e-6	4.46819e-6
PWY-7385: 1,3-propanediol biosynthesis (engineered)	6.11161e-6	0	9.11948e-7	0	0	0	0	0	0	1.81253e-6	1.34585e-4	9.90691e-5	0	0	1.29797e-4	4.15544e-5	6.6383600000000004e-06	0	0	7.1656e-7	1.88001e-4	6.34314e-5	1.251e-6	5.54788e-5	8.61816e-7	0	9.63707e-5	1.05679e-5	0	0	0
PWY-5209: methyl-coenzyme M oxidation to CO2	6.00043e-6	8.07322e-6	0	6.18231e-6	4.5616e-6	0	0	5.87078e-6	0	0	0	0	0	0	0	0	0	0	0	0	0	0	0	0	0	0	0	0	5.61126e-7	0	0
PWY-5920: superpathway of heme b biosynthesis from glycine	5.73127e-6	0	1.74005e-6	0	0	0	1.27277e-6	0	0	6.13366e-7	1.38864e-4	6.54726e-5	0	1.13665e-4	1.34709e-4	8.23654e-5	1.22678e-5	0	1.45683e-6	0	1.91828e-4	1.85187e-4	5.61337e-6	2.23044e-4	0	0	1.75451e-4	1.16506e-5	0	0	0
PWY-5367: petroselinate biosynthesis	5.61098e-6	2.48719e-5	3.84428e-5	1.3906e-5	8.32722e-6	5.34504e-5	5.91249e-5	1.34291e-5	5.93273e-5	6.31172e-5	6.04685e-5	3.47335e-5	4.17478e-6	0	5.41036e-5	1.20288e-4	1.52617e-5	1.41371e-5	1.38652e-5	8.76978e-6	9.88408e-5	3.75962e-5	3.69087e-6	6.31615e-5	1.91593e-5	1.93303e-5	3.55712e-5	3.34491e-5	3.51219e-5	5.10915e-6	8.60503e-6
P125-PWY: superpathway of (R,R)-butanediol biosynthesis	5.09257e-6	6.43061e-6	5.482e-7	9.40341e-7	6.6183e-6	1.93934e-6	0	1.57968e-6	0	4.48917e-6	6.53417e-7	9.74392e-5	1.44599e-6	0	2.15735e-5	1.5316e-5	1.36922e-5	0	3.1281e-6	4.0759e-7	1.61891e-6	1.5641e-5	2.97634e-6	5.92115e-6	0	2.15261e-6	6.32089e-6	1.29522e-5	3.67099e-6	2.56928e-6	1.24694e-5
PWY-5723: Rubisco shunt	5.08485e-6	0	2.20338e-6	0	0	2.0058e-6	2.47678e-6	0	0	1.92074e-6	4.26356e-4	1.61191e-4	0	2.76996e-4	3.68489e-4	2.409e-4	2.24297e-5	0	5.06163e-6	0	2.88402e-4	4.22071e-4	7.97673e-6	4.17185e-4	0	0	4.03757e-4	5.94491e-5	0	1.39603e-6	5.24822e-6
PWY-822: fructan biosynthesis	5.03707e-6	1.91901e-6	1.87827e-6	2.38497e-6	3.98777e-6	8.71243e-7	0	0	0	8.5311e-7	4.83751e-7	5.16291e-5	1.72135e-6	0	0	6.98511e-6	4.16267e-5	0	2.62594e-6	2.0781e-7	0	5.69969e-6	5.6908e-7	0	0	1.31023e-6	0	3.11738e-6	9.29694e-7	8.35428e-7	3.87762e-6
PWY66-391: fatty acid &beta;-oxidation VI (mammalian peroxisome)	4.99095e-6	0	0	8.14873e-6	1.67432e-6	0	4.93054e-6	3.4616e-6	3.37531e-6	1.76408e-6	0	0	4.39014e-6	0	1.59339e-6	4.43543e-6	2.59191e-5	4.18137e-5	0	8.025e-7	6.08643e-6	0	9.78817e-6	9.88343e-6	1.59671e-6	2.05749e-6	0	2.44133e-5	2.02324e-5	0	6.91884e-6
PWY-5004: superpathway of L-citrulline metabolism	4.91501e-6	0	6.88243e-7	5.27767e-6	3.49335e-6	0	1.10692e-6	1.60599e-6	0	2.83357e-7	0	5.04245e-6	0	0	0	0	0	2.192e-5	5.7607e-7	0	0	0	2.26782e-6	0	3.86067e-6	2.01554e-6	0	5.19299e-6	0	0	2.54857e-6
HEME-BIOSYNTHESIS-II: heme b biosynthesis I (aerobic)	4.88888e-6	1.84149e-6	3.98939e-6	0	1.26117e-6	0	2.58256e-6	3.10128e-6	6.44511e-7	2.48977e-6	2.28492e-4	9.96264e-5	5.40681e-6	2.02426e-4	2.37876e-4	2.15883e-4	2.91867e-5	9.42897e-7	1.07293e-5	3.05759e-6	2.40137e-4	2.43225e-4	1.75006e-5	2.6577e-4	1.04883e-5	9.93305e-6	2.5504e-4	1.62241e-5	1.64015e-5	5.55785e-6	1.49937e-5
HEME-BIOSYNTHESIS-II-1: heme b biosynthesis V (aerobic)	4.88888e-6	0	3.50849e-6	0	0	3.95334e-7	7.27046e-7	0	6.44511e-7	0	2.28492e-4	9.96264e-5	0	2.06719e-4	2.37876e-4	1.60578e-4	8.70734e-6	9.42897e-7	3.32674e-6	0	2.40137e-4	2.43225e-4	7.09408e-6	2.6577e-4	7.30423e-7	1.32629e-6	2.5504e-4	1.4361e-5	1.50701e-6	9.24928e-7	0
PWY-801: homocysteine and cysteine interconversion	4.32789e-6	2.9993e-6	5.27776e-7	1.24256e-6	1.92515e-6	1.10859e-6	0	0	0	2.39712e-6	1.13792e-5	3.91758e-5	0	2.03192e-5	7.1226e-5	6.61705e-5	1.35308e-6	0	3.85939e-6	0	6.58944e-5	7.86876e-5	1.58375e-6	3.70337e-5	0	1.6952e-6	6.53258e-5	3.47374e-6	1.60641e-6	0	3.04633e-6
ALLANTOINDEG-PWY: superpathway of allantoin degradation in yeast	4.144e-6	0	5.35957e-7	0	0	0	0	0	0	0	0	9.89367e-6	0	0	2.9309e-6	9.9565e-6	1.39637e-6	0	0	6.80108e-7	7.90089e-7	9.76281e-6	1.54229e-5	5.1277e-5	0	0	1.91211e-5	2.20365e-6	0	0	0
P108-PWY: pyruvate fermentation to propanoate I	4.05412e-6	0	1.06954e-6	0	6.71943e-6	7.32257e-7	6.70217e-6	0	3.10159e-6	0	1.40412e-4	6.77211e-5	3.15478e-6	1.02674e-4	6.57411e-5	1.81834e-5	3.70041e-5	0	1.20274e-5	0	7.41422e-5	2.13308e-4	2.0536e-5	6.6847e-5	0	0	1.66651e-4	5.62465e-5	3.13435e-6	2.15554e-6	7.30039e-6
REDCITCYC: TCA cycle VI (Helicobacter)	4.04353e-6	0	2.98763e-6	0	2.24376e-6	3.44856e-6	4.14759e-6	0	2.03003e-6	1.20635e-6	5.83492e-5	5.87756e-5	1.64173e-6	9.32232e-5	1.61979e-4	4.38902e-5	1.18301e-5	0	6.76216e-6	2.30698e-6	1.33747e-4	1.78085e-4	5.34713e-6	2.40669e-5	0	0	1.41003e-4	1.99481e-5	2.0006e-6	1.34366e-6	4.47169e-6
P105-PWY: TCA cycle IV (2-oxoglutarate decarboxylase)	3.9185e-6	1.87054e-6	7.04836e-6	0	0	5.23514e-6	1.17947e-5	8.72282e-6	2.63549e-6	1.32629e-6	2.76402e-4	7.13939e-5	0	3.48638e-4	2.80443e-4	4.63848e-5	3.36026e-5	4.4644e-6	5.41129e-6	1.26151e-5	2.6035e-4	3.23088e-4	5.05251e-6	1.88607e-4	0	4.68704e-6	3.27235e-4	3.03486e-5	1.48288e-6	1.42359e-5	9.74126e-6
PWY-6572: chondroitin sulfate degradation I (bacterial)	3.53584e-6	0	0	0	2.32756e-6	0	0	0	0	0	0	1.68813e-6	4.89476e-6	0	0	8.24197e-7	9.7285e-6	1.19788e-5	2.51228e-5	3.92265e-6	0	0	4.02383e-5	0	5.18149e-6	7.15282e-6	2.10727e-7	1.69638e-5	5.48791e-6	4.40207e-6	3.73266e-6
PWY-6922: L-N&delta;-acetylornithine biosynthesis	3.22814e-6	0	3.84167e-7	3.10411e-6	1.72606e-6	2.45229e-7	1.24773e-6	2.7897e-6	0	1.4878e-6	4.41123e-6	5.4724e-6	3.51243e-6	0	2.55247e-5	2.95119e-5	2.29362e-5	1.37464e-5	5.1003e-6	0	4.47455e-5	8.28362e-5	1.04601e-6	3.56939e-5	2.67544e-6	3.01394e-6	2.279e-6	1.70392e-5	2.26511e-6	0	1.65234e-6
PWY0-1277: 3-phenylpropanoate and 3-(3-hydroxyphenyl)propanoate degradation	3.03237e-6	0	0	0	0	9.02512e-7	6.37577e-7	0	0	0	2.61608e-4	5.36165e-5	0	2.12237e-4	2.06108e-4	1.12509e-4	2.08795e-6	0	0	0	1.76926e-4	2.75201e-4	8.25944e-7	1.96815e-4	0	0	1.80776e-4	1.61971e-6	0	7.72892e-7	0
PWY0-1415: superpathway of heme b biosynthesis from uroporphyrinogen-III	3.03166e-6	0	3.68801e-6	0	0	3.97655e-7	5.12055e-7	0	6.53027e-7	0	2.32493e-4	8.6317e-5	0	2.17828e-4	2.21237e-4	1.63113e-4	4.57748e-6	0	3.41921e-6	0	2.32351e-4	2.40428e-4	7.23321e-6	2.24665e-4	7.34936e-7	1.3416500000000001e-06	2.37924e-4	8.83632e-6	1.52182e-6	9.33471e-7	0
PWY-7942: 5-oxo-L-proline metabolism	2.90748e-6	0	1.0614e-6	0	7.00566e-6	0	7.56156e-7	0	0	4.43565e-7	2.36603e-4	6.0309e-5	0	2.12766e-4	1.59533e-4	1.40043e-4	1.73112e-5	0	6.46005e-6	0	9.22307e-5	2.2664e-4	6.23861e-6	1.85206e-4	0	0	2.17375e-4	1.18041e-5	0	0	0
PWY66-389: phytol degradation	2.825e-6	0	1.17918e-6	0	0	1.40195e-6	3.57318e-6	3.08174e-6	0	0	7.23021e-5	4.53136e-5	1.98792e-6	2.71049e-4	2.10161e-4	2.52163e-5	1.75378e-5	0	0	0	1.20154e-4	1.92986e-4	3.80675e-6	7.61815e-5	0	0	1.80455e-4	1.16838e-5	2.6547e-6	3.59872e-7	1.61232e-6
PWY-7883: anhydromuropeptides recycling II	2.8236e-6	0	4.41249e-7	0	0	0	0	2.38704e-6	0	0	1.33218e-4	3.75318e-5	2.89333e-6	1.41676e-4	1.49863e-4	2.07727e-4	1.75558e-5	2.51025e-6	1.32206e-5	1.12555e-5	1.0237e-4	1.82838e-4	7.02324e-7	1.56084e-4	3.5207e-5	2.49089e-5	1.45407e-4	1.77665e-5	2.21325e-5	1.33047e-5	1.45681e-6
P23-PWY: reductive TCA cycle I	2.70599e-6	0	7.01293e-7	0	4.45313e-6	4.87283e-7	4.22231e-6	0	1.96338e-6	0	0	0	1.99313e-6	4.1866e-5	6.48539e-7	0	1.88157e-5	0	8.15023e-6	0	0	0	0	0	0	0	5.33878e-5	8.94107e-6	2.11095e-6	1.38046e-6	4.86548e-6
PWY0-301: L-ascorbate degradation I (bacterial, anaerobic)	2.57482e-6	6.80636e-7	4.60197e-6	0	0	6.3871e-6	8.63039e-6	0	3.98581e-6	1.85824e-6	4.47448e-4	8.16033e-5	0	2.274e-4	2.99844e-4	3.13012e-4	2.65668e-5	0	5.66123e-6	1.28811e-5	2.61145e-4	2.63985e-4	4.74111e-6	3.1333e-4	0	0	2.76797e-4	2.45635e-5	0	4.59328e-5	4.55303e-5
PWY-7858: (5Z)-dodecenoate biosynthesis II	2.51865e-6	0	1.67776e-6	0	0	4.44961e-6	6.34084e-6	0	3.95769e-6	1.12573e-6	2.13931e-4	6.01387e-5	0	2.95825e-4	2.61018e-4	1.58147e-4	2.19833e-5	0	3.79657e-6	0	2.12898e-4	3.00625e-4	8.2118e-6	2.30972e-4	0	0	2.54333e-4	2.0745e-5	0	0	0
PWY-5910: superpathway of geranylgeranyldiphosphate biosynthesis I (via mevalonate)	2.41813e-6	4.32985e-6	4.05093e-7	8.78776e-7	6.15325e-6	1.96206e-6	2.9865e-6	1.55039e-6	1.98183e-6	3.95599e-6	8.17089e-7	5.01018e-5	0	0	1.02674e-6	1.09021e-4	3.03813e-5	0	0	0	1.55445e-6	1.18067e-5	2.15133e-6	6.49272e-5	0	0	0	2.67381e-5	1.74104e-6	8.66951e-7	9.34797e-6
FAO-PWY: fatty acid &beta;-oxidation I (generic)	2.21234e-6	0	2.2213300000000002e-06	0	0	1.91027e-6	4.49161e-6	0	0	0	4.64641e-4	1.04777e-4	0	3.25476e-4	3.09291e-4	2.50627e-4	3.24959e-5	0	1.07554e-5	0	3.81913e-4	3.94821e-4	8.10957e-6	3.99094e-4	0	0	3.40858e-4	3.79255e-5	0	0	0
PWY0-166: superpathway of pyrimidine deoxyribonucleotides de novo biosynthesis (E. coli)	2.01787e-6	9.36969e-7	2.68335e-6	0	6.76673e-7	1.2595e-6	7.49609e-7	0	0	2.66306e-6	2.16887e-4	1.12368e-4	0	1.93424e-4	2.21565e-4	2.37829e-4	4.16782e-6	2.11965e-6	3.5431e-6	0	1.69968e-4	2.5946e-4	4.41379e-6	2.81964e-4	0	0	2.47226e-4	2.0286e-5	0	3.88832e-6	0
PWY-922: mevalonate pathway I (eukaryotes and bacteria)	1.75507e-6	4.33542e-6	1.09813e-6	6.26439e-7	5.05768e-6	2.46307e-6	2.3405e-6	1.1189e-6	1.80153e-6	3.63749e-6	5.89386e-7	4.8953e-5	0	0	7.21993e-7	9.52358e-5	2.51704e-5	0	0	0	1.10083e-6	8.77778e-6	1.51091e-6	5.2724e-5	0	0	0	2.13807e-5	1.2294e-6	6.11243e-7	7.44874e-6
PWY-6174: mevalonate pathway II (haloarchaea)	1.75464e-6	0	0	0	3.6775e-6	0	0	1.22746e-6	0	0	0	0	0	0	0	0	0	0	0	0	0	0	0	0	0	0	0	0	0	0	3.78919e-6
PWY-8125: mevalonate pathway IV (archaea)	1.75464e-6	0	0	0	3.6775e-6	0	0	1.22746e-6	0	0	0	0	0	0	0	0	0	0	0	0	0	0	0	0	0	0	0	0	0	0	3.78919e-6
PWY-6478: GDP-D-glycero-&alpha;-D-manno-heptose biosynthesis	1.56273e-6	0	0	0	1.09775e-6	0	0	0	0	0	0	0	3.39891e-6	0	0	0	5.10823e-6	0	0	0	0	0	1.98088e-5	0	1.12292e-6	2.9829e-6	0	0	7.71816e-7	0	0
PWY-7688: dTDP-&alpha;-D-ravidosamine and dTDP-4-acetyl-&alpha;-D-ravidosamine biosynthesis	1.52258e-6	2.05288e-6	0	7.98892e-6	3.79079e-6	0	1.22545e-6	5.63631e-6	0	0	0	0	1.45965e-5	0	0	0	5.94175e-6	0	2.27156e-5	1.79707e-6	0	0	0	0	8.13436e-6	1.17298e-5	0	8.5514e-6	0	3.65404e-6	9.28519e-6
PWY490-3: nitrate reduction VI (assimilatory)	1.47709e-6	0	0	2.12113e-6	2.30178e-6	0	0	4.18483e-7	0	0	0	0	0	0	0	0	5.40546e-6	2.13424e-6	7.25312e-7	1.05681e-6	0	0	0	0	0	7.83204e-7	0	5.47661e-6	2.95412e-6	1.21428e-6	0
PWY66-367: ketogenesis	1.44683e-6	0	6.34681e-7	0	0	0	1.37348e-6	6.28958e-7	0	0	0	0	0	0	6.87648e-7	1.85958e-5	5.56028e-6	0	0	0	8.98233e-7	5.96616e-6	1.94966e-6	2.99672e-5	0	0	0	1.02028e-5	8.09774e-7	9.95368e-7	0
HCAMHPDEG-PWY: 3-phenylpropanoate and 3-(3-hydroxyphenyl)propanoate degradation to 2-hydroxypentadienoate	1.36344e-6	0	0	0	0	2.6842e-7	2.98066e-7	0	0	0	2.0389e-4	4.2244e-5	0	2.0912e-4	2.14136e-4	1.10518e-4	1.09938e-6	0	0	0	1.64675e-4	0.00025808200000000003	2.734e-7	1.65165e-4	0	0	1.69912e-4	8.56958e-7	0	3.79064e-7	0
PWY-6690: cinnamate and 3-hydroxycinnamate degradation to 2-hydroxypentadienoate	1.36344e-6	0	0	0	0	2.6842e-7	2.98066e-7	0	0	0	2.0389e-4	4.2244e-5	0	2.0912e-4	2.14136e-4	1.10518e-4	1.09938e-6	0	0	0	1.64675e-4	0.00025808200000000003	2.734e-7	1.65165e-4	0	0	1.69912e-4	8.56958e-7	0	3.79064e-7	0
PWY-6953: dTDP-3-acetamido-&alpha;-D-fucose biosynthesis	1.35156e-6	0	0	0	3.2657e-6	0	0	0	0	0	0	0	1.4514e-5	0	0	0	4.71e-6	0	0	0	0	0	0	0	0	0	0	0	0	5.04973e-7	3.84314e-6
PWY-5138: fatty acid &beta;-oxidation IV (unsaturated, even number)	1.29738e-6	0	5.04263e-7	0	0	5.27875e-7	2.38818e-6	0	0	0	2.70674e-4	5.25983e-5	0	1.74643e-4	2.00287e-4	1.89892e-4	2.09275e-5	0	5.18204e-6	0	1.6843e-4	2.37567e-4	9.42655e-6	2.21692e-4	0	0	1.83248e-4	1.79975e-5	0	0	0
METHGLYUT-PWY: superpathway of methylglyoxal degradation	1.26801e-6	2.04465e-6	9.5901e-7	9.10693e-7	2.60874e-6	7.50032e-7	1.73758e-6	2.325e-6	9.93768e-7	5.18365e-6	1.43857e-4	4.26263e-5	4.37549e-6	5.04118e-5	8.55978e-5	1.22332e-4	2.53205e-5	1.34766e-6	4.45639e-6	2.01971e-6	8.76814e-5	1.08706e-4	1.87711e-5	1.19367e-4	2.12726e-6	5.17611e-6	8.16937e-5	1.43152e-5	6.99731e-6	7.61382e-6	7.052e-6
PWY-7391: isoprene biosynthesis II (engineered)	1.25091e-6	0	0	0	4.15753e-6	0	1.70845e-6	8.50856e-7	0	3.80892e-7	0	2.12175e-6	0	0	5.63693e-7	5.61884e-6	5.82463e-6	0	0	0	8.7193e-7	0	0	1.55691e-5	0	0	0	1.56343e-6	7.06972e-7	0	6.23998e-6
AST-PWY: L-arginine degradation II (AST pathway)	1.24099e-6	0	6.32866e-7	0	0	4.86642e-7	0	0	0	0	2.21463e-4	4.551e-5	0	3.09328e-4	2.78369e-4	7.20362e-5	8.53524e-7	0	1.36806e-6	0	1.80771e-4	2.98669e-4	2.19271e-6	1.40994e-4	0	0	2.86084e-4	3.7831e-6	0	0	0
PWY-7807: glyphosate degradation III	1.20383e-6	0	0	0	0	0	2.67557e-7	0	0	0	7.8301e-6	1.52536e-5	0	0	4.65636e-5	0	1.22534e-7	0	0	0	5.6323e-5	5.48926e-6	0	1.79535e-5	0	0	3.38143e-5	3.12283e-6	0	0	0
PWY0-1338: polymyxin resistance	1.10169e-6	0	5.62192e-7	0	0	0	3.95634e-7	0	0	0	1.94831e-4	3.87351e-5	0	6.01657e-5	1.13124e-4	8.87074e-5	7.996e-6	0	0	0	1.26215e-4	1.28292e-4	3.70308e-6	1.52616e-4	0	0	1.08242e-4	9.74976e-6	0	0	0
PWY-6803: phosphatidylcholine acyl editing	1.05804e-6	5.53436e-7	3.66111e-6	0	0	5.56713e-6	9.81631e-6	0	1.09326e-6	0	2.06427e-4	8.11455e-5	0	2.4197e-4	2.38365e-4	1.23347e-4	2.72409e-5	6.34655e-6	2.74919e-6	0	2.76714e-4	2.85799e-4	5.47999e-6	2.67928e-4	0	3.94635e-7	2.32769e-4	1.80312e-5	0	1.31905e-6	2.99472e-6
P163-PWY: L-lysine fermentation to acetate and butanoate	1.04955e-6	0	0	0	0	0	0	0	0	0	0	0	0	0	1.81675e-5	0	0	0	0	0	0	0	0	1.99994e-5	0	0	1.03088e-6	0	0	0	1.88998e-6
PWY-7723: bacterial bioluminescence	1.00052e-6	0	0	0	0	0	0	0	0	0	0	0	0	0	0	0	1.15603e-6	0	0	0	0	0	0	0	0	0	0	8.21504e-7	0	0	0
AEROBACTINSYN-PWY: aerobactin biosynthesis	9.7816e-7	0	3.35958e-7	0	0	0	0	0	0	0	9.62888e-5	2.74139e-5	0	0	4.24892e-5	0	0	0	1.46908e-6	0	0	1.98219e-6	4.23347e-7	0	0	0	4.53919e-6	2.23459e-6	0	0	0
KDO-NAGLIPASYN-PWY: superpathway of (Kdo)2-lipid A biosynthesis	9.07126e-7	0	3.43751e-7	0	0	0	0	0	0	0	4.67842e-5	1.70109e-5	0	3.48234e-7	5.90765e-5	8.2578e-5	7.18287e-6	0	2.83094e-6	0	5.97473e-5	2.66376e-5	1.3107e-6	2.25453e-5	0	0	3.76419e-5	8.31373e-6	0	0	0
PWY-5464: superpathway of cytosolic glycolysis (plants), pyruvate dehydrogenase and TCA cycle	8.91232e-7	0	5.19358e-7	0	0	0	0	0	0	0	0	4.02296e-5	0	0	1.28482e-5	0	1.6478e-6	0	4.93635e-6	0	5.25833e-6	0	3.65984e-6	5.08591e-5	0	0	0	1.23559e-5	0	3.22346e-6	0
PWY-7409: phospholipid remodeling (phosphatidylethanolamine, yeast)	8.58914e-7	0	0	0	0	0	0	0	0	0	1.86228e-5	7.69956e-6	0	0	6.10738e-5	6.24599e-5	0	0	0	0	4.638e-5	1.08915e-5	0	1.18003e-5	0	0	2.84706e-5	1.44139e-6	0	0	0
PWY-6961: L-ascorbate degradation II (bacterial, aerobic)	8.14753e-7	6.87708e-7	4.87267e-6	0	0	6.29807e-6	8.42612e-6	0	4.33848e-6	2.15875e-6	2.813e-4	8.99431e-5	0	6.85816e-6	1.3996e-4	1.81128e-4	2.44578e-5	0	5.62741e-6	2.26597e-6	2.18172e-4	7.19256e-5	5.61122e-6	1.83207e-4	0	0	1.38346e-4	2.31273e-5	0	8.37586e-6	7.52334e-6
PWY-7340: 9-cis, 11-trans-octadecadienoyl-CoA degradation (isomerase-dependent, yeast)	7.96991e-7	0	0	0	0	0	1.20334e-6	0	0	0	0	0	0	0	1.04864e-6	0	9.83667e-6	0	0	0	4.68102e-6	0	3.93345e-6	7.23939e-6	0	0	0	1.05846e-5	0	0	0
GLYCOLYSIS-TCA-GLYOX-BYPASS: superpathway of glycolysis, pyruvate dehydrogenase, TCA, and glyoxylate bypass	7.56975e-7	0	4.47024e-7	0	0	0	0	0	0	0	1.18593e-4	3.86403e-5	0	9.41578e-5	2.06375e-4	9.17766e-5	1.37291e-6	0	5.11982e-6	0	8.09312e-5	1.42692e-4	3.30796e-6	1.33676e-4	0	0	7.47041e-5	1.45063e-5	0	0	0
PWY0-1533: methylphosphonate degradation I	7.4055e-7	0	0	0	0	0	1.57426e-7	0	0	0	4.52918e-6	9.46e-6	0	0	2.89961e-5	0	7.01681e-8	0	0	0	3.67919e-5	3.16516e-6	0	1.0584e-5	0	0	2.06713e-5	1.88264e-6	0	0	0
PROTOCATECHUATE-ORTHO-CLEAVAGE-PWY: protocatechuate degradation II (ortho-cleavage pathway)	5.66706e-7	0	7.95711e-7	0	1.34104e-6	1.17975e-6	2.09532e-6	0	8.18607e-7	0	1.26093e-4	3.15888e-5	0	2.03333e-4	1.7251e-4	8.80654e-5	5.69631e-7	0	4.20229e-6	0	4.24772e-5	2.01723e-4	4.12774e-6	9.52184e-5	0	0	1.90705e-4	1.3948e-6	0	0	0
P621-PWY: nylon-6 oligomer degradation	5.43154e-7	2.59924e-6	1.98929e-6	8.23944e-7	1.05453e-5	7.93571e-6	5.20713e-6	0	3.39754e-6	4.18363e-6	6.61331e-7	7.61277e-5	3.42015e-6	0	3.30966e-7	2.67561e-6	4.89253e-5	0	3.68741e-6	0	0	2.4255e-5	0	1.90724e-6	0	0	6.39832e-6	9.725e-6	0	1.00426e-6	5.94759e-7
LIPASYN-PWY: phospholipases	5.30954e-7	0	9.28715e-6	0	0	2.80132e-6	5.23008e-6	0	0	6.89354e-6	3.57574e-4	9.0153e-5	0	2.15499e-4	1.93282e-4	1.38996e-4	0	0	1.38236e-6	0	8.05052e-4	0	5.66636e-6	2.89897e-4	0	1.3233e-6	0	9.27612e-6	0	5.21488e-6	0
KETOGLUCONMET-PWY: ketogluconate metabolism	5.13921e-7	0	1.19321e-5	1.40492e-6	0	1.16697e-6	6.6465e-6	0	0	1.60248e-6	8.58639e-5	9.47948e-5	0	3.18349e-5	9.4114e-5	1.09729e-4	1.52739e-5	0	8.10146e-7	7.94371e-7	2.48555e-4	1.37055e-4	1.92567e-6	1.73775e-4	0	0	1.52969e-4	1.91669e-5	0	0	0
PWY-7783: plasmalogen degradation	4.485e-7	0	8.80912e-7	0	0	0	1.31012e-6	0	0	2.46085e-7	0	0	0	0	3.33822e-7	0	0	0	4.27247e-7	0	0	0	0	0	0	0	0	0	0	0	0
PWY-7269: mitochondrial NADPH production (yeast)	4.09131e-7	0	0	0	0	0	0	0	0	0	1.13867e-4	3.45538e-5	0	1.43506e-4	1.07837e-4	6.73592e-5	1.05947e-5	0	0	0	5.50766e-5	1.34591e-4	1.92207e-6	1.01602e-4	0	0	2.22929e-4	5.64627e-6	8.5208e-7	0	0
PWY-7805: (aminomethyl)phosphonate degradation	3.97345e-7	0	0	0	0	0	2.92083e-7	0	0	0	8.44784e-6	1.58062e-5	0	0	4.4786e-5	0	1.33297e-7	0	0	0	5.45008e-5	5.58767e-6	0	1.82942e-5	0	0	3.34789e-5	2.46834e-6	0	0	0
PWY-5972: stearate biosynthesis I (animals)	3.89271e-7	0	0	0	0	0	4.63706e-7	0	0	7.52467e-7	0	0	0	0	3.44526e-6	7.83102e-6	1.2704e-6	0	7.11352e-7	0	4.03265e-6	0	1.64868e-6	1.68226e-5	0	0	0	1.69632e-6	0	0	0
PWY0-1337: oleate &beta;-oxidation	3.50147e-7	0	1.0221e-6	0	0	1.9063e-7	0	0	0	0	1.53991e-4	3.59187e-5	0	4.32909e-5	1.52926e-4	1.28586e-4	2.1003e-7	0	4.46605e-6	0	8.62074e-5	1.10229e-4	2.7967e-6	1.36089e-4	0	0	5.59299e-5	8.02491e-6	0	0	0
PWY0-1221: putrescine degradation II	3.41588e-7	0	0	0	0	0	0	0	0	0	5.07165e-5	9.93071e-6	0	0	0	2.8397e-6	1.68194e-7	0	0	0	3.61594e-5	6.85702e-6	0	2.53167e-5	0	0	3.89284e-6	1.24692e-7	0	0	0
PWY-7094: fatty acid salvage	3.12113e-7	0	1.66202e-6	0	0	1.70156e-7	0	0	4.35495e-7	0	1.38502e-4	3.4204e-5	0	3.74256e-5	1.51281e-4	1.18506e-4	1.72472e-7	0	4.76683e-6	0	7.86513e-5	1.00419e-4	2.67586e-6	1.27065e-4	0	0	4.87935e-5	7.48604e-6	0	0	0
PWY-7209: superpathway of pyrimidine ribonucleosides degradation	0	6.13006e-5	5.08389e-5	2.66504e-5	0	7.66524e-5	1.65823e-5	5.76411e-5	5.46934e-5	5.51018e-5	4.26454e-6	1.65575e-5	0	9.24174e-6	2.19468e-5	0	1.87646e-6	5.07206e-6	2.32627e-6	1.83933e-5	1.17605e-5	1.99372e-5	1.63433e-5	5.41085e-6	2.55346e-5	0	2.34762e-5	8.67038e-6	2.02747e-5	1.98485e-5	2.64073e-5
PWY-7196: superpathway of pyrimidine ribonucleosides salvage	0	8.55384e-6	3.72089e-5	1.80416e-5	0	1.10009e-4	1.21183e-5	6.0714e-5	4.52269e-5	8.19541e-5	0	7.65802e-6	0	0	2.84062e-6	4.67819e-6	3.52224e-5	1.36873e-5	1.80116e-5	4.0853e-6	7.09085e-6	0	1.55393e-6	1.56013e-5	4.02257e-5	0	0	6.77333e-6	5.6997e-5	0	3.39773e-5
PRPP-PWY: superpathway of histidine, purine, and pyrimidine biosynthesis	0	3.0243e-6	6.87053e-6	0	0	0	0	0	0	0	2.19758e-4	1.029e-4	0	1.44459e-4	1.86018e-4	2.85986e-4	1.03316e-5	0	2.97015e-5	0	1.34617e-4	2.17948e-4	1.60055e-5	2.28833e-4	0	0	1.8819e-4	4.42843e-5	0	5.69257e-6	0
PWY-8188: L-alanine degradation VI (reductive Stickland reaction)	0	2.57942e-6	0	5.21721e-6	2.30924e-6	0	0	1.17779e-5	0	0	0	0	5.31365e-6	0	0	0	1.39801e-5	0	0	1.24142e-6	0	0	0	0	2.50784e-6	3.26937e-6	0	4.89753e-6	3.31121e-6	0	0
PWY-8189: L-alanine degradation V (oxidative Stickland reaction)	0	2.57942e-6	0	5.21721e-6	2.30924e-6	0	0	1.17779e-5	0	0	0	0	5.31365e-6	0	0	0	1.39801e-5	0	0	1.24142e-6	0	0	0	0	2.50784e-6	3.26937e-6	0	4.89753e-6	3.31121e-6	0	0
PROPFERM-PWY: superpathway of L-alanine fermentation (Stickland reaction)	0	2.57942e-6	0	5.21721e-6	2.30924e-6	0	0	1.17779e-5	0	0	0	0	5.31365e-6	0	0	0	1.39801e-5	0	0	1.24142e-6	0	0	0	0	2.50784e-6	3.26937e-6	0	4.89753e-6	3.31121e-6	0	0
P261-PWY: coenzyme M biosynthesis I	0	2.57311e-6	0	2.31874e-6	0	0	0	0	0	0	0	0	0	0	0	0	0	0	0	0	0	0	0	0	0	0	0	0	0	0	0
DENOVOPURINE2-PWY: superpathway of purine nucleotides de novo biosynthesis II	0	2.14736e-6	4.56563e-6	0	0	0	0	0	0	0	2.1178e-4	1.01659e-4	0	1.31448e-4	1.76486e-4	3.11878e-4	6.08641e-6	0	2.33474e-5	0	1.31151e-4	2.12353e-4	1.36722e-5	2.28027e-4	0	0	1.78099e-4	3.21726e-5	0	4.82334e-6	0
PWY-6435: 4-hydroxybenzoate biosynthesis III (plants)	0	1.37989e-6	1.55766e-5	1.91781e-6	0	1.30358e-5	2.54869e-6	7.78871e-6	5.5466e-6	5.92125e-6	0	0	0	0	0	0	0	1.79146e-6	0	1.25688e-6	0	0	0	0	8.62896e-6	0	0	2.97515e-7	1.18114e-6	0	9.26286e-6
PWY-5494: pyruvate fermentation to propanoate II (acrylate pathway)	0	1.16342e-6	0	2.3895e-6	1.04361e-6	0	0	5.64888e-6	0	0	0	0	2.47166e-6	0	0	0	7.32763e-6	0	0	5.58754e-7	0	0	0	0	1.1312e-6	1.49688e-6	0	2.25425e-6	1.50911e-6	0	0
PWY-5104: L-isoleucine biosynthesis IV	0	6.19511e-7	1.76639e-6	0	0	1.67775e-6	0	0	0	0	1.12484e-4	5.76762e-5	0	0	0	0	4.39734e-6	4.71921e-6	3.75018e-6	0	1.01672e-6	0	5.61212e-6	0	0	0	0	4.916e-6	0	0	0
PWY-7187: pyrimidine deoxyribonucleotides de novo biosynthesis II	0	6.08074e-7	1.22884e-6	0	0	0	0	0	0	0	1.7082e-4	5.36587e-5	0	1.10875e-4	1.43587e-4	1.61679e-4	2.28833e-6	0	2.69512e-6	0	1.01896e-4	1.66091e-4	2.6157e-6	1.70587e-4	0	0	1.38982e-4	1.1183e-5	0	1.65262e-6	0
PWY-6143: CMP-pseudaminate biosynthesis	0	3.43011e-7	0	1.48876e-6	1.58551e-6	0	0	8.1445e-7	0	0	0	0	0	0	0	0	0	2.33271e-6	0	0	0	0	0	0	0	2.43474e-6	1.55392e-6	8.97844e-7	0	5.46524e-7	0
PWY-3781: aerobic respiration I (cytochrome c)	0	8.96946e-8	0	0	0	0	0	0	0	1.41535e-6	0	0	0	0	2.68201e-5	2.62476e-5	0	0	0	0	3.00051e-5	3.09328e-7	3.00905e-6	1.1877e-4	0	0	0	0	0	0	0
PWY-5897: superpathway of menaquinol-11 biosynthesis	0	0	7.76686e-6	5.61161e-6	5.11652e-6	1.14114e-5	3.59008e-6	6.52978e-6	8.68787e-6	1.07643e-5	2.61402e-4	7.26255e-5	5.01379e-5	1.74427e-4	2.35733e-4	2.56542e-4	5.8836e-5	4.23445e-6	3.78087e-5	1.01875e-5	2.23538e-4	2.27593e-4	1.108e-4	2.83159e-4	2.25912e-5	3.12509e-5	2.4273e-4	5.41596e-5	1.05092e-5	1.49405e-5	3.69594e-5
PWY-5898: superpathway of menaquinol-12 biosynthesis	0	0	7.76686e-6	5.61161e-6	5.11652e-6	1.14114e-5	3.59008e-6	6.52978e-6	8.68787e-6	1.07643e-5	2.61402e-4	7.26255e-5	5.01379e-5	1.74427e-4	2.35733e-4	2.56542e-4	5.8836e-5	4.23445e-6	3.78087e-5	1.01875e-5	2.23538e-4	2.27593e-4	1.108e-4	2.83159e-4	2.25912e-5	3.12509e-5	2.4273e-4	5.41596e-5	1.05092e-5	1.49405e-5	3.69594e-5
PWY-5899: superpathway of menaquinol-13 biosynthesis	0	0	7.76686e-6	5.61161e-6	5.11652e-6	1.14114e-5	3.59008e-6	6.52978e-6	8.68787e-6	1.07643e-5	2.61402e-4	7.26255e-5	5.01379e-5	1.74427e-4	2.35733e-4	2.56542e-4	5.8836e-5	4.23445e-6	3.78087e-5	1.01875e-5	2.23538e-4	2.27593e-4	1.108e-4	2.83159e-4	2.25912e-5	3.12509e-5	2.4273e-4	5.41596e-5	1.05092e-5	1.49405e-5	3.69594e-5
PWY-5840: superpathway of menaquinol-7 biosynthesis	0	0	6.3051e-6	5.90824e-6	5.79459e-6	1.09155e-5	3.95416e-6	6.99858e-6	8.84751e-6	1.0653e-5	2.56486e-4	6.52606e-5	5.3436e-5	1.68531e-4	2.22691e-4	2.54933e-4	5.70743e-5	4.63446e-6	3.74502e-5	8.51718e-6	2.06079e-4	2.20803e-4	4.69869e-5	2.5374e-4	9.854e-6	2.64246e-5	2.24457e-4	5.25707e-5	1.04688e-5	1.35609e-5	3.60987e-5
PWY-5838: superpathway of menaquinol-8 biosynthesis I	0	0	5.60421e-6	6.24766e-6	5.73928e-6	8.73838e-6	3.68955e-6	7.30496e-6	6.42938e-6	9.61257e-6	2.56486e-4	7.10652e-5	5.51885e-5	1.70335e-4	2.3217e-4	2.16734e-4	6.18606e-5	4.79999e-6	4.15954e-5	1.11556e-5	2.23247e-4	2.21237e-4	1.21215e-4	2.70948e-4	2.52683e-5	3.40572e-5	2.29994e-4	5.84476e-5	1.18265e-5	1.6421e-5	4.11069e-5
PWY-5845: superpathway of menaquinol-9 biosynthesis	0	0	4.51848e-6	5.90734e-6	5.39125e-6	8.73838e-6	0	6.19865e-6	6.42938e-6	0	2.56486e-4	6.52606e-5	5.06511e-5	1.68531e-4	2.22691e-4	2.16734e-4	5.36493e-5	4.79662e-6	1.1388e-5	0	2.06079e-4	2.20803e-4	1.23127e-5	2.5374e-4	2.37175e-5	1.97874e-5	2.24457e-4	5.41213e-5	8.54758e-6	7.05212e-6	1.34145e-5
PWY-5850: superpathway of menaquinol-6 biosynthesis	0	0	4.51848e-6	0	0	8.73838e-6	0	0	6.42938e-6	0	2.56486e-4	6.52606e-5	9.12652e-6	1.68531e-4	2.22691e-4	2.16734e-4	3.28619e-5	0	1.1388e-5	0	2.06079e-4	2.20803e-4	1.02533e-5	2.5374e-4	0	0	2.24457e-4	4.74854e-5	5.31873e-6	7.05212e-6	1.34145e-5
PWY-5896: superpathway of menaquinol-10 biosynthesis	0	0	4.51848e-6	0	0	8.73838e-6	0	0	6.42938e-6	0	2.56486e-4	6.52606e-5	9.12652e-6	1.68531e-4	2.22691e-4	2.16734e-4	3.28619e-5	0	1.1388e-5	0	2.06079e-4	2.20803e-4	1.02533e-5	2.5374e-4	0	0	2.24457e-4	4.74854e-5	5.31873e-6	7.05212e-6	1.34145e-5
P122-PWY: heterolactic fermentation	0	0	4.05929e-6	0	0	0	2.34893e-6	0	0	0	2.08777e-4	3.50213e-5	0	8.32367e-5	1.14966e-4	1.34692e-4	1.61576e-5	0	5.28308e-6	0	1.38347e-4	1.42412e-4	1.06693e-6	1.88817e-4	0	0	1.1331e-4	1.71049e-5	3.99367e-5	0	0
PWY-5861: superpathway of demethylmenaquinol-8 biosynthesis I	0	0	3.81678e-6	4.23517e-6	3.88784e-6	6.05745e-6	2.48256e-6	4.93579e-6	4.39696e-6	6.69231e-6	2.73599e-4	6.40028e-5	3.98257e-5	1.97087e-4	2.16771e-4	1.83468e-4	4.63568e-5	3.22101e-6	2.90676e-5	7.55456e-6	2.09784e-4	2.39868e-4	9.37122e-5	2.52226e-4	1.73237e-5	2.39158e-5	2.25082e-4	4.23051e-5	8.00124e-6	1.11986e-5	2.84663e-5
PWY-5860: superpathway of demethylmenaquinol-6 biosynthesis I	0	0	3.06453e-6	0	0	6.05745e-6	0	0	4.39696e-6	0	2.73599e-4	5.71373e-5	6.16196e-6	1.93492e-4	2.04575e-4	1.83468e-4	2.32724e-5	0	7.68885e-6	0	1.87738e-4	2.39103e-4	6.91611e-6	2.30407e-4	0	0	2.17216e-4	3.38267e-5	3.56928e-6	4.74715e-6	9.0532e-6
PWY-5862: superpathway of demethylmenaquinol-9 biosynthesis	0	0	3.06453e-6	4.0008e-6	3.64852e-6	6.05745e-6	0	4.17973e-6	4.39696e-6	0	2.73599e-4	5.71373e-5	3.63053e-5	1.93492e-4	2.04575e-4	1.83468e-4	3.95522e-5	3.21873e-6	7.68885e-6	0	1.87738e-4	2.39103e-4	8.32489e-6	2.30407e-4	1.62323e-5	1.35915e-5	2.17216e-4	3.89267e-5	5.75921e-6	4.74715e-6	9.0532e-6
PWY-5837: 2-carboxy-1,4-naphthoquinol biosynthesis	0	0	2.84359e-6	1.95882e-6	1.76107e-6	4.0985e-6	1.27072e-6	2.23249e-6	3.17997e-6	3.93954e-6	2.30156e-4	7.01097e-5	1.92606e-5	2.01699e-4	2.20549e-4	2.19915e-4	2.52134e-5	1.43015e-6	1.4055e-5	3.60854e-6	2.05e-4	2.38283e-4	4.62029e-5	2.60985e-4	7.98724e-6	1.16866e-5	3.02677e-4	2.12772e-5	3.61098e-6	5.25419e-6	1.33219e-5
PWY-6518: bile acids epimerization	0	0	9.8107e-7	0	0	1.07182e-6	0	0	0	0	0	0	0	0	0	0	0	0	0	0	0	0	0	0	0	0	0	0	3.52263e-7	0	2.40978e-6
P221-PWY: octane oxidation	0	0	9.34607e-7	0	0	1.04015e-6	2.85249e-6	5.77077e-7	0	0	6.22081e-5	1.44657e-5	0	1.80675e-4	1.62718e-4	8.78517e-6	5.13206e-6	0	0	0	7.17688e-5	1.48045e-4	2.98016e-6	4.88247e-5	0	0	1.46773e-4	8.01112e-6	4.94968e-7	3.07048e-7	1.09661e-6
PWY-5656: mannosylglycerate biosynthesis I	0	0	9.03838e-7	0	0	2.89528e-7	5.0431e-7	0	0	0	5.29864e-5	4.57451e-5	0	0	4.78257e-5	2.25566e-5	2.19148e-6	0	0	0	8.28801e-5	2.47095e-5	0	7.17959e-5	0	0	4.77678e-5	8.44289e-6	0	2.67916e-7	8.51511e-7
PWY-6876: isopropanol biosynthesis (engineered)	0	0	6.67463e-7	1.86988e-6	1.46275e-6	3.45923e-7	1.65909e-6	9.3654e-7	0	0	0	0	0	0	0	1.07538e-5	0	0	0	0	1.38424e-6	5.03365e-6	1.59132e-6	2.76555e-5	4.06509e-7	1.04031e-6	0	1.96282e-5	3.89407e-6	1.66483e-6	1.43946e-6
PWY-5392: reductive TCA cycle II	0	0	6.06899e-7	0	0	0	2.94293e-6	0	0	0	0	0	0	3.05718e-5	5.3777e-7	0	6.08496e-6	0	2.42483e-6	0	0	0	0	0	0	0	4.33135e-5	5.27053e-6	1.2371e-6	0	9.5503e-7
PWY-7204: pyridoxal 5'-phosphate salvage II (plants)	0	0	5.45336e-7	0	0	1.51126e-7	0	0	0	1.74158e-7	1.84016e-4	4.22707e-5	8.38123e-7	0	9.46824e-5	3.73212e-5	1.06885e-6	0	0	0	1.2717e-4	9.25846e-5	4.98362e-6	1.63224e-4	9.93129e-7	0	6.39953e-5	3.59877e-6	3.17253e-6	0	6.8616e-6
PWY0-42: 2-methylcitrate cycle I	0	0	5.24769e-7	0	0	4.78046e-7	0	0	0	0	8.78083e-5	2.9553e-5	0	6.05654e-6	6.4389e-5	9.22679e-5	2.15548e-6	0	1.61227e-6	0	1.1702e-4	6.25822e-5	2.88476e-6	8.56098e-5	0	0	4.83768e-5	4.05617e-6	4.13624e-7	0	0
PWY-6749: CMP-legionaminate biosynthesis I	0	0	3.95451e-7	3.7625e-6	0	3.03737e-7	1.01638e-6	2.07104e-5	0	0	0	2.97514e-7	1.45807e-6	0	0	0	3.83366e-6	0	0	0	0	0	6.34986e-6	0	0	5.10406e-5	0	6.2637e-6	1.04898e-6	0	2.15248e-6
PWY-7434: terminal O-glycans residues modification (via type 2 precursor disaccharide)	0	0	3.1963e-7	0	1.12039e-6	2.54855e-7	2.16898e-7	1.20512e-6	0	6.44222e-7	0	1.0235e-5	0	0	0	0	3.60057e-6	0	0	0	1.38836e-7	0	4.91004e-7	0	2.60824e-6	2.43027e-6	0	1.72256e-6	3.97378e-6	2.5318e-7	2.27169e-6
ECASYN-PWY: enterobacterial common antigen biosynthesis	0	0	2.31304e-7	0	0	6.36863e-7	1.04574e-6	0	0	0	1.53793e-4	2.81009e-5	0	1.1617e-4	1.28613e-4	1.23756e-4	1.22226e-5	0	3.98327e-6	0	1.10563e-4	1.40214e-4	3.42758e-6	1.33168e-4	0	0	1.16384e-4	1.18818e-5	0	0	0
PWY-7616: methanol oxidation to carbon dioxide	0	0	1.39447e-7	0	0	0	0	0	0	0	4.3945e-6	1.88815e-6	0	3.68157e-5	4.68384e-6	1.94613e-6	3.13291e-7	0	0	0	1.0321e-5	2.27182e-5	0	4.01298e-6	0	0	1.8837e-5	2.5143e-6	0	0	0
PWY-5747: 2-methylcitrate cycle II	0	0	1.16547e-7	0	0	0	0	0	0	0	8.57814e-5	1.9558e-5	0	6.05654e-6	6.25711e-5	8.73933e-5	1.35944e-6	0	1.45479e-6	0	7.33936e-5	5.57115e-5	1.57631e-6	8.2029e-5	0	0	4.83768e-5	2.7807e-6	0	0	0
CHLOROPHYLL-SYN: 3,8-divinyl-chlorophyllide a biosynthesis I (aerobic, light-dependent)	0	0	1.0342e-7	0	0	0	3.63444e-7	0	0	0	0	0	0	0	0	0	0	0	0	0	0	0	0	0	0	0	0	0	0	0	0
PWY-7159: 3,8-divinyl-chlorophyllide a biosynthesis III (aerobic, light independent)	0	0	1.0342e-7	0	0	0	4.06087e-7	0	0	0	0	0	0	0	0	0	7.03415e-7	0	0	0	0	0	3.4835e-6	0	0	0	0	1.18033e-7	2.87957e-7	9.70881e-7	1.14465e-6
PWY-6807: xyloglucan degradation II (exoglucanase)	0	0	0	3.668e-6	0	0	0	5.59587e-6	0	0	0	0	9.98577e-6	0	0	0	0	7.00733e-5	3.15494e-6	5.59293e-6	0	0	0	0	9.38369e-6	8.28469e-6	0	1.6995e-5	1.8215e-5	9.0741e-6	2.61535e-6
PWY-5677: succinate fermentation to butanoate	0	0	0	2.29533e-6	0	0	0	0	0	0	0	8.17332e-6	1.12252e-6	0	0	0	4.89992e-6	5.34595e-6	0	0	1.91852e-6	0	3.33964e-6	0	2.21431e-6	2.06684e-6	0	7.15567e-6	9.11613e-6	0	3.93997e-7
PWY-7992: superpathway of menaquinol-8 biosynthesis III	0	0	0	2.03931e-6	0	0	0	9.0727e-6	0	0	0	0	0	0	0	0	0	1.40087e-5	4.85293e-6	4.91154e-6	0	1.91349e-5	0	0	7.97236e-6	1.35003e-5	1.49784e-5	2.92315e-6	7.7461e-6	1.61349e-5	1.52639e-5
PWY-7031: protein N-glycosylation (bacterial)	0	0	0	1.82643e-6	0	0	0	0	0	0	0	0	0	0	0	0	0	0	0	1.68957e-6	0	0	0	0	0	0	1.94565e-6	1.73847e-6	7.06691e-7	0	5.71393e-6
PWY-6920: 6-gingerol analog biosynthesis (engineered)	0	0	0	1.37601e-6	0	0	1.73346e-6	4.5426e-6	4.28525e-6	2.13234e-6	0	0	0	0	5.25008e-7	0	0	1.35287e-6	0	5.39445e-7	7.47467e-7	0	0	3.75279e-6	1.6142e-6	0	0	6.90929e-7	8.84527e-7	0	5.26023e-6
PWY-7371: 1,4-dihydroxy-6-naphthoate biosynthesis II	0	0	0	7.86159e-7	0	0	0	3.74083e-6	0	0	0	0	0	0	0	0	0	5.73274e-6	1.84973e-6	1.94879e-6	0	7.6734e-6	0	0	3.06839e-6	5.43036e-6	5.87509e-6	1.10861e-6	3.01388e-6	6.91353e-6	5.95619e-6
PWY-7374: 1,4-dihydroxy-6-naphthoate biosynthesis I	0	0	0	5.69024e-7	0	0	0	0	0	0	0	0	0	0	0	0	0	0	0	0	0	0	0	0	0	0	0	0	0	0	0
PWY-7316: dTDP-N-acetylviosamine biosynthesis	0	0	0	0	2.01501e-6	0	0	0	0	0	0	4.53628e-6	8.04012e-6	0	0	2.59078e-6	6.44917e-7	0	0	0	0	0	1.51887e-5	0	0	1.36766e-5	0	8.73058e-7	2.06457e-6	1.68366e-6	0
PWY-5180: toluene degradation I (aerobic) (via o-cresol)	0	0	0	0	0	3.13778e-6	2.71431e-6	0	0	1.07683e-6	0	5.4118e-5	0	0	1.91079e-4	0	5.68195e-6	0	0	0	0	0	0	1.92953e-4	0	0	0	3.20814e-6	0	0	0
PWY-6562: norspermidine biosynthesis	0	0	0	0	0	1.83968e-6	1.14685e-6	0	2.31747e-6	1.01944e-6	6.20369e-6	2.29129e-5	0	5.56356e-6	1.50211e-5	0	0	0	6.82622e-7	0	0	2.2528e-5	0	0	0	0	2.23892e-6	1.09485e-6	0	0	0
LIPA-CORESYN-PWY: lipid A-core biosynthesis (E. coli K-12)	0	0	0	0	0	5.59061e-7	0	0	0	0	0	2.16832e-5	0	0	4.69114e-5	2.33698e-6	9.23672e-7	0	0	0	1.41791e-5	9.75349e-6	0	6.65781e-6	0	0	0	2.24269e-7	0	0	0
PWY-5415: catechol degradation I (meta-cleavage pathway)	0	0	0	0	0	3.81311e-7	7.76017e-7	0	0	3.23925e-7	0	2.63769e-5	0	0	4.01668e-7	0	6.47178e-6	0	0	0	0	0	0	4.76867e-7	0	0	0	1.61015e-6	0	6.59568e-7	0
3-HYDROXYPHENYLACETATE-DEGRADATION-PWY: 4-hydroxyphenylacetate degradation	0	0	0	0	0	3.57028e-7	0	0	0	0	9.11344e-5	8.23979e-6	0	5.78852e-5	5.22408e-5	2.53423e-5	8.69629e-7	0	0	0	9.6506e-5	1.03262e-4	6.21716e-7	1.22879e-4	0	0	4.90277e-5	2.04769e-6	0	0	0
PWY-5705: allantoin degradation to glyoxylate III	0	0	0	0	0	2.52401e-7	0	0	0	0	7.18789e-5	5.96288e-6	0	0	2.87419e-5	5.84031e-5	2.14002e-7	0	0	0	6.97014e-5	2.18241e-5	0	6.0791e-5	0	0	1.59119e-5	0	0	0	0
PWY-5692: allantoin degradation to glyoxylate II	0	0	0	0	0	2.38856e-7	0	0	0	0	1.50677e-7	0	0	0	9.05683e-6	3.21754e-5	2.01364e-7	0	0	0	2.518e-5	4.17249e-7	0	6.44396e-6	0	0	7.31753e-6	0	0	0	0
URDEGR-PWY: superpathway of allantoin degradation in plants	0	0	0	0	0	2.38856e-7	0	0	0	0	1.50677e-7	0	0	0	9.05683e-6	3.21754e-5	2.01364e-7	0	0	0	2.518e-5	4.17249e-7	0	6.44396e-6	0	0	7.31753e-6	0	0	0	0
PWY-6328: L-lysine degradation X	0	0	0	0	0	2.0075e-7	0	0	0	0	6.28732e-6	1.42398e-5	0	0	0	8.95404e-6	0	0	0	0	7.47986e-5	8.47051e-6	0	3.57046e-5	0	0	3.92337e-6	0	0	0	0
PWY0-41: allantoin degradation IV (anaerobic)	0	0	0	0	0	1.32193e-7	0	0	0	0	3.7317e-5	0	0	0	1.9245e-5	3.7216e-5	0	0	0	0	4.22407e-5	1.19108e-5	0	1.06713e-5	0	0	1.20694e-5	0	0	0	0
PWY-7446: sulfoquinovose degradation I	0	0	0	0	0	1.29949e-7	3.92446e-7	0	0	0	2.48554e-5	1.47226e-5	0	0	1.73185e-5	9.24555e-5	0	0	1.86818e-6	0	4.34454e-5	2.54611e-5	1.09574e-6	2.79056e-5	0	0	4.23597e-7	3.28465e-6	0	0	0
PWY66-430: myristate biosynthesis (mitochondria)	0	0	0	0	0	0	5.58434e-6	0	0	0	1.05562e-4	1.5201e-5	0	0	1.10138e-4	7.91807e-5	2.55804e-6	0	7.40426e-6	0	3.60639e-5	1.32538e-4	1.15978e-5	1.26961e-5	0	0	1.31855e-4	0	4.94054e-5	0	0
PWY-7388: octanoyl-[acyl-carrier protein] biosynthesis (mitochondria, yeast)	0	0	0	0	0	0	5.39195e-6	0	0	0	1.049e-4	1.46686e-5	0	1.79549e-4	1.09979e-4	7.70292e-5	2.45333e-6	0	7.16748e-6	0	3.46908e-5	1.36904e-4	1.18271e-5	1.19602e-5	0	0	1.36542e-4	0	4.96534e-5	0	0
PWY-6471: peptidoglycan biosynthesis IV (Enterococcus faecium)	0	0	0	0	0	0	4.05497e-6	1.69651e-5	3.83273e-6	2.74383e-6	0	3.04937e-5	0	0	0	1.55693e-4	2.781e-5	0	0	0	0	0	0	0	1.66537e-5	1.39101e-5	0	0	0	0	6.8139e-6
PWY-5855: ubiquinol-7 biosynthesis (early decarboxylation)	0	0	0	0	0	0	3.74871e-7	0	0	0	1.35317e-4	2.08497e-5	0	3.73138e-5	9.59733e-5	9.96914e-5	8.66372e-6	0	2.73744e-6	0	6.47219e-5	8.75986e-5	1.66421e-6	1.1792e-4	0	0	6.2247e-5	8.07651e-6	0	0	0
UDPNACETYLGALSYN-PWY: UDP-N-acetyl-D-glucosamine biosynthesis II	0	0	0	0	0	0	0	0	0	1.37616e-6	0	1.34296e-5	0	0	1.4167e-6	1.0893e-4	1.442e-5	0	0	0	2.26259e-6	0	0	6.89131e-6	0	0	0	0	0	0	0
LYSINE-DEG1-PWY: L-lysine degradation XI (mammalian)	0	0	0	0	0	0	0	0	0	1.35894e-6	0	0	0	0	0	0	0	0	0	0	0	0	0	0	0	0	0	0	0	0	0
DARABCATK12-PWY: D-arabinose degradation I	0	0	0	0	0	0	0	0	0	4.93844e-7	3.56481e-5	7.02811e-6	0	3.93393e-5	4.62505e-5	7.56379e-5	1.96643e-7	0	0	0	6.11963e-5	4.30786e-5	4.58012e-7	2.2614e-5	0	0	4.0661e-5	3.0165e-6	0	0	0
PWY-7279: aerobic respiration II (cytochrome c) (yeast)	0	0	0	0	0	0	0	0	0	3.47289e-7	0	0	0	0	2.51739e-5	2.55102e-5	0	0	0	0	2.55311e-5	3.09214e-7	1.11991e-6	8.53821e-5	0	0	0	0	0	0	0
PWY-7039: phosphatidate metabolism, as a signaling molecule	0	0	0	0	0	0	0	0	0	2.79146e-7	9.02444e-7	2.70631e-5	0	0	4.61489e-5	2.85395e-6	0	0	0	0	1.05721e-4	0	1.0293e-6	1.85737e-5	0	0	0	2.13683e-6	0	0	0
PWY-5028: L-histidine degradation II	0	0	0	0	0	0	0	0	0	0	1.67161e-4	1.29616e-5	0	0	8.30166e-7	6.91433e-5	0	0	0	0	0	1.99701e-4	0	7.48463e-5	0	0	0	0	0	0	0
ARGDEG-PWY: superpathway of L-arginine, putrescine, and 4-aminobutanoate degradation	0	0	0	0	0	0	0	0	0	0	1.22941e-4	3.52545e-5	0	1.81945e-4	1.18543e-4	1.62338e-5	1.09947e-5	0	0	0	1.30211e-4	1.51331e-4	0	9.19794e-5	0	0	1.34305e-4	8.42291e-6	0	0	0
ORNARGDEG-PWY: superpathway of L-arginine and L-ornithine degradation	0	0	0	0	0	0	0	0	0	0	1.22941e-4	3.52545e-5	0	1.81945e-4	1.18543e-4	1.62338e-5	1.09947e-5	0	0	0	1.30211e-4	1.51331e-4	0	9.19794e-5	0	0	1.34305e-4	8.42291e-6	0	0	0
THREOCAT-PWY: superpathway of L-threonine metabolism	0	0	0	0	0	0	0	0	0	0	5.75574e-5	2.43776e-5	0	9.20958e-5	1.14199e-4	3.13202e-5	7.79738e-6	0	0	0	1.27059e-4	1.68758e-4	0	1.15087e-4	0	0	1.52381e-4	2.90903e-6	0	0	0
PWY-6185: 4-methylcatechol degradation (ortho cleavage)	0	0	0	0	0	0	0	0	0	0	5.48043e-5	1.6426e-5	0	1.38696e-4	1.2042e-4	1.33246e-5	0	0	0	0	2.58869e-5	1.53676e-4	0	5.07996e-5	0	0	1.31973e-4	3.55975e-7	0	0	0
PWY-6318: L-phenylalanine degradation IV (mammalian, via side chain)	0	0	0	0	0	0	0	0	0	0	4.62652e-5	7.56206e-6	0	0	1.5866e-5	1.63956e-5	5.10027e-7	0	0	0	1.71542e-5	3.58863e-5	9.49357e-7	2.3084e-5	0	0	8.17482e-6	4.99967e-7	0	0	0
GLYCOL-GLYOXDEG-PWY: superpathway of glycol metabolism and degradation	0	0	0	0	0	0	0	0	0	0	3.61788e-5	7.06535e-6	0	4.01429e-5	4.73801e-5	8.53444e-5	1.95914e-7	0	0	0	6.50833e-5	4.37395e-5	4.37033e-7	2.29023e-5	0	0	4.17094e-5	3.03134e-6	0	0	0
PWY0-461: L-lysine degradation I	0	0	0	0	0	0	0	0	0	0	2.69966e-5	1.7354e-5	0	0	2.80584e-5	8.30923e-5	0	0	1.0478e-6	0	7.47986e-5	3.08146e-5	6.95568e-7	3.57046e-5	0	0	2.85682e-5	2.03711e-6	0	0	0
PWY-4361: S-methyl-5-thio-&alpha;-D-ribose 1-phosphate degradation I	0	0	0	0	0	0	0	0	0	0	2.43027e-5	0	0	0	1.03939e-5	4.78254e-6	0	0	0	0	0	1.28675e-5	0	3.7663e-5	0	0	0	0	0	0	0
CARNMET-PWY: L-carnitine degradation I	0	0	0	0	0	0	0	0	0	0	2.40537e-5	9.40748e-6	0	0	2.49877e-5	6.9704e-5	0	0	1.37874e-6	0	3.61836e-5	1.80706e-5	1.28452e-6	1.89825e-5	0	0	1.40102e-5	2.19927e-6	0	0	0
PWY-2221: Entner-Doudoroff pathway III (semi-phosphorylative)	0	0	0	0	0	0	0	0	0	0	2.22551e-5	0	0	0	0	0	0	0	0	0	0	2.07509e-5	0	6.30516e-5	0	0	0	1.32587e-6	0	0	0
PWY-7165: L-ascorbate biosynthesis VIII (engineered pathway)	0	0	0	0	0	0	0	0	0	0	1.75351e-5	2.16906e-5	0	0	1.54126e-4	1.17781e-5	0	0	0	0	6.04564e-5	6.36501e-5	0	5.69603e-5	0	0	1.10734e-4	2.70526e-6	0	0	0
PWY-6215: 4-chlorobenzoate degradation	0	0	0	0	0	0	0	0	0	0	1.46233e-5	7.89194e-6	0	0	2.19751e-6	3.78746e-6	0	0	0	0	1.30304e-5	7.21893e-6	0	1.46446e-5	0	0	1.24355e-6	4.1015e-7	0	0	0
PWY-7245: superpathway of NAD/NADP - NADH/NADPH interconversion (yeast)	0	0	0	0	0	0	0	0	0	0	1.43832e-5	2.82025e-5	0	0	2.28275e-6	4.016e-5	0	0	0	0	2.31918e-6	0	0	1.27479e-5	0	0	1.07075e-4	1.78616e-6	0	0	0
UBISYN-PWY: superpathway of ubiquinol-8 biosynthesis (early decarboxylation)	0	0	0	0	0	0	0	0	0	0	1.42976e-5	1.67173e-5	0	0	2.74365e-5	4.33595e-6	0	0	0	0	4.2334e-5	8.7022e-6	0	2.00131e-5	0	0	2.17499e-5	1.70426e-6	0	0	0
PWY-7874: L-threonate degradation	0	0	0	0	0	0	0	0	0	0	1.40768e-5	0	0	0	1.40927e-5	4.62683e-6	0	0	0	0	3.5206e-5	6.39424e-6	0	1.28375e-5	0	0	1.14259e-5	1.06172e-6	0	0	0
PWY-6708: ubiquinol-8 biosynthesis (early decarboxylation)	0	0	0	0	0	0	0	0	0	0	1.29621e-5	1.53201e-5	0	0	2.48604e-5	3.86921e-6	0	0	0	0	3.88864e-5	7.78531e-6	0	1.80119e-5	0	0	1.95915e-5	1.53152e-6	0	0	0
PWY-5088: L-glutamate degradation VIII (to propanoate)	0	0	0	0	0	0	0	0	0	0	1.18136e-5	2.84229e-5	0	0	0	1.47363e-5	4.65476e-7	0	0	0	2.80978e-5	2.63529e-5	0	4.30156e-5	0	0	0	3.24779e-7	0	0	0
PWY-7268: cytosolic NADPH production (yeast)	0	0	0	0	0	0	0	0	0	0	1.13754e-5	3.46954e-5	0	0	1.72667e-6	8.6789e-5	0	0	0	0	1.77154e-6	0	0	1.00989e-5	0	0	2.61302e-4	1.58963e-6	0	0	0
PWY-7873: D-erythronate degradation II	0	0	0	0	0	0	0	0	0	0	9.12139e-6	0	0	0	1.19698e-5	2.21754e-6	0	0	0	0	2.94266e-5	4.90701e-6	0	4.48844e-6	0	0	9.31073e-6	1.06172e-6	0	0	0
PWY-8086: (S)-lactate fermentation to propanoate, acetate and hydrogen	0	0	0	0	0	0	0	0	0	0	6.83998e-6	1.69515e-5	0	0	0	1.36258e-5	2.92644e-7	0	0	0	1.83134e-5	1.59697e-5	0	3.47915e-5	0	0	5.40034e-6	3.15281e-7	0	0	0
PWY-7384: anaerobic energy metabolism (invertebrates, mitochondrial)	0	0	0	0	0	0	0	0	0	0	6.46071e-6	1.28936e-5	0	0	0	1.72265e-5	3.56834e-7	0	0	0	1.86825e-5	1.82956e-5	0	4.05289e-5	0	0	6.83251e-6	4.16043e-7	0	0	0
PWY-5156: superpathway of fatty acid biosynthesis II (plant)	0	0	0	0	0	0	0	0	0	0	6.28163e-6	0	0	0	0	1.16561e-4	0	0	0	0	0	3.24576e-5	0	3.22364e-5	0	0	0	0	0	0	0
PWY-7527: L-methionine salvage cycle III	0	0	0	0	0	0	0	0	0	0	5.21698e-6	0	0	0	1.64865e-6	7.72933e-6	0	0	0	0	0	1.54795e-6	0	5.41476e-5	0	0	0	0	0	0	0
PWY-5417: catechol degradation III (ortho-cleavage pathway)	0	0	0	0	0	0	0	0	0	0	5.11712e-6	1.56337e-5	0	1.66213e-4	1.21069e-4	1.8364e-5	0	0	0	0	3.49983e-5	1.75018e-4	0	4.444e-5	0	0	1.51672e-4	4.24206e-7	0	0	0
PWY-5431: aromatic compounds degradation via &beta;-ketoadipate	0	0	0	0	0	0	0	0	0	0	5.11712e-6	1.56337e-5	0	1.66213e-4	1.21069e-4	1.8364e-5	0	0	0	0	3.49983e-5	1.75018e-4	0	4.444e-5	0	0	1.51672e-4	4.24206e-7	0	0	0
PWY-6182: superpathway of salicylate degradation	0	0	0	0	0	0	0	0	0	0	4.27412e-6	1.36681e-5	0	1.3828e-4	1.1091e-4	1.39679e-5	0	0	0	0	2.60001e-5	1.48334e-4	0	2.73496e-5	0	0	1.31931e-4	0	0	0	0
CATECHOL-ORTHO-CLEAVAGE-PWY: catechol degradation to &beta;-ketoadipate	0	0	0	0	0	0	0	0	0	0	3.43371e-6	1.16258e-5	0	1.25831e-4	9.09642e-5	1.59144e-5	0	0	0	0	2.59396e-5	1.32329e-4	0	3.28263e-5	0	0	1.18783e-4	9.31867e-7	0	0	0
P562-PWY: myo-inositol degradation I	0	0	0	0	0	0	0	0	0	0	1.30046e-6	0	0	0	2.97749e-6	1.23751e-4	0	0	0	0	0	7.67883e-6	0	2.7892e-5	0	0	0	0	0	0	0
PWY1G-0: mycothiol biosynthesis	0	0	0	0	0	0	0	0	0	0	8.62863e-7	4.25491e-7	1.49744e-6	0	0	0	7.47596e-7	0	8.95086e-7	0	0	0	0	0	0	0	0	3.61041e-6	8.86044e-7	0	1.06031e-6
DENITRIFICATION-PWY: nitrate reduction I (denitrification)	0	0	0	0	0	0	0	0	0	0	7.57166e-7	0	0	0	0	0	0	0	0	0	0	0	0	2.60826e-6	0	0	3.2525e-6	0	0	0	0
PWY-7294: D-xylose degradation IV	0	0	0	0	0	0	0	0	0	0	7.29971e-7	1.59116e-5	0	0	3.63102e-5	6.25825e-5	0	0	0	0	0	2.95804e-5	9.18211e-7	2.49976e-5	0	0	0	3.58402e-6	0	0	0
PWY-7731: superpathway of photosynthetic hydrogen production	0	0	0	0	0	0	0	0	0	0	4.30455e-7	0	0	0	0	0	0	0	0	0	0	0	0	0	0	0	0	0	0	0	0
PWY-7124: ethene biosynthesis V (engineered)	0	0	0	0	0	0	0	0	0	0	3.15369e-7	0	0	0	0	0	0	0	0	0	0	0	0	0	0	0	0	0	0	0	0
PWY-7218: photosynthetic 3-hydroxybutanoate biosynthesis (engineered)	0	0	0	0	0	0	0	0	0	0	2.90798e-7	0	0	0	0	0	0	0	0	0	0	0	0	0	0	0	0	0	0	0	0
PWY-101: photosynthesis light reactions	0	0	0	0	0	0	0	0	0	0	2.87073e-7	0	0	0	0	0	0	0	0	0	0	0	0	0	0	0	0	0	0	0	0
URSIN-PWY: ureide biosynthesis	0	0	0	0	0	0	0	0	0	0	2.60014e-7	0	0	0	2.10303e-5	1.01956e-5	0	0	0	0	1.74084e-6	7.12131e-5	0	1.03522e-4	0	0	3.99132e-6	0	0	0	0
PHOTOALL-PWY: oxygenic photosynthesis	0	0	0	0	0	0	0	0	0	0	1.45653e-7	0	0	0	0	0	0	0	0	0	0	0	0	0	0	0	0	0	0	0	0
LPSSYN-PWY: superpathway of lipopolysaccharide biosynthesis	0	0	0	0	0	0	0	0	0	0	0	3.06406e-5	0	0	8.96308e-5	9.82946e-6	2.53103e-6	0	0	0	4.47786e-5	2.98464e-5	0	2.18942e-5	0	0	0	9.31556e-7	0	0	0
PWY-6396: superpathway of 2,3-butanediol biosynthesis	0	0	0	0	0	0	0	0	0	0	0	2.85075e-5	0	0	3.03239e-6	3.12086e-5	1.01666e-5	0	1.47062e-6	0	1.37945e-6	0	0	7.43621e-6	0	0	0	0	0	0	0
PWY-3801: sucrose degradation II (sucrose synthase)	0	0	0	0	0	0	0	0	0	0	0	1.43374e-5	0	1.48643e-4	1.18517e-4	1.0207e-5	2.29212e-5	0	0	0	5.55296e-5	1.67584e-4	0	3.1802e-5	0	0	1.12618e-4	2.07831e-6	0	0	0
PWY-6797: 6-hydroxymethyl-dihydropterin diphosphate biosynthesis II (Methanocaldococcus)	0	0	0	0	0	0	0	0	0	0	0	1.08611e-5	0	0	0	6.61296e-5	6.92437e-6	0	0	0	0	0	0	0	0	0	0	0	0	0	0
PWY-8190: L-glutamate degradation XI (reductive Stickland reaction)	0	0	0	0	0	0	0	0	0	0	0	1.04759e-5	0	3.987e-5	2.36591e-5	0	6.08201e-7	0	0	0	0	2.91679e-6	1.08113e-6	2.84673e-5	0	0	2.93538e-6	0	3.24928e-5	0	0
PWY-5178: toluene degradation IV (aerobic) (via catechol)	0	0	0	0	0	0	0	0	0	0	0	1.00394e-5	0	0	0	0	0	0	0	0	0	0	0	0	0	0	0	0	0	0	0
PWY-7396: butanol and isobutanol biosynthesis (engineered)	0	0	0	0	0	0	0	0	0	0	0	9.56156e-6	0	3.80732e-5	3.85342e-5	8.52174e-6	1.52871e-6	0	0	0	3.61012e-5	5.88418e-5	0	2.35327e-5	0	0	8.89135e-5	1.43181e-6	0	0	0
PWY-7389: superpathway of anaerobic energy metabolism (invertebrates)	0	0	0	0	0	0	0	0	0	0	0	9.02266e-6	0	0	0	0	5.75891e-7	0	0	0	1.26956e-5	0	0	0	0	0	0	6.71604e-7	0	0	0
CRNFORCAT-PWY: creatinine degradation I	0	0	0	0	0	0	0	0	0	0	0	6.93312e-6	0	8.62084e-5	0	0	0	0	1.75254e-6	0	0	1.02602e-4	0	0	0	0	0	2.1137e-6	0	1.76929e-6	1.70469e-6
PWY5F9-12: biphenyl degradation	0	0	0	0	0	0	0	0	0	0	0	4.50059e-6	0	0	1.96876e-5	0	0	0	0	0	0	0	0	0	0	0	7.70495e-7	0	0	0	0
PWY-5514: UDP-N-acetyl-D-galactosamine biosynthesis II	0	0	0	0	0	0	0	0	0	0	0	4.48678e-6	0	0	1.4109e-6	4.64084e-6	1.10997e-6	0	0	0	2.16009e-6	0	0	6.76959e-6	0	0	0	0	0	0	0
12DICHLORETHDEG-PWY: 1,2-dichloroethane degradation	0	0	0	0	0	0	0	0	0	0	0	2.99669e-6	0	0	0	0	0	0	0	0	0	0	0	0	0	0	0	7.16388e-7	0	0	0
PWY-5430: meta cleavage pathway of aromatic compounds	0	0	0	0	0	0	0	0	0	0	0	2.81959e-6	0	0	0	0	0	0	0	0	0	0	0	0	0	0	0	0	0	0	0
DHGLUCONATE-PYR-CAT-PWY: glucose degradation (oxidative)	0	0	0	0	0	0	0	0	0	0	0	2.6598e-6	0	0	0	4.53016e-7	0	0	0	0	3.08926e-6	7.61408e-7	0	1.17761e-5	0	0	0	1.40976e-6	0	0	0
PWY-7820: teichuronic acid biosynthesis (B. subtilis 168)	0	0	0	0	0	0	0	0	0	0	0	2.3615e-6	0	0	0	0	5.39758e-7	0	0	0	0	0	1.20287e-6	0	0	0	0	9.57375e-7	0	0	0
PWY-5420: catechol degradation II (meta-cleavage pathway)	0	0	0	0	0	0	0	0	0	0	0	2.09737e-6	0	0	0	0	8.05702e-7	0	0	0	0	0	0	0	0	0	0	0	0	0	0
TYRFUMCAT-PWY: L-tyrosine degradation I	0	0	0	0	0	0	0	0	0	0	0	1.90905e-6	0	0	0	0	0	0	0	0	0	0	0	0	0	0	0	0	0	0	0
PWY-5419: catechol degradation to 2-hydroxypentadienoate II	0	0	0	0	0	0	0	0	0	0	0	1.21707e-6	0	0	0	0	5.20703e-7	0	0	0	0	0	0	0	0	0	0	0	0	0	0
PWY-5654: 2-amino-3-carboxymuconate semialdehyde degradation to 2-hydroxypentadienoate	0	0	0	0	0	0	0	0	0	0	0	1.1811e-6	0	2.97884e-5	3.03403e-5	0	0	0	0	0	0	1.42474e-6	0	8.30019e-8	0	0	2.94459e-5	0	0	0	0
PWY-6210: 2-aminophenol degradation	0	0	0	0	0	0	0	0	0	0	0	1.1811e-6	0	2.97884e-5	3.03403e-5	0	0	0	0	0	0	1.42474e-6	4.01019e-8	8.30019e-8	0	0	2.94459e-5	2.497e-7	0	1.69856e-7	0
PWY-7009: 2,2'-dihydroxybiphenyl degradation	0	0	0	0	0	0	0	0	0	0	0	1.15123e-6	0	0	0	8.1099e-7	3.00059e-7	0	0	0	0	0	0	0	0	0	0	0	0	0	0
PWY-6981: chitin biosynthesis	0	0	0	0	0	0	0	0	0	0	0	6.87984e-7	0	0	1.99897e-6	0	0	0	0	0	3.11818e-6	0	0	1.01956e-5	0	0	0	0	0	0	0
PWY66-388: ceramide degradation by &alpha;-oxidation	0	0	0	0	0	0	0	0	0	0	0	3.98034e-7	0	0	1.01163e-6	0	0	0	0	0	1.01152e-6	0	0	4.9258e-6	0	0	0	0	0	0	0
PWY-7413: dTDP-6-deoxy-&alpha;-D-allose biosynthesis	0	0	0	0	0	0	0	0	0	0	0	3.35934e-7	0	0	0	0	0	0	0	0	0	0	0	0	0	0	0	0	0	0	0
PWY-7317: superpathway of dTDP-glucose-derived O-antigen building blocks biosynthesis	0	0	0	0	0	0	0	0	0	0	0	0	8.10362e-6	0	0	0	2.37352e-6	0	0	0	0	0	0	0	0	0	0	0	0	0	1.20288e-6
PWY-6763: salicortin biosynthesis	0	0	0	0	0	0	0	0	0	0	0	0	0	1.52384e-4	0	0	0	0	0	0	0	0	0	0	0	0	0	0	0	0	0
P162-PWY: L-glutamate degradation V (via hydroxyglutarate)	0	0	0	0	0	0	0	0	0	0	0	0	0	2.78212e-5	0	0	0	0	0	0	0	0	0	0	0	0	0	0	0	0	0
PWY-7528: L-methionine salvage cycle I (bacteria and plants)	0	0	0	0	0	0	0	0	0	0	0	0	0	0	1.69378e-5	0	0	0	0	0	0	2.17729e-5	0	0	0	0	0	0	0	0	0
ALL-CHORISMATE-PWY: superpathway of chorismate metabolism	0	0	0	0	0	0	0	0	0	0	0	0	0	0	7.54353e-6	0	0	0	0	0	0	0	0	4.1257e-5	0	0	2.76821e-5	3.76502e-6	0	0	0
PWY-2201: folate transformations I	0	0	0	0	0	0	0	0	0	0	0	0	0	0	5.09807e-6	0	0	0	0	0	4.05068e-6	0	0	3.14105e-5	0	0	0	0	0	0	0
PWY-5079: L-phenylalanine degradation III	0	0	0	0	0	0	0	0	0	0	0	0	0	0	5.0782e-6	0	0	0	0	0	7.03084e-6	0	0	1.96012e-5	0	0	0	0	0	0	0
PWY-7511: protein ubiquitination	0	0	0	0	0	0	0	0	0	0	0	0	0	0	4.71004e-6	2.38032e-7	0	0	0	0	6.57861e-6	0	0	3.2823e-5	0	0	0	0	0	0	0
PWY66-398: TCA cycle III (animals)	0	0	0	0	0	0	0	0	0	0	0	0	0	0	3.8405e-6	0	0	0	0	0	3.52155e-6	0	0	3.51797e-5	0	0	0	0	0	0	0
PWY-7411: phosphatidate biosynthesis (yeast)	0	0	0	0	0	0	0	0	0	0	0	0	0	0	2.5223e-6	0	0	0	0	0	1.70421e-6	0	0	1.08437e-5	0	0	0	0	0	0	0
PWY-8055: palmitoyl ethanolamide biosynthesis	0	0	0	0	0	0	0	0	0	0	0	0	0	0	2.24394e-6	0	0	0	0	0	2.11025e-6	0	0	1.35739e-5	0	0	0	0	0	0	0
PWY-5067: glycogen biosynthesis II (from UDP-D-Glucose)	0	0	0	0	0	0	0	0	0	0	0	0	0	0	1.64467e-6	0	0	0	0	0	1.87559e-6	0	0	9.96768e-6	0	0	0	0	0	0	0
PWY3O-4108: L-tyrosine degradation III	0	0	0	0	0	0	0	0	0	0	0	0	0	0	1.53131e-6	0	0	0	0	0	1.97295e-6	0	0	7.82476e-6	0	0	0	0	0	0	0
PWY-7420: monoacylglycerol metabolism (yeast)	0	0	0	0	0	0	0	0	0	0	0	0	0	0	1.44513e-6	0	0	0	0	0	1.55964e-6	0	0	4.02206e-6	0	0	0	0	0	0	0
PWY-5647: 2-nitrobenzoate degradation I	0	0	0	0	0	0	0	0	0	0	0	0	0	0	1.22957e-6	0	0	0	0	0	0	0	0	1.02768e-7	0	0	0	0	0	0	0
PWY-6842: glutathione-mediated detoxification II	0	0	0	0	0	0	0	0	0	0	0	0	0	0	1.16182e-6	0	0	0	0	0	1.63896e-6	0	0	7.31786e-6	0	0	0	0	0	0	0
TRIGLSYN-PWY: diacylglycerol and triacylglycerol biosynthesis	0	0	0	0	0	0	0	0	0	0	0	0	0	0	1.11701e-6	0	0	0	0	0	0	0	0	7.22267e-6	0	0	0	0	0	0	0
PWY-5870: ubiquinol-8 biosynthesis (late decarboxylation)	0	0	0	0	0	0	0	0	0	0	0	0	0	0	1.10884e-6	3.40832e-6	0	0	0	0	2.68175e-6	0	0	8.06603e-6	0	0	4.62409e-6	7.11614e-7	0	0	0
PWY-6596: adenosine nucleotides degradation I	0	0	0	0	0	0	0	0	0	0	0	0	0	0	1.10603e-6	0	0	0	0	0	1.21821e-6	0	0	5.0771e-6	0	0	0	0	0	0	0
PWY-6837: fatty acid &beta;-oxidation V (unsaturated, odd number, di-isomerase-dependent)	0	0	0	0	0	0	0	0	0	0	0	0	0	0	1.05959e-6	2.94934e-6	0	0	0	0	1.05505e-6	0	0	6.49244e-6	0	0	0	8.71406e-7	0	0	0
PWY-3502: superpathway of NAD biosynthesis in eukaryotes	0	0	0	0	0	0	0	0	0	0	0	0	0	0	9.2873e-7	0	0	0	0	0	1.22013e-6	0	0	5.97981e-6	0	0	0	0	0	0	0
PWY-5129: sphingolipid biosynthesis (plants)	0	0	0	0	0	0	0	0	0	0	0	0	0	0	8.67038e-7	0	0	0	0	0	1.75567e-6	0	0	6.4983e-6	0	0	0	0	0	0	0
PWY-5655: L-tryptophan degradation IX	0	0	0	0	0	0	0	0	0	0	0	0	0	0	8.12443e-7	0	0	0	0	0	0	0	0	2.37844e-7	0	0	0	0	0	0	0
PWY3DJ-12: ceramide de novo biosynthesis	0	0	0	0	0	0	0	0	0	0	0	0	0	0	8.02747e-7	0	0	0	0	0	1.10234e-6	0	0	5.35429e-6	0	0	0	0	0	0	0
PWY-7337: 10-cis-heptadecenoyl-CoA degradation (yeast)	0	0	0	0	0	0	0	0	0	0	0	0	0	0	7.02497e-7	0	0	0	0	0	1.26057e-6	0	0	4.77374e-6	0	0	0	1.29161e-6	0	0	0
PWY-7338: 10-trans-heptadecenoyl-CoA degradation (reductase-dependent, yeast)	0	0	0	0	0	0	0	0	0	0	0	0	0	0	7.02497e-7	0	0	0	0	0	1.26057e-6	0	0	4.77374e-6	0	0	0	1.29161e-6	0	0	0
NADSYN-PWY: NAD de novo biosynthesis II (from tryptophan)	0	0	0	0	0	0	0	0	0	0	0	0	0	0	6.87708e-7	0	0	0	0	0	8.80339e-7	0	0	4.41323e-6	0	0	0	0	0	0	0
PWY-5873: ubiquinol-7 biosynthesis (late decarboxylation)	0	0	0	0	0	0	0	0	0	0	0	0	0	0	6.43998e-7	2.67669e-6	0	0	0	0	1.58436e-6	0	0	6.0225e-6	0	0	0	0	0	0	0
PWY-6309: L-tryptophan degradation XI (mammalian, via kynurenine)	0	0	0	0	0	0	0	0	0	0	0	0	0	0	6.38209e-7	0	0	0	0	0	1.06357e-6	0	0	4.29349e-6	0	0	0	0	0	0	0
PWY-7546: diphthamide biosynthesis II (eukaryotes)	0	0	0	0	0	0	0	0	0	0	0	0	0	0	6.2682e-7	0	0	0	0	0	9.18507e-7	0	0	3.65646e-6	0	0	0	0	0	0	0
SPHINGOLIPID-SYN-PWY: sphingolipid biosynthesis (yeast)	0	0	0	0	0	0	0	0	0	0	0	0	0	0	5.95859e-7	0	0	0	0	0	8.26103e-7	0	0	3.03723e-6	0	0	0	0	0	0	0
PWY-7283: wybutosine biosynthesis	0	0	0	0	0	0	0	0	0	0	0	0	0	0	5.5323e-7	0	0	0	0	0	8.81189e-7	0	0	3.63874e-6	0	0	0	0	0	0	0
PWY-7230: ubiquinol-6 biosynthesis from 4-aminobenzoate (yeast)	0	0	0	0	0	0	0	0	0	0	0	0	0	0	5.51308e-7	0	0	0	0	0	9.94589e-7	0	0	4.28118e-6	0	0	0	0	0	0	0
PWY-7156: superpathway of ergosterol biosynthesis II	0	0	0	0	0	0	0	0	0	0	0	0	0	0	5.43126e-7	0	0	0	0	0	0	0	0	5.22404e-6	0	0	0	0	0	0	0
PWY3O-19: ubiquinol-6 biosynthesis (late decarboxylation)	0	0	0	0	0	0	0	0	0	0	0	0	0	0	5.24455e-7	0	0	0	0	0	1.01624e-6	0	0	4.59002e-6	0	0	0	0	0	0	0
PWY-7235: superpathway of ubiquinol-6 biosynthesis (late decarboxylation)	0	0	0	0	0	0	0	0	0	0	0	0	0	0	5.14623e-7	0	0	0	0	0	0	0	0	3.93261e-6	0	0	0	0	0	0	0
PWY-7800: Ac/N-end rule pathway	0	0	0	0	0	0	0	0	0	0	0	0	0	0	5.02527e-7	0	0	0	0	0	1.15256e-6	0	0	3.96442e-6	0	0	0	0	0	0	0
PWY-7919: protein N-glycosylation processing phase (plants and animals)	0	0	0	0	0	0	0	0	0	0	0	0	0	0	4.75404e-7	0	0	0	0	0	8.11006e-7	0	0	3.20203e-6	0	0	0	0	0	0	0
ERGOSTEROL-SYN-PWY: superpathway of ergosterol biosynthesis I	0	0	0	0	0	0	0	0	0	0	0	0	0	0	4.59938e-7	0	0	0	0	0	0	0	0	4.71956e-6	0	0	0	0	0	0	0
PWY-5651: L-tryptophan degradation to 2-amino-3-carboxymuconate semialdehyde	0	0	0	0	0	0	0	0	0	0	0	0	0	0	4.31957e-7	0	0	0	0	0	5.53051e-7	0	0	2.80768e-6	0	0	0	0	0	0	0
MANNOSYL-CHITO-DOLICHOL-BIOSYNTHESIS: protein N-glycosylation initial phase (eukaryotic)	0	0	0	0	0	0	0	0	0	0	0	0	0	0	4.31188e-7	0	0	0	0	0	0	0	0	3.52469e-6	0	0	0	0	0	0	0
PWY-7724: icosapentaenoate biosynthesis III (8-desaturase, mammals)	0	0	0	0	0	0	0	0	0	0	0	0	0	0	4.26264e-7	0	0	0	0	0	0	0	0	1.98359e-6	0	0	0	0	0	0	0
PWY-7822: chitin degradation III (Serratia)	0	0	0	0	0	0	0	0	0	0	0	0	0	0	4.1878e-7	0	0	0	0	0	0	0	0	0	0	0	0	0	0	0	0
PWY-7717: 3-hydroxy-4-methyl-anthranilate biosynthesis I	0	0	0	0	0	0	0	0	0	0	0	0	0	0	4.174e-7	0	0	0	0	0	5.07446e-7	0	0	1.67597e-6	0	0	0	0	0	0	0
PWY-5080: very long chain fatty acid biosynthesis I	0	0	0	0	0	0	0	0	0	0	0	0	0	0	4.09317e-7	1.97436e-6	0	0	0	0	7.89893e-7	0	0	3.12362e-6	0	0	0	0	0	0	0
PWY-7606: docosahexaenoate biosynthesis III (6-desaturase, mammals)	0	0	0	0	0	0	0	0	0	0	0	0	0	0	4.03177e-7	0	0	0	0	0	0	0	0	1.97059e-6	0	0	0	0	0	0	0
PWY-7726: (4Z,7Z,10Z,13Z,16Z)-docosapentaenoate biosynthesis (6-desaturase)	0	0	0	0	0	0	0	0	0	0	0	0	0	0	4.03177e-7	0	0	0	0	0	0	0	0	1.97059e-6	0	0	0	0	0	0	0
PWY-7035: (9Z)-tricosene biosynthesis	0	0	0	0	0	0	0	0	0	0	0	0	0	0	4.01254e-7	0	0	0	0	0	0	0	0	2.04771e-6	0	0	0	0	0	0	0
PWY-7036: very long chain fatty acid biosynthesis II	0	0	0	0	0	0	0	0	0	0	0	0	0	0	4.01254e-7	0	0	0	0	0	0	0	0	2.04771e-6	0	0	0	0	0	0	0
PWY-8041: ultra-long-chain fatty acid biosynthesis	0	0	0	0	0	0	0	0	0	0	0	0	0	0	4.01254e-7	0	0	0	0	0	0	0	0	2.04771e-6	0	0	0	0	0	0	0
PWY-6829: tRNA methylation (yeast)	0	0	0	0	0	0	0	0	0	0	0	0	0	0	3.70515e-7	0	0	0	0	0	5.28017e-7	0	0	2.92732e-6	0	0	0	0	0	0	0
PWY-6075: ergosterol biosynthesis I	0	0	0	0	0	0	0	0	0	0	0	0	0	0	3.70147e-7	0	0	0	0	0	5.55361e-7	0	0	2.67601e-6	0	0	0	0	0	0	0
PWY-6351: D-myo-inositol (1,4,5)-trisphosphate biosynthesis	0	0	0	0	0	0	0	0	0	0	0	0	0	0	3.67985e-7	0	0	0	0	0	6.3575e-7	0	0	3.92281e-6	0	0	0	0	0	0	0
PWY-6352: 3-phosphoinositide biosynthesis	0	0	0	0	0	0	0	0	0	0	0	0	0	0	3.55546e-7	0	0	0	0	0	5.15561e-7	0	0	3.62343e-6	0	0	0	0	0	0	0
PWY-6598: sciadonate biosynthesis	0	0	0	0	0	0	0	0	0	0	0	0	0	0	3.55301e-7	0	0	0	0	0	0	0	0	1.65519e-6	0	0	0	0	0	0	0
PWY-7619: juniperonate biosynthesis	0	0	0	0	0	0	0	0	0	0	0	0	0	0	3.55301e-7	0	0	0	0	0	0	0	0	1.65519e-6	0	0	0	0	0	0	0
PWY-7725: arachidonate biosynthesis V (8-detaturase, mammals)	0	0	0	0	0	0	0	0	0	0	0	0	0	0	3.55301e-7	0	0	0	0	0	0	0	0	1.65519e-6	0	0	0	0	0	0	0
P101-PWY: ectoine biosynthesis	0	0	0	0	0	0	0	0	0	0	0	0	0	0	3.27649e-7	0	0	0	0	0	0	2.15392e-7	0	0	0	0	0	0	0	0	0
PWY-7053: docosahexaenoate biosynthesis I (lower eukaryotes)	0	0	0	0	0	0	0	0	0	0	0	0	0	0	3.17473e-7	0	0	0	0	0	0	0	0	1.57085e-6	0	0	0	0	0	0	0
PWY-7200: superpathway of pyrimidine deoxyribonucleoside salvage	0	0	0	0	0	0	0	0	0	0	0	0	0	0	0	4.60406e-5	1.0998e-5	6.79474e-6	0	0	0	4.68817e-6	0	1.04351e-5	0	0	0	6.01664e-6	0	3.95934e-6	6.84462e-6
PWY-6113: superpathway of mycolate biosynthesis	0	0	0	0	0	0	0	0	0	0	0	0	0	0	0	5.90143e-6	0	0	0	0	0	0	0	1.54457e-5	0	0	0	3.68486e-5	0	0	0
PWY-7399: methylphosphonate degradation II	0	0	0	0	0	0	0	0	0	0	0	0	0	0	0	0	2.43938e-6	0	0	0	0	0	0	0	0	0	0	1.27928e-6	0	0	0
PWY-5724: superpathway of atrazine degradation	0	0	0	0	0	0	0	0	0	0	0	0	0	0	0	0	4.87651e-7	0	0	0	0	0	0	0	0	0	0	0	0	0	0
PWY-8173: anteiso-branched-chain fatty acid biosynthesis	0	0	0	0	0	0	0	0	0	0	0	0	0	0	0	0	0	0	0	0	8.14328e-6	0	0	0	0	0	0	0	0	0	0
PWY-8174: odd iso-branched-chain fatty acid biosynthesis	0	0	0	0	0	0	0	0	0	0	0	0	0	0	0	0	0	0	0	0	8.14328e-6	0	0	0	0	0	0	0	0	0	0
PWY-8175: even iso-branched-chain fatty acid biosynthesis	0	0	0	0	0	0	0	0	0	0	0	0	0	0	0	0	0	0	0	0	8.14328e-6	0	0	0	0	0	0	0	0	0	0
PWY-1501: mandelate degradation I	0	0	0	0	0	0	0	0	0	0	0	0	0	0	0	0	0	0	0	0	6.80352e-6	3.9164e-7	0	2.95311e-6	0	0	0	0	0	0	0
VALDEG-PWY: L-valine degradation I	0	0	0	0	0	0	0	0	0	0	0	0	0	0	0	0	0	0	0	0	1.90247e-6	0	0	0	0	0	0	0	0	0	0
4-HYDROXYMANDELATE-DEGRADATION-PWY: 4-hydroxymandelate degradation	0	0	0	0	0	0	0	0	0	0	0	0	0	0	0	0	0	0	0	0	1.28781e-6	0	0	7.2865e-6	0	0	0	0	0	0	0
PWY-5306: superpathway of thiosulfate metabolism (Desulfovibrio sulfodismutans)	0	0	0	0	0	0	0	0	0	0	0	0	0	0	0	0	0	0	0	0	9.2684e-7	0	0	0	0	0	0	0	0	0	0
PHOSLIPSYN2-PWY: superpathway of phospholipid biosynthesis II (plants)	0	0	0	0	0	0	0	0	0	0	0	0	0	0	0	0	0	0	0	0	0	0	0	1.49842e-6	0	0	0	0	0	0	0
PWY4FS-5: superpathway of phosphatidylcholine biosynthesis	0	0	0	0	0	0	0	0	0	0	0	0	0	0	0	0	0	0	0	0	0	0	0	6.65609e-7	0	0	0	0	0	0	0
PWY-4762: superpathway of choline biosynthesis	0	0	0	0	0	0	0	0	0	0	0	0	0	0	0	0	0	0	0	0	0	0	0	5.37282e-7	0	0	0	0	0	0	0
PWY-6467: Kdo transfer to lipid IVA III (Chlamydia)	0	0	0	0	0	0	0	0	0	0	0	0	0	0	0	0	0	0	0	0	0	0	0	2.22954e-7	0	0	0	0	0	0	0
PWY-6748: nitrate reduction VII (denitrification)	0	0	0	0	0	0	0	0	0	0	0	0	0	0	0	0	0	0	0	0	0	0	0	0	0	0	2.24765e-6	0	0	0	0
PWY-181: photorespiration	0	0	0	0	0	0	0	0	0	0	0	0	0	0	0	0	0	0	0	0	0	0	0	0	0	0	0	3.63875e-6	0	0	0
PWY-1622: formaldehyde assimilation I (serine pathway)	0	0	0	0	0	0	0	0	0	0	0	0	0	0	0	0	0	0	0	0	0	0	0	0	0	0	0	2.05482e-6	0	0	0
PWY-4702: phytate degradation I	0	0	0	0	0	0	0	0	0	0	0	0	0	0	0	0	0	0	0	0	0	0	0	0	0	0	0	7.23878e-7	0	0	0
PWY-8011: L-serine biosynthesis II	0	0	0	0	0	0	0	0	0	0	0	0	0	0	0	0	0	0	0	0	0	0	0	0	0	0	0	6.16632e-7	0	0	0
PWY-7784: reductive acetyl coenzyme A pathway II (autotrophic methanogens)	0	0	0	0	0	0	0	0	0	0	0	0	0	0	0	0	0	0	0	0	0	0	0	0	0	0	0	0	2.30331e-6	0	0
PWY-5101: L-isoleucine biosynthesis II	0	0	0	0	0	0	0	0	0	0	0	0	0	0	0	0	0	0	0	0	0	0	0	0	0	0	0	0	1.64112e-6	0	0
PWY-5055: nicotinate degradation III	0	0	0	0	0	0	0	0	0	0	0	0	0	0	0	0	0	0	0	0	0	0	0	0	0	0	0	0	0	3.32909e-7	0
PWY-5532: nucleoside and nucleotide degradation (archaea)	0	0	0	0	0	0	0	0	0	0	0	0	0	0	0	0	0	0	0	0	0	0	0	0	0	0	0	0	0	0	7.32734e-7
