# Pathway	CRSAFR-001-Cosmic_46_Abundance
UNMAPPED	5137420.7677718140
UNINTEGRATED	54802579.9934017658
UNINTEGRATED|g__Klebsiella.s__Klebsiella_pneumoniae	25645038.7394589745
UNINTEGRATED|g__Escherichia.s__Escherichia_coli	7785364.2230041130
UNINTEGRATED|g__Klebsiella.s__Klebsiella_oxytoca	5646351.1567246318
UNINTEGRATED|g__Bilophila.s__Bilophila_wadsworthia	981179.5932681385
UNINTEGRATED|g__Citrobacter.s__Citrobacter_koseri	968112.0780888605
UNINTEGRATED|g__Klebsiella.s__Klebsiella_michiganensis	933152.2428642689
UNINTEGRATED|g__Streptococcus.s__Streptococcus_thermophilus	673533.9251039730
UNINTEGRATED|unclassified	649010.4838464106
UNINTEGRATED|g__Citrobacter.s__Citrobacter_freundii	616178.0050784640
UNINTEGRATED|g__Klebsiella.s__Klebsiella_aerogenes	583513.4391507180
UNINTEGRATED|g__Veillonella.s__Veillonella_atypica	407660.8878723297
UNINTEGRATED|g__Citrobacter.s__Citrobacter_braakii	403487.4569649826
UNINTEGRATED|g__Selenomonas.s__Selenomonas_artemidis	362719.5354927115
UNINTEGRATED|g__Sutterella.s__Sutterella_sp_CAG_351	246131.8379734038
UNINTEGRATED|g__Lactobacillus.s__Lactobacillus_plantarum	208885.8389303715
UNINTEGRATED|g__Citrobacter.s__Citrobacter_amalonaticus	168768.7333493612
UNINTEGRATED|g__Lactobacillus.s__Lactobacillus_rhamnosus	155031.1661608178
UNINTEGRATED|g__Lactobacillus.s__Lactobacillus_murinus	139653.6505990503
UNINTEGRATED|g__Megasphaera.s__Megasphaera_micronuciformis	103447.2222618770
UNINTEGRATED|g__Morganella.s__Morganella_morganii	75956.8434250399
UNINTEGRATED|g__Lactobacillus.s__Lactobacillus_pentosus	75941.5923035246
UNINTEGRATED|g__Dialister.s__Dialister_invisus	46870.9251710648
UNINTEGRATED|g__Lactococcus.s__Lactococcus_lactis	38382.1561993953
UNINTEGRATED|g__Escherichia.s__Escherichia_fergusonii	37439.7756346346
UNINTEGRATED|g__Fusobacterium.s__Fusobacterium_nucleatum	19125.4531771667
UNINTEGRATED|g__Veillonella.s__Veillonella_dispar	14276.7913195585
UNINTEGRATED|g__Proteus.s__Proteus_mirabilis	12928.1431011720
UNINTEGRATED|g__Veillonella.s__Veillonella_parvula	9278.8137506605
UNINTEGRATED|g__Prevotella.s__Prevotella_melaninogenica	8302.3911234643
UNINTEGRATED|g__Leptotrichia.s__Leptotrichia_wadei	8176.7930999447
UNINTEGRATED|g__Veillonella.s__Veillonella_infantium	7815.4706145158
UNINTEGRATED|g__Prevotella.s__Prevotella_jejuni	3817.6108350577
PWY0-1586: peptidoglycan maturation (meso-diaminopimelate containing)	72426.6382539198
PWY0-1586: peptidoglycan maturation (meso-diaminopimelate containing)|g__Klebsiella.s__Klebsiella_pneumoniae	39775.7435392848
PWY0-1586: peptidoglycan maturation (meso-diaminopimelate containing)|g__Escherichia.s__Escherichia_coli	11989.7345923082
PWY0-1586: peptidoglycan maturation (meso-diaminopimelate containing)|g__Klebsiella.s__Klebsiella_oxytoca	8357.8025983660
PWY0-1586: peptidoglycan maturation (meso-diaminopimelate containing)|g__Citrobacter.s__Citrobacter_freundii	1960.9029750987
PWY0-1586: peptidoglycan maturation (meso-diaminopimelate containing)|g__Streptococcus.s__Streptococcus_thermophilus	1080.2804719267
PWY0-1586: peptidoglycan maturation (meso-diaminopimelate containing)|g__Citrobacter.s__Citrobacter_braakii	923.9948551830
PWY0-1586: peptidoglycan maturation (meso-diaminopimelate containing)|g__Klebsiella.s__Klebsiella_michiganensis	913.3733057245
PWY0-1586: peptidoglycan maturation (meso-diaminopimelate containing)|g__Citrobacter.s__Citrobacter_koseri	867.1344970429
PWY0-1586: peptidoglycan maturation (meso-diaminopimelate containing)|g__Citrobacter.s__Citrobacter_amalonaticus	796.4374423248
PWY0-1586: peptidoglycan maturation (meso-diaminopimelate containing)|g__Veillonella.s__Veillonella_atypica	749.9703517798
PWY0-1586: peptidoglycan maturation (meso-diaminopimelate containing)|unclassified	455.5810402323
PWY0-1586: peptidoglycan maturation (meso-diaminopimelate containing)|g__Sutterella.s__Sutterella_sp_CAG_351	403.7389851381
PWY0-1586: peptidoglycan maturation (meso-diaminopimelate containing)|g__Lactobacillus.s__Lactobacillus_rhamnosus	157.7018299915
PWY0-1586: peptidoglycan maturation (meso-diaminopimelate containing)|g__Megasphaera.s__Megasphaera_micronuciformis	153.3612423623
PWY0-1586: peptidoglycan maturation (meso-diaminopimelate containing)|g__Lactobacillus.s__Lactobacillus_plantarum	149.3018577209
PWY0-1586: peptidoglycan maturation (meso-diaminopimelate containing)|g__Morganella.s__Morganella_morganii	94.5533430448
PWY0-1586: peptidoglycan maturation (meso-diaminopimelate containing)|g__Lactobacillus.s__Lactobacillus_pentosus	70.1200320150
PWY0-1586: peptidoglycan maturation (meso-diaminopimelate containing)|g__Klebsiella.s__Klebsiella_aerogenes	26.8447912275
PWY0-1586: peptidoglycan maturation (meso-diaminopimelate containing)|g__Lactococcus.s__Lactococcus_lactis	26.6227718615
PWY0-1586: peptidoglycan maturation (meso-diaminopimelate containing)|g__Proteus.s__Proteus_mirabilis	10.9904645922
PWY0-1586: peptidoglycan maturation (meso-diaminopimelate containing)|g__Escherichia.s__Escherichia_fergusonii	6.8465463259
NONOXIPENT-PWY: pentose phosphate pathway (non-oxidative branch) I	65061.5867728323
NONOXIPENT-PWY: pentose phosphate pathway (non-oxidative branch) I|g__Klebsiella.s__Klebsiella_pneumoniae	42128.3189745000
NONOXIPENT-PWY: pentose phosphate pathway (non-oxidative branch) I|g__Klebsiella.s__Klebsiella_oxytoca	7640.6363088206
NONOXIPENT-PWY: pentose phosphate pathway (non-oxidative branch) I|g__Escherichia.s__Escherichia_coli	6843.4674482582
NONOXIPENT-PWY: pentose phosphate pathway (non-oxidative branch) I|g__Klebsiella.s__Klebsiella_michiganensis	1877.1719681091
NONOXIPENT-PWY: pentose phosphate pathway (non-oxidative branch) I|g__Streptococcus.s__Streptococcus_thermophilus	678.6284027182
NONOXIPENT-PWY: pentose phosphate pathway (non-oxidative branch) I|g__Klebsiella.s__Klebsiella_aerogenes	639.1178324243
NONOXIPENT-PWY: pentose phosphate pathway (non-oxidative branch) I|g__Citrobacter.s__Citrobacter_braakii	570.3067786308
NONOXIPENT-PWY: pentose phosphate pathway (non-oxidative branch) I|g__Citrobacter.s__Citrobacter_koseri	497.1139723723
NONOXIPENT-PWY: pentose phosphate pathway (non-oxidative branch) I|g__Citrobacter.s__Citrobacter_freundii	446.5525276222
NONOXIPENT-PWY: pentose phosphate pathway (non-oxidative branch) I|unclassified	393.5821420672
NONOXIPENT-PWY: pentose phosphate pathway (non-oxidative branch) I|g__Lactobacillus.s__Lactobacillus_plantarum	228.1520652012
NONOXIPENT-PWY: pentose phosphate pathway (non-oxidative branch) I|g__Lactobacillus.s__Lactobacillus_pentosus	84.6679142433
NONOXIPENT-PWY: pentose phosphate pathway (non-oxidative branch) I|g__Morganella.s__Morganella_morganii	9.8588872355
NONOXIPENT-PWY: pentose phosphate pathway (non-oxidative branch) I|g__Proteus.s__Proteus_mirabilis	1.9061431838
PWY0-1477: ethanolamine utilization	52899.5617016865
PWY0-1477: ethanolamine utilization|g__Klebsiella.s__Klebsiella_pneumoniae	30413.1496670521
PWY0-1477: ethanolamine utilization|g__Klebsiella.s__Klebsiella_oxytoca	8009.3341412033
PWY0-1477: ethanolamine utilization|g__Escherichia.s__Escherichia_coli	7480.9911474209
PWY0-1477: ethanolamine utilization|g__Klebsiella.s__Klebsiella_aerogenes	2200.3266712588
PWY0-1477: ethanolamine utilization|g__Klebsiella.s__Klebsiella_michiganensis	1685.0398190390
PWY0-1477: ethanolamine utilization|g__Bilophila.s__Bilophila_wadsworthia	972.2077010218
PWY0-1477: ethanolamine utilization|g__Citrobacter.s__Citrobacter_braakii	674.9938335444
PWY0-1477: ethanolamine utilization|g__Citrobacter.s__Citrobacter_freundii	508.2033891159
PWY0-1477: ethanolamine utilization|unclassified	397.0411415804
PWY0-1477: ethanolamine utilization|g__Citrobacter.s__Citrobacter_koseri	368.1661524442
PWY0-1477: ethanolamine utilization|g__Lactobacillus.s__Lactobacillus_pentosus	82.7910864063
PWY0-1477: ethanolamine utilization|g__Morganella.s__Morganella_morganii	54.0959840728
PWY0-1477: ethanolamine utilization|g__Citrobacter.s__Citrobacter_amalonaticus	44.4899209327
PWY0-1477: ethanolamine utilization|g__Fusobacterium.s__Fusobacterium_nucleatum	27.0373557769
PWY0-1477: ethanolamine utilization|g__Escherichia.s__Escherichia_fergusonii	16.6066727342
PWY-8178: pentose phosphate pathway (non-oxidative branch) II	48813.5594843399
PWY-8178: pentose phosphate pathway (non-oxidative branch) II|g__Klebsiella.s__Klebsiella_pneumoniae	26477.8759155337
PWY-8178: pentose phosphate pathway (non-oxidative branch) II|g__Klebsiella.s__Klebsiella_oxytoca	6433.8048000494
PWY-8178: pentose phosphate pathway (non-oxidative branch) II|g__Escherichia.s__Escherichia_coli	6180.9480892797
PWY-8178: pentose phosphate pathway (non-oxidative branch) II|g__Klebsiella.s__Klebsiella_michiganensis	1232.3120614901
PWY-8178: pentose phosphate pathway (non-oxidative branch) II|g__Streptococcus.s__Streptococcus_thermophilus	686.1155706585
PWY-8178: pentose phosphate pathway (non-oxidative branch) II|g__Citrobacter.s__Citrobacter_braakii	620.6365885414
PWY-8178: pentose phosphate pathway (non-oxidative branch) II|g__Citrobacter.s__Citrobacter_freundii	490.0663976346
PWY-8178: pentose phosphate pathway (non-oxidative branch) II|g__Citrobacter.s__Citrobacter_koseri	381.9303590528
PWY-8178: pentose phosphate pathway (non-oxidative branch) II|unclassified	139.9492019048
PWY-8178: pentose phosphate pathway (non-oxidative branch) II|g__Lactobacillus.s__Lactobacillus_pentosus	91.9506522675
PWY-8178: pentose phosphate pathway (non-oxidative branch) II|g__Lactobacillus.s__Lactobacillus_plantarum	25.9231442500
PWY-8178: pentose phosphate pathway (non-oxidative branch) II|g__Morganella.s__Morganella_morganii	7.6588131233
PWY-7013: (S)-propane-1,2-diol degradation	48315.4613639891
PWY-7013: (S)-propane-1,2-diol degradation|g__Klebsiella.s__Klebsiella_pneumoniae	24214.6148273675
PWY-7013: (S)-propane-1,2-diol degradation|g__Klebsiella.s__Klebsiella_oxytoca	7539.6837916493
PWY-7013: (S)-propane-1,2-diol degradation|g__Klebsiella.s__Klebsiella_aerogenes	2475.9817468942
PWY-7013: (S)-propane-1,2-diol degradation|g__Escherichia.s__Escherichia_coli	2022.2903824724
PWY-7013: (S)-propane-1,2-diol degradation|g__Klebsiella.s__Klebsiella_michiganensis	1647.1304260065
PWY-7013: (S)-propane-1,2-diol degradation|g__Citrobacter.s__Citrobacter_amalonaticus	893.3869364135
PWY-7013: (S)-propane-1,2-diol degradation|g__Citrobacter.s__Citrobacter_braakii	804.2987978749
PWY-7013: (S)-propane-1,2-diol degradation|unclassified	399.1010676340
PWY-7013: (S)-propane-1,2-diol degradation|g__Citrobacter.s__Citrobacter_freundii	260.8834266063
PWY-7013: (S)-propane-1,2-diol degradation|g__Citrobacter.s__Citrobacter_koseri	252.0827358536
PWY-7013: (S)-propane-1,2-diol degradation|g__Fusobacterium.s__Fusobacterium_nucleatum	31.9626173345
PWY-1042: glycolysis IV	46849.2519371410
PWY-1042: glycolysis IV|g__Klebsiella.s__Klebsiella_pneumoniae	28290.5714755399
PWY-1042: glycolysis IV|g__Klebsiella.s__Klebsiella_oxytoca	6193.5201134832
PWY-1042: glycolysis IV|g__Escherichia.s__Escherichia_coli	5613.8714503304
PWY-1042: glycolysis IV|g__Citrobacter.s__Citrobacter_freundii	989.5514552144
PWY-1042: glycolysis IV|g__Streptococcus.s__Streptococcus_thermophilus	840.9416332458
PWY-1042: glycolysis IV|g__Klebsiella.s__Klebsiella_michiganensis	731.0922968873
PWY-1042: glycolysis IV|g__Veillonella.s__Veillonella_atypica	620.4598022534
PWY-1042: glycolysis IV|g__Citrobacter.s__Citrobacter_braakii	451.5151711169
PWY-1042: glycolysis IV|g__Citrobacter.s__Citrobacter_koseri	445.2463367953
PWY-1042: glycolysis IV|g__Selenomonas.s__Selenomonas_artemidis	424.4165082906
PWY-1042: glycolysis IV|g__Klebsiella.s__Klebsiella_aerogenes	258.7651170112
PWY-1042: glycolysis IV|g__Lactobacillus.s__Lactobacillus_rhamnosus	153.9107766653
PWY-1042: glycolysis IV|unclassified	140.8202834933
PWY-1042: glycolysis IV|g__Lactobacillus.s__Lactobacillus_plantarum	115.8987685173
PWY-1042: glycolysis IV|g__Morganella.s__Morganella_morganii	112.9961807978
PWY-1042: glycolysis IV|g__Lactococcus.s__Lactococcus_lactis	23.2054654899
CALVIN-PWY: Calvin-Benson-Bassham cycle	39867.4604423784
CALVIN-PWY: Calvin-Benson-Bassham cycle|g__Klebsiella.s__Klebsiella_pneumoniae	22904.3305820720
CALVIN-PWY: Calvin-Benson-Bassham cycle|g__Klebsiella.s__Klebsiella_oxytoca	5689.4447846846
CALVIN-PWY: Calvin-Benson-Bassham cycle|g__Escherichia.s__Escherichia_coli	2359.5716983966
CALVIN-PWY: Calvin-Benson-Bassham cycle|g__Klebsiella.s__Klebsiella_michiganensis	1070.0967265652
CALVIN-PWY: Calvin-Benson-Bassham cycle|g__Citrobacter.s__Citrobacter_braakii	690.9482559065
CALVIN-PWY: Calvin-Benson-Bassham cycle|g__Citrobacter.s__Citrobacter_koseri	334.2025410308
CALVIN-PWY: Calvin-Benson-Bassham cycle|g__Citrobacter.s__Citrobacter_freundii	333.5086705885
CALVIN-PWY: Calvin-Benson-Bassham cycle|unclassified	233.7254830844
CALVIN-PWY: Calvin-Benson-Bassham cycle|g__Lactococcus.s__Lactococcus_lactis	34.7035971780
CALVIN-PWY: Calvin-Benson-Bassham cycle|g__Morganella.s__Morganella_morganii	20.9376686428
CALVIN-PWY: Calvin-Benson-Bassham cycle|g__Escherichia.s__Escherichia_fergusonii	3.1993571495
PWY-7663: gondoate biosynthesis (anaerobic)	39474.7879054124
PWY-7663: gondoate biosynthesis (anaerobic)|g__Klebsiella.s__Klebsiella_pneumoniae	18297.8642439749
PWY-7663: gondoate biosynthesis (anaerobic)|g__Klebsiella.s__Klebsiella_oxytoca	6988.0976067885
PWY-7663: gondoate biosynthesis (anaerobic)|g__Escherichia.s__Escherichia_coli	5744.0676103659
PWY-7663: gondoate biosynthesis (anaerobic)|g__Veillonella.s__Veillonella_atypica	837.1001395182
PWY-7663: gondoate biosynthesis (anaerobic)|g__Citrobacter.s__Citrobacter_koseri	636.3876908180
PWY-7663: gondoate biosynthesis (anaerobic)|g__Klebsiella.s__Klebsiella_aerogenes	571.4919358885
PWY-7663: gondoate biosynthesis (anaerobic)|g__Citrobacter.s__Citrobacter_freundii	554.5582473247
PWY-7663: gondoate biosynthesis (anaerobic)|g__Klebsiella.s__Klebsiella_michiganensis	506.6804139123
PWY-7663: gondoate biosynthesis (anaerobic)|g__Citrobacter.s__Citrobacter_braakii	505.1672840460
PWY-7663: gondoate biosynthesis (anaerobic)|g__Lactobacillus.s__Lactobacillus_plantarum	137.9995460371
PWY-7663: gondoate biosynthesis (anaerobic)|g__Lactobacillus.s__Lactobacillus_pentosus	59.5103803959
PWY-7663: gondoate biosynthesis (anaerobic)|g__Lactococcus.s__Lactococcus_lactis	39.8112506901
PWY-7663: gondoate biosynthesis (anaerobic)|g__Morganella.s__Morganella_morganii	19.7658551012
PWY-7663: gondoate biosynthesis (anaerobic)|unclassified	17.8106639608
PWY-7663: gondoate biosynthesis (anaerobic)|g__Prevotella.s__Prevotella_melaninogenica	13.2345460186
PWY-7663: gondoate biosynthesis (anaerobic)|g__Citrobacter.s__Citrobacter_amalonaticus	13.2077636185
PWY-7663: gondoate biosynthesis (anaerobic)|g__Prevotella.s__Prevotella_jejuni	9.0958494836
PWY-7663: gondoate biosynthesis (anaerobic)|g__Escherichia.s__Escherichia_fergusonii	2.7183208181
PWY-7977: L-methionine biosynthesis IV	37030.9358883608
PWY-7977: L-methionine biosynthesis IV|g__Klebsiella.s__Klebsiella_pneumoniae	21229.6207474087
PWY-7977: L-methionine biosynthesis IV|g__Klebsiella.s__Klebsiella_oxytoca	4565.5114131877
PWY-7977: L-methionine biosynthesis IV|g__Escherichia.s__Escherichia_coli	3543.0626271625
PWY-7977: L-methionine biosynthesis IV|g__Klebsiella.s__Klebsiella_michiganensis	560.7557263732
PWY-7977: L-methionine biosynthesis IV|g__Citrobacter.s__Citrobacter_freundii	377.4238700789
PWY-7977: L-methionine biosynthesis IV|g__Citrobacter.s__Citrobacter_koseri	327.0189522638
PWY-7977: L-methionine biosynthesis IV|g__Citrobacter.s__Citrobacter_braakii	220.4624447788
PWY-7977: L-methionine biosynthesis IV|unclassified	150.6499624782
PWY-7977: L-methionine biosynthesis IV|g__Leptotrichia.s__Leptotrichia_wadei	13.4892065064
PWY-7977: L-methionine biosynthesis IV|g__Morganella.s__Morganella_morganii	12.7389756653
PWY-7977: L-methionine biosynthesis IV|g__Prevotella.s__Prevotella_melaninogenica	5.4343620599
PWY-7977: L-methionine biosynthesis IV|g__Prevotella.s__Prevotella_jejuni	4.1775732573
PWY-7117: C4 photosynthetic carbon assimilation cycle, PEPCK type	36950.8953739486
PWY-7117: C4 photosynthetic carbon assimilation cycle, PEPCK type|g__Klebsiella.s__Klebsiella_pneumoniae	23536.7905758660
PWY-7117: C4 photosynthetic carbon assimilation cycle, PEPCK type|g__Escherichia.s__Escherichia_coli	4838.8805893421
PWY-7117: C4 photosynthetic carbon assimilation cycle, PEPCK type|g__Klebsiella.s__Klebsiella_oxytoca	3224.7960188337
PWY-7117: C4 photosynthetic carbon assimilation cycle, PEPCK type|g__Klebsiella.s__Klebsiella_michiganensis	622.3777695776
PWY-7117: C4 photosynthetic carbon assimilation cycle, PEPCK type|g__Citrobacter.s__Citrobacter_braakii	560.8406524473
PWY-7117: C4 photosynthetic carbon assimilation cycle, PEPCK type|g__Citrobacter.s__Citrobacter_koseri	357.9236462511
PWY-7117: C4 photosynthetic carbon assimilation cycle, PEPCK type|g__Citrobacter.s__Citrobacter_freundii	331.3820943164
PWY-7117: C4 photosynthetic carbon assimilation cycle, PEPCK type|unclassified	54.6109436564
PWY-7117: C4 photosynthetic carbon assimilation cycle, PEPCK type|g__Morganella.s__Morganella_morganii	2.4385899765
PWY-7237: myo-, chiro- and scyllo-inositol degradation	36709.2349396301
PWY-7237: myo-, chiro- and scyllo-inositol degradation|g__Klebsiella.s__Klebsiella_pneumoniae	20290.1778271958
PWY-7237: myo-, chiro- and scyllo-inositol degradation|g__Lactobacillus.s__Lactobacillus_rhamnosus	249.2060037620
PWY-7111: pyruvate fermentation to isobutanol (engineered)	34829.9545541307
PWY-7111: pyruvate fermentation to isobutanol (engineered)|g__Klebsiella.s__Klebsiella_pneumoniae	17407.3438714926
PWY-7111: pyruvate fermentation to isobutanol (engineered)|g__Escherichia.s__Escherichia_coli	5183.5780163199
PWY-7111: pyruvate fermentation to isobutanol (engineered)|g__Klebsiella.s__Klebsiella_oxytoca	3042.4562984317
PWY-7111: pyruvate fermentation to isobutanol (engineered)|g__Streptococcus.s__Streptococcus_thermophilus	992.5264373638
PWY-7111: pyruvate fermentation to isobutanol (engineered)|g__Klebsiella.s__Klebsiella_michiganensis	592.6903978255
PWY-7111: pyruvate fermentation to isobutanol (engineered)|g__Citrobacter.s__Citrobacter_freundii	494.4430935420
PWY-7111: pyruvate fermentation to isobutanol (engineered)|g__Selenomonas.s__Selenomonas_artemidis	424.6307064612
PWY-7111: pyruvate fermentation to isobutanol (engineered)|g__Citrobacter.s__Citrobacter_braakii	308.0846298469
PWY-7111: pyruvate fermentation to isobutanol (engineered)|unclassified	267.1685520620
PWY-7111: pyruvate fermentation to isobutanol (engineered)|g__Citrobacter.s__Citrobacter_koseri	254.1080796558
PWY-7111: pyruvate fermentation to isobutanol (engineered)|g__Megasphaera.s__Megasphaera_micronuciformis	160.7223982021
PWY-7111: pyruvate fermentation to isobutanol (engineered)|g__Veillonella.s__Veillonella_dispar	22.3474613502
PWY-7111: pyruvate fermentation to isobutanol (engineered)|g__Leptotrichia.s__Leptotrichia_wadei	16.1046132972
PWY-7111: pyruvate fermentation to isobutanol (engineered)|g__Escherichia.s__Escherichia_fergusonii	8.0857082306
PWY-7111: pyruvate fermentation to isobutanol (engineered)|g__Morganella.s__Morganella_morganii	4.3603604849
VALSYN-PWY: L-valine biosynthesis	32931.2563711947
VALSYN-PWY: L-valine biosynthesis|g__Klebsiella.s__Klebsiella_pneumoniae	16873.4960150201
VALSYN-PWY: L-valine biosynthesis|g__Escherichia.s__Escherichia_coli	4773.4680110821
VALSYN-PWY: L-valine biosynthesis|g__Klebsiella.s__Klebsiella_oxytoca	2618.8782104538
VALSYN-PWY: L-valine biosynthesis|g__Streptococcus.s__Streptococcus_thermophilus	938.9627591860
VALSYN-PWY: L-valine biosynthesis|g__Bilophila.s__Bilophila_wadsworthia	904.6037075771
VALSYN-PWY: L-valine biosynthesis|g__Veillonella.s__Veillonella_atypica	807.2242975446
VALSYN-PWY: L-valine biosynthesis|g__Citrobacter.s__Citrobacter_freundii	788.1083927089
VALSYN-PWY: L-valine biosynthesis|g__Klebsiella.s__Klebsiella_michiganensis	702.4789715124
VALSYN-PWY: L-valine biosynthesis|g__Citrobacter.s__Citrobacter_braakii	518.3769288063
VALSYN-PWY: L-valine biosynthesis|g__Selenomonas.s__Selenomonas_artemidis	473.5754864659
VALSYN-PWY: L-valine biosynthesis|g__Citrobacter.s__Citrobacter_koseri	307.4316250464
VALSYN-PWY: L-valine biosynthesis|g__Sutterella.s__Sutterella_sp_CAG_351	296.6545128485
VALSYN-PWY: L-valine biosynthesis|unclassified	247.4571612379
VALSYN-PWY: L-valine biosynthesis|g__Megasphaera.s__Megasphaera_micronuciformis	145.5345354219
VALSYN-PWY: L-valine biosynthesis|g__Veillonella.s__Veillonella_dispar	43.1751303656
VALSYN-PWY: L-valine biosynthesis|g__Lactococcus.s__Lactococcus_lactis	30.9107633988
VALSYN-PWY: L-valine biosynthesis|g__Veillonella.s__Veillonella_infantium	19.7801771578
VALSYN-PWY: L-valine biosynthesis|g__Veillonella.s__Veillonella_parvula	15.4560960417
VALSYN-PWY: L-valine biosynthesis|g__Leptotrichia.s__Leptotrichia_wadei	14.5976784381
VALSYN-PWY: L-valine biosynthesis|g__Escherichia.s__Escherichia_fergusonii	9.9756255683
VALSYN-PWY: L-valine biosynthesis|g__Morganella.s__Morganella_morganii	3.4965984842
FASYN-ELONG-PWY: fatty acid elongation -- saturated	32456.0124992287
FASYN-ELONG-PWY: fatty acid elongation -- saturated|g__Klebsiella.s__Klebsiella_pneumoniae	17646.9838418663
FASYN-ELONG-PWY: fatty acid elongation -- saturated|g__Klebsiella.s__Klebsiella_oxytoca	3512.6299679099
FASYN-ELONG-PWY: fatty acid elongation -- saturated|g__Escherichia.s__Escherichia_coli	2704.4882740783
FASYN-ELONG-PWY: fatty acid elongation -- saturated|g__Klebsiella.s__Klebsiella_michiganensis	464.2873263831
FASYN-ELONG-PWY: fatty acid elongation -- saturated|g__Citrobacter.s__Citrobacter_freundii	434.8482768371
FASYN-ELONG-PWY: fatty acid elongation -- saturated|g__Citrobacter.s__Citrobacter_koseri	379.1715726523
FASYN-ELONG-PWY: fatty acid elongation -- saturated|g__Citrobacter.s__Citrobacter_braakii	271.9671532171
FASYN-ELONG-PWY: fatty acid elongation -- saturated|g__Klebsiella.s__Klebsiella_aerogenes	89.8821320015
FASYN-ELONG-PWY: fatty acid elongation -- saturated|g__Morganella.s__Morganella_morganii	14.3628806645
FASYN-ELONG-PWY: fatty acid elongation -- saturated|g__Citrobacter.s__Citrobacter_amalonaticus	3.1952940446
FASYN-ELONG-PWY: fatty acid elongation -- saturated|g__Escherichia.s__Escherichia_fergusonii	2.6203791396
PENTOSE-P-PWY: pentose phosphate pathway	31359.9348080189
PENTOSE-P-PWY: pentose phosphate pathway|g__Klebsiella.s__Klebsiella_pneumoniae	20503.2185994370
PENTOSE-P-PWY: pentose phosphate pathway|g__Escherichia.s__Escherichia_coli	3975.0201318420
PENTOSE-P-PWY: pentose phosphate pathway|g__Klebsiella.s__Klebsiella_oxytoca	3594.2050791111
PENTOSE-P-PWY: pentose phosphate pathway|g__Klebsiella.s__Klebsiella_michiganensis	484.6596938191
PENTOSE-P-PWY: pentose phosphate pathway|g__Citrobacter.s__Citrobacter_braakii	401.5733625802
PENTOSE-P-PWY: pentose phosphate pathway|g__Citrobacter.s__Citrobacter_koseri	359.3422441408
PENTOSE-P-PWY: pentose phosphate pathway|unclassified	295.6021494446
PENTOSE-P-PWY: pentose phosphate pathway|g__Citrobacter.s__Citrobacter_freundii	221.5694819979
PENTOSE-P-PWY: pentose phosphate pathway|g__Lactobacillus.s__Lactobacillus_pentosus	74.7693282201
PENTOSE-P-PWY: pentose phosphate pathway|g__Lactobacillus.s__Lactobacillus_plantarum	31.4473253376
PENTOSE-P-PWY: pentose phosphate pathway|g__Morganella.s__Morganella_morganii	8.0902569625
PWY-7664: oleate biosynthesis IV (anaerobic)	30553.0020408356
PWY-7664: oleate biosynthesis IV (anaerobic)|g__Klebsiella.s__Klebsiella_pneumoniae	16505.4242980845
PWY-7664: oleate biosynthesis IV (anaerobic)|g__Klebsiella.s__Klebsiella_oxytoca	3626.1040476139
PWY-7664: oleate biosynthesis IV (anaerobic)|g__Escherichia.s__Escherichia_coli	2485.8642263917
PWY-7664: oleate biosynthesis IV (anaerobic)|g__Klebsiella.s__Klebsiella_michiganensis	447.0371697512
PWY-7664: oleate biosynthesis IV (anaerobic)|g__Citrobacter.s__Citrobacter_koseri	414.9123273787
PWY-7664: oleate biosynthesis IV (anaerobic)|g__Citrobacter.s__Citrobacter_freundii	395.7404015278
PWY-7664: oleate biosynthesis IV (anaerobic)|g__Citrobacter.s__Citrobacter_braakii	254.6505020881
PWY-7664: oleate biosynthesis IV (anaerobic)|g__Klebsiella.s__Klebsiella_aerogenes	100.2390559083
PWY-7664: oleate biosynthesis IV (anaerobic)|g__Morganella.s__Morganella_morganii	11.8921199292
PWY-7664: oleate biosynthesis IV (anaerobic)|g__Citrobacter.s__Citrobacter_amalonaticus	3.7238724486
PWY-7664: oleate biosynthesis IV (anaerobic)|g__Escherichia.s__Escherichia_fergusonii	2.7922307178
ILEUSYN-PWY: L-isoleucine biosynthesis I (from threonine)	30324.9398053635
ILEUSYN-PWY: L-isoleucine biosynthesis I (from threonine)|g__Klebsiella.s__Klebsiella_pneumoniae	16533.4220025849
ILEUSYN-PWY: L-isoleucine biosynthesis I (from threonine)|g__Escherichia.s__Escherichia_coli	3454.6135118000
ILEUSYN-PWY: L-isoleucine biosynthesis I (from threonine)|g__Klebsiella.s__Klebsiella_oxytoca	2445.3166739199
ILEUSYN-PWY: L-isoleucine biosynthesis I (from threonine)|g__Streptococcus.s__Streptococcus_thermophilus	906.7901740274
ILEUSYN-PWY: L-isoleucine biosynthesis I (from threonine)|g__Bilophila.s__Bilophila_wadsworthia	866.9614806529
ILEUSYN-PWY: L-isoleucine biosynthesis I (from threonine)|g__Veillonella.s__Veillonella_atypica	804.2069447743
ILEUSYN-PWY: L-isoleucine biosynthesis I (from threonine)|g__Klebsiella.s__Klebsiella_michiganensis	593.4196448646
ILEUSYN-PWY: L-isoleucine biosynthesis I (from threonine)|g__Citrobacter.s__Citrobacter_freundii	483.8668310940
ILEUSYN-PWY: L-isoleucine biosynthesis I (from threonine)|g__Selenomonas.s__Selenomonas_artemidis	440.6658840301
ILEUSYN-PWY: L-isoleucine biosynthesis I (from threonine)|g__Citrobacter.s__Citrobacter_braakii	437.0558292977
ILEUSYN-PWY: L-isoleucine biosynthesis I (from threonine)|g__Citrobacter.s__Citrobacter_koseri	284.9815092547
ILEUSYN-PWY: L-isoleucine biosynthesis I (from threonine)|unclassified	97.9719008146
ILEUSYN-PWY: L-isoleucine biosynthesis I (from threonine)|g__Veillonella.s__Veillonella_dispar	28.4449944202
ILEUSYN-PWY: L-isoleucine biosynthesis I (from threonine)|g__Veillonella.s__Veillonella_infantium	10.5965015571
ILEUSYN-PWY: L-isoleucine biosynthesis I (from threonine)|g__Escherichia.s__Escherichia_fergusonii	9.9756255683
PWY-6305: superpathway of putrescine biosynthesis	30306.9274361650
PWY-6305: superpathway of putrescine biosynthesis|g__Klebsiella.s__Klebsiella_pneumoniae	18379.2159325593
PWY-6305: superpathway of putrescine biosynthesis|g__Escherichia.s__Escherichia_coli	2363.8444383221
PWY-6305: superpathway of putrescine biosynthesis|g__Klebsiella.s__Klebsiella_oxytoca	2229.9195222282
PWY-6305: superpathway of putrescine biosynthesis|g__Citrobacter.s__Citrobacter_braakii	583.9280664129
PWY-6305: superpathway of putrescine biosynthesis|g__Citrobacter.s__Citrobacter_koseri	329.3845118723
PWY-6305: superpathway of putrescine biosynthesis|unclassified	253.6543213530
PWY-6305: superpathway of putrescine biosynthesis|g__Klebsiella.s__Klebsiella_michiganensis	204.6068972912
PWY-6305: superpathway of putrescine biosynthesis|g__Citrobacter.s__Citrobacter_freundii	132.8945707641
PWY-6305: superpathway of putrescine biosynthesis|g__Morganella.s__Morganella_morganii	2.3625528753
PWY-6305: superpathway of putrescine biosynthesis|g__Klebsiella.s__Klebsiella_aerogenes	1.0813351392
PWY66-429: fatty acid biosynthesis initiation (mitochondria)	30229.5607844049
PWY66-429: fatty acid biosynthesis initiation (mitochondria)|g__Klebsiella.s__Klebsiella_pneumoniae	17421.0810497780
PWY66-429: fatty acid biosynthesis initiation (mitochondria)|g__Klebsiella.s__Klebsiella_oxytoca	3532.0875095634
PWY66-429: fatty acid biosynthesis initiation (mitochondria)|g__Escherichia.s__Escherichia_coli	2586.0539151016
PWY66-429: fatty acid biosynthesis initiation (mitochondria)|g__Streptococcus.s__Streptococcus_thermophilus	700.3846906918
PWY66-429: fatty acid biosynthesis initiation (mitochondria)|g__Veillonella.s__Veillonella_atypica	609.8130358244
PWY66-429: fatty acid biosynthesis initiation (mitochondria)|g__Citrobacter.s__Citrobacter_koseri	396.2147911430
PWY66-429: fatty acid biosynthesis initiation (mitochondria)|g__Citrobacter.s__Citrobacter_braakii	309.8093784551
PWY66-429: fatty acid biosynthesis initiation (mitochondria)|g__Klebsiella.s__Klebsiella_michiganensis	234.2139907771
PWY66-429: fatty acid biosynthesis initiation (mitochondria)|unclassified	204.9781255561
PWY66-429: fatty acid biosynthesis initiation (mitochondria)|g__Citrobacter.s__Citrobacter_freundii	167.7035598635
PWY66-429: fatty acid biosynthesis initiation (mitochondria)|g__Klebsiella.s__Klebsiella_aerogenes	152.1706166952
PWY66-429: fatty acid biosynthesis initiation (mitochondria)|g__Lactobacillus.s__Lactobacillus_rhamnosus	103.0386733881
PWY66-429: fatty acid biosynthesis initiation (mitochondria)|g__Lactobacillus.s__Lactobacillus_pentosus	44.5476425985
PWY66-429: fatty acid biosynthesis initiation (mitochondria)|g__Lactobacillus.s__Lactobacillus_plantarum	26.8516532115
PWY66-429: fatty acid biosynthesis initiation (mitochondria)|g__Leptotrichia.s__Leptotrichia_wadei	18.0104891868
PWY66-429: fatty acid biosynthesis initiation (mitochondria)|g__Veillonella.s__Veillonella_infantium	8.6976737846
PWY66-429: fatty acid biosynthesis initiation (mitochondria)|g__Morganella.s__Morganella_morganii	3.4083049414
PWY66-429: fatty acid biosynthesis initiation (mitochondria)|g__Veillonella.s__Veillonella_dispar	3.0173185363
PWY-6282: palmitoleate biosynthesis I (from (5Z)-dodec-5-enoate)	29832.0916241273
PWY-6282: palmitoleate biosynthesis I (from (5Z)-dodec-5-enoate)|g__Klebsiella.s__Klebsiella_pneumoniae	16621.4729377577
PWY-6282: palmitoleate biosynthesis I (from (5Z)-dodec-5-enoate)|g__Klebsiella.s__Klebsiella_oxytoca	2976.8975207211
PWY-6282: palmitoleate biosynthesis I (from (5Z)-dodec-5-enoate)|g__Escherichia.s__Escherichia_coli	2272.4247807372
PWY-6282: palmitoleate biosynthesis I (from (5Z)-dodec-5-enoate)|g__Klebsiella.s__Klebsiella_michiganensis	435.4859066246
PWY-6282: palmitoleate biosynthesis I (from (5Z)-dodec-5-enoate)|g__Citrobacter.s__Citrobacter_freundii	428.9167114295
PWY-6282: palmitoleate biosynthesis I (from (5Z)-dodec-5-enoate)|g__Citrobacter.s__Citrobacter_koseri	328.1676029109
PWY-6282: palmitoleate biosynthesis I (from (5Z)-dodec-5-enoate)|g__Citrobacter.s__Citrobacter_braakii	232.1307422715
PWY-6282: palmitoleate biosynthesis I (from (5Z)-dodec-5-enoate)|g__Klebsiella.s__Klebsiella_aerogenes	69.5291419659
PWY-6282: palmitoleate biosynthesis I (from (5Z)-dodec-5-enoate)|g__Morganella.s__Morganella_morganii	12.3647959592
PWY-6282: palmitoleate biosynthesis I (from (5Z)-dodec-5-enoate)|g__Escherichia.s__Escherichia_fergusonii	2.9391744516
PWY-6282: palmitoleate biosynthesis I (from (5Z)-dodec-5-enoate)|g__Citrobacter.s__Citrobacter_amalonaticus	2.4981389265
P161-PWY: acetylene degradation (anaerobic)	29792.9121989081
P161-PWY: acetylene degradation (anaerobic)|g__Klebsiella.s__Klebsiella_pneumoniae	10883.1333682189
P161-PWY: acetylene degradation (anaerobic)|g__Klebsiella.s__Klebsiella_oxytoca	5589.1712546028
P161-PWY: acetylene degradation (anaerobic)|g__Escherichia.s__Escherichia_coli	2680.0850813092
P161-PWY: acetylene degradation (anaerobic)|g__Klebsiella.s__Klebsiella_michiganensis	698.4616825817
P161-PWY: acetylene degradation (anaerobic)|g__Citrobacter.s__Citrobacter_freundii	352.9159391761
P161-PWY: acetylene degradation (anaerobic)|g__Citrobacter.s__Citrobacter_braakii	278.8515149247
P161-PWY: acetylene degradation (anaerobic)|g__Citrobacter.s__Citrobacter_koseri	115.6020129263
P161-PWY: acetylene degradation (anaerobic)|unclassified	107.4539720365
P161-PWY: acetylene degradation (anaerobic)|g__Lactobacillus.s__Lactobacillus_pentosus	82.7910864063
P161-PWY: acetylene degradation (anaerobic)|g__Fusobacterium.s__Fusobacterium_nucleatum	12.2567212219
P161-PWY: acetylene degradation (anaerobic)|g__Klebsiella.s__Klebsiella_aerogenes	3.6073090277
P161-PWY: acetylene degradation (anaerobic)|g__Morganella.s__Morganella_morganii	1.9768212573
P161-PWY: acetylene degradation (anaerobic)|g__Escherichia.s__Escherichia_fergusonii	0.9360628268
PWY-5136: fatty acid &beta;-oxidation II (plant peroxisome)	29726.2291410950
PWY-5136: fatty acid &beta;-oxidation II (plant peroxisome)|g__Klebsiella.s__Klebsiella_pneumoniae	13878.6895707478
PWY-5136: fatty acid &beta;-oxidation II (plant peroxisome)|g__Escherichia.s__Escherichia_coli	6337.3836786533
PWY-5136: fatty acid &beta;-oxidation II (plant peroxisome)|g__Klebsiella.s__Klebsiella_oxytoca	4987.2097486135
PWY-5136: fatty acid &beta;-oxidation II (plant peroxisome)|g__Citrobacter.s__Citrobacter_braakii	970.4743758810
PWY-5136: fatty acid &beta;-oxidation II (plant peroxisome)|g__Klebsiella.s__Klebsiella_michiganensis	625.8211409385
PWY-5136: fatty acid &beta;-oxidation II (plant peroxisome)|g__Citrobacter.s__Citrobacter_koseri	256.4677157655
PWY-5136: fatty acid &beta;-oxidation II (plant peroxisome)|g__Morganella.s__Morganella_morganii	158.3764245841
PWY-5136: fatty acid &beta;-oxidation II (plant peroxisome)|unclassified	139.7757793226
PWY-5136: fatty acid &beta;-oxidation II (plant peroxisome)|g__Citrobacter.s__Citrobacter_freundii	115.7156494969
PWY-5136: fatty acid &beta;-oxidation II (plant peroxisome)|g__Escherichia.s__Escherichia_fergusonii	38.2708357547
PWY-5136: fatty acid &beta;-oxidation II (plant peroxisome)|g__Proteus.s__Proteus_mirabilis	4.0361695838
PWY-5136: fatty acid &beta;-oxidation II (plant peroxisome)|g__Klebsiella.s__Klebsiella_aerogenes	3.4304795392
ASPASN-PWY: superpathway of L-aspartate and L-asparagine biosynthesis	28964.4264115740
ASPASN-PWY: superpathway of L-aspartate and L-asparagine biosynthesis|g__Klebsiella.s__Klebsiella_pneumoniae	17298.5215591074
ASPASN-PWY: superpathway of L-aspartate and L-asparagine biosynthesis|g__Escherichia.s__Escherichia_coli	3351.4795702805
ASPASN-PWY: superpathway of L-aspartate and L-asparagine biosynthesis|g__Klebsiella.s__Klebsiella_oxytoca	2971.6763148398
ASPASN-PWY: superpathway of L-aspartate and L-asparagine biosynthesis|g__Citrobacter.s__Citrobacter_freundii	828.6438176000
ASPASN-PWY: superpathway of L-aspartate and L-asparagine biosynthesis|g__Streptococcus.s__Streptococcus_thermophilus	717.7362376615
ASPASN-PWY: superpathway of L-aspartate and L-asparagine biosynthesis|g__Citrobacter.s__Citrobacter_koseri	495.4966977202
ASPASN-PWY: superpathway of L-aspartate and L-asparagine biosynthesis|g__Klebsiella.s__Klebsiella_michiganensis	486.3126441748
ASPASN-PWY: superpathway of L-aspartate and L-asparagine biosynthesis|g__Citrobacter.s__Citrobacter_braakii	355.8883614840
ASPASN-PWY: superpathway of L-aspartate and L-asparagine biosynthesis|unclassified	132.7230360518
ASPASN-PWY: superpathway of L-aspartate and L-asparagine biosynthesis|g__Morganella.s__Morganella_morganii	69.4974334147
ASPASN-PWY: superpathway of L-aspartate and L-asparagine biosynthesis|g__Lactobacillus.s__Lactobacillus_pentosus	67.4299007430
ASPASN-PWY: superpathway of L-aspartate and L-asparagine biosynthesis|g__Lactobacillus.s__Lactobacillus_plantarum	15.8481737701
ASPASN-PWY: superpathway of L-aspartate and L-asparagine biosynthesis|g__Prevotella.s__Prevotella_melaninogenica	12.6048027434
ASPASN-PWY: superpathway of L-aspartate and L-asparagine biosynthesis|g__Prevotella.s__Prevotella_jejuni	9.7723229387
ASPASN-PWY: superpathway of L-aspartate and L-asparagine biosynthesis|g__Klebsiella.s__Klebsiella_aerogenes	6.4724132814
ASPASN-PWY: superpathway of L-aspartate and L-asparagine biosynthesis|g__Citrobacter.s__Citrobacter_amalonaticus	1.9353587924
COMPLETE-ARO-PWY: superpathway of aromatic amino acid biosynthesis	28625.9277673447
COMPLETE-ARO-PWY: superpathway of aromatic amino acid biosynthesis|g__Klebsiella.s__Klebsiella_pneumoniae	14799.6096010132
COMPLETE-ARO-PWY: superpathway of aromatic amino acid biosynthesis|g__Klebsiella.s__Klebsiella_oxytoca	2991.6547190951
COMPLETE-ARO-PWY: superpathway of aromatic amino acid biosynthesis|g__Escherichia.s__Escherichia_coli	2934.0605630590
COMPLETE-ARO-PWY: superpathway of aromatic amino acid biosynthesis|g__Streptococcus.s__Streptococcus_thermophilus	741.1283802614
COMPLETE-ARO-PWY: superpathway of aromatic amino acid biosynthesis|g__Selenomonas.s__Selenomonas_artemidis	470.3246872060
COMPLETE-ARO-PWY: superpathway of aromatic amino acid biosynthesis|g__Klebsiella.s__Klebsiella_michiganensis	233.2092631044
COMPLETE-ARO-PWY: superpathway of aromatic amino acid biosynthesis|g__Citrobacter.s__Citrobacter_koseri	213.6599256054
COMPLETE-ARO-PWY: superpathway of aromatic amino acid biosynthesis|g__Citrobacter.s__Citrobacter_freundii	189.7013931713
COMPLETE-ARO-PWY: superpathway of aromatic amino acid biosynthesis|g__Lactobacillus.s__Lactobacillus_pentosus	53.5149219642
PWY-5971: palmitate biosynthesis (type II fatty acid synthase)	28583.7452648380
PWY-5971: palmitate biosynthesis (type II fatty acid synthase)|g__Klebsiella.s__Klebsiella_pneumoniae	11409.5207307407
PWY-5971: palmitate biosynthesis (type II fatty acid synthase)|g__Escherichia.s__Escherichia_coli	2558.1022549614
PWY-5971: palmitate biosynthesis (type II fatty acid synthase)|g__Klebsiella.s__Klebsiella_oxytoca	649.7149532383
PWY-5971: palmitate biosynthesis (type II fatty acid synthase)|g__Citrobacter.s__Citrobacter_freundii	418.3848308868
PWY-5971: palmitate biosynthesis (type II fatty acid synthase)|g__Citrobacter.s__Citrobacter_koseri	373.4669740554
PWY-5971: palmitate biosynthesis (type II fatty acid synthase)|g__Citrobacter.s__Citrobacter_braakii	294.1140931653
PWY-5941: glycogen degradation II	28490.3966091830
PWY-5941: glycogen degradation II|g__Klebsiella.s__Klebsiella_pneumoniae	13024.1580834273
PWY-5941: glycogen degradation II|g__Escherichia.s__Escherichia_coli	4831.1625499266
PWY-5941: glycogen degradation II|g__Klebsiella.s__Klebsiella_oxytoca	3249.2919561252
PWY-5941: glycogen degradation II|g__Citrobacter.s__Citrobacter_braakii	575.6150851588
PWY-5941: glycogen degradation II|g__Streptococcus.s__Streptococcus_thermophilus	466.2579317166
PWY-5941: glycogen degradation II|g__Klebsiella.s__Klebsiella_michiganensis	383.7116554316
PWY-5941: glycogen degradation II|g__Citrobacter.s__Citrobacter_freundii	366.5774152638
PWY-5941: glycogen degradation II|g__Citrobacter.s__Citrobacter_koseri	322.9386417769
PWY-5941: glycogen degradation II|unclassified	235.2459545259
PWY-5941: glycogen degradation II|g__Klebsiella.s__Klebsiella_aerogenes	22.9747970506
PWY-5941: glycogen degradation II|g__Escherichia.s__Escherichia_fergusonii	0.6630955091
PWY0-862: (5Z)-dodecenoate biosynthesis I	28337.6224073130
PWY0-862: (5Z)-dodecenoate biosynthesis I|g__Klebsiella.s__Klebsiella_pneumoniae	15194.8455875127
PWY0-862: (5Z)-dodecenoate biosynthesis I|g__Klebsiella.s__Klebsiella_oxytoca	5440.5939920491
PWY0-862: (5Z)-dodecenoate biosynthesis I|g__Escherichia.s__Escherichia_coli	2243.9986026365
PWY0-862: (5Z)-dodecenoate biosynthesis I|g__Citrobacter.s__Citrobacter_koseri	716.0244072600
PWY0-862: (5Z)-dodecenoate biosynthesis I|g__Klebsiella.s__Klebsiella_aerogenes	446.1376985553
PWY0-862: (5Z)-dodecenoate biosynthesis I|g__Klebsiella.s__Klebsiella_michiganensis	425.9367977504
PWY0-862: (5Z)-dodecenoate biosynthesis I|g__Citrobacter.s__Citrobacter_freundii	353.3671859143
PWY0-862: (5Z)-dodecenoate biosynthesis I|g__Citrobacter.s__Citrobacter_braakii	234.7234663849
PWY0-862: (5Z)-dodecenoate biosynthesis I|g__Citrobacter.s__Citrobacter_amalonaticus	19.5531116402
PWY0-862: (5Z)-dodecenoate biosynthesis I|g__Morganella.s__Morganella_morganii	9.6733811433
PWY0-862: (5Z)-dodecenoate biosynthesis I|g__Escherichia.s__Escherichia_fergusonii	3.1480876078
THRESYN-PWY: superpathway of L-threonine biosynthesis	28222.2774598410
THRESYN-PWY: superpathway of L-threonine biosynthesis|g__Klebsiella.s__Klebsiella_pneumoniae	16278.8672624624
THRESYN-PWY: superpathway of L-threonine biosynthesis|g__Klebsiella.s__Klebsiella_oxytoca	3587.9325979559
THRESYN-PWY: superpathway of L-threonine biosynthesis|g__Escherichia.s__Escherichia_coli	2556.7804326127
THRESYN-PWY: superpathway of L-threonine biosynthesis|g__Streptococcus.s__Streptococcus_thermophilus	766.2131383357
THRESYN-PWY: superpathway of L-threonine biosynthesis|g__Citrobacter.s__Citrobacter_freundii	687.3473798121
THRESYN-PWY: superpathway of L-threonine biosynthesis|g__Veillonella.s__Veillonella_atypica	603.3111086531
THRESYN-PWY: superpathway of L-threonine biosynthesis|g__Citrobacter.s__Citrobacter_braakii	525.5582160256
THRESYN-PWY: superpathway of L-threonine biosynthesis|g__Klebsiella.s__Klebsiella_michiganensis	459.0867126496
THRESYN-PWY: superpathway of L-threonine biosynthesis|g__Selenomonas.s__Selenomonas_artemidis	364.7410796135
THRESYN-PWY: superpathway of L-threonine biosynthesis|g__Citrobacter.s__Citrobacter_koseri	333.5263185727
THRESYN-PWY: superpathway of L-threonine biosynthesis|g__Lactobacillus.s__Lactobacillus_plantarum	133.5625786904
THRESYN-PWY: superpathway of L-threonine biosynthesis|g__Megasphaera.s__Megasphaera_micronuciformis	131.4466509255
THRESYN-PWY: superpathway of L-threonine biosynthesis|unclassified	97.3195136906
THRESYN-PWY: superpathway of L-threonine biosynthesis|g__Lactobacillus.s__Lactobacillus_pentosus	89.3737260467
THRESYN-PWY: superpathway of L-threonine biosynthesis|g__Dialister.s__Dialister_invisus	47.7308048800
THRESYN-PWY: superpathway of L-threonine biosynthesis|g__Morganella.s__Morganella_morganii	14.7198158456
THRESYN-PWY: superpathway of L-threonine biosynthesis|g__Veillonella.s__Veillonella_parvula	9.5090953955
THRESYN-PWY: superpathway of L-threonine biosynthesis|g__Veillonella.s__Veillonella_infantium	6.4056765745
PWY-5913: partial TCA cycle (obligate autotrophs)	28206.4503311528
PWY-5913: partial TCA cycle (obligate autotrophs)|g__Klebsiella.s__Klebsiella_pneumoniae	17951.7509004532
PWY-5913: partial TCA cycle (obligate autotrophs)|g__Escherichia.s__Escherichia_coli	3418.5195417953
PWY-5913: partial TCA cycle (obligate autotrophs)|g__Klebsiella.s__Klebsiella_oxytoca	2499.6599184309
PWY-5913: partial TCA cycle (obligate autotrophs)|g__Citrobacter.s__Citrobacter_braakii	689.8045402598
PWY-5913: partial TCA cycle (obligate autotrophs)|g__Klebsiella.s__Klebsiella_michiganensis	503.9618403843
PWY-5913: partial TCA cycle (obligate autotrophs)|g__Citrobacter.s__Citrobacter_koseri	426.1529949740
PWY-5913: partial TCA cycle (obligate autotrophs)|g__Citrobacter.s__Citrobacter_freundii	242.1784468011
PWY-5913: partial TCA cycle (obligate autotrophs)|unclassified	158.5246013703
ARO-PWY: chorismate biosynthesis I	28030.4007010695
ARO-PWY: chorismate biosynthesis I|g__Klebsiella.s__Klebsiella_pneumoniae	15482.7034131055
ARO-PWY: chorismate biosynthesis I|g__Escherichia.s__Escherichia_coli	3249.9031939480
ARO-PWY: chorismate biosynthesis I|g__Klebsiella.s__Klebsiella_oxytoca	2931.6523477524
ARO-PWY: chorismate biosynthesis I|g__Veillonella.s__Veillonella_atypica	851.2517247888
ARO-PWY: chorismate biosynthesis I|g__Streptococcus.s__Streptococcus_thermophilus	677.0435153020
ARO-PWY: chorismate biosynthesis I|g__Selenomonas.s__Selenomonas_artemidis	452.0898285992
ARO-PWY: chorismate biosynthesis I|g__Sutterella.s__Sutterella_sp_CAG_351	321.7092627558
ARO-PWY: chorismate biosynthesis I|g__Klebsiella.s__Klebsiella_michiganensis	242.1943371278
ARO-PWY: chorismate biosynthesis I|g__Citrobacter.s__Citrobacter_koseri	234.6375449946
ARO-PWY: chorismate biosynthesis I|g__Citrobacter.s__Citrobacter_freundii	169.8047316823
ARO-PWY: chorismate biosynthesis I|unclassified	63.9361936077
ARO-PWY: chorismate biosynthesis I|g__Lactobacillus.s__Lactobacillus_pentosus	53.7004879206
ARO-PWY: chorismate biosynthesis I|g__Veillonella.s__Veillonella_dispar	43.0352878305
ARO-PWY: chorismate biosynthesis I|g__Lactobacillus.s__Lactobacillus_plantarum	39.3050449542
ARO-PWY: chorismate biosynthesis I|g__Morganella.s__Morganella_morganii	12.4740514372
ARO-PWY: chorismate biosynthesis I|g__Veillonella.s__Veillonella_parvula	8.2550489556
ARO-PWY: chorismate biosynthesis I|g__Klebsiella.s__Klebsiella_aerogenes	2.1813098312
PWY-5384: sucrose degradation IV (sucrose phosphorylase)	27802.7602878685
PWY-5384: sucrose degradation IV (sucrose phosphorylase)|g__Klebsiella.s__Klebsiella_pneumoniae	15638.6772043958
PWY-5384: sucrose degradation IV (sucrose phosphorylase)|g__Escherichia.s__Escherichia_coli	3250.7645501254
PWY-5384: sucrose degradation IV (sucrose phosphorylase)|g__Klebsiella.s__Klebsiella_oxytoca	2592.6103200795
PWY-5384: sucrose degradation IV (sucrose phosphorylase)|g__Citrobacter.s__Citrobacter_freundii	718.9962079658
PWY-5384: sucrose degradation IV (sucrose phosphorylase)|g__Klebsiella.s__Klebsiella_michiganensis	515.3046448900
PWY-5384: sucrose degradation IV (sucrose phosphorylase)|g__Streptococcus.s__Streptococcus_thermophilus	401.8546304423
PWY-5384: sucrose degradation IV (sucrose phosphorylase)|g__Citrobacter.s__Citrobacter_koseri	172.0285175050
PWY-5384: sucrose degradation IV (sucrose phosphorylase)|unclassified	154.0346352841
PWY-5384: sucrose degradation IV (sucrose phosphorylase)|g__Lactobacillus.s__Lactobacillus_plantarum	108.6233758504
PWY-5384: sucrose degradation IV (sucrose phosphorylase)|g__Proteus.s__Proteus_mirabilis	9.4370689741
BRANCHED-CHAIN-AA-SYN-PWY: superpathway of branched chain amino acid biosynthesis	27718.9548445728
BRANCHED-CHAIN-AA-SYN-PWY: superpathway of branched chain amino acid biosynthesis|g__Klebsiella.s__Klebsiella_pneumoniae	15037.8166164798
BRANCHED-CHAIN-AA-SYN-PWY: superpathway of branched chain amino acid biosynthesis|g__Escherichia.s__Escherichia_coli	3015.7953400647
BRANCHED-CHAIN-AA-SYN-PWY: superpathway of branched chain amino acid biosynthesis|g__Klebsiella.s__Klebsiella_oxytoca	2400.5716585301
BRANCHED-CHAIN-AA-SYN-PWY: superpathway of branched chain amino acid biosynthesis|g__Bilophila.s__Bilophila_wadsworthia	887.9524012446
BRANCHED-CHAIN-AA-SYN-PWY: superpathway of branched chain amino acid biosynthesis|g__Streptococcus.s__Streptococcus_thermophilus	839.4352289590
BRANCHED-CHAIN-AA-SYN-PWY: superpathway of branched chain amino acid biosynthesis|g__Veillonella.s__Veillonella_atypica	575.7276190485
BRANCHED-CHAIN-AA-SYN-PWY: superpathway of branched chain amino acid biosynthesis|g__Klebsiella.s__Klebsiella_michiganensis	497.6293119445
BRANCHED-CHAIN-AA-SYN-PWY: superpathway of branched chain amino acid biosynthesis|g__Selenomonas.s__Selenomonas_artemidis	451.4026839025
BRANCHED-CHAIN-AA-SYN-PWY: superpathway of branched chain amino acid biosynthesis|g__Citrobacter.s__Citrobacter_braakii	389.0135731608
BRANCHED-CHAIN-AA-SYN-PWY: superpathway of branched chain amino acid biosynthesis|g__Citrobacter.s__Citrobacter_freundii	327.4465866538
BRANCHED-CHAIN-AA-SYN-PWY: superpathway of branched chain amino acid biosynthesis|g__Citrobacter.s__Citrobacter_koseri	260.5401395679
BRANCHED-CHAIN-AA-SYN-PWY: superpathway of branched chain amino acid biosynthesis|unclassified	91.9045660931
BRANCHED-CHAIN-AA-SYN-PWY: superpathway of branched chain amino acid biosynthesis|g__Veillonella.s__Veillonella_dispar	38.3345444448
BRANCHED-CHAIN-AA-SYN-PWY: superpathway of branched chain amino acid biosynthesis|g__Veillonella.s__Veillonella_infantium	14.2042843116
BRANCHED-CHAIN-AA-SYN-PWY: superpathway of branched chain amino acid biosynthesis|g__Escherichia.s__Escherichia_fergusonii	9.1928735144
PWY-5723: Rubisco shunt	27707.6129612088
PWY-5723: Rubisco shunt|g__Klebsiella.s__Klebsiella_pneumoniae	13868.5013927619
PWY-5723: Rubisco shunt|g__Klebsiella.s__Klebsiella_oxytoca	3732.5569040128
PWY-5723: Rubisco shunt|g__Escherichia.s__Escherichia_coli	3286.0930791836
PWY-5723: Rubisco shunt|g__Klebsiella.s__Klebsiella_michiganensis	473.7572725907
PWY-5723: Rubisco shunt|g__Citrobacter.s__Citrobacter_braakii	408.4789655232
PWY-5723: Rubisco shunt|g__Citrobacter.s__Citrobacter_koseri	329.8579816113
PWY-5723: Rubisco shunt|g__Citrobacter.s__Citrobacter_freundii	236.5569118205
PWY-5723: Rubisco shunt|unclassified	115.7737585609
PWY-5973: cis-vaccenate biosynthesis	27643.1462779680
PWY-5973: cis-vaccenate biosynthesis|g__Klebsiella.s__Klebsiella_pneumoniae	15532.1064226321
PWY-5973: cis-vaccenate biosynthesis|g__Klebsiella.s__Klebsiella_oxytoca	2585.9241584390
PWY-5973: cis-vaccenate biosynthesis|g__Escherichia.s__Escherichia_coli	1969.9558909365
PWY-5973: cis-vaccenate biosynthesis|g__Veillonella.s__Veillonella_atypica	748.9087806894
PWY-5973: cis-vaccenate biosynthesis|g__Citrobacter.s__Citrobacter_freundii	435.6360267205
PWY-5973: cis-vaccenate biosynthesis|g__Klebsiella.s__Klebsiella_michiganensis	428.9560039536
PWY-5973: cis-vaccenate biosynthesis|g__Citrobacter.s__Citrobacter_braakii	392.7253417922
PWY-5973: cis-vaccenate biosynthesis|g__Citrobacter.s__Citrobacter_koseri	311.9420302472
PWY-5973: cis-vaccenate biosynthesis|g__Lactobacillus.s__Lactobacillus_pentosus	55.7948157413
PWY-5973: cis-vaccenate biosynthesis|g__Lactobacillus.s__Lactobacillus_plantarum	54.6077547797
PWY-5973: cis-vaccenate biosynthesis|g__Klebsiella.s__Klebsiella_aerogenes	54.4614559213
PWY-5973: cis-vaccenate biosynthesis|g__Lactococcus.s__Lactococcus_lactis	34.8840298144
PWY-5973: cis-vaccenate biosynthesis|g__Prevotella.s__Prevotella_melaninogenica	15.0033127311
PWY-5973: cis-vaccenate biosynthesis|g__Morganella.s__Morganella_morganii	11.6360927294
PWY-5973: cis-vaccenate biosynthesis|g__Escherichia.s__Escherichia_fergusonii	7.9844308260
PWY-5973: cis-vaccenate biosynthesis|g__Citrobacter.s__Citrobacter_amalonaticus	2.2690704906
GLYCOLYSIS: glycolysis I (from glucose 6-phosphate)	27611.7526373298
GLYCOLYSIS: glycolysis I (from glucose 6-phosphate)|g__Klebsiella.s__Klebsiella_pneumoniae	13963.6308065967
GLYCOLYSIS: glycolysis I (from glucose 6-phosphate)|g__Escherichia.s__Escherichia_coli	2886.8266875398
GLYCOLYSIS: glycolysis I (from glucose 6-phosphate)|g__Klebsiella.s__Klebsiella_oxytoca	2462.7911855366
GLYCOLYSIS: glycolysis I (from glucose 6-phosphate)|g__Citrobacter.s__Citrobacter_freundii	608.9229513859
GLYCOLYSIS: glycolysis I (from glucose 6-phosphate)|g__Klebsiella.s__Klebsiella_michiganensis	480.8062543056
GLYCOLYSIS: glycolysis I (from glucose 6-phosphate)|g__Citrobacter.s__Citrobacter_braakii	296.4471161326
GLYCOLYSIS: glycolysis I (from glucose 6-phosphate)|g__Citrobacter.s__Citrobacter_koseri	287.3812294449
GLYCOLYSIS: glycolysis I (from glucose 6-phosphate)|g__Lactobacillus.s__Lactobacillus_plantarum	115.8331585003
GLYCOLYSIS: glycolysis I (from glucose 6-phosphate)|g__Lactobacillus.s__Lactobacillus_rhamnosus	113.0278317336
GLYCOLYSIS: glycolysis I (from glucose 6-phosphate)|unclassified	51.8484808144
GLYCOLYSIS: glycolysis I (from glucose 6-phosphate)|g__Morganella.s__Morganella_morganii	9.2243586603
ANAGLYCOLYSIS-PWY: glycolysis III (from glucose)	27491.6390172502
ANAGLYCOLYSIS-PWY: glycolysis III (from glucose)|g__Klebsiella.s__Klebsiella_pneumoniae	14065.8018130704
ANAGLYCOLYSIS-PWY: glycolysis III (from glucose)|g__Escherichia.s__Escherichia_coli	2608.4237866199
ANAGLYCOLYSIS-PWY: glycolysis III (from glucose)|g__Klebsiella.s__Klebsiella_oxytoca	2380.3334922651
ANAGLYCOLYSIS-PWY: glycolysis III (from glucose)|g__Citrobacter.s__Citrobacter_freundii	723.6759329565
ANAGLYCOLYSIS-PWY: glycolysis III (from glucose)|g__Streptococcus.s__Streptococcus_thermophilus	668.6432633099
ANAGLYCOLYSIS-PWY: glycolysis III (from glucose)|g__Klebsiella.s__Klebsiella_michiganensis	522.2308456039
ANAGLYCOLYSIS-PWY: glycolysis III (from glucose)|g__Citrobacter.s__Citrobacter_braakii	310.0437739989
ANAGLYCOLYSIS-PWY: glycolysis III (from glucose)|g__Citrobacter.s__Citrobacter_koseri	284.0910433937
ANAGLYCOLYSIS-PWY: glycolysis III (from glucose)|g__Lactobacillus.s__Lactobacillus_rhamnosus	126.3710313505
ANAGLYCOLYSIS-PWY: glycolysis III (from glucose)|g__Lactobacillus.s__Lactobacillus_plantarum	114.3395376412
ANAGLYCOLYSIS-PWY: glycolysis III (from glucose)|g__Lactobacillus.s__Lactobacillus_pentosus	55.7817470118
ANAGLYCOLYSIS-PWY: glycolysis III (from glucose)|unclassified	50.3048836986
ANAGLYCOLYSIS-PWY: glycolysis III (from glucose)|g__Morganella.s__Morganella_morganii	21.2867974816
PWY-3001: superpathway of L-isoleucine biosynthesis I	27423.6420686501
PWY-3001: superpathway of L-isoleucine biosynthesis I|g__Klebsiella.s__Klebsiella_pneumoniae	14834.9676344220
PWY-3001: superpathway of L-isoleucine biosynthesis I|g__Klebsiella.s__Klebsiella_oxytoca	2972.6440193902
PWY-3001: superpathway of L-isoleucine biosynthesis I|g__Escherichia.s__Escherichia_coli	2054.4599479016
PWY-3001: superpathway of L-isoleucine biosynthesis I|g__Streptococcus.s__Streptococcus_thermophilus	812.2242655223
PWY-3001: superpathway of L-isoleucine biosynthesis I|g__Citrobacter.s__Citrobacter_freundii	508.6423813041
PWY-3001: superpathway of L-isoleucine biosynthesis I|g__Klebsiella.s__Klebsiella_michiganensis	504.7950766373
PWY-3001: superpathway of L-isoleucine biosynthesis I|g__Citrobacter.s__Citrobacter_braakii	402.3129536430
PWY-3001: superpathway of L-isoleucine biosynthesis I|g__Citrobacter.s__Citrobacter_koseri	294.8320956195
PWY-3001: superpathway of L-isoleucine biosynthesis I|unclassified	93.3128622688
PWY-7238: sucrose biosynthesis II	27128.6586700848
PWY-7238: sucrose biosynthesis II|g__Klebsiella.s__Klebsiella_pneumoniae	11049.9439526854
PWY-7238: sucrose biosynthesis II|g__Escherichia.s__Escherichia_coli	5742.1591158175
PWY-7238: sucrose biosynthesis II|g__Klebsiella.s__Klebsiella_oxytoca	3938.0111327742
PWY-7238: sucrose biosynthesis II|g__Citrobacter.s__Citrobacter_braakii	539.5652953857
PWY-7238: sucrose biosynthesis II|g__Streptococcus.s__Streptococcus_thermophilus	532.9932522815
PWY-7238: sucrose biosynthesis II|g__Selenomonas.s__Selenomonas_artemidis	394.3709245053
PWY-7238: sucrose biosynthesis II|g__Klebsiella.s__Klebsiella_michiganensis	383.1607322837
PWY-7238: sucrose biosynthesis II|g__Citrobacter.s__Citrobacter_freundii	282.4379189766
PWY-7238: sucrose biosynthesis II|g__Citrobacter.s__Citrobacter_koseri	273.9983186422
PWY-7238: sucrose biosynthesis II|unclassified	185.6538467017
PWY-7238: sucrose biosynthesis II|g__Lactococcus.s__Lactococcus_lactis	27.8525232362
PWY-7238: sucrose biosynthesis II|g__Klebsiella.s__Klebsiella_aerogenes	25.2151992027
PWY-7238: sucrose biosynthesis II|g__Leptotrichia.s__Leptotrichia_wadei	17.1318298958
PWY-7238: sucrose biosynthesis II|g__Escherichia.s__Escherichia_fergusonii	0.5969743471
PWY-6519: 8-amino-7-oxononanoate biosynthesis I	26698.9715478405
PWY-6519: 8-amino-7-oxononanoate biosynthesis I|g__Klebsiella.s__Klebsiella_pneumoniae	14665.4189000411
PWY-6519: 8-amino-7-oxononanoate biosynthesis I|g__Klebsiella.s__Klebsiella_oxytoca	3236.4454617263
PWY-6519: 8-amino-7-oxononanoate biosynthesis I|g__Escherichia.s__Escherichia_coli	2634.6056534254
PWY-6519: 8-amino-7-oxononanoate biosynthesis I|g__Klebsiella.s__Klebsiella_michiganensis	349.7337319112
PWY-6519: 8-amino-7-oxononanoate biosynthesis I|g__Citrobacter.s__Citrobacter_koseri	287.9632844513
PWY-6519: 8-amino-7-oxononanoate biosynthesis I|g__Citrobacter.s__Citrobacter_freundii	240.3825705066
PWY-6519: 8-amino-7-oxononanoate biosynthesis I|g__Klebsiella.s__Klebsiella_aerogenes	83.8042070102
PWY-6519: 8-amino-7-oxononanoate biosynthesis I|g__Morganella.s__Morganella_morganii	17.1088871759
PWY-6519: 8-amino-7-oxononanoate biosynthesis I|g__Citrobacter.s__Citrobacter_braakii	7.8770420021
PWY-6519: 8-amino-7-oxononanoate biosynthesis I|g__Citrobacter.s__Citrobacter_amalonaticus	4.3845712398
PWY-5103: L-isoleucine biosynthesis III	26543.7731902215
PWY-5103: L-isoleucine biosynthesis III|g__Klebsiella.s__Klebsiella_pneumoniae	14568.9322172517
PWY-5103: L-isoleucine biosynthesis III|g__Escherichia.s__Escherichia_coli	2856.9898044240
PWY-5103: L-isoleucine biosynthesis III|g__Klebsiella.s__Klebsiella_oxytoca	2803.8637274379
PWY-5103: L-isoleucine biosynthesis III|g__Streptococcus.s__Streptococcus_thermophilus	840.0645170042
PWY-5103: L-isoleucine biosynthesis III|g__Bilophila.s__Bilophila_wadsworthia	822.6896542625
PWY-5103: L-isoleucine biosynthesis III|g__Veillonella.s__Veillonella_atypica	762.6534295794
PWY-5103: L-isoleucine biosynthesis III|g__Klebsiella.s__Klebsiella_michiganensis	726.8740234740
PWY-5103: L-isoleucine biosynthesis III|g__Citrobacter.s__Citrobacter_freundii	708.9337206791
PWY-5103: L-isoleucine biosynthesis III|g__Citrobacter.s__Citrobacter_braakii	569.8737705560
PWY-5103: L-isoleucine biosynthesis III|g__Selenomonas.s__Selenomonas_artemidis	411.4851011356
PWY-5103: L-isoleucine biosynthesis III|g__Citrobacter.s__Citrobacter_koseri	318.1134811701
PWY-5103: L-isoleucine biosynthesis III|unclassified	69.7105424669
PWY-5103: L-isoleucine biosynthesis III|g__Veillonella.s__Veillonella_dispar	23.4051116445
PWY-5103: L-isoleucine biosynthesis III|g__Veillonella.s__Veillonella_infantium	8.1602167164
PWY-5103: L-isoleucine biosynthesis III|g__Escherichia.s__Escherichia_fergusonii	8.0673764874
PWY-5103: L-isoleucine biosynthesis III|g__Morganella.s__Morganella_morganii	3.7528328612
PWY-5989: stearate biosynthesis II (bacteria and plants)	26211.7428651406
PWY-5989: stearate biosynthesis II (bacteria and plants)|g__Klebsiella.s__Klebsiella_pneumoniae	15249.1651165951
PWY-5989: stearate biosynthesis II (bacteria and plants)|g__Klebsiella.s__Klebsiella_oxytoca	2617.5478132925
PWY-5989: stearate biosynthesis II (bacteria and plants)|g__Escherichia.s__Escherichia_coli	2051.0637155124
PWY-5989: stearate biosynthesis II (bacteria and plants)|g__Citrobacter.s__Citrobacter_freundii	487.6077223824
PWY-5989: stearate biosynthesis II (bacteria and plants)|g__Klebsiella.s__Klebsiella_michiganensis	365.3650775131
PWY-5989: stearate biosynthesis II (bacteria and plants)|g__Citrobacter.s__Citrobacter_koseri	313.5374258790
PWY-5989: stearate biosynthesis II (bacteria and plants)|g__Citrobacter.s__Citrobacter_braakii	208.7355923156
PWY-5989: stearate biosynthesis II (bacteria and plants)|g__Klebsiella.s__Klebsiella_aerogenes	69.5783387996
PWY-5989: stearate biosynthesis II (bacteria and plants)|g__Morganella.s__Morganella_morganii	4.3280930461
PWY-5989: stearate biosynthesis II (bacteria and plants)|g__Escherichia.s__Escherichia_fergusonii	2.7591437713
PWY-6163: chorismate biosynthesis from 3-dehydroquinate	26031.0557610573
PWY-6163: chorismate biosynthesis from 3-dehydroquinate|g__Klebsiella.s__Klebsiella_pneumoniae	13921.5127486307
PWY-6163: chorismate biosynthesis from 3-dehydroquinate|g__Klebsiella.s__Klebsiella_oxytoca	3043.2804845443
PWY-6163: chorismate biosynthesis from 3-dehydroquinate|g__Escherichia.s__Escherichia_coli	2902.0640322554
PWY-6163: chorismate biosynthesis from 3-dehydroquinate|g__Veillonella.s__Veillonella_atypica	880.5341563630
PWY-6163: chorismate biosynthesis from 3-dehydroquinate|g__Bilophila.s__Bilophila_wadsworthia	850.4153466914
PWY-6163: chorismate biosynthesis from 3-dehydroquinate|g__Streptococcus.s__Streptococcus_thermophilus	657.7360910629
PWY-6163: chorismate biosynthesis from 3-dehydroquinate|g__Klebsiella.s__Klebsiella_michiganensis	477.9466249651
PWY-6163: chorismate biosynthesis from 3-dehydroquinate|g__Selenomonas.s__Selenomonas_artemidis	444.2071542298
PWY-6163: chorismate biosynthesis from 3-dehydroquinate|g__Sutterella.s__Sutterella_sp_CAG_351	322.6806066879
PWY-6163: chorismate biosynthesis from 3-dehydroquinate|g__Lactobacillus.s__Lactobacillus_plantarum	233.7808544163
PWY-6163: chorismate biosynthesis from 3-dehydroquinate|g__Citrobacter.s__Citrobacter_koseri	204.6751516927
PWY-6163: chorismate biosynthesis from 3-dehydroquinate|g__Megasphaera.s__Megasphaera_micronuciformis	166.5695360226
PWY-6163: chorismate biosynthesis from 3-dehydroquinate|g__Citrobacter.s__Citrobacter_freundii	131.9522184382
PWY-6163: chorismate biosynthesis from 3-dehydroquinate|unclassified	58.3246042992
PWY-6163: chorismate biosynthesis from 3-dehydroquinate|g__Lactobacillus.s__Lactobacillus_pentosus	54.0625230589
PWY-6163: chorismate biosynthesis from 3-dehydroquinate|g__Morganella.s__Morganella_morganii	53.5650436145
PWY-6163: chorismate biosynthesis from 3-dehydroquinate|g__Veillonella.s__Veillonella_dispar	41.7448365541
PWY-6163: chorismate biosynthesis from 3-dehydroquinate|g__Prevotella.s__Prevotella_melaninogenica	15.9326320794
PWY-6163: chorismate biosynthesis from 3-dehydroquinate|g__Veillonella.s__Veillonella_parvula	7.3824957722
PWY-6163: chorismate biosynthesis from 3-dehydroquinate|g__Prevotella.s__Prevotella_jejuni	7.2912585485
PWY-6163: chorismate biosynthesis from 3-dehydroquinate|g__Klebsiella.s__Klebsiella_aerogenes	2.6671587762
FAO-PWY: fatty acid &beta;-oxidation I (generic)	25918.7698130664
FAO-PWY: fatty acid &beta;-oxidation I (generic)|g__Klebsiella.s__Klebsiella_pneumoniae	12417.8396886372
FAO-PWY: fatty acid &beta;-oxidation I (generic)|g__Klebsiella.s__Klebsiella_oxytoca	4899.0122360042
FAO-PWY: fatty acid &beta;-oxidation I (generic)|g__Escherichia.s__Escherichia_coli	3736.1162078200
FAO-PWY: fatty acid &beta;-oxidation I (generic)|g__Citrobacter.s__Citrobacter_braakii	999.2923431458
FAO-PWY: fatty acid &beta;-oxidation I (generic)|g__Klebsiella.s__Klebsiella_michiganensis	621.2592467803
FAO-PWY: fatty acid &beta;-oxidation I (generic)|g__Citrobacter.s__Citrobacter_koseri	275.6919489533
FAO-PWY: fatty acid &beta;-oxidation I (generic)|g__Morganella.s__Morganella_morganii	177.2590625328
FAO-PWY: fatty acid &beta;-oxidation I (generic)|g__Citrobacter.s__Citrobacter_freundii	125.6040353981
FAO-PWY: fatty acid &beta;-oxidation I (generic)|unclassified	42.2455503154
FAO-PWY: fatty acid &beta;-oxidation I (generic)|g__Escherichia.s__Escherichia_fergusonii	39.1339947181
FAO-PWY: fatty acid &beta;-oxidation I (generic)|g__Proteus.s__Proteus_mirabilis	6.3573846616
FAO-PWY: fatty acid &beta;-oxidation I (generic)|g__Klebsiella.s__Klebsiella_aerogenes	5.1184455906
FERMENTATION-PWY: mixed acid fermentation	25820.6131806755
FERMENTATION-PWY: mixed acid fermentation|g__Klebsiella.s__Klebsiella_pneumoniae	16322.4500608476
FERMENTATION-PWY: mixed acid fermentation|g__Escherichia.s__Escherichia_coli	3436.6751178501
FERMENTATION-PWY: mixed acid fermentation|g__Klebsiella.s__Klebsiella_oxytoca	2762.4356650392
FERMENTATION-PWY: mixed acid fermentation|g__Citrobacter.s__Citrobacter_freundii	558.4098785213
FERMENTATION-PWY: mixed acid fermentation|g__Citrobacter.s__Citrobacter_koseri	359.7133036497
FERMENTATION-PWY: mixed acid fermentation|g__Citrobacter.s__Citrobacter_braakii	316.7027188200
FERMENTATION-PWY: mixed acid fermentation|unclassified	130.3199451642
FERMENTATION-PWY: mixed acid fermentation|g__Lactobacillus.s__Lactobacillus_pentosus	98.7784302305
FERMENTATION-PWY: mixed acid fermentation|g__Klebsiella.s__Klebsiella_michiganensis	17.2105671086
FERMENTATION-PWY: mixed acid fermentation|g__Proteus.s__Proteus_mirabilis	1.4051894579
PWY-5097: L-lysine biosynthesis VI	25812.1061287875
PWY-5097: L-lysine biosynthesis VI|g__Klebsiella.s__Klebsiella_pneumoniae	14456.2658023008
PWY-5097: L-lysine biosynthesis VI|g__Klebsiella.s__Klebsiella_oxytoca	2609.3228754844
PWY-5097: L-lysine biosynthesis VI|g__Escherichia.s__Escherichia_coli	2356.6506255410
PWY-5097: L-lysine biosynthesis VI|g__Bilophila.s__Bilophila_wadsworthia	807.3744011159
PWY-5097: L-lysine biosynthesis VI|g__Veillonella.s__Veillonella_atypica	668.0836220464
PWY-5097: L-lysine biosynthesis VI|g__Selenomonas.s__Selenomonas_artemidis	354.2857772057
PWY-5097: L-lysine biosynthesis VI|g__Klebsiella.s__Klebsiella_michiganensis	345.6743600078
PWY-5097: L-lysine biosynthesis VI|g__Citrobacter.s__Citrobacter_freundii	270.3096141920
PWY-5097: L-lysine biosynthesis VI|g__Citrobacter.s__Citrobacter_koseri	253.7978841786
PWY-5097: L-lysine biosynthesis VI|g__Lactobacillus.s__Lactobacillus_murinus	170.6600442005
PWY-5097: L-lysine biosynthesis VI|g__Megasphaera.s__Megasphaera_micronuciformis	147.8626685140
PWY-5097: L-lysine biosynthesis VI|unclassified	147.3010164497
PWY-5097: L-lysine biosynthesis VI|g__Lactobacillus.s__Lactobacillus_rhamnosus	93.2925838276
PWY-5097: L-lysine biosynthesis VI|g__Lactobacillus.s__Lactobacillus_pentosus	67.4679730961
PWY-5097: L-lysine biosynthesis VI|g__Dialister.s__Dialister_invisus	54.5598192170
PWY-5097: L-lysine biosynthesis VI|g__Lactobacillus.s__Lactobacillus_plantarum	48.0093106513
PWY-5097: L-lysine biosynthesis VI|g__Leptotrichia.s__Leptotrichia_wadei	19.1826436674
PWY-5097: L-lysine biosynthesis VI|g__Prevotella.s__Prevotella_melaninogenica	6.6434580624
P461-PWY: hexitol fermentation to lactate, formate, ethanol and acetate	25803.0359314979
P461-PWY: hexitol fermentation to lactate, formate, ethanol and acetate|g__Klebsiella.s__Klebsiella_pneumoniae	11449.5171859154
P461-PWY: hexitol fermentation to lactate, formate, ethanol and acetate|g__Klebsiella.s__Klebsiella_oxytoca	4363.2801115109
P461-PWY: hexitol fermentation to lactate, formate, ethanol and acetate|g__Escherichia.s__Escherichia_coli	3953.2420635961
P461-PWY: hexitol fermentation to lactate, formate, ethanol and acetate|g__Citrobacter.s__Citrobacter_freundii	626.5115154750
P461-PWY: hexitol fermentation to lactate, formate, ethanol and acetate|g__Klebsiella.s__Klebsiella_michiganensis	598.4938805166
P461-PWY: hexitol fermentation to lactate, formate, ethanol and acetate|g__Citrobacter.s__Citrobacter_braakii	584.7814785640
P461-PWY: hexitol fermentation to lactate, formate, ethanol and acetate|g__Citrobacter.s__Citrobacter_koseri	337.0043047846
P461-PWY: hexitol fermentation to lactate, formate, ethanol and acetate|g__Lactobacillus.s__Lactobacillus_plantarum	232.7752493357
P461-PWY: hexitol fermentation to lactate, formate, ethanol and acetate|g__Lactobacillus.s__Lactobacillus_rhamnosus	107.4925201699
P461-PWY: hexitol fermentation to lactate, formate, ethanol and acetate|unclassified	104.0583531843
P461-PWY: hexitol fermentation to lactate, formate, ethanol and acetate|g__Lactobacillus.s__Lactobacillus_pentosus	48.6022209734
P461-PWY: hexitol fermentation to lactate, formate, ethanol and acetate|g__Citrobacter.s__Citrobacter_amalonaticus	7.0081376741
P461-PWY: hexitol fermentation to lactate, formate, ethanol and acetate|g__Klebsiella.s__Klebsiella_aerogenes	3.6112465694
PWY-6936: seleno-amino acid biosynthesis (plants)	25767.1112210370
PWY-6936: seleno-amino acid biosynthesis (plants)|g__Klebsiella.s__Klebsiella_pneumoniae	14252.5017949240
PWY-6936: seleno-amino acid biosynthesis (plants)|g__Escherichia.s__Escherichia_coli	2726.0190253266
PWY-6936: seleno-amino acid biosynthesis (plants)|g__Klebsiella.s__Klebsiella_oxytoca	2635.9262205638
PWY-6936: seleno-amino acid biosynthesis (plants)|g__Streptococcus.s__Streptococcus_thermophilus	1148.1369047976
PWY-6936: seleno-amino acid biosynthesis (plants)|g__Veillonella.s__Veillonella_atypica	657.4934080194
PWY-6936: seleno-amino acid biosynthesis (plants)|g__Klebsiella.s__Klebsiella_michiganensis	333.1530918275
PWY-6936: seleno-amino acid biosynthesis (plants)|g__Lactobacillus.s__Lactobacillus_rhamnosus	244.8310068513
PWY-6936: seleno-amino acid biosynthesis (plants)|g__Citrobacter.s__Citrobacter_braakii	228.7714699776
PWY-6936: seleno-amino acid biosynthesis (plants)|g__Citrobacter.s__Citrobacter_freundii	190.1090582887
PWY-6936: seleno-amino acid biosynthesis (plants)|g__Citrobacter.s__Citrobacter_koseri	189.7501659936
PWY-6936: seleno-amino acid biosynthesis (plants)|unclassified	68.3808905982
PWY-6936: seleno-amino acid biosynthesis (plants)|g__Morganella.s__Morganella_morganii	22.3536675861
PWY-6936: seleno-amino acid biosynthesis (plants)|g__Veillonella.s__Veillonella_parvula	15.9884758886
PWY-6936: seleno-amino acid biosynthesis (plants)|g__Veillonella.s__Veillonella_dispar	12.9679747242
PWY-6936: seleno-amino acid biosynthesis (plants)|g__Veillonella.s__Veillonella_infantium	7.3786631267
PWY-6608: guanosine nucleotides degradation III	25729.9296045238
PWY-6608: guanosine nucleotides degradation III|g__Klebsiella.s__Klebsiella_pneumoniae	13397.2717377941
PWY-6608: guanosine nucleotides degradation III|g__Klebsiella.s__Klebsiella_oxytoca	4623.2935579117
PWY-6608: guanosine nucleotides degradation III|g__Escherichia.s__Escherichia_coli	4040.6811760625
PWY-6608: guanosine nucleotides degradation III|g__Megasphaera.s__Megasphaera_micronuciformis	230.7292260649
PWY-6608: guanosine nucleotides degradation III|g__Klebsiella.s__Klebsiella_michiganensis	191.5494037198
PWY-6608: guanosine nucleotides degradation III|unclassified	119.3222432811
PWY-6608: guanosine nucleotides degradation III|g__Lactobacillus.s__Lactobacillus_rhamnosus	91.9568897962
PWY-6608: guanosine nucleotides degradation III|g__Morganella.s__Morganella_morganii	10.9102376295
PWY-5347: superpathway of L-methionine biosynthesis (transsulfuration)	25607.5597787364
PWY-5347: superpathway of L-methionine biosynthesis (transsulfuration)|g__Klebsiella.s__Klebsiella_pneumoniae	14051.1980569112
PWY-5347: superpathway of L-methionine biosynthesis (transsulfuration)|g__Escherichia.s__Escherichia_coli	3378.8116894757
PWY-5347: superpathway of L-methionine biosynthesis (transsulfuration)|g__Klebsiella.s__Klebsiella_oxytoca	3231.1444978735
PWY-5347: superpathway of L-methionine biosynthesis (transsulfuration)|g__Klebsiella.s__Klebsiella_michiganensis	467.3651311645
PWY-5347: superpathway of L-methionine biosynthesis (transsulfuration)|g__Citrobacter.s__Citrobacter_freundii	444.1389755628
PWY-5347: superpathway of L-methionine biosynthesis (transsulfuration)|g__Citrobacter.s__Citrobacter_koseri	330.1418992508
PWY-5347: superpathway of L-methionine biosynthesis (transsulfuration)|g__Citrobacter.s__Citrobacter_braakii	224.9487088640
PWY-5347: superpathway of L-methionine biosynthesis (transsulfuration)|unclassified	109.0250391139
PWY-561: superpathway of glyoxylate cycle and fatty acid degradation	25551.0093650597
PWY-561: superpathway of glyoxylate cycle and fatty acid degradation|g__Klebsiella.s__Klebsiella_pneumoniae	14487.2148439656
PWY-561: superpathway of glyoxylate cycle and fatty acid degradation|g__Escherichia.s__Escherichia_coli	2922.2392147264
PWY-561: superpathway of glyoxylate cycle and fatty acid degradation|g__Klebsiella.s__Klebsiella_oxytoca	1576.5332704069
PWY-561: superpathway of glyoxylate cycle and fatty acid degradation|g__Citrobacter.s__Citrobacter_koseri	258.5910471159
PWY-561: superpathway of glyoxylate cycle and fatty acid degradation|unclassified	120.3815930941
PWY-6122: 5-aminoimidazole ribonucleotide biosynthesis II	25398.3920467050
PWY-6122: 5-aminoimidazole ribonucleotide biosynthesis II|g__Klebsiella.s__Klebsiella_pneumoniae	11480.2237672470
PWY-6122: 5-aminoimidazole ribonucleotide biosynthesis II|g__Escherichia.s__Escherichia_coli	3112.2817871737
PWY-6122: 5-aminoimidazole ribonucleotide biosynthesis II|g__Klebsiella.s__Klebsiella_oxytoca	1850.0186878771
PWY-6122: 5-aminoimidazole ribonucleotide biosynthesis II|g__Bilophila.s__Bilophila_wadsworthia	782.9320028685
PWY-6122: 5-aminoimidazole ribonucleotide biosynthesis II|g__Streptococcus.s__Streptococcus_thermophilus	686.8285791458
PWY-6122: 5-aminoimidazole ribonucleotide biosynthesis II|g__Veillonella.s__Veillonella_atypica	646.8021497889
PWY-6122: 5-aminoimidazole ribonucleotide biosynthesis II|g__Citrobacter.s__Citrobacter_freundii	495.0667798529
PWY-6122: 5-aminoimidazole ribonucleotide biosynthesis II|g__Lactobacillus.s__Lactobacillus_plantarum	447.6887057668
PWY-6122: 5-aminoimidazole ribonucleotide biosynthesis II|g__Selenomonas.s__Selenomonas_artemidis	393.4566843375
PWY-6122: 5-aminoimidazole ribonucleotide biosynthesis II|g__Klebsiella.s__Klebsiella_michiganensis	315.4293905549
PWY-6122: 5-aminoimidazole ribonucleotide biosynthesis II|g__Sutterella.s__Sutterella_sp_CAG_351	251.4601390805
PWY-6122: 5-aminoimidazole ribonucleotide biosynthesis II|g__Citrobacter.s__Citrobacter_koseri	247.0190696494
PWY-6122: 5-aminoimidazole ribonucleotide biosynthesis II|unclassified	231.1233094285
PWY-6122: 5-aminoimidazole ribonucleotide biosynthesis II|g__Lactobacillus.s__Lactobacillus_murinus	211.9056945775
PWY-6122: 5-aminoimidazole ribonucleotide biosynthesis II|g__Megasphaera.s__Megasphaera_micronuciformis	142.4478338924
PWY-6122: 5-aminoimidazole ribonucleotide biosynthesis II|g__Citrobacter.s__Citrobacter_braakii	141.7415477060
PWY-6122: 5-aminoimidazole ribonucleotide biosynthesis II|g__Lactobacillus.s__Lactobacillus_rhamnosus	98.2844320638
PWY-6122: 5-aminoimidazole ribonucleotide biosynthesis II|g__Lactobacillus.s__Lactobacillus_pentosus	66.7694848273
PWY-6122: 5-aminoimidazole ribonucleotide biosynthesis II|g__Dialister.s__Dialister_invisus	66.5214518199
PWY-6122: 5-aminoimidazole ribonucleotide biosynthesis II|g__Lactococcus.s__Lactococcus_lactis	22.4585774436
PWY-6122: 5-aminoimidazole ribonucleotide biosynthesis II|g__Veillonella.s__Veillonella_dispar	19.2488802361
PWY-6122: 5-aminoimidazole ribonucleotide biosynthesis II|g__Morganella.s__Morganella_morganii	12.2551180742
PWY-6122: 5-aminoimidazole ribonucleotide biosynthesis II|g__Veillonella.s__Veillonella_parvula	6.1070156772
PWY-6122: 5-aminoimidazole ribonucleotide biosynthesis II|g__Veillonella.s__Veillonella_infantium	3.6065454431
PWY-6122: 5-aminoimidazole ribonucleotide biosynthesis II|g__Escherichia.s__Escherichia_fergusonii	2.3702371011
PWY-6122: 5-aminoimidazole ribonucleotide biosynthesis II|g__Klebsiella.s__Klebsiella_aerogenes	2.3688922943
PWY-6277: superpathway of 5-aminoimidazole ribonucleotide biosynthesis	25398.3920467050
PWY-6277: superpathway of 5-aminoimidazole ribonucleotide biosynthesis|g__Klebsiella.s__Klebsiella_pneumoniae	11480.2237672470
PWY-6277: superpathway of 5-aminoimidazole ribonucleotide biosynthesis|g__Escherichia.s__Escherichia_coli	3112.2817871737
PWY-6277: superpathway of 5-aminoimidazole ribonucleotide biosynthesis|g__Klebsiella.s__Klebsiella_oxytoca	1850.0186878771
PWY-6277: superpathway of 5-aminoimidazole ribonucleotide biosynthesis|g__Bilophila.s__Bilophila_wadsworthia	782.9320028685
PWY-6277: superpathway of 5-aminoimidazole ribonucleotide biosynthesis|g__Streptococcus.s__Streptococcus_thermophilus	686.8285791458
PWY-6277: superpathway of 5-aminoimidazole ribonucleotide biosynthesis|g__Veillonella.s__Veillonella_atypica	646.8021497889
PWY-6277: superpathway of 5-aminoimidazole ribonucleotide biosynthesis|g__Citrobacter.s__Citrobacter_freundii	495.0667798529
PWY-6277: superpathway of 5-aminoimidazole ribonucleotide biosynthesis|g__Lactobacillus.s__Lactobacillus_plantarum	447.6887057668
PWY-6277: superpathway of 5-aminoimidazole ribonucleotide biosynthesis|g__Selenomonas.s__Selenomonas_artemidis	393.4566843375
PWY-6277: superpathway of 5-aminoimidazole ribonucleotide biosynthesis|g__Klebsiella.s__Klebsiella_michiganensis	315.4293905549
PWY-6277: superpathway of 5-aminoimidazole ribonucleotide biosynthesis|g__Sutterella.s__Sutterella_sp_CAG_351	251.4601390805
PWY-6277: superpathway of 5-aminoimidazole ribonucleotide biosynthesis|g__Citrobacter.s__Citrobacter_koseri	247.0190696494
PWY-6277: superpathway of 5-aminoimidazole ribonucleotide biosynthesis|unclassified	231.1233094285
PWY-6277: superpathway of 5-aminoimidazole ribonucleotide biosynthesis|g__Lactobacillus.s__Lactobacillus_murinus	211.9056945775
PWY-6277: superpathway of 5-aminoimidazole ribonucleotide biosynthesis|g__Megasphaera.s__Megasphaera_micronuciformis	142.4478338924
PWY-6277: superpathway of 5-aminoimidazole ribonucleotide biosynthesis|g__Citrobacter.s__Citrobacter_braakii	141.7415477060
PWY-6277: superpathway of 5-aminoimidazole ribonucleotide biosynthesis|g__Lactobacillus.s__Lactobacillus_rhamnosus	98.2844320638
PWY-6277: superpathway of 5-aminoimidazole ribonucleotide biosynthesis|g__Lactobacillus.s__Lactobacillus_pentosus	66.7694848273
PWY-6277: superpathway of 5-aminoimidazole ribonucleotide biosynthesis|g__Dialister.s__Dialister_invisus	66.5214518199
PWY-6277: superpathway of 5-aminoimidazole ribonucleotide biosynthesis|g__Lactococcus.s__Lactococcus_lactis	22.4585774436
PWY-6277: superpathway of 5-aminoimidazole ribonucleotide biosynthesis|g__Veillonella.s__Veillonella_dispar	19.2488802361
PWY-6277: superpathway of 5-aminoimidazole ribonucleotide biosynthesis|g__Morganella.s__Morganella_morganii	12.2551180742
PWY-6277: superpathway of 5-aminoimidazole ribonucleotide biosynthesis|g__Veillonella.s__Veillonella_parvula	6.1070156772
PWY-6277: superpathway of 5-aminoimidazole ribonucleotide biosynthesis|g__Veillonella.s__Veillonella_infantium	3.6065454431
PWY-6277: superpathway of 5-aminoimidazole ribonucleotide biosynthesis|g__Escherichia.s__Escherichia_fergusonii	2.3702371011
PWY-6277: superpathway of 5-aminoimidazole ribonucleotide biosynthesis|g__Klebsiella.s__Klebsiella_aerogenes	2.3688922943
PWY-7345: superpathway of anaerobic sucrose degradation	25389.1052410339
PWY-7345: superpathway of anaerobic sucrose degradation|g__Klebsiella.s__Klebsiella_pneumoniae	11497.9913111651
PWY-7345: superpathway of anaerobic sucrose degradation|g__Escherichia.s__Escherichia_coli	2928.0883055440
PWY-7345: superpathway of anaerobic sucrose degradation|g__Klebsiella.s__Klebsiella_oxytoca	2688.5271635406
PWY-7345: superpathway of anaerobic sucrose degradation|g__Klebsiella.s__Klebsiella_michiganensis	510.3867243575
PWY-7345: superpathway of anaerobic sucrose degradation|g__Citrobacter.s__Citrobacter_freundii	338.1335067297
PWY-7345: superpathway of anaerobic sucrose degradation|g__Citrobacter.s__Citrobacter_koseri	245.8649459129
PWY-7345: superpathway of anaerobic sucrose degradation|g__Lactobacillus.s__Lactobacillus_plantarum	115.3590259031
PWY-7345: superpathway of anaerobic sucrose degradation|unclassified	37.3604026653
PWY-6901: superpathway of glucose and xylose degradation	25375.7030488290
PWY-6901: superpathway of glucose and xylose degradation|g__Klebsiella.s__Klebsiella_pneumoniae	11378.7099704133
PWY-6901: superpathway of glucose and xylose degradation|g__Escherichia.s__Escherichia_coli	3015.5692697289
PWY-6901: superpathway of glucose and xylose degradation|g__Klebsiella.s__Klebsiella_oxytoca	2901.5428409966
PWY-6901: superpathway of glucose and xylose degradation|g__Klebsiella.s__Klebsiella_michiganensis	407.4907174287
PWY-6901: superpathway of glucose and xylose degradation|g__Citrobacter.s__Citrobacter_koseri	325.0008022383
PWY-6901: superpathway of glucose and xylose degradation|g__Citrobacter.s__Citrobacter_freundii	243.9814654906
PWY-6901: superpathway of glucose and xylose degradation|unclassified	134.8194039486
PWY-6901: superpathway of glucose and xylose degradation|g__Citrobacter.s__Citrobacter_braakii	17.5093238534
TRNA-CHARGING-PWY: tRNA charging	25332.3260415248
TRNA-CHARGING-PWY: tRNA charging|g__Klebsiella.s__Klebsiella_pneumoniae	14832.9864649300
TRNA-CHARGING-PWY: tRNA charging|g__Escherichia.s__Escherichia_coli	2648.1357900975
TRNA-CHARGING-PWY: tRNA charging|g__Klebsiella.s__Klebsiella_oxytoca	1805.7728048378
TRNA-CHARGING-PWY: tRNA charging|g__Streptococcus.s__Streptococcus_thermophilus	699.5439263314
TRNA-CHARGING-PWY: tRNA charging|g__Citrobacter.s__Citrobacter_freundii	373.1566821131
TRNA-CHARGING-PWY: tRNA charging|g__Klebsiella.s__Klebsiella_michiganensis	328.2924795704
TRNA-CHARGING-PWY: tRNA charging|g__Citrobacter.s__Citrobacter_koseri	295.4596361343
TRNA-CHARGING-PWY: tRNA charging|g__Citrobacter.s__Citrobacter_braakii	235.3819724029
TRNA-CHARGING-PWY: tRNA charging|g__Lactobacillus.s__Lactobacillus_rhamnosus	99.1857249765
TRNA-CHARGING-PWY: tRNA charging|g__Morganella.s__Morganella_morganii	10.6352097376
TRNA-CHARGING-PWY: tRNA charging|g__Lactobacillus.s__Lactobacillus_plantarum	6.1490540350
TRNA-CHARGING-PWY: tRNA charging|g__Prevotella.s__Prevotella_jejuni	5.6785763124
TRNA-CHARGING-PWY: tRNA charging|g__Escherichia.s__Escherichia_fergusonii	4.0178956000
PWY-621: sucrose degradation III (sucrose invertase)	25138.3960319370
PWY-621: sucrose degradation III (sucrose invertase)|g__Klebsiella.s__Klebsiella_pneumoniae	14207.3109010002
PWY-621: sucrose degradation III (sucrose invertase)|g__Klebsiella.s__Klebsiella_oxytoca	2708.7576860040
PWY-621: sucrose degradation III (sucrose invertase)|g__Escherichia.s__Escherichia_coli	1697.2729300317
PWY-621: sucrose degradation III (sucrose invertase)|g__Streptococcus.s__Streptococcus_thermophilus	600.1198646084
PWY-621: sucrose degradation III (sucrose invertase)|g__Klebsiella.s__Klebsiella_michiganensis	523.1515752994
PWY-621: sucrose degradation III (sucrose invertase)|g__Citrobacter.s__Citrobacter_freundii	198.6956166918
PWY-621: sucrose degradation III (sucrose invertase)|g__Citrobacter.s__Citrobacter_koseri	163.5011219956
PWY-621: sucrose degradation III (sucrose invertase)|unclassified	133.5753631080
PWY-621: sucrose degradation III (sucrose invertase)|g__Lactobacillus.s__Lactobacillus_plantarum	50.9368141972
PWY-621: sucrose degradation III (sucrose invertase)|g__Lactobacillus.s__Lactobacillus_pentosus	24.4929158266
PWY-5484: glycolysis II (from fructose 6-phosphate)	24993.2134867836
PWY-5484: glycolysis II (from fructose 6-phosphate)|g__Klebsiella.s__Klebsiella_pneumoniae	11952.7568494873
PWY-5484: glycolysis II (from fructose 6-phosphate)|g__Escherichia.s__Escherichia_coli	2645.8867741953
PWY-5484: glycolysis II (from fructose 6-phosphate)|g__Klebsiella.s__Klebsiella_oxytoca	2380.8291901113
PWY-5484: glycolysis II (from fructose 6-phosphate)|g__Citrobacter.s__Citrobacter_freundii	500.8669499263
PWY-5484: glycolysis II (from fructose 6-phosphate)|g__Klebsiella.s__Klebsiella_michiganensis	484.4411637121
PWY-5484: glycolysis II (from fructose 6-phosphate)|g__Citrobacter.s__Citrobacter_braakii	312.5650994188
PWY-5484: glycolysis II (from fructose 6-phosphate)|g__Citrobacter.s__Citrobacter_koseri	293.3824608233
PWY-5484: glycolysis II (from fructose 6-phosphate)|g__Lactobacillus.s__Lactobacillus_rhamnosus	121.3697955763
PWY-5484: glycolysis II (from fructose 6-phosphate)|g__Lactobacillus.s__Lactobacillus_plantarum	110.8146530446
PWY-5484: glycolysis II (from fructose 6-phosphate)|unclassified	32.4439977641
PWY-5484: glycolysis II (from fructose 6-phosphate)|g__Morganella.s__Morganella_morganii	5.8791822082
ORNDEG-PWY: superpathway of ornithine degradation	24757.6954113306
ORNDEG-PWY: superpathway of ornithine degradation|g__Klebsiella.s__Klebsiella_pneumoniae	16042.6611675554
ORNDEG-PWY: superpathway of ornithine degradation|g__Escherichia.s__Escherichia_coli	6213.0867095409
ORNDEG-PWY: superpathway of ornithine degradation|g__Klebsiella.s__Klebsiella_oxytoca	2023.5364191680
ORNDEG-PWY: superpathway of ornithine degradation|g__Citrobacter.s__Citrobacter_braakii	616.6535788316
ORNDEG-PWY: superpathway of ornithine degradation|g__Citrobacter.s__Citrobacter_koseri	313.7311706257
ORNDEG-PWY: superpathway of ornithine degradation|g__Klebsiella.s__Klebsiella_michiganensis	254.2878077083
ORNDEG-PWY: superpathway of ornithine degradation|unclassified	236.7946157079
ORNDEG-PWY: superpathway of ornithine degradation|g__Citrobacter.s__Citrobacter_freundii	207.5285069726
PWY-4041: &gamma;-glutamyl cycle	24671.0957671071
PWY-4041: &gamma;-glutamyl cycle|g__Klebsiella.s__Klebsiella_pneumoniae	14605.6854666587
PWY-4041: &gamma;-glutamyl cycle|g__Escherichia.s__Escherichia_coli	3761.0900984488
PWY-4041: &gamma;-glutamyl cycle|g__Klebsiella.s__Klebsiella_oxytoca	2262.2538180988
PWY-4041: &gamma;-glutamyl cycle|g__Citrobacter.s__Citrobacter_freundii	976.1492104848
PWY-4041: &gamma;-glutamyl cycle|g__Streptococcus.s__Streptococcus_thermophilus	486.1725982021
PWY-4041: &gamma;-glutamyl cycle|g__Citrobacter.s__Citrobacter_braakii	454.1803230527
PWY-4041: &gamma;-glutamyl cycle|g__Citrobacter.s__Citrobacter_koseri	368.5813099738
PWY-4041: &gamma;-glutamyl cycle|g__Klebsiella.s__Klebsiella_michiganensis	349.7576100214
PWY-4041: &gamma;-glutamyl cycle|unclassified	177.5061533576
PWY-4041: &gamma;-glutamyl cycle|g__Escherichia.s__Escherichia_fergusonii	3.2048009353
PWY-4041: &gamma;-glutamyl cycle|g__Morganella.s__Morganella_morganii	2.6979593798
PWY-4041: &gamma;-glutamyl cycle|g__Citrobacter.s__Citrobacter_amalonaticus	2.4197510866
BIOTIN-BIOSYNTHESIS-PWY: biotin biosynthesis I	24365.7185144094
BIOTIN-BIOSYNTHESIS-PWY: biotin biosynthesis I|g__Klebsiella.s__Klebsiella_pneumoniae	12788.6536560859
BIOTIN-BIOSYNTHESIS-PWY: biotin biosynthesis I|g__Klebsiella.s__Klebsiella_oxytoca	2936.6522841194
BIOTIN-BIOSYNTHESIS-PWY: biotin biosynthesis I|g__Escherichia.s__Escherichia_coli	2666.3803640246
BIOTIN-BIOSYNTHESIS-PWY: biotin biosynthesis I|g__Citrobacter.s__Citrobacter_freundii	278.9202100391
BIOTIN-BIOSYNTHESIS-PWY: biotin biosynthesis I|g__Citrobacter.s__Citrobacter_koseri	270.3649955590
BIOTIN-BIOSYNTHESIS-PWY: biotin biosynthesis I|g__Klebsiella.s__Klebsiella_michiganensis	248.6592522940
BIOTIN-BIOSYNTHESIS-PWY: biotin biosynthesis I|g__Morganella.s__Morganella_morganii	15.8440587761
GLUCONEO-PWY: gluconeogenesis I	24330.8702744372
GLUCONEO-PWY: gluconeogenesis I|g__Klebsiella.s__Klebsiella_pneumoniae	11132.2274990792
GLUCONEO-PWY: gluconeogenesis I|g__Klebsiella.s__Klebsiella_oxytoca	2876.0804880744
GLUCONEO-PWY: gluconeogenesis I|g__Escherichia.s__Escherichia_coli	2755.3444889629
GLUCONEO-PWY: gluconeogenesis I|g__Citrobacter.s__Citrobacter_freundii	583.5738497474
GLUCONEO-PWY: gluconeogenesis I|g__Klebsiella.s__Klebsiella_michiganensis	509.6985199960
GLUCONEO-PWY: gluconeogenesis I|g__Citrobacter.s__Citrobacter_braakii	324.6712395454
GLUCONEO-PWY: gluconeogenesis I|g__Citrobacter.s__Citrobacter_koseri	296.3633161914
GLUCONEO-PWY: gluconeogenesis I|g__Lactobacillus.s__Lactobacillus_plantarum	103.9764292309
GLUCONEO-PWY: gluconeogenesis I|unclassified	90.0633102659
GLUCONEO-PWY: gluconeogenesis I|g__Escherichia.s__Escherichia_fergusonii	2.1285156782
HISDEG-PWY: L-histidine degradation I	24084.7322783450
HISDEG-PWY: L-histidine degradation I|g__Klebsiella.s__Klebsiella_pneumoniae	11447.7447047075
HISDEG-PWY: L-histidine degradation I|g__Klebsiella.s__Klebsiella_aerogenes	6446.7911834395
HISDEG-PWY: L-histidine degradation I|g__Klebsiella.s__Klebsiella_oxytoca	2700.8841937308
HISDEG-PWY: L-histidine degradation I|g__Escherichia.s__Escherichia_coli	1092.5832228623
HISDEG-PWY: L-histidine degradation I|g__Klebsiella.s__Klebsiella_michiganensis	222.6559544323
HISDEG-PWY: L-histidine degradation I|g__Citrobacter.s__Citrobacter_koseri	168.5324324919
HISDEG-PWY: L-histidine degradation I|g__Citrobacter.s__Citrobacter_freundii	124.8131097020
HISDEG-PWY: L-histidine degradation I|unclassified	16.0699300104
PWY-724: superpathway of L-lysine, L-threonine and L-methionine biosynthesis II	24026.5634728515
PWY-724: superpathway of L-lysine, L-threonine and L-methionine biosynthesis II|g__Klebsiella.s__Klebsiella_pneumoniae	13844.0143004916
PWY-724: superpathway of L-lysine, L-threonine and L-methionine biosynthesis II|g__Klebsiella.s__Klebsiella_oxytoca	2586.0968521620
PWY-724: superpathway of L-lysine, L-threonine and L-methionine biosynthesis II|g__Escherichia.s__Escherichia_coli	2089.7619934680
PWY-724: superpathway of L-lysine, L-threonine and L-methionine biosynthesis II|g__Veillonella.s__Veillonella_atypica	636.8720906689
PWY-724: superpathway of L-lysine, L-threonine and L-methionine biosynthesis II|g__Selenomonas.s__Selenomonas_artemidis	361.1638763529
PWY-724: superpathway of L-lysine, L-threonine and L-methionine biosynthesis II|g__Citrobacter.s__Citrobacter_freundii	328.4049315408
PWY-724: superpathway of L-lysine, L-threonine and L-methionine biosynthesis II|g__Klebsiella.s__Klebsiella_michiganensis	269.0744097362
PWY-724: superpathway of L-lysine, L-threonine and L-methionine biosynthesis II|g__Citrobacter.s__Citrobacter_koseri	251.7670618649
PWY-724: superpathway of L-lysine, L-threonine and L-methionine biosynthesis II|g__Megasphaera.s__Megasphaera_micronuciformis	139.0601999969
PWY-724: superpathway of L-lysine, L-threonine and L-methionine biosynthesis II|unclassified	111.2344645491
PWY-724: superpathway of L-lysine, L-threonine and L-methionine biosynthesis II|g__Lactobacillus.s__Lactobacillus_pentosus	67.4821104306
PWY-724: superpathway of L-lysine, L-threonine and L-methionine biosynthesis II|g__Lactobacillus.s__Lactobacillus_plantarum	60.7081358924
PWY-724: superpathway of L-lysine, L-threonine and L-methionine biosynthesis II|g__Dialister.s__Dialister_invisus	51.0755077205
METSYN-PWY: superpathway of L-homoserine and L-methionine biosynthesis	23890.8448592380
METSYN-PWY: superpathway of L-homoserine and L-methionine biosynthesis|g__Klebsiella.s__Klebsiella_pneumoniae	13078.7424392627
METSYN-PWY: superpathway of L-homoserine and L-methionine biosynthesis|g__Escherichia.s__Escherichia_coli	3096.6388434378
METSYN-PWY: superpathway of L-homoserine and L-methionine biosynthesis|g__Klebsiella.s__Klebsiella_oxytoca	3037.4090472283
METSYN-PWY: superpathway of L-homoserine and L-methionine biosynthesis|g__Klebsiella.s__Klebsiella_michiganensis	436.8780323251
METSYN-PWY: superpathway of L-homoserine and L-methionine biosynthesis|g__Citrobacter.s__Citrobacter_freundii	422.6469364020
METSYN-PWY: superpathway of L-homoserine and L-methionine biosynthesis|g__Citrobacter.s__Citrobacter_koseri	318.3085896657
METSYN-PWY: superpathway of L-homoserine and L-methionine biosynthesis|g__Citrobacter.s__Citrobacter_braakii	205.2723497791
METSYN-PWY: superpathway of L-homoserine and L-methionine biosynthesis|unclassified	109.8650192207
GLYCOGENSYNTH-PWY: glycogen biosynthesis I (from ADP-D-Glucose)	23862.9747667296
GLYCOGENSYNTH-PWY: glycogen biosynthesis I (from ADP-D-Glucose)|g__Klebsiella.s__Klebsiella_pneumoniae	15703.9713814391
GLYCOGENSYNTH-PWY: glycogen biosynthesis I (from ADP-D-Glucose)|g__Escherichia.s__Escherichia_coli	2365.0990063174
GLYCOGENSYNTH-PWY: glycogen biosynthesis I (from ADP-D-Glucose)|g__Klebsiella.s__Klebsiella_oxytoca	2209.2921774261
GLYCOGENSYNTH-PWY: glycogen biosynthesis I (from ADP-D-Glucose)|g__Citrobacter.s__Citrobacter_braakii	660.6132730708
GLYCOGENSYNTH-PWY: glycogen biosynthesis I (from ADP-D-Glucose)|g__Selenomonas.s__Selenomonas_artemidis	458.0492753802
GLYCOGENSYNTH-PWY: glycogen biosynthesis I (from ADP-D-Glucose)|g__Klebsiella.s__Klebsiella_michiganensis	440.1098468000
GLYCOGENSYNTH-PWY: glycogen biosynthesis I (from ADP-D-Glucose)|g__Citrobacter.s__Citrobacter_koseri	362.1117546737
GLYCOGENSYNTH-PWY: glycogen biosynthesis I (from ADP-D-Glucose)|g__Citrobacter.s__Citrobacter_freundii	321.3242453614
GLYCOGENSYNTH-PWY: glycogen biosynthesis I (from ADP-D-Glucose)|g__Lactobacillus.s__Lactobacillus_plantarum	175.4538022854
GLYCOGENSYNTH-PWY: glycogen biosynthesis I (from ADP-D-Glucose)|g__Lactobacillus.s__Lactobacillus_murinus	163.5567867000
GLYCOGENSYNTH-PWY: glycogen biosynthesis I (from ADP-D-Glucose)|unclassified	114.0466862418
GLYCOGENSYNTH-PWY: glycogen biosynthesis I (from ADP-D-Glucose)|g__Lactobacillus.s__Lactobacillus_rhamnosus	99.8136120830
GLYCOGENSYNTH-PWY: glycogen biosynthesis I (from ADP-D-Glucose)|g__Lactobacillus.s__Lactobacillus_pentosus	55.0551129656
GLYCOGENSYNTH-PWY: glycogen biosynthesis I (from ADP-D-Glucose)|g__Fusobacterium.s__Fusobacterium_nucleatum	13.9534965275
PWY-6121: 5-aminoimidazole ribonucleotide biosynthesis I	23718.2278396409
PWY-6121: 5-aminoimidazole ribonucleotide biosynthesis I|g__Klebsiella.s__Klebsiella_pneumoniae	10674.8882024962
PWY-6121: 5-aminoimidazole ribonucleotide biosynthesis I|g__Escherichia.s__Escherichia_coli	2794.5522252406
PWY-6121: 5-aminoimidazole ribonucleotide biosynthesis I|g__Klebsiella.s__Klebsiella_oxytoca	1912.0889553565
PWY-6121: 5-aminoimidazole ribonucleotide biosynthesis I|g__Bilophila.s__Bilophila_wadsworthia	804.9351270830
PWY-6121: 5-aminoimidazole ribonucleotide biosynthesis I|g__Streptococcus.s__Streptococcus_thermophilus	756.6007747081
PWY-6121: 5-aminoimidazole ribonucleotide biosynthesis I|g__Veillonella.s__Veillonella_atypica	675.6783303400
PWY-6121: 5-aminoimidazole ribonucleotide biosynthesis I|g__Selenomonas.s__Selenomonas_artemidis	380.2035303006
PWY-6121: 5-aminoimidazole ribonucleotide biosynthesis I|g__Citrobacter.s__Citrobacter_freundii	331.9808265472
PWY-6121: 5-aminoimidazole ribonucleotide biosynthesis I|g__Lactobacillus.s__Lactobacillus_plantarum	321.8585786776
PWY-6121: 5-aminoimidazole ribonucleotide biosynthesis I|g__Klebsiella.s__Klebsiella_michiganensis	287.2187409296
PWY-6121: 5-aminoimidazole ribonucleotide biosynthesis I|unclassified	262.9272371282
PWY-6121: 5-aminoimidazole ribonucleotide biosynthesis I|g__Sutterella.s__Sutterella_sp_CAG_351	237.9120880163
PWY-6121: 5-aminoimidazole ribonucleotide biosynthesis I|g__Citrobacter.s__Citrobacter_koseri	224.8468039691
PWY-6121: 5-aminoimidazole ribonucleotide biosynthesis I|g__Lactobacillus.s__Lactobacillus_murinus	212.2707485434
PWY-6121: 5-aminoimidazole ribonucleotide biosynthesis I|g__Megasphaera.s__Megasphaera_micronuciformis	148.3410703601
PWY-6121: 5-aminoimidazole ribonucleotide biosynthesis I|g__Lactobacillus.s__Lactobacillus_rhamnosus	97.9765974698
PWY-6121: 5-aminoimidazole ribonucleotide biosynthesis I|g__Dialister.s__Dialister_invisus	64.7826053005
PWY-6121: 5-aminoimidazole ribonucleotide biosynthesis I|g__Lactobacillus.s__Lactobacillus_pentosus	56.8974136429
PWY-6121: 5-aminoimidazole ribonucleotide biosynthesis I|g__Citrobacter.s__Citrobacter_braakii	32.8996726807
PWY-6121: 5-aminoimidazole ribonucleotide biosynthesis I|g__Lactococcus.s__Lactococcus_lactis	23.2321542691
PWY-6121: 5-aminoimidazole ribonucleotide biosynthesis I|g__Morganella.s__Morganella_morganii	14.8809310664
PWY-6121: 5-aminoimidazole ribonucleotide biosynthesis I|g__Veillonella.s__Veillonella_dispar	12.8879875845
PWY-6121: 5-aminoimidazole ribonucleotide biosynthesis I|g__Veillonella.s__Veillonella_parvula	7.0594623467
PWY-6121: 5-aminoimidazole ribonucleotide biosynthesis I|g__Veillonella.s__Veillonella_infantium	4.0391862379
PWY-6121: 5-aminoimidazole ribonucleotide biosynthesis I|g__Klebsiella.s__Klebsiella_aerogenes	2.9598860797
TCA: TCA cycle I (prokaryotic)	23606.5891947268
TCA: TCA cycle I (prokaryotic)|g__Klebsiella.s__Klebsiella_pneumoniae	13877.1584945115
TCA: TCA cycle I (prokaryotic)|g__Escherichia.s__Escherichia_coli	2749.9936003350
TCA: TCA cycle I (prokaryotic)|g__Klebsiella.s__Klebsiella_oxytoca	1259.2018951702
TCA: TCA cycle I (prokaryotic)|g__Citrobacter.s__Citrobacter_koseri	255.0091303080
TCA: TCA cycle I (prokaryotic)|unclassified	85.2204491718
GLUCOSE1PMETAB-PWY: glucose and glucose-1-phosphate degradation	23567.7250309833
GLUCOSE1PMETAB-PWY: glucose and glucose-1-phosphate degradation|g__Klebsiella.s__Klebsiella_pneumoniae	14474.3195830237
GLUCOSE1PMETAB-PWY: glucose and glucose-1-phosphate degradation|g__Klebsiella.s__Klebsiella_oxytoca	3608.0315024550
GLUCOSE1PMETAB-PWY: glucose and glucose-1-phosphate degradation|g__Escherichia.s__Escherichia_coli	2586.3305057052
GLUCOSE1PMETAB-PWY: glucose and glucose-1-phosphate degradation|g__Klebsiella.s__Klebsiella_aerogenes	1243.6346969334
GLUCOSE1PMETAB-PWY: glucose and glucose-1-phosphate degradation|g__Citrobacter.s__Citrobacter_braakii	991.1444287097
GLUCOSE1PMETAB-PWY: glucose and glucose-1-phosphate degradation|g__Citrobacter.s__Citrobacter_freundii	591.4373341384
GLUCOSE1PMETAB-PWY: glucose and glucose-1-phosphate degradation|unclassified	546.2428854485
GLUCOSE1PMETAB-PWY: glucose and glucose-1-phosphate degradation|g__Klebsiella.s__Klebsiella_michiganensis	439.5637400021
GLUCOSE1PMETAB-PWY: glucose and glucose-1-phosphate degradation|g__Citrobacter.s__Citrobacter_koseri	365.9221589390
GLUCOSE1PMETAB-PWY: glucose and glucose-1-phosphate degradation|g__Citrobacter.s__Citrobacter_amalonaticus	185.6719455206
GLUCOSE1PMETAB-PWY: glucose and glucose-1-phosphate degradation|g__Morganella.s__Morganella_morganii	11.2174401988
GLUCOSE1PMETAB-PWY: glucose and glucose-1-phosphate degradation|g__Escherichia.s__Escherichia_fergusonii	6.5312122475
ANAEROFRUCAT-PWY: homolactic fermentation	23484.3500212126
ANAEROFRUCAT-PWY: homolactic fermentation|g__Klebsiella.s__Klebsiella_pneumoniae	11916.2357266395
ANAEROFRUCAT-PWY: homolactic fermentation|g__Klebsiella.s__Klebsiella_oxytoca	2239.9964930081
ANAEROFRUCAT-PWY: homolactic fermentation|g__Escherichia.s__Escherichia_coli	2121.2325175093
ANAEROFRUCAT-PWY: homolactic fermentation|g__Citrobacter.s__Citrobacter_freundii	402.1765090720
ANAEROFRUCAT-PWY: homolactic fermentation|g__Klebsiella.s__Klebsiella_michiganensis	401.8670373620
ANAEROFRUCAT-PWY: homolactic fermentation|g__Citrobacter.s__Citrobacter_koseri	252.6779669581
ANAEROFRUCAT-PWY: homolactic fermentation|g__Citrobacter.s__Citrobacter_braakii	170.1166853721
ANAEROFRUCAT-PWY: homolactic fermentation|g__Lactobacillus.s__Lactobacillus_rhamnosus	121.9427531162
ANAEROFRUCAT-PWY: homolactic fermentation|g__Lactobacillus.s__Lactobacillus_plantarum	100.4380152963
ANAEROFRUCAT-PWY: homolactic fermentation|unclassified	40.3927171795
ARGSYNBSUB-PWY: L-arginine biosynthesis II (acetyl cycle)	23401.5429101528
ARGSYNBSUB-PWY: L-arginine biosynthesis II (acetyl cycle)|g__Klebsiella.s__Klebsiella_pneumoniae	10592.2756871543
ARGSYNBSUB-PWY: L-arginine biosynthesis II (acetyl cycle)|g__Escherichia.s__Escherichia_coli	2449.6870326625
ARGSYNBSUB-PWY: L-arginine biosynthesis II (acetyl cycle)|g__Klebsiella.s__Klebsiella_oxytoca	2332.2265577570
ARGSYNBSUB-PWY: L-arginine biosynthesis II (acetyl cycle)|g__Bilophila.s__Bilophila_wadsworthia	826.3601281262
ARGSYNBSUB-PWY: L-arginine biosynthesis II (acetyl cycle)|g__Streptococcus.s__Streptococcus_thermophilus	706.7189837874
ARGSYNBSUB-PWY: L-arginine biosynthesis II (acetyl cycle)|g__Citrobacter.s__Citrobacter_braakii	399.2747349676
ARGSYNBSUB-PWY: L-arginine biosynthesis II (acetyl cycle)|g__Selenomonas.s__Selenomonas_artemidis	392.1597757100
ARGSYNBSUB-PWY: L-arginine biosynthesis II (acetyl cycle)|g__Citrobacter.s__Citrobacter_freundii	371.9333524207
ARGSYNBSUB-PWY: L-arginine biosynthesis II (acetyl cycle)|g__Citrobacter.s__Citrobacter_koseri	291.8544961142
ARGSYNBSUB-PWY: L-arginine biosynthesis II (acetyl cycle)|g__Klebsiella.s__Klebsiella_michiganensis	259.2656648209
ARGSYNBSUB-PWY: L-arginine biosynthesis II (acetyl cycle)|g__Lactobacillus.s__Lactobacillus_plantarum	169.0847555531
ARGSYNBSUB-PWY: L-arginine biosynthesis II (acetyl cycle)|unclassified	153.5392625256
ARGSYNBSUB-PWY: L-arginine biosynthesis II (acetyl cycle)|g__Lactobacillus.s__Lactobacillus_pentosus	57.9111276881
PWY-5154: L-arginine biosynthesis III (via N-acetyl-L-citrulline)	23386.9194098444
PWY-5154: L-arginine biosynthesis III (via N-acetyl-L-citrulline)|g__Klebsiella.s__Klebsiella_pneumoniae	11995.2040871459
PWY-5154: L-arginine biosynthesis III (via N-acetyl-L-citrulline)|g__Klebsiella.s__Klebsiella_oxytoca	2331.5081843479
PWY-5154: L-arginine biosynthesis III (via N-acetyl-L-citrulline)|g__Escherichia.s__Escherichia_coli	2162.0576461727
PWY-5154: L-arginine biosynthesis III (via N-acetyl-L-citrulline)|g__Citrobacter.s__Citrobacter_freundii	277.4061463078
PWY-5154: L-arginine biosynthesis III (via N-acetyl-L-citrulline)|g__Klebsiella.s__Klebsiella_michiganensis	273.5412465475
PWY-5154: L-arginine biosynthesis III (via N-acetyl-L-citrulline)|g__Citrobacter.s__Citrobacter_braakii	263.2105870634
PWY-5154: L-arginine biosynthesis III (via N-acetyl-L-citrulline)|g__Citrobacter.s__Citrobacter_koseri	201.8848108756
PWY-5154: L-arginine biosynthesis III (via N-acetyl-L-citrulline)|g__Lactobacillus.s__Lactobacillus_pentosus	50.1673685191
PWY-5154: L-arginine biosynthesis III (via N-acetyl-L-citrulline)|g__Lactobacillus.s__Lactobacillus_plantarum	9.6601727783
DAPLYSINESYN-PWY: L-lysine biosynthesis I	23362.0199434276
DAPLYSINESYN-PWY: L-lysine biosynthesis I|g__Klebsiella.s__Klebsiella_pneumoniae	13276.3682279148
DAPLYSINESYN-PWY: L-lysine biosynthesis I|g__Escherichia.s__Escherichia_coli	2857.4604122279
DAPLYSINESYN-PWY: L-lysine biosynthesis I|g__Klebsiella.s__Klebsiella_oxytoca	2842.1679419545
DAPLYSINESYN-PWY: L-lysine biosynthesis I|g__Klebsiella.s__Klebsiella_michiganensis	426.1243434688
DAPLYSINESYN-PWY: L-lysine biosynthesis I|g__Citrobacter.s__Citrobacter_freundii	288.9101150071
DAPLYSINESYN-PWY: L-lysine biosynthesis I|g__Citrobacter.s__Citrobacter_koseri	270.0166653044
DAPLYSINESYN-PWY: L-lysine biosynthesis I|g__Citrobacter.s__Citrobacter_braakii	189.2926761244
DAPLYSINESYN-PWY: L-lysine biosynthesis I|unclassified	80.2996822233
PWY-7118: chitin deacetylation	23269.6890149453
PWY-7118: chitin deacetylation|g__Klebsiella.s__Klebsiella_pneumoniae	11657.3239681129
PWY-7118: chitin deacetylation|g__Escherichia.s__Escherichia_coli	4762.6608821467
PWY-7118: chitin deacetylation|g__Klebsiella.s__Klebsiella_oxytoca	2531.7541208637
PWY-7118: chitin deacetylation|g__Citrobacter.s__Citrobacter_koseri	296.2728246278
PWY-7118: chitin deacetylation|g__Klebsiella.s__Klebsiella_michiganensis	251.6246629647
PWY-7118: chitin deacetylation|g__Citrobacter.s__Citrobacter_freundii	221.8266369396
PWY-7118: chitin deacetylation|unclassified	169.6290803056
PWY-7118: chitin deacetylation|g__Citrobacter.s__Citrobacter_braakii	146.8057586232
MET-SAM-PWY: superpathway of S-adenosyl-L-methionine biosynthesis	23161.7745527466
MET-SAM-PWY: superpathway of S-adenosyl-L-methionine biosynthesis|g__Klebsiella.s__Klebsiella_pneumoniae	12711.7242787673
MET-SAM-PWY: superpathway of S-adenosyl-L-methionine biosynthesis|g__Escherichia.s__Escherichia_coli	2531.9971965143
MET-SAM-PWY: superpathway of S-adenosyl-L-methionine biosynthesis|g__Klebsiella.s__Klebsiella_oxytoca	2467.4294293612
MET-SAM-PWY: superpathway of S-adenosyl-L-methionine biosynthesis|g__Klebsiella.s__Klebsiella_michiganensis	419.6926375467
MET-SAM-PWY: superpathway of S-adenosyl-L-methionine biosynthesis|g__Citrobacter.s__Citrobacter_koseri	331.7835699151
MET-SAM-PWY: superpathway of S-adenosyl-L-methionine biosynthesis|g__Citrobacter.s__Citrobacter_braakii	209.2326637200
MET-SAM-PWY: superpathway of S-adenosyl-L-methionine biosynthesis|g__Citrobacter.s__Citrobacter_freundii	190.9198926496
MET-SAM-PWY: superpathway of S-adenosyl-L-methionine biosynthesis|unclassified	113.5598556387
PWY-5686: UMP biosynthesis I	22817.5245662138
PWY-5686: UMP biosynthesis I|g__Klebsiella.s__Klebsiella_pneumoniae	12910.2723827098
PWY-5686: UMP biosynthesis I|g__Klebsiella.s__Klebsiella_oxytoca	2033.0720846008
PWY-5686: UMP biosynthesis I|g__Escherichia.s__Escherichia_coli	1946.6434791255
PWY-5686: UMP biosynthesis I|g__Bilophila.s__Bilophila_wadsworthia	855.5712006449
PWY-5686: UMP biosynthesis I|g__Veillonella.s__Veillonella_atypica	794.9919790435
PWY-5686: UMP biosynthesis I|g__Streptococcus.s__Streptococcus_thermophilus	659.2667159538
PWY-5686: UMP biosynthesis I|g__Klebsiella.s__Klebsiella_michiganensis	517.2796102183
PWY-5686: UMP biosynthesis I|g__Citrobacter.s__Citrobacter_freundii	476.0037731574
PWY-5686: UMP biosynthesis I|g__Selenomonas.s__Selenomonas_artemidis	416.4920859999
PWY-5686: UMP biosynthesis I|g__Citrobacter.s__Citrobacter_koseri	254.1063391788
PWY-5686: UMP biosynthesis I|g__Citrobacter.s__Citrobacter_braakii	230.1809349208
PWY-5686: UMP biosynthesis I|g__Megasphaera.s__Megasphaera_micronuciformis	184.8459422136
PWY-5686: UMP biosynthesis I|g__Lactobacillus.s__Lactobacillus_murinus	172.6657041542
PWY-5686: UMP biosynthesis I|g__Lactobacillus.s__Lactobacillus_plantarum	106.1155812776
PWY-5686: UMP biosynthesis I|unclassified	95.3928852042
PWY-5686: UMP biosynthesis I|g__Lactobacillus.s__Lactobacillus_rhamnosus	92.0603544428
PWY-5686: UMP biosynthesis I|g__Lactobacillus.s__Lactobacillus_pentosus	62.4317782990
PWY-5686: UMP biosynthesis I|g__Dialister.s__Dialister_invisus	53.5946748245
PWY-5686: UMP biosynthesis I|g__Veillonella.s__Veillonella_parvula	9.4166868859
PWY-7790: UMP biosynthesis II	22817.5245662138
PWY-7790: UMP biosynthesis II|g__Klebsiella.s__Klebsiella_pneumoniae	11615.0638485721
PWY-7790: UMP biosynthesis II|g__Klebsiella.s__Klebsiella_oxytoca	2033.0720846008
PWY-7790: UMP biosynthesis II|g__Escherichia.s__Escherichia_coli	1946.6434791255
PWY-7790: UMP biosynthesis II|g__Bilophila.s__Bilophila_wadsworthia	855.5712006449
PWY-7790: UMP biosynthesis II|g__Veillonella.s__Veillonella_atypica	794.9919790435
PWY-7790: UMP biosynthesis II|g__Streptococcus.s__Streptococcus_thermophilus	659.2667159538
PWY-7790: UMP biosynthesis II|g__Klebsiella.s__Klebsiella_michiganensis	475.9391832263
PWY-7790: UMP biosynthesis II|g__Selenomonas.s__Selenomonas_artemidis	416.4920859999
PWY-7790: UMP biosynthesis II|g__Citrobacter.s__Citrobacter_koseri	234.7326782862
PWY-7790: UMP biosynthesis II|g__Citrobacter.s__Citrobacter_freundii	220.1948525957
PWY-7790: UMP biosynthesis II|g__Megasphaera.s__Megasphaera_micronuciformis	184.8459422136
PWY-7790: UMP biosynthesis II|g__Lactobacillus.s__Lactobacillus_plantarum	177.2861802171
PWY-7790: UMP biosynthesis II|g__Lactobacillus.s__Lactobacillus_murinus	172.6657041542
PWY-7790: UMP biosynthesis II|g__Lactobacillus.s__Lactobacillus_rhamnosus	92.0603544428
PWY-7790: UMP biosynthesis II|g__Lactobacillus.s__Lactobacillus_pentosus	67.6317100969
PWY-7790: UMP biosynthesis II|unclassified	58.2337402049
PWY-7790: UMP biosynthesis II|g__Dialister.s__Dialister_invisus	53.5946748245
PWY-7790: UMP biosynthesis II|g__Veillonella.s__Veillonella_parvula	9.4166868859
PWY-7791: UMP biosynthesis III	22817.5245662138
PWY-7791: UMP biosynthesis III|g__Klebsiella.s__Klebsiella_pneumoniae	11615.0638485721
PWY-7791: UMP biosynthesis III|g__Klebsiella.s__Klebsiella_oxytoca	2033.0720846008
PWY-7791: UMP biosynthesis III|g__Escherichia.s__Escherichia_coli	1946.6434791255
PWY-7791: UMP biosynthesis III|g__Bilophila.s__Bilophila_wadsworthia	855.5712006449
PWY-7791: UMP biosynthesis III|g__Veillonella.s__Veillonella_atypica	794.9919790435
PWY-7791: UMP biosynthesis III|g__Streptococcus.s__Streptococcus_thermophilus	659.2667159538
PWY-7791: UMP biosynthesis III|g__Klebsiella.s__Klebsiella_michiganensis	475.9391832263
PWY-7791: UMP biosynthesis III|g__Selenomonas.s__Selenomonas_artemidis	416.4920859999
PWY-7791: UMP biosynthesis III|g__Citrobacter.s__Citrobacter_koseri	234.7326782862
PWY-7791: UMP biosynthesis III|g__Citrobacter.s__Citrobacter_freundii	220.1948525957
PWY-7791: UMP biosynthesis III|g__Megasphaera.s__Megasphaera_micronuciformis	184.8459422136
PWY-7791: UMP biosynthesis III|g__Lactobacillus.s__Lactobacillus_murinus	172.6657041542
PWY-7791: UMP biosynthesis III|g__Lactobacillus.s__Lactobacillus_plantarum	106.1155812776
PWY-7791: UMP biosynthesis III|g__Lactobacillus.s__Lactobacillus_rhamnosus	92.0603544428
PWY-7791: UMP biosynthesis III|g__Lactobacillus.s__Lactobacillus_pentosus	62.4317782990
PWY-7791: UMP biosynthesis III|unclassified	58.2337402049
PWY-7791: UMP biosynthesis III|g__Dialister.s__Dialister_invisus	53.5946748245
PWY-7791: UMP biosynthesis III|g__Fusobacterium.s__Fusobacterium_nucleatum	16.3943017937
PWY-7791: UMP biosynthesis III|g__Veillonella.s__Veillonella_parvula	9.4166868859
TCA-GLYOX-BYPASS: superpathway of glyoxylate bypass and TCA	22813.7379730333
TCA-GLYOX-BYPASS: superpathway of glyoxylate bypass and TCA|g__Klebsiella.s__Klebsiella_pneumoniae	13355.7250272227
TCA-GLYOX-BYPASS: superpathway of glyoxylate bypass and TCA|g__Escherichia.s__Escherichia_coli	2773.0904450281
TCA-GLYOX-BYPASS: superpathway of glyoxylate bypass and TCA|g__Klebsiella.s__Klebsiella_oxytoca	1355.7674862081
TCA-GLYOX-BYPASS: superpathway of glyoxylate bypass and TCA|g__Citrobacter.s__Citrobacter_koseri	252.9405683933
TCA-GLYOX-BYPASS: superpathway of glyoxylate bypass and TCA|unclassified	82.5775694488
PWY-6385: peptidoglycan biosynthesis III (mycobacteria)	22783.7789474525
PWY-6385: peptidoglycan biosynthesis III (mycobacteria)|g__Klebsiella.s__Klebsiella_pneumoniae	10801.2529520360
PWY-6385: peptidoglycan biosynthesis III (mycobacteria)|g__Escherichia.s__Escherichia_coli	2995.8259314174
PWY-6385: peptidoglycan biosynthesis III (mycobacteria)|g__Klebsiella.s__Klebsiella_oxytoca	2026.5355768254
PWY-6385: peptidoglycan biosynthesis III (mycobacteria)|g__Bilophila.s__Bilophila_wadsworthia	853.2983734203
PWY-6385: peptidoglycan biosynthesis III (mycobacteria)|g__Streptococcus.s__Streptococcus_thermophilus	743.6467448215
PWY-6385: peptidoglycan biosynthesis III (mycobacteria)|g__Veillonella.s__Veillonella_atypica	658.0791746501
PWY-6385: peptidoglycan biosynthesis III (mycobacteria)|g__Selenomonas.s__Selenomonas_artemidis	394.0243617038
PWY-6385: peptidoglycan biosynthesis III (mycobacteria)|g__Klebsiella.s__Klebsiella_michiganensis	355.2499652814
PWY-6385: peptidoglycan biosynthesis III (mycobacteria)|g__Citrobacter.s__Citrobacter_koseri	239.3655385192
PWY-6385: peptidoglycan biosynthesis III (mycobacteria)|unclassified	182.2414294624
PWY-6385: peptidoglycan biosynthesis III (mycobacteria)|g__Megasphaera.s__Megasphaera_micronuciformis	145.3504694253
PWY-6385: peptidoglycan biosynthesis III (mycobacteria)|g__Citrobacter.s__Citrobacter_freundii	145.0397414558
PWY-6385: peptidoglycan biosynthesis III (mycobacteria)|g__Lactobacillus.s__Lactobacillus_rhamnosus	110.9632532674
PWY-6385: peptidoglycan biosynthesis III (mycobacteria)|g__Dialister.s__Dialister_invisus	55.0655901803
PWY-6385: peptidoglycan biosynthesis III (mycobacteria)|g__Citrobacter.s__Citrobacter_braakii	46.2774530300
PWY-6385: peptidoglycan biosynthesis III (mycobacteria)|g__Lactobacillus.s__Lactobacillus_pentosus	40.5003813041
PWY-6385: peptidoglycan biosynthesis III (mycobacteria)|g__Lactobacillus.s__Lactobacillus_plantarum	35.7843284580
PWY-6385: peptidoglycan biosynthesis III (mycobacteria)|g__Veillonella.s__Veillonella_dispar	21.1340962486
PWY-6385: peptidoglycan biosynthesis III (mycobacteria)|g__Morganella.s__Morganella_morganii	15.9772422278
PWY-6385: peptidoglycan biosynthesis III (mycobacteria)|g__Prevotella.s__Prevotella_melaninogenica	13.0685019429
PWY-6385: peptidoglycan biosynthesis III (mycobacteria)|g__Veillonella.s__Veillonella_parvula	6.1629069012
PWY-6385: peptidoglycan biosynthesis III (mycobacteria)|g__Prevotella.s__Prevotella_jejuni	5.3074049346
PWY-6385: peptidoglycan biosynthesis III (mycobacteria)|g__Klebsiella.s__Klebsiella_aerogenes	1.8860095965
ARGSYN-PWY: L-arginine biosynthesis I (via L-ornithine)	22553.7675484423
ARGSYN-PWY: L-arginine biosynthesis I (via L-ornithine)|g__Klebsiella.s__Klebsiella_pneumoniae	10876.2227545025
ARGSYN-PWY: L-arginine biosynthesis I (via L-ornithine)|g__Escherichia.s__Escherichia_coli	2532.1910679164
ARGSYN-PWY: L-arginine biosynthesis I (via L-ornithine)|g__Klebsiella.s__Klebsiella_oxytoca	2161.6176788626
ARGSYN-PWY: L-arginine biosynthesis I (via L-ornithine)|g__Streptococcus.s__Streptococcus_thermophilus	697.8096896862
ARGSYN-PWY: L-arginine biosynthesis I (via L-ornithine)|g__Citrobacter.s__Citrobacter_freundii	451.3672032078
ARGSYN-PWY: L-arginine biosynthesis I (via L-ornithine)|g__Selenomonas.s__Selenomonas_artemidis	397.0243387123
ARGSYN-PWY: L-arginine biosynthesis I (via L-ornithine)|g__Citrobacter.s__Citrobacter_braakii	389.3572687118
ARGSYN-PWY: L-arginine biosynthesis I (via L-ornithine)|g__Citrobacter.s__Citrobacter_koseri	334.3171672838
ARGSYN-PWY: L-arginine biosynthesis I (via L-ornithine)|g__Klebsiella.s__Klebsiella_michiganensis	313.5943101701
ARGSYN-PWY: L-arginine biosynthesis I (via L-ornithine)|g__Lactobacillus.s__Lactobacillus_plantarum	159.0661882832
ARGSYN-PWY: L-arginine biosynthesis I (via L-ornithine)|unclassified	138.6374668152
ARGSYN-PWY: L-arginine biosynthesis I (via L-ornithine)|g__Lactobacillus.s__Lactobacillus_pentosus	53.8205322373
PWY0-1297: superpathway of purine deoxyribonucleosides degradation	22546.1875911182
PWY0-1297: superpathway of purine deoxyribonucleosides degradation|g__Klebsiella.s__Klebsiella_pneumoniae	10294.2008544459
PWY0-1297: superpathway of purine deoxyribonucleosides degradation|g__Klebsiella.s__Klebsiella_oxytoca	2720.2734021915
PWY0-1297: superpathway of purine deoxyribonucleosides degradation|g__Escherichia.s__Escherichia_coli	2583.7701285415
PWY0-1297: superpathway of purine deoxyribonucleosides degradation|g__Streptococcus.s__Streptococcus_thermophilus	872.5487297551
PWY0-1297: superpathway of purine deoxyribonucleosides degradation|g__Citrobacter.s__Citrobacter_braakii	592.4359889409
PWY0-1297: superpathway of purine deoxyribonucleosides degradation|g__Klebsiella.s__Klebsiella_michiganensis	423.5302564514
PWY0-1297: superpathway of purine deoxyribonucleosides degradation|g__Citrobacter.s__Citrobacter_koseri	278.3767991908
PWY0-1297: superpathway of purine deoxyribonucleosides degradation|g__Citrobacter.s__Citrobacter_freundii	199.2442030421
PWY0-1297: superpathway of purine deoxyribonucleosides degradation|g__Lactobacillus.s__Lactobacillus_rhamnosus	85.9390969481
PWY0-1297: superpathway of purine deoxyribonucleosides degradation|g__Escherichia.s__Escherichia_fergusonii	19.6382109329
PWY0-1297: superpathway of purine deoxyribonucleosides degradation|g__Lactococcus.s__Lactococcus_lactis	17.1547504307
PWY0-1297: superpathway of purine deoxyribonucleosides degradation|g__Klebsiella.s__Klebsiella_aerogenes	4.7132832940
PWY0-1297: superpathway of purine deoxyribonucleosides degradation|g__Morganella.s__Morganella_morganii	2.6611326143
PWY0-1296: purine ribonucleosides degradation	22483.6873567348
PWY0-1296: purine ribonucleosides degradation|g__Klebsiella.s__Klebsiella_pneumoniae	11603.2041762515
PWY0-1296: purine ribonucleosides degradation|g__Escherichia.s__Escherichia_coli	2841.5930683812
PWY0-1296: purine ribonucleosides degradation|g__Klebsiella.s__Klebsiella_oxytoca	2641.3891228509
PWY0-1296: purine ribonucleosides degradation|g__Streptococcus.s__Streptococcus_thermophilus	892.7969479031
PWY0-1296: purine ribonucleosides degradation|g__Citrobacter.s__Citrobacter_braakii	675.3868829357
PWY0-1296: purine ribonucleosides degradation|g__Veillonella.s__Veillonella_atypica	542.3664055829
PWY0-1296: purine ribonucleosides degradation|g__Selenomonas.s__Selenomonas_artemidis	493.7472697777
PWY0-1296: purine ribonucleosides degradation|g__Klebsiella.s__Klebsiella_michiganensis	409.0538958043
PWY0-1296: purine ribonucleosides degradation|g__Citrobacter.s__Citrobacter_koseri	339.8676208501
PWY0-1296: purine ribonucleosides degradation|g__Megasphaera.s__Megasphaera_micronuciformis	192.5966142191
PWY0-1296: purine ribonucleosides degradation|g__Lactobacillus.s__Lactobacillus_murinus	184.3367106465
PWY0-1296: purine ribonucleosides degradation|g__Citrobacter.s__Citrobacter_freundii	152.8341097029
PWY0-1296: purine ribonucleosides degradation|g__Lactobacillus.s__Lactobacillus_rhamnosus	106.1160598626
PWY0-1296: purine ribonucleosides degradation|g__Morganella.s__Morganella_morganii	31.6048296840
PWY0-1296: purine ribonucleosides degradation|g__Escherichia.s__Escherichia_fergusonii	28.1841114665
PWY0-1296: purine ribonucleosides degradation|g__Lactococcus.s__Lactococcus_lactis	23.0981625705
PWY0-1296: purine ribonucleosides degradation|g__Leptotrichia.s__Leptotrichia_wadei	20.0932301124
PWY0-1296: purine ribonucleosides degradation|g__Klebsiella.s__Klebsiella_aerogenes	4.3231220263
PWY-7400: L-arginine biosynthesis IV (archaebacteria)	22327.4487029676
PWY-7400: L-arginine biosynthesis IV (archaebacteria)|g__Klebsiella.s__Klebsiella_pneumoniae	9863.4606315189
PWY-7400: L-arginine biosynthesis IV (archaebacteria)|g__Escherichia.s__Escherichia_coli	2408.1974368013
PWY-7400: L-arginine biosynthesis IV (archaebacteria)|g__Klebsiella.s__Klebsiella_oxytoca	2107.0255009344
PWY-7400: L-arginine biosynthesis IV (archaebacteria)|g__Citrobacter.s__Citrobacter_freundii	420.3146706335
PWY-7400: L-arginine biosynthesis IV (archaebacteria)|g__Citrobacter.s__Citrobacter_braakii	371.7030398043
PWY-7400: L-arginine biosynthesis IV (archaebacteria)|g__Klebsiella.s__Klebsiella_michiganensis	302.4265859774
PWY-7400: L-arginine biosynthesis IV (archaebacteria)|g__Citrobacter.s__Citrobacter_koseri	297.3687942820
PWY-7400: L-arginine biosynthesis IV (archaebacteria)|g__Lactobacillus.s__Lactobacillus_pentosus	52.7586852998
PWY-7400: L-arginine biosynthesis IV (archaebacteria)|g__Lactobacillus.s__Lactobacillus_plantarum	14.4724560580
GLYOXYLATE-BYPASS: glyoxylate cycle	22317.9702159483
GLYOXYLATE-BYPASS: glyoxylate cycle|g__Klebsiella.s__Klebsiella_pneumoniae	14496.5711877685
GLYOXYLATE-BYPASS: glyoxylate cycle|g__Escherichia.s__Escherichia_coli	2715.5247599281
GLYOXYLATE-BYPASS: glyoxylate cycle|g__Klebsiella.s__Klebsiella_oxytoca	1945.2956385871
GLYOXYLATE-BYPASS: glyoxylate cycle|g__Citrobacter.s__Citrobacter_koseri	275.7883497657
GLYOXYLATE-BYPASS: glyoxylate cycle|g__Klebsiella.s__Klebsiella_michiganensis	265.4663956240
GLYOXYLATE-BYPASS: glyoxylate cycle|g__Citrobacter.s__Citrobacter_freundii	264.6025620978
GLYOXYLATE-BYPASS: glyoxylate cycle|unclassified	242.0491219119
GLYOXYLATE-BYPASS: glyoxylate cycle|g__Citrobacter.s__Citrobacter_braakii	163.9303271867
GLYOXYLATE-BYPASS: glyoxylate cycle|g__Proteus.s__Proteus_mirabilis	4.1242367896
PWY-6609: adenine and adenosine salvage III	22283.5840027779
PWY-6609: adenine and adenosine salvage III|g__Klebsiella.s__Klebsiella_pneumoniae	12503.6232843657
PWY-6609: adenine and adenosine salvage III|g__Klebsiella.s__Klebsiella_oxytoca	2020.6529452670
PWY-6609: adenine and adenosine salvage III|g__Escherichia.s__Escherichia_coli	1865.4297512971
PWY-6609: adenine and adenosine salvage III|g__Streptococcus.s__Streptococcus_thermophilus	809.1917047028
PWY-6609: adenine and adenosine salvage III|g__Bilophila.s__Bilophila_wadsworthia	741.2716885777
PWY-6609: adenine and adenosine salvage III|g__Citrobacter.s__Citrobacter_braakii	570.9380351018
PWY-6609: adenine and adenosine salvage III|g__Veillonella.s__Veillonella_atypica	536.7935052823
PWY-6609: adenine and adenosine salvage III|g__Klebsiella.s__Klebsiella_michiganensis	422.1240643667
PWY-6609: adenine and adenosine salvage III|g__Selenomonas.s__Selenomonas_artemidis	406.8723962047
PWY-6609: adenine and adenosine salvage III|g__Citrobacter.s__Citrobacter_koseri	291.4371763193
PWY-6609: adenine and adenosine salvage III|g__Morganella.s__Morganella_morganii	239.5829583201
PWY-6609: adenine and adenosine salvage III|unclassified	213.2308392267
PWY-6609: adenine and adenosine salvage III|g__Megasphaera.s__Megasphaera_micronuciformis	196.5111785314
PWY-6609: adenine and adenosine salvage III|g__Lactobacillus.s__Lactobacillus_murinus	155.0086194269
PWY-6609: adenine and adenosine salvage III|g__Citrobacter.s__Citrobacter_freundii	131.7558256050
PWY-6609: adenine and adenosine salvage III|g__Citrobacter.s__Citrobacter_amalonaticus	90.8808343095
PWY-6609: adenine and adenosine salvage III|g__Lactobacillus.s__Lactobacillus_rhamnosus	89.2121249269
PWY-6609: adenine and adenosine salvage III|g__Dialister.s__Dialister_invisus	61.1326113122
PWY-6609: adenine and adenosine salvage III|g__Lactococcus.s__Lactococcus_lactis	22.9534688119
PWY-6609: adenine and adenosine salvage III|g__Leptotrichia.s__Leptotrichia_wadei	17.7308320730
PWY-6609: adenine and adenosine salvage III|g__Fusobacterium.s__Fusobacterium_nucleatum	10.1314595930
PWY-6609: adenine and adenosine salvage III|g__Escherichia.s__Escherichia_fergusonii	4.5969722233
PWY-6609: adenine and adenosine salvage III|g__Klebsiella.s__Klebsiella_aerogenes	2.3099726101
PWY-7229: superpathway of adenosine nucleotides de novo biosynthesis I	22241.0940766100
PWY-7229: superpathway of adenosine nucleotides de novo biosynthesis I|g__Klebsiella.s__Klebsiella_pneumoniae	7923.3809229582
PWY-7229: superpathway of adenosine nucleotides de novo biosynthesis I|g__Klebsiella.s__Klebsiella_oxytoca	1811.8990868290
PWY-7229: superpathway of adenosine nucleotides de novo biosynthesis I|g__Escherichia.s__Escherichia_coli	1596.3693509726
PWY-7229: superpathway of adenosine nucleotides de novo biosynthesis I|g__Veillonella.s__Veillonella_atypica	823.9267749840
PWY-7229: superpathway of adenosine nucleotides de novo biosynthesis I|g__Streptococcus.s__Streptococcus_thermophilus	809.8480976529
PWY-7229: superpathway of adenosine nucleotides de novo biosynthesis I|g__Bilophila.s__Bilophila_wadsworthia	790.4349095336
PWY-7229: superpathway of adenosine nucleotides de novo biosynthesis I|g__Sutterella.s__Sutterella_sp_CAG_351	409.2243259872
PWY-7229: superpathway of adenosine nucleotides de novo biosynthesis I|g__Citrobacter.s__Citrobacter_braakii	402.0886981493
PWY-7229: superpathway of adenosine nucleotides de novo biosynthesis I|g__Citrobacter.s__Citrobacter_freundii	397.3462619845
PWY-7229: superpathway of adenosine nucleotides de novo biosynthesis I|g__Klebsiella.s__Klebsiella_michiganensis	365.5181037386
PWY-7229: superpathway of adenosine nucleotides de novo biosynthesis I|g__Citrobacter.s__Citrobacter_koseri	231.3389546794
PWY-7229: superpathway of adenosine nucleotides de novo biosynthesis I|g__Lactobacillus.s__Lactobacillus_rhamnosus	135.5184717469
PWY-7229: superpathway of adenosine nucleotides de novo biosynthesis I|g__Lactobacillus.s__Lactobacillus_pentosus	101.6856396123
PWY-7229: superpathway of adenosine nucleotides de novo biosynthesis I|g__Lactobacillus.s__Lactobacillus_plantarum	99.7413573731
PWY-7229: superpathway of adenosine nucleotides de novo biosynthesis I|unclassified	33.6762935314
PWY-7229: superpathway of adenosine nucleotides de novo biosynthesis I|g__Veillonella.s__Veillonella_infantium	13.4719394797
PWY-7229: superpathway of adenosine nucleotides de novo biosynthesis I|g__Citrobacter.s__Citrobacter_amalonaticus	3.1205496883
PWY-6969: TCA cycle V (2-oxoglutarate synthase)	22231.9195139151
PWY-6969: TCA cycle V (2-oxoglutarate synthase)|g__Klebsiella.s__Klebsiella_pneumoniae	12980.5593299353
PWY-6969: TCA cycle V (2-oxoglutarate synthase)|g__Escherichia.s__Escherichia_coli	2459.7429798711
PWY-6969: TCA cycle V (2-oxoglutarate synthase)|g__Klebsiella.s__Klebsiella_oxytoca	1197.6229317327
PWY-6969: TCA cycle V (2-oxoglutarate synthase)|g__Citrobacter.s__Citrobacter_koseri	255.0091303080
PWY-6969: TCA cycle V (2-oxoglutarate synthase)|unclassified	85.2204491718
RHAMCAT-PWY: L-rhamnose degradation I	22149.9373242926
RHAMCAT-PWY: L-rhamnose degradation I|g__Klebsiella.s__Klebsiella_pneumoniae	13031.4271867363
RHAMCAT-PWY: L-rhamnose degradation I|g__Escherichia.s__Escherichia_coli	2713.8717285781
RHAMCAT-PWY: L-rhamnose degradation I|g__Klebsiella.s__Klebsiella_oxytoca	2461.6239990386
RHAMCAT-PWY: L-rhamnose degradation I|g__Klebsiella.s__Klebsiella_aerogenes	1593.3714836273
RHAMCAT-PWY: L-rhamnose degradation I|g__Citrobacter.s__Citrobacter_braakii	334.3714367250
RHAMCAT-PWY: L-rhamnose degradation I|g__Klebsiella.s__Klebsiella_michiganensis	327.7296718766
RHAMCAT-PWY: L-rhamnose degradation I|g__Citrobacter.s__Citrobacter_koseri	251.8729308287
RHAMCAT-PWY: L-rhamnose degradation I|g__Citrobacter.s__Citrobacter_freundii	251.4933815883
RHAMCAT-PWY: L-rhamnose degradation I|g__Lactobacillus.s__Lactobacillus_rhamnosus	137.3718769605
RHAMCAT-PWY: L-rhamnose degradation I|g__Lactobacillus.s__Lactobacillus_plantarum	128.9253915665
RHAMCAT-PWY: L-rhamnose degradation I|unclassified	89.2348078198
RHAMCAT-PWY: L-rhamnose degradation I|g__Escherichia.s__Escherichia_fergusonii	2.1358847299
PWY-6629: superpathway of L-tryptophan biosynthesis	21954.4953674851
PWY-6629: superpathway of L-tryptophan biosynthesis|g__Klebsiella.s__Klebsiella_pneumoniae	9403.7659844699
PWY-6629: superpathway of L-tryptophan biosynthesis|g__Escherichia.s__Escherichia_coli	2478.5858283792
PWY-6629: superpathway of L-tryptophan biosynthesis|g__Klebsiella.s__Klebsiella_oxytoca	2350.1599121326
PWY-6629: superpathway of L-tryptophan biosynthesis|g__Streptococcus.s__Streptococcus_thermophilus	770.3830875524
PWY-6629: superpathway of L-tryptophan biosynthesis|g__Klebsiella.s__Klebsiella_michiganensis	239.8248567099
PWY-6629: superpathway of L-tryptophan biosynthesis|g__Citrobacter.s__Citrobacter_koseri	219.5115486270
PWY-6629: superpathway of L-tryptophan biosynthesis|g__Citrobacter.s__Citrobacter_freundii	145.5521421755
PWY-6629: superpathway of L-tryptophan biosynthesis|g__Lactobacillus.s__Lactobacillus_pentosus	50.5839679105
GLUTORN-PWY: L-ornithine biosynthesis I	21883.8849778618
GLUTORN-PWY: L-ornithine biosynthesis I|g__Klebsiella.s__Klebsiella_pneumoniae	10922.1517604129
GLUTORN-PWY: L-ornithine biosynthesis I|g__Escherichia.s__Escherichia_coli	2783.9457062073
GLUTORN-PWY: L-ornithine biosynthesis I|g__Klebsiella.s__Klebsiella_oxytoca	2744.4446453885
GLUTORN-PWY: L-ornithine biosynthesis I|g__Streptococcus.s__Streptococcus_thermophilus	674.2819698706
GLUTORN-PWY: L-ornithine biosynthesis I|g__Klebsiella.s__Klebsiella_michiganensis	457.9418608645
GLUTORN-PWY: L-ornithine biosynthesis I|g__Citrobacter.s__Citrobacter_braakii	379.2550712937
GLUTORN-PWY: L-ornithine biosynthesis I|g__Selenomonas.s__Selenomonas_artemidis	372.2315623803
GLUTORN-PWY: L-ornithine biosynthesis I|g__Citrobacter.s__Citrobacter_koseri	311.8223270434
GLUTORN-PWY: L-ornithine biosynthesis I|g__Citrobacter.s__Citrobacter_freundii	224.0697789211
GLUTORN-PWY: L-ornithine biosynthesis I|g__Lactobacillus.s__Lactobacillus_plantarum	177.3396995001
GLUTORN-PWY: L-ornithine biosynthesis I|unclassified	103.5476365403
GLUTORN-PWY: L-ornithine biosynthesis I|g__Lactobacillus.s__Lactobacillus_pentosus	61.7378589795
PWY-7220: adenosine deoxyribonucleotides de novo biosynthesis II	21791.2817434432
PWY-7220: adenosine deoxyribonucleotides de novo biosynthesis II|g__Klebsiella.s__Klebsiella_pneumoniae	11686.6771710730
PWY-7220: adenosine deoxyribonucleotides de novo biosynthesis II|g__Klebsiella.s__Klebsiella_oxytoca	2045.0492893588
PWY-7220: adenosine deoxyribonucleotides de novo biosynthesis II|g__Escherichia.s__Escherichia_coli	1301.9990972650
PWY-7220: adenosine deoxyribonucleotides de novo biosynthesis II|g__Klebsiella.s__Klebsiella_michiganensis	894.4713050272
PWY-7220: adenosine deoxyribonucleotides de novo biosynthesis II|g__Bilophila.s__Bilophila_wadsworthia	823.6411501917
PWY-7220: adenosine deoxyribonucleotides de novo biosynthesis II|g__Veillonella.s__Veillonella_atypica	784.1087382991
PWY-7220: adenosine deoxyribonucleotides de novo biosynthesis II|g__Citrobacter.s__Citrobacter_freundii	703.0300518577
PWY-7220: adenosine deoxyribonucleotides de novo biosynthesis II|g__Streptococcus.s__Streptococcus_thermophilus	697.7330881553
PWY-7220: adenosine deoxyribonucleotides de novo biosynthesis II|g__Citrobacter.s__Citrobacter_braakii	324.9088520789
PWY-7220: adenosine deoxyribonucleotides de novo biosynthesis II|g__Sutterella.s__Sutterella_sp_CAG_351	297.8703337819
PWY-7220: adenosine deoxyribonucleotides de novo biosynthesis II|g__Citrobacter.s__Citrobacter_koseri	182.8632795795
PWY-7220: adenosine deoxyribonucleotides de novo biosynthesis II|g__Lactobacillus.s__Lactobacillus_plantarum	133.6162080148
PWY-7220: adenosine deoxyribonucleotides de novo biosynthesis II|g__Lactobacillus.s__Lactobacillus_rhamnosus	117.6192479727
PWY-7220: adenosine deoxyribonucleotides de novo biosynthesis II|g__Lactobacillus.s__Lactobacillus_pentosus	82.9360825778
PWY-7220: adenosine deoxyribonucleotides de novo biosynthesis II|g__Veillonella.s__Veillonella_infantium	34.7733758910
PWY-7220: adenosine deoxyribonucleotides de novo biosynthesis II|unclassified	12.0474493421
PWY-7220: adenosine deoxyribonucleotides de novo biosynthesis II|g__Citrobacter.s__Citrobacter_amalonaticus	2.8705047622
PWY-7222: guanosine deoxyribonucleotides de novo biosynthesis II	21791.2817434432
PWY-7222: guanosine deoxyribonucleotides de novo biosynthesis II|g__Klebsiella.s__Klebsiella_pneumoniae	11686.6771710730
PWY-7222: guanosine deoxyribonucleotides de novo biosynthesis II|g__Klebsiella.s__Klebsiella_oxytoca	2045.0492893588
PWY-7222: guanosine deoxyribonucleotides de novo biosynthesis II|g__Escherichia.s__Escherichia_coli	1301.9990972650
PWY-7222: guanosine deoxyribonucleotides de novo biosynthesis II|g__Klebsiella.s__Klebsiella_michiganensis	894.4713050272
PWY-7222: guanosine deoxyribonucleotides de novo biosynthesis II|g__Bilophila.s__Bilophila_wadsworthia	823.6411501917
PWY-7222: guanosine deoxyribonucleotides de novo biosynthesis II|g__Veillonella.s__Veillonella_atypica	784.1087382991
PWY-7222: guanosine deoxyribonucleotides de novo biosynthesis II|g__Citrobacter.s__Citrobacter_freundii	703.0300518577
PWY-7222: guanosine deoxyribonucleotides de novo biosynthesis II|g__Streptococcus.s__Streptococcus_thermophilus	697.7330881553
PWY-7222: guanosine deoxyribonucleotides de novo biosynthesis II|g__Citrobacter.s__Citrobacter_braakii	324.9088520789
PWY-7222: guanosine deoxyribonucleotides de novo biosynthesis II|g__Sutterella.s__Sutterella_sp_CAG_351	297.8703337819
PWY-7222: guanosine deoxyribonucleotides de novo biosynthesis II|g__Citrobacter.s__Citrobacter_koseri	182.8632795795
PWY-7222: guanosine deoxyribonucleotides de novo biosynthesis II|g__Lactobacillus.s__Lactobacillus_plantarum	133.6162080148
PWY-7222: guanosine deoxyribonucleotides de novo biosynthesis II|g__Lactobacillus.s__Lactobacillus_rhamnosus	117.6192479727
PWY-7222: guanosine deoxyribonucleotides de novo biosynthesis II|g__Lactobacillus.s__Lactobacillus_pentosus	82.9360825778
PWY-7222: guanosine deoxyribonucleotides de novo biosynthesis II|g__Veillonella.s__Veillonella_infantium	34.7733758910
PWY-7222: guanosine deoxyribonucleotides de novo biosynthesis II|unclassified	12.0474493421
PWY-7222: guanosine deoxyribonucleotides de novo biosynthesis II|g__Citrobacter.s__Citrobacter_amalonaticus	2.8705047622
PWY-702: L-methionine biosynthesis II	21752.9296180910
PWY-702: L-methionine biosynthesis II|g__Klebsiella.s__Klebsiella_pneumoniae	11632.7852216983
PWY-702: L-methionine biosynthesis II|g__Klebsiella.s__Klebsiella_oxytoca	2647.3779236164
PWY-702: L-methionine biosynthesis II|g__Escherichia.s__Escherichia_coli	1109.0647085278
PWY-702: L-methionine biosynthesis II|g__Streptococcus.s__Streptococcus_thermophilus	796.5987130726
PWY-702: L-methionine biosynthesis II|g__Veillonella.s__Veillonella_atypica	630.6209405991
PWY-702: L-methionine biosynthesis II|g__Citrobacter.s__Citrobacter_freundii	608.4248574439
PWY-702: L-methionine biosynthesis II|g__Klebsiella.s__Klebsiella_michiganensis	333.5538677831
PWY-702: L-methionine biosynthesis II|g__Citrobacter.s__Citrobacter_braakii	324.2391178525
PWY-702: L-methionine biosynthesis II|g__Citrobacter.s__Citrobacter_koseri	257.5038583306
PWY-702: L-methionine biosynthesis II|g__Lactobacillus.s__Lactobacillus_plantarum	246.7626998018
PWY-702: L-methionine biosynthesis II|unclassified	97.7695787611
PWY-702: L-methionine biosynthesis II|g__Lactobacillus.s__Lactobacillus_pentosus	45.1801811746
PWY-702: L-methionine biosynthesis II|g__Morganella.s__Morganella_morganii	21.5056547292
PWY-702: L-methionine biosynthesis II|g__Veillonella.s__Veillonella_dispar	12.0862203211
PWY-702: L-methionine biosynthesis II|g__Veillonella.s__Veillonella_infantium	8.8518066861
PWY-702: L-methionine biosynthesis II|g__Veillonella.s__Veillonella_parvula	6.9870825156
PWY-702: L-methionine biosynthesis II|g__Escherichia.s__Escherichia_fergusonii	2.3508993656
P41-PWY: pyruvate fermentation to acetate and (S)-lactate I	21732.0103239290
P41-PWY: pyruvate fermentation to acetate and (S)-lactate I|g__Klebsiella.s__Klebsiella_pneumoniae	12601.3109952631
P41-PWY: pyruvate fermentation to acetate and (S)-lactate I|g__Klebsiella.s__Klebsiella_oxytoca	3189.8002192110
P41-PWY: pyruvate fermentation to acetate and (S)-lactate I|g__Escherichia.s__Escherichia_coli	1063.9512507507
P41-PWY: pyruvate fermentation to acetate and (S)-lactate I|g__Streptococcus.s__Streptococcus_thermophilus	722.1260833255
P41-PWY: pyruvate fermentation to acetate and (S)-lactate I|g__Klebsiella.s__Klebsiella_michiganensis	328.5172195776
P41-PWY: pyruvate fermentation to acetate and (S)-lactate I|g__Citrobacter.s__Citrobacter_braakii	239.4043971806
P41-PWY: pyruvate fermentation to acetate and (S)-lactate I|g__Citrobacter.s__Citrobacter_freundii	128.8995831615
P41-PWY: pyruvate fermentation to acetate and (S)-lactate I|g__Lactobacillus.s__Lactobacillus_rhamnosus	120.8550249352
P41-PWY: pyruvate fermentation to acetate and (S)-lactate I|g__Citrobacter.s__Citrobacter_koseri	113.5278241660
P41-PWY: pyruvate fermentation to acetate and (S)-lactate I|unclassified	95.0066457999
P41-PWY: pyruvate fermentation to acetate and (S)-lactate I|g__Lactobacillus.s__Lactobacillus_pentosus	72.5512120327
P41-PWY: pyruvate fermentation to acetate and (S)-lactate I|g__Lactococcus.s__Lactococcus_lactis	16.0122649384
P41-PWY: pyruvate fermentation to acetate and (S)-lactate I|g__Fusobacterium.s__Fusobacterium_nucleatum	9.9085073178
P41-PWY: pyruvate fermentation to acetate and (S)-lactate I|g__Klebsiella.s__Klebsiella_aerogenes	3.3575393231
P41-PWY: pyruvate fermentation to acetate and (S)-lactate I|g__Escherichia.s__Escherichia_fergusonii	0.7490015422
PWY-5100: pyruvate fermentation to acetate and lactate II	21732.0103239290
PWY-5100: pyruvate fermentation to acetate and lactate II|g__Klebsiella.s__Klebsiella_pneumoniae	12601.3109952631
PWY-5100: pyruvate fermentation to acetate and lactate II|g__Klebsiella.s__Klebsiella_oxytoca	3189.8002192110
PWY-5100: pyruvate fermentation to acetate and lactate II|g__Escherichia.s__Escherichia_coli	1319.7097336796
PWY-5100: pyruvate fermentation to acetate and lactate II|g__Streptococcus.s__Streptococcus_thermophilus	722.1260833255
PWY-5100: pyruvate fermentation to acetate and lactate II|g__Veillonella.s__Veillonella_atypica	659.3595445917
PWY-5100: pyruvate fermentation to acetate and lactate II|g__Klebsiella.s__Klebsiella_michiganensis	328.5172195776
PWY-5100: pyruvate fermentation to acetate and lactate II|g__Citrobacter.s__Citrobacter_freundii	173.2339743930
PWY-5100: pyruvate fermentation to acetate and lactate II|g__Lactobacillus.s__Lactobacillus_rhamnosus	120.8550249352
PWY-5100: pyruvate fermentation to acetate and lactate II|unclassified	103.4681001478
PWY-5100: pyruvate fermentation to acetate and lactate II|g__Citrobacter.s__Citrobacter_koseri	98.2622120006
PWY-5100: pyruvate fermentation to acetate and lactate II|g__Lactobacillus.s__Lactobacillus_pentosus	72.5512120327
PWY-5100: pyruvate fermentation to acetate and lactate II|g__Veillonella.s__Veillonella_parvula	23.6715397247
PWY-5100: pyruvate fermentation to acetate and lactate II|g__Veillonella.s__Veillonella_infantium	19.3936146246
PWY-5100: pyruvate fermentation to acetate and lactate II|g__Lactococcus.s__Lactococcus_lactis	16.0122649384
PWY-5100: pyruvate fermentation to acetate and lactate II|g__Fusobacterium.s__Fusobacterium_nucleatum	9.9085073178
UDPNAGSYN-PWY: UDP-N-acetyl-D-glucosamine biosynthesis I	21678.2612217058
UDPNAGSYN-PWY: UDP-N-acetyl-D-glucosamine biosynthesis I|g__Klebsiella.s__Klebsiella_pneumoniae	8192.6348489518
UDPNAGSYN-PWY: UDP-N-acetyl-D-glucosamine biosynthesis I|g__Escherichia.s__Escherichia_coli	3590.3736162035
UDPNAGSYN-PWY: UDP-N-acetyl-D-glucosamine biosynthesis I|g__Klebsiella.s__Klebsiella_oxytoca	2235.3375392777
UDPNAGSYN-PWY: UDP-N-acetyl-D-glucosamine biosynthesis I|g__Bilophila.s__Bilophila_wadsworthia	885.6830446764
UDPNAGSYN-PWY: UDP-N-acetyl-D-glucosamine biosynthesis I|g__Streptococcus.s__Streptococcus_thermophilus	755.2793486387
UDPNAGSYN-PWY: UDP-N-acetyl-D-glucosamine biosynthesis I|g__Veillonella.s__Veillonella_atypica	574.5800886683
UDPNAGSYN-PWY: UDP-N-acetyl-D-glucosamine biosynthesis I|g__Selenomonas.s__Selenomonas_artemidis	373.2431388306
UDPNAGSYN-PWY: UDP-N-acetyl-D-glucosamine biosynthesis I|g__Citrobacter.s__Citrobacter_braakii	297.6444552087
UDPNAGSYN-PWY: UDP-N-acetyl-D-glucosamine biosynthesis I|g__Klebsiella.s__Klebsiella_michiganensis	292.3794898750
UDPNAGSYN-PWY: UDP-N-acetyl-D-glucosamine biosynthesis I|g__Sutterella.s__Sutterella_sp_CAG_351	265.6695478975
UDPNAGSYN-PWY: UDP-N-acetyl-D-glucosamine biosynthesis I|g__Citrobacter.s__Citrobacter_freundii	206.0044824093
UDPNAGSYN-PWY: UDP-N-acetyl-D-glucosamine biosynthesis I|g__Lactobacillus.s__Lactobacillus_murinus	182.6530817773
UDPNAGSYN-PWY: UDP-N-acetyl-D-glucosamine biosynthesis I|g__Citrobacter.s__Citrobacter_koseri	179.5859355634
UDPNAGSYN-PWY: UDP-N-acetyl-D-glucosamine biosynthesis I|g__Megasphaera.s__Megasphaera_micronuciformis	156.2103779141
UDPNAGSYN-PWY: UDP-N-acetyl-D-glucosamine biosynthesis I|unclassified	128.6016022979
UDPNAGSYN-PWY: UDP-N-acetyl-D-glucosamine biosynthesis I|g__Morganella.s__Morganella_morganii	106.6630371924
UDPNAGSYN-PWY: UDP-N-acetyl-D-glucosamine biosynthesis I|g__Lactobacillus.s__Lactobacillus_rhamnosus	85.6813645196
UDPNAGSYN-PWY: UDP-N-acetyl-D-glucosamine biosynthesis I|g__Lactobacillus.s__Lactobacillus_pentosus	75.3628390852
UDPNAGSYN-PWY: UDP-N-acetyl-D-glucosamine biosynthesis I|g__Dialister.s__Dialister_invisus	63.9008694507
UDPNAGSYN-PWY: UDP-N-acetyl-D-glucosamine biosynthesis I|g__Lactobacillus.s__Lactobacillus_plantarum	48.8724998372
UDPNAGSYN-PWY: UDP-N-acetyl-D-glucosamine biosynthesis I|g__Veillonella.s__Veillonella_dispar	17.7404130468
UDPNAGSYN-PWY: UDP-N-acetyl-D-glucosamine biosynthesis I|g__Lactococcus.s__Lactococcus_lactis	16.4500794298
UDPNAGSYN-PWY: UDP-N-acetyl-D-glucosamine biosynthesis I|g__Veillonella.s__Veillonella_parvula	14.4441880592
UDPNAGSYN-PWY: UDP-N-acetyl-D-glucosamine biosynthesis I|g__Fusobacterium.s__Fusobacterium_nucleatum	11.2266646942
UDPNAGSYN-PWY: UDP-N-acetyl-D-glucosamine biosynthesis I|g__Proteus.s__Proteus_mirabilis	9.7251153096
UDPNAGSYN-PWY: UDP-N-acetyl-D-glucosamine biosynthesis I|g__Veillonella.s__Veillonella_infantium	1.3455112958
UDPNAGSYN-PWY: UDP-N-acetyl-D-glucosamine biosynthesis I|g__Escherichia.s__Escherichia_fergusonii	1.0624623293
P4-PWY: superpathway of L-lysine, L-threonine and L-methionine biosynthesis I	21575.9965037090
P4-PWY: superpathway of L-lysine, L-threonine and L-methionine biosynthesis I|g__Klebsiella.s__Klebsiella_pneumoniae	10511.2865413003
P4-PWY: superpathway of L-lysine, L-threonine and L-methionine biosynthesis I|g__Klebsiella.s__Klebsiella_oxytoca	2730.2066007622
P4-PWY: superpathway of L-lysine, L-threonine and L-methionine biosynthesis I|g__Escherichia.s__Escherichia_coli	1567.2674157289
P4-PWY: superpathway of L-lysine, L-threonine and L-methionine biosynthesis I|g__Klebsiella.s__Klebsiella_michiganensis	317.7650750036
P4-PWY: superpathway of L-lysine, L-threonine and L-methionine biosynthesis I|g__Citrobacter.s__Citrobacter_freundii	313.6861862756
P4-PWY: superpathway of L-lysine, L-threonine and L-methionine biosynthesis I|g__Citrobacter.s__Citrobacter_koseri	228.2754114965
P4-PWY: superpathway of L-lysine, L-threonine and L-methionine biosynthesis I|unclassified	80.1188037314
GALACTARDEG-PWY: D-galactarate degradation I	21385.2555063660
GALACTARDEG-PWY: D-galactarate degradation I|g__Klebsiella.s__Klebsiella_pneumoniae	9518.4132668266
GALACTARDEG-PWY: D-galactarate degradation I|g__Escherichia.s__Escherichia_coli	3505.9444794253
GALACTARDEG-PWY: D-galactarate degradation I|g__Klebsiella.s__Klebsiella_oxytoca	3492.8034634659
GALACTARDEG-PWY: D-galactarate degradation I|g__Klebsiella.s__Klebsiella_michiganensis	347.8539720879
GALACTARDEG-PWY: D-galactarate degradation I|g__Citrobacter.s__Citrobacter_koseri	290.6948850499
GALACTARDEG-PWY: D-galactarate degradation I|g__Citrobacter.s__Citrobacter_freundii	255.5344696755
GALACTARDEG-PWY: D-galactarate degradation I|g__Citrobacter.s__Citrobacter_braakii	215.5422550380
GALACTARDEG-PWY: D-galactarate degradation I|unclassified	59.2723388016
GLUCARGALACTSUPER-PWY: superpathway of D-glucarate and D-galactarate degradation	21385.2555063660
GLUCARGALACTSUPER-PWY: superpathway of D-glucarate and D-galactarate degradation|g__Klebsiella.s__Klebsiella_pneumoniae	9518.4132668266
GLUCARGALACTSUPER-PWY: superpathway of D-glucarate and D-galactarate degradation|g__Escherichia.s__Escherichia_coli	3505.9444794253
GLUCARGALACTSUPER-PWY: superpathway of D-glucarate and D-galactarate degradation|g__Klebsiella.s__Klebsiella_oxytoca	3492.8034634659
GLUCARGALACTSUPER-PWY: superpathway of D-glucarate and D-galactarate degradation|g__Klebsiella.s__Klebsiella_michiganensis	347.8539720879
GLUCARGALACTSUPER-PWY: superpathway of D-glucarate and D-galactarate degradation|g__Citrobacter.s__Citrobacter_koseri	290.6948850499
GLUCARGALACTSUPER-PWY: superpathway of D-glucarate and D-galactarate degradation|g__Citrobacter.s__Citrobacter_freundii	255.5344696755
GLUCARGALACTSUPER-PWY: superpathway of D-glucarate and D-galactarate degradation|g__Citrobacter.s__Citrobacter_braakii	215.5422550380
GLUCARGALACTSUPER-PWY: superpathway of D-glucarate and D-galactarate degradation|unclassified	59.2723388016
PWY-6892: thiazole component of thiamine diphosphate biosynthesis I	21381.2955203800
PWY-6892: thiazole component of thiamine diphosphate biosynthesis I|g__Klebsiella.s__Klebsiella_pneumoniae	10565.6047605428
PWY-6892: thiazole component of thiamine diphosphate biosynthesis I|g__Klebsiella.s__Klebsiella_oxytoca	3825.2269894324
PWY-6892: thiazole component of thiamine diphosphate biosynthesis I|g__Escherichia.s__Escherichia_coli	3060.4341709438
PWY-6892: thiazole component of thiamine diphosphate biosynthesis I|g__Klebsiella.s__Klebsiella_michiganensis	443.0679951719
PWY-6892: thiazole component of thiamine diphosphate biosynthesis I|g__Citrobacter.s__Citrobacter_freundii	361.2597100628
PWY-6892: thiazole component of thiamine diphosphate biosynthesis I|g__Citrobacter.s__Citrobacter_koseri	289.5286154239
PWY-6892: thiazole component of thiamine diphosphate biosynthesis I|g__Citrobacter.s__Citrobacter_braakii	265.6684514741
PWY-6892: thiazole component of thiamine diphosphate biosynthesis I|unclassified	90.2293822187
PWY-7228: superpathway of guanosine nucleotides de novo biosynthesis I	21367.5532571665
PWY-7228: superpathway of guanosine nucleotides de novo biosynthesis I|g__Klebsiella.s__Klebsiella_pneumoniae	10102.5520102285
PWY-7228: superpathway of guanosine nucleotides de novo biosynthesis I|g__Klebsiella.s__Klebsiella_oxytoca	2385.7556005590
PWY-7228: superpathway of guanosine nucleotides de novo biosynthesis I|g__Escherichia.s__Escherichia_coli	1741.2915584083
PWY-7228: superpathway of guanosine nucleotides de novo biosynthesis I|g__Bilophila.s__Bilophila_wadsworthia	838.9054025085
PWY-7228: superpathway of guanosine nucleotides de novo biosynthesis I|g__Streptococcus.s__Streptococcus_thermophilus	794.5547989274
PWY-7228: superpathway of guanosine nucleotides de novo biosynthesis I|g__Klebsiella.s__Klebsiella_michiganensis	746.3193018893
PWY-7228: superpathway of guanosine nucleotides de novo biosynthesis I|g__Veillonella.s__Veillonella_atypica	676.3732153302
PWY-7228: superpathway of guanosine nucleotides de novo biosynthesis I|g__Citrobacter.s__Citrobacter_freundii	439.0839162101
PWY-7228: superpathway of guanosine nucleotides de novo biosynthesis I|g__Selenomonas.s__Selenomonas_artemidis	384.9548296400
PWY-7228: superpathway of guanosine nucleotides de novo biosynthesis I|g__Citrobacter.s__Citrobacter_braakii	320.6053444818
PWY-7228: superpathway of guanosine nucleotides de novo biosynthesis I|g__Sutterella.s__Sutterella_sp_CAG_351	282.9930351228
PWY-7228: superpathway of guanosine nucleotides de novo biosynthesis I|g__Citrobacter.s__Citrobacter_koseri	183.8096496324
PWY-7228: superpathway of guanosine nucleotides de novo biosynthesis I|g__Lactobacillus.s__Lactobacillus_plantarum	147.3407599370
PWY-7228: superpathway of guanosine nucleotides de novo biosynthesis I|g__Lactobacillus.s__Lactobacillus_rhamnosus	126.9462984040
PWY-7228: superpathway of guanosine nucleotides de novo biosynthesis I|g__Lactobacillus.s__Lactobacillus_pentosus	85.3477524030
PWY-7228: superpathway of guanosine nucleotides de novo biosynthesis I|g__Veillonella.s__Veillonella_infantium	35.1932477429
PWY-7228: superpathway of guanosine nucleotides de novo biosynthesis I|g__Dialister.s__Dialister_invisus	28.2003262980
PWY-7228: superpathway of guanosine nucleotides de novo biosynthesis I|unclassified	15.6535705466
PWY0-1298: superpathway of pyrimidine deoxyribonucleosides degradation	21292.8729240314
PWY0-1298: superpathway of pyrimidine deoxyribonucleosides degradation|g__Klebsiella.s__Klebsiella_pneumoniae	10484.6056440095
PWY0-1298: superpathway of pyrimidine deoxyribonucleosides degradation|g__Klebsiella.s__Klebsiella_oxytoca	2738.6074371227
PWY0-1298: superpathway of pyrimidine deoxyribonucleosides degradation|g__Escherichia.s__Escherichia_coli	2432.7136007089
PWY0-1298: superpathway of pyrimidine deoxyribonucleosides degradation|g__Citrobacter.s__Citrobacter_braakii	505.3903237281
PWY0-1298: superpathway of pyrimidine deoxyribonucleosides degradation|g__Citrobacter.s__Citrobacter_freundii	500.1214067371
PWY0-1298: superpathway of pyrimidine deoxyribonucleosides degradation|g__Klebsiella.s__Klebsiella_michiganensis	424.9905450222
PWY0-1298: superpathway of pyrimidine deoxyribonucleosides degradation|g__Citrobacter.s__Citrobacter_koseri	332.4979847589
PEPTIDOGLYCANSYN-PWY: peptidoglycan biosynthesis I (meso-diaminopimelate containing)	21238.0724532692
PEPTIDOGLYCANSYN-PWY: peptidoglycan biosynthesis I (meso-diaminopimelate containing)|g__Klebsiella.s__Klebsiella_pneumoniae	10025.2610993944
PEPTIDOGLYCANSYN-PWY: peptidoglycan biosynthesis I (meso-diaminopimelate containing)|g__Escherichia.s__Escherichia_coli	2690.0611539956
PEPTIDOGLYCANSYN-PWY: peptidoglycan biosynthesis I (meso-diaminopimelate containing)|g__Klebsiella.s__Klebsiella_oxytoca	1934.1510332832
PEPTIDOGLYCANSYN-PWY: peptidoglycan biosynthesis I (meso-diaminopimelate containing)|g__Bilophila.s__Bilophila_wadsworthia	808.5544635705
PEPTIDOGLYCANSYN-PWY: peptidoglycan biosynthesis I (meso-diaminopimelate containing)|g__Streptococcus.s__Streptococcus_thermophilus	765.2514800164
PEPTIDOGLYCANSYN-PWY: peptidoglycan biosynthesis I (meso-diaminopimelate containing)|g__Veillonella.s__Veillonella_atypica	694.1296342784
PEPTIDOGLYCANSYN-PWY: peptidoglycan biosynthesis I (meso-diaminopimelate containing)|g__Selenomonas.s__Selenomonas_artemidis	370.3196982133
PEPTIDOGLYCANSYN-PWY: peptidoglycan biosynthesis I (meso-diaminopimelate containing)|g__Klebsiella.s__Klebsiella_michiganensis	352.8406001565
PEPTIDOGLYCANSYN-PWY: peptidoglycan biosynthesis I (meso-diaminopimelate containing)|g__Citrobacter.s__Citrobacter_koseri	231.8752739965
PEPTIDOGLYCANSYN-PWY: peptidoglycan biosynthesis I (meso-diaminopimelate containing)|g__Lactobacillus.s__Lactobacillus_murinus	185.0083158642
PEPTIDOGLYCANSYN-PWY: peptidoglycan biosynthesis I (meso-diaminopimelate containing)|unclassified	166.6355071773
PEPTIDOGLYCANSYN-PWY: peptidoglycan biosynthesis I (meso-diaminopimelate containing)|g__Megasphaera.s__Megasphaera_micronuciformis	145.1236158598
PEPTIDOGLYCANSYN-PWY: peptidoglycan biosynthesis I (meso-diaminopimelate containing)|g__Citrobacter.s__Citrobacter_freundii	137.7008651220
PEPTIDOGLYCANSYN-PWY: peptidoglycan biosynthesis I (meso-diaminopimelate containing)|g__Lactobacillus.s__Lactobacillus_rhamnosus	103.3000047318
PEPTIDOGLYCANSYN-PWY: peptidoglycan biosynthesis I (meso-diaminopimelate containing)|g__Dialister.s__Dialister_invisus	54.0556281257
PEPTIDOGLYCANSYN-PWY: peptidoglycan biosynthesis I (meso-diaminopimelate containing)|g__Citrobacter.s__Citrobacter_braakii	46.1501688020
PEPTIDOGLYCANSYN-PWY: peptidoglycan biosynthesis I (meso-diaminopimelate containing)|g__Lactobacillus.s__Lactobacillus_pentosus	41.3551436034
PEPTIDOGLYCANSYN-PWY: peptidoglycan biosynthesis I (meso-diaminopimelate containing)|g__Lactobacillus.s__Lactobacillus_plantarum	35.7843284580
PEPTIDOGLYCANSYN-PWY: peptidoglycan biosynthesis I (meso-diaminopimelate containing)|g__Veillonella.s__Veillonella_dispar	23.9879204245
PEPTIDOGLYCANSYN-PWY: peptidoglycan biosynthesis I (meso-diaminopimelate containing)|g__Morganella.s__Morganella_morganii	16.0811513387
PEPTIDOGLYCANSYN-PWY: peptidoglycan biosynthesis I (meso-diaminopimelate containing)|g__Prevotella.s__Prevotella_melaninogenica	14.1144360178
PEPTIDOGLYCANSYN-PWY: peptidoglycan biosynthesis I (meso-diaminopimelate containing)|g__Prevotella.s__Prevotella_jejuni	6.4510885275
PEPTIDOGLYCANSYN-PWY: peptidoglycan biosynthesis I (meso-diaminopimelate containing)|g__Veillonella.s__Veillonella_parvula	6.1545444566
PEPTIDOGLYCANSYN-PWY: peptidoglycan biosynthesis I (meso-diaminopimelate containing)|g__Klebsiella.s__Klebsiella_aerogenes	1.9225165548
P105-PWY: TCA cycle IV (2-oxoglutarate decarboxylase)	21209.7210323041
P105-PWY: TCA cycle IV (2-oxoglutarate decarboxylase)|g__Klebsiella.s__Klebsiella_pneumoniae	12666.0539161522
P105-PWY: TCA cycle IV (2-oxoglutarate decarboxylase)|g__Escherichia.s__Escherichia_coli	2398.5492017301
P105-PWY: TCA cycle IV (2-oxoglutarate decarboxylase)|g__Klebsiella.s__Klebsiella_oxytoca	1157.7303072264
P105-PWY: TCA cycle IV (2-oxoglutarate decarboxylase)|g__Citrobacter.s__Citrobacter_koseri	252.0380970788
P105-PWY: TCA cycle IV (2-oxoglutarate decarboxylase)|unclassified	88.5231918745
PWY-6126: superpathway of adenosine nucleotides de novo biosynthesis II	21103.1888484405
PWY-6126: superpathway of adenosine nucleotides de novo biosynthesis II|g__Klebsiella.s__Klebsiella_pneumoniae	8017.9420662786
PWY-6126: superpathway of adenosine nucleotides de novo biosynthesis II|g__Klebsiella.s__Klebsiella_oxytoca	1754.2175180923
PWY-6126: superpathway of adenosine nucleotides de novo biosynthesis II|g__Escherichia.s__Escherichia_coli	1437.9702160672
PWY-6126: superpathway of adenosine nucleotides de novo biosynthesis II|g__Veillonella.s__Veillonella_atypica	804.9216328619
PWY-6126: superpathway of adenosine nucleotides de novo biosynthesis II|g__Bilophila.s__Bilophila_wadsworthia	787.6296076290
PWY-6126: superpathway of adenosine nucleotides de novo biosynthesis II|g__Streptococcus.s__Streptococcus_thermophilus	762.7179436588
PWY-6126: superpathway of adenosine nucleotides de novo biosynthesis II|g__Citrobacter.s__Citrobacter_freundii	414.3362521772
PWY-6126: superpathway of adenosine nucleotides de novo biosynthesis II|g__Klebsiella.s__Klebsiella_michiganensis	397.0447480982
PWY-6126: superpathway of adenosine nucleotides de novo biosynthesis II|g__Sutterella.s__Sutterella_sp_CAG_351	373.7608462421
PWY-6126: superpathway of adenosine nucleotides de novo biosynthesis II|g__Citrobacter.s__Citrobacter_braakii	367.9191166813
PWY-6126: superpathway of adenosine nucleotides de novo biosynthesis II|g__Citrobacter.s__Citrobacter_koseri	206.8506060163
PWY-6126: superpathway of adenosine nucleotides de novo biosynthesis II|g__Lactobacillus.s__Lactobacillus_rhamnosus	128.2396990760
PWY-6126: superpathway of adenosine nucleotides de novo biosynthesis II|g__Lactobacillus.s__Lactobacillus_plantarum	102.0358824343
PWY-6126: superpathway of adenosine nucleotides de novo biosynthesis II|g__Lactobacillus.s__Lactobacillus_pentosus	92.9859959932
PWY-6126: superpathway of adenosine nucleotides de novo biosynthesis II|unclassified	23.2355232494
PWY-6126: superpathway of adenosine nucleotides de novo biosynthesis II|g__Veillonella.s__Veillonella_infantium	14.4137917601
PWY-6126: superpathway of adenosine nucleotides de novo biosynthesis II|g__Citrobacter.s__Citrobacter_amalonaticus	2.7365492375
PHOSLIPSYN-PWY: superpathway of phospholipid biosynthesis I (bacteria)	21065.5797463194
PHOSLIPSYN-PWY: superpathway of phospholipid biosynthesis I (bacteria)|g__Klebsiella.s__Klebsiella_pneumoniae	10298.3530227710
PHOSLIPSYN-PWY: superpathway of phospholipid biosynthesis I (bacteria)|g__Escherichia.s__Escherichia_coli	3990.4067474450
PHOSLIPSYN-PWY: superpathway of phospholipid biosynthesis I (bacteria)|g__Klebsiella.s__Klebsiella_oxytoca	1982.5423428023
PHOSLIPSYN-PWY: superpathway of phospholipid biosynthesis I (bacteria)|g__Citrobacter.s__Citrobacter_koseri	331.2323037067
PHOSLIPSYN-PWY: superpathway of phospholipid biosynthesis I (bacteria)|g__Klebsiella.s__Klebsiella_michiganensis	305.6377322912
PHOSLIPSYN-PWY: superpathway of phospholipid biosynthesis I (bacteria)|g__Citrobacter.s__Citrobacter_braakii	274.2752291985
PHOSLIPSYN-PWY: superpathway of phospholipid biosynthesis I (bacteria)|g__Citrobacter.s__Citrobacter_freundii	250.1572196985
PHOSLIPSYN-PWY: superpathway of phospholipid biosynthesis I (bacteria)|unclassified	180.2878444421
SO4ASSIM-PWY: assimilatory sulfate reduction I	20998.0122101202
SO4ASSIM-PWY: assimilatory sulfate reduction I|g__Klebsiella.s__Klebsiella_pneumoniae	11872.5609288821
SO4ASSIM-PWY: assimilatory sulfate reduction I|g__Klebsiella.s__Klebsiella_oxytoca	4259.4110184273
SO4ASSIM-PWY: assimilatory sulfate reduction I|g__Escherichia.s__Escherichia_coli	2328.8385592507
SO4ASSIM-PWY: assimilatory sulfate reduction I|g__Citrobacter.s__Citrobacter_koseri	551.4667317377
SO4ASSIM-PWY: assimilatory sulfate reduction I|g__Citrobacter.s__Citrobacter_freundii	514.9670472659
SO4ASSIM-PWY: assimilatory sulfate reduction I|g__Citrobacter.s__Citrobacter_braakii	482.1486571697
SO4ASSIM-PWY: assimilatory sulfate reduction I|unclassified	347.8459200572
SO4ASSIM-PWY: assimilatory sulfate reduction I|g__Klebsiella.s__Klebsiella_michiganensis	311.6277966563
SO4ASSIM-PWY: assimilatory sulfate reduction I|g__Escherichia.s__Escherichia_fergusonii	21.6808551594
SO4ASSIM-PWY: assimilatory sulfate reduction I|g__Proteus.s__Proteus_mirabilis	11.7843126220
SO4ASSIM-PWY: assimilatory sulfate reduction I|g__Klebsiella.s__Klebsiella_aerogenes	5.8071084697
SO4ASSIM-PWY: assimilatory sulfate reduction I|g__Citrobacter.s__Citrobacter_amalonaticus	2.7407654392
P185-PWY: formaldehyde assimilation III (dihydroxyacetone cycle)	20940.4674649099
P185-PWY: formaldehyde assimilation III (dihydroxyacetone cycle)|g__Klebsiella.s__Klebsiella_pneumoniae	9961.3168081851
P185-PWY: formaldehyde assimilation III (dihydroxyacetone cycle)|g__Klebsiella.s__Klebsiella_oxytoca	2734.2971379059
P185-PWY: formaldehyde assimilation III (dihydroxyacetone cycle)|g__Escherichia.s__Escherichia_coli	2407.2952101593
P185-PWY: formaldehyde assimilation III (dihydroxyacetone cycle)|g__Klebsiella.s__Klebsiella_michiganensis	450.4912331175
P185-PWY: formaldehyde assimilation III (dihydroxyacetone cycle)|g__Citrobacter.s__Citrobacter_braakii	341.7673206693
P185-PWY: formaldehyde assimilation III (dihydroxyacetone cycle)|g__Citrobacter.s__Citrobacter_freundii	58.8130072417
P185-PWY: formaldehyde assimilation III (dihydroxyacetone cycle)|unclassified	29.9042676350
P185-PWY: formaldehyde assimilation III (dihydroxyacetone cycle)|g__Morganella.s__Morganella_morganii	6.7871148785
PWY-6387: UDP-N-acetylmuramoyl-pentapeptide biosynthesis I (meso-diaminopimelate containing)	20908.6156329693
PWY-6387: UDP-N-acetylmuramoyl-pentapeptide biosynthesis I (meso-diaminopimelate containing)|g__Klebsiella.s__Klebsiella_pneumoniae	9576.8876435003
PWY-6387: UDP-N-acetylmuramoyl-pentapeptide biosynthesis I (meso-diaminopimelate containing)|g__Escherichia.s__Escherichia_coli	2827.6467915892
PWY-6387: UDP-N-acetylmuramoyl-pentapeptide biosynthesis I (meso-diaminopimelate containing)|g__Klebsiella.s__Klebsiella_oxytoca	1904.0391182181
PWY-6387: UDP-N-acetylmuramoyl-pentapeptide biosynthesis I (meso-diaminopimelate containing)|g__Streptococcus.s__Streptococcus_thermophilus	822.0180195779
PWY-6387: UDP-N-acetylmuramoyl-pentapeptide biosynthesis I (meso-diaminopimelate containing)|g__Bilophila.s__Bilophila_wadsworthia	813.3291629257
PWY-6387: UDP-N-acetylmuramoyl-pentapeptide biosynthesis I (meso-diaminopimelate containing)|g__Veillonella.s__Veillonella_atypica	659.1271058693
PWY-6387: UDP-N-acetylmuramoyl-pentapeptide biosynthesis I (meso-diaminopimelate containing)|g__Selenomonas.s__Selenomonas_artemidis	396.8506351232
PWY-6387: UDP-N-acetylmuramoyl-pentapeptide biosynthesis I (meso-diaminopimelate containing)|g__Klebsiella.s__Klebsiella_michiganensis	333.7070806489
PWY-6387: UDP-N-acetylmuramoyl-pentapeptide biosynthesis I (meso-diaminopimelate containing)|g__Citrobacter.s__Citrobacter_koseri	215.3427407552
PWY-6387: UDP-N-acetylmuramoyl-pentapeptide biosynthesis I (meso-diaminopimelate containing)|g__Citrobacter.s__Citrobacter_freundii	204.7137653565
PWY-6387: UDP-N-acetylmuramoyl-pentapeptide biosynthesis I (meso-diaminopimelate containing)|g__Lactobacillus.s__Lactobacillus_murinus	181.7312049324
PWY-6387: UDP-N-acetylmuramoyl-pentapeptide biosynthesis I (meso-diaminopimelate containing)|unclassified	163.9684739231
PWY-6387: UDP-N-acetylmuramoyl-pentapeptide biosynthesis I (meso-diaminopimelate containing)|g__Megasphaera.s__Megasphaera_micronuciformis	147.4082903396
PWY-6387: UDP-N-acetylmuramoyl-pentapeptide biosynthesis I (meso-diaminopimelate containing)|g__Lactobacillus.s__Lactobacillus_rhamnosus	104.2444388702
PWY-6387: UDP-N-acetylmuramoyl-pentapeptide biosynthesis I (meso-diaminopimelate containing)|g__Lactobacillus.s__Lactobacillus_plantarum	58.6640559628
PWY-6387: UDP-N-acetylmuramoyl-pentapeptide biosynthesis I (meso-diaminopimelate containing)|g__Dialister.s__Dialister_invisus	55.0290143745
PWY-6387: UDP-N-acetylmuramoyl-pentapeptide biosynthesis I (meso-diaminopimelate containing)|g__Lactobacillus.s__Lactobacillus_pentosus	41.4642552842
PWY-6387: UDP-N-acetylmuramoyl-pentapeptide biosynthesis I (meso-diaminopimelate containing)|g__Citrobacter.s__Citrobacter_braakii	37.5313053704
PWY-6387: UDP-N-acetylmuramoyl-pentapeptide biosynthesis I (meso-diaminopimelate containing)|g__Veillonella.s__Veillonella_dispar	23.4987369199
PWY-6387: UDP-N-acetylmuramoyl-pentapeptide biosynthesis I (meso-diaminopimelate containing)|g__Prevotella.s__Prevotella_melaninogenica	14.2042242189
PWY-6387: UDP-N-acetylmuramoyl-pentapeptide biosynthesis I (meso-diaminopimelate containing)|g__Morganella.s__Morganella_morganii	13.1725028613
PWY-6387: UDP-N-acetylmuramoyl-pentapeptide biosynthesis I (meso-diaminopimelate containing)|g__Prevotella.s__Prevotella_jejuni	6.3117732893
PWY-6387: UDP-N-acetylmuramoyl-pentapeptide biosynthesis I (meso-diaminopimelate containing)|g__Veillonella.s__Veillonella_parvula	5.9877332554
PWY-6387: UDP-N-acetylmuramoyl-pentapeptide biosynthesis I (meso-diaminopimelate containing)|g__Klebsiella.s__Klebsiella_aerogenes	1.6607407954
PWY4LZ-257: superpathway of fermentation (Chlamydomonas reinhardtii)	20890.8350166048
PWY4LZ-257: superpathway of fermentation (Chlamydomonas reinhardtii)|g__Klebsiella.s__Klebsiella_pneumoniae	9803.1814454084
PWY4LZ-257: superpathway of fermentation (Chlamydomonas reinhardtii)|g__Escherichia.s__Escherichia_coli	2243.5370371947
PWY4LZ-257: superpathway of fermentation (Chlamydomonas reinhardtii)|g__Klebsiella.s__Klebsiella_oxytoca	891.6923632288
PWY4LZ-257: superpathway of fermentation (Chlamydomonas reinhardtii)|g__Citrobacter.s__Citrobacter_freundii	317.0058460335
PWY4LZ-257: superpathway of fermentation (Chlamydomonas reinhardtii)|g__Citrobacter.s__Citrobacter_koseri	200.8592259248
PWY4LZ-257: superpathway of fermentation (Chlamydomonas reinhardtii)|unclassified	39.3443382812
GOLPDLCAT-PWY: superpathway of glycerol degradation to 1,3-propanediol	20844.3147278314
GOLPDLCAT-PWY: superpathway of glycerol degradation to 1,3-propanediol|g__Klebsiella.s__Klebsiella_pneumoniae	12739.4658463153
GOLPDLCAT-PWY: superpathway of glycerol degradation to 1,3-propanediol|g__Klebsiella.s__Klebsiella_oxytoca	3575.9101768779
GOLPDLCAT-PWY: superpathway of glycerol degradation to 1,3-propanediol|g__Klebsiella.s__Klebsiella_aerogenes	1236.3109333671
GOLPDLCAT-PWY: superpathway of glycerol degradation to 1,3-propanediol|g__Escherichia.s__Escherichia_coli	1127.7383666417
GOLPDLCAT-PWY: superpathway of glycerol degradation to 1,3-propanediol|g__Citrobacter.s__Citrobacter_braakii	448.7631428122
GOLPDLCAT-PWY: superpathway of glycerol degradation to 1,3-propanediol|g__Citrobacter.s__Citrobacter_amalonaticus	282.2066589397
GOLPDLCAT-PWY: superpathway of glycerol degradation to 1,3-propanediol|g__Klebsiella.s__Klebsiella_michiganensis	270.2264272283
GOLPDLCAT-PWY: superpathway of glycerol degradation to 1,3-propanediol|unclassified	85.2739253733
GOLPDLCAT-PWY: superpathway of glycerol degradation to 1,3-propanediol|g__Citrobacter.s__Citrobacter_freundii	42.7350773526
PWY-6151: S-adenosyl-L-methionine salvage I	20824.9000457800
PWY-6151: S-adenosyl-L-methionine salvage I|g__Klebsiella.s__Klebsiella_pneumoniae	12896.9392192146
PWY-6151: S-adenosyl-L-methionine salvage I|g__Klebsiella.s__Klebsiella_oxytoca	2883.5417872226
PWY-6151: S-adenosyl-L-methionine salvage I|g__Escherichia.s__Escherichia_coli	1720.7159802810
PWY-6151: S-adenosyl-L-methionine salvage I|g__Streptococcus.s__Streptococcus_thermophilus	794.8483399705
PWY-6151: S-adenosyl-L-methionine salvage I|g__Klebsiella.s__Klebsiella_aerogenes	508.6748851082
PWY-6151: S-adenosyl-L-methionine salvage I|g__Citrobacter.s__Citrobacter_freundii	470.4218841997
PWY-6151: S-adenosyl-L-methionine salvage I|g__Klebsiella.s__Klebsiella_michiganensis	329.7890437898
PWY-6151: S-adenosyl-L-methionine salvage I|g__Citrobacter.s__Citrobacter_braakii	322.9528310029
PWY-6151: S-adenosyl-L-methionine salvage I|g__Citrobacter.s__Citrobacter_koseri	311.5980293284
PWY-6151: S-adenosyl-L-methionine salvage I|g__Lactobacillus.s__Lactobacillus_murinus	186.7791935785
PWY-6151: S-adenosyl-L-methionine salvage I|g__Lactobacillus.s__Lactobacillus_rhamnosus	124.4744332090
PWY-6151: S-adenosyl-L-methionine salvage I|unclassified	88.5302535015
PWY-6151: S-adenosyl-L-methionine salvage I|g__Lactobacillus.s__Lactobacillus_pentosus	81.7205084278
PWY-6151: S-adenosyl-L-methionine salvage I|g__Lactobacillus.s__Lactobacillus_plantarum	63.0062330348
PWY-6151: S-adenosyl-L-methionine salvage I|g__Leptotrichia.s__Leptotrichia_wadei	13.5227206983
PWY-6151: S-adenosyl-L-methionine salvage I|g__Prevotella.s__Prevotella_melaninogenica	11.8226919630
PWY-6151: S-adenosyl-L-methionine salvage I|g__Proteus.s__Proteus_mirabilis	6.9934244876
PWY-6151: S-adenosyl-L-methionine salvage I|g__Escherichia.s__Escherichia_fergusonii	1.7231572490
SULFATE-CYS-PWY: superpathway of sulfate assimilation and cysteine biosynthesis	20821.8072439865
SULFATE-CYS-PWY: superpathway of sulfate assimilation and cysteine biosynthesis|g__Klebsiella.s__Klebsiella_pneumoniae	11330.3817799903
SULFATE-CYS-PWY: superpathway of sulfate assimilation and cysteine biosynthesis|g__Klebsiella.s__Klebsiella_oxytoca	2949.3002708447
SULFATE-CYS-PWY: superpathway of sulfate assimilation and cysteine biosynthesis|g__Escherichia.s__Escherichia_coli	2568.0699136224
SULFATE-CYS-PWY: superpathway of sulfate assimilation and cysteine biosynthesis|g__Klebsiella.s__Klebsiella_michiganensis	308.2128210109
SULFATE-CYS-PWY: superpathway of sulfate assimilation and cysteine biosynthesis|g__Citrobacter.s__Citrobacter_braakii	303.1868052623
SULFATE-CYS-PWY: superpathway of sulfate assimilation and cysteine biosynthesis|g__Citrobacter.s__Citrobacter_freundii	275.5030775856
SULFATE-CYS-PWY: superpathway of sulfate assimilation and cysteine biosynthesis|g__Citrobacter.s__Citrobacter_koseri	234.2118353093
SULFATE-CYS-PWY: superpathway of sulfate assimilation and cysteine biosynthesis|unclassified	117.4477792878
SULFATE-CYS-PWY: superpathway of sulfate assimilation and cysteine biosynthesis|g__Klebsiella.s__Klebsiella_aerogenes	4.2080166085
PWY-5695: inosine 5'-phosphate degradation	20546.1204145167
PWY-5695: inosine 5'-phosphate degradation|g__Klebsiella.s__Klebsiella_pneumoniae	9336.3715010400
PWY-5695: inosine 5'-phosphate degradation|g__Escherichia.s__Escherichia_coli	4040.6811760625
PWY-5695: inosine 5'-phosphate degradation|g__Klebsiella.s__Klebsiella_oxytoca	2495.3778731378
PWY-5695: inosine 5'-phosphate degradation|g__Bilophila.s__Bilophila_wadsworthia	784.5483220616
PWY-5695: inosine 5'-phosphate degradation|g__Veillonella.s__Veillonella_atypica	629.2910133492
PWY-5695: inosine 5'-phosphate degradation|g__Streptococcus.s__Streptococcus_thermophilus	369.4580166571
PWY-5695: inosine 5'-phosphate degradation|g__Selenomonas.s__Selenomonas_artemidis	346.0685820760
PWY-5695: inosine 5'-phosphate degradation|g__Sutterella.s__Sutterella_sp_CAG_351	281.2402304427
PWY-5695: inosine 5'-phosphate degradation|g__Klebsiella.s__Klebsiella_michiganensis	227.5965088981
PWY-5695: inosine 5'-phosphate degradation|g__Megasphaera.s__Megasphaera_micronuciformis	210.7404013628
PWY-5695: inosine 5'-phosphate degradation|g__Citrobacter.s__Citrobacter_koseri	189.9574695283
PWY-5695: inosine 5'-phosphate degradation|unclassified	154.3518488260
PWY-5695: inosine 5'-phosphate degradation|g__Citrobacter.s__Citrobacter_freundii	111.0169418501
PWY-5695: inosine 5'-phosphate degradation|g__Morganella.s__Morganella_morganii	103.6765349172
PWY-5695: inosine 5'-phosphate degradation|g__Lactobacillus.s__Lactobacillus_rhamnosus	83.9982018010
PWY-5695: inosine 5'-phosphate degradation|g__Dialister.s__Dialister_invisus	64.8752355616
PWY-5695: inosine 5'-phosphate degradation|g__Escherichia.s__Escherichia_fergusonii	10.0781957129
PWY-5695: inosine 5'-phosphate degradation|g__Citrobacter.s__Citrobacter_braakii	9.0681740134
PWY0-162: superpathway of pyrimidine ribonucleotides de novo biosynthesis	20332.5227275182
PWY0-162: superpathway of pyrimidine ribonucleotides de novo biosynthesis|g__Klebsiella.s__Klebsiella_pneumoniae	11114.4872744055
PWY0-162: superpathway of pyrimidine ribonucleotides de novo biosynthesis|g__Klebsiella.s__Klebsiella_oxytoca	1916.1642352477
PWY0-162: superpathway of pyrimidine ribonucleotides de novo biosynthesis|g__Escherichia.s__Escherichia_coli	1561.8114778352
PWY0-162: superpathway of pyrimidine ribonucleotides de novo biosynthesis|g__Klebsiella.s__Klebsiella_michiganensis	475.9161195813
PWY0-162: superpathway of pyrimidine ribonucleotides de novo biosynthesis|g__Citrobacter.s__Citrobacter_freundii	211.6251695189
PWY0-162: superpathway of pyrimidine ribonucleotides de novo biosynthesis|g__Citrobacter.s__Citrobacter_koseri	203.6516995365
PWY-6386: UDP-N-acetylmuramoyl-pentapeptide biosynthesis II (lysine-containing)	20243.1567052433
PWY-6386: UDP-N-acetylmuramoyl-pentapeptide biosynthesis II (lysine-containing)|g__Klebsiella.s__Klebsiella_pneumoniae	7917.1636562319
PWY-6386: UDP-N-acetylmuramoyl-pentapeptide biosynthesis II (lysine-containing)|g__Escherichia.s__Escherichia_coli	2328.5372179449
PWY-6386: UDP-N-acetylmuramoyl-pentapeptide biosynthesis II (lysine-containing)|g__Klebsiella.s__Klebsiella_oxytoca	2048.1735085876
PWY-6386: UDP-N-acetylmuramoyl-pentapeptide biosynthesis II (lysine-containing)|g__Streptococcus.s__Streptococcus_thermophilus	823.8894035251
PWY-6386: UDP-N-acetylmuramoyl-pentapeptide biosynthesis II (lysine-containing)|g__Bilophila.s__Bilophila_wadsworthia	812.0228275716
PWY-6386: UDP-N-acetylmuramoyl-pentapeptide biosynthesis II (lysine-containing)|g__Veillonella.s__Veillonella_atypica	671.9178630310
PWY-6386: UDP-N-acetylmuramoyl-pentapeptide biosynthesis II (lysine-containing)|g__Selenomonas.s__Selenomonas_artemidis	362.4265347852
PWY-6386: UDP-N-acetylmuramoyl-pentapeptide biosynthesis II (lysine-containing)|g__Klebsiella.s__Klebsiella_michiganensis	201.6147209960
PWY-6386: UDP-N-acetylmuramoyl-pentapeptide biosynthesis II (lysine-containing)|g__Citrobacter.s__Citrobacter_koseri	194.5937638851
PWY-6386: UDP-N-acetylmuramoyl-pentapeptide biosynthesis II (lysine-containing)|g__Lactobacillus.s__Lactobacillus_murinus	190.0250245911
PWY-6386: UDP-N-acetylmuramoyl-pentapeptide biosynthesis II (lysine-containing)|g__Megasphaera.s__Megasphaera_micronuciformis	137.3004070352
PWY-6386: UDP-N-acetylmuramoyl-pentapeptide biosynthesis II (lysine-containing)|g__Lactobacillus.s__Lactobacillus_rhamnosus	102.7767497629
PWY-6386: UDP-N-acetylmuramoyl-pentapeptide biosynthesis II (lysine-containing)|unclassified	91.1396607931
PWY-6386: UDP-N-acetylmuramoyl-pentapeptide biosynthesis II (lysine-containing)|g__Dialister.s__Dialister_invisus	54.3292217482
PWY-6386: UDP-N-acetylmuramoyl-pentapeptide biosynthesis II (lysine-containing)|g__Lactobacillus.s__Lactobacillus_plantarum	46.3369349212
PWY-6386: UDP-N-acetylmuramoyl-pentapeptide biosynthesis II (lysine-containing)|g__Lactobacillus.s__Lactobacillus_pentosus	27.1625824269
PWY-6386: UDP-N-acetylmuramoyl-pentapeptide biosynthesis II (lysine-containing)|g__Veillonella.s__Veillonella_dispar	21.6259205728
PWY-6386: UDP-N-acetylmuramoyl-pentapeptide biosynthesis II (lysine-containing)|g__Prevotella.s__Prevotella_melaninogenica	15.4042990860
PWY-6386: UDP-N-acetylmuramoyl-pentapeptide biosynthesis II (lysine-containing)|g__Prevotella.s__Prevotella_jejuni	5.9811572704
PWY-6386: UDP-N-acetylmuramoyl-pentapeptide biosynthesis II (lysine-containing)|g__Veillonella.s__Veillonella_parvula	4.3840428446
PWY4FS-7: phosphatidylglycerol biosynthesis I (plastidic)	20225.1138830342
PWY4FS-7: phosphatidylglycerol biosynthesis I (plastidic)|g__Klebsiella.s__Klebsiella_pneumoniae	9417.5651710636
PWY4FS-7: phosphatidylglycerol biosynthesis I (plastidic)|g__Escherichia.s__Escherichia_coli	3623.2365138042
PWY4FS-7: phosphatidylglycerol biosynthesis I (plastidic)|g__Klebsiella.s__Klebsiella_oxytoca	2125.3777929046
PWY4FS-7: phosphatidylglycerol biosynthesis I (plastidic)|g__Streptococcus.s__Streptococcus_thermophilus	687.4108443862
PWY4FS-7: phosphatidylglycerol biosynthesis I (plastidic)|g__Klebsiella.s__Klebsiella_michiganensis	319.3445771669
PWY4FS-7: phosphatidylglycerol biosynthesis I (plastidic)|g__Citrobacter.s__Citrobacter_koseri	298.9625721634
PWY4FS-7: phosphatidylglycerol biosynthesis I (plastidic)|g__Citrobacter.s__Citrobacter_braakii	224.7083058708
PWY4FS-7: phosphatidylglycerol biosynthesis I (plastidic)|g__Citrobacter.s__Citrobacter_freundii	210.1813024971
PWY4FS-7: phosphatidylglycerol biosynthesis I (plastidic)|unclassified	135.1243731530
PWY4FS-7: phosphatidylglycerol biosynthesis I (plastidic)|g__Lactobacillus.s__Lactobacillus_pentosus	48.1069628477
PWY4FS-8: phosphatidylglycerol biosynthesis II (non-plastidic)	20225.1138830342
PWY4FS-8: phosphatidylglycerol biosynthesis II (non-plastidic)|g__Klebsiella.s__Klebsiella_pneumoniae	9417.5651710636
PWY4FS-8: phosphatidylglycerol biosynthesis II (non-plastidic)|g__Escherichia.s__Escherichia_coli	3623.2365138042
PWY4FS-8: phosphatidylglycerol biosynthesis II (non-plastidic)|g__Klebsiella.s__Klebsiella_oxytoca	2125.3777929046
PWY4FS-8: phosphatidylglycerol biosynthesis II (non-plastidic)|g__Streptococcus.s__Streptococcus_thermophilus	687.4108443862
PWY4FS-8: phosphatidylglycerol biosynthesis II (non-plastidic)|g__Klebsiella.s__Klebsiella_michiganensis	319.3445771669
PWY4FS-8: phosphatidylglycerol biosynthesis II (non-plastidic)|g__Citrobacter.s__Citrobacter_koseri	298.9625721634
PWY4FS-8: phosphatidylglycerol biosynthesis II (non-plastidic)|g__Citrobacter.s__Citrobacter_braakii	224.7083058708
PWY4FS-8: phosphatidylglycerol biosynthesis II (non-plastidic)|g__Citrobacter.s__Citrobacter_freundii	210.1813024971
PWY4FS-8: phosphatidylglycerol biosynthesis II (non-plastidic)|unclassified	135.1243731530
PWY4FS-8: phosphatidylglycerol biosynthesis II (non-plastidic)|g__Lactobacillus.s__Lactobacillus_pentosus	48.1069628477
PWY-5667: CDP-diacylglycerol biosynthesis I	20044.7856206357
PWY-5667: CDP-diacylglycerol biosynthesis I|g__Klebsiella.s__Klebsiella_pneumoniae	10652.6964125858
PWY-5667: CDP-diacylglycerol biosynthesis I|g__Escherichia.s__Escherichia_coli	4376.1768325581
PWY-5667: CDP-diacylglycerol biosynthesis I|g__Klebsiella.s__Klebsiella_oxytoca	1785.8605580506
PWY-5667: CDP-diacylglycerol biosynthesis I|g__Streptococcus.s__Streptococcus_thermophilus	675.4008927931
PWY-5667: CDP-diacylglycerol biosynthesis I|g__Selenomonas.s__Selenomonas_artemidis	398.9420432835
PWY-5667: CDP-diacylglycerol biosynthesis I|g__Citrobacter.s__Citrobacter_koseri	320.1674004120
PWY-5667: CDP-diacylglycerol biosynthesis I|g__Citrobacter.s__Citrobacter_braakii	309.3457011149
PWY-5667: CDP-diacylglycerol biosynthesis I|g__Klebsiella.s__Klebsiella_michiganensis	293.4043593935
PWY-5667: CDP-diacylglycerol biosynthesis I|g__Citrobacter.s__Citrobacter_freundii	240.1592045843
PWY-5667: CDP-diacylglycerol biosynthesis I|unclassified	174.0405642661
PWY-5667: CDP-diacylglycerol biosynthesis I|g__Megasphaera.s__Megasphaera_micronuciformis	129.3174224029
PWY-5667: CDP-diacylglycerol biosynthesis I|g__Lactobacillus.s__Lactobacillus_rhamnosus	80.5862149173
PWY-5667: CDP-diacylglycerol biosynthesis I|g__Dialister.s__Dialister_invisus	58.8623683064
PWY-5667: CDP-diacylglycerol biosynthesis I|g__Lactobacillus.s__Lactobacillus_pentosus	46.7029225289
PWY-5667: CDP-diacylglycerol biosynthesis I|g__Lactobacillus.s__Lactobacillus_plantarum	4.3599833882
PWY0-1319: CDP-diacylglycerol biosynthesis II	20044.7856206357
PWY0-1319: CDP-diacylglycerol biosynthesis II|g__Klebsiella.s__Klebsiella_pneumoniae	10652.6964125858
PWY0-1319: CDP-diacylglycerol biosynthesis II|g__Escherichia.s__Escherichia_coli	4376.1768325581
PWY0-1319: CDP-diacylglycerol biosynthesis II|g__Klebsiella.s__Klebsiella_oxytoca	1785.8605580506
PWY0-1319: CDP-diacylglycerol biosynthesis II|g__Streptococcus.s__Streptococcus_thermophilus	675.4008927931
PWY0-1319: CDP-diacylglycerol biosynthesis II|g__Selenomonas.s__Selenomonas_artemidis	398.9420432835
PWY0-1319: CDP-diacylglycerol biosynthesis II|g__Citrobacter.s__Citrobacter_koseri	320.1674004120
PWY0-1319: CDP-diacylglycerol biosynthesis II|g__Citrobacter.s__Citrobacter_braakii	309.3457011149
PWY0-1319: CDP-diacylglycerol biosynthesis II|g__Klebsiella.s__Klebsiella_michiganensis	293.4043593935
PWY0-1319: CDP-diacylglycerol biosynthesis II|g__Citrobacter.s__Citrobacter_freundii	240.1592045843
PWY0-1319: CDP-diacylglycerol biosynthesis II|unclassified	174.0405642661
PWY0-1319: CDP-diacylglycerol biosynthesis II|g__Megasphaera.s__Megasphaera_micronuciformis	129.3174224029
PWY0-1319: CDP-diacylglycerol biosynthesis II|g__Lactobacillus.s__Lactobacillus_rhamnosus	80.5862149173
PWY0-1319: CDP-diacylglycerol biosynthesis II|g__Dialister.s__Dialister_invisus	58.8623683064
PWY0-1319: CDP-diacylglycerol biosynthesis II|g__Lactobacillus.s__Lactobacillus_pentosus	46.7029225289
PWY0-1319: CDP-diacylglycerol biosynthesis II|g__Lactobacillus.s__Lactobacillus_plantarum	4.3599833882
SER-GLYSYN-PWY: superpathway of L-serine and glycine biosynthesis I	19987.0649435708
SER-GLYSYN-PWY: superpathway of L-serine and glycine biosynthesis I|g__Klebsiella.s__Klebsiella_pneumoniae	10804.1852949406
SER-GLYSYN-PWY: superpathway of L-serine and glycine biosynthesis I|g__Escherichia.s__Escherichia_coli	2663.6025972143
SER-GLYSYN-PWY: superpathway of L-serine and glycine biosynthesis I|g__Klebsiella.s__Klebsiella_oxytoca	1963.5481900377
SER-GLYSYN-PWY: superpathway of L-serine and glycine biosynthesis I|g__Streptococcus.s__Streptococcus_thermophilus	705.8078486766
SER-GLYSYN-PWY: superpathway of L-serine and glycine biosynthesis I|g__Citrobacter.s__Citrobacter_freundii	554.2128731059
SER-GLYSYN-PWY: superpathway of L-serine and glycine biosynthesis I|g__Selenomonas.s__Selenomonas_artemidis	420.8795207815
SER-GLYSYN-PWY: superpathway of L-serine and glycine biosynthesis I|unclassified	363.8764148847
SER-GLYSYN-PWY: superpathway of L-serine and glycine biosynthesis I|g__Klebsiella.s__Klebsiella_michiganensis	255.2647467737
SER-GLYSYN-PWY: superpathway of L-serine and glycine biosynthesis I|g__Citrobacter.s__Citrobacter_braakii	243.7959384250
SER-GLYSYN-PWY: superpathway of L-serine and glycine biosynthesis I|g__Citrobacter.s__Citrobacter_koseri	175.8726847172
SER-GLYSYN-PWY: superpathway of L-serine and glycine biosynthesis I|g__Lactobacillus.s__Lactobacillus_plantarum	117.0585180291
SER-GLYSYN-PWY: superpathway of L-serine and glycine biosynthesis I|g__Lactobacillus.s__Lactobacillus_pentosus	70.4094299150
SER-GLYSYN-PWY: superpathway of L-serine and glycine biosynthesis I|g__Dialister.s__Dialister_invisus	48.1420790468
SER-GLYSYN-PWY: superpathway of L-serine and glycine biosynthesis I|g__Lactococcus.s__Lactococcus_lactis	26.3722161155
SER-GLYSYN-PWY: superpathway of L-serine and glycine biosynthesis I|g__Prevotella.s__Prevotella_melaninogenica	7.5166239128
SER-GLYSYN-PWY: superpathway of L-serine and glycine biosynthesis I|g__Prevotella.s__Prevotella_jejuni	6.1762801358
SER-GLYSYN-PWY: superpathway of L-serine and glycine biosynthesis I|g__Klebsiella.s__Klebsiella_aerogenes	4.5056502626
SER-GLYSYN-PWY: superpathway of L-serine and glycine biosynthesis I|g__Citrobacter.s__Citrobacter_amalonaticus	1.7347219836
ARG+POLYAMINE-SYN: superpathway of arginine and polyamine biosynthesis	19874.2740991774
ARG+POLYAMINE-SYN: superpathway of arginine and polyamine biosynthesis|g__Klebsiella.s__Klebsiella_pneumoniae	10582.0695429164
ARG+POLYAMINE-SYN: superpathway of arginine and polyamine biosynthesis|g__Klebsiella.s__Klebsiella_oxytoca	2002.3947200175
ARG+POLYAMINE-SYN: superpathway of arginine and polyamine biosynthesis|g__Escherichia.s__Escherichia_coli	1823.6754387919
ARG+POLYAMINE-SYN: superpathway of arginine and polyamine biosynthesis|g__Klebsiella.s__Klebsiella_michiganensis	256.6105614961
ARG+POLYAMINE-SYN: superpathway of arginine and polyamine biosynthesis|g__Citrobacter.s__Citrobacter_koseri	189.7803495501
COBALSYN-PWY: superpathway of adenosylcobalamin salvage from cobinamide I	19786.1591052419
COBALSYN-PWY: superpathway of adenosylcobalamin salvage from cobinamide I|g__Klebsiella.s__Klebsiella_pneumoniae	10309.6098428897
COBALSYN-PWY: superpathway of adenosylcobalamin salvage from cobinamide I|g__Escherichia.s__Escherichia_coli	2362.3108959703
COBALSYN-PWY: superpathway of adenosylcobalamin salvage from cobinamide I|g__Klebsiella.s__Klebsiella_oxytoca	1989.4831230320
COBALSYN-PWY: superpathway of adenosylcobalamin salvage from cobinamide I|g__Klebsiella.s__Klebsiella_aerogenes	1179.8575740944
COBALSYN-PWY: superpathway of adenosylcobalamin salvage from cobinamide I|g__Klebsiella.s__Klebsiella_michiganensis	309.9807419690
COBALSYN-PWY: superpathway of adenosylcobalamin salvage from cobinamide I|g__Citrobacter.s__Citrobacter_koseri	182.3481482429
COBALSYN-PWY: superpathway of adenosylcobalamin salvage from cobinamide I|g__Citrobacter.s__Citrobacter_braakii	146.4156602702
COBALSYN-PWY: superpathway of adenosylcobalamin salvage from cobinamide I|g__Morganella.s__Morganella_morganii	20.2968429205
COBALSYN-PWY: superpathway of adenosylcobalamin salvage from cobinamide I|unclassified	18.5867935596
PWY-7858: (5Z)-dodecenoate biosynthesis II	19735.1247050559
PWY-7858: (5Z)-dodecenoate biosynthesis II|g__Klebsiella.s__Klebsiella_pneumoniae	8939.8047087039
PWY-7858: (5Z)-dodecenoate biosynthesis II|g__Klebsiella.s__Klebsiella_oxytoca	2791.0308810161
PWY-7858: (5Z)-dodecenoate biosynthesis II|g__Escherichia.s__Escherichia_coli	1387.4980738014
PWY-7858: (5Z)-dodecenoate biosynthesis II|g__Klebsiella.s__Klebsiella_michiganensis	363.0853175776
PWY-7858: (5Z)-dodecenoate biosynthesis II|g__Citrobacter.s__Citrobacter_koseri	333.4112038396
PWY-7858: (5Z)-dodecenoate biosynthesis II|g__Citrobacter.s__Citrobacter_freundii	202.8758654575
PWY-7858: (5Z)-dodecenoate biosynthesis II|g__Klebsiella.s__Klebsiella_aerogenes	68.0548581134
PWY-7858: (5Z)-dodecenoate biosynthesis II|g__Citrobacter.s__Citrobacter_braakii	20.5157767204
PWY-7858: (5Z)-dodecenoate biosynthesis II|g__Citrobacter.s__Citrobacter_amalonaticus	2.5501062442
PWY-7858: (5Z)-dodecenoate biosynthesis II|g__Escherichia.s__Escherichia_fergusonii	2.3654673387
FUC-RHAMCAT-PWY: superpathway of fucose and rhamnose degradation	19728.6064026012
FUC-RHAMCAT-PWY: superpathway of fucose and rhamnose degradation|g__Klebsiella.s__Klebsiella_pneumoniae	10274.4195020835
FUC-RHAMCAT-PWY: superpathway of fucose and rhamnose degradation|g__Klebsiella.s__Klebsiella_oxytoca	2551.0657172592
FUC-RHAMCAT-PWY: superpathway of fucose and rhamnose degradation|g__Escherichia.s__Escherichia_coli	2117.7943018351
FUC-RHAMCAT-PWY: superpathway of fucose and rhamnose degradation|g__Klebsiella.s__Klebsiella_michiganensis	289.2512319673
FUC-RHAMCAT-PWY: superpathway of fucose and rhamnose degradation|g__Citrobacter.s__Citrobacter_braakii	254.8235633634
FUC-RHAMCAT-PWY: superpathway of fucose and rhamnose degradation|g__Citrobacter.s__Citrobacter_koseri	204.3076858360
FUC-RHAMCAT-PWY: superpathway of fucose and rhamnose degradation|g__Citrobacter.s__Citrobacter_freundii	158.0356939010
FUC-RHAMCAT-PWY: superpathway of fucose and rhamnose degradation|g__Klebsiella.s__Klebsiella_aerogenes	64.6607762521
PWY-6125: superpathway of guanosine nucleotides de novo biosynthesis II	19718.8060991957
PWY-6125: superpathway of guanosine nucleotides de novo biosynthesis II|g__Klebsiella.s__Klebsiella_pneumoniae	9099.4463653843
PWY-6125: superpathway of guanosine nucleotides de novo biosynthesis II|g__Klebsiella.s__Klebsiella_oxytoca	2191.7005687181
PWY-6125: superpathway of guanosine nucleotides de novo biosynthesis II|g__Escherichia.s__Escherichia_coli	1536.7179966547
PWY-6125: superpathway of guanosine nucleotides de novo biosynthesis II|g__Bilophila.s__Bilophila_wadsworthia	790.4439270299
PWY-6125: superpathway of guanosine nucleotides de novo biosynthesis II|g__Streptococcus.s__Streptococcus_thermophilus	751.0482683261
PWY-6125: superpathway of guanosine nucleotides de novo biosynthesis II|g__Klebsiella.s__Klebsiella_michiganensis	421.8386210619
PWY-6125: superpathway of guanosine nucleotides de novo biosynthesis II|g__Citrobacter.s__Citrobacter_freundii	390.7139168440
PWY-6125: superpathway of guanosine nucleotides de novo biosynthesis II|g__Veillonella.s__Veillonella_atypica	324.0176335103
PWY-6125: superpathway of guanosine nucleotides de novo biosynthesis II|g__Citrobacter.s__Citrobacter_braakii	283.4458876957
PWY-6125: superpathway of guanosine nucleotides de novo biosynthesis II|g__Sutterella.s__Sutterella_sp_CAG_351	270.3345755387
PWY-6125: superpathway of guanosine nucleotides de novo biosynthesis II|g__Citrobacter.s__Citrobacter_koseri	173.4699987224
PWY-6125: superpathway of guanosine nucleotides de novo biosynthesis II|g__Lactobacillus.s__Lactobacillus_rhamnosus	118.2427183755
PWY-6125: superpathway of guanosine nucleotides de novo biosynthesis II|g__Veillonella.s__Veillonella_infantium	30.5853782061
PWY-7953: UDP-N-acetylmuramoyl-pentapeptide biosynthesis III (meso-diaminopimelate containing)	19681.7407799028
PWY-7953: UDP-N-acetylmuramoyl-pentapeptide biosynthesis III (meso-diaminopimelate containing)|g__Klebsiella.s__Klebsiella_pneumoniae	6928.0647287405
PWY-7953: UDP-N-acetylmuramoyl-pentapeptide biosynthesis III (meso-diaminopimelate containing)|g__Escherichia.s__Escherichia_coli	2349.1628390113
PWY-7953: UDP-N-acetylmuramoyl-pentapeptide biosynthesis III (meso-diaminopimelate containing)|g__Klebsiella.s__Klebsiella_oxytoca	1835.7909269586
PWY-7953: UDP-N-acetylmuramoyl-pentapeptide biosynthesis III (meso-diaminopimelate containing)|g__Bilophila.s__Bilophila_wadsworthia	792.9536324940
PWY-7953: UDP-N-acetylmuramoyl-pentapeptide biosynthesis III (meso-diaminopimelate containing)|g__Streptococcus.s__Streptococcus_thermophilus	758.8080272181
PWY-7953: UDP-N-acetylmuramoyl-pentapeptide biosynthesis III (meso-diaminopimelate containing)|g__Veillonella.s__Veillonella_atypica	655.9367501199
PWY-7953: UDP-N-acetylmuramoyl-pentapeptide biosynthesis III (meso-diaminopimelate containing)|g__Selenomonas.s__Selenomonas_artemidis	355.2034354574
PWY-7953: UDP-N-acetylmuramoyl-pentapeptide biosynthesis III (meso-diaminopimelate containing)|g__Klebsiella.s__Klebsiella_michiganensis	305.5399572288
PWY-7953: UDP-N-acetylmuramoyl-pentapeptide biosynthesis III (meso-diaminopimelate containing)|g__Citrobacter.s__Citrobacter_koseri	189.3875926900
PWY-7953: UDP-N-acetylmuramoyl-pentapeptide biosynthesis III (meso-diaminopimelate containing)|g__Megasphaera.s__Megasphaera_micronuciformis	151.1366287612
PWY-7953: UDP-N-acetylmuramoyl-pentapeptide biosynthesis III (meso-diaminopimelate containing)|g__Lactobacillus.s__Lactobacillus_rhamnosus	105.8246405838
PWY-7953: UDP-N-acetylmuramoyl-pentapeptide biosynthesis III (meso-diaminopimelate containing)|unclassified	84.0998119643
PWY-7953: UDP-N-acetylmuramoyl-pentapeptide biosynthesis III (meso-diaminopimelate containing)|g__Dialister.s__Dialister_invisus	48.9448943096
PWY-7953: UDP-N-acetylmuramoyl-pentapeptide biosynthesis III (meso-diaminopimelate containing)|g__Lactobacillus.s__Lactobacillus_pentosus	40.3161889183
PWY-7953: UDP-N-acetylmuramoyl-pentapeptide biosynthesis III (meso-diaminopimelate containing)|g__Lactobacillus.s__Lactobacillus_plantarum	34.3846583723
PWY-7953: UDP-N-acetylmuramoyl-pentapeptide biosynthesis III (meso-diaminopimelate containing)|g__Veillonella.s__Veillonella_dispar	19.4589610629
PWY-7953: UDP-N-acetylmuramoyl-pentapeptide biosynthesis III (meso-diaminopimelate containing)|g__Prevotella.s__Prevotella_melaninogenica	13.9887244871
PWY-7953: UDP-N-acetylmuramoyl-pentapeptide biosynthesis III (meso-diaminopimelate containing)|g__Prevotella.s__Prevotella_jejuni	6.3935831060
PWY-7953: UDP-N-acetylmuramoyl-pentapeptide biosynthesis III (meso-diaminopimelate containing)|g__Veillonella.s__Veillonella_parvula	5.5854897496
AST-PWY: L-arginine degradation II (AST pathway)	19606.7088774781
AST-PWY: L-arginine degradation II (AST pathway)|g__Klebsiella.s__Klebsiella_pneumoniae	11725.1409152489
AST-PWY: L-arginine degradation II (AST pathway)|g__Escherichia.s__Escherichia_coli	3909.2069234559
AST-PWY: L-arginine degradation II (AST pathway)|g__Klebsiella.s__Klebsiella_oxytoca	2629.2280779730
AST-PWY: L-arginine degradation II (AST pathway)|g__Klebsiella.s__Klebsiella_aerogenes	730.1202318013
AST-PWY: L-arginine degradation II (AST pathway)|g__Klebsiella.s__Klebsiella_michiganensis	249.4576426589
AST-PWY: L-arginine degradation II (AST pathway)|g__Citrobacter.s__Citrobacter_braakii	222.0072747663
AST-PWY: L-arginine degradation II (AST pathway)|g__Citrobacter.s__Citrobacter_koseri	136.0952020813
AST-PWY: L-arginine degradation II (AST pathway)|unclassified	84.1183364966
AST-PWY: L-arginine degradation II (AST pathway)|g__Citrobacter.s__Citrobacter_freundii	52.7161442332
1CMET2-PWY: folate transformations III (E. coli)	19574.3341410772
1CMET2-PWY: folate transformations III (E. coli)|g__Klebsiella.s__Klebsiella_pneumoniae	9652.3456818014
1CMET2-PWY: folate transformations III (E. coli)|g__Klebsiella.s__Klebsiella_oxytoca	2192.0503562702
1CMET2-PWY: folate transformations III (E. coli)|g__Escherichia.s__Escherichia_coli	1590.3429350686
1CMET2-PWY: folate transformations III (E. coli)|g__Citrobacter.s__Citrobacter_braakii	212.5442917996
1CMET2-PWY: folate transformations III (E. coli)|g__Citrobacter.s__Citrobacter_koseri	197.1099467530
1CMET2-PWY: folate transformations III (E. coli)|g__Citrobacter.s__Citrobacter_freundii	169.3617278304
1CMET2-PWY: folate transformations III (E. coli)|unclassified	49.9649421011
1CMET2-PWY: folate transformations III (E. coli)|g__Klebsiella.s__Klebsiella_michiganensis	31.7639472744
1CMET2-PWY: folate transformations III (E. coli)|g__Veillonella.s__Veillonella_dispar	10.8620445665
1CMET2-PWY: folate transformations III (E. coli)|g__Prevotella.s__Prevotella_melaninogenica	6.3474148785
PWY0-1261: anhydromuropeptides recycling I	19573.2849865498
PWY0-1261: anhydromuropeptides recycling I|g__Klebsiella.s__Klebsiella_pneumoniae	6448.6552500050
PWY0-1261: anhydromuropeptides recycling I|g__Klebsiella.s__Klebsiella_oxytoca	3204.6650676189
PWY0-1261: anhydromuropeptides recycling I|g__Escherichia.s__Escherichia_coli	2929.3271383882
PWY0-1261: anhydromuropeptides recycling I|g__Citrobacter.s__Citrobacter_freundii	341.4591319777
PWY0-1261: anhydromuropeptides recycling I|g__Citrobacter.s__Citrobacter_koseri	225.5823377283
PWY0-1261: anhydromuropeptides recycling I|g__Klebsiella.s__Klebsiella_michiganensis	222.6780447480
PWY0-1261: anhydromuropeptides recycling I|g__Klebsiella.s__Klebsiella_aerogenes	14.2220630620
PWY0-1261: anhydromuropeptides recycling I|g__Morganella.s__Morganella_morganii	4.3615218570
PWY-7221: guanosine ribonucleotides de novo biosynthesis	19506.2606806421
PWY-7221: guanosine ribonucleotides de novo biosynthesis|g__Klebsiella.s__Klebsiella_pneumoniae	8830.0950688998
PWY-7221: guanosine ribonucleotides de novo biosynthesis|g__Klebsiella.s__Klebsiella_oxytoca	2415.2498633237
PWY-7221: guanosine ribonucleotides de novo biosynthesis|g__Escherichia.s__Escherichia_coli	2392.2175690601
PWY-7221: guanosine ribonucleotides de novo biosynthesis|g__Streptococcus.s__Streptococcus_thermophilus	884.6093928122
PWY-7221: guanosine ribonucleotides de novo biosynthesis|g__Bilophila.s__Bilophila_wadsworthia	835.4734275126
PWY-7221: guanosine ribonucleotides de novo biosynthesis|g__Klebsiella.s__Klebsiella_michiganensis	677.8837381076
PWY-7221: guanosine ribonucleotides de novo biosynthesis|g__Veillonella.s__Veillonella_atypica	619.2774506023
PWY-7221: guanosine ribonucleotides de novo biosynthesis|g__Selenomonas.s__Selenomonas_artemidis	411.3772352077
PWY-7221: guanosine ribonucleotides de novo biosynthesis|g__Citrobacter.s__Citrobacter_freundii	357.4019100722
PWY-7221: guanosine ribonucleotides de novo biosynthesis|g__Citrobacter.s__Citrobacter_braakii	294.4406881511
PWY-7221: guanosine ribonucleotides de novo biosynthesis|g__Sutterella.s__Sutterella_sp_CAG_351	263.2079854691
PWY-7221: guanosine ribonucleotides de novo biosynthesis|g__Citrobacter.s__Citrobacter_koseri	174.5825238864
PWY-7221: guanosine ribonucleotides de novo biosynthesis|g__Lactobacillus.s__Lactobacillus_murinus	162.5482449922
PWY-7221: guanosine ribonucleotides de novo biosynthesis|g__Lactobacillus.s__Lactobacillus_plantarum	149.7157698160
PWY-7221: guanosine ribonucleotides de novo biosynthesis|g__Lactobacillus.s__Lactobacillus_rhamnosus	124.7313431823
PWY-7221: guanosine ribonucleotides de novo biosynthesis|g__Megasphaera.s__Megasphaera_micronuciformis	121.8211283542
PWY-7221: guanosine ribonucleotides de novo biosynthesis|g__Lactobacillus.s__Lactobacillus_pentosus	79.3604220228
PWY-7221: guanosine ribonucleotides de novo biosynthesis|g__Morganella.s__Morganella_morganii	78.9021567209
PWY-7221: guanosine ribonucleotides de novo biosynthesis|g__Dialister.s__Dialister_invisus	53.9909648500
PWY-7221: guanosine ribonucleotides de novo biosynthesis|g__Veillonella.s__Veillonella_infantium	32.1310548042
PWY-7221: guanosine ribonucleotides de novo biosynthesis|g__Lactococcus.s__Lactococcus_lactis	31.6285074140
PWY-7221: guanosine ribonucleotides de novo biosynthesis|unclassified	15.5412386289
PWY-7221: guanosine ribonucleotides de novo biosynthesis|g__Escherichia.s__Escherichia_fergusonii	7.4246502504
PWY-7221: guanosine ribonucleotides de novo biosynthesis|g__Proteus.s__Proteus_mirabilis	3.6090278247
PWY-841: superpathway of purine nucleotides de novo biosynthesis I	19432.7958947467
PWY-841: superpathway of purine nucleotides de novo biosynthesis I|g__Klebsiella.s__Klebsiella_pneumoniae	9065.1311725729
PWY-841: superpathway of purine nucleotides de novo biosynthesis I|g__Klebsiella.s__Klebsiella_oxytoca	1845.0990922310
PWY-841: superpathway of purine nucleotides de novo biosynthesis I|g__Escherichia.s__Escherichia_coli	1551.1810068351
PWY-841: superpathway of purine nucleotides de novo biosynthesis I|g__Veillonella.s__Veillonella_atypica	511.7302666360
PWY-841: superpathway of purine nucleotides de novo biosynthesis I|g__Klebsiella.s__Klebsiella_michiganensis	321.7037671134
PWY-841: superpathway of purine nucleotides de novo biosynthesis I|g__Citrobacter.s__Citrobacter_koseri	203.2156982039
PWY-841: superpathway of purine nucleotides de novo biosynthesis I|g__Citrobacter.s__Citrobacter_freundii	133.7786993408
PWY-841: superpathway of purine nucleotides de novo biosynthesis I|g__Lactobacillus.s__Lactobacillus_rhamnosus	118.6736725413
PWY-841: superpathway of purine nucleotides de novo biosynthesis I|g__Citrobacter.s__Citrobacter_braakii	52.4084950930
PWY-841: superpathway of purine nucleotides de novo biosynthesis I|g__Veillonella.s__Veillonella_infantium	7.5903490086
GLUCARDEG-PWY: D-glucarate degradation I	19340.3975497720
GLUCARDEG-PWY: D-glucarate degradation I|g__Klebsiella.s__Klebsiella_pneumoniae	9050.1246357328
GLUCARDEG-PWY: D-glucarate degradation I|g__Klebsiella.s__Klebsiella_oxytoca	2937.6853072093
GLUCARDEG-PWY: D-glucarate degradation I|g__Escherichia.s__Escherichia_coli	1992.7015638505
GLUCARDEG-PWY: D-glucarate degradation I|g__Klebsiella.s__Klebsiella_michiganensis	315.1320697106
GLUCARDEG-PWY: D-glucarate degradation I|g__Citrobacter.s__Citrobacter_koseri	282.6229265425
GLUCARDEG-PWY: D-glucarate degradation I|g__Citrobacter.s__Citrobacter_braakii	218.8998536545
GLUCARDEG-PWY: D-glucarate degradation I|g__Citrobacter.s__Citrobacter_freundii	67.6224772994
GLUCARDEG-PWY: D-glucarate degradation I|unclassified	46.8840901384
GLUCARDEG-PWY: D-glucarate degradation I|g__Citrobacter.s__Citrobacter_amalonaticus	5.4414934633
PWY-7208: superpathway of pyrimidine nucleobases salvage	19329.9448632833
PWY-7208: superpathway of pyrimidine nucleobases salvage|g__Klebsiella.s__Klebsiella_pneumoniae	7879.8831711919
PWY-7208: superpathway of pyrimidine nucleobases salvage|g__Klebsiella.s__Klebsiella_oxytoca	1890.2235427456
PWY-7208: superpathway of pyrimidine nucleobases salvage|g__Escherichia.s__Escherichia_coli	1301.1069130099
PWY-7208: superpathway of pyrimidine nucleobases salvage|g__Bilophila.s__Bilophila_wadsworthia	791.6301221666
PWY-7208: superpathway of pyrimidine nucleobases salvage|g__Veillonella.s__Veillonella_atypica	774.4816515973
PWY-7208: superpathway of pyrimidine nucleobases salvage|g__Streptococcus.s__Streptococcus_thermophilus	716.8739336100
PWY-7208: superpathway of pyrimidine nucleobases salvage|g__Selenomonas.s__Selenomonas_artemidis	469.1496247697
PWY-7208: superpathway of pyrimidine nucleobases salvage|g__Klebsiella.s__Klebsiella_michiganensis	453.1152977189
PWY-7208: superpathway of pyrimidine nucleobases salvage|g__Citrobacter.s__Citrobacter_braakii	321.7480142330
PWY-7208: superpathway of pyrimidine nucleobases salvage|g__Sutterella.s__Sutterella_sp_CAG_351	249.7959028616
PWY-7208: superpathway of pyrimidine nucleobases salvage|g__Citrobacter.s__Citrobacter_koseri	151.8833308250
PWY-7208: superpathway of pyrimidine nucleobases salvage|g__Citrobacter.s__Citrobacter_freundii	141.3874783937
PWY-7208: superpathway of pyrimidine nucleobases salvage|g__Lactobacillus.s__Lactobacillus_rhamnosus	109.7602126511
PWY-7208: superpathway of pyrimidine nucleobases salvage|g__Lactobacillus.s__Lactobacillus_pentosus	72.2578118796
PWY-7208: superpathway of pyrimidine nucleobases salvage|g__Dialister.s__Dialister_invisus	27.7746697700
PWY-7208: superpathway of pyrimidine nucleobases salvage|g__Lactobacillus.s__Lactobacillus_plantarum	14.3034707419
PWY-7208: superpathway of pyrimidine nucleobases salvage|g__Veillonella.s__Veillonella_infantium	1.3308015217
P441-PWY: superpathway of N-acetylneuraminate degradation	19153.0775165306
P441-PWY: superpathway of N-acetylneuraminate degradation|g__Klebsiella.s__Klebsiella_pneumoniae	7814.0551686865
P441-PWY: superpathway of N-acetylneuraminate degradation|g__Klebsiella.s__Klebsiella_oxytoca	2708.4338636775
P441-PWY: superpathway of N-acetylneuraminate degradation|g__Escherichia.s__Escherichia_coli	2629.3906771388
P441-PWY: superpathway of N-acetylneuraminate degradation|g__Klebsiella.s__Klebsiella_michiganensis	464.5475165742
P441-PWY: superpathway of N-acetylneuraminate degradation|g__Citrobacter.s__Citrobacter_braakii	338.3604129003
P441-PWY: superpathway of N-acetylneuraminate degradation|g__Citrobacter.s__Citrobacter_freundii	310.8109744846
P441-PWY: superpathway of N-acetylneuraminate degradation|g__Citrobacter.s__Citrobacter_koseri	216.1843904312
FUCCAT-PWY: fucose degradation	19073.4794962500
FUCCAT-PWY: fucose degradation|g__Klebsiella.s__Klebsiella_pneumoniae	11823.7035690454
FUCCAT-PWY: fucose degradation|g__Klebsiella.s__Klebsiella_oxytoca	2595.2062889285
FUCCAT-PWY: fucose degradation|g__Escherichia.s__Escherichia_coli	2096.5945112572
FUCCAT-PWY: fucose degradation|g__Klebsiella.s__Klebsiella_aerogenes	1057.2588515242
FUCCAT-PWY: fucose degradation|g__Klebsiella.s__Klebsiella_michiganensis	309.7189337625
FUCCAT-PWY: fucose degradation|g__Citrobacter.s__Citrobacter_koseri	254.2700629545
FUCCAT-PWY: fucose degradation|g__Citrobacter.s__Citrobacter_braakii	202.8775497386
FUCCAT-PWY: fucose degradation|g__Citrobacter.s__Citrobacter_freundii	117.0012048242
FUCCAT-PWY: fucose degradation|unclassified	50.2307300346
HOMOSER-METSYN-PWY: L-methionine biosynthesis I	18960.2485392737
HOMOSER-METSYN-PWY: L-methionine biosynthesis I|g__Klebsiella.s__Klebsiella_pneumoniae	10397.1160863108
HOMOSER-METSYN-PWY: L-methionine biosynthesis I|g__Escherichia.s__Escherichia_coli	2645.1115870190
HOMOSER-METSYN-PWY: L-methionine biosynthesis I|g__Klebsiella.s__Klebsiella_oxytoca	2478.6549865988
HOMOSER-METSYN-PWY: L-methionine biosynthesis I|g__Citrobacter.s__Citrobacter_freundii	476.5044775586
HOMOSER-METSYN-PWY: L-methionine biosynthesis I|g__Klebsiella.s__Klebsiella_michiganensis	341.3476229221
HOMOSER-METSYN-PWY: L-methionine biosynthesis I|g__Citrobacter.s__Citrobacter_koseri	282.1762286563
HOMOSER-METSYN-PWY: L-methionine biosynthesis I|g__Citrobacter.s__Citrobacter_braakii	135.9407373207
HOMOSER-METSYN-PWY: L-methionine biosynthesis I|unclassified	88.6404649919
HOMOSER-METSYN-PWY: L-methionine biosynthesis I|g__Escherichia.s__Escherichia_fergusonii	2.3958235962
PWY-5188: tetrapyrrole biosynthesis I (from glutamate)	18859.0385751892
PWY-5188: tetrapyrrole biosynthesis I (from glutamate)|g__Klebsiella.s__Klebsiella_pneumoniae	8631.9389779151
PWY-5188: tetrapyrrole biosynthesis I (from glutamate)|g__Escherichia.s__Escherichia_coli	2363.5235745084
PWY-5188: tetrapyrrole biosynthesis I (from glutamate)|g__Klebsiella.s__Klebsiella_oxytoca	1919.3049625650
PWY-5188: tetrapyrrole biosynthesis I (from glutamate)|g__Bilophila.s__Bilophila_wadsworthia	730.1743757951
PWY-5188: tetrapyrrole biosynthesis I (from glutamate)|g__Veillonella.s__Veillonella_atypica	634.1584468769
PWY-5188: tetrapyrrole biosynthesis I (from glutamate)|g__Selenomonas.s__Selenomonas_artemidis	399.6390776567
PWY-5188: tetrapyrrole biosynthesis I (from glutamate)|g__Klebsiella.s__Klebsiella_michiganensis	316.4152012846
PWY-5188: tetrapyrrole biosynthesis I (from glutamate)|g__Sutterella.s__Sutterella_sp_CAG_351	279.4567994031
PWY-5188: tetrapyrrole biosynthesis I (from glutamate)|g__Citrobacter.s__Citrobacter_koseri	245.5441138491
PWY-5188: tetrapyrrole biosynthesis I (from glutamate)|g__Citrobacter.s__Citrobacter_freundii	204.7593666768
PWY-5188: tetrapyrrole biosynthesis I (from glutamate)|g__Citrobacter.s__Citrobacter_braakii	83.6918416993
PWY-5188: tetrapyrrole biosynthesis I (from glutamate)|g__Dialister.s__Dialister_invisus	53.9973925802
PWY-5188: tetrapyrrole biosynthesis I (from glutamate)|g__Veillonella.s__Veillonella_dispar	15.5718384765
PWY-5188: tetrapyrrole biosynthesis I (from glutamate)|g__Leptotrichia.s__Leptotrichia_wadei	13.9751502360
PWY-5188: tetrapyrrole biosynthesis I (from glutamate)|g__Veillonella.s__Veillonella_parvula	10.7600235525
HEMESYN2-PWY: heme b biosynthesis II (oxygen-independent)	18843.9466300373
HEMESYN2-PWY: heme b biosynthesis II (oxygen-independent)|g__Klebsiella.s__Klebsiella_pneumoniae	8898.3624108069
HEMESYN2-PWY: heme b biosynthesis II (oxygen-independent)|g__Escherichia.s__Escherichia_coli	3533.2184016958
HEMESYN2-PWY: heme b biosynthesis II (oxygen-independent)|g__Klebsiella.s__Klebsiella_oxytoca	2084.4136560487
HEMESYN2-PWY: heme b biosynthesis II (oxygen-independent)|g__Veillonella.s__Veillonella_atypica	657.0393796347
HEMESYN2-PWY: heme b biosynthesis II (oxygen-independent)|g__Citrobacter.s__Citrobacter_braakii	497.8425109274
HEMESYN2-PWY: heme b biosynthesis II (oxygen-independent)|g__Klebsiella.s__Klebsiella_michiganensis	446.5431007357
HEMESYN2-PWY: heme b biosynthesis II (oxygen-independent)|g__Citrobacter.s__Citrobacter_freundii	295.2147278475
HEMESYN2-PWY: heme b biosynthesis II (oxygen-independent)|g__Sutterella.s__Sutterella_sp_CAG_351	222.4033503592
HEMESYN2-PWY: heme b biosynthesis II (oxygen-independent)|unclassified	212.0430451307
HEMESYN2-PWY: heme b biosynthesis II (oxygen-independent)|g__Citrobacter.s__Citrobacter_koseri	172.7530689641
HEMESYN2-PWY: heme b biosynthesis II (oxygen-independent)|g__Veillonella.s__Veillonella_dispar	18.1464636394
HEMESYN2-PWY: heme b biosynthesis II (oxygen-independent)|g__Veillonella.s__Veillonella_infantium	17.1865721859
HEMESYN2-PWY: heme b biosynthesis II (oxygen-independent)|g__Escherichia.s__Escherichia_fergusonii	14.2466705525
HEMESYN2-PWY: heme b biosynthesis II (oxygen-independent)|g__Proteus.s__Proteus_mirabilis	5.9593620853
PWY-6803: phosphatidylcholine acyl editing	18761.8141409978
PWY-6803: phosphatidylcholine acyl editing|g__Klebsiella.s__Klebsiella_pneumoniae	10384.8855014089
PWY-6803: phosphatidylcholine acyl editing|g__Escherichia.s__Escherichia_coli	3016.1515822783
PWY-6803: phosphatidylcholine acyl editing|g__Klebsiella.s__Klebsiella_oxytoca	2651.8419380460
PWY-6803: phosphatidylcholine acyl editing|g__Citrobacter.s__Citrobacter_freundii	440.1894385638
PWY-6803: phosphatidylcholine acyl editing|g__Citrobacter.s__Citrobacter_braakii	403.4628656110
PWY-6803: phosphatidylcholine acyl editing|g__Klebsiella.s__Klebsiella_michiganensis	291.9898714446
PWY-6803: phosphatidylcholine acyl editing|g__Citrobacter.s__Citrobacter_koseri	288.8177942340
PWY-6803: phosphatidylcholine acyl editing|unclassified	139.3554080877
PWY-6803: phosphatidylcholine acyl editing|g__Morganella.s__Morganella_morganii	3.5473519015
PWY-6803: phosphatidylcholine acyl editing|g__Proteus.s__Proteus_mirabilis	1.1624105925
PWY-7184: pyrimidine deoxyribonucleotides de novo biosynthesis I	18729.3724201913
PWY-7184: pyrimidine deoxyribonucleotides de novo biosynthesis I|g__Klebsiella.s__Klebsiella_pneumoniae	9592.2896938890
PWY-7184: pyrimidine deoxyribonucleotides de novo biosynthesis I|g__Klebsiella.s__Klebsiella_oxytoca	2221.1039286165
PWY-7184: pyrimidine deoxyribonucleotides de novo biosynthesis I|g__Escherichia.s__Escherichia_coli	1408.3320691618
PWY-7184: pyrimidine deoxyribonucleotides de novo biosynthesis I|g__Klebsiella.s__Klebsiella_michiganensis	425.1919075195
PWY-7184: pyrimidine deoxyribonucleotides de novo biosynthesis I|g__Citrobacter.s__Citrobacter_freundii	309.7640044332
PWY-7184: pyrimidine deoxyribonucleotides de novo biosynthesis I|g__Citrobacter.s__Citrobacter_koseri	179.5153283462
PWY-7184: pyrimidine deoxyribonucleotides de novo biosynthesis I|g__Lactobacillus.s__Lactobacillus_rhamnosus	102.5177722991
PWY-7184: pyrimidine deoxyribonucleotides de novo biosynthesis I|g__Lactobacillus.s__Lactobacillus_pentosus	71.2434141476
PWY-7184: pyrimidine deoxyribonucleotides de novo biosynthesis I|unclassified	16.3324575962
PWY66-409: superpathway of purine nucleotide salvage	18721.4484928630
PWY66-409: superpathway of purine nucleotide salvage|g__Klebsiella.s__Klebsiella_pneumoniae	9378.5587337782
PWY66-409: superpathway of purine nucleotide salvage|g__Klebsiella.s__Klebsiella_oxytoca	1979.6755658457
PWY66-409: superpathway of purine nucleotide salvage|g__Escherichia.s__Escherichia_coli	1471.5274094099
PWY66-409: superpathway of purine nucleotide salvage|g__Streptococcus.s__Streptococcus_thermophilus	739.7680333580
PWY66-409: superpathway of purine nucleotide salvage|g__Klebsiella.s__Klebsiella_michiganensis	331.8448471431
PWY66-409: superpathway of purine nucleotide salvage|g__Citrobacter.s__Citrobacter_koseri	204.4337064297
PWY66-409: superpathway of purine nucleotide salvage|g__Citrobacter.s__Citrobacter_freundii	116.7805633749
PWY66-409: superpathway of purine nucleotide salvage|g__Lactobacillus.s__Lactobacillus_rhamnosus	101.0948401704
PWY66-409: superpathway of purine nucleotide salvage|g__Citrobacter.s__Citrobacter_braakii	33.5302289700
PWY-6700: queuosine biosynthesis I (de novo)	18650.5696640771
PWY-6700: queuosine biosynthesis I (de novo)|g__Klebsiella.s__Klebsiella_pneumoniae	9478.0667122262
PWY-6700: queuosine biosynthesis I (de novo)|g__Escherichia.s__Escherichia_coli	2328.1370164292
PWY-6700: queuosine biosynthesis I (de novo)|g__Klebsiella.s__Klebsiella_oxytoca	1751.5693344454
PWY-6700: queuosine biosynthesis I (de novo)|g__Bilophila.s__Bilophila_wadsworthia	840.8211577381
PWY-6700: queuosine biosynthesis I (de novo)|g__Streptococcus.s__Streptococcus_thermophilus	523.7952027415
PWY-6700: queuosine biosynthesis I (de novo)|g__Citrobacter.s__Citrobacter_amalonaticus	413.0366674342
PWY-6700: queuosine biosynthesis I (de novo)|g__Selenomonas.s__Selenomonas_artemidis	389.9980571198
PWY-6700: queuosine biosynthesis I (de novo)|g__Klebsiella.s__Klebsiella_michiganensis	338.8270899779
PWY-6700: queuosine biosynthesis I (de novo)|g__Citrobacter.s__Citrobacter_koseri	239.9328299459
PWY-6700: queuosine biosynthesis I (de novo)|g__Sutterella.s__Sutterella_sp_CAG_351	233.5488472702
PWY-6700: queuosine biosynthesis I (de novo)|g__Citrobacter.s__Citrobacter_braakii	218.1725668832
PWY-6700: queuosine biosynthesis I (de novo)|g__Veillonella.s__Veillonella_atypica	187.8579982017
PWY-6700: queuosine biosynthesis I (de novo)|g__Lactobacillus.s__Lactobacillus_murinus	177.6618786642
PWY-6700: queuosine biosynthesis I (de novo)|g__Megasphaera.s__Megasphaera_micronuciformis	149.0305443449
PWY-6700: queuosine biosynthesis I (de novo)|g__Citrobacter.s__Citrobacter_freundii	138.8546744758
PWY-6700: queuosine biosynthesis I (de novo)|g__Lactobacillus.s__Lactobacillus_rhamnosus	80.1406307492
PWY-6700: queuosine biosynthesis I (de novo)|g__Morganella.s__Morganella_morganii	69.8079876176
PWY-6700: queuosine biosynthesis I (de novo)|g__Dialister.s__Dialister_invisus	39.9183416939
PWY-6700: queuosine biosynthesis I (de novo)|unclassified	34.7205307230
PWY-6700: queuosine biosynthesis I (de novo)|g__Veillonella.s__Veillonella_infantium	16.8600867969
PWY-6700: queuosine biosynthesis I (de novo)|g__Veillonella.s__Veillonella_parvula	9.9928576387
PWY-6700: queuosine biosynthesis I (de novo)|g__Proteus.s__Proteus_mirabilis	7.3021148583
PWY-6700: queuosine biosynthesis I (de novo)|g__Veillonella.s__Veillonella_dispar	4.2422616680
PANTO-PWY: phosphopantothenate biosynthesis I	18571.6884660645
PANTO-PWY: phosphopantothenate biosynthesis I|g__Klebsiella.s__Klebsiella_pneumoniae	10517.7693816447
PANTO-PWY: phosphopantothenate biosynthesis I|g__Klebsiella.s__Klebsiella_oxytoca	2405.6365997068
PANTO-PWY: phosphopantothenate biosynthesis I|g__Escherichia.s__Escherichia_coli	2175.6109817898
PANTO-PWY: phosphopantothenate biosynthesis I|g__Bilophila.s__Bilophila_wadsworthia	833.5281375677
PANTO-PWY: phosphopantothenate biosynthesis I|g__Klebsiella.s__Klebsiella_aerogenes	731.3012047861
PANTO-PWY: phosphopantothenate biosynthesis I|g__Klebsiella.s__Klebsiella_michiganensis	336.0892249465
PANTO-PWY: phosphopantothenate biosynthesis I|g__Citrobacter.s__Citrobacter_braakii	315.0080893284
PANTO-PWY: phosphopantothenate biosynthesis I|g__Citrobacter.s__Citrobacter_koseri	204.5393767306
PANTO-PWY: phosphopantothenate biosynthesis I|g__Citrobacter.s__Citrobacter_freundii	186.6449199436
PANTO-PWY: phosphopantothenate biosynthesis I|unclassified	79.6715411446
PANTO-PWY: phosphopantothenate biosynthesis I|g__Proteus.s__Proteus_mirabilis	11.6295327248
GLYCOLYSIS-E-D: superpathway of glycolysis and the Entner-Doudoroff pathway	18533.4171133693
GLYCOLYSIS-E-D: superpathway of glycolysis and the Entner-Doudoroff pathway|g__Klebsiella.s__Klebsiella_pneumoniae	10137.2445639035
GLYCOLYSIS-E-D: superpathway of glycolysis and the Entner-Doudoroff pathway|g__Escherichia.s__Escherichia_coli	2337.7079137144
GLYCOLYSIS-E-D: superpathway of glycolysis and the Entner-Doudoroff pathway|g__Klebsiella.s__Klebsiella_oxytoca	2108.3289051858
GLYCOLYSIS-E-D: superpathway of glycolysis and the Entner-Doudoroff pathway|g__Klebsiella.s__Klebsiella_michiganensis	342.7586062053
GLYCOLYSIS-E-D: superpathway of glycolysis and the Entner-Doudoroff pathway|g__Citrobacter.s__Citrobacter_braakii	318.3797342772
GLYCOLYSIS-E-D: superpathway of glycolysis and the Entner-Doudoroff pathway|g__Citrobacter.s__Citrobacter_freundii	310.7591996039
GLYCOLYSIS-E-D: superpathway of glycolysis and the Entner-Doudoroff pathway|g__Citrobacter.s__Citrobacter_koseri	277.9088957937
GLYCOLYSIS-E-D: superpathway of glycolysis and the Entner-Doudoroff pathway|unclassified	43.2278842552
NONMEVIPP-PWY: methylerythritol phosphate pathway I	18410.2378662280
NONMEVIPP-PWY: methylerythritol phosphate pathway I|g__Klebsiella.s__Klebsiella_pneumoniae	9481.5644533890
NONMEVIPP-PWY: methylerythritol phosphate pathway I|g__Klebsiella.s__Klebsiella_oxytoca	2287.3482618805
NONMEVIPP-PWY: methylerythritol phosphate pathway I|g__Escherichia.s__Escherichia_coli	1597.5786726082
NONMEVIPP-PWY: methylerythritol phosphate pathway I|g__Bilophila.s__Bilophila_wadsworthia	768.6418248128
NONMEVIPP-PWY: methylerythritol phosphate pathway I|g__Veillonella.s__Veillonella_atypica	624.9019995750
NONMEVIPP-PWY: methylerythritol phosphate pathway I|g__Klebsiella.s__Klebsiella_michiganensis	266.8016918707
NONMEVIPP-PWY: methylerythritol phosphate pathway I|g__Citrobacter.s__Citrobacter_braakii	219.7291046535
NONMEVIPP-PWY: methylerythritol phosphate pathway I|g__Citrobacter.s__Citrobacter_freundii	164.4939528295
NONMEVIPP-PWY: methylerythritol phosphate pathway I|g__Citrobacter.s__Citrobacter_koseri	140.0526218918
NONMEVIPP-PWY: methylerythritol phosphate pathway I|g__Veillonella.s__Veillonella_parvula	7.2005847440
NONMEVIPP-PWY: methylerythritol phosphate pathway I|g__Veillonella.s__Veillonella_dispar	4.4940776554
PWY-7560: methylerythritol phosphate pathway II	18410.2378662280
PWY-7560: methylerythritol phosphate pathway II|g__Klebsiella.s__Klebsiella_pneumoniae	9481.5644533890
PWY-7560: methylerythritol phosphate pathway II|g__Klebsiella.s__Klebsiella_oxytoca	2287.3482618805
PWY-7560: methylerythritol phosphate pathway II|g__Escherichia.s__Escherichia_coli	2099.9391651592
PWY-7560: methylerythritol phosphate pathway II|g__Klebsiella.s__Klebsiella_michiganensis	197.3541803376
PWY-7560: methylerythritol phosphate pathway II|g__Citrobacter.s__Citrobacter_freundii	138.0514358188
PWY-7560: methylerythritol phosphate pathway II|g__Citrobacter.s__Citrobacter_koseri	136.5209717483
PWY-7560: methylerythritol phosphate pathway II|g__Citrobacter.s__Citrobacter_braakii	27.6294493517
PWY-3841: folate transformations II (plants)	18322.3144325644
PWY-3841: folate transformations II (plants)|g__Klebsiella.s__Klebsiella_pneumoniae	9701.6643464385
PWY-3841: folate transformations II (plants)|g__Klebsiella.s__Klebsiella_oxytoca	2000.5666582639
PWY-3841: folate transformations II (plants)|g__Escherichia.s__Escherichia_coli	1363.9552031924
PWY-3841: folate transformations II (plants)|g__Veillonella.s__Veillonella_atypica	825.2087480450
PWY-3841: folate transformations II (plants)|g__Streptococcus.s__Streptococcus_thermophilus	667.8835482759
PWY-3841: folate transformations II (plants)|g__Citrobacter.s__Citrobacter_braakii	339.4770112310
PWY-3841: folate transformations II (plants)|g__Citrobacter.s__Citrobacter_freundii	301.8379649809
PWY-3841: folate transformations II (plants)|g__Citrobacter.s__Citrobacter_koseri	180.6893701380
PWY-3841: folate transformations II (plants)|g__Lactobacillus.s__Lactobacillus_murinus	166.2705365510
PWY-3841: folate transformations II (plants)|g__Lactobacillus.s__Lactobacillus_rhamnosus	81.7111037924
PWY-3841: folate transformations II (plants)|g__Dialister.s__Dialister_invisus	71.0147132816
PWY-3841: folate transformations II (plants)|unclassified	69.1502167928
PWY-3841: folate transformations II (plants)|g__Lactobacillus.s__Lactobacillus_pentosus	56.4231879196
PWY-3841: folate transformations II (plants)|g__Veillonella.s__Veillonella_dispar	33.4991310373
PWY-3841: folate transformations II (plants)|g__Lactobacillus.s__Lactobacillus_plantarum	32.6103855326
PWY-3841: folate transformations II (plants)|g__Klebsiella.s__Klebsiella_michiganensis	30.8736144555
PWY-3841: folate transformations II (plants)|g__Leptotrichia.s__Leptotrichia_wadei	22.2785523824
PWY-3841: folate transformations II (plants)|g__Prevotella.s__Prevotella_melaninogenica	11.3788919204
PWY-3841: folate transformations II (plants)|g__Escherichia.s__Escherichia_fergusonii	10.2405132302
PWY-3841: folate transformations II (plants)|g__Prevotella.s__Prevotella_jejuni	4.1262424858
PWY-3841: folate transformations II (plants)|g__Morganella.s__Morganella_morganii	2.5182707935
PWY-6123: inosine-5'-phosphate biosynthesis I	18154.8869471952
PWY-6123: inosine-5'-phosphate biosynthesis I|g__Klebsiella.s__Klebsiella_pneumoniae	7177.6983155213
PWY-6123: inosine-5'-phosphate biosynthesis I|g__Escherichia.s__Escherichia_coli	2006.2600467674
PWY-6123: inosine-5'-phosphate biosynthesis I|g__Klebsiella.s__Klebsiella_oxytoca	1783.3313536136
PWY-6123: inosine-5'-phosphate biosynthesis I|g__Streptococcus.s__Streptococcus_thermophilus	755.6449540596
PWY-6123: inosine-5'-phosphate biosynthesis I|g__Veillonella.s__Veillonella_atypica	684.1437201151
PWY-6123: inosine-5'-phosphate biosynthesis I|g__Citrobacter.s__Citrobacter_braakii	397.0265022713
PWY-6123: inosine-5'-phosphate biosynthesis I|g__Klebsiella.s__Klebsiella_michiganensis	316.3590225990
PWY-6123: inosine-5'-phosphate biosynthesis I|g__Sutterella.s__Sutterella_sp_CAG_351	277.9842030270
PWY-6123: inosine-5'-phosphate biosynthesis I|g__Citrobacter.s__Citrobacter_koseri	264.1179997229
PWY-6123: inosine-5'-phosphate biosynthesis I|g__Lactobacillus.s__Lactobacillus_murinus	158.4056216099
PWY-6123: inosine-5'-phosphate biosynthesis I|g__Lactobacillus.s__Lactobacillus_rhamnosus	136.8768284508
PWY-6123: inosine-5'-phosphate biosynthesis I|unclassified	118.2347531135
PWY-6123: inosine-5'-phosphate biosynthesis I|g__Citrobacter.s__Citrobacter_freundii	85.8497543034
PWY-6123: inosine-5'-phosphate biosynthesis I|g__Lactobacillus.s__Lactobacillus_pentosus	53.8959508080
PWY-6123: inosine-5'-phosphate biosynthesis I|g__Dialister.s__Dialister_invisus	50.0329661223
PWY-6123: inosine-5'-phosphate biosynthesis I|g__Morganella.s__Morganella_morganii	30.7346374146
PWY-6123: inosine-5'-phosphate biosynthesis I|g__Veillonella.s__Veillonella_dispar	12.7989314650
PWY-6123: inosine-5'-phosphate biosynthesis I|g__Fusobacterium.s__Fusobacterium_nucleatum	12.0775697253
PWY-6123: inosine-5'-phosphate biosynthesis I|g__Veillonella.s__Veillonella_parvula	9.8807290684
PWY-6123: inosine-5'-phosphate biosynthesis I|g__Veillonella.s__Veillonella_infantium	8.1429562134
PWY-6123: inosine-5'-phosphate biosynthesis I|g__Escherichia.s__Escherichia_fergusonii	6.1500290961
PWY-6123: inosine-5'-phosphate biosynthesis I|g__Lactobacillus.s__Lactobacillus_plantarum	5.8548071308
PWY0-1277: 3-phenylpropanoate and 3-(3-hydroxyphenyl)propanoate degradation	18066.0643765215
PWY0-1277: 3-phenylpropanoate and 3-(3-hydroxyphenyl)propanoate degradation|g__Klebsiella.s__Klebsiella_pneumoniae	6751.6066479572
PWY0-1277: 3-phenylpropanoate and 3-(3-hydroxyphenyl)propanoate degradation|g__Escherichia.s__Escherichia_coli	3707.1966334842
PWY0-1277: 3-phenylpropanoate and 3-(3-hydroxyphenyl)propanoate degradation|g__Klebsiella.s__Klebsiella_oxytoca	3083.8568034534
PWY0-1277: 3-phenylpropanoate and 3-(3-hydroxyphenyl)propanoate degradation|g__Klebsiella.s__Klebsiella_aerogenes	1307.8753921552
PWY0-1277: 3-phenylpropanoate and 3-(3-hydroxyphenyl)propanoate degradation|g__Citrobacter.s__Citrobacter_amalonaticus	342.1459992974
PWY0-1277: 3-phenylpropanoate and 3-(3-hydroxyphenyl)propanoate degradation|g__Klebsiella.s__Klebsiella_michiganensis	293.0852670698
PWY0-1277: 3-phenylpropanoate and 3-(3-hydroxyphenyl)propanoate degradation|g__Citrobacter.s__Citrobacter_braakii	253.8639688378
PWY0-1277: 3-phenylpropanoate and 3-(3-hydroxyphenyl)propanoate degradation|g__Citrobacter.s__Citrobacter_freundii	221.8104430812
PWY0-1479: tRNA processing	17957.4322597514
PWY0-1479: tRNA processing|g__Klebsiella.s__Klebsiella_pneumoniae	7868.8582461607
PWY0-1479: tRNA processing|g__Escherichia.s__Escherichia_coli	2581.5936848250
PWY0-1479: tRNA processing|g__Klebsiella.s__Klebsiella_oxytoca	1972.1362715147
PWY0-1479: tRNA processing|g__Klebsiella.s__Klebsiella_michiganensis	331.6735768121
PWY0-1479: tRNA processing|g__Citrobacter.s__Citrobacter_koseri	223.4389221354
PWY0-1479: tRNA processing|g__Citrobacter.s__Citrobacter_braakii	217.3296078925
PWY0-1479: tRNA processing|unclassified	120.4711665642
PWY0-1479: tRNA processing|g__Morganella.s__Morganella_morganii	24.9117747628
PWY0-1479: tRNA processing|g__Citrobacter.s__Citrobacter_freundii	8.7180886441
PWY0-1479: tRNA processing|g__Citrobacter.s__Citrobacter_amalonaticus	6.4565732226
PWY-7282: 4-amino-2-methyl-5-diphosphomethylpyrimidine biosynthesis II	17903.2593336904
PWY-7282: 4-amino-2-methyl-5-diphosphomethylpyrimidine biosynthesis II|g__Klebsiella.s__Klebsiella_pneumoniae	8439.6287380007
PWY-7282: 4-amino-2-methyl-5-diphosphomethylpyrimidine biosynthesis II|g__Klebsiella.s__Klebsiella_oxytoca	2036.7760940601
PWY-7282: 4-amino-2-methyl-5-diphosphomethylpyrimidine biosynthesis II|g__Escherichia.s__Escherichia_coli	1978.0548805961
PWY-7282: 4-amino-2-methyl-5-diphosphomethylpyrimidine biosynthesis II|g__Citrobacter.s__Citrobacter_braakii	485.9562824887
PWY-7282: 4-amino-2-methyl-5-diphosphomethylpyrimidine biosynthesis II|g__Citrobacter.s__Citrobacter_koseri	282.2197023461
PWY-7282: 4-amino-2-methyl-5-diphosphomethylpyrimidine biosynthesis II|g__Klebsiella.s__Klebsiella_michiganensis	237.6760071676
PWY-7282: 4-amino-2-methyl-5-diphosphomethylpyrimidine biosynthesis II|g__Citrobacter.s__Citrobacter_freundii	175.2130299507
PWY-7282: 4-amino-2-methyl-5-diphosphomethylpyrimidine biosynthesis II|g__Klebsiella.s__Klebsiella_aerogenes	5.8150581375
POLYAMSYN-PWY: superpathway of polyamine biosynthesis I	17807.9014755142
POLYAMSYN-PWY: superpathway of polyamine biosynthesis I|g__Klebsiella.s__Klebsiella_pneumoniae	11265.1626583180
POLYAMSYN-PWY: superpathway of polyamine biosynthesis I|g__Klebsiella.s__Klebsiella_oxytoca	1890.2345098104
POLYAMSYN-PWY: superpathway of polyamine biosynthesis I|g__Escherichia.s__Escherichia_coli	1460.2483939668
POLYAMSYN-PWY: superpathway of polyamine biosynthesis I|g__Klebsiella.s__Klebsiella_michiganensis	221.1820684905
POLYAMSYN-PWY: superpathway of polyamine biosynthesis I|g__Citrobacter.s__Citrobacter_koseri	137.3956044470
POLYAMSYN-PWY: superpathway of polyamine biosynthesis I|unclassified	68.1965820924
NAGLIPASYN-PWY: lipid IVA biosynthesis (E. coli)	17782.4130301936
NAGLIPASYN-PWY: lipid IVA biosynthesis (E. coli)|g__Klebsiella.s__Klebsiella_pneumoniae	10208.5023451821
NAGLIPASYN-PWY: lipid IVA biosynthesis (E. coli)|g__Klebsiella.s__Klebsiella_oxytoca	1968.9774361277
NAGLIPASYN-PWY: lipid IVA biosynthesis (E. coli)|g__Escherichia.s__Escherichia_coli	1875.7034425597
NAGLIPASYN-PWY: lipid IVA biosynthesis (E. coli)|g__Citrobacter.s__Citrobacter_braakii	351.6077184879
NAGLIPASYN-PWY: lipid IVA biosynthesis (E. coli)|g__Klebsiella.s__Klebsiella_michiganensis	270.2902496612
NAGLIPASYN-PWY: lipid IVA biosynthesis (E. coli)|g__Citrobacter.s__Citrobacter_koseri	209.2526393167
NAGLIPASYN-PWY: lipid IVA biosynthesis (E. coli)|g__Morganella.s__Morganella_morganii	125.8599382544
NAGLIPASYN-PWY: lipid IVA biosynthesis (E. coli)|g__Citrobacter.s__Citrobacter_freundii	103.3691664250
NAGLIPASYN-PWY: lipid IVA biosynthesis (E. coli)|unclassified	20.8947315351
NAGLIPASYN-PWY: lipid IVA biosynthesis (E. coli)|g__Escherichia.s__Escherichia_fergusonii	16.9496182079
PWY-8073: lipid IVA biosynthesis (P. putida)	17782.4130301936
PWY-8073: lipid IVA biosynthesis (P. putida)|g__Klebsiella.s__Klebsiella_pneumoniae	10208.5023451821
PWY-8073: lipid IVA biosynthesis (P. putida)|g__Klebsiella.s__Klebsiella_oxytoca	1968.9774361277
PWY-8073: lipid IVA biosynthesis (P. putida)|g__Escherichia.s__Escherichia_coli	1875.7034425597
PWY-8073: lipid IVA biosynthesis (P. putida)|g__Citrobacter.s__Citrobacter_braakii	351.6077184879
PWY-8073: lipid IVA biosynthesis (P. putida)|g__Klebsiella.s__Klebsiella_michiganensis	270.2902496612
PWY-8073: lipid IVA biosynthesis (P. putida)|g__Citrobacter.s__Citrobacter_koseri	209.2526393167
PWY-8073: lipid IVA biosynthesis (P. putida)|g__Morganella.s__Morganella_morganii	125.8599382544
PWY-8073: lipid IVA biosynthesis (P. putida)|g__Citrobacter.s__Citrobacter_freundii	103.3691664250
PWY-8073: lipid IVA biosynthesis (P. putida)|unclassified	20.8947315351
PWY-8073: lipid IVA biosynthesis (P. putida)|g__Escherichia.s__Escherichia_fergusonii	16.9496182079
PWY-7115: C4 photosynthetic carbon assimilation cycle, NAD-ME type	17639.8546753240
PWY-7115: C4 photosynthetic carbon assimilation cycle, NAD-ME type|g__Klebsiella.s__Klebsiella_pneumoniae	8688.8467320001
PWY-7115: C4 photosynthetic carbon assimilation cycle, NAD-ME type|g__Klebsiella.s__Klebsiella_oxytoca	2673.1330330261
PWY-7115: C4 photosynthetic carbon assimilation cycle, NAD-ME type|g__Escherichia.s__Escherichia_coli	1237.0693893706
PWY-7115: C4 photosynthetic carbon assimilation cycle, NAD-ME type|g__Klebsiella.s__Klebsiella_michiganensis	581.7200728494
PWY-7115: C4 photosynthetic carbon assimilation cycle, NAD-ME type|g__Citrobacter.s__Citrobacter_freundii	428.2665312804
PWY-7115: C4 photosynthetic carbon assimilation cycle, NAD-ME type|g__Citrobacter.s__Citrobacter_koseri	297.3521372818
PWY-7115: C4 photosynthetic carbon assimilation cycle, NAD-ME type|g__Citrobacter.s__Citrobacter_braakii	233.5509131232
TRPSYN-PWY: L-tryptophan biosynthesis	17354.2227604422
TRPSYN-PWY: L-tryptophan biosynthesis|g__Klebsiella.s__Klebsiella_pneumoniae	6465.2091026002
TRPSYN-PWY: L-tryptophan biosynthesis|g__Escherichia.s__Escherichia_coli	2112.4113306548
TRPSYN-PWY: L-tryptophan biosynthesis|g__Klebsiella.s__Klebsiella_oxytoca	1918.0015454973
TRPSYN-PWY: L-tryptophan biosynthesis|g__Streptococcus.s__Streptococcus_thermophilus	962.6228678069
TRPSYN-PWY: L-tryptophan biosynthesis|g__Veillonella.s__Veillonella_atypica	566.5424459827
TRPSYN-PWY: L-tryptophan biosynthesis|g__Sutterella.s__Sutterella_sp_CAG_351	321.4983428476
TRPSYN-PWY: L-tryptophan biosynthesis|g__Klebsiella.s__Klebsiella_michiganensis	288.5974186079
TRPSYN-PWY: L-tryptophan biosynthesis|g__Citrobacter.s__Citrobacter_koseri	272.4204962249
TRPSYN-PWY: L-tryptophan biosynthesis|g__Citrobacter.s__Citrobacter_braakii	177.8047436261
TRPSYN-PWY: L-tryptophan biosynthesis|g__Citrobacter.s__Citrobacter_freundii	122.2658188235
TRPSYN-PWY: L-tryptophan biosynthesis|g__Veillonella.s__Veillonella_dispar	72.9504048737
TRPSYN-PWY: L-tryptophan biosynthesis|g__Lactobacillus.s__Lactobacillus_pentosus	51.6701314523
TRPSYN-PWY: L-tryptophan biosynthesis|g__Veillonella.s__Veillonella_parvula	20.9463285690
PWY0-301: L-ascorbate degradation I (bacterial, anaerobic)	17329.7594709961
PWY0-301: L-ascorbate degradation I (bacterial, anaerobic)|g__Klebsiella.s__Klebsiella_pneumoniae	8173.1396047937
PWY0-301: L-ascorbate degradation I (bacterial, anaerobic)|g__Escherichia.s__Escherichia_coli	2949.0377698500
PWY0-301: L-ascorbate degradation I (bacterial, anaerobic)|g__Klebsiella.s__Klebsiella_oxytoca	2883.0816199052
PWY0-301: L-ascorbate degradation I (bacterial, anaerobic)|g__Klebsiella.s__Klebsiella_michiganensis	986.8252216238
PWY0-301: L-ascorbate degradation I (bacterial, anaerobic)|g__Citrobacter.s__Citrobacter_braakii	514.3150264368
PWY0-301: L-ascorbate degradation I (bacterial, anaerobic)|g__Citrobacter.s__Citrobacter_koseri	323.3644228219
PWY0-301: L-ascorbate degradation I (bacterial, anaerobic)|g__Citrobacter.s__Citrobacter_freundii	260.4501900481
PWY0-301: L-ascorbate degradation I (bacterial, anaerobic)|unclassified	160.9681367623
PWY0-301: L-ascorbate degradation I (bacterial, anaerobic)|g__Lactobacillus.s__Lactobacillus_rhamnosus	113.1431916354
PWY0-301: L-ascorbate degradation I (bacterial, anaerobic)|g__Escherichia.s__Escherichia_fergusonii	47.1948802760
PWY0-845: superpathway of pyridoxal 5'-phosphate biosynthesis and salvage	17292.1798772517
PWY0-845: superpathway of pyridoxal 5'-phosphate biosynthesis and salvage|g__Klebsiella.s__Klebsiella_pneumoniae	9094.4400318017
PWY0-845: superpathway of pyridoxal 5'-phosphate biosynthesis and salvage|g__Escherichia.s__Escherichia_coli	2561.3557607605
PWY0-845: superpathway of pyridoxal 5'-phosphate biosynthesis and salvage|g__Klebsiella.s__Klebsiella_oxytoca	2116.9963352815
PWY0-845: superpathway of pyridoxal 5'-phosphate biosynthesis and salvage|g__Citrobacter.s__Citrobacter_braakii	479.4100904604
PWY0-845: superpathway of pyridoxal 5'-phosphate biosynthesis and salvage|g__Citrobacter.s__Citrobacter_koseri	270.6947808844
PWY0-845: superpathway of pyridoxal 5'-phosphate biosynthesis and salvage|g__Citrobacter.s__Citrobacter_freundii	214.8153891383
PWY0-845: superpathway of pyridoxal 5'-phosphate biosynthesis and salvage|g__Klebsiella.s__Klebsiella_michiganensis	151.3126865652
PWY0-845: superpathway of pyridoxal 5'-phosphate biosynthesis and salvage|unclassified	111.7497320820
HISTSYN-PWY: L-histidine biosynthesis	17163.7702060485
HISTSYN-PWY: L-histidine biosynthesis|g__Klebsiella.s__Klebsiella_pneumoniae	6007.4275993088
HISTSYN-PWY: L-histidine biosynthesis|g__Escherichia.s__Escherichia_coli	2370.0235597662
HISTSYN-PWY: L-histidine biosynthesis|g__Klebsiella.s__Klebsiella_oxytoca	1505.0403413248
HISTSYN-PWY: L-histidine biosynthesis|g__Veillonella.s__Veillonella_atypica	811.7963110422
HISTSYN-PWY: L-histidine biosynthesis|g__Streptococcus.s__Streptococcus_thermophilus	395.4112211987
HISTSYN-PWY: L-histidine biosynthesis|g__Klebsiella.s__Klebsiella_michiganensis	359.8365580851
HISTSYN-PWY: L-histidine biosynthesis|g__Sutterella.s__Sutterella_sp_CAG_351	315.4337314588
HISTSYN-PWY: L-histidine biosynthesis|g__Citrobacter.s__Citrobacter_braakii	261.4612352750
HISTSYN-PWY: L-histidine biosynthesis|g__Citrobacter.s__Citrobacter_koseri	179.7576876082
HISTSYN-PWY: L-histidine biosynthesis|unclassified	109.4503879546
HISTSYN-PWY: L-histidine biosynthesis|g__Lactobacillus.s__Lactobacillus_rhamnosus	93.5264561197
HISTSYN-PWY: L-histidine biosynthesis|g__Citrobacter.s__Citrobacter_freundii	70.5501352291
HISTSYN-PWY: L-histidine biosynthesis|g__Lactobacillus.s__Lactobacillus_pentosus	53.9551863719
HISTSYN-PWY: L-histidine biosynthesis|g__Lactobacillus.s__Lactobacillus_plantarum	22.8517752994
HISTSYN-PWY: L-histidine biosynthesis|g__Morganella.s__Morganella_morganii	10.7645969188
HISTSYN-PWY: L-histidine biosynthesis|g__Escherichia.s__Escherichia_fergusonii	5.5485423755
PWY0-166: superpathway of pyrimidine deoxyribonucleotides de novo biosynthesis (E. coli)	17032.7416500706
PWY0-166: superpathway of pyrimidine deoxyribonucleotides de novo biosynthesis (E. coli)|g__Klebsiella.s__Klebsiella_pneumoniae	8836.2355883430
PWY0-166: superpathway of pyrimidine deoxyribonucleotides de novo biosynthesis (E. coli)|g__Klebsiella.s__Klebsiella_oxytoca	2281.9865646524
PWY0-166: superpathway of pyrimidine deoxyribonucleotides de novo biosynthesis (E. coli)|g__Escherichia.s__Escherichia_coli	1474.6339733652
PWY0-166: superpathway of pyrimidine deoxyribonucleotides de novo biosynthesis (E. coli)|g__Klebsiella.s__Klebsiella_michiganensis	335.8358859029
PWY0-166: superpathway of pyrimidine deoxyribonucleotides de novo biosynthesis (E. coli)|g__Citrobacter.s__Citrobacter_freundii	276.2003976858
PWY0-166: superpathway of pyrimidine deoxyribonucleotides de novo biosynthesis (E. coli)|g__Citrobacter.s__Citrobacter_koseri	166.2492874309
PWY0-166: superpathway of pyrimidine deoxyribonucleotides de novo biosynthesis (E. coli)|unclassified	12.5290493616
HCAMHPDEG-PWY: 3-phenylpropanoate and 3-(3-hydroxyphenyl)propanoate degradation to 2-hydroxypentadienoate	16942.2565324007
HCAMHPDEG-PWY: 3-phenylpropanoate and 3-(3-hydroxyphenyl)propanoate degradation to 2-hydroxypentadienoate|g__Klebsiella.s__Klebsiella_pneumoniae	7039.5629909026
HCAMHPDEG-PWY: 3-phenylpropanoate and 3-(3-hydroxyphenyl)propanoate degradation to 2-hydroxypentadienoate|g__Escherichia.s__Escherichia_coli	4343.9598232367
HCAMHPDEG-PWY: 3-phenylpropanoate and 3-(3-hydroxyphenyl)propanoate degradation to 2-hydroxypentadienoate|g__Klebsiella.s__Klebsiella_oxytoca	1946.8044021490
HCAMHPDEG-PWY: 3-phenylpropanoate and 3-(3-hydroxyphenyl)propanoate degradation to 2-hydroxypentadienoate|g__Klebsiella.s__Klebsiella_aerogenes	1362.1230317190
HCAMHPDEG-PWY: 3-phenylpropanoate and 3-(3-hydroxyphenyl)propanoate degradation to 2-hydroxypentadienoate|g__Citrobacter.s__Citrobacter_amalonaticus	387.6220076143
HCAMHPDEG-PWY: 3-phenylpropanoate and 3-(3-hydroxyphenyl)propanoate degradation to 2-hydroxypentadienoate|g__Citrobacter.s__Citrobacter_braakii	292.6397176487
HCAMHPDEG-PWY: 3-phenylpropanoate and 3-(3-hydroxyphenyl)propanoate degradation to 2-hydroxypentadienoate|g__Klebsiella.s__Klebsiella_michiganensis	178.0124903604
HCAMHPDEG-PWY: 3-phenylpropanoate and 3-(3-hydroxyphenyl)propanoate degradation to 2-hydroxypentadienoate|g__Citrobacter.s__Citrobacter_freundii	132.7284733580
PWY-6690: cinnamate and 3-hydroxycinnamate degradation to 2-hydroxypentadienoate	16942.2565324007
PWY-6690: cinnamate and 3-hydroxycinnamate degradation to 2-hydroxypentadienoate|g__Klebsiella.s__Klebsiella_pneumoniae	7039.5629909026
PWY-6690: cinnamate and 3-hydroxycinnamate degradation to 2-hydroxypentadienoate|g__Escherichia.s__Escherichia_coli	4343.9598232367
PWY-6690: cinnamate and 3-hydroxycinnamate degradation to 2-hydroxypentadienoate|g__Klebsiella.s__Klebsiella_oxytoca	1946.8044021490
PWY-6690: cinnamate and 3-hydroxycinnamate degradation to 2-hydroxypentadienoate|g__Klebsiella.s__Klebsiella_aerogenes	1362.1230317190
PWY-6690: cinnamate and 3-hydroxycinnamate degradation to 2-hydroxypentadienoate|g__Citrobacter.s__Citrobacter_amalonaticus	387.6220076143
PWY-6690: cinnamate and 3-hydroxycinnamate degradation to 2-hydroxypentadienoate|g__Citrobacter.s__Citrobacter_braakii	292.6397176487
PWY-6690: cinnamate and 3-hydroxycinnamate degradation to 2-hydroxypentadienoate|g__Klebsiella.s__Klebsiella_michiganensis	178.0124903604
PWY-6690: cinnamate and 3-hydroxycinnamate degradation to 2-hydroxypentadienoate|g__Citrobacter.s__Citrobacter_freundii	132.7284733580
PWY-6527: stachyose degradation	16874.6723302140
PWY-6527: stachyose degradation|g__Klebsiella.s__Klebsiella_pneumoniae	7996.5945318839
PWY-6527: stachyose degradation|g__Escherichia.s__Escherichia_coli	2739.1340304490
PWY-6527: stachyose degradation|g__Klebsiella.s__Klebsiella_oxytoca	1519.6527365389
PWY-6527: stachyose degradation|g__Citrobacter.s__Citrobacter_braakii	529.5926515155
PWY-6527: stachyose degradation|g__Citrobacter.s__Citrobacter_koseri	182.8281570622
PWY-6527: stachyose degradation|g__Klebsiella.s__Klebsiella_michiganensis	182.5806495790
PWY-6527: stachyose degradation|g__Lactobacillus.s__Lactobacillus_plantarum	176.1881467656
PWY-6527: stachyose degradation|g__Lactobacillus.s__Lactobacillus_murinus	170.9182912318
PWY-6527: stachyose degradation|g__Citrobacter.s__Citrobacter_freundii	150.2577274308
PWY-6527: stachyose degradation|unclassified	140.3712539245
PWY-6527: stachyose degradation|g__Lactobacillus.s__Lactobacillus_rhamnosus	123.6424604286
PWY-6527: stachyose degradation|g__Lactobacillus.s__Lactobacillus_pentosus	94.5408715192
PWY-6527: stachyose degradation|g__Klebsiella.s__Klebsiella_aerogenes	5.9161941479
PWY-6317: D-galactose degradation I (Leloir pathway)	16847.2082245385
PWY-6317: D-galactose degradation I (Leloir pathway)|g__Klebsiella.s__Klebsiella_pneumoniae	7474.0254910611
PWY-6317: D-galactose degradation I (Leloir pathway)|g__Escherichia.s__Escherichia_coli	2418.9437523603
PWY-6317: D-galactose degradation I (Leloir pathway)|g__Klebsiella.s__Klebsiella_oxytoca	2149.7991093646
PWY-6317: D-galactose degradation I (Leloir pathway)|g__Streptococcus.s__Streptococcus_thermophilus	606.6047398970
PWY-6317: D-galactose degradation I (Leloir pathway)|g__Citrobacter.s__Citrobacter_braakii	335.0519842624
PWY-6317: D-galactose degradation I (Leloir pathway)|g__Klebsiella.s__Klebsiella_michiganensis	317.4665180335
PWY-6317: D-galactose degradation I (Leloir pathway)|g__Citrobacter.s__Citrobacter_koseri	266.4354053097
PWY-6317: D-galactose degradation I (Leloir pathway)|unclassified	193.4707896595
PWY-6317: D-galactose degradation I (Leloir pathway)|g__Lactobacillus.s__Lactobacillus_plantarum	188.2701501490
PWY-6317: D-galactose degradation I (Leloir pathway)|g__Citrobacter.s__Citrobacter_freundii	138.9184115370
PWY-6317: D-galactose degradation I (Leloir pathway)|g__Lactobacillus.s__Lactobacillus_rhamnosus	94.1001697172
PWY-6317: D-galactose degradation I (Leloir pathway)|g__Lactobacillus.s__Lactobacillus_pentosus	54.9190778811
PWY-6317: D-galactose degradation I (Leloir pathway)|g__Klebsiella.s__Klebsiella_aerogenes	38.1511242899
PWY-6317: D-galactose degradation I (Leloir pathway)|g__Fusobacterium.s__Fusobacterium_nucleatum	15.8008568336
PWY-6317: D-galactose degradation I (Leloir pathway)|g__Escherichia.s__Escherichia_fergusonii	11.6281978836
PWY-7197: pyrimidine deoxyribonucleotide phosphorylation	16777.7126345753
PWY-7197: pyrimidine deoxyribonucleotide phosphorylation|g__Klebsiella.s__Klebsiella_pneumoniae	8968.0456401765
PWY-7197: pyrimidine deoxyribonucleotide phosphorylation|g__Klebsiella.s__Klebsiella_oxytoca	1608.5930648229
PWY-7197: pyrimidine deoxyribonucleotide phosphorylation|g__Escherichia.s__Escherichia_coli	1042.8495904508
PWY-7197: pyrimidine deoxyribonucleotide phosphorylation|g__Bilophila.s__Bilophila_wadsworthia	913.8919670753
PWY-7197: pyrimidine deoxyribonucleotide phosphorylation|g__Veillonella.s__Veillonella_atypica	707.2999491434
PWY-7197: pyrimidine deoxyribonucleotide phosphorylation|g__Streptococcus.s__Streptococcus_thermophilus	576.5772060903
PWY-7197: pyrimidine deoxyribonucleotide phosphorylation|g__Selenomonas.s__Selenomonas_artemidis	511.0154127705
PWY-7197: pyrimidine deoxyribonucleotide phosphorylation|g__Klebsiella.s__Klebsiella_michiganensis	336.4002196024
PWY-7197: pyrimidine deoxyribonucleotide phosphorylation|g__Citrobacter.s__Citrobacter_freundii	221.3248330690
PWY-7197: pyrimidine deoxyribonucleotide phosphorylation|g__Lactobacillus.s__Lactobacillus_plantarum	155.5495720234
PWY-7197: pyrimidine deoxyribonucleotide phosphorylation|g__Citrobacter.s__Citrobacter_koseri	132.2230208287
PWY-7197: pyrimidine deoxyribonucleotide phosphorylation|g__Lactobacillus.s__Lactobacillus_rhamnosus	90.9047471430
PWY-7197: pyrimidine deoxyribonucleotide phosphorylation|g__Lactobacillus.s__Lactobacillus_pentosus	66.3911875823
PWY-7197: pyrimidine deoxyribonucleotide phosphorylation|g__Dialister.s__Dialister_invisus	21.6576813985
PWY-7197: pyrimidine deoxyribonucleotide phosphorylation|unclassified	10.0777767768
PWY-1269: CMP-3-deoxy-D-manno-octulosonate biosynthesis	16646.4868530572
PWY-1269: CMP-3-deoxy-D-manno-octulosonate biosynthesis|g__Klebsiella.s__Klebsiella_pneumoniae	7766.1251676191
PWY-1269: CMP-3-deoxy-D-manno-octulosonate biosynthesis|g__Escherichia.s__Escherichia_coli	3894.2583480419
PWY-1269: CMP-3-deoxy-D-manno-octulosonate biosynthesis|g__Klebsiella.s__Klebsiella_oxytoca	2224.7603614165
PWY-1269: CMP-3-deoxy-D-manno-octulosonate biosynthesis|g__Citrobacter.s__Citrobacter_braakii	361.5027407400
PWY-1269: CMP-3-deoxy-D-manno-octulosonate biosynthesis|g__Citrobacter.s__Citrobacter_freundii	335.4841245693
PWY-1269: CMP-3-deoxy-D-manno-octulosonate biosynthesis|g__Klebsiella.s__Klebsiella_michiganensis	324.3651341546
PWY-1269: CMP-3-deoxy-D-manno-octulosonate biosynthesis|g__Citrobacter.s__Citrobacter_koseri	245.0302552159
PWY-1269: CMP-3-deoxy-D-manno-octulosonate biosynthesis|unclassified	180.2632770308
PWY-1269: CMP-3-deoxy-D-manno-octulosonate biosynthesis|g__Morganella.s__Morganella_morganii	8.2695665887
PWY-1269: CMP-3-deoxy-D-manno-octulosonate biosynthesis|g__Proteus.s__Proteus_mirabilis	1.6427591941
PWY1ZNC-1: assimilatory sulfate reduction IV	16500.1059207557
PWY1ZNC-1: assimilatory sulfate reduction IV|g__Klebsiella.s__Klebsiella_pneumoniae	9181.6809430338
PWY1ZNC-1: assimilatory sulfate reduction IV|g__Klebsiella.s__Klebsiella_oxytoca	3592.9190075386
PWY1ZNC-1: assimilatory sulfate reduction IV|g__Escherichia.s__Escherichia_coli	1069.6256340447
PWY1ZNC-1: assimilatory sulfate reduction IV|g__Citrobacter.s__Citrobacter_braakii	337.3407692897
PWY1ZNC-1: assimilatory sulfate reduction IV|g__Citrobacter.s__Citrobacter_freundii	258.6374490671
PWY1ZNC-1: assimilatory sulfate reduction IV|g__Klebsiella.s__Klebsiella_michiganensis	245.0138967815
PWY1ZNC-1: assimilatory sulfate reduction IV|g__Citrobacter.s__Citrobacter_koseri	201.9023280385
PWY1ZNC-1: assimilatory sulfate reduction IV|unclassified	132.4755199141
PWY1ZNC-1: assimilatory sulfate reduction IV|g__Klebsiella.s__Klebsiella_aerogenes	5.2592751756
PWY1ZNC-1: assimilatory sulfate reduction IV|g__Escherichia.s__Escherichia_fergusonii	2.2282719648
PWY-6628: superpathway of L-phenylalanine biosynthesis	16468.3866868140
PWY-6628: superpathway of L-phenylalanine biosynthesis|g__Klebsiella.s__Klebsiella_pneumoniae	9169.6471383708
PWY-6628: superpathway of L-phenylalanine biosynthesis|g__Escherichia.s__Escherichia_coli	866.3237337118
PWY-6628: superpathway of L-phenylalanine biosynthesis|g__Klebsiella.s__Klebsiella_oxytoca	848.3091329318
PWY-6628: superpathway of L-phenylalanine biosynthesis|g__Streptococcus.s__Streptococcus_thermophilus	584.1595594648
PWY-6628: superpathway of L-phenylalanine biosynthesis|g__Selenomonas.s__Selenomonas_artemidis	451.4820325319
PWY-6628: superpathway of L-phenylalanine biosynthesis|g__Klebsiella.s__Klebsiella_michiganensis	190.8415668949
PWY-6628: superpathway of L-phenylalanine biosynthesis|g__Citrobacter.s__Citrobacter_koseri	190.0394833569
PWY-6628: superpathway of L-phenylalanine biosynthesis|g__Citrobacter.s__Citrobacter_freundii	134.9825303605
PWY-6147: 6-hydroxymethyl-dihydropterin diphosphate biosynthesis I	16309.9922800788
PWY-6147: 6-hydroxymethyl-dihydropterin diphosphate biosynthesis I|g__Klebsiella.s__Klebsiella_pneumoniae	5674.2507284640
PWY-6147: 6-hydroxymethyl-dihydropterin diphosphate biosynthesis I|g__Escherichia.s__Escherichia_coli	2378.3847245737
PWY-6147: 6-hydroxymethyl-dihydropterin diphosphate biosynthesis I|g__Klebsiella.s__Klebsiella_oxytoca	1046.5981375885
PWY-6147: 6-hydroxymethyl-dihydropterin diphosphate biosynthesis I|g__Streptococcus.s__Streptococcus_thermophilus	642.8987348348
PWY-6147: 6-hydroxymethyl-dihydropterin diphosphate biosynthesis I|g__Klebsiella.s__Klebsiella_michiganensis	476.0104092897
PWY-6147: 6-hydroxymethyl-dihydropterin diphosphate biosynthesis I|g__Selenomonas.s__Selenomonas_artemidis	439.5101146712
PWY-6147: 6-hydroxymethyl-dihydropterin diphosphate biosynthesis I|g__Citrobacter.s__Citrobacter_braakii	193.1758645523
PWY-6147: 6-hydroxymethyl-dihydropterin diphosphate biosynthesis I|g__Citrobacter.s__Citrobacter_koseri	187.1386561533
PWY-6147: 6-hydroxymethyl-dihydropterin diphosphate biosynthesis I|g__Megasphaera.s__Megasphaera_micronuciformis	114.8300113831
PWY-6147: 6-hydroxymethyl-dihydropterin diphosphate biosynthesis I|g__Citrobacter.s__Citrobacter_freundii	92.7404208759
PWY-6147: 6-hydroxymethyl-dihydropterin diphosphate biosynthesis I|g__Lactobacillus.s__Lactobacillus_pentosus	58.0274227318
PWY-6147: 6-hydroxymethyl-dihydropterin diphosphate biosynthesis I|g__Dialister.s__Dialister_invisus	44.3920562765
PWY-6147: 6-hydroxymethyl-dihydropterin diphosphate biosynthesis I|g__Veillonella.s__Veillonella_infantium	26.1476451426
PWY-6147: 6-hydroxymethyl-dihydropterin diphosphate biosynthesis I|g__Lactococcus.s__Lactococcus_lactis	19.3653071919
PWY-6147: 6-hydroxymethyl-dihydropterin diphosphate biosynthesis I|unclassified	11.9532042521
PWY-6147: 6-hydroxymethyl-dihydropterin diphosphate biosynthesis I|g__Morganella.s__Morganella_morganii	9.1261596086
PWY-6147: 6-hydroxymethyl-dihydropterin diphosphate biosynthesis I|g__Veillonella.s__Veillonella_parvula	5.9238309831
PWY-6147: 6-hydroxymethyl-dihydropterin diphosphate biosynthesis I|g__Lactobacillus.s__Lactobacillus_plantarum	5.3491663539
PWY-7357: thiamine phosphate formation from pyrithiamine and oxythiamine (yeast)	16288.4830408772
PWY-7357: thiamine phosphate formation from pyrithiamine and oxythiamine (yeast)|g__Klebsiella.s__Klebsiella_pneumoniae	7265.3221864414
PWY-7357: thiamine phosphate formation from pyrithiamine and oxythiamine (yeast)|g__Klebsiella.s__Klebsiella_oxytoca	2377.7456657514
PWY-7357: thiamine phosphate formation from pyrithiamine and oxythiamine (yeast)|g__Escherichia.s__Escherichia_coli	1506.4454060789
PWY-7357: thiamine phosphate formation from pyrithiamine and oxythiamine (yeast)|g__Selenomonas.s__Selenomonas_artemidis	393.4816432726
PWY-7357: thiamine phosphate formation from pyrithiamine and oxythiamine (yeast)|g__Klebsiella.s__Klebsiella_michiganensis	320.5013792180
PWY-7357: thiamine phosphate formation from pyrithiamine and oxythiamine (yeast)|g__Citrobacter.s__Citrobacter_koseri	267.8623972868
PWY-7357: thiamine phosphate formation from pyrithiamine and oxythiamine (yeast)|g__Klebsiella.s__Klebsiella_aerogenes	237.4664792900
PWY-7357: thiamine phosphate formation from pyrithiamine and oxythiamine (yeast)|g__Lactobacillus.s__Lactobacillus_plantarum	197.4072166829
PWY-7357: thiamine phosphate formation from pyrithiamine and oxythiamine (yeast)|g__Megasphaera.s__Megasphaera_micronuciformis	169.7401161571
PWY-7357: thiamine phosphate formation from pyrithiamine and oxythiamine (yeast)|g__Citrobacter.s__Citrobacter_freundii	150.2052022916
PWY-7357: thiamine phosphate formation from pyrithiamine and oxythiamine (yeast)|g__Lactobacillus.s__Lactobacillus_rhamnosus	106.1072852136
PWY-7357: thiamine phosphate formation from pyrithiamine and oxythiamine (yeast)|g__Dialister.s__Dialister_invisus	61.7000366917
PWY-7357: thiamine phosphate formation from pyrithiamine and oxythiamine (yeast)|g__Lactobacillus.s__Lactobacillus_pentosus	35.2976220694
PWY-7357: thiamine phosphate formation from pyrithiamine and oxythiamine (yeast)|g__Citrobacter.s__Citrobacter_braakii	4.1542906946
PYRIDOXSYN-PWY: pyridoxal 5'-phosphate biosynthesis I	16281.4310181292
PYRIDOXSYN-PWY: pyridoxal 5'-phosphate biosynthesis I|g__Klebsiella.s__Klebsiella_pneumoniae	10020.4518226236
PYRIDOXSYN-PWY: pyridoxal 5'-phosphate biosynthesis I|g__Escherichia.s__Escherichia_coli	2183.9310587969
PYRIDOXSYN-PWY: pyridoxal 5'-phosphate biosynthesis I|g__Klebsiella.s__Klebsiella_oxytoca	1827.9029314567
PYRIDOXSYN-PWY: pyridoxal 5'-phosphate biosynthesis I|g__Citrobacter.s__Citrobacter_braakii	361.9726910495
PYRIDOXSYN-PWY: pyridoxal 5'-phosphate biosynthesis I|g__Citrobacter.s__Citrobacter_koseri	246.8851714195
PYRIDOXSYN-PWY: pyridoxal 5'-phosphate biosynthesis I|g__Citrobacter.s__Citrobacter_freundii	199.3194046025
PYRIDOXSYN-PWY: pyridoxal 5'-phosphate biosynthesis I|g__Klebsiella.s__Klebsiella_michiganensis	177.0879026318
PYRIDOXSYN-PWY: pyridoxal 5'-phosphate biosynthesis I|unclassified	63.6533437200
THISYN-PWY: superpathway of thiamine diphosphate biosynthesis I	16257.9200141768
THISYN-PWY: superpathway of thiamine diphosphate biosynthesis I|g__Klebsiella.s__Klebsiella_pneumoniae	6157.9184422090
THISYN-PWY: superpathway of thiamine diphosphate biosynthesis I|g__Klebsiella.s__Klebsiella_oxytoca	3231.6914601639
THISYN-PWY: superpathway of thiamine diphosphate biosynthesis I|g__Escherichia.s__Escherichia_coli	2442.0168625416
THISYN-PWY: superpathway of thiamine diphosphate biosynthesis I|g__Klebsiella.s__Klebsiella_michiganensis	250.1154371031
THISYN-PWY: superpathway of thiamine diphosphate biosynthesis I|g__Citrobacter.s__Citrobacter_freundii	193.7298650327
THISYN-PWY: superpathway of thiamine diphosphate biosynthesis I|g__Citrobacter.s__Citrobacter_koseri	134.3640724082
PWY-6902: chitin degradation II (Vibrio)	16225.3221966274
PWY-6902: chitin degradation II (Vibrio)|g__Klebsiella.s__Klebsiella_pneumoniae	7189.2063848065
PWY-6902: chitin degradation II (Vibrio)|g__Klebsiella.s__Klebsiella_oxytoca	2609.5704352992
PWY-6902: chitin degradation II (Vibrio)|g__Escherichia.s__Escherichia_coli	2194.4436578822
PWY-6902: chitin degradation II (Vibrio)|g__Klebsiella.s__Klebsiella_michiganensis	349.7684848563
PWY-6902: chitin degradation II (Vibrio)|g__Citrobacter.s__Citrobacter_koseri	189.7069365984
PWY-6902: chitin degradation II (Vibrio)|g__Citrobacter.s__Citrobacter_braakii	124.0825320931
PWY-6902: chitin degradation II (Vibrio)|g__Lactobacillus.s__Lactobacillus_plantarum	80.1874454094
PWY-6902: chitin degradation II (Vibrio)|unclassified	63.3099467744
PWY-6902: chitin degradation II (Vibrio)|g__Citrobacter.s__Citrobacter_freundii	58.1820670946
PWY-I9: L-cysteine biosynthesis VI (from L-methionine)	16125.4491972792
PWY-I9: L-cysteine biosynthesis VI (from L-methionine)|g__Klebsiella.s__Klebsiella_pneumoniae	6230.7461189203
PWY-I9: L-cysteine biosynthesis VI (from L-methionine)|g__Klebsiella.s__Klebsiella_oxytoca	2210.8557459842
PWY-I9: L-cysteine biosynthesis VI (from L-methionine)|g__Escherichia.s__Escherichia_coli	1208.6449467616
PWY-I9: L-cysteine biosynthesis VI (from L-methionine)|g__Streptococcus.s__Streptococcus_thermophilus	653.6139293151
PWY-I9: L-cysteine biosynthesis VI (from L-methionine)|g__Citrobacter.s__Citrobacter_koseri	266.9773905936
PWY-I9: L-cysteine biosynthesis VI (from L-methionine)|g__Klebsiella.s__Klebsiella_michiganensis	205.8774004931
PWY-I9: L-cysteine biosynthesis VI (from L-methionine)|g__Citrobacter.s__Citrobacter_freundii	156.3249249228
PWY-I9: L-cysteine biosynthesis VI (from L-methionine)|g__Lactobacillus.s__Lactobacillus_rhamnosus	102.4681544728
PWY-I9: L-cysteine biosynthesis VI (from L-methionine)|g__Citrobacter.s__Citrobacter_braakii	101.2621422161
PWY-I9: L-cysteine biosynthesis VI (from L-methionine)|g__Lactobacillus.s__Lactobacillus_pentosus	45.0588142691
PWY-I9: L-cysteine biosynthesis VI (from L-methionine)|unclassified	24.1381096453
PWY-I9: L-cysteine biosynthesis VI (from L-methionine)|g__Lactobacillus.s__Lactobacillus_plantarum	20.3439302974
PWY-I9: L-cysteine biosynthesis VI (from L-methionine)|g__Klebsiella.s__Klebsiella_aerogenes	13.9044265420
HEME-BIOSYNTHESIS-II: heme b biosynthesis I (aerobic)	15966.9557856093
HEME-BIOSYNTHESIS-II: heme b biosynthesis I (aerobic)|g__Klebsiella.s__Klebsiella_pneumoniae	7591.1040199968
HEME-BIOSYNTHESIS-II: heme b biosynthesis I (aerobic)|g__Escherichia.s__Escherichia_coli	2504.0122921399
HEME-BIOSYNTHESIS-II: heme b biosynthesis I (aerobic)|g__Klebsiella.s__Klebsiella_oxytoca	2262.2407436213
HEME-BIOSYNTHESIS-II: heme b biosynthesis I (aerobic)|g__Veillonella.s__Veillonella_atypica	593.5333783739
HEME-BIOSYNTHESIS-II: heme b biosynthesis I (aerobic)|g__Citrobacter.s__Citrobacter_braakii	499.8810102483
HEME-BIOSYNTHESIS-II: heme b biosynthesis I (aerobic)|g__Klebsiella.s__Klebsiella_michiganensis	216.8666411554
HEME-BIOSYNTHESIS-II: heme b biosynthesis I (aerobic)|g__Citrobacter.s__Citrobacter_freundii	213.6700917721
HEME-BIOSYNTHESIS-II: heme b biosynthesis I (aerobic)|g__Citrobacter.s__Citrobacter_koseri	167.8236199801
HEME-BIOSYNTHESIS-II: heme b biosynthesis I (aerobic)|unclassified	118.4024454790
HEME-BIOSYNTHESIS-II: heme b biosynthesis I (aerobic)|g__Veillonella.s__Veillonella_dispar	19.5059288155
HEME-BIOSYNTHESIS-II-1: heme b biosynthesis V (aerobic)	15966.9557856093
HEME-BIOSYNTHESIS-II-1: heme b biosynthesis V (aerobic)|g__Klebsiella.s__Klebsiella_pneumoniae	7591.1040199968
HEME-BIOSYNTHESIS-II-1: heme b biosynthesis V (aerobic)|g__Escherichia.s__Escherichia_coli	3068.9515278937
HEME-BIOSYNTHESIS-II-1: heme b biosynthesis V (aerobic)|g__Klebsiella.s__Klebsiella_oxytoca	2262.2407436213
HEME-BIOSYNTHESIS-II-1: heme b biosynthesis V (aerobic)|g__Citrobacter.s__Citrobacter_braakii	499.8810102483
HEME-BIOSYNTHESIS-II-1: heme b biosynthesis V (aerobic)|g__Klebsiella.s__Klebsiella_michiganensis	417.9444837764
HEME-BIOSYNTHESIS-II-1: heme b biosynthesis V (aerobic)|g__Citrobacter.s__Citrobacter_freundii	213.6700917721
HEME-BIOSYNTHESIS-II-1: heme b biosynthesis V (aerobic)|unclassified	212.0430451307
HEME-BIOSYNTHESIS-II-1: heme b biosynthesis V (aerobic)|g__Citrobacter.s__Citrobacter_koseri	191.8702527385
HEME-BIOSYNTHESIS-II-1: heme b biosynthesis V (aerobic)|g__Escherichia.s__Escherichia_fergusonii	19.8428838742
PWY-6897: thiamine diphosphate salvage II	15932.9509167606
PWY-6897: thiamine diphosphate salvage II|g__Klebsiella.s__Klebsiella_pneumoniae	5929.2878920795
PWY-6897: thiamine diphosphate salvage II|g__Klebsiella.s__Klebsiella_oxytoca	2744.1507360709
PWY-6897: thiamine diphosphate salvage II|g__Escherichia.s__Escherichia_coli	1848.0818977111
PWY-6897: thiamine diphosphate salvage II|g__Klebsiella.s__Klebsiella_michiganensis	340.6188583038
PWY-6897: thiamine diphosphate salvage II|g__Citrobacter.s__Citrobacter_freundii	177.8009436646
PWY-6897: thiamine diphosphate salvage II|g__Megasphaera.s__Megasphaera_micronuciformis	154.8143644083
PWY-6897: thiamine diphosphate salvage II|g__Citrobacter.s__Citrobacter_koseri	137.2220254457
PWY-6897: thiamine diphosphate salvage II|g__Lactobacillus.s__Lactobacillus_rhamnosus	100.4314368201
PWY-6897: thiamine diphosphate salvage II|g__Lactobacillus.s__Lactobacillus_plantarum	88.2282437984
PWY-6897: thiamine diphosphate salvage II|g__Dialister.s__Dialister_invisus	50.8831091967
PWY-6897: thiamine diphosphate salvage II|g__Citrobacter.s__Citrobacter_braakii	6.9320662633
PWY-6897: thiamine diphosphate salvage II|g__Klebsiella.s__Klebsiella_aerogenes	1.7978585967
PWY0-1061: superpathway of L-alanine biosynthesis	15802.5704930226
PWY0-1061: superpathway of L-alanine biosynthesis|g__Klebsiella.s__Klebsiella_pneumoniae	7626.2329678783
PWY0-1061: superpathway of L-alanine biosynthesis|g__Klebsiella.s__Klebsiella_oxytoca	2101.5663255156
PWY0-1061: superpathway of L-alanine biosynthesis|g__Escherichia.s__Escherichia_coli	1074.8177594705
PWY0-1061: superpathway of L-alanine biosynthesis|g__Citrobacter.s__Citrobacter_braakii	723.7725085256
PWY0-1061: superpathway of L-alanine biosynthesis|g__Klebsiella.s__Klebsiella_michiganensis	625.5849292656
PWY0-1061: superpathway of L-alanine biosynthesis|g__Citrobacter.s__Citrobacter_freundii	327.7732751463
PWY0-1061: superpathway of L-alanine biosynthesis|g__Citrobacter.s__Citrobacter_koseri	213.3210735948
PWY0-1061: superpathway of L-alanine biosynthesis|unclassified	35.7064638808
PWY0-1415: superpathway of heme b biosynthesis from uroporphyrinogen-III	15783.3207331720
PWY0-1415: superpathway of heme b biosynthesis from uroporphyrinogen-III|g__Klebsiella.s__Klebsiella_pneumoniae	7104.1442468679
PWY0-1415: superpathway of heme b biosynthesis from uroporphyrinogen-III|g__Escherichia.s__Escherichia_coli	3113.4710729127
PWY0-1415: superpathway of heme b biosynthesis from uroporphyrinogen-III|g__Klebsiella.s__Klebsiella_oxytoca	1881.1369183807
PWY0-1415: superpathway of heme b biosynthesis from uroporphyrinogen-III|g__Klebsiella.s__Klebsiella_michiganensis	446.3379223722
PWY0-1415: superpathway of heme b biosynthesis from uroporphyrinogen-III|g__Citrobacter.s__Citrobacter_freundii	242.7821131906
PWY0-1415: superpathway of heme b biosynthesis from uroporphyrinogen-III|g__Citrobacter.s__Citrobacter_koseri	183.5434514273
PWY0-1415: superpathway of heme b biosynthesis from uroporphyrinogen-III|g__Escherichia.s__Escherichia_fergusonii	17.2400180708
PWY0-1415: superpathway of heme b biosynthesis from uroporphyrinogen-III|unclassified	7.9383068860
PWY-5861: superpathway of demethylmenaquinol-8 biosynthesis I	15746.5925897138
PWY-5861: superpathway of demethylmenaquinol-8 biosynthesis I|g__Klebsiella.s__Klebsiella_pneumoniae	4780.7579859050
PWY-5861: superpathway of demethylmenaquinol-8 biosynthesis I|g__Klebsiella.s__Klebsiella_oxytoca	3054.5341856820
PWY-5861: superpathway of demethylmenaquinol-8 biosynthesis I|g__Escherichia.s__Escherichia_coli	2344.3409331453
PWY-5861: superpathway of demethylmenaquinol-8 biosynthesis I|g__Klebsiella.s__Klebsiella_michiganensis	220.7535257730
PWY-5861: superpathway of demethylmenaquinol-8 biosynthesis I|g__Citrobacter.s__Citrobacter_freundii	213.8144602092
PWY-5861: superpathway of demethylmenaquinol-8 biosynthesis I|g__Citrobacter.s__Citrobacter_koseri	180.2329323409
PWY-5860: superpathway of demethylmenaquinol-6 biosynthesis I	15696.3838746163
PWY-5860: superpathway of demethylmenaquinol-6 biosynthesis I|g__Klebsiella.s__Klebsiella_pneumoniae	4277.8536228079
PWY-5860: superpathway of demethylmenaquinol-6 biosynthesis I|g__Klebsiella.s__Klebsiella_oxytoca	3054.5341856820
PWY-5860: superpathway of demethylmenaquinol-6 biosynthesis I|g__Escherichia.s__Escherichia_coli	2206.5630131881
PWY-5860: superpathway of demethylmenaquinol-6 biosynthesis I|g__Klebsiella.s__Klebsiella_michiganensis	216.3222305851
PWY-5860: superpathway of demethylmenaquinol-6 biosynthesis I|g__Citrobacter.s__Citrobacter_freundii	162.8364857411
PWY-5860: superpathway of demethylmenaquinol-6 biosynthesis I|g__Citrobacter.s__Citrobacter_koseri	137.1952205892
PWY-5862: superpathway of demethylmenaquinol-9 biosynthesis	15696.3838746163
PWY-5862: superpathway of demethylmenaquinol-9 biosynthesis|g__Klebsiella.s__Klebsiella_pneumoniae	4277.8536228079
PWY-5862: superpathway of demethylmenaquinol-9 biosynthesis|g__Klebsiella.s__Klebsiella_oxytoca	3054.5341856820
PWY-5862: superpathway of demethylmenaquinol-9 biosynthesis|g__Escherichia.s__Escherichia_coli	2206.5630131881
PWY-5862: superpathway of demethylmenaquinol-9 biosynthesis|g__Klebsiella.s__Klebsiella_michiganensis	216.3222305851
PWY-5862: superpathway of demethylmenaquinol-9 biosynthesis|g__Citrobacter.s__Citrobacter_freundii	162.8364857411
PWY-5862: superpathway of demethylmenaquinol-9 biosynthesis|g__Citrobacter.s__Citrobacter_koseri	137.1952205892
PWY-5837: 2-carboxy-1,4-naphthoquinol biosynthesis	15642.5238166489
PWY-5837: 2-carboxy-1,4-naphthoquinol biosynthesis|g__Klebsiella.s__Klebsiella_pneumoniae	5803.8747200217
PWY-5837: 2-carboxy-1,4-naphthoquinol biosynthesis|g__Klebsiella.s__Klebsiella_oxytoca	3152.1483123637
PWY-5837: 2-carboxy-1,4-naphthoquinol biosynthesis|g__Escherichia.s__Escherichia_coli	2352.6255099486
PWY-5837: 2-carboxy-1,4-naphthoquinol biosynthesis|g__Veillonella.s__Veillonella_atypica	727.8659580989
PWY-5837: 2-carboxy-1,4-naphthoquinol biosynthesis|g__Klebsiella.s__Klebsiella_michiganensis	340.6626050442
PWY-5837: 2-carboxy-1,4-naphthoquinol biosynthesis|g__Citrobacter.s__Citrobacter_koseri	153.8078830701
PWY-5837: 2-carboxy-1,4-naphthoquinol biosynthesis|g__Citrobacter.s__Citrobacter_freundii	126.0600141415
PWY-5837: 2-carboxy-1,4-naphthoquinol biosynthesis|g__Lactococcus.s__Lactococcus_lactis	16.4665644489
PWY-5138: fatty acid &beta;-oxidation IV (unsaturated, even number)	15595.5535195828
PWY-5138: fatty acid &beta;-oxidation IV (unsaturated, even number)|g__Klebsiella.s__Klebsiella_pneumoniae	8069.6757889199
PWY-5138: fatty acid &beta;-oxidation IV (unsaturated, even number)|g__Klebsiella.s__Klebsiella_oxytoca	3771.1323828208
PWY-5138: fatty acid &beta;-oxidation IV (unsaturated, even number)|g__Escherichia.s__Escherichia_coli	961.8861344036
PWY-5138: fatty acid &beta;-oxidation IV (unsaturated, even number)|g__Citrobacter.s__Citrobacter_braakii	816.2429480135
PWY-5138: fatty acid &beta;-oxidation IV (unsaturated, even number)|g__Klebsiella.s__Klebsiella_michiganensis	454.2667870383
PWY-5138: fatty acid &beta;-oxidation IV (unsaturated, even number)|g__Citrobacter.s__Citrobacter_koseri	195.0644904385
PWY-5138: fatty acid &beta;-oxidation IV (unsaturated, even number)|g__Morganella.s__Morganella_morganii	185.6172616738
PWY-5138: fatty acid &beta;-oxidation IV (unsaturated, even number)|g__Citrobacter.s__Citrobacter_freundii	87.3536168289
PWY-5138: fatty acid &beta;-oxidation IV (unsaturated, even number)|g__Escherichia.s__Escherichia_fergusonii	35.8956392300
PWY-5138: fatty acid &beta;-oxidation IV (unsaturated, even number)|g__Proteus.s__Proteus_mirabilis	6.3573846616
POLYISOPRENSYN-PWY: polyisoprenoid biosynthesis (E. coli)	15516.3773870516
POLYISOPRENSYN-PWY: polyisoprenoid biosynthesis (E. coli)|g__Klebsiella.s__Klebsiella_pneumoniae	8012.9083507118
POLYISOPRENSYN-PWY: polyisoprenoid biosynthesis (E. coli)|g__Escherichia.s__Escherichia_coli	2519.6294983845
POLYISOPRENSYN-PWY: polyisoprenoid biosynthesis (E. coli)|g__Klebsiella.s__Klebsiella_oxytoca	2098.8410274459
POLYISOPRENSYN-PWY: polyisoprenoid biosynthesis (E. coli)|g__Citrobacter.s__Citrobacter_freundii	474.8509503417
POLYISOPRENSYN-PWY: polyisoprenoid biosynthesis (E. coli)|g__Citrobacter.s__Citrobacter_koseri	258.9372368834
POLYISOPRENSYN-PWY: polyisoprenoid biosynthesis (E. coli)|g__Citrobacter.s__Citrobacter_braakii	254.1112077389
POLYISOPRENSYN-PWY: polyisoprenoid biosynthesis (E. coli)|g__Klebsiella.s__Klebsiella_michiganensis	138.6458733539
POLYISOPRENSYN-PWY: polyisoprenoid biosynthesis (E. coli)|g__Lactobacillus.s__Lactobacillus_rhamnosus	73.6240118758
POLYISOPRENSYN-PWY: polyisoprenoid biosynthesis (E. coli)|g__Lactobacillus.s__Lactobacillus_pentosus	55.2404243489
POLYISOPRENSYN-PWY: polyisoprenoid biosynthesis (E. coli)|g__Citrobacter.s__Citrobacter_amalonaticus	2.3943463266
PWY-6270: isoprene biosynthesis I	15493.0253254504
PWY-6270: isoprene biosynthesis I|g__Klebsiella.s__Klebsiella_pneumoniae	7698.2450320400
PWY-6270: isoprene biosynthesis I|g__Klebsiella.s__Klebsiella_oxytoca	2128.2588106556
PWY-6270: isoprene biosynthesis I|g__Escherichia.s__Escherichia_coli	887.0175880169
PWY-6270: isoprene biosynthesis I|g__Klebsiella.s__Klebsiella_michiganensis	209.4789503854
PWY-6270: isoprene biosynthesis I|g__Citrobacter.s__Citrobacter_freundii	147.1275920438
PWY-6270: isoprene biosynthesis I|g__Citrobacter.s__Citrobacter_koseri	128.9233652277
PWY-6270: isoprene biosynthesis I|g__Citrobacter.s__Citrobacter_braakii	31.2714455775
PYRIDNUCSYN-PWY: NAD de novo biosynthesis I (from aspartate)	15456.0779107683
PYRIDNUCSYN-PWY: NAD de novo biosynthesis I (from aspartate)|g__Klebsiella.s__Klebsiella_pneumoniae	4511.8664532245
PYRIDNUCSYN-PWY: NAD de novo biosynthesis I (from aspartate)|g__Escherichia.s__Escherichia_coli	3342.0902219100
PYRIDNUCSYN-PWY: NAD de novo biosynthesis I (from aspartate)|g__Klebsiella.s__Klebsiella_oxytoca	1948.3777269683
PYRIDNUCSYN-PWY: NAD de novo biosynthesis I (from aspartate)|g__Citrobacter.s__Citrobacter_freundii	218.6447818812
PYRIDNUCSYN-PWY: NAD de novo biosynthesis I (from aspartate)|g__Citrobacter.s__Citrobacter_koseri	166.5167373608
PYRIDNUCSYN-PWY: NAD de novo biosynthesis I (from aspartate)|unclassified	63.8276068620
PYRIDNUCSYN-PWY: NAD de novo biosynthesis I (from aspartate)|g__Citrobacter.s__Citrobacter_braakii	9.6275825872
PWY-6703: preQ0 biosynthesis	15241.1792505659
PWY-6703: preQ0 biosynthesis|g__Klebsiella.s__Klebsiella_pneumoniae	6931.3554063631
PWY-6703: preQ0 biosynthesis|g__Klebsiella.s__Klebsiella_oxytoca	1651.8496027395
PWY-6703: preQ0 biosynthesis|g__Escherichia.s__Escherichia_coli	1092.3591796588
PWY-6703: preQ0 biosynthesis|g__Veillonella.s__Veillonella_atypica	982.7241205817
PWY-6703: preQ0 biosynthesis|g__Bilophila.s__Bilophila_wadsworthia	866.0865751743
PWY-6703: preQ0 biosynthesis|g__Streptococcus.s__Streptococcus_thermophilus	587.3169740481
PWY-6703: preQ0 biosynthesis|g__Selenomonas.s__Selenomonas_artemidis	500.1467091991
PWY-6703: preQ0 biosynthesis|g__Citrobacter.s__Citrobacter_braakii	405.2892885818
PWY-6703: preQ0 biosynthesis|g__Citrobacter.s__Citrobacter_freundii	374.2662207033
PWY-6703: preQ0 biosynthesis|g__Klebsiella.s__Klebsiella_michiganensis	369.1353230666
PWY-6703: preQ0 biosynthesis|g__Sutterella.s__Sutterella_sp_CAG_351	292.2505328539
PWY-6703: preQ0 biosynthesis|g__Megasphaera.s__Megasphaera_micronuciformis	186.2028096544
PWY-6703: preQ0 biosynthesis|g__Citrobacter.s__Citrobacter_koseri	176.8321980652
PWY-6703: preQ0 biosynthesis|g__Dialister.s__Dialister_invisus	60.2924771888
PWY-6703: preQ0 biosynthesis|unclassified	27.0207140093
PWY-6703: preQ0 biosynthesis|g__Veillonella.s__Veillonella_dispar	16.6754364631
PWY-6703: preQ0 biosynthesis|g__Escherichia.s__Escherichia_fergusonii	15.5301212712
PWY-6703: preQ0 biosynthesis|g__Veillonella.s__Veillonella_parvula	3.3364929118
PWY-7234: inosine-5'-phosphate biosynthesis III	15157.7429396263
PWY-7234: inosine-5'-phosphate biosynthesis III|g__Klebsiella.s__Klebsiella_pneumoniae	6470.3242956979
PWY-7234: inosine-5'-phosphate biosynthesis III|g__Klebsiella.s__Klebsiella_oxytoca	1690.7603734221
PWY-7234: inosine-5'-phosphate biosynthesis III|g__Escherichia.s__Escherichia_coli	936.2988539691
PWY-7234: inosine-5'-phosphate biosynthesis III|g__Streptococcus.s__Streptococcus_thermophilus	723.1530078340
PWY-7234: inosine-5'-phosphate biosynthesis III|g__Klebsiella.s__Klebsiella_michiganensis	300.6966009019
PWY-7234: inosine-5'-phosphate biosynthesis III|g__Sutterella.s__Sutterella_sp_CAG_351	271.9076817135
PWY-7234: inosine-5'-phosphate biosynthesis III|g__Citrobacter.s__Citrobacter_koseri	222.5306103608
PWY-7234: inosine-5'-phosphate biosynthesis III|g__Lactobacillus.s__Lactobacillus_murinus	151.8785185396
PWY-7234: inosine-5'-phosphate biosynthesis III|g__Lactobacillus.s__Lactobacillus_rhamnosus	108.0159566731
PWY-7234: inosine-5'-phosphate biosynthesis III|unclassified	87.8422527790
PWY-7234: inosine-5'-phosphate biosynthesis III|g__Citrobacter.s__Citrobacter_freundii	69.8105600240
PWY-7234: inosine-5'-phosphate biosynthesis III|g__Lactobacillus.s__Lactobacillus_pentosus	53.8959508080
PWY-7234: inosine-5'-phosphate biosynthesis III|g__Citrobacter.s__Citrobacter_braakii	38.0686804193
PWY-6895: superpathway of thiamine diphosphate biosynthesis II	15102.6257056318
PWY-6895: superpathway of thiamine diphosphate biosynthesis II|g__Klebsiella.s__Klebsiella_pneumoniae	4125.9168783549
PWY-6895: superpathway of thiamine diphosphate biosynthesis II|g__Klebsiella.s__Klebsiella_oxytoca	2995.5800639349
PWY-6895: superpathway of thiamine diphosphate biosynthesis II|g__Escherichia.s__Escherichia_coli	2074.3621054701
PWY-6895: superpathway of thiamine diphosphate biosynthesis II|g__Klebsiella.s__Klebsiella_michiganensis	194.3936759400
PWY-6895: superpathway of thiamine diphosphate biosynthesis II|g__Citrobacter.s__Citrobacter_freundii	183.6579154977
PWY-6895: superpathway of thiamine diphosphate biosynthesis II|g__Citrobacter.s__Citrobacter_koseri	113.4603552373
PWY-8004: Entner-Doudoroff pathway I	15078.9168281289
PWY-8004: Entner-Doudoroff pathway I|g__Klebsiella.s__Klebsiella_pneumoniae	3056.6639340372
PWY-8004: Entner-Doudoroff pathway I|g__Escherichia.s__Escherichia_coli	2058.8386818029
PWY-8004: Entner-Doudoroff pathway I|g__Klebsiella.s__Klebsiella_oxytoca	1810.7716798352
PWY-8004: Entner-Doudoroff pathway I|g__Klebsiella.s__Klebsiella_michiganensis	325.1581367321
PWY-8004: Entner-Doudoroff pathway I|g__Citrobacter.s__Citrobacter_braakii	281.2659877994
PWY-8004: Entner-Doudoroff pathway I|g__Citrobacter.s__Citrobacter_koseri	270.5222494153
PWY-8004: Entner-Doudoroff pathway I|g__Citrobacter.s__Citrobacter_freundii	267.7804983373
PWY-8004: Entner-Doudoroff pathway I|g__Lactobacillus.s__Lactobacillus_rhamnosus	110.6980178900
PWY-8004: Entner-Doudoroff pathway I|unclassified	27.5479642834
PWY-8004: Entner-Doudoroff pathway I|g__Morganella.s__Morganella_morganii	7.8498991160
PWY-7211: superpathway of pyrimidine deoxyribonucleotides de novo biosynthesis	15035.4165023042
PWY-7211: superpathway of pyrimidine deoxyribonucleotides de novo biosynthesis|g__Klebsiella.s__Klebsiella_pneumoniae	6917.7188607655
PWY-7211: superpathway of pyrimidine deoxyribonucleotides de novo biosynthesis|g__Klebsiella.s__Klebsiella_oxytoca	1991.7416670699
PWY-7211: superpathway of pyrimidine deoxyribonucleotides de novo biosynthesis|g__Klebsiella.s__Klebsiella_michiganensis	68.4853693784
PWY-5897: superpathway of menaquinol-11 biosynthesis	14940.7993802948
PWY-5897: superpathway of menaquinol-11 biosynthesis|g__Klebsiella.s__Klebsiella_pneumoniae	5076.2365792431
PWY-5897: superpathway of menaquinol-11 biosynthesis|g__Klebsiella.s__Klebsiella_oxytoca	2666.0161609428
PWY-5897: superpathway of menaquinol-11 biosynthesis|g__Escherichia.s__Escherichia_coli	1778.3965099207
PWY-5897: superpathway of menaquinol-11 biosynthesis|g__Klebsiella.s__Klebsiella_michiganensis	261.1749408350
PWY-5897: superpathway of menaquinol-11 biosynthesis|g__Citrobacter.s__Citrobacter_freundii	256.2632998080
PWY-5897: superpathway of menaquinol-11 biosynthesis|g__Citrobacter.s__Citrobacter_koseri	235.5493672847
PWY-5897: superpathway of menaquinol-11 biosynthesis|g__Lactococcus.s__Lactococcus_lactis	16.2115266347
PWY-5898: superpathway of menaquinol-12 biosynthesis	14940.7993802948
PWY-5898: superpathway of menaquinol-12 biosynthesis|g__Klebsiella.s__Klebsiella_pneumoniae	5076.2365792431
PWY-5898: superpathway of menaquinol-12 biosynthesis|g__Klebsiella.s__Klebsiella_oxytoca	2666.0161609428
PWY-5898: superpathway of menaquinol-12 biosynthesis|g__Escherichia.s__Escherichia_coli	1778.3965099207
PWY-5898: superpathway of menaquinol-12 biosynthesis|g__Klebsiella.s__Klebsiella_michiganensis	261.1749408350
PWY-5898: superpathway of menaquinol-12 biosynthesis|g__Citrobacter.s__Citrobacter_freundii	256.2632998080
PWY-5898: superpathway of menaquinol-12 biosynthesis|g__Citrobacter.s__Citrobacter_koseri	235.5493672847
PWY-5898: superpathway of menaquinol-12 biosynthesis|g__Lactococcus.s__Lactococcus_lactis	16.2115266347
PWY-5899: superpathway of menaquinol-13 biosynthesis	14940.7993802948
PWY-5899: superpathway of menaquinol-13 biosynthesis|g__Klebsiella.s__Klebsiella_pneumoniae	5076.2365792431
PWY-5899: superpathway of menaquinol-13 biosynthesis|g__Klebsiella.s__Klebsiella_oxytoca	2666.0161609428
PWY-5899: superpathway of menaquinol-13 biosynthesis|g__Escherichia.s__Escherichia_coli	1778.3965099207
PWY-5899: superpathway of menaquinol-13 biosynthesis|g__Klebsiella.s__Klebsiella_michiganensis	261.1749408350
PWY-5899: superpathway of menaquinol-13 biosynthesis|g__Citrobacter.s__Citrobacter_freundii	256.2632998080
PWY-5899: superpathway of menaquinol-13 biosynthesis|g__Citrobacter.s__Citrobacter_koseri	235.5493672847
PWY-5899: superpathway of menaquinol-13 biosynthesis|g__Lactococcus.s__Lactococcus_lactis	16.2115266347
PWY-7942: 5-oxo-L-proline metabolism	14878.2010617898
PWY-7942: 5-oxo-L-proline metabolism|g__Klebsiella.s__Klebsiella_pneumoniae	7080.7673396232
PWY-7942: 5-oxo-L-proline metabolism|g__Klebsiella.s__Klebsiella_oxytoca	2462.1098793015
PWY-7942: 5-oxo-L-proline metabolism|g__Escherichia.s__Escherichia_coli	1547.1086535420
PWY-7942: 5-oxo-L-proline metabolism|g__Klebsiella.s__Klebsiella_michiganensis	434.2701109630
PWY-7942: 5-oxo-L-proline metabolism|g__Citrobacter.s__Citrobacter_koseri	69.9686009972
PWY-7942: 5-oxo-L-proline metabolism|g__Citrobacter.s__Citrobacter_freundii	17.1027589040
PWY-7942: 5-oxo-L-proline metabolism|g__Citrobacter.s__Citrobacter_amalonaticus	9.4573445181
PANTOSYN-PWY: superpathway of coenzyme A biosynthesis I (bacteria)	14874.9660292507
PANTOSYN-PWY: superpathway of coenzyme A biosynthesis I (bacteria)|g__Klebsiella.s__Klebsiella_pneumoniae	4788.6254582554
PANTOSYN-PWY: superpathway of coenzyme A biosynthesis I (bacteria)|g__Klebsiella.s__Klebsiella_oxytoca	2470.0409045271
PANTOSYN-PWY: superpathway of coenzyme A biosynthesis I (bacteria)|g__Escherichia.s__Escherichia_coli	1985.9975549156
PANTOSYN-PWY: superpathway of coenzyme A biosynthesis I (bacteria)|g__Klebsiella.s__Klebsiella_michiganensis	290.2667376752
PANTOSYN-PWY: superpathway of coenzyme A biosynthesis I (bacteria)|g__Citrobacter.s__Citrobacter_koseri	190.9813121435
PANTOSYN-PWY: superpathway of coenzyme A biosynthesis I (bacteria)|g__Citrobacter.s__Citrobacter_freundii	147.4526685244
PANTOSYN-PWY: superpathway of coenzyme A biosynthesis I (bacteria)|g__Citrobacter.s__Citrobacter_braakii	56.4933095304
PANTOSYN-PWY: superpathway of coenzyme A biosynthesis I (bacteria)|unclassified	52.2838360518
PWY-5918: superpathway of heme b biosynthesis from glutamate	14680.9407294582
PWY-5918: superpathway of heme b biosynthesis from glutamate|g__Klebsiella.s__Klebsiella_pneumoniae	5196.8895058971
PWY-5918: superpathway of heme b biosynthesis from glutamate|g__Escherichia.s__Escherichia_coli	2347.6977755537
PWY-5918: superpathway of heme b biosynthesis from glutamate|g__Klebsiella.s__Klebsiella_oxytoca	1891.0222559123
PWY-5918: superpathway of heme b biosynthesis from glutamate|g__Klebsiella.s__Klebsiella_michiganensis	255.2859034249
PWY-5918: superpathway of heme b biosynthesis from glutamate|g__Citrobacter.s__Citrobacter_freundii	187.2930620235
PWY-7199: pyrimidine deoxyribonucleosides salvage	14525.3639083206
PWY-7199: pyrimidine deoxyribonucleosides salvage|g__Klebsiella.s__Klebsiella_pneumoniae	6738.0775140314
PWY-7199: pyrimidine deoxyribonucleosides salvage|g__Escherichia.s__Escherichia_coli	2106.7622758741
PWY-7199: pyrimidine deoxyribonucleosides salvage|g__Klebsiella.s__Klebsiella_oxytoca	1807.2139449526
PWY-7199: pyrimidine deoxyribonucleosides salvage|g__Streptococcus.s__Streptococcus_thermophilus	822.4117256355
PWY-7199: pyrimidine deoxyribonucleosides salvage|g__Citrobacter.s__Citrobacter_koseri	331.4193084810
PWY-7199: pyrimidine deoxyribonucleosides salvage|g__Citrobacter.s__Citrobacter_braakii	317.2309818374
PWY-7199: pyrimidine deoxyribonucleosides salvage|g__Citrobacter.s__Citrobacter_freundii	295.8997270721
PWY-7199: pyrimidine deoxyribonucleosides salvage|unclassified	130.3563692950
PWY-7199: pyrimidine deoxyribonucleosides salvage|g__Lactobacillus.s__Lactobacillus_rhamnosus	60.4071506667
PWY-7199: pyrimidine deoxyribonucleosides salvage|g__Klebsiella.s__Klebsiella_michiganensis	44.0475337678
PWY-7199: pyrimidine deoxyribonucleosides salvage|g__Prevotella.s__Prevotella_jejuni	30.6873817567
PWY-7199: pyrimidine deoxyribonucleosides salvage|g__Prevotella.s__Prevotella_melaninogenica	15.5990653879
PWY-5838: superpathway of menaquinol-8 biosynthesis I	14523.5126659810
PWY-5838: superpathway of menaquinol-8 biosynthesis I|g__Klebsiella.s__Klebsiella_pneumoniae	5100.0560780779
PWY-5838: superpathway of menaquinol-8 biosynthesis I|g__Klebsiella.s__Klebsiella_oxytoca	2617.6881364649
PWY-5838: superpathway of menaquinol-8 biosynthesis I|g__Escherichia.s__Escherichia_coli	1747.3110538001
PWY-5838: superpathway of menaquinol-8 biosynthesis I|g__Citrobacter.s__Citrobacter_freundii	241.5890673724
PWY-5838: superpathway of menaquinol-8 biosynthesis I|g__Klebsiella.s__Klebsiella_michiganensis	225.3350278990
PWY-5838: superpathway of menaquinol-8 biosynthesis I|g__Citrobacter.s__Citrobacter_koseri	218.7127832087
PWY-5840: superpathway of menaquinol-7 biosynthesis	14495.0030331502
PWY-5840: superpathway of menaquinol-7 biosynthesis|g__Klebsiella.s__Klebsiella_pneumoniae	4706.5519661667
PWY-5840: superpathway of menaquinol-7 biosynthesis|g__Klebsiella.s__Klebsiella_oxytoca	2617.6881364649
PWY-5840: superpathway of menaquinol-7 biosynthesis|g__Escherichia.s__Escherichia_coli	1713.3266307066
PWY-5840: superpathway of menaquinol-7 biosynthesis|g__Klebsiella.s__Klebsiella_michiganensis	222.2370677522
PWY-5840: superpathway of menaquinol-7 biosynthesis|g__Citrobacter.s__Citrobacter_freundii	195.4889515156
PWY-5840: superpathway of menaquinol-7 biosynthesis|g__Citrobacter.s__Citrobacter_koseri	174.4425852441
PWY-5845: superpathway of menaquinol-9 biosynthesis	14495.0030331502
PWY-5845: superpathway of menaquinol-9 biosynthesis|g__Klebsiella.s__Klebsiella_pneumoniae	4706.5519661667
PWY-5845: superpathway of menaquinol-9 biosynthesis|g__Klebsiella.s__Klebsiella_oxytoca	2617.6881364649
PWY-5845: superpathway of menaquinol-9 biosynthesis|g__Escherichia.s__Escherichia_coli	1713.3266307066
PWY-5845: superpathway of menaquinol-9 biosynthesis|g__Klebsiella.s__Klebsiella_michiganensis	222.2370677522
PWY-5845: superpathway of menaquinol-9 biosynthesis|g__Citrobacter.s__Citrobacter_freundii	195.4889515156
PWY-5845: superpathway of menaquinol-9 biosynthesis|g__Citrobacter.s__Citrobacter_koseri	174.4425852441
PWY-5850: superpathway of menaquinol-6 biosynthesis	14495.0030331502
PWY-5850: superpathway of menaquinol-6 biosynthesis|g__Klebsiella.s__Klebsiella_pneumoniae	4706.5519661667
PWY-5850: superpathway of menaquinol-6 biosynthesis|g__Klebsiella.s__Klebsiella_oxytoca	2617.6881364649
PWY-5850: superpathway of menaquinol-6 biosynthesis|g__Escherichia.s__Escherichia_coli	1713.3266307066
PWY-5850: superpathway of menaquinol-6 biosynthesis|g__Klebsiella.s__Klebsiella_michiganensis	222.2370677522
PWY-5850: superpathway of menaquinol-6 biosynthesis|g__Citrobacter.s__Citrobacter_freundii	195.4889515156
PWY-5850: superpathway of menaquinol-6 biosynthesis|g__Citrobacter.s__Citrobacter_koseri	174.4425852441
PWY-5896: superpathway of menaquinol-10 biosynthesis	14495.0030331502
PWY-5896: superpathway of menaquinol-10 biosynthesis|g__Klebsiella.s__Klebsiella_pneumoniae	4706.5519661667
PWY-5896: superpathway of menaquinol-10 biosynthesis|g__Klebsiella.s__Klebsiella_oxytoca	2617.6881364649
PWY-5896: superpathway of menaquinol-10 biosynthesis|g__Escherichia.s__Escherichia_coli	1713.3266307066
PWY-5896: superpathway of menaquinol-10 biosynthesis|g__Klebsiella.s__Klebsiella_michiganensis	222.2370677522
PWY-5896: superpathway of menaquinol-10 biosynthesis|g__Citrobacter.s__Citrobacter_freundii	195.4889515156
PWY-5896: superpathway of menaquinol-10 biosynthesis|g__Citrobacter.s__Citrobacter_koseri	174.4425852441
PWY-7356: thiamine diphosphate salvage IV (yeast)	14441.3785296576
PWY-7356: thiamine diphosphate salvage IV (yeast)|g__Klebsiella.s__Klebsiella_pneumoniae	6438.7156266605
PWY-7356: thiamine diphosphate salvage IV (yeast)|g__Klebsiella.s__Klebsiella_oxytoca	2466.2732343928
PWY-7356: thiamine diphosphate salvage IV (yeast)|g__Escherichia.s__Escherichia_coli	1167.0555451126
PWY-7356: thiamine diphosphate salvage IV (yeast)|g__Klebsiella.s__Klebsiella_aerogenes	1069.8707288183
PWY-7356: thiamine diphosphate salvage IV (yeast)|g__Klebsiella.s__Klebsiella_michiganensis	345.2809881792
PWY-7356: thiamine diphosphate salvage IV (yeast)|g__Lactobacillus.s__Lactobacillus_rhamnosus	83.6681325118
PRPP-PWY: superpathway of histidine, purine, and pyrimidine biosynthesis	14307.6142467951
PRPP-PWY: superpathway of histidine, purine, and pyrimidine biosynthesis|g__Klebsiella.s__Klebsiella_pneumoniae	5664.3369762744
PRPP-PWY: superpathway of histidine, purine, and pyrimidine biosynthesis|g__Klebsiella.s__Klebsiella_oxytoca	1714.9352901332
PRPP-PWY: superpathway of histidine, purine, and pyrimidine biosynthesis|g__Escherichia.s__Escherichia_coli	1257.6904056462
PRPP-PWY: superpathway of histidine, purine, and pyrimidine biosynthesis|g__Klebsiella.s__Klebsiella_michiganensis	385.4817589252
PRPP-PWY: superpathway of histidine, purine, and pyrimidine biosynthesis|g__Citrobacter.s__Citrobacter_koseri	186.8914507754
PRPP-PWY: superpathway of histidine, purine, and pyrimidine biosynthesis|g__Citrobacter.s__Citrobacter_freundii	124.4914767564
PWY-6353: purine nucleotides degradation II (aerobic)	14154.2910267957
PWY-6353: purine nucleotides degradation II (aerobic)|g__Escherichia.s__Escherichia_coli	3333.3690906572
PWY-6353: purine nucleotides degradation II (aerobic)|g__Klebsiella.s__Klebsiella_pneumoniae	338.9683079670
PWY-6353: purine nucleotides degradation II (aerobic)|g__Klebsiella.s__Klebsiella_oxytoca	247.9440020500
PWY-6353: purine nucleotides degradation II (aerobic)|unclassified	105.5734363860
P108-PWY: pyruvate fermentation to propanoate I	14003.0064192610
P108-PWY: pyruvate fermentation to propanoate I|g__Klebsiella.s__Klebsiella_pneumoniae	7179.3704404263
P108-PWY: pyruvate fermentation to propanoate I|g__Klebsiella.s__Klebsiella_oxytoca	1231.5618915125
P108-PWY: pyruvate fermentation to propanoate I|g__Escherichia.s__Escherichia_coli	434.0664532148
P108-PWY: pyruvate fermentation to propanoate I|unclassified	130.1556998340
P108-PWY: pyruvate fermentation to propanoate I|g__Klebsiella.s__Klebsiella_michiganensis	17.1661274014
DENOVOPURINE2-PWY: superpathway of purine nucleotides de novo biosynthesis II	13940.3001910825
DENOVOPURINE2-PWY: superpathway of purine nucleotides de novo biosynthesis II|g__Klebsiella.s__Klebsiella_pneumoniae	5819.8602447668
DENOVOPURINE2-PWY: superpathway of purine nucleotides de novo biosynthesis II|g__Klebsiella.s__Klebsiella_oxytoca	1782.0533960457
DENOVOPURINE2-PWY: superpathway of purine nucleotides de novo biosynthesis II|g__Escherichia.s__Escherichia_coli	1121.7909208505
DENOVOPURINE2-PWY: superpathway of purine nucleotides de novo biosynthesis II|g__Klebsiella.s__Klebsiella_michiganensis	368.8380623012
DENOVOPURINE2-PWY: superpathway of purine nucleotides de novo biosynthesis II|g__Citrobacter.s__Citrobacter_koseri	212.6910913062
DENOVOPURINE2-PWY: superpathway of purine nucleotides de novo biosynthesis II|g__Citrobacter.s__Citrobacter_freundii	200.9914805673
DENOVOPURINE2-PWY: superpathway of purine nucleotides de novo biosynthesis II|g__Citrobacter.s__Citrobacter_braakii	110.0042096517
PWY-6124: inosine-5'-phosphate biosynthesis II	13921.9739310301
PWY-6124: inosine-5'-phosphate biosynthesis II|g__Klebsiella.s__Klebsiella_pneumoniae	5922.2056721000
PWY-6124: inosine-5'-phosphate biosynthesis II|g__Klebsiella.s__Klebsiella_oxytoca	1431.6694311459
PWY-6124: inosine-5'-phosphate biosynthesis II|g__Escherichia.s__Escherichia_coli	895.0051236906
PWY-6124: inosine-5'-phosphate biosynthesis II|g__Streptococcus.s__Streptococcus_thermophilus	757.1698188496
PWY-6124: inosine-5'-phosphate biosynthesis II|g__Veillonella.s__Veillonella_atypica	744.0398952601
PWY-6124: inosine-5'-phosphate biosynthesis II|g__Citrobacter.s__Citrobacter_braakii	370.8077699604
PWY-6124: inosine-5'-phosphate biosynthesis II|g__Klebsiella.s__Klebsiella_michiganensis	332.2813504829
PWY-6124: inosine-5'-phosphate biosynthesis II|g__Sutterella.s__Sutterella_sp_CAG_351	275.1801810319
PWY-6124: inosine-5'-phosphate biosynthesis II|g__Citrobacter.s__Citrobacter_koseri	266.2059007337
PWY-6124: inosine-5'-phosphate biosynthesis II|g__Lactobacillus.s__Lactobacillus_murinus	159.5242250149
PWY-6124: inosine-5'-phosphate biosynthesis II|g__Lactobacillus.s__Lactobacillus_rhamnosus	129.9569360439
PWY-6124: inosine-5'-phosphate biosynthesis II|unclassified	87.7952307952
PWY-6124: inosine-5'-phosphate biosynthesis II|g__Lactobacillus.s__Lactobacillus_plantarum	82.6247306215
PWY-6124: inosine-5'-phosphate biosynthesis II|g__Citrobacter.s__Citrobacter_freundii	70.5018371083
PWY-6124: inosine-5'-phosphate biosynthesis II|g__Dialister.s__Dialister_invisus	62.3350457829
PWY-6124: inosine-5'-phosphate biosynthesis II|g__Lactobacillus.s__Lactobacillus_pentosus	51.7419720935
PWY-6124: inosine-5'-phosphate biosynthesis II|g__Morganella.s__Morganella_morganii	26.3580519955
PWY-6124: inosine-5'-phosphate biosynthesis II|g__Veillonella.s__Veillonella_dispar	11.8877858142
PWY-6124: inosine-5'-phosphate biosynthesis II|g__Fusobacterium.s__Fusobacterium_nucleatum	10.9983514384
PWY-6124: inosine-5'-phosphate biosynthesis II|g__Veillonella.s__Veillonella_parvula	9.2818973598
PWY-6124: inosine-5'-phosphate biosynthesis II|g__Veillonella.s__Veillonella_infantium	7.1179321073
PWY-6124: inosine-5'-phosphate biosynthesis II|g__Escherichia.s__Escherichia_fergusonii	5.2406503467
PWY-6285: superpathway of fatty acids biosynthesis (E. coli)	13869.6204680182
PWY-6285: superpathway of fatty acids biosynthesis (E. coli)|g__Klebsiella.s__Klebsiella_pneumoniae	2742.7213127832
PWY-6285: superpathway of fatty acids biosynthesis (E. coli)|g__Escherichia.s__Escherichia_coli	1723.0700546840
PWY-6285: superpathway of fatty acids biosynthesis (E. coli)|g__Citrobacter.s__Citrobacter_freundii	353.8615773878
PWY-6285: superpathway of fatty acids biosynthesis (E. coli)|g__Citrobacter.s__Citrobacter_koseri	350.7892277513
PWY-6285: superpathway of fatty acids biosynthesis (E. coli)|g__Citrobacter.s__Citrobacter_braakii	146.7367020808
PWY-6285: superpathway of fatty acids biosynthesis (E. coli)|g__Klebsiella.s__Klebsiella_oxytoca	78.2640540830
PWY-5675: nitrate reduction V (assimilatory)	13826.8206486404
PWY-5675: nitrate reduction V (assimilatory)|g__Escherichia.s__Escherichia_coli	3615.5858764086
PWY-5675: nitrate reduction V (assimilatory)|g__Klebsiella.s__Klebsiella_oxytoca	3492.4953041336
PWY-5675: nitrate reduction V (assimilatory)|g__Klebsiella.s__Klebsiella_pneumoniae	2328.4845066364
PWY-5675: nitrate reduction V (assimilatory)|g__Citrobacter.s__Citrobacter_koseri	250.0860906811
PWY-5675: nitrate reduction V (assimilatory)|unclassified	94.3852189566
PWY-5675: nitrate reduction V (assimilatory)|g__Citrobacter.s__Citrobacter_braakii	94.2486781394
PWY-5675: nitrate reduction V (assimilatory)|g__Citrobacter.s__Citrobacter_freundii	68.1419683990
PWY-7315: dTDP-N-acetylthomosamine biosynthesis	13736.3325340642
PWY-7315: dTDP-N-acetylthomosamine biosynthesis|g__Klebsiella.s__Klebsiella_pneumoniae	6272.2387435129
PWY-7315: dTDP-N-acetylthomosamine biosynthesis|g__Klebsiella.s__Klebsiella_oxytoca	3112.7847620601
PWY-7315: dTDP-N-acetylthomosamine biosynthesis|g__Escherichia.s__Escherichia_coli	2065.9083723368
PWY-7315: dTDP-N-acetylthomosamine biosynthesis|g__Klebsiella.s__Klebsiella_michiganensis	314.2168401032
PWY-7315: dTDP-N-acetylthomosamine biosynthesis|g__Citrobacter.s__Citrobacter_braakii	244.4468096037
PWY-7315: dTDP-N-acetylthomosamine biosynthesis|g__Citrobacter.s__Citrobacter_koseri	145.4053112805
PWY-7315: dTDP-N-acetylthomosamine biosynthesis|g__Citrobacter.s__Citrobacter_freundii	144.5327069824
PWY-7315: dTDP-N-acetylthomosamine biosynthesis|unclassified	139.7120433801
PWY-7315: dTDP-N-acetylthomosamine biosynthesis|g__Klebsiella.s__Klebsiella_aerogenes	30.4036232460
PWY-7315: dTDP-N-acetylthomosamine biosynthesis|g__Morganella.s__Morganella_morganii	16.3247833363
PWY-7315: dTDP-N-acetylthomosamine biosynthesis|g__Escherichia.s__Escherichia_fergusonii	5.3136322962
COA-PWY-1: superpathway of coenzyme A biosynthesis III (mammals)	13713.4016814260
COA-PWY-1: superpathway of coenzyme A biosynthesis III (mammals)|g__Klebsiella.s__Klebsiella_pneumoniae	4190.3441726405
COA-PWY-1: superpathway of coenzyme A biosynthesis III (mammals)|g__Klebsiella.s__Klebsiella_oxytoca	2048.9469930529
COA-PWY-1: superpathway of coenzyme A biosynthesis III (mammals)|g__Escherichia.s__Escherichia_coli	1958.1768129119
COA-PWY-1: superpathway of coenzyme A biosynthesis III (mammals)|g__Bilophila.s__Bilophila_wadsworthia	618.5450502553
COA-PWY-1: superpathway of coenzyme A biosynthesis III (mammals)|g__Veillonella.s__Veillonella_atypica	468.7260032173
COA-PWY-1: superpathway of coenzyme A biosynthesis III (mammals)|g__Selenomonas.s__Selenomonas_artemidis	404.0316649346
COA-PWY-1: superpathway of coenzyme A biosynthesis III (mammals)|g__Sutterella.s__Sutterella_sp_CAG_351	280.1506405664
COA-PWY-1: superpathway of coenzyme A biosynthesis III (mammals)|g__Klebsiella.s__Klebsiella_michiganensis	177.4543383815
COA-PWY-1: superpathway of coenzyme A biosynthesis III (mammals)|g__Citrobacter.s__Citrobacter_koseri	173.3139511445
COA-PWY-1: superpathway of coenzyme A biosynthesis III (mammals)|g__Citrobacter.s__Citrobacter_freundii	167.7117194260
COA-PWY-1: superpathway of coenzyme A biosynthesis III (mammals)|g__Lactobacillus.s__Lactobacillus_murinus	162.8893264051
COA-PWY-1: superpathway of coenzyme A biosynthesis III (mammals)|g__Megasphaera.s__Megasphaera_micronuciformis	137.9086528324
COA-PWY-1: superpathway of coenzyme A biosynthesis III (mammals)|g__Lactobacillus.s__Lactobacillus_rhamnosus	109.3419659088
COA-PWY-1: superpathway of coenzyme A biosynthesis III (mammals)|g__Dialister.s__Dialister_invisus	52.9076493771
COA-PWY-1: superpathway of coenzyme A biosynthesis III (mammals)|g__Lactobacillus.s__Lactobacillus_pentosus	47.3567025558
COA-PWY-1: superpathway of coenzyme A biosynthesis III (mammals)|unclassified	40.4268346527
COA-PWY-1: superpathway of coenzyme A biosynthesis III (mammals)|g__Veillonella.s__Veillonella_dispar	13.6559330531
COA-PWY-1: superpathway of coenzyme A biosynthesis III (mammals)|g__Lactobacillus.s__Lactobacillus_plantarum	12.6472885344
COA-PWY-1: superpathway of coenzyme A biosynthesis III (mammals)|g__Citrobacter.s__Citrobacter_braakii	4.6876727627
PWY-6630: superpathway of L-tyrosine biosynthesis	13691.8892879191
PWY-6630: superpathway of L-tyrosine biosynthesis|g__Klebsiella.s__Klebsiella_pneumoniae	7335.3714991837
PWY-6630: superpathway of L-tyrosine biosynthesis|g__Streptococcus.s__Streptococcus_thermophilus	600.4210389570
PWY-6630: superpathway of L-tyrosine biosynthesis|g__Selenomonas.s__Selenomonas_artemidis	439.3956546518
PWY-6630: superpathway of L-tyrosine biosynthesis|g__Escherichia.s__Escherichia_coli	425.7125234788
PWY-6630: superpathway of L-tyrosine biosynthesis|g__Klebsiella.s__Klebsiella_michiganensis	199.7896344693
PWY-6630: superpathway of L-tyrosine biosynthesis|g__Citrobacter.s__Citrobacter_koseri	159.5137976295
PWY-6630: superpathway of L-tyrosine biosynthesis|g__Citrobacter.s__Citrobacter_freundii	130.7792320839
PWY-6630: superpathway of L-tyrosine biosynthesis|g__Klebsiella.s__Klebsiella_oxytoca	36.3966680281
COA-PWY: coenzyme A biosynthesis I (prokaryotic)	13424.4611074106
COA-PWY: coenzyme A biosynthesis I (prokaryotic)|g__Klebsiella.s__Klebsiella_pneumoniae	3899.6247220862
COA-PWY: coenzyme A biosynthesis I (prokaryotic)|g__Klebsiella.s__Klebsiella_oxytoca	2364.5511764773
COA-PWY: coenzyme A biosynthesis I (prokaryotic)|g__Escherichia.s__Escherichia_coli	1974.5282185096
COA-PWY: coenzyme A biosynthesis I (prokaryotic)|g__Bilophila.s__Bilophila_wadsworthia	792.8371573632
COA-PWY: coenzyme A biosynthesis I (prokaryotic)|g__Streptococcus.s__Streptococcus_thermophilus	613.1572246090
COA-PWY: coenzyme A biosynthesis I (prokaryotic)|g__Citrobacter.s__Citrobacter_amalonaticus	500.6518312896
COA-PWY: coenzyme A biosynthesis I (prokaryotic)|g__Selenomonas.s__Selenomonas_artemidis	463.2413886401
COA-PWY: coenzyme A biosynthesis I (prokaryotic)|g__Veillonella.s__Veillonella_atypica	426.9456593812
COA-PWY: coenzyme A biosynthesis I (prokaryotic)|unclassified	426.6319512411
COA-PWY: coenzyme A biosynthesis I (prokaryotic)|g__Sutterella.s__Sutterella_sp_CAG_351	296.2114893918
COA-PWY: coenzyme A biosynthesis I (prokaryotic)|g__Klebsiella.s__Klebsiella_michiganensis	259.5631448312
COA-PWY: coenzyme A biosynthesis I (prokaryotic)|g__Lactobacillus.s__Lactobacillus_murinus	179.8098918935
COA-PWY: coenzyme A biosynthesis I (prokaryotic)|g__Citrobacter.s__Citrobacter_koseri	176.0477146227
COA-PWY: coenzyme A biosynthesis I (prokaryotic)|g__Morganella.s__Morganella_morganii	153.2626258705
COA-PWY: coenzyme A biosynthesis I (prokaryotic)|g__Citrobacter.s__Citrobacter_freundii	148.4622290990
COA-PWY: coenzyme A biosynthesis I (prokaryotic)|g__Citrobacter.s__Citrobacter_braakii	143.0612270545
COA-PWY: coenzyme A biosynthesis I (prokaryotic)|g__Megasphaera.s__Megasphaera_micronuciformis	138.2436819303
COA-PWY: coenzyme A biosynthesis I (prokaryotic)|g__Lactobacillus.s__Lactobacillus_rhamnosus	102.8260838979
COA-PWY: coenzyme A biosynthesis I (prokaryotic)|g__Dialister.s__Dialister_invisus	51.6785580673
COA-PWY: coenzyme A biosynthesis I (prokaryotic)|g__Escherichia.s__Escherichia_fergusonii	48.9716345436
COA-PWY: coenzyme A biosynthesis I (prokaryotic)|g__Lactobacillus.s__Lactobacillus_pentosus	45.2068975681
COA-PWY: coenzyme A biosynthesis I (prokaryotic)|g__Lactococcus.s__Lactococcus_lactis	28.5684651070
COA-PWY: coenzyme A biosynthesis I (prokaryotic)|g__Veillonella.s__Veillonella_dispar	23.0410427905
COA-PWY: coenzyme A biosynthesis I (prokaryotic)|g__Veillonella.s__Veillonella_parvula	16.0119355144
COA-PWY: coenzyme A biosynthesis I (prokaryotic)|g__Lactobacillus.s__Lactobacillus_plantarum	15.4288061867
COA-PWY: coenzyme A biosynthesis I (prokaryotic)|g__Veillonella.s__Veillonella_infantium	6.8202795129
COA-PWY: coenzyme A biosynthesis I (prokaryotic)|g__Fusobacterium.s__Fusobacterium_nucleatum	6.2320666605
PWY-7851: coenzyme A biosynthesis II (eukaryotic)	13424.4611074106
PWY-7851: coenzyme A biosynthesis II (eukaryotic)|g__Klebsiella.s__Klebsiella_pneumoniae	3899.6247220862
PWY-7851: coenzyme A biosynthesis II (eukaryotic)|g__Klebsiella.s__Klebsiella_oxytoca	2364.5511764773
PWY-7851: coenzyme A biosynthesis II (eukaryotic)|g__Escherichia.s__Escherichia_coli	1974.5282185096
PWY-7851: coenzyme A biosynthesis II (eukaryotic)|g__Bilophila.s__Bilophila_wadsworthia	576.4764613037
PWY-7851: coenzyme A biosynthesis II (eukaryotic)|g__Veillonella.s__Veillonella_atypica	426.9456593812
PWY-7851: coenzyme A biosynthesis II (eukaryotic)|g__Selenomonas.s__Selenomonas_artemidis	408.7566246071
PWY-7851: coenzyme A biosynthesis II (eukaryotic)|g__Sutterella.s__Sutterella_sp_CAG_351	282.0523994593
PWY-7851: coenzyme A biosynthesis II (eukaryotic)|g__Klebsiella.s__Klebsiella_michiganensis	259.5631448312
PWY-7851: coenzyme A biosynthesis II (eukaryotic)|g__Lactobacillus.s__Lactobacillus_murinus	178.0208209223
PWY-7851: coenzyme A biosynthesis II (eukaryotic)|g__Citrobacter.s__Citrobacter_koseri	172.0013259954
PWY-7851: coenzyme A biosynthesis II (eukaryotic)|g__Morganella.s__Morganella_morganii	153.2626258705
PWY-7851: coenzyme A biosynthesis II (eukaryotic)|g__Citrobacter.s__Citrobacter_freundii	146.6894053439
PWY-7851: coenzyme A biosynthesis II (eukaryotic)|g__Megasphaera.s__Megasphaera_micronuciformis	138.2436819303
PWY-7851: coenzyme A biosynthesis II (eukaryotic)|g__Lactobacillus.s__Lactobacillus_rhamnosus	102.8260838979
PWY-7851: coenzyme A biosynthesis II (eukaryotic)|g__Dialister.s__Dialister_invisus	51.6785580673
PWY-7851: coenzyme A biosynthesis II (eukaryotic)|g__Lactobacillus.s__Lactobacillus_pentosus	44.7743403789
PWY-7851: coenzyme A biosynthesis II (eukaryotic)|unclassified	34.0800683932
PWY-7851: coenzyme A biosynthesis II (eukaryotic)|g__Veillonella.s__Veillonella_dispar	17.5425527409
PWY-7851: coenzyme A biosynthesis II (eukaryotic)|g__Lactobacillus.s__Lactobacillus_plantarum	15.4288061867
PWY-7851: coenzyme A biosynthesis II (eukaryotic)|g__Fusobacterium.s__Fusobacterium_nucleatum	6.2320666605
PWY-7851: coenzyme A biosynthesis II (eukaryotic)|g__Citrobacter.s__Citrobacter_braakii	3.7570614250
PROTOCATECHUATE-ORTHO-CLEAVAGE-PWY: protocatechuate degradation II (ortho-cleavage pathway)	13242.4867437620
PROTOCATECHUATE-ORTHO-CLEAVAGE-PWY: protocatechuate degradation II (ortho-cleavage pathway)|g__Klebsiella.s__Klebsiella_pneumoniae	6513.7671616964
PROTOCATECHUATE-ORTHO-CLEAVAGE-PWY: protocatechuate degradation II (ortho-cleavage pathway)|g__Klebsiella.s__Klebsiella_oxytoca	3021.4471835949
PROTOCATECHUATE-ORTHO-CLEAVAGE-PWY: protocatechuate degradation II (ortho-cleavage pathway)|g__Escherichia.s__Escherichia_coli	1155.2645458274
PROTOCATECHUATE-ORTHO-CLEAVAGE-PWY: protocatechuate degradation II (ortho-cleavage pathway)|g__Klebsiella.s__Klebsiella_aerogenes	691.8377707584
PROTOCATECHUATE-ORTHO-CLEAVAGE-PWY: protocatechuate degradation II (ortho-cleavage pathway)|g__Klebsiella.s__Klebsiella_michiganensis	237.5687526268
PWY-6823: molybdopterin biosynthesis	13150.3957578296
PWY-6823: molybdopterin biosynthesis|g__Klebsiella.s__Klebsiella_pneumoniae	5981.5362960491
PWY-6823: molybdopterin biosynthesis|g__Klebsiella.s__Klebsiella_oxytoca	1952.5139003172
PWY-6823: molybdopterin biosynthesis|g__Escherichia.s__Escherichia_coli	984.9761036687
PWY-6823: molybdopterin biosynthesis|g__Bilophila.s__Bilophila_wadsworthia	811.6577663929
PWY-6823: molybdopterin biosynthesis|g__Klebsiella.s__Klebsiella_michiganensis	640.1014450465
PWY-6823: molybdopterin biosynthesis|g__Veillonella.s__Veillonella_atypica	549.5016188088
PWY-6823: molybdopterin biosynthesis|g__Selenomonas.s__Selenomonas_artemidis	475.9450061121
PWY-6823: molybdopterin biosynthesis|g__Citrobacter.s__Citrobacter_braakii	305.2623542602
PWY-6823: molybdopterin biosynthesis|g__Sutterella.s__Sutterella_sp_CAG_351	253.5225633921
PWY-6823: molybdopterin biosynthesis|g__Morganella.s__Morganella_morganii	210.0499227871
PWY-6823: molybdopterin biosynthesis|g__Citrobacter.s__Citrobacter_freundii	208.0399136200
PWY-6823: molybdopterin biosynthesis|g__Citrobacter.s__Citrobacter_koseri	204.8746906148
PWY-6823: molybdopterin biosynthesis|g__Megasphaera.s__Megasphaera_micronuciformis	176.9868512874
PWY-6823: molybdopterin biosynthesis|unclassified	151.4683838755
PWY-6823: molybdopterin biosynthesis|g__Lactobacillus.s__Lactobacillus_pentosus	34.3416971551
PWY-6823: molybdopterin biosynthesis|g__Veillonella.s__Veillonella_parvula	10.3075036105
PWY-6823: molybdopterin biosynthesis|g__Veillonella.s__Veillonella_infantium	8.7703000560
PWY-6823: molybdopterin biosynthesis|g__Veillonella.s__Veillonella_dispar	6.5080353243
PWY-6823: molybdopterin biosynthesis|g__Klebsiella.s__Klebsiella_aerogenes	4.2551441870
PWY-5028: L-histidine degradation II	13109.7414123936
PWY-5028: L-histidine degradation II|g__Klebsiella.s__Klebsiella_aerogenes	6467.9929742358
PWY-5028: L-histidine degradation II|g__Klebsiella.s__Klebsiella_pneumoniae	370.7270470047
PWY-5028: L-histidine degradation II|g__Klebsiella.s__Klebsiella_michiganensis	257.7065964596
PWY-5028: L-histidine degradation II|g__Klebsiella.s__Klebsiella_oxytoca	237.4948225874
PWY-5028: L-histidine degradation II|g__Escherichia.s__Escherichia_coli	128.1609445710
PWY-8131: 5'-deoxyadenosine degradation II	12711.0497650973
PWY-8131: 5'-deoxyadenosine degradation II|g__Klebsiella.s__Klebsiella_pneumoniae	4412.4668280773
PWY-8131: 5'-deoxyadenosine degradation II|g__Klebsiella.s__Klebsiella_oxytoca	2121.2960625882
PWY-8131: 5'-deoxyadenosine degradation II|g__Escherichia.s__Escherichia_coli	669.3403713852
PWY-8131: 5'-deoxyadenosine degradation II|g__Klebsiella.s__Klebsiella_michiganensis	282.3823074455
PWY-8131: 5'-deoxyadenosine degradation II|g__Citrobacter.s__Citrobacter_koseri	238.6176808902
PWY-8131: 5'-deoxyadenosine degradation II|g__Citrobacter.s__Citrobacter_freundii	104.0078130664
PWY-8131: 5'-deoxyadenosine degradation II|unclassified	95.6435987545
PWY-8131: 5'-deoxyadenosine degradation II|g__Citrobacter.s__Citrobacter_braakii	6.2022114935
PPGPPMET-PWY: ppGpp metabolism	12703.3048716580
PPGPPMET-PWY: ppGpp metabolism|g__Klebsiella.s__Klebsiella_pneumoniae	7450.5315879234
PPGPPMET-PWY: ppGpp metabolism|g__Klebsiella.s__Klebsiella_oxytoca	1985.3321654175
PPGPPMET-PWY: ppGpp metabolism|g__Citrobacter.s__Citrobacter_freundii	741.7192550003
PPGPPMET-PWY: ppGpp metabolism|g__Klebsiella.s__Klebsiella_michiganensis	350.1325142442
PPGPPMET-PWY: ppGpp metabolism|g__Citrobacter.s__Citrobacter_koseri	212.0336116798
PPGPPMET-PWY: ppGpp metabolism|g__Escherichia.s__Escherichia_coli	181.9721020763
PPGPPMET-PWY: ppGpp metabolism|g__Citrobacter.s__Citrobacter_braakii	145.7448353954
PPGPPMET-PWY: ppGpp metabolism|unclassified	96.8938240958
PPGPPMET-PWY: ppGpp metabolism|g__Morganella.s__Morganella_morganii	18.4711668102
PPGPPMET-PWY: ppGpp metabolism|g__Proteus.s__Proteus_mirabilis	1.1275324808
PWY66-389: phytol degradation	12668.9528906829
PWY66-389: phytol degradation|g__Klebsiella.s__Klebsiella_pneumoniae	10009.4308261108
PWY66-389: phytol degradation|g__Escherichia.s__Escherichia_coli	796.0304712836
PWY66-389: phytol degradation|unclassified	321.3811497973
PWY66-389: phytol degradation|g__Morganella.s__Morganella_morganii	2.0003767320
PWY66-389: phytol degradation|g__Proteus.s__Proteus_mirabilis	1.2493497605
PWY-6531: mannitol cycle	12652.1900739863
PWY-6531: mannitol cycle|g__Klebsiella.s__Klebsiella_pneumoniae	7429.0053303540
PWY-6531: mannitol cycle|g__Escherichia.s__Escherichia_coli	2731.0701976462
PWY-6531: mannitol cycle|g__Klebsiella.s__Klebsiella_oxytoca	519.7506081731
PWY-6531: mannitol cycle|g__Citrobacter.s__Citrobacter_koseri	197.4502443545
PWY-6531: mannitol cycle|unclassified	62.3964963768
PWY-7210: pyrimidine deoxyribonucleotides biosynthesis from CTP	12460.5914090604
PWY-7210: pyrimidine deoxyribonucleotides biosynthesis from CTP|g__Klebsiella.s__Klebsiella_oxytoca	1794.1968415385
PWY-7210: pyrimidine deoxyribonucleotides biosynthesis from CTP|g__Klebsiella.s__Klebsiella_pneumoniae	1664.3039080332
PWY-7210: pyrimidine deoxyribonucleotides biosynthesis from CTP|g__Klebsiella.s__Klebsiella_michiganensis	433.3872629467
PWY-7210: pyrimidine deoxyribonucleotides biosynthesis from CTP|g__Citrobacter.s__Citrobacter_koseri	177.6883940535
PWY-7210: pyrimidine deoxyribonucleotides biosynthesis from CTP|g__Lactobacillus.s__Lactobacillus_rhamnosus	132.9555014014
PWY-7210: pyrimidine deoxyribonucleotides biosynthesis from CTP|g__Lactobacillus.s__Lactobacillus_pentosus	83.3724844391
PWY-7210: pyrimidine deoxyribonucleotides biosynthesis from CTP|unclassified	22.8193454797
PWY-5920: superpathway of heme b biosynthesis from glycine	12156.9571424544
PWY-5920: superpathway of heme b biosynthesis from glycine|g__Klebsiella.s__Klebsiella_pneumoniae	3557.5322767825
PWY-5920: superpathway of heme b biosynthesis from glycine|g__Escherichia.s__Escherichia_coli	2334.3792248205
PWY-5920: superpathway of heme b biosynthesis from glycine|g__Klebsiella.s__Klebsiella_oxytoca	1345.3985915778
GLYCOCAT-PWY: glycogen degradation I	12132.0224470026
GLYCOCAT-PWY: glycogen degradation I|g__Klebsiella.s__Klebsiella_oxytoca	2474.8583570853
GLYCOCAT-PWY: glycogen degradation I|g__Klebsiella.s__Klebsiella_pneumoniae	2442.5248185917
GLYCOCAT-PWY: glycogen degradation I|g__Escherichia.s__Escherichia_coli	1798.5898758881
GLYCOCAT-PWY: glycogen degradation I|g__Citrobacter.s__Citrobacter_braakii	354.5502984998
GLYCOCAT-PWY: glycogen degradation I|g__Klebsiella.s__Klebsiella_michiganensis	269.8240601133
GLYCOCAT-PWY: glycogen degradation I|g__Citrobacter.s__Citrobacter_freundii	210.2437797169
GLYCOCAT-PWY: glycogen degradation I|g__Citrobacter.s__Citrobacter_koseri	206.4594393011
GLYCOCAT-PWY: glycogen degradation I|unclassified	83.9568433488
GLYCOCAT-PWY: glycogen degradation I|g__Klebsiella.s__Klebsiella_aerogenes	22.8887512195
RIBOSYN2-PWY: flavin biosynthesis I (bacteria and plants)	12047.5026363923
RIBOSYN2-PWY: flavin biosynthesis I (bacteria and plants)|g__Klebsiella.s__Klebsiella_pneumoniae	3774.5500099092
RIBOSYN2-PWY: flavin biosynthesis I (bacteria and plants)|g__Klebsiella.s__Klebsiella_oxytoca	1925.3492501067
RIBOSYN2-PWY: flavin biosynthesis I (bacteria and plants)|g__Escherichia.s__Escherichia_coli	806.8650605846
RIBOSYN2-PWY: flavin biosynthesis I (bacteria and plants)|g__Veillonella.s__Veillonella_atypica	424.7891170142
RIBOSYN2-PWY: flavin biosynthesis I (bacteria and plants)|g__Selenomonas.s__Selenomonas_artemidis	359.5841412137
RIBOSYN2-PWY: flavin biosynthesis I (bacteria and plants)|g__Klebsiella.s__Klebsiella_michiganensis	251.1557036100
RIBOSYN2-PWY: flavin biosynthesis I (bacteria and plants)|g__Citrobacter.s__Citrobacter_koseri	214.5587354470
RIBOSYN2-PWY: flavin biosynthesis I (bacteria and plants)|g__Megasphaera.s__Megasphaera_micronuciformis	136.4178401481
RIBOSYN2-PWY: flavin biosynthesis I (bacteria and plants)|g__Citrobacter.s__Citrobacter_freundii	78.9899982301
RIBOSYN2-PWY: flavin biosynthesis I (bacteria and plants)|g__Citrobacter.s__Citrobacter_braakii	50.7221921698
RIBOSYN2-PWY: flavin biosynthesis I (bacteria and plants)|unclassified	39.3494496000
RIBOSYN2-PWY: flavin biosynthesis I (bacteria and plants)|g__Morganella.s__Morganella_morganii	29.4374428667
RIBOSYN2-PWY: flavin biosynthesis I (bacteria and plants)|g__Veillonella.s__Veillonella_dispar	14.1364766607
RIBOSYN2-PWY: flavin biosynthesis I (bacteria and plants)|g__Veillonella.s__Veillonella_parvula	3.8051089910
PWY-7883: anhydromuropeptides recycling II	12002.7521826989
PWY-7883: anhydromuropeptides recycling II|g__Klebsiella.s__Klebsiella_pneumoniae	3525.2079320447
PWY-7883: anhydromuropeptides recycling II|g__Klebsiella.s__Klebsiella_oxytoca	3204.6650676189
PWY-7883: anhydromuropeptides recycling II|g__Escherichia.s__Escherichia_coli	1482.4585420009
PWY-7883: anhydromuropeptides recycling II|g__Citrobacter.s__Citrobacter_freundii	341.4591319777
PWY-7883: anhydromuropeptides recycling II|g__Klebsiella.s__Klebsiella_michiganensis	222.6780447480
PWY-7883: anhydromuropeptides recycling II|g__Citrobacter.s__Citrobacter_koseri	166.4029322949
PWY-7883: anhydromuropeptides recycling II|g__Klebsiella.s__Klebsiella_aerogenes	14.2220630620
PWY-6545: pyrimidine deoxyribonucleotides de novo biosynthesis III	11908.6955270696
PWY-6545: pyrimidine deoxyribonucleotides de novo biosynthesis III|g__Klebsiella.s__Klebsiella_oxytoca	1906.1500569711
PWY-6545: pyrimidine deoxyribonucleotides de novo biosynthesis III|g__Klebsiella.s__Klebsiella_pneumoniae	1521.8170310304
PWY-6545: pyrimidine deoxyribonucleotides de novo biosynthesis III|g__Klebsiella.s__Klebsiella_michiganensis	425.1919075195
PWY-6545: pyrimidine deoxyribonucleotides de novo biosynthesis III|unclassified	11.6007474015
PWY0-1241: ADP-L-glycero-&beta;-D-manno-heptose biosynthesis	11867.4923122906
PWY0-1241: ADP-L-glycero-&beta;-D-manno-heptose biosynthesis|g__Klebsiella.s__Klebsiella_pneumoniae	6110.8013625753
PWY0-1241: ADP-L-glycero-&beta;-D-manno-heptose biosynthesis|g__Klebsiella.s__Klebsiella_oxytoca	1731.1838907662
PWY0-1241: ADP-L-glycero-&beta;-D-manno-heptose biosynthesis|g__Escherichia.s__Escherichia_coli	651.3717222593
PWY0-1241: ADP-L-glycero-&beta;-D-manno-heptose biosynthesis|g__Veillonella.s__Veillonella_atypica	634.9512994619
PWY0-1241: ADP-L-glycero-&beta;-D-manno-heptose biosynthesis|g__Citrobacter.s__Citrobacter_freundii	334.6622150756
PWY0-1241: ADP-L-glycero-&beta;-D-manno-heptose biosynthesis|g__Klebsiella.s__Klebsiella_michiganensis	232.0720510333
PWY0-1241: ADP-L-glycero-&beta;-D-manno-heptose biosynthesis|g__Citrobacter.s__Citrobacter_koseri	215.0339706486
PWY0-1241: ADP-L-glycero-&beta;-D-manno-heptose biosynthesis|g__Citrobacter.s__Citrobacter_braakii	131.9276875861
PWY0-1241: ADP-L-glycero-&beta;-D-manno-heptose biosynthesis|g__Megasphaera.s__Megasphaera_micronuciformis	128.6178800790
PWY0-1241: ADP-L-glycero-&beta;-D-manno-heptose biosynthesis|unclassified	42.5156798461
PWY0-1241: ADP-L-glycero-&beta;-D-manno-heptose biosynthesis|g__Morganella.s__Morganella_morganii	11.0859026331
PWY0-1241: ADP-L-glycero-&beta;-D-manno-heptose biosynthesis|g__Veillonella.s__Veillonella_parvula	6.0999454671
PWY0-1241: ADP-L-glycero-&beta;-D-manno-heptose biosynthesis|g__Veillonella.s__Veillonella_infantium	3.9156786244
REDCITCYC: TCA cycle VI (Helicobacter)	11690.7336389985
REDCITCYC: TCA cycle VI (Helicobacter)|g__Klebsiella.s__Klebsiella_pneumoniae	5340.4959868888
REDCITCYC: TCA cycle VI (Helicobacter)|g__Klebsiella.s__Klebsiella_oxytoca	1173.1922127010
REDCITCYC: TCA cycle VI (Helicobacter)|g__Escherichia.s__Escherichia_coli	620.9083717129
GLCMANNANAUT-PWY: superpathway of N-acetylglucosamine, N-acetylmannosamine and N-acetylneuraminate degradation	11501.1702767154
GLCMANNANAUT-PWY: superpathway of N-acetylglucosamine, N-acetylmannosamine and N-acetylneuraminate degradation|g__Klebsiella.s__Klebsiella_pneumoniae	4184.3509828340
GLCMANNANAUT-PWY: superpathway of N-acetylglucosamine, N-acetylmannosamine and N-acetylneuraminate degradation|g__Escherichia.s__Escherichia_coli	2437.2085837674
GLCMANNANAUT-PWY: superpathway of N-acetylglucosamine, N-acetylmannosamine and N-acetylneuraminate degradation|g__Klebsiella.s__Klebsiella_oxytoca	2190.5599421461
GLCMANNANAUT-PWY: superpathway of N-acetylglucosamine, N-acetylmannosamine and N-acetylneuraminate degradation|g__Klebsiella.s__Klebsiella_michiganensis	396.3351027253
GLCMANNANAUT-PWY: superpathway of N-acetylglucosamine, N-acetylmannosamine and N-acetylneuraminate degradation|g__Citrobacter.s__Citrobacter_braakii	315.0549688147
GLCMANNANAUT-PWY: superpathway of N-acetylglucosamine, N-acetylmannosamine and N-acetylneuraminate degradation|g__Citrobacter.s__Citrobacter_koseri	178.9682985565
GLCMANNANAUT-PWY: superpathway of N-acetylglucosamine, N-acetylmannosamine and N-acetylneuraminate degradation|g__Citrobacter.s__Citrobacter_freundii	176.0007592007
PWY-5417: catechol degradation III (ortho-cleavage pathway)	11489.4178713705
PWY-5417: catechol degradation III (ortho-cleavage pathway)|g__Klebsiella.s__Klebsiella_pneumoniae	5972.9597274216
PWY-5417: catechol degradation III (ortho-cleavage pathway)|g__Klebsiella.s__Klebsiella_oxytoca	2129.4445283066
PWY-5417: catechol degradation III (ortho-cleavage pathway)|g__Escherichia.s__Escherichia_coli	1876.6435764619
PWY-5417: catechol degradation III (ortho-cleavage pathway)|unclassified	16.6985959905
PWY-5431: aromatic compounds degradation via &beta;-ketoadipate	11489.4178713705
PWY-5431: aromatic compounds degradation via &beta;-ketoadipate|g__Klebsiella.s__Klebsiella_pneumoniae	5972.9597274216
PWY-5431: aromatic compounds degradation via &beta;-ketoadipate|g__Klebsiella.s__Klebsiella_oxytoca	2129.4445283066
PWY-5431: aromatic compounds degradation via &beta;-ketoadipate|g__Escherichia.s__Escherichia_coli	1876.6435764619
PWY-5431: aromatic compounds degradation via &beta;-ketoadipate|unclassified	16.6985959905
PWY-5189: tetrapyrrole biosynthesis II (from glycine)	11430.5231120057
PWY-5189: tetrapyrrole biosynthesis II (from glycine)|g__Klebsiella.s__Klebsiella_pneumoniae	2931.8248354007
PWY-5189: tetrapyrrole biosynthesis II (from glycine)|g__Escherichia.s__Escherichia_coli	2808.3675080190
PWY-5189: tetrapyrrole biosynthesis II (from glycine)|g__Klebsiella.s__Klebsiella_oxytoca	2251.7832136715
PWY-5189: tetrapyrrole biosynthesis II (from glycine)|g__Klebsiella.s__Klebsiella_michiganensis	353.6693789987
PWY-7185: UTP and CTP dephosphorylation I	11333.8990974700
PWY-7185: UTP and CTP dephosphorylation I|g__Klebsiella.s__Klebsiella_oxytoca	2400.3060634328
PWY-7185: UTP and CTP dephosphorylation I|g__Klebsiella.s__Klebsiella_pneumoniae	1088.5118830333
PWY-7185: UTP and CTP dephosphorylation I|g__Klebsiella.s__Klebsiella_michiganensis	501.7704810855
PWY-7185: UTP and CTP dephosphorylation I|g__Citrobacter.s__Citrobacter_koseri	308.3307495743
PWY-7185: UTP and CTP dephosphorylation I|g__Lactobacillus.s__Lactobacillus_rhamnosus	155.5803188460
PWY-7185: UTP and CTP dephosphorylation I|g__Morganella.s__Morganella_morganii	84.1061505308
PWY-7185: UTP and CTP dephosphorylation I|unclassified	82.7058553503
PWY-7185: UTP and CTP dephosphorylation I|g__Proteus.s__Proteus_mirabilis	25.0954272541
PWY0-781: aspartate superpathway	11147.7037139769
PWY0-781: aspartate superpathway|g__Klebsiella.s__Klebsiella_pneumoniae	3889.4832193843
PWY0-781: aspartate superpathway|g__Escherichia.s__Escherichia_coli	1391.8767382015
PWY0-781: aspartate superpathway|g__Klebsiella.s__Klebsiella_oxytoca	533.2977713023
PWY0-781: aspartate superpathway|unclassified	80.3599965728
THREOCAT-PWY: superpathway of L-threonine metabolism	11078.4412079054
THREOCAT-PWY: superpathway of L-threonine metabolism|g__Klebsiella.s__Klebsiella_pneumoniae	3076.7896076247
THREOCAT-PWY: superpathway of L-threonine metabolism|g__Escherichia.s__Escherichia_coli	1504.1473386663
THREOCAT-PWY: superpathway of L-threonine metabolism|g__Klebsiella.s__Klebsiella_oxytoca	1345.1449660510
PWY-3801: sucrose degradation II (sucrose synthase)	11001.3686289463
PWY-3801: sucrose degradation II (sucrose synthase)|g__Klebsiella.s__Klebsiella_pneumoniae	7554.1011848354
PWY-7187: pyrimidine deoxyribonucleotides de novo biosynthesis II	10903.3462710145
PWY-7187: pyrimidine deoxyribonucleotides de novo biosynthesis II|g__Klebsiella.s__Klebsiella_pneumoniae	5004.5353134400
PWY-7187: pyrimidine deoxyribonucleotides de novo biosynthesis II|g__Klebsiella.s__Klebsiella_oxytoca	1740.3211790430
PWY-7187: pyrimidine deoxyribonucleotides de novo biosynthesis II|g__Escherichia.s__Escherichia_coli	990.6718811053
PWY-7187: pyrimidine deoxyribonucleotides de novo biosynthesis II|g__Klebsiella.s__Klebsiella_michiganensis	283.2730711660
PWY-7187: pyrimidine deoxyribonucleotides de novo biosynthesis II|g__Citrobacter.s__Citrobacter_freundii	247.2804244918
PWY-7187: pyrimidine deoxyribonucleotides de novo biosynthesis II|g__Citrobacter.s__Citrobacter_koseri	157.2033497415
PWY-2942: L-lysine biosynthesis III	10408.8017831233
PWY-2942: L-lysine biosynthesis III|g__Klebsiella.s__Klebsiella_pneumoniae	1251.1865257780
PWY-2942: L-lysine biosynthesis III|g__Bilophila.s__Bilophila_wadsworthia	777.2910626552
PWY-2942: L-lysine biosynthesis III|g__Selenomonas.s__Selenomonas_artemidis	361.8761389277
PWY-2942: L-lysine biosynthesis III|g__Dialister.s__Dialister_invisus	59.5239540094
PWY-2942: L-lysine biosynthesis III|g__Prevotella.s__Prevotella_melaninogenica	8.4475650407
PWY-6292: superpathway of L-cysteine biosynthesis (mammalian)	10338.7675847141
PWY-6292: superpathway of L-cysteine biosynthesis (mammalian)|g__Klebsiella.s__Klebsiella_pneumoniae	5457.3411250526
PWY-6292: superpathway of L-cysteine biosynthesis (mammalian)|g__Klebsiella.s__Klebsiella_oxytoca	1453.1381864119
PWY-6292: superpathway of L-cysteine biosynthesis (mammalian)|g__Escherichia.s__Escherichia_coli	987.4379429665
PWY-6292: superpathway of L-cysteine biosynthesis (mammalian)|g__Citrobacter.s__Citrobacter_koseri	55.7977669768
PWY-6292: superpathway of L-cysteine biosynthesis (mammalian)|g__Morganella.s__Morganella_morganii	9.7903591977
CITRULBIO-PWY: L-citrulline biosynthesis	10247.9372500020
CITRULBIO-PWY: L-citrulline biosynthesis|g__Klebsiella.s__Klebsiella_pneumoniae	5618.2679753170
CITRULBIO-PWY: L-citrulline biosynthesis|g__Escherichia.s__Escherichia_coli	2256.6019724019
CITRULBIO-PWY: L-citrulline biosynthesis|g__Klebsiella.s__Klebsiella_oxytoca	1537.7865486178
CITRULBIO-PWY: L-citrulline biosynthesis|g__Klebsiella.s__Klebsiella_aerogenes	861.9315332935
CITRULBIO-PWY: L-citrulline biosynthesis|g__Citrobacter.s__Citrobacter_freundii	202.1011666745
CITRULBIO-PWY: L-citrulline biosynthesis|g__Lactobacillus.s__Lactobacillus_pentosus	60.9553456448
CITRULBIO-PWY: L-citrulline biosynthesis|g__Lactobacillus.s__Lactobacillus_plantarum	15.6611468821
PWY-7198: pyrimidine deoxyribonucleotides de novo biosynthesis IV	10209.7819498905
PWY-7198: pyrimidine deoxyribonucleotides de novo biosynthesis IV|g__Klebsiella.s__Klebsiella_oxytoca	1729.1441748134
PWY-7198: pyrimidine deoxyribonucleotides de novo biosynthesis IV|g__Klebsiella.s__Klebsiella_pneumoniae	1203.9514505756
PWY-7198: pyrimidine deoxyribonucleotides de novo biosynthesis IV|g__Citrobacter.s__Citrobacter_koseri	172.2514529232
PWY-7198: pyrimidine deoxyribonucleotides de novo biosynthesis IV|g__Lactobacillus.s__Lactobacillus_rhamnosus	96.4260369094
PWY-7198: pyrimidine deoxyribonucleotides de novo biosynthesis IV|g__Lactobacillus.s__Lactobacillus_pentosus	65.7710509812
PWY-7198: pyrimidine deoxyribonucleotides de novo biosynthesis IV|g__Klebsiella.s__Klebsiella_michiganensis	28.8265668569
PWY-7198: pyrimidine deoxyribonucleotides de novo biosynthesis IV|unclassified	16.4655298502
PWY-6185: 4-methylcatechol degradation (ortho cleavage)	10088.3532447407
PWY-6185: 4-methylcatechol degradation (ortho cleavage)|g__Klebsiella.s__Klebsiella_oxytoca	2221.2031257227
PWY-6185: 4-methylcatechol degradation (ortho cleavage)|g__Escherichia.s__Escherichia_coli	1934.3743455310
PWY-6185: 4-methylcatechol degradation (ortho cleavage)|g__Klebsiella.s__Klebsiella_pneumoniae	864.4710252738
PWY-6185: 4-methylcatechol degradation (ortho cleavage)|g__Klebsiella.s__Klebsiella_michiganensis	237.8808343092
PWY-5345: superpathway of L-methionine biosynthesis (by sulfhydrylation)	10070.4058218393
PWY-5345: superpathway of L-methionine biosynthesis (by sulfhydrylation)|g__Klebsiella.s__Klebsiella_pneumoniae	1244.4029075282
PWY-5345: superpathway of L-methionine biosynthesis (by sulfhydrylation)|unclassified	150.6664535375
ARGDEG-PWY: superpathway of L-arginine, putrescine, and 4-aminobutanoate degradation	9934.4007973628
ARGDEG-PWY: superpathway of L-arginine, putrescine, and 4-aminobutanoate degradation|g__Klebsiella.s__Klebsiella_pneumoniae	7656.9304261599
ARGDEG-PWY: superpathway of L-arginine, putrescine, and 4-aminobutanoate degradation|g__Escherichia.s__Escherichia_coli	1094.9024198205
ARGDEG-PWY: superpathway of L-arginine, putrescine, and 4-aminobutanoate degradation|g__Klebsiella.s__Klebsiella_oxytoca	60.5911888322
ORNARGDEG-PWY: superpathway of L-arginine and L-ornithine degradation	9934.4007973628
ORNARGDEG-PWY: superpathway of L-arginine and L-ornithine degradation|g__Klebsiella.s__Klebsiella_pneumoniae	7656.9304261599
ORNARGDEG-PWY: superpathway of L-arginine and L-ornithine degradation|g__Escherichia.s__Escherichia_coli	1094.9024198205
ORNARGDEG-PWY: superpathway of L-arginine and L-ornithine degradation|g__Klebsiella.s__Klebsiella_oxytoca	60.5911888322
ARGININE-SYN4-PWY: L-ornithine biosynthesis II	9785.6995346334
ARGININE-SYN4-PWY: L-ornithine biosynthesis II|g__Klebsiella.s__Klebsiella_pneumoniae	8101.1258228805
ARGININE-SYN4-PWY: L-ornithine biosynthesis II|g__Escherichia.s__Escherichia_coli	1714.1193356861
ARGININE-SYN4-PWY: L-ornithine biosynthesis II|g__Klebsiella.s__Klebsiella_oxytoca	396.9605388289
ARGININE-SYN4-PWY: L-ornithine biosynthesis II|g__Citrobacter.s__Citrobacter_freundii	224.2257074379
PWY-5121: superpathway of geranylgeranyl diphosphate biosynthesis II (via MEP)	9743.6146298004
PWY-5121: superpathway of geranylgeranyl diphosphate biosynthesis II (via MEP)|g__Klebsiella.s__Klebsiella_pneumoniae	5705.4764114592
PWY-5121: superpathway of geranylgeranyl diphosphate biosynthesis II (via MEP)|g__Citrobacter.s__Citrobacter_freundii	176.8774041257
PWY-5121: superpathway of geranylgeranyl diphosphate biosynthesis II (via MEP)|g__Citrobacter.s__Citrobacter_koseri	147.1759967395
PWY-5121: superpathway of geranylgeranyl diphosphate biosynthesis II (via MEP)|g__Klebsiella.s__Klebsiella_oxytoca	84.3579425470
PWY-5121: superpathway of geranylgeranyl diphosphate biosynthesis II (via MEP)|g__Citrobacter.s__Citrobacter_braakii	39.9482011800
PWY-5121: superpathway of geranylgeranyl diphosphate biosynthesis II (via MEP)|g__Escherichia.s__Escherichia_coli	28.7982952993
PWY-6182: superpathway of salicylate degradation	9737.6469423126
PWY-6182: superpathway of salicylate degradation|g__Klebsiella.s__Klebsiella_pneumoniae	3564.6869797722
PWY-6182: superpathway of salicylate degradation|g__Klebsiella.s__Klebsiella_oxytoca	1833.6195945707
PWY-6182: superpathway of salicylate degradation|g__Escherichia.s__Escherichia_coli	1582.2473281863
P221-PWY: octane oxidation	9718.7185303860
P221-PWY: octane oxidation|g__Klebsiella.s__Klebsiella_pneumoniae	8145.7644949632
P221-PWY: octane oxidation|g__Escherichia.s__Escherichia_coli	428.7427887997
PWY-5981: CDP-diacylglycerol biosynthesis III	9599.0230394446
PWY-5981: CDP-diacylglycerol biosynthesis III|g__Klebsiella.s__Klebsiella_pneumoniae	4830.6283354296
PWY-5981: CDP-diacylglycerol biosynthesis III|g__Klebsiella.s__Klebsiella_oxytoca	1604.4829644908
PWY-5981: CDP-diacylglycerol biosynthesis III|g__Streptococcus.s__Streptococcus_thermophilus	665.6563541091
PWY-5981: CDP-diacylglycerol biosynthesis III|g__Klebsiella.s__Klebsiella_michiganensis	293.0270219385
PWY-5981: CDP-diacylglycerol biosynthesis III|g__Citrobacter.s__Citrobacter_koseri	222.6664013140
PWY-5981: CDP-diacylglycerol biosynthesis III|g__Citrobacter.s__Citrobacter_freundii	152.2214972038
PWY-5981: CDP-diacylglycerol biosynthesis III|g__Escherichia.s__Escherichia_coli	141.1687591031
PWY-5981: CDP-diacylglycerol biosynthesis III|unclassified	126.5731718524
PWY-5981: CDP-diacylglycerol biosynthesis III|g__Lactobacillus.s__Lactobacillus_rhamnosus	80.3454730038
PWY-5981: CDP-diacylglycerol biosynthesis III|g__Lactobacillus.s__Lactobacillus_pentosus	49.5354056511
PWY-5981: CDP-diacylglycerol biosynthesis III|g__Lactobacillus.s__Lactobacillus_plantarum	7.2048878486
PWY-5981: CDP-diacylglycerol biosynthesis III|g__Citrobacter.s__Citrobacter_braakii	2.7942182677
GLYCOLYSIS-TCA-GLYOX-BYPASS: superpathway of glycolysis, pyruvate dehydrogenase, TCA, and glyoxylate bypass	9367.2827528757
GLYCOLYSIS-TCA-GLYOX-BYPASS: superpathway of glycolysis, pyruvate dehydrogenase, TCA, and glyoxylate bypass|g__Klebsiella.s__Klebsiella_pneumoniae	3705.2544378076
GLYCOLYSIS-TCA-GLYOX-BYPASS: superpathway of glycolysis, pyruvate dehydrogenase, TCA, and glyoxylate bypass|g__Klebsiella.s__Klebsiella_oxytoca	478.8159323456
GLYCOLYSIS-TCA-GLYOX-BYPASS: superpathway of glycolysis, pyruvate dehydrogenase, TCA, and glyoxylate bypass|g__Escherichia.s__Escherichia_coli	293.7913623615
GLYCOLYSIS-TCA-GLYOX-BYPASS: superpathway of glycolysis, pyruvate dehydrogenase, TCA, and glyoxylate bypass|g__Citrobacter.s__Citrobacter_koseri	249.1308751736
P122-PWY: heterolactic fermentation	9348.9080869598
P122-PWY: heterolactic fermentation|g__Klebsiella.s__Klebsiella_oxytoca	2025.2220551036
P122-PWY: heterolactic fermentation|g__Klebsiella.s__Klebsiella_pneumoniae	1914.8144752564
P122-PWY: heterolactic fermentation|g__Escherichia.s__Escherichia_coli	503.7728434420
P122-PWY: heterolactic fermentation|g__Klebsiella.s__Klebsiella_michiganensis	284.1007659333
P122-PWY: heterolactic fermentation|g__Citrobacter.s__Citrobacter_koseri	154.9278895826
P122-PWY: heterolactic fermentation|unclassified	47.2279992127
ECASYN-PWY: enterobacterial common antigen biosynthesis	9204.6187928129
ECASYN-PWY: enterobacterial common antigen biosynthesis|g__Klebsiella.s__Klebsiella_pneumoniae	3087.8105373740
ECASYN-PWY: enterobacterial common antigen biosynthesis|g__Klebsiella.s__Klebsiella_oxytoca	2346.0819553900
ECASYN-PWY: enterobacterial common antigen biosynthesis|g__Escherichia.s__Escherichia_coli	1232.5421091339
ECASYN-PWY: enterobacterial common antigen biosynthesis|g__Klebsiella.s__Klebsiella_michiganensis	315.4277551637
ECASYN-PWY: enterobacterial common antigen biosynthesis|g__Citrobacter.s__Citrobacter_koseri	138.5207994420
ECASYN-PWY: enterobacterial common antigen biosynthesis|g__Citrobacter.s__Citrobacter_freundii	108.9448122845
SALVADEHYPOX-PWY: adenosine nucleotides degradation II	9199.3430584967
SALVADEHYPOX-PWY: adenosine nucleotides degradation II|g__Escherichia.s__Escherichia_coli	4205.7757385754
SALVADEHYPOX-PWY: adenosine nucleotides degradation II|g__Klebsiella.s__Klebsiella_pneumoniae	156.3893092016
SALVADEHYPOX-PWY: adenosine nucleotides degradation II|g__Klebsiella.s__Klebsiella_oxytoca	116.9120965035
SALVADEHYPOX-PWY: adenosine nucleotides degradation II|unclassified	79.6470573740
PWY-6284: superpathway of unsaturated fatty acids biosynthesis (E. coli)	9080.1990176583
PWY-6284: superpathway of unsaturated fatty acids biosynthesis (E. coli)|g__Klebsiella.s__Klebsiella_pneumoniae	1501.2054846803
PWY-6284: superpathway of unsaturated fatty acids biosynthesis (E. coli)|g__Escherichia.s__Escherichia_coli	1478.0958943083
PWY-6284: superpathway of unsaturated fatty acids biosynthesis (E. coli)|g__Citrobacter.s__Citrobacter_freundii	388.9103484360
PWY-6284: superpathway of unsaturated fatty acids biosynthesis (E. coli)|g__Citrobacter.s__Citrobacter_koseri	356.4006762536
PWY-6284: superpathway of unsaturated fatty acids biosynthesis (E. coli)|g__Citrobacter.s__Citrobacter_braakii	238.3039727465
PWY-6284: superpathway of unsaturated fatty acids biosynthesis (E. coli)|g__Klebsiella.s__Klebsiella_oxytoca	39.6128937187
PWY-6284: superpathway of unsaturated fatty acids biosynthesis (E. coli)|g__Escherichia.s__Escherichia_fergusonii	3.3067975366
KETOGLUCONMET-PWY: ketogluconate metabolism	8997.2023427183
KETOGLUCONMET-PWY: ketogluconate metabolism|g__Escherichia.s__Escherichia_coli	2817.4508031576
KETOGLUCONMET-PWY: ketogluconate metabolism|g__Klebsiella.s__Klebsiella_pneumoniae	436.4986001745
KETOGLUCONMET-PWY: ketogluconate metabolism|g__Citrobacter.s__Citrobacter_freundii	319.6591618457
KETOGLUCONMET-PWY: ketogluconate metabolism|g__Lactobacillus.s__Lactobacillus_plantarum	232.8901790790
KETOGLUCONMET-PWY: ketogluconate metabolism|g__Citrobacter.s__Citrobacter_braakii	193.9527619179
KETOGLUCONMET-PWY: ketogluconate metabolism|g__Citrobacter.s__Citrobacter_koseri	171.3509055988
KETOGLUCONMET-PWY: ketogluconate metabolism|g__Klebsiella.s__Klebsiella_oxytoca	116.2711360048
KETOGLUCONMET-PWY: ketogluconate metabolism|g__Citrobacter.s__Citrobacter_amalonaticus	28.0480150490
PWY-7388: octanoyl-[acyl-carrier protein] biosynthesis (mitochondria, yeast)	8987.3063544829
PWY-7388: octanoyl-[acyl-carrier protein] biosynthesis (mitochondria, yeast)|g__Klebsiella.s__Klebsiella_pneumoniae	6986.0178303890
PWY-7388: octanoyl-[acyl-carrier protein] biosynthesis (mitochondria, yeast)|g__Escherichia.s__Escherichia_coli	1171.3375516998
PWY-7269: mitochondrial NADPH production (yeast)	8835.4751708146
PWY-7269: mitochondrial NADPH production (yeast)|g__Klebsiella.s__Klebsiella_pneumoniae	5833.2059712693
PWY-7269: mitochondrial NADPH production (yeast)|g__Escherichia.s__Escherichia_coli	274.3200218393
PWY-7269: mitochondrial NADPH production (yeast)|unclassified	44.7042829595
PWY-7269: mitochondrial NADPH production (yeast)|g__Klebsiella.s__Klebsiella_oxytoca	34.5812025700
PWY-6606: guanosine nucleotides degradation II	8834.8340126464
PWY-6606: guanosine nucleotides degradation II|g__Escherichia.s__Escherichia_coli	3184.2743957532
PWY-6606: guanosine nucleotides degradation II|g__Klebsiella.s__Klebsiella_pneumoniae	1673.3657723566
PWY-6606: guanosine nucleotides degradation II|unclassified	119.4573396363
PWY-6606: guanosine nucleotides degradation II|g__Klebsiella.s__Klebsiella_oxytoca	95.2524459013
PWY66-430: myristate biosynthesis (mitochondria)	8700.7227055561
PWY66-430: myristate biosynthesis (mitochondria)|g__Klebsiella.s__Klebsiella_pneumoniae	5039.0610405677
PWY66-430: myristate biosynthesis (mitochondria)|g__Escherichia.s__Escherichia_coli	1174.1760084716
CATECHOL-ORTHO-CLEAVAGE-PWY: catechol degradation to &beta;-ketoadipate	8687.0048493447
CATECHOL-ORTHO-CLEAVAGE-PWY: catechol degradation to &beta;-ketoadipate|g__Klebsiella.s__Klebsiella_pneumoniae	4462.0026315129
CATECHOL-ORTHO-CLEAVAGE-PWY: catechol degradation to &beta;-ketoadipate|g__Klebsiella.s__Klebsiella_oxytoca	1647.9723912289
CATECHOL-ORTHO-CLEAVAGE-PWY: catechol degradation to &beta;-ketoadipate|g__Escherichia.s__Escherichia_coli	1417.1030060152
CATECHOL-ORTHO-CLEAVAGE-PWY: catechol degradation to &beta;-ketoadipate|g__Klebsiella.s__Klebsiella_aerogenes	262.6266134730
CATECHOL-ORTHO-CLEAVAGE-PWY: catechol degradation to &beta;-ketoadipate|unclassified	16.9182008400
PWY0-1338: polymyxin resistance	8421.9656177969
PWY0-1338: polymyxin resistance|g__Escherichia.s__Escherichia_coli	2435.9114605037
PWY0-1338: polymyxin resistance|g__Klebsiella.s__Klebsiella_pneumoniae	2374.8202630741
PWY0-1338: polymyxin resistance|g__Klebsiella.s__Klebsiella_oxytoca	1657.4227047456
PWY0-1338: polymyxin resistance|g__Klebsiella.s__Klebsiella_michiganensis	289.3580738153
PWY0-1338: polymyxin resistance|g__Citrobacter.s__Citrobacter_freundii	150.2673643381
PWY0-1338: polymyxin resistance|g__Citrobacter.s__Citrobacter_braakii	120.6476260346
PWY0-1338: polymyxin resistance|unclassified	64.6317531937
PWY0-1338: polymyxin resistance|g__Morganella.s__Morganella_morganii	1.2602210864
PWY-8187: L-arginine degradation XIII (reductive Stickland reaction)	8343.5639927882
PWY-8187: L-arginine degradation XIII (reductive Stickland reaction)|g__Klebsiella.s__Klebsiella_pneumoniae	4925.9062156634
PWY-8187: L-arginine degradation XIII (reductive Stickland reaction)|g__Escherichia.s__Escherichia_coli	2082.5523015832
PWY-8187: L-arginine degradation XIII (reductive Stickland reaction)|g__Citrobacter.s__Citrobacter_braakii	547.3032759963
PWY-8187: L-arginine degradation XIII (reductive Stickland reaction)|g__Klebsiella.s__Klebsiella_oxytoca	403.1333901272
PWY-8187: L-arginine degradation XIII (reductive Stickland reaction)|g__Citrobacter.s__Citrobacter_koseri	286.6417975464
PWY-8187: L-arginine degradation XIII (reductive Stickland reaction)|g__Citrobacter.s__Citrobacter_freundii	160.9981387735
DTDPRHAMSYN-PWY: dTDP-&beta;-L-rhamnose biosynthesis	7606.0742067719
DTDPRHAMSYN-PWY: dTDP-&beta;-L-rhamnose biosynthesis|g__Klebsiella.s__Klebsiella_pneumoniae	1972.8739039038
DTDPRHAMSYN-PWY: dTDP-&beta;-L-rhamnose biosynthesis|g__Klebsiella.s__Klebsiella_oxytoca	1461.3038370239
DTDPRHAMSYN-PWY: dTDP-&beta;-L-rhamnose biosynthesis|g__Bilophila.s__Bilophila_wadsworthia	759.1861042770
DTDPRHAMSYN-PWY: dTDP-&beta;-L-rhamnose biosynthesis|g__Streptococcus.s__Streptococcus_thermophilus	582.3217523874
DTDPRHAMSYN-PWY: dTDP-&beta;-L-rhamnose biosynthesis|g__Selenomonas.s__Selenomonas_artemidis	393.5577602541
DTDPRHAMSYN-PWY: dTDP-&beta;-L-rhamnose biosynthesis|unclassified	368.9144424769
DTDPRHAMSYN-PWY: dTDP-&beta;-L-rhamnose biosynthesis|g__Sutterella.s__Sutterella_sp_CAG_351	250.7068963513
DTDPRHAMSYN-PWY: dTDP-&beta;-L-rhamnose biosynthesis|g__Klebsiella.s__Klebsiella_michiganensis	173.1559582131
DTDPRHAMSYN-PWY: dTDP-&beta;-L-rhamnose biosynthesis|g__Lactobacillus.s__Lactobacillus_murinus	138.3279919404
DTDPRHAMSYN-PWY: dTDP-&beta;-L-rhamnose biosynthesis|g__Citrobacter.s__Citrobacter_freundii	96.0029345961
DTDPRHAMSYN-PWY: dTDP-&beta;-L-rhamnose biosynthesis|g__Lactobacillus.s__Lactobacillus_rhamnosus	64.0308437918
DTDPRHAMSYN-PWY: dTDP-&beta;-L-rhamnose biosynthesis|g__Lactobacillus.s__Lactobacillus_pentosus	59.4717066723
DTDPRHAMSYN-PWY: dTDP-&beta;-L-rhamnose biosynthesis|g__Lactobacillus.s__Lactobacillus_plantarum	25.3989315756
DTDPRHAMSYN-PWY: dTDP-&beta;-L-rhamnose biosynthesis|g__Lactococcus.s__Lactococcus_lactis	24.9536816883
DTDPRHAMSYN-PWY: dTDP-&beta;-L-rhamnose biosynthesis|g__Prevotella.s__Prevotella_melaninogenica	1.8569846904
PWY-7392: taxadiene biosynthesis (engineered)	7325.6156282448
PWY-7392: taxadiene biosynthesis (engineered)|g__Klebsiella.s__Klebsiella_pneumoniae	5071.2609272353
PWY0-1337: oleate &beta;-oxidation	7236.2055350324
PWY0-1337: oleate &beta;-oxidation|g__Klebsiella.s__Klebsiella_oxytoca	2189.9186692249
PWY0-1337: oleate &beta;-oxidation|g__Klebsiella.s__Klebsiella_pneumoniae	1708.7264063045
PWY0-1337: oleate &beta;-oxidation|g__Citrobacter.s__Citrobacter_braakii	634.2095021479
PWY0-1337: oleate &beta;-oxidation|g__Klebsiella.s__Klebsiella_michiganensis	306.2659034995
PWY0-1337: oleate &beta;-oxidation|g__Citrobacter.s__Citrobacter_koseri	245.5989050625
PWY0-1337: oleate &beta;-oxidation|g__Citrobacter.s__Citrobacter_freundii	116.4187028895
PWY0-1337: oleate &beta;-oxidation|g__Escherichia.s__Escherichia_coli	7.9030393454
OANTIGEN-PWY: O-antigen building blocks biosynthesis (E. coli)	7220.8201843760
OANTIGEN-PWY: O-antigen building blocks biosynthesis (E. coli)|g__Klebsiella.s__Klebsiella_oxytoca	1308.3674327529
OANTIGEN-PWY: O-antigen building blocks biosynthesis (E. coli)|g__Klebsiella.s__Klebsiella_pneumoniae	642.2062741716
OANTIGEN-PWY: O-antigen building blocks biosynthesis (E. coli)|g__Selenomonas.s__Selenomonas_artemidis	373.4214344527
OANTIGEN-PWY: O-antigen building blocks biosynthesis (E. coli)|g__Sutterella.s__Sutterella_sp_CAG_351	251.1748566026
OANTIGEN-PWY: O-antigen building blocks biosynthesis (E. coli)|g__Klebsiella.s__Klebsiella_michiganensis	211.4383575883
OANTIGEN-PWY: O-antigen building blocks biosynthesis (E. coli)|unclassified	151.6916063648
OANTIGEN-PWY: O-antigen building blocks biosynthesis (E. coli)|g__Lactobacillus.s__Lactobacillus_murinus	116.7416606007
OANTIGEN-PWY: O-antigen building blocks biosynthesis (E. coli)|g__Citrobacter.s__Citrobacter_freundii	109.1802710165
OANTIGEN-PWY: O-antigen building blocks biosynthesis (E. coli)|g__Lactobacillus.s__Lactobacillus_pentosus	60.3357066517
OANTIGEN-PWY: O-antigen building blocks biosynthesis (E. coli)|g__Lactobacillus.s__Lactobacillus_plantarum	38.0108804449
PWY-6731: starch degradation III	7170.0181479395
PWY-6731: starch degradation III|g__Klebsiella.s__Klebsiella_pneumoniae	4698.9397961069
PWY-6731: starch degradation III|g__Escherichia.s__Escherichia_coli	1802.8686047632
PWY-6731: starch degradation III|g__Citrobacter.s__Citrobacter_koseri	248.5851968537
GALACTUROCAT-PWY: D-galacturonate degradation I	7160.0477947847
GALACTUROCAT-PWY: D-galacturonate degradation I|g__Klebsiella.s__Klebsiella_oxytoca	2081.1282796030
GALACTUROCAT-PWY: D-galacturonate degradation I|g__Klebsiella.s__Klebsiella_pneumoniae	1911.7349498680
GALACTUROCAT-PWY: D-galacturonate degradation I|g__Escherichia.s__Escherichia_coli	924.7120816913
GALACTUROCAT-PWY: D-galacturonate degradation I|g__Klebsiella.s__Klebsiella_michiganensis	439.8497899103
GALACTUROCAT-PWY: D-galacturonate degradation I|g__Citrobacter.s__Citrobacter_braakii	421.1141737626
GALACTUROCAT-PWY: D-galacturonate degradation I|g__Citrobacter.s__Citrobacter_freundii	247.6679836304
GALACTUROCAT-PWY: D-galacturonate degradation I|g__Citrobacter.s__Citrobacter_koseri	165.0529069061
GALACTUROCAT-PWY: D-galacturonate degradation I|unclassified	32.1996306473
METHGLYUT-PWY: superpathway of methylglyoxal degradation	7136.2030405205
METHGLYUT-PWY: superpathway of methylglyoxal degradation|g__Klebsiella.s__Klebsiella_pneumoniae	2125.9470423761
METHGLYUT-PWY: superpathway of methylglyoxal degradation|g__Escherichia.s__Escherichia_coli	1184.6663107370
METHGLYUT-PWY: superpathway of methylglyoxal degradation|g__Klebsiella.s__Klebsiella_oxytoca	1175.2967056366
METHGLYUT-PWY: superpathway of methylglyoxal degradation|g__Citrobacter.s__Citrobacter_braakii	129.8100536982
METHGLYUT-PWY: superpathway of methylglyoxal degradation|g__Citrobacter.s__Citrobacter_koseri	84.1091820684
METHGLYUT-PWY: superpathway of methylglyoxal degradation|g__Klebsiella.s__Klebsiella_michiganensis	32.7332924016
METHGLYUT-PWY: superpathway of methylglyoxal degradation|g__Citrobacter.s__Citrobacter_freundii	11.3324302177
PWY-5659: GDP-mannose biosynthesis	6828.3792617090
PWY-5659: GDP-mannose biosynthesis|g__Escherichia.s__Escherichia_coli	2037.3821865388
PWY-5659: GDP-mannose biosynthesis|g__Klebsiella.s__Klebsiella_oxytoca	1485.7326334230
PWY-5659: GDP-mannose biosynthesis|g__Streptococcus.s__Streptococcus_thermophilus	684.7160830551
PWY-5659: GDP-mannose biosynthesis|g__Citrobacter.s__Citrobacter_freundii	242.6329293777
PWY-5659: GDP-mannose biosynthesis|g__Citrobacter.s__Citrobacter_koseri	224.0447589513
PWY-5659: GDP-mannose biosynthesis|unclassified	176.5553362960
PWY-5659: GDP-mannose biosynthesis|g__Klebsiella.s__Klebsiella_pneumoniae	133.9602648630
PWY-5659: GDP-mannose biosynthesis|g__Citrobacter.s__Citrobacter_braakii	83.9549963815
PWY-5659: GDP-mannose biosynthesis|g__Escherichia.s__Escherichia_fergusonii	22.6293448677
PWY-5659: GDP-mannose biosynthesis|g__Klebsiella.s__Klebsiella_michiganensis	17.9154618358
3-HYDROXYPHENYLACETATE-DEGRADATION-PWY: 4-hydroxyphenylacetate degradation	6778.8242918185
3-HYDROXYPHENYLACETATE-DEGRADATION-PWY: 4-hydroxyphenylacetate degradation|g__Klebsiella.s__Klebsiella_oxytoca	1875.4084164046
3-HYDROXYPHENYLACETATE-DEGRADATION-PWY: 4-hydroxyphenylacetate degradation|g__Klebsiella.s__Klebsiella_pneumoniae	366.7938610299
3-HYDROXYPHENYLACETATE-DEGRADATION-PWY: 4-hydroxyphenylacetate degradation|g__Klebsiella.s__Klebsiella_aerogenes	14.2622254732
PWY-2941: L-lysine biosynthesis II	6769.2738855821
PWY-2941: L-lysine biosynthesis II|g__Klebsiella.s__Klebsiella_pneumoniae	3601.6097931217
PWY-2941: L-lysine biosynthesis II|g__Streptococcus.s__Streptococcus_thermophilus	642.9773887491
PWY-2941: L-lysine biosynthesis II|g__Klebsiella.s__Klebsiella_oxytoca	380.0260079599
PWY-2941: L-lysine biosynthesis II|g__Lactobacillus.s__Lactobacillus_murinus	174.4821577678
PWY-2941: L-lysine biosynthesis II|g__Lactobacillus.s__Lactobacillus_rhamnosus	101.9705525959
PWY-2941: L-lysine biosynthesis II|g__Lactobacillus.s__Lactobacillus_plantarum	94.4717922310
PWY-2941: L-lysine biosynthesis II|g__Lactobacillus.s__Lactobacillus_pentosus	67.9413480729
PWY-2941: L-lysine biosynthesis II|unclassified	41.5181603312
PWY-2941: L-lysine biosynthesis II|g__Leptotrichia.s__Leptotrichia_wadei	18.4102773869
PWY-4984: urea cycle	6763.6928183347
PWY-4984: urea cycle|g__Klebsiella.s__Klebsiella_pneumoniae	2240.0688876469
PWY-4984: urea cycle|g__Klebsiella.s__Klebsiella_oxytoca	1456.1622071258
PWY-4984: urea cycle|g__Escherichia.s__Escherichia_coli	101.7213418325
PWY-4984: urea cycle|g__Lactobacillus.s__Lactobacillus_pentosus	47.8414629628
PWY-4984: urea cycle|g__Lactobacillus.s__Lactobacillus_plantarum	7.2021482158
CRNFORCAT-PWY: creatinine degradation I	6735.5082414365
CRNFORCAT-PWY: creatinine degradation I|g__Klebsiella.s__Klebsiella_pneumoniae	2409.3707228782
CRNFORCAT-PWY: creatinine degradation I|g__Klebsiella.s__Klebsiella_oxytoca	1822.0929739733
CRNFORCAT-PWY: creatinine degradation I|g__Klebsiella.s__Klebsiella_aerogenes	1330.2056905222
PWY-7094: fatty acid salvage	6592.2194689357
PWY-7094: fatty acid salvage|g__Klebsiella.s__Klebsiella_oxytoca	2037.3285343024
PWY-7094: fatty acid salvage|g__Klebsiella.s__Klebsiella_pneumoniae	1467.8251925498
PWY-7094: fatty acid salvage|g__Citrobacter.s__Citrobacter_braakii	426.4465208901
PWY-7094: fatty acid salvage|g__Klebsiella.s__Klebsiella_michiganensis	283.0746133075
PWY-7094: fatty acid salvage|g__Citrobacter.s__Citrobacter_koseri	263.7275844472
PWY-7094: fatty acid salvage|g__Citrobacter.s__Citrobacter_freundii	127.0379031627
PWY-7094: fatty acid salvage|unclassified	54.6017782596
PWY-7094: fatty acid salvage|g__Escherichia.s__Escherichia_coli	6.4802382554
PWY-5497: purine nucleobases degradation II (anaerobic)	6567.3846448533
PWY-5497: purine nucleobases degradation II (anaerobic)|g__Escherichia.s__Escherichia_coli	990.1735868664
PWY-5497: purine nucleobases degradation II (anaerobic)|g__Klebsiella.s__Klebsiella_pneumoniae	125.8589528977
PWY-5497: purine nucleobases degradation II (anaerobic)|g__Klebsiella.s__Klebsiella_oxytoca	94.1665750276
COLANSYN-PWY: colanic acid building blocks biosynthesis	6385.1414515888
COLANSYN-PWY: colanic acid building blocks biosynthesis|g__Escherichia.s__Escherichia_coli	1802.8102497678
COLANSYN-PWY: colanic acid building blocks biosynthesis|g__Citrobacter.s__Citrobacter_koseri	220.1973829477
COLANSYN-PWY: colanic acid building blocks biosynthesis|g__Klebsiella.s__Klebsiella_pneumoniae	199.1445923686
COLANSYN-PWY: colanic acid building blocks biosynthesis|g__Citrobacter.s__Citrobacter_freundii	185.2574252625
COLANSYN-PWY: colanic acid building blocks biosynthesis|unclassified	179.3053209964
COLANSYN-PWY: colanic acid building blocks biosynthesis|g__Klebsiella.s__Klebsiella_oxytoca	135.1402266015
COLANSYN-PWY: colanic acid building blocks biosynthesis|g__Citrobacter.s__Citrobacter_braakii	40.9118780864
COLANSYN-PWY: colanic acid building blocks biosynthesis|g__Escherichia.s__Escherichia_fergusonii	3.2406921794
NAD-BIOSYNTHESIS-II: NAD salvage pathway III (to nicotinamide riboside)	6249.4792592146
NAD-BIOSYNTHESIS-II: NAD salvage pathway III (to nicotinamide riboside)|g__Klebsiella.s__Klebsiella_pneumoniae	2235.0346948092
NAD-BIOSYNTHESIS-II: NAD salvage pathway III (to nicotinamide riboside)|g__Klebsiella.s__Klebsiella_oxytoca	1881.7245804792
NAD-BIOSYNTHESIS-II: NAD salvage pathway III (to nicotinamide riboside)|g__Citrobacter.s__Citrobacter_freundii	452.9873070535
NAD-BIOSYNTHESIS-II: NAD salvage pathway III (to nicotinamide riboside)|g__Citrobacter.s__Citrobacter_braakii	348.8400832795
NAD-BIOSYNTHESIS-II: NAD salvage pathway III (to nicotinamide riboside)|g__Klebsiella.s__Klebsiella_michiganensis	280.0148805152
NAD-BIOSYNTHESIS-II: NAD salvage pathway III (to nicotinamide riboside)|g__Citrobacter.s__Citrobacter_koseri	208.3885025375
NAD-BIOSYNTHESIS-II: NAD salvage pathway III (to nicotinamide riboside)|g__Escherichia.s__Escherichia_coli	103.8844198128
NAD-BIOSYNTHESIS-II: NAD salvage pathway III (to nicotinamide riboside)|g__Escherichia.s__Escherichia_fergusonii	4.0211317328
PWY-6168: flavin biosynthesis III (fungi)	6147.5306783395
PWY-6168: flavin biosynthesis III (fungi)|g__Klebsiella.s__Klebsiella_pneumoniae	2535.1120252929
PWY-6168: flavin biosynthesis III (fungi)|g__Escherichia.s__Escherichia_coli	709.2003575713
PWY-6168: flavin biosynthesis III (fungi)|g__Klebsiella.s__Klebsiella_oxytoca	636.3167314300
PWY-7204: pyridoxal 5'-phosphate salvage II (plants)	6077.8900362755
PWY-7204: pyridoxal 5'-phosphate salvage II (plants)|g__Klebsiella.s__Klebsiella_oxytoca	1759.8312224602
PWY-7204: pyridoxal 5'-phosphate salvage II (plants)|g__Escherichia.s__Escherichia_coli	963.7478415630
PWY-7204: pyridoxal 5'-phosphate salvage II (plants)|g__Citrobacter.s__Citrobacter_braakii	529.4308622537
PWY-7204: pyridoxal 5'-phosphate salvage II (plants)|g__Klebsiella.s__Klebsiella_pneumoniae	356.3571737102
PWY-7204: pyridoxal 5'-phosphate salvage II (plants)|g__Citrobacter.s__Citrobacter_freundii	193.3557441481
PWY-7204: pyridoxal 5'-phosphate salvage II (plants)|g__Klebsiella.s__Klebsiella_michiganensis	174.4838127017
HEXITOLDEGSUPER-PWY: superpathway of hexitol degradation (bacteria)	5975.8843143462
HEXITOLDEGSUPER-PWY: superpathway of hexitol degradation (bacteria)|g__Escherichia.s__Escherichia_coli	2190.4913746670
HEXITOLDEGSUPER-PWY: superpathway of hexitol degradation (bacteria)|g__Klebsiella.s__Klebsiella_pneumoniae	1883.9613223595
HEXITOLDEGSUPER-PWY: superpathway of hexitol degradation (bacteria)|g__Klebsiella.s__Klebsiella_oxytoca	126.0858858011
HEXITOLDEGSUPER-PWY: superpathway of hexitol degradation (bacteria)|unclassified	28.3937554071
PWY-1861: formaldehyde assimilation II (assimilatory RuMP Cycle)	5850.2323711689
PWY-1861: formaldehyde assimilation II (assimilatory RuMP Cycle)|g__Klebsiella.s__Klebsiella_oxytoca	3204.4383134039
PWY-1861: formaldehyde assimilation II (assimilatory RuMP Cycle)|g__Escherichia.s__Escherichia_coli	971.6025000117
PWY-1861: formaldehyde assimilation II (assimilatory RuMP Cycle)|g__Klebsiella.s__Klebsiella_pneumoniae	361.1813306480
PWY-1861: formaldehyde assimilation II (assimilatory RuMP Cycle)|g__Citrobacter.s__Citrobacter_koseri	89.7945406823
PWY-5855: ubiquinol-7 biosynthesis (early decarboxylation)	5750.5726699043
PWY-5855: ubiquinol-7 biosynthesis (early decarboxylation)|g__Klebsiella.s__Klebsiella_oxytoca	2005.1767707915
PWY-5855: ubiquinol-7 biosynthesis (early decarboxylation)|g__Klebsiella.s__Klebsiella_pneumoniae	1216.0436572771
PWY-5855: ubiquinol-7 biosynthesis (early decarboxylation)|g__Citrobacter.s__Citrobacter_freundii	307.9180398989
PWY-5855: ubiquinol-7 biosynthesis (early decarboxylation)|g__Citrobacter.s__Citrobacter_braakii	299.3242896725
PWY-5855: ubiquinol-7 biosynthesis (early decarboxylation)|g__Klebsiella.s__Klebsiella_michiganensis	287.8340049126
PWY-5855: ubiquinol-7 biosynthesis (early decarboxylation)|g__Escherichia.s__Escherichia_coli	184.4177881698
PWY-5855: ubiquinol-7 biosynthesis (early decarboxylation)|g__Citrobacter.s__Citrobacter_koseri	110.9195680722
PWY-5855: ubiquinol-7 biosynthesis (early decarboxylation)|g__Morganella.s__Morganella_morganii	107.7406178312
PWY-5855: ubiquinol-7 biosynthesis (early decarboxylation)|g__Escherichia.s__Escherichia_fergusonii	1.5337423313
PWY-7242: D-fructuronate degradation	5692.0642803683
PWY-7242: D-fructuronate degradation|g__Klebsiella.s__Klebsiella_pneumoniae	1513.7176051541
PWY-7242: D-fructuronate degradation|g__Escherichia.s__Escherichia_coli	804.8310217739
PWY-7242: D-fructuronate degradation|g__Citrobacter.s__Citrobacter_braakii	386.5632767504
PWY-7242: D-fructuronate degradation|g__Citrobacter.s__Citrobacter_freundii	212.8521144024
PWY-7242: D-fructuronate degradation|g__Klebsiella.s__Klebsiella_oxytoca	188.8170645880
PWY-7242: D-fructuronate degradation|g__Citrobacter.s__Citrobacter_koseri	171.2203251385
PWY-7242: D-fructuronate degradation|g__Lactobacillus.s__Lactobacillus_rhamnosus	120.3265248981
PWY-7242: D-fructuronate degradation|unclassified	83.2735408220
PWY-6859: all-trans-farnesol biosynthesis	5589.1415870964
PWY-6859: all-trans-farnesol biosynthesis|g__Klebsiella.s__Klebsiella_pneumoniae	3568.2612204204
PWY-6859: all-trans-farnesol biosynthesis|g__Citrobacter.s__Citrobacter_freundii	375.6174529258
PWY-6859: all-trans-farnesol biosynthesis|g__Citrobacter.s__Citrobacter_koseri	225.3668322048
PWY-6859: all-trans-farnesol biosynthesis|g__Citrobacter.s__Citrobacter_braakii	122.3478937661
PWY-6859: all-trans-farnesol biosynthesis|g__Lactobacillus.s__Lactobacillus_rhamnosus	82.2654574773
PWY-6859: all-trans-farnesol biosynthesis|g__Lactobacillus.s__Lactobacillus_pentosus	44.9757291144
PWY-6859: all-trans-farnesol biosynthesis|g__Klebsiella.s__Klebsiella_oxytoca	31.4272363421
PWY-6859: all-trans-farnesol biosynthesis|g__Escherichia.s__Escherichia_coli	10.6415098887
PWY-6859: all-trans-farnesol biosynthesis|g__Citrobacter.s__Citrobacter_amalonaticus	1.6000382577
PWY-5676: acetyl-CoA fermentation to butanoate II	5477.6767943163
PWY-6922: L-N&delta;-acetylornithine biosynthesis	5437.9404938774
PWY-6922: L-N&delta;-acetylornithine biosynthesis|g__Klebsiella.s__Klebsiella_pneumoniae	2212.9239650214
PWY-6922: L-N&delta;-acetylornithine biosynthesis|g__Klebsiella.s__Klebsiella_oxytoca	233.9935158788
PWY-6922: L-N&delta;-acetylornithine biosynthesis|g__Escherichia.s__Escherichia_coli	119.5624989603
PWY-801: homocysteine and cysteine interconversion	5165.5938476596
PWY-801: homocysteine and cysteine interconversion|g__Klebsiella.s__Klebsiella_pneumoniae	3827.6847221250
PWY-801: homocysteine and cysteine interconversion|g__Escherichia.s__Escherichia_coli	706.4591876839
PWY-801: homocysteine and cysteine interconversion|g__Klebsiella.s__Klebsiella_oxytoca	105.7967538053
PWY-801: homocysteine and cysteine interconversion|g__Citrobacter.s__Citrobacter_koseri	69.1911908072
P42-PWY: incomplete reductive TCA cycle	5164.3881530455
P42-PWY: incomplete reductive TCA cycle|unclassified	33.3113424581
PWY-7328: superpathway of UDP-glucose-derived O-antigen building blocks biosynthesis	4830.5254040062
PWY-7328: superpathway of UDP-glucose-derived O-antigen building blocks biosynthesis|g__Klebsiella.s__Klebsiella_pneumoniae	556.3784445726
PWY-7328: superpathway of UDP-glucose-derived O-antigen building blocks biosynthesis|unclassified	193.4779718558
PWY-7328: superpathway of UDP-glucose-derived O-antigen building blocks biosynthesis|g__Klebsiella.s__Klebsiella_michiganensis	163.1053081101
PWY-7328: superpathway of UDP-glucose-derived O-antigen building blocks biosynthesis|g__Klebsiella.s__Klebsiella_oxytoca	98.8884962700
PWY-7328: superpathway of UDP-glucose-derived O-antigen building blocks biosynthesis|g__Proteus.s__Proteus_mirabilis	9.4488113477
PWY-6961: L-ascorbate degradation II (bacterial, aerobic)	4721.6902047758
PWY-6961: L-ascorbate degradation II (bacterial, aerobic)|g__Escherichia.s__Escherichia_coli	2102.4437249869
PWY-6961: L-ascorbate degradation II (bacterial, aerobic)|g__Klebsiella.s__Klebsiella_michiganensis	508.5160572304
PWY-6961: L-ascorbate degradation II (bacterial, aerobic)|g__Klebsiella.s__Klebsiella_oxytoca	284.4889495907
PWY-6961: L-ascorbate degradation II (bacterial, aerobic)|g__Citrobacter.s__Citrobacter_koseri	274.3792118825
PWY-6961: L-ascorbate degradation II (bacterial, aerobic)|g__Citrobacter.s__Citrobacter_freundii	173.6102539946
PWY-6961: L-ascorbate degradation II (bacterial, aerobic)|unclassified	159.5609665850
URSIN-PWY: ureide biosynthesis	4674.9168581356
URSIN-PWY: ureide biosynthesis|g__Klebsiella.s__Klebsiella_pneumoniae	212.6578091421
URSIN-PWY: ureide biosynthesis|g__Klebsiella.s__Klebsiella_oxytoca	161.3608022037
URSIN-PWY: ureide biosynthesis|unclassified	106.1299274191
PWY-821: superpathway of sulfur amino acid biosynthesis (Saccharomyces cerevisiae)	4599.6250354322
PWY-821: superpathway of sulfur amino acid biosynthesis (Saccharomyces cerevisiae)|g__Klebsiella.s__Klebsiella_pneumoniae	808.1586038457
GLUCUROCAT-PWY: superpathway of &beta;-D-glucuronosides degradation	4565.2622448576
GLUCUROCAT-PWY: superpathway of &beta;-D-glucuronosides degradation|g__Klebsiella.s__Klebsiella_pneumoniae	1192.6323047114
GLUCUROCAT-PWY: superpathway of &beta;-D-glucuronosides degradation|g__Escherichia.s__Escherichia_coli	986.1422189202
GLUCUROCAT-PWY: superpathway of &beta;-D-glucuronosides degradation|g__Citrobacter.s__Citrobacter_freundii	186.7629665741
GLUCUROCAT-PWY: superpathway of &beta;-D-glucuronosides degradation|g__Klebsiella.s__Klebsiella_oxytoca	181.6334592400
GLUCUROCAT-PWY: superpathway of &beta;-D-glucuronosides degradation|g__Lactobacillus.s__Lactobacillus_rhamnosus	104.3305580963
GLUCUROCAT-PWY: superpathway of &beta;-D-glucuronosides degradation|unclassified	92.4658847441
GLUCUROCAT-PWY: superpathway of &beta;-D-glucuronosides degradation|g__Citrobacter.s__Citrobacter_braakii	4.4754108003
GALACT-GLUCUROCAT-PWY: superpathway of hexuronide and hexuronate degradation	4554.9163134475
GALACT-GLUCUROCAT-PWY: superpathway of hexuronide and hexuronate degradation|g__Escherichia.s__Escherichia_coli	629.1642418216
GALACT-GLUCUROCAT-PWY: superpathway of hexuronide and hexuronate degradation|g__Klebsiella.s__Klebsiella_pneumoniae	422.1103642390
GALACT-GLUCUROCAT-PWY: superpathway of hexuronide and hexuronate degradation|g__Klebsiella.s__Klebsiella_oxytoca	58.1196740391
GALACT-GLUCUROCAT-PWY: superpathway of hexuronide and hexuronate degradation|unclassified	40.5108413061
PWY-7165: L-ascorbate biosynthesis VIII (engineered pathway)	4178.4284416547
PWY-7165: L-ascorbate biosynthesis VIII (engineered pathway)|g__Klebsiella.s__Klebsiella_pneumoniae	935.9848137812
PWY-7165: L-ascorbate biosynthesis VIII (engineered pathway)|g__Escherichia.s__Escherichia_coli	528.2840385961
PWY-7165: L-ascorbate biosynthesis VIII (engineered pathway)|g__Klebsiella.s__Klebsiella_oxytoca	275.4964973338
PWY-7385: 1,3-propanediol biosynthesis (engineered)	4164.0746277739
PWY-7385: 1,3-propanediol biosynthesis (engineered)|g__Escherichia.s__Escherichia_coli	1355.8455345958
PWY-6588: pyruvate fermentation to acetone	4117.7425744134
PWY-6588: pyruvate fermentation to acetone|g__Klebsiella.s__Klebsiella_pneumoniae	3187.8539844585
PWY-6588: pyruvate fermentation to acetone|g__Escherichia.s__Escherichia_coli	120.6006148258
PWY-6588: pyruvate fermentation to acetone|unclassified	12.9768999199
PWY0-42: 2-methylcitrate cycle I	4108.3250654290
PWY0-42: 2-methylcitrate cycle I|g__Escherichia.s__Escherichia_coli	1704.0134353644
PWY0-42: 2-methylcitrate cycle I|g__Citrobacter.s__Citrobacter_freundii	261.1658139232
PWY0-42: 2-methylcitrate cycle I|g__Citrobacter.s__Citrobacter_koseri	239.4247814955
PWY0-42: 2-methylcitrate cycle I|g__Klebsiella.s__Klebsiella_pneumoniae	236.1431485577
PWY0-42: 2-methylcitrate cycle I|g__Citrobacter.s__Citrobacter_braakii	209.3358514246
PWY0-42: 2-methylcitrate cycle I|unclassified	60.5341808366
PWY0-42: 2-methylcitrate cycle I|g__Klebsiella.s__Klebsiella_oxytoca	5.9610107123
PWY0-42: 2-methylcitrate cycle I|g__Citrobacter.s__Citrobacter_amalonaticus	1.6548792627
PWY-7323: superpathway of GDP-mannose-derived O-antigen building blocks biosynthesis	4066.2923823801
PWY-7323: superpathway of GDP-mannose-derived O-antigen building blocks biosynthesis|g__Escherichia.s__Escherichia_coli	1255.3029711521
PWY-7323: superpathway of GDP-mannose-derived O-antigen building blocks biosynthesis|g__Klebsiella.s__Klebsiella_oxytoca	227.3058416426
PWY-7323: superpathway of GDP-mannose-derived O-antigen building blocks biosynthesis|g__Citrobacter.s__Citrobacter_koseri	142.1607104433
PWY-7323: superpathway of GDP-mannose-derived O-antigen building blocks biosynthesis|g__Citrobacter.s__Citrobacter_freundii	133.6560506683
PWY-7323: superpathway of GDP-mannose-derived O-antigen building blocks biosynthesis|unclassified	109.0452802082
PWY-7323: superpathway of GDP-mannose-derived O-antigen building blocks biosynthesis|g__Citrobacter.s__Citrobacter_braakii	3.5966261920
FOLSYN-PWY: superpathway of tetrahydrofolate biosynthesis and salvage	4042.1220776426
FOLSYN-PWY: superpathway of tetrahydrofolate biosynthesis and salvage|g__Klebsiella.s__Klebsiella_pneumoniae	1204.6580654123
FOLSYN-PWY: superpathway of tetrahydrofolate biosynthesis and salvage|g__Escherichia.s__Escherichia_coli	631.3955561185
FOLSYN-PWY: superpathway of tetrahydrofolate biosynthesis and salvage|g__Klebsiella.s__Klebsiella_oxytoca	261.0566307384
PWY-6507: 4-deoxy-L-threo-hex-4-enopyranuronate degradation	4016.4994163536
PWY-6507: 4-deoxy-L-threo-hex-4-enopyranuronate degradation|g__Klebsiella.s__Klebsiella_pneumoniae	858.7967475799
PWY-6507: 4-deoxy-L-threo-hex-4-enopyranuronate degradation|g__Escherichia.s__Escherichia_coli	768.7442763760
PWY-6507: 4-deoxy-L-threo-hex-4-enopyranuronate degradation|g__Citrobacter.s__Citrobacter_braakii	404.8311805777
PWY-6507: 4-deoxy-L-threo-hex-4-enopyranuronate degradation|g__Citrobacter.s__Citrobacter_koseri	342.9309178874
PWY-6507: 4-deoxy-L-threo-hex-4-enopyranuronate degradation|g__Citrobacter.s__Citrobacter_freundii	191.6131959234
PWY-6507: 4-deoxy-L-threo-hex-4-enopyranuronate degradation|g__Klebsiella.s__Klebsiella_oxytoca	178.0325710549
PWY-6507: 4-deoxy-L-threo-hex-4-enopyranuronate degradation|g__Lactobacillus.s__Lactobacillus_rhamnosus	115.3399695848
PWY-6507: 4-deoxy-L-threo-hex-4-enopyranuronate degradation|unclassified	48.4794390292
PWY-7396: butanol and isobutanol biosynthesis (engineered)	3862.7775343575
PWY-7396: butanol and isobutanol biosynthesis (engineered)|g__Klebsiella.s__Klebsiella_pneumoniae	2706.5801258238
HSERMETANA-PWY: L-methionine biosynthesis III	3768.7798790042
HSERMETANA-PWY: L-methionine biosynthesis III|g__Streptococcus.s__Streptococcus_thermophilus	667.6017041196
HSERMETANA-PWY: L-methionine biosynthesis III|g__Klebsiella.s__Klebsiella_pneumoniae	361.1297805534
HSERMETANA-PWY: L-methionine biosynthesis III|unclassified	142.0581998714
HSERMETANA-PWY: L-methionine biosynthesis III|g__Lactobacillus.s__Lactobacillus_pentosus	39.3130420637
HSERMETANA-PWY: L-methionine biosynthesis III|g__Morganella.s__Morganella_morganii	39.2388290826
HSERMETANA-PWY: L-methionine biosynthesis III|g__Leptotrichia.s__Leptotrichia_wadei	14.9055698894
HSERMETANA-PWY: L-methionine biosynthesis III|g__Veillonella.s__Veillonella_dispar	6.7984590330
PWY-5505: L-glutamate and L-glutamine biosynthesis	3757.9696945432
PWY-5505: L-glutamate and L-glutamine biosynthesis|g__Klebsiella.s__Klebsiella_pneumoniae	277.2911507028
PWY-5505: L-glutamate and L-glutamine biosynthesis|unclassified	32.6193371203
PWY-5747: 2-methylcitrate cycle II	3657.2867448832
PWY-5747: 2-methylcitrate cycle II|g__Escherichia.s__Escherichia_coli	305.5597427549
PWY-5747: 2-methylcitrate cycle II|g__Citrobacter.s__Citrobacter_braakii	209.3358514246
PWY-5747: 2-methylcitrate cycle II|g__Citrobacter.s__Citrobacter_koseri	192.3025778911
PWY-5747: 2-methylcitrate cycle II|g__Citrobacter.s__Citrobacter_freundii	107.5176805148
PWY-5747: 2-methylcitrate cycle II|g__Klebsiella.s__Klebsiella_pneumoniae	85.5084090411
PWY-5747: 2-methylcitrate cycle II|unclassified	40.5522087462
GLUDEG-I-PWY: GABA shunt	3611.7592099906
GLUDEG-I-PWY: GABA shunt|g__Klebsiella.s__Klebsiella_pneumoniae	3215.1442155263
GLUDEG-I-PWY: GABA shunt|g__Escherichia.s__Escherichia_coli	398.1125906495
GLUDEG-I-PWY: GABA shunt|g__Klebsiella.s__Klebsiella_oxytoca	16.8587827379
PWY-6549: L-glutamine biosynthesis III	3605.3462296967
PWY-622: starch biosynthesis	3398.9895235185
PWY-622: starch biosynthesis|g__Klebsiella.s__Klebsiella_oxytoca	788.6411274497
PYRIDNUCSAL-PWY: NAD salvage pathway I (PNC VI cycle)	3272.4735962458
PYRIDNUCSAL-PWY: NAD salvage pathway I (PNC VI cycle)|g__Klebsiella.s__Klebsiella_pneumoniae	541.1680228463
PYRIDNUCSAL-PWY: NAD salvage pathway I (PNC VI cycle)|unclassified	60.6993828626
PWY-6612: superpathway of tetrahydrofolate biosynthesis	2903.0053685395
PWY-6612: superpathway of tetrahydrofolate biosynthesis|g__Klebsiella.s__Klebsiella_pneumoniae	842.2080402838
PWY-6612: superpathway of tetrahydrofolate biosynthesis|g__Escherichia.s__Escherichia_coli	492.7466208773
PWY-6612: superpathway of tetrahydrofolate biosynthesis|g__Klebsiella.s__Klebsiella_oxytoca	182.4340016150
GLYCOL-GLYOXDEG-PWY: superpathway of glycol metabolism and degradation	2871.3650484841
GLYCOL-GLYOXDEG-PWY: superpathway of glycol metabolism and degradation|g__Klebsiella.s__Klebsiella_pneumoniae	1689.6621165363
GLYCOL-GLYOXDEG-PWY: superpathway of glycol metabolism and degradation|g__Citrobacter.s__Citrobacter_braakii	346.9111837610
GLYCOL-GLYOXDEG-PWY: superpathway of glycol metabolism and degradation|g__Citrobacter.s__Citrobacter_freundii	186.5021120880
GLYCOL-GLYOXDEG-PWY: superpathway of glycol metabolism and degradation|g__Escherichia.s__Escherichia_coli	114.2395911877
GLYCOL-GLYOXDEG-PWY: superpathway of glycol metabolism and degradation|unclassified	23.5499733838
GLYCOL-GLYOXDEG-PWY: superpathway of glycol metabolism and degradation|g__Klebsiella.s__Klebsiella_oxytoca	3.0977712404
DARABCATK12-PWY: D-arabinose degradation I	2827.9772522988
DARABCATK12-PWY: D-arabinose degradation I|g__Klebsiella.s__Klebsiella_pneumoniae	1666.8800386773
DARABCATK12-PWY: D-arabinose degradation I|g__Escherichia.s__Escherichia_coli	113.3824542875
DARABCATK12-PWY: D-arabinose degradation I|g__Citrobacter.s__Citrobacter_freundii	67.8784196053
DARABCATK12-PWY: D-arabinose degradation I|unclassified	19.7465005769
DARABCATK12-PWY: D-arabinose degradation I|g__Citrobacter.s__Citrobacter_braakii	3.1206713214
DARABCATK12-PWY: D-arabinose degradation I|g__Klebsiella.s__Klebsiella_oxytoca	3.0978433030
PWY-7761: NAD salvage pathway II (PNC IV cycle)	2631.1261204550
PWY-7761: NAD salvage pathway II (PNC IV cycle)|g__Escherichia.s__Escherichia_coli	576.3292854944
PWY-7761: NAD salvage pathway II (PNC IV cycle)|g__Klebsiella.s__Klebsiella_pneumoniae	408.4917610311
PWY-7761: NAD salvage pathway II (PNC IV cycle)|g__Citrobacter.s__Citrobacter_freundii	138.4291077829
PWY-7761: NAD salvage pathway II (PNC IV cycle)|unclassified	49.7644903249
PWY-7761: NAD salvage pathway II (PNC IV cycle)|g__Citrobacter.s__Citrobacter_braakii	5.0339066847
PWY3O-4107: NAD salvage pathway V (PNC V cycle)	2481.7909941264
PWY3O-4107: NAD salvage pathway V (PNC V cycle)|g__Klebsiella.s__Klebsiella_pneumoniae	394.5292052883
PWY3O-4107: NAD salvage pathway V (PNC V cycle)|unclassified	48.5456574276
PWY-5367: petroselinate biosynthesis	2468.0760959502
PWY-5367: petroselinate biosynthesis|g__Escherichia.s__Escherichia_coli	636.5240980550
PWY-5367: petroselinate biosynthesis|g__Citrobacter.s__Citrobacter_freundii	483.7863578786
PWY-5367: petroselinate biosynthesis|g__Klebsiella.s__Klebsiella_pneumoniae	328.6201964351
PWY-5367: petroselinate biosynthesis|g__Citrobacter.s__Citrobacter_koseri	266.0450775510
PWY-5367: petroselinate biosynthesis|g__Citrobacter.s__Citrobacter_braakii	155.2475419462
PWY-5367: petroselinate biosynthesis|g__Klebsiella.s__Klebsiella_oxytoca	7.9984003887
PWY-5367: petroselinate biosynthesis|g__Escherichia.s__Escherichia_fergusonii	7.1073664180
PWY-6318: L-phenylalanine degradation IV (mammalian, via side chain)	2355.8226546713
PWY-6318: L-phenylalanine degradation IV (mammalian, via side chain)|g__Klebsiella.s__Klebsiella_pneumoniae	382.9110086664
PWY-6318: L-phenylalanine degradation IV (mammalian, via side chain)|g__Escherichia.s__Escherichia_coli	311.5507854698
PWY-6318: L-phenylalanine degradation IV (mammalian, via side chain)|g__Klebsiella.s__Klebsiella_oxytoca	14.8743404252
PWY-6595: superpathway of guanosine nucleotides degradation (plants)	2164.2348191118
PWY-6595: superpathway of guanosine nucleotides degradation (plants)|g__Klebsiella.s__Klebsiella_pneumoniae	176.3601021605
PWY-6595: superpathway of guanosine nucleotides degradation (plants)|unclassified	97.0015274204
THISYNARA-PWY: superpathway of thiamine diphosphate biosynthesis III (eukaryotes)	2159.8133153704
PWY-5156: superpathway of fatty acid biosynthesis II (plant)	2130.7376934188
PWY-6607: guanosine nucleotides degradation I	2120.2602753437
PWY-6607: guanosine nucleotides degradation I|g__Klebsiella.s__Klebsiella_pneumoniae	121.9541639326
PWY-6607: guanosine nucleotides degradation I|unclassified	87.5035089976
GALACTITOLCAT-PWY: galactitol degradation	2106.1408317721
GALACTITOLCAT-PWY: galactitol degradation|g__Escherichia.s__Escherichia_coli	1505.1397691503
GALACTITOLCAT-PWY: galactitol degradation|g__Klebsiella.s__Klebsiella_pneumoniae	621.5657386391
GALACTITOLCAT-PWY: galactitol degradation|g__Lactobacillus.s__Lactobacillus_rhamnosus	145.4087146684
GALACTITOLCAT-PWY: galactitol degradation|g__Klebsiella.s__Klebsiella_oxytoca	37.4295109293
GALACTITOLCAT-PWY: galactitol degradation|unclassified	30.3417233088
PWY-6293: superpathway of L-cysteine biosynthesis (fungi)	2089.7613397882
PWY-6293: superpathway of L-cysteine biosynthesis (fungi)|g__Klebsiella.s__Klebsiella_pneumoniae	424.3163724992
PWY-241: C4 photosynthetic carbon assimilation cycle, NADP-ME type	2083.9741297309
PWY0-461: L-lysine degradation I	2022.8791884653
PWY0-461: L-lysine degradation I|g__Citrobacter.s__Citrobacter_braakii	259.8640401425
PWY0-461: L-lysine degradation I|g__Klebsiella.s__Klebsiella_oxytoca	129.2180698469
PWY0-461: L-lysine degradation I|g__Citrobacter.s__Citrobacter_freundii	105.5010718583
PWY0-461: L-lysine degradation I|g__Citrobacter.s__Citrobacter_koseri	103.0205228546
PWY0-461: L-lysine degradation I|g__Escherichia.s__Escherichia_coli	52.7953685912
PWY0-461: L-lysine degradation I|unclassified	11.0902575166
LPSSYN-PWY: superpathway of lipopolysaccharide biosynthesis	1959.3228775238
LPSSYN-PWY: superpathway of lipopolysaccharide biosynthesis|g__Escherichia.s__Escherichia_coli	552.5293135569
PWY-7294: D-xylose degradation IV	1941.8584219469
KDO-NAGLIPASYN-PWY: superpathway of (Kdo)2-lipid A biosynthesis	1748.6739546172
KDO-NAGLIPASYN-PWY: superpathway of (Kdo)2-lipid A biosynthesis|g__Klebsiella.s__Klebsiella_pneumoniae	338.3251432656
KDO-NAGLIPASYN-PWY: superpathway of (Kdo)2-lipid A biosynthesis|g__Citrobacter.s__Citrobacter_braakii	249.1462795349
KDO-NAGLIPASYN-PWY: superpathway of (Kdo)2-lipid A biosynthesis|g__Escherichia.s__Escherichia_coli	216.6091340759
KDO-NAGLIPASYN-PWY: superpathway of (Kdo)2-lipid A biosynthesis|g__Citrobacter.s__Citrobacter_koseri	189.7042031935
KDO-NAGLIPASYN-PWY: superpathway of (Kdo)2-lipid A biosynthesis|g__Klebsiella.s__Klebsiella_oxytoca	119.5541930669
KDO-NAGLIPASYN-PWY: superpathway of (Kdo)2-lipid A biosynthesis|g__Citrobacter.s__Citrobacter_freundii	110.6209859137
PWY-5088: L-glutamate degradation VIII (to propanoate)	1729.9837998329
PWY-7446: sulfoquinovose degradation I	1671.4395593110
PWY-7446: sulfoquinovose degradation I|g__Klebsiella.s__Klebsiella_pneumoniae	355.4109755691
PWY-7446: sulfoquinovose degradation I|g__Escherichia.s__Escherichia_coli	304.4598225865
PWY-7446: sulfoquinovose degradation I|g__Citrobacter.s__Citrobacter_amalonaticus	268.6432859766
PWY-7446: sulfoquinovose degradation I|g__Citrobacter.s__Citrobacter_koseri	142.7505481828
PWY-7446: sulfoquinovose degradation I|g__Citrobacter.s__Citrobacter_freundii	117.1442779114
PWY-7446: sulfoquinovose degradation I|g__Citrobacter.s__Citrobacter_braakii	7.7677191397
PWY-5005: biotin biosynthesis II	1669.3087088782
PWY-5005: biotin biosynthesis II|g__Veillonella.s__Veillonella_atypica	418.8583529088
PWY-5005: biotin biosynthesis II|unclassified	184.7547514912
PWY-5656: mannosylglycerate biosynthesis I	1622.1005886263
PWY-5656: mannosylglycerate biosynthesis I|g__Escherichia.s__Escherichia_coli	1087.2272546439
P621-PWY: nylon-6 oligomer degradation	1592.2679477668
PWY-5130: 2-oxobutanoate degradation I	1511.5700229310
PWY-5130: 2-oxobutanoate degradation I|g__Veillonella.s__Veillonella_atypica	646.1693777182
PWY-5130: 2-oxobutanoate degradation I|g__Veillonella.s__Veillonella_infantium	21.2595594093
PWY-5130: 2-oxobutanoate degradation I|g__Veillonella.s__Veillonella_dispar	15.1060212502
PWY-5130: 2-oxobutanoate degradation I|g__Veillonella.s__Veillonella_parvula	10.6066740266
PWY-7616: methanol oxidation to carbon dioxide	1491.3776943546
PWY-7616: methanol oxidation to carbon dioxide|g__Klebsiella.s__Klebsiella_pneumoniae	289.4346113637
PWY-6562: norspermidine biosynthesis	1478.8962271907
PWY-5705: allantoin degradation to glyoxylate III	1432.6824211245
PWY-5705: allantoin degradation to glyoxylate III|g__Klebsiella.s__Klebsiella_oxytoca	1116.3686409758
PWY-5705: allantoin degradation to glyoxylate III|g__Escherichia.s__Escherichia_coli	18.4756479508
PWY-7528: L-methionine salvage cycle I (bacteria and plants)	1429.3211193530
PWY-7528: L-methionine salvage cycle I (bacteria and plants)|g__Klebsiella.s__Klebsiella_pneumoniae	515.1544850367
PWY-7528: L-methionine salvage cycle I (bacteria and plants)|g__Klebsiella.s__Klebsiella_oxytoca	122.7851077328
PWY-2221: Entner-Doudoroff pathway III (semi-phosphorylative)	1362.2343575636
PWY-7209: superpathway of pyrimidine ribonucleosides degradation	1308.8162642186
PWY-7209: superpathway of pyrimidine ribonucleosides degradation|g__Escherichia.s__Escherichia_coli	461.9025861886
LACTOSECAT-PWY: lactose and galactose degradation I	1291.4637194374
LACTOSECAT-PWY: lactose and galactose degradation I|g__Lactobacillus.s__Lactobacillus_rhamnosus	309.2060483678
LACTOSECAT-PWY: lactose and galactose degradation I|g__Lactobacillus.s__Lactobacillus_murinus	212.1258584251
LACTOSECAT-PWY: lactose and galactose degradation I|g__Lactococcus.s__Lactococcus_lactis	107.8186161845
PWY-7992: superpathway of menaquinol-8 biosynthesis III	1256.1482212052
PWY-7384: anaerobic energy metabolism (invertebrates, mitochondrial)	1201.0520392317
CARNMET-PWY: L-carnitine degradation I	1186.2754553120
CARNMET-PWY: L-carnitine degradation I|g__Citrobacter.s__Citrobacter_braakii	310.0308046670
CARNMET-PWY: L-carnitine degradation I|g__Citrobacter.s__Citrobacter_freundii	195.6468268979
CARNMET-PWY: L-carnitine degradation I|g__Klebsiella.s__Klebsiella_pneumoniae	140.4921697323
CARNMET-PWY: L-carnitine degradation I|g__Citrobacter.s__Citrobacter_koseri	108.8732913545
CARNMET-PWY: L-carnitine degradation I|g__Escherichia.s__Escherichia_coli	92.5885618290
CARNMET-PWY: L-carnitine degradation I|g__Klebsiella.s__Klebsiella_oxytoca	64.6820298027
PWY-6992: 1,5-anhydrofructose degradation	1139.2239034754
PWY-6992: 1,5-anhydrofructose degradation|g__Escherichia.s__Escherichia_coli	584.4354936488
PWY-6992: 1,5-anhydrofructose degradation|g__Klebsiella.s__Klebsiella_pneumoniae	215.2996455996
PWY-6992: 1,5-anhydrofructose degradation|g__Citrobacter.s__Citrobacter_koseri	110.1673730935
PWY-8086: (S)-lactate fermentation to propanoate, acetate and hydrogen	1048.3639931504
P125-PWY: superpathway of (R,R)-butanediol biosynthesis	1026.7854147982
P125-PWY: superpathway of (R,R)-butanediol biosynthesis|g__Streptococcus.s__Streptococcus_thermophilus	653.3804470093
P125-PWY: superpathway of (R,R)-butanediol biosynthesis|unclassified	12.8301153716
PWY-4361: S-methyl-5-thio-&alpha;-D-ribose 1-phosphate degradation I	844.7098172945
PWY-4361: S-methyl-5-thio-&alpha;-D-ribose 1-phosphate degradation I|g__Klebsiella.s__Klebsiella_pneumoniae	317.4478906130
PWY-4361: S-methyl-5-thio-&alpha;-D-ribose 1-phosphate degradation I|g__Klebsiella.s__Klebsiella_oxytoca	69.2980616784
PWY0-41: allantoin degradation IV (anaerobic)	781.9094077088
PWY0-41: allantoin degradation IV (anaerobic)|g__Escherichia.s__Escherichia_coli	177.2211459643
PWY0-41: allantoin degradation IV (anaerobic)|g__Klebsiella.s__Klebsiella_oxytoca	2.6036533679
PWY-5910: superpathway of geranylgeranyldiphosphate biosynthesis I (via mevalonate)	775.0731630110
PWY-7409: phospholipid remodeling (phosphatidylethanolamine, yeast)	714.9948813535
PWY-7409: phospholipid remodeling (phosphatidylethanolamine, yeast)|g__Klebsiella.s__Klebsiella_pneumoniae	229.8816128920
PWY-7409: phospholipid remodeling (phosphatidylethanolamine, yeast)|g__Klebsiella.s__Klebsiella_oxytoca	62.1520463085
PWY-7409: phospholipid remodeling (phosphatidylethanolamine, yeast)|g__Citrobacter.s__Citrobacter_freundii	9.6983793776
P164-PWY: purine nucleobases degradation I (anaerobic)	655.8282506834
P164-PWY: purine nucleobases degradation I (anaerobic)|unclassified	108.1687872800
P124-PWY: Bifidobacterium shunt	645.1251292158
P124-PWY: Bifidobacterium shunt|g__Lactobacillus.s__Lactobacillus_plantarum	19.5631845218
ALLANTOINDEG-PWY: superpathway of allantoin degradation in yeast	640.8979659009
ALLANTOINDEG-PWY: superpathway of allantoin degradation in yeast|g__Klebsiella.s__Klebsiella_oxytoca	119.4681689041
LIPA-CORESYN-PWY: lipid A-core biosynthesis (E. coli K-12)	640.2864572865
LIPA-CORESYN-PWY: lipid A-core biosynthesis (E. coli K-12)|g__Escherichia.s__Escherichia_coli	583.7774294002
PWY-922: mevalonate pathway I (eukaryotes and bacteria)	576.2339542677
UBISYN-PWY: superpathway of ubiquinol-8 biosynthesis (early decarboxylation)	571.2722823041
UBISYN-PWY: superpathway of ubiquinol-8 biosynthesis (early decarboxylation)|g__Klebsiella.s__Klebsiella_pneumoniae	96.8978732959
PWY-6328: L-lysine degradation X	556.0628753991
PWY-6328: L-lysine degradation X|g__Klebsiella.s__Klebsiella_pneumoniae	414.0157915785
PWY-6328: L-lysine degradation X|g__Klebsiella.s__Klebsiella_oxytoca	129.2180698469
PWY-6328: L-lysine degradation X|g__Escherichia.s__Escherichia_coli	10.3779437840
PWY-6708: ubiquinol-8 biosynthesis (early decarboxylation)	511.0816001730
PWY-6708: ubiquinol-8 biosynthesis (early decarboxylation)|g__Klebsiella.s__Klebsiella_pneumoniae	86.3113293133
P562-PWY: myo-inositol degradation I	504.0911819625
P562-PWY: myo-inositol degradation I|g__Lactobacillus.s__Lactobacillus_rhamnosus	114.8679814317
PWY-7371: 1,4-dihydroxy-6-naphthoate biosynthesis II	503.7349350304
PWY-7371: 1,4-dihydroxy-6-naphthoate biosynthesis II|g__Selenomonas.s__Selenomonas_artemidis	491.2080304610
RUMP-PWY: formaldehyde oxidation I	476.0972416303
PWY-6215: 4-chlorobenzoate degradation	473.8999951486
PWY-6215: 4-chlorobenzoate degradation|g__Escherichia.s__Escherichia_coli	354.6063191454
PWY0-1221: putrescine degradation II	450.1420377023
PWY0-1221: putrescine degradation II|g__Escherichia.s__Escherichia_coli	408.8140336334
PWY0-1221: putrescine degradation II|g__Klebsiella.s__Klebsiella_oxytoca	17.6055359045
PWY0-1221: putrescine degradation II|g__Klebsiella.s__Klebsiella_pneumoniae	3.4234091968
PWY-7874: L-threonate degradation	419.7622379445
PWY-7874: L-threonate degradation|g__Klebsiella.s__Klebsiella_pneumoniae	225.0215279615
PWY-7874: L-threonate degradation|g__Escherichia.s__Escherichia_coli	192.7181685322
PWY66-367: ketogenesis	391.6597952608
PWY-822: fructan biosynthesis	374.1665596718
PWY-822: fructan biosynthesis|g__Streptococcus.s__Streptococcus_thermophilus	374.1665596718
PWY-7805: (aminomethyl)phosphonate degradation	366.8132154769
PWY-7807: glyphosate degradation III	360.3526273176
PWY-6876: isopropanol biosynthesis (engineered)	330.4431761708
PWY-7873: D-erythronate degradation II	322.1301695081
PWY-7873: D-erythronate degradation II|g__Klebsiella.s__Klebsiella_pneumoniae	218.0614508383
PWY-7873: D-erythronate degradation II|g__Escherichia.s__Escherichia_coli	88.7307266793
PWY-7200: superpathway of pyrimidine deoxyribonucleoside salvage	307.7638056562
PWY0-1533: methylphosphonate degradation I	207.7831767569
PWY-8190: L-glutamate degradation XI (reductive Stickland reaction)	191.4780571241
AEROBACTINSYN-PWY: aerobactin biosynthesis	130.1245760472
AEROBACTINSYN-PWY: aerobactin biosynthesis|g__Citrobacter.s__Citrobacter_koseri	89.0364696476
AEROBACTINSYN-PWY: aerobactin biosynthesis|g__Klebsiella.s__Klebsiella_aerogenes	4.4174563082
PWY-7527: L-methionine salvage cycle III	101.6182239401
PWY-5654: 2-amino-3-carboxymuconate semialdehyde degradation to 2-hydroxypentadienoate	93.5296260919
PWY-5654: 2-amino-3-carboxymuconate semialdehyde degradation to 2-hydroxypentadienoate|g__Klebsiella.s__Klebsiella_pneumoniae	84.7296407995
PWY-6210: 2-aminophenol degradation	93.5296260919
PWY-6210: 2-aminophenol degradation|g__Klebsiella.s__Klebsiella_pneumoniae	84.7296407995
PWY-5030: L-histidine degradation III	84.3419044542
DHGLUCONATE-PYR-CAT-PWY: glucose degradation (oxidative)	49.9840751746
PWY-6590: superpathway of Clostridium acetobutylicum acidogenic fermentation	36.5052115191
PWY-5692: allantoin degradation to glyoxylate II	27.3911040228
URDEGR-PWY: superpathway of allantoin degradation in plants	27.3911040228
CENTFERM-PWY: pyruvate fermentation to butanoate	27.3853234811
PWY-1501: mandelate degradation I	25.7099555059
PWY-3781: aerobic respiration I (cytochrome c)	20.3064303573
PWY-3781: aerobic respiration I (cytochrome c)|unclassified	8.4919114225
PWY-7279: aerobic respiration II (cytochrome c) (yeast)	20.2989271631
PWY-7279: aerobic respiration II (cytochrome c) (yeast)|unclassified	13.7583241316
P101-PWY: ectoine biosynthesis	14.1397985518