# Pathway	CRSAFR-001-Cosmic_58_Abundance
UNMAPPED	5578351.3702878226
UNINTEGRATED	20074042.7101496123
UNINTEGRATED|unclassified	2905412.3716528583
UNINTEGRATED|g__Prevotella.s__Prevotella_copri	2371271.6268989053
UNINTEGRATED|g__Faecalibacterium.s__Faecalibacterium_prausnitzii	1635556.8219283721
UNINTEGRATED|g__Bifidobacterium.s__Bifidobacterium_adolescentis	1001036.4049457072
UNINTEGRATED|g__Ruminococcaceae_unclassified.s__Clostridium_leptum	715276.1006053805
UNINTEGRATED|g__Bacteroides.s__Bacteroides_vulgatus	490356.6011828342
UNINTEGRATED|g__Ruminococcus.s__Ruminococcus_bicirculans	476285.1450810229
UNINTEGRATED|g__Blautia.s__Ruminococcus_torques	422797.1903435883
UNINTEGRATED|g__Lachnospiraceae_unclassified.s__Eubacterium_rectale	421926.3854112755
UNINTEGRATED|g__Akkermansia.s__Akkermansia_muciniphila	405965.5501557851
UNINTEGRATED|g__Blautia.s__Blautia_obeum	378788.1948605793
UNINTEGRATED|g__Alistipes.s__Alistipes_finegoldii	295952.7741288839
UNINTEGRATED|g__Anaerostipes.s__Anaerostipes_hadrus	259867.6434113553
UNINTEGRATED|g__Ruminococcus.s__Ruminococcus_callidus	252423.5894289561
UNINTEGRATED|g__Fusicatenibacter.s__Fusicatenibacter_saccharivorans	246907.6621092955
UNINTEGRATED|g__Dorea.s__Dorea_longicatena	233144.2028454748
UNINTEGRATED|g__Barnesiella.s__Barnesiella_intestinihominis	228959.9604601563
UNINTEGRATED|g__Subdoligranulum.s__Subdoligranulum_sp_APC924_74	222224.7099529528
UNINTEGRATED|g__Bacteroides.s__Bacteroides_uniformis	215050.0877301878
UNINTEGRATED|g__Bifidobacterium.s__Bifidobacterium_bifidum	212265.6591093821
UNINTEGRATED|g__Bacteroides.s__Bacteroides_dorei	203137.8547268843
UNINTEGRATED|g__Eubacterium.s__Eubacterium_hallii	201561.5702451096
UNINTEGRATED|g__Blautia.s__Blautia_wexlerae	199162.7924802453
UNINTEGRATED|g__Firmicutes_unclassified.s__Firmicutes_bacterium_CAG_110	196073.9551866994
UNINTEGRATED|g__Gemmiger.s__Gemmiger_formicilis	180453.4001488407
UNINTEGRATED|g__Firmicutes_unclassified.s__Firmicutes_bacterium_CAG_65_45_313	171348.0156412685
UNINTEGRATED|g__Bacteroides.s__Bacteroides_massiliensis	169811.0988937221
UNINTEGRATED|g__Collinsella.s__Collinsella_aerofaciens	157893.4383252950
UNINTEGRATED|g__Phascolarctobacterium.s__Phascolarctobacterium_faecium	155170.5071243575
UNINTEGRATED|g__Bacteroides.s__Bacteroides_caccae	152385.3719528667
UNINTEGRATED|g__Bacteroides.s__Bacteroides_ovatus	150062.1793752285
UNINTEGRATED|g__Lachnospira.s__Lachnospira_pectinoschiza	149130.8014929414
UNINTEGRATED|g__Firmicutes_unclassified.s__Firmicutes_bacterium_AF16_15	149098.0460982386
UNINTEGRATED|g__Parabacteroides.s__Parabacteroides_merdae	136848.3763474482
UNINTEGRATED|g__Roseburia.s__Roseburia_intestinalis	134517.2019215047
UNINTEGRATED|g__Ruminococcus.s__Ruminococcus_sp_CAG_177	123250.6028003298
UNINTEGRATED|g__Clostridium.s__Clostridium_sp_AF36_4	120741.9688221670
UNINTEGRATED|g__Coprococcus.s__Coprococcus_comes	115615.5533421347
UNINTEGRATED|g__Sutterella.s__Sutterella_wadsworthensis	114871.4174873565
UNINTEGRATED|g__Roseburia.s__Roseburia_faecis	110205.8821316551
UNINTEGRATED|g__Bacteroides.s__Bacteroides_fragilis	109300.5174979249
UNINTEGRATED|g__Roseburia.s__Roseburia_sp_CAG_380	100210.4078811312
UNINTEGRATED|g__Dorea.s__Dorea_formicigenerans	91524.2313081684
UNINTEGRATED|g__Bacteroides.s__Bacteroides_cellulosilyticus	90653.4664306735
UNINTEGRATED|g__Roseburia.s__Roseburia_inulinivorans	86344.4946757676
UNINTEGRATED|g__Parabacteroides.s__Parabacteroides_distasonis	85101.3392563016
UNINTEGRATED|g__Bifidobacterium.s__Bifidobacterium_longum	81988.3450735205
UNINTEGRATED|g__Blautia.s__Blautia_sp	67576.5190709880
UNINTEGRATED|g__Eubacterium.s__Eubacterium_ventriosum	62700.5054019941
UNINTEGRATED|g__Clostridium.s__Clostridium_sp_CAG_75	61684.7285458388
UNINTEGRATED|g__Agathobaculum.s__Agathobaculum_butyriciproducens	55855.8193510440
UNINTEGRATED|g__Roseburia.s__Roseburia_hominis	55607.2804875731
UNINTEGRATED|g__Coprococcus.s__Coprococcus_catus	53555.8499026470
UNINTEGRATED|g__Eisenbergiella.s__Eisenbergiella_tayi	52718.6013302813
UNINTEGRATED|g__Bacteroides.s__Bacteroides_faecis	50570.7688838788
UNINTEGRATED|g__Blautia.s__Blautia_sp_CAG_52	48263.6020428356
UNINTEGRATED|g__Bacteroides.s__Bacteroides_intestinalis	47777.4653830121
UNINTEGRATED|g__Clostridiales_unclassified.s__Clostridiales_bacterium_KLE1615	47224.8865158826
UNINTEGRATED|g__Odoribacter.s__Odoribacter_splanchnicus	43610.6735465291
UNINTEGRATED|g__Alistipes.s__Alistipes_onderdonkii	42136.9267045011
UNINTEGRATED|g__Blautia.s__Blautia_sp_AF19_10LB	40810.5228439335
UNINTEGRATED|g__Firmicutes_unclassified.s__Firmicutes_bacterium_CAG_114	40391.2230304276
UNINTEGRATED|g__Eubacterium.s__Eubacterium_sp_CAG_251	40326.9128509418
UNINTEGRATED|g__Lachnoclostridium.s__Clostridium_citroniae	39191.4233338972
UNINTEGRATED|g__Firmicutes_unclassified.s__Firmicutes_bacterium_CAG_41	37886.2021862723
UNINTEGRATED|g__Anaerotruncus.s__Anaerotruncus_colihominis	37174.2356934900
UNINTEGRATED|g__Eubacterium.s__Eubacterium_ramulus	36035.0869581006
UNINTEGRATED|g__Alistipes.s__Alistipes_indistinctus	35271.7668289611
UNINTEGRATED|g__Ruthenibacterium.s__Ruthenibacterium_lactatiformans	33718.1211309412
UNINTEGRATED|g__Bacteroides.s__Bacteroides_salyersiae	28667.0237416504
UNINTEGRATED|g__Senegalimassilia.s__Senegalimassilia_anaerobia	28625.2648608353
UNINTEGRATED|g__Clostridium.s__Clostridium_sp_AM22_11AC	26057.6344332801
UNINTEGRATED|g__Eubacterium.s__Eubacterium_sp_36_13	25091.8665987427
UNINTEGRATED|g__Oscillibacter.s__Oscillibacter_sp_57_20	23146.0061742236
UNINTEGRATED|g__Butyricimonas.s__Butyricimonas_synergistica	22964.8152167411
UNINTEGRATED|g__Prevotella.s__Prevotella_sp_CAG_485	21652.5595636194
UNINTEGRATED|g__Streptococcus.s__Streptococcus_thermophilus	18724.4179693459
UNINTEGRATED|g__Bacteroides.s__Bacteroides_sp_CAG_144	18138.8321056575
UNINTEGRATED|g__Bilophila.s__Bilophila_wadsworthia	17332.2005982088
UNINTEGRATED|g__Intestinimonas.s__Intestinimonas_butyriciproducens	16725.6012182095
UNINTEGRATED|g__Alistipes.s__Alistipes_shahii	16668.1960344022
UNINTEGRATED|g__Flavonifractor.s__Flavonifractor_plautii	16124.0205174731
UNINTEGRATED|g__Eubacterium.s__Eubacterium_sp_AF17_7	15595.8533813273
UNINTEGRATED|g__Intestinibacter.s__Intestinibacter_bartlettii	15465.9308404082
UNINTEGRATED|g__Erysipelatoclostridium.s__Clostridium_innocuum	15084.5056602350
UNINTEGRATED|g__Lawsonibacter.s__Lawsonibacter_asaccharolyticus	14786.4629097960
UNINTEGRATED|g__Streptococcus.s__Streptococcus_salivarius	13861.6541157958
UNINTEGRATED|g__Asaccharobacter.s__Asaccharobacter_celatus	13177.1186218061
UNINTEGRATED|g__Butyricimonas.s__Butyricimonas_virosa	10719.7775610361
UNINTEGRATED|g__Streptococcus.s__Streptococcus_pneumoniae	9580.3390003397
UNINTEGRATED|g__Dorea.s__Dorea_sp_OM02_2LB	9142.8570405743
UNINTEGRATED|g__Anaeromassilibacillus.s__Anaeromassilibacillus_sp_An250	9039.9491897932
UNINTEGRATED|g__Firmicutes_unclassified.s__Firmicutes_bacterium_CAG_145	8844.8105692389
UNINTEGRATED|g__Streptococcus.s__Streptococcus_parasanguinis	8763.9156433764
UNINTEGRATED|g__Eggerthella.s__Eggerthella_sp_CAG_298	8698.2736883781
UNINTEGRATED|g__Slackia.s__Slackia_isoflavoniconvertens	7278.3113438954
UNINTEGRATED|g__Firmicutes_unclassified.s__Firmicutes_bacterium_CAG_94	7084.5784627642
UNINTEGRATED|g__Turicibacter.s__Turicibacter_sanguinis	6735.4645476756
UNINTEGRATED|g__Adlercreutzia.s__Adlercreutzia_equolifaciens	6050.9244960346
UNINTEGRATED|g__Victivallales_unclassified.s__Victivallales_bacterium_CCUG_44730	5316.9266426254
UNINTEGRATED|g__Parasutterella.s__Parasutterella_excrementihominis	5295.1102306253
UNINTEGRATED|g__Clostridium.s__Clostridium_sp_CAG_230	4914.9624809525
UNINTEGRATED|g__Victivallis.s__Victivallis_vadensis	4689.2945709932
UNINTEGRATED|g__Klebsiella.s__Klebsiella_oxytoca	4358.4155902566
UNINTEGRATED|g__Coprobacter.s__Coprobacter_secundus	4356.6567684256
UNINTEGRATED|g__Eubacterium.s__Eubacterium_sp_CAG_38	4268.9372317273
UNINTEGRATED|g__Raoultella.s__Raoultella_planticola	3433.7215808076
UNINTEGRATED|g__Lentisphaerae_unclassified.s__Lentisphaerae_bacterium	3205.0724497448
UNINTEGRATED|g__Veillonella.s__Veillonella_atypica	2082.2480075672
UNINTEGRATED|g__Eubacterium.s__Eubacterium_maltosivorans	1450.4105507893
UNINTEGRATED|g__Eubacterium.s__Eubacterium_limosum	976.3514737580
PWY-7238: sucrose biosynthesis II	21943.4993718999
PWY-7238: sucrose biosynthesis II|unclassified	4649.0737177551
PWY-7238: sucrose biosynthesis II|g__Faecalibacterium.s__Faecalibacterium_prausnitzii	2940.3148031690
PWY-7238: sucrose biosynthesis II|g__Bifidobacterium.s__Bifidobacterium_adolescentis	1574.5260504377
PWY-7238: sucrose biosynthesis II|g__Ruminococcaceae_unclassified.s__Clostridium_leptum	904.7389079083
PWY-7238: sucrose biosynthesis II|g__Blautia.s__Ruminococcus_torques	810.5338170695
PWY-7238: sucrose biosynthesis II|g__Ruminococcus.s__Ruminococcus_bicirculans	795.4603235943
PWY-7238: sucrose biosynthesis II|g__Blautia.s__Blautia_obeum	614.9777649145
PWY-7238: sucrose biosynthesis II|g__Lachnospiraceae_unclassified.s__Eubacterium_rectale	509.1948719009
PWY-7238: sucrose biosynthesis II|g__Firmicutes_unclassified.s__Firmicutes_bacterium_CAG_65_45_313	481.1665166476
PWY-7238: sucrose biosynthesis II|g__Subdoligranulum.s__Subdoligranulum_sp_APC924_74	467.3120886788
PWY-7238: sucrose biosynthesis II|g__Blautia.s__Blautia_wexlerae	403.5860321022
PWY-7238: sucrose biosynthesis II|g__Gemmiger.s__Gemmiger_formicilis	386.2604289727
PWY-7238: sucrose biosynthesis II|g__Anaerostipes.s__Anaerostipes_hadrus	366.0932901849
PWY-7238: sucrose biosynthesis II|g__Collinsella.s__Collinsella_aerofaciens	359.1339765102
PWY-7238: sucrose biosynthesis II|g__Fusicatenibacter.s__Fusicatenibacter_saccharivorans	319.4692676071
PWY-7238: sucrose biosynthesis II|g__Firmicutes_unclassified.s__Firmicutes_bacterium_CAG_110	299.7140473413
PWY-7238: sucrose biosynthesis II|g__Roseburia.s__Roseburia_sp_CAG_380	273.1011732220
PWY-7238: sucrose biosynthesis II|g__Dorea.s__Dorea_longicatena	263.4962752164
PWY-7238: sucrose biosynthesis II|g__Eubacterium.s__Eubacterium_hallii	254.4847867511
PWY-7238: sucrose biosynthesis II|g__Ruminococcus.s__Ruminococcus_callidus	230.2949737651
PWY-7238: sucrose biosynthesis II|g__Firmicutes_unclassified.s__Firmicutes_bacterium_AF16_15	195.4185272397
PWY-7238: sucrose biosynthesis II|g__Lachnospira.s__Lachnospira_pectinoschiza	181.6648815499
PWY-7238: sucrose biosynthesis II|g__Eubacterium.s__Eubacterium_sp_CAG_251	181.4453450876
PWY-7238: sucrose biosynthesis II|g__Clostridium.s__Clostridium_sp_AF36_4	171.3311638073
PWY-7238: sucrose biosynthesis II|g__Bifidobacterium.s__Bifidobacterium_bifidum	168.3151865106
PWY-7238: sucrose biosynthesis II|g__Roseburia.s__Roseburia_faecis	161.4974978045
PWY-7238: sucrose biosynthesis II|g__Blautia.s__Blautia_sp_CAG_52	134.3893722952
PWY-7238: sucrose biosynthesis II|g__Bacteroides.s__Bacteroides_uniformis	103.2542463863
PWY-7238: sucrose biosynthesis II|g__Blautia.s__Blautia_sp	91.0915111174
PWY-7238: sucrose biosynthesis II|g__Bifidobacterium.s__Bifidobacterium_longum	84.9405375591
PWY-7238: sucrose biosynthesis II|g__Alistipes.s__Alistipes_shahii	75.7537909478
PWY-7238: sucrose biosynthesis II|g__Bacteroides.s__Bacteroides_cellulosilyticus	73.5375231491
PWY-7238: sucrose biosynthesis II|g__Roseburia.s__Roseburia_intestinalis	71.3645450944
PWY-7238: sucrose biosynthesis II|g__Clostridium.s__Clostridium_sp_CAG_75	70.6063464931
PWY-7238: sucrose biosynthesis II|g__Agathobaculum.s__Agathobaculum_butyriciproducens	65.5589604653
PWY-7238: sucrose biosynthesis II|g__Coprococcus.s__Coprococcus_catus	59.5977851526
PWY-7238: sucrose biosynthesis II|g__Coprococcus.s__Coprococcus_comes	58.7461250453
PWY-7238: sucrose biosynthesis II|g__Dorea.s__Dorea_formicigenerans	57.1389234257
PWY-7238: sucrose biosynthesis II|g__Clostridiales_unclassified.s__Clostridiales_bacterium_KLE1615	56.6720932392
PWY-7238: sucrose biosynthesis II|g__Firmicutes_unclassified.s__Firmicutes_bacterium_CAG_41	51.6431974110
PWY-7238: sucrose biosynthesis II|g__Ruthenibacterium.s__Ruthenibacterium_lactatiformans	49.6871919645
PWY-7238: sucrose biosynthesis II|g__Blautia.s__Blautia_sp_AF19_10LB	40.0302040184
PWY-7238: sucrose biosynthesis II|g__Intestinibacter.s__Intestinibacter_bartlettii	32.4277787990
PWY-7238: sucrose biosynthesis II|g__Roseburia.s__Roseburia_hominis	26.3839928432
PWY-7238: sucrose biosynthesis II|g__Roseburia.s__Roseburia_inulinivorans	24.9043933607
PWY-7238: sucrose biosynthesis II|g__Bacteroides.s__Bacteroides_faecis	21.4350807673
PWY-7238: sucrose biosynthesis II|g__Eubacterium.s__Eubacterium_ramulus	20.5365753122
PWY-7238: sucrose biosynthesis II|g__Bacteroides.s__Bacteroides_intestinalis	19.6620079864
PWY-7238: sucrose biosynthesis II|g__Firmicutes_unclassified.s__Firmicutes_bacterium_CAG_94	16.8249963217
PWY-7238: sucrose biosynthesis II|g__Streptococcus.s__Streptococcus_pneumoniae	13.5717907295
PWY-7238: sucrose biosynthesis II|g__Eubacterium.s__Eubacterium_sp_AF17_7	13.4197634565
PWY-7238: sucrose biosynthesis II|g__Lawsonibacter.s__Lawsonibacter_asaccharolyticus	11.0631162484
PWY-7238: sucrose biosynthesis II|g__Clostridium.s__Clostridium_sp_AM22_11AC	10.6742287091
PWY-7238: sucrose biosynthesis II|g__Anaeromassilibacillus.s__Anaeromassilibacillus_sp_An250	8.3228504139
PWY-7238: sucrose biosynthesis II|g__Eubacterium.s__Eubacterium_sp_CAG_38	7.3282578681
PWY-7238: sucrose biosynthesis II|g__Streptococcus.s__Streptococcus_thermophilus	6.1504333733
PWY-7238: sucrose biosynthesis II|g__Eisenbergiella.s__Eisenbergiella_tayi	5.9024335906
PWY-7238: sucrose biosynthesis II|g__Streptococcus.s__Streptococcus_salivarius	1.3836986493
PWY-1042: glycolysis IV	19209.2281690522
PWY-1042: glycolysis IV|unclassified	3085.5815198983
PWY-1042: glycolysis IV|g__Prevotella.s__Prevotella_copri	1804.9633764530
PWY-1042: glycolysis IV|g__Faecalibacterium.s__Faecalibacterium_prausnitzii	1674.2667852655
PWY-1042: glycolysis IV|g__Ruminococcus.s__Ruminococcus_bicirculans	633.8573795206
PWY-1042: glycolysis IV|g__Blautia.s__Ruminococcus_torques	544.2550316638
PWY-1042: glycolysis IV|g__Anaerostipes.s__Anaerostipes_hadrus	522.9755185557
PWY-1042: glycolysis IV|g__Bacteroides.s__Bacteroides_vulgatus	384.2925249246
PWY-1042: glycolysis IV|g__Bacteroides.s__Bacteroides_massiliensis	297.1423709215
PWY-1042: glycolysis IV|g__Lachnospiraceae_unclassified.s__Eubacterium_rectale	276.8527385981
PWY-1042: glycolysis IV|g__Eubacterium.s__Eubacterium_hallii	253.5409352977
PWY-1042: glycolysis IV|g__Fusicatenibacter.s__Fusicatenibacter_saccharivorans	251.6267335011
PWY-1042: glycolysis IV|g__Blautia.s__Blautia_wexlerae	228.8358961659
PWY-1042: glycolysis IV|g__Collinsella.s__Collinsella_aerofaciens	214.8885668526
PWY-1042: glycolysis IV|g__Roseburia.s__Roseburia_sp_CAG_380	196.4381736673
PWY-1042: glycolysis IV|g__Bacteroides.s__Bacteroides_dorei	176.7767035802
PWY-1042: glycolysis IV|g__Blautia.s__Blautia_sp	151.2408052389
PWY-1042: glycolysis IV|g__Dorea.s__Dorea_longicatena	139.8435786219
PWY-1042: glycolysis IV|g__Blautia.s__Blautia_obeum	136.8503036976
PWY-1042: glycolysis IV|g__Clostridium.s__Clostridium_sp_AF36_4	134.0031385467
PWY-1042: glycolysis IV|g__Roseburia.s__Roseburia_faecis	126.2873448089
PWY-1042: glycolysis IV|g__Bacteroides.s__Bacteroides_caccae	107.3495344877
PWY-1042: glycolysis IV|g__Blautia.s__Blautia_sp_CAG_52	84.9661034490
PWY-1042: glycolysis IV|g__Coprococcus.s__Coprococcus_catus	76.9066543205
PWY-1042: glycolysis IV|g__Alistipes.s__Alistipes_shahii	67.0217748182
PWY-1042: glycolysis IV|g__Coprococcus.s__Coprococcus_comes	62.7515317000
PWY-1042: glycolysis IV|g__Roseburia.s__Roseburia_intestinalis	60.1518352667
PWY-1042: glycolysis IV|g__Agathobaculum.s__Agathobaculum_butyriciproducens	57.5571315453
PWY-1042: glycolysis IV|g__Blautia.s__Blautia_sp_AF19_10LB	50.2780305737
PWY-1042: glycolysis IV|g__Dorea.s__Dorea_formicigenerans	35.8600447686
PWY-1042: glycolysis IV|g__Streptococcus.s__Streptococcus_thermophilus	33.3235441840
PWY-1042: glycolysis IV|g__Roseburia.s__Roseburia_hominis	26.9334302927
PWY-1042: glycolysis IV|g__Bacteroides.s__Bacteroides_salyersiae	26.6223600843
PWY-1042: glycolysis IV|g__Clostridium.s__Clostridium_sp_AM22_11AC	25.5829131005
PWY-1042: glycolysis IV|g__Bacteroides.s__Bacteroides_cellulosilyticus	23.1828781151
PWY-1042: glycolysis IV|g__Intestinibacter.s__Intestinibacter_bartlettii	23.0079288486
PWY-1042: glycolysis IV|g__Streptococcus.s__Streptococcus_parasanguinis	15.9053565609
PWY-1042: glycolysis IV|g__Eubacterium.s__Eubacterium_sp_AF17_7	11.1446754272
PWY-1042: glycolysis IV|g__Streptococcus.s__Streptococcus_pneumoniae	10.9147519364
PWY-1042: glycolysis IV|g__Streptococcus.s__Streptococcus_salivarius	9.3306515510
PWY-1042: glycolysis IV|g__Bacteroides.s__Bacteroides_fragilis	8.7365470166
PWY-1042: glycolysis IV|g__Butyricimonas.s__Butyricimonas_virosa	4.4579354351
PWY-5686: UMP biosynthesis I	18430.0028666799
PWY-5686: UMP biosynthesis I|unclassified	3467.0563305933
PWY-5686: UMP biosynthesis I|g__Faecalibacterium.s__Faecalibacterium_prausnitzii	1654.0058062301
PWY-5686: UMP biosynthesis I|g__Prevotella.s__Prevotella_copri	1351.7171735815
PWY-5686: UMP biosynthesis I|g__Bifidobacterium.s__Bifidobacterium_adolescentis	1057.3057789324
PWY-5686: UMP biosynthesis I|g__Ruminococcus.s__Ruminococcus_bicirculans	591.4517064177
PWY-5686: UMP biosynthesis I|g__Blautia.s__Ruminococcus_torques	518.9438751150
PWY-5686: UMP biosynthesis I|g__Akkermansia.s__Akkermansia_muciniphila	455.3633705125
PWY-5686: UMP biosynthesis I|g__Alistipes.s__Alistipes_finegoldii	375.3407179714
PWY-5686: UMP biosynthesis I|g__Ruminococcaceae_unclassified.s__Clostridium_leptum	344.1740525592
PWY-5686: UMP biosynthesis I|g__Barnesiella.s__Barnesiella_intestinihominis	327.2337356722
PWY-5686: UMP biosynthesis I|g__Blautia.s__Blautia_wexlerae	296.0209973353
PWY-5686: UMP biosynthesis I|g__Bacteroides.s__Bacteroides_vulgatus	286.9985096534
PWY-5686: UMP biosynthesis I|g__Firmicutes_unclassified.s__Firmicutes_bacterium_CAG_65_45_313	275.7821031968
PWY-5686: UMP biosynthesis I|g__Anaerostipes.s__Anaerostipes_hadrus	241.9180247349
PWY-5686: UMP biosynthesis I|g__Firmicutes_unclassified.s__Firmicutes_bacterium_CAG_110	240.9468674764
PWY-5686: UMP biosynthesis I|g__Ruminococcus.s__Ruminococcus_sp_CAG_177	231.3403945794
PWY-5686: UMP biosynthesis I|g__Gemmiger.s__Gemmiger_formicilis	230.7488469162
PWY-5686: UMP biosynthesis I|g__Lachnospiraceae_unclassified.s__Eubacterium_rectale	230.2067877188
PWY-5686: UMP biosynthesis I|g__Collinsella.s__Collinsella_aerofaciens	228.4101387759
PWY-5686: UMP biosynthesis I|g__Fusicatenibacter.s__Fusicatenibacter_saccharivorans	227.9934783208
PWY-5686: UMP biosynthesis I|g__Phascolarctobacterium.s__Phascolarctobacterium_faecium	204.8067474229
PWY-5686: UMP biosynthesis I|g__Bacteroides.s__Bacteroides_massiliensis	175.8213276837
PWY-5686: UMP biosynthesis I|g__Bifidobacterium.s__Bifidobacterium_bifidum	154.5357579230
PWY-5686: UMP biosynthesis I|g__Lachnospira.s__Lachnospira_pectinoschiza	153.7057344497
PWY-5686: UMP biosynthesis I|g__Firmicutes_unclassified.s__Firmicutes_bacterium_AF16_15	151.4344192735
PWY-5686: UMP biosynthesis I|g__Bacteroides.s__Bacteroides_dorei	132.7433664049
PWY-5686: UMP biosynthesis I|g__Dorea.s__Dorea_longicatena	122.8992746595
PWY-5686: UMP biosynthesis I|g__Clostridium.s__Clostridium_sp_AF36_4	121.0401051997
PWY-5686: UMP biosynthesis I|g__Roseburia.s__Roseburia_sp_CAG_380	106.2363432522
PWY-5686: UMP biosynthesis I|g__Eubacterium.s__Eubacterium_hallii	106.1440728392
PWY-5686: UMP biosynthesis I|g__Blautia.s__Blautia_obeum	97.9585363167
PWY-5686: UMP biosynthesis I|g__Roseburia.s__Roseburia_faecis	94.4778893992
PWY-5686: UMP biosynthesis I|g__Blautia.s__Blautia_sp	87.2872472895
PWY-5686: UMP biosynthesis I|g__Eubacterium.s__Eubacterium_sp_CAG_251	85.0691774172
PWY-5686: UMP biosynthesis I|g__Bacteroides.s__Bacteroides_uniformis	82.1034291698
PWY-5686: UMP biosynthesis I|g__Bacteroides.s__Bacteroides_caccae	77.9493508728
PWY-5686: UMP biosynthesis I|g__Oscillibacter.s__Oscillibacter_sp_57_20	74.8929092328
PWY-5686: UMP biosynthesis I|g__Clostridium.s__Clostridium_sp_CAG_75	70.5028408196
PWY-5686: UMP biosynthesis I|g__Alistipes.s__Alistipes_indistinctus	67.6157823060
PWY-5686: UMP biosynthesis I|g__Coprococcus.s__Coprococcus_catus	59.9796096736
PWY-5686: UMP biosynthesis I|g__Parabacteroides.s__Parabacteroides_merdae	59.5885748574
PWY-5686: UMP biosynthesis I|g__Bacteroides.s__Bacteroides_ovatus	52.4989456992
PWY-5686: UMP biosynthesis I|g__Firmicutes_unclassified.s__Firmicutes_bacterium_CAG_41	52.1255559257
PWY-5686: UMP biosynthesis I|g__Agathobaculum.s__Agathobaculum_butyriciproducens	48.3512731136
PWY-5686: UMP biosynthesis I|g__Blautia.s__Blautia_sp_CAG_52	48.2374698720
PWY-5686: UMP biosynthesis I|g__Coprococcus.s__Coprococcus_comes	48.0793317807
PWY-5686: UMP biosynthesis I|g__Senegalimassilia.s__Senegalimassilia_anaerobia	46.5992781491
PWY-5686: UMP biosynthesis I|g__Roseburia.s__Roseburia_intestinalis	44.3065297075
PWY-5686: UMP biosynthesis I|g__Eubacterium.s__Eubacterium_sp_36_13	43.9915225418
PWY-5686: UMP biosynthesis I|g__Parabacteroides.s__Parabacteroides_distasonis	38.8345832816
PWY-5686: UMP biosynthesis I|g__Blautia.s__Blautia_sp_AF19_10LB	37.7325709482
PWY-5686: UMP biosynthesis I|g__Bacteroides.s__Bacteroides_faecis	35.8002170837
PWY-5686: UMP biosynthesis I|g__Bacteroides.s__Bacteroides_cellulosilyticus	35.4111578568
PWY-5686: UMP biosynthesis I|g__Dorea.s__Dorea_formicigenerans	34.2602880594
PWY-5686: UMP biosynthesis I|g__Firmicutes_unclassified.s__Firmicutes_bacterium_CAG_114	33.9250215309
PWY-5686: UMP biosynthesis I|g__Roseburia.s__Roseburia_hominis	27.9941035711
PWY-5686: UMP biosynthesis I|g__Clostridium.s__Clostridium_sp_AM22_11AC	24.2476790977
PWY-5686: UMP biosynthesis I|g__Clostridiales_unclassified.s__Clostridiales_bacterium_KLE1615	24.0324720333
PWY-5686: UMP biosynthesis I|g__Ruthenibacterium.s__Ruthenibacterium_lactatiformans	19.1139458666
PWY-5686: UMP biosynthesis I|g__Bacteroides.s__Bacteroides_salyersiae	16.8286645550
PWY-5686: UMP biosynthesis I|g__Odoribacter.s__Odoribacter_splanchnicus	16.0338709912
PWY-5686: UMP biosynthesis I|g__Adlercreutzia.s__Adlercreutzia_equolifaciens	15.6539733817
PWY-5686: UMP biosynthesis I|g__Firmicutes_unclassified.s__Firmicutes_bacterium_CAG_94	15.2852497657
PWY-5686: UMP biosynthesis I|g__Intestinibacter.s__Intestinibacter_bartlettii	14.4569572184
PWY-5686: UMP biosynthesis I|g__Alistipes.s__Alistipes_onderdonkii	14.1443503772
PWY-5686: UMP biosynthesis I|g__Bacteroides.s__Bacteroides_sp_CAG_144	14.0945886760
PWY-5686: UMP biosynthesis I|g__Bacteroides.s__Bacteroides_fragilis	12.5026878282
PWY-5686: UMP biosynthesis I|g__Bilophila.s__Bilophila_wadsworthia	12.4953545004
PWY-5686: UMP biosynthesis I|g__Asaccharobacter.s__Asaccharobacter_celatus	11.0821288220
PWY-5686: UMP biosynthesis I|g__Streptococcus.s__Streptococcus_parasanguinis	10.0063243332
PWY-5686: UMP biosynthesis I|g__Streptococcus.s__Streptococcus_thermophilus	8.5362872045
PWY-5686: UMP biosynthesis I|g__Roseburia.s__Roseburia_inulinivorans	7.5995305388
PWY-5686: UMP biosynthesis I|g__Streptococcus.s__Streptococcus_salivarius	7.4929172755
PWY-5686: UMP biosynthesis I|g__Lentisphaerae_unclassified.s__Lentisphaerae_bacterium	6.2136509627
PWY-5686: UMP biosynthesis I|g__Victivallis.s__Victivallis_vadensis	4.8965424243
PWY-7790: UMP biosynthesis II	18430.0028666799
PWY-7790: UMP biosynthesis II|unclassified	3467.0563305933
PWY-7790: UMP biosynthesis II|g__Faecalibacterium.s__Faecalibacterium_prausnitzii	1654.0058062301
PWY-7790: UMP biosynthesis II|g__Prevotella.s__Prevotella_copri	1351.7171735815
PWY-7790: UMP biosynthesis II|g__Bifidobacterium.s__Bifidobacterium_adolescentis	1082.3457444453
PWY-7790: UMP biosynthesis II|g__Ruminococcus.s__Ruminococcus_bicirculans	591.4517064177
PWY-7790: UMP biosynthesis II|g__Blautia.s__Ruminococcus_torques	518.9438751150
PWY-7790: UMP biosynthesis II|g__Akkermansia.s__Akkermansia_muciniphila	455.3633705125
PWY-7790: UMP biosynthesis II|g__Alistipes.s__Alistipes_finegoldii	368.4202180001
PWY-7790: UMP biosynthesis II|g__Ruminococcaceae_unclassified.s__Clostridium_leptum	344.1740525592
PWY-7790: UMP biosynthesis II|g__Barnesiella.s__Barnesiella_intestinihominis	327.2337356722
PWY-7790: UMP biosynthesis II|g__Blautia.s__Blautia_wexlerae	296.0209973353
PWY-7790: UMP biosynthesis II|g__Bacteroides.s__Bacteroides_vulgatus	286.9985096534
PWY-7790: UMP biosynthesis II|g__Firmicutes_unclassified.s__Firmicutes_bacterium_CAG_65_45_313	275.7821031968
PWY-7790: UMP biosynthesis II|g__Anaerostipes.s__Anaerostipes_hadrus	241.9180247349
PWY-7790: UMP biosynthesis II|g__Firmicutes_unclassified.s__Firmicutes_bacterium_CAG_110	240.9468674764
PWY-7790: UMP biosynthesis II|g__Ruminococcus.s__Ruminococcus_sp_CAG_177	231.3403945794
PWY-7790: UMP biosynthesis II|g__Gemmiger.s__Gemmiger_formicilis	230.7488469162
PWY-7790: UMP biosynthesis II|g__Lachnospiraceae_unclassified.s__Eubacterium_rectale	230.2067877188
PWY-7790: UMP biosynthesis II|g__Collinsella.s__Collinsella_aerofaciens	228.4101387759
PWY-7790: UMP biosynthesis II|g__Fusicatenibacter.s__Fusicatenibacter_saccharivorans	227.9934783208
PWY-7790: UMP biosynthesis II|g__Phascolarctobacterium.s__Phascolarctobacterium_faecium	204.8067474229
PWY-7790: UMP biosynthesis II|g__Bacteroides.s__Bacteroides_massiliensis	175.8213276837
PWY-7790: UMP biosynthesis II|g__Lachnospira.s__Lachnospira_pectinoschiza	153.7057344497
PWY-7790: UMP biosynthesis II|g__Firmicutes_unclassified.s__Firmicutes_bacterium_AF16_15	151.4344192735
PWY-7790: UMP biosynthesis II|g__Bifidobacterium.s__Bifidobacterium_bifidum	150.8428174299
PWY-7790: UMP biosynthesis II|g__Bacteroides.s__Bacteroides_dorei	132.7433664049
PWY-7790: UMP biosynthesis II|g__Dorea.s__Dorea_longicatena	122.8992746595
PWY-7790: UMP biosynthesis II|g__Clostridium.s__Clostridium_sp_AF36_4	121.0401051997
PWY-7790: UMP biosynthesis II|g__Roseburia.s__Roseburia_sp_CAG_380	106.2363432522
PWY-7790: UMP biosynthesis II|g__Eubacterium.s__Eubacterium_hallii	106.1440728392
PWY-7790: UMP biosynthesis II|g__Blautia.s__Blautia_obeum	97.9585363167
PWY-7790: UMP biosynthesis II|g__Roseburia.s__Roseburia_faecis	94.4778893992
PWY-7790: UMP biosynthesis II|g__Blautia.s__Blautia_sp	87.2872472895
PWY-7790: UMP biosynthesis II|g__Eubacterium.s__Eubacterium_sp_CAG_251	85.0691774172
PWY-7790: UMP biosynthesis II|g__Bacteroides.s__Bacteroides_uniformis	82.1034291698
PWY-7790: UMP biosynthesis II|g__Bacteroides.s__Bacteroides_caccae	80.0087630176
PWY-7790: UMP biosynthesis II|g__Oscillibacter.s__Oscillibacter_sp_57_20	74.8929092328
PWY-7790: UMP biosynthesis II|g__Clostridium.s__Clostridium_sp_CAG_75	70.5028408196
PWY-7790: UMP biosynthesis II|g__Bacteroides.s__Bacteroides_ovatus	62.7443636159
PWY-7790: UMP biosynthesis II|g__Coprococcus.s__Coprococcus_catus	59.9796096736
PWY-7790: UMP biosynthesis II|g__Parabacteroides.s__Parabacteroides_merdae	59.5885748574
PWY-7790: UMP biosynthesis II|g__Alistipes.s__Alistipes_indistinctus	53.3524166769
PWY-7790: UMP biosynthesis II|g__Firmicutes_unclassified.s__Firmicutes_bacterium_CAG_41	52.1255559257
PWY-7790: UMP biosynthesis II|g__Agathobaculum.s__Agathobaculum_butyriciproducens	48.3512731136
PWY-7790: UMP biosynthesis II|g__Blautia.s__Blautia_sp_CAG_52	48.2374698720
PWY-7790: UMP biosynthesis II|g__Coprococcus.s__Coprococcus_comes	48.0793317807
PWY-7790: UMP biosynthesis II|g__Senegalimassilia.s__Senegalimassilia_anaerobia	46.5992781491
PWY-7790: UMP biosynthesis II|g__Roseburia.s__Roseburia_intestinalis	44.3065297075
PWY-7790: UMP biosynthesis II|g__Eubacterium.s__Eubacterium_sp_36_13	43.9915225418
PWY-7790: UMP biosynthesis II|g__Parabacteroides.s__Parabacteroides_distasonis	38.8345832816
PWY-7790: UMP biosynthesis II|g__Blautia.s__Blautia_sp_AF19_10LB	37.7325709482
PWY-7790: UMP biosynthesis II|g__Bacteroides.s__Bacteroides_faecis	35.8002170837
PWY-7790: UMP biosynthesis II|g__Bacteroides.s__Bacteroides_cellulosilyticus	35.4111578568
PWY-7790: UMP biosynthesis II|g__Dorea.s__Dorea_formicigenerans	34.2602880594
PWY-7790: UMP biosynthesis II|g__Firmicutes_unclassified.s__Firmicutes_bacterium_CAG_114	33.9250215309
PWY-7790: UMP biosynthesis II|g__Roseburia.s__Roseburia_hominis	27.9941035711
PWY-7790: UMP biosynthesis II|g__Clostridium.s__Clostridium_sp_AM22_11AC	24.2476790977
PWY-7790: UMP biosynthesis II|g__Clostridiales_unclassified.s__Clostridiales_bacterium_KLE1615	24.0324720333
PWY-7790: UMP biosynthesis II|g__Ruthenibacterium.s__Ruthenibacterium_lactatiformans	19.1139458666
PWY-7790: UMP biosynthesis II|g__Bacteroides.s__Bacteroides_salyersiae	16.8286645550
PWY-7790: UMP biosynthesis II|g__Odoribacter.s__Odoribacter_splanchnicus	16.0338709912
PWY-7790: UMP biosynthesis II|g__Adlercreutzia.s__Adlercreutzia_equolifaciens	15.6539733817
PWY-7790: UMP biosynthesis II|g__Firmicutes_unclassified.s__Firmicutes_bacterium_CAG_94	15.2852497657
PWY-7790: UMP biosynthesis II|g__Intestinibacter.s__Intestinibacter_bartlettii	14.4569572184
PWY-7790: UMP biosynthesis II|g__Bacteroides.s__Bacteroides_sp_CAG_144	14.0945886760
PWY-7790: UMP biosynthesis II|g__Bacteroides.s__Bacteroides_fragilis	12.5026878282
PWY-7790: UMP biosynthesis II|g__Bilophila.s__Bilophila_wadsworthia	12.4953545004
PWY-7790: UMP biosynthesis II|g__Streptococcus.s__Streptococcus_parasanguinis	11.2931329627
PWY-7790: UMP biosynthesis II|g__Asaccharobacter.s__Asaccharobacter_celatus	11.0821288220
PWY-7790: UMP biosynthesis II|g__Streptococcus.s__Streptococcus_thermophilus	8.5362872045
PWY-7790: UMP biosynthesis II|g__Roseburia.s__Roseburia_inulinivorans	7.5995305388
PWY-7790: UMP biosynthesis II|g__Streptococcus.s__Streptococcus_salivarius	7.4929172755
PWY-7790: UMP biosynthesis II|g__Lentisphaerae_unclassified.s__Lentisphaerae_bacterium	6.2136509627
PWY-7790: UMP biosynthesis II|g__Alistipes.s__Alistipes_onderdonkii	5.9931550941
PWY-7790: UMP biosynthesis II|g__Victivallis.s__Victivallis_vadensis	4.8965424243
PWY-7791: UMP biosynthesis III	18430.0028666799
PWY-7791: UMP biosynthesis III|unclassified	3467.0563305933
PWY-7791: UMP biosynthesis III|g__Faecalibacterium.s__Faecalibacterium_prausnitzii	1654.0058062301
PWY-7791: UMP biosynthesis III|g__Prevotella.s__Prevotella_copri	1351.7171735815
PWY-7791: UMP biosynthesis III|g__Bifidobacterium.s__Bifidobacterium_adolescentis	1057.3057789324
PWY-7791: UMP biosynthesis III|g__Ruminococcus.s__Ruminococcus_bicirculans	591.4517064177
PWY-7791: UMP biosynthesis III|g__Blautia.s__Ruminococcus_torques	518.9438751150
PWY-7791: UMP biosynthesis III|g__Akkermansia.s__Akkermansia_muciniphila	455.3633705125
PWY-7791: UMP biosynthesis III|g__Alistipes.s__Alistipes_finegoldii	368.4202180001
PWY-7791: UMP biosynthesis III|g__Ruminococcaceae_unclassified.s__Clostridium_leptum	344.1740525592
PWY-7791: UMP biosynthesis III|g__Barnesiella.s__Barnesiella_intestinihominis	327.2337356722
PWY-7791: UMP biosynthesis III|g__Bacteroides.s__Bacteroides_vulgatus	322.0662368518
PWY-7791: UMP biosynthesis III|g__Blautia.s__Blautia_wexlerae	296.0209973353
PWY-7791: UMP biosynthesis III|g__Firmicutes_unclassified.s__Firmicutes_bacterium_CAG_65_45_313	275.7821031968
PWY-7791: UMP biosynthesis III|g__Anaerostipes.s__Anaerostipes_hadrus	241.9180247349
PWY-7791: UMP biosynthesis III|g__Firmicutes_unclassified.s__Firmicutes_bacterium_CAG_110	240.9468674764
PWY-7791: UMP biosynthesis III|g__Ruminococcus.s__Ruminococcus_sp_CAG_177	231.3403945794
PWY-7791: UMP biosynthesis III|g__Gemmiger.s__Gemmiger_formicilis	230.7488469162
PWY-7791: UMP biosynthesis III|g__Lachnospiraceae_unclassified.s__Eubacterium_rectale	230.2067877188
PWY-7791: UMP biosynthesis III|g__Collinsella.s__Collinsella_aerofaciens	228.4101387759
PWY-7791: UMP biosynthesis III|g__Fusicatenibacter.s__Fusicatenibacter_saccharivorans	227.9934783208
PWY-7791: UMP biosynthesis III|g__Bacteroides.s__Bacteroides_massiliensis	216.3973539939
PWY-7791: UMP biosynthesis III|g__Phascolarctobacterium.s__Phascolarctobacterium_faecium	204.8067474229
PWY-7791: UMP biosynthesis III|g__Lachnospira.s__Lachnospira_pectinoschiza	153.7057344497
PWY-7791: UMP biosynthesis III|g__Firmicutes_unclassified.s__Firmicutes_bacterium_AF16_15	151.4344192735
PWY-7791: UMP biosynthesis III|g__Bifidobacterium.s__Bifidobacterium_bifidum	150.8428174299
PWY-7791: UMP biosynthesis III|g__Bacteroides.s__Bacteroides_dorei	132.7433664049
PWY-7791: UMP biosynthesis III|g__Dorea.s__Dorea_longicatena	122.8992746595
PWY-7791: UMP biosynthesis III|g__Clostridium.s__Clostridium_sp_AF36_4	121.0401051997
PWY-7791: UMP biosynthesis III|g__Roseburia.s__Roseburia_sp_CAG_380	106.2363432522
PWY-7791: UMP biosynthesis III|g__Eubacterium.s__Eubacterium_hallii	106.1440728392
PWY-7791: UMP biosynthesis III|g__Blautia.s__Blautia_obeum	97.9585363167
PWY-7791: UMP biosynthesis III|g__Bacteroides.s__Bacteroides_caccae	95.5433442133
PWY-7791: UMP biosynthesis III|g__Roseburia.s__Roseburia_faecis	94.4778893992
PWY-7791: UMP biosynthesis III|g__Blautia.s__Blautia_sp	87.2872472895
PWY-7791: UMP biosynthesis III|g__Eubacterium.s__Eubacterium_sp_CAG_251	85.0691774172
PWY-7791: UMP biosynthesis III|g__Bacteroides.s__Bacteroides_uniformis	82.1034291698
PWY-7791: UMP biosynthesis III|g__Oscillibacter.s__Oscillibacter_sp_57_20	74.8929092328
PWY-7791: UMP biosynthesis III|g__Bacteroides.s__Bacteroides_ovatus	72.0960810631
PWY-7791: UMP biosynthesis III|g__Clostridium.s__Clostridium_sp_CAG_75	70.5028408196
PWY-7791: UMP biosynthesis III|g__Parabacteroides.s__Parabacteroides_merdae	63.4820085512
PWY-7791: UMP biosynthesis III|g__Coprococcus.s__Coprococcus_catus	59.9796096736
PWY-7791: UMP biosynthesis III|g__Alistipes.s__Alistipes_indistinctus	53.3524166769
PWY-7791: UMP biosynthesis III|g__Firmicutes_unclassified.s__Firmicutes_bacterium_CAG_41	52.1255559257
PWY-7791: UMP biosynthesis III|g__Agathobaculum.s__Agathobaculum_butyriciproducens	48.3512731136
PWY-7791: UMP biosynthesis III|g__Blautia.s__Blautia_sp_CAG_52	48.2374698720
PWY-7791: UMP biosynthesis III|g__Coprococcus.s__Coprococcus_comes	48.0793317807
PWY-7791: UMP biosynthesis III|g__Bacteroides.s__Bacteroides_cellulosilyticus	47.9194574182
PWY-7791: UMP biosynthesis III|g__Senegalimassilia.s__Senegalimassilia_anaerobia	46.5992781491
PWY-7791: UMP biosynthesis III|g__Roseburia.s__Roseburia_intestinalis	44.3065297075
PWY-7791: UMP biosynthesis III|g__Eubacterium.s__Eubacterium_sp_36_13	43.9915225418
PWY-7791: UMP biosynthesis III|g__Parabacteroides.s__Parabacteroides_distasonis	38.8345832816
PWY-7791: UMP biosynthesis III|g__Bacteroides.s__Bacteroides_faecis	38.2839107407
PWY-7791: UMP biosynthesis III|g__Blautia.s__Blautia_sp_AF19_10LB	37.7325709482
PWY-7791: UMP biosynthesis III|g__Dorea.s__Dorea_formicigenerans	34.2602880594
PWY-7791: UMP biosynthesis III|g__Firmicutes_unclassified.s__Firmicutes_bacterium_CAG_114	33.9250215309
PWY-7791: UMP biosynthesis III|g__Roseburia.s__Roseburia_hominis	27.9941035711
PWY-7791: UMP biosynthesis III|g__Clostridium.s__Clostridium_sp_AM22_11AC	24.2476790977
PWY-7791: UMP biosynthesis III|g__Clostridiales_unclassified.s__Clostridiales_bacterium_KLE1615	24.0324720333
PWY-7791: UMP biosynthesis III|g__Bacteroides.s__Bacteroides_salyersiae	23.7986479124
PWY-7791: UMP biosynthesis III|g__Ruthenibacterium.s__Ruthenibacterium_lactatiformans	19.1139458666
PWY-7791: UMP biosynthesis III|g__Bacteroides.s__Bacteroides_fragilis	16.2699574000
PWY-7791: UMP biosynthesis III|g__Odoribacter.s__Odoribacter_splanchnicus	16.0338709912
PWY-7791: UMP biosynthesis III|g__Adlercreutzia.s__Adlercreutzia_equolifaciens	15.6539733817
PWY-7791: UMP biosynthesis III|g__Firmicutes_unclassified.s__Firmicutes_bacterium_CAG_94	15.2852497657
PWY-7791: UMP biosynthesis III|g__Intestinibacter.s__Intestinibacter_bartlettii	14.4569572184
PWY-7791: UMP biosynthesis III|g__Bacteroides.s__Bacteroides_sp_CAG_144	14.0945886760
PWY-7791: UMP biosynthesis III|g__Bilophila.s__Bilophila_wadsworthia	12.4953545004
PWY-7791: UMP biosynthesis III|g__Streptococcus.s__Streptococcus_parasanguinis	11.2862865921
PWY-7791: UMP biosynthesis III|g__Asaccharobacter.s__Asaccharobacter_celatus	11.0821288220
PWY-7791: UMP biosynthesis III|g__Streptococcus.s__Streptococcus_thermophilus	8.5362872045
PWY-7791: UMP biosynthesis III|g__Roseburia.s__Roseburia_inulinivorans	7.5995305388
PWY-7791: UMP biosynthesis III|g__Streptococcus.s__Streptococcus_salivarius	7.4929172755
PWY-7791: UMP biosynthesis III|g__Lentisphaerae_unclassified.s__Lentisphaerae_bacterium	6.2136509627
PWY-7791: UMP biosynthesis III|g__Alistipes.s__Alistipes_onderdonkii	5.9931550941
PWY-7791: UMP biosynthesis III|g__Victivallis.s__Victivallis_vadensis	4.8965424243
DTDPRHAMSYN-PWY: dTDP-&beta;-L-rhamnose biosynthesis	17837.1357980595
DTDPRHAMSYN-PWY: dTDP-&beta;-L-rhamnose biosynthesis|unclassified	3404.8396950981
DTDPRHAMSYN-PWY: dTDP-&beta;-L-rhamnose biosynthesis|g__Prevotella.s__Prevotella_copri	2723.1451592002
DTDPRHAMSYN-PWY: dTDP-&beta;-L-rhamnose biosynthesis|g__Faecalibacterium.s__Faecalibacterium_prausnitzii	1451.3014094717
DTDPRHAMSYN-PWY: dTDP-&beta;-L-rhamnose biosynthesis|g__Alistipes.s__Alistipes_finegoldii	887.8608651179
DTDPRHAMSYN-PWY: dTDP-&beta;-L-rhamnose biosynthesis|g__Ruminococcaceae_unclassified.s__Clostridium_leptum	624.1750532937
DTDPRHAMSYN-PWY: dTDP-&beta;-L-rhamnose biosynthesis|g__Collinsella.s__Collinsella_aerofaciens	444.5131603518
DTDPRHAMSYN-PWY: dTDP-&beta;-L-rhamnose biosynthesis|g__Blautia.s__Blautia_obeum	425.5574975808
DTDPRHAMSYN-PWY: dTDP-&beta;-L-rhamnose biosynthesis|g__Bacteroides.s__Bacteroides_vulgatus	418.7988206987
DTDPRHAMSYN-PWY: dTDP-&beta;-L-rhamnose biosynthesis|g__Blautia.s__Ruminococcus_torques	384.4100519553
DTDPRHAMSYN-PWY: dTDP-&beta;-L-rhamnose biosynthesis|g__Akkermansia.s__Akkermansia_muciniphila	381.0690609732
DTDPRHAMSYN-PWY: dTDP-&beta;-L-rhamnose biosynthesis|g__Subdoligranulum.s__Subdoligranulum_sp_APC924_74	379.4743338363
DTDPRHAMSYN-PWY: dTDP-&beta;-L-rhamnose biosynthesis|g__Gemmiger.s__Gemmiger_formicilis	324.8596932868
DTDPRHAMSYN-PWY: dTDP-&beta;-L-rhamnose biosynthesis|g__Barnesiella.s__Barnesiella_intestinihominis	295.8417378131
DTDPRHAMSYN-PWY: dTDP-&beta;-L-rhamnose biosynthesis|g__Fusicatenibacter.s__Fusicatenibacter_saccharivorans	271.7542076389
DTDPRHAMSYN-PWY: dTDP-&beta;-L-rhamnose biosynthesis|g__Bacteroides.s__Bacteroides_dorei	267.6456972405
DTDPRHAMSYN-PWY: dTDP-&beta;-L-rhamnose biosynthesis|g__Firmicutes_unclassified.s__Firmicutes_bacterium_CAG_65_45_313	246.1317053007
DTDPRHAMSYN-PWY: dTDP-&beta;-L-rhamnose biosynthesis|g__Blautia.s__Blautia_wexlerae	232.2761957604
DTDPRHAMSYN-PWY: dTDP-&beta;-L-rhamnose biosynthesis|g__Lachnospiraceae_unclassified.s__Eubacterium_rectale	231.8903965368
DTDPRHAMSYN-PWY: dTDP-&beta;-L-rhamnose biosynthesis|g__Lachnospira.s__Lachnospira_pectinoschiza	230.6742076186
DTDPRHAMSYN-PWY: dTDP-&beta;-L-rhamnose biosynthesis|g__Anaerostipes.s__Anaerostipes_hadrus	227.4239420777
DTDPRHAMSYN-PWY: dTDP-&beta;-L-rhamnose biosynthesis|g__Ruminococcus.s__Ruminococcus_sp_CAG_177	215.0798449444
DTDPRHAMSYN-PWY: dTDP-&beta;-L-rhamnose biosynthesis|g__Bifidobacterium.s__Bifidobacterium_bifidum	211.6994648442
DTDPRHAMSYN-PWY: dTDP-&beta;-L-rhamnose biosynthesis|g__Firmicutes_unclassified.s__Firmicutes_bacterium_CAG_110	193.9576894673
DTDPRHAMSYN-PWY: dTDP-&beta;-L-rhamnose biosynthesis|g__Alistipes.s__Alistipes_indistinctus	191.8556382452
DTDPRHAMSYN-PWY: dTDP-&beta;-L-rhamnose biosynthesis|g__Firmicutes_unclassified.s__Firmicutes_bacterium_AF16_15	181.0350950556
DTDPRHAMSYN-PWY: dTDP-&beta;-L-rhamnose biosynthesis|g__Bacteroides.s__Bacteroides_ovatus	171.2390719369
DTDPRHAMSYN-PWY: dTDP-&beta;-L-rhamnose biosynthesis|g__Roseburia.s__Roseburia_sp_CAG_380	162.5097623790
DTDPRHAMSYN-PWY: dTDP-&beta;-L-rhamnose biosynthesis|g__Bacteroides.s__Bacteroides_massiliensis	154.4696733429
DTDPRHAMSYN-PWY: dTDP-&beta;-L-rhamnose biosynthesis|g__Bacteroides.s__Bacteroides_caccae	153.8810685102
DTDPRHAMSYN-PWY: dTDP-&beta;-L-rhamnose biosynthesis|g__Eubacterium.s__Eubacterium_hallii	138.8807068961
DTDPRHAMSYN-PWY: dTDP-&beta;-L-rhamnose biosynthesis|g__Coprococcus.s__Coprococcus_comes	132.0210206758
DTDPRHAMSYN-PWY: dTDP-&beta;-L-rhamnose biosynthesis|g__Bacteroides.s__Bacteroides_uniformis	122.8808492915
DTDPRHAMSYN-PWY: dTDP-&beta;-L-rhamnose biosynthesis|g__Dorea.s__Dorea_longicatena	110.9777702334
DTDPRHAMSYN-PWY: dTDP-&beta;-L-rhamnose biosynthesis|g__Roseburia.s__Roseburia_faecis	106.9715637301
DTDPRHAMSYN-PWY: dTDP-&beta;-L-rhamnose biosynthesis|g__Clostridium.s__Clostridium_sp_AF36_4	103.6322164048
DTDPRHAMSYN-PWY: dTDP-&beta;-L-rhamnose biosynthesis|g__Roseburia.s__Roseburia_intestinalis	87.4202645900
DTDPRHAMSYN-PWY: dTDP-&beta;-L-rhamnose biosynthesis|g__Sutterella.s__Sutterella_wadsworthensis	82.9417451674
DTDPRHAMSYN-PWY: dTDP-&beta;-L-rhamnose biosynthesis|g__Clostridium.s__Clostridium_sp_CAG_75	77.0755034641
DTDPRHAMSYN-PWY: dTDP-&beta;-L-rhamnose biosynthesis|g__Bacteroides.s__Bacteroides_faecis	73.0651907418
DTDPRHAMSYN-PWY: dTDP-&beta;-L-rhamnose biosynthesis|g__Blautia.s__Blautia_sp_CAG_52	72.0708575038
DTDPRHAMSYN-PWY: dTDP-&beta;-L-rhamnose biosynthesis|g__Parabacteroides.s__Parabacteroides_distasonis	65.3566838877
DTDPRHAMSYN-PWY: dTDP-&beta;-L-rhamnose biosynthesis|g__Parabacteroides.s__Parabacteroides_merdae	59.1630624594
DTDPRHAMSYN-PWY: dTDP-&beta;-L-rhamnose biosynthesis|g__Clostridiales_unclassified.s__Clostridiales_bacterium_KLE1615	53.6870645261
DTDPRHAMSYN-PWY: dTDP-&beta;-L-rhamnose biosynthesis|g__Bacteroides.s__Bacteroides_cellulosilyticus	45.2532115068
DTDPRHAMSYN-PWY: dTDP-&beta;-L-rhamnose biosynthesis|g__Bifidobacterium.s__Bifidobacterium_longum	37.2938950439
DTDPRHAMSYN-PWY: dTDP-&beta;-L-rhamnose biosynthesis|g__Odoribacter.s__Odoribacter_splanchnicus	36.8942814029
DTDPRHAMSYN-PWY: dTDP-&beta;-L-rhamnose biosynthesis|g__Blautia.s__Blautia_sp_AF19_10LB	35.5694965495
DTDPRHAMSYN-PWY: dTDP-&beta;-L-rhamnose biosynthesis|g__Bacteroides.s__Bacteroides_intestinalis	32.9363006835
DTDPRHAMSYN-PWY: dTDP-&beta;-L-rhamnose biosynthesis|g__Butyricimonas.s__Butyricimonas_synergistica	29.7828218009
DTDPRHAMSYN-PWY: dTDP-&beta;-L-rhamnose biosynthesis|g__Roseburia.s__Roseburia_hominis	28.6042563640
DTDPRHAMSYN-PWY: dTDP-&beta;-L-rhamnose biosynthesis|g__Bacteroides.s__Bacteroides_fragilis	25.5140617409
DTDPRHAMSYN-PWY: dTDP-&beta;-L-rhamnose biosynthesis|g__Alistipes.s__Alistipes_shahii	23.3758069179
DTDPRHAMSYN-PWY: dTDP-&beta;-L-rhamnose biosynthesis|g__Bilophila.s__Bilophila_wadsworthia	23.3226268872
DTDPRHAMSYN-PWY: dTDP-&beta;-L-rhamnose biosynthesis|g__Dorea.s__Dorea_formicigenerans	23.3144501940
DTDPRHAMSYN-PWY: dTDP-&beta;-L-rhamnose biosynthesis|g__Alistipes.s__Alistipes_onderdonkii	21.5393794739
DTDPRHAMSYN-PWY: dTDP-&beta;-L-rhamnose biosynthesis|g__Prevotella.s__Prevotella_sp_CAG_485	20.2152035538
DTDPRHAMSYN-PWY: dTDP-&beta;-L-rhamnose biosynthesis|g__Bacteroides.s__Bacteroides_sp_CAG_144	20.1634856548
DTDPRHAMSYN-PWY: dTDP-&beta;-L-rhamnose biosynthesis|g__Ruthenibacterium.s__Ruthenibacterium_lactatiformans	17.7115430217
DTDPRHAMSYN-PWY: dTDP-&beta;-L-rhamnose biosynthesis|g__Eubacterium.s__Eubacterium_sp_AF17_7	15.7490910736
DTDPRHAMSYN-PWY: dTDP-&beta;-L-rhamnose biosynthesis|g__Streptococcus.s__Streptococcus_salivarius	14.4105665633
DTDPRHAMSYN-PWY: dTDP-&beta;-L-rhamnose biosynthesis|g__Roseburia.s__Roseburia_inulinivorans	13.4049372848
DTDPRHAMSYN-PWY: dTDP-&beta;-L-rhamnose biosynthesis|g__Bacteroides.s__Bacteroides_salyersiae	9.4668556468
DTDPRHAMSYN-PWY: dTDP-&beta;-L-rhamnose biosynthesis|g__Blautia.s__Blautia_sp	9.3145192389
DTDPRHAMSYN-PWY: dTDP-&beta;-L-rhamnose biosynthesis|g__Anaerotruncus.s__Anaerotruncus_colihominis	9.0544770705
DTDPRHAMSYN-PWY: dTDP-&beta;-L-rhamnose biosynthesis|g__Streptococcus.s__Streptococcus_parasanguinis	8.8940476732
DTDPRHAMSYN-PWY: dTDP-&beta;-L-rhamnose biosynthesis|g__Eisenbergiella.s__Eisenbergiella_tayi	8.5419210883
DTDPRHAMSYN-PWY: dTDP-&beta;-L-rhamnose biosynthesis|g__Veillonella.s__Veillonella_atypica	7.6142461071
DTDPRHAMSYN-PWY: dTDP-&beta;-L-rhamnose biosynthesis|g__Eubacterium.s__Eubacterium_sp_CAG_38	7.5435088832
DTDPRHAMSYN-PWY: dTDP-&beta;-L-rhamnose biosynthesis|g__Butyricimonas.s__Butyricimonas_virosa	6.0090150532
DTDPRHAMSYN-PWY: dTDP-&beta;-L-rhamnose biosynthesis|g__Clostridium.s__Clostridium_sp_AM22_11AC	4.8572329829
DTDPRHAMSYN-PWY: dTDP-&beta;-L-rhamnose biosynthesis|g__Lachnoclostridium.s__Clostridium_citroniae	4.1077059263
DTDPRHAMSYN-PWY: dTDP-&beta;-L-rhamnose biosynthesis|g__Streptococcus.s__Streptococcus_thermophilus	3.5342139015
PWY-7221: guanosine ribonucleotides de novo biosynthesis	17775.1817064529
PWY-7221: guanosine ribonucleotides de novo biosynthesis|unclassified	2405.8552707614
PWY-7221: guanosine ribonucleotides de novo biosynthesis|g__Prevotella.s__Prevotella_copri	2355.3303859773
PWY-7221: guanosine ribonucleotides de novo biosynthesis|g__Faecalibacterium.s__Faecalibacterium_prausnitzii	1296.7229463493
PWY-7221: guanosine ribonucleotides de novo biosynthesis|g__Bifidobacterium.s__Bifidobacterium_adolescentis	1230.9215658948
PWY-7221: guanosine ribonucleotides de novo biosynthesis|g__Ruminococcus.s__Ruminococcus_bicirculans	567.3346596537
PWY-7221: guanosine ribonucleotides de novo biosynthesis|g__Ruminococcaceae_unclassified.s__Clostridium_leptum	490.5526310742
PWY-7221: guanosine ribonucleotides de novo biosynthesis|g__Blautia.s__Ruminococcus_torques	480.7419931171
PWY-7221: guanosine ribonucleotides de novo biosynthesis|g__Akkermansia.s__Akkermansia_muciniphila	462.3734657913
PWY-7221: guanosine ribonucleotides de novo biosynthesis|g__Bacteroides.s__Bacteroides_vulgatus	383.8719634838
PWY-7221: guanosine ribonucleotides de novo biosynthesis|g__Blautia.s__Blautia_wexlerae	377.4782977699
PWY-7221: guanosine ribonucleotides de novo biosynthesis|g__Barnesiella.s__Barnesiella_intestinihominis	280.1061909807
PWY-7221: guanosine ribonucleotides de novo biosynthesis|g__Collinsella.s__Collinsella_aerofaciens	260.2540456312
PWY-7221: guanosine ribonucleotides de novo biosynthesis|g__Firmicutes_unclassified.s__Firmicutes_bacterium_CAG_65_45_313	255.0456320460
PWY-7221: guanosine ribonucleotides de novo biosynthesis|g__Phascolarctobacterium.s__Phascolarctobacterium_faecium	227.6125731544
PWY-7221: guanosine ribonucleotides de novo biosynthesis|g__Fusicatenibacter.s__Fusicatenibacter_saccharivorans	219.1980181185
PWY-7221: guanosine ribonucleotides de novo biosynthesis|g__Alistipes.s__Alistipes_finegoldii	218.1963226707
PWY-7221: guanosine ribonucleotides de novo biosynthesis|g__Anaerostipes.s__Anaerostipes_hadrus	203.1875351747
PWY-7221: guanosine ribonucleotides de novo biosynthesis|g__Bacteroides.s__Bacteroides_massiliensis	192.4174280593
PWY-7221: guanosine ribonucleotides de novo biosynthesis|g__Ruminococcus.s__Ruminococcus_callidus	154.2101451835
PWY-7221: guanosine ribonucleotides de novo biosynthesis|g__Eubacterium.s__Eubacterium_hallii	149.3602124892
PWY-7221: guanosine ribonucleotides de novo biosynthesis|g__Firmicutes_unclassified.s__Firmicutes_bacterium_AF16_15	146.2718547930
PWY-7221: guanosine ribonucleotides de novo biosynthesis|g__Sutterella.s__Sutterella_wadsworthensis	130.0931596664
PWY-7221: guanosine ribonucleotides de novo biosynthesis|g__Bacteroides.s__Bacteroides_dorei	127.1882126667
PWY-7221: guanosine ribonucleotides de novo biosynthesis|g__Bifidobacterium.s__Bifidobacterium_bifidum	111.7846967732
PWY-7221: guanosine ribonucleotides de novo biosynthesis|g__Bacteroides.s__Bacteroides_caccae	110.3215054909
PWY-7221: guanosine ribonucleotides de novo biosynthesis|g__Dorea.s__Dorea_longicatena	107.2762789956
PWY-7221: guanosine ribonucleotides de novo biosynthesis|g__Roseburia.s__Roseburia_sp_CAG_380	99.7388523793
PWY-7221: guanosine ribonucleotides de novo biosynthesis|g__Clostridium.s__Clostridium_sp_AF36_4	98.1124393564
PWY-7221: guanosine ribonucleotides de novo biosynthesis|g__Bacteroides.s__Bacteroides_uniformis	87.2753689542
PWY-7221: guanosine ribonucleotides de novo biosynthesis|g__Bacteroides.s__Bacteroides_ovatus	83.7197238161
PWY-7221: guanosine ribonucleotides de novo biosynthesis|g__Roseburia.s__Roseburia_faecis	70.1466166184
PWY-7221: guanosine ribonucleotides de novo biosynthesis|g__Blautia.s__Blautia_sp	66.7840139583
PWY-7221: guanosine ribonucleotides de novo biosynthesis|g__Blautia.s__Blautia_obeum	65.8385465082
PWY-7221: guanosine ribonucleotides de novo biosynthesis|g__Bacteroides.s__Bacteroides_cellulosilyticus	62.5379730417
PWY-7221: guanosine ribonucleotides de novo biosynthesis|g__Alistipes.s__Alistipes_indistinctus	62.3195922874
PWY-7221: guanosine ribonucleotides de novo biosynthesis|g__Coprococcus.s__Coprococcus_comes	61.9936244615
PWY-7221: guanosine ribonucleotides de novo biosynthesis|g__Clostridium.s__Clostridium_sp_CAG_75	60.0632195960
PWY-7221: guanosine ribonucleotides de novo biosynthesis|g__Eubacterium.s__Eubacterium_sp_CAG_251	57.7356497596
PWY-7221: guanosine ribonucleotides de novo biosynthesis|g__Coprococcus.s__Coprococcus_catus	56.1483590696
PWY-7221: guanosine ribonucleotides de novo biosynthesis|g__Lachnospiraceae_unclassified.s__Eubacterium_rectale	52.8741174536
PWY-7221: guanosine ribonucleotides de novo biosynthesis|g__Agathobaculum.s__Agathobaculum_butyriciproducens	47.9200887335
PWY-7221: guanosine ribonucleotides de novo biosynthesis|g__Senegalimassilia.s__Senegalimassilia_anaerobia	47.9189021022
PWY-7221: guanosine ribonucleotides de novo biosynthesis|g__Bifidobacterium.s__Bifidobacterium_longum	47.8195350491
PWY-7221: guanosine ribonucleotides de novo biosynthesis|g__Roseburia.s__Roseburia_intestinalis	45.1927635392
PWY-7221: guanosine ribonucleotides de novo biosynthesis|g__Odoribacter.s__Odoribacter_splanchnicus	39.7006480558
PWY-7221: guanosine ribonucleotides de novo biosynthesis|g__Alistipes.s__Alistipes_onderdonkii	38.8525914592
PWY-7221: guanosine ribonucleotides de novo biosynthesis|g__Prevotella.s__Prevotella_sp_CAG_485	38.3811505558
PWY-7221: guanosine ribonucleotides de novo biosynthesis|g__Lachnospira.s__Lachnospira_pectinoschiza	37.4278030567
PWY-7221: guanosine ribonucleotides de novo biosynthesis|g__Parabacteroides.s__Parabacteroides_distasonis	34.7100793833
PWY-7221: guanosine ribonucleotides de novo biosynthesis|g__Bilophila.s__Bilophila_wadsworthia	31.9463904406
PWY-7221: guanosine ribonucleotides de novo biosynthesis|g__Clostridiales_unclassified.s__Clostridiales_bacterium_KLE1615	30.8240144551
PWY-7221: guanosine ribonucleotides de novo biosynthesis|g__Alistipes.s__Alistipes_shahii	30.1110048730
PWY-7221: guanosine ribonucleotides de novo biosynthesis|g__Blautia.s__Blautia_sp_AF19_10LB	29.6572289477
PWY-7221: guanosine ribonucleotides de novo biosynthesis|g__Intestinibacter.s__Intestinibacter_bartlettii	29.4589032324
PWY-7221: guanosine ribonucleotides de novo biosynthesis|g__Bacteroides.s__Bacteroides_faecis	28.3440284603
PWY-7221: guanosine ribonucleotides de novo biosynthesis|g__Dorea.s__Dorea_formicigenerans	27.6540485345
PWY-7221: guanosine ribonucleotides de novo biosynthesis|g__Eggerthella.s__Eggerthella_sp_CAG_298	26.5152566962
PWY-7221: guanosine ribonucleotides de novo biosynthesis|g__Firmicutes_unclassified.s__Firmicutes_bacterium_CAG_41	24.3257445061
PWY-7221: guanosine ribonucleotides de novo biosynthesis|g__Asaccharobacter.s__Asaccharobacter_celatus	23.4766338472
PWY-7221: guanosine ribonucleotides de novo biosynthesis|g__Bacteroides.s__Bacteroides_salyersiae	21.9246954018
PWY-7221: guanosine ribonucleotides de novo biosynthesis|g__Eubacterium.s__Eubacterium_ramulus	20.2034070871
PWY-7221: guanosine ribonucleotides de novo biosynthesis|g__Roseburia.s__Roseburia_hominis	18.3557494449
PWY-7221: guanosine ribonucleotides de novo biosynthesis|g__Ruthenibacterium.s__Ruthenibacterium_lactatiformans	18.1343390801
PWY-7221: guanosine ribonucleotides de novo biosynthesis|g__Slackia.s__Slackia_isoflavoniconvertens	15.2446973269
PWY-7221: guanosine ribonucleotides de novo biosynthesis|g__Streptococcus.s__Streptococcus_salivarius	13.5923700763
PWY-7221: guanosine ribonucleotides de novo biosynthesis|g__Adlercreutzia.s__Adlercreutzia_equolifaciens	13.5694932962
PWY-7221: guanosine ribonucleotides de novo biosynthesis|g__Anaeromassilibacillus.s__Anaeromassilibacillus_sp_An250	10.8809709506
PWY-7221: guanosine ribonucleotides de novo biosynthesis|g__Bacteroides.s__Bacteroides_intestinalis	10.0277963500
PWY-7221: guanosine ribonucleotides de novo biosynthesis|g__Streptococcus.s__Streptococcus_thermophilus	9.1256833907
PWY-7221: guanosine ribonucleotides de novo biosynthesis|g__Bacteroides.s__Bacteroides_fragilis	5.8211661840
VALSYN-PWY: L-valine biosynthesis	17735.2494393509
VALSYN-PWY: L-valine biosynthesis|g__Prevotella.s__Prevotella_copri	2081.6820972311
VALSYN-PWY: L-valine biosynthesis|unclassified	1845.4593683828
VALSYN-PWY: L-valine biosynthesis|g__Bifidobacterium.s__Bifidobacterium_adolescentis	1482.7679597412
VALSYN-PWY: L-valine biosynthesis|g__Faecalibacterium.s__Faecalibacterium_prausnitzii	1306.1148072158
VALSYN-PWY: L-valine biosynthesis|g__Ruminococcus.s__Ruminococcus_bicirculans	652.7938783825
VALSYN-PWY: L-valine biosynthesis|g__Ruminococcaceae_unclassified.s__Clostridium_leptum	623.2682684304
VALSYN-PWY: L-valine biosynthesis|g__Blautia.s__Ruminococcus_torques	534.7086654978
VALSYN-PWY: L-valine biosynthesis|g__Akkermansia.s__Akkermansia_muciniphila	441.0948600265
VALSYN-PWY: L-valine biosynthesis|g__Subdoligranulum.s__Subdoligranulum_sp_APC924_74	364.9231802232
VALSYN-PWY: L-valine biosynthesis|g__Gemmiger.s__Gemmiger_formicilis	351.1132558948
VALSYN-PWY: L-valine biosynthesis|g__Blautia.s__Blautia_obeum	332.0731758781
VALSYN-PWY: L-valine biosynthesis|g__Barnesiella.s__Barnesiella_intestinihominis	330.4171013993
VALSYN-PWY: L-valine biosynthesis|g__Lachnospiraceae_unclassified.s__Eubacterium_rectale	313.7555614442
VALSYN-PWY: L-valine biosynthesis|g__Anaerostipes.s__Anaerostipes_hadrus	292.4535069510
VALSYN-PWY: L-valine biosynthesis|g__Firmicutes_unclassified.s__Firmicutes_bacterium_CAG_65_45_313	290.6130763514
VALSYN-PWY: L-valine biosynthesis|g__Bacteroides.s__Bacteroides_vulgatus	289.8141003116
VALSYN-PWY: L-valine biosynthesis|g__Blautia.s__Blautia_wexlerae	275.9769687944
VALSYN-PWY: L-valine biosynthesis|g__Alistipes.s__Alistipes_finegoldii	253.3196500182
VALSYN-PWY: L-valine biosynthesis|g__Phascolarctobacterium.s__Phascolarctobacterium_faecium	243.8956660443
VALSYN-PWY: L-valine biosynthesis|g__Bifidobacterium.s__Bifidobacterium_bifidum	226.3082161834
VALSYN-PWY: L-valine biosynthesis|g__Fusicatenibacter.s__Fusicatenibacter_saccharivorans	214.4238032371
VALSYN-PWY: L-valine biosynthesis|g__Alistipes.s__Alistipes_onderdonkii	184.3792575313
VALSYN-PWY: L-valine biosynthesis|g__Ruminococcus.s__Ruminococcus_callidus	179.9929494641
VALSYN-PWY: L-valine biosynthesis|g__Bacteroides.s__Bacteroides_massiliensis	177.2291404635
VALSYN-PWY: L-valine biosynthesis|g__Eubacterium.s__Eubacterium_hallii	172.7669487233
VALSYN-PWY: L-valine biosynthesis|g__Roseburia.s__Roseburia_sp_CAG_380	152.7407755157
VALSYN-PWY: L-valine biosynthesis|g__Dorea.s__Dorea_longicatena	141.9848381250
VALSYN-PWY: L-valine biosynthesis|g__Blautia.s__Blautia_sp	129.9460380716
VALSYN-PWY: L-valine biosynthesis|g__Firmicutes_unclassified.s__Firmicutes_bacterium_AF16_15	119.3875601655
VALSYN-PWY: L-valine biosynthesis|g__Clostridium.s__Clostridium_sp_AF36_4	112.0820201523
VALSYN-PWY: L-valine biosynthesis|g__Bacteroides.s__Bacteroides_dorei	104.4587866489
VALSYN-PWY: L-valine biosynthesis|g__Bacteroides.s__Bacteroides_ovatus	100.5950244080
VALSYN-PWY: L-valine biosynthesis|g__Roseburia.s__Roseburia_intestinalis	99.3437514290
VALSYN-PWY: L-valine biosynthesis|g__Bacteroides.s__Bacteroides_caccae	96.6838318170
VALSYN-PWY: L-valine biosynthesis|g__Eubacterium.s__Eubacterium_sp_CAG_251	93.2122808044
VALSYN-PWY: L-valine biosynthesis|g__Bifidobacterium.s__Bifidobacterium_longum	80.4752884417
VALSYN-PWY: L-valine biosynthesis|g__Bacteroides.s__Bacteroides_uniformis	80.3532736641
VALSYN-PWY: L-valine biosynthesis|g__Roseburia.s__Roseburia_faecis	77.3761959139
VALSYN-PWY: L-valine biosynthesis|g__Parabacteroides.s__Parabacteroides_merdae	66.4328430360
VALSYN-PWY: L-valine biosynthesis|g__Coprococcus.s__Coprococcus_comes	61.2908927158
VALSYN-PWY: L-valine biosynthesis|g__Firmicutes_unclassified.s__Firmicutes_bacterium_CAG_41	59.5936567964
VALSYN-PWY: L-valine biosynthesis|g__Agathobaculum.s__Agathobaculum_butyriciproducens	57.7205335588
VALSYN-PWY: L-valine biosynthesis|g__Senegalimassilia.s__Senegalimassilia_anaerobia	55.6181877175
VALSYN-PWY: L-valine biosynthesis|g__Alistipes.s__Alistipes_indistinctus	55.4887867359
VALSYN-PWY: L-valine biosynthesis|g__Coprococcus.s__Coprococcus_catus	55.3043221174
VALSYN-PWY: L-valine biosynthesis|g__Firmicutes_unclassified.s__Firmicutes_bacterium_CAG_114	49.5403559643
VALSYN-PWY: L-valine biosynthesis|g__Dorea.s__Dorea_formicigenerans	45.0858656344
VALSYN-PWY: L-valine biosynthesis|g__Bacteroides.s__Bacteroides_faecis	44.5779861006
VALSYN-PWY: L-valine biosynthesis|g__Blautia.s__Blautia_sp_AF19_10LB	42.7800379200
VALSYN-PWY: L-valine biosynthesis|g__Parabacteroides.s__Parabacteroides_distasonis	39.5111818831
VALSYN-PWY: L-valine biosynthesis|g__Blautia.s__Blautia_sp_CAG_52	34.8683754414
VALSYN-PWY: L-valine biosynthesis|g__Eubacterium.s__Eubacterium_sp_36_13	34.4118238734
VALSYN-PWY: L-valine biosynthesis|g__Ruthenibacterium.s__Ruthenibacterium_lactatiformans	33.4715084748
VALSYN-PWY: L-valine biosynthesis|g__Odoribacter.s__Odoribacter_splanchnicus	29.9430830609
VALSYN-PWY: L-valine biosynthesis|g__Roseburia.s__Roseburia_hominis	26.9489617549
VALSYN-PWY: L-valine biosynthesis|g__Clostridium.s__Clostridium_sp_AM22_11AC	26.2961055413
VALSYN-PWY: L-valine biosynthesis|g__Bacteroides.s__Bacteroides_sp_CAG_144	25.0349839092
VALSYN-PWY: L-valine biosynthesis|g__Bilophila.s__Bilophila_wadsworthia	23.6847300829
VALSYN-PWY: L-valine biosynthesis|g__Streptococcus.s__Streptococcus_thermophilus	22.8398713492
VALSYN-PWY: L-valine biosynthesis|g__Slackia.s__Slackia_isoflavoniconvertens	22.5510029560
VALSYN-PWY: L-valine biosynthesis|g__Clostridiales_unclassified.s__Clostridiales_bacterium_KLE1615	21.7409266925
VALSYN-PWY: L-valine biosynthesis|g__Streptococcus.s__Streptococcus_salivarius	20.6857965470
VALSYN-PWY: L-valine biosynthesis|g__Eubacterium.s__Eubacterium_sp_AF17_7	20.4558742292
VALSYN-PWY: L-valine biosynthesis|g__Lawsonibacter.s__Lawsonibacter_asaccharolyticus	20.3113205712
VALSYN-PWY: L-valine biosynthesis|g__Bacteroides.s__Bacteroides_cellulosilyticus	19.5527056012
VALSYN-PWY: L-valine biosynthesis|g__Bacteroides.s__Bacteroides_salyersiae	19.2897663198
VALSYN-PWY: L-valine biosynthesis|g__Adlercreutzia.s__Adlercreutzia_equolifaciens	18.7347596385
VALSYN-PWY: L-valine biosynthesis|g__Intestinibacter.s__Intestinibacter_bartlettii	18.6218643704
VALSYN-PWY: L-valine biosynthesis|g__Eggerthella.s__Eggerthella_sp_CAG_298	17.7304779746
VALSYN-PWY: L-valine biosynthesis|g__Bacteroides.s__Bacteroides_intestinalis	17.0383447006
VALSYN-PWY: L-valine biosynthesis|g__Asaccharobacter.s__Asaccharobacter_celatus	15.7731307039
VALSYN-PWY: L-valine biosynthesis|g__Roseburia.s__Roseburia_inulinivorans	15.0189191939
VALSYN-PWY: L-valine biosynthesis|g__Eubacterium.s__Eubacterium_ramulus	11.0764911851
VALSYN-PWY: L-valine biosynthesis|g__Intestinimonas.s__Intestinimonas_butyriciproducens	10.2626905085
VALSYN-PWY: L-valine biosynthesis|g__Firmicutes_unclassified.s__Firmicutes_bacterium_CAG_145	10.2210430747
VALSYN-PWY: L-valine biosynthesis|g__Streptococcus.s__Streptococcus_pneumoniae	9.3198121860
VALSYN-PWY: L-valine biosynthesis|g__Bacteroides.s__Bacteroides_fragilis	9.1748658928
VALSYN-PWY: L-valine biosynthesis|g__Eisenbergiella.s__Eisenbergiella_tayi	9.0481920802
VALSYN-PWY: L-valine biosynthesis|g__Eubacterium.s__Eubacterium_ventriosum	8.9910489122
VALSYN-PWY: L-valine biosynthesis|g__Anaeromassilibacillus.s__Anaeromassilibacillus_sp_An250	8.0756648933
VALSYN-PWY: L-valine biosynthesis|g__Flavonifractor.s__Flavonifractor_plautii	7.9710466535
VALSYN-PWY: L-valine biosynthesis|g__Raoultella.s__Raoultella_planticola	7.0000178930
VALSYN-PWY: L-valine biosynthesis|g__Veillonella.s__Veillonella_atypica	6.7137937475
VALSYN-PWY: L-valine biosynthesis|g__Eubacterium.s__Eubacterium_sp_CAG_38	5.8779562081
VALSYN-PWY: L-valine biosynthesis|g__Victivallis.s__Victivallis_vadensis	5.8446578036
VALSYN-PWY: L-valine biosynthesis|g__Streptococcus.s__Streptococcus_parasanguinis	5.6027202116
VALSYN-PWY: L-valine biosynthesis|g__Lentisphaerae_unclassified.s__Lentisphaerae_bacterium	1.8746766794
PWY-6386: UDP-N-acetylmuramoyl-pentapeptide biosynthesis II (lysine-containing)	17492.1861682236
PWY-6386: UDP-N-acetylmuramoyl-pentapeptide biosynthesis II (lysine-containing)|unclassified	3721.9689107039
PWY-6386: UDP-N-acetylmuramoyl-pentapeptide biosynthesis II (lysine-containing)|g__Faecalibacterium.s__Faecalibacterium_prausnitzii	1503.0743247482
PWY-6386: UDP-N-acetylmuramoyl-pentapeptide biosynthesis II (lysine-containing)|g__Prevotella.s__Prevotella_copri	1450.1140878960
PWY-6386: UDP-N-acetylmuramoyl-pentapeptide biosynthesis II (lysine-containing)|g__Bifidobacterium.s__Bifidobacterium_adolescentis	731.3970090898
PWY-6386: UDP-N-acetylmuramoyl-pentapeptide biosynthesis II (lysine-containing)|g__Ruminococcus.s__Ruminococcus_bicirculans	564.2566793264
PWY-6386: UDP-N-acetylmuramoyl-pentapeptide biosynthesis II (lysine-containing)|g__Ruminococcaceae_unclassified.s__Clostridium_leptum	511.3273965247
PWY-6386: UDP-N-acetylmuramoyl-pentapeptide biosynthesis II (lysine-containing)|g__Blautia.s__Ruminococcus_torques	425.9949434725
PWY-6386: UDP-N-acetylmuramoyl-pentapeptide biosynthesis II (lysine-containing)|g__Alistipes.s__Alistipes_finegoldii	328.8206662468
PWY-6386: UDP-N-acetylmuramoyl-pentapeptide biosynthesis II (lysine-containing)|g__Bacteroides.s__Bacteroides_vulgatus	303.1709563365
PWY-6386: UDP-N-acetylmuramoyl-pentapeptide biosynthesis II (lysine-containing)|g__Subdoligranulum.s__Subdoligranulum_sp_APC924_74	293.8313470176
PWY-6386: UDP-N-acetylmuramoyl-pentapeptide biosynthesis II (lysine-containing)|g__Blautia.s__Blautia_wexlerae	292.0871672323
PWY-6386: UDP-N-acetylmuramoyl-pentapeptide biosynthesis II (lysine-containing)|g__Anaerostipes.s__Anaerostipes_hadrus	286.9571141883
PWY-6386: UDP-N-acetylmuramoyl-pentapeptide biosynthesis II (lysine-containing)|g__Fusicatenibacter.s__Fusicatenibacter_saccharivorans	271.3202848341
PWY-6386: UDP-N-acetylmuramoyl-pentapeptide biosynthesis II (lysine-containing)|g__Collinsella.s__Collinsella_aerofaciens	252.4771994023
PWY-6386: UDP-N-acetylmuramoyl-pentapeptide biosynthesis II (lysine-containing)|g__Blautia.s__Blautia_obeum	235.9852260879
PWY-6386: UDP-N-acetylmuramoyl-pentapeptide biosynthesis II (lysine-containing)|g__Gemmiger.s__Gemmiger_formicilis	223.7014497066
PWY-6386: UDP-N-acetylmuramoyl-pentapeptide biosynthesis II (lysine-containing)|g__Bacteroides.s__Bacteroides_massiliensis	219.6969520203
PWY-6386: UDP-N-acetylmuramoyl-pentapeptide biosynthesis II (lysine-containing)|g__Firmicutes_unclassified.s__Firmicutes_bacterium_CAG_110	210.2614207297
PWY-6386: UDP-N-acetylmuramoyl-pentapeptide biosynthesis II (lysine-containing)|g__Ruminococcus.s__Ruminococcus_callidus	206.8323409231
PWY-6386: UDP-N-acetylmuramoyl-pentapeptide biosynthesis II (lysine-containing)|g__Phascolarctobacterium.s__Phascolarctobacterium_faecium	200.7447989498
PWY-6386: UDP-N-acetylmuramoyl-pentapeptide biosynthesis II (lysine-containing)|g__Firmicutes_unclassified.s__Firmicutes_bacterium_AF16_15	171.2289855960
PWY-6386: UDP-N-acetylmuramoyl-pentapeptide biosynthesis II (lysine-containing)|g__Bifidobacterium.s__Bifidobacterium_bifidum	169.2828067638
PWY-6386: UDP-N-acetylmuramoyl-pentapeptide biosynthesis II (lysine-containing)|g__Lachnospiraceae_unclassified.s__Eubacterium_rectale	158.4017926175
PWY-6386: UDP-N-acetylmuramoyl-pentapeptide biosynthesis II (lysine-containing)|g__Lachnospira.s__Lachnospira_pectinoschiza	154.2377052222
PWY-6386: UDP-N-acetylmuramoyl-pentapeptide biosynthesis II (lysine-containing)|g__Sutterella.s__Sutterella_wadsworthensis	144.3350134791
PWY-6386: UDP-N-acetylmuramoyl-pentapeptide biosynthesis II (lysine-containing)|g__Dorea.s__Dorea_longicatena	128.8901882520
PWY-6386: UDP-N-acetylmuramoyl-pentapeptide biosynthesis II (lysine-containing)|g__Eubacterium.s__Eubacterium_hallii	115.1455437593
PWY-6386: UDP-N-acetylmuramoyl-pentapeptide biosynthesis II (lysine-containing)|g__Bacteroides.s__Bacteroides_dorei	113.0092929819
PWY-6386: UDP-N-acetylmuramoyl-pentapeptide biosynthesis II (lysine-containing)|g__Clostridium.s__Clostridium_sp_AF36_4	101.3522643788
PWY-6386: UDP-N-acetylmuramoyl-pentapeptide biosynthesis II (lysine-containing)|g__Bacteroides.s__Bacteroides_caccae	86.6667525145
PWY-6386: UDP-N-acetylmuramoyl-pentapeptide biosynthesis II (lysine-containing)|g__Bacteroides.s__Bacteroides_uniformis	81.3099232705
PWY-6386: UDP-N-acetylmuramoyl-pentapeptide biosynthesis II (lysine-containing)|g__Eubacterium.s__Eubacterium_sp_CAG_251	79.2710098804
PWY-6386: UDP-N-acetylmuramoyl-pentapeptide biosynthesis II (lysine-containing)|g__Blautia.s__Blautia_sp	75.0992318955
PWY-6386: UDP-N-acetylmuramoyl-pentapeptide biosynthesis II (lysine-containing)|g__Roseburia.s__Roseburia_faecis	73.5893917192
PWY-6386: UDP-N-acetylmuramoyl-pentapeptide biosynthesis II (lysine-containing)|g__Bacteroides.s__Bacteroides_ovatus	68.9158268367
PWY-6386: UDP-N-acetylmuramoyl-pentapeptide biosynthesis II (lysine-containing)|g__Blautia.s__Blautia_sp_CAG_52	66.7199606139
PWY-6386: UDP-N-acetylmuramoyl-pentapeptide biosynthesis II (lysine-containing)|g__Bifidobacterium.s__Bifidobacterium_longum	63.5596235312
PWY-6386: UDP-N-acetylmuramoyl-pentapeptide biosynthesis II (lysine-containing)|g__Parabacteroides.s__Parabacteroides_merdae	63.5527680462
PWY-6386: UDP-N-acetylmuramoyl-pentapeptide biosynthesis II (lysine-containing)|g__Firmicutes_unclassified.s__Firmicutes_bacterium_CAG_41	55.1848338995
PWY-6386: UDP-N-acetylmuramoyl-pentapeptide biosynthesis II (lysine-containing)|g__Alistipes.s__Alistipes_indistinctus	53.6100605535
PWY-6386: UDP-N-acetylmuramoyl-pentapeptide biosynthesis II (lysine-containing)|g__Senegalimassilia.s__Senegalimassilia_anaerobia	53.1502422847
PWY-6386: UDP-N-acetylmuramoyl-pentapeptide biosynthesis II (lysine-containing)|g__Firmicutes_unclassified.s__Firmicutes_bacterium_CAG_114	47.8612584386
PWY-6386: UDP-N-acetylmuramoyl-pentapeptide biosynthesis II (lysine-containing)|g__Bacteroides.s__Bacteroides_cellulosilyticus	46.6750808890
PWY-6386: UDP-N-acetylmuramoyl-pentapeptide biosynthesis II (lysine-containing)|g__Coprococcus.s__Coprococcus_comes	44.0539176446
PWY-6386: UDP-N-acetylmuramoyl-pentapeptide biosynthesis II (lysine-containing)|g__Parabacteroides.s__Parabacteroides_distasonis	34.9247551613
PWY-6386: UDP-N-acetylmuramoyl-pentapeptide biosynthesis II (lysine-containing)|g__Dorea.s__Dorea_formicigenerans	31.4203225125
PWY-6386: UDP-N-acetylmuramoyl-pentapeptide biosynthesis II (lysine-containing)|g__Odoribacter.s__Odoribacter_splanchnicus	30.5975190351
PWY-6386: UDP-N-acetylmuramoyl-pentapeptide biosynthesis II (lysine-containing)|g__Bacteroides.s__Bacteroides_faecis	30.2888575913
PWY-6386: UDP-N-acetylmuramoyl-pentapeptide biosynthesis II (lysine-containing)|g__Blautia.s__Blautia_sp_AF19_10LB	30.1627718493
PWY-6386: UDP-N-acetylmuramoyl-pentapeptide biosynthesis II (lysine-containing)|g__Butyricimonas.s__Butyricimonas_synergistica	28.0480418012
PWY-6386: UDP-N-acetylmuramoyl-pentapeptide biosynthesis II (lysine-containing)|g__Eubacterium.s__Eubacterium_sp_36_13	27.8558540007
PWY-6386: UDP-N-acetylmuramoyl-pentapeptide biosynthesis II (lysine-containing)|g__Clostridiales_unclassified.s__Clostridiales_bacterium_KLE1615	27.0849761143
PWY-6386: UDP-N-acetylmuramoyl-pentapeptide biosynthesis II (lysine-containing)|g__Ruthenibacterium.s__Ruthenibacterium_lactatiformans	26.5785296573
PWY-6386: UDP-N-acetylmuramoyl-pentapeptide biosynthesis II (lysine-containing)|g__Bilophila.s__Bilophila_wadsworthia	22.4002236077
PWY-6386: UDP-N-acetylmuramoyl-pentapeptide biosynthesis II (lysine-containing)|g__Roseburia.s__Roseburia_hominis	20.2244763881
PWY-6386: UDP-N-acetylmuramoyl-pentapeptide biosynthesis II (lysine-containing)|g__Streptococcus.s__Streptococcus_thermophilus	19.4532450065
PWY-6386: UDP-N-acetylmuramoyl-pentapeptide biosynthesis II (lysine-containing)|g__Bacteroides.s__Bacteroides_salyersiae	18.9201911512
PWY-6386: UDP-N-acetylmuramoyl-pentapeptide biosynthesis II (lysine-containing)|g__Slackia.s__Slackia_isoflavoniconvertens	18.0019576046
PWY-6386: UDP-N-acetylmuramoyl-pentapeptide biosynthesis II (lysine-containing)|g__Streptococcus.s__Streptococcus_pneumoniae	16.6138982168
PWY-6386: UDP-N-acetylmuramoyl-pentapeptide biosynthesis II (lysine-containing)|g__Alistipes.s__Alistipes_onderdonkii	13.6123604422
PWY-6386: UDP-N-acetylmuramoyl-pentapeptide biosynthesis II (lysine-containing)|g__Eubacterium.s__Eubacterium_sp_CAG_38	11.6759622758
PWY-6386: UDP-N-acetylmuramoyl-pentapeptide biosynthesis II (lysine-containing)|g__Streptococcus.s__Streptococcus_salivarius	11.3771137620
PWY-6386: UDP-N-acetylmuramoyl-pentapeptide biosynthesis II (lysine-containing)|g__Eisenbergiella.s__Eisenbergiella_tayi	8.7531627953
PWY-6386: UDP-N-acetylmuramoyl-pentapeptide biosynthesis II (lysine-containing)|g__Bacteroides.s__Bacteroides_fragilis	7.5369884925
GLYCOGENSYNTH-PWY: glycogen biosynthesis I (from ADP-D-Glucose)	17292.1452112590
GLYCOGENSYNTH-PWY: glycogen biosynthesis I (from ADP-D-Glucose)|unclassified	3879.6618700150
GLYCOGENSYNTH-PWY: glycogen biosynthesis I (from ADP-D-Glucose)|g__Faecalibacterium.s__Faecalibacterium_prausnitzii	2105.0215498738
GLYCOGENSYNTH-PWY: glycogen biosynthesis I (from ADP-D-Glucose)|g__Bifidobacterium.s__Bifidobacterium_adolescentis	1048.4800913513
GLYCOGENSYNTH-PWY: glycogen biosynthesis I (from ADP-D-Glucose)|g__Blautia.s__Ruminococcus_torques	788.4941545962
GLYCOGENSYNTH-PWY: glycogen biosynthesis I (from ADP-D-Glucose)|g__Ruminococcus.s__Ruminococcus_bicirculans	667.0404371141
GLYCOGENSYNTH-PWY: glycogen biosynthesis I (from ADP-D-Glucose)|g__Ruminococcaceae_unclassified.s__Clostridium_leptum	539.3126573823
GLYCOGENSYNTH-PWY: glycogen biosynthesis I (from ADP-D-Glucose)|g__Anaerostipes.s__Anaerostipes_hadrus	518.3194397310
GLYCOGENSYNTH-PWY: glycogen biosynthesis I (from ADP-D-Glucose)|g__Blautia.s__Blautia_obeum	498.8437446271
GLYCOGENSYNTH-PWY: glycogen biosynthesis I (from ADP-D-Glucose)|g__Fusicatenibacter.s__Fusicatenibacter_saccharivorans	465.1944750514
GLYCOGENSYNTH-PWY: glycogen biosynthesis I (from ADP-D-Glucose)|g__Blautia.s__Blautia_wexlerae	365.3528619736
GLYCOGENSYNTH-PWY: glycogen biosynthesis I (from ADP-D-Glucose)|g__Eubacterium.s__Eubacterium_hallii	341.2455853567
GLYCOGENSYNTH-PWY: glycogen biosynthesis I (from ADP-D-Glucose)|g__Firmicutes_unclassified.s__Firmicutes_bacterium_CAG_65_45_313	302.7116527820
GLYCOGENSYNTH-PWY: glycogen biosynthesis I (from ADP-D-Glucose)|g__Subdoligranulum.s__Subdoligranulum_sp_APC924_74	278.3155489286
GLYCOGENSYNTH-PWY: glycogen biosynthesis I (from ADP-D-Glucose)|g__Collinsella.s__Collinsella_aerofaciens	258.0620664231
GLYCOGENSYNTH-PWY: glycogen biosynthesis I (from ADP-D-Glucose)|g__Ruminococcus.s__Ruminococcus_sp_CAG_177	249.1418914278
GLYCOGENSYNTH-PWY: glycogen biosynthesis I (from ADP-D-Glucose)|g__Gemmiger.s__Gemmiger_formicilis	241.6854886047
GLYCOGENSYNTH-PWY: glycogen biosynthesis I (from ADP-D-Glucose)|g__Ruminococcus.s__Ruminococcus_callidus	235.4243969562
GLYCOGENSYNTH-PWY: glycogen biosynthesis I (from ADP-D-Glucose)|g__Firmicutes_unclassified.s__Firmicutes_bacterium_CAG_110	234.1921722753
GLYCOGENSYNTH-PWY: glycogen biosynthesis I (from ADP-D-Glucose)|g__Dorea.s__Dorea_longicatena	225.5522106099
GLYCOGENSYNTH-PWY: glycogen biosynthesis I (from ADP-D-Glucose)|g__Firmicutes_unclassified.s__Firmicutes_bacterium_AF16_15	225.2487382339
GLYCOGENSYNTH-PWY: glycogen biosynthesis I (from ADP-D-Glucose)|g__Lachnospiraceae_unclassified.s__Eubacterium_rectale	193.0916483075
GLYCOGENSYNTH-PWY: glycogen biosynthesis I (from ADP-D-Glucose)|g__Clostridium.s__Clostridium_sp_AF36_4	131.0557419530
GLYCOGENSYNTH-PWY: glycogen biosynthesis I (from ADP-D-Glucose)|g__Roseburia.s__Roseburia_sp_CAG_380	128.2770938252
GLYCOGENSYNTH-PWY: glycogen biosynthesis I (from ADP-D-Glucose)|g__Roseburia.s__Roseburia_faecis	115.5023885344
GLYCOGENSYNTH-PWY: glycogen biosynthesis I (from ADP-D-Glucose)|g__Coprococcus.s__Coprococcus_comes	115.2895702937
GLYCOGENSYNTH-PWY: glycogen biosynthesis I (from ADP-D-Glucose)|g__Lachnospira.s__Lachnospira_pectinoschiza	112.8469635595
GLYCOGENSYNTH-PWY: glycogen biosynthesis I (from ADP-D-Glucose)|g__Blautia.s__Blautia_sp	102.1173959467
GLYCOGENSYNTH-PWY: glycogen biosynthesis I (from ADP-D-Glucose)|g__Eubacterium.s__Eubacterium_sp_CAG_251	93.2587366212
GLYCOGENSYNTH-PWY: glycogen biosynthesis I (from ADP-D-Glucose)|g__Bifidobacterium.s__Bifidobacterium_bifidum	89.6935166020
GLYCOGENSYNTH-PWY: glycogen biosynthesis I (from ADP-D-Glucose)|g__Roseburia.s__Roseburia_intestinalis	78.7830757179
GLYCOGENSYNTH-PWY: glycogen biosynthesis I (from ADP-D-Glucose)|g__Clostridium.s__Clostridium_sp_CAG_75	76.0146785902
GLYCOGENSYNTH-PWY: glycogen biosynthesis I (from ADP-D-Glucose)|g__Agathobaculum.s__Agathobaculum_butyriciproducens	73.0835925822
GLYCOGENSYNTH-PWY: glycogen biosynthesis I (from ADP-D-Glucose)|g__Bacteroides.s__Bacteroides_caccae	71.4972390272
GLYCOGENSYNTH-PWY: glycogen biosynthesis I (from ADP-D-Glucose)|g__Coprococcus.s__Coprococcus_catus	60.7116035863
GLYCOGENSYNTH-PWY: glycogen biosynthesis I (from ADP-D-Glucose)|g__Dorea.s__Dorea_formicigenerans	59.2346213055
GLYCOGENSYNTH-PWY: glycogen biosynthesis I (from ADP-D-Glucose)|g__Blautia.s__Blautia_sp_CAG_52	56.1613736552
GLYCOGENSYNTH-PWY: glycogen biosynthesis I (from ADP-D-Glucose)|g__Blautia.s__Blautia_sp_AF19_10LB	49.0167663207
GLYCOGENSYNTH-PWY: glycogen biosynthesis I (from ADP-D-Glucose)|g__Clostridium.s__Clostridium_sp_AM22_11AC	47.7370803033
GLYCOGENSYNTH-PWY: glycogen biosynthesis I (from ADP-D-Glucose)|g__Firmicutes_unclassified.s__Firmicutes_bacterium_CAG_41	45.6329596793
GLYCOGENSYNTH-PWY: glycogen biosynthesis I (from ADP-D-Glucose)|g__Roseburia.s__Roseburia_hominis	42.8194394823
GLYCOGENSYNTH-PWY: glycogen biosynthesis I (from ADP-D-Glucose)|g__Bifidobacterium.s__Bifidobacterium_longum	39.6769019233
GLYCOGENSYNTH-PWY: glycogen biosynthesis I (from ADP-D-Glucose)|g__Bacteroides.s__Bacteroides_faecis	37.7346521372
GLYCOGENSYNTH-PWY: glycogen biosynthesis I (from ADP-D-Glucose)|g__Clostridiales_unclassified.s__Clostridiales_bacterium_KLE1615	34.3890199767
GLYCOGENSYNTH-PWY: glycogen biosynthesis I (from ADP-D-Glucose)|g__Bacteroides.s__Bacteroides_ovatus	31.0183238182
GLYCOGENSYNTH-PWY: glycogen biosynthesis I (from ADP-D-Glucose)|g__Ruthenibacterium.s__Ruthenibacterium_lactatiformans	28.5701799576
GLYCOGENSYNTH-PWY: glycogen biosynthesis I (from ADP-D-Glucose)|g__Roseburia.s__Roseburia_inulinivorans	21.2505478131
GLYCOGENSYNTH-PWY: glycogen biosynthesis I (from ADP-D-Glucose)|g__Bacteroides.s__Bacteroides_cellulosilyticus	19.1943743670
GLYCOGENSYNTH-PWY: glycogen biosynthesis I (from ADP-D-Glucose)|g__Streptococcus.s__Streptococcus_salivarius	18.2912932663
GLYCOGENSYNTH-PWY: glycogen biosynthesis I (from ADP-D-Glucose)|g__Eubacterium.s__Eubacterium_ventriosum	11.5613571462
GLYCOGENSYNTH-PWY: glycogen biosynthesis I (from ADP-D-Glucose)|g__Dorea.s__Dorea_sp_OM02_2LB	10.9305272919
GLYCOGENSYNTH-PWY: glycogen biosynthesis I (from ADP-D-Glucose)|g__Eisenbergiella.s__Eisenbergiella_tayi	10.4233012513
GLYCOGENSYNTH-PWY: glycogen biosynthesis I (from ADP-D-Glucose)|g__Eubacterium.s__Eubacterium_sp_AF17_7	10.4197166097
GLYCOGENSYNTH-PWY: glycogen biosynthesis I (from ADP-D-Glucose)|g__Clostridium.s__Clostridium_sp_CAG_230	9.4773318315
GLYCOGENSYNTH-PWY: glycogen biosynthesis I (from ADP-D-Glucose)|g__Intestinibacter.s__Intestinibacter_bartlettii	8.1759656977
GLYCOGENSYNTH-PWY: glycogen biosynthesis I (from ADP-D-Glucose)|g__Turicibacter.s__Turicibacter_sanguinis	8.0382595989
GLYCOGENSYNTH-PWY: glycogen biosynthesis I (from ADP-D-Glucose)|g__Firmicutes_unclassified.s__Firmicutes_bacterium_CAG_94	7.6362537086
GLYCOGENSYNTH-PWY: glycogen biosynthesis I (from ADP-D-Glucose)|g__Eubacterium.s__Eubacterium_sp_CAG_38	7.1973449395
GLYCOGENSYNTH-PWY: glycogen biosynthesis I (from ADP-D-Glucose)|g__Streptococcus.s__Streptococcus_pneumoniae	5.7066689453
GLYCOGENSYNTH-PWY: glycogen biosynthesis I (from ADP-D-Glucose)|g__Bacteroides.s__Bacteroides_fragilis	4.9593071757
PWY-6387: UDP-N-acetylmuramoyl-pentapeptide biosynthesis I (meso-diaminopimelate containing)	17271.3550192250
PWY-6387: UDP-N-acetylmuramoyl-pentapeptide biosynthesis I (meso-diaminopimelate containing)|unclassified	3706.9139408282
PWY-6387: UDP-N-acetylmuramoyl-pentapeptide biosynthesis I (meso-diaminopimelate containing)|g__Prevotella.s__Prevotella_copri	1498.4961980298
PWY-6387: UDP-N-acetylmuramoyl-pentapeptide biosynthesis I (meso-diaminopimelate containing)|g__Faecalibacterium.s__Faecalibacterium_prausnitzii	1374.3865172296
PWY-6387: UDP-N-acetylmuramoyl-pentapeptide biosynthesis I (meso-diaminopimelate containing)|g__Bifidobacterium.s__Bifidobacterium_adolescentis	697.0659794625
PWY-6387: UDP-N-acetylmuramoyl-pentapeptide biosynthesis I (meso-diaminopimelate containing)|g__Ruminococcus.s__Ruminococcus_bicirculans	560.9528267017
PWY-6387: UDP-N-acetylmuramoyl-pentapeptide biosynthesis I (meso-diaminopimelate containing)|g__Akkermansia.s__Akkermansia_muciniphila	502.0696788345
PWY-6387: UDP-N-acetylmuramoyl-pentapeptide biosynthesis I (meso-diaminopimelate containing)|g__Ruminococcaceae_unclassified.s__Clostridium_leptum	499.9402628192
PWY-6387: UDP-N-acetylmuramoyl-pentapeptide biosynthesis I (meso-diaminopimelate containing)|g__Blautia.s__Ruminococcus_torques	468.1592064104
PWY-6387: UDP-N-acetylmuramoyl-pentapeptide biosynthesis I (meso-diaminopimelate containing)|g__Alistipes.s__Alistipes_finegoldii	338.3708969673
PWY-6387: UDP-N-acetylmuramoyl-pentapeptide biosynthesis I (meso-diaminopimelate containing)|g__Bacteroides.s__Bacteroides_vulgatus	318.2582771594
PWY-6387: UDP-N-acetylmuramoyl-pentapeptide biosynthesis I (meso-diaminopimelate containing)|g__Barnesiella.s__Barnesiella_intestinihominis	294.6935003172
PWY-6387: UDP-N-acetylmuramoyl-pentapeptide biosynthesis I (meso-diaminopimelate containing)|g__Blautia.s__Blautia_wexlerae	288.1791025001
PWY-6387: UDP-N-acetylmuramoyl-pentapeptide biosynthesis I (meso-diaminopimelate containing)|g__Subdoligranulum.s__Subdoligranulum_sp_APC924_74	278.0525045796
PWY-6387: UDP-N-acetylmuramoyl-pentapeptide biosynthesis I (meso-diaminopimelate containing)|g__Anaerostipes.s__Anaerostipes_hadrus	275.1403469860
PWY-6387: UDP-N-acetylmuramoyl-pentapeptide biosynthesis I (meso-diaminopimelate containing)|g__Fusicatenibacter.s__Fusicatenibacter_saccharivorans	245.4933940035
PWY-6387: UDP-N-acetylmuramoyl-pentapeptide biosynthesis I (meso-diaminopimelate containing)|g__Blautia.s__Blautia_obeum	239.0583649298
PWY-6387: UDP-N-acetylmuramoyl-pentapeptide biosynthesis I (meso-diaminopimelate containing)|g__Collinsella.s__Collinsella_aerofaciens	230.7579566207
PWY-6387: UDP-N-acetylmuramoyl-pentapeptide biosynthesis I (meso-diaminopimelate containing)|g__Gemmiger.s__Gemmiger_formicilis	223.6961701654
PWY-6387: UDP-N-acetylmuramoyl-pentapeptide biosynthesis I (meso-diaminopimelate containing)|g__Bacteroides.s__Bacteroides_massiliensis	214.9034611099
PWY-6387: UDP-N-acetylmuramoyl-pentapeptide biosynthesis I (meso-diaminopimelate containing)|g__Ruminococcus.s__Ruminococcus_callidus	213.2478922677
PWY-6387: UDP-N-acetylmuramoyl-pentapeptide biosynthesis I (meso-diaminopimelate containing)|g__Firmicutes_unclassified.s__Firmicutes_bacterium_CAG_110	202.1439247338
PWY-6387: UDP-N-acetylmuramoyl-pentapeptide biosynthesis I (meso-diaminopimelate containing)|g__Phascolarctobacterium.s__Phascolarctobacterium_faecium	201.0280789286
PWY-6387: UDP-N-acetylmuramoyl-pentapeptide biosynthesis I (meso-diaminopimelate containing)|g__Lachnospiraceae_unclassified.s__Eubacterium_rectale	196.2153965305
PWY-6387: UDP-N-acetylmuramoyl-pentapeptide biosynthesis I (meso-diaminopimelate containing)|g__Bifidobacterium.s__Bifidobacterium_bifidum	169.3433170745
PWY-6387: UDP-N-acetylmuramoyl-pentapeptide biosynthesis I (meso-diaminopimelate containing)|g__Firmicutes_unclassified.s__Firmicutes_bacterium_AF16_15	166.5291483004
PWY-6387: UDP-N-acetylmuramoyl-pentapeptide biosynthesis I (meso-diaminopimelate containing)|g__Sutterella.s__Sutterella_wadsworthensis	150.2426995379
PWY-6387: UDP-N-acetylmuramoyl-pentapeptide biosynthesis I (meso-diaminopimelate containing)|g__Lachnospira.s__Lachnospira_pectinoschiza	148.6148473436
PWY-6387: UDP-N-acetylmuramoyl-pentapeptide biosynthesis I (meso-diaminopimelate containing)|g__Eubacterium.s__Eubacterium_hallii	125.6153437724
PWY-6387: UDP-N-acetylmuramoyl-pentapeptide biosynthesis I (meso-diaminopimelate containing)|g__Dorea.s__Dorea_longicatena	118.4569163831
PWY-6387: UDP-N-acetylmuramoyl-pentapeptide biosynthesis I (meso-diaminopimelate containing)|g__Bacteroides.s__Bacteroides_dorei	110.8898882400
PWY-6387: UDP-N-acetylmuramoyl-pentapeptide biosynthesis I (meso-diaminopimelate containing)|g__Clostridium.s__Clostridium_sp_AF36_4	106.0457425871
PWY-6387: UDP-N-acetylmuramoyl-pentapeptide biosynthesis I (meso-diaminopimelate containing)|g__Roseburia.s__Roseburia_sp_CAG_380	100.7556537361
PWY-6387: UDP-N-acetylmuramoyl-pentapeptide biosynthesis I (meso-diaminopimelate containing)|g__Bacteroides.s__Bacteroides_caccae	90.9977780864
PWY-6387: UDP-N-acetylmuramoyl-pentapeptide biosynthesis I (meso-diaminopimelate containing)|g__Roseburia.s__Roseburia_faecis	83.4588973474
PWY-6387: UDP-N-acetylmuramoyl-pentapeptide biosynthesis I (meso-diaminopimelate containing)|g__Bacteroides.s__Bacteroides_uniformis	82.8997957725
PWY-6387: UDP-N-acetylmuramoyl-pentapeptide biosynthesis I (meso-diaminopimelate containing)|g__Blautia.s__Blautia_sp	77.3600505460
PWY-6387: UDP-N-acetylmuramoyl-pentapeptide biosynthesis I (meso-diaminopimelate containing)|g__Eubacterium.s__Eubacterium_sp_CAG_251	75.9066167176
PWY-6387: UDP-N-acetylmuramoyl-pentapeptide biosynthesis I (meso-diaminopimelate containing)|g__Blautia.s__Blautia_sp_CAG_52	68.9925876633
PWY-6387: UDP-N-acetylmuramoyl-pentapeptide biosynthesis I (meso-diaminopimelate containing)|g__Bacteroides.s__Bacteroides_ovatus	68.4568391471
PWY-6387: UDP-N-acetylmuramoyl-pentapeptide biosynthesis I (meso-diaminopimelate containing)|g__Parabacteroides.s__Parabacteroides_merdae	68.0107603288
PWY-6387: UDP-N-acetylmuramoyl-pentapeptide biosynthesis I (meso-diaminopimelate containing)|g__Oscillibacter.s__Oscillibacter_sp_57_20	62.0874424643
PWY-6387: UDP-N-acetylmuramoyl-pentapeptide biosynthesis I (meso-diaminopimelate containing)|g__Bifidobacterium.s__Bifidobacterium_longum	60.8933825532
PWY-6387: UDP-N-acetylmuramoyl-pentapeptide biosynthesis I (meso-diaminopimelate containing)|g__Senegalimassilia.s__Senegalimassilia_anaerobia	60.5517088924
PWY-6387: UDP-N-acetylmuramoyl-pentapeptide biosynthesis I (meso-diaminopimelate containing)|g__Alistipes.s__Alistipes_indistinctus	57.1023208953
PWY-6387: UDP-N-acetylmuramoyl-pentapeptide biosynthesis I (meso-diaminopimelate containing)|g__Firmicutes_unclassified.s__Firmicutes_bacterium_CAG_41	51.6060191464
PWY-6387: UDP-N-acetylmuramoyl-pentapeptide biosynthesis I (meso-diaminopimelate containing)|g__Coprococcus.s__Coprococcus_catus	49.1978940252
PWY-6387: UDP-N-acetylmuramoyl-pentapeptide biosynthesis I (meso-diaminopimelate containing)|g__Bacteroides.s__Bacteroides_cellulosilyticus	48.8432329492
PWY-6387: UDP-N-acetylmuramoyl-pentapeptide biosynthesis I (meso-diaminopimelate containing)|g__Firmicutes_unclassified.s__Firmicutes_bacterium_CAG_114	47.7890581436
PWY-6387: UDP-N-acetylmuramoyl-pentapeptide biosynthesis I (meso-diaminopimelate containing)|g__Agathobaculum.s__Agathobaculum_butyriciproducens	45.7527570056
PWY-6387: UDP-N-acetylmuramoyl-pentapeptide biosynthesis I (meso-diaminopimelate containing)|g__Coprococcus.s__Coprococcus_comes	40.4945813637
PWY-6387: UDP-N-acetylmuramoyl-pentapeptide biosynthesis I (meso-diaminopimelate containing)|g__Parabacteroides.s__Parabacteroides_distasonis	36.8718889767
PWY-6387: UDP-N-acetylmuramoyl-pentapeptide biosynthesis I (meso-diaminopimelate containing)|g__Bacteroides.s__Bacteroides_faecis	32.2481507593
PWY-6387: UDP-N-acetylmuramoyl-pentapeptide biosynthesis I (meso-diaminopimelate containing)|g__Dorea.s__Dorea_formicigenerans	32.0713294742
PWY-6387: UDP-N-acetylmuramoyl-pentapeptide biosynthesis I (meso-diaminopimelate containing)|g__Ruthenibacterium.s__Ruthenibacterium_lactatiformans	31.7585471875
PWY-6387: UDP-N-acetylmuramoyl-pentapeptide biosynthesis I (meso-diaminopimelate containing)|g__Roseburia.s__Roseburia_intestinalis	31.1171643693
PWY-6387: UDP-N-acetylmuramoyl-pentapeptide biosynthesis I (meso-diaminopimelate containing)|g__Butyricimonas.s__Butyricimonas_synergistica	30.5697477958
PWY-6387: UDP-N-acetylmuramoyl-pentapeptide biosynthesis I (meso-diaminopimelate containing)|g__Blautia.s__Blautia_sp_AF19_10LB	30.3083695869
PWY-6387: UDP-N-acetylmuramoyl-pentapeptide biosynthesis I (meso-diaminopimelate containing)|g__Odoribacter.s__Odoribacter_splanchnicus	29.7995187621
PWY-6387: UDP-N-acetylmuramoyl-pentapeptide biosynthesis I (meso-diaminopimelate containing)|g__Eubacterium.s__Eubacterium_sp_36_13	29.7139946284
PWY-6387: UDP-N-acetylmuramoyl-pentapeptide biosynthesis I (meso-diaminopimelate containing)|g__Roseburia.s__Roseburia_hominis	25.8718546349
PWY-6387: UDP-N-acetylmuramoyl-pentapeptide biosynthesis I (meso-diaminopimelate containing)|g__Bilophila.s__Bilophila_wadsworthia	23.1637402665
PWY-6387: UDP-N-acetylmuramoyl-pentapeptide biosynthesis I (meso-diaminopimelate containing)|g__Bacteroides.s__Bacteroides_salyersiae	22.9605745326
PWY-6387: UDP-N-acetylmuramoyl-pentapeptide biosynthesis I (meso-diaminopimelate containing)|g__Alistipes.s__Alistipes_onderdonkii	22.6180227770
PWY-6387: UDP-N-acetylmuramoyl-pentapeptide biosynthesis I (meso-diaminopimelate containing)|g__Clostridiales_unclassified.s__Clostridiales_bacterium_KLE1615	21.1478296447
PWY-6387: UDP-N-acetylmuramoyl-pentapeptide biosynthesis I (meso-diaminopimelate containing)|g__Eggerthella.s__Eggerthella_sp_CAG_298	19.1309755409
PWY-6387: UDP-N-acetylmuramoyl-pentapeptide biosynthesis I (meso-diaminopimelate containing)|g__Slackia.s__Slackia_isoflavoniconvertens	16.6701629793
PWY-6387: UDP-N-acetylmuramoyl-pentapeptide biosynthesis I (meso-diaminopimelate containing)|g__Streptococcus.s__Streptococcus_pneumoniae	16.6617090770
PWY-6387: UDP-N-acetylmuramoyl-pentapeptide biosynthesis I (meso-diaminopimelate containing)|g__Intestinibacter.s__Intestinibacter_bartlettii	15.9517410347
PWY-6387: UDP-N-acetylmuramoyl-pentapeptide biosynthesis I (meso-diaminopimelate containing)|g__Asaccharobacter.s__Asaccharobacter_celatus	13.1340537250
PWY-6387: UDP-N-acetylmuramoyl-pentapeptide biosynthesis I (meso-diaminopimelate containing)|g__Streptococcus.s__Streptococcus_thermophilus	12.1725843050
PWY-6387: UDP-N-acetylmuramoyl-pentapeptide biosynthesis I (meso-diaminopimelate containing)|g__Eubacterium.s__Eubacterium_sp_CAG_38	10.5905779851
PWY-6387: UDP-N-acetylmuramoyl-pentapeptide biosynthesis I (meso-diaminopimelate containing)|g__Eisenbergiella.s__Eisenbergiella_tayi	9.9815814475
PWY-6387: UDP-N-acetylmuramoyl-pentapeptide biosynthesis I (meso-diaminopimelate containing)|g__Roseburia.s__Roseburia_inulinivorans	7.3855815087
PWY-6387: UDP-N-acetylmuramoyl-pentapeptide biosynthesis I (meso-diaminopimelate containing)|g__Bacteroides.s__Bacteroides_fragilis	6.6877170498
PWY-6387: UDP-N-acetylmuramoyl-pentapeptide biosynthesis I (meso-diaminopimelate containing)|g__Butyricimonas.s__Butyricimonas_virosa	5.6305008348
PWY-6387: UDP-N-acetylmuramoyl-pentapeptide biosynthesis I (meso-diaminopimelate containing)|g__Streptococcus.s__Streptococcus_salivarius	2.7664880028
PWY-6163: chorismate biosynthesis from 3-dehydroquinate	17221.2206905073
PWY-6163: chorismate biosynthesis from 3-dehydroquinate|unclassified	3599.7783591442
PWY-6163: chorismate biosynthesis from 3-dehydroquinate|g__Faecalibacterium.s__Faecalibacterium_prausnitzii	2205.8035237198
PWY-6163: chorismate biosynthesis from 3-dehydroquinate|g__Bifidobacterium.s__Bifidobacterium_adolescentis	814.6433696155
PWY-6163: chorismate biosynthesis from 3-dehydroquinate|g__Ruminococcaceae_unclassified.s__Clostridium_leptum	682.5982629595
PWY-6163: chorismate biosynthesis from 3-dehydroquinate|g__Blautia.s__Ruminococcus_torques	559.9454507093
PWY-6163: chorismate biosynthesis from 3-dehydroquinate|g__Ruminococcus.s__Ruminococcus_bicirculans	514.0593716450
PWY-6163: chorismate biosynthesis from 3-dehydroquinate|g__Blautia.s__Blautia_obeum	410.7527121901
PWY-6163: chorismate biosynthesis from 3-dehydroquinate|g__Akkermansia.s__Akkermansia_muciniphila	368.5203144757
PWY-6163: chorismate biosynthesis from 3-dehydroquinate|g__Subdoligranulum.s__Subdoligranulum_sp_APC924_74	348.9588577550
PWY-6163: chorismate biosynthesis from 3-dehydroquinate|g__Barnesiella.s__Barnesiella_intestinihominis	339.0709861130
PWY-6163: chorismate biosynthesis from 3-dehydroquinate|g__Lachnospiraceae_unclassified.s__Eubacterium_rectale	291.2382242323
PWY-6163: chorismate biosynthesis from 3-dehydroquinate|g__Fusicatenibacter.s__Fusicatenibacter_saccharivorans	285.6313960662
PWY-6163: chorismate biosynthesis from 3-dehydroquinate|g__Anaerostipes.s__Anaerostipes_hadrus	268.0315409113
PWY-6163: chorismate biosynthesis from 3-dehydroquinate|g__Bacteroides.s__Bacteroides_vulgatus	249.2913747108
PWY-6163: chorismate biosynthesis from 3-dehydroquinate|g__Ruminococcus.s__Ruminococcus_callidus	240.4336812480
PWY-6163: chorismate biosynthesis from 3-dehydroquinate|g__Ruminococcus.s__Ruminococcus_sp_CAG_177	234.0971697860
PWY-6163: chorismate biosynthesis from 3-dehydroquinate|g__Alistipes.s__Alistipes_finegoldii	211.9465352401
PWY-6163: chorismate biosynthesis from 3-dehydroquinate|g__Phascolarctobacterium.s__Phascolarctobacterium_faecium	210.3156481656
PWY-6163: chorismate biosynthesis from 3-dehydroquinate|g__Firmicutes_unclassified.s__Firmicutes_bacterium_CAG_65_45_313	204.8565136812
PWY-6163: chorismate biosynthesis from 3-dehydroquinate|g__Blautia.s__Blautia_wexlerae	201.6611552785
PWY-6163: chorismate biosynthesis from 3-dehydroquinate|g__Collinsella.s__Collinsella_aerofaciens	191.9933765793
PWY-6163: chorismate biosynthesis from 3-dehydroquinate|g__Bacteroides.s__Bacteroides_massiliensis	182.4789664203
PWY-6163: chorismate biosynthesis from 3-dehydroquinate|g__Sutterella.s__Sutterella_wadsworthensis	161.5558283763
PWY-6163: chorismate biosynthesis from 3-dehydroquinate|g__Eubacterium.s__Eubacterium_hallii	161.4768627914
PWY-6163: chorismate biosynthesis from 3-dehydroquinate|g__Lachnospira.s__Lachnospira_pectinoschiza	154.2748124138
PWY-6163: chorismate biosynthesis from 3-dehydroquinate|g__Bifidobacterium.s__Bifidobacterium_bifidum	150.0669438635
PWY-6163: chorismate biosynthesis from 3-dehydroquinate|g__Firmicutes_unclassified.s__Firmicutes_bacterium_AF16_15	131.5500920140
PWY-6163: chorismate biosynthesis from 3-dehydroquinate|g__Bacteroides.s__Bacteroides_dorei	117.0821934268
PWY-6163: chorismate biosynthesis from 3-dehydroquinate|g__Roseburia.s__Roseburia_sp_CAG_380	116.8804143453
PWY-6163: chorismate biosynthesis from 3-dehydroquinate|g__Eubacterium.s__Eubacterium_sp_CAG_251	102.8081308723
PWY-6163: chorismate biosynthesis from 3-dehydroquinate|g__Dorea.s__Dorea_longicatena	101.7462013993
PWY-6163: chorismate biosynthesis from 3-dehydroquinate|g__Blautia.s__Blautia_sp	93.0453713116
PWY-6163: chorismate biosynthesis from 3-dehydroquinate|g__Bacteroides.s__Bacteroides_uniformis	89.2541968632
PWY-6163: chorismate biosynthesis from 3-dehydroquinate|g__Roseburia.s__Roseburia_faecis	84.9414194532
PWY-6163: chorismate biosynthesis from 3-dehydroquinate|g__Bacteroides.s__Bacteroides_caccae	78.2645657753
PWY-6163: chorismate biosynthesis from 3-dehydroquinate|g__Parabacteroides.s__Parabacteroides_merdae	69.6577097915
PWY-6163: chorismate biosynthesis from 3-dehydroquinate|g__Roseburia.s__Roseburia_intestinalis	65.8985948329
PWY-6163: chorismate biosynthesis from 3-dehydroquinate|g__Blautia.s__Blautia_sp_CAG_52	63.6666967245
PWY-6163: chorismate biosynthesis from 3-dehydroquinate|g__Bacteroides.s__Bacteroides_cellulosilyticus	58.8710576353
PWY-6163: chorismate biosynthesis from 3-dehydroquinate|g__Bacteroides.s__Bacteroides_ovatus	58.4849920251
PWY-6163: chorismate biosynthesis from 3-dehydroquinate|g__Senegalimassilia.s__Senegalimassilia_anaerobia	56.7866081868
PWY-6163: chorismate biosynthesis from 3-dehydroquinate|g__Agathobaculum.s__Agathobaculum_butyriciproducens	56.0046906521
PWY-6163: chorismate biosynthesis from 3-dehydroquinate|g__Firmicutes_unclassified.s__Firmicutes_bacterium_CAG_41	55.5480549139
PWY-6163: chorismate biosynthesis from 3-dehydroquinate|g__Coprococcus.s__Coprococcus_comes	54.4917219437
PWY-6163: chorismate biosynthesis from 3-dehydroquinate|g__Oscillibacter.s__Oscillibacter_sp_57_20	52.8644232799
PWY-6163: chorismate biosynthesis from 3-dehydroquinate|g__Bifidobacterium.s__Bifidobacterium_longum	45.3882670121
PWY-6163: chorismate biosynthesis from 3-dehydroquinate|g__Alistipes.s__Alistipes_indistinctus	41.9596376000
PWY-6163: chorismate biosynthesis from 3-dehydroquinate|g__Coprococcus.s__Coprococcus_catus	41.9308912049
PWY-6163: chorismate biosynthesis from 3-dehydroquinate|g__Eggerthella.s__Eggerthella_sp_CAG_298	39.2395838706
PWY-6163: chorismate biosynthesis from 3-dehydroquinate|g__Alistipes.s__Alistipes_onderdonkii	37.7315655126
PWY-6163: chorismate biosynthesis from 3-dehydroquinate|g__Eubacterium.s__Eubacterium_sp_36_13	36.9174621181
PWY-6163: chorismate biosynthesis from 3-dehydroquinate|g__Clostridiales_unclassified.s__Clostridiales_bacterium_KLE1615	36.5912879304
PWY-6163: chorismate biosynthesis from 3-dehydroquinate|g__Blautia.s__Blautia_sp_AF19_10LB	36.5805069725
PWY-6163: chorismate biosynthesis from 3-dehydroquinate|g__Dorea.s__Dorea_formicigenerans	35.3742263250
PWY-6163: chorismate biosynthesis from 3-dehydroquinate|g__Bacteroides.s__Bacteroides_faecis	32.9141949660
PWY-6163: chorismate biosynthesis from 3-dehydroquinate|g__Parabacteroides.s__Parabacteroides_distasonis	31.7208330500
PWY-6163: chorismate biosynthesis from 3-dehydroquinate|g__Roseburia.s__Roseburia_hominis	30.0406606651
PWY-6163: chorismate biosynthesis from 3-dehydroquinate|g__Ruthenibacterium.s__Ruthenibacterium_lactatiformans	28.5661479583
PWY-6163: chorismate biosynthesis from 3-dehydroquinate|g__Bilophila.s__Bilophila_wadsworthia	20.6478895213
PWY-6163: chorismate biosynthesis from 3-dehydroquinate|g__Intestinibacter.s__Intestinibacter_bartlettii	20.5817531548
PWY-6163: chorismate biosynthesis from 3-dehydroquinate|g__Roseburia.s__Roseburia_inulinivorans	20.3621819335
PWY-6163: chorismate biosynthesis from 3-dehydroquinate|g__Butyricimonas.s__Butyricimonas_synergistica	18.4649726548
PWY-6163: chorismate biosynthesis from 3-dehydroquinate|g__Odoribacter.s__Odoribacter_splanchnicus	17.9436172175
PWY-6163: chorismate biosynthesis from 3-dehydroquinate|g__Alistipes.s__Alistipes_shahii	16.3497727707
PWY-6163: chorismate biosynthesis from 3-dehydroquinate|g__Eubacterium.s__Eubacterium_sp_AF17_7	14.6321722991
PWY-6163: chorismate biosynthesis from 3-dehydroquinate|g__Bacteroides.s__Bacteroides_fragilis	14.2243118028
PWY-6163: chorismate biosynthesis from 3-dehydroquinate|g__Slackia.s__Slackia_isoflavoniconvertens	13.5493480667
PWY-6163: chorismate biosynthesis from 3-dehydroquinate|g__Streptococcus.s__Streptococcus_pneumoniae	11.0042992857
PWY-6163: chorismate biosynthesis from 3-dehydroquinate|g__Streptococcus.s__Streptococcus_parasanguinis	10.6808618579
PWY-6163: chorismate biosynthesis from 3-dehydroquinate|g__Eisenbergiella.s__Eisenbergiella_tayi	10.5006106199
PWY-6163: chorismate biosynthesis from 3-dehydroquinate|g__Streptococcus.s__Streptococcus_thermophilus	9.4853031522
PWY-6163: chorismate biosynthesis from 3-dehydroquinate|g__Lawsonibacter.s__Lawsonibacter_asaccharolyticus	9.4294729464
PWY-6163: chorismate biosynthesis from 3-dehydroquinate|g__Victivallales_unclassified.s__Victivallales_bacterium_CCUG_44730	8.9979282507
PWY-6163: chorismate biosynthesis from 3-dehydroquinate|g__Firmicutes_unclassified.s__Firmicutes_bacterium_CAG_145	7.0998077216
PWY-6163: chorismate biosynthesis from 3-dehydroquinate|g__Streptococcus.s__Streptococcus_salivarius	6.2426905738
PWY-6163: chorismate biosynthesis from 3-dehydroquinate|g__Lentisphaerae_unclassified.s__Lentisphaerae_bacterium	3.7882246096
PWY-6163: chorismate biosynthesis from 3-dehydroquinate|g__Victivallis.s__Victivallis_vadensis	3.5153287920
ARO-PWY: chorismate biosynthesis I	16890.4349813706
ARO-PWY: chorismate biosynthesis I|unclassified	3438.7663621319
ARO-PWY: chorismate biosynthesis I|g__Faecalibacterium.s__Faecalibacterium_prausnitzii	2253.2959757593
ARO-PWY: chorismate biosynthesis I|g__Bifidobacterium.s__Bifidobacterium_adolescentis	970.2583967988
ARO-PWY: chorismate biosynthesis I|g__Ruminococcaceae_unclassified.s__Clostridium_leptum	616.2014596649
ARO-PWY: chorismate biosynthesis I|g__Blautia.s__Ruminococcus_torques	532.9367997658
ARO-PWY: chorismate biosynthesis I|g__Akkermansia.s__Akkermansia_muciniphila	410.3214028347
ARO-PWY: chorismate biosynthesis I|g__Blautia.s__Blautia_obeum	377.8235499034
ARO-PWY: chorismate biosynthesis I|g__Subdoligranulum.s__Subdoligranulum_sp_APC924_74	338.3263619504
ARO-PWY: chorismate biosynthesis I|g__Anaerostipes.s__Anaerostipes_hadrus	269.6019457483
ARO-PWY: chorismate biosynthesis I|g__Fusicatenibacter.s__Fusicatenibacter_saccharivorans	258.1840831534
ARO-PWY: chorismate biosynthesis I|g__Alistipes.s__Alistipes_finegoldii	251.5860703757
ARO-PWY: chorismate biosynthesis I|g__Lachnospiraceae_unclassified.s__Eubacterium_rectale	242.6021249072
ARO-PWY: chorismate biosynthesis I|g__Ruminococcus.s__Ruminococcus_callidus	229.0710442688
ARO-PWY: chorismate biosynthesis I|g__Collinsella.s__Collinsella_aerofaciens	215.8052908144
ARO-PWY: chorismate biosynthesis I|g__Phascolarctobacterium.s__Phascolarctobacterium_faecium	203.3065531374
ARO-PWY: chorismate biosynthesis I|g__Firmicutes_unclassified.s__Firmicutes_bacterium_CAG_65_45_313	166.4450951727
ARO-PWY: chorismate biosynthesis I|g__Eubacterium.s__Eubacterium_hallii	157.0941079080
ARO-PWY: chorismate biosynthesis I|g__Blautia.s__Blautia_wexlerae	154.3280907887
ARO-PWY: chorismate biosynthesis I|g__Bifidobacterium.s__Bifidobacterium_bifidum	147.9093756410
ARO-PWY: chorismate biosynthesis I|g__Lachnospira.s__Lachnospira_pectinoschiza	141.1289329598
ARO-PWY: chorismate biosynthesis I|g__Firmicutes_unclassified.s__Firmicutes_bacterium_AF16_15	127.9896213686
ARO-PWY: chorismate biosynthesis I|g__Dorea.s__Dorea_longicatena	115.6771911825
ARO-PWY: chorismate biosynthesis I|g__Roseburia.s__Roseburia_sp_CAG_380	114.7763920375
ARO-PWY: chorismate biosynthesis I|g__Bacteroides.s__Bacteroides_dorei	99.3428454142
ARO-PWY: chorismate biosynthesis I|g__Eubacterium.s__Eubacterium_sp_CAG_251	92.5823595133
ARO-PWY: chorismate biosynthesis I|g__Blautia.s__Blautia_sp	84.6077038328
ARO-PWY: chorismate biosynthesis I|g__Roseburia.s__Roseburia_faecis	77.7559531113
ARO-PWY: chorismate biosynthesis I|g__Bacteroides.s__Bacteroides_caccae	74.6838894092
ARO-PWY: chorismate biosynthesis I|g__Parabacteroides.s__Parabacteroides_merdae	69.4151533066
ARO-PWY: chorismate biosynthesis I|g__Bacteroides.s__Bacteroides_vulgatus	63.2349213023
ARO-PWY: chorismate biosynthesis I|g__Agathobaculum.s__Agathobaculum_butyriciproducens	60.5023251115
ARO-PWY: chorismate biosynthesis I|g__Blautia.s__Blautia_sp_CAG_52	59.4577562752
ARO-PWY: chorismate biosynthesis I|g__Roseburia.s__Roseburia_intestinalis	59.0855713306
ARO-PWY: chorismate biosynthesis I|g__Bacteroides.s__Bacteroides_cellulosilyticus	53.9501513378
ARO-PWY: chorismate biosynthesis I|g__Coprococcus.s__Coprococcus_comes	49.8480496441
ARO-PWY: chorismate biosynthesis I|g__Bacteroides.s__Bacteroides_ovatus	47.7239392938
ARO-PWY: chorismate biosynthesis I|g__Coprococcus.s__Coprococcus_catus	44.4506199018
ARO-PWY: chorismate biosynthesis I|g__Bifidobacterium.s__Bifidobacterium_longum	43.7196094772
ARO-PWY: chorismate biosynthesis I|g__Firmicutes_unclassified.s__Firmicutes_bacterium_CAG_41	40.6703216940
ARO-PWY: chorismate biosynthesis I|g__Clostridiales_unclassified.s__Clostridiales_bacterium_KLE1615	40.1638609992
ARO-PWY: chorismate biosynthesis I|g__Dorea.s__Dorea_formicigenerans	38.1534179909
ARO-PWY: chorismate biosynthesis I|g__Eubacterium.s__Eubacterium_sp_36_13	32.4168073671
ARO-PWY: chorismate biosynthesis I|g__Roseburia.s__Roseburia_hominis	27.9408731556
ARO-PWY: chorismate biosynthesis I|g__Bacteroides.s__Bacteroides_faecis	26.7509630736
ARO-PWY: chorismate biosynthesis I|g__Parabacteroides.s__Parabacteroides_distasonis	25.9296656453
ARO-PWY: chorismate biosynthesis I|g__Eggerthella.s__Eggerthella_sp_CAG_298	24.8004261221
ARO-PWY: chorismate biosynthesis I|g__Blautia.s__Blautia_sp_AF19_10LB	24.7783569511
ARO-PWY: chorismate biosynthesis I|g__Odoribacter.s__Odoribacter_splanchnicus	20.3194881615
ARO-PWY: chorismate biosynthesis I|g__Roseburia.s__Roseburia_inulinivorans	19.5003740887
ARO-PWY: chorismate biosynthesis I|g__Intestinibacter.s__Intestinibacter_bartlettii	18.8016496869
ARO-PWY: chorismate biosynthesis I|g__Slackia.s__Slackia_isoflavoniconvertens	13.2444743521
ARO-PWY: chorismate biosynthesis I|g__Bacteroides.s__Bacteroides_fragilis	12.1698718703
ARO-PWY: chorismate biosynthesis I|g__Alistipes.s__Alistipes_shahii	11.9995017863
ARO-PWY: chorismate biosynthesis I|g__Streptococcus.s__Streptococcus_pneumoniae	11.8622932062
ARO-PWY: chorismate biosynthesis I|g__Streptococcus.s__Streptococcus_parasanguinis	10.5711980475
ARO-PWY: chorismate biosynthesis I|g__Streptococcus.s__Streptococcus_thermophilus	10.0838868082
ARO-PWY: chorismate biosynthesis I|g__Streptococcus.s__Streptococcus_salivarius	7.1099898055
ARO-PWY: chorismate biosynthesis I|g__Firmicutes_unclassified.s__Firmicutes_bacterium_CAG_145	7.0906348862
ARO-PWY: chorismate biosynthesis I|g__Alistipes.s__Alistipes_onderdonkii	6.9700035311
PEPTIDOGLYCANSYN-PWY: peptidoglycan biosynthesis I (meso-diaminopimelate containing)	16849.9912893084
PEPTIDOGLYCANSYN-PWY: peptidoglycan biosynthesis I (meso-diaminopimelate containing)|unclassified	3626.9918970022
PEPTIDOGLYCANSYN-PWY: peptidoglycan biosynthesis I (meso-diaminopimelate containing)|g__Prevotella.s__Prevotella_copri	1515.2586589570
PEPTIDOGLYCANSYN-PWY: peptidoglycan biosynthesis I (meso-diaminopimelate containing)|g__Faecalibacterium.s__Faecalibacterium_prausnitzii	1128.7761132471
PEPTIDOGLYCANSYN-PWY: peptidoglycan biosynthesis I (meso-diaminopimelate containing)|g__Bifidobacterium.s__Bifidobacterium_adolescentis	727.1535890419
PEPTIDOGLYCANSYN-PWY: peptidoglycan biosynthesis I (meso-diaminopimelate containing)|g__Ruminococcus.s__Ruminococcus_bicirculans	551.7810058950
PEPTIDOGLYCANSYN-PWY: peptidoglycan biosynthesis I (meso-diaminopimelate containing)|g__Akkermansia.s__Akkermansia_muciniphila	509.8606674935
PEPTIDOGLYCANSYN-PWY: peptidoglycan biosynthesis I (meso-diaminopimelate containing)|g__Ruminococcaceae_unclassified.s__Clostridium_leptum	496.6733807074
PEPTIDOGLYCANSYN-PWY: peptidoglycan biosynthesis I (meso-diaminopimelate containing)|g__Blautia.s__Ruminococcus_torques	434.1326493492
PEPTIDOGLYCANSYN-PWY: peptidoglycan biosynthesis I (meso-diaminopimelate containing)|g__Alistipes.s__Alistipes_finegoldii	344.0187516328
PEPTIDOGLYCANSYN-PWY: peptidoglycan biosynthesis I (meso-diaminopimelate containing)|g__Bacteroides.s__Bacteroides_vulgatus	310.8313285163
PEPTIDOGLYCANSYN-PWY: peptidoglycan biosynthesis I (meso-diaminopimelate containing)|g__Barnesiella.s__Barnesiella_intestinihominis	305.4216720696
PEPTIDOGLYCANSYN-PWY: peptidoglycan biosynthesis I (meso-diaminopimelate containing)|g__Anaerostipes.s__Anaerostipes_hadrus	286.1676119349
PEPTIDOGLYCANSYN-PWY: peptidoglycan biosynthesis I (meso-diaminopimelate containing)|g__Subdoligranulum.s__Subdoligranulum_sp_APC924_74	278.7611525414
PEPTIDOGLYCANSYN-PWY: peptidoglycan biosynthesis I (meso-diaminopimelate containing)|g__Blautia.s__Blautia_wexlerae	267.3527444963
PEPTIDOGLYCANSYN-PWY: peptidoglycan biosynthesis I (meso-diaminopimelate containing)|g__Blautia.s__Blautia_obeum	251.4437966857
PEPTIDOGLYCANSYN-PWY: peptidoglycan biosynthesis I (meso-diaminopimelate containing)|g__Fusicatenibacter.s__Fusicatenibacter_saccharivorans	250.1326295313
PEPTIDOGLYCANSYN-PWY: peptidoglycan biosynthesis I (meso-diaminopimelate containing)|g__Collinsella.s__Collinsella_aerofaciens	228.7055796193
PEPTIDOGLYCANSYN-PWY: peptidoglycan biosynthesis I (meso-diaminopimelate containing)|g__Ruminococcus.s__Ruminococcus_callidus	222.3322500829
PEPTIDOGLYCANSYN-PWY: peptidoglycan biosynthesis I (meso-diaminopimelate containing)|g__Bacteroides.s__Bacteroides_massiliensis	213.6495394866
PEPTIDOGLYCANSYN-PWY: peptidoglycan biosynthesis I (meso-diaminopimelate containing)|g__Gemmiger.s__Gemmiger_formicilis	213.5290174274
PEPTIDOGLYCANSYN-PWY: peptidoglycan biosynthesis I (meso-diaminopimelate containing)|g__Phascolarctobacterium.s__Phascolarctobacterium_faecium	203.3122235280
PEPTIDOGLYCANSYN-PWY: peptidoglycan biosynthesis I (meso-diaminopimelate containing)|g__Firmicutes_unclassified.s__Firmicutes_bacterium_CAG_110	198.3422220159
PEPTIDOGLYCANSYN-PWY: peptidoglycan biosynthesis I (meso-diaminopimelate containing)|g__Bifidobacterium.s__Bifidobacterium_bifidum	168.3160124260
PEPTIDOGLYCANSYN-PWY: peptidoglycan biosynthesis I (meso-diaminopimelate containing)|g__Firmicutes_unclassified.s__Firmicutes_bacterium_AF16_15	154.8112187365
PEPTIDOGLYCANSYN-PWY: peptidoglycan biosynthesis I (meso-diaminopimelate containing)|g__Lachnospiraceae_unclassified.s__Eubacterium_rectale	148.7487320675
PEPTIDOGLYCANSYN-PWY: peptidoglycan biosynthesis I (meso-diaminopimelate containing)|g__Lachnospira.s__Lachnospira_pectinoschiza	148.1705682458
PEPTIDOGLYCANSYN-PWY: peptidoglycan biosynthesis I (meso-diaminopimelate containing)|g__Sutterella.s__Sutterella_wadsworthensis	141.5913733190
PEPTIDOGLYCANSYN-PWY: peptidoglycan biosynthesis I (meso-diaminopimelate containing)|g__Eubacterium.s__Eubacterium_hallii	122.4037781118
PEPTIDOGLYCANSYN-PWY: peptidoglycan biosynthesis I (meso-diaminopimelate containing)|g__Dorea.s__Dorea_longicatena	114.9863177310
PEPTIDOGLYCANSYN-PWY: peptidoglycan biosynthesis I (meso-diaminopimelate containing)|g__Roseburia.s__Roseburia_sp_CAG_380	105.9203227644
PEPTIDOGLYCANSYN-PWY: peptidoglycan biosynthesis I (meso-diaminopimelate containing)|g__Clostridium.s__Clostridium_sp_AF36_4	104.0321294378
PEPTIDOGLYCANSYN-PWY: peptidoglycan biosynthesis I (meso-diaminopimelate containing)|g__Bacteroides.s__Bacteroides_dorei	103.1160440341
PEPTIDOGLYCANSYN-PWY: peptidoglycan biosynthesis I (meso-diaminopimelate containing)|g__Bacteroides.s__Bacteroides_caccae	94.3516184978
PEPTIDOGLYCANSYN-PWY: peptidoglycan biosynthesis I (meso-diaminopimelate containing)|g__Bacteroides.s__Bacteroides_uniformis	84.4779175969
PEPTIDOGLYCANSYN-PWY: peptidoglycan biosynthesis I (meso-diaminopimelate containing)|g__Eubacterium.s__Eubacterium_sp_CAG_251	78.3325305807
PEPTIDOGLYCANSYN-PWY: peptidoglycan biosynthesis I (meso-diaminopimelate containing)|g__Blautia.s__Blautia_sp	77.9443915224
PEPTIDOGLYCANSYN-PWY: peptidoglycan biosynthesis I (meso-diaminopimelate containing)|g__Roseburia.s__Roseburia_faecis	72.1643726796
PEPTIDOGLYCANSYN-PWY: peptidoglycan biosynthesis I (meso-diaminopimelate containing)|g__Parabacteroides.s__Parabacteroides_merdae	69.5486355449
PEPTIDOGLYCANSYN-PWY: peptidoglycan biosynthesis I (meso-diaminopimelate containing)|g__Bacteroides.s__Bacteroides_ovatus	68.9460029659
PEPTIDOGLYCANSYN-PWY: peptidoglycan biosynthesis I (meso-diaminopimelate containing)|g__Blautia.s__Blautia_sp_CAG_52	68.2831176688
PEPTIDOGLYCANSYN-PWY: peptidoglycan biosynthesis I (meso-diaminopimelate containing)|g__Oscillibacter.s__Oscillibacter_sp_57_20	62.6732912884
PEPTIDOGLYCANSYN-PWY: peptidoglycan biosynthesis I (meso-diaminopimelate containing)|g__Bifidobacterium.s__Bifidobacterium_longum	61.2650338832
PEPTIDOGLYCANSYN-PWY: peptidoglycan biosynthesis I (meso-diaminopimelate containing)|g__Senegalimassilia.s__Senegalimassilia_anaerobia	61.0541331387
PEPTIDOGLYCANSYN-PWY: peptidoglycan biosynthesis I (meso-diaminopimelate containing)|g__Alistipes.s__Alistipes_indistinctus	57.3694461423
PEPTIDOGLYCANSYN-PWY: peptidoglycan biosynthesis I (meso-diaminopimelate containing)|g__Bacteroides.s__Bacteroides_cellulosilyticus	50.5721657685
PEPTIDOGLYCANSYN-PWY: peptidoglycan biosynthesis I (meso-diaminopimelate containing)|g__Firmicutes_unclassified.s__Firmicutes_bacterium_CAG_41	49.8922792062
PEPTIDOGLYCANSYN-PWY: peptidoglycan biosynthesis I (meso-diaminopimelate containing)|g__Firmicutes_unclassified.s__Firmicutes_bacterium_CAG_114	47.6242618671
PEPTIDOGLYCANSYN-PWY: peptidoglycan biosynthesis I (meso-diaminopimelate containing)|g__Coprococcus.s__Coprococcus_catus	46.5722620231
PEPTIDOGLYCANSYN-PWY: peptidoglycan biosynthesis I (meso-diaminopimelate containing)|g__Agathobaculum.s__Agathobaculum_butyriciproducens	46.0481626750
PEPTIDOGLYCANSYN-PWY: peptidoglycan biosynthesis I (meso-diaminopimelate containing)|g__Coprococcus.s__Coprococcus_comes	41.3317104212
PEPTIDOGLYCANSYN-PWY: peptidoglycan biosynthesis I (meso-diaminopimelate containing)|g__Parabacteroides.s__Parabacteroides_distasonis	37.3165596996
PEPTIDOGLYCANSYN-PWY: peptidoglycan biosynthesis I (meso-diaminopimelate containing)|g__Bacteroides.s__Bacteroides_faecis	33.9164832942
PEPTIDOGLYCANSYN-PWY: peptidoglycan biosynthesis I (meso-diaminopimelate containing)|g__Dorea.s__Dorea_formicigenerans	31.6809095757
PEPTIDOGLYCANSYN-PWY: peptidoglycan biosynthesis I (meso-diaminopimelate containing)|g__Ruthenibacterium.s__Ruthenibacterium_lactatiformans	30.7035324940
PEPTIDOGLYCANSYN-PWY: peptidoglycan biosynthesis I (meso-diaminopimelate containing)|g__Odoribacter.s__Odoribacter_splanchnicus	29.1106888153
PEPTIDOGLYCANSYN-PWY: peptidoglycan biosynthesis I (meso-diaminopimelate containing)|g__Roseburia.s__Roseburia_intestinalis	28.1508633000
PEPTIDOGLYCANSYN-PWY: peptidoglycan biosynthesis I (meso-diaminopimelate containing)|g__Blautia.s__Blautia_sp_AF19_10LB	27.1097682395
PEPTIDOGLYCANSYN-PWY: peptidoglycan biosynthesis I (meso-diaminopimelate containing)|g__Eubacterium.s__Eubacterium_sp_36_13	26.2549597091
PEPTIDOGLYCANSYN-PWY: peptidoglycan biosynthesis I (meso-diaminopimelate containing)|g__Butyricimonas.s__Butyricimonas_synergistica	25.6622851083
PEPTIDOGLYCANSYN-PWY: peptidoglycan biosynthesis I (meso-diaminopimelate containing)|g__Alistipes.s__Alistipes_onderdonkii	25.3720595664
PEPTIDOGLYCANSYN-PWY: peptidoglycan biosynthesis I (meso-diaminopimelate containing)|g__Bilophila.s__Bilophila_wadsworthia	24.7247348932
PEPTIDOGLYCANSYN-PWY: peptidoglycan biosynthesis I (meso-diaminopimelate containing)|g__Roseburia.s__Roseburia_hominis	23.1145021546
PEPTIDOGLYCANSYN-PWY: peptidoglycan biosynthesis I (meso-diaminopimelate containing)|g__Bacteroides.s__Bacteroides_salyersiae	21.2139171339
PEPTIDOGLYCANSYN-PWY: peptidoglycan biosynthesis I (meso-diaminopimelate containing)|g__Eggerthella.s__Eggerthella_sp_CAG_298	18.3094966284
PEPTIDOGLYCANSYN-PWY: peptidoglycan biosynthesis I (meso-diaminopimelate containing)|g__Intestinibacter.s__Intestinibacter_bartlettii	17.3249103089
PEPTIDOGLYCANSYN-PWY: peptidoglycan biosynthesis I (meso-diaminopimelate containing)|g__Slackia.s__Slackia_isoflavoniconvertens	16.3974071783
PEPTIDOGLYCANSYN-PWY: peptidoglycan biosynthesis I (meso-diaminopimelate containing)|g__Streptococcus.s__Streptococcus_pneumoniae	15.5480583531
PEPTIDOGLYCANSYN-PWY: peptidoglycan biosynthesis I (meso-diaminopimelate containing)|g__Asaccharobacter.s__Asaccharobacter_celatus	13.5795557313
PEPTIDOGLYCANSYN-PWY: peptidoglycan biosynthesis I (meso-diaminopimelate containing)|g__Eisenbergiella.s__Eisenbergiella_tayi	9.1261920403
PEPTIDOGLYCANSYN-PWY: peptidoglycan biosynthesis I (meso-diaminopimelate containing)|g__Streptococcus.s__Streptococcus_thermophilus	8.7265214619
PEPTIDOGLYCANSYN-PWY: peptidoglycan biosynthesis I (meso-diaminopimelate containing)|g__Bacteroides.s__Bacteroides_fragilis	7.4204297651
PEPTIDOGLYCANSYN-PWY: peptidoglycan biosynthesis I (meso-diaminopimelate containing)|g__Butyricimonas.s__Butyricimonas_virosa	6.1300109326
PEPTIDOGLYCANSYN-PWY: peptidoglycan biosynthesis I (meso-diaminopimelate containing)|g__Streptococcus.s__Streptococcus_salivarius	3.1064194645
COMPLETE-ARO-PWY: superpathway of aromatic amino acid biosynthesis	16645.0935579580
COMPLETE-ARO-PWY: superpathway of aromatic amino acid biosynthesis|unclassified	3136.2016754376
COMPLETE-ARO-PWY: superpathway of aromatic amino acid biosynthesis|g__Blautia.s__Ruminococcus_torques	567.0312532886
COMPLETE-ARO-PWY: superpathway of aromatic amino acid biosynthesis|g__Blautia.s__Blautia_obeum	376.5390324296
COMPLETE-ARO-PWY: superpathway of aromatic amino acid biosynthesis|g__Anaerostipes.s__Anaerostipes_hadrus	284.8044128333
COMPLETE-ARO-PWY: superpathway of aromatic amino acid biosynthesis|g__Fusicatenibacter.s__Fusicatenibacter_saccharivorans	268.0129600595
COMPLETE-ARO-PWY: superpathway of aromatic amino acid biosynthesis|g__Ruminococcus.s__Ruminococcus_callidus	229.9395380733
COMPLETE-ARO-PWY: superpathway of aromatic amino acid biosynthesis|g__Eubacterium.s__Eubacterium_hallii	161.9937016004
COMPLETE-ARO-PWY: superpathway of aromatic amino acid biosynthesis|g__Blautia.s__Blautia_wexlerae	152.4680565470
COMPLETE-ARO-PWY: superpathway of aromatic amino acid biosynthesis|g__Lachnospira.s__Lachnospira_pectinoschiza	150.2184106245
COMPLETE-ARO-PWY: superpathway of aromatic amino acid biosynthesis|g__Dorea.s__Dorea_longicatena	94.3801674693
COMPLETE-ARO-PWY: superpathway of aromatic amino acid biosynthesis|g__Eubacterium.s__Eubacterium_sp_CAG_251	89.5687897365
COMPLETE-ARO-PWY: superpathway of aromatic amino acid biosynthesis|g__Roseburia.s__Roseburia_faecis	80.7271529368
COMPLETE-ARO-PWY: superpathway of aromatic amino acid biosynthesis|g__Parabacteroides.s__Parabacteroides_merdae	74.9626687449
COMPLETE-ARO-PWY: superpathway of aromatic amino acid biosynthesis|g__Blautia.s__Blautia_sp	73.9892723787
COMPLETE-ARO-PWY: superpathway of aromatic amino acid biosynthesis|g__Agathobaculum.s__Agathobaculum_butyriciproducens	65.9446754411
COMPLETE-ARO-PWY: superpathway of aromatic amino acid biosynthesis|g__Blautia.s__Blautia_sp_CAG_52	65.0246239469
COMPLETE-ARO-PWY: superpathway of aromatic amino acid biosynthesis|g__Roseburia.s__Roseburia_intestinalis	60.6182227482
COMPLETE-ARO-PWY: superpathway of aromatic amino acid biosynthesis|g__Coprococcus.s__Coprococcus_comes	51.3225291469
COMPLETE-ARO-PWY: superpathway of aromatic amino acid biosynthesis|g__Bifidobacterium.s__Bifidobacterium_longum	47.0615282227
COMPLETE-ARO-PWY: superpathway of aromatic amino acid biosynthesis|g__Bacteroides.s__Bacteroides_cellulosilyticus	46.5717263321
COMPLETE-ARO-PWY: superpathway of aromatic amino acid biosynthesis|g__Clostridiales_unclassified.s__Clostridiales_bacterium_KLE1615	40.4250602799
COMPLETE-ARO-PWY: superpathway of aromatic amino acid biosynthesis|g__Eubacterium.s__Eubacterium_sp_36_13	33.7503486904
COMPLETE-ARO-PWY: superpathway of aromatic amino acid biosynthesis|g__Roseburia.s__Roseburia_hominis	29.1915146871
COMPLETE-ARO-PWY: superpathway of aromatic amino acid biosynthesis|g__Parabacteroides.s__Parabacteroides_distasonis	27.9028465441
COMPLETE-ARO-PWY: superpathway of aromatic amino acid biosynthesis|g__Blautia.s__Blautia_sp_AF19_10LB	24.8524856991
COMPLETE-ARO-PWY: superpathway of aromatic amino acid biosynthesis|g__Roseburia.s__Roseburia_inulinivorans	16.6993181972
COMPLETE-ARO-PWY: superpathway of aromatic amino acid biosynthesis|g__Lachnospiraceae_unclassified.s__Eubacterium_rectale	15.7536922573
COMPLETE-ARO-PWY: superpathway of aromatic amino acid biosynthesis|g__Streptococcus.s__Streptococcus_pneumoniae	10.4324902855
COMPLETE-ARO-PWY: superpathway of aromatic amino acid biosynthesis|g__Streptococcus.s__Streptococcus_salivarius	7.8207621482
NONMEVIPP-PWY: methylerythritol phosphate pathway I	16583.9861970753
NONMEVIPP-PWY: methylerythritol phosphate pathway I|unclassified	3592.5644026311
NONMEVIPP-PWY: methylerythritol phosphate pathway I|g__Bifidobacterium.s__Bifidobacterium_adolescentis	955.6168571892
NONMEVIPP-PWY: methylerythritol phosphate pathway I|g__Ruminococcus.s__Ruminococcus_bicirculans	562.1863562207
NONMEVIPP-PWY: methylerythritol phosphate pathway I|g__Ruminococcaceae_unclassified.s__Clostridium_leptum	474.4260059947
NONMEVIPP-PWY: methylerythritol phosphate pathway I|g__Blautia.s__Ruminococcus_torques	429.3288191724
NONMEVIPP-PWY: methylerythritol phosphate pathway I|g__Bacteroides.s__Bacteroides_vulgatus	315.9885367027
NONMEVIPP-PWY: methylerythritol phosphate pathway I|g__Blautia.s__Blautia_obeum	302.1022344690
NONMEVIPP-PWY: methylerythritol phosphate pathway I|g__Anaerostipes.s__Anaerostipes_hadrus	289.1055755066
NONMEVIPP-PWY: methylerythritol phosphate pathway I|g__Barnesiella.s__Barnesiella_intestinihominis	283.7639103295
NONMEVIPP-PWY: methylerythritol phosphate pathway I|g__Alistipes.s__Alistipes_finegoldii	278.0563218116
NONMEVIPP-PWY: methylerythritol phosphate pathway I|g__Subdoligranulum.s__Subdoligranulum_sp_APC924_74	275.6361559146
NONMEVIPP-PWY: methylerythritol phosphate pathway I|g__Fusicatenibacter.s__Fusicatenibacter_saccharivorans	265.1732509981
NONMEVIPP-PWY: methylerythritol phosphate pathway I|g__Gemmiger.s__Gemmiger_formicilis	236.0886629396
NONMEVIPP-PWY: methylerythritol phosphate pathway I|g__Collinsella.s__Collinsella_aerofaciens	216.1261585979
NONMEVIPP-PWY: methylerythritol phosphate pathway I|g__Blautia.s__Blautia_wexlerae	215.0980643476
NONMEVIPP-PWY: methylerythritol phosphate pathway I|g__Bacteroides.s__Bacteroides_massiliensis	205.5330926425
NONMEVIPP-PWY: methylerythritol phosphate pathway I|g__Phascolarctobacterium.s__Phascolarctobacterium_faecium	196.7942217567
NONMEVIPP-PWY: methylerythritol phosphate pathway I|g__Firmicutes_unclassified.s__Firmicutes_bacterium_CAG_65_45_313	190.1336994005
NONMEVIPP-PWY: methylerythritol phosphate pathway I|g__Ruminococcus.s__Ruminococcus_callidus	154.8403974280
NONMEVIPP-PWY: methylerythritol phosphate pathway I|g__Bifidobacterium.s__Bifidobacterium_bifidum	151.5108673388
NONMEVIPP-PWY: methylerythritol phosphate pathway I|g__Eubacterium.s__Eubacterium_hallii	150.2827497916
NONMEVIPP-PWY: methylerythritol phosphate pathway I|g__Lachnospira.s__Lachnospira_pectinoschiza	148.4639215495
NONMEVIPP-PWY: methylerythritol phosphate pathway I|g__Sutterella.s__Sutterella_wadsworthensis	115.5802953131
NONMEVIPP-PWY: methylerythritol phosphate pathway I|g__Dorea.s__Dorea_longicatena	114.6951626875
NONMEVIPP-PWY: methylerythritol phosphate pathway I|g__Bacteroides.s__Bacteroides_caccae	101.5083203478
NONMEVIPP-PWY: methylerythritol phosphate pathway I|g__Eubacterium.s__Eubacterium_sp_CAG_251	92.5432105523
NONMEVIPP-PWY: methylerythritol phosphate pathway I|g__Roseburia.s__Roseburia_faecis	85.8142258824
NONMEVIPP-PWY: methylerythritol phosphate pathway I|g__Alistipes.s__Alistipes_indistinctus	73.6824340820
NONMEVIPP-PWY: methylerythritol phosphate pathway I|g__Bacteroides.s__Bacteroides_uniformis	73.5200549470
NONMEVIPP-PWY: methylerythritol phosphate pathway I|g__Parabacteroides.s__Parabacteroides_merdae	68.8524791356
NONMEVIPP-PWY: methylerythritol phosphate pathway I|g__Bifidobacterium.s__Bifidobacterium_longum	62.6060612292
NONMEVIPP-PWY: methylerythritol phosphate pathway I|g__Agathobaculum.s__Agathobaculum_butyriciproducens	60.6043120735
NONMEVIPP-PWY: methylerythritol phosphate pathway I|g__Senegalimassilia.s__Senegalimassilia_anaerobia	53.1714025272
NONMEVIPP-PWY: methylerythritol phosphate pathway I|g__Oscillibacter.s__Oscillibacter_sp_57_20	51.0843615642
NONMEVIPP-PWY: methylerythritol phosphate pathway I|g__Coprococcus.s__Coprococcus_comes	50.9413011721
NONMEVIPP-PWY: methylerythritol phosphate pathway I|g__Blautia.s__Blautia_sp_CAG_52	49.2531814271
NONMEVIPP-PWY: methylerythritol phosphate pathway I|g__Bacteroides.s__Bacteroides_cellulosilyticus	48.7622434081
NONMEVIPP-PWY: methylerythritol phosphate pathway I|g__Firmicutes_unclassified.s__Firmicutes_bacterium_CAG_41	47.9576737889
NONMEVIPP-PWY: methylerythritol phosphate pathway I|g__Roseburia.s__Roseburia_intestinalis	43.4843264863
NONMEVIPP-PWY: methylerythritol phosphate pathway I|g__Coprococcus.s__Coprococcus_catus	37.4075328408
NONMEVIPP-PWY: methylerythritol phosphate pathway I|g__Odoribacter.s__Odoribacter_splanchnicus	36.8057959760
NONMEVIPP-PWY: methylerythritol phosphate pathway I|g__Bacteroides.s__Bacteroides_ovatus	36.1500344832
NONMEVIPP-PWY: methylerythritol phosphate pathway I|g__Parabacteroides.s__Parabacteroides_distasonis	35.8083110126
NONMEVIPP-PWY: methylerythritol phosphate pathway I|g__Bacteroides.s__Bacteroides_faecis	35.6462481072
NONMEVIPP-PWY: methylerythritol phosphate pathway I|g__Dorea.s__Dorea_formicigenerans	29.7197294668
NONMEVIPP-PWY: methylerythritol phosphate pathway I|g__Roseburia.s__Roseburia_hominis	26.4422065960
NONMEVIPP-PWY: methylerythritol phosphate pathway I|g__Clostridiales_unclassified.s__Clostridiales_bacterium_KLE1615	25.4068291234
NONMEVIPP-PWY: methylerythritol phosphate pathway I|g__Prevotella.s__Prevotella_sp_CAG_485	24.9190013522
NONMEVIPP-PWY: methylerythritol phosphate pathway I|g__Eggerthella.s__Eggerthella_sp_CAG_298	24.7300979954
NONMEVIPP-PWY: methylerythritol phosphate pathway I|g__Bacteroides.s__Bacteroides_dorei	24.4696691288
NONMEVIPP-PWY: methylerythritol phosphate pathway I|g__Eubacterium.s__Eubacterium_sp_36_13	24.1656582403
NONMEVIPP-PWY: methylerythritol phosphate pathway I|g__Butyricimonas.s__Butyricimonas_synergistica	23.7572681068
NONMEVIPP-PWY: methylerythritol phosphate pathway I|g__Blautia.s__Blautia_sp_AF19_10LB	21.8518747749
NONMEVIPP-PWY: methylerythritol phosphate pathway I|g__Bacteroides.s__Bacteroides_sp_CAG_144	21.2476476901
NONMEVIPP-PWY: methylerythritol phosphate pathway I|g__Ruthenibacterium.s__Ruthenibacterium_lactatiformans	20.0375367096
NONMEVIPP-PWY: methylerythritol phosphate pathway I|g__Bacteroides.s__Bacteroides_fragilis	18.5853653753
NONMEVIPP-PWY: methylerythritol phosphate pathway I|g__Slackia.s__Slackia_isoflavoniconvertens	16.6208154242
NONMEVIPP-PWY: methylerythritol phosphate pathway I|g__Bilophila.s__Bilophila_wadsworthia	15.7638116379
NONMEVIPP-PWY: methylerythritol phosphate pathway I|g__Intestinibacter.s__Intestinibacter_bartlettii	15.7083259241
NONMEVIPP-PWY: methylerythritol phosphate pathway I|g__Bacteroides.s__Bacteroides_salyersiae	13.2704290555
NONMEVIPP-PWY: methylerythritol phosphate pathway I|g__Firmicutes_unclassified.s__Firmicutes_bacterium_CAG_94	11.5784841377
NONMEVIPP-PWY: methylerythritol phosphate pathway I|g__Asaccharobacter.s__Asaccharobacter_celatus	10.1073988762
NONMEVIPP-PWY: methylerythritol phosphate pathway I|g__Adlercreutzia.s__Adlercreutzia_equolifaciens	2.8359561558
PWY-5941: glycogen degradation II	16563.4681166944
PWY-5941: glycogen degradation II|g__Faecalibacterium.s__Faecalibacterium_prausnitzii	2073.4638160498
PWY-5941: glycogen degradation II|unclassified	1920.6194485670
PWY-5941: glycogen degradation II|g__Bifidobacterium.s__Bifidobacterium_adolescentis	1349.1655699103
PWY-5941: glycogen degradation II|g__Blautia.s__Blautia_obeum	530.8018588823
PWY-5941: glycogen degradation II|g__Blautia.s__Blautia_wexlerae	411.1401809592
PWY-5941: glycogen degradation II|g__Anaerostipes.s__Anaerostipes_hadrus	380.3444798432
PWY-5941: glycogen degradation II|g__Fusicatenibacter.s__Fusicatenibacter_saccharivorans	365.1846560667
PWY-5941: glycogen degradation II|g__Collinsella.s__Collinsella_aerofaciens	352.8876756834
PWY-5941: glycogen degradation II|g__Blautia.s__Ruminococcus_torques	311.6578335486
PWY-5941: glycogen degradation II|g__Eubacterium.s__Eubacterium_hallii	251.4410980188
PWY-5941: glycogen degradation II|g__Dorea.s__Dorea_longicatena	230.1544881068
PWY-5941: glycogen degradation II|g__Lachnospira.s__Lachnospira_pectinoschiza	180.3854856654
PWY-5941: glycogen degradation II|g__Bifidobacterium.s__Bifidobacterium_bifidum	165.9401305905
PWY-5941: glycogen degradation II|g__Roseburia.s__Roseburia_faecis	144.7018166969
PWY-5941: glycogen degradation II|g__Blautia.s__Blautia_sp	112.4285510117
PWY-5941: glycogen degradation II|g__Blautia.s__Blautia_sp_CAG_52	79.8533807636
PWY-5941: glycogen degradation II|g__Bifidobacterium.s__Bifidobacterium_longum	76.5285892519
PWY-5941: glycogen degradation II|g__Roseburia.s__Roseburia_intestinalis	75.0626560704
PWY-5941: glycogen degradation II|g__Coprococcus.s__Coprococcus_comes	65.6635646899
PWY-5941: glycogen degradation II|g__Agathobaculum.s__Agathobaculum_butyriciproducens	61.8432653528
PWY-5941: glycogen degradation II|g__Coprococcus.s__Coprococcus_catus	59.6077605249
PWY-5941: glycogen degradation II|g__Clostridiales_unclassified.s__Clostridiales_bacterium_KLE1615	54.8991936834
PWY-5941: glycogen degradation II|g__Dorea.s__Dorea_formicigenerans	53.1963480013
PWY-5941: glycogen degradation II|g__Blautia.s__Blautia_sp_AF19_10LB	41.4947262460
PWY-5941: glycogen degradation II|g__Bacteroides.s__Bacteroides_cellulosilyticus	40.7872353675
PWY-5941: glycogen degradation II|g__Roseburia.s__Roseburia_hominis	30.4386231092
PWY-5941: glycogen degradation II|g__Bacteroides.s__Bacteroides_faecis	24.6728425182
PWY-5941: glycogen degradation II|g__Bacteroides.s__Bacteroides_fragilis	22.6781416343
PWY-5941: glycogen degradation II|g__Roseburia.s__Roseburia_inulinivorans	22.1526999379
PWY-5941: glycogen degradation II|g__Bacteroides.s__Bacteroides_ovatus	15.9601786707
PWY-5941: glycogen degradation II|g__Streptococcus.s__Streptococcus_pneumoniae	12.3284136547
PWY-5941: glycogen degradation II|g__Eisenbergiella.s__Eisenbergiella_tayi	7.0644108649
PWY-5941: glycogen degradation II|g__Streptococcus.s__Streptococcus_thermophilus	5.8826002483
PWY-5941: glycogen degradation II|g__Streptococcus.s__Streptococcus_salivarius	1.8485498039
PWY-6609: adenine and adenosine salvage III	16363.2800447552
PWY-6609: adenine and adenosine salvage III|unclassified	3780.5189664102
PWY-6609: adenine and adenosine salvage III|g__Faecalibacterium.s__Faecalibacterium_prausnitzii	1322.9517288052
PWY-6609: adenine and adenosine salvage III|g__Ruminococcaceae_unclassified.s__Clostridium_leptum	574.1438144884
PWY-6609: adenine and adenosine salvage III|g__Blautia.s__Ruminococcus_torques	550.9803078103
PWY-6609: adenine and adenosine salvage III|g__Ruminococcus.s__Ruminococcus_bicirculans	512.7488225952
PWY-6609: adenine and adenosine salvage III|g__Blautia.s__Blautia_wexlerae	413.7718442291
PWY-6609: adenine and adenosine salvage III|g__Fusicatenibacter.s__Fusicatenibacter_saccharivorans	397.2476288786
PWY-6609: adenine and adenosine salvage III|g__Anaerostipes.s__Anaerostipes_hadrus	365.7460570700
PWY-6609: adenine and adenosine salvage III|g__Alistipes.s__Alistipes_finegoldii	353.9678782077
PWY-6609: adenine and adenosine salvage III|g__Subdoligranulum.s__Subdoligranulum_sp_APC924_74	290.3940405788
PWY-6609: adenine and adenosine salvage III|g__Barnesiella.s__Barnesiella_intestinihominis	289.4622792035
PWY-6609: adenine and adenosine salvage III|g__Ruminococcus.s__Ruminococcus_sp_CAG_177	269.8703144029
PWY-6609: adenine and adenosine salvage III|g__Bacteroides.s__Bacteroides_vulgatus	253.9329755327
PWY-6609: adenine and adenosine salvage III|g__Firmicutes_unclassified.s__Firmicutes_bacterium_CAG_110	248.4559712249
PWY-6609: adenine and adenosine salvage III|g__Gemmiger.s__Gemmiger_formicilis	245.2296043027
PWY-6609: adenine and adenosine salvage III|g__Firmicutes_unclassified.s__Firmicutes_bacterium_CAG_65_45_313	234.2820658715
PWY-6609: adenine and adenosine salvage III|g__Lachnospiraceae_unclassified.s__Eubacterium_rectale	228.1401197872
PWY-6609: adenine and adenosine salvage III|g__Ruminococcus.s__Ruminococcus_callidus	178.3604702233
PWY-6609: adenine and adenosine salvage III|g__Bacteroides.s__Bacteroides_massiliensis	172.5222384598
PWY-6609: adenine and adenosine salvage III|g__Prevotella.s__Prevotella_copri	166.1128895528
PWY-6609: adenine and adenosine salvage III|g__Phascolarctobacterium.s__Phascolarctobacterium_faecium	157.4881109404
PWY-6609: adenine and adenosine salvage III|g__Eubacterium.s__Eubacterium_sp_CAG_251	127.3800340210
PWY-6609: adenine and adenosine salvage III|g__Bacteroides.s__Bacteroides_dorei	127.2979017910
PWY-6609: adenine and adenosine salvage III|g__Blautia.s__Blautia_obeum	122.7862800910
PWY-6609: adenine and adenosine salvage III|g__Dorea.s__Dorea_longicatena	121.7880822954
PWY-6609: adenine and adenosine salvage III|g__Firmicutes_unclassified.s__Firmicutes_bacterium_AF16_15	118.8766702787
PWY-6609: adenine and adenosine salvage III|g__Clostridium.s__Clostridium_sp_AF36_4	114.1124026964
PWY-6609: adenine and adenosine salvage III|g__Lachnospira.s__Lachnospira_pectinoschiza	113.9139197208
PWY-6609: adenine and adenosine salvage III|g__Bacteroides.s__Bacteroides_caccae	108.5773728760
PWY-6609: adenine and adenosine salvage III|g__Roseburia.s__Roseburia_sp_CAG_380	104.2218183758
PWY-6609: adenine and adenosine salvage III|g__Bacteroides.s__Bacteroides_uniformis	94.8119429510
PWY-6609: adenine and adenosine salvage III|g__Oscillibacter.s__Oscillibacter_sp_57_20	69.5874414991
PWY-6609: adenine and adenosine salvage III|g__Parabacteroides.s__Parabacteroides_merdae	69.3626676703
PWY-6609: adenine and adenosine salvage III|g__Blautia.s__Blautia_sp	63.2210407927
PWY-6609: adenine and adenosine salvage III|g__Clostridium.s__Clostridium_sp_CAG_75	62.7839677464
PWY-6609: adenine and adenosine salvage III|g__Agathobaculum.s__Agathobaculum_butyriciproducens	62.2013137583
PWY-6609: adenine and adenosine salvage III|g__Roseburia.s__Roseburia_faecis	59.3985488783
PWY-6609: adenine and adenosine salvage III|g__Firmicutes_unclassified.s__Firmicutes_bacterium_CAG_114	58.1446006158
PWY-6609: adenine and adenosine salvage III|g__Blautia.s__Blautia_sp_CAG_52	44.3627045753
PWY-6609: adenine and adenosine salvage III|g__Coprococcus.s__Coprococcus_catus	44.1949273657
PWY-6609: adenine and adenosine salvage III|g__Roseburia.s__Roseburia_hominis	40.0591865907
PWY-6609: adenine and adenosine salvage III|g__Alistipes.s__Alistipes_indistinctus	39.2666724002
PWY-6609: adenine and adenosine salvage III|g__Bacteroides.s__Bacteroides_faecis	35.6299957400
PWY-6609: adenine and adenosine salvage III|g__Coprococcus.s__Coprococcus_comes	34.3380078250
PWY-6609: adenine and adenosine salvage III|g__Adlercreutzia.s__Adlercreutzia_equolifaciens	33.0309921987
PWY-6609: adenine and adenosine salvage III|g__Alistipes.s__Alistipes_onderdonkii	30.1831876145
PWY-6609: adenine and adenosine salvage III|g__Intestinibacter.s__Intestinibacter_bartlettii	28.6603892997
PWY-6609: adenine and adenosine salvage III|g__Eubacterium.s__Eubacterium_sp_36_13	28.4117304695
PWY-6609: adenine and adenosine salvage III|g__Streptococcus.s__Streptococcus_salivarius	25.6736119028
PWY-6609: adenine and adenosine salvage III|g__Prevotella.s__Prevotella_sp_CAG_485	25.3601518001
PWY-6609: adenine and adenosine salvage III|g__Blautia.s__Blautia_sp_AF19_10LB	23.8198600600
PWY-6609: adenine and adenosine salvage III|g__Bacteroides.s__Bacteroides_ovatus	22.6981509064
PWY-6609: adenine and adenosine salvage III|g__Roseburia.s__Roseburia_intestinalis	22.4411382114
PWY-6609: adenine and adenosine salvage III|g__Ruthenibacterium.s__Ruthenibacterium_lactatiformans	21.6223015056
PWY-6609: adenine and adenosine salvage III|g__Bacteroides.s__Bacteroides_sp_CAG_144	20.0509213142
PWY-6609: adenine and adenosine salvage III|g__Bacteroides.s__Bacteroides_cellulosilyticus	19.9587149906
PWY-6609: adenine and adenosine salvage III|g__Parabacteroides.s__Parabacteroides_distasonis	19.5133847532
PWY-6609: adenine and adenosine salvage III|g__Streptococcus.s__Streptococcus_pneumoniae	19.1522112634
PWY-6609: adenine and adenosine salvage III|g__Eubacterium.s__Eubacterium_sp_AF17_7	18.0609298316
PWY-6609: adenine and adenosine salvage III|g__Clostridium.s__Clostridium_sp_AM22_11AC	17.8275800331
PWY-6609: adenine and adenosine salvage III|g__Dorea.s__Dorea_formicigenerans	17.6067253432
PWY-6609: adenine and adenosine salvage III|g__Asaccharobacter.s__Asaccharobacter_celatus	16.7934361883
PWY-6609: adenine and adenosine salvage III|g__Alistipes.s__Alistipes_shahii	15.7443149782
PWY-6609: adenine and adenosine salvage III|g__Clostridiales_unclassified.s__Clostridiales_bacterium_KLE1615	15.0263622574
PWY-6609: adenine and adenosine salvage III|g__Streptococcus.s__Streptococcus_thermophilus	14.6177620993
PWY-6609: adenine and adenosine salvage III|g__Firmicutes_unclassified.s__Firmicutes_bacterium_CAG_145	13.8172368544
PWY-6609: adenine and adenosine salvage III|g__Roseburia.s__Roseburia_inulinivorans	13.0117705963
PWY-6609: adenine and adenosine salvage III|g__Streptococcus.s__Streptococcus_parasanguinis	12.9625130588
PWY-6609: adenine and adenosine salvage III|g__Eggerthella.s__Eggerthella_sp_CAG_298	11.4991632208
PWY-6609: adenine and adenosine salvage III|g__Dorea.s__Dorea_sp_OM02_2LB	9.0245089272
PWY-6609: adenine and adenosine salvage III|g__Veillonella.s__Veillonella_atypica	7.1966806847
PWY-6609: adenine and adenosine salvage III|g__Eubacterium.s__Eubacterium_ramulus	6.6508347282
PWY-6609: adenine and adenosine salvage III|g__Eisenbergiella.s__Eisenbergiella_tayi	6.2102470935
PWY-6385: peptidoglycan biosynthesis III (mycobacteria)	15955.9547128013
PWY-6385: peptidoglycan biosynthesis III (mycobacteria)|unclassified	3625.4810819017
PWY-6385: peptidoglycan biosynthesis III (mycobacteria)|g__Prevotella.s__Prevotella_copri	1382.3699769850
PWY-6385: peptidoglycan biosynthesis III (mycobacteria)|g__Bifidobacterium.s__Bifidobacterium_adolescentis	749.7514198037
PWY-6385: peptidoglycan biosynthesis III (mycobacteria)|g__Ruminococcus.s__Ruminococcus_bicirculans	573.4345556167
PWY-6385: peptidoglycan biosynthesis III (mycobacteria)|g__Ruminococcaceae_unclassified.s__Clostridium_leptum	506.3764404151
PWY-6385: peptidoglycan biosynthesis III (mycobacteria)|g__Blautia.s__Ruminococcus_torques	434.1326493492
PWY-6385: peptidoglycan biosynthesis III (mycobacteria)|g__Alistipes.s__Alistipes_finegoldii	311.6677025758
PWY-6385: peptidoglycan biosynthesis III (mycobacteria)|g__Bacteroides.s__Bacteroides_vulgatus	297.3054665201
PWY-6385: peptidoglycan biosynthesis III (mycobacteria)|g__Anaerostipes.s__Anaerostipes_hadrus	273.2766650697
PWY-6385: peptidoglycan biosynthesis III (mycobacteria)|g__Blautia.s__Blautia_wexlerae	254.0991372704
PWY-6385: peptidoglycan biosynthesis III (mycobacteria)|g__Blautia.s__Blautia_obeum	237.0086955200
PWY-6385: peptidoglycan biosynthesis III (mycobacteria)|g__Collinsella.s__Collinsella_aerofaciens	232.6861106552
PWY-6385: peptidoglycan biosynthesis III (mycobacteria)|g__Fusicatenibacter.s__Fusicatenibacter_saccharivorans	231.3641603283
PWY-6385: peptidoglycan biosynthesis III (mycobacteria)|g__Lachnospiraceae_unclassified.s__Eubacterium_rectale	209.3886734137
PWY-6385: peptidoglycan biosynthesis III (mycobacteria)|g__Bacteroides.s__Bacteroides_massiliensis	207.4016945275
PWY-6385: peptidoglycan biosynthesis III (mycobacteria)|g__Phascolarctobacterium.s__Phascolarctobacterium_faecium	201.2631051586
PWY-6385: peptidoglycan biosynthesis III (mycobacteria)|g__Ruminococcus.s__Ruminococcus_callidus	192.5234323975
PWY-6385: peptidoglycan biosynthesis III (mycobacteria)|g__Sutterella.s__Sutterella_wadsworthensis	156.8343513709
PWY-6385: peptidoglycan biosynthesis III (mycobacteria)|g__Firmicutes_unclassified.s__Firmicutes_bacterium_AF16_15	154.8112187365
PWY-6385: peptidoglycan biosynthesis III (mycobacteria)|g__Bifidobacterium.s__Bifidobacterium_bifidum	154.7738260202
PWY-6385: peptidoglycan biosynthesis III (mycobacteria)|g__Lachnospira.s__Lachnospira_pectinoschiza	152.1090696877
PWY-6385: peptidoglycan biosynthesis III (mycobacteria)|g__Dorea.s__Dorea_longicatena	112.8947509366
PWY-6385: peptidoglycan biosynthesis III (mycobacteria)|g__Bacteroides.s__Bacteroides_dorei	103.1160440341
PWY-6385: peptidoglycan biosynthesis III (mycobacteria)|g__Clostridium.s__Clostridium_sp_AF36_4	101.0083664900
PWY-6385: peptidoglycan biosynthesis III (mycobacteria)|g__Eubacterium.s__Eubacterium_hallii	98.1644545669
PWY-6385: peptidoglycan biosynthesis III (mycobacteria)|g__Bacteroides.s__Bacteroides_caccae	96.8172004164
PWY-6385: peptidoglycan biosynthesis III (mycobacteria)|g__Bacteroides.s__Bacteroides_uniformis	90.5844991614
PWY-6385: peptidoglycan biosynthesis III (mycobacteria)|g__Eubacterium.s__Eubacterium_sp_CAG_251	74.1077349869
PWY-6385: peptidoglycan biosynthesis III (mycobacteria)|g__Blautia.s__Blautia_sp	71.3301246514
PWY-6385: peptidoglycan biosynthesis III (mycobacteria)|g__Bacteroides.s__Bacteroides_ovatus	69.9745152278
PWY-6385: peptidoglycan biosynthesis III (mycobacteria)|g__Roseburia.s__Roseburia_faecis	69.3310587125
PWY-6385: peptidoglycan biosynthesis III (mycobacteria)|g__Parabacteroides.s__Parabacteroides_merdae	68.7910615658
PWY-6385: peptidoglycan biosynthesis III (mycobacteria)|g__Blautia.s__Blautia_sp_CAG_52	62.2770815292
PWY-6385: peptidoglycan biosynthesis III (mycobacteria)|g__Alistipes.s__Alistipes_indistinctus	57.0626408376
PWY-6385: peptidoglycan biosynthesis III (mycobacteria)|g__Senegalimassilia.s__Senegalimassilia_anaerobia	53.9826489234
PWY-6385: peptidoglycan biosynthesis III (mycobacteria)|g__Firmicutes_unclassified.s__Firmicutes_bacterium_CAG_41	52.9392960395
PWY-6385: peptidoglycan biosynthesis III (mycobacteria)|g__Bacteroides.s__Bacteroides_cellulosilyticus	51.9203517850
PWY-6385: peptidoglycan biosynthesis III (mycobacteria)|g__Parabacteroides.s__Parabacteroides_distasonis	39.2822237219
PWY-6385: peptidoglycan biosynthesis III (mycobacteria)|g__Agathobaculum.s__Agathobaculum_butyriciproducens	38.3211105056
PWY-6385: peptidoglycan biosynthesis III (mycobacteria)|g__Bacteroides.s__Bacteroides_faecis	33.7510581334
PWY-6385: peptidoglycan biosynthesis III (mycobacteria)|g__Dorea.s__Dorea_formicigenerans	31.6802585747
PWY-6385: peptidoglycan biosynthesis III (mycobacteria)|g__Odoribacter.s__Odoribacter_splanchnicus	31.2467112265
PWY-6385: peptidoglycan biosynthesis III (mycobacteria)|g__Coprococcus.s__Coprococcus_comes	26.8293275430
PWY-6385: peptidoglycan biosynthesis III (mycobacteria)|g__Eubacterium.s__Eubacterium_sp_36_13	26.2549597091
PWY-6385: peptidoglycan biosynthesis III (mycobacteria)|g__Butyricimonas.s__Butyricimonas_synergistica	25.6622851083
PWY-6385: peptidoglycan biosynthesis III (mycobacteria)|g__Ruthenibacterium.s__Ruthenibacterium_lactatiformans	25.2573270395
PWY-6385: peptidoglycan biosynthesis III (mycobacteria)|g__Bilophila.s__Bilophila_wadsworthia	24.2042412241
PWY-6385: peptidoglycan biosynthesis III (mycobacteria)|g__Blautia.s__Blautia_sp_AF19_10LB	24.1221905693
PWY-6385: peptidoglycan biosynthesis III (mycobacteria)|g__Bacteroides.s__Bacteroides_salyersiae	23.0157134674
PWY-6385: peptidoglycan biosynthesis III (mycobacteria)|g__Roseburia.s__Roseburia_hominis	20.4735804240
PWY-6385: peptidoglycan biosynthesis III (mycobacteria)|g__Alistipes.s__Alistipes_onderdonkii	15.5798628923
PWY-6385: peptidoglycan biosynthesis III (mycobacteria)|g__Streptococcus.s__Streptococcus_pneumoniae	15.5480583531
PWY-6385: peptidoglycan biosynthesis III (mycobacteria)|g__Bacteroides.s__Bacteroides_fragilis	7.8657258472
PWY-6385: peptidoglycan biosynthesis III (mycobacteria)|g__Streptococcus.s__Streptococcus_thermophilus	6.2938544930
PWY-6385: peptidoglycan biosynthesis III (mycobacteria)|g__Streptococcus.s__Streptococcus_salivarius	2.2441007388
BRANCHED-CHAIN-AA-SYN-PWY: superpathway of branched chain amino acid biosynthesis	15953.8553586824
BRANCHED-CHAIN-AA-SYN-PWY: superpathway of branched chain amino acid biosynthesis|g__Bifidobacterium.s__Bifidobacterium_adolescentis	1462.7652364166
BRANCHED-CHAIN-AA-SYN-PWY: superpathway of branched chain amino acid biosynthesis|g__Prevotella.s__Prevotella_copri	1229.0986255907
BRANCHED-CHAIN-AA-SYN-PWY: superpathway of branched chain amino acid biosynthesis|unclassified	1067.4524775773
BRANCHED-CHAIN-AA-SYN-PWY: superpathway of branched chain amino acid biosynthesis|g__Ruminococcus.s__Ruminococcus_bicirculans	644.1973500908
BRANCHED-CHAIN-AA-SYN-PWY: superpathway of branched chain amino acid biosynthesis|g__Ruminococcaceae_unclassified.s__Clostridium_leptum	607.9173526587
BRANCHED-CHAIN-AA-SYN-PWY: superpathway of branched chain amino acid biosynthesis|g__Akkermansia.s__Akkermansia_muciniphila	442.1345181955
BRANCHED-CHAIN-AA-SYN-PWY: superpathway of branched chain amino acid biosynthesis|g__Blautia.s__Ruminococcus_torques	434.1693211263
BRANCHED-CHAIN-AA-SYN-PWY: superpathway of branched chain amino acid biosynthesis|g__Gemmiger.s__Gemmiger_formicilis	348.9230058649
BRANCHED-CHAIN-AA-SYN-PWY: superpathway of branched chain amino acid biosynthesis|g__Anaerostipes.s__Anaerostipes_hadrus	282.9608452186
BRANCHED-CHAIN-AA-SYN-PWY: superpathway of branched chain amino acid biosynthesis|g__Lachnospiraceae_unclassified.s__Eubacterium_rectale	275.1955883432
BRANCHED-CHAIN-AA-SYN-PWY: superpathway of branched chain amino acid biosynthesis|g__Blautia.s__Blautia_wexlerae	234.7266043806
BRANCHED-CHAIN-AA-SYN-PWY: superpathway of branched chain amino acid biosynthesis|g__Bifidobacterium.s__Bifidobacterium_bifidum	208.0103545342
BRANCHED-CHAIN-AA-SYN-PWY: superpathway of branched chain amino acid biosynthesis|g__Eubacterium.s__Eubacterium_hallii	152.7197042489
BRANCHED-CHAIN-AA-SYN-PWY: superpathway of branched chain amino acid biosynthesis|g__Blautia.s__Blautia_obeum	142.3739195648
BRANCHED-CHAIN-AA-SYN-PWY: superpathway of branched chain amino acid biosynthesis|g__Dorea.s__Dorea_longicatena	140.6502030059
BRANCHED-CHAIN-AA-SYN-PWY: superpathway of branched chain amino acid biosynthesis|g__Blautia.s__Blautia_sp	118.8321716523
BRANCHED-CHAIN-AA-SYN-PWY: superpathway of branched chain amino acid biosynthesis|g__Bacteroides.s__Bacteroides_caccae	101.1802184541
BRANCHED-CHAIN-AA-SYN-PWY: superpathway of branched chain amino acid biosynthesis|g__Bacteroides.s__Bacteroides_ovatus	88.5231189009
BRANCHED-CHAIN-AA-SYN-PWY: superpathway of branched chain amino acid biosynthesis|g__Bacteroides.s__Bacteroides_uniformis	76.9810336246
BRANCHED-CHAIN-AA-SYN-PWY: superpathway of branched chain amino acid biosynthesis|g__Bifidobacterium.s__Bifidobacterium_longum	72.8419835850
BRANCHED-CHAIN-AA-SYN-PWY: superpathway of branched chain amino acid biosynthesis|g__Roseburia.s__Roseburia_intestinalis	65.6680169595
BRANCHED-CHAIN-AA-SYN-PWY: superpathway of branched chain amino acid biosynthesis|g__Parabacteroides.s__Parabacteroides_merdae	64.9383423991
BRANCHED-CHAIN-AA-SYN-PWY: superpathway of branched chain amino acid biosynthesis|g__Agathobaculum.s__Agathobaculum_butyriciproducens	57.6662466939
BRANCHED-CHAIN-AA-SYN-PWY: superpathway of branched chain amino acid biosynthesis|g__Firmicutes_unclassified.s__Firmicutes_bacterium_CAG_41	57.0388402286
BRANCHED-CHAIN-AA-SYN-PWY: superpathway of branched chain amino acid biosynthesis|g__Coprococcus.s__Coprococcus_comes	43.4786593428
BRANCHED-CHAIN-AA-SYN-PWY: superpathway of branched chain amino acid biosynthesis|g__Parabacteroides.s__Parabacteroides_distasonis	40.4348283751
BRANCHED-CHAIN-AA-SYN-PWY: superpathway of branched chain amino acid biosynthesis|g__Blautia.s__Blautia_sp_AF19_10LB	39.0766888758
BRANCHED-CHAIN-AA-SYN-PWY: superpathway of branched chain amino acid biosynthesis|g__Bacteroides.s__Bacteroides_faecis	37.1626944764
BRANCHED-CHAIN-AA-SYN-PWY: superpathway of branched chain amino acid biosynthesis|g__Dorea.s__Dorea_formicigenerans	33.5308795054
BRANCHED-CHAIN-AA-SYN-PWY: superpathway of branched chain amino acid biosynthesis|g__Ruthenibacterium.s__Ruthenibacterium_lactatiformans	28.2950117743
BRANCHED-CHAIN-AA-SYN-PWY: superpathway of branched chain amino acid biosynthesis|g__Roseburia.s__Roseburia_hominis	27.1086167357
BRANCHED-CHAIN-AA-SYN-PWY: superpathway of branched chain amino acid biosynthesis|g__Bilophila.s__Bilophila_wadsworthia	20.4914789314
BRANCHED-CHAIN-AA-SYN-PWY: superpathway of branched chain amino acid biosynthesis|g__Streptococcus.s__Streptococcus_thermophilus	19.1589252800
BRANCHED-CHAIN-AA-SYN-PWY: superpathway of branched chain amino acid biosynthesis|g__Adlercreutzia.s__Adlercreutzia_equolifaciens	15.4162367643
BRANCHED-CHAIN-AA-SYN-PWY: superpathway of branched chain amino acid biosynthesis|g__Eubacterium.s__Eubacterium_sp_AF17_7	15.3789921449
BRANCHED-CHAIN-AA-SYN-PWY: superpathway of branched chain amino acid biosynthesis|g__Streptococcus.s__Streptococcus_salivarius	15.0625421124
BRANCHED-CHAIN-AA-SYN-PWY: superpathway of branched chain amino acid biosynthesis|g__Bacteroides.s__Bacteroides_cellulosilyticus	13.4230582357
BRANCHED-CHAIN-AA-SYN-PWY: superpathway of branched chain amino acid biosynthesis|g__Asaccharobacter.s__Asaccharobacter_celatus	12.7318118493
BRANCHED-CHAIN-AA-SYN-PWY: superpathway of branched chain amino acid biosynthesis|g__Roseburia.s__Roseburia_inulinivorans	11.7414068766
BRANCHED-CHAIN-AA-SYN-PWY: superpathway of branched chain amino acid biosynthesis|g__Bacteroides.s__Bacteroides_fragilis	10.5626114384
TRNA-CHARGING-PWY: tRNA charging	15851.5840836720
TRNA-CHARGING-PWY: tRNA charging|unclassified	2464.5961653992
TRNA-CHARGING-PWY: tRNA charging|g__Faecalibacterium.s__Faecalibacterium_prausnitzii	1393.3092869251
TRNA-CHARGING-PWY: tRNA charging|g__Prevotella.s__Prevotella_copri	655.2237682733
TRNA-CHARGING-PWY: tRNA charging|g__Ruminococcaceae_unclassified.s__Clostridium_leptum	600.4078944109
TRNA-CHARGING-PWY: tRNA charging|g__Blautia.s__Ruminococcus_torques	408.4293013875
TRNA-CHARGING-PWY: tRNA charging|g__Alistipes.s__Alistipes_finegoldii	342.6936498019
TRNA-CHARGING-PWY: tRNA charging|g__Subdoligranulum.s__Subdoligranulum_sp_APC924_74	336.9620512143
TRNA-CHARGING-PWY: tRNA charging|g__Gemmiger.s__Gemmiger_formicilis	297.4409123201
TRNA-CHARGING-PWY: tRNA charging|g__Barnesiella.s__Barnesiella_intestinihominis	284.2156412260
TRNA-CHARGING-PWY: tRNA charging|g__Bacteroides.s__Bacteroides_vulgatus	269.4130183838
TRNA-CHARGING-PWY: tRNA charging|g__Fusicatenibacter.s__Fusicatenibacter_saccharivorans	245.3994025599
TRNA-CHARGING-PWY: tRNA charging|g__Anaerostipes.s__Anaerostipes_hadrus	237.4505424416
TRNA-CHARGING-PWY: tRNA charging|g__Ruminococcus.s__Ruminococcus_sp_CAG_177	235.8087151532
TRNA-CHARGING-PWY: tRNA charging|g__Lachnospiraceae_unclassified.s__Eubacterium_rectale	204.7506331915
TRNA-CHARGING-PWY: tRNA charging|g__Bacteroides.s__Bacteroides_massiliensis	190.4749550919
TRNA-CHARGING-PWY: tRNA charging|g__Eubacterium.s__Eubacterium_hallii	139.2035649839
TRNA-CHARGING-PWY: tRNA charging|g__Bacteroides.s__Bacteroides_dorei	99.5823221506
TRNA-CHARGING-PWY: tRNA charging|g__Bacteroides.s__Bacteroides_caccae	87.4931665101
TRNA-CHARGING-PWY: tRNA charging|g__Bacteroides.s__Bacteroides_uniformis	72.9003757107
TRNA-CHARGING-PWY: tRNA charging|g__Parabacteroides.s__Parabacteroides_merdae	66.8294647202
TRNA-CHARGING-PWY: tRNA charging|g__Alistipes.s__Alistipes_indistinctus	63.3708502641
TRNA-CHARGING-PWY: tRNA charging|g__Alistipes.s__Alistipes_shahii	59.8638236960
TRNA-CHARGING-PWY: tRNA charging|g__Bacteroides.s__Bacteroides_ovatus	55.0456349706
TRNA-CHARGING-PWY: tRNA charging|g__Coprococcus.s__Coprococcus_catus	52.8270428878
TRNA-CHARGING-PWY: tRNA charging|g__Agathobaculum.s__Agathobaculum_butyriciproducens	49.6026082608
TRNA-CHARGING-PWY: tRNA charging|g__Roseburia.s__Roseburia_intestinalis	47.6422395178
TRNA-CHARGING-PWY: tRNA charging|g__Intestinibacter.s__Intestinibacter_bartlettii	45.2858724769
TRNA-CHARGING-PWY: tRNA charging|g__Alistipes.s__Alistipes_onderdonkii	44.5472962364
TRNA-CHARGING-PWY: tRNA charging|g__Bacteroides.s__Bacteroides_cellulosilyticus	41.1954026330
TRNA-CHARGING-PWY: tRNA charging|g__Prevotella.s__Prevotella_sp_CAG_485	33.7302131875
TRNA-CHARGING-PWY: tRNA charging|g__Bacteroides.s__Bacteroides_faecis	32.9675097048
TRNA-CHARGING-PWY: tRNA charging|g__Parabacteroides.s__Parabacteroides_distasonis	31.0037354827
TRNA-CHARGING-PWY: tRNA charging|g__Odoribacter.s__Odoribacter_splanchnicus	25.7589776798
TRNA-CHARGING-PWY: tRNA charging|g__Roseburia.s__Roseburia_hominis	23.1343446115
TRNA-CHARGING-PWY: tRNA charging|g__Streptococcus.s__Streptococcus_thermophilus	15.7904459989
TRNA-CHARGING-PWY: tRNA charging|g__Bacteroides.s__Bacteroides_salyersiae	14.8344137035
TRNA-CHARGING-PWY: tRNA charging|g__Bacteroides.s__Bacteroides_fragilis	11.3284552034
TRNA-CHARGING-PWY: tRNA charging|g__Streptococcus.s__Streptococcus_salivarius	9.3117345256
TRNA-CHARGING-PWY: tRNA charging|g__Streptococcus.s__Streptococcus_pneumoniae	2.5035628688
ILEUSYN-PWY: L-isoleucine biosynthesis I (from threonine)	15846.6764322932
ILEUSYN-PWY: L-isoleucine biosynthesis I (from threonine)|g__Prevotella.s__Prevotella_copri	1825.2244513251
ILEUSYN-PWY: L-isoleucine biosynthesis I (from threonine)|g__Bifidobacterium.s__Bifidobacterium_adolescentis	1390.8570942531
ILEUSYN-PWY: L-isoleucine biosynthesis I (from threonine)|unclassified	1034.7461998853
ILEUSYN-PWY: L-isoleucine biosynthesis I (from threonine)|g__Ruminococcus.s__Ruminococcus_bicirculans	642.2678391960
ILEUSYN-PWY: L-isoleucine biosynthesis I (from threonine)|g__Ruminococcaceae_unclassified.s__Clostridium_leptum	596.4670793311
ILEUSYN-PWY: L-isoleucine biosynthesis I (from threonine)|g__Akkermansia.s__Akkermansia_muciniphila	431.2018855126
ILEUSYN-PWY: L-isoleucine biosynthesis I (from threonine)|g__Blautia.s__Ruminococcus_torques	412.0102272082
ILEUSYN-PWY: L-isoleucine biosynthesis I (from threonine)|g__Gemmiger.s__Gemmiger_formicilis	350.1039347752
ILEUSYN-PWY: L-isoleucine biosynthesis I (from threonine)|g__Lachnospiraceae_unclassified.s__Eubacterium_rectale	295.4182458852
ILEUSYN-PWY: L-isoleucine biosynthesis I (from threonine)|g__Anaerostipes.s__Anaerostipes_hadrus	269.4163525498
ILEUSYN-PWY: L-isoleucine biosynthesis I (from threonine)|g__Bifidobacterium.s__Bifidobacterium_bifidum	225.8572235890
ILEUSYN-PWY: L-isoleucine biosynthesis I (from threonine)|g__Blautia.s__Blautia_wexlerae	225.2425474297
ILEUSYN-PWY: L-isoleucine biosynthesis I (from threonine)|g__Eubacterium.s__Eubacterium_hallii	156.1762162013
ILEUSYN-PWY: L-isoleucine biosynthesis I (from threonine)|g__Dorea.s__Dorea_longicatena	141.7448465593
ILEUSYN-PWY: L-isoleucine biosynthesis I (from threonine)|g__Blautia.s__Blautia_obeum	139.3627677582
ILEUSYN-PWY: L-isoleucine biosynthesis I (from threonine)|g__Blautia.s__Blautia_sp	117.8020950032
ILEUSYN-PWY: L-isoleucine biosynthesis I (from threonine)|g__Bacteroides.s__Bacteroides_caccae	92.8470345679
ILEUSYN-PWY: L-isoleucine biosynthesis I (from threonine)|g__Bacteroides.s__Bacteroides_ovatus	86.4768313030
ILEUSYN-PWY: L-isoleucine biosynthesis I (from threonine)|g__Roseburia.s__Roseburia_intestinalis	78.4028164883
ILEUSYN-PWY: L-isoleucine biosynthesis I (from threonine)|g__Bifidobacterium.s__Bifidobacterium_longum	76.1162136138
ILEUSYN-PWY: L-isoleucine biosynthesis I (from threonine)|g__Bacteroides.s__Bacteroides_uniformis	73.8220994815
ILEUSYN-PWY: L-isoleucine biosynthesis I (from threonine)|g__Parabacteroides.s__Parabacteroides_merdae	61.1035043222
ILEUSYN-PWY: L-isoleucine biosynthesis I (from threonine)|g__Firmicutes_unclassified.s__Firmicutes_bacterium_CAG_41	58.8009367262
ILEUSYN-PWY: L-isoleucine biosynthesis I (from threonine)|g__Agathobaculum.s__Agathobaculum_butyriciproducens	57.3722934346
ILEUSYN-PWY: L-isoleucine biosynthesis I (from threonine)|g__Coprococcus.s__Coprococcus_comes	43.8824094072
ILEUSYN-PWY: L-isoleucine biosynthesis I (from threonine)|g__Blautia.s__Blautia_sp_AF19_10LB	41.6942063929
ILEUSYN-PWY: L-isoleucine biosynthesis I (from threonine)|g__Parabacteroides.s__Parabacteroides_distasonis	38.0900044425
ILEUSYN-PWY: L-isoleucine biosynthesis I (from threonine)|g__Dorea.s__Dorea_formicigenerans	36.6244476999
ILEUSYN-PWY: L-isoleucine biosynthesis I (from threonine)|g__Bacteroides.s__Bacteroides_faecis	32.9682750909
ILEUSYN-PWY: L-isoleucine biosynthesis I (from threonine)|g__Roseburia.s__Roseburia_hominis	26.5324005182
ILEUSYN-PWY: L-isoleucine biosynthesis I (from threonine)|g__Ruthenibacterium.s__Ruthenibacterium_lactatiformans	26.5158332320
ILEUSYN-PWY: L-isoleucine biosynthesis I (from threonine)|g__Clostridium.s__Clostridium_sp_AM22_11AC	26.2961055413
ILEUSYN-PWY: L-isoleucine biosynthesis I (from threonine)|g__Streptococcus.s__Streptococcus_thermophilus	22.2088690789
ILEUSYN-PWY: L-isoleucine biosynthesis I (from threonine)|g__Bilophila.s__Bilophila_wadsworthia	19.9153357076
ILEUSYN-PWY: L-isoleucine biosynthesis I (from threonine)|g__Streptococcus.s__Streptococcus_salivarius	19.8494764994
ILEUSYN-PWY: L-isoleucine biosynthesis I (from threonine)|g__Eubacterium.s__Eubacterium_sp_AF17_7	18.6938098355
ILEUSYN-PWY: L-isoleucine biosynthesis I (from threonine)|g__Adlercreutzia.s__Adlercreutzia_equolifaciens	15.4729429727
ILEUSYN-PWY: L-isoleucine biosynthesis I (from threonine)|g__Asaccharobacter.s__Asaccharobacter_celatus	15.3767486868
ILEUSYN-PWY: L-isoleucine biosynthesis I (from threonine)|g__Roseburia.s__Roseburia_inulinivorans	13.9326515812
ILEUSYN-PWY: L-isoleucine biosynthesis I (from threonine)|g__Bacteroides.s__Bacteroides_cellulosilyticus	13.0272819836
ILEUSYN-PWY: L-isoleucine biosynthesis I (from threonine)|g__Bacteroides.s__Bacteroides_fragilis	9.0747174239
ILEUSYN-PWY: L-isoleucine biosynthesis I (from threonine)|g__Firmicutes_unclassified.s__Firmicutes_bacterium_CAG_145	8.8476895945
ILEUSYN-PWY: L-isoleucine biosynthesis I (from threonine)|g__Raoultella.s__Raoultella_planticola	6.7468795841
PWY-7953: UDP-N-acetylmuramoyl-pentapeptide biosynthesis III (meso-diaminopimelate containing)	15601.2089459807
PWY-7953: UDP-N-acetylmuramoyl-pentapeptide biosynthesis III (meso-diaminopimelate containing)|unclassified	3573.8035534723
PWY-7953: UDP-N-acetylmuramoyl-pentapeptide biosynthesis III (meso-diaminopimelate containing)|g__Prevotella.s__Prevotella_copri	1308.4947740967
PWY-7953: UDP-N-acetylmuramoyl-pentapeptide biosynthesis III (meso-diaminopimelate containing)|g__Ruminococcus.s__Ruminococcus_bicirculans	571.4743789466
PWY-7953: UDP-N-acetylmuramoyl-pentapeptide biosynthesis III (meso-diaminopimelate containing)|g__Akkermansia.s__Akkermansia_muciniphila	497.3485032951
PWY-7953: UDP-N-acetylmuramoyl-pentapeptide biosynthesis III (meso-diaminopimelate containing)|g__Blautia.s__Ruminococcus_torques	441.4645658260
PWY-7953: UDP-N-acetylmuramoyl-pentapeptide biosynthesis III (meso-diaminopimelate containing)|g__Alistipes.s__Alistipes_finegoldii	292.1251522789
PWY-7953: UDP-N-acetylmuramoyl-pentapeptide biosynthesis III (meso-diaminopimelate containing)|g__Bacteroides.s__Bacteroides_vulgatus	290.3565565223
PWY-7953: UDP-N-acetylmuramoyl-pentapeptide biosynthesis III (meso-diaminopimelate containing)|g__Blautia.s__Blautia_wexlerae	284.2990940692
PWY-7953: UDP-N-acetylmuramoyl-pentapeptide biosynthesis III (meso-diaminopimelate containing)|g__Anaerostipes.s__Anaerostipes_hadrus	263.0996555902
PWY-7953: UDP-N-acetylmuramoyl-pentapeptide biosynthesis III (meso-diaminopimelate containing)|g__Fusicatenibacter.s__Fusicatenibacter_saccharivorans	235.9183633994
PWY-7953: UDP-N-acetylmuramoyl-pentapeptide biosynthesis III (meso-diaminopimelate containing)|g__Blautia.s__Blautia_obeum	221.5525431544
PWY-7953: UDP-N-acetylmuramoyl-pentapeptide biosynthesis III (meso-diaminopimelate containing)|g__Ruminococcus.s__Ruminococcus_callidus	219.6115089100
PWY-7953: UDP-N-acetylmuramoyl-pentapeptide biosynthesis III (meso-diaminopimelate containing)|g__Bacteroides.s__Bacteroides_massiliensis	201.7119335036
PWY-7953: UDP-N-acetylmuramoyl-pentapeptide biosynthesis III (meso-diaminopimelate containing)|g__Phascolarctobacterium.s__Phascolarctobacterium_faecium	194.8632072942
PWY-7953: UDP-N-acetylmuramoyl-pentapeptide biosynthesis III (meso-diaminopimelate containing)|g__Firmicutes_unclassified.s__Firmicutes_bacterium_AF16_15	154.7259613253
PWY-7953: UDP-N-acetylmuramoyl-pentapeptide biosynthesis III (meso-diaminopimelate containing)|g__Bifidobacterium.s__Bifidobacterium_bifidum	146.1605081597
PWY-7953: UDP-N-acetylmuramoyl-pentapeptide biosynthesis III (meso-diaminopimelate containing)|g__Lachnospira.s__Lachnospira_pectinoschiza	140.4492087539
PWY-7953: UDP-N-acetylmuramoyl-pentapeptide biosynthesis III (meso-diaminopimelate containing)|g__Sutterella.s__Sutterella_wadsworthensis	137.0154864305
PWY-7953: UDP-N-acetylmuramoyl-pentapeptide biosynthesis III (meso-diaminopimelate containing)|g__Lachnospiraceae_unclassified.s__Eubacterium_rectale	132.2059344505
PWY-7953: UDP-N-acetylmuramoyl-pentapeptide biosynthesis III (meso-diaminopimelate containing)|g__Eubacterium.s__Eubacterium_hallii	131.4491908299
PWY-7953: UDP-N-acetylmuramoyl-pentapeptide biosynthesis III (meso-diaminopimelate containing)|g__Dorea.s__Dorea_longicatena	114.5142334806
PWY-7953: UDP-N-acetylmuramoyl-pentapeptide biosynthesis III (meso-diaminopimelate containing)|g__Bacteroides.s__Bacteroides_dorei	111.0324849142
PWY-7953: UDP-N-acetylmuramoyl-pentapeptide biosynthesis III (meso-diaminopimelate containing)|g__Clostridium.s__Clostridium_sp_AF36_4	102.6267316872
PWY-7953: UDP-N-acetylmuramoyl-pentapeptide biosynthesis III (meso-diaminopimelate containing)|g__Bacteroides.s__Bacteroides_caccae	89.0042341467
PWY-7953: UDP-N-acetylmuramoyl-pentapeptide biosynthesis III (meso-diaminopimelate containing)|g__Clostridium.s__Clostridium_sp_CAG_75	75.1873855025
PWY-7953: UDP-N-acetylmuramoyl-pentapeptide biosynthesis III (meso-diaminopimelate containing)|g__Blautia.s__Blautia_sp	72.9404044802
PWY-7953: UDP-N-acetylmuramoyl-pentapeptide biosynthesis III (meso-diaminopimelate containing)|g__Bacteroides.s__Bacteroides_uniformis	72.2606898055
PWY-7953: UDP-N-acetylmuramoyl-pentapeptide biosynthesis III (meso-diaminopimelate containing)|g__Eubacterium.s__Eubacterium_sp_CAG_251	69.9377379080
PWY-7953: UDP-N-acetylmuramoyl-pentapeptide biosynthesis III (meso-diaminopimelate containing)|g__Roseburia.s__Roseburia_faecis	69.6298878431
PWY-7953: UDP-N-acetylmuramoyl-pentapeptide biosynthesis III (meso-diaminopimelate containing)|g__Parabacteroides.s__Parabacteroides_merdae	60.1184192690
PWY-7953: UDP-N-acetylmuramoyl-pentapeptide biosynthesis III (meso-diaminopimelate containing)|g__Senegalimassilia.s__Senegalimassilia_anaerobia	59.4544213963
PWY-7953: UDP-N-acetylmuramoyl-pentapeptide biosynthesis III (meso-diaminopimelate containing)|g__Blautia.s__Blautia_sp_CAG_52	59.2000343342
PWY-7953: UDP-N-acetylmuramoyl-pentapeptide biosynthesis III (meso-diaminopimelate containing)|g__Bacteroides.s__Bacteroides_ovatus	54.7214797306
PWY-7953: UDP-N-acetylmuramoyl-pentapeptide biosynthesis III (meso-diaminopimelate containing)|g__Coprococcus.s__Coprococcus_catus	51.6580598059
PWY-7953: UDP-N-acetylmuramoyl-pentapeptide biosynthesis III (meso-diaminopimelate containing)|g__Firmicutes_unclassified.s__Firmicutes_bacterium_CAG_41	51.1910005234
PWY-7953: UDP-N-acetylmuramoyl-pentapeptide biosynthesis III (meso-diaminopimelate containing)|g__Alistipes.s__Alistipes_indistinctus	50.6763974567
PWY-7953: UDP-N-acetylmuramoyl-pentapeptide biosynthesis III (meso-diaminopimelate containing)|g__Bacteroides.s__Bacteroides_cellulosilyticus	45.6697899885
PWY-7953: UDP-N-acetylmuramoyl-pentapeptide biosynthesis III (meso-diaminopimelate containing)|g__Coprococcus.s__Coprococcus_comes	43.3772770872
PWY-7953: UDP-N-acetylmuramoyl-pentapeptide biosynthesis III (meso-diaminopimelate containing)|g__Parabacteroides.s__Parabacteroides_distasonis	36.1304794703
PWY-7953: UDP-N-acetylmuramoyl-pentapeptide biosynthesis III (meso-diaminopimelate containing)|g__Dorea.s__Dorea_formicigenerans	30.9229087240
PWY-7953: UDP-N-acetylmuramoyl-pentapeptide biosynthesis III (meso-diaminopimelate containing)|g__Bacteroides.s__Bacteroides_faecis	30.8119497849
PWY-7953: UDP-N-acetylmuramoyl-pentapeptide biosynthesis III (meso-diaminopimelate containing)|g__Butyricimonas.s__Butyricimonas_synergistica	30.6486552846
PWY-7953: UDP-N-acetylmuramoyl-pentapeptide biosynthesis III (meso-diaminopimelate containing)|g__Roseburia.s__Roseburia_intestinalis	28.9226486999
PWY-7953: UDP-N-acetylmuramoyl-pentapeptide biosynthesis III (meso-diaminopimelate containing)|g__Odoribacter.s__Odoribacter_splanchnicus	28.3091713293
PWY-7953: UDP-N-acetylmuramoyl-pentapeptide biosynthesis III (meso-diaminopimelate containing)|g__Blautia.s__Blautia_sp_AF19_10LB	27.6038639578
PWY-7953: UDP-N-acetylmuramoyl-pentapeptide biosynthesis III (meso-diaminopimelate containing)|g__Eubacterium.s__Eubacterium_sp_36_13	25.2321981327
PWY-7953: UDP-N-acetylmuramoyl-pentapeptide biosynthesis III (meso-diaminopimelate containing)|g__Ruthenibacterium.s__Ruthenibacterium_lactatiformans	23.3228590990
PWY-7953: UDP-N-acetylmuramoyl-pentapeptide biosynthesis III (meso-diaminopimelate containing)|g__Bilophila.s__Bilophila_wadsworthia	22.1729345906
PWY-7953: UDP-N-acetylmuramoyl-pentapeptide biosynthesis III (meso-diaminopimelate containing)|g__Roseburia.s__Roseburia_hominis	18.4864250794
PWY-7953: UDP-N-acetylmuramoyl-pentapeptide biosynthesis III (meso-diaminopimelate containing)|g__Bacteroides.s__Bacteroides_salyersiae	18.4216763538
PWY-7953: UDP-N-acetylmuramoyl-pentapeptide biosynthesis III (meso-diaminopimelate containing)|g__Streptococcus.s__Streptococcus_pneumoniae	14.0197198406
PWY-7953: UDP-N-acetylmuramoyl-pentapeptide biosynthesis III (meso-diaminopimelate containing)|g__Alistipes.s__Alistipes_onderdonkii	12.8409130176
PWY-7953: UDP-N-acetylmuramoyl-pentapeptide biosynthesis III (meso-diaminopimelate containing)|g__Eisenbergiella.s__Eisenbergiella_tayi	9.9831063906
PWY-7953: UDP-N-acetylmuramoyl-pentapeptide biosynthesis III (meso-diaminopimelate containing)|g__Bacteroides.s__Bacteroides_fragilis	6.5984951144
PWY-7953: UDP-N-acetylmuramoyl-pentapeptide biosynthesis III (meso-diaminopimelate containing)|g__Streptococcus.s__Streptococcus_thermophilus	6.4465833563
PWY-7953: UDP-N-acetylmuramoyl-pentapeptide biosynthesis III (meso-diaminopimelate containing)|g__Streptococcus.s__Streptococcus_salivarius	2.4049677416
ARGSYNBSUB-PWY: L-arginine biosynthesis II (acetyl cycle)	14889.5592718262
ARGSYNBSUB-PWY: L-arginine biosynthesis II (acetyl cycle)|unclassified	2551.4391627470
ARGSYNBSUB-PWY: L-arginine biosynthesis II (acetyl cycle)|g__Faecalibacterium.s__Faecalibacterium_prausnitzii	1838.8757615982
ARGSYNBSUB-PWY: L-arginine biosynthesis II (acetyl cycle)|g__Bifidobacterium.s__Bifidobacterium_adolescentis	856.8193388297
ARGSYNBSUB-PWY: L-arginine biosynthesis II (acetyl cycle)|g__Ruminococcaceae_unclassified.s__Clostridium_leptum	659.4639927979
ARGSYNBSUB-PWY: L-arginine biosynthesis II (acetyl cycle)|g__Ruminococcus.s__Ruminococcus_bicirculans	608.8884211750
ARGSYNBSUB-PWY: L-arginine biosynthesis II (acetyl cycle)|g__Blautia.s__Ruminococcus_torques	512.2978028286
ARGSYNBSUB-PWY: L-arginine biosynthesis II (acetyl cycle)|g__Akkermansia.s__Akkermansia_muciniphila	511.5212306611
ARGSYNBSUB-PWY: L-arginine biosynthesis II (acetyl cycle)|g__Blautia.s__Blautia_wexlerae	382.0639601837
ARGSYNBSUB-PWY: L-arginine biosynthesis II (acetyl cycle)|g__Gemmiger.s__Gemmiger_formicilis	372.6628374678
ARGSYNBSUB-PWY: L-arginine biosynthesis II (acetyl cycle)|g__Subdoligranulum.s__Subdoligranulum_sp_APC924_74	362.6753989560
ARGSYNBSUB-PWY: L-arginine biosynthesis II (acetyl cycle)|g__Firmicutes_unclassified.s__Firmicutes_bacterium_CAG_65_45_313	284.9503796081
ARGSYNBSUB-PWY: L-arginine biosynthesis II (acetyl cycle)|g__Fusicatenibacter.s__Fusicatenibacter_saccharivorans	243.6813578203
ARGSYNBSUB-PWY: L-arginine biosynthesis II (acetyl cycle)|g__Collinsella.s__Collinsella_aerofaciens	221.8642907722
ARGSYNBSUB-PWY: L-arginine biosynthesis II (acetyl cycle)|g__Ruminococcus.s__Ruminococcus_callidus	216.8773118383
ARGSYNBSUB-PWY: L-arginine biosynthesis II (acetyl cycle)|g__Lachnospiraceae_unclassified.s__Eubacterium_rectale	216.0004608692
ARGSYNBSUB-PWY: L-arginine biosynthesis II (acetyl cycle)|g__Anaerostipes.s__Anaerostipes_hadrus	205.1001940818
ARGSYNBSUB-PWY: L-arginine biosynthesis II (acetyl cycle)|g__Phascolarctobacterium.s__Phascolarctobacterium_faecium	203.2444856489
ARGSYNBSUB-PWY: L-arginine biosynthesis II (acetyl cycle)|g__Firmicutes_unclassified.s__Firmicutes_bacterium_AF16_15	159.4977538173
ARGSYNBSUB-PWY: L-arginine biosynthesis II (acetyl cycle)|g__Lachnospira.s__Lachnospira_pectinoschiza	150.3799386482
ARGSYNBSUB-PWY: L-arginine biosynthesis II (acetyl cycle)|g__Bifidobacterium.s__Bifidobacterium_bifidum	144.2209303137
ARGSYNBSUB-PWY: L-arginine biosynthesis II (acetyl cycle)|g__Clostridium.s__Clostridium_sp_AF36_4	133.5474090130
ARGSYNBSUB-PWY: L-arginine biosynthesis II (acetyl cycle)|g__Roseburia.s__Roseburia_sp_CAG_380	120.0833525334
ARGSYNBSUB-PWY: L-arginine biosynthesis II (acetyl cycle)|g__Dorea.s__Dorea_longicatena	114.0683650756
ARGSYNBSUB-PWY: L-arginine biosynthesis II (acetyl cycle)|g__Blautia.s__Blautia_obeum	97.7725041313
ARGSYNBSUB-PWY: L-arginine biosynthesis II (acetyl cycle)|g__Eubacterium.s__Eubacterium_hallii	94.4723186142
ARGSYNBSUB-PWY: L-arginine biosynthesis II (acetyl cycle)|g__Blautia.s__Blautia_sp	86.0827815004
ARGSYNBSUB-PWY: L-arginine biosynthesis II (acetyl cycle)|g__Roseburia.s__Roseburia_faecis	84.5988703516
ARGSYNBSUB-PWY: L-arginine biosynthesis II (acetyl cycle)|g__Clostridium.s__Clostridium_sp_CAG_75	82.6961272800
ARGSYNBSUB-PWY: L-arginine biosynthesis II (acetyl cycle)|g__Coprococcus.s__Coprococcus_comes	58.4431344290
ARGSYNBSUB-PWY: L-arginine biosynthesis II (acetyl cycle)|g__Blautia.s__Blautia_sp_CAG_52	56.3095536664
ARGSYNBSUB-PWY: L-arginine biosynthesis II (acetyl cycle)|g__Firmicutes_unclassified.s__Firmicutes_bacterium_CAG_114	52.3418270713
ARGSYNBSUB-PWY: L-arginine biosynthesis II (acetyl cycle)|g__Agathobaculum.s__Agathobaculum_butyriciproducens	51.7737704649
ARGSYNBSUB-PWY: L-arginine biosynthesis II (acetyl cycle)|g__Coprococcus.s__Coprococcus_catus	48.8117702494
ARGSYNBSUB-PWY: L-arginine biosynthesis II (acetyl cycle)|g__Bifidobacterium.s__Bifidobacterium_longum	47.1099196197
ARGSYNBSUB-PWY: L-arginine biosynthesis II (acetyl cycle)|g__Senegalimassilia.s__Senegalimassilia_anaerobia	46.6631200143
ARGSYNBSUB-PWY: L-arginine biosynthesis II (acetyl cycle)|g__Eubacterium.s__Eubacterium_sp_36_13	44.9241141003
ARGSYNBSUB-PWY: L-arginine biosynthesis II (acetyl cycle)|g__Roseburia.s__Roseburia_intestinalis	42.0626213145
ARGSYNBSUB-PWY: L-arginine biosynthesis II (acetyl cycle)|g__Blautia.s__Blautia_sp_AF19_10LB	41.2808336979
ARGSYNBSUB-PWY: L-arginine biosynthesis II (acetyl cycle)|g__Dorea.s__Dorea_formicigenerans	33.0378052708
ARGSYNBSUB-PWY: L-arginine biosynthesis II (acetyl cycle)|g__Eggerthella.s__Eggerthella_sp_CAG_298	28.4254287233
ARGSYNBSUB-PWY: L-arginine biosynthesis II (acetyl cycle)|g__Clostridium.s__Clostridium_sp_AM22_11AC	26.8369481875
ARGSYNBSUB-PWY: L-arginine biosynthesis II (acetyl cycle)|g__Roseburia.s__Roseburia_hominis	24.7834740942
ARGSYNBSUB-PWY: L-arginine biosynthesis II (acetyl cycle)|g__Intestinibacter.s__Intestinibacter_bartlettii	23.8908612246
ARGSYNBSUB-PWY: L-arginine biosynthesis II (acetyl cycle)|g__Adlercreutzia.s__Adlercreutzia_equolifaciens	23.4924243815
ARGSYNBSUB-PWY: L-arginine biosynthesis II (acetyl cycle)|g__Clostridiales_unclassified.s__Clostridiales_bacterium_KLE1615	22.6638487599
ARGSYNBSUB-PWY: L-arginine biosynthesis II (acetyl cycle)|g__Bilophila.s__Bilophila_wadsworthia	21.0728558061
ARGSYNBSUB-PWY: L-arginine biosynthesis II (acetyl cycle)|g__Streptococcus.s__Streptococcus_thermophilus	19.0457509077
ARGSYNBSUB-PWY: L-arginine biosynthesis II (acetyl cycle)|g__Roseburia.s__Roseburia_inulinivorans	13.8435183918
ARGSYNBSUB-PWY: L-arginine biosynthesis II (acetyl cycle)|g__Asaccharobacter.s__Asaccharobacter_celatus	10.0874320548
ARGSYNBSUB-PWY: L-arginine biosynthesis II (acetyl cycle)|g__Dorea.s__Dorea_sp_OM02_2LB	9.8297715605
ARGSYNBSUB-PWY: L-arginine biosynthesis II (acetyl cycle)|g__Streptococcus.s__Streptococcus_pneumoniae	8.8668645812
ARGSYNBSUB-PWY: L-arginine biosynthesis II (acetyl cycle)|g__Streptococcus.s__Streptococcus_salivarius	7.3280905365
ARGSYNBSUB-PWY: L-arginine biosynthesis II (acetyl cycle)|g__Eubacterium.s__Eubacterium_ramulus	3.5359484128
PWY-6122: 5-aminoimidazole ribonucleotide biosynthesis II	14795.4476564473
PWY-6122: 5-aminoimidazole ribonucleotide biosynthesis II|unclassified	3058.4212544483
PWY-6122: 5-aminoimidazole ribonucleotide biosynthesis II|g__Faecalibacterium.s__Faecalibacterium_prausnitzii	1423.6641583450
PWY-6122: 5-aminoimidazole ribonucleotide biosynthesis II|g__Prevotella.s__Prevotella_copri	1266.0778033192
PWY-6122: 5-aminoimidazole ribonucleotide biosynthesis II|g__Ruminococcaceae_unclassified.s__Clostridium_leptum	643.0249114007
PWY-6122: 5-aminoimidazole ribonucleotide biosynthesis II|g__Bifidobacterium.s__Bifidobacterium_adolescentis	638.1561708255
PWY-6122: 5-aminoimidazole ribonucleotide biosynthesis II|g__Ruminococcus.s__Ruminococcus_bicirculans	571.8315162097
PWY-6122: 5-aminoimidazole ribonucleotide biosynthesis II|g__Blautia.s__Ruminococcus_torques	501.0518871745
PWY-6122: 5-aminoimidazole ribonucleotide biosynthesis II|g__Akkermansia.s__Akkermansia_muciniphila	430.7767372827
PWY-6122: 5-aminoimidazole ribonucleotide biosynthesis II|g__Alistipes.s__Alistipes_finegoldii	361.7131101385
PWY-6122: 5-aminoimidazole ribonucleotide biosynthesis II|g__Blautia.s__Blautia_obeum	343.4605519705
PWY-6122: 5-aminoimidazole ribonucleotide biosynthesis II|g__Barnesiella.s__Barnesiella_intestinihominis	304.9964658688
PWY-6122: 5-aminoimidazole ribonucleotide biosynthesis II|g__Firmicutes_unclassified.s__Firmicutes_bacterium_CAG_65_45_313	304.3667000574
PWY-6122: 5-aminoimidazole ribonucleotide biosynthesis II|g__Subdoligranulum.s__Subdoligranulum_sp_APC924_74	296.9513881138
PWY-6122: 5-aminoimidazole ribonucleotide biosynthesis II|g__Collinsella.s__Collinsella_aerofaciens	283.6698112821
PWY-6122: 5-aminoimidazole ribonucleotide biosynthesis II|g__Anaerostipes.s__Anaerostipes_hadrus	260.8301829982
PWY-6122: 5-aminoimidazole ribonucleotide biosynthesis II|g__Blautia.s__Blautia_wexlerae	255.2117298218
PWY-6122: 5-aminoimidazole ribonucleotide biosynthesis II|g__Gemmiger.s__Gemmiger_formicilis	247.6490020160
PWY-6122: 5-aminoimidazole ribonucleotide biosynthesis II|g__Firmicutes_unclassified.s__Firmicutes_bacterium_CAG_110	233.4715651663
PWY-6122: 5-aminoimidazole ribonucleotide biosynthesis II|g__Bifidobacterium.s__Bifidobacterium_bifidum	229.1817538328
PWY-6122: 5-aminoimidazole ribonucleotide biosynthesis II|g__Ruminococcus.s__Ruminococcus_sp_CAG_177	223.1286221491
PWY-6122: 5-aminoimidazole ribonucleotide biosynthesis II|g__Lachnospiraceae_unclassified.s__Eubacterium_rectale	209.8968873959
PWY-6122: 5-aminoimidazole ribonucleotide biosynthesis II|g__Fusicatenibacter.s__Fusicatenibacter_saccharivorans	201.1348277363
PWY-6122: 5-aminoimidazole ribonucleotide biosynthesis II|g__Phascolarctobacterium.s__Phascolarctobacterium_faecium	196.6963218714
PWY-6122: 5-aminoimidazole ribonucleotide biosynthesis II|g__Bacteroides.s__Bacteroides_vulgatus	193.2549311572
PWY-6122: 5-aminoimidazole ribonucleotide biosynthesis II|g__Ruminococcus.s__Ruminococcus_callidus	181.5186309694
PWY-6122: 5-aminoimidazole ribonucleotide biosynthesis II|g__Firmicutes_unclassified.s__Firmicutes_bacterium_AF16_15	177.3524624119
PWY-6122: 5-aminoimidazole ribonucleotide biosynthesis II|g__Bacteroides.s__Bacteroides_massiliensis	173.3767619874
PWY-6122: 5-aminoimidazole ribonucleotide biosynthesis II|g__Dorea.s__Dorea_longicatena	149.0734011236
PWY-6122: 5-aminoimidazole ribonucleotide biosynthesis II|g__Clostridium.s__Clostridium_sp_AF36_4	143.3985895848
PWY-6122: 5-aminoimidazole ribonucleotide biosynthesis II|g__Lachnospira.s__Lachnospira_pectinoschiza	140.3850281545
PWY-6122: 5-aminoimidazole ribonucleotide biosynthesis II|g__Eubacterium.s__Eubacterium_hallii	134.3516967889
PWY-6122: 5-aminoimidazole ribonucleotide biosynthesis II|g__Sutterella.s__Sutterella_wadsworthensis	124.3436085091
PWY-6122: 5-aminoimidazole ribonucleotide biosynthesis II|g__Roseburia.s__Roseburia_sp_CAG_380	117.5633574367
PWY-6122: 5-aminoimidazole ribonucleotide biosynthesis II|g__Roseburia.s__Roseburia_faecis	97.1000937071
PWY-6122: 5-aminoimidazole ribonucleotide biosynthesis II|g__Eubacterium.s__Eubacterium_sp_CAG_251	93.1083850254
PWY-6122: 5-aminoimidazole ribonucleotide biosynthesis II|g__Bacteroides.s__Bacteroides_dorei	92.1167197397
PWY-6122: 5-aminoimidazole ribonucleotide biosynthesis II|g__Blautia.s__Blautia_sp_CAG_52	82.7165649623
PWY-6122: 5-aminoimidazole ribonucleotide biosynthesis II|g__Bacteroides.s__Bacteroides_uniformis	80.2416022159
PWY-6122: 5-aminoimidazole ribonucleotide biosynthesis II|g__Blautia.s__Blautia_sp	78.0855645241
PWY-6122: 5-aminoimidazole ribonucleotide biosynthesis II|g__Bacteroides.s__Bacteroides_caccae	74.7757831768
PWY-6122: 5-aminoimidazole ribonucleotide biosynthesis II|g__Parabacteroides.s__Parabacteroides_merdae	68.0117704492
PWY-6122: 5-aminoimidazole ribonucleotide biosynthesis II|g__Coprococcus.s__Coprococcus_comes	67.5233356350
PWY-6122: 5-aminoimidazole ribonucleotide biosynthesis II|g__Alistipes.s__Alistipes_indistinctus	58.3840287866
PWY-6122: 5-aminoimidazole ribonucleotide biosynthesis II|g__Alistipes.s__Alistipes_onderdonkii	58.1471905399
PWY-6122: 5-aminoimidazole ribonucleotide biosynthesis II|g__Clostridium.s__Clostridium_sp_CAG_75	54.5475374504
PWY-6122: 5-aminoimidazole ribonucleotide biosynthesis II|g__Coprococcus.s__Coprococcus_catus	54.2062164293
PWY-6122: 5-aminoimidazole ribonucleotide biosynthesis II|g__Bacteroides.s__Bacteroides_ovatus	53.7661780818
PWY-6122: 5-aminoimidazole ribonucleotide biosynthesis II|g__Senegalimassilia.s__Senegalimassilia_anaerobia	51.5267213004
PWY-6122: 5-aminoimidazole ribonucleotide biosynthesis II|g__Agathobaculum.s__Agathobaculum_butyriciproducens	48.5597448556
PWY-6122: 5-aminoimidazole ribonucleotide biosynthesis II|g__Alistipes.s__Alistipes_shahii	45.3982910308
PWY-6122: 5-aminoimidazole ribonucleotide biosynthesis II|g__Firmicutes_unclassified.s__Firmicutes_bacterium_CAG_114	41.9866429925
PWY-6122: 5-aminoimidazole ribonucleotide biosynthesis II|g__Bifidobacterium.s__Bifidobacterium_longum	41.9637435372
PWY-6122: 5-aminoimidazole ribonucleotide biosynthesis II|g__Oscillibacter.s__Oscillibacter_sp_57_20	41.1264522093
PWY-6122: 5-aminoimidazole ribonucleotide biosynthesis II|g__Roseburia.s__Roseburia_intestinalis	40.7371131741
PWY-6122: 5-aminoimidazole ribonucleotide biosynthesis II|g__Bacteroides.s__Bacteroides_cellulosilyticus	37.7848971790
PWY-6122: 5-aminoimidazole ribonucleotide biosynthesis II|g__Parabacteroides.s__Parabacteroides_distasonis	36.5356434769
PWY-6122: 5-aminoimidazole ribonucleotide biosynthesis II|g__Firmicutes_unclassified.s__Firmicutes_bacterium_CAG_41	35.5929680896
PWY-6122: 5-aminoimidazole ribonucleotide biosynthesis II|g__Blautia.s__Blautia_sp_AF19_10LB	33.0051822352
PWY-6122: 5-aminoimidazole ribonucleotide biosynthesis II|g__Odoribacter.s__Odoribacter_splanchnicus	30.5682886212
PWY-6122: 5-aminoimidazole ribonucleotide biosynthesis II|g__Bacteroides.s__Bacteroides_faecis	29.0322564237
PWY-6122: 5-aminoimidazole ribonucleotide biosynthesis II|g__Streptococcus.s__Streptococcus_thermophilus	27.4220498733
PWY-6122: 5-aminoimidazole ribonucleotide biosynthesis II|g__Ruthenibacterium.s__Ruthenibacterium_lactatiformans	22.8230927162
PWY-6122: 5-aminoimidazole ribonucleotide biosynthesis II|g__Eubacterium.s__Eubacterium_sp_36_13	22.7277197225
PWY-6122: 5-aminoimidazole ribonucleotide biosynthesis II|g__Eggerthella.s__Eggerthella_sp_CAG_298	21.0392736144
PWY-6122: 5-aminoimidazole ribonucleotide biosynthesis II|g__Roseburia.s__Roseburia_hominis	20.5122979406
PWY-6122: 5-aminoimidazole ribonucleotide biosynthesis II|g__Streptococcus.s__Streptococcus_parasanguinis	20.2271950451
PWY-6122: 5-aminoimidazole ribonucleotide biosynthesis II|g__Eubacterium.s__Eubacterium_sp_AF17_7	18.2471017054
PWY-6122: 5-aminoimidazole ribonucleotide biosynthesis II|g__Intestinibacter.s__Intestinibacter_bartlettii	18.1634039414
PWY-6122: 5-aminoimidazole ribonucleotide biosynthesis II|g__Slackia.s__Slackia_isoflavoniconvertens	17.7595152405
PWY-6122: 5-aminoimidazole ribonucleotide biosynthesis II|g__Bacteroides.s__Bacteroides_salyersiae	17.3724523904
PWY-6122: 5-aminoimidazole ribonucleotide biosynthesis II|g__Asaccharobacter.s__Asaccharobacter_celatus	16.4244823043
PWY-6122: 5-aminoimidazole ribonucleotide biosynthesis II|g__Bilophila.s__Bilophila_wadsworthia	16.0695902730
PWY-6122: 5-aminoimidazole ribonucleotide biosynthesis II|g__Clostridiales_unclassified.s__Clostridiales_bacterium_KLE1615	15.9900784579
PWY-6122: 5-aminoimidazole ribonucleotide biosynthesis II|g__Eubacterium.s__Eubacterium_ramulus	14.7044431290
PWY-6122: 5-aminoimidazole ribonucleotide biosynthesis II|g__Dorea.s__Dorea_formicigenerans	13.4344660097
PWY-6122: 5-aminoimidazole ribonucleotide biosynthesis II|g__Adlercreutzia.s__Adlercreutzia_equolifaciens	12.9798409254
PWY-6122: 5-aminoimidazole ribonucleotide biosynthesis II|g__Roseburia.s__Roseburia_inulinivorans	12.0245278579
PWY-6122: 5-aminoimidazole ribonucleotide biosynthesis II|g__Firmicutes_unclassified.s__Firmicutes_bacterium_CAG_94	10.6654378992
PWY-6122: 5-aminoimidazole ribonucleotide biosynthesis II|g__Butyricimonas.s__Butyricimonas_virosa	10.3811201570
PWY-6122: 5-aminoimidazole ribonucleotide biosynthesis II|g__Streptococcus.s__Streptococcus_salivarius	9.4597386488
PWY-6122: 5-aminoimidazole ribonucleotide biosynthesis II|g__Eubacterium.s__Eubacterium_ventriosum	8.6685078350
PWY-6122: 5-aminoimidazole ribonucleotide biosynthesis II|g__Turicibacter.s__Turicibacter_sanguinis	8.5512458983
PWY-6122: 5-aminoimidazole ribonucleotide biosynthesis II|g__Anaeromassilibacillus.s__Anaeromassilibacillus_sp_An250	6.0842071274
PWY-6122: 5-aminoimidazole ribonucleotide biosynthesis II|g__Bacteroides.s__Bacteroides_fragilis	2.7397245796
PWY-6122: 5-aminoimidazole ribonucleotide biosynthesis II|g__Streptococcus.s__Streptococcus_pneumoniae	0.8265316665
PWY-6277: superpathway of 5-aminoimidazole ribonucleotide biosynthesis	14795.4476564473
PWY-6277: superpathway of 5-aminoimidazole ribonucleotide biosynthesis|unclassified	3058.4212544483
PWY-6277: superpathway of 5-aminoimidazole ribonucleotide biosynthesis|g__Faecalibacterium.s__Faecalibacterium_prausnitzii	1423.6641583450
PWY-6277: superpathway of 5-aminoimidazole ribonucleotide biosynthesis|g__Prevotella.s__Prevotella_copri	1266.0778033192
PWY-6277: superpathway of 5-aminoimidazole ribonucleotide biosynthesis|g__Ruminococcaceae_unclassified.s__Clostridium_leptum	643.0249114007
PWY-6277: superpathway of 5-aminoimidazole ribonucleotide biosynthesis|g__Bifidobacterium.s__Bifidobacterium_adolescentis	638.1561708255
PWY-6277: superpathway of 5-aminoimidazole ribonucleotide biosynthesis|g__Ruminococcus.s__Ruminococcus_bicirculans	571.8315162097
PWY-6277: superpathway of 5-aminoimidazole ribonucleotide biosynthesis|g__Blautia.s__Ruminococcus_torques	501.0518871745
PWY-6277: superpathway of 5-aminoimidazole ribonucleotide biosynthesis|g__Akkermansia.s__Akkermansia_muciniphila	430.7767372827
PWY-6277: superpathway of 5-aminoimidazole ribonucleotide biosynthesis|g__Alistipes.s__Alistipes_finegoldii	361.7131101385
PWY-6277: superpathway of 5-aminoimidazole ribonucleotide biosynthesis|g__Blautia.s__Blautia_obeum	343.4605519705
PWY-6277: superpathway of 5-aminoimidazole ribonucleotide biosynthesis|g__Barnesiella.s__Barnesiella_intestinihominis	304.9964658688
PWY-6277: superpathway of 5-aminoimidazole ribonucleotide biosynthesis|g__Firmicutes_unclassified.s__Firmicutes_bacterium_CAG_65_45_313	304.3667000574
PWY-6277: superpathway of 5-aminoimidazole ribonucleotide biosynthesis|g__Subdoligranulum.s__Subdoligranulum_sp_APC924_74	296.9513881138
PWY-6277: superpathway of 5-aminoimidazole ribonucleotide biosynthesis|g__Collinsella.s__Collinsella_aerofaciens	283.6698112821
PWY-6277: superpathway of 5-aminoimidazole ribonucleotide biosynthesis|g__Anaerostipes.s__Anaerostipes_hadrus	260.8301829982
PWY-6277: superpathway of 5-aminoimidazole ribonucleotide biosynthesis|g__Blautia.s__Blautia_wexlerae	255.2117298218
PWY-6277: superpathway of 5-aminoimidazole ribonucleotide biosynthesis|g__Gemmiger.s__Gemmiger_formicilis	247.6490020160
PWY-6277: superpathway of 5-aminoimidazole ribonucleotide biosynthesis|g__Firmicutes_unclassified.s__Firmicutes_bacterium_CAG_110	233.4715651663
PWY-6277: superpathway of 5-aminoimidazole ribonucleotide biosynthesis|g__Bifidobacterium.s__Bifidobacterium_bifidum	229.1817538328
PWY-6277: superpathway of 5-aminoimidazole ribonucleotide biosynthesis|g__Ruminococcus.s__Ruminococcus_sp_CAG_177	223.1286221491
PWY-6277: superpathway of 5-aminoimidazole ribonucleotide biosynthesis|g__Lachnospiraceae_unclassified.s__Eubacterium_rectale	209.8968873959
PWY-6277: superpathway of 5-aminoimidazole ribonucleotide biosynthesis|g__Fusicatenibacter.s__Fusicatenibacter_saccharivorans	201.1348277363
PWY-6277: superpathway of 5-aminoimidazole ribonucleotide biosynthesis|g__Phascolarctobacterium.s__Phascolarctobacterium_faecium	196.6963218714
PWY-6277: superpathway of 5-aminoimidazole ribonucleotide biosynthesis|g__Bacteroides.s__Bacteroides_vulgatus	193.2549311572
PWY-6277: superpathway of 5-aminoimidazole ribonucleotide biosynthesis|g__Ruminococcus.s__Ruminococcus_callidus	181.5186309694
PWY-6277: superpathway of 5-aminoimidazole ribonucleotide biosynthesis|g__Firmicutes_unclassified.s__Firmicutes_bacterium_AF16_15	177.3524624119
PWY-6277: superpathway of 5-aminoimidazole ribonucleotide biosynthesis|g__Bacteroides.s__Bacteroides_massiliensis	173.3767619874
PWY-6277: superpathway of 5-aminoimidazole ribonucleotide biosynthesis|g__Dorea.s__Dorea_longicatena	149.0734011236
PWY-6277: superpathway of 5-aminoimidazole ribonucleotide biosynthesis|g__Clostridium.s__Clostridium_sp_AF36_4	143.3985895848
PWY-6277: superpathway of 5-aminoimidazole ribonucleotide biosynthesis|g__Lachnospira.s__Lachnospira_pectinoschiza	140.3850281545
PWY-6277: superpathway of 5-aminoimidazole ribonucleotide biosynthesis|g__Eubacterium.s__Eubacterium_hallii	134.3516967889
PWY-6277: superpathway of 5-aminoimidazole ribonucleotide biosynthesis|g__Sutterella.s__Sutterella_wadsworthensis	124.3436085091
PWY-6277: superpathway of 5-aminoimidazole ribonucleotide biosynthesis|g__Roseburia.s__Roseburia_sp_CAG_380	117.5633574367
PWY-6277: superpathway of 5-aminoimidazole ribonucleotide biosynthesis|g__Roseburia.s__Roseburia_faecis	97.1000937071
PWY-6277: superpathway of 5-aminoimidazole ribonucleotide biosynthesis|g__Eubacterium.s__Eubacterium_sp_CAG_251	93.1083850254
PWY-6277: superpathway of 5-aminoimidazole ribonucleotide biosynthesis|g__Bacteroides.s__Bacteroides_dorei	92.1167197397
PWY-6277: superpathway of 5-aminoimidazole ribonucleotide biosynthesis|g__Blautia.s__Blautia_sp_CAG_52	82.7165649623
PWY-6277: superpathway of 5-aminoimidazole ribonucleotide biosynthesis|g__Bacteroides.s__Bacteroides_uniformis	80.2416022159
PWY-6277: superpathway of 5-aminoimidazole ribonucleotide biosynthesis|g__Blautia.s__Blautia_sp	78.0855645241
PWY-6277: superpathway of 5-aminoimidazole ribonucleotide biosynthesis|g__Bacteroides.s__Bacteroides_caccae	74.7757831768
PWY-6277: superpathway of 5-aminoimidazole ribonucleotide biosynthesis|g__Parabacteroides.s__Parabacteroides_merdae	68.0117704492
PWY-6277: superpathway of 5-aminoimidazole ribonucleotide biosynthesis|g__Coprococcus.s__Coprococcus_comes	67.5233356350
PWY-6277: superpathway of 5-aminoimidazole ribonucleotide biosynthesis|g__Alistipes.s__Alistipes_indistinctus	58.3840287866
PWY-6277: superpathway of 5-aminoimidazole ribonucleotide biosynthesis|g__Alistipes.s__Alistipes_onderdonkii	58.1471905399
PWY-6277: superpathway of 5-aminoimidazole ribonucleotide biosynthesis|g__Clostridium.s__Clostridium_sp_CAG_75	54.5475374504
PWY-6277: superpathway of 5-aminoimidazole ribonucleotide biosynthesis|g__Coprococcus.s__Coprococcus_catus	54.2062164293
PWY-6277: superpathway of 5-aminoimidazole ribonucleotide biosynthesis|g__Bacteroides.s__Bacteroides_ovatus	53.7661780818
PWY-6277: superpathway of 5-aminoimidazole ribonucleotide biosynthesis|g__Senegalimassilia.s__Senegalimassilia_anaerobia	51.5267213004
PWY-6277: superpathway of 5-aminoimidazole ribonucleotide biosynthesis|g__Agathobaculum.s__Agathobaculum_butyriciproducens	48.5597448556
PWY-6277: superpathway of 5-aminoimidazole ribonucleotide biosynthesis|g__Alistipes.s__Alistipes_shahii	45.3982910308
PWY-6277: superpathway of 5-aminoimidazole ribonucleotide biosynthesis|g__Firmicutes_unclassified.s__Firmicutes_bacterium_CAG_114	41.9866429925
PWY-6277: superpathway of 5-aminoimidazole ribonucleotide biosynthesis|g__Bifidobacterium.s__Bifidobacterium_longum	41.9637435372
PWY-6277: superpathway of 5-aminoimidazole ribonucleotide biosynthesis|g__Oscillibacter.s__Oscillibacter_sp_57_20	41.1264522093
PWY-6277: superpathway of 5-aminoimidazole ribonucleotide biosynthesis|g__Roseburia.s__Roseburia_intestinalis	40.7371131741
PWY-6277: superpathway of 5-aminoimidazole ribonucleotide biosynthesis|g__Bacteroides.s__Bacteroides_cellulosilyticus	37.7848971790
PWY-6277: superpathway of 5-aminoimidazole ribonucleotide biosynthesis|g__Parabacteroides.s__Parabacteroides_distasonis	36.5356434769
PWY-6277: superpathway of 5-aminoimidazole ribonucleotide biosynthesis|g__Firmicutes_unclassified.s__Firmicutes_bacterium_CAG_41	35.5929680896
PWY-6277: superpathway of 5-aminoimidazole ribonucleotide biosynthesis|g__Blautia.s__Blautia_sp_AF19_10LB	33.0051822352
PWY-6277: superpathway of 5-aminoimidazole ribonucleotide biosynthesis|g__Odoribacter.s__Odoribacter_splanchnicus	30.5682886212
PWY-6277: superpathway of 5-aminoimidazole ribonucleotide biosynthesis|g__Bacteroides.s__Bacteroides_faecis	29.0322564237
PWY-6277: superpathway of 5-aminoimidazole ribonucleotide biosynthesis|g__Streptococcus.s__Streptococcus_thermophilus	27.4220498733
PWY-6277: superpathway of 5-aminoimidazole ribonucleotide biosynthesis|g__Ruthenibacterium.s__Ruthenibacterium_lactatiformans	22.8230927162
PWY-6277: superpathway of 5-aminoimidazole ribonucleotide biosynthesis|g__Eubacterium.s__Eubacterium_sp_36_13	22.7277197225
PWY-6277: superpathway of 5-aminoimidazole ribonucleotide biosynthesis|g__Eggerthella.s__Eggerthella_sp_CAG_298	21.0392736144
PWY-6277: superpathway of 5-aminoimidazole ribonucleotide biosynthesis|g__Roseburia.s__Roseburia_hominis	20.5122979406
PWY-6277: superpathway of 5-aminoimidazole ribonucleotide biosynthesis|g__Streptococcus.s__Streptococcus_parasanguinis	20.2271950451
PWY-6277: superpathway of 5-aminoimidazole ribonucleotide biosynthesis|g__Eubacterium.s__Eubacterium_sp_AF17_7	18.2471017054
PWY-6277: superpathway of 5-aminoimidazole ribonucleotide biosynthesis|g__Intestinibacter.s__Intestinibacter_bartlettii	18.1634039414
PWY-6277: superpathway of 5-aminoimidazole ribonucleotide biosynthesis|g__Slackia.s__Slackia_isoflavoniconvertens	17.7595152405
PWY-6277: superpathway of 5-aminoimidazole ribonucleotide biosynthesis|g__Bacteroides.s__Bacteroides_salyersiae	17.3724523904
PWY-6277: superpathway of 5-aminoimidazole ribonucleotide biosynthesis|g__Asaccharobacter.s__Asaccharobacter_celatus	16.4244823043
PWY-6277: superpathway of 5-aminoimidazole ribonucleotide biosynthesis|g__Bilophila.s__Bilophila_wadsworthia	16.0695902730
PWY-6277: superpathway of 5-aminoimidazole ribonucleotide biosynthesis|g__Clostridiales_unclassified.s__Clostridiales_bacterium_KLE1615	15.9900784579
PWY-6277: superpathway of 5-aminoimidazole ribonucleotide biosynthesis|g__Eubacterium.s__Eubacterium_ramulus	14.7044431290
PWY-6277: superpathway of 5-aminoimidazole ribonucleotide biosynthesis|g__Dorea.s__Dorea_formicigenerans	13.4344660097
PWY-6277: superpathway of 5-aminoimidazole ribonucleotide biosynthesis|g__Adlercreutzia.s__Adlercreutzia_equolifaciens	12.9798409254
PWY-6277: superpathway of 5-aminoimidazole ribonucleotide biosynthesis|g__Roseburia.s__Roseburia_inulinivorans	12.0245278579
PWY-6277: superpathway of 5-aminoimidazole ribonucleotide biosynthesis|g__Firmicutes_unclassified.s__Firmicutes_bacterium_CAG_94	10.6654378992
PWY-6277: superpathway of 5-aminoimidazole ribonucleotide biosynthesis|g__Butyricimonas.s__Butyricimonas_virosa	10.3811201570
PWY-6277: superpathway of 5-aminoimidazole ribonucleotide biosynthesis|g__Streptococcus.s__Streptococcus_salivarius	9.4597386488
PWY-6277: superpathway of 5-aminoimidazole ribonucleotide biosynthesis|g__Eubacterium.s__Eubacterium_ventriosum	8.6685078350
PWY-6277: superpathway of 5-aminoimidazole ribonucleotide biosynthesis|g__Turicibacter.s__Turicibacter_sanguinis	8.5512458983
PWY-6277: superpathway of 5-aminoimidazole ribonucleotide biosynthesis|g__Anaeromassilibacillus.s__Anaeromassilibacillus_sp_An250	6.0842071274
PWY-6277: superpathway of 5-aminoimidazole ribonucleotide biosynthesis|g__Bacteroides.s__Bacteroides_fragilis	2.7397245796
PWY-6277: superpathway of 5-aminoimidazole ribonucleotide biosynthesis|g__Streptococcus.s__Streptococcus_pneumoniae	0.8265316665
ARGSYN-PWY: L-arginine biosynthesis I (via L-ornithine)	14756.8282535252
ARGSYN-PWY: L-arginine biosynthesis I (via L-ornithine)|unclassified	2246.1862644099
ARGSYN-PWY: L-arginine biosynthesis I (via L-ornithine)|g__Faecalibacterium.s__Faecalibacterium_prausnitzii	1803.7384414615
ARGSYN-PWY: L-arginine biosynthesis I (via L-ornithine)|g__Bifidobacterium.s__Bifidobacterium_adolescentis	820.4436635211
ARGSYN-PWY: L-arginine biosynthesis I (via L-ornithine)|g__Ruminococcaceae_unclassified.s__Clostridium_leptum	621.0707896849
ARGSYN-PWY: L-arginine biosynthesis I (via L-ornithine)|g__Ruminococcus.s__Ruminococcus_bicirculans	579.0225635043
ARGSYN-PWY: L-arginine biosynthesis I (via L-ornithine)|g__Blautia.s__Ruminococcus_torques	471.9772435944
ARGSYN-PWY: L-arginine biosynthesis I (via L-ornithine)|g__Blautia.s__Blautia_wexlerae	411.6176840137
ARGSYN-PWY: L-arginine biosynthesis I (via L-ornithine)|g__Gemmiger.s__Gemmiger_formicilis	358.6289455457
ARGSYN-PWY: L-arginine biosynthesis I (via L-ornithine)|g__Alistipes.s__Alistipes_finegoldii	358.0344063859
ARGSYN-PWY: L-arginine biosynthesis I (via L-ornithine)|g__Subdoligranulum.s__Subdoligranulum_sp_APC924_74	344.3066309442
ARGSYN-PWY: L-arginine biosynthesis I (via L-ornithine)|g__Firmicutes_unclassified.s__Firmicutes_bacterium_CAG_65_45_313	235.9789069757
ARGSYN-PWY: L-arginine biosynthesis I (via L-ornithine)|g__Fusicatenibacter.s__Fusicatenibacter_saccharivorans	225.3838505798
ARGSYN-PWY: L-arginine biosynthesis I (via L-ornithine)|g__Collinsella.s__Collinsella_aerofaciens	209.5689721472
ARGSYN-PWY: L-arginine biosynthesis I (via L-ornithine)|g__Ruminococcus.s__Ruminococcus_callidus	206.0842872790
ARGSYN-PWY: L-arginine biosynthesis I (via L-ornithine)|g__Anaerostipes.s__Anaerostipes_hadrus	200.7703093334
ARGSYN-PWY: L-arginine biosynthesis I (via L-ornithine)|g__Phascolarctobacterium.s__Phascolarctobacterium_faecium	190.9642861771
ARGSYN-PWY: L-arginine biosynthesis I (via L-ornithine)|g__Lachnospiraceae_unclassified.s__Eubacterium_rectale	187.7683696578
ARGSYN-PWY: L-arginine biosynthesis I (via L-ornithine)|g__Firmicutes_unclassified.s__Firmicutes_bacterium_AF16_15	149.9644791273
ARGSYN-PWY: L-arginine biosynthesis I (via L-ornithine)|g__Lachnospira.s__Lachnospira_pectinoschiza	147.3076535663
ARGSYN-PWY: L-arginine biosynthesis I (via L-ornithine)|g__Bifidobacterium.s__Bifidobacterium_bifidum	131.8862139013
ARGSYN-PWY: L-arginine biosynthesis I (via L-ornithine)|g__Clostridium.s__Clostridium_sp_AF36_4	126.4477259454
ARGSYN-PWY: L-arginine biosynthesis I (via L-ornithine)|g__Eubacterium.s__Eubacterium_hallii	125.0961076604
ARGSYN-PWY: L-arginine biosynthesis I (via L-ornithine)|g__Roseburia.s__Roseburia_sp_CAG_380	123.7866562239
ARGSYN-PWY: L-arginine biosynthesis I (via L-ornithine)|g__Dorea.s__Dorea_longicatena	118.6993100236
ARGSYN-PWY: L-arginine biosynthesis I (via L-ornithine)|g__Roseburia.s__Roseburia_faecis	80.8239400132
ARGSYN-PWY: L-arginine biosynthesis I (via L-ornithine)|g__Clostridium.s__Clostridium_sp_CAG_75	72.8937248436
ARGSYN-PWY: L-arginine biosynthesis I (via L-ornithine)|g__Blautia.s__Blautia_obeum	58.1263531772
ARGSYN-PWY: L-arginine biosynthesis I (via L-ornithine)|g__Coprococcus.s__Coprococcus_comes	50.0009806353
ARGSYN-PWY: L-arginine biosynthesis I (via L-ornithine)|g__Blautia.s__Blautia_sp_CAG_52	48.8857871235
ARGSYN-PWY: L-arginine biosynthesis I (via L-ornithine)|g__Bifidobacterium.s__Bifidobacterium_longum	48.5610673740
ARGSYN-PWY: L-arginine biosynthesis I (via L-ornithine)|g__Coprococcus.s__Coprococcus_catus	47.3516020570
ARGSYN-PWY: L-arginine biosynthesis I (via L-ornithine)|g__Agathobaculum.s__Agathobaculum_butyriciproducens	47.3035823608
ARGSYN-PWY: L-arginine biosynthesis I (via L-ornithine)|g__Blautia.s__Blautia_sp_AF19_10LB	44.0206241170
ARGSYN-PWY: L-arginine biosynthesis I (via L-ornithine)|g__Eubacterium.s__Eubacterium_sp_36_13	42.4242555785
ARGSYN-PWY: L-arginine biosynthesis I (via L-ornithine)|g__Dorea.s__Dorea_formicigenerans	31.6003368039
ARGSYN-PWY: L-arginine biosynthesis I (via L-ornithine)|g__Roseburia.s__Roseburia_intestinalis	31.4117918833
ARGSYN-PWY: L-arginine biosynthesis I (via L-ornithine)|g__Blautia.s__Blautia_sp	31.2841918058
ARGSYN-PWY: L-arginine biosynthesis I (via L-ornithine)|g__Clostridium.s__Clostridium_sp_AM22_11AC	26.9412318345
ARGSYN-PWY: L-arginine biosynthesis I (via L-ornithine)|g__Clostridiales_unclassified.s__Clostridiales_bacterium_KLE1615	22.8423050780
ARGSYN-PWY: L-arginine biosynthesis I (via L-ornithine)|g__Intestinibacter.s__Intestinibacter_bartlettii	21.6512874844
ARGSYN-PWY: L-arginine biosynthesis I (via L-ornithine)|g__Roseburia.s__Roseburia_hominis	20.8216568561
ARGSYN-PWY: L-arginine biosynthesis I (via L-ornithine)|g__Streptococcus.s__Streptococcus_salivarius	6.7001657575
ARGSYN-PWY: L-arginine biosynthesis I (via L-ornithine)|g__Streptococcus.s__Streptococcus_pneumoniae	2.6447700518
ANAGLYCOLYSIS-PWY: glycolysis III (from glucose)	14567.5165036249
ANAGLYCOLYSIS-PWY: glycolysis III (from glucose)|unclassified	2049.4286428922
ANAGLYCOLYSIS-PWY: glycolysis III (from glucose)|g__Prevotella.s__Prevotella_copri	1235.4808794616
ANAGLYCOLYSIS-PWY: glycolysis III (from glucose)|g__Ruminococcus.s__Ruminococcus_bicirculans	566.8533547618
ANAGLYCOLYSIS-PWY: glycolysis III (from glucose)|g__Blautia.s__Ruminococcus_torques	429.9781086235
ANAGLYCOLYSIS-PWY: glycolysis III (from glucose)|g__Anaerostipes.s__Anaerostipes_hadrus	391.3058092145
ANAGLYCOLYSIS-PWY: glycolysis III (from glucose)|g__Fusicatenibacter.s__Fusicatenibacter_saccharivorans	234.6456572379
ANAGLYCOLYSIS-PWY: glycolysis III (from glucose)|g__Lachnospiraceae_unclassified.s__Eubacterium_rectale	219.6296578131
ANAGLYCOLYSIS-PWY: glycolysis III (from glucose)|g__Collinsella.s__Collinsella_aerofaciens	213.0265914175
ANAGLYCOLYSIS-PWY: glycolysis III (from glucose)|g__Blautia.s__Blautia_wexlerae	155.2643580943
ANAGLYCOLYSIS-PWY: glycolysis III (from glucose)|g__Blautia.s__Blautia_obeum	144.8146864502
ANAGLYCOLYSIS-PWY: glycolysis III (from glucose)|g__Dorea.s__Dorea_longicatena	105.1984667797
ANAGLYCOLYSIS-PWY: glycolysis III (from glucose)|g__Roseburia.s__Roseburia_faecis	94.8208775621
ANAGLYCOLYSIS-PWY: glycolysis III (from glucose)|g__Coprococcus.s__Coprococcus_catus	56.6925955404
ANAGLYCOLYSIS-PWY: glycolysis III (from glucose)|g__Coprococcus.s__Coprococcus_comes	56.3326577451
ANAGLYCOLYSIS-PWY: glycolysis III (from glucose)|g__Roseburia.s__Roseburia_intestinalis	46.3724081723
ANAGLYCOLYSIS-PWY: glycolysis III (from glucose)|g__Bacteroides.s__Bacteroides_cellulosilyticus	33.2277328802
ANAGLYCOLYSIS-PWY: glycolysis III (from glucose)|g__Parabacteroides.s__Parabacteroides_distasonis	32.2791127794
ANAGLYCOLYSIS-PWY: glycolysis III (from glucose)|g__Bacteroides.s__Bacteroides_salyersiae	20.8039775179
ANAGLYCOLYSIS-PWY: glycolysis III (from glucose)|g__Blautia.s__Blautia_sp	19.0869680146
ANAGLYCOLYSIS-PWY: glycolysis III (from glucose)|g__Bacteroides.s__Bacteroides_fragilis	13.0048141874
ANAGLYCOLYSIS-PWY: glycolysis III (from glucose)|g__Streptococcus.s__Streptococcus_thermophilus	12.8541967127
ANAGLYCOLYSIS-PWY: glycolysis III (from glucose)|g__Streptococcus.s__Streptococcus_salivarius	5.1550953694
PWY-5103: L-isoleucine biosynthesis III	14540.0768477091
PWY-5103: L-isoleucine biosynthesis III|g__Prevotella.s__Prevotella_copri	1686.2716281039
PWY-5103: L-isoleucine biosynthesis III|g__Bifidobacterium.s__Bifidobacterium_adolescentis	1292.8593344882
PWY-5103: L-isoleucine biosynthesis III|unclassified	784.5651278680
PWY-5103: L-isoleucine biosynthesis III|g__Ruminococcus.s__Ruminococcus_bicirculans	617.9401713247
PWY-5103: L-isoleucine biosynthesis III|g__Ruminococcaceae_unclassified.s__Clostridium_leptum	573.9600254214
PWY-5103: L-isoleucine biosynthesis III|g__Akkermansia.s__Akkermansia_muciniphila	422.4459870101
PWY-5103: L-isoleucine biosynthesis III|g__Blautia.s__Ruminococcus_torques	344.2811406091
PWY-5103: L-isoleucine biosynthesis III|g__Gemmiger.s__Gemmiger_formicilis	331.3802343692
PWY-5103: L-isoleucine biosynthesis III|g__Lachnospiraceae_unclassified.s__Eubacterium_rectale	265.4200186845
PWY-5103: L-isoleucine biosynthesis III|g__Anaerostipes.s__Anaerostipes_hadrus	243.0984744697
PWY-5103: L-isoleucine biosynthesis III|g__Bifidobacterium.s__Bifidobacterium_bifidum	207.6666855787
PWY-5103: L-isoleucine biosynthesis III|g__Blautia.s__Blautia_wexlerae	190.6517491498
PWY-5103: L-isoleucine biosynthesis III|g__Eubacterium.s__Eubacterium_hallii	141.2392572771
PWY-5103: L-isoleucine biosynthesis III|g__Dorea.s__Dorea_longicatena	133.2714258890
PWY-5103: L-isoleucine biosynthesis III|g__Blautia.s__Blautia_sp	105.7983323694
PWY-5103: L-isoleucine biosynthesis III|g__Blautia.s__Blautia_obeum	100.2366565937
PWY-5103: L-isoleucine biosynthesis III|g__Bacteroides.s__Bacteroides_caccae	86.8123460500
PWY-5103: L-isoleucine biosynthesis III|g__Bacteroides.s__Bacteroides_ovatus	79.0248870608
PWY-5103: L-isoleucine biosynthesis III|g__Bifidobacterium.s__Bifidobacterium_longum	71.9471230832
PWY-5103: L-isoleucine biosynthesis III|g__Bacteroides.s__Bacteroides_uniformis	69.7137600239
PWY-5103: L-isoleucine biosynthesis III|g__Roseburia.s__Roseburia_intestinalis	67.4955234646
PWY-5103: L-isoleucine biosynthesis III|g__Firmicutes_unclassified.s__Firmicutes_bacterium_CAG_41	57.3002507266
PWY-5103: L-isoleucine biosynthesis III|g__Parabacteroides.s__Parabacteroides_merdae	56.4910385636
PWY-5103: L-isoleucine biosynthesis III|g__Agathobaculum.s__Agathobaculum_butyriciproducens	53.5255390315
PWY-5103: L-isoleucine biosynthesis III|g__Blautia.s__Blautia_sp_AF19_10LB	38.9436522161
PWY-5103: L-isoleucine biosynthesis III|g__Coprococcus.s__Coprococcus_comes	36.2585379361
PWY-5103: L-isoleucine biosynthesis III|g__Parabacteroides.s__Parabacteroides_distasonis	35.7078546323
PWY-5103: L-isoleucine biosynthesis III|g__Dorea.s__Dorea_formicigenerans	31.6559999702
PWY-5103: L-isoleucine biosynthesis III|g__Bacteroides.s__Bacteroides_faecis	27.6290805149
PWY-5103: L-isoleucine biosynthesis III|g__Roseburia.s__Roseburia_hominis	25.0894651615
PWY-5103: L-isoleucine biosynthesis III|g__Ruthenibacterium.s__Ruthenibacterium_lactatiformans	23.3414851057
PWY-5103: L-isoleucine biosynthesis III|g__Streptococcus.s__Streptococcus_thermophilus	20.5498511880
PWY-5103: L-isoleucine biosynthesis III|g__Streptococcus.s__Streptococcus_salivarius	18.3795537715
PWY-5103: L-isoleucine biosynthesis III|g__Bilophila.s__Bilophila_wadsworthia	17.4298103021
PWY-5103: L-isoleucine biosynthesis III|g__Eubacterium.s__Eubacterium_sp_AF17_7	16.9399559207
PWY-5103: L-isoleucine biosynthesis III|g__Asaccharobacter.s__Asaccharobacter_celatus	14.8334887648
PWY-5103: L-isoleucine biosynthesis III|g__Adlercreutzia.s__Adlercreutzia_equolifaciens	13.8904237892
PWY-5103: L-isoleucine biosynthesis III|g__Roseburia.s__Roseburia_inulinivorans	13.0159282887
PWY-5103: L-isoleucine biosynthesis III|g__Bacteroides.s__Bacteroides_cellulosilyticus	10.3939746157
PWY-5103: L-isoleucine biosynthesis III|g__Firmicutes_unclassified.s__Firmicutes_bacterium_CAG_145	8.0477012826
PWY-5103: L-isoleucine biosynthesis III|g__Bacteroides.s__Bacteroides_fragilis	8.0067074253
PWY-5103: L-isoleucine biosynthesis III|g__Raoultella.s__Raoultella_planticola	6.2073888726
PWY-6151: S-adenosyl-L-methionine salvage I	14511.9101450566
PWY-6151: S-adenosyl-L-methionine salvage I|unclassified	3610.4191758877
PWY-6151: S-adenosyl-L-methionine salvage I|g__Faecalibacterium.s__Faecalibacterium_prausnitzii	1277.0294205749
PWY-6151: S-adenosyl-L-methionine salvage I|g__Bifidobacterium.s__Bifidobacterium_adolescentis	963.3307738971
PWY-6151: S-adenosyl-L-methionine salvage I|g__Ruminococcaceae_unclassified.s__Clostridium_leptum	622.6845982731
PWY-6151: S-adenosyl-L-methionine salvage I|g__Blautia.s__Ruminococcus_torques	472.3711363535
PWY-6151: S-adenosyl-L-methionine salvage I|g__Anaerostipes.s__Anaerostipes_hadrus	395.1127935757
PWY-6151: S-adenosyl-L-methionine salvage I|g__Barnesiella.s__Barnesiella_intestinihominis	304.3225882767
PWY-6151: S-adenosyl-L-methionine salvage I|g__Firmicutes_unclassified.s__Firmicutes_bacterium_CAG_65_45_313	277.8674833440
PWY-6151: S-adenosyl-L-methionine salvage I|g__Ruminococcus.s__Ruminococcus_sp_CAG_177	261.1555249771
PWY-6151: S-adenosyl-L-methionine salvage I|g__Blautia.s__Blautia_wexlerae	238.5413302408
PWY-6151: S-adenosyl-L-methionine salvage I|g__Gemmiger.s__Gemmiger_formicilis	211.3947024920
PWY-6151: S-adenosyl-L-methionine salvage I|g__Lachnospiraceae_unclassified.s__Eubacterium_rectale	209.4609265522
PWY-6151: S-adenosyl-L-methionine salvage I|g__Ruminococcus.s__Ruminococcus_callidus	206.0469367183
PWY-6151: S-adenosyl-L-methionine salvage I|g__Dorea.s__Dorea_longicatena	203.1601531383
PWY-6151: S-adenosyl-L-methionine salvage I|g__Bacteroides.s__Bacteroides_vulgatus	194.6737622258
PWY-6151: S-adenosyl-L-methionine salvage I|g__Collinsella.s__Collinsella_aerofaciens	192.3066149796
PWY-6151: S-adenosyl-L-methionine salvage I|g__Lachnospira.s__Lachnospira_pectinoschiza	170.4546853898
PWY-6151: S-adenosyl-L-methionine salvage I|g__Firmicutes_unclassified.s__Firmicutes_bacterium_CAG_110	164.1126379891
PWY-6151: S-adenosyl-L-methionine salvage I|g__Bifidobacterium.s__Bifidobacterium_bifidum	147.9494778203
PWY-6151: S-adenosyl-L-methionine salvage I|g__Eubacterium.s__Eubacterium_hallii	138.7662080191
PWY-6151: S-adenosyl-L-methionine salvage I|g__Bacteroides.s__Bacteroides_dorei	134.6000630911
PWY-6151: S-adenosyl-L-methionine salvage I|g__Firmicutes_unclassified.s__Firmicutes_bacterium_AF16_15	133.8082277969
PWY-6151: S-adenosyl-L-methionine salvage I|g__Roseburia.s__Roseburia_sp_CAG_380	113.0394571666
PWY-6151: S-adenosyl-L-methionine salvage I|g__Clostridium.s__Clostridium_sp_AF36_4	102.6681742809
PWY-6151: S-adenosyl-L-methionine salvage I|g__Bacteroides.s__Bacteroides_uniformis	96.3064901660
PWY-6151: S-adenosyl-L-methionine salvage I|g__Blautia.s__Blautia_obeum	76.0064915847
PWY-6151: S-adenosyl-L-methionine salvage I|g__Fusicatenibacter.s__Fusicatenibacter_saccharivorans	74.5960591272
PWY-6151: S-adenosyl-L-methionine salvage I|g__Eubacterium.s__Eubacterium_sp_CAG_251	71.7773234996
PWY-6151: S-adenosyl-L-methionine salvage I|g__Coprococcus.s__Coprococcus_comes	71.6500402004
PWY-6151: S-adenosyl-L-methionine salvage I|g__Clostridium.s__Clostridium_sp_CAG_75	61.0269504503
PWY-6151: S-adenosyl-L-methionine salvage I|g__Senegalimassilia.s__Senegalimassilia_anaerobia	57.4759211824
PWY-6151: S-adenosyl-L-methionine salvage I|g__Blautia.s__Blautia_sp_CAG_52	56.9072021711
PWY-6151: S-adenosyl-L-methionine salvage I|g__Agathobaculum.s__Agathobaculum_butyriciproducens	55.7090692392
PWY-6151: S-adenosyl-L-methionine salvage I|g__Dorea.s__Dorea_formicigenerans	55.2224236714
PWY-6151: S-adenosyl-L-methionine salvage I|g__Roseburia.s__Roseburia_faecis	51.5293149420
PWY-6151: S-adenosyl-L-methionine salvage I|g__Firmicutes_unclassified.s__Firmicutes_bacterium_CAG_41	49.6834505772
PWY-6151: S-adenosyl-L-methionine salvage I|g__Roseburia.s__Roseburia_intestinalis	44.0060924412
PWY-6151: S-adenosyl-L-methionine salvage I|g__Bifidobacterium.s__Bifidobacterium_longum	36.9998022799
PWY-6151: S-adenosyl-L-methionine salvage I|g__Eubacterium.s__Eubacterium_sp_36_13	35.6379537813
PWY-6151: S-adenosyl-L-methionine salvage I|g__Clostridium.s__Clostridium_sp_AM22_11AC	34.8477443811
PWY-6151: S-adenosyl-L-methionine salvage I|g__Butyricimonas.s__Butyricimonas_synergistica	33.8000261976
PWY-6151: S-adenosyl-L-methionine salvage I|g__Odoribacter.s__Odoribacter_splanchnicus	32.3366285868
PWY-6151: S-adenosyl-L-methionine salvage I|g__Clostridiales_unclassified.s__Clostridiales_bacterium_KLE1615	31.3594386039
PWY-6151: S-adenosyl-L-methionine salvage I|g__Bacteroides.s__Bacteroides_cellulosilyticus	29.7070210614
PWY-6151: S-adenosyl-L-methionine salvage I|g__Coprococcus.s__Coprococcus_catus	28.0625515679
PWY-6151: S-adenosyl-L-methionine salvage I|g__Intestinibacter.s__Intestinibacter_bartlettii	22.8139961262
PWY-6151: S-adenosyl-L-methionine salvage I|g__Eubacterium.s__Eubacterium_sp_AF17_7	21.6410162843
PWY-6151: S-adenosyl-L-methionine salvage I|g__Ruthenibacterium.s__Ruthenibacterium_lactatiformans	20.8929780668
PWY-6151: S-adenosyl-L-methionine salvage I|g__Streptococcus.s__Streptococcus_thermophilus	19.4935876258
PWY-6151: S-adenosyl-L-methionine salvage I|g__Slackia.s__Slackia_isoflavoniconvertens	18.5861381994
PWY-6151: S-adenosyl-L-methionine salvage I|g__Streptococcus.s__Streptococcus_parasanguinis	17.2487798287
PWY-6151: S-adenosyl-L-methionine salvage I|g__Streptococcus.s__Streptococcus_salivarius	17.0441236182
PWY-6151: S-adenosyl-L-methionine salvage I|g__Roseburia.s__Roseburia_inulinivorans	16.2542242192
PWY-6151: S-adenosyl-L-methionine salvage I|g__Blautia.s__Blautia_sp_AF19_10LB	11.0359833409
PWY-6151: S-adenosyl-L-methionine salvage I|g__Eubacterium.s__Eubacterium_ventriosum	8.6180326352
PWY-6151: S-adenosyl-L-methionine salvage I|g__Streptococcus.s__Streptococcus_pneumoniae	8.0682756172
PWY-6151: S-adenosyl-L-methionine salvage I|g__Bacteroides.s__Bacteroides_fragilis	4.8816411333
PWY-6121: 5-aminoimidazole ribonucleotide biosynthesis I	14414.9982952649
PWY-6121: 5-aminoimidazole ribonucleotide biosynthesis I|unclassified	3108.9749738242
PWY-6121: 5-aminoimidazole ribonucleotide biosynthesis I|g__Faecalibacterium.s__Faecalibacterium_prausnitzii	1366.7157344004
PWY-6121: 5-aminoimidazole ribonucleotide biosynthesis I|g__Ruminococcaceae_unclassified.s__Clostridium_leptum	597.4746426762
PWY-6121: 5-aminoimidazole ribonucleotide biosynthesis I|g__Bifidobacterium.s__Bifidobacterium_adolescentis	580.3589845590
PWY-6121: 5-aminoimidazole ribonucleotide biosynthesis I|g__Ruminococcus.s__Ruminococcus_bicirculans	564.5479341293
PWY-6121: 5-aminoimidazole ribonucleotide biosynthesis I|g__Blautia.s__Ruminococcus_torques	488.2888521123
PWY-6121: 5-aminoimidazole ribonucleotide biosynthesis I|g__Akkermansia.s__Akkermansia_muciniphila	446.7479382028
PWY-6121: 5-aminoimidazole ribonucleotide biosynthesis I|g__Alistipes.s__Alistipes_finegoldii	374.3485080426
PWY-6121: 5-aminoimidazole ribonucleotide biosynthesis I|g__Blautia.s__Blautia_obeum	355.6934596795
PWY-6121: 5-aminoimidazole ribonucleotide biosynthesis I|g__Subdoligranulum.s__Subdoligranulum_sp_APC924_74	295.4270450780
PWY-6121: 5-aminoimidazole ribonucleotide biosynthesis I|g__Barnesiella.s__Barnesiella_intestinihominis	295.0765178566
PWY-6121: 5-aminoimidazole ribonucleotide biosynthesis I|g__Collinsella.s__Collinsella_aerofaciens	283.3755964237
PWY-6121: 5-aminoimidazole ribonucleotide biosynthesis I|g__Firmicutes_unclassified.s__Firmicutes_bacterium_CAG_65_45_313	279.0666742844
PWY-6121: 5-aminoimidazole ribonucleotide biosynthesis I|g__Anaerostipes.s__Anaerostipes_hadrus	241.6553274024
PWY-6121: 5-aminoimidazole ribonucleotide biosynthesis I|g__Firmicutes_unclassified.s__Firmicutes_bacterium_CAG_110	237.2850544439
PWY-6121: 5-aminoimidazole ribonucleotide biosynthesis I|g__Gemmiger.s__Gemmiger_formicilis	234.8223129071
PWY-6121: 5-aminoimidazole ribonucleotide biosynthesis I|g__Lachnospiraceae_unclassified.s__Eubacterium_rectale	220.7803794287
PWY-6121: 5-aminoimidazole ribonucleotide biosynthesis I|g__Ruminococcus.s__Ruminococcus_sp_CAG_177	220.1893695843
PWY-6121: 5-aminoimidazole ribonucleotide biosynthesis I|g__Blautia.s__Blautia_wexlerae	216.8690691948
PWY-6121: 5-aminoimidazole ribonucleotide biosynthesis I|g__Fusicatenibacter.s__Fusicatenibacter_saccharivorans	206.7502481777
PWY-6121: 5-aminoimidazole ribonucleotide biosynthesis I|g__Bacteroides.s__Bacteroides_vulgatus	202.0143005054
PWY-6121: 5-aminoimidazole ribonucleotide biosynthesis I|g__Phascolarctobacterium.s__Phascolarctobacterium_faecium	183.5179436244
PWY-6121: 5-aminoimidazole ribonucleotide biosynthesis I|g__Ruminococcus.s__Ruminococcus_callidus	180.4833875185
PWY-6121: 5-aminoimidazole ribonucleotide biosynthesis I|g__Bacteroides.s__Bacteroides_massiliensis	177.9301217230
PWY-6121: 5-aminoimidazole ribonucleotide biosynthesis I|g__Firmicutes_unclassified.s__Firmicutes_bacterium_AF16_15	170.5630236391
PWY-6121: 5-aminoimidazole ribonucleotide biosynthesis I|g__Bifidobacterium.s__Bifidobacterium_bifidum	153.0193204841
PWY-6121: 5-aminoimidazole ribonucleotide biosynthesis I|g__Lachnospira.s__Lachnospira_pectinoschiza	143.8019363178
PWY-6121: 5-aminoimidazole ribonucleotide biosynthesis I|g__Dorea.s__Dorea_longicatena	136.2488484468
PWY-6121: 5-aminoimidazole ribonucleotide biosynthesis I|g__Clostridium.s__Clostridium_sp_AF36_4	134.4090204996
PWY-6121: 5-aminoimidazole ribonucleotide biosynthesis I|g__Eubacterium.s__Eubacterium_hallii	134.2077449937
PWY-6121: 5-aminoimidazole ribonucleotide biosynthesis I|g__Sutterella.s__Sutterella_wadsworthensis	131.6635167827
PWY-6121: 5-aminoimidazole ribonucleotide biosynthesis I|g__Roseburia.s__Roseburia_sp_CAG_380	117.8488667122
PWY-6121: 5-aminoimidazole ribonucleotide biosynthesis I|g__Roseburia.s__Roseburia_faecis	97.7643901272
PWY-6121: 5-aminoimidazole ribonucleotide biosynthesis I|g__Bacteroides.s__Bacteroides_dorei	92.3158457394
PWY-6121: 5-aminoimidazole ribonucleotide biosynthesis I|g__Eubacterium.s__Eubacterium_sp_CAG_251	81.3855957447
PWY-6121: 5-aminoimidazole ribonucleotide biosynthesis I|g__Bacteroides.s__Bacteroides_uniformis	80.2999447278
PWY-6121: 5-aminoimidazole ribonucleotide biosynthesis I|g__Bacteroides.s__Bacteroides_caccae	76.6059164891
PWY-6121: 5-aminoimidazole ribonucleotide biosynthesis I|g__Blautia.s__Blautia_sp	75.1532544604
PWY-6121: 5-aminoimidazole ribonucleotide biosynthesis I|g__Parabacteroides.s__Parabacteroides_merdae	67.6227699987
PWY-6121: 5-aminoimidazole ribonucleotide biosynthesis I|g__Coprococcus.s__Coprococcus_comes	61.8341643337
PWY-6121: 5-aminoimidazole ribonucleotide biosynthesis I|g__Blautia.s__Blautia_sp_CAG_52	60.4970349035
PWY-6121: 5-aminoimidazole ribonucleotide biosynthesis I|g__Alistipes.s__Alistipes_indistinctus	59.8461659197
PWY-6121: 5-aminoimidazole ribonucleotide biosynthesis I|g__Clostridium.s__Clostridium_sp_CAG_75	57.7384145863
PWY-6121: 5-aminoimidazole ribonucleotide biosynthesis I|g__Coprococcus.s__Coprococcus_catus	56.3565304939
PWY-6121: 5-aminoimidazole ribonucleotide biosynthesis I|g__Bacteroides.s__Bacteroides_ovatus	46.7639765496
PWY-6121: 5-aminoimidazole ribonucleotide biosynthesis I|g__Alistipes.s__Alistipes_onderdonkii	45.3580001522
PWY-6121: 5-aminoimidazole ribonucleotide biosynthesis I|g__Agathobaculum.s__Agathobaculum_butyriciproducens	44.9144747961
PWY-6121: 5-aminoimidazole ribonucleotide biosynthesis I|g__Oscillibacter.s__Oscillibacter_sp_57_20	43.5323132087
PWY-6121: 5-aminoimidazole ribonucleotide biosynthesis I|g__Senegalimassilia.s__Senegalimassilia_anaerobia	42.9396498465
PWY-6121: 5-aminoimidazole ribonucleotide biosynthesis I|g__Firmicutes_unclassified.s__Firmicutes_bacterium_CAG_114	39.8441536390
PWY-6121: 5-aminoimidazole ribonucleotide biosynthesis I|g__Roseburia.s__Roseburia_intestinalis	39.2659333953
PWY-6121: 5-aminoimidazole ribonucleotide biosynthesis I|g__Firmicutes_unclassified.s__Firmicutes_bacterium_CAG_41	37.9255433142
PWY-6121: 5-aminoimidazole ribonucleotide biosynthesis I|g__Alistipes.s__Alistipes_shahii	36.0678492922
PWY-6121: 5-aminoimidazole ribonucleotide biosynthesis I|g__Streptococcus.s__Streptococcus_thermophilus	32.2656657886
PWY-6121: 5-aminoimidazole ribonucleotide biosynthesis I|g__Blautia.s__Blautia_sp_AF19_10LB	31.6268452657
PWY-6121: 5-aminoimidazole ribonucleotide biosynthesis I|g__Odoribacter.s__Odoribacter_splanchnicus	30.6387950624
PWY-6121: 5-aminoimidazole ribonucleotide biosynthesis I|g__Bacteroides.s__Bacteroides_faecis	30.2429399652
PWY-6121: 5-aminoimidazole ribonucleotide biosynthesis I|g__Bacteroides.s__Bacteroides_cellulosilyticus	29.8165151507
PWY-6121: 5-aminoimidazole ribonucleotide biosynthesis I|g__Parabacteroides.s__Parabacteroides_distasonis	24.8117680159
PWY-6121: 5-aminoimidazole ribonucleotide biosynthesis I|g__Eubacterium.s__Eubacterium_sp_36_13	24.4047770765
PWY-6121: 5-aminoimidazole ribonucleotide biosynthesis I|g__Roseburia.s__Roseburia_hominis	22.0427894621
PWY-6121: 5-aminoimidazole ribonucleotide biosynthesis I|g__Bifidobacterium.s__Bifidobacterium_longum	19.7695004613
PWY-6121: 5-aminoimidazole ribonucleotide biosynthesis I|g__Slackia.s__Slackia_isoflavoniconvertens	19.6429843370
PWY-6121: 5-aminoimidazole ribonucleotide biosynthesis I|g__Streptococcus.s__Streptococcus_parasanguinis	17.0044492236
PWY-6121: 5-aminoimidazole ribonucleotide biosynthesis I|g__Clostridiales_unclassified.s__Clostridiales_bacterium_KLE1615	16.4563485015
PWY-6121: 5-aminoimidazole ribonucleotide biosynthesis I|g__Eubacterium.s__Eubacterium_ramulus	15.3384391035
PWY-6121: 5-aminoimidazole ribonucleotide biosynthesis I|g__Eggerthella.s__Eggerthella_sp_CAG_298	15.2895342858
PWY-6121: 5-aminoimidazole ribonucleotide biosynthesis I|g__Dorea.s__Dorea_formicigenerans	15.0768407559
PWY-6121: 5-aminoimidazole ribonucleotide biosynthesis I|g__Bacteroides.s__Bacteroides_salyersiae	14.8516934082
PWY-6121: 5-aminoimidazole ribonucleotide biosynthesis I|g__Intestinibacter.s__Intestinibacter_bartlettii	13.4676840462
PWY-6121: 5-aminoimidazole ribonucleotide biosynthesis I|g__Roseburia.s__Roseburia_inulinivorans	13.2771359697
PWY-6121: 5-aminoimidazole ribonucleotide biosynthesis I|g__Eubacterium.s__Eubacterium_sp_AF17_7	12.9364205227
PWY-6121: 5-aminoimidazole ribonucleotide biosynthesis I|g__Adlercreutzia.s__Adlercreutzia_equolifaciens	9.6452088366
PWY-6121: 5-aminoimidazole ribonucleotide biosynthesis I|g__Butyricimonas.s__Butyricimonas_virosa	9.5140889795
PWY-6121: 5-aminoimidazole ribonucleotide biosynthesis I|g__Eubacterium.s__Eubacterium_ventriosum	9.0448565978
PWY-6121: 5-aminoimidazole ribonucleotide biosynthesis I|g__Asaccharobacter.s__Asaccharobacter_celatus	7.9385237537
PWY-6121: 5-aminoimidazole ribonucleotide biosynthesis I|g__Streptococcus.s__Streptococcus_salivarius	4.7689128220
PWY-6121: 5-aminoimidazole ribonucleotide biosynthesis I|g__Bacteroides.s__Bacteroides_fragilis	3.3687624737
PWY-6121: 5-aminoimidazole ribonucleotide biosynthesis I|g__Streptococcus.s__Streptococcus_pneumoniae	0.9897070467
PWY-3841: folate transformations II (plants)	14273.9541926019
PWY-3841: folate transformations II (plants)|unclassified	3189.2936249350
PWY-3841: folate transformations II (plants)|g__Bifidobacterium.s__Bifidobacterium_adolescentis	921.3309240385
PWY-3841: folate transformations II (plants)|g__Akkermansia.s__Akkermansia_muciniphila	424.2870710347
PWY-3841: folate transformations II (plants)|g__Alistipes.s__Alistipes_finegoldii	368.8369198132
PWY-3841: folate transformations II (plants)|g__Blautia.s__Ruminococcus_torques	320.1804271045
PWY-3841: folate transformations II (plants)|g__Barnesiella.s__Barnesiella_intestinihominis	306.9195515368
PWY-3841: folate transformations II (plants)|g__Bacteroides.s__Bacteroides_vulgatus	284.1986721478
PWY-3841: folate transformations II (plants)|g__Lachnospiraceae_unclassified.s__Eubacterium_rectale	260.8287546945
PWY-3841: folate transformations II (plants)|g__Anaerostipes.s__Anaerostipes_hadrus	234.9371713866
PWY-3841: folate transformations II (plants)|g__Ruminococcus.s__Ruminococcus_sp_CAG_177	227.6244987933
PWY-3841: folate transformations II (plants)|g__Bacteroides.s__Bacteroides_massiliensis	207.8435939200
PWY-3841: folate transformations II (plants)|g__Firmicutes_unclassified.s__Firmicutes_bacterium_CAG_65_45_313	200.2562979259
PWY-3841: folate transformations II (plants)|g__Blautia.s__Blautia_wexlerae	115.3021588081
PWY-3841: folate transformations II (plants)|g__Eubacterium.s__Eubacterium_hallii	114.3600493557
PWY-3841: folate transformations II (plants)|g__Sutterella.s__Sutterella_wadsworthensis	110.3637835321
PWY-3841: folate transformations II (plants)|g__Dorea.s__Dorea_longicatena	107.0503847642
PWY-3841: folate transformations II (plants)|g__Bacteroides.s__Bacteroides_uniformis	101.1832700694
PWY-3841: folate transformations II (plants)|g__Bacteroides.s__Bacteroides_dorei	95.6469534022
PWY-3841: folate transformations II (plants)|g__Bacteroides.s__Bacteroides_caccae	95.4762576075
PWY-3841: folate transformations II (plants)|g__Eubacterium.s__Eubacterium_sp_CAG_251	93.5710096665
PWY-3841: folate transformations II (plants)|g__Roseburia.s__Roseburia_faecis	71.5319508688
PWY-3841: folate transformations II (plants)|g__Parabacteroides.s__Parabacteroides_merdae	65.4826880115
PWY-3841: folate transformations II (plants)|g__Bifidobacterium.s__Bifidobacterium_longum	58.7159927055
PWY-3841: folate transformations II (plants)|g__Alistipes.s__Alistipes_onderdonkii	53.1060137548
PWY-3841: folate transformations II (plants)|g__Bacteroides.s__Bacteroides_cellulosilyticus	50.1837993369
PWY-3841: folate transformations II (plants)|g__Firmicutes_unclassified.s__Firmicutes_bacterium_CAG_114	50.0506562495
PWY-3841: folate transformations II (plants)|g__Alistipes.s__Alistipes_indistinctus	48.5049488359
PWY-3841: folate transformations II (plants)|g__Bacteroides.s__Bacteroides_ovatus	48.1109327968
PWY-3841: folate transformations II (plants)|g__Coprococcus.s__Coprococcus_comes	44.7765243235
PWY-3841: folate transformations II (plants)|g__Blautia.s__Blautia_obeum	40.2756929133
PWY-3841: folate transformations II (plants)|g__Coprococcus.s__Coprococcus_catus	39.8472473166
PWY-3841: folate transformations II (plants)|g__Dorea.s__Dorea_formicigenerans	37.6588092031
PWY-3841: folate transformations II (plants)|g__Roseburia.s__Roseburia_intestinalis	36.9229624383
PWY-3841: folate transformations II (plants)|g__Bacteroides.s__Bacteroides_faecis	36.8960509509
PWY-3841: folate transformations II (plants)|g__Parabacteroides.s__Parabacteroides_distasonis	35.8259184316
PWY-3841: folate transformations II (plants)|g__Clostridiales_unclassified.s__Clostridiales_bacterium_KLE1615	34.9383077001
PWY-3841: folate transformations II (plants)|g__Butyricimonas.s__Butyricimonas_synergistica	28.7907193195
PWY-3841: folate transformations II (plants)|g__Roseburia.s__Roseburia_hominis	26.3948390431
PWY-3841: folate transformations II (plants)|g__Odoribacter.s__Odoribacter_splanchnicus	25.6065636249
PWY-3841: folate transformations II (plants)|g__Bacteroides.s__Bacteroides_fragilis	25.5279386664
PWY-3841: folate transformations II (plants)|g__Bacteroides.s__Bacteroides_salyersiae	19.9722332336
PWY-3841: folate transformations II (plants)|g__Streptococcus.s__Streptococcus_thermophilus	11.8911943537
PWY-3841: folate transformations II (plants)|g__Clostridium.s__Clostridium_sp_AM22_11AC	8.0307241317
PWY-3841: folate transformations II (plants)|g__Eisenbergiella.s__Eisenbergiella_tayi	6.2413152634
PWY-3841: folate transformations II (plants)|g__Butyricimonas.s__Butyricimonas_virosa	6.2409525702
PWY-3841: folate transformations II (plants)|g__Coprobacter.s__Coprobacter_secundus	6.1876361491
PWY-3841: folate transformations II (plants)|g__Streptococcus.s__Streptococcus_pneumoniae	4.3702417287
PWY-5097: L-lysine biosynthesis VI	14061.2864217518
PWY-5097: L-lysine biosynthesis VI|unclassified	2291.0611325006
PWY-5097: L-lysine biosynthesis VI|g__Bifidobacterium.s__Bifidobacterium_adolescentis	1266.4620737111
PWY-5097: L-lysine biosynthesis VI|g__Faecalibacterium.s__Faecalibacterium_prausnitzii	1250.7508524733
PWY-5097: L-lysine biosynthesis VI|g__Prevotella.s__Prevotella_copri	682.6985539665
PWY-5097: L-lysine biosynthesis VI|g__Ruminococcaceae_unclassified.s__Clostridium_leptum	519.2587796695
PWY-5097: L-lysine biosynthesis VI|g__Akkermansia.s__Akkermansia_muciniphila	417.7925791686
PWY-5097: L-lysine biosynthesis VI|g__Barnesiella.s__Barnesiella_intestinihominis	308.5241547240
PWY-5097: L-lysine biosynthesis VI|g__Blautia.s__Blautia_obeum	285.3993420646
PWY-5097: L-lysine biosynthesis VI|g__Alistipes.s__Alistipes_finegoldii	269.2084644933
PWY-5097: L-lysine biosynthesis VI|g__Fusicatenibacter.s__Fusicatenibacter_saccharivorans	264.4385745484
PWY-5097: L-lysine biosynthesis VI|g__Blautia.s__Ruminococcus_torques	263.6569759467
PWY-5097: L-lysine biosynthesis VI|g__Anaerostipes.s__Anaerostipes_hadrus	253.1025382235
PWY-5097: L-lysine biosynthesis VI|g__Blautia.s__Blautia_wexlerae	249.2060777643
PWY-5097: L-lysine biosynthesis VI|g__Bacteroides.s__Bacteroides_vulgatus	231.0040053950
PWY-5097: L-lysine biosynthesis VI|g__Gemmiger.s__Gemmiger_formicilis	226.9834851933
PWY-5097: L-lysine biosynthesis VI|g__Lachnospiraceae_unclassified.s__Eubacterium_rectale	170.3792674387
PWY-5097: L-lysine biosynthesis VI|g__Bifidobacterium.s__Bifidobacterium_bifidum	154.0839704659
PWY-5097: L-lysine biosynthesis VI|g__Lachnospira.s__Lachnospira_pectinoschiza	140.7301512695
PWY-5097: L-lysine biosynthesis VI|g__Dorea.s__Dorea_longicatena	140.3972108747
PWY-5097: L-lysine biosynthesis VI|g__Bacteroides.s__Bacteroides_massiliensis	137.2917071033
PWY-5097: L-lysine biosynthesis VI|g__Eubacterium.s__Eubacterium_hallii	116.0546190637
PWY-5097: L-lysine biosynthesis VI|g__Ruminococcus.s__Ruminococcus_callidus	115.9695916835
PWY-5097: L-lysine biosynthesis VI|g__Sutterella.s__Sutterella_wadsworthensis	96.7760868835
PWY-5097: L-lysine biosynthesis VI|g__Bacteroides.s__Bacteroides_dorei	94.5298822739
PWY-5097: L-lysine biosynthesis VI|g__Bacteroides.s__Bacteroides_uniformis	76.3139041683
PWY-5097: L-lysine biosynthesis VI|g__Blautia.s__Blautia_sp_CAG_52	67.3877345172
PWY-5097: L-lysine biosynthesis VI|g__Parabacteroides.s__Parabacteroides_merdae	65.2185992867
PWY-5097: L-lysine biosynthesis VI|g__Bacteroides.s__Bacteroides_caccae	62.0840802221
PWY-5097: L-lysine biosynthesis VI|g__Agathobaculum.s__Agathobaculum_butyriciproducens	56.1375396828
PWY-5097: L-lysine biosynthesis VI|g__Bifidobacterium.s__Bifidobacterium_longum	53.7001718530
PWY-5097: L-lysine biosynthesis VI|g__Coprococcus.s__Coprococcus_comes	52.3728127001
PWY-5097: L-lysine biosynthesis VI|g__Coprococcus.s__Coprococcus_catus	45.7750209325
PWY-5097: L-lysine biosynthesis VI|g__Bacteroides.s__Bacteroides_ovatus	45.0286769381
PWY-5097: L-lysine biosynthesis VI|g__Parabacteroides.s__Parabacteroides_distasonis	41.1497319034
PWY-5097: L-lysine biosynthesis VI|g__Roseburia.s__Roseburia_intestinalis	35.9066511669
PWY-5097: L-lysine biosynthesis VI|g__Blautia.s__Blautia_sp_AF19_10LB	35.6875754598
PWY-5097: L-lysine biosynthesis VI|g__Senegalimassilia.s__Senegalimassilia_anaerobia	35.1626533968
PWY-5097: L-lysine biosynthesis VI|g__Alistipes.s__Alistipes_onderdonkii	29.0443330707
PWY-5097: L-lysine biosynthesis VI|g__Bacteroides.s__Bacteroides_faecis	27.5828985440
PWY-5097: L-lysine biosynthesis VI|g__Bilophila.s__Bilophila_wadsworthia	26.4027080903
PWY-5097: L-lysine biosynthesis VI|g__Bacteroides.s__Bacteroides_cellulosilyticus	26.3106268255
PWY-5097: L-lysine biosynthesis VI|g__Ruthenibacterium.s__Ruthenibacterium_lactatiformans	25.0924868733
PWY-5097: L-lysine biosynthesis VI|g__Dorea.s__Dorea_formicigenerans	23.1193227178
PWY-5097: L-lysine biosynthesis VI|g__Roseburia.s__Roseburia_hominis	21.1237267567
PWY-5097: L-lysine biosynthesis VI|g__Eggerthella.s__Eggerthella_sp_CAG_298	20.4825992076
PWY-5097: L-lysine biosynthesis VI|g__Intestinibacter.s__Intestinibacter_bartlettii	17.5583288444
PWY-5097: L-lysine biosynthesis VI|g__Bacteroides.s__Bacteroides_fragilis	15.7701740606
PWY-5097: L-lysine biosynthesis VI|g__Asaccharobacter.s__Asaccharobacter_celatus	15.1540741779
PWY-5097: L-lysine biosynthesis VI|g__Bacteroides.s__Bacteroides_salyersiae	12.4236584184
PWY-5097: L-lysine biosynthesis VI|g__Bacteroides.s__Bacteroides_intestinalis	10.8246038244
PWY-5097: L-lysine biosynthesis VI|g__Adlercreutzia.s__Adlercreutzia_equolifaciens	8.2119599177
COA-PWY-1: superpathway of coenzyme A biosynthesis III (mammals)	13821.6672554980
COA-PWY-1: superpathway of coenzyme A biosynthesis III (mammals)|unclassified	2835.7364253944
COA-PWY-1: superpathway of coenzyme A biosynthesis III (mammals)|g__Faecalibacterium.s__Faecalibacterium_prausnitzii	1470.9527495753
COA-PWY-1: superpathway of coenzyme A biosynthesis III (mammals)|g__Bifidobacterium.s__Bifidobacterium_adolescentis	890.1519421100
COA-PWY-1: superpathway of coenzyme A biosynthesis III (mammals)|g__Ruminococcus.s__Ruminococcus_bicirculans	511.1973528776
COA-PWY-1: superpathway of coenzyme A biosynthesis III (mammals)|g__Subdoligranulum.s__Subdoligranulum_sp_APC924_74	330.4049906867
COA-PWY-1: superpathway of coenzyme A biosynthesis III (mammals)|g__Barnesiella.s__Barnesiella_intestinihominis	281.2221475382
COA-PWY-1: superpathway of coenzyme A biosynthesis III (mammals)|g__Blautia.s__Ruminococcus_torques	260.7107223077
COA-PWY-1: superpathway of coenzyme A biosynthesis III (mammals)|g__Anaerostipes.s__Anaerostipes_hadrus	259.5992863587
COA-PWY-1: superpathway of coenzyme A biosynthesis III (mammals)|g__Gemmiger.s__Gemmiger_formicilis	228.6213449146
COA-PWY-1: superpathway of coenzyme A biosynthesis III (mammals)|g__Blautia.s__Blautia_obeum	224.1096020975
COA-PWY-1: superpathway of coenzyme A biosynthesis III (mammals)|g__Collinsella.s__Collinsella_aerofaciens	217.9428632472
COA-PWY-1: superpathway of coenzyme A biosynthesis III (mammals)|g__Bacteroides.s__Bacteroides_vulgatus	217.7345332088
COA-PWY-1: superpathway of coenzyme A biosynthesis III (mammals)|g__Phascolarctobacterium.s__Phascolarctobacterium_faecium	193.1002424845
COA-PWY-1: superpathway of coenzyme A biosynthesis III (mammals)|g__Fusicatenibacter.s__Fusicatenibacter_saccharivorans	183.9788906797
COA-PWY-1: superpathway of coenzyme A biosynthesis III (mammals)|g__Firmicutes_unclassified.s__Firmicutes_bacterium_CAG_110	181.2905828120
COA-PWY-1: superpathway of coenzyme A biosynthesis III (mammals)|g__Blautia.s__Blautia_wexlerae	161.6617387671
COA-PWY-1: superpathway of coenzyme A biosynthesis III (mammals)|g__Ruminococcus.s__Ruminococcus_callidus	131.1762180752
COA-PWY-1: superpathway of coenzyme A biosynthesis III (mammals)|g__Lachnospira.s__Lachnospira_pectinoschiza	127.2832058067
COA-PWY-1: superpathway of coenzyme A biosynthesis III (mammals)|g__Clostridium.s__Clostridium_sp_AF36_4	126.8051330130
COA-PWY-1: superpathway of coenzyme A biosynthesis III (mammals)|g__Sutterella.s__Sutterella_wadsworthensis	113.4691155077
COA-PWY-1: superpathway of coenzyme A biosynthesis III (mammals)|g__Bacteroides.s__Bacteroides_dorei	107.8586154447
COA-PWY-1: superpathway of coenzyme A biosynthesis III (mammals)|g__Roseburia.s__Roseburia_sp_CAG_380	101.7753703452
COA-PWY-1: superpathway of coenzyme A biosynthesis III (mammals)|g__Eubacterium.s__Eubacterium_hallii	87.1025422363
COA-PWY-1: superpathway of coenzyme A biosynthesis III (mammals)|g__Roseburia.s__Roseburia_faecis	82.4527725341
COA-PWY-1: superpathway of coenzyme A biosynthesis III (mammals)|g__Bacteroides.s__Bacteroides_uniformis	74.1319067046
COA-PWY-1: superpathway of coenzyme A biosynthesis III (mammals)|g__Dorea.s__Dorea_longicatena	72.3066167714
COA-PWY-1: superpathway of coenzyme A biosynthesis III (mammals)|g__Agathobaculum.s__Agathobaculum_butyriciproducens	66.4959702752
COA-PWY-1: superpathway of coenzyme A biosynthesis III (mammals)|g__Blautia.s__Blautia_sp_CAG_52	66.2928842637
COA-PWY-1: superpathway of coenzyme A biosynthesis III (mammals)|g__Alistipes.s__Alistipes_indistinctus	65.8018186611
COA-PWY-1: superpathway of coenzyme A biosynthesis III (mammals)|g__Parabacteroides.s__Parabacteroides_merdae	63.2056957566
COA-PWY-1: superpathway of coenzyme A biosynthesis III (mammals)|g__Bacteroides.s__Bacteroides_caccae	62.3100450281
COA-PWY-1: superpathway of coenzyme A biosynthesis III (mammals)|g__Firmicutes_unclassified.s__Firmicutes_bacterium_CAG_114	58.6072701220
COA-PWY-1: superpathway of coenzyme A biosynthesis III (mammals)|g__Senegalimassilia.s__Senegalimassilia_anaerobia	50.3325806329
COA-PWY-1: superpathway of coenzyme A biosynthesis III (mammals)|g__Bacteroides.s__Bacteroides_cellulosilyticus	50.0048737193
COA-PWY-1: superpathway of coenzyme A biosynthesis III (mammals)|g__Firmicutes_unclassified.s__Firmicutes_bacterium_CAG_41	38.2536507912
COA-PWY-1: superpathway of coenzyme A biosynthesis III (mammals)|g__Parabacteroides.s__Parabacteroides_distasonis	33.6620455886
COA-PWY-1: superpathway of coenzyme A biosynthesis III (mammals)|g__Coprococcus.s__Coprococcus_comes	29.7649671451
COA-PWY-1: superpathway of coenzyme A biosynthesis III (mammals)|g__Bacteroides.s__Bacteroides_ovatus	29.6883611236
COA-PWY-1: superpathway of coenzyme A biosynthesis III (mammals)|g__Roseburia.s__Roseburia_hominis	27.0481909878
COA-PWY-1: superpathway of coenzyme A biosynthesis III (mammals)|g__Eubacterium.s__Eubacterium_sp_36_13	26.5567613866
COA-PWY-1: superpathway of coenzyme A biosynthesis III (mammals)|g__Bacteroides.s__Bacteroides_faecis	24.3292808005
COA-PWY-1: superpathway of coenzyme A biosynthesis III (mammals)|g__Dorea.s__Dorea_formicigenerans	23.4801405438
COA-PWY-1: superpathway of coenzyme A biosynthesis III (mammals)|g__Odoribacter.s__Odoribacter_splanchnicus	22.6615577043
COA-PWY-1: superpathway of coenzyme A biosynthesis III (mammals)|g__Roseburia.s__Roseburia_intestinalis	20.1506315992
COA-PWY-1: superpathway of coenzyme A biosynthesis III (mammals)|g__Eggerthella.s__Eggerthella_sp_CAG_298	19.8597077168
COA-PWY-1: superpathway of coenzyme A biosynthesis III (mammals)|g__Butyricimonas.s__Butyricimonas_synergistica	18.8598531093
COA-PWY-1: superpathway of coenzyme A biosynthesis III (mammals)|g__Intestinibacter.s__Intestinibacter_bartlettii	18.8047289385
COA-PWY-1: superpathway of coenzyme A biosynthesis III (mammals)|g__Bacteroides.s__Bacteroides_sp_CAG_144	18.1175604023
COA-PWY-1: superpathway of coenzyme A biosynthesis III (mammals)|g__Prevotella.s__Prevotella_sp_CAG_485	14.6356112389
COA-PWY-1: superpathway of coenzyme A biosynthesis III (mammals)|g__Bacteroides.s__Bacteroides_salyersiae	10.8009024230
COA-PWY-1: superpathway of coenzyme A biosynthesis III (mammals)|g__Streptococcus.s__Streptococcus_salivarius	10.0569398837
COA-PWY-1: superpathway of coenzyme A biosynthesis III (mammals)|g__Bacteroides.s__Bacteroides_fragilis	9.7139319257
COA-PWY-1: superpathway of coenzyme A biosynthesis III (mammals)|g__Turicibacter.s__Turicibacter_sanguinis	9.3442384069
COA-PWY-1: superpathway of coenzyme A biosynthesis III (mammals)|g__Streptococcus.s__Streptococcus_pneumoniae	6.6011849077
COA-PWY-1: superpathway of coenzyme A biosynthesis III (mammals)|g__Alistipes.s__Alistipes_finegoldii	4.2012484321
COA-PWY-1: superpathway of coenzyme A biosynthesis III (mammals)|g__Butyricimonas.s__Butyricimonas_virosa	4.0010247281
PWY-6700: queuosine biosynthesis I (de novo)	13538.6142021522
PWY-6700: queuosine biosynthesis I (de novo)|unclassified	3008.6293811860
PWY-6700: queuosine biosynthesis I (de novo)|g__Faecalibacterium.s__Faecalibacterium_prausnitzii	1232.1496698416
PWY-6700: queuosine biosynthesis I (de novo)|g__Prevotella.s__Prevotella_copri	509.0468286757
PWY-6700: queuosine biosynthesis I (de novo)|g__Ruminococcus.s__Ruminococcus_bicirculans	481.4130843310
PWY-6700: queuosine biosynthesis I (de novo)|g__Ruminococcaceae_unclassified.s__Clostridium_leptum	441.0577705457
PWY-6700: queuosine biosynthesis I (de novo)|g__Akkermansia.s__Akkermansia_muciniphila	433.7624648226
PWY-6700: queuosine biosynthesis I (de novo)|g__Blautia.s__Ruminococcus_torques	389.4811674321
PWY-6700: queuosine biosynthesis I (de novo)|g__Barnesiella.s__Barnesiella_intestinihominis	388.9913869545
PWY-6700: queuosine biosynthesis I (de novo)|g__Bacteroides.s__Bacteroides_vulgatus	323.9963123527
PWY-6700: queuosine biosynthesis I (de novo)|g__Subdoligranulum.s__Subdoligranulum_sp_APC924_74	287.7268516676
PWY-6700: queuosine biosynthesis I (de novo)|g__Gemmiger.s__Gemmiger_formicilis	249.3709408515
PWY-6700: queuosine biosynthesis I (de novo)|g__Ruminococcus.s__Ruminococcus_sp_CAG_177	242.4700396541
PWY-6700: queuosine biosynthesis I (de novo)|g__Anaerostipes.s__Anaerostipes_hadrus	240.8084770485
PWY-6700: queuosine biosynthesis I (de novo)|g__Bacteroides.s__Bacteroides_massiliensis	202.7423621767
PWY-6700: queuosine biosynthesis I (de novo)|g__Collinsella.s__Collinsella_aerofaciens	202.3582767784
PWY-6700: queuosine biosynthesis I (de novo)|g__Firmicutes_unclassified.s__Firmicutes_bacterium_CAG_110	191.0932884397
PWY-6700: queuosine biosynthesis I (de novo)|g__Phascolarctobacterium.s__Phascolarctobacterium_faecium	186.5718941525
PWY-6700: queuosine biosynthesis I (de novo)|g__Ruminococcus.s__Ruminococcus_callidus	178.5957695270
PWY-6700: queuosine biosynthesis I (de novo)|g__Sutterella.s__Sutterella_wadsworthensis	166.3847145054
PWY-6700: queuosine biosynthesis I (de novo)|g__Fusicatenibacter.s__Fusicatenibacter_saccharivorans	164.4032641025
PWY-6700: queuosine biosynthesis I (de novo)|g__Bacteroides.s__Bacteroides_dorei	151.6247568685
PWY-6700: queuosine biosynthesis I (de novo)|g__Firmicutes_unclassified.s__Firmicutes_bacterium_CAG_65_45_313	150.3933990838
PWY-6700: queuosine biosynthesis I (de novo)|g__Blautia.s__Blautia_wexlerae	145.7339942718
PWY-6700: queuosine biosynthesis I (de novo)|g__Blautia.s__Blautia_obeum	136.7717775352
PWY-6700: queuosine biosynthesis I (de novo)|g__Lachnospiraceae_unclassified.s__Eubacterium_rectale	132.8220986960
PWY-6700: queuosine biosynthesis I (de novo)|g__Firmicutes_unclassified.s__Firmicutes_bacterium_AF16_15	115.5462150053
PWY-6700: queuosine biosynthesis I (de novo)|g__Eubacterium.s__Eubacterium_hallii	114.6947550713
PWY-6700: queuosine biosynthesis I (de novo)|g__Roseburia.s__Roseburia_sp_CAG_380	110.1783129723
PWY-6700: queuosine biosynthesis I (de novo)|g__Clostridium.s__Clostridium_sp_AF36_4	109.4327349801
PWY-6700: queuosine biosynthesis I (de novo)|g__Bacteroides.s__Bacteroides_uniformis	101.4525563493
PWY-6700: queuosine biosynthesis I (de novo)|g__Lachnospira.s__Lachnospira_pectinoschiza	101.3657788684
PWY-6700: queuosine biosynthesis I (de novo)|g__Dorea.s__Dorea_longicatena	99.0389221457
PWY-6700: queuosine biosynthesis I (de novo)|g__Parabacteroides.s__Parabacteroides_merdae	88.8743977244
PWY-6700: queuosine biosynthesis I (de novo)|g__Bacteroides.s__Bacteroides_caccae	81.2435280448
PWY-6700: queuosine biosynthesis I (de novo)|g__Blautia.s__Blautia_sp_CAG_52	71.9093809258
PWY-6700: queuosine biosynthesis I (de novo)|g__Clostridium.s__Clostridium_sp_CAG_75	68.2788894508
PWY-6700: queuosine biosynthesis I (de novo)|g__Senegalimassilia.s__Senegalimassilia_anaerobia	68.0547071844
PWY-6700: queuosine biosynthesis I (de novo)|g__Bacteroides.s__Bacteroides_cellulosilyticus	64.9956633425
PWY-6700: queuosine biosynthesis I (de novo)|g__Eubacterium.s__Eubacterium_sp_CAG_251	62.1939121142
PWY-6700: queuosine biosynthesis I (de novo)|g__Blautia.s__Blautia_sp	60.3127268990
PWY-6700: queuosine biosynthesis I (de novo)|g__Oscillibacter.s__Oscillibacter_sp_57_20	58.3435105096
PWY-6700: queuosine biosynthesis I (de novo)|g__Bacteroides.s__Bacteroides_ovatus	57.8374177630
PWY-6700: queuosine biosynthesis I (de novo)|g__Coprococcus.s__Coprococcus_comes	53.6642029584
PWY-6700: queuosine biosynthesis I (de novo)|g__Intestinibacter.s__Intestinibacter_bartlettii	45.7492156553
PWY-6700: queuosine biosynthesis I (de novo)|g__Agathobaculum.s__Agathobaculum_butyriciproducens	44.1296475098
PWY-6700: queuosine biosynthesis I (de novo)|g__Odoribacter.s__Odoribacter_splanchnicus	42.0561983365
PWY-6700: queuosine biosynthesis I (de novo)|g__Coprococcus.s__Coprococcus_catus	41.8528323261
PWY-6700: queuosine biosynthesis I (de novo)|g__Bacteroides.s__Bacteroides_faecis	38.4921396403
PWY-6700: queuosine biosynthesis I (de novo)|g__Firmicutes_unclassified.s__Firmicutes_bacterium_CAG_41	36.4174544348
PWY-6700: queuosine biosynthesis I (de novo)|g__Prevotella.s__Prevotella_sp_CAG_485	33.8306787020
PWY-6700: queuosine biosynthesis I (de novo)|g__Roseburia.s__Roseburia_faecis	32.9305562253
PWY-6700: queuosine biosynthesis I (de novo)|g__Bilophila.s__Bilophila_wadsworthia	31.6819131597
PWY-6700: queuosine biosynthesis I (de novo)|g__Slackia.s__Slackia_isoflavoniconvertens	26.5629345982
PWY-6700: queuosine biosynthesis I (de novo)|g__Blautia.s__Blautia_sp_AF19_10LB	26.0083104372
PWY-6700: queuosine biosynthesis I (de novo)|g__Dorea.s__Dorea_formicigenerans	24.6334455036
PWY-6700: queuosine biosynthesis I (de novo)|g__Clostridiales_unclassified.s__Clostridiales_bacterium_KLE1615	24.0672925124
PWY-6700: queuosine biosynthesis I (de novo)|g__Bacteroides.s__Bacteroides_fragilis	23.6144338905
PWY-6700: queuosine biosynthesis I (de novo)|g__Roseburia.s__Roseburia_intestinalis	23.0834989563
PWY-6700: queuosine biosynthesis I (de novo)|g__Roseburia.s__Roseburia_hominis	19.7519840793
PWY-6700: queuosine biosynthesis I (de novo)|g__Eggerthella.s__Eggerthella_sp_CAG_298	18.9294287826
PWY-6700: queuosine biosynthesis I (de novo)|g__Bacteroides.s__Bacteroides_salyersiae	18.7177645650
PWY-6700: queuosine biosynthesis I (de novo)|g__Asaccharobacter.s__Asaccharobacter_celatus	18.1547088914
PWY-6700: queuosine biosynthesis I (de novo)|g__Clostridium.s__Clostridium_sp_AM22_11AC	16.6287526572
PWY-6700: queuosine biosynthesis I (de novo)|g__Ruthenibacterium.s__Ruthenibacterium_lactatiformans	15.5397195950
PWY-6700: queuosine biosynthesis I (de novo)|g__Firmicutes_unclassified.s__Firmicutes_bacterium_CAG_145	11.5114120722
PWY-6700: queuosine biosynthesis I (de novo)|g__Parabacteroides.s__Parabacteroides_distasonis	10.8018440583
PWY-6700: queuosine biosynthesis I (de novo)|g__Butyricimonas.s__Butyricimonas_virosa	10.2949354292
PWY-6700: queuosine biosynthesis I (de novo)|g__Streptococcus.s__Streptococcus_salivarius	10.0830174641
PWY-6700: queuosine biosynthesis I (de novo)|g__Adlercreutzia.s__Adlercreutzia_equolifaciens	9.8284883738
PWY-6700: queuosine biosynthesis I (de novo)|g__Lawsonibacter.s__Lawsonibacter_asaccharolyticus	7.4273854419
PWY-6700: queuosine biosynthesis I (de novo)|g__Streptococcus.s__Streptococcus_thermophilus	7.1624724124
GLUTORN-PWY: L-ornithine biosynthesis I	13247.4296684085
GLUTORN-PWY: L-ornithine biosynthesis I|g__Faecalibacterium.s__Faecalibacterium_prausnitzii	1560.7364766847
GLUTORN-PWY: L-ornithine biosynthesis I|unclassified	1544.0373663862
GLUTORN-PWY: L-ornithine biosynthesis I|g__Bifidobacterium.s__Bifidobacterium_adolescentis	809.7152092057
GLUTORN-PWY: L-ornithine biosynthesis I|g__Ruminococcaceae_unclassified.s__Clostridium_leptum	587.1300228249
GLUTORN-PWY: L-ornithine biosynthesis I|g__Ruminococcus.s__Ruminococcus_bicirculans	570.8377694154
GLUTORN-PWY: L-ornithine biosynthesis I|g__Blautia.s__Ruminococcus_torques	373.0726470130
GLUTORN-PWY: L-ornithine biosynthesis I|g__Alistipes.s__Alistipes_finegoldii	334.5299008046
GLUTORN-PWY: L-ornithine biosynthesis I|g__Gemmiger.s__Gemmiger_formicilis	297.4526228102
GLUTORN-PWY: L-ornithine biosynthesis I|g__Subdoligranulum.s__Subdoligranulum_sp_APC924_74	293.4928697302
GLUTORN-PWY: L-ornithine biosynthesis I|g__Blautia.s__Blautia_wexlerae	283.4432223767
GLUTORN-PWY: L-ornithine biosynthesis I|g__Firmicutes_unclassified.s__Firmicutes_bacterium_CAG_65_45_313	282.3053062233
GLUTORN-PWY: L-ornithine biosynthesis I|g__Collinsella.s__Collinsella_aerofaciens	231.3182357217
GLUTORN-PWY: L-ornithine biosynthesis I|g__Ruminococcus.s__Ruminococcus_callidus	226.8025011064
GLUTORN-PWY: L-ornithine biosynthesis I|g__Fusicatenibacter.s__Fusicatenibacter_saccharivorans	218.3460717284
GLUTORN-PWY: L-ornithine biosynthesis I|g__Phascolarctobacterium.s__Phascolarctobacterium_faecium	204.8635022684
GLUTORN-PWY: L-ornithine biosynthesis I|g__Anaerostipes.s__Anaerostipes_hadrus	198.5204713549
GLUTORN-PWY: L-ornithine biosynthesis I|g__Lachnospiraceae_unclassified.s__Eubacterium_rectale	178.1502449708
GLUTORN-PWY: L-ornithine biosynthesis I|g__Firmicutes_unclassified.s__Firmicutes_bacterium_AF16_15	154.4329748645
GLUTORN-PWY: L-ornithine biosynthesis I|g__Lachnospira.s__Lachnospira_pectinoschiza	131.5982007801
GLUTORN-PWY: L-ornithine biosynthesis I|g__Clostridium.s__Clostridium_sp_AF36_4	117.2705631319
GLUTORN-PWY: L-ornithine biosynthesis I|g__Eubacterium.s__Eubacterium_hallii	105.5450385565
GLUTORN-PWY: L-ornithine biosynthesis I|g__Bifidobacterium.s__Bifidobacterium_bifidum	105.1846796082
GLUTORN-PWY: L-ornithine biosynthesis I|g__Blautia.s__Blautia_obeum	101.2778209296
GLUTORN-PWY: L-ornithine biosynthesis I|g__Roseburia.s__Roseburia_sp_CAG_380	100.4856196674
GLUTORN-PWY: L-ornithine biosynthesis I|g__Dorea.s__Dorea_longicatena	87.7962200989
GLUTORN-PWY: L-ornithine biosynthesis I|g__Roseburia.s__Roseburia_faecis	77.0869336085
GLUTORN-PWY: L-ornithine biosynthesis I|g__Blautia.s__Blautia_sp	76.5127612581
GLUTORN-PWY: L-ornithine biosynthesis I|g__Clostridium.s__Clostridium_sp_CAG_75	68.5062969113
GLUTORN-PWY: L-ornithine biosynthesis I|g__Coprococcus.s__Coprococcus_comes	58.2686494092
GLUTORN-PWY: L-ornithine biosynthesis I|g__Coprococcus.s__Coprococcus_catus	49.3498773248
GLUTORN-PWY: L-ornithine biosynthesis I|g__Blautia.s__Blautia_sp_CAG_52	48.1624824284
GLUTORN-PWY: L-ornithine biosynthesis I|g__Firmicutes_unclassified.s__Firmicutes_bacterium_CAG_114	47.1652416723
GLUTORN-PWY: L-ornithine biosynthesis I|g__Bifidobacterium.s__Bifidobacterium_longum	40.8317509416
GLUTORN-PWY: L-ornithine biosynthesis I|g__Eubacterium.s__Eubacterium_sp_36_13	39.8496592631
GLUTORN-PWY: L-ornithine biosynthesis I|g__Roseburia.s__Roseburia_intestinalis	39.1733291016
GLUTORN-PWY: L-ornithine biosynthesis I|g__Agathobaculum.s__Agathobaculum_butyriciproducens	34.4779658607
GLUTORN-PWY: L-ornithine biosynthesis I|g__Blautia.s__Blautia_sp_AF19_10LB	32.8785211198
GLUTORN-PWY: L-ornithine biosynthesis I|g__Dorea.s__Dorea_formicigenerans	32.3549388936
GLUTORN-PWY: L-ornithine biosynthesis I|g__Clostridiales_unclassified.s__Clostridiales_bacterium_KLE1615	21.5453348330
GLUTORN-PWY: L-ornithine biosynthesis I|g__Roseburia.s__Roseburia_hominis	18.0753981381
GLUTORN-PWY: L-ornithine biosynthesis I|g__Intestinibacter.s__Intestinibacter_bartlettii	13.2955884657
GLUTORN-PWY: L-ornithine biosynthesis I|g__Clostridium.s__Clostridium_sp_AM22_11AC	12.9114224942
GLUTORN-PWY: L-ornithine biosynthesis I|g__Streptococcus.s__Streptococcus_pneumoniae	11.2018744206
GLUTORN-PWY: L-ornithine biosynthesis I|g__Eubacterium.s__Eubacterium_ramulus	2.2862881728
GLUTORN-PWY: L-ornithine biosynthesis I|g__Streptococcus.s__Streptococcus_salivarius	2.1288442348
COA-PWY: coenzyme A biosynthesis I (prokaryotic)	13067.4063634070
COA-PWY: coenzyme A biosynthesis I (prokaryotic)|unclassified	2595.5851864593
COA-PWY: coenzyme A biosynthesis I (prokaryotic)|g__Faecalibacterium.s__Faecalibacterium_prausnitzii	1307.3783916125
COA-PWY: coenzyme A biosynthesis I (prokaryotic)|g__Bifidobacterium.s__Bifidobacterium_adolescentis	996.5657701123
COA-PWY: coenzyme A biosynthesis I (prokaryotic)|g__Ruminococcus.s__Ruminococcus_bicirculans	524.9224316335
COA-PWY: coenzyme A biosynthesis I (prokaryotic)|g__Akkermansia.s__Akkermansia_muciniphila	460.9191487043
COA-PWY: coenzyme A biosynthesis I (prokaryotic)|g__Alistipes.s__Alistipes_finegoldii	407.3918156189
COA-PWY: coenzyme A biosynthesis I (prokaryotic)|g__Subdoligranulum.s__Subdoligranulum_sp_APC924_74	313.9812132922
COA-PWY: coenzyme A biosynthesis I (prokaryotic)|g__Blautia.s__Ruminococcus_torques	297.5704743656
COA-PWY: coenzyme A biosynthesis I (prokaryotic)|g__Barnesiella.s__Barnesiella_intestinihominis	288.1014170842
COA-PWY: coenzyme A biosynthesis I (prokaryotic)|g__Anaerostipes.s__Anaerostipes_hadrus	282.1419469636
COA-PWY: coenzyme A biosynthesis I (prokaryotic)|g__Blautia.s__Blautia_obeum	272.5054734047
COA-PWY: coenzyme A biosynthesis I (prokaryotic)|g__Lachnospiraceae_unclassified.s__Eubacterium_rectale	247.7899585853
COA-PWY: coenzyme A biosynthesis I (prokaryotic)|g__Bacteroides.s__Bacteroides_vulgatus	227.5659324127
COA-PWY: coenzyme A biosynthesis I (prokaryotic)|g__Gemmiger.s__Gemmiger_formicilis	220.4559259341
COA-PWY: coenzyme A biosynthesis I (prokaryotic)|g__Firmicutes_unclassified.s__Firmicutes_bacterium_CAG_110	209.5797994776
COA-PWY: coenzyme A biosynthesis I (prokaryotic)|g__Fusicatenibacter.s__Fusicatenibacter_saccharivorans	192.9334480560
COA-PWY: coenzyme A biosynthesis I (prokaryotic)|g__Collinsella.s__Collinsella_aerofaciens	192.8279310535
COA-PWY: coenzyme A biosynthesis I (prokaryotic)|g__Blautia.s__Blautia_wexlerae	184.9956112473
COA-PWY: coenzyme A biosynthesis I (prokaryotic)|g__Phascolarctobacterium.s__Phascolarctobacterium_faecium	183.6429133168
COA-PWY: coenzyme A biosynthesis I (prokaryotic)|g__Bacteroides.s__Bacteroides_massiliensis	146.9797753815
COA-PWY: coenzyme A biosynthesis I (prokaryotic)|g__Ruminococcus.s__Ruminococcus_callidus	137.0116737838
COA-PWY: coenzyme A biosynthesis I (prokaryotic)|g__Clostridium.s__Clostridium_sp_AF36_4	135.7865389944
COA-PWY: coenzyme A biosynthesis I (prokaryotic)|g__Sutterella.s__Sutterella_wadsworthensis	129.2549219113
COA-PWY: coenzyme A biosynthesis I (prokaryotic)|g__Lachnospira.s__Lachnospira_pectinoschiza	126.7442182545
COA-PWY: coenzyme A biosynthesis I (prokaryotic)|g__Bacteroides.s__Bacteroides_dorei	116.3732927893
COA-PWY: coenzyme A biosynthesis I (prokaryotic)|g__Roseburia.s__Roseburia_sp_CAG_380	113.7078969442
COA-PWY: coenzyme A biosynthesis I (prokaryotic)|g__Bacteroides.s__Bacteroides_caccae	94.9996871721
COA-PWY: coenzyme A biosynthesis I (prokaryotic)|g__Bacteroides.s__Bacteroides_uniformis	85.0011998257
COA-PWY: coenzyme A biosynthesis I (prokaryotic)|g__Eubacterium.s__Eubacterium_hallii	79.9437572968
COA-PWY: coenzyme A biosynthesis I (prokaryotic)|g__Roseburia.s__Roseburia_faecis	78.0799165624
COA-PWY: coenzyme A biosynthesis I (prokaryotic)|g__Dorea.s__Dorea_longicatena	73.6020198074
COA-PWY: coenzyme A biosynthesis I (prokaryotic)|g__Blautia.s__Blautia_sp_CAG_52	72.1766441120
COA-PWY: coenzyme A biosynthesis I (prokaryotic)|g__Agathobaculum.s__Agathobaculum_butyriciproducens	69.4563098084
COA-PWY: coenzyme A biosynthesis I (prokaryotic)|g__Blautia.s__Blautia_sp	65.7495105867
COA-PWY: coenzyme A biosynthesis I (prokaryotic)|g__Alistipes.s__Alistipes_indistinctus	64.0625542224
COA-PWY: coenzyme A biosynthesis I (prokaryotic)|g__Parabacteroides.s__Parabacteroides_merdae	60.9789654415
COA-PWY: coenzyme A biosynthesis I (prokaryotic)|g__Bacteroides.s__Bacteroides_cellulosilyticus	54.8554122462
COA-PWY: coenzyme A biosynthesis I (prokaryotic)|g__Firmicutes_unclassified.s__Firmicutes_bacterium_CAG_114	54.7014331771
COA-PWY: coenzyme A biosynthesis I (prokaryotic)|g__Coprococcus.s__Coprococcus_comes	53.3925743103
COA-PWY: coenzyme A biosynthesis I (prokaryotic)|g__Firmicutes_unclassified.s__Firmicutes_bacterium_CAG_41	53.3586361978
COA-PWY: coenzyme A biosynthesis I (prokaryotic)|g__Bacteroides.s__Bacteroides_ovatus	48.8894575123
COA-PWY: coenzyme A biosynthesis I (prokaryotic)|g__Senegalimassilia.s__Senegalimassilia_anaerobia	43.7830895905
COA-PWY: coenzyme A biosynthesis I (prokaryotic)|g__Prevotella.s__Prevotella_sp_CAG_485	34.7014447630
COA-PWY: coenzyme A biosynthesis I (prokaryotic)|g__Parabacteroides.s__Parabacteroides_distasonis	31.7161674309
COA-PWY: coenzyme A biosynthesis I (prokaryotic)|g__Roseburia.s__Roseburia_intestinalis	30.8153329461
COA-PWY: coenzyme A biosynthesis I (prokaryotic)|g__Roseburia.s__Roseburia_hominis	26.3775375681
COA-PWY: coenzyme A biosynthesis I (prokaryotic)|g__Bacteroides.s__Bacteroides_faecis	26.1809322992
COA-PWY: coenzyme A biosynthesis I (prokaryotic)|g__Eubacterium.s__Eubacterium_sp_36_13	25.6546061801
COA-PWY: coenzyme A biosynthesis I (prokaryotic)|g__Odoribacter.s__Odoribacter_splanchnicus	22.5690037358
COA-PWY: coenzyme A biosynthesis I (prokaryotic)|g__Dorea.s__Dorea_formicigenerans	21.1696474107
COA-PWY: coenzyme A biosynthesis I (prokaryotic)|g__Streptococcus.s__Streptococcus_salivarius	21.1627686682
COA-PWY: coenzyme A biosynthesis I (prokaryotic)|g__Bacteroides.s__Bacteroides_sp_CAG_144	20.3852954015
COA-PWY: coenzyme A biosynthesis I (prokaryotic)|g__Intestinibacter.s__Intestinibacter_bartlettii	20.1923149917
COA-PWY: coenzyme A biosynthesis I (prokaryotic)|g__Blautia.s__Blautia_sp_AF19_10LB	19.5448908225
COA-PWY: coenzyme A biosynthesis I (prokaryotic)|g__Butyricimonas.s__Butyricimonas_synergistica	18.1939678243
COA-PWY: coenzyme A biosynthesis I (prokaryotic)|g__Eggerthella.s__Eggerthella_sp_CAG_298	17.4654395068
COA-PWY: coenzyme A biosynthesis I (prokaryotic)|g__Eubacterium.s__Eubacterium_ventriosum	17.2635721264
COA-PWY: coenzyme A biosynthesis I (prokaryotic)|g__Bacteroides.s__Bacteroides_salyersiae	13.3253204684
COA-PWY: coenzyme A biosynthesis I (prokaryotic)|g__Bilophila.s__Bilophila_wadsworthia	12.9338081526
COA-PWY: coenzyme A biosynthesis I (prokaryotic)|g__Turicibacter.s__Turicibacter_sanguinis	12.7245417437
COA-PWY: coenzyme A biosynthesis I (prokaryotic)|g__Eubacterium.s__Eubacterium_sp_AF17_7	12.4150289915
COA-PWY: coenzyme A biosynthesis I (prokaryotic)|g__Streptococcus.s__Streptococcus_pneumoniae	11.2996111265
COA-PWY: coenzyme A biosynthesis I (prokaryotic)|g__Anaerotruncus.s__Anaerotruncus_colihominis	10.4799068593
COA-PWY: coenzyme A biosynthesis I (prokaryotic)|g__Alistipes.s__Alistipes_onderdonkii	10.2047853999
COA-PWY: coenzyme A biosynthesis I (prokaryotic)|g__Butyricimonas.s__Butyricimonas_virosa	8.6192069722
COA-PWY: coenzyme A biosynthesis I (prokaryotic)|g__Bacteroides.s__Bacteroides_fragilis	8.2693340783
COA-PWY: coenzyme A biosynthesis I (prokaryotic)|g__Flavonifractor.s__Flavonifractor_plautii	5.9337427308
COA-PWY: coenzyme A biosynthesis I (prokaryotic)|g__Clostridium.s__Clostridium_sp_CAG_230	5.7191162889
COA-PWY: coenzyme A biosynthesis I (prokaryotic)|g__Streptococcus.s__Streptococcus_thermophilus	5.7094960584
PWY-6629: superpathway of L-tryptophan biosynthesis	13046.2760610179
PWY-6629: superpathway of L-tryptophan biosynthesis|unclassified	2095.2230517059
PWY-6629: superpathway of L-tryptophan biosynthesis|g__Blautia.s__Ruminococcus_torques	466.1480459674
PWY-6629: superpathway of L-tryptophan biosynthesis|g__Blautia.s__Blautia_obeum	324.1326171957
PWY-6629: superpathway of L-tryptophan biosynthesis|g__Anaerostipes.s__Anaerostipes_hadrus	278.0734195681
PWY-6629: superpathway of L-tryptophan biosynthesis|g__Fusicatenibacter.s__Fusicatenibacter_saccharivorans	271.2037636306
PWY-6629: superpathway of L-tryptophan biosynthesis|g__Ruminococcus.s__Ruminococcus_callidus	202.0613595637
PWY-6629: superpathway of L-tryptophan biosynthesis|g__Blautia.s__Blautia_wexlerae	170.1622592019
PWY-6629: superpathway of L-tryptophan biosynthesis|g__Lachnospira.s__Lachnospira_pectinoschiza	145.5912601078
PWY-6629: superpathway of L-tryptophan biosynthesis|g__Eubacterium.s__Eubacterium_hallii	131.6924430383
PWY-6629: superpathway of L-tryptophan biosynthesis|g__Blautia.s__Blautia_sp_CAG_52	69.9699476428
PWY-6629: superpathway of L-tryptophan biosynthesis|g__Blautia.s__Blautia_sp	67.8427428481
PWY-6629: superpathway of L-tryptophan biosynthesis|g__Roseburia.s__Roseburia_faecis	67.1719331202
PWY-6629: superpathway of L-tryptophan biosynthesis|g__Roseburia.s__Roseburia_intestinalis	55.8412360755
PWY-6629: superpathway of L-tryptophan biosynthesis|g__Eubacterium.s__Eubacterium_sp_36_13	27.9915408782
PWY-6629: superpathway of L-tryptophan biosynthesis|g__Bifidobacterium.s__Bifidobacterium_longum	27.2257079938
PWY-6629: superpathway of L-tryptophan biosynthesis|g__Roseburia.s__Roseburia_hominis	26.3660338601
PWY-6629: superpathway of L-tryptophan biosynthesis|g__Blautia.s__Blautia_sp_AF19_10LB	23.5880512597
PWY-6629: superpathway of L-tryptophan biosynthesis|g__Lachnospiraceae_unclassified.s__Eubacterium_rectale	22.7113337217
PWY-6629: superpathway of L-tryptophan biosynthesis|g__Roseburia.s__Roseburia_inulinivorans	12.1061548450
CALVIN-PWY: Calvin-Benson-Bassham cycle	12925.9897447247
CALVIN-PWY: Calvin-Benson-Bassham cycle|unclassified	2316.9232638524
CALVIN-PWY: Calvin-Benson-Bassham cycle|g__Prevotella.s__Prevotella_copri	1025.0546435910
CALVIN-PWY: Calvin-Benson-Bassham cycle|g__Blautia.s__Ruminococcus_torques	401.1590781831
CALVIN-PWY: Calvin-Benson-Bassham cycle|g__Blautia.s__Blautia_wexlerae	381.4853134768
CALVIN-PWY: Calvin-Benson-Bassham cycle|g__Eubacterium.s__Eubacterium_hallii	266.3964676699
CALVIN-PWY: Calvin-Benson-Bassham cycle|g__Anaerostipes.s__Anaerostipes_hadrus	256.2145025496
CALVIN-PWY: Calvin-Benson-Bassham cycle|g__Fusicatenibacter.s__Fusicatenibacter_saccharivorans	255.8904536225
CALVIN-PWY: Calvin-Benson-Bassham cycle|g__Collinsella.s__Collinsella_aerofaciens	233.6613546817
CALVIN-PWY: Calvin-Benson-Bassham cycle|g__Lachnospiraceae_unclassified.s__Eubacterium_rectale	209.8937838394
CALVIN-PWY: Calvin-Benson-Bassham cycle|g__Roseburia.s__Roseburia_faecis	107.1642323822
CALVIN-PWY: Calvin-Benson-Bassham cycle|g__Blautia.s__Blautia_obeum	106.7253376359
CALVIN-PWY: Calvin-Benson-Bassham cycle|g__Blautia.s__Blautia_sp	101.3914447210
CALVIN-PWY: Calvin-Benson-Bassham cycle|g__Coprococcus.s__Coprococcus_catus	61.3853176357
CALVIN-PWY: Calvin-Benson-Bassham cycle|g__Blautia.s__Blautia_sp_AF19_10LB	53.7373599976
CALVIN-PWY: Calvin-Benson-Bassham cycle|g__Roseburia.s__Roseburia_intestinalis	51.3178706245
CALVIN-PWY: Calvin-Benson-Bassham cycle|g__Dorea.s__Dorea_longicatena	39.7133048488
CALVIN-PWY: Calvin-Benson-Bassham cycle|g__Intestinibacter.s__Intestinibacter_bartlettii	24.2069835018
CALVIN-PWY: Calvin-Benson-Bassham cycle|g__Clostridium.s__Clostridium_sp_AM22_11AC	21.8774357612
CALVIN-PWY: Calvin-Benson-Bassham cycle|g__Bacteroides.s__Bacteroides_cellulosilyticus	17.8761768899
CALVIN-PWY: Calvin-Benson-Bassham cycle|g__Bacteroides.s__Bacteroides_salyersiae	15.2732197065
CALVIN-PWY: Calvin-Benson-Bassham cycle|g__Roseburia.s__Roseburia_hominis	11.7157077314
CALVIN-PWY: Calvin-Benson-Bassham cycle|g__Roseburia.s__Roseburia_inulinivorans	7.9929191361
CALVIN-PWY: Calvin-Benson-Bassham cycle|g__Faecalibacterium.s__Faecalibacterium_prausnitzii	6.2863406117
CALVIN-PWY: Calvin-Benson-Bassham cycle|g__Bacteroides.s__Bacteroides_fragilis	5.2847271086
PWY-7851: coenzyme A biosynthesis II (eukaryotic)	12804.4353060740
PWY-7851: coenzyme A biosynthesis II (eukaryotic)|unclassified	2595.5851864593
PWY-7851: coenzyme A biosynthesis II (eukaryotic)|g__Faecalibacterium.s__Faecalibacterium_prausnitzii	1278.7846747051
PWY-7851: coenzyme A biosynthesis II (eukaryotic)|g__Bifidobacterium.s__Bifidobacterium_adolescentis	881.0802466912
PWY-7851: coenzyme A biosynthesis II (eukaryotic)|g__Ruminococcus.s__Ruminococcus_bicirculans	493.0480613437
PWY-7851: coenzyme A biosynthesis II (eukaryotic)|g__Alistipes.s__Alistipes_finegoldii	352.8710840276
PWY-7851: coenzyme A biosynthesis II (eukaryotic)|g__Subdoligranulum.s__Subdoligranulum_sp_APC924_74	288.9435408097
PWY-7851: coenzyme A biosynthesis II (eukaryotic)|g__Barnesiella.s__Barnesiella_intestinihominis	266.3157346700
PWY-7851: coenzyme A biosynthesis II (eukaryotic)|g__Blautia.s__Blautia_obeum	236.8248054492
PWY-7851: coenzyme A biosynthesis II (eukaryotic)|g__Blautia.s__Ruminococcus_torques	236.5591574321
PWY-7851: coenzyme A biosynthesis II (eukaryotic)|g__Anaerostipes.s__Anaerostipes_hadrus	227.8757740248
PWY-7851: coenzyme A biosynthesis II (eukaryotic)|g__Bacteroides.s__Bacteroides_vulgatus	227.5659324127
PWY-7851: coenzyme A biosynthesis II (eukaryotic)|g__Gemmiger.s__Gemmiger_formicilis	202.9247551648
PWY-7851: coenzyme A biosynthesis II (eukaryotic)|g__Collinsella.s__Collinsella_aerofaciens	192.8279310535
PWY-7851: coenzyme A biosynthesis II (eukaryotic)|g__Phascolarctobacterium.s__Phascolarctobacterium_faecium	183.6429133168
PWY-7851: coenzyme A biosynthesis II (eukaryotic)|g__Firmicutes_unclassified.s__Firmicutes_bacterium_CAG_110	181.8778446251
PWY-7851: coenzyme A biosynthesis II (eukaryotic)|g__Fusicatenibacter.s__Fusicatenibacter_saccharivorans	162.0214478989
PWY-7851: coenzyme A biosynthesis II (eukaryotic)|g__Blautia.s__Blautia_wexlerae	158.6981224221
PWY-7851: coenzyme A biosynthesis II (eukaryotic)|g__Ruminococcus.s__Ruminococcus_callidus	137.0116737838
PWY-7851: coenzyme A biosynthesis II (eukaryotic)|g__Clostridium.s__Clostridium_sp_AF36_4	131.0246301408
PWY-7851: coenzyme A biosynthesis II (eukaryotic)|g__Sutterella.s__Sutterella_wadsworthensis	129.2549219113
PWY-7851: coenzyme A biosynthesis II (eukaryotic)|g__Lachnospira.s__Lachnospira_pectinoschiza	126.7442182545
PWY-7851: coenzyme A biosynthesis II (eukaryotic)|g__Bacteroides.s__Bacteroides_dorei	116.3732927893
PWY-7851: coenzyme A biosynthesis II (eukaryotic)|g__Roseburia.s__Roseburia_sp_CAG_380	100.9268772218
PWY-7851: coenzyme A biosynthesis II (eukaryotic)|g__Bacteroides.s__Bacteroides_uniformis	85.0011998257
PWY-7851: coenzyme A biosynthesis II (eukaryotic)|g__Eubacterium.s__Eubacterium_hallii	79.9437572968
PWY-7851: coenzyme A biosynthesis II (eukaryotic)|g__Roseburia.s__Roseburia_faecis	78.0799165624
PWY-7851: coenzyme A biosynthesis II (eukaryotic)|g__Dorea.s__Dorea_longicatena	65.0514123294
PWY-7851: coenzyme A biosynthesis II (eukaryotic)|g__Blautia.s__Blautia_sp_CAG_52	64.8279661290
PWY-7851: coenzyme A biosynthesis II (eukaryotic)|g__Alistipes.s__Alistipes_indistinctus	64.0625542224
PWY-7851: coenzyme A biosynthesis II (eukaryotic)|g__Parabacteroides.s__Parabacteroides_merdae	60.9789654415
PWY-7851: coenzyme A biosynthesis II (eukaryotic)|g__Bacteroides.s__Bacteroides_caccae	59.8752101779
PWY-7851: coenzyme A biosynthesis II (eukaryotic)|g__Agathobaculum.s__Agathobaculum_butyriciproducens	59.5772687590
PWY-7851: coenzyme A biosynthesis II (eukaryotic)|g__Bacteroides.s__Bacteroides_cellulosilyticus	54.8554122462
PWY-7851: coenzyme A biosynthesis II (eukaryotic)|g__Firmicutes_unclassified.s__Firmicutes_bacterium_CAG_114	52.7889883777
PWY-7851: coenzyme A biosynthesis II (eukaryotic)|g__Senegalimassilia.s__Senegalimassilia_anaerobia	43.7830895905
PWY-7851: coenzyme A biosynthesis II (eukaryotic)|g__Firmicutes_unclassified.s__Firmicutes_bacterium_CAG_41	35.7067132014
PWY-7851: coenzyme A biosynthesis II (eukaryotic)|g__Prevotella.s__Prevotella_sp_CAG_485	34.7014447630
PWY-7851: coenzyme A biosynthesis II (eukaryotic)|g__Parabacteroides.s__Parabacteroides_distasonis	31.7161674309
PWY-7851: coenzyme A biosynthesis II (eukaryotic)|g__Bacteroides.s__Bacteroides_ovatus	27.4747213842
PWY-7851: coenzyme A biosynthesis II (eukaryotic)|g__Coprococcus.s__Coprococcus_comes	27.3969108091
PWY-7851: coenzyme A biosynthesis II (eukaryotic)|g__Roseburia.s__Roseburia_hominis	26.1730950669
PWY-7851: coenzyme A biosynthesis II (eukaryotic)|g__Eubacterium.s__Eubacterium_sp_36_13	25.6546061801
PWY-7851: coenzyme A biosynthesis II (eukaryotic)|g__Bacteroides.s__Bacteroides_faecis	24.9794068441
PWY-7851: coenzyme A biosynthesis II (eukaryotic)|g__Odoribacter.s__Odoribacter_splanchnicus	22.3705687415
PWY-7851: coenzyme A biosynthesis II (eukaryotic)|g__Dorea.s__Dorea_formicigenerans	21.1696474107
PWY-7851: coenzyme A biosynthesis II (eukaryotic)|g__Bacteroides.s__Bacteroides_sp_CAG_144	20.3852954015
PWY-7851: coenzyme A biosynthesis II (eukaryotic)|g__Butyricimonas.s__Butyricimonas_synergistica	18.1939678243
PWY-7851: coenzyme A biosynthesis II (eukaryotic)|g__Roseburia.s__Roseburia_intestinalis	17.9978641963
PWY-7851: coenzyme A biosynthesis II (eukaryotic)|g__Eggerthella.s__Eggerthella_sp_CAG_298	17.4654395068
PWY-7851: coenzyme A biosynthesis II (eukaryotic)|g__Intestinibacter.s__Intestinibacter_bartlettii	16.6676301899
PWY-7851: coenzyme A biosynthesis II (eukaryotic)|g__Turicibacter.s__Turicibacter_sanguinis	12.7245417437
PWY-7851: coenzyme A biosynthesis II (eukaryotic)|g__Streptococcus.s__Streptococcus_pneumoniae	11.2996111265
PWY-7851: coenzyme A biosynthesis II (eukaryotic)|g__Bacteroides.s__Bacteroides_salyersiae	9.3333780535
PWY-7851: coenzyme A biosynthesis II (eukaryotic)|g__Streptococcus.s__Streptococcus_salivarius	9.0489196091
PWY-7851: coenzyme A biosynthesis II (eukaryotic)|g__Bacteroides.s__Bacteroides_fragilis	8.2083914791
PWY-7851: coenzyme A biosynthesis II (eukaryotic)|g__Butyricimonas.s__Butyricimonas_virosa	3.5334443325
PWY0-1319: CDP-diacylglycerol biosynthesis II	12641.4810133473
PWY0-1319: CDP-diacylglycerol biosynthesis II|unclassified	2848.4106612936
PWY0-1319: CDP-diacylglycerol biosynthesis II|g__Faecalibacterium.s__Faecalibacterium_prausnitzii	1236.6056500457
PWY0-1319: CDP-diacylglycerol biosynthesis II|g__Ruminococcaceae_unclassified.s__Clostridium_leptum	507.8384608579
PWY0-1319: CDP-diacylglycerol biosynthesis II|g__Bacteroides.s__Bacteroides_vulgatus	298.6691431257
PWY0-1319: CDP-diacylglycerol biosynthesis II|g__Alistipes.s__Alistipes_finegoldii	293.5105738994
PWY0-1319: CDP-diacylglycerol biosynthesis II|g__Blautia.s__Ruminococcus_torques	291.7756962361
PWY0-1319: CDP-diacylglycerol biosynthesis II|g__Blautia.s__Blautia_obeum	287.9802825664
PWY0-1319: CDP-diacylglycerol biosynthesis II|g__Lachnospiraceae_unclassified.s__Eubacterium_rectale	268.3983903167
PWY0-1319: CDP-diacylglycerol biosynthesis II|g__Blautia.s__Blautia_wexlerae	262.3246801814
PWY0-1319: CDP-diacylglycerol biosynthesis II|g__Fusicatenibacter.s__Fusicatenibacter_saccharivorans	257.0394142652
PWY0-1319: CDP-diacylglycerol biosynthesis II|g__Anaerostipes.s__Anaerostipes_hadrus	252.2739498777
PWY0-1319: CDP-diacylglycerol biosynthesis II|g__Subdoligranulum.s__Subdoligranulum_sp_APC924_74	251.4795155677
PWY0-1319: CDP-diacylglycerol biosynthesis II|g__Barnesiella.s__Barnesiella_intestinihominis	250.8533208577
PWY0-1319: CDP-diacylglycerol biosynthesis II|g__Firmicutes_unclassified.s__Firmicutes_bacterium_CAG_65_45_313	228.6255841428
PWY0-1319: CDP-diacylglycerol biosynthesis II|g__Bacteroides.s__Bacteroides_massiliensis	200.9317614359
PWY0-1319: CDP-diacylglycerol biosynthesis II|g__Eubacterium.s__Eubacterium_hallii	163.1169506342
PWY0-1319: CDP-diacylglycerol biosynthesis II|g__Firmicutes_unclassified.s__Firmicutes_bacterium_AF16_15	133.9379168011
PWY0-1319: CDP-diacylglycerol biosynthesis II|g__Lachnospira.s__Lachnospira_pectinoschiza	123.4435556101
PWY0-1319: CDP-diacylglycerol biosynthesis II|g__Clostridium.s__Clostridium_sp_AF36_4	112.0908623733
PWY0-1319: CDP-diacylglycerol biosynthesis II|g__Bacteroides.s__Bacteroides_dorei	91.8148717069
PWY0-1319: CDP-diacylglycerol biosynthesis II|g__Bacteroides.s__Bacteroides_caccae	84.8254844311
PWY0-1319: CDP-diacylglycerol biosynthesis II|g__Dorea.s__Dorea_longicatena	77.0844244251
PWY0-1319: CDP-diacylglycerol biosynthesis II|g__Parabacteroides.s__Parabacteroides_merdae	72.2450729017
PWY0-1319: CDP-diacylglycerol biosynthesis II|g__Alistipes.s__Alistipes_indistinctus	68.0363469309
PWY0-1319: CDP-diacylglycerol biosynthesis II|g__Clostridium.s__Clostridium_sp_CAG_75	67.3598800053
PWY0-1319: CDP-diacylglycerol biosynthesis II|g__Roseburia.s__Roseburia_faecis	64.3478342536
PWY0-1319: CDP-diacylglycerol biosynthesis II|g__Bacteroides.s__Bacteroides_uniformis	63.9936891792
PWY0-1319: CDP-diacylglycerol biosynthesis II|g__Blautia.s__Blautia_sp	61.6280910485
PWY0-1319: CDP-diacylglycerol biosynthesis II|g__Bacteroides.s__Bacteroides_cellulosilyticus	56.3194086048
PWY0-1319: CDP-diacylglycerol biosynthesis II|g__Coprococcus.s__Coprococcus_comes	53.3157316330
PWY0-1319: CDP-diacylglycerol biosynthesis II|g__Bacteroides.s__Bacteroides_ovatus	51.1765330009
PWY0-1319: CDP-diacylglycerol biosynthesis II|g__Firmicutes_unclassified.s__Firmicutes_bacterium_CAG_41	50.2523603141
PWY0-1319: CDP-diacylglycerol biosynthesis II|g__Prevotella.s__Prevotella_sp_CAG_485	38.7211034289
PWY0-1319: CDP-diacylglycerol biosynthesis II|g__Dorea.s__Dorea_formicigenerans	35.9676743901
PWY0-1319: CDP-diacylglycerol biosynthesis II|g__Streptococcus.s__Streptococcus_thermophilus	30.0065853131
PWY0-1319: CDP-diacylglycerol biosynthesis II|g__Bacteroides.s__Bacteroides_faecis	27.6984643843
PWY0-1319: CDP-diacylglycerol biosynthesis II|g__Roseburia.s__Roseburia_intestinalis	25.1108115905
PWY0-1319: CDP-diacylglycerol biosynthesis II|g__Blautia.s__Blautia_sp_AF19_10LB	22.7852782420
PWY0-1319: CDP-diacylglycerol biosynthesis II|g__Bacteroides.s__Bacteroides_salyersiae	18.1070054778
PWY0-1319: CDP-diacylglycerol biosynthesis II|g__Parabacteroides.s__Parabacteroides_distasonis	17.3083543481
PWY0-1319: CDP-diacylglycerol biosynthesis II|g__Bacteroides.s__Bacteroides_sp_CAG_144	15.5749276861
PWY0-1319: CDP-diacylglycerol biosynthesis II|g__Roseburia.s__Roseburia_inulinivorans	12.1769571947
PWY0-1319: CDP-diacylglycerol biosynthesis II|g__Bacteroides.s__Bacteroides_fragilis	12.1430759831
PWY0-1319: CDP-diacylglycerol biosynthesis II|g__Streptococcus.s__Streptococcus_pneumoniae	10.0165164824
PWY0-1319: CDP-diacylglycerol biosynthesis II|g__Ruthenibacterium.s__Ruthenibacterium_lactatiformans	9.0916435172
PWY0-1319: CDP-diacylglycerol biosynthesis II|g__Eubacterium.s__Eubacterium_ramulus	8.5662248593
PWY0-1319: CDP-diacylglycerol biosynthesis II|g__Streptococcus.s__Streptococcus_salivarius	8.4318830885
PWY-5667: CDP-diacylglycerol biosynthesis I	12641.4810133473
PWY-5667: CDP-diacylglycerol biosynthesis I|unclassified	2848.4106612936
PWY-5667: CDP-diacylglycerol biosynthesis I|g__Faecalibacterium.s__Faecalibacterium_prausnitzii	1236.6056500457
PWY-5667: CDP-diacylglycerol biosynthesis I|g__Ruminococcaceae_unclassified.s__Clostridium_leptum	507.8384608579
PWY-5667: CDP-diacylglycerol biosynthesis I|g__Bacteroides.s__Bacteroides_vulgatus	298.6691431257
PWY-5667: CDP-diacylglycerol biosynthesis I|g__Alistipes.s__Alistipes_finegoldii	293.5105738994
PWY-5667: CDP-diacylglycerol biosynthesis I|g__Blautia.s__Ruminococcus_torques	291.7756962361
PWY-5667: CDP-diacylglycerol biosynthesis I|g__Blautia.s__Blautia_obeum	287.9802825664
PWY-5667: CDP-diacylglycerol biosynthesis I|g__Lachnospiraceae_unclassified.s__Eubacterium_rectale	268.3983903167
PWY-5667: CDP-diacylglycerol biosynthesis I|g__Blautia.s__Blautia_wexlerae	262.3246801814
PWY-5667: CDP-diacylglycerol biosynthesis I|g__Fusicatenibacter.s__Fusicatenibacter_saccharivorans	257.0394142652
PWY-5667: CDP-diacylglycerol biosynthesis I|g__Anaerostipes.s__Anaerostipes_hadrus	252.2739498777
PWY-5667: CDP-diacylglycerol biosynthesis I|g__Subdoligranulum.s__Subdoligranulum_sp_APC924_74	251.4795155677
PWY-5667: CDP-diacylglycerol biosynthesis I|g__Barnesiella.s__Barnesiella_intestinihominis	250.8533208577
PWY-5667: CDP-diacylglycerol biosynthesis I|g__Firmicutes_unclassified.s__Firmicutes_bacterium_CAG_65_45_313	228.6255841428
PWY-5667: CDP-diacylglycerol biosynthesis I|g__Bacteroides.s__Bacteroides_massiliensis	200.9317614359
PWY-5667: CDP-diacylglycerol biosynthesis I|g__Eubacterium.s__Eubacterium_hallii	163.1169506342
PWY-5667: CDP-diacylglycerol biosynthesis I|g__Firmicutes_unclassified.s__Firmicutes_bacterium_AF16_15	133.9379168011
PWY-5667: CDP-diacylglycerol biosynthesis I|g__Lachnospira.s__Lachnospira_pectinoschiza	123.4435556101
PWY-5667: CDP-diacylglycerol biosynthesis I|g__Clostridium.s__Clostridium_sp_AF36_4	112.0908623733
PWY-5667: CDP-diacylglycerol biosynthesis I|g__Bacteroides.s__Bacteroides_dorei	91.8148717069
PWY-5667: CDP-diacylglycerol biosynthesis I|g__Bacteroides.s__Bacteroides_caccae	84.8254844311
PWY-5667: CDP-diacylglycerol biosynthesis I|g__Dorea.s__Dorea_longicatena	77.0844244251
PWY-5667: CDP-diacylglycerol biosynthesis I|g__Parabacteroides.s__Parabacteroides_merdae	72.2450729017
PWY-5667: CDP-diacylglycerol biosynthesis I|g__Alistipes.s__Alistipes_indistinctus	68.0363469309
PWY-5667: CDP-diacylglycerol biosynthesis I|g__Clostridium.s__Clostridium_sp_CAG_75	67.3598800053
PWY-5667: CDP-diacylglycerol biosynthesis I|g__Roseburia.s__Roseburia_faecis	64.3478342536
PWY-5667: CDP-diacylglycerol biosynthesis I|g__Bacteroides.s__Bacteroides_uniformis	63.9936891792
PWY-5667: CDP-diacylglycerol biosynthesis I|g__Blautia.s__Blautia_sp	61.6280910485
PWY-5667: CDP-diacylglycerol biosynthesis I|g__Bacteroides.s__Bacteroides_cellulosilyticus	56.3194086048
PWY-5667: CDP-diacylglycerol biosynthesis I|g__Coprococcus.s__Coprococcus_comes	53.3157316330
PWY-5667: CDP-diacylglycerol biosynthesis I|g__Bacteroides.s__Bacteroides_ovatus	51.1765330009
PWY-5667: CDP-diacylglycerol biosynthesis I|g__Firmicutes_unclassified.s__Firmicutes_bacterium_CAG_41	50.2523603141
PWY-5667: CDP-diacylglycerol biosynthesis I|g__Prevotella.s__Prevotella_sp_CAG_485	38.7211034289
PWY-5667: CDP-diacylglycerol biosynthesis I|g__Dorea.s__Dorea_formicigenerans	35.9676743901
PWY-5667: CDP-diacylglycerol biosynthesis I|g__Streptococcus.s__Streptococcus_thermophilus	30.0065853131
PWY-5667: CDP-diacylglycerol biosynthesis I|g__Bacteroides.s__Bacteroides_faecis	27.6984643843
PWY-5667: CDP-diacylglycerol biosynthesis I|g__Roseburia.s__Roseburia_intestinalis	25.1108115905
PWY-5667: CDP-diacylglycerol biosynthesis I|g__Blautia.s__Blautia_sp_AF19_10LB	22.7852782420
PWY-5667: CDP-diacylglycerol biosynthesis I|g__Bacteroides.s__Bacteroides_salyersiae	18.1070054778
PWY-5667: CDP-diacylglycerol biosynthesis I|g__Parabacteroides.s__Parabacteroides_distasonis	17.3083543481
PWY-5667: CDP-diacylglycerol biosynthesis I|g__Bacteroides.s__Bacteroides_sp_CAG_144	15.5749276861
PWY-5667: CDP-diacylglycerol biosynthesis I|g__Roseburia.s__Roseburia_inulinivorans	12.1769571947
PWY-5667: CDP-diacylglycerol biosynthesis I|g__Bacteroides.s__Bacteroides_fragilis	12.1430759831
PWY-5667: CDP-diacylglycerol biosynthesis I|g__Streptococcus.s__Streptococcus_pneumoniae	10.0165164824
PWY-5667: CDP-diacylglycerol biosynthesis I|g__Ruthenibacterium.s__Ruthenibacterium_lactatiformans	9.0916435172
PWY-5667: CDP-diacylglycerol biosynthesis I|g__Eubacterium.s__Eubacterium_ramulus	8.5662248593
PWY-5667: CDP-diacylglycerol biosynthesis I|g__Streptococcus.s__Streptococcus_salivarius	8.4318830885
PWY0-1296: purine ribonucleosides degradation	12555.9621644362
PWY0-1296: purine ribonucleosides degradation|unclassified	3585.0030400451
PWY0-1296: purine ribonucleosides degradation|g__Faecalibacterium.s__Faecalibacterium_prausnitzii	1793.1076694957
PWY0-1296: purine ribonucleosides degradation|g__Ruminococcaceae_unclassified.s__Clostridium_leptum	589.6036138880
PWY0-1296: purine ribonucleosides degradation|g__Blautia.s__Ruminococcus_torques	542.4467862308
PWY0-1296: purine ribonucleosides degradation|g__Fusicatenibacter.s__Fusicatenibacter_saccharivorans	351.4866641247
PWY0-1296: purine ribonucleosides degradation|g__Anaerostipes.s__Anaerostipes_hadrus	338.9807595736
PWY0-1296: purine ribonucleosides degradation|g__Blautia.s__Blautia_wexlerae	305.6681431364
PWY0-1296: purine ribonucleosides degradation|g__Subdoligranulum.s__Subdoligranulum_sp_APC924_74	300.7779351223
PWY0-1296: purine ribonucleosides degradation|g__Blautia.s__Blautia_obeum	279.5367283129
PWY0-1296: purine ribonucleosides degradation|g__Gemmiger.s__Gemmiger_formicilis	278.2631474090
PWY0-1296: purine ribonucleosides degradation|g__Ruminococcus.s__Ruminococcus_sp_CAG_177	266.8536430304
PWY0-1296: purine ribonucleosides degradation|g__Firmicutes_unclassified.s__Firmicutes_bacterium_CAG_110	236.4934490178
PWY0-1296: purine ribonucleosides degradation|g__Lachnospiraceae_unclassified.s__Eubacterium_rectale	229.8482257767
PWY0-1296: purine ribonucleosides degradation|g__Firmicutes_unclassified.s__Firmicutes_bacterium_CAG_65_45_313	217.1384476525
PWY0-1296: purine ribonucleosides degradation|g__Phascolarctobacterium.s__Phascolarctobacterium_faecium	156.0082617699
PWY0-1296: purine ribonucleosides degradation|g__Dorea.s__Dorea_longicatena	148.6946738599
PWY0-1296: purine ribonucleosides degradation|g__Roseburia.s__Roseburia_sp_CAG_380	115.3337465763
PWY0-1296: purine ribonucleosides degradation|g__Eubacterium.s__Eubacterium_sp_CAG_251	94.2914026116
PWY0-1296: purine ribonucleosides degradation|g__Clostridium.s__Clostridium_sp_CAG_75	64.8332419961
PWY0-1296: purine ribonucleosides degradation|g__Roseburia.s__Roseburia_faecis	59.8740856273
PWY0-1296: purine ribonucleosides degradation|g__Blautia.s__Blautia_sp	58.2845961387
PWY0-1296: purine ribonucleosides degradation|g__Coprococcus.s__Coprococcus_catus	47.4160237355
PWY0-1296: purine ribonucleosides degradation|g__Blautia.s__Blautia_sp_CAG_52	41.9179062316
PWY0-1296: purine ribonucleosides degradation|g__Coprococcus.s__Coprococcus_comes	34.5335584710
PWY0-1296: purine ribonucleosides degradation|g__Blautia.s__Blautia_sp_AF19_10LB	30.2274497107
PWY0-1296: purine ribonucleosides degradation|g__Roseburia.s__Roseburia_hominis	29.9511205848
PWY0-1296: purine ribonucleosides degradation|g__Streptococcus.s__Streptococcus_salivarius	29.7929673987
PWY0-1296: purine ribonucleosides degradation|g__Ruthenibacterium.s__Ruthenibacterium_lactatiformans	28.7199975297
PWY0-1296: purine ribonucleosides degradation|g__Intestinibacter.s__Intestinibacter_bartlettii	25.1268402189
PWY0-1296: purine ribonucleosides degradation|g__Roseburia.s__Roseburia_intestinalis	23.0967377679
PWY0-1296: purine ribonucleosides degradation|g__Dorea.s__Dorea_formicigenerans	19.8930936536
PWY0-1296: purine ribonucleosides degradation|g__Streptococcus.s__Streptococcus_pneumoniae	18.3436069023
PWY0-1296: purine ribonucleosides degradation|g__Streptococcus.s__Streptococcus_thermophilus	16.9774257537
PWY0-1296: purine ribonucleosides degradation|g__Clostridiales_unclassified.s__Clostridiales_bacterium_KLE1615	16.2880579851
PWY0-1296: purine ribonucleosides degradation|g__Roseburia.s__Roseburia_inulinivorans	12.0673292752
PWY-7977: L-methionine biosynthesis IV	12437.3317254178
PWY-7977: L-methionine biosynthesis IV|unclassified	1576.6178576001
PWY-7977: L-methionine biosynthesis IV|g__Prevotella.s__Prevotella_copri	1138.4438718624
PWY-7977: L-methionine biosynthesis IV|g__Faecalibacterium.s__Faecalibacterium_prausnitzii	695.7176217506
PWY-7977: L-methionine biosynthesis IV|g__Akkermansia.s__Akkermansia_muciniphila	403.9291053731
PWY-7977: L-methionine biosynthesis IV|g__Barnesiella.s__Barnesiella_intestinihominis	310.1683945871
PWY-7977: L-methionine biosynthesis IV|g__Bacteroides.s__Bacteroides_vulgatus	285.4342258211
PWY-7977: L-methionine biosynthesis IV|g__Anaerostipes.s__Anaerostipes_hadrus	251.1439199303
PWY-7977: L-methionine biosynthesis IV|g__Alistipes.s__Alistipes_finegoldii	250.3805095131
PWY-7977: L-methionine biosynthesis IV|g__Collinsella.s__Collinsella_aerofaciens	233.9813376263
PWY-7977: L-methionine biosynthesis IV|g__Bacteroides.s__Bacteroides_massiliensis	177.0376033142
PWY-7977: L-methionine biosynthesis IV|g__Fusicatenibacter.s__Fusicatenibacter_saccharivorans	166.7527983560
PWY-7977: L-methionine biosynthesis IV|g__Dorea.s__Dorea_longicatena	158.3466309771
PWY-7977: L-methionine biosynthesis IV|g__Blautia.s__Ruminococcus_torques	138.6237223302
PWY-7977: L-methionine biosynthesis IV|g__Bacteroides.s__Bacteroides_dorei	125.7732786664
PWY-7977: L-methionine biosynthesis IV|g__Lachnospira.s__Lachnospira_pectinoschiza	125.3798563353
PWY-7977: L-methionine biosynthesis IV|g__Eubacterium.s__Eubacterium_hallii	90.4070976351
PWY-7977: L-methionine biosynthesis IV|g__Bacteroides.s__Bacteroides_caccae	86.7030929406
PWY-7977: L-methionine biosynthesis IV|g__Parabacteroides.s__Parabacteroides_merdae	70.0926589325
PWY-7977: L-methionine biosynthesis IV|g__Bacteroides.s__Bacteroides_uniformis	69.3370703235
PWY-7977: L-methionine biosynthesis IV|g__Alistipes.s__Alistipes_indistinctus	61.5758834171
PWY-7977: L-methionine biosynthesis IV|g__Coprococcus.s__Coprococcus_catus	56.3139162796
PWY-7977: L-methionine biosynthesis IV|g__Coprococcus.s__Coprococcus_comes	55.4222369852
PWY-7977: L-methionine biosynthesis IV|g__Alistipes.s__Alistipes_onderdonkii	49.9247919425
PWY-7977: L-methionine biosynthesis IV|g__Bacteroides.s__Bacteroides_faecis	40.5516743451
PWY-7977: L-methionine biosynthesis IV|g__Parabacteroides.s__Parabacteroides_distasonis	39.9662394831
PWY-7977: L-methionine biosynthesis IV|g__Alistipes.s__Alistipes_shahii	38.7942708745
PWY-7977: L-methionine biosynthesis IV|g__Bacteroides.s__Bacteroides_ovatus	38.7126276302
PWY-7977: L-methionine biosynthesis IV|g__Bacteroides.s__Bacteroides_cellulosilyticus	35.5364861226
PWY-7977: L-methionine biosynthesis IV|g__Odoribacter.s__Odoribacter_splanchnicus	31.0711331349
PWY-7977: L-methionine biosynthesis IV|g__Bacteroides.s__Bacteroides_salyersiae	30.7524672674
PWY-7977: L-methionine biosynthesis IV|g__Butyricimonas.s__Butyricimonas_synergistica	27.3219637180
PWY-7977: L-methionine biosynthesis IV|g__Bacteroides.s__Bacteroides_fragilis	25.5471269205
PWY-7977: L-methionine biosynthesis IV|g__Coprobacter.s__Coprobacter_secundus	7.0798554113
PWY-7977: L-methionine biosynthesis IV|g__Butyricimonas.s__Butyricimonas_virosa	1.9350663236
PWY-7977: L-methionine biosynthesis IV|g__Bacteroides.s__Bacteroides_intestinalis	0.7484257389
HISTSYN-PWY: L-histidine biosynthesis	12420.0190430536
HISTSYN-PWY: L-histidine biosynthesis|unclassified	1648.1275748641
HISTSYN-PWY: L-histidine biosynthesis|g__Faecalibacterium.s__Faecalibacterium_prausnitzii	1134.0110277920
HISTSYN-PWY: L-histidine biosynthesis|g__Bifidobacterium.s__Bifidobacterium_adolescentis	901.8943947350
HISTSYN-PWY: L-histidine biosynthesis|g__Ruminococcaceae_unclassified.s__Clostridium_leptum	505.9447903563
HISTSYN-PWY: L-histidine biosynthesis|g__Subdoligranulum.s__Subdoligranulum_sp_APC924_74	417.2660531389
HISTSYN-PWY: L-histidine biosynthesis|g__Alistipes.s__Alistipes_finegoldii	395.9222045897
HISTSYN-PWY: L-histidine biosynthesis|g__Barnesiella.s__Barnesiella_intestinihominis	296.2317692471
HISTSYN-PWY: L-histidine biosynthesis|g__Collinsella.s__Collinsella_aerofaciens	270.9099005760
HISTSYN-PWY: L-histidine biosynthesis|g__Bacteroides.s__Bacteroides_vulgatus	259.6667642539
HISTSYN-PWY: L-histidine biosynthesis|g__Bacteroides.s__Bacteroides_massiliensis	190.0273010553
HISTSYN-PWY: L-histidine biosynthesis|g__Bifidobacterium.s__Bifidobacterium_bifidum	160.8123996896
HISTSYN-PWY: L-histidine biosynthesis|g__Blautia.s__Ruminococcus_torques	159.3967784278
HISTSYN-PWY: L-histidine biosynthesis|g__Sutterella.s__Sutterella_wadsworthensis	120.3019384695
HISTSYN-PWY: L-histidine biosynthesis|g__Blautia.s__Blautia_obeum	102.0383461276
HISTSYN-PWY: L-histidine biosynthesis|g__Bacteroides.s__Bacteroides_uniformis	95.4630791045
HISTSYN-PWY: L-histidine biosynthesis|g__Bacteroides.s__Bacteroides_dorei	81.8917569419
HISTSYN-PWY: L-histidine biosynthesis|g__Bacteroides.s__Bacteroides_caccae	79.3974677271
HISTSYN-PWY: L-histidine biosynthesis|g__Eubacterium.s__Eubacterium_sp_CAG_251	77.8908382868
HISTSYN-PWY: L-histidine biosynthesis|g__Alistipes.s__Alistipes_indistinctus	72.8486319394
HISTSYN-PWY: L-histidine biosynthesis|g__Parabacteroides.s__Parabacteroides_merdae	71.8016007307
HISTSYN-PWY: L-histidine biosynthesis|g__Bacteroides.s__Bacteroides_ovatus	60.9869568499
HISTSYN-PWY: L-histidine biosynthesis|g__Coprococcus.s__Coprococcus_catus	53.9143188186
HISTSYN-PWY: L-histidine biosynthesis|g__Firmicutes_unclassified.s__Firmicutes_bacterium_CAG_114	49.9175098872
HISTSYN-PWY: L-histidine biosynthesis|g__Bacteroides.s__Bacteroides_cellulosilyticus	47.4887462008
HISTSYN-PWY: L-histidine biosynthesis|g__Bifidobacterium.s__Bifidobacterium_longum	44.6577679615
HISTSYN-PWY: L-histidine biosynthesis|g__Agathobaculum.s__Agathobaculum_butyriciproducens	40.1702580069
HISTSYN-PWY: L-histidine biosynthesis|g__Blautia.s__Blautia_sp	35.3586481771
HISTSYN-PWY: L-histidine biosynthesis|g__Odoribacter.s__Odoribacter_splanchnicus	31.8661832137
HISTSYN-PWY: L-histidine biosynthesis|g__Eggerthella.s__Eggerthella_sp_CAG_298	29.7891396400
HISTSYN-PWY: L-histidine biosynthesis|g__Bacteroides.s__Bacteroides_faecis	28.7923513754
HISTSYN-PWY: L-histidine biosynthesis|g__Parabacteroides.s__Parabacteroides_distasonis	27.0065179280
HISTSYN-PWY: L-histidine biosynthesis|g__Butyricimonas.s__Butyricimonas_synergistica	26.2805556930
HISTSYN-PWY: L-histidine biosynthesis|g__Roseburia.s__Roseburia_intestinalis	25.7476748995
HISTSYN-PWY: L-histidine biosynthesis|g__Dorea.s__Dorea_formicigenerans	24.0938974864
HISTSYN-PWY: L-histidine biosynthesis|g__Ruthenibacterium.s__Ruthenibacterium_lactatiformans	22.6764965104
HISTSYN-PWY: L-histidine biosynthesis|g__Bacteroides.s__Bacteroides_salyersiae	20.7715603426
HISTSYN-PWY: L-histidine biosynthesis|g__Streptococcus.s__Streptococcus_thermophilus	18.3232098361
HISTSYN-PWY: L-histidine biosynthesis|g__Slackia.s__Slackia_isoflavoniconvertens	16.8282136765
HISTSYN-PWY: L-histidine biosynthesis|g__Firmicutes_unclassified.s__Firmicutes_bacterium_CAG_94	12.5814217489
HISTSYN-PWY: L-histidine biosynthesis|g__Bacteroides.s__Bacteroides_fragilis	6.9766645898
HISTSYN-PWY: L-histidine biosynthesis|g__Streptococcus.s__Streptococcus_salivarius	5.2360406009
PWY-8178: pentose phosphate pathway (non-oxidative branch) II	11845.1608728455
PWY-8178: pentose phosphate pathway (non-oxidative branch) II|unclassified	2392.8336176371
PWY-8178: pentose phosphate pathway (non-oxidative branch) II|g__Prevotella.s__Prevotella_copri	1297.9942917153
PWY-8178: pentose phosphate pathway (non-oxidative branch) II|g__Blautia.s__Ruminococcus_torques	530.3723001435
PWY-8178: pentose phosphate pathway (non-oxidative branch) II|g__Anaerostipes.s__Anaerostipes_hadrus	387.0335114225
PWY-8178: pentose phosphate pathway (non-oxidative branch) II|g__Fusicatenibacter.s__Fusicatenibacter_saccharivorans	348.7632579127
PWY-8178: pentose phosphate pathway (non-oxidative branch) II|g__Lachnospiraceae_unclassified.s__Eubacterium_rectale	341.1613521389
PWY-8178: pentose phosphate pathway (non-oxidative branch) II|g__Eubacterium.s__Eubacterium_hallii	337.7688981549
PWY-8178: pentose phosphate pathway (non-oxidative branch) II|g__Collinsella.s__Collinsella_aerofaciens	297.0255321953
PWY-8178: pentose phosphate pathway (non-oxidative branch) II|g__Blautia.s__Blautia_wexlerae	218.1467593279
PWY-8178: pentose phosphate pathway (non-oxidative branch) II|g__Lachnospira.s__Lachnospira_pectinoschiza	179.2260978897
PWY-8178: pentose phosphate pathway (non-oxidative branch) II|g__Blautia.s__Blautia_obeum	154.8147002162
PWY-8178: pentose phosphate pathway (non-oxidative branch) II|g__Roseburia.s__Roseburia_faecis	118.4880459163
PWY-8178: pentose phosphate pathway (non-oxidative branch) II|g__Blautia.s__Blautia_sp	104.9873304554
PWY-8178: pentose phosphate pathway (non-oxidative branch) II|g__Roseburia.s__Roseburia_intestinalis	81.8324281386
PWY-8178: pentose phosphate pathway (non-oxidative branch) II|g__Bifidobacterium.s__Bifidobacterium_bifidum	75.0968752000
PWY-8178: pentose phosphate pathway (non-oxidative branch) II|g__Blautia.s__Blautia_sp_AF19_10LB	54.0795263322
PWY-8178: pentose phosphate pathway (non-oxidative branch) II|g__Agathobaculum.s__Agathobaculum_butyriciproducens	49.7947382991
PWY-8178: pentose phosphate pathway (non-oxidative branch) II|g__Coprococcus.s__Coprococcus_catus	39.2926269391
PWY-8178: pentose phosphate pathway (non-oxidative branch) II|g__Parabacteroides.s__Parabacteroides_distasonis	34.8858334671
PWY-8178: pentose phosphate pathway (non-oxidative branch) II|g__Clostridium.s__Clostridium_sp_AM22_11AC	22.8223763374
PWY-8178: pentose phosphate pathway (non-oxidative branch) II|g__Roseburia.s__Roseburia_hominis	20.4350224072
PWY-8178: pentose phosphate pathway (non-oxidative branch) II|g__Dorea.s__Dorea_longicatena	20.1277151496
PWY-8178: pentose phosphate pathway (non-oxidative branch) II|g__Lachnoclostridium.s__Clostridium_citroniae	16.2466182644
PWY-8178: pentose phosphate pathway (non-oxidative branch) II|g__Bacteroides.s__Bacteroides_cellulosilyticus	14.7388548489
PWY-8178: pentose phosphate pathway (non-oxidative branch) II|g__Bacteroides.s__Bacteroides_salyersiae	14.3024706499
PWY-8178: pentose phosphate pathway (non-oxidative branch) II|g__Streptococcus.s__Streptococcus_thermophilus	12.9094945121
PWY-8178: pentose phosphate pathway (non-oxidative branch) II|g__Streptococcus.s__Streptococcus_salivarius	10.1548346999
PWY-8178: pentose phosphate pathway (non-oxidative branch) II|g__Erysipelatoclostridium.s__Clostridium_innocuum	9.3336900936
PWY-8178: pentose phosphate pathway (non-oxidative branch) II|g__Roseburia.s__Roseburia_inulinivorans	7.4433474387
PWY-8178: pentose phosphate pathway (non-oxidative branch) II|g__Streptococcus.s__Streptococcus_pneumoniae	4.2409546379
PWY-8178: pentose phosphate pathway (non-oxidative branch) II|g__Bacteroides.s__Bacteroides_fragilis	3.9290903476
PWY-8178: pentose phosphate pathway (non-oxidative branch) II|g__Faecalibacterium.s__Faecalibacterium_prausnitzii	2.6264708010
PWY66-429: fatty acid biosynthesis initiation (mitochondria)	11384.6142910289
PWY66-429: fatty acid biosynthesis initiation (mitochondria)|unclassified	1275.9470458870
PWY66-429: fatty acid biosynthesis initiation (mitochondria)|g__Ruminococcaceae_unclassified.s__Clostridium_leptum	678.8584424031
PWY66-429: fatty acid biosynthesis initiation (mitochondria)|g__Ruminococcus.s__Ruminococcus_bicirculans	620.8666687364
PWY66-429: fatty acid biosynthesis initiation (mitochondria)|g__Bacteroides.s__Bacteroides_vulgatus	452.2220168967
PWY66-429: fatty acid biosynthesis initiation (mitochondria)|g__Blautia.s__Ruminococcus_torques	355.4949757552
PWY66-429: fatty acid biosynthesis initiation (mitochondria)|g__Fusicatenibacter.s__Fusicatenibacter_saccharivorans	318.7610153126
PWY66-429: fatty acid biosynthesis initiation (mitochondria)|g__Anaerostipes.s__Anaerostipes_hadrus	299.1047353633
PWY66-429: fatty acid biosynthesis initiation (mitochondria)|g__Blautia.s__Blautia_obeum	246.5049830881
PWY66-429: fatty acid biosynthesis initiation (mitochondria)|g__Blautia.s__Blautia_wexlerae	218.7855753736
PWY66-429: fatty acid biosynthesis initiation (mitochondria)|g__Ruminococcus.s__Ruminococcus_callidus	212.4114103114
PWY66-429: fatty acid biosynthesis initiation (mitochondria)|g__Bacteroides.s__Bacteroides_massiliensis	193.3448268897
PWY66-429: fatty acid biosynthesis initiation (mitochondria)|g__Sutterella.s__Sutterella_wadsworthensis	143.1089204366
PWY66-429: fatty acid biosynthesis initiation (mitochondria)|g__Lachnospira.s__Lachnospira_pectinoschiza	134.0721089269
PWY66-429: fatty acid biosynthesis initiation (mitochondria)|g__Dorea.s__Dorea_longicatena	122.1103541952
PWY66-429: fatty acid biosynthesis initiation (mitochondria)|g__Bacteroides.s__Bacteroides_dorei	115.7221933858
PWY66-429: fatty acid biosynthesis initiation (mitochondria)|g__Roseburia.s__Roseburia_sp_CAG_380	114.3167526015
PWY66-429: fatty acid biosynthesis initiation (mitochondria)|g__Clostridium.s__Clostridium_sp_CAG_75	113.5530932412
PWY66-429: fatty acid biosynthesis initiation (mitochondria)|g__Firmicutes_unclassified.s__Firmicutes_bacterium_AF16_15	108.4232431317
PWY66-429: fatty acid biosynthesis initiation (mitochondria)|g__Agathobaculum.s__Agathobaculum_butyriciproducens	90.1523359914
PWY66-429: fatty acid biosynthesis initiation (mitochondria)|g__Blautia.s__Blautia_sp	81.6721396325
PWY66-429: fatty acid biosynthesis initiation (mitochondria)|g__Bacteroides.s__Bacteroides_uniformis	76.1140559763
PWY66-429: fatty acid biosynthesis initiation (mitochondria)|g__Bacteroides.s__Bacteroides_caccae	74.6197221545
PWY66-429: fatty acid biosynthesis initiation (mitochondria)|g__Bacteroides.s__Bacteroides_ovatus	70.0011184937
PWY66-429: fatty acid biosynthesis initiation (mitochondria)|g__Blautia.s__Blautia_sp_CAG_52	63.5042877098
PWY66-429: fatty acid biosynthesis initiation (mitochondria)|g__Coprococcus.s__Coprococcus_comes	62.2244764058
PWY66-429: fatty acid biosynthesis initiation (mitochondria)|g__Senegalimassilia.s__Senegalimassilia_anaerobia	61.6000511747
PWY66-429: fatty acid biosynthesis initiation (mitochondria)|g__Alistipes.s__Alistipes_indistinctus	60.3521926667
PWY66-429: fatty acid biosynthesis initiation (mitochondria)|g__Eubacterium.s__Eubacterium_hallii	54.6379646638
PWY66-429: fatty acid biosynthesis initiation (mitochondria)|g__Parabacteroides.s__Parabacteroides_merdae	53.8518022898
PWY66-429: fatty acid biosynthesis initiation (mitochondria)|g__Bacteroides.s__Bacteroides_intestinalis	53.8069183331
PWY66-429: fatty acid biosynthesis initiation (mitochondria)|g__Coprococcus.s__Coprococcus_catus	48.2806878781
PWY66-429: fatty acid biosynthesis initiation (mitochondria)|g__Parabacteroides.s__Parabacteroides_distasonis	46.3205731856
PWY66-429: fatty acid biosynthesis initiation (mitochondria)|g__Blautia.s__Blautia_sp_AF19_10LB	44.8943215795
PWY66-429: fatty acid biosynthesis initiation (mitochondria)|g__Dorea.s__Dorea_formicigenerans	41.7643688605
PWY66-429: fatty acid biosynthesis initiation (mitochondria)|g__Bacteroides.s__Bacteroides_cellulosilyticus	40.4928901043
PWY66-429: fatty acid biosynthesis initiation (mitochondria)|g__Bacteroides.s__Bacteroides_faecis	36.3821878359
PWY66-429: fatty acid biosynthesis initiation (mitochondria)|g__Eubacterium.s__Eubacterium_sp_36_13	33.6523134494
PWY66-429: fatty acid biosynthesis initiation (mitochondria)|g__Clostridium.s__Clostridium_sp_AM22_11AC	27.0640371583
PWY66-429: fatty acid biosynthesis initiation (mitochondria)|g__Eggerthella.s__Eggerthella_sp_CAG_298	22.9463880032
PWY66-429: fatty acid biosynthesis initiation (mitochondria)|g__Clostridiales_unclassified.s__Clostridiales_bacterium_KLE1615	22.9217848353
PWY66-429: fatty acid biosynthesis initiation (mitochondria)|g__Bacteroides.s__Bacteroides_sp_CAG_144	21.2884788526
PWY66-429: fatty acid biosynthesis initiation (mitochondria)|g__Bacteroides.s__Bacteroides_salyersiae	16.4760258861
PWY66-429: fatty acid biosynthesis initiation (mitochondria)|g__Slackia.s__Slackia_isoflavoniconvertens	16.0794715768
PWY66-429: fatty acid biosynthesis initiation (mitochondria)|g__Intestinibacter.s__Intestinibacter_bartlettii	14.8784173185
PWY66-429: fatty acid biosynthesis initiation (mitochondria)|g__Faecalibacterium.s__Faecalibacterium_prausnitzii	13.0089383023
PWY66-429: fatty acid biosynthesis initiation (mitochondria)|g__Streptococcus.s__Streptococcus_thermophilus	11.6272269210
PWY66-429: fatty acid biosynthesis initiation (mitochondria)|g__Streptococcus.s__Streptococcus_parasanguinis	11.2660347521
PWY66-429: fatty acid biosynthesis initiation (mitochondria)|g__Eubacterium.s__Eubacterium_ramulus	9.1518240222
PWY66-429: fatty acid biosynthesis initiation (mitochondria)|g__Bacteroides.s__Bacteroides_fragilis	7.6824840093
PWY66-429: fatty acid biosynthesis initiation (mitochondria)|g__Streptococcus.s__Streptococcus_pneumoniae	7.2755861288
PWY66-429: fatty acid biosynthesis initiation (mitochondria)|g__Streptococcus.s__Streptococcus_salivarius	4.3708506768
PWY-2942: L-lysine biosynthesis III	11275.3462585139
PWY-2942: L-lysine biosynthesis III|unclassified	1739.0253160022
PWY-2942: L-lysine biosynthesis III|g__Akkermansia.s__Akkermansia_muciniphila	441.6806069969
PWY-2942: L-lysine biosynthesis III|g__Barnesiella.s__Barnesiella_intestinihominis	327.8393112547
PWY-2942: L-lysine biosynthesis III|g__Anaerostipes.s__Anaerostipes_hadrus	247.5247669614
PWY-2942: L-lysine biosynthesis III|g__Blautia.s__Ruminococcus_torques	195.2766998868
PWY-2942: L-lysine biosynthesis III|g__Lachnospira.s__Lachnospira_pectinoschiza	134.3542758374
PWY-2942: L-lysine biosynthesis III|g__Dorea.s__Dorea_longicatena	131.2745431742
PWY-2942: L-lysine biosynthesis III|g__Eubacterium.s__Eubacterium_hallii	129.3097251048
PWY-2942: L-lysine biosynthesis III|g__Bacteroides.s__Bacteroides_uniformis	61.8011500970
PWY-2942: L-lysine biosynthesis III|g__Parabacteroides.s__Parabacteroides_merdae	57.1471873042
PWY-2942: L-lysine biosynthesis III|g__Senegalimassilia.s__Senegalimassilia_anaerobia	41.9368336076
PWY-2942: L-lysine biosynthesis III|g__Parabacteroides.s__Parabacteroides_distasonis	38.5227418557
PWY-2942: L-lysine biosynthesis III|g__Bilophila.s__Bilophila_wadsworthia	18.8550637590
PWY-2942: L-lysine biosynthesis III|g__Bacteroides.s__Bacteroides_cellulosilyticus	18.7548182415
PWY-2942: L-lysine biosynthesis III|g__Eggerthella.s__Eggerthella_sp_CAG_298	15.8861527472
PWY-2942: L-lysine biosynthesis III|g__Asaccharobacter.s__Asaccharobacter_celatus	12.5683764183
PWY-2942: L-lysine biosynthesis III|g__Bacteroides.s__Bacteroides_fragilis	12.1441144485
PWY-2942: L-lysine biosynthesis III|g__Adlercreutzia.s__Adlercreutzia_equolifaciens	6.6600612025
PWY-2942: L-lysine biosynthesis III|g__Butyricimonas.s__Butyricimonas_virosa	2.8191407823
PWY-5695: inosine 5'-phosphate degradation	11074.8104534665
PWY-5695: inosine 5'-phosphate degradation|unclassified	2240.5547067780
PWY-5695: inosine 5'-phosphate degradation|g__Faecalibacterium.s__Faecalibacterium_prausnitzii	872.0025872916
PWY-5695: inosine 5'-phosphate degradation|g__Ruminococcus.s__Ruminococcus_bicirculans	595.0977542982
PWY-5695: inosine 5'-phosphate degradation|g__Blautia.s__Ruminococcus_torques	474.2634397739
PWY-5695: inosine 5'-phosphate degradation|g__Alistipes.s__Alistipes_finegoldii	373.0329355877
PWY-5695: inosine 5'-phosphate degradation|g__Anaerostipes.s__Anaerostipes_hadrus	317.3609876474
PWY-5695: inosine 5'-phosphate degradation|g__Bacteroides.s__Bacteroides_vulgatus	302.2067129841
PWY-5695: inosine 5'-phosphate degradation|g__Barnesiella.s__Barnesiella_intestinihominis	272.0130565848
PWY-5695: inosine 5'-phosphate degradation|g__Fusicatenibacter.s__Fusicatenibacter_saccharivorans	258.5308702845
PWY-5695: inosine 5'-phosphate degradation|g__Blautia.s__Blautia_wexlerae	249.3475084318
PWY-5695: inosine 5'-phosphate degradation|g__Bacteroides.s__Bacteroides_massiliensis	178.6996558323
PWY-5695: inosine 5'-phosphate degradation|g__Bacteroides.s__Bacteroides_dorei	140.1882735096
PWY-5695: inosine 5'-phosphate degradation|g__Sutterella.s__Sutterella_wadsworthensis	137.8778085964
PWY-5695: inosine 5'-phosphate degradation|g__Dorea.s__Dorea_longicatena	85.1177995022
PWY-5695: inosine 5'-phosphate degradation|g__Bacteroides.s__Bacteroides_caccae	76.9815049303
PWY-5695: inosine 5'-phosphate degradation|g__Bacteroides.s__Bacteroides_uniformis	75.3458151768
PWY-5695: inosine 5'-phosphate degradation|g__Blautia.s__Blautia_obeum	70.2071423155
PWY-5695: inosine 5'-phosphate degradation|g__Bacteroides.s__Bacteroides_ovatus	68.3246535319
PWY-5695: inosine 5'-phosphate degradation|g__Roseburia.s__Roseburia_faecis	67.4497641610
PWY-5695: inosine 5'-phosphate degradation|g__Coprococcus.s__Coprococcus_catus	59.4034053338
PWY-5695: inosine 5'-phosphate degradation|g__Agathobaculum.s__Agathobaculum_butyriciproducens	59.1222194499
PWY-5695: inosine 5'-phosphate degradation|g__Bacteroides.s__Bacteroides_cellulosilyticus	56.2918412932
PWY-5695: inosine 5'-phosphate degradation|g__Alistipes.s__Alistipes_indistinctus	41.2464965228
PWY-5695: inosine 5'-phosphate degradation|g__Alistipes.s__Alistipes_shahii	39.6412270948
PWY-5695: inosine 5'-phosphate degradation|g__Coprococcus.s__Coprococcus_comes	37.3686994536
PWY-5695: inosine 5'-phosphate degradation|g__Lachnospira.s__Lachnospira_pectinoschiza	35.5199898775
PWY-5695: inosine 5'-phosphate degradation|g__Odoribacter.s__Odoribacter_splanchnicus	34.7084737569
PWY-5695: inosine 5'-phosphate degradation|g__Bacteroides.s__Bacteroides_faecis	32.5938541743
PWY-5695: inosine 5'-phosphate degradation|g__Roseburia.s__Roseburia_intestinalis	31.6807446598
PWY-5695: inosine 5'-phosphate degradation|g__Prevotella.s__Prevotella_sp_CAG_485	30.2649935570
PWY-5695: inosine 5'-phosphate degradation|g__Parabacteroides.s__Parabacteroides_distasonis	26.9590580807
PWY-5695: inosine 5'-phosphate degradation|g__Alistipes.s__Alistipes_onderdonkii	26.0429563143
PWY-5695: inosine 5'-phosphate degradation|g__Intestinibacter.s__Intestinibacter_bartlettii	21.7339639751
PWY-5695: inosine 5'-phosphate degradation|g__Streptococcus.s__Streptococcus_salivarius	20.8229705404
PWY-5695: inosine 5'-phosphate degradation|g__Clostridiales_unclassified.s__Clostridiales_bacterium_KLE1615	19.3115430946
PWY-5695: inosine 5'-phosphate degradation|g__Bilophila.s__Bilophila_wadsworthia	19.1639033070
PWY-5695: inosine 5'-phosphate degradation|g__Bacteroides.s__Bacteroides_fragilis	18.3350683272
PWY-5695: inosine 5'-phosphate degradation|g__Streptococcus.s__Streptococcus_parasanguinis	13.0105854607
PWY-5695: inosine 5'-phosphate degradation|g__Bacteroides.s__Bacteroides_salyersiae	12.9461213944
PWY-5695: inosine 5'-phosphate degradation|g__Firmicutes_unclassified.s__Firmicutes_bacterium_CAG_94	10.5190959495
PWY-5695: inosine 5'-phosphate degradation|g__Eisenbergiella.s__Eisenbergiella_tayi	9.0914786378
PWY-5695: inosine 5'-phosphate degradation|g__Eubacterium.s__Eubacterium_ramulus	8.9009165281
PWY-5695: inosine 5'-phosphate degradation|g__Coprobacter.s__Coprobacter_secundus	8.6741916456
PWY-5695: inosine 5'-phosphate degradation|g__Intestinimonas.s__Intestinimonas_butyriciproducens	7.1155996006
PWY-5695: inosine 5'-phosphate degradation|g__Lachnoclostridium.s__Clostridium_citroniae	6.3518826357
PWY-5695: inosine 5'-phosphate degradation|g__Turicibacter.s__Turicibacter_sanguinis	5.8669685179
PWY-724: superpathway of L-lysine, L-threonine and L-methionine biosynthesis II	11055.8955242578
PWY-724: superpathway of L-lysine, L-threonine and L-methionine biosynthesis II|unclassified	1792.2176585220
PWY-724: superpathway of L-lysine, L-threonine and L-methionine biosynthesis II|g__Bifidobacterium.s__Bifidobacterium_adolescentis	1224.1902099088
PWY-724: superpathway of L-lysine, L-threonine and L-methionine biosynthesis II|g__Faecalibacterium.s__Faecalibacterium_prausnitzii	843.6506170871
PWY-724: superpathway of L-lysine, L-threonine and L-methionine biosynthesis II|g__Ruminococcaceae_unclassified.s__Clostridium_leptum	504.5283232551
PWY-724: superpathway of L-lysine, L-threonine and L-methionine biosynthesis II|g__Blautia.s__Blautia_obeum	277.3247897973
PWY-724: superpathway of L-lysine, L-threonine and L-methionine biosynthesis II|g__Blautia.s__Ruminococcus_torques	276.8843838841
PWY-724: superpathway of L-lysine, L-threonine and L-methionine biosynthesis II|g__Anaerostipes.s__Anaerostipes_hadrus	237.6902018532
PWY-724: superpathway of L-lysine, L-threonine and L-methionine biosynthesis II|g__Fusicatenibacter.s__Fusicatenibacter_saccharivorans	202.5968331195
PWY-724: superpathway of L-lysine, L-threonine and L-methionine biosynthesis II|g__Bifidobacterium.s__Bifidobacterium_bifidum	155.5003670566
PWY-724: superpathway of L-lysine, L-threonine and L-methionine biosynthesis II|g__Lachnospira.s__Lachnospira_pectinoschiza	139.3459492059
PWY-724: superpathway of L-lysine, L-threonine and L-methionine biosynthesis II|g__Dorea.s__Dorea_longicatena	120.7656499937
PWY-724: superpathway of L-lysine, L-threonine and L-methionine biosynthesis II|g__Eubacterium.s__Eubacterium_hallii	117.5813649358
PWY-724: superpathway of L-lysine, L-threonine and L-methionine biosynthesis II|g__Bacteroides.s__Bacteroides_uniformis	62.9306799648
PWY-724: superpathway of L-lysine, L-threonine and L-methionine biosynthesis II|g__Agathobaculum.s__Agathobaculum_butyriciproducens	53.1771879973
PWY-724: superpathway of L-lysine, L-threonine and L-methionine biosynthesis II|g__Coprococcus.s__Coprococcus_comes	49.4033751103
PWY-724: superpathway of L-lysine, L-threonine and L-methionine biosynthesis II|g__Coprococcus.s__Coprococcus_catus	41.2871226852
PWY-724: superpathway of L-lysine, L-threonine and L-methionine biosynthesis II|g__Bifidobacterium.s__Bifidobacterium_longum	40.7603211526
PWY-724: superpathway of L-lysine, L-threonine and L-methionine biosynthesis II|g__Blautia.s__Blautia_sp_AF19_10LB	37.4143732213
PWY-724: superpathway of L-lysine, L-threonine and L-methionine biosynthesis II|g__Roseburia.s__Roseburia_intestinalis	36.5324551331
PWY-724: superpathway of L-lysine, L-threonine and L-methionine biosynthesis II|g__Ruthenibacterium.s__Ruthenibacterium_lactatiformans	16.9471355252
PWY-724: superpathway of L-lysine, L-threonine and L-methionine biosynthesis II|g__Bacteroides.s__Bacteroides_cellulosilyticus	16.9299373285
PWY-724: superpathway of L-lysine, L-threonine and L-methionine biosynthesis II|g__Asaccharobacter.s__Asaccharobacter_celatus	12.2670174677
PWY-724: superpathway of L-lysine, L-threonine and L-methionine biosynthesis II|g__Bacteroides.s__Bacteroides_fragilis	11.5193869029
1CMET2-PWY: folate transformations III (E. coli)	10945.6366132282
1CMET2-PWY: folate transformations III (E. coli)|unclassified	1964.8466490244
1CMET2-PWY: folate transformations III (E. coli)|g__Akkermansia.s__Akkermansia_muciniphila	407.2325995585
1CMET2-PWY: folate transformations III (E. coli)|g__Alistipes.s__Alistipes_finegoldii	364.0856835210
1CMET2-PWY: folate transformations III (E. coli)|g__Blautia.s__Ruminococcus_torques	320.3950361535
1CMET2-PWY: folate transformations III (E. coli)|g__Barnesiella.s__Barnesiella_intestinihominis	300.3642074342
1CMET2-PWY: folate transformations III (E. coli)|g__Bacteroides.s__Bacteroides_vulgatus	295.0263788587
1CMET2-PWY: folate transformations III (E. coli)|g__Anaerostipes.s__Anaerostipes_hadrus	219.8071680936
1CMET2-PWY: folate transformations III (E. coli)|g__Bacteroides.s__Bacteroides_massiliensis	186.5809316124
1CMET2-PWY: folate transformations III (E. coli)|g__Bacteroides.s__Bacteroides_dorei	97.7920685660
1CMET2-PWY: folate transformations III (E. coli)|g__Bacteroides.s__Bacteroides_caccae	93.8727244144
1CMET2-PWY: folate transformations III (E. coli)|g__Eubacterium.s__Eubacterium_hallii	90.3965657055
1CMET2-PWY: folate transformations III (E. coli)|g__Dorea.s__Dorea_longicatena	89.3745804538
1CMET2-PWY: folate transformations III (E. coli)|g__Blautia.s__Blautia_wexlerae	74.6933465665
1CMET2-PWY: folate transformations III (E. coli)|g__Roseburia.s__Roseburia_faecis	72.1291196816
1CMET2-PWY: folate transformations III (E. coli)|g__Parabacteroides.s__Parabacteroides_merdae	54.7003758293
1CMET2-PWY: folate transformations III (E. coli)|g__Blautia.s__Blautia_obeum	43.2440352779
1CMET2-PWY: folate transformations III (E. coli)|g__Bacteroides.s__Bacteroides_ovatus	42.3223993980
1CMET2-PWY: folate transformations III (E. coli)|g__Coprococcus.s__Coprococcus_comes	29.1191156509
1CMET2-PWY: folate transformations III (E. coli)|g__Bacteroides.s__Bacteroides_faecis	28.3732805293
1CMET2-PWY: folate transformations III (E. coli)|g__Odoribacter.s__Odoribacter_splanchnicus	25.3111611562
1CMET2-PWY: folate transformations III (E. coli)|g__Butyricimonas.s__Butyricimonas_synergistica	25.0107818171
1CMET2-PWY: folate transformations III (E. coli)|g__Parabacteroides.s__Parabacteroides_distasonis	22.0073425250
1CMET2-PWY: folate transformations III (E. coli)|g__Bacteroides.s__Bacteroides_salyersiae	16.2906376685
PWY-3001: superpathway of L-isoleucine biosynthesis I	10921.7194212757
PWY-3001: superpathway of L-isoleucine biosynthesis I|unclassified	1112.4075355670
PWY-3001: superpathway of L-isoleucine biosynthesis I|g__Blautia.s__Ruminococcus_torques	278.7674915571
PWY-3001: superpathway of L-isoleucine biosynthesis I|g__Bifidobacterium.s__Bifidobacterium_bifidum	197.3561144167
PWY-3001: superpathway of L-isoleucine biosynthesis I|g__Eubacterium.s__Eubacterium_hallii	126.9566948894
PWY-3001: superpathway of L-isoleucine biosynthesis I|g__Bifidobacterium.s__Bifidobacterium_longum	51.3804258210
PWY-3001: superpathway of L-isoleucine biosynthesis I|g__Streptococcus.s__Streptococcus_thermophilus	19.9647686035
PWY-3001: superpathway of L-isoleucine biosynthesis I|g__Streptococcus.s__Streptococcus_salivarius	10.8986532274
PWY-7111: pyruvate fermentation to isobutanol (engineered)	10838.1036322751
PWY-7111: pyruvate fermentation to isobutanol (engineered)|g__Bifidobacterium.s__Bifidobacterium_adolescentis	1147.1327940496
PWY-7111: pyruvate fermentation to isobutanol (engineered)|unclassified	990.2059190932
PWY-7111: pyruvate fermentation to isobutanol (engineered)|g__Faecalibacterium.s__Faecalibacterium_prausnitzii	791.2299037318
PWY-7111: pyruvate fermentation to isobutanol (engineered)|g__Ruminococcaceae_unclassified.s__Clostridium_leptum	657.9283517302
PWY-7111: pyruvate fermentation to isobutanol (engineered)|g__Blautia.s__Ruminococcus_torques	310.4570495310
PWY-7111: pyruvate fermentation to isobutanol (engineered)|g__Anaerostipes.s__Anaerostipes_hadrus	267.0883280097
PWY-7111: pyruvate fermentation to isobutanol (engineered)|g__Blautia.s__Blautia_wexlerae	256.0220930510
PWY-7111: pyruvate fermentation to isobutanol (engineered)|g__Dorea.s__Dorea_longicatena	146.9327207966
PWY-7111: pyruvate fermentation to isobutanol (engineered)|g__Eubacterium.s__Eubacterium_hallii	146.5448243412
PWY-7111: pyruvate fermentation to isobutanol (engineered)|g__Roseburia.s__Roseburia_intestinalis	94.0926921091
PWY-7111: pyruvate fermentation to isobutanol (engineered)|g__Blautia.s__Blautia_obeum	87.0306088744
PWY-7111: pyruvate fermentation to isobutanol (engineered)|g__Bifidobacterium.s__Bifidobacterium_longum	86.9554834953
PWY-7111: pyruvate fermentation to isobutanol (engineered)|g__Roseburia.s__Roseburia_faecis	77.4183814658
PWY-7111: pyruvate fermentation to isobutanol (engineered)|g__Coprococcus.s__Coprococcus_comes	63.5861088487
PWY-7111: pyruvate fermentation to isobutanol (engineered)|g__Agathobaculum.s__Agathobaculum_butyriciproducens	51.3308908944
PWY-7111: pyruvate fermentation to isobutanol (engineered)|g__Dorea.s__Dorea_formicigenerans	47.8781247192
PWY-7111: pyruvate fermentation to isobutanol (engineered)|g__Lachnospiraceae_unclassified.s__Eubacterium_rectale	39.1812542511
PWY-7111: pyruvate fermentation to isobutanol (engineered)|g__Bifidobacterium.s__Bifidobacterium_bifidum	35.9457164845
PWY-7111: pyruvate fermentation to isobutanol (engineered)|g__Parabacteroides.s__Parabacteroides_distasonis	29.6691118781
PWY-7111: pyruvate fermentation to isobutanol (engineered)|g__Roseburia.s__Roseburia_hominis	26.9399891361
PWY-7111: pyruvate fermentation to isobutanol (engineered)|g__Streptococcus.s__Streptococcus_thermophilus	21.8583156931
PWY-7111: pyruvate fermentation to isobutanol (engineered)|g__Streptococcus.s__Streptococcus_salivarius	17.8694715031
PWY-7111: pyruvate fermentation to isobutanol (engineered)|g__Roseburia.s__Roseburia_inulinivorans	6.7131151380
PWY-7111: pyruvate fermentation to isobutanol (engineered)|g__Streptococcus.s__Streptococcus_parasanguinis	6.4113155308
PWY-6123: inosine-5'-phosphate biosynthesis I	10812.4487273446
PWY-6123: inosine-5'-phosphate biosynthesis I|unclassified	1867.1414464132
PWY-6123: inosine-5'-phosphate biosynthesis I|g__Faecalibacterium.s__Faecalibacterium_prausnitzii	1363.2429255559
PWY-6123: inosine-5'-phosphate biosynthesis I|g__Bifidobacterium.s__Bifidobacterium_adolescentis	716.4510670575
PWY-6123: inosine-5'-phosphate biosynthesis I|g__Akkermansia.s__Akkermansia_muciniphila	464.4062371461
PWY-6123: inosine-5'-phosphate biosynthesis I|g__Alistipes.s__Alistipes_finegoldii	450.2571096358
PWY-6123: inosine-5'-phosphate biosynthesis I|g__Blautia.s__Blautia_wexlerae	321.4355662375
PWY-6123: inosine-5'-phosphate biosynthesis I|g__Blautia.s__Ruminococcus_torques	299.9855601162
PWY-6123: inosine-5'-phosphate biosynthesis I|g__Barnesiella.s__Barnesiella_intestinihominis	279.8853912521
PWY-6123: inosine-5'-phosphate biosynthesis I|g__Bacteroides.s__Bacteroides_vulgatus	277.9554005669
PWY-6123: inosine-5'-phosphate biosynthesis I|g__Anaerostipes.s__Anaerostipes_hadrus	245.4607099247
PWY-6123: inosine-5'-phosphate biosynthesis I|g__Bacteroides.s__Bacteroides_massiliensis	206.3181027156
PWY-6123: inosine-5'-phosphate biosynthesis I|g__Collinsella.s__Collinsella_aerofaciens	190.7238214195
PWY-6123: inosine-5'-phosphate biosynthesis I|g__Firmicutes_unclassified.s__Firmicutes_bacterium_AF16_15	139.4025494536
PWY-6123: inosine-5'-phosphate biosynthesis I|g__Sutterella.s__Sutterella_wadsworthensis	128.6576155339
PWY-6123: inosine-5'-phosphate biosynthesis I|g__Bifidobacterium.s__Bifidobacterium_bifidum	106.4530543294
PWY-6123: inosine-5'-phosphate biosynthesis I|g__Eubacterium.s__Eubacterium_hallii	104.7364159473
PWY-6123: inosine-5'-phosphate biosynthesis I|g__Bacteroides.s__Bacteroides_dorei	102.8008932808
PWY-6123: inosine-5'-phosphate biosynthesis I|g__Bacteroides.s__Bacteroides_caccae	92.5714822268
PWY-6123: inosine-5'-phosphate biosynthesis I|g__Bacteroides.s__Bacteroides_uniformis	89.9479911470
PWY-6123: inosine-5'-phosphate biosynthesis I|g__Parabacteroides.s__Parabacteroides_merdae	70.0400176400
PWY-6123: inosine-5'-phosphate biosynthesis I|g__Senegalimassilia.s__Senegalimassilia_anaerobia	62.4619763099
PWY-6123: inosine-5'-phosphate biosynthesis I|g__Coprococcus.s__Coprococcus_comes	58.8117952340
PWY-6123: inosine-5'-phosphate biosynthesis I|g__Coprococcus.s__Coprococcus_catus	57.8574648361
PWY-6123: inosine-5'-phosphate biosynthesis I|g__Alistipes.s__Alistipes_indistinctus	52.7944038844
PWY-6123: inosine-5'-phosphate biosynthesis I|g__Bacteroides.s__Bacteroides_ovatus	48.6451115952
PWY-6123: inosine-5'-phosphate biosynthesis I|g__Bacteroides.s__Bacteroides_cellulosilyticus	45.8747378532
PWY-6123: inosine-5'-phosphate biosynthesis I|g__Blautia.s__Blautia_sp	45.4160642779
PWY-6123: inosine-5'-phosphate biosynthesis I|g__Alistipes.s__Alistipes_onderdonkii	41.9958688186
PWY-6123: inosine-5'-phosphate biosynthesis I|g__Bacteroides.s__Bacteroides_faecis	38.7334865436
PWY-6123: inosine-5'-phosphate biosynthesis I|g__Blautia.s__Blautia_obeum	34.9718147764
PWY-6123: inosine-5'-phosphate biosynthesis I|g__Prevotella.s__Prevotella_sp_CAG_485	31.6860611682
PWY-6123: inosine-5'-phosphate biosynthesis I|g__Clostridiales_unclassified.s__Clostridiales_bacterium_KLE1615	29.3750538581
PWY-6123: inosine-5'-phosphate biosynthesis I|g__Streptococcus.s__Streptococcus_thermophilus	26.7859500772
PWY-6123: inosine-5'-phosphate biosynthesis I|g__Odoribacter.s__Odoribacter_splanchnicus	24.7245774231
PWY-6123: inosine-5'-phosphate biosynthesis I|g__Parabacteroides.s__Parabacteroides_distasonis	24.3355254999
PWY-6123: inosine-5'-phosphate biosynthesis I|g__Blautia.s__Blautia_sp_AF19_10LB	21.5935683202
PWY-6123: inosine-5'-phosphate biosynthesis I|g__Streptococcus.s__Streptococcus_parasanguinis	16.2128505193
PWY-6123: inosine-5'-phosphate biosynthesis I|g__Bacteroides.s__Bacteroides_fragilis	15.2760787417
PWY-6123: inosine-5'-phosphate biosynthesis I|g__Bacteroides.s__Bacteroides_salyersiae	13.6299834703
PWY-6123: inosine-5'-phosphate biosynthesis I|g__Streptococcus.s__Streptococcus_salivarius	12.0636158326
PWY-6123: inosine-5'-phosphate biosynthesis I|g__Turicibacter.s__Turicibacter_sanguinis	6.5991529739
PANTOSYN-PWY: superpathway of coenzyme A biosynthesis I (bacteria)	10591.6463376620
PANTOSYN-PWY: superpathway of coenzyme A biosynthesis I (bacteria)|unclassified	2172.9230297659
PANTOSYN-PWY: superpathway of coenzyme A biosynthesis I (bacteria)|g__Akkermansia.s__Akkermansia_muciniphila	443.0296501034
PANTOSYN-PWY: superpathway of coenzyme A biosynthesis I (bacteria)|g__Anaerostipes.s__Anaerostipes_hadrus	306.0152555060
PANTOSYN-PWY: superpathway of coenzyme A biosynthesis I (bacteria)|g__Barnesiella.s__Barnesiella_intestinihominis	286.9736414148
PANTOSYN-PWY: superpathway of coenzyme A biosynthesis I (bacteria)|g__Bacteroides.s__Bacteroides_vulgatus	257.6291177892
PANTOSYN-PWY: superpathway of coenzyme A biosynthesis I (bacteria)|g__Blautia.s__Ruminococcus_torques	255.6193155508
PANTOSYN-PWY: superpathway of coenzyme A biosynthesis I (bacteria)|g__Phascolarctobacterium.s__Phascolarctobacterium_faecium	208.3977759330
PANTOSYN-PWY: superpathway of coenzyme A biosynthesis I (bacteria)|g__Bacteroides.s__Bacteroides_massiliensis	171.5679913650
PANTOSYN-PWY: superpathway of coenzyme A biosynthesis I (bacteria)|g__Ruminococcus.s__Ruminococcus_callidus	133.6218136016
PANTOSYN-PWY: superpathway of coenzyme A biosynthesis I (bacteria)|g__Blautia.s__Blautia_wexlerae	120.7427762889
PANTOSYN-PWY: superpathway of coenzyme A biosynthesis I (bacteria)|g__Clostridium.s__Clostridium_sp_AF36_4	118.8188300115
PANTOSYN-PWY: superpathway of coenzyme A biosynthesis I (bacteria)|g__Roseburia.s__Roseburia_sp_CAG_380	114.0452269275
PANTOSYN-PWY: superpathway of coenzyme A biosynthesis I (bacteria)|g__Eubacterium.s__Eubacterium_hallii	109.6564731204
PANTOSYN-PWY: superpathway of coenzyme A biosynthesis I (bacteria)|g__Bacteroides.s__Bacteroides_dorei	108.3551569347
PANTOSYN-PWY: superpathway of coenzyme A biosynthesis I (bacteria)|g__Bacteroides.s__Bacteroides_caccae	84.6351023081
PANTOSYN-PWY: superpathway of coenzyme A biosynthesis I (bacteria)|g__Bacteroides.s__Bacteroides_uniformis	84.1488763891
PANTOSYN-PWY: superpathway of coenzyme A biosynthesis I (bacteria)|g__Dorea.s__Dorea_longicatena	83.1719757698
PANTOSYN-PWY: superpathway of coenzyme A biosynthesis I (bacteria)|g__Blautia.s__Blautia_obeum	78.3703338963
PANTOSYN-PWY: superpathway of coenzyme A biosynthesis I (bacteria)|g__Roseburia.s__Roseburia_faecis	77.9159224727
PANTOSYN-PWY: superpathway of coenzyme A biosynthesis I (bacteria)|g__Agathobaculum.s__Agathobaculum_butyriciproducens	69.1713313552
PANTOSYN-PWY: superpathway of coenzyme A biosynthesis I (bacteria)|g__Parabacteroides.s__Parabacteroides_merdae	64.0428929468
PANTOSYN-PWY: superpathway of coenzyme A biosynthesis I (bacteria)|g__Alistipes.s__Alistipes_indistinctus	62.1797150577
PANTOSYN-PWY: superpathway of coenzyme A biosynthesis I (bacteria)|g__Bacteroides.s__Bacteroides_cellulosilyticus	55.3151808991
PANTOSYN-PWY: superpathway of coenzyme A biosynthesis I (bacteria)|g__Firmicutes_unclassified.s__Firmicutes_bacterium_CAG_114	54.6168582838
PANTOSYN-PWY: superpathway of coenzyme A biosynthesis I (bacteria)|g__Senegalimassilia.s__Senegalimassilia_anaerobia	47.2329019836
PANTOSYN-PWY: superpathway of coenzyme A biosynthesis I (bacteria)|g__Bacteroides.s__Bacteroides_ovatus	39.6822652734
PANTOSYN-PWY: superpathway of coenzyme A biosynthesis I (bacteria)|g__Coprococcus.s__Coprococcus_comes	37.0261463389
PANTOSYN-PWY: superpathway of coenzyme A biosynthesis I (bacteria)|g__Firmicutes_unclassified.s__Firmicutes_bacterium_CAG_41	32.8695375053
PANTOSYN-PWY: superpathway of coenzyme A biosynthesis I (bacteria)|g__Bacteroides.s__Bacteroides_faecis	28.7814830713
PANTOSYN-PWY: superpathway of coenzyme A biosynthesis I (bacteria)|g__Parabacteroides.s__Parabacteroides_distasonis	28.6287367295
PANTOSYN-PWY: superpathway of coenzyme A biosynthesis I (bacteria)|g__Roseburia.s__Roseburia_intestinalis	26.2987445085
PANTOSYN-PWY: superpathway of coenzyme A biosynthesis I (bacteria)|g__Roseburia.s__Roseburia_hominis	23.6960546933
PANTOSYN-PWY: superpathway of coenzyme A biosynthesis I (bacteria)|g__Dorea.s__Dorea_formicigenerans	21.1740243114
PANTOSYN-PWY: superpathway of coenzyme A biosynthesis I (bacteria)|g__Bacteroides.s__Bacteroides_sp_CAG_144	20.5220848947
PANTOSYN-PWY: superpathway of coenzyme A biosynthesis I (bacteria)|g__Odoribacter.s__Odoribacter_splanchnicus	20.0418756416
PANTOSYN-PWY: superpathway of coenzyme A biosynthesis I (bacteria)|g__Eggerthella.s__Eggerthella_sp_CAG_298	19.6848500469
PANTOSYN-PWY: superpathway of coenzyme A biosynthesis I (bacteria)|g__Prevotella.s__Prevotella_sp_CAG_485	17.9944153887
PANTOSYN-PWY: superpathway of coenzyme A biosynthesis I (bacteria)|g__Bacteroides.s__Bacteroides_salyersiae	17.7527417432
PANTOSYN-PWY: superpathway of coenzyme A biosynthesis I (bacteria)|g__Bacteroides.s__Bacteroides_fragilis	9.2632353258
PANTOSYN-PWY: superpathway of coenzyme A biosynthesis I (bacteria)|g__Alistipes.s__Alistipes_finegoldii	7.5018884757
PANTOSYN-PWY: superpathway of coenzyme A biosynthesis I (bacteria)|g__Butyricimonas.s__Butyricimonas_virosa	5.5238906974
PWY-7357: thiamine phosphate formation from pyrithiamine and oxythiamine (yeast)	10563.6295709625
PWY-7357: thiamine phosphate formation from pyrithiamine and oxythiamine (yeast)|g__Faecalibacterium.s__Faecalibacterium_prausnitzii	1688.7138071112
PWY-7357: thiamine phosphate formation from pyrithiamine and oxythiamine (yeast)|g__Prevotella.s__Prevotella_copri	1294.1761522790
PWY-7357: thiamine phosphate formation from pyrithiamine and oxythiamine (yeast)|g__Bifidobacterium.s__Bifidobacterium_adolescentis	806.4694066194
PWY-7357: thiamine phosphate formation from pyrithiamine and oxythiamine (yeast)|unclassified	799.6514706591
PWY-7357: thiamine phosphate formation from pyrithiamine and oxythiamine (yeast)|g__Blautia.s__Blautia_obeum	386.7510904915
PWY-7357: thiamine phosphate formation from pyrithiamine and oxythiamine (yeast)|g__Lachnospiraceae_unclassified.s__Eubacterium_rectale	312.2865311809
PWY-7357: thiamine phosphate formation from pyrithiamine and oxythiamine (yeast)|g__Blautia.s__Ruminococcus_torques	278.9967786280
PWY-7357: thiamine phosphate formation from pyrithiamine and oxythiamine (yeast)|g__Anaerostipes.s__Anaerostipes_hadrus	244.2939550597
PWY-7357: thiamine phosphate formation from pyrithiamine and oxythiamine (yeast)|g__Collinsella.s__Collinsella_aerofaciens	231.8347555376
PWY-7357: thiamine phosphate formation from pyrithiamine and oxythiamine (yeast)|g__Fusicatenibacter.s__Fusicatenibacter_saccharivorans	227.1875203415
PWY-7357: thiamine phosphate formation from pyrithiamine and oxythiamine (yeast)|g__Blautia.s__Blautia_wexlerae	186.6631381593
PWY-7357: thiamine phosphate formation from pyrithiamine and oxythiamine (yeast)|g__Bifidobacterium.s__Bifidobacterium_bifidum	150.6373645531
PWY-7357: thiamine phosphate formation from pyrithiamine and oxythiamine (yeast)|g__Dorea.s__Dorea_longicatena	132.4991606127
PWY-7357: thiamine phosphate formation from pyrithiamine and oxythiamine (yeast)|g__Eubacterium.s__Eubacterium_hallii	126.3313134583
PWY-7357: thiamine phosphate formation from pyrithiamine and oxythiamine (yeast)|g__Lachnospira.s__Lachnospira_pectinoschiza	113.3555181768
PWY-7357: thiamine phosphate formation from pyrithiamine and oxythiamine (yeast)|g__Bacteroides.s__Bacteroides_uniformis	86.1453202318
PWY-7357: thiamine phosphate formation from pyrithiamine and oxythiamine (yeast)|g__Roseburia.s__Roseburia_faecis	82.4685526790
PWY-7357: thiamine phosphate formation from pyrithiamine and oxythiamine (yeast)|g__Coprococcus.s__Coprococcus_catus	71.0801275995
PWY-7357: thiamine phosphate formation from pyrithiamine and oxythiamine (yeast)|g__Roseburia.s__Roseburia_intestinalis	64.2842671504
PWY-7357: thiamine phosphate formation from pyrithiamine and oxythiamine (yeast)|g__Agathobaculum.s__Agathobaculum_butyriciproducens	48.2791612653
PWY-7357: thiamine phosphate formation from pyrithiamine and oxythiamine (yeast)|g__Bacteroides.s__Bacteroides_fragilis	36.1586313275
PWY-7357: thiamine phosphate formation from pyrithiamine and oxythiamine (yeast)|g__Coprococcus.s__Coprococcus_comes	30.3155925418
PWY-7357: thiamine phosphate formation from pyrithiamine and oxythiamine (yeast)|g__Dorea.s__Dorea_formicigenerans	28.7531362837
PWY-7357: thiamine phosphate formation from pyrithiamine and oxythiamine (yeast)|g__Blautia.s__Blautia_sp_AF19_10LB	24.7795875000
PWY-7357: thiamine phosphate formation from pyrithiamine and oxythiamine (yeast)|g__Roseburia.s__Roseburia_hominis	19.5524823906
PWY-7357: thiamine phosphate formation from pyrithiamine and oxythiamine (yeast)|g__Blautia.s__Blautia_sp	10.8593844440
PWY-7357: thiamine phosphate formation from pyrithiamine and oxythiamine (yeast)|g__Eisenbergiella.s__Eisenbergiella_tayi	7.8682738391
PWY-7357: thiamine phosphate formation from pyrithiamine and oxythiamine (yeast)|g__Bacteroides.s__Bacteroides_ovatus	5.6581597974
TRPSYN-PWY: L-tryptophan biosynthesis	10430.3935138864
TRPSYN-PWY: L-tryptophan biosynthesis|unclassified	1462.0198681952
TRPSYN-PWY: L-tryptophan biosynthesis|g__Ruminococcus.s__Ruminococcus_bicirculans	449.1653380562
TRPSYN-PWY: L-tryptophan biosynthesis|g__Blautia.s__Ruminococcus_torques	396.9328256909
TRPSYN-PWY: L-tryptophan biosynthesis|g__Bacteroides.s__Bacteroides_vulgatus	386.7266894326
TRPSYN-PWY: L-tryptophan biosynthesis|g__Fusicatenibacter.s__Fusicatenibacter_saccharivorans	309.3979879942
TRPSYN-PWY: L-tryptophan biosynthesis|g__Anaerostipes.s__Anaerostipes_hadrus	296.5006532905
TRPSYN-PWY: L-tryptophan biosynthesis|g__Blautia.s__Blautia_obeum	277.7911018454
TRPSYN-PWY: L-tryptophan biosynthesis|g__Faecalibacterium.s__Faecalibacterium_prausnitzii	257.7814047528
TRPSYN-PWY: L-tryptophan biosynthesis|g__Blautia.s__Blautia_wexlerae	251.7583435137
TRPSYN-PWY: L-tryptophan biosynthesis|g__Firmicutes_unclassified.s__Firmicutes_bacterium_CAG_65_45_313	219.8115670867
TRPSYN-PWY: L-tryptophan biosynthesis|g__Lachnospiraceae_unclassified.s__Eubacterium_rectale	218.0858146877
TRPSYN-PWY: L-tryptophan biosynthesis|g__Phascolarctobacterium.s__Phascolarctobacterium_faecium	200.7160890498
TRPSYN-PWY: L-tryptophan biosynthesis|g__Ruminococcus.s__Ruminococcus_callidus	182.2839212934
TRPSYN-PWY: L-tryptophan biosynthesis|g__Lachnospira.s__Lachnospira_pectinoschiza	152.9009120956
TRPSYN-PWY: L-tryptophan biosynthesis|g__Roseburia.s__Roseburia_sp_CAG_380	137.3216587362
TRPSYN-PWY: L-tryptophan biosynthesis|g__Eubacterium.s__Eubacterium_hallii	109.5618101031
TRPSYN-PWY: L-tryptophan biosynthesis|g__Blautia.s__Blautia_sp_CAG_52	94.5697605348
TRPSYN-PWY: L-tryptophan biosynthesis|g__Clostridium.s__Clostridium_sp_CAG_75	87.2050232444
TRPSYN-PWY: L-tryptophan biosynthesis|g__Blautia.s__Blautia_sp	62.5430579561
TRPSYN-PWY: L-tryptophan biosynthesis|g__Roseburia.s__Roseburia_faecis	56.8080286302
TRPSYN-PWY: L-tryptophan biosynthesis|g__Roseburia.s__Roseburia_intestinalis	53.5421062618
TRPSYN-PWY: L-tryptophan biosynthesis|g__Firmicutes_unclassified.s__Firmicutes_bacterium_CAG_41	49.8560084625
TRPSYN-PWY: L-tryptophan biosynthesis|g__Streptococcus.s__Streptococcus_thermophilus	33.1294402517
TRPSYN-PWY: L-tryptophan biosynthesis|g__Blautia.s__Blautia_sp_AF19_10LB	25.3428785105
TRPSYN-PWY: L-tryptophan biosynthesis|g__Roseburia.s__Roseburia_hominis	24.5517926157
TRPSYN-PWY: L-tryptophan biosynthesis|g__Eubacterium.s__Eubacterium_sp_36_13	23.7454645837
TRPSYN-PWY: L-tryptophan biosynthesis|g__Bifidobacterium.s__Bifidobacterium_longum	17.9801951696
TRPSYN-PWY: L-tryptophan biosynthesis|g__Odoribacter.s__Odoribacter_splanchnicus	17.9505934100
TRPSYN-PWY: L-tryptophan biosynthesis|g__Roseburia.s__Roseburia_inulinivorans	8.2965583616
PWY-6124: inosine-5'-phosphate biosynthesis II	10069.9181974505
PWY-6124: inosine-5'-phosphate biosynthesis II|unclassified	1750.8212375935
PWY-6124: inosine-5'-phosphate biosynthesis II|g__Faecalibacterium.s__Faecalibacterium_prausnitzii	1306.1870513638
PWY-6124: inosine-5'-phosphate biosynthesis II|g__Bifidobacterium.s__Bifidobacterium_adolescentis	612.0176667066
PWY-6124: inosine-5'-phosphate biosynthesis II|g__Alistipes.s__Alistipes_finegoldii	475.7249480131
PWY-6124: inosine-5'-phosphate biosynthesis II|g__Akkermansia.s__Akkermansia_muciniphila	454.1148911384
PWY-6124: inosine-5'-phosphate biosynthesis II|g__Blautia.s__Blautia_wexlerae	325.8388006266
PWY-6124: inosine-5'-phosphate biosynthesis II|g__Blautia.s__Ruminococcus_torques	290.2099251151
PWY-6124: inosine-5'-phosphate biosynthesis II|g__Bacteroides.s__Bacteroides_vulgatus	272.7473480379
PWY-6124: inosine-5'-phosphate biosynthesis II|g__Barnesiella.s__Barnesiella_intestinihominis	271.2998798071
PWY-6124: inosine-5'-phosphate biosynthesis II|g__Anaerostipes.s__Anaerostipes_hadrus	237.4310821378
PWY-6124: inosine-5'-phosphate biosynthesis II|g__Bacteroides.s__Bacteroides_massiliensis	200.3700430471
PWY-6124: inosine-5'-phosphate biosynthesis II|g__Collinsella.s__Collinsella_aerofaciens	177.4163440510
PWY-6124: inosine-5'-phosphate biosynthesis II|g__Firmicutes_unclassified.s__Firmicutes_bacterium_AF16_15	135.2115219686
PWY-6124: inosine-5'-phosphate biosynthesis II|g__Sutterella.s__Sutterella_wadsworthensis	117.2082909860
PWY-6124: inosine-5'-phosphate biosynthesis II|g__Bacteroides.s__Bacteroides_caccae	98.4831303415
PWY-6124: inosine-5'-phosphate biosynthesis II|g__Eubacterium.s__Eubacterium_hallii	95.9579714295
PWY-6124: inosine-5'-phosphate biosynthesis II|g__Bacteroides.s__Bacteroides_dorei	94.2703140998
PWY-6124: inosine-5'-phosphate biosynthesis II|g__Bacteroides.s__Bacteroides_uniformis	88.7583342953
PWY-6124: inosine-5'-phosphate biosynthesis II|g__Blautia.s__Blautia_sp	88.6007279142
PWY-6124: inosine-5'-phosphate biosynthesis II|g__Parabacteroides.s__Parabacteroides_merdae	64.5542646312
PWY-6124: inosine-5'-phosphate biosynthesis II|g__Senegalimassilia.s__Senegalimassilia_anaerobia	61.4005207269
PWY-6124: inosine-5'-phosphate biosynthesis II|g__Coprococcus.s__Coprococcus_comes	55.8809810178
PWY-6124: inosine-5'-phosphate biosynthesis II|g__Alistipes.s__Alistipes_indistinctus	51.6886632072
PWY-6124: inosine-5'-phosphate biosynthesis II|g__Bacteroides.s__Bacteroides_ovatus	51.3456019490
PWY-6124: inosine-5'-phosphate biosynthesis II|g__Bacteroides.s__Bacteroides_cellulosilyticus	48.2930104289
PWY-6124: inosine-5'-phosphate biosynthesis II|g__Alistipes.s__Alistipes_onderdonkii	46.4094195762
PWY-6124: inosine-5'-phosphate biosynthesis II|g__Bacteroides.s__Bacteroides_faecis	42.8685328232
PWY-6124: inosine-5'-phosphate biosynthesis II|g__Clostridiales_unclassified.s__Clostridiales_bacterium_KLE1615	35.0223196518
PWY-6124: inosine-5'-phosphate biosynthesis II|g__Coprococcus.s__Coprococcus_catus	34.3289944769
PWY-6124: inosine-5'-phosphate biosynthesis II|g__Prevotella.s__Prevotella_sp_CAG_485	31.3390402938
PWY-6124: inosine-5'-phosphate biosynthesis II|g__Blautia.s__Blautia_obeum	29.9696864774
PWY-6124: inosine-5'-phosphate biosynthesis II|g__Parabacteroides.s__Parabacteroides_distasonis	23.0660774969
PWY-6124: inosine-5'-phosphate biosynthesis II|g__Odoribacter.s__Odoribacter_splanchnicus	22.8484129265
PWY-6124: inosine-5'-phosphate biosynthesis II|g__Bacteroides.s__Bacteroides_sp_CAG_144	22.3438663370
PWY-6124: inosine-5'-phosphate biosynthesis II|g__Streptococcus.s__Streptococcus_thermophilus	21.9318482677
PWY-6124: inosine-5'-phosphate biosynthesis II|g__Blautia.s__Blautia_sp_AF19_10LB	19.4807549785
PWY-6124: inosine-5'-phosphate biosynthesis II|g__Bacteroides.s__Bacteroides_fragilis	15.0253499001
PWY-6124: inosine-5'-phosphate biosynthesis II|g__Bacteroides.s__Bacteroides_salyersiae	14.2874978014
PWY-6124: inosine-5'-phosphate biosynthesis II|g__Streptococcus.s__Streptococcus_parasanguinis	9.0405624956
PWY-6124: inosine-5'-phosphate biosynthesis II|g__Turicibacter.s__Turicibacter_sanguinis	6.8756027776
PWY-6124: inosine-5'-phosphate biosynthesis II|g__Butyricimonas.s__Butyricimonas_virosa	5.2542778615
PWY-6124: inosine-5'-phosphate biosynthesis II|g__Streptococcus.s__Streptococcus_pneumoniae	1.1509316924
PWY-7199: pyrimidine deoxyribonucleosides salvage	10042.5047893127
PWY-7199: pyrimidine deoxyribonucleosides salvage|unclassified	2196.5629312050
PWY-7199: pyrimidine deoxyribonucleosides salvage|g__Barnesiella.s__Barnesiella_intestinihominis	267.9117043221
PWY-7199: pyrimidine deoxyribonucleosides salvage|g__Bacteroides.s__Bacteroides_vulgatus	259.4208547092
PWY-7199: pyrimidine deoxyribonucleosides salvage|g__Firmicutes_unclassified.s__Firmicutes_bacterium_CAG_110	255.1100748439
PWY-7199: pyrimidine deoxyribonucleosides salvage|g__Ruminococcus.s__Ruminococcus_sp_CAG_177	232.1722395786
PWY-7199: pyrimidine deoxyribonucleosides salvage|g__Blautia.s__Ruminococcus_torques	223.6776338107
PWY-7199: pyrimidine deoxyribonucleosides salvage|g__Bacteroides.s__Bacteroides_massiliensis	191.8645269125
PWY-7199: pyrimidine deoxyribonucleosides salvage|g__Oscillibacter.s__Oscillibacter_sp_57_20	93.3982173170
PWY-7199: pyrimidine deoxyribonucleosides salvage|g__Bacteroides.s__Bacteroides_caccae	85.7389301147
PWY-7199: pyrimidine deoxyribonucleosides salvage|g__Bacteroides.s__Bacteroides_dorei	81.1762039364
PWY-7199: pyrimidine deoxyribonucleosides salvage|g__Bacteroides.s__Bacteroides_uniformis	72.9874419218
PWY-7199: pyrimidine deoxyribonucleosides salvage|g__Firmicutes_unclassified.s__Firmicutes_bacterium_CAG_114	46.0551286231
PWY-7199: pyrimidine deoxyribonucleosides salvage|g__Blautia.s__Blautia_sp	45.2562791029
PWY-7199: pyrimidine deoxyribonucleosides salvage|g__Bacteroides.s__Bacteroides_faecis	44.6933424480
PWY-7199: pyrimidine deoxyribonucleosides salvage|g__Bacteroides.s__Bacteroides_cellulosilyticus	36.7657448313
PWY-7199: pyrimidine deoxyribonucleosides salvage|g__Bacteroides.s__Bacteroides_ovatus	36.0153005166
PWY-7199: pyrimidine deoxyribonucleosides salvage|g__Parabacteroides.s__Parabacteroides_distasonis	35.6853530078
PWY-7199: pyrimidine deoxyribonucleosides salvage|g__Blautia.s__Blautia_sp_AF19_10LB	27.2462414335
PWY-7199: pyrimidine deoxyribonucleosides salvage|g__Roseburia.s__Roseburia_hominis	26.5032603389
PWY-7199: pyrimidine deoxyribonucleosides salvage|g__Bacteroides.s__Bacteroides_fragilis	24.2198522698
PWY-7199: pyrimidine deoxyribonucleosides salvage|g__Streptococcus.s__Streptococcus_thermophilus	20.9926052801
PWY-7199: pyrimidine deoxyribonucleosides salvage|g__Bacteroides.s__Bacteroides_salyersiae	11.6383853289
PWY-7199: pyrimidine deoxyribonucleosides salvage|g__Streptococcus.s__Streptococcus_salivarius	5.7828315977
PWY-7199: pyrimidine deoxyribonucleosides salvage|g__Streptococcus.s__Streptococcus_pneumoniae	2.9097963143
PWY-6317: D-galactose degradation I (Leloir pathway)	9861.6914542647
PWY-6317: D-galactose degradation I (Leloir pathway)|g__Faecalibacterium.s__Faecalibacterium_prausnitzii	1233.3427536184
PWY-6317: D-galactose degradation I (Leloir pathway)|unclassified	1207.2732567806
PWY-6317: D-galactose degradation I (Leloir pathway)|g__Blautia.s__Ruminococcus_torques	525.4061749511
PWY-6317: D-galactose degradation I (Leloir pathway)|g__Anaerostipes.s__Anaerostipes_hadrus	326.6853063121
PWY-6317: D-galactose degradation I (Leloir pathway)|g__Blautia.s__Blautia_wexlerae	301.4478118770
PWY-6317: D-galactose degradation I (Leloir pathway)|g__Blautia.s__Blautia_obeum	280.4678350401
PWY-6317: D-galactose degradation I (Leloir pathway)|g__Fusicatenibacter.s__Fusicatenibacter_saccharivorans	254.6024371275
PWY-6317: D-galactose degradation I (Leloir pathway)|g__Collinsella.s__Collinsella_aerofaciens	182.3563245899
PWY-6317: D-galactose degradation I (Leloir pathway)|g__Lachnospira.s__Lachnospira_pectinoschiza	152.2858441593
PWY-6317: D-galactose degradation I (Leloir pathway)|g__Roseburia.s__Roseburia_sp_CAG_380	146.6250279851
PWY-6317: D-galactose degradation I (Leloir pathway)|g__Eubacterium.s__Eubacterium_hallii	120.6908440653
PWY-6317: D-galactose degradation I (Leloir pathway)|g__Dorea.s__Dorea_longicatena	98.8156262824
PWY-6317: D-galactose degradation I (Leloir pathway)|g__Roseburia.s__Roseburia_faecis	93.4063749140
PWY-6317: D-galactose degradation I (Leloir pathway)|g__Roseburia.s__Roseburia_intestinalis	59.9143574725
PWY-6317: D-galactose degradation I (Leloir pathway)|g__Coprococcus.s__Coprococcus_comes	50.4048411247
PWY-6317: D-galactose degradation I (Leloir pathway)|g__Blautia.s__Blautia_sp	49.6909891723
PWY-6317: D-galactose degradation I (Leloir pathway)|g__Dorea.s__Dorea_formicigenerans	48.3001749006
PWY-6317: D-galactose degradation I (Leloir pathway)|g__Coprococcus.s__Coprococcus_catus	47.1698620856
PWY-6317: D-galactose degradation I (Leloir pathway)|g__Bifidobacterium.s__Bifidobacterium_longum	41.1955796012
PWY-6317: D-galactose degradation I (Leloir pathway)|g__Clostridiales_unclassified.s__Clostridiales_bacterium_KLE1615	30.7891364025
PWY-6317: D-galactose degradation I (Leloir pathway)|g__Roseburia.s__Roseburia_hominis	28.5219971053
PWY-6317: D-galactose degradation I (Leloir pathway)|g__Streptococcus.s__Streptococcus_thermophilus	13.3736222015
PWY-6317: D-galactose degradation I (Leloir pathway)|g__Streptococcus.s__Streptococcus_parasanguinis	13.3623995119
PWY-6317: D-galactose degradation I (Leloir pathway)|g__Roseburia.s__Roseburia_inulinivorans	11.4944319035
PWY-6317: D-galactose degradation I (Leloir pathway)|g__Streptococcus.s__Streptococcus_salivarius	9.9671690407
PWY-6317: D-galactose degradation I (Leloir pathway)|g__Streptococcus.s__Streptococcus_pneumoniae	8.5879545500
NONOXIPENT-PWY: pentose phosphate pathway (non-oxidative branch) I	9840.3277821476
NONOXIPENT-PWY: pentose phosphate pathway (non-oxidative branch) I|unclassified	1893.3051750221
NONOXIPENT-PWY: pentose phosphate pathway (non-oxidative branch) I|g__Prevotella.s__Prevotella_copri	1188.1263386602
NONOXIPENT-PWY: pentose phosphate pathway (non-oxidative branch) I|g__Blautia.s__Ruminococcus_torques	543.6848083941
NONOXIPENT-PWY: pentose phosphate pathway (non-oxidative branch) I|g__Lachnospiraceae_unclassified.s__Eubacterium_rectale	450.1553179543
NONOXIPENT-PWY: pentose phosphate pathway (non-oxidative branch) I|g__Fusicatenibacter.s__Fusicatenibacter_saccharivorans	412.8733036646
NONOXIPENT-PWY: pentose phosphate pathway (non-oxidative branch) I|g__Eubacterium.s__Eubacterium_hallii	384.2706742155
NONOXIPENT-PWY: pentose phosphate pathway (non-oxidative branch) I|g__Collinsella.s__Collinsella_aerofaciens	375.0066693974
NONOXIPENT-PWY: pentose phosphate pathway (non-oxidative branch) I|g__Anaerostipes.s__Anaerostipes_hadrus	323.8046944523
NONOXIPENT-PWY: pentose phosphate pathway (non-oxidative branch) I|g__Lachnospira.s__Lachnospira_pectinoschiza	177.0687102436
NONOXIPENT-PWY: pentose phosphate pathway (non-oxidative branch) I|g__Blautia.s__Blautia_obeum	134.1423967488
NONOXIPENT-PWY: pentose phosphate pathway (non-oxidative branch) I|g__Blautia.s__Blautia_wexlerae	133.0361084157
NONOXIPENT-PWY: pentose phosphate pathway (non-oxidative branch) I|g__Roseburia.s__Roseburia_faecis	99.4361348012
NONOXIPENT-PWY: pentose phosphate pathway (non-oxidative branch) I|g__Bifidobacterium.s__Bifidobacterium_bifidum	79.8656860285
NONOXIPENT-PWY: pentose phosphate pathway (non-oxidative branch) I|g__Agathobaculum.s__Agathobaculum_butyriciproducens	63.2500201776
NONOXIPENT-PWY: pentose phosphate pathway (non-oxidative branch) I|g__Blautia.s__Blautia_sp_AF19_10LB	62.9978038860
NONOXIPENT-PWY: pentose phosphate pathway (non-oxidative branch) I|g__Blautia.s__Blautia_sp	59.4551187253
NONOXIPENT-PWY: pentose phosphate pathway (non-oxidative branch) I|g__Roseburia.s__Roseburia_intestinalis	59.1280166394
NONOXIPENT-PWY: pentose phosphate pathway (non-oxidative branch) I|g__Parabacteroides.s__Parabacteroides_distasonis	38.7632339562
NONOXIPENT-PWY: pentose phosphate pathway (non-oxidative branch) I|g__Clostridiales_unclassified.s__Clostridiales_bacterium_KLE1615	34.7154493739
NONOXIPENT-PWY: pentose phosphate pathway (non-oxidative branch) I|g__Coprococcus.s__Coprococcus_catus	30.2223794698
NONOXIPENT-PWY: pentose phosphate pathway (non-oxidative branch) I|g__Intestinibacter.s__Intestinibacter_bartlettii	27.2321949867
NONOXIPENT-PWY: pentose phosphate pathway (non-oxidative branch) I|g__Roseburia.s__Roseburia_hominis	17.4294841216
NONOXIPENT-PWY: pentose phosphate pathway (non-oxidative branch) I|g__Lachnoclostridium.s__Clostridium_citroniae	16.9264605085
NONOXIPENT-PWY: pentose phosphate pathway (non-oxidative branch) I|g__Dorea.s__Dorea_longicatena	15.9157254227
NONOXIPENT-PWY: pentose phosphate pathway (non-oxidative branch) I|g__Erysipelatoclostridium.s__Clostridium_innocuum	14.4825838486
NONOXIPENT-PWY: pentose phosphate pathway (non-oxidative branch) I|g__Bacteroides.s__Bacteroides_salyersiae	14.3345093783
NONOXIPENT-PWY: pentose phosphate pathway (non-oxidative branch) I|g__Bacteroides.s__Bacteroides_cellulosilyticus	12.4591745269
NONOXIPENT-PWY: pentose phosphate pathway (non-oxidative branch) I|g__Streptococcus.s__Streptococcus_thermophilus	11.4697288425
NONOXIPENT-PWY: pentose phosphate pathway (non-oxidative branch) I|g__Streptococcus.s__Streptococcus_salivarius	8.6897281177
NONOXIPENT-PWY: pentose phosphate pathway (non-oxidative branch) I|g__Bacteroides.s__Bacteroides_fragilis	3.7279749442
NONOXIPENT-PWY: pentose phosphate pathway (non-oxidative branch) I|g__Streptococcus.s__Streptococcus_pneumoniae	3.5379624040
NONOXIPENT-PWY: pentose phosphate pathway (non-oxidative branch) I|g__Faecalibacterium.s__Faecalibacterium_prausnitzii	2.0680810918
OANTIGEN-PWY: O-antigen building blocks biosynthesis (E. coli)	9823.2094064503
OANTIGEN-PWY: O-antigen building blocks biosynthesis (E. coli)|unclassified	2068.6319914947
OANTIGEN-PWY: O-antigen building blocks biosynthesis (E. coli)|g__Collinsella.s__Collinsella_aerofaciens	307.9858522300
OANTIGEN-PWY: O-antigen building blocks biosynthesis (E. coli)|g__Ruminococcus.s__Ruminococcus_sp_CAG_177	213.4521591333
OANTIGEN-PWY: O-antigen building blocks biosynthesis (E. coli)|g__Bifidobacterium.s__Bifidobacterium_bifidum	23.7347892876
OANTIGEN-PWY: O-antigen building blocks biosynthesis (E. coli)|g__Streptococcus.s__Streptococcus_parasanguinis	8.7695046935
OANTIGEN-PWY: O-antigen building blocks biosynthesis (E. coli)|g__Streptococcus.s__Streptococcus_thermophilus	6.3601858625
PWY0-1586: peptidoglycan maturation (meso-diaminopimelate containing)	9822.1890212048
PWY0-1586: peptidoglycan maturation (meso-diaminopimelate containing)|g__Ruminococcus.s__Ruminococcus_bicirculans	882.7595953215
PWY0-1586: peptidoglycan maturation (meso-diaminopimelate containing)|unclassified	791.8314146048
PWY0-1586: peptidoglycan maturation (meso-diaminopimelate containing)|g__Ruminococcaceae_unclassified.s__Clostridium_leptum	790.7865228111
PWY0-1586: peptidoglycan maturation (meso-diaminopimelate containing)|g__Prevotella.s__Prevotella_copri	704.7006780378
PWY0-1586: peptidoglycan maturation (meso-diaminopimelate containing)|g__Lachnospiraceae_unclassified.s__Eubacterium_rectale	439.3741622261
PWY0-1586: peptidoglycan maturation (meso-diaminopimelate containing)|g__Anaerostipes.s__Anaerostipes_hadrus	356.5219951094
PWY0-1586: peptidoglycan maturation (meso-diaminopimelate containing)|g__Blautia.s__Ruminococcus_torques	311.7481821248
PWY0-1586: peptidoglycan maturation (meso-diaminopimelate containing)|g__Lachnospira.s__Lachnospira_pectinoschiza	232.7544837274
PWY0-1586: peptidoglycan maturation (meso-diaminopimelate containing)|g__Bacteroides.s__Bacteroides_vulgatus	218.0053608071
PWY0-1586: peptidoglycan maturation (meso-diaminopimelate containing)|g__Collinsella.s__Collinsella_aerofaciens	195.9163873444
PWY0-1586: peptidoglycan maturation (meso-diaminopimelate containing)|g__Sutterella.s__Sutterella_wadsworthensis	174.3468298414
PWY0-1586: peptidoglycan maturation (meso-diaminopimelate containing)|g__Eubacterium.s__Eubacterium_hallii	126.4113794073
PWY0-1586: peptidoglycan maturation (meso-diaminopimelate containing)|g__Bacteroides.s__Bacteroides_dorei	85.9937914524
PWY0-1586: peptidoglycan maturation (meso-diaminopimelate containing)|g__Bacteroides.s__Bacteroides_uniformis	81.3974192338
PWY0-1586: peptidoglycan maturation (meso-diaminopimelate containing)|g__Bacteroides.s__Bacteroides_ovatus	68.7440568121
PWY0-1586: peptidoglycan maturation (meso-diaminopimelate containing)|g__Bacteroides.s__Bacteroides_faecis	36.5829930464
PWY0-1586: peptidoglycan maturation (meso-diaminopimelate containing)|g__Agathobaculum.s__Agathobaculum_butyriciproducens	29.7234370842
PWY0-1586: peptidoglycan maturation (meso-diaminopimelate containing)|g__Streptococcus.s__Streptococcus_thermophilus	29.0453525749
PWY0-1586: peptidoglycan maturation (meso-diaminopimelate containing)|g__Odoribacter.s__Odoribacter_splanchnicus	28.2165987111
PWY0-1586: peptidoglycan maturation (meso-diaminopimelate containing)|g__Streptococcus.s__Streptococcus_salivarius	14.7153224409
PWY0-1586: peptidoglycan maturation (meso-diaminopimelate containing)|g__Turicibacter.s__Turicibacter_sanguinis	13.6222849500
PWY0-1586: peptidoglycan maturation (meso-diaminopimelate containing)|g__Bacteroides.s__Bacteroides_fragilis	12.1022746011
PWY0-1586: peptidoglycan maturation (meso-diaminopimelate containing)|g__Parasutterella.s__Parasutterella_excrementihominis	10.1799497993
PWY0-1586: peptidoglycan maturation (meso-diaminopimelate containing)|g__Veillonella.s__Veillonella_atypica	6.6383465836
PWY0-1586: peptidoglycan maturation (meso-diaminopimelate containing)|g__Streptococcus.s__Streptococcus_parasanguinis	5.5618324877
PWY0-1586: peptidoglycan maturation (meso-diaminopimelate containing)|g__Streptococcus.s__Streptococcus_pneumoniae	2.2241136208
PANTO-PWY: phosphopantothenate biosynthesis I	9595.2345707644
PANTO-PWY: phosphopantothenate biosynthesis I|unclassified	2644.5058685352
PANTO-PWY: phosphopantothenate biosynthesis I|g__Akkermansia.s__Akkermansia_muciniphila	417.2008959614
PANTO-PWY: phosphopantothenate biosynthesis I|g__Anaerostipes.s__Anaerostipes_hadrus	367.5030086277
PANTO-PWY: phosphopantothenate biosynthesis I|g__Bacteroides.s__Bacteroides_vulgatus	303.2102780813
PANTO-PWY: phosphopantothenate biosynthesis I|g__Barnesiella.s__Barnesiella_intestinihominis	299.8365853719
PANTO-PWY: phosphopantothenate biosynthesis I|g__Phascolarctobacterium.s__Phascolarctobacterium_faecium	257.8863862165
PANTO-PWY: phosphopantothenate biosynthesis I|g__Blautia.s__Ruminococcus_torques	256.9894529989
PANTO-PWY: phosphopantothenate biosynthesis I|g__Lachnospiraceae_unclassified.s__Eubacterium_rectale	233.6999355006
PANTO-PWY: phosphopantothenate biosynthesis I|g__Bacteroides.s__Bacteroides_massiliensis	210.3464699422
PANTO-PWY: phosphopantothenate biosynthesis I|g__Eubacterium.s__Eubacterium_hallii	149.3300091300
PANTO-PWY: phosphopantothenate biosynthesis I|g__Ruminococcus.s__Ruminococcus_callidus	136.3322690660
PANTO-PWY: phosphopantothenate biosynthesis I|g__Dorea.s__Dorea_longicatena	121.6959410882
PANTO-PWY: phosphopantothenate biosynthesis I|g__Roseburia.s__Roseburia_sp_CAG_380	119.8329034206
PANTO-PWY: phosphopantothenate biosynthesis I|g__Clostridium.s__Clostridium_sp_AF36_4	114.9415541892
PANTO-PWY: phosphopantothenate biosynthesis I|g__Bacteroides.s__Bacteroides_dorei	100.3833416443
PANTO-PWY: phosphopantothenate biosynthesis I|g__Blautia.s__Blautia_obeum	85.8645327195
PANTO-PWY: phosphopantothenate biosynthesis I|g__Bacteroides.s__Bacteroides_caccae	85.8044948666
PANTO-PWY: phosphopantothenate biosynthesis I|g__Bacteroides.s__Bacteroides_uniformis	83.7988179834
PANTO-PWY: phosphopantothenate biosynthesis I|g__Blautia.s__Blautia_wexlerae	82.4829745780
PANTO-PWY: phosphopantothenate biosynthesis I|g__Roseburia.s__Roseburia_faecis	75.7746357014
PANTO-PWY: phosphopantothenate biosynthesis I|g__Agathobaculum.s__Agathobaculum_butyriciproducens	74.0485633981
PANTO-PWY: phosphopantothenate biosynthesis I|g__Bacteroides.s__Bacteroides_ovatus	70.2596698805
PANTO-PWY: phosphopantothenate biosynthesis I|g__Senegalimassilia.s__Senegalimassilia_anaerobia	69.1552071362
PANTO-PWY: phosphopantothenate biosynthesis I|g__Alistipes.s__Alistipes_onderdonkii	67.8039437468
PANTO-PWY: phosphopantothenate biosynthesis I|g__Parabacteroides.s__Parabacteroides_merdae	63.7818264365
PANTO-PWY: phosphopantothenate biosynthesis I|g__Alistipes.s__Alistipes_indistinctus	59.2906800425
PANTO-PWY: phosphopantothenate biosynthesis I|g__Firmicutes_unclassified.s__Firmicutes_bacterium_CAG_114	56.0636682450
PANTO-PWY: phosphopantothenate biosynthesis I|g__Bacteroides.s__Bacteroides_cellulosilyticus	51.9559160231
PANTO-PWY: phosphopantothenate biosynthesis I|g__Coprococcus.s__Coprococcus_comes	45.7327412757
PANTO-PWY: phosphopantothenate biosynthesis I|g__Blautia.s__Blautia_sp	41.6720494174
PANTO-PWY: phosphopantothenate biosynthesis I|g__Roseburia.s__Roseburia_intestinalis	37.8907661973
PANTO-PWY: phosphopantothenate biosynthesis I|g__Bacteroides.s__Bacteroides_faecis	36.3507656085
PANTO-PWY: phosphopantothenate biosynthesis I|g__Parabacteroides.s__Parabacteroides_distasonis	35.8299006429
PANTO-PWY: phosphopantothenate biosynthesis I|g__Firmicutes_unclassified.s__Firmicutes_bacterium_CAG_41	29.7103701825
PANTO-PWY: phosphopantothenate biosynthesis I|g__Bacteroides.s__Bacteroides_salyersiae	27.1885157593
PANTO-PWY: phosphopantothenate biosynthesis I|g__Slackia.s__Slackia_isoflavoniconvertens	24.2451712916
PANTO-PWY: phosphopantothenate biosynthesis I|g__Bilophila.s__Bilophila_wadsworthia	22.3264595028
PANTO-PWY: phosphopantothenate biosynthesis I|g__Roseburia.s__Roseburia_hominis	22.1271217284
PANTO-PWY: phosphopantothenate biosynthesis I|g__Eggerthella.s__Eggerthella_sp_CAG_298	22.0277717019
PANTO-PWY: phosphopantothenate biosynthesis I|g__Dorea.s__Dorea_formicigenerans	21.4427360616
PANTO-PWY: phosphopantothenate biosynthesis I|g__Intestinibacter.s__Intestinibacter_bartlettii	20.4867149309
PANTO-PWY: phosphopantothenate biosynthesis I|g__Odoribacter.s__Odoribacter_splanchnicus	20.0654355426
PANTO-PWY: phosphopantothenate biosynthesis I|g__Asaccharobacter.s__Asaccharobacter_celatus	18.7401972589
PANTO-PWY: phosphopantothenate biosynthesis I|g__Bacteroides.s__Bacteroides_sp_CAG_144	17.7734825136
PANTO-PWY: phosphopantothenate biosynthesis I|g__Bacteroides.s__Bacteroides_fragilis	16.0370925663
PANTO-PWY: phosphopantothenate biosynthesis I|g__Butyricimonas.s__Butyricimonas_synergistica	13.2170909183
PANTO-PWY: phosphopantothenate biosynthesis I|g__Prevotella.s__Prevotella_sp_CAG_485	12.6761214214
PANTO-PWY: phosphopantothenate biosynthesis I|g__Butyricimonas.s__Butyricimonas_virosa	6.9689684933
PANTO-PWY: phosphopantothenate biosynthesis I|g__Eubacterium.s__Eubacterium_sp_CAG_38	6.2134047601
PANTO-PWY: phosphopantothenate biosynthesis I|g__Alistipes.s__Alistipes_finegoldii	3.3711221115
PWY-6270: isoprene biosynthesis I	9285.3354815914
PWY-6270: isoprene biosynthesis I|unclassified	595.2063513428
PWY-6270: isoprene biosynthesis I|g__Blautia.s__Ruminococcus_torques	394.8793920521
PWY-6270: isoprene biosynthesis I|g__Anaerostipes.s__Anaerostipes_hadrus	254.8237853756
PWY-6270: isoprene biosynthesis I|g__Fusicatenibacter.s__Fusicatenibacter_saccharivorans	239.2591540142
PWY-6270: isoprene biosynthesis I|g__Blautia.s__Blautia_wexlerae	193.5378501314
PWY-6270: isoprene biosynthesis I|g__Collinsella.s__Collinsella_aerofaciens	188.8583010938
PWY-6270: isoprene biosynthesis I|g__Phascolarctobacterium.s__Phascolarctobacterium_faecium	188.1838061200
PWY-6270: isoprene biosynthesis I|g__Eubacterium.s__Eubacterium_hallii	141.8652021072
PWY-6270: isoprene biosynthesis I|g__Dorea.s__Dorea_longicatena	102.8948951378
PWY-6270: isoprene biosynthesis I|g__Blautia.s__Blautia_obeum	63.7305749677
PWY-6270: isoprene biosynthesis I|g__Coprococcus.s__Coprococcus_comes	38.3926958920
PWY-6270: isoprene biosynthesis I|g__Bacteroides.s__Bacteroides_faecis	33.0279274530
PWY-6270: isoprene biosynthesis I|g__Bacteroides.s__Bacteroides_cellulosilyticus	23.9482461253
PWY-6270: isoprene biosynthesis I|g__Bacteroides.s__Bacteroides_ovatus	23.6828508594
PWY-6270: isoprene biosynthesis I|g__Blautia.s__Blautia_sp_AF19_10LB	19.2534132041
THRESYN-PWY: superpathway of L-threonine biosynthesis	9116.3132456738
THRESYN-PWY: superpathway of L-threonine biosynthesis|unclassified	1242.3102881800
THRESYN-PWY: superpathway of L-threonine biosynthesis|g__Bifidobacterium.s__Bifidobacterium_adolescentis	1081.8364842063
THRESYN-PWY: superpathway of L-threonine biosynthesis|g__Faecalibacterium.s__Faecalibacterium_prausnitzii	659.3625601459
THRESYN-PWY: superpathway of L-threonine biosynthesis|g__Blautia.s__Ruminococcus_torques	329.8464054086
THRESYN-PWY: superpathway of L-threonine biosynthesis|g__Collinsella.s__Collinsella_aerofaciens	233.1332137580
THRESYN-PWY: superpathway of L-threonine biosynthesis|g__Blautia.s__Blautia_obeum	193.1007051821
THRESYN-PWY: superpathway of L-threonine biosynthesis|g__Bifidobacterium.s__Bifidobacterium_bifidum	191.5706210971
THRESYN-PWY: superpathway of L-threonine biosynthesis|g__Bacteroides.s__Bacteroides_massiliensis	180.5589513917
THRESYN-PWY: superpathway of L-threonine biosynthesis|g__Bacteroides.s__Bacteroides_vulgatus	169.5557966549
THRESYN-PWY: superpathway of L-threonine biosynthesis|g__Anaerostipes.s__Anaerostipes_hadrus	143.5459384520
THRESYN-PWY: superpathway of L-threonine biosynthesis|g__Eubacterium.s__Eubacterium_hallii	114.6140950036
THRESYN-PWY: superpathway of L-threonine biosynthesis|g__Bacteroides.s__Bacteroides_dorei	98.2637874379
THRESYN-PWY: superpathway of L-threonine biosynthesis|g__Bifidobacterium.s__Bifidobacterium_longum	51.7080716117
THRESYN-PWY: superpathway of L-threonine biosynthesis|g__Bacteroides.s__Bacteroides_uniformis	47.4715641089
THRESYN-PWY: superpathway of L-threonine biosynthesis|g__Bacteroides.s__Bacteroides_cellulosilyticus	26.2488601663
THRESYN-PWY: superpathway of L-threonine biosynthesis|g__Streptococcus.s__Streptococcus_thermophilus	19.4515199372
THRESYN-PWY: superpathway of L-threonine biosynthesis|g__Streptococcus.s__Streptococcus_pneumoniae	19.3925035545
THRESYN-PWY: superpathway of L-threonine biosynthesis|g__Bacteroides.s__Bacteroides_intestinalis	15.7987222349
THRESYN-PWY: superpathway of L-threonine biosynthesis|g__Bacteroides.s__Bacteroides_fragilis	12.3573639464
THRESYN-PWY: superpathway of L-threonine biosynthesis|g__Streptococcus.s__Streptococcus_parasanguinis	9.5486356295
THRESYN-PWY: superpathway of L-threonine biosynthesis|g__Streptococcus.s__Streptococcus_salivarius	9.0043707686
PWY-6527: stachyose degradation	9016.7585854838
PWY-6527: stachyose degradation|unclassified	1261.2429039337
PWY-6527: stachyose degradation|g__Faecalibacterium.s__Faecalibacterium_prausnitzii	519.5194819009
PWY-6527: stachyose degradation|g__Ruminococcus.s__Ruminococcus_bicirculans	417.9648748675
PWY-6527: stachyose degradation|g__Blautia.s__Blautia_obeum	382.6168878575
PWY-6527: stachyose degradation|g__Blautia.s__Ruminococcus_torques	372.3283356945
PWY-6527: stachyose degradation|g__Blautia.s__Blautia_wexlerae	291.2707444926
PWY-6527: stachyose degradation|g__Fusicatenibacter.s__Fusicatenibacter_saccharivorans	287.1884726742
PWY-6527: stachyose degradation|g__Firmicutes_unclassified.s__Firmicutes_bacterium_CAG_65_45_313	224.8869324429
PWY-6527: stachyose degradation|g__Roseburia.s__Roseburia_sp_CAG_380	148.3491055951
PWY-6527: stachyose degradation|g__Roseburia.s__Roseburia_faecis	117.3507722463
PWY-6527: stachyose degradation|g__Dorea.s__Dorea_longicatena	101.4613408667
PWY-6527: stachyose degradation|g__Lachnospiraceae_unclassified.s__Eubacterium_rectale	100.4300882508
PWY-6527: stachyose degradation|g__Clostridium.s__Clostridium_sp_CAG_75	76.4951683443
PWY-6527: stachyose degradation|g__Eubacterium.s__Eubacterium_hallii	67.1531690037
PWY-6527: stachyose degradation|g__Bifidobacterium.s__Bifidobacterium_longum	43.9888971516
PWY-6527: stachyose degradation|g__Clostridiales_unclassified.s__Clostridiales_bacterium_KLE1615	34.2880082469
PWY-6527: stachyose degradation|g__Roseburia.s__Roseburia_intestinalis	31.7285123101
PWY-6527: stachyose degradation|g__Anaerostipes.s__Anaerostipes_hadrus	23.9963703672
PWY-6527: stachyose degradation|g__Roseburia.s__Roseburia_hominis	22.9826085200
PWY-6527: stachyose degradation|g__Roseburia.s__Roseburia_inulinivorans	9.4648341560
PWY-6527: stachyose degradation|g__Turicibacter.s__Turicibacter_sanguinis	7.8965918815
PWY-7560: methylerythritol phosphate pathway II	8934.7318906221
PWY-7560: methylerythritol phosphate pathway II|unclassified	533.5125888708
PWY-7560: methylerythritol phosphate pathway II|g__Blautia.s__Ruminococcus_torques	412.3537165499
PWY-7560: methylerythritol phosphate pathway II|g__Blautia.s__Blautia_obeum	302.1022344690
PWY-7560: methylerythritol phosphate pathway II|g__Anaerostipes.s__Anaerostipes_hadrus	289.1055755066
PWY-7560: methylerythritol phosphate pathway II|g__Fusicatenibacter.s__Fusicatenibacter_saccharivorans	235.6774985667
PWY-7560: methylerythritol phosphate pathway II|g__Collinsella.s__Collinsella_aerofaciens	216.1261585979
PWY-7560: methylerythritol phosphate pathway II|g__Phascolarctobacterium.s__Phascolarctobacterium_faecium	185.6829005345
PWY-7560: methylerythritol phosphate pathway II|g__Blautia.s__Blautia_wexlerae	182.8849436797
PWY-7560: methylerythritol phosphate pathway II|g__Eubacterium.s__Eubacterium_hallii	150.2827497916
PWY-7560: methylerythritol phosphate pathway II|g__Dorea.s__Dorea_longicatena	106.5333481405
PWY-7560: methylerythritol phosphate pathway II|g__Coprococcus.s__Coprococcus_comes	37.1120036408
PWY-7560: methylerythritol phosphate pathway II|g__Bacteroides.s__Bacteroides_faecis	31.4565358666
PWY-7560: methylerythritol phosphate pathway II|g__Bacteroides.s__Bacteroides_cellulosilyticus	21.9711870063
PWY-7560: methylerythritol phosphate pathway II|g__Bacteroides.s__Bacteroides_ovatus	21.4541679401
PWY-7560: methylerythritol phosphate pathway II|g__Blautia.s__Blautia_sp_AF19_10LB	19.1793133982
HSERMETANA-PWY: L-methionine biosynthesis III	8917.2780036398
HSERMETANA-PWY: L-methionine biosynthesis III|unclassified	1533.2617215940
HSERMETANA-PWY: L-methionine biosynthesis III|g__Bifidobacterium.s__Bifidobacterium_adolescentis	722.8654927941
HSERMETANA-PWY: L-methionine biosynthesis III|g__Ruminococcus.s__Ruminococcus_bicirculans	651.4851397145
HSERMETANA-PWY: L-methionine biosynthesis III|g__Akkermansia.s__Akkermansia_muciniphila	423.2743467845
HSERMETANA-PWY: L-methionine biosynthesis III|g__Blautia.s__Blautia_wexlerae	336.6027854213
HSERMETANA-PWY: L-methionine biosynthesis III|g__Anaerostipes.s__Anaerostipes_hadrus	279.4757875432
HSERMETANA-PWY: L-methionine biosynthesis III|g__Dorea.s__Dorea_longicatena	192.2872008463
HSERMETANA-PWY: L-methionine biosynthesis III|g__Blautia.s__Ruminococcus_torques	168.8828933814
HSERMETANA-PWY: L-methionine biosynthesis III|g__Bifidobacterium.s__Bifidobacterium_bifidum	156.1148359170
HSERMETANA-PWY: L-methionine biosynthesis III|g__Lachnospira.s__Lachnospira_pectinoschiza	130.2647091285
HSERMETANA-PWY: L-methionine biosynthesis III|g__Roseburia.s__Roseburia_faecis	99.8995974115
HSERMETANA-PWY: L-methionine biosynthesis III|g__Fusicatenibacter.s__Fusicatenibacter_saccharivorans	75.3972693055
HSERMETANA-PWY: L-methionine biosynthesis III|g__Blautia.s__Blautia_sp	75.3449646648
HSERMETANA-PWY: L-methionine biosynthesis III|g__Coprococcus.s__Coprococcus_catus	55.2562030920
HSERMETANA-PWY: L-methionine biosynthesis III|g__Blautia.s__Blautia_obeum	50.1752085641
HSERMETANA-PWY: L-methionine biosynthesis III|g__Bifidobacterium.s__Bifidobacterium_longum	46.4912631350
HSERMETANA-PWY: L-methionine biosynthesis III|g__Coprococcus.s__Coprococcus_comes	44.2238159295
HSERMETANA-PWY: L-methionine biosynthesis III|g__Roseburia.s__Roseburia_intestinalis	40.7460822913
HSERMETANA-PWY: L-methionine biosynthesis III|g__Parabacteroides.s__Parabacteroides_distasonis	40.2546019635
HSERMETANA-PWY: L-methionine biosynthesis III|g__Bacteroides.s__Bacteroides_cellulosilyticus	35.7609251587
HSERMETANA-PWY: L-methionine biosynthesis III|g__Bacteroides.s__Bacteroides_fragilis	23.2632122583
HSERMETANA-PWY: L-methionine biosynthesis III|g__Streptococcus.s__Streptococcus_thermophilus	14.9378019341
HSERMETANA-PWY: L-methionine biosynthesis III|g__Eisenbergiella.s__Eisenbergiella_tayi	11.9060891256
HSERMETANA-PWY: L-methionine biosynthesis III|g__Intestinimonas.s__Intestinimonas_butyriciproducens	6.8787922020
HSERMETANA-PWY: L-methionine biosynthesis III|g__Streptococcus.s__Streptococcus_pneumoniae	2.2651449673
PWY-7400: L-arginine biosynthesis IV (archaebacteria)	8785.5529619377
PWY-7400: L-arginine biosynthesis IV (archaebacteria)|unclassified	718.8389076580
PWY-7400: L-arginine biosynthesis IV (archaebacteria)|g__Blautia.s__Ruminococcus_torques	380.3871107948
PWY-7400: L-arginine biosynthesis IV (archaebacteria)|g__Eubacterium.s__Eubacterium_hallii	116.9157334043
PWY-7400: L-arginine biosynthesis IV (archaebacteria)|g__Coprococcus.s__Coprococcus_catus	47.0729551980
PWY-7400: L-arginine biosynthesis IV (archaebacteria)|g__Dorea.s__Dorea_formicigenerans	30.5176681920
PYRIDNUCSYN-PWY: NAD de novo biosynthesis I (from aspartate)	8134.0010283758
PYRIDNUCSYN-PWY: NAD de novo biosynthesis I (from aspartate)|unclassified	817.4862829713
PYRIDNUCSYN-PWY: NAD de novo biosynthesis I (from aspartate)|g__Ruminococcus.s__Ruminococcus_bicirculans	467.5241232509
PYRIDNUCSYN-PWY: NAD de novo biosynthesis I (from aspartate)|g__Bacteroides.s__Bacteroides_vulgatus	303.0516665742
PYRIDNUCSYN-PWY: NAD de novo biosynthesis I (from aspartate)|g__Blautia.s__Ruminococcus_torques	290.5879070284
PYRIDNUCSYN-PWY: NAD de novo biosynthesis I (from aspartate)|g__Anaerostipes.s__Anaerostipes_hadrus	240.3542337949
PYRIDNUCSYN-PWY: NAD de novo biosynthesis I (from aspartate)|g__Bacteroides.s__Bacteroides_massiliensis	178.9216040712
PYRIDNUCSYN-PWY: NAD de novo biosynthesis I (from aspartate)|g__Eubacterium.s__Eubacterium_hallii	138.5597651129
PYRIDNUCSYN-PWY: NAD de novo biosynthesis I (from aspartate)|g__Bifidobacterium.s__Bifidobacterium_bifidum	125.6581572557
PYRIDNUCSYN-PWY: NAD de novo biosynthesis I (from aspartate)|g__Blautia.s__Blautia_obeum	112.3725943845
PYRIDNUCSYN-PWY: NAD de novo biosynthesis I (from aspartate)|g__Bacteroides.s__Bacteroides_dorei	98.8073734439
PYRIDNUCSYN-PWY: NAD de novo biosynthesis I (from aspartate)|g__Dorea.s__Dorea_longicatena	68.2809493947
PYRIDNUCSYN-PWY: NAD de novo biosynthesis I (from aspartate)|g__Bacteroides.s__Bacteroides_uniformis	59.3949261701
PYRIDNUCSYN-PWY: NAD de novo biosynthesis I (from aspartate)|g__Bifidobacterium.s__Bifidobacterium_longum	49.4580270810
PYRIDNUCSYN-PWY: NAD de novo biosynthesis I (from aspartate)|g__Alistipes.s__Alistipes_onderdonkii	48.1792653776
PYRIDNUCSYN-PWY: NAD de novo biosynthesis I (from aspartate)|g__Coprococcus.s__Coprococcus_catus	45.4534836481
PYRIDNUCSYN-PWY: NAD de novo biosynthesis I (from aspartate)|g__Bacteroides.s__Bacteroides_ovatus	44.2290382744
PYRIDNUCSYN-PWY: NAD de novo biosynthesis I (from aspartate)|g__Coprococcus.s__Coprococcus_comes	35.0652695939
PYRIDNUCSYN-PWY: NAD de novo biosynthesis I (from aspartate)|g__Bacteroides.s__Bacteroides_faecis	33.4372596243
PYRIDNUCSYN-PWY: NAD de novo biosynthesis I (from aspartate)|g__Roseburia.s__Roseburia_intestinalis	30.4107496501
PYRIDNUCSYN-PWY: NAD de novo biosynthesis I (from aspartate)|g__Parabacteroides.s__Parabacteroides_distasonis	28.4646504914
PYRIDNUCSYN-PWY: NAD de novo biosynthesis I (from aspartate)|g__Bacteroides.s__Bacteroides_cellulosilyticus	23.1368344203
PYRIDNUCSYN-PWY: NAD de novo biosynthesis I (from aspartate)|g__Alistipes.s__Alistipes_shahii	21.9402781379
PYRIDNUCSYN-PWY: NAD de novo biosynthesis I (from aspartate)|g__Bacteroides.s__Bacteroides_fragilis	15.2778087008
PYRIDNUCSYN-PWY: NAD de novo biosynthesis I (from aspartate)|g__Bacteroides.s__Bacteroides_salyersiae	12.3444865625
RIBOSYN2-PWY: flavin biosynthesis I (bacteria and plants)	8133.0346264327
RIBOSYN2-PWY: flavin biosynthesis I (bacteria and plants)|g__Faecalibacterium.s__Faecalibacterium_prausnitzii	1646.5182119073
RIBOSYN2-PWY: flavin biosynthesis I (bacteria and plants)|unclassified	917.8079295319
RIBOSYN2-PWY: flavin biosynthesis I (bacteria and plants)|g__Blautia.s__Ruminococcus_torques	309.1054737661
RIBOSYN2-PWY: flavin biosynthesis I (bacteria and plants)|g__Bacteroides.s__Bacteroides_vulgatus	287.9602565923
RIBOSYN2-PWY: flavin biosynthesis I (bacteria and plants)|g__Blautia.s__Blautia_obeum	146.4604633965
RIBOSYN2-PWY: flavin biosynthesis I (bacteria and plants)|g__Lachnospira.s__Lachnospira_pectinoschiza	129.1831341041
RIBOSYN2-PWY: flavin biosynthesis I (bacteria and plants)|g__Blautia.s__Blautia_wexlerae	127.1006771931
RIBOSYN2-PWY: flavin biosynthesis I (bacteria and plants)|g__Eubacterium.s__Eubacterium_hallii	124.7544806249
RIBOSYN2-PWY: flavin biosynthesis I (bacteria and plants)|g__Bacteroides.s__Bacteroides_dorei	103.6872186813
RIBOSYN2-PWY: flavin biosynthesis I (bacteria and plants)|g__Lachnospiraceae_unclassified.s__Eubacterium_rectale	98.1328144002
RIBOSYN2-PWY: flavin biosynthesis I (bacteria and plants)|g__Anaerostipes.s__Anaerostipes_hadrus	92.0001054652
RIBOSYN2-PWY: flavin biosynthesis I (bacteria and plants)|g__Bacteroides.s__Bacteroides_caccae	71.2993647529
RIBOSYN2-PWY: flavin biosynthesis I (bacteria and plants)|g__Dorea.s__Dorea_longicatena	63.0355065799
RIBOSYN2-PWY: flavin biosynthesis I (bacteria and plants)|g__Coprococcus.s__Coprococcus_comes	57.3518499008
RIBOSYN2-PWY: flavin biosynthesis I (bacteria and plants)|g__Coprococcus.s__Coprococcus_catus	57.0735947325
RIBOSYN2-PWY: flavin biosynthesis I (bacteria and plants)|g__Agathobaculum.s__Agathobaculum_butyriciproducens	53.8393642088
RIBOSYN2-PWY: flavin biosynthesis I (bacteria and plants)|g__Bacteroides.s__Bacteroides_cellulosilyticus	40.6248705800
RIBOSYN2-PWY: flavin biosynthesis I (bacteria and plants)|g__Odoribacter.s__Odoribacter_splanchnicus	32.4859526053
RIBOSYN2-PWY: flavin biosynthesis I (bacteria and plants)|g__Parabacteroides.s__Parabacteroides_distasonis	28.3777907914
RIBOSYN2-PWY: flavin biosynthesis I (bacteria and plants)|g__Dorea.s__Dorea_formicigenerans	25.8542169921
RIBOSYN2-PWY: flavin biosynthesis I (bacteria and plants)|g__Bacteroides.s__Bacteroides_faecis	24.5525764209
RIBOSYN2-PWY: flavin biosynthesis I (bacteria and plants)|g__Slackia.s__Slackia_isoflavoniconvertens	18.5973142223
RIBOSYN2-PWY: flavin biosynthesis I (bacteria and plants)|g__Bacteroides.s__Bacteroides_salyersiae	17.5515788921
RIBOSYN2-PWY: flavin biosynthesis I (bacteria and plants)|g__Bacteroides.s__Bacteroides_fragilis	11.7822983365
PWY-6897: thiamine diphosphate salvage II	7908.3561423415
PWY-6897: thiamine diphosphate salvage II|g__Prevotella.s__Prevotella_copri	1374.1487414673
PWY-6897: thiamine diphosphate salvage II|g__Faecalibacterium.s__Faecalibacterium_prausnitzii	1307.0104636028
PWY-6897: thiamine diphosphate salvage II|g__Bifidobacterium.s__Bifidobacterium_adolescentis	660.0084837625
PWY-6897: thiamine diphosphate salvage II|unclassified	601.8049772167
PWY-6897: thiamine diphosphate salvage II|g__Lachnospiraceae_unclassified.s__Eubacterium_rectale	196.5486984296
PWY-6897: thiamine diphosphate salvage II|g__Blautia.s__Ruminococcus_torques	97.3482236782
PWY-6897: thiamine diphosphate salvage II|g__Dorea.s__Dorea_longicatena	91.6664369289
PWY-6897: thiamine diphosphate salvage II|g__Bacteroides.s__Bacteroides_uniformis	89.9857761342
PWY-6897: thiamine diphosphate salvage II|g__Eubacterium.s__Eubacterium_hallii	56.4403092014
PWY-6897: thiamine diphosphate salvage II|g__Blautia.s__Blautia_obeum	55.4165237575
PWY-6897: thiamine diphosphate salvage II|g__Agathobaculum.s__Agathobaculum_butyriciproducens	40.8349609688
PWY-6897: thiamine diphosphate salvage II|g__Blautia.s__Blautia_sp_AF19_10LB	14.4113976029
PWY-6897: thiamine diphosphate salvage II|g__Bacteroides.s__Bacteroides_fragilis	8.9292600025
PWY-6897: thiamine diphosphate salvage II|g__Bacteroides.s__Bacteroides_ovatus	8.1713178466
PWY-5154: L-arginine biosynthesis III (via N-acetyl-L-citrulline)	7842.1587187640
PWY-5154: L-arginine biosynthesis III (via N-acetyl-L-citrulline)|g__Alistipes.s__Alistipes_finegoldii	386.0354041903
PWY-5154: L-arginine biosynthesis III (via N-acetyl-L-citrulline)|unclassified	144.2850887261
PWY-5154: L-arginine biosynthesis III (via N-acetyl-L-citrulline)|g__Blautia.s__Ruminococcus_torques	141.4030323630
PWY-5154: L-arginine biosynthesis III (via N-acetyl-L-citrulline)|g__Eubacterium.s__Eubacterium_hallii	89.3935740502
PWY-5154: L-arginine biosynthesis III (via N-acetyl-L-citrulline)|g__Coprococcus.s__Coprococcus_catus	49.1498652373
PWY-5154: L-arginine biosynthesis III (via N-acetyl-L-citrulline)|g__Dorea.s__Dorea_formicigenerans	27.6551442012
PWY-5973: cis-vaccenate biosynthesis	7607.5086049277
PWY-5973: cis-vaccenate biosynthesis|unclassified	753.2771927885
PWY-5973: cis-vaccenate biosynthesis|g__Alistipes.s__Alistipes_finegoldii	430.8767006497
PWY-5973: cis-vaccenate biosynthesis|g__Alistipes.s__Alistipes_onderdonkii	149.0959114903
PWY-5973: cis-vaccenate biosynthesis|g__Blautia.s__Ruminococcus_torques	145.5106462039
PWY-5973: cis-vaccenate biosynthesis|g__Bacteroides.s__Bacteroides_caccae	85.3874527122
PWY-5973: cis-vaccenate biosynthesis|g__Parabacteroides.s__Parabacteroides_merdae	70.3549945052
PWY-5973: cis-vaccenate biosynthesis|g__Bacteroides.s__Bacteroides_cellulosilyticus	69.6585878250
PWY-5973: cis-vaccenate biosynthesis|g__Bacteroides.s__Bacteroides_uniformis	65.6981341241
PWY-5973: cis-vaccenate biosynthesis|g__Bacteroides.s__Bacteroides_ovatus	64.1812255388
PWY-5973: cis-vaccenate biosynthesis|g__Parabacteroides.s__Parabacteroides_distasonis	54.8078062388
PWY-5973: cis-vaccenate biosynthesis|g__Bacteroides.s__Bacteroides_faecis	41.9924170830
PWY-5973: cis-vaccenate biosynthesis|g__Odoribacter.s__Odoribacter_splanchnicus	29.3502459441
PWY-5973: cis-vaccenate biosynthesis|g__Bacteroides.s__Bacteroides_salyersiae	23.2683929546
PWY-5973: cis-vaccenate biosynthesis|g__Bacteroides.s__Bacteroides_fragilis	16.9882208037
PWY-7229: superpathway of adenosine nucleotides de novo biosynthesis I	7523.6867666609
PWY-7229: superpathway of adenosine nucleotides de novo biosynthesis I|unclassified	996.7242031646
PWY-7229: superpathway of adenosine nucleotides de novo biosynthesis I|g__Bacteroides.s__Bacteroides_vulgatus	348.4359760613
PWY-7229: superpathway of adenosine nucleotides de novo biosynthesis I|g__Bacteroides.s__Bacteroides_massiliensis	208.7693647848
PWY-7229: superpathway of adenosine nucleotides de novo biosynthesis I|g__Sutterella.s__Sutterella_wadsworthensis	125.4632753108
PWY-7229: superpathway of adenosine nucleotides de novo biosynthesis I|g__Bacteroides.s__Bacteroides_caccae	97.5268779218
PWY-7229: superpathway of adenosine nucleotides de novo biosynthesis I|g__Bacteroides.s__Bacteroides_dorei	90.4195444713
PWY-7229: superpathway of adenosine nucleotides de novo biosynthesis I|g__Bacteroides.s__Bacteroides_cellulosilyticus	36.2834387626
PWY-7229: superpathway of adenosine nucleotides de novo biosynthesis I|g__Prevotella.s__Prevotella_sp_CAG_485	34.0738386923
PWY-7229: superpathway of adenosine nucleotides de novo biosynthesis I|g__Parabacteroides.s__Parabacteroides_distasonis	25.2827921763
PWY-7229: superpathway of adenosine nucleotides de novo biosynthesis I|g__Odoribacter.s__Odoribacter_splanchnicus	24.5780997912
PWY-7229: superpathway of adenosine nucleotides de novo biosynthesis I|g__Bacteroides.s__Bacteroides_faecis	22.7004191587
PWY-7229: superpathway of adenosine nucleotides de novo biosynthesis I|g__Bacteroides.s__Bacteroides_salyersiae	15.9650992640
PWY-7229: superpathway of adenosine nucleotides de novo biosynthesis I|g__Bilophila.s__Bilophila_wadsworthia	14.5647527918
PWY-7229: superpathway of adenosine nucleotides de novo biosynthesis I|g__Bacteroides.s__Bacteroides_ovatus	12.6981811765
PWY-7229: superpathway of adenosine nucleotides de novo biosynthesis I|g__Bacteroides.s__Bacteroides_fragilis	12.1517731904
UDPNAGSYN-PWY: UDP-N-acetyl-D-glucosamine biosynthesis I	7439.6350804793
UDPNAGSYN-PWY: UDP-N-acetyl-D-glucosamine biosynthesis I|unclassified	1804.2086532550
UDPNAGSYN-PWY: UDP-N-acetyl-D-glucosamine biosynthesis I|g__Bifidobacterium.s__Bifidobacterium_adolescentis	1012.7561106057
UDPNAGSYN-PWY: UDP-N-acetyl-D-glucosamine biosynthesis I|g__Ruminococcus.s__Ruminococcus_bicirculans	559.4920171887
UDPNAGSYN-PWY: UDP-N-acetyl-D-glucosamine biosynthesis I|g__Collinsella.s__Collinsella_aerofaciens	275.4262664507
UDPNAGSYN-PWY: UDP-N-acetyl-D-glucosamine biosynthesis I|g__Ruminococcus.s__Ruminococcus_sp_CAG_177	229.4450708762
UDPNAGSYN-PWY: UDP-N-acetyl-D-glucosamine biosynthesis I|g__Phascolarctobacterium.s__Phascolarctobacterium_faecium	208.8900146595
UDPNAGSYN-PWY: UDP-N-acetyl-D-glucosamine biosynthesis I|g__Ruminococcus.s__Ruminococcus_callidus	193.0839178122
UDPNAGSYN-PWY: UDP-N-acetyl-D-glucosamine biosynthesis I|g__Sutterella.s__Sutterella_wadsworthensis	138.9411469502
UDPNAGSYN-PWY: UDP-N-acetyl-D-glucosamine biosynthesis I|g__Bifidobacterium.s__Bifidobacterium_bifidum	126.1428760850
UDPNAGSYN-PWY: UDP-N-acetyl-D-glucosamine biosynthesis I|g__Eubacterium.s__Eubacterium_sp_CAG_251	76.7858000458
UDPNAGSYN-PWY: UDP-N-acetyl-D-glucosamine biosynthesis I|g__Bifidobacterium.s__Bifidobacterium_longum	60.6367919668
UDPNAGSYN-PWY: UDP-N-acetyl-D-glucosamine biosynthesis I|g__Agathobaculum.s__Agathobaculum_butyriciproducens	54.1086535348
UDPNAGSYN-PWY: UDP-N-acetyl-D-glucosamine biosynthesis I|g__Firmicutes_unclassified.s__Firmicutes_bacterium_CAG_41	53.7574096057
UDPNAGSYN-PWY: UDP-N-acetyl-D-glucosamine biosynthesis I|g__Senegalimassilia.s__Senegalimassilia_anaerobia	41.1594049526
UDPNAGSYN-PWY: UDP-N-acetyl-D-glucosamine biosynthesis I|g__Streptococcus.s__Streptococcus_thermophilus	19.5410754217
UDPNAGSYN-PWY: UDP-N-acetyl-D-glucosamine biosynthesis I|g__Bilophila.s__Bilophila_wadsworthia	18.7703142008
UDPNAGSYN-PWY: UDP-N-acetyl-D-glucosamine biosynthesis I|g__Streptococcus.s__Streptococcus_pneumoniae	17.3233652713
UDPNAGSYN-PWY: UDP-N-acetyl-D-glucosamine biosynthesis I|g__Intestinibacter.s__Intestinibacter_bartlettii	16.4202386523
UDPNAGSYN-PWY: UDP-N-acetyl-D-glucosamine biosynthesis I|g__Turicibacter.s__Turicibacter_sanguinis	14.0166828942
UDPNAGSYN-PWY: UDP-N-acetyl-D-glucosamine biosynthesis I|g__Slackia.s__Slackia_isoflavoniconvertens	12.2784801889
UDPNAGSYN-PWY: UDP-N-acetyl-D-glucosamine biosynthesis I|g__Streptococcus.s__Streptococcus_parasanguinis	10.6897104902
GLUCOSE1PMETAB-PWY: glucose and glucose-1-phosphate degradation	7413.5989361050
GLUCOSE1PMETAB-PWY: glucose and glucose-1-phosphate degradation|g__Eisenbergiella.s__Eisenbergiella_tayi	10.2629534723
SER-GLYSYN-PWY: superpathway of L-serine and glycine biosynthesis I	7355.1356671510
SER-GLYSYN-PWY: superpathway of L-serine and glycine biosynthesis I|g__Bifidobacterium.s__Bifidobacterium_adolescentis	1117.0861354034
SER-GLYSYN-PWY: superpathway of L-serine and glycine biosynthesis I|unclassified	669.3996957137
SER-GLYSYN-PWY: superpathway of L-serine and glycine biosynthesis I|g__Alistipes.s__Alistipes_finegoldii	298.9698148236
SER-GLYSYN-PWY: superpathway of L-serine and glycine biosynthesis I|g__Blautia.s__Ruminococcus_torques	285.2054061429
SER-GLYSYN-PWY: superpathway of L-serine and glycine biosynthesis I|g__Phascolarctobacterium.s__Phascolarctobacterium_faecium	240.9298994870
SER-GLYSYN-PWY: superpathway of L-serine and glycine biosynthesis I|g__Bacteroides.s__Bacteroides_vulgatus	220.4810722880
SER-GLYSYN-PWY: superpathway of L-serine and glycine biosynthesis I|g__Blautia.s__Blautia_wexlerae	219.6447781320
SER-GLYSYN-PWY: superpathway of L-serine and glycine biosynthesis I|g__Anaerostipes.s__Anaerostipes_hadrus	193.7456869123
SER-GLYSYN-PWY: superpathway of L-serine and glycine biosynthesis I|g__Collinsella.s__Collinsella_aerofaciens	189.1418379306
SER-GLYSYN-PWY: superpathway of L-serine and glycine biosynthesis I|g__Eubacterium.s__Eubacterium_hallii	143.2141678872
SER-GLYSYN-PWY: superpathway of L-serine and glycine biosynthesis I|g__Blautia.s__Blautia_obeum	142.9629820097
SER-GLYSYN-PWY: superpathway of L-serine and glycine biosynthesis I|g__Dorea.s__Dorea_longicatena	133.1468956720
SER-GLYSYN-PWY: superpathway of L-serine and glycine biosynthesis I|g__Alistipes.s__Alistipes_onderdonkii	108.0480248976
SER-GLYSYN-PWY: superpathway of L-serine and glycine biosynthesis I|g__Roseburia.s__Roseburia_faecis	88.5956692912
SER-GLYSYN-PWY: superpathway of L-serine and glycine biosynthesis I|g__Bacteroides.s__Bacteroides_dorei	86.1095660597
SER-GLYSYN-PWY: superpathway of L-serine and glycine biosynthesis I|g__Bacteroides.s__Bacteroides_uniformis	81.7333310189
SER-GLYSYN-PWY: superpathway of L-serine and glycine biosynthesis I|g__Bacteroides.s__Bacteroides_caccae	72.6297935295
SER-GLYSYN-PWY: superpathway of L-serine and glycine biosynthesis I|g__Senegalimassilia.s__Senegalimassilia_anaerobia	54.9341600881
SER-GLYSYN-PWY: superpathway of L-serine and glycine biosynthesis I|g__Coprococcus.s__Coprococcus_catus	50.6476648908
SER-GLYSYN-PWY: superpathway of L-serine and glycine biosynthesis I|g__Bacteroides.s__Bacteroides_ovatus	48.2830482635
SER-GLYSYN-PWY: superpathway of L-serine and glycine biosynthesis I|g__Blautia.s__Blautia_sp_AF19_10LB	47.1949903458
SER-GLYSYN-PWY: superpathway of L-serine and glycine biosynthesis I|g__Bifidobacterium.s__Bifidobacterium_longum	42.8093085892
SER-GLYSYN-PWY: superpathway of L-serine and glycine biosynthesis I|g__Roseburia.s__Roseburia_intestinalis	41.0418004309
SER-GLYSYN-PWY: superpathway of L-serine and glycine biosynthesis I|g__Bacteroides.s__Bacteroides_cellulosilyticus	40.2107794145
SER-GLYSYN-PWY: superpathway of L-serine and glycine biosynthesis I|g__Dorea.s__Dorea_formicigenerans	39.8774496449
SER-GLYSYN-PWY: superpathway of L-serine and glycine biosynthesis I|g__Coprococcus.s__Coprococcus_comes	37.5311533808
SER-GLYSYN-PWY: superpathway of L-serine and glycine biosynthesis I|g__Parabacteroides.s__Parabacteroides_distasonis	35.5377769341
SER-GLYSYN-PWY: superpathway of L-serine and glycine biosynthesis I|g__Alistipes.s__Alistipes_shahii	34.3043401048
SER-GLYSYN-PWY: superpathway of L-serine and glycine biosynthesis I|g__Bacteroides.s__Bacteroides_faecis	29.9570275424
SER-GLYSYN-PWY: superpathway of L-serine and glycine biosynthesis I|g__Blautia.s__Blautia_sp	29.0906807248
SER-GLYSYN-PWY: superpathway of L-serine and glycine biosynthesis I|g__Bacteroides.s__Bacteroides_fragilis	27.8121298925
SER-GLYSYN-PWY: superpathway of L-serine and glycine biosynthesis I|g__Bacteroides.s__Bacteroides_salyersiae	14.4365881467
SER-GLYSYN-PWY: superpathway of L-serine and glycine biosynthesis I|g__Eggerthella.s__Eggerthella_sp_CAG_298	13.7653089287
SER-GLYSYN-PWY: superpathway of L-serine and glycine biosynthesis I|g__Streptococcus.s__Streptococcus_thermophilus	13.2398698304
SER-GLYSYN-PWY: superpathway of L-serine and glycine biosynthesis I|g__Slackia.s__Slackia_isoflavoniconvertens	11.2735597031
SER-GLYSYN-PWY: superpathway of L-serine and glycine biosynthesis I|g__Adlercreutzia.s__Adlercreutzia_equolifaciens	9.6742737517
SER-GLYSYN-PWY: superpathway of L-serine and glycine biosynthesis I|g__Intestinimonas.s__Intestinimonas_butyriciproducens	6.8014061980
SER-GLYSYN-PWY: superpathway of L-serine and glycine biosynthesis I|g__Raoultella.s__Raoultella_planticola	6.1657057593
SER-GLYSYN-PWY: superpathway of L-serine and glycine biosynthesis I|g__Streptococcus.s__Streptococcus_pneumoniae	6.1212976473
SER-GLYSYN-PWY: superpathway of L-serine and glycine biosynthesis I|g__Dorea.s__Dorea_sp_OM02_2LB	3.3801854354
SER-GLYSYN-PWY: superpathway of L-serine and glycine biosynthesis I|g__Asaccharobacter.s__Asaccharobacter_celatus	3.3411341406
SER-GLYSYN-PWY: superpathway of L-serine and glycine biosynthesis I|g__Lachnoclostridium.s__Clostridium_citroniae	2.6056516505
THISYN-PWY: superpathway of thiamine diphosphate biosynthesis I	7051.5163052080
THISYN-PWY: superpathway of thiamine diphosphate biosynthesis I|unclassified	577.0066070296
THISYN-PWY: superpathway of thiamine diphosphate biosynthesis I|g__Bacteroides.s__Bacteroides_uniformis	91.5332389066
THISYN-PWY: superpathway of thiamine diphosphate biosynthesis I|g__Bacteroides.s__Bacteroides_ovatus	21.3594008852
THISYN-PWY: superpathway of thiamine diphosphate biosynthesis I|g__Bacteroides.s__Bacteroides_fragilis	8.5643812772
PWY-6703: preQ0 biosynthesis	7015.4774437385
PWY-6703: preQ0 biosynthesis|g__Prevotella.s__Prevotella_copri	1355.7219984568
PWY-6703: preQ0 biosynthesis|unclassified	1022.6278927755
PWY-6703: preQ0 biosynthesis|g__Akkermansia.s__Akkermansia_muciniphila	466.9726503123
PWY-6703: preQ0 biosynthesis|g__Bacteroides.s__Bacteroides_vulgatus	272.5507694008
PWY-6703: preQ0 biosynthesis|g__Barnesiella.s__Barnesiella_intestinihominis	254.7706632714
PWY-6703: preQ0 biosynthesis|g__Anaerostipes.s__Anaerostipes_hadrus	248.6233565013
PWY-6703: preQ0 biosynthesis|g__Bacteroides.s__Bacteroides_massiliensis	229.3051685983
PWY-6703: preQ0 biosynthesis|g__Phascolarctobacterium.s__Phascolarctobacterium_faecium	196.8955413204
PWY-6703: preQ0 biosynthesis|g__Ruminococcus.s__Ruminococcus_callidus	166.7961042211
PWY-6703: preQ0 biosynthesis|g__Lachnospira.s__Lachnospira_pectinoschiza	120.0194760555
PWY-6703: preQ0 biosynthesis|g__Blautia.s__Blautia_sp	117.2430357184
PWY-6703: preQ0 biosynthesis|g__Bacteroides.s__Bacteroides_caccae	108.4660514358
PWY-6703: preQ0 biosynthesis|g__Bacteroides.s__Bacteroides_uniformis	86.9974900366
PWY-6703: preQ0 biosynthesis|g__Bacteroides.s__Bacteroides_dorei	86.4276569599
PWY-6703: preQ0 biosynthesis|g__Eubacterium.s__Eubacterium_hallii	84.3568533375
PWY-6703: preQ0 biosynthesis|g__Blautia.s__Blautia_sp_CAG_52	81.8454072643
PWY-6703: preQ0 biosynthesis|g__Parabacteroides.s__Parabacteroides_merdae	66.4451396997
PWY-6703: preQ0 biosynthesis|g__Clostridium.s__Clostridium_sp_CAG_75	61.3380693201
PWY-6703: preQ0 biosynthesis|g__Blautia.s__Blautia_obeum	59.9852371382
PWY-6703: preQ0 biosynthesis|g__Blautia.s__Ruminococcus_torques	58.9862997312
PWY-6703: preQ0 biosynthesis|g__Firmicutes_unclassified.s__Firmicutes_bacterium_CAG_41	56.3224626865
PWY-6703: preQ0 biosynthesis|g__Senegalimassilia.s__Senegalimassilia_anaerobia	54.5118554662
PWY-6703: preQ0 biosynthesis|g__Bacteroides.s__Bacteroides_faecis	44.0260421882
PWY-6703: preQ0 biosynthesis|g__Bacteroides.s__Bacteroides_fragilis	41.7113055341
PWY-6703: preQ0 biosynthesis|g__Parabacteroides.s__Parabacteroides_distasonis	40.9081116852
PWY-6703: preQ0 biosynthesis|g__Intestinibacter.s__Intestinibacter_bartlettii	35.3914077592
PWY-6703: preQ0 biosynthesis|g__Coprococcus.s__Coprococcus_catus	35.1996872211
PWY-6703: preQ0 biosynthesis|g__Odoribacter.s__Odoribacter_splanchnicus	29.1142178531
PWY-6703: preQ0 biosynthesis|g__Bilophila.s__Bilophila_wadsworthia	25.0738130083
PWY-6703: preQ0 biosynthesis|g__Bacteroides.s__Bacteroides_cellulosilyticus	23.2944531762
PWY-6703: preQ0 biosynthesis|g__Eggerthella.s__Eggerthella_sp_CAG_298	23.1661743993
PWY-6703: preQ0 biosynthesis|g__Bacteroides.s__Bacteroides_sp_CAG_144	20.8416697670
PWY-6703: preQ0 biosynthesis|g__Butyricimonas.s__Butyricimonas_synergistica	19.7851590060
PWY-6703: preQ0 biosynthesis|g__Bacteroides.s__Bacteroides_ovatus	17.0342081864
PWY-6703: preQ0 biosynthesis|g__Bacteroides.s__Bacteroides_salyersiae	15.1453086570
PWY-6703: preQ0 biosynthesis|g__Streptococcus.s__Streptococcus_salivarius	11.1497899057
PWY-6703: preQ0 biosynthesis|g__Streptococcus.s__Streptococcus_thermophilus	7.9309672073
PWY-6703: preQ0 biosynthesis|g__Victivallales_unclassified.s__Victivallales_bacterium_CCUG_44730	7.1126116948
PWY-6703: preQ0 biosynthesis|g__Coprobacter.s__Coprobacter_secundus	6.9598928325
PWY-6703: preQ0 biosynthesis|g__Streptococcus.s__Streptococcus_pneumoniae	3.2557090318
PWY-6628: superpathway of L-phenylalanine biosynthesis	6969.3289364721
PWY-6628: superpathway of L-phenylalanine biosynthesis|unclassified	358.5218877059
PWY-6628: superpathway of L-phenylalanine biosynthesis|g__Bifidobacterium.s__Bifidobacterium_longum	47.2474271430
PWY-6628: superpathway of L-phenylalanine biosynthesis|g__Streptococcus.s__Streptococcus_salivarius	7.0584883282
PWY-7237: myo-, chiro- and scyllo-inositol degradation	6859.5135113007
PWY-7237: myo-, chiro- and scyllo-inositol degradation|unclassified	1016.1383518413
PWY-7237: myo-, chiro- and scyllo-inositol degradation|g__Anaerostipes.s__Anaerostipes_hadrus	477.7525479105
PWY-7237: myo-, chiro- and scyllo-inositol degradation|g__Blautia.s__Blautia_obeum	302.4385474922
PWY-7237: myo-, chiro- and scyllo-inositol degradation|g__Agathobaculum.s__Agathobaculum_butyriciproducens	201.6219083978
PWY-7237: myo-, chiro- and scyllo-inositol degradation|g__Blautia.s__Blautia_sp	90.2548312668
PWY-7663: gondoate biosynthesis (anaerobic)	6691.4596089711
PWY-7663: gondoate biosynthesis (anaerobic)|unclassified	635.5049963647
PWY-7663: gondoate biosynthesis (anaerobic)|g__Alistipes.s__Alistipes_finegoldii	455.2327179957
PWY-7663: gondoate biosynthesis (anaerobic)|g__Bacteroides.s__Bacteroides_vulgatus	175.5299712909
PWY-7663: gondoate biosynthesis (anaerobic)|g__Alistipes.s__Alistipes_onderdonkii	132.1796654299
PWY-7663: gondoate biosynthesis (anaerobic)|g__Bacteroides.s__Bacteroides_caccae	85.2135428119
PWY-7663: gondoate biosynthesis (anaerobic)|g__Bacteroides.s__Bacteroides_cellulosilyticus	71.6622029618
PWY-7663: gondoate biosynthesis (anaerobic)|g__Parabacteroides.s__Parabacteroides_merdae	68.3763151252
PWY-7663: gondoate biosynthesis (anaerobic)|g__Bacteroides.s__Bacteroides_uniformis	64.0216397170
PWY-7663: gondoate biosynthesis (anaerobic)|g__Bacteroides.s__Bacteroides_ovatus	63.2421683699
PWY-7663: gondoate biosynthesis (anaerobic)|g__Parabacteroides.s__Parabacteroides_distasonis	53.1398839528
PWY-7663: gondoate biosynthesis (anaerobic)|g__Bacteroides.s__Bacteroides_faecis	43.2222438407
PWY-7663: gondoate biosynthesis (anaerobic)|g__Bifidobacterium.s__Bifidobacterium_longum	43.2178303866
PWY-7663: gondoate biosynthesis (anaerobic)|g__Odoribacter.s__Odoribacter_splanchnicus	32.3725888195
PWY-7663: gondoate biosynthesis (anaerobic)|g__Bacteroides.s__Bacteroides_salyersiae	26.9876011763
PWY-7663: gondoate biosynthesis (anaerobic)|g__Bacteroides.s__Bacteroides_fragilis	17.4802050171
PWY-7663: gondoate biosynthesis (anaerobic)|g__Streptococcus.s__Streptococcus_salivarius	14.7969236725
PWY-841: superpathway of purine nucleotides de novo biosynthesis I	6421.1471374378
PWY-841: superpathway of purine nucleotides de novo biosynthesis I|unclassified	870.9414533652
PWY-841: superpathway of purine nucleotides de novo biosynthesis I|g__Sutterella.s__Sutterella_wadsworthensis	116.0082458824
PWY-6936: seleno-amino acid biosynthesis (plants)	6037.0475722990
PWY-6936: seleno-amino acid biosynthesis (plants)|g__Ruminococcus.s__Ruminococcus_bicirculans	546.2314344571
PWY-6936: seleno-amino acid biosynthesis (plants)|g__Anaerostipes.s__Anaerostipes_hadrus	302.1018304957
PWY-6936: seleno-amino acid biosynthesis (plants)|g__Ruminococcus.s__Ruminococcus_callidus	175.9801077029
PWY-6936: seleno-amino acid biosynthesis (plants)|unclassified	140.2316315957
PWY-6936: seleno-amino acid biosynthesis (plants)|g__Lachnospira.s__Lachnospira_pectinoschiza	122.7752001299
PWY-6936: seleno-amino acid biosynthesis (plants)|g__Blautia.s__Ruminococcus_torques	116.6338784085
PWY-6936: seleno-amino acid biosynthesis (plants)|g__Agathobaculum.s__Agathobaculum_butyriciproducens	74.7478200484
PWY-6936: seleno-amino acid biosynthesis (plants)|g__Fusicatenibacter.s__Fusicatenibacter_saccharivorans	54.0561442327
PWY-6936: seleno-amino acid biosynthesis (plants)|g__Coprococcus.s__Coprococcus_comes	50.7664833096
PWY-6936: seleno-amino acid biosynthesis (plants)|g__Eubacterium.s__Eubacterium_sp_36_13	41.0062655174
PWY-6936: seleno-amino acid biosynthesis (plants)|g__Dorea.s__Dorea_formicigenerans	33.4373837106
PWY-6936: seleno-amino acid biosynthesis (plants)|g__Streptococcus.s__Streptococcus_salivarius	25.2460959285
PWY-6936: seleno-amino acid biosynthesis (plants)|g__Streptococcus.s__Streptococcus_thermophilus	17.1564537013
PWY-6936: seleno-amino acid biosynthesis (plants)|g__Dorea.s__Dorea_longicatena	16.8567094672
PWY-6936: seleno-amino acid biosynthesis (plants)|g__Streptococcus.s__Streptococcus_pneumoniae	7.3727582507
P41-PWY: pyruvate fermentation to acetate and (S)-lactate I	5871.0572531330
P41-PWY: pyruvate fermentation to acetate and (S)-lactate I|g__Bifidobacterium.s__Bifidobacterium_adolescentis	805.7293301904
P41-PWY: pyruvate fermentation to acetate and (S)-lactate I|g__Blautia.s__Ruminococcus_torques	304.3104619360
P41-PWY: pyruvate fermentation to acetate and (S)-lactate I|unclassified	284.9310508370
P41-PWY: pyruvate fermentation to acetate and (S)-lactate I|g__Anaerostipes.s__Anaerostipes_hadrus	256.4927552113
P41-PWY: pyruvate fermentation to acetate and (S)-lactate I|g__Collinsella.s__Collinsella_aerofaciens	253.1338685589
P41-PWY: pyruvate fermentation to acetate and (S)-lactate I|g__Fusicatenibacter.s__Fusicatenibacter_saccharivorans	220.4873276997
P41-PWY: pyruvate fermentation to acetate and (S)-lactate I|g__Eubacterium.s__Eubacterium_hallii	207.1149602070
P41-PWY: pyruvate fermentation to acetate and (S)-lactate I|g__Lachnospiraceae_unclassified.s__Eubacterium_rectale	152.5902062477
P41-PWY: pyruvate fermentation to acetate and (S)-lactate I|g__Blautia.s__Blautia_obeum	129.3379676742
P41-PWY: pyruvate fermentation to acetate and (S)-lactate I|g__Blautia.s__Blautia_sp	95.5641074839
P41-PWY: pyruvate fermentation to acetate and (S)-lactate I|g__Bifidobacterium.s__Bifidobacterium_longum	75.5212649875
P41-PWY: pyruvate fermentation to acetate and (S)-lactate I|g__Coprococcus.s__Coprococcus_catus	68.0810835159
P41-PWY: pyruvate fermentation to acetate and (S)-lactate I|g__Agathobaculum.s__Agathobaculum_butyriciproducens	63.1731705383
P41-PWY: pyruvate fermentation to acetate and (S)-lactate I|g__Roseburia.s__Roseburia_faecis	58.9380670469
P41-PWY: pyruvate fermentation to acetate and (S)-lactate I|g__Roseburia.s__Roseburia_intestinalis	51.9489676147
P41-PWY: pyruvate fermentation to acetate and (S)-lactate I|g__Coprococcus.s__Coprococcus_comes	34.7021064781
P41-PWY: pyruvate fermentation to acetate and (S)-lactate I|g__Blautia.s__Blautia_sp_AF19_10LB	24.6197425802
P41-PWY: pyruvate fermentation to acetate and (S)-lactate I|g__Roseburia.s__Roseburia_hominis	22.2617836485
P41-PWY: pyruvate fermentation to acetate and (S)-lactate I|g__Dorea.s__Dorea_formicigenerans	21.7530332556
P41-PWY: pyruvate fermentation to acetate and (S)-lactate I|g__Blautia.s__Blautia_wexlerae	16.8342977163
P41-PWY: pyruvate fermentation to acetate and (S)-lactate I|g__Eubacterium.s__Eubacterium_sp_AF17_7	15.2379222253
P41-PWY: pyruvate fermentation to acetate and (S)-lactate I|g__Turicibacter.s__Turicibacter_sanguinis	9.3294834005
P41-PWY: pyruvate fermentation to acetate and (S)-lactate I|g__Streptococcus.s__Streptococcus_thermophilus	6.6111980732
P41-PWY: pyruvate fermentation to acetate and (S)-lactate I|g__Raoultella.s__Raoultella_planticola	6.5537979921
P41-PWY: pyruvate fermentation to acetate and (S)-lactate I|g__Streptococcus.s__Streptococcus_parasanguinis	2.2060427537
P41-PWY: pyruvate fermentation to acetate and (S)-lactate I|g__Streptococcus.s__Streptococcus_salivarius	2.1012410694
P41-PWY: pyruvate fermentation to acetate and (S)-lactate I|g__Lachnoclostridium.s__Clostridium_citroniae	1.9044762552
PWY-5100: pyruvate fermentation to acetate and lactate II	5871.0572531330
PWY-5100: pyruvate fermentation to acetate and lactate II|g__Bifidobacterium.s__Bifidobacterium_adolescentis	805.7293301904
PWY-5100: pyruvate fermentation to acetate and lactate II|unclassified	466.6394570919
PWY-5100: pyruvate fermentation to acetate and lactate II|g__Anaerostipes.s__Anaerostipes_hadrus	324.1088837272
PWY-5100: pyruvate fermentation to acetate and lactate II|g__Eubacterium.s__Eubacterium_hallii	315.4670558007
PWY-5100: pyruvate fermentation to acetate and lactate II|g__Blautia.s__Ruminococcus_torques	304.3104619360
PWY-5100: pyruvate fermentation to acetate and lactate II|g__Collinsella.s__Collinsella_aerofaciens	253.1338685589
PWY-5100: pyruvate fermentation to acetate and lactate II|g__Fusicatenibacter.s__Fusicatenibacter_saccharivorans	220.4873276997
PWY-5100: pyruvate fermentation to acetate and lactate II|g__Lachnospiraceae_unclassified.s__Eubacterium_rectale	152.5902062477
PWY-5100: pyruvate fermentation to acetate and lactate II|g__Blautia.s__Blautia_obeum	129.3379676742
PWY-5100: pyruvate fermentation to acetate and lactate II|g__Blautia.s__Blautia_sp	95.5641074839
PWY-5100: pyruvate fermentation to acetate and lactate II|g__Bifidobacterium.s__Bifidobacterium_longum	75.5212649875
PWY-5100: pyruvate fermentation to acetate and lactate II|g__Coprococcus.s__Coprococcus_catus	68.0810835159
PWY-5100: pyruvate fermentation to acetate and lactate II|g__Roseburia.s__Roseburia_intestinalis	64.6485561969
PWY-5100: pyruvate fermentation to acetate and lactate II|g__Agathobaculum.s__Agathobaculum_butyriciproducens	63.1731705383
PWY-5100: pyruvate fermentation to acetate and lactate II|g__Roseburia.s__Roseburia_faecis	58.9380670469
PWY-5100: pyruvate fermentation to acetate and lactate II|g__Coprococcus.s__Coprococcus_comes	34.7021064781
PWY-5100: pyruvate fermentation to acetate and lactate II|g__Eubacterium.s__Eubacterium_ramulus	25.1242906759
PWY-5100: pyruvate fermentation to acetate and lactate II|g__Blautia.s__Blautia_sp_AF19_10LB	24.6197425802
PWY-5100: pyruvate fermentation to acetate and lactate II|g__Roseburia.s__Roseburia_hominis	22.2617836485
PWY-5100: pyruvate fermentation to acetate and lactate II|g__Dorea.s__Dorea_formicigenerans	21.7530332556
PWY-5100: pyruvate fermentation to acetate and lactate II|g__Blautia.s__Blautia_wexlerae	16.8342977163
PWY-5100: pyruvate fermentation to acetate and lactate II|g__Anaerotruncus.s__Anaerotruncus_colihominis	16.7739786276
PWY-5100: pyruvate fermentation to acetate and lactate II|g__Eubacterium.s__Eubacterium_sp_AF17_7	15.2379222253
PWY-5100: pyruvate fermentation to acetate and lactate II|g__Turicibacter.s__Turicibacter_sanguinis	9.3294834005
PWY-5100: pyruvate fermentation to acetate and lactate II|g__Streptococcus.s__Streptococcus_thermophilus	6.6111980732
PWY-5100: pyruvate fermentation to acetate and lactate II|g__Streptococcus.s__Streptococcus_parasanguinis	2.2060427537
PWY-5100: pyruvate fermentation to acetate and lactate II|g__Streptococcus.s__Streptococcus_salivarius	2.1012410694
PWY-5100: pyruvate fermentation to acetate and lactate II|g__Lachnoclostridium.s__Clostridium_citroniae	1.9044762552
GLUCONEO-PWY: gluconeogenesis I	5735.4698544643
GLUCONEO-PWY: gluconeogenesis I|unclassified	523.8262285546
GLUCONEO-PWY: gluconeogenesis I|g__Bacteroides.s__Bacteroides_cellulosilyticus	27.1239862457
GLUCONEO-PWY: gluconeogenesis I|g__Bacteroides.s__Bacteroides_salyersiae	19.1470607362
GLUCONEO-PWY: gluconeogenesis I|g__Bacteroides.s__Bacteroides_fragilis	11.5346837911
PWY-6823: molybdopterin biosynthesis	5653.6700660904
PWY-6823: molybdopterin biosynthesis|g__Faecalibacterium.s__Faecalibacterium_prausnitzii	1637.9971110895
PWY-6823: molybdopterin biosynthesis|unclassified	652.5101473293
PWY-6823: molybdopterin biosynthesis|g__Blautia.s__Ruminococcus_torques	572.2751181455
PWY-6823: molybdopterin biosynthesis|g__Blautia.s__Blautia_obeum	505.0310360107
PWY-6823: molybdopterin biosynthesis|g__Fusicatenibacter.s__Fusicatenibacter_saccharivorans	275.4086501203
PWY-6823: molybdopterin biosynthesis|g__Anaerostipes.s__Anaerostipes_hadrus	188.2170472621
PWY-6823: molybdopterin biosynthesis|g__Firmicutes_unclassified.s__Firmicutes_bacterium_CAG_65_45_313	156.5728579825
PWY-6823: molybdopterin biosynthesis|g__Eubacterium.s__Eubacterium_hallii	152.0373181403
PWY-6823: molybdopterin biosynthesis|g__Sutterella.s__Sutterella_wadsworthensis	147.5159502941
PWY-6823: molybdopterin biosynthesis|g__Blautia.s__Blautia_sp	97.8209957674
PWY-6823: molybdopterin biosynthesis|g__Lachnospiraceae_unclassified.s__Eubacterium_rectale	90.5387010797
PWY-6823: molybdopterin biosynthesis|g__Dorea.s__Dorea_longicatena	87.4775492527
PWY-6823: molybdopterin biosynthesis|g__Oscillibacter.s__Oscillibacter_sp_57_20	82.2473074811
PWY-6823: molybdopterin biosynthesis|g__Roseburia.s__Roseburia_faecis	78.6679010779
PWY-6823: molybdopterin biosynthesis|g__Coprococcus.s__Coprococcus_catus	51.7663431994
PWY-6823: molybdopterin biosynthesis|g__Senegalimassilia.s__Senegalimassilia_anaerobia	47.6215497304
PWY-6823: molybdopterin biosynthesis|g__Blautia.s__Blautia_sp_CAG_52	44.9245465314
PWY-6823: molybdopterin biosynthesis|g__Agathobaculum.s__Agathobaculum_butyriciproducens	43.2825587463
PWY-6823: molybdopterin biosynthesis|g__Roseburia.s__Roseburia_intestinalis	41.8237085308
PWY-6823: molybdopterin biosynthesis|g__Clostridiales_unclassified.s__Clostridiales_bacterium_KLE1615	41.5725943922
PWY-6823: molybdopterin biosynthesis|g__Eggerthella.s__Eggerthella_sp_CAG_298	37.6488490711
PWY-6823: molybdopterin biosynthesis|g__Blautia.s__Blautia_sp_AF19_10LB	34.9645671836
PWY-6823: molybdopterin biosynthesis|g__Intestinibacter.s__Intestinibacter_bartlettii	31.8548289762
PWY-6823: molybdopterin biosynthesis|g__Bilophila.s__Bilophila_wadsworthia	28.0105992516
PWY-6823: molybdopterin biosynthesis|g__Dorea.s__Dorea_formicigenerans	27.0503124405
PWY-6823: molybdopterin biosynthesis|g__Coprococcus.s__Coprococcus_comes	17.4696439771
PWY-6823: molybdopterin biosynthesis|g__Firmicutes_unclassified.s__Firmicutes_bacterium_CAG_145	16.3099349929
PWY-6823: molybdopterin biosynthesis|g__Slackia.s__Slackia_isoflavoniconvertens	13.8831137067
PWY-6823: molybdopterin biosynthesis|g__Blautia.s__Blautia_wexlerae	11.7627126217
PWY-6823: molybdopterin biosynthesis|g__Clostridium.s__Clostridium_sp_AM22_11AC	10.0062658140
PWY-6823: molybdopterin biosynthesis|g__Roseburia.s__Roseburia_inulinivorans	9.5790076697
PWY-6823: molybdopterin biosynthesis|g__Raoultella.s__Raoultella_planticola	4.6338019500
COBALSYN-PWY: superpathway of adenosylcobalamin salvage from cobinamide I	5645.7998399827
COBALSYN-PWY: superpathway of adenosylcobalamin salvage from cobinamide I|g__Faecalibacterium.s__Faecalibacterium_prausnitzii	904.3787014937
COBALSYN-PWY: superpathway of adenosylcobalamin salvage from cobinamide I|unclassified	817.3243758763
COBALSYN-PWY: superpathway of adenosylcobalamin salvage from cobinamide I|g__Blautia.s__Ruminococcus_torques	364.6414972322
COBALSYN-PWY: superpathway of adenosylcobalamin salvage from cobinamide I|g__Blautia.s__Blautia_obeum	276.2015900557
COBALSYN-PWY: superpathway of adenosylcobalamin salvage from cobinamide I|g__Blautia.s__Blautia_wexlerae	180.0588996293
COBALSYN-PWY: superpathway of adenosylcobalamin salvage from cobinamide I|g__Eubacterium.s__Eubacterium_hallii	123.7120826520
COBALSYN-PWY: superpathway of adenosylcobalamin salvage from cobinamide I|g__Dorea.s__Dorea_longicatena	122.2264737242
COBALSYN-PWY: superpathway of adenosylcobalamin salvage from cobinamide I|g__Collinsella.s__Collinsella_aerofaciens	72.6837207697
COBALSYN-PWY: superpathway of adenosylcobalamin salvage from cobinamide I|g__Coprococcus.s__Coprococcus_catus	69.6619719145
COBALSYN-PWY: superpathway of adenosylcobalamin salvage from cobinamide I|g__Bacteroides.s__Bacteroides_uniformis	60.8433914010
COBALSYN-PWY: superpathway of adenosylcobalamin salvage from cobinamide I|g__Blautia.s__Blautia_sp	45.3618285652
COBALSYN-PWY: superpathway of adenosylcobalamin salvage from cobinamide I|g__Bacteroides.s__Bacteroides_cellulosilyticus	11.3714277279
PWY-6126: superpathway of adenosine nucleotides de novo biosynthesis II	5376.5638992885
PWY-6126: superpathway of adenosine nucleotides de novo biosynthesis II|unclassified	726.3338163090
PWY-6126: superpathway of adenosine nucleotides de novo biosynthesis II|g__Bacteroides.s__Bacteroides_vulgatus	354.2301653360
PWY-6126: superpathway of adenosine nucleotides de novo biosynthesis II|g__Bacteroides.s__Bacteroides_massiliensis	201.4304900427
PWY-6126: superpathway of adenosine nucleotides de novo biosynthesis II|g__Sutterella.s__Sutterella_wadsworthensis	115.3595173137
PWY-6126: superpathway of adenosine nucleotides de novo biosynthesis II|g__Bacteroides.s__Bacteroides_dorei	94.4146219459
PWY-6126: superpathway of adenosine nucleotides de novo biosynthesis II|g__Bacteroides.s__Bacteroides_caccae	92.2749785401
PWY-6126: superpathway of adenosine nucleotides de novo biosynthesis II|g__Prevotella.s__Prevotella_sp_CAG_485	31.1339508457
PWY-6126: superpathway of adenosine nucleotides de novo biosynthesis II|g__Bacteroides.s__Bacteroides_cellulosilyticus	28.6531007497
PWY-6126: superpathway of adenosine nucleotides de novo biosynthesis II|g__Odoribacter.s__Odoribacter_splanchnicus	24.4041427653
PWY-6126: superpathway of adenosine nucleotides de novo biosynthesis II|g__Parabacteroides.s__Parabacteroides_distasonis	24.1950345995
PWY-6126: superpathway of adenosine nucleotides de novo biosynthesis II|g__Bacteroides.s__Bacteroides_faecis	22.0931697379
PWY-6126: superpathway of adenosine nucleotides de novo biosynthesis II|g__Bacteroides.s__Bacteroides_salyersiae	16.8570235974
PWY-6126: superpathway of adenosine nucleotides de novo biosynthesis II|g__Bilophila.s__Bilophila_wadsworthia	15.6778010149
PWY-6126: superpathway of adenosine nucleotides de novo biosynthesis II|g__Bacteroides.s__Bacteroides_ovatus	14.3238572491
PWY-6126: superpathway of adenosine nucleotides de novo biosynthesis II|g__Bacteroides.s__Bacteroides_fragilis	8.6552777109
THISYNARA-PWY: superpathway of thiamine diphosphate biosynthesis III (eukaryotes)	5354.7110016174
THISYNARA-PWY: superpathway of thiamine diphosphate biosynthesis III (eukaryotes)|g__Faecalibacterium.s__Faecalibacterium_prausnitzii	1083.7810864656
THISYNARA-PWY: superpathway of thiamine diphosphate biosynthesis III (eukaryotes)|unclassified	244.8330729022
THISYNARA-PWY: superpathway of thiamine diphosphate biosynthesis III (eukaryotes)|g__Lachnospiraceae_unclassified.s__Eubacterium_rectale	174.0915121353
THISYNARA-PWY: superpathway of thiamine diphosphate biosynthesis III (eukaryotes)|g__Bifidobacterium.s__Bifidobacterium_bifidum	113.5611869444
THISYNARA-PWY: superpathway of thiamine diphosphate biosynthesis III (eukaryotes)|g__Blautia.s__Ruminococcus_torques	99.0756077545
THISYNARA-PWY: superpathway of thiamine diphosphate biosynthesis III (eukaryotes)|g__Roseburia.s__Roseburia_faecis	92.8451843739
THISYNARA-PWY: superpathway of thiamine diphosphate biosynthesis III (eukaryotes)|g__Bacteroides.s__Bacteroides_uniformis	89.2694535786
THISYNARA-PWY: superpathway of thiamine diphosphate biosynthesis III (eukaryotes)|g__Dorea.s__Dorea_longicatena	73.8746890794
THISYNARA-PWY: superpathway of thiamine diphosphate biosynthesis III (eukaryotes)|g__Eubacterium.s__Eubacterium_hallii	67.6274477912
THISYNARA-PWY: superpathway of thiamine diphosphate biosynthesis III (eukaryotes)|g__Blautia.s__Blautia_obeum	53.0565750425
THISYNARA-PWY: superpathway of thiamine diphosphate biosynthesis III (eukaryotes)|g__Roseburia.s__Roseburia_intestinalis	51.3910220669
THISYNARA-PWY: superpathway of thiamine diphosphate biosynthesis III (eukaryotes)|g__Roseburia.s__Roseburia_hominis	22.0913546779
THISYNARA-PWY: superpathway of thiamine diphosphate biosynthesis III (eukaryotes)|g__Blautia.s__Blautia_sp_AF19_10LB	21.4218188542
THISYNARA-PWY: superpathway of thiamine diphosphate biosynthesis III (eukaryotes)|g__Bacteroides.s__Bacteroides_fragilis	11.2013642134
THISYNARA-PWY: superpathway of thiamine diphosphate biosynthesis III (eukaryotes)|g__Bacteroides.s__Bacteroides_ovatus	7.1305966790
ANAEROFRUCAT-PWY: homolactic fermentation	5295.0776241063
ANAEROFRUCAT-PWY: homolactic fermentation|unclassified	622.0070475940
PWY-6901: superpathway of glucose and xylose degradation	5121.6888250421
PWY-6901: superpathway of glucose and xylose degradation|unclassified	219.4530289981
PWY-6901: superpathway of glucose and xylose degradation|g__Bacteroides.s__Bacteroides_fragilis	6.2182843957
PWY-6892: thiazole component of thiamine diphosphate biosynthesis I	5052.6198222165
PWY-6892: thiazole component of thiamine diphosphate biosynthesis I|unclassified	541.9913356108
PWY-6892: thiazole component of thiamine diphosphate biosynthesis I|g__Anaerostipes.s__Anaerostipes_hadrus	400.7764502419
PWY-6892: thiazole component of thiamine diphosphate biosynthesis I|g__Blautia.s__Blautia_wexlerae	391.8034096497
PWY-6892: thiazole component of thiamine diphosphate biosynthesis I|g__Blautia.s__Blautia_obeum	141.4694238883
PWY-6892: thiazole component of thiamine diphosphate biosynthesis I|g__Eubacterium.s__Eubacterium_hallii	124.1460443902
PWY-6892: thiazole component of thiamine diphosphate biosynthesis I|g__Blautia.s__Blautia_sp	90.2943876321
PWY-6892: thiazole component of thiamine diphosphate biosynthesis I|g__Coprococcus.s__Coprococcus_comes	84.0598724855
PWY-6892: thiazole component of thiamine diphosphate biosynthesis I|g__Bacteroides.s__Bacteroides_caccae	80.6486311872
PWY-6892: thiazole component of thiamine diphosphate biosynthesis I|g__Agathobaculum.s__Agathobaculum_butyriciproducens	70.6490795677
PWY-6892: thiazole component of thiamine diphosphate biosynthesis I|g__Blautia.s__Ruminococcus_torques	68.4441817500
PWY-6892: thiazole component of thiamine diphosphate biosynthesis I|g__Bacteroides.s__Bacteroides_uniformis	67.3184479712
PWY-6892: thiazole component of thiamine diphosphate biosynthesis I|g__Blautia.s__Blautia_sp_CAG_52	53.3585267531
PWY-6892: thiazole component of thiamine diphosphate biosynthesis I|g__Bacteroides.s__Bacteroides_ovatus	48.3209070029
PWY-6892: thiazole component of thiamine diphosphate biosynthesis I|g__Roseburia.s__Roseburia_intestinalis	43.2894007482
PWY-6892: thiazole component of thiamine diphosphate biosynthesis I|g__Bacteroides.s__Bacteroides_faecis	34.5915697096
PWY-6892: thiazole component of thiamine diphosphate biosynthesis I|g__Blautia.s__Blautia_sp_AF19_10LB	22.8426466659
PWY-6892: thiazole component of thiamine diphosphate biosynthesis I|g__Bacteroides.s__Bacteroides_cellulosilyticus	19.8169266308
PWY-6892: thiazole component of thiamine diphosphate biosynthesis I|g__Bacteroides.s__Bacteroides_salyersiae	19.1591591506
PWY-6892: thiazole component of thiamine diphosphate biosynthesis I|g__Bacteroides.s__Bacteroides_fragilis	14.9504746686
PWY-6892: thiazole component of thiamine diphosphate biosynthesis I|g__Dorea.s__Dorea_formicigenerans	7.1051714147
PWY-6892: thiazole component of thiamine diphosphate biosynthesis I|g__Eubacterium.s__Eubacterium_maltosivorans	4.3868570959
PWY-6892: thiazole component of thiamine diphosphate biosynthesis I|g__Eubacterium.s__Eubacterium_limosum	2.3662176710
PWY-1861: formaldehyde assimilation II (assimilatory RuMP Cycle)	4981.9520961443
PWY-1861: formaldehyde assimilation II (assimilatory RuMP Cycle)|g__Anaerostipes.s__Anaerostipes_hadrus	339.3613420296
PWY-1861: formaldehyde assimilation II (assimilatory RuMP Cycle)|unclassified	138.1347535384
PWY-1861: formaldehyde assimilation II (assimilatory RuMP Cycle)|g__Blautia.s__Blautia_obeum	88.0335734144
GLYCOLYSIS: glycolysis I (from glucose 6-phosphate)	4963.7439288096
GLYCOLYSIS: glycolysis I (from glucose 6-phosphate)|unclassified	639.5956854975
GLYCOLYSIS: glycolysis I (from glucose 6-phosphate)|g__Bacteroides.s__Bacteroides_cellulosilyticus	29.5630547593
GLYCOLYSIS: glycolysis I (from glucose 6-phosphate)|g__Bacteroides.s__Bacteroides_salyersiae	20.0413555517
GLYCOLYSIS: glycolysis I (from glucose 6-phosphate)|g__Bacteroides.s__Bacteroides_fragilis	8.6634714977
PWY0-162: superpathway of pyrimidine ribonucleotides de novo biosynthesis	4823.1480441558
PWY0-162: superpathway of pyrimidine ribonucleotides de novo biosynthesis|unclassified	500.3842436487
PWY0-162: superpathway of pyrimidine ribonucleotides de novo biosynthesis|g__Bacteroides.s__Bacteroides_faecis	25.8767175074
PWY-7234: inosine-5'-phosphate biosynthesis III	4725.9399064078
PWY-7234: inosine-5'-phosphate biosynthesis III|unclassified	820.9648515728
PWY-7234: inosine-5'-phosphate biosynthesis III|g__Bifidobacterium.s__Bifidobacterium_adolescentis	716.4510670575
PWY-7234: inosine-5'-phosphate biosynthesis III|g__Alistipes.s__Alistipes_finegoldii	405.8451483556
PWY-7234: inosine-5'-phosphate biosynthesis III|g__Sutterella.s__Sutterella_wadsworthensis	121.2283970491
PWY-7234: inosine-5'-phosphate biosynthesis III|g__Alistipes.s__Alistipes_onderdonkii	40.1643966870
PWY-7234: inosine-5'-phosphate biosynthesis III|g__Coprococcus.s__Coprococcus_catus	37.5556200571
PWY-7234: inosine-5'-phosphate biosynthesis III|g__Streptococcus.s__Streptococcus_thermophilus	20.8143961454
PWY-7234: inosine-5'-phosphate biosynthesis III|g__Streptococcus.s__Streptococcus_parasanguinis	10.0859711647
PWY-7228: superpathway of guanosine nucleotides de novo biosynthesis I	4720.9559103261
PWY-7228: superpathway of guanosine nucleotides de novo biosynthesis I|unclassified	606.1344106439
PWY-7228: superpathway of guanosine nucleotides de novo biosynthesis I|g__Bacteroides.s__Bacteroides_vulgatus	418.2407857036
PWY-7228: superpathway of guanosine nucleotides de novo biosynthesis I|g__Collinsella.s__Collinsella_aerofaciens	218.9503847900
PWY-7228: superpathway of guanosine nucleotides de novo biosynthesis I|g__Phascolarctobacterium.s__Phascolarctobacterium_faecium	211.3143350817
PWY-7228: superpathway of guanosine nucleotides de novo biosynthesis I|g__Bacteroides.s__Bacteroides_massiliensis	186.4859062515
PWY-7228: superpathway of guanosine nucleotides de novo biosynthesis I|g__Bacteroides.s__Bacteroides_dorei	138.4140873025
PWY-7228: superpathway of guanosine nucleotides de novo biosynthesis I|g__Sutterella.s__Sutterella_wadsworthensis	126.8584273196
PWY-7228: superpathway of guanosine nucleotides de novo biosynthesis I|g__Bacteroides.s__Bacteroides_caccae	92.5444811596
PWY-7228: superpathway of guanosine nucleotides de novo biosynthesis I|g__Bacteroides.s__Bacteroides_ovatus	82.0006942970
PWY-7228: superpathway of guanosine nucleotides de novo biosynthesis I|g__Prevotella.s__Prevotella_sp_CAG_485	35.0873211327
PWY-7228: superpathway of guanosine nucleotides de novo biosynthesis I|g__Odoribacter.s__Odoribacter_splanchnicus	31.7591014395
PWY-7228: superpathway of guanosine nucleotides de novo biosynthesis I|g__Bilophila.s__Bilophila_wadsworthia	30.9662367422
PWY-7228: superpathway of guanosine nucleotides de novo biosynthesis I|g__Bacteroides.s__Bacteroides_cellulosilyticus	27.9326254814
PWY-7228: superpathway of guanosine nucleotides de novo biosynthesis I|g__Parabacteroides.s__Parabacteroides_distasonis	27.3420729333
PWY-7228: superpathway of guanosine nucleotides de novo biosynthesis I|g__Bacteroides.s__Bacteroides_faecis	26.4731808821
PWY-7228: superpathway of guanosine nucleotides de novo biosynthesis I|g__Bacteroides.s__Bacteroides_salyersiae	23.4374002116
PWY-7228: superpathway of guanosine nucleotides de novo biosynthesis I|g__Bacteroides.s__Bacteroides_intestinalis	12.6009576912
PWY-7228: superpathway of guanosine nucleotides de novo biosynthesis I|g__Bacteroides.s__Bacteroides_fragilis	5.8657349773
PENTOSE-P-PWY: pentose phosphate pathway	4682.5286962240
PENTOSE-P-PWY: pentose phosphate pathway|unclassified	141.9215700856
PENTOSE-P-PWY: pentose phosphate pathway|g__Bifidobacterium.s__Bifidobacterium_bifidum	105.4198481994
PENTOSE-P-PWY: pentose phosphate pathway|g__Parabacteroides.s__Parabacteroides_distasonis	36.4744783281
PENTOSE-P-PWY: pentose phosphate pathway|g__Bacteroides.s__Bacteroides_cellulosilyticus	18.3100885614
PENTOSE-P-PWY: pentose phosphate pathway|g__Bacteroides.s__Bacteroides_salyersiae	14.2723510221
PENTOSE-P-PWY: pentose phosphate pathway|g__Dorea.s__Dorea_longicatena	8.3922929419
PENTOSE-P-PWY: pentose phosphate pathway|g__Bacteroides.s__Bacteroides_fragilis	4.6506361776
PWY-5121: superpathway of geranylgeranyl diphosphate biosynthesis II (via MEP)	4672.9101057032
PWY-5121: superpathway of geranylgeranyl diphosphate biosynthesis II (via MEP)|unclassified	329.0031569333
PWY-5121: superpathway of geranylgeranyl diphosphate biosynthesis II (via MEP)|g__Bacteroides.s__Bacteroides_vulgatus	291.9722115055
PWY-5121: superpathway of geranylgeranyl diphosphate biosynthesis II (via MEP)|g__Eubacterium.s__Eubacterium_hallii	112.7288152568
PWY-5121: superpathway of geranylgeranyl diphosphate biosynthesis II (via MEP)|g__Bacteroides.s__Bacteroides_dorei	21.2993255706
PWY-5484: glycolysis II (from fructose 6-phosphate)	4651.2395265578
PWY-5484: glycolysis II (from fructose 6-phosphate)|unclassified	547.3200212615
PWY-5484: glycolysis II (from fructose 6-phosphate)|g__Bacteroides.s__Bacteroides_cellulosilyticus	29.8401193234
PWY-5484: glycolysis II (from fructose 6-phosphate)|g__Bacteroides.s__Bacteroides_salyersiae	19.2942416750
PWY-5484: glycolysis II (from fructose 6-phosphate)|g__Bacteroides.s__Bacteroides_fragilis	8.4124613793
PWY-5188: tetrapyrrole biosynthesis I (from glutamate)	4534.9675258594
PWY-5188: tetrapyrrole biosynthesis I (from glutamate)|g__Ruminococcus.s__Ruminococcus_bicirculans	635.7061146200
PWY-5188: tetrapyrrole biosynthesis I (from glutamate)|unclassified	553.1470619169
PWY-5188: tetrapyrrole biosynthesis I (from glutamate)|g__Akkermansia.s__Akkermansia_muciniphila	405.9986125588
PWY-5188: tetrapyrrole biosynthesis I (from glutamate)|g__Blautia.s__Blautia_wexlerae	227.7689177883
PWY-5188: tetrapyrrole biosynthesis I (from glutamate)|g__Ruminococcus.s__Ruminococcus_callidus	226.6180193176
PWY-5188: tetrapyrrole biosynthesis I (from glutamate)|g__Anaerostipes.s__Anaerostipes_hadrus	173.6985514873
PWY-5188: tetrapyrrole biosynthesis I (from glutamate)|g__Sutterella.s__Sutterella_wadsworthensis	132.4635729165
PWY-5188: tetrapyrrole biosynthesis I (from glutamate)|g__Roseburia.s__Roseburia_sp_CAG_380	123.6638584653
PWY-5188: tetrapyrrole biosynthesis I (from glutamate)|g__Blautia.s__Blautia_obeum	107.0402165364
PWY-5188: tetrapyrrole biosynthesis I (from glutamate)|g__Roseburia.s__Roseburia_faecis	78.6554856338
PWY-5188: tetrapyrrole biosynthesis I (from glutamate)|g__Blautia.s__Blautia_sp	61.3915300386
PWY-5188: tetrapyrrole biosynthesis I (from glutamate)|g__Blautia.s__Blautia_sp_CAG_52	54.2398967923
PWY-5188: tetrapyrrole biosynthesis I (from glutamate)|g__Firmicutes_unclassified.s__Firmicutes_bacterium_CAG_41	49.4218643997
PWY-5188: tetrapyrrole biosynthesis I (from glutamate)|g__Blautia.s__Blautia_sp_AF19_10LB	22.4412779005
PWY-5188: tetrapyrrole biosynthesis I (from glutamate)|g__Intestinibacter.s__Intestinibacter_bartlettii	21.2938256843
PWY-5188: tetrapyrrole biosynthesis I (from glutamate)|g__Eisenbergiella.s__Eisenbergiella_tayi	10.6069094224
PHOSLIPSYN-PWY: superpathway of phospholipid biosynthesis I (bacteria)	4380.7013820516
PHOSLIPSYN-PWY: superpathway of phospholipid biosynthesis I (bacteria)|g__Ruminococcaceae_unclassified.s__Clostridium_leptum	538.1580849635
PHOSLIPSYN-PWY: superpathway of phospholipid biosynthesis I (bacteria)|g__Fusicatenibacter.s__Fusicatenibacter_saccharivorans	245.1171031129
PHOSLIPSYN-PWY: superpathway of phospholipid biosynthesis I (bacteria)|unclassified	24.9942783330
DAPLYSINESYN-PWY: L-lysine biosynthesis I	4336.7648439934
DAPLYSINESYN-PWY: L-lysine biosynthesis I|g__Bifidobacterium.s__Bifidobacterium_adolescentis	1197.8287649793
DAPLYSINESYN-PWY: L-lysine biosynthesis I|unclassified	123.5820764243
DAPLYSINESYN-PWY: L-lysine biosynthesis I|g__Bifidobacterium.s__Bifidobacterium_longum	63.7343926092
PWY-7282: 4-amino-2-methyl-5-diphosphomethylpyrimidine biosynthesis II	4221.7319380119
PWY-7282: 4-amino-2-methyl-5-diphosphomethylpyrimidine biosynthesis II|g__Bacteroides.s__Bacteroides_uniformis	68.5971457549
PWY-7282: 4-amino-2-methyl-5-diphosphomethylpyrimidine biosynthesis II|g__Bacteroides.s__Bacteroides_ovatus	9.6303692141
PWY-7282: 4-amino-2-methyl-5-diphosphomethylpyrimidine biosynthesis II|g__Bacteroides.s__Bacteroides_fragilis	4.9758035789
RHAMCAT-PWY: L-rhamnose degradation I	4189.4541731762
RHAMCAT-PWY: L-rhamnose degradation I|unclassified	396.9580439972
RHAMCAT-PWY: L-rhamnose degradation I|g__Bacteroides.s__Bacteroides_vulgatus	303.5449350753
RHAMCAT-PWY: L-rhamnose degradation I|g__Bacteroides.s__Bacteroides_dorei	104.4184723082
RHAMCAT-PWY: L-rhamnose degradation I|g__Bacteroides.s__Bacteroides_caccae	103.9511760838
RHAMCAT-PWY: L-rhamnose degradation I|g__Bacteroides.s__Bacteroides_uniformis	80.3642508201
RHAMCAT-PWY: L-rhamnose degradation I|g__Blautia.s__Ruminococcus_torques	67.7589151280
RHAMCAT-PWY: L-rhamnose degradation I|g__Roseburia.s__Roseburia_faecis	64.5957118061
RHAMCAT-PWY: L-rhamnose degradation I|g__Bacteroides.s__Bacteroides_cellulosilyticus	62.9499477485
RHAMCAT-PWY: L-rhamnose degradation I|g__Senegalimassilia.s__Senegalimassilia_anaerobia	61.3327204728
RHAMCAT-PWY: L-rhamnose degradation I|g__Bacteroides.s__Bacteroides_faecis	54.3633064533
RHAMCAT-PWY: L-rhamnose degradation I|g__Bacteroides.s__Bacteroides_fragilis	51.2114502152
RHAMCAT-PWY: L-rhamnose degradation I|g__Roseburia.s__Roseburia_intestinalis	39.1818432225
RHAMCAT-PWY: L-rhamnose degradation I|g__Roseburia.s__Roseburia_hominis	30.9853873215
RHAMCAT-PWY: L-rhamnose degradation I|g__Clostridiales_unclassified.s__Clostridiales_bacterium_KLE1615	30.5664570519
RHAMCAT-PWY: L-rhamnose degradation I|g__Bacteroides.s__Bacteroides_ovatus	13.1374915613
RHAMCAT-PWY: L-rhamnose degradation I|g__Asaccharobacter.s__Asaccharobacter_celatus	9.3917038544
RHAMCAT-PWY: L-rhamnose degradation I|g__Raoultella.s__Raoultella_planticola	7.8307687378
ASPASN-PWY: superpathway of L-aspartate and L-asparagine biosynthesis	4094.3826460867
ASPASN-PWY: superpathway of L-aspartate and L-asparagine biosynthesis|unclassified	852.0234569765
ASPASN-PWY: superpathway of L-aspartate and L-asparagine biosynthesis|g__Bacteroides.s__Bacteroides_vulgatus	384.2211875554
ASPASN-PWY: superpathway of L-aspartate and L-asparagine biosynthesis|g__Blautia.s__Ruminococcus_torques	227.2364543795
ASPASN-PWY: superpathway of L-aspartate and L-asparagine biosynthesis|g__Bacteroides.s__Bacteroides_massiliensis	185.5134156868
ASPASN-PWY: superpathway of L-aspartate and L-asparagine biosynthesis|g__Blautia.s__Blautia_obeum	125.1668113581
ASPASN-PWY: superpathway of L-aspartate and L-asparagine biosynthesis|g__Bacteroides.s__Bacteroides_dorei	94.6330410672
ASPASN-PWY: superpathway of L-aspartate and L-asparagine biosynthesis|g__Bacteroides.s__Bacteroides_cellulosilyticus	50.8193828845
ASPASN-PWY: superpathway of L-aspartate and L-asparagine biosynthesis|g__Odoribacter.s__Odoribacter_splanchnicus	36.7504258315
ASPASN-PWY: superpathway of L-aspartate and L-asparagine biosynthesis|g__Bacteroides.s__Bacteroides_uniformis	35.1946483425
ASPASN-PWY: superpathway of L-aspartate and L-asparagine biosynthesis|g__Butyricimonas.s__Butyricimonas_synergistica	33.2139833407
ASPASN-PWY: superpathway of L-aspartate and L-asparagine biosynthesis|g__Coprococcus.s__Coprococcus_comes	28.0401791342
ASPASN-PWY: superpathway of L-aspartate and L-asparagine biosynthesis|g__Parabacteroides.s__Parabacteroides_distasonis	24.7274819414
ASPASN-PWY: superpathway of L-aspartate and L-asparagine biosynthesis|g__Blautia.s__Blautia_wexlerae	15.2620143018
ASPASN-PWY: superpathway of L-aspartate and L-asparagine biosynthesis|g__Bacteroides.s__Bacteroides_fragilis	11.7612399033
ASPASN-PWY: superpathway of L-aspartate and L-asparagine biosynthesis|g__Butyricimonas.s__Butyricimonas_virosa	7.7086486164
PWY-7117: C4 photosynthetic carbon assimilation cycle, PEPCK type	4009.2030763734
PWY-7117: C4 photosynthetic carbon assimilation cycle, PEPCK type|unclassified	18.1991912046
PWY-241: C4 photosynthetic carbon assimilation cycle, NADP-ME type	4004.7924174609
PWY-241: C4 photosynthetic carbon assimilation cycle, NADP-ME type|unclassified	15.4603452847
PWY-6125: superpathway of guanosine nucleotides de novo biosynthesis II	3942.7857817601
PWY-6125: superpathway of guanosine nucleotides de novo biosynthesis II|unclassified	517.8848908186
PWY-6125: superpathway of guanosine nucleotides de novo biosynthesis II|g__Bacteroides.s__Bacteroides_vulgatus	399.8231171360
PWY-6125: superpathway of guanosine nucleotides de novo biosynthesis II|g__Bacteroides.s__Bacteroides_massiliensis	181.7980578547
PWY-6125: superpathway of guanosine nucleotides de novo biosynthesis II|g__Bacteroides.s__Bacteroides_dorei	133.7132210407
PWY-6125: superpathway of guanosine nucleotides de novo biosynthesis II|g__Sutterella.s__Sutterella_wadsworthensis	108.0351061950
PWY-6125: superpathway of guanosine nucleotides de novo biosynthesis II|g__Bacteroides.s__Bacteroides_caccae	88.4146449769
PWY-6125: superpathway of guanosine nucleotides de novo biosynthesis II|g__Bacteroides.s__Bacteroides_ovatus	77.7633713591
PWY-6125: superpathway of guanosine nucleotides de novo biosynthesis II|g__Odoribacter.s__Odoribacter_splanchnicus	29.7441750724
PWY-6125: superpathway of guanosine nucleotides de novo biosynthesis II|g__Prevotella.s__Prevotella_sp_CAG_485	29.5476302227
PWY-6125: superpathway of guanosine nucleotides de novo biosynthesis II|g__Parabacteroides.s__Parabacteroides_distasonis	25.7881949584
PWY-6125: superpathway of guanosine nucleotides de novo biosynthesis II|g__Bacteroides.s__Bacteroides_faecis	25.0741323360
PWY-6125: superpathway of guanosine nucleotides de novo biosynthesis II|g__Bilophila.s__Bilophila_wadsworthia	24.9941712227
PWY-6125: superpathway of guanosine nucleotides de novo biosynthesis II|g__Bacteroides.s__Bacteroides_cellulosilyticus	23.8306361593
PWY-6125: superpathway of guanosine nucleotides de novo biosynthesis II|g__Bacteroides.s__Bacteroides_salyersiae	22.0077508811
PWY-6125: superpathway of guanosine nucleotides de novo biosynthesis II|g__Bacteroides.s__Bacteroides_intestinalis	2.2166403407
COLANSYN-PWY: colanic acid building blocks biosynthesis	3893.7004414027
COLANSYN-PWY: colanic acid building blocks biosynthesis|unclassified	487.5622595506
COLANSYN-PWY: colanic acid building blocks biosynthesis|g__Faecalibacterium.s__Faecalibacterium_prausnitzii	74.6305602091
PWY-7761: NAD salvage pathway II (PNC IV cycle)	3892.3605219706
PWY-7761: NAD salvage pathway II (PNC IV cycle)|unclassified	492.1600081927
FASYN-ELONG-PWY: fatty acid elongation -- saturated	3815.6961060651
FASYN-ELONG-PWY: fatty acid elongation -- saturated|g__Alistipes.s__Alistipes_finegoldii	444.8577100928
FASYN-ELONG-PWY: fatty acid elongation -- saturated|g__Alistipes.s__Alistipes_onderdonkii	104.5546231089
FASYN-ELONG-PWY: fatty acid elongation -- saturated|unclassified	102.7343722513
FASYN-ELONG-PWY: fatty acid elongation -- saturated|g__Bacteroides.s__Bacteroides_cellulosilyticus	71.3711598356
FASYN-ELONG-PWY: fatty acid elongation -- saturated|g__Bifidobacterium.s__Bifidobacterium_longum	43.2178303866
PWY-6147: 6-hydroxymethyl-dihydropterin diphosphate biosynthesis I	3785.8857274096
PWY-6147: 6-hydroxymethyl-dihydropterin diphosphate biosynthesis I|g__Prevotella.s__Prevotella_copri	1304.5871393364
PWY-6147: 6-hydroxymethyl-dihydropterin diphosphate biosynthesis I|g__Bacteroides.s__Bacteroides_dorei	88.4821653502
PWY-6147: 6-hydroxymethyl-dihydropterin diphosphate biosynthesis I|g__Bacteroides.s__Bacteroides_uniformis	86.3885076983
PWY-6147: 6-hydroxymethyl-dihydropterin diphosphate biosynthesis I|g__Bacteroides.s__Bacteroides_vulgatus	77.9007741386
PWY-6147: 6-hydroxymethyl-dihydropterin diphosphate biosynthesis I|g__Parabacteroides.s__Parabacteroides_distasonis	57.4634074545
PWY-6147: 6-hydroxymethyl-dihydropterin diphosphate biosynthesis I|g__Bacteroides.s__Bacteroides_fragilis	39.5383639910
PWY-6147: 6-hydroxymethyl-dihydropterin diphosphate biosynthesis I|g__Bacteroides.s__Bacteroides_faecis	36.9757080021
PWY-6147: 6-hydroxymethyl-dihydropterin diphosphate biosynthesis I|g__Bacteroides.s__Bacteroides_cellulosilyticus	17.7776867994
PWY-6147: 6-hydroxymethyl-dihydropterin diphosphate biosynthesis I|g__Streptococcus.s__Streptococcus_pneumoniae	9.2302185520
PWY-6147: 6-hydroxymethyl-dihydropterin diphosphate biosynthesis I|g__Bacteroides.s__Bacteroides_ovatus	6.7591049116
PWY-7383: anaerobic energy metabolism (invertebrates, cytosol)	3643.8421746090
PWY-7383: anaerobic energy metabolism (invertebrates, cytosol)|unclassified	212.8422975743
PWY-7664: oleate biosynthesis IV (anaerobic)	3583.5986396080
PWY-7664: oleate biosynthesis IV (anaerobic)|g__Alistipes.s__Alistipes_finegoldii	430.5236441817
PWY-7664: oleate biosynthesis IV (anaerobic)|g__Alistipes.s__Alistipes_onderdonkii	97.7361726812
PWY-7664: oleate biosynthesis IV (anaerobic)|unclassified	91.7481423891
PWY-7664: oleate biosynthesis IV (anaerobic)|g__Bacteroides.s__Bacteroides_cellulosilyticus	69.3609466897
PWY-7664: oleate biosynthesis IV (anaerobic)|g__Bifidobacterium.s__Bifidobacterium_longum	43.2178303866
PWY-8187: L-arginine degradation XIII (reductive Stickland reaction)	3552.4045245155
PWY-8187: L-arginine degradation XIII (reductive Stickland reaction)|unclassified	2041.7300831121
PWY-8187: L-arginine degradation XIII (reductive Stickland reaction)|g__Senegalimassilia.s__Senegalimassilia_anaerobia	48.9328359183
PWY-8187: L-arginine degradation XIII (reductive Stickland reaction)|g__Odoribacter.s__Odoribacter_splanchnicus	18.2381032915
PWY-8187: L-arginine degradation XIII (reductive Stickland reaction)|g__Butyricimonas.s__Butyricimonas_synergistica	15.4513861351
PWY-8187: L-arginine degradation XIII (reductive Stickland reaction)|g__Slackia.s__Slackia_isoflavoniconvertens	8.7676931404
PWY-8187: L-arginine degradation XIII (reductive Stickland reaction)|g__Butyricimonas.s__Butyricimonas_virosa	8.2831943044
PWY-8187: L-arginine degradation XIII (reductive Stickland reaction)|g__Streptococcus.s__Streptococcus_salivarius	1.6358426853
PWY-5659: GDP-mannose biosynthesis	3538.8690748532
PWY-5659: GDP-mannose biosynthesis|g__Faecalibacterium.s__Faecalibacterium_prausnitzii	710.4272538511
PWY-5659: GDP-mannose biosynthesis|unclassified	543.1012371573
PWY-5659: GDP-mannose biosynthesis|g__Ruminococcus.s__Ruminococcus_bicirculans	344.1960952834
PWY-5659: GDP-mannose biosynthesis|g__Bacteroides.s__Bacteroides_vulgatus	196.0520786831
PWY-5659: GDP-mannose biosynthesis|g__Bacteroides.s__Bacteroides_dorei	64.7647908780
PWY-5659: GDP-mannose biosynthesis|g__Roseburia.s__Roseburia_intestinalis	53.4005757155
PWY-5659: GDP-mannose biosynthesis|g__Blautia.s__Blautia_obeum	34.8043822580
PWY-5659: GDP-mannose biosynthesis|g__Alistipes.s__Alistipes_shahii	32.9808203248
PWY-5659: GDP-mannose biosynthesis|g__Coprococcus.s__Coprococcus_catus	28.6828196480
PWY-5659: GDP-mannose biosynthesis|g__Roseburia.s__Roseburia_faecis	26.7078531337
PWY-5659: GDP-mannose biosynthesis|g__Lachnospiraceae_unclassified.s__Eubacterium_rectale	16.8132817696
PWY-5659: GDP-mannose biosynthesis|g__Bacteroides.s__Bacteroides_cellulosilyticus	14.1460493816
PWY-5659: GDP-mannose biosynthesis|g__Bacteroides.s__Bacteroides_fragilis	4.3700987075
PWY-7328: superpathway of UDP-glucose-derived O-antigen building blocks biosynthesis	3519.3860937302
PWY-7328: superpathway of UDP-glucose-derived O-antigen building blocks biosynthesis|unclassified	700.2853065094
PWY-7328: superpathway of UDP-glucose-derived O-antigen building blocks biosynthesis|g__Blautia.s__Ruminococcus_torques	110.9517077301
PWY-7328: superpathway of UDP-glucose-derived O-antigen building blocks biosynthesis|g__Streptococcus.s__Streptococcus_thermophilus	7.2081838775
PWY-7208: superpathway of pyrimidine nucleobases salvage	3510.9728415132
PWY-7208: superpathway of pyrimidine nucleobases salvage|unclassified	513.3744973164
PWY-7208: superpathway of pyrimidine nucleobases salvage|g__Phascolarctobacterium.s__Phascolarctobacterium_faecium	229.3928603117
PWY-7208: superpathway of pyrimidine nucleobases salvage|g__Collinsella.s__Collinsella_aerofaciens	198.2977947150
PWY-7208: superpathway of pyrimidine nucleobases salvage|g__Blautia.s__Blautia_obeum	132.1732713926
PWY-7208: superpathway of pyrimidine nucleobases salvage|g__Sutterella.s__Sutterella_wadsworthensis	123.4002705666
PWY-7208: superpathway of pyrimidine nucleobases salvage|g__Coprococcus.s__Coprococcus_catus	49.7679114522
PWY-7208: superpathway of pyrimidine nucleobases salvage|g__Senegalimassilia.s__Senegalimassilia_anaerobia	45.8276887544
PWY-7208: superpathway of pyrimidine nucleobases salvage|g__Roseburia.s__Roseburia_intestinalis	31.5312112456
PWY-7208: superpathway of pyrimidine nucleobases salvage|g__Eggerthella.s__Eggerthella_sp_CAG_298	30.5730839738
PWY-7208: superpathway of pyrimidine nucleobases salvage|g__Bilophila.s__Bilophila_wadsworthia	19.7037623977
PWY-7208: superpathway of pyrimidine nucleobases salvage|g__Slackia.s__Slackia_isoflavoniconvertens	16.8833359725
PWY-7208: superpathway of pyrimidine nucleobases salvage|g__Adlercreutzia.s__Adlercreutzia_equolifaciens	15.3031236013
PWY-7208: superpathway of pyrimidine nucleobases salvage|g__Bacteroides.s__Bacteroides_cellulosilyticus	9.2692310677
PWY-7208: superpathway of pyrimidine nucleobases salvage|g__Asaccharobacter.s__Asaccharobacter_celatus	7.0967828247
PWY-7208: superpathway of pyrimidine nucleobases salvage|g__Bacteroides.s__Bacteroides_fragilis	2.9628154322
PWY-6292: superpathway of L-cysteine biosynthesis (mammalian)	3489.8551144117
PWY-6292: superpathway of L-cysteine biosynthesis (mammalian)|unclassified	509.8781784461
GLCMANNANAUT-PWY: superpathway of N-acetylglucosamine, N-acetylmannosamine and N-acetylneuraminate degradation	3350.9708696737
GLCMANNANAUT-PWY: superpathway of N-acetylglucosamine, N-acetylmannosamine and N-acetylneuraminate degradation|g__Faecalibacterium.s__Faecalibacterium_prausnitzii	653.7576919243
GLCMANNANAUT-PWY: superpathway of N-acetylglucosamine, N-acetylmannosamine and N-acetylneuraminate degradation|unclassified	425.4856735571
GLCMANNANAUT-PWY: superpathway of N-acetylglucosamine, N-acetylmannosamine and N-acetylneuraminate degradation|g__Blautia.s__Blautia_obeum	114.3150101068
GLCMANNANAUT-PWY: superpathway of N-acetylglucosamine, N-acetylmannosamine and N-acetylneuraminate degradation|g__Blautia.s__Blautia_wexlerae	37.1850072390
GLCMANNANAUT-PWY: superpathway of N-acetylglucosamine, N-acetylmannosamine and N-acetylneuraminate degradation|g__Eisenbergiella.s__Eisenbergiella_tayi	14.8765032882
GLCMANNANAUT-PWY: superpathway of N-acetylglucosamine, N-acetylmannosamine and N-acetylneuraminate degradation|g__Roseburia.s__Roseburia_inulinivorans	13.6109866966
PWY0-862: (5Z)-dodecenoate biosynthesis I	3314.7624289390
PWY0-862: (5Z)-dodecenoate biosynthesis I|g__Alistipes.s__Alistipes_finegoldii	412.7892878537
PWY0-862: (5Z)-dodecenoate biosynthesis I|g__Alistipes.s__Alistipes_onderdonkii	89.9176263013
PWY0-862: (5Z)-dodecenoate biosynthesis I|unclassified	80.2987963404
PWY0-862: (5Z)-dodecenoate biosynthesis I|g__Bacteroides.s__Bacteroides_cellulosilyticus	66.8504345510
PWY0-862: (5Z)-dodecenoate biosynthesis I|g__Bifidobacterium.s__Bifidobacterium_longum	43.2178303866
PWY-6353: purine nucleotides degradation II (aerobic)	3300.1454677807
PWY-6353: purine nucleotides degradation II (aerobic)|unclassified	313.6911024144
PWY-6353: purine nucleotides degradation II (aerobic)|g__Anaerostipes.s__Anaerostipes_hadrus	239.1390454665
PWY-6353: purine nucleotides degradation II (aerobic)|g__Blautia.s__Ruminococcus_torques	190.8269763754
PWY-6353: purine nucleotides degradation II (aerobic)|g__Blautia.s__Blautia_obeum	59.3467203385
PWY-6353: purine nucleotides degradation II (aerobic)|g__Roseburia.s__Roseburia_intestinalis	25.6505376233
PWY-6353: purine nucleotides degradation II (aerobic)|g__Lachnoclostridium.s__Clostridium_citroniae	5.7185174554
PWY66-399: gluconeogenesis III	3270.8537323718
PWY66-399: gluconeogenesis III|unclassified	258.0977170253
PWY-6282: palmitoleate biosynthesis I (from (5Z)-dodec-5-enoate)	3253.7457284306
PWY-6282: palmitoleate biosynthesis I (from (5Z)-dodec-5-enoate)|g__Alistipes.s__Alistipes_finegoldii	433.6285874339
PWY-6282: palmitoleate biosynthesis I (from (5Z)-dodec-5-enoate)|g__Alistipes.s__Alistipes_onderdonkii	94.9888340374
PWY-6282: palmitoleate biosynthesis I (from (5Z)-dodec-5-enoate)|unclassified	79.6121516483
PWY-6282: palmitoleate biosynthesis I (from (5Z)-dodec-5-enoate)|g__Bacteroides.s__Bacteroides_cellulosilyticus	68.9304968326
PWY-6282: palmitoleate biosynthesis I (from (5Z)-dodec-5-enoate)|g__Bifidobacterium.s__Bifidobacterium_longum	43.2178303866
PWY-5971: palmitate biosynthesis (type II fatty acid synthase)	3239.9622867963
PWY-5989: stearate biosynthesis II (bacteria and plants)	3220.2627162431
PWY-5989: stearate biosynthesis II (bacteria and plants)|g__Alistipes.s__Alistipes_finegoldii	368.9619230107
PWY-5989: stearate biosynthesis II (bacteria and plants)|unclassified	76.5510922285
PWY-5989: stearate biosynthesis II (bacteria and plants)|g__Bacteroides.s__Bacteroides_cellulosilyticus	65.0842811597
PWY-5989: stearate biosynthesis II (bacteria and plants)|g__Alistipes.s__Alistipes_onderdonkii	55.9037478625
PWY-7345: superpathway of anaerobic sucrose degradation	3134.6099305285
PWY-7345: superpathway of anaerobic sucrose degradation|unclassified	416.5241432547
PWY4FS-7: phosphatidylglycerol biosynthesis I (plastidic)	3106.5699160687
PWY4FS-7: phosphatidylglycerol biosynthesis I (plastidic)|g__Ruminococcaceae_unclassified.s__Clostridium_leptum	511.1352126955
PWY4FS-7: phosphatidylglycerol biosynthesis I (plastidic)|g__Fusicatenibacter.s__Fusicatenibacter_saccharivorans	234.4055061505
PWY4FS-7: phosphatidylglycerol biosynthesis I (plastidic)|g__Roseburia.s__Roseburia_intestinalis	31.7140537755
PWY4FS-7: phosphatidylglycerol biosynthesis I (plastidic)|unclassified	15.1140621947
PWY4FS-7: phosphatidylglycerol biosynthesis I (plastidic)|g__Streptococcus.s__Streptococcus_salivarius	9.9936709890
PWY4FS-7: phosphatidylglycerol biosynthesis I (plastidic)|g__Streptococcus.s__Streptococcus_thermophilus	6.3810398905
PWY4FS-7: phosphatidylglycerol biosynthesis I (plastidic)|g__Streptococcus.s__Streptococcus_pneumoniae	4.3999456329
PWY4FS-8: phosphatidylglycerol biosynthesis II (non-plastidic)	3106.5699160687
PWY4FS-8: phosphatidylglycerol biosynthesis II (non-plastidic)|g__Ruminococcaceae_unclassified.s__Clostridium_leptum	511.1352126955
PWY4FS-8: phosphatidylglycerol biosynthesis II (non-plastidic)|g__Fusicatenibacter.s__Fusicatenibacter_saccharivorans	234.4055061505
PWY4FS-8: phosphatidylglycerol biosynthesis II (non-plastidic)|g__Roseburia.s__Roseburia_intestinalis	31.7140537755
PWY4FS-8: phosphatidylglycerol biosynthesis II (non-plastidic)|unclassified	15.1140621947
PWY4FS-8: phosphatidylglycerol biosynthesis II (non-plastidic)|g__Streptococcus.s__Streptococcus_salivarius	9.9936709890
PWY4FS-8: phosphatidylglycerol biosynthesis II (non-plastidic)|g__Streptococcus.s__Streptococcus_thermophilus	6.3810398905
PWY4FS-8: phosphatidylglycerol biosynthesis II (non-plastidic)|g__Streptococcus.s__Streptococcus_pneumoniae	4.3999456329
PWY-8004: Entner-Doudoroff pathway I	3094.4703264198
PWY-8004: Entner-Doudoroff pathway I|unclassified	113.3085645207
PWY-8004: Entner-Doudoroff pathway I|g__Parabacteroides.s__Parabacteroides_distasonis	27.7869716607
PWY-8004: Entner-Doudoroff pathway I|g__Bacteroides.s__Bacteroides_cellulosilyticus	13.4389369093
PWY-8004: Entner-Doudoroff pathway I|g__Bacteroides.s__Bacteroides_fragilis	7.3411842861
HISDEG-PWY: L-histidine degradation I	3086.6356099065
HISDEG-PWY: L-histidine degradation I|unclassified	1416.6240869701
HISDEG-PWY: L-histidine degradation I|g__Alistipes.s__Alistipes_finegoldii	353.6351772799
HISDEG-PWY: L-histidine degradation I|g__Bacteroides.s__Bacteroides_vulgatus	272.5748846107
HISDEG-PWY: L-histidine degradation I|g__Bacteroides.s__Bacteroides_massiliensis	209.9366195651
HISDEG-PWY: L-histidine degradation I|g__Bacteroides.s__Bacteroides_dorei	105.5027360668
HISDEG-PWY: L-histidine degradation I|g__Bacteroides.s__Bacteroides_uniformis	91.5215823130
HISDEG-PWY: L-histidine degradation I|g__Parabacteroides.s__Parabacteroides_merdae	81.5728411655
HISDEG-PWY: L-histidine degradation I|g__Bacteroides.s__Bacteroides_ovatus	71.2605971772
HISDEG-PWY: L-histidine degradation I|g__Prevotella.s__Prevotella_sp_CAG_485	35.9778446825
HISDEG-PWY: L-histidine degradation I|g__Alistipes.s__Alistipes_onderdonkii	32.5729296849
HISDEG-PWY: L-histidine degradation I|g__Parabacteroides.s__Parabacteroides_distasonis	32.0837362235
HISDEG-PWY: L-histidine degradation I|g__Bacteroides.s__Bacteroides_cellulosilyticus	30.1927637837
HISDEG-PWY: L-histidine degradation I|g__Bacteroides.s__Bacteroides_faecis	28.7062049982
HISDEG-PWY: L-histidine degradation I|g__Odoribacter.s__Odoribacter_splanchnicus	26.6241657898
HISDEG-PWY: L-histidine degradation I|g__Bacteroides.s__Bacteroides_salyersiae	22.2066717987
HISDEG-PWY: L-histidine degradation I|g__Butyricimonas.s__Butyricimonas_synergistica	20.4479658121
HISDEG-PWY: L-histidine degradation I|g__Streptococcus.s__Streptococcus_parasanguinis	18.7718444016
HISDEG-PWY: L-histidine degradation I|g__Bacteroides.s__Bacteroides_fragilis	10.6975179791
HISDEG-PWY: L-histidine degradation I|g__Firmicutes_unclassified.s__Firmicutes_bacterium_CAG_145	8.7483474331
HISDEG-PWY: L-histidine degradation I|g__Raoultella.s__Raoultella_planticola	3.6479815159
HISDEG-PWY: L-histidine degradation I|g__Klebsiella.s__Klebsiella_oxytoca	3.4246787655
HISDEG-PWY: L-histidine degradation I|g__Butyricimonas.s__Butyricimonas_virosa	2.6567693776
HISDEG-PWY: L-histidine degradation I|g__Bacteroides.s__Bacteroides_intestinalis	2.1950685079
PWY-5384: sucrose degradation IV (sucrose phosphorylase)	3084.8847274202
PWY-5384: sucrose degradation IV (sucrose phosphorylase)|g__Bifidobacterium.s__Bifidobacterium_adolescentis	1097.9038411254
PWY-5384: sucrose degradation IV (sucrose phosphorylase)|g__Anaerostipes.s__Anaerostipes_hadrus	341.1533958859
PWY-5384: sucrose degradation IV (sucrose phosphorylase)|unclassified	278.8574619937
PWY-5384: sucrose degradation IV (sucrose phosphorylase)|g__Bifidobacterium.s__Bifidobacterium_bifidum	179.9095212691
PWY-5384: sucrose degradation IV (sucrose phosphorylase)|g__Faecalibacterium.s__Faecalibacterium_prausnitzii	155.7350440766
PWY-5384: sucrose degradation IV (sucrose phosphorylase)|g__Bifidobacterium.s__Bifidobacterium_longum	78.1659126062
PWY-5384: sucrose degradation IV (sucrose phosphorylase)|g__Roseburia.s__Roseburia_faecis	77.9183847951
PWY-5384: sucrose degradation IV (sucrose phosphorylase)|g__Roseburia.s__Roseburia_intestinalis	48.7404634853
PWY-5384: sucrose degradation IV (sucrose phosphorylase)|g__Bacteroides.s__Bacteroides_ovatus	21.3228798492
PWY-5384: sucrose degradation IV (sucrose phosphorylase)|g__Bacteroides.s__Bacteroides_fragilis	17.6997851398
PWY-5384: sucrose degradation IV (sucrose phosphorylase)|g__Streptococcus.s__Streptococcus_thermophilus	8.9001661899
PWY-5384: sucrose degradation IV (sucrose phosphorylase)|g__Streptococcus.s__Streptococcus_salivarius	1.6106884291
PWY-621: sucrose degradation III (sucrose invertase)	3021.8868984492
PWY-621: sucrose degradation III (sucrose invertase)|g__Ruminococcus.s__Ruminococcus_bicirculans	608.9436816838
PWY-621: sucrose degradation III (sucrose invertase)|g__Anaerostipes.s__Anaerostipes_hadrus	415.5457944920
PWY-621: sucrose degradation III (sucrose invertase)|unclassified	280.9899329313
PWY-621: sucrose degradation III (sucrose invertase)|g__Bifidobacterium.s__Bifidobacterium_bifidum	161.5162294438
PWY-621: sucrose degradation III (sucrose invertase)|g__Roseburia.s__Roseburia_faecis	83.4050535334
PWY-621: sucrose degradation III (sucrose invertase)|g__Roseburia.s__Roseburia_intestinalis	45.4208137682
PWY-621: sucrose degradation III (sucrose invertase)|g__Bacteroides.s__Bacteroides_fragilis	43.7931600229
PWY-621: sucrose degradation III (sucrose invertase)|g__Bacteroides.s__Bacteroides_ovatus	13.8464202109
PWY-621: sucrose degradation III (sucrose invertase)|g__Streptococcus.s__Streptococcus_thermophilus	7.3385091781
PWY-621: sucrose degradation III (sucrose invertase)|g__Streptococcus.s__Streptococcus_salivarius	1.6106884291
PWY-7323: superpathway of GDP-mannose-derived O-antigen building blocks biosynthesis	2940.9246280657
PWY-7323: superpathway of GDP-mannose-derived O-antigen building blocks biosynthesis|unclassified	337.5531119573
PWY-7323: superpathway of GDP-mannose-derived O-antigen building blocks biosynthesis|g__Faecalibacterium.s__Faecalibacterium_prausnitzii	51.4561782489
BIOTIN-BIOSYNTHESIS-PWY: biotin biosynthesis I	2921.5338940422
BIOTIN-BIOSYNTHESIS-PWY: biotin biosynthesis I|unclassified	46.7281598580
BIOTIN-BIOSYNTHESIS-PWY: biotin biosynthesis I|g__Bacteroides.s__Bacteroides_cellulosilyticus	40.3869269438
P124-PWY: Bifidobacterium shunt	2914.3543630888
P124-PWY: Bifidobacterium shunt|g__Collinsella.s__Collinsella_aerofaciens	209.7163622121
P124-PWY: Bifidobacterium shunt|g__Bifidobacterium.s__Bifidobacterium_longum	18.4907794211
CITRULBIO-PWY: L-citrulline biosynthesis	2901.5778221429
CITRULBIO-PWY: L-citrulline biosynthesis|unclassified	597.8127913962
CITRULBIO-PWY: L-citrulline biosynthesis|g__Alistipes.s__Alistipes_finegoldii	316.9738642781
CITRULBIO-PWY: L-citrulline biosynthesis|g__Alistipes.s__Alistipes_onderdonkii	58.0946303173
CITRULBIO-PWY: L-citrulline biosynthesis|g__Coprococcus.s__Coprococcus_catus	42.6293530566
PWY-6470: peptidoglycan biosynthesis V (&beta;-lactam resistance)	2880.9532360795
PWY-6470: peptidoglycan biosynthesis V (&beta;-lactam resistance)|unclassified	275.7194938510
PWY0-1061: superpathway of L-alanine biosynthesis	2862.0393403543
PWY0-1061: superpathway of L-alanine biosynthesis|g__Bifidobacterium.s__Bifidobacterium_adolescentis	947.7355575552
PWY0-1061: superpathway of L-alanine biosynthesis|g__Blautia.s__Ruminococcus_torques	279.3749951888
PWY0-1061: superpathway of L-alanine biosynthesis|g__Lachnospiraceae_unclassified.s__Eubacterium_rectale	226.9925743474
PWY0-1061: superpathway of L-alanine biosynthesis|g__Bifidobacterium.s__Bifidobacterium_bifidum	139.4365618042
PWY0-1061: superpathway of L-alanine biosynthesis|g__Bifidobacterium.s__Bifidobacterium_longum	37.6340181927
PWY-7456: &beta;-(1,4)-mannan degradation	2842.5001272293
PWY-7456: &beta;-(1,4)-mannan degradation|unclassified	393.6231062410
PWY-7456: &beta;-(1,4)-mannan degradation|g__Roseburia.s__Roseburia_faecis	30.0349152290
PWY-6608: guanosine nucleotides degradation III	2819.2601823497
PWY-6608: guanosine nucleotides degradation III|g__Faecalibacterium.s__Faecalibacterium_prausnitzii	588.4115634978
PWY-6608: guanosine nucleotides degradation III|g__Blautia.s__Ruminococcus_torques	391.5493616561
PWY-6608: guanosine nucleotides degradation III|g__Anaerostipes.s__Anaerostipes_hadrus	298.5034121588
PWY-6608: guanosine nucleotides degradation III|unclassified	237.5661157410
PWY-6608: guanosine nucleotides degradation III|g__Blautia.s__Blautia_obeum	184.5502556677
PWY-6608: guanosine nucleotides degradation III|g__Blautia.s__Blautia_wexlerae	135.7339793295
PWY-6608: guanosine nucleotides degradation III|g__Bacteroides.s__Bacteroides_caccae	76.2378626444
PWY-6608: guanosine nucleotides degradation III|g__Coprococcus.s__Coprococcus_catus	58.3965030931
PWY-6608: guanosine nucleotides degradation III|g__Roseburia.s__Roseburia_intestinalis	28.7452228391
PWY-6608: guanosine nucleotides degradation III|g__Bacteroides.s__Bacteroides_ovatus	11.4816891308
PWY-6608: guanosine nucleotides degradation III|g__Dorea.s__Dorea_longicatena	8.8114514040
PWY-6608: guanosine nucleotides degradation III|g__Lachnoclostridium.s__Clostridium_citroniae	7.8572337123
PWY-6608: guanosine nucleotides degradation III|g__Bacteroides.s__Bacteroides_faecis	5.7029863983
FERMENTATION-PWY: mixed acid fermentation	2804.6812805948
FERMENTATION-PWY: mixed acid fermentation|unclassified	513.2658014176
PWY-6519: 8-amino-7-oxononanoate biosynthesis I	2744.5458258974
PWY-6519: 8-amino-7-oxononanoate biosynthesis I|g__Bacteroides.s__Bacteroides_cellulosilyticus	63.3539031815
PWY-6519: 8-amino-7-oxononanoate biosynthesis I|unclassified	39.0931193208
PWY-7220: adenosine deoxyribonucleotides de novo biosynthesis II	2699.1799522981
PWY-7220: adenosine deoxyribonucleotides de novo biosynthesis II|g__Bacteroides.s__Bacteroides_vulgatus	463.8922652388
PWY-7220: adenosine deoxyribonucleotides de novo biosynthesis II|unclassified	342.0470999332
PWY-7220: adenosine deoxyribonucleotides de novo biosynthesis II|g__Bacteroides.s__Bacteroides_massiliensis	172.5083446023
PWY-7220: adenosine deoxyribonucleotides de novo biosynthesis II|g__Bacteroides.s__Bacteroides_dorei	152.4199944374
PWY-7220: adenosine deoxyribonucleotides de novo biosynthesis II|g__Sutterella.s__Sutterella_wadsworthensis	88.4134451969
PWY-7220: adenosine deoxyribonucleotides de novo biosynthesis II|g__Bacteroides.s__Bacteroides_caccae	76.6214063728
PWY-7220: adenosine deoxyribonucleotides de novo biosynthesis II|g__Bacteroides.s__Bacteroides_ovatus	72.8738080681
PWY-7220: adenosine deoxyribonucleotides de novo biosynthesis II|g__Bilophila.s__Bilophila_wadsworthia	29.2646481448
PWY-7220: adenosine deoxyribonucleotides de novo biosynthesis II|g__Bacteroides.s__Bacteroides_salyersiae	26.5496547970
PWY-7220: adenosine deoxyribonucleotides de novo biosynthesis II|g__Odoribacter.s__Odoribacter_splanchnicus	24.1062338016
PWY-7220: adenosine deoxyribonucleotides de novo biosynthesis II|g__Prevotella.s__Prevotella_sp_CAG_485	23.2407919377
PWY-7220: adenosine deoxyribonucleotides de novo biosynthesis II|g__Bacteroides.s__Bacteroides_intestinalis	23.0944486955
PWY-7220: adenosine deoxyribonucleotides de novo biosynthesis II|g__Bacteroides.s__Bacteroides_faecis	22.6864968167
PWY-7220: adenosine deoxyribonucleotides de novo biosynthesis II|g__Parabacteroides.s__Parabacteroides_distasonis	20.5491726666
PWY-7220: adenosine deoxyribonucleotides de novo biosynthesis II|g__Bacteroides.s__Bacteroides_cellulosilyticus	17.5713494468
PWY-7220: adenosine deoxyribonucleotides de novo biosynthesis II|g__Erysipelatoclostridium.s__Clostridium_innocuum	5.7213734041
PWY-7220: adenosine deoxyribonucleotides de novo biosynthesis II|g__Bacteroides.s__Bacteroides_fragilis	4.6101206905
PWY-7222: guanosine deoxyribonucleotides de novo biosynthesis II	2699.1799522981
PWY-7222: guanosine deoxyribonucleotides de novo biosynthesis II|g__Bacteroides.s__Bacteroides_vulgatus	463.8922652388
PWY-7222: guanosine deoxyribonucleotides de novo biosynthesis II|unclassified	342.0470999332
PWY-7222: guanosine deoxyribonucleotides de novo biosynthesis II|g__Bacteroides.s__Bacteroides_massiliensis	172.5083446023
PWY-7222: guanosine deoxyribonucleotides de novo biosynthesis II|g__Bacteroides.s__Bacteroides_dorei	152.4199944374
PWY-7222: guanosine deoxyribonucleotides de novo biosynthesis II|g__Sutterella.s__Sutterella_wadsworthensis	88.4134451969
PWY-7222: guanosine deoxyribonucleotides de novo biosynthesis II|g__Bacteroides.s__Bacteroides_caccae	76.6214063728
PWY-7222: guanosine deoxyribonucleotides de novo biosynthesis II|g__Bacteroides.s__Bacteroides_ovatus	72.8738080681
PWY-7222: guanosine deoxyribonucleotides de novo biosynthesis II|g__Bilophila.s__Bilophila_wadsworthia	29.2646481448
PWY-7222: guanosine deoxyribonucleotides de novo biosynthesis II|g__Bacteroides.s__Bacteroides_salyersiae	26.5496547970
PWY-7222: guanosine deoxyribonucleotides de novo biosynthesis II|g__Odoribacter.s__Odoribacter_splanchnicus	24.1062338016
PWY-7222: guanosine deoxyribonucleotides de novo biosynthesis II|g__Prevotella.s__Prevotella_sp_CAG_485	23.2407919377
PWY-7222: guanosine deoxyribonucleotides de novo biosynthesis II|g__Bacteroides.s__Bacteroides_intestinalis	23.0944486955
PWY-7222: guanosine deoxyribonucleotides de novo biosynthesis II|g__Bacteroides.s__Bacteroides_faecis	22.6864968167
PWY-7222: guanosine deoxyribonucleotides de novo biosynthesis II|g__Parabacteroides.s__Parabacteroides_distasonis	20.5491726666
PWY-7222: guanosine deoxyribonucleotides de novo biosynthesis II|g__Bacteroides.s__Bacteroides_cellulosilyticus	17.5713494468
PWY-7222: guanosine deoxyribonucleotides de novo biosynthesis II|g__Erysipelatoclostridium.s__Clostridium_innocuum	5.7213734041
PWY-7222: guanosine deoxyribonucleotides de novo biosynthesis II|g__Bacteroides.s__Bacteroides_fragilis	4.6101206905
PWY-7198: pyrimidine deoxyribonucleotides de novo biosynthesis IV	2691.2754329291
PWY-7198: pyrimidine deoxyribonucleotides de novo biosynthesis IV|unclassified	405.3461309415
GLYCOCAT-PWY: glycogen degradation I	2608.1930136404
GLYCOCAT-PWY: glycogen degradation I|unclassified	55.3450490211
GLYCOCAT-PWY: glycogen degradation I|g__Coprococcus.s__Coprococcus_catus	50.3089680487
GLYCOCAT-PWY: glycogen degradation I|g__Bifidobacterium.s__Bifidobacterium_longum	15.2967272175
GLYCOCAT-PWY: glycogen degradation I|g__Bifidobacterium.s__Bifidobacterium_bifidum	14.8183053259
PWY-6731: starch degradation III	2557.2969821239
PWY-6731: starch degradation III|g__Blautia.s__Blautia_obeum	308.8557214373
PWY-6731: starch degradation III|g__Fusicatenibacter.s__Fusicatenibacter_saccharivorans	274.6098327752
PWY-6731: starch degradation III|g__Eubacterium.s__Eubacterium_hallii	164.8753480292
PWY-6731: starch degradation III|g__Lachnospira.s__Lachnospira_pectinoschiza	155.8706974865
PWY-6731: starch degradation III|g__Blautia.s__Blautia_wexlerae	131.0431520443
PWY-6731: starch degradation III|g__Blautia.s__Ruminococcus_torques	121.6969898967
PWY-6731: starch degradation III|g__Blautia.s__Blautia_sp	93.0833997128
PWY-6731: starch degradation III|g__Coprococcus.s__Coprococcus_comes	72.1261836234
PWY-6731: starch degradation III|unclassified	62.1009813096
PWY-6731: starch degradation III|g__Agathobaculum.s__Agathobaculum_butyriciproducens	37.5099220743
PWY-6731: starch degradation III|g__Bacteroides.s__Bacteroides_cellulosilyticus	19.9196493468
PWY-6731: starch degradation III|g__Bacteroides.s__Bacteroides_fragilis	13.1850611232
GLUCUROCAT-PWY: superpathway of &beta;-D-glucuronosides degradation	2533.2741518013
GLUCUROCAT-PWY: superpathway of &beta;-D-glucuronosides degradation|g__Faecalibacterium.s__Faecalibacterium_prausnitzii	681.6476450377
GLUCUROCAT-PWY: superpathway of &beta;-D-glucuronosides degradation|unclassified	251.6220958065
GLUCUROCAT-PWY: superpathway of &beta;-D-glucuronosides degradation|g__Bacteroides.s__Bacteroides_fragilis	23.6467040845
METH-ACETATE-PWY: methanogenesis from acetate	2515.2345822648
METH-ACETATE-PWY: methanogenesis from acetate|g__Blautia.s__Blautia_wexlerae	236.3101332460
METH-ACETATE-PWY: methanogenesis from acetate|g__Fusicatenibacter.s__Fusicatenibacter_saccharivorans	210.6289934119
METH-ACETATE-PWY: methanogenesis from acetate|unclassified	208.6632031437
METH-ACETATE-PWY: methanogenesis from acetate|g__Blautia.s__Ruminococcus_torques	94.5352284298
METH-ACETATE-PWY: methanogenesis from acetate|g__Blautia.s__Blautia_obeum	70.4474547468
METH-ACETATE-PWY: methanogenesis from acetate|g__Blautia.s__Blautia_sp_AF19_10LB	34.3968768146
PWY-6549: L-glutamine biosynthesis III	2485.4396416816
PWY-6549: L-glutamine biosynthesis III|unclassified	163.5108824872
PWY-2941: L-lysine biosynthesis II	2462.4943197438
PWY-2941: L-lysine biosynthesis II|unclassified	226.5993462972
PWY-2941: L-lysine biosynthesis II|g__Sutterella.s__Sutterella_wadsworthensis	98.2538064412
PWY-2941: L-lysine biosynthesis II|g__Blautia.s__Ruminococcus_torques	40.6085672444
PWY-2941: L-lysine biosynthesis II|g__Parabacteroides.s__Parabacteroides_distasonis	36.3206374731
PWY-2941: L-lysine biosynthesis II|g__Intestinibacter.s__Intestinibacter_bartlettii	18.1144809415
PWY-2941: L-lysine biosynthesis II|g__Streptococcus.s__Streptococcus_thermophilus	16.7872358268
PWY-2941: L-lysine biosynthesis II|g__Bacteroides.s__Bacteroides_cellulosilyticus	14.4265750525
PWY-2941: L-lysine biosynthesis II|g__Bacteroides.s__Bacteroides_fragilis	11.1553374113
PWY-2941: L-lysine biosynthesis II|g__Streptococcus.s__Streptococcus_salivarius	5.2394312082
PWY-4984: urea cycle	2455.2913211683
PWY-4984: urea cycle|g__Alistipes.s__Alistipes_finegoldii	286.0188392056
PWY-4984: urea cycle|g__Alistipes.s__Alistipes_onderdonkii	94.8226224036
PWY-4984: urea cycle|unclassified	73.1947565681
PWY-4984: urea cycle|g__Coprococcus.s__Coprococcus_catus	43.2300472205
PWY-7197: pyrimidine deoxyribonucleotide phosphorylation	2449.8470379031
PWY-7197: pyrimidine deoxyribonucleotide phosphorylation|unclassified	354.5471634874
PWY-7197: pyrimidine deoxyribonucleotide phosphorylation|g__Phascolarctobacterium.s__Phascolarctobacterium_faecium	195.6890669146
PWY-7197: pyrimidine deoxyribonucleotide phosphorylation|g__Collinsella.s__Collinsella_aerofaciens	195.3581082365
PWY-7197: pyrimidine deoxyribonucleotide phosphorylation|g__Sutterella.s__Sutterella_wadsworthensis	104.0148217176
PWY-7197: pyrimidine deoxyribonucleotide phosphorylation|g__Senegalimassilia.s__Senegalimassilia_anaerobia	40.9273582283
PWY-7197: pyrimidine deoxyribonucleotide phosphorylation|g__Eggerthella.s__Eggerthella_sp_CAG_298	30.9755374547
PWY-7197: pyrimidine deoxyribonucleotide phosphorylation|g__Bilophila.s__Bilophila_wadsworthia	21.4586432904
PWY-7197: pyrimidine deoxyribonucleotide phosphorylation|g__Asaccharobacter.s__Asaccharobacter_celatus	17.0235663475
PWY-7197: pyrimidine deoxyribonucleotide phosphorylation|g__Slackia.s__Slackia_isoflavoniconvertens	14.2496664905
PWY-7197: pyrimidine deoxyribonucleotide phosphorylation|g__Adlercreutzia.s__Adlercreutzia_equolifaciens	10.7908518903
PWY-7197: pyrimidine deoxyribonucleotide phosphorylation|g__Erysipelatoclostridium.s__Clostridium_innocuum	6.7018640124
PWY-7115: C4 photosynthetic carbon assimilation cycle, NAD-ME type	2446.3895711789
PWY-5505: L-glutamate and L-glutamine biosynthesis	2427.2052204611
PWY-5505: L-glutamate and L-glutamine biosynthesis|unclassified	31.5462236062
PWY0-845: superpathway of pyridoxal 5'-phosphate biosynthesis and salvage	2399.0966294675
PWY0-845: superpathway of pyridoxal 5'-phosphate biosynthesis and salvage|g__Bacteroides.s__Bacteroides_caccae	107.4755712769
PWY0-845: superpathway of pyridoxal 5'-phosphate biosynthesis and salvage|g__Bacteroides.s__Bacteroides_uniformis	62.5819868593
PWY0-845: superpathway of pyridoxal 5'-phosphate biosynthesis and salvage|g__Bacteroides.s__Bacteroides_ovatus	45.7760897929
PWY0-845: superpathway of pyridoxal 5'-phosphate biosynthesis and salvage|g__Parabacteroides.s__Parabacteroides_distasonis	30.7294910797
PWY0-845: superpathway of pyridoxal 5'-phosphate biosynthesis and salvage|g__Bacteroides.s__Bacteroides_faecis	26.6120258199
PWY0-845: superpathway of pyridoxal 5'-phosphate biosynthesis and salvage|g__Bacteroides.s__Bacteroides_cellulosilyticus	14.2360863521
PWY0-845: superpathway of pyridoxal 5'-phosphate biosynthesis and salvage|g__Bacteroides.s__Bacteroides_fragilis	6.3440223380
GLYCOLYSIS-E-D: superpathway of glycolysis and the Entner-Doudoroff pathway	2340.5373110046
GLYCOLYSIS-E-D: superpathway of glycolysis and the Entner-Doudoroff pathway|unclassified	197.5287757711
PYRIDNUCSAL-PWY: NAD salvage pathway I (PNC VI cycle)	2312.1978017382
PYRIDNUCSAL-PWY: NAD salvage pathway I (PNC VI cycle)|unclassified	9.8071026499
PWY-4041: &gamma;-glutamyl cycle	2284.3023211315
PWY-4041: &gamma;-glutamyl cycle|unclassified	96.3867845207
PWY-4041: &gamma;-glutamyl cycle|g__Bifidobacterium.s__Bifidobacterium_longum	39.2679039752
PWY-4041: &gamma;-glutamyl cycle|g__Streptococcus.s__Streptococcus_pneumoniae	13.3754510256
PWY-4041: &gamma;-glutamyl cycle|g__Streptococcus.s__Streptococcus_thermophilus	11.2233232677
PWY-4041: &gamma;-glutamyl cycle|g__Raoultella.s__Raoultella_planticola	6.8611287580
PWY-4041: &gamma;-glutamyl cycle|g__Streptococcus.s__Streptococcus_salivarius	5.2071632583
PWY-4041: &gamma;-glutamyl cycle|g__Streptococcus.s__Streptococcus_parasanguinis	4.7340050091
PWY-4041: &gamma;-glutamyl cycle|g__Klebsiella.s__Klebsiella_oxytoca	1.7804161802
PWY-7242: D-fructuronate degradation	2241.9108992710
PWY-7242: D-fructuronate degradation|g__Faecalibacterium.s__Faecalibacterium_prausnitzii	1017.1767520433
PWY-7242: D-fructuronate degradation|unclassified	207.1504729646
PWY-7242: D-fructuronate degradation|g__Bacteroides.s__Bacteroides_fragilis	20.9805710225
SALVADEHYPOX-PWY: adenosine nucleotides degradation II	2182.1223242656
SALVADEHYPOX-PWY: adenosine nucleotides degradation II|g__Faecalibacterium.s__Faecalibacterium_prausnitzii	547.4782049516
SALVADEHYPOX-PWY: adenosine nucleotides degradation II|g__Anaerostipes.s__Anaerostipes_hadrus	232.3544206886
SALVADEHYPOX-PWY: adenosine nucleotides degradation II|unclassified	199.6900656045
SALVADEHYPOX-PWY: adenosine nucleotides degradation II|g__Blautia.s__Ruminococcus_torques	112.2156339546
SALVADEHYPOX-PWY: adenosine nucleotides degradation II|g__Blautia.s__Blautia_obeum	36.3739122568
SALVADEHYPOX-PWY: adenosine nucleotides degradation II|g__Roseburia.s__Roseburia_intestinalis	27.6240622515
SALVADEHYPOX-PWY: adenosine nucleotides degradation II|g__Dorea.s__Dorea_longicatena	7.4524010722
SALVADEHYPOX-PWY: adenosine nucleotides degradation II|g__Lachnoclostridium.s__Clostridium_citroniae	6.2766880351
PWY-5913: partial TCA cycle (obligate autotrophs)	2164.9992883415
PWY-5913: partial TCA cycle (obligate autotrophs)|unclassified	12.5868028907
P441-PWY: superpathway of N-acetylneuraminate degradation	2151.9126223463
P441-PWY: superpathway of N-acetylneuraminate degradation|unclassified	156.9728138592
PWY3O-4107: NAD salvage pathway V (PNC V cycle)	2125.7380123866
PWY3O-4107: NAD salvage pathway V (PNC V cycle)|g__Bifidobacterium.s__Bifidobacterium_bifidum	132.5514866289
PWY3O-4107: NAD salvage pathway V (PNC V cycle)|unclassified	7.0522955013
PWY-5030: L-histidine degradation III	2071.8422959414
PWY-5030: L-histidine degradation III|g__Bacteroides.s__Bacteroides_vulgatus	280.9397268164
PWY-5030: L-histidine degradation III|g__Alistipes.s__Alistipes_finegoldii	280.6999143701
PWY-5030: L-histidine degradation III|unclassified	236.8314500056
PWY-5030: L-histidine degradation III|g__Bacteroides.s__Bacteroides_massiliensis	212.3498649084
PWY-5030: L-histidine degradation III|g__Bacteroides.s__Bacteroides_uniformis	106.5872370493
PWY-5030: L-histidine degradation III|g__Bacteroides.s__Bacteroides_dorei	102.8929655543
PWY-5030: L-histidine degradation III|g__Bacteroides.s__Bacteroides_ovatus	59.1409613493
PWY-5030: L-histidine degradation III|g__Alistipes.s__Alistipes_onderdonkii	40.5809670356
PWY-5030: L-histidine degradation III|g__Bacteroides.s__Bacteroides_faecis	31.1957877489
PWY-5030: L-histidine degradation III|g__Streptococcus.s__Streptococcus_parasanguinis	17.6459695913
PWY-5030: L-histidine degradation III|g__Bacteroides.s__Bacteroides_fragilis	14.2193554665
PWY-7392: taxadiene biosynthesis (engineered)	1983.4834089256
PWY-7392: taxadiene biosynthesis (engineered)|unclassified	33.7133500519
PWY-7211: superpathway of pyrimidine deoxyribonucleotides de novo biosynthesis	1922.3348166626
PWY-7211: superpathway of pyrimidine deoxyribonucleotides de novo biosynthesis|unclassified	177.4589156565
PYRIDOXSYN-PWY: pyridoxal 5'-phosphate biosynthesis I	1894.9394615061
PYRIDOXSYN-PWY: pyridoxal 5'-phosphate biosynthesis I|g__Bacteroides.s__Bacteroides_caccae	106.3968921538
PYRIDOXSYN-PWY: pyridoxal 5'-phosphate biosynthesis I|g__Bacteroides.s__Bacteroides_uniformis	72.7282519908
PYRIDOXSYN-PWY: pyridoxal 5'-phosphate biosynthesis I|g__Bacteroides.s__Bacteroides_ovatus	58.5320726886
PYRIDOXSYN-PWY: pyridoxal 5'-phosphate biosynthesis I|g__Bacteroides.s__Bacteroides_cellulosilyticus	36.2113716061
PYRIDOXSYN-PWY: pyridoxal 5'-phosphate biosynthesis I|g__Parabacteroides.s__Parabacteroides_distasonis	31.3033774242
PYRIDOXSYN-PWY: pyridoxal 5'-phosphate biosynthesis I|g__Bacteroides.s__Bacteroides_faecis	22.8029146215
PYRIDOXSYN-PWY: pyridoxal 5'-phosphate biosynthesis I|g__Bacteroides.s__Bacteroides_fragilis	3.7934976496
PWY-6630: superpathway of L-tyrosine biosynthesis	1877.6391843878
PWY-6630: superpathway of L-tyrosine biosynthesis|unclassified	458.0343493912
PWY-6630: superpathway of L-tyrosine biosynthesis|g__Streptococcus.s__Streptococcus_salivarius	6.9981327524
PWY-6305: superpathway of putrescine biosynthesis	1863.7673889568
PWY-6305: superpathway of putrescine biosynthesis|unclassified	56.9895865332
PWY-6606: guanosine nucleotides degradation II	1862.9745106930
PWY-6606: guanosine nucleotides degradation II|g__Anaerostipes.s__Anaerostipes_hadrus	199.0713796238
PWY-6606: guanosine nucleotides degradation II|unclassified	161.3970207808
PWY-6606: guanosine nucleotides degradation II|g__Blautia.s__Ruminococcus_torques	123.4481417488
PWY-6606: guanosine nucleotides degradation II|g__Blautia.s__Blautia_obeum	42.7581540385
PWY-6606: guanosine nucleotides degradation II|g__Roseburia.s__Roseburia_intestinalis	28.7452228391
PWY-6606: guanosine nucleotides degradation II|g__Lachnoclostridium.s__Clostridium_citroniae	7.0009569347
PWY-6606: guanosine nucleotides degradation II|g__Dorea.s__Dorea_longicatena	6.8622482390
PWY-6895: superpathway of thiamine diphosphate biosynthesis II	1843.7817878048
PWY-6895: superpathway of thiamine diphosphate biosynthesis II|unclassified	134.4623582772
PWY-6969: TCA cycle V (2-oxoglutarate synthase)	1769.8600434747
PWY-6969: TCA cycle V (2-oxoglutarate synthase)|unclassified	145.4223698880
PWY-7356: thiamine diphosphate salvage IV (yeast)	1724.5549549593
PWY-7356: thiamine diphosphate salvage IV (yeast)|g__Bifidobacterium.s__Bifidobacterium_adolescentis	590.5623254982
PWY-7356: thiamine diphosphate salvage IV (yeast)|unclassified	265.8523480847
PWY-7356: thiamine diphosphate salvage IV (yeast)|g__Agathobaculum.s__Agathobaculum_butyriciproducens	30.3392623754
PWY-1269: CMP-3-deoxy-D-manno-octulosonate biosynthesis	1697.7910878382
PWY-1269: CMP-3-deoxy-D-manno-octulosonate biosynthesis|unclassified	494.7445096520
PWY-1269: CMP-3-deoxy-D-manno-octulosonate biosynthesis|g__Prevotella.s__Prevotella_copri	328.9761441210
PWY-1269: CMP-3-deoxy-D-manno-octulosonate biosynthesis|g__Bacteroides.s__Bacteroides_uniformis	86.9783005285
PWY-1269: CMP-3-deoxy-D-manno-octulosonate biosynthesis|g__Bacteroides.s__Bacteroides_caccae	61.8119031169
PWY-1269: CMP-3-deoxy-D-manno-octulosonate biosynthesis|g__Bacteroides.s__Bacteroides_ovatus	40.0442097173
PWY-1269: CMP-3-deoxy-D-manno-octulosonate biosynthesis|g__Bacteroides.s__Bacteroides_faecis	19.7485531679
PWY-1269: CMP-3-deoxy-D-manno-octulosonate biosynthesis|g__Alistipes.s__Alistipes_shahii	18.4774287754
PWY-1269: CMP-3-deoxy-D-manno-octulosonate biosynthesis|g__Bacteroides.s__Bacteroides_fragilis	4.8768042194
GALACTUROCAT-PWY: D-galacturonate degradation I	1677.1700009812
GALACTUROCAT-PWY: D-galacturonate degradation I|g__Faecalibacterium.s__Faecalibacterium_prausnitzii	1117.1794650866
GALACTUROCAT-PWY: D-galacturonate degradation I|unclassified	79.8731305341
GALACTUROCAT-PWY: D-galacturonate degradation I|g__Alistipes.s__Alistipes_shahii	17.0909119094
PWY-7315: dTDP-N-acetylthomosamine biosynthesis	1639.3339390252
PWY-7315: dTDP-N-acetylthomosamine biosynthesis|unclassified	1236.6969822945
PWY-7315: dTDP-N-acetylthomosamine biosynthesis|g__Blautia.s__Blautia_sp_AF19_10LB	43.7560327994
PWY-7315: dTDP-N-acetylthomosamine biosynthesis|g__Eisenbergiella.s__Eisenbergiella_tayi	7.2055383924
PWY-I9: L-cysteine biosynthesis VI (from L-methionine)	1617.0468005978
PWY-I9: L-cysteine biosynthesis VI (from L-methionine)|g__Blautia.s__Ruminococcus_torques	306.6806644365
PWY-I9: L-cysteine biosynthesis VI (from L-methionine)|g__Anaerostipes.s__Anaerostipes_hadrus	261.8873700128
PWY-I9: L-cysteine biosynthesis VI (from L-methionine)|unclassified	93.7637904177
PWY-I9: L-cysteine biosynthesis VI (from L-methionine)|g__Blautia.s__Blautia_obeum	45.0396495413
PWY-I9: L-cysteine biosynthesis VI (from L-methionine)|g__Bifidobacterium.s__Bifidobacterium_longum	42.9914406131
PWY-I9: L-cysteine biosynthesis VI (from L-methionine)|g__Coprococcus.s__Coprococcus_comes	36.9909403279
PWY-I9: L-cysteine biosynthesis VI (from L-methionine)|g__Roseburia.s__Roseburia_intestinalis	33.8530276676
PWY-I9: L-cysteine biosynthesis VI (from L-methionine)|g__Streptococcus.s__Streptococcus_thermophilus	8.7907470574
PWY-I9: L-cysteine biosynthesis VI (from L-methionine)|g__Streptococcus.s__Streptococcus_pneumoniae	5.6849934969
PWY-I9: L-cysteine biosynthesis VI (from L-methionine)|g__Roseburia.s__Roseburia_inulinivorans	5.3152238721
PWY-I9: L-cysteine biosynthesis VI (from L-methionine)|g__Streptococcus.s__Streptococcus_salivarius	2.1381038836
PWY-702: L-methionine biosynthesis II	1614.6916649328
PWY-702: L-methionine biosynthesis II|g__Blautia.s__Ruminococcus_torques	125.1632231428
PWY-702: L-methionine biosynthesis II|unclassified	72.3107775865
PWY-702: L-methionine biosynthesis II|g__Bifidobacterium.s__Bifidobacterium_longum	42.7676885352
PWY-702: L-methionine biosynthesis II|g__Streptococcus.s__Streptococcus_thermophilus	13.6281510393
PWY-702: L-methionine biosynthesis II|g__Streptococcus.s__Streptococcus_pneumoniae	12.4843201399
PWY-702: L-methionine biosynthesis II|g__Streptococcus.s__Streptococcus_salivarius	8.3761619147
LACTOSECAT-PWY: lactose and galactose degradation I	1597.9900741684
LACTOSECAT-PWY: lactose and galactose degradation I|g__Collinsella.s__Collinsella_aerofaciens	587.2307918574
LACTOSECAT-PWY: lactose and galactose degradation I|unclassified	301.7637581306
LACTOSECAT-PWY: lactose and galactose degradation I|g__Anaerostipes.s__Anaerostipes_hadrus	180.8183655282
LACTOSECAT-PWY: lactose and galactose degradation I|g__Streptococcus.s__Streptococcus_parasanguinis	19.5179356471
LACTOSECAT-PWY: lactose and galactose degradation I|g__Eisenbergiella.s__Eisenbergiella_tayi	10.1427866373
ARGININE-SYN4-PWY: L-ornithine biosynthesis II	1535.9810607235
ARGININE-SYN4-PWY: L-ornithine biosynthesis II|unclassified	412.4691363317
ARGININE-SYN4-PWY: L-ornithine biosynthesis II|g__Bacteroides.s__Bacteroides_vulgatus	364.7478378434
ARGININE-SYN4-PWY: L-ornithine biosynthesis II|g__Bacteroides.s__Bacteroides_massiliensis	200.2064994432
ARGININE-SYN4-PWY: L-ornithine biosynthesis II|g__Bacteroides.s__Bacteroides_dorei	96.8473077065
ARGININE-SYN4-PWY: L-ornithine biosynthesis II|g__Bacteroides.s__Bacteroides_caccae	71.4620088631
ARGININE-SYN4-PWY: L-ornithine biosynthesis II|g__Bacteroides.s__Bacteroides_uniformis	66.9108601228
ARGININE-SYN4-PWY: L-ornithine biosynthesis II|g__Bacteroides.s__Bacteroides_cellulosilyticus	62.5213248503
ARGININE-SYN4-PWY: L-ornithine biosynthesis II|g__Bacteroides.s__Bacteroides_ovatus	54.5613587852
ARGININE-SYN4-PWY: L-ornithine biosynthesis II|g__Parabacteroides.s__Parabacteroides_distasonis	23.6385352916
ARGININE-SYN4-PWY: L-ornithine biosynthesis II|g__Bacteroides.s__Bacteroides_faecis	21.3905695883
ARGININE-SYN4-PWY: L-ornithine biosynthesis II|g__Bacteroides.s__Bacteroides_salyersiae	19.5370208983
ARGININE-SYN4-PWY: L-ornithine biosynthesis II|g__Bacteroides.s__Bacteroides_fragilis	16.5551800405
PWY-5676: acetyl-CoA fermentation to butanoate II	1535.5710934112
PWY-5676: acetyl-CoA fermentation to butanoate II|g__Anaerostipes.s__Anaerostipes_hadrus	347.7320574676
PWY-5676: acetyl-CoA fermentation to butanoate II|g__Coprococcus.s__Coprococcus_catus	100.1317934369
PWY-5676: acetyl-CoA fermentation to butanoate II|unclassified	94.3763578305
PWY-5345: superpathway of L-methionine biosynthesis (by sulfhydrylation)	1528.7312550766
PWY-5345: superpathway of L-methionine biosynthesis (by sulfhydrylation)|unclassified	340.0841292223
PWY-6168: flavin biosynthesis III (fungi)	1508.8658212841
PWY-6507: 4-deoxy-L-threo-hex-4-enopyranuronate degradation	1502.9429366325
PWY-6507: 4-deoxy-L-threo-hex-4-enopyranuronate degradation|g__Faecalibacterium.s__Faecalibacterium_prausnitzii	1038.4931126502
PWY-6507: 4-deoxy-L-threo-hex-4-enopyranuronate degradation|unclassified	68.2418544550
FUC-RHAMCAT-PWY: superpathway of fucose and rhamnose degradation	1490.4585082934
FUC-RHAMCAT-PWY: superpathway of fucose and rhamnose degradation|unclassified	92.8163846564
POLYISOPRENSYN-PWY: polyisoprenoid biosynthesis (E. coli)	1442.8480204502
POLYISOPRENSYN-PWY: polyisoprenoid biosynthesis (E. coli)|unclassified	70.4978912092
P461-PWY: hexitol fermentation to lactate, formate, ethanol and acetate	1396.8989828823
P461-PWY: hexitol fermentation to lactate, formate, ethanol and acetate|g__Anaerostipes.s__Anaerostipes_hadrus	465.3587179552
P461-PWY: hexitol fermentation to lactate, formate, ethanol and acetate|unclassified	366.4735595545
P164-PWY: purine nucleobases degradation I (anaerobic)	1393.3009757389
P164-PWY: purine nucleobases degradation I (anaerobic)|unclassified	142.7950117308
PWY-7210: pyrimidine deoxyribonucleotides biosynthesis from CTP	1386.1052435918
PWY-7210: pyrimidine deoxyribonucleotides biosynthesis from CTP|unclassified	383.3025299401
PWY66-409: superpathway of purine nucleotide salvage	1350.7839485492
PWY66-409: superpathway of purine nucleotide salvage|unclassified	399.0618550255
PWY-7184: pyrimidine deoxyribonucleotides de novo biosynthesis I	1343.8155547305
PWY-7184: pyrimidine deoxyribonucleotides de novo biosynthesis I|unclassified	401.3880722927
PWY-6545: pyrimidine deoxyribonucleotides de novo biosynthesis III	1334.0113604843
PWY-6545: pyrimidine deoxyribonucleotides de novo biosynthesis III|unclassified	398.6036853351
PWY-5981: CDP-diacylglycerol biosynthesis III	1310.4091538119
PWY-5981: CDP-diacylglycerol biosynthesis III|g__Streptococcus.s__Streptococcus_thermophilus	25.5076324722
PWY-5981: CDP-diacylglycerol biosynthesis III|g__Streptococcus.s__Streptococcus_salivarius	10.0454587338
PWY-5981: CDP-diacylglycerol biosynthesis III|g__Streptococcus.s__Streptococcus_pneumoniae	9.9121620486
SULFATE-CYS-PWY: superpathway of sulfate assimilation and cysteine biosynthesis	1255.6837270412
SULFATE-CYS-PWY: superpathway of sulfate assimilation and cysteine biosynthesis|unclassified	264.4989414045
PWY0-301: L-ascorbate degradation I (bacterial, anaerobic)	1245.2030977487
PWY0-301: L-ascorbate degradation I (bacterial, anaerobic)|unclassified	80.6786219927
PWY0-1261: anhydromuropeptides recycling I	1231.2783935409
PWY0-1261: anhydromuropeptides recycling I|unclassified	70.8300014334
PWY0-1479: tRNA processing	1209.2968931005
PWY0-1479: tRNA processing|unclassified	227.0928047214
PWY-622: starch biosynthesis	1204.2823144518
PWY-6590: superpathway of Clostridium acetobutylicum acidogenic fermentation	1175.6663898109
PWY-6590: superpathway of Clostridium acetobutylicum acidogenic fermentation|unclassified	68.0145777024
PWY-7185: UTP and CTP dephosphorylation I	1173.1825998186
PWY-7185: UTP and CTP dephosphorylation I|unclassified	644.6267025221
PWY-7185: UTP and CTP dephosphorylation I|g__Faecalibacterium.s__Faecalibacterium_prausnitzii	341.6455484288
FUCCAT-PWY: fucose degradation	1047.8349423237
FUCCAT-PWY: fucose degradation|g__Blautia.s__Ruminococcus_torques	185.8218894466
FUCCAT-PWY: fucose degradation|unclassified	57.6217783441
ARG+POLYAMINE-SYN: superpathway of arginine and polyamine biosynthesis	1015.4065801473
ARG+POLYAMINE-SYN: superpathway of arginine and polyamine biosynthesis|unclassified	166.4656604320
PWY0-1477: ethanolamine utilization	927.7034914119
PWY0-1477: ethanolamine utilization|unclassified	166.4773230527
PWY0-1477: ethanolamine utilization|g__Coprococcus.s__Coprococcus_catus	55.0124471531
PWY0-1477: ethanolamine utilization|g__Roseburia.s__Roseburia_hominis	27.4084531640
PWY0-1477: ethanolamine utilization|g__Bilophila.s__Bilophila_wadsworthia	16.3859018445
PWY0-1477: ethanolamine utilization|g__Streptococcus.s__Streptococcus_parasanguinis	11.3011248087
CENTFERM-PWY: pyruvate fermentation to butanoate	924.7141092069
CENTFERM-PWY: pyruvate fermentation to butanoate|unclassified	54.1585068643
PPGPPMET-PWY: ppGpp metabolism	872.3462741251
PPGPPMET-PWY: ppGpp metabolism|unclassified	115.7703591596
PWY0-1241: ADP-L-glycero-&beta;-D-manno-heptose biosynthesis	835.6391552674
PWY0-1241: ADP-L-glycero-&beta;-D-manno-heptose biosynthesis|g__Akkermansia.s__Akkermansia_muciniphila	438.5848980282
PWY0-1241: ADP-L-glycero-&beta;-D-manno-heptose biosynthesis|g__Phascolarctobacterium.s__Phascolarctobacterium_faecium	197.5088041314
PWY0-1241: ADP-L-glycero-&beta;-D-manno-heptose biosynthesis|unclassified	10.7370268879
PWY-8131: 5'-deoxyadenosine degradation II	793.5785498960
PWY-8131: 5'-deoxyadenosine degradation II|unclassified	272.5348361080
PWY-8131: 5'-deoxyadenosine degradation II|g__Blautia.s__Blautia_obeum	28.8130071321
PWY-8131: 5'-deoxyadenosine degradation II|g__Anaerotruncus.s__Anaerotruncus_colihominis	9.2907512721
PWY-6859: all-trans-farnesol biosynthesis	793.5175080412
PWY-6859: all-trans-farnesol biosynthesis|unclassified	11.5026473326
PWY-6902: chitin degradation II (Vibrio)	744.8674032666
PWY-6902: chitin degradation II (Vibrio)|g__Fusicatenibacter.s__Fusicatenibacter_saccharivorans	300.0439470243
PWY-6902: chitin degradation II (Vibrio)|g__Bacteroides.s__Bacteroides_vulgatus	147.3769887798
PWY-6902: chitin degradation II (Vibrio)|g__Bacteroides.s__Bacteroides_uniformis	105.3827586160
PWY-6902: chitin degradation II (Vibrio)|g__Bacteroides.s__Bacteroides_cellulosilyticus	50.7612662560
PWY-6902: chitin degradation II (Vibrio)|g__Bacteroides.s__Bacteroides_faecis	44.9399176410
PWY-6902: chitin degradation II (Vibrio)|g__Bacteroides.s__Bacteroides_intestinalis	11.7808702835
PWY-6902: chitin degradation II (Vibrio)|g__Eisenbergiella.s__Eisenbergiella_tayi	11.3353297460
P185-PWY: formaldehyde assimilation III (dihydroxyacetone cycle)	728.0482285163
P185-PWY: formaldehyde assimilation III (dihydroxyacetone cycle)|unclassified	111.9628242714
PWY-7013: (S)-propane-1,2-diol degradation	688.8932328376
PWY-7013: (S)-propane-1,2-diol degradation|g__Eubacterium.s__Eubacterium_hallii	271.2780676229
NAGLIPASYN-PWY: lipid IVA biosynthesis (E. coli)	652.6706710903
NAGLIPASYN-PWY: lipid IVA biosynthesis (E. coli)|g__Sutterella.s__Sutterella_wadsworthensis	105.8692843244
NAGLIPASYN-PWY: lipid IVA biosynthesis (E. coli)|g__Bacteroides.s__Bacteroides_uniformis	97.2957043173
NAGLIPASYN-PWY: lipid IVA biosynthesis (E. coli)|g__Bacteroides.s__Bacteroides_cellulosilyticus	35.3178185630
NAGLIPASYN-PWY: lipid IVA biosynthesis (E. coli)|unclassified	17.6831471357
NAGLIPASYN-PWY: lipid IVA biosynthesis (E. coli)|g__Bacteroides.s__Bacteroides_intestinalis	7.4485436596
PWY-8073: lipid IVA biosynthesis (P. putida)	652.6706710903
PWY-8073: lipid IVA biosynthesis (P. putida)|g__Sutterella.s__Sutterella_wadsworthensis	105.8692843244
PWY-8073: lipid IVA biosynthesis (P. putida)|g__Bacteroides.s__Bacteroides_uniformis	97.2957043173
PWY-8073: lipid IVA biosynthesis (P. putida)|g__Bacteroides.s__Bacteroides_cellulosilyticus	35.3178185630
PWY-8073: lipid IVA biosynthesis (P. putida)|unclassified	17.6831471357
PWY-8073: lipid IVA biosynthesis (P. putida)|g__Bacteroides.s__Bacteroides_intestinalis	7.4485436596
FOLSYN-PWY: superpathway of tetrahydrofolate biosynthesis and salvage	645.6299020631
GOLPDLCAT-PWY: superpathway of glycerol degradation to 1,3-propanediol	638.8423097505
GOLPDLCAT-PWY: superpathway of glycerol degradation to 1,3-propanediol|g__Anaerostipes.s__Anaerostipes_hadrus	220.3986676758
GOLPDLCAT-PWY: superpathway of glycerol degradation to 1,3-propanediol|g__Eubacterium.s__Eubacterium_hallii	106.8921120187
GOLPDLCAT-PWY: superpathway of glycerol degradation to 1,3-propanediol|unclassified	89.9691654998
GOLPDLCAT-PWY: superpathway of glycerol degradation to 1,3-propanediol|g__Blautia.s__Ruminococcus_torques	88.7757713869
RUMP-PWY: formaldehyde oxidation I	637.5227491798
RUMP-PWY: formaldehyde oxidation I|unclassified	51.8689477839
PWY-5497: purine nucleobases degradation II (anaerobic)	625.9110455722
PWY-5497: purine nucleobases degradation II (anaerobic)|g__Roseburia.s__Roseburia_intestinalis	29.5349166587
PWY-5497: purine nucleobases degradation II (anaerobic)|unclassified	23.4950645237
SO4ASSIM-PWY: assimilatory sulfate reduction I	613.9902993435
SO4ASSIM-PWY: assimilatory sulfate reduction I|unclassified	158.9317677011
PWY-5005: biotin biosynthesis II	548.7843278750
PWY-5005: biotin biosynthesis II|g__Phascolarctobacterium.s__Phascolarctobacterium_faecium	197.9174399974
PWY-5005: biotin biosynthesis II|g__Blautia.s__Ruminococcus_torques	41.0478079910
PWY1ZNC-1: assimilatory sulfate reduction IV	545.5309004034
PWY1ZNC-1: assimilatory sulfate reduction IV|g__Eubacterium.s__Eubacterium_hallii	87.2969647955
PWY1ZNC-1: assimilatory sulfate reduction IV|unclassified	74.0569058969
PWY0-1297: superpathway of purine deoxyribonucleosides degradation	543.1744901155
PWY0-1297: superpathway of purine deoxyribonucleosides degradation|unclassified	190.6718336451
PWY0-1297: superpathway of purine deoxyribonucleosides degradation|g__Blautia.s__Ruminococcus_torques	110.9558968268
PWY0-1297: superpathway of purine deoxyribonucleosides degradation|g__Coprococcus.s__Coprococcus_catus	43.5828734445
PWY0-1297: superpathway of purine deoxyribonucleosides degradation|g__Blautia.s__Blautia_sp_AF19_10LB	29.0256681443
PWY-7209: superpathway of pyrimidine ribonucleosides degradation	538.0768875248
POLYAMSYN-PWY: superpathway of polyamine biosynthesis I	537.8885649890
POLYAMSYN-PWY: superpathway of polyamine biosynthesis I|unclassified	93.5381959914
PWY0-1298: superpathway of pyrimidine deoxyribonucleosides degradation	533.0233118961
PWY0-1298: superpathway of pyrimidine deoxyribonucleosides degradation|unclassified	63.5762958476
PWY-5838: superpathway of menaquinol-8 biosynthesis I	445.1616563671
PWY-7992: superpathway of menaquinol-8 biosynthesis III	437.4051632305
PWY-7992: superpathway of menaquinol-8 biosynthesis III|unclassified	105.5409128053
PWY-6612: superpathway of tetrahydrofolate biosynthesis	436.8076423915
HEMESYN2-PWY: heme b biosynthesis II (oxygen-independent)	436.7633043785
HEMESYN2-PWY: heme b biosynthesis II (oxygen-independent)|g__Sutterella.s__Sutterella_wadsworthensis	124.1204185151
HEMESYN2-PWY: heme b biosynthesis II (oxygen-independent)|unclassified	44.4028398964
PWY-6284: superpathway of unsaturated fatty acids biosynthesis (E. coli)	427.3083523434
PWY-5897: superpathway of menaquinol-11 biosynthesis	405.0259709816
PWY-5898: superpathway of menaquinol-12 biosynthesis	405.0259709816
PWY-5899: superpathway of menaquinol-13 biosynthesis	405.0259709816
PWY-821: superpathway of sulfur amino acid biosynthesis (Saccharomyces cerevisiae)	401.6146483970
PWY-821: superpathway of sulfur amino acid biosynthesis (Saccharomyces cerevisiae)|unclassified	49.5907983890
PWY-5189: tetrapyrrole biosynthesis II (from glycine)	391.1306796220
PWY-5189: tetrapyrrole biosynthesis II (from glycine)|unclassified	252.0620074420
PWY-5189: tetrapyrrole biosynthesis II (from glycine)|g__Blautia.s__Blautia_obeum	66.2153307072
P105-PWY: TCA cycle IV (2-oxoglutarate decarboxylase)	385.9236589325
P105-PWY: TCA cycle IV (2-oxoglutarate decarboxylase)|unclassified	229.6195829639
PWY-6906: chitin derivatives degradation	382.3094683008
PWY-5840: superpathway of menaquinol-7 biosynthesis	367.6257751081
PWY-6588: pyruvate fermentation to acetone	365.7789672377
PWY-6588: pyruvate fermentation to acetone|unclassified	51.7653598861
PWY-6588: pyruvate fermentation to acetone|g__Eubacterium.s__Eubacterium_ramulus	8.9257333197
GALACT-GLUCUROCAT-PWY: superpathway of hexuronide and hexuronate degradation	365.0588144452
GALACT-GLUCUROCAT-PWY: superpathway of hexuronide and hexuronate degradation|unclassified	61.2651502384
PWY-7883: anhydromuropeptides recycling II	360.6809692625
PWY-7883: anhydromuropeptides recycling II|unclassified	17.8244696709
PWY0-781: aspartate superpathway	334.7884287789
PWY0-781: aspartate superpathway|unclassified	47.3490308277
P4-PWY: superpathway of L-lysine, L-threonine and L-methionine biosynthesis I	316.9605593892
P4-PWY: superpathway of L-lysine, L-threonine and L-methionine biosynthesis I|unclassified	45.4925086094
PWY-5918: superpathway of heme b biosynthesis from glutamate	308.0972813343
PWY-5861: superpathway of demethylmenaquinol-8 biosynthesis I	303.5850555836
P42-PWY: incomplete reductive TCA cycle	289.1635878900
P42-PWY: incomplete reductive TCA cycle|unclassified	29.8759165099
PWY-5136: fatty acid &beta;-oxidation II (plant peroxisome)	263.3156741748
PWY-5136: fatty acid &beta;-oxidation II (plant peroxisome)|g__Coprococcus.s__Coprococcus_catus	113.0326301956
PWY-5136: fatty acid &beta;-oxidation II (plant peroxisome)|unclassified	37.2382326146
PWY4LZ-257: superpathway of fermentation (Chlamydomonas reinhardtii)	255.5434693360
PWY4LZ-257: superpathway of fermentation (Chlamydomonas reinhardtii)|unclassified	61.2991990007
PWY-6807: xyloglucan degradation II (exoglucanase)	245.9920132062
PWY-6961: L-ascorbate degradation II (bacterial, aerobic)	227.0632214031
PWY-6961: L-ascorbate degradation II (bacterial, aerobic)|unclassified	50.3360241667
METHGLYUT-PWY: superpathway of methylglyoxal degradation	206.4051137217
P161-PWY: acetylene degradation (anaerobic)	206.1854506218
P161-PWY: acetylene degradation (anaerobic)|unclassified	51.7501131063
GLUDEG-I-PWY: GABA shunt	204.8124951455
PWY-5022: 4-aminobutanoate degradation V	197.1212729275
PWY-5845: superpathway of menaquinol-9 biosynthesis	191.1778190956
PWY-5850: superpathway of menaquinol-6 biosynthesis	191.1778190956
PWY-5896: superpathway of menaquinol-10 biosynthesis	191.1778190956
PWY-7371: 1,4-dihydroxy-6-naphthoate biosynthesis II	187.4207629194
PWY-7371: 1,4-dihydroxy-6-naphthoate biosynthesis II|unclassified	126.6285062548
MET-SAM-PWY: superpathway of S-adenosyl-L-methionine biosynthesis	156.1656229175
MET-SAM-PWY: superpathway of S-adenosyl-L-methionine biosynthesis|unclassified	30.5749237754
PWY-5347: superpathway of L-methionine biosynthesis (transsulfuration)	156.1278932839
PWY-5347: superpathway of L-methionine biosynthesis (transsulfuration)|unclassified	31.1653508184
PRPP-PWY: superpathway of histidine, purine, and pyrimidine biosynthesis	154.3214354752
HEME-BIOSYNTHESIS-II: heme b biosynthesis I (aerobic)	150.6691623302
PWY-5837: 2-carboxy-1,4-naphthoquinol biosynthesis	142.4372882906
LIPASYN-PWY: phospholipases	141.3716146151
LIPASYN-PWY: phospholipases|unclassified	141.3716146151
LIPASYN-PWY: phospholipases|g__Bacteroides.s__Bacteroides_cellulosilyticus	3.0864197531
PWY-6531: mannitol cycle	139.3054257201
PWY-5367: petroselinate biosynthesis	138.5053123746
PWY-5367: petroselinate biosynthesis|g__Blautia.s__Ruminococcus_torques	125.0259541872
METSYN-PWY: superpathway of L-homoserine and L-methionine biosynthesis	136.9948859209
METSYN-PWY: superpathway of L-homoserine and L-methionine biosynthesis|unclassified	27.4311211270
PWY-5130: 2-oxobutanoate degradation I	133.0365633424
DENOVOPURINE2-PWY: superpathway of purine nucleotides de novo biosynthesis II	130.7570632158
FASYN-INITIAL-PWY: superpathway of fatty acid biosynthesis initiation (E. coli)	128.8908329233
PWY-5860: superpathway of demethylmenaquinol-6 biosynthesis I	128.6917506633
PWY-5862: superpathway of demethylmenaquinol-9 biosynthesis	128.6917506633
PWY-6607: guanosine nucleotides degradation I	127.1861970003
PWY-6607: guanosine nucleotides degradation I|g__Blautia.s__Blautia_obeum	24.7952246176
PWY-6607: guanosine nucleotides degradation I|g__Dorea.s__Dorea_longicatena	6.8622482390
PWY-6595: superpathway of guanosine nucleotides degradation (plants)	126.6242598035
PWY-6595: superpathway of guanosine nucleotides degradation (plants)|g__Blautia.s__Blautia_obeum	27.4521559884
PWY-5690: TCA cycle II (plants and fungi)	121.2924957468
PWY-5690: TCA cycle II (plants and fungi)|unclassified	81.1772634019
PWY-6572: chondroitin sulfate degradation I (bacterial)	119.3369709238
PWY-5994: palmitate biosynthesis (type I fatty acid synthase)	109.1002527235
PWY-7200: superpathway of pyrimidine deoxyribonucleoside salvage	107.3348188504
PWY-7200: superpathway of pyrimidine deoxyribonucleoside salvage|unclassified	95.9860791150
PWY-5265: peptidoglycan biosynthesis II (staphylococci)	105.4273160266
PWY0-166: superpathway of pyrimidine deoxyribonucleotides de novo biosynthesis (E. coli)	105.4095588642
PWY0-166: superpathway of pyrimidine deoxyribonucleotides de novo biosynthesis (E. coli)|unclassified	93.6281526784
PWY-7688: dTDP-&alpha;-D-ravidosamine and dTDP-4-acetyl-&alpha;-D-ravidosamine biosynthesis	99.0583369604
PWY-7688: dTDP-&alpha;-D-ravidosamine and dTDP-4-acetyl-&alpha;-D-ravidosamine biosynthesis|g__Bacteroides.s__Bacteroides_cellulosilyticus	31.5380254880
PWY-7688: dTDP-&alpha;-D-ravidosamine and dTDP-4-acetyl-&alpha;-D-ravidosamine biosynthesis|g__Bacteroides.s__Bacteroides_intestinalis	11.2704374043
PWY-7688: dTDP-&alpha;-D-ravidosamine and dTDP-4-acetyl-&alpha;-D-ravidosamine biosynthesis|g__Eisenbergiella.s__Eisenbergiella_tayi	7.7215280626
PWY-5464: superpathway of cytosolic glycolysis (plants), pyruvate dehydrogenase and TCA cycle	87.3855238933
HOMOSER-METSYN-PWY: L-methionine biosynthesis I	78.5920696954
HOMOSER-METSYN-PWY: L-methionine biosynthesis I|unclassified	15.7413353076
P125-PWY: superpathway of (R,R)-butanediol biosynthesis	69.6511652003
P125-PWY: superpathway of (R,R)-butanediol biosynthesis|g__Streptococcus.s__Streptococcus_thermophilus	21.5032049216
P125-PWY: superpathway of (R,R)-butanediol biosynthesis|g__Streptococcus.s__Streptococcus_parasanguinis	10.3731718201
P108-PWY: pyruvate fermentation to propanoate I	58.4351488644
P108-PWY: pyruvate fermentation to propanoate I|unclassified	46.1660138963
CRNFORCAT-PWY: creatinine degradation I	47.9640529110
CRNFORCAT-PWY: creatinine degradation I|unclassified	37.5215640135
POLYAMINSYN3-PWY: superpathway of polyamine biosynthesis II	45.8518038566
HEXITOLDEGSUPER-PWY: superpathway of hexitol degradation (bacteria)	45.6961562105
PWY-7316: dTDP-N-acetylviosamine biosynthesis	45.6427190883
PWY-7316: dTDP-N-acetylviosamine biosynthesis|unclassified	12.5721197885
PWY-6876: isopropanol biosynthesis (engineered)	45.1322076077
PWY-6876: isopropanol biosynthesis (engineered)|unclassified	42.2861749582
PWY-7187: pyrimidine deoxyribonucleotides de novo biosynthesis II	44.8012156447
PWY-5723: Rubisco shunt	37.8454136547
PWY-5723: Rubisco shunt|unclassified	37.4606800158
P23-PWY: reductive TCA cycle I	37.4233153864
P23-PWY: reductive TCA cycle I|unclassified	18.6773770307
REDCITCYC: TCA cycle VI (Helicobacter)	36.4256946240
PWY-6992: 1,5-anhydrofructose degradation	36.0402320377
PWY-6803: phosphatidylcholine acyl editing	35.7584019444
PWY-6803: phosphatidylcholine acyl editing|unclassified	33.3045974785
PWY490-3: nitrate reduction VI (assimilatory)	32.9181419863
PWY490-3: nitrate reduction VI (assimilatory)|unclassified	15.2830467875
P621-PWY: nylon-6 oligomer degradation	27.2246560550
PWY66-367: ketogenesis	26.9836910115
ORNDEG-PWY: superpathway of ornithine degradation	26.9239222255
ORNDEG-PWY: superpathway of ornithine degradation|unclassified	19.7204716877
PWY-7159: 3,8-divinyl-chlorophyllide a biosynthesis III (aerobic, light independent)	26.3198591679
PWY0-1415: superpathway of heme b biosynthesis from uroporphyrinogen-III	25.3057044439
HEME-BIOSYNTHESIS-II-1: heme b biosynthesis V (aerobic)	25.0741135711
PWY-5910: superpathway of geranylgeranyldiphosphate biosynthesis I (via mevalonate)	23.5024116512
PWY-822: fructan biosynthesis	22.6478263009
PWY-822: fructan biosynthesis|g__Streptococcus.s__Streptococcus_salivarius	14.0086300681
PWY-822: fructan biosynthesis|g__Streptococcus.s__Streptococcus_pneumoniae	8.6391962328
PWY0-1277: 3-phenylpropanoate and 3-(3-hydroxyphenyl)propanoate degradation	20.9525365639
GALACTARDEG-PWY: D-galactarate degradation I	19.1984248102
GLUCARGALACTSUPER-PWY: superpathway of D-glucarate and D-galactarate degradation	19.1984248102
GLUCARDEG-PWY: D-glucarate degradation I	19.0327830908
GLYOXYLATE-BYPASS: glyoxylate cycle	18.6199327666
GLYOXYLATE-BYPASS: glyoxylate cycle|unclassified	18.1125657559
PWY-5415: catechol degradation I (meta-cleavage pathway)	17.8804091654
PWY-922: mevalonate pathway I (eukaryotes and bacteria)	16.5703473238
PWY-6143: CMP-pseudaminate biosynthesis	14.8158515147
PWY-6953: dTDP-3-acetamido-&alpha;-D-fucose biosynthesis	13.6894504847
PWY-6953: dTDP-3-acetamido-&alpha;-D-fucose biosynthesis|g__Eisenbergiella.s__Eisenbergiella_tayi	7.0596026750
NAD-BIOSYNTHESIS-II: NAD salvage pathway III (to nicotinamide riboside)	13.4578229014
GALACTITOLCAT-PWY: galactitol degradation	13.2395840084
PWY-7118: chitin deacetylation	12.7405400934
PWY-7118: chitin deacetylation|unclassified	8.2743990596
HCAMHPDEG-PWY: 3-phenylpropanoate and 3-(3-hydroxyphenyl)propanoate degradation to 2-hydroxypentadienoate	10.2761429045
PWY-6690: cinnamate and 3-hydroxycinnamate degradation to 2-hydroxypentadienoate	10.2761429045
PWY66-389: phytol degradation	9.7558638974
PWY66-389: phytol degradation|unclassified	9.6194077843
PWY-5055: nicotinate degradation III	9.0249193902
P221-PWY: octane oxidation	8.3238453189
PWY-5675: nitrate reduction V (assimilatory)	7.9352777644
PWY-5675: nitrate reduction V (assimilatory)|unclassified	7.9208877097
PWY-5656: mannosylglycerate biosynthesis I	7.2630120613
PWY-7434: terminal O-glycans residues modification (via type 2 precursor disaccharide)	6.8635116047
PWY-7434: terminal O-glycans residues modification (via type 2 precursor disaccharide)|g__Streptococcus.s__Streptococcus_parasanguinis	6.8635116047
PWY-6210: 2-aminophenol degradation	4.6046668464