# Pathway	CRSAFR-001-Cosmic_35_Abundance
UNMAPPED	4975549.8217923697
UNINTEGRATED	23120947.7259143889
UNINTEGRATED|g__Lactobacillus.s__Lactobacillus_rhamnosus	2506031.3094838210
UNINTEGRATED|g__Escherichia.s__Escherichia_coli	2243597.2420869484
UNINTEGRATED|g__Lactobacillus.s__Lactobacillus_casei_group	1660806.9420367745
UNINTEGRATED|g__Citrobacter.s__Citrobacter_portucalensis	1312722.8240518488
UNINTEGRATED|g__Citrobacter.s__Citrobacter_youngae	1088842.5047299596
UNINTEGRATED|g__Lactobacillus.s__Lactobacillus_fermentum	945366.4129250718
UNINTEGRATED|g__Veillonella.s__Veillonella_parvula	856901.8597580254
UNINTEGRATED|unclassified	841962.1785102683
UNINTEGRATED|g__Citrobacter.s__Citrobacter_freundii	822434.6779208493
UNINTEGRATED|g__Proteobacteria_unclassified.s__Proteobacteria_bacterium_CAG_139	616208.8258753568
UNINTEGRATED|g__Klebsiella.s__Klebsiella_oxytoca	558822.1922620186
UNINTEGRATED|g__Streptococcus.s__Streptococcus_thermophilus	457390.5886940049
UNINTEGRATED|g__Lactobacillus.s__Lactobacillus_plantarum	330185.1379111704
UNINTEGRATED|g__Klebsiella.s__Klebsiella_michiganensis	328399.5240289347
UNINTEGRATED|g__Veillonella.s__Veillonella_atypica	256910.3977470650
UNINTEGRATED|g__Morganella.s__Morganella_morganii	163698.5524599728
UNINTEGRATED|g__Pediococcus.s__Pediococcus_pentosaceus	107833.6350454873
UNINTEGRATED|g__Lactobacillus.s__Lactobacillus_mucosae	84250.5237409054
UNINTEGRATED|g__Pediococcus.s__Pediococcus_acidilactici	65021.7658126367
UNINTEGRATED|g__Veillonella.s__Veillonella_dispar	53160.7060215739
UNINTEGRATED|g__Lactobacillus.s__Lactobacillus_parabuchneri	48526.4290190212
UNINTEGRATED|g__Kluyvera.s__Kluyvera_cryocrescens	38416.8148504413
UNINTEGRATED|g__Lactobacillus.s__Lactobacillus_manihotivorans	30828.7828296236
UNINTEGRATED|g__Proteus.s__Proteus_vulgaris	29185.0726425323
UNINTEGRATED|g__Streptococcus.s__Streptococcus_salivarius	18786.3764820412
UNINTEGRATED|g__Veillonella.s__Veillonella_infantium	15718.6438900242
UNINTEGRATED|g__Proteus.s__Proteus_mirabilis	13905.1201038492
UNINTEGRATED|g__Escherichia.s__Escherichia_fergusonii	12258.8075272556
UNINTEGRATED|g__Streptococcus.s__Streptococcus_pneumoniae	12137.0438420014
UNINTEGRATED|g__Lactobacillus.s__Lactobacillus_pantheris	2400.8112058145
PWY0-1586: peptidoglycan maturation (meso-diaminopimelate containing)	30316.6743409729
PWY0-1586: peptidoglycan maturation (meso-diaminopimelate containing)|g__Citrobacter.s__Citrobacter_portucalensis	4961.5335563264
PWY0-1586: peptidoglycan maturation (meso-diaminopimelate containing)|g__Citrobacter.s__Citrobacter_youngae	3112.7557509463
PWY0-1586: peptidoglycan maturation (meso-diaminopimelate containing)|g__Escherichia.s__Escherichia_coli	2880.1015055612
PWY0-1586: peptidoglycan maturation (meso-diaminopimelate containing)|g__Citrobacter.s__Citrobacter_freundii	2501.0837671867
PWY0-1586: peptidoglycan maturation (meso-diaminopimelate containing)|g__Lactobacillus.s__Lactobacillus_casei_group	2487.1481210773
PWY0-1586: peptidoglycan maturation (meso-diaminopimelate containing)|g__Proteobacteria_unclassified.s__Proteobacteria_bacterium_CAG_139	2041.2484969300
PWY0-1586: peptidoglycan maturation (meso-diaminopimelate containing)|g__Lactobacillus.s__Lactobacillus_fermentum	1817.2150612691
PWY0-1586: peptidoglycan maturation (meso-diaminopimelate containing)|g__Lactobacillus.s__Lactobacillus_rhamnosus	1555.5143211824
PWY0-1586: peptidoglycan maturation (meso-diaminopimelate containing)|g__Klebsiella.s__Klebsiella_oxytoca	1063.0237023110
PWY0-1586: peptidoglycan maturation (meso-diaminopimelate containing)|g__Streptococcus.s__Streptococcus_thermophilus	1024.0961206757
PWY0-1586: peptidoglycan maturation (meso-diaminopimelate containing)|unclassified	950.1170386707
PWY0-1586: peptidoglycan maturation (meso-diaminopimelate containing)|g__Veillonella.s__Veillonella_atypica	449.9359167622
PWY0-1586: peptidoglycan maturation (meso-diaminopimelate containing)|g__Klebsiella.s__Klebsiella_michiganensis	418.7435691170
PWY0-1586: peptidoglycan maturation (meso-diaminopimelate containing)|g__Pediococcus.s__Pediococcus_pentosaceus	218.7959651091
PWY0-1586: peptidoglycan maturation (meso-diaminopimelate containing)|g__Morganella.s__Morganella_morganii	205.4860776959
PWY0-1586: peptidoglycan maturation (meso-diaminopimelate containing)|g__Lactobacillus.s__Lactobacillus_plantarum	204.1799057382
PWY0-1586: peptidoglycan maturation (meso-diaminopimelate containing)|g__Proteus.s__Proteus_vulgaris	74.9809593173
PWY0-1586: peptidoglycan maturation (meso-diaminopimelate containing)|g__Kluyvera.s__Kluyvera_cryocrescens	65.8184299241
PWY0-1586: peptidoglycan maturation (meso-diaminopimelate containing)|g__Pediococcus.s__Pediococcus_acidilactici	64.6493982795
PWY0-1586: peptidoglycan maturation (meso-diaminopimelate containing)|g__Proteus.s__Proteus_mirabilis	1.9373493638
PWY-7185: UTP and CTP dephosphorylation I	25034.4140291990
PWY-7185: UTP and CTP dephosphorylation I|g__Lactobacillus.s__Lactobacillus_rhamnosus	3470.9782219012
PWY-7185: UTP and CTP dephosphorylation I|g__Lactobacillus.s__Lactobacillus_casei_group	1758.7194755301
PWY-7185: UTP and CTP dephosphorylation I|g__Klebsiella.s__Klebsiella_michiganensis	282.1345611436
PWY-7185: UTP and CTP dephosphorylation I|g__Klebsiella.s__Klebsiella_oxytoca	221.8984008197
PWY-7185: UTP and CTP dephosphorylation I|unclassified	177.4795672854
PWY-7185: UTP and CTP dephosphorylation I|g__Morganella.s__Morganella_morganii	114.3404930277
PWY-7185: UTP and CTP dephosphorylation I|g__Escherichia.s__Escherichia_coli	100.7425912238
PWY-7185: UTP and CTP dephosphorylation I|g__Kluyvera.s__Kluyvera_cryocrescens	99.3772147702
PWY-7185: UTP and CTP dephosphorylation I|g__Proteus.s__Proteus_vulgaris	77.2738700063
PWY-7185: UTP and CTP dephosphorylation I|g__Citrobacter.s__Citrobacter_freundii	29.5657309546
PWY-7663: gondoate biosynthesis (anaerobic)	17512.8523920670
PWY-7663: gondoate biosynthesis (anaerobic)|g__Citrobacter.s__Citrobacter_freundii	3071.0641238421
PWY-7663: gondoate biosynthesis (anaerobic)|g__Escherichia.s__Escherichia_coli	1990.8272325766
PWY-7663: gondoate biosynthesis (anaerobic)|g__Lactobacillus.s__Lactobacillus_fermentum	1906.7819643785
PWY-7663: gondoate biosynthesis (anaerobic)|g__Citrobacter.s__Citrobacter_portucalensis	1871.9514694747
PWY-7663: gondoate biosynthesis (anaerobic)|g__Citrobacter.s__Citrobacter_youngae	1289.2643216008
PWY-7663: gondoate biosynthesis (anaerobic)|g__Lactobacillus.s__Lactobacillus_casei_group	496.5199668589
PWY-7663: gondoate biosynthesis (anaerobic)|g__Klebsiella.s__Klebsiella_oxytoca	473.4520879355
PWY-7663: gondoate biosynthesis (anaerobic)|g__Veillonella.s__Veillonella_atypica	462.7896780376
PWY-7663: gondoate biosynthesis (anaerobic)|g__Pediococcus.s__Pediococcus_pentosaceus	379.8141893827
PWY-7663: gondoate biosynthesis (anaerobic)|g__Klebsiella.s__Klebsiella_michiganensis	354.6112308034
PWY-7663: gondoate biosynthesis (anaerobic)|g__Morganella.s__Morganella_morganii	192.3005768856
PWY-7663: gondoate biosynthesis (anaerobic)|g__Lactobacillus.s__Lactobacillus_plantarum	182.3494240411
PWY-7663: gondoate biosynthesis (anaerobic)|unclassified	112.6700113588
PWY-7663: gondoate biosynthesis (anaerobic)|g__Pediococcus.s__Pediococcus_acidilactici	95.9433318221
PWY-7663: gondoate biosynthesis (anaerobic)|g__Kluyvera.s__Kluyvera_cryocrescens	40.8480780831
PWY-7663: gondoate biosynthesis (anaerobic)|g__Proteus.s__Proteus_vulgaris	27.4398306672
PWY-7663: gondoate biosynthesis (anaerobic)|g__Lactobacillus.s__Lactobacillus_parabuchneri	21.9475871968
PWY-5973: cis-vaccenate biosynthesis	17311.6133817170
PWY-5973: cis-vaccenate biosynthesis|g__Lactobacillus.s__Lactobacillus_fermentum	1629.6749693942
PWY-5973: cis-vaccenate biosynthesis|g__Citrobacter.s__Citrobacter_portucalensis	1259.2871949583
PWY-5973: cis-vaccenate biosynthesis|g__Citrobacter.s__Citrobacter_youngae	1042.0870633076
PWY-5973: cis-vaccenate biosynthesis|g__Escherichia.s__Escherichia_coli	639.1269624525
PWY-5973: cis-vaccenate biosynthesis|g__Citrobacter.s__Citrobacter_freundii	453.4819475831
PWY-5973: cis-vaccenate biosynthesis|g__Veillonella.s__Veillonella_atypica	452.1859444371
PWY-5973: cis-vaccenate biosynthesis|g__Klebsiella.s__Klebsiella_michiganensis	272.4096343655
PWY-5973: cis-vaccenate biosynthesis|g__Pediococcus.s__Pediococcus_pentosaceus	239.3119631813
PWY-5973: cis-vaccenate biosynthesis|g__Klebsiella.s__Klebsiella_oxytoca	169.5521592209
PWY-5973: cis-vaccenate biosynthesis|g__Morganella.s__Morganella_morganii	142.1000613363
PWY-5973: cis-vaccenate biosynthesis|unclassified	108.7758825136
PWY-5973: cis-vaccenate biosynthesis|g__Pediococcus.s__Pediococcus_acidilactici	92.5467352589
PWY-5973: cis-vaccenate biosynthesis|g__Kluyvera.s__Kluyvera_cryocrescens	30.4265002513
PWY-5973: cis-vaccenate biosynthesis|g__Proteus.s__Proteus_vulgaris	23.5418857437
PWY-5973: cis-vaccenate biosynthesis|g__Lactobacillus.s__Lactobacillus_parabuchneri	14.1417778099
FASYN-ELONG-PWY: fatty acid elongation -- saturated	16302.2913218198
FASYN-ELONG-PWY: fatty acid elongation -- saturated|g__Citrobacter.s__Citrobacter_portucalensis	1319.9074892280
FASYN-ELONG-PWY: fatty acid elongation -- saturated|g__Citrobacter.s__Citrobacter_youngae	975.6518891102
FASYN-ELONG-PWY: fatty acid elongation -- saturated|g__Escherichia.s__Escherichia_coli	905.6531108340
FASYN-ELONG-PWY: fatty acid elongation -- saturated|g__Citrobacter.s__Citrobacter_freundii	676.2008465416
FASYN-ELONG-PWY: fatty acid elongation -- saturated|g__Klebsiella.s__Klebsiella_michiganensis	297.0532636147
FASYN-ELONG-PWY: fatty acid elongation -- saturated|g__Klebsiella.s__Klebsiella_oxytoca	232.6372115523
FASYN-ELONG-PWY: fatty acid elongation -- saturated|g__Morganella.s__Morganella_morganii	179.0068277272
FASYN-ELONG-PWY: fatty acid elongation -- saturated|unclassified	111.2759806275
FASYN-ELONG-PWY: fatty acid elongation -- saturated|g__Kluyvera.s__Kluyvera_cryocrescens	32.5964109794
FASYN-ELONG-PWY: fatty acid elongation -- saturated|g__Proteus.s__Proteus_vulgaris	25.1815293322
FASYN-ELONG-PWY: fatty acid elongation -- saturated|g__Lactobacillus.s__Lactobacillus_parabuchneri	21.4366933541
PWY-7664: oleate biosynthesis IV (anaerobic)	16004.5416482966
PWY-7664: oleate biosynthesis IV (anaerobic)|g__Citrobacter.s__Citrobacter_portucalensis	1358.0791380255
PWY-7664: oleate biosynthesis IV (anaerobic)|g__Escherichia.s__Escherichia_coli	845.0582669770
PWY-7664: oleate biosynthesis IV (anaerobic)|g__Citrobacter.s__Citrobacter_youngae	840.0576410291
PWY-7664: oleate biosynthesis IV (anaerobic)|g__Citrobacter.s__Citrobacter_freundii	601.0598703557
PWY-7664: oleate biosynthesis IV (anaerobic)|g__Klebsiella.s__Klebsiella_michiganensis	284.4329780629
PWY-7664: oleate biosynthesis IV (anaerobic)|g__Klebsiella.s__Klebsiella_oxytoca	208.5557609382
PWY-7664: oleate biosynthesis IV (anaerobic)|g__Morganella.s__Morganella_morganii	174.8811937774
PWY-7664: oleate biosynthesis IV (anaerobic)|unclassified	104.7887694892
PWY-7664: oleate biosynthesis IV (anaerobic)|g__Kluyvera.s__Kluyvera_cryocrescens	33.4762748948
PWY-7664: oleate biosynthesis IV (anaerobic)|g__Proteus.s__Proteus_vulgaris	26.2827383514
PWY-7664: oleate biosynthesis IV (anaerobic)|g__Lactobacillus.s__Lactobacillus_parabuchneri	21.4240755409
PWY-5971: palmitate biosynthesis (type II fatty acid synthase)	15849.0960401986
PWY-5971: palmitate biosynthesis (type II fatty acid synthase)|g__Citrobacter.s__Citrobacter_portucalensis	1375.8985204659
PWY-5971: palmitate biosynthesis (type II fatty acid synthase)|g__Citrobacter.s__Citrobacter_youngae	978.4950187490
PWY-5971: palmitate biosynthesis (type II fatty acid synthase)|g__Escherichia.s__Escherichia_coli	845.7984563914
PWY-5971: palmitate biosynthesis (type II fatty acid synthase)|g__Citrobacter.s__Citrobacter_freundii	634.6791906965
PWY-5971: palmitate biosynthesis (type II fatty acid synthase)|unclassified	110.2312792899
PWY-8178: pentose phosphate pathway (non-oxidative branch) II	15629.1635939304
PWY-8178: pentose phosphate pathway (non-oxidative branch) II|g__Citrobacter.s__Citrobacter_portucalensis	1409.4855217402
PWY-8178: pentose phosphate pathway (non-oxidative branch) II|g__Escherichia.s__Escherichia_coli	1277.0910411901
PWY-8178: pentose phosphate pathway (non-oxidative branch) II|g__Citrobacter.s__Citrobacter_freundii	807.9905805253
PWY-8178: pentose phosphate pathway (non-oxidative branch) II|g__Klebsiella.s__Klebsiella_oxytoca	602.2000737107
PWY-8178: pentose phosphate pathway (non-oxidative branch) II|g__Klebsiella.s__Klebsiella_michiganensis	487.2181896861
PWY-8178: pentose phosphate pathway (non-oxidative branch) II|g__Streptococcus.s__Streptococcus_thermophilus	430.4105696809
PWY-8178: pentose phosphate pathway (non-oxidative branch) II|unclassified	399.7392239477
PWY-8178: pentose phosphate pathway (non-oxidative branch) II|g__Citrobacter.s__Citrobacter_youngae	237.7318643892
PWY-8178: pentose phosphate pathway (non-oxidative branch) II|g__Lactobacillus.s__Lactobacillus_plantarum	211.5818259297
PWY-8178: pentose phosphate pathway (non-oxidative branch) II|g__Morganella.s__Morganella_morganii	129.4719236599
PWY-8178: pentose phosphate pathway (non-oxidative branch) II|g__Pediococcus.s__Pediococcus_acidilactici	57.5577461773
PWY-8178: pentose phosphate pathway (non-oxidative branch) II|g__Proteus.s__Proteus_vulgaris	28.6316521643
PWY-8178: pentose phosphate pathway (non-oxidative branch) II|g__Kluyvera.s__Kluyvera_cryocrescens	26.8704551242
PWY0-862: (5Z)-dodecenoate biosynthesis I	15624.0586618791
PWY0-862: (5Z)-dodecenoate biosynthesis I|g__Citrobacter.s__Citrobacter_portucalensis	1722.1450395394
PWY0-862: (5Z)-dodecenoate biosynthesis I|g__Escherichia.s__Escherichia_coli	775.8452720598
PWY0-862: (5Z)-dodecenoate biosynthesis I|g__Citrobacter.s__Citrobacter_youngae	708.7275030983
PWY0-862: (5Z)-dodecenoate biosynthesis I|g__Citrobacter.s__Citrobacter_freundii	523.4969713814
PWY0-862: (5Z)-dodecenoate biosynthesis I|g__Klebsiella.s__Klebsiella_michiganensis	269.1845950434
PWY0-862: (5Z)-dodecenoate biosynthesis I|g__Klebsiella.s__Klebsiella_oxytoca	183.2619380956
PWY0-862: (5Z)-dodecenoate biosynthesis I|g__Morganella.s__Morganella_morganii	169.6673488928
PWY0-862: (5Z)-dodecenoate biosynthesis I|unclassified	97.2308958494
PWY0-862: (5Z)-dodecenoate biosynthesis I|g__Kluyvera.s__Kluyvera_cryocrescens	40.5427973341
PWY0-862: (5Z)-dodecenoate biosynthesis I|g__Proteus.s__Proteus_vulgaris	29.7172796334
PWY0-862: (5Z)-dodecenoate biosynthesis I|g__Lactobacillus.s__Lactobacillus_parabuchneri	21.4072748780
PWY-6282: palmitoleate biosynthesis I (from (5Z)-dodec-5-enoate)	15485.5931942814
PWY-6282: palmitoleate biosynthesis I (from (5Z)-dodec-5-enoate)|g__Citrobacter.s__Citrobacter_portucalensis	1225.4144113667
PWY-6282: palmitoleate biosynthesis I (from (5Z)-dodec-5-enoate)|g__Citrobacter.s__Citrobacter_youngae	948.9674767211
PWY-6282: palmitoleate biosynthesis I (from (5Z)-dodec-5-enoate)|g__Escherichia.s__Escherichia_coli	758.0163535022
PWY-6282: palmitoleate biosynthesis I (from (5Z)-dodec-5-enoate)|g__Citrobacter.s__Citrobacter_freundii	532.2213742476
PWY-6282: palmitoleate biosynthesis I (from (5Z)-dodec-5-enoate)|g__Klebsiella.s__Klebsiella_michiganensis	274.0024386880
PWY-6282: palmitoleate biosynthesis I (from (5Z)-dodec-5-enoate)|g__Klebsiella.s__Klebsiella_oxytoca	193.4068603729
PWY-6282: palmitoleate biosynthesis I (from (5Z)-dodec-5-enoate)|g__Morganella.s__Morganella_morganii	173.1691499227
PWY-6282: palmitoleate biosynthesis I (from (5Z)-dodec-5-enoate)|unclassified	106.1641471442
PWY-6282: palmitoleate biosynthesis I (from (5Z)-dodec-5-enoate)|g__Kluyvera.s__Kluyvera_cryocrescens	29.6491784055
PWY-6282: palmitoleate biosynthesis I (from (5Z)-dodec-5-enoate)|g__Proteus.s__Proteus_vulgaris	23.5810095757
PWY-6282: palmitoleate biosynthesis I (from (5Z)-dodec-5-enoate)|g__Lactobacillus.s__Lactobacillus_parabuchneri	21.2061489973
CALVIN-PWY: Calvin-Benson-Bassham cycle	15370.4604638981
CALVIN-PWY: Calvin-Benson-Bassham cycle|g__Citrobacter.s__Citrobacter_portucalensis	1468.4268209084
CALVIN-PWY: Calvin-Benson-Bassham cycle|g__Citrobacter.s__Citrobacter_freundii	1313.3770843020
CALVIN-PWY: Calvin-Benson-Bassham cycle|g__Escherichia.s__Escherichia_coli	1023.8266632972
CALVIN-PWY: Calvin-Benson-Bassham cycle|g__Klebsiella.s__Klebsiella_oxytoca	458.0360893009
CALVIN-PWY: Calvin-Benson-Bassham cycle|g__Citrobacter.s__Citrobacter_youngae	445.3228910353
CALVIN-PWY: Calvin-Benson-Bassham cycle|g__Klebsiella.s__Klebsiella_michiganensis	243.7924605082
CALVIN-PWY: Calvin-Benson-Bassham cycle|g__Morganella.s__Morganella_morganii	132.5820839958
CALVIN-PWY: Calvin-Benson-Bassham cycle|unclassified	78.1703153019
CALVIN-PWY: Calvin-Benson-Bassham cycle|g__Pediococcus.s__Pediococcus_acidilactici	63.4859781186
CALVIN-PWY: Calvin-Benson-Bassham cycle|g__Kluyvera.s__Kluyvera_cryocrescens	39.1999493402
CALVIN-PWY: Calvin-Benson-Bassham cycle|g__Proteus.s__Proteus_vulgaris	13.1867675475
PWY-1042: glycolysis IV	14866.9342792609
PWY-1042: glycolysis IV|g__Lactobacillus.s__Lactobacillus_rhamnosus	2806.7582428584
PWY-1042: glycolysis IV|g__Veillonella.s__Veillonella_parvula	1409.0303558518
PWY-1042: glycolysis IV|g__Citrobacter.s__Citrobacter_portucalensis	1200.0884473168
PWY-1042: glycolysis IV|g__Escherichia.s__Escherichia_coli	1038.8042424696
PWY-1042: glycolysis IV|g__Citrobacter.s__Citrobacter_freundii	871.6694469652
PWY-1042: glycolysis IV|g__Lactobacillus.s__Lactobacillus_casei_group	779.0419528574
PWY-1042: glycolysis IV|g__Streptococcus.s__Streptococcus_thermophilus	541.2573295078
PWY-1042: glycolysis IV|g__Veillonella.s__Veillonella_atypica	388.5935885916
PWY-1042: glycolysis IV|g__Klebsiella.s__Klebsiella_oxytoca	388.1455987250
PWY-1042: glycolysis IV|g__Klebsiella.s__Klebsiella_michiganensis	344.7120366102
PWY-1042: glycolysis IV|unclassified	213.7105869525
PWY-1042: glycolysis IV|g__Lactobacillus.s__Lactobacillus_plantarum	187.4459667376
PWY-1042: glycolysis IV|g__Pediococcus.s__Pediococcus_pentosaceus	167.2845205353
PWY-1042: glycolysis IV|g__Morganella.s__Morganella_morganii	137.4561134935
PWY-1042: glycolysis IV|g__Citrobacter.s__Citrobacter_youngae	96.7395211503
PWY-1042: glycolysis IV|g__Pediococcus.s__Pediococcus_acidilactici	67.9742732196
PWY-1042: glycolysis IV|g__Lactobacillus.s__Lactobacillus_manihotivorans	42.3792000793
PWY-1042: glycolysis IV|g__Proteus.s__Proteus_vulgaris	32.1450046222
PWY-1042: glycolysis IV|g__Kluyvera.s__Kluyvera_cryocrescens	30.6931692171
PWY-1042: glycolysis IV|g__Veillonella.s__Veillonella_dispar	11.7137186651
PWY-7229: superpathway of adenosine nucleotides de novo biosynthesis I	14789.4717417687
PWY-7229: superpathway of adenosine nucleotides de novo biosynthesis I|g__Lactobacillus.s__Lactobacillus_rhamnosus	2187.1345115382
PWY-7229: superpathway of adenosine nucleotides de novo biosynthesis I|g__Veillonella.s__Veillonella_parvula	2133.2674674744
PWY-7229: superpathway of adenosine nucleotides de novo biosynthesis I|g__Proteobacteria_unclassified.s__Proteobacteria_bacterium_CAG_139	1192.3256215078
PWY-7229: superpathway of adenosine nucleotides de novo biosynthesis I|g__Citrobacter.s__Citrobacter_portucalensis	933.6476389162
PWY-7229: superpathway of adenosine nucleotides de novo biosynthesis I|g__Veillonella.s__Veillonella_atypica	676.0435595312
PWY-7229: superpathway of adenosine nucleotides de novo biosynthesis I|g__Lactobacillus.s__Lactobacillus_casei_group	597.9437606297
PWY-7229: superpathway of adenosine nucleotides de novo biosynthesis I|g__Streptococcus.s__Streptococcus_thermophilus	558.6652176385
PWY-7229: superpathway of adenosine nucleotides de novo biosynthesis I|g__Escherichia.s__Escherichia_coli	463.6796096892
PWY-7229: superpathway of adenosine nucleotides de novo biosynthesis I|g__Citrobacter.s__Citrobacter_youngae	383.8935188023
PWY-7229: superpathway of adenosine nucleotides de novo biosynthesis I|g__Citrobacter.s__Citrobacter_freundii	303.0581778562
PWY-7229: superpathway of adenosine nucleotides de novo biosynthesis I|unclassified	186.7589528435
PWY-7229: superpathway of adenosine nucleotides de novo biosynthesis I|g__Klebsiella.s__Klebsiella_michiganensis	177.6947428047
PWY-7229: superpathway of adenosine nucleotides de novo biosynthesis I|g__Lactobacillus.s__Lactobacillus_plantarum	159.0706084897
PWY-7229: superpathway of adenosine nucleotides de novo biosynthesis I|g__Klebsiella.s__Klebsiella_oxytoca	142.3398826739
PWY-7229: superpathway of adenosine nucleotides de novo biosynthesis I|g__Morganella.s__Morganella_morganii	114.7105697904
PWY-7229: superpathway of adenosine nucleotides de novo biosynthesis I|g__Pediococcus.s__Pediococcus_acidilactici	51.2072819258
PWY-7229: superpathway of adenosine nucleotides de novo biosynthesis I|g__Veillonella.s__Veillonella_infantium	39.9010967693
PWY-7229: superpathway of adenosine nucleotides de novo biosynthesis I|g__Kluyvera.s__Kluyvera_cryocrescens	20.0311279963
PWY-7229: superpathway of adenosine nucleotides de novo biosynthesis I|g__Veillonella.s__Veillonella_dispar	18.4132331127
PWY-6936: seleno-amino acid biosynthesis (plants)	14566.4199750943
PWY-6936: seleno-amino acid biosynthesis (plants)|g__Lactobacillus.s__Lactobacillus_rhamnosus	2676.8162785697
PWY-6936: seleno-amino acid biosynthesis (plants)|g__Veillonella.s__Veillonella_parvula	1964.4343919821
PWY-6936: seleno-amino acid biosynthesis (plants)|g__Lactobacillus.s__Lactobacillus_fermentum	1409.6149322951
PWY-6936: seleno-amino acid biosynthesis (plants)|g__Citrobacter.s__Citrobacter_portucalensis	1297.2844665353
PWY-6936: seleno-amino acid biosynthesis (plants)|g__Citrobacter.s__Citrobacter_youngae	1096.9837355094
PWY-6936: seleno-amino acid biosynthesis (plants)|g__Escherichia.s__Escherichia_coli	959.5762268404
PWY-6936: seleno-amino acid biosynthesis (plants)|g__Streptococcus.s__Streptococcus_thermophilus	831.7592175916
PWY-6936: seleno-amino acid biosynthesis (plants)|g__Lactobacillus.s__Lactobacillus_casei_group	638.7442327085
PWY-6936: seleno-amino acid biosynthesis (plants)|g__Veillonella.s__Veillonella_atypica	424.4182704230
PWY-6936: seleno-amino acid biosynthesis (plants)|g__Klebsiella.s__Klebsiella_oxytoca	301.6192588835
PWY-6936: seleno-amino acid biosynthesis (plants)|g__Citrobacter.s__Citrobacter_freundii	136.4753065443
PWY-6936: seleno-amino acid biosynthesis (plants)|g__Morganella.s__Morganella_morganii	130.6384977108
PWY-6936: seleno-amino acid biosynthesis (plants)|unclassified	118.0377596311
PWY-6936: seleno-amino acid biosynthesis (plants)|g__Klebsiella.s__Klebsiella_michiganensis	65.3965765968
PWY-6936: seleno-amino acid biosynthesis (plants)|g__Kluyvera.s__Kluyvera_cryocrescens	37.0073193508
PWY-6936: seleno-amino acid biosynthesis (plants)|g__Proteus.s__Proteus_vulgaris	20.1042159994
PWY-6936: seleno-amino acid biosynthesis (plants)|g__Veillonella.s__Veillonella_infantium	14.8664315698
PWY-6936: seleno-amino acid biosynthesis (plants)|g__Veillonella.s__Veillonella_dispar	3.3757654424
PWY-7210: pyrimidine deoxyribonucleotides biosynthesis from CTP	14037.9595029750
PWY-7210: pyrimidine deoxyribonucleotides biosynthesis from CTP|g__Lactobacillus.s__Lactobacillus_rhamnosus	1279.5678270109
PWY-7210: pyrimidine deoxyribonucleotides biosynthesis from CTP|g__Lactobacillus.s__Lactobacillus_casei_group	935.2325942310
PWY-7210: pyrimidine deoxyribonucleotides biosynthesis from CTP|g__Klebsiella.s__Klebsiella_michiganensis	270.0187653815
PWY-7210: pyrimidine deoxyribonucleotides biosynthesis from CTP|unclassified	186.4910303309
PWY-7210: pyrimidine deoxyribonucleotides biosynthesis from CTP|g__Escherichia.s__Escherichia_coli	136.0021107200
PWY-7210: pyrimidine deoxyribonucleotides biosynthesis from CTP|g__Lactobacillus.s__Lactobacillus_plantarum	127.7020690332
PWY-7210: pyrimidine deoxyribonucleotides biosynthesis from CTP|g__Klebsiella.s__Klebsiella_oxytoca	124.8193601721
PWY-7210: pyrimidine deoxyribonucleotides biosynthesis from CTP|g__Morganella.s__Morganella_morganii	120.7450106164
PWY-7210: pyrimidine deoxyribonucleotides biosynthesis from CTP|g__Pediococcus.s__Pediococcus_acidilactici	41.7842485174
PWY-7210: pyrimidine deoxyribonucleotides biosynthesis from CTP|g__Kluyvera.s__Kluyvera_cryocrescens	17.0122850242
NONOXIPENT-PWY: pentose phosphate pathway (non-oxidative branch) I	14027.5093948926
NONOXIPENT-PWY: pentose phosphate pathway (non-oxidative branch) I|g__Citrobacter.s__Citrobacter_freundii	2093.6526254838
NONOXIPENT-PWY: pentose phosphate pathway (non-oxidative branch) I|g__Citrobacter.s__Citrobacter_portucalensis	1470.3441313116
NONOXIPENT-PWY: pentose phosphate pathway (non-oxidative branch) I|g__Escherichia.s__Escherichia_coli	1377.3254553140
NONOXIPENT-PWY: pentose phosphate pathway (non-oxidative branch) I|g__Lactobacillus.s__Lactobacillus_fermentum	1171.6327294906
NONOXIPENT-PWY: pentose phosphate pathway (non-oxidative branch) I|unclassified	689.6386775280
NONOXIPENT-PWY: pentose phosphate pathway (non-oxidative branch) I|g__Klebsiella.s__Klebsiella_oxytoca	640.4550080324
NONOXIPENT-PWY: pentose phosphate pathway (non-oxidative branch) I|g__Klebsiella.s__Klebsiella_michiganensis	498.6735059306
NONOXIPENT-PWY: pentose phosphate pathway (non-oxidative branch) I|g__Streptococcus.s__Streptococcus_thermophilus	423.4124078885
NONOXIPENT-PWY: pentose phosphate pathway (non-oxidative branch) I|g__Lactobacillus.s__Lactobacillus_plantarum	416.7133903724
NONOXIPENT-PWY: pentose phosphate pathway (non-oxidative branch) I|g__Citrobacter.s__Citrobacter_youngae	213.7234790541
NONOXIPENT-PWY: pentose phosphate pathway (non-oxidative branch) I|g__Morganella.s__Morganella_morganii	125.3075006949
NONOXIPENT-PWY: pentose phosphate pathway (non-oxidative branch) I|g__Pediococcus.s__Pediococcus_acidilactici	69.8108056231
NONOXIPENT-PWY: pentose phosphate pathway (non-oxidative branch) I|g__Kluyvera.s__Kluyvera_cryocrescens	40.1191271961
NONOXIPENT-PWY: pentose phosphate pathway (non-oxidative branch) I|g__Lactobacillus.s__Lactobacillus_mucosae	35.1718568062
NONOXIPENT-PWY: pentose phosphate pathway (non-oxidative branch) I|g__Proteus.s__Proteus_vulgaris	32.3504785407
PWY-702: L-methionine biosynthesis II	13814.1327140222
PWY-702: L-methionine biosynthesis II|g__Citrobacter.s__Citrobacter_portucalensis	1468.6196352089
PWY-702: L-methionine biosynthesis II|g__Veillonella.s__Veillonella_parvula	1281.5577219236
PWY-702: L-methionine biosynthesis II|g__Citrobacter.s__Citrobacter_youngae	1022.1504407332
PWY-702: L-methionine biosynthesis II|g__Streptococcus.s__Streptococcus_thermophilus	533.9838586423
PWY-702: L-methionine biosynthesis II|g__Escherichia.s__Escherichia_coli	507.2221115168
PWY-702: L-methionine biosynthesis II|g__Citrobacter.s__Citrobacter_freundii	318.2384266232
PWY-702: L-methionine biosynthesis II|g__Veillonella.s__Veillonella_atypica	301.8743010263
PWY-702: L-methionine biosynthesis II|g__Lactobacillus.s__Lactobacillus_plantarum	287.5411507304
PWY-702: L-methionine biosynthesis II|g__Klebsiella.s__Klebsiella_oxytoca	240.4764551091
PWY-702: L-methionine biosynthesis II|unclassified	234.1287206613
PWY-702: L-methionine biosynthesis II|g__Klebsiella.s__Klebsiella_michiganensis	218.5203763622
PWY-702: L-methionine biosynthesis II|g__Morganella.s__Morganella_morganii	113.1070559581
PWY-702: L-methionine biosynthesis II|g__Kluyvera.s__Kluyvera_cryocrescens	23.4306725560
PWY-702: L-methionine biosynthesis II|g__Veillonella.s__Veillonella_dispar	8.9270202617
PWY-6126: superpathway of adenosine nucleotides de novo biosynthesis II	13650.0746193378
PWY-6126: superpathway of adenosine nucleotides de novo biosynthesis II|g__Lactobacillus.s__Lactobacillus_rhamnosus	2216.8013750687
PWY-6126: superpathway of adenosine nucleotides de novo biosynthesis II|g__Veillonella.s__Veillonella_parvula	2049.1006600837
PWY-6126: superpathway of adenosine nucleotides de novo biosynthesis II|g__Proteobacteria_unclassified.s__Proteobacteria_bacterium_CAG_139	1152.7843996632
PWY-6126: superpathway of adenosine nucleotides de novo biosynthesis II|g__Citrobacter.s__Citrobacter_portucalensis	812.9033968621
PWY-6126: superpathway of adenosine nucleotides de novo biosynthesis II|g__Veillonella.s__Veillonella_atypica	615.4183910396
PWY-6126: superpathway of adenosine nucleotides de novo biosynthesis II|g__Lactobacillus.s__Lactobacillus_casei_group	577.3109177835
PWY-6126: superpathway of adenosine nucleotides de novo biosynthesis II|g__Streptococcus.s__Streptococcus_thermophilus	531.9816300703
PWY-6126: superpathway of adenosine nucleotides de novo biosynthesis II|g__Escherichia.s__Escherichia_coli	460.0857090300
PWY-6126: superpathway of adenosine nucleotides de novo biosynthesis II|g__Citrobacter.s__Citrobacter_youngae	422.0070440920
PWY-6126: superpathway of adenosine nucleotides de novo biosynthesis II|g__Citrobacter.s__Citrobacter_freundii	270.3794391568
PWY-6126: superpathway of adenosine nucleotides de novo biosynthesis II|g__Klebsiella.s__Klebsiella_michiganensis	188.4061491568
PWY-6126: superpathway of adenosine nucleotides de novo biosynthesis II|unclassified	172.5859443476
PWY-6126: superpathway of adenosine nucleotides de novo biosynthesis II|g__Lactobacillus.s__Lactobacillus_plantarum	156.4067550135
PWY-6126: superpathway of adenosine nucleotides de novo biosynthesis II|g__Klebsiella.s__Klebsiella_oxytoca	136.4875484322
PWY-6126: superpathway of adenosine nucleotides de novo biosynthesis II|g__Morganella.s__Morganella_morganii	113.1856417952
PWY-6126: superpathway of adenosine nucleotides de novo biosynthesis II|g__Pediococcus.s__Pediococcus_acidilactici	46.1383504246
PWY-6126: superpathway of adenosine nucleotides de novo biosynthesis II|g__Veillonella.s__Veillonella_infantium	37.3751858710
PWY-6126: superpathway of adenosine nucleotides de novo biosynthesis II|g__Kluyvera.s__Kluyvera_cryocrescens	17.7825353818
PWY-6126: superpathway of adenosine nucleotides de novo biosynthesis II|g__Veillonella.s__Veillonella_dispar	16.9963717434
PWY-6122: 5-aminoimidazole ribonucleotide biosynthesis II	13454.0157324272
PWY-6122: 5-aminoimidazole ribonucleotide biosynthesis II|g__Veillonella.s__Veillonella_parvula	1943.8171366622
PWY-6122: 5-aminoimidazole ribonucleotide biosynthesis II|g__Lactobacillus.s__Lactobacillus_fermentum	1764.9329365553
PWY-6122: 5-aminoimidazole ribonucleotide biosynthesis II|g__Lactobacillus.s__Lactobacillus_rhamnosus	1592.5285909643
PWY-6122: 5-aminoimidazole ribonucleotide biosynthesis II|g__Lactobacillus.s__Lactobacillus_casei_group	1335.3740456320
PWY-6122: 5-aminoimidazole ribonucleotide biosynthesis II|g__Proteobacteria_unclassified.s__Proteobacteria_bacterium_CAG_139	954.1536681624
PWY-6122: 5-aminoimidazole ribonucleotide biosynthesis II|g__Escherichia.s__Escherichia_coli	866.2023030959
PWY-6122: 5-aminoimidazole ribonucleotide biosynthesis II|g__Citrobacter.s__Citrobacter_portucalensis	807.4400730899
PWY-6122: 5-aminoimidazole ribonucleotide biosynthesis II|g__Citrobacter.s__Citrobacter_youngae	689.9510296164
PWY-6122: 5-aminoimidazole ribonucleotide biosynthesis II|g__Lactobacillus.s__Lactobacillus_plantarum	492.8885205212
PWY-6122: 5-aminoimidazole ribonucleotide biosynthesis II|g__Streptococcus.s__Streptococcus_thermophilus	477.9412974087
PWY-6122: 5-aminoimidazole ribonucleotide biosynthesis II|g__Veillonella.s__Veillonella_atypica	446.6737064959
PWY-6122: 5-aminoimidazole ribonucleotide biosynthesis II|unclassified	269.9994768108
PWY-6122: 5-aminoimidazole ribonucleotide biosynthesis II|g__Pediococcus.s__Pediococcus_pentosaceus	220.7188688146
PWY-6122: 5-aminoimidazole ribonucleotide biosynthesis II|g__Citrobacter.s__Citrobacter_freundii	219.1075872901
PWY-6122: 5-aminoimidazole ribonucleotide biosynthesis II|g__Klebsiella.s__Klebsiella_michiganensis	180.4345490653
PWY-6122: 5-aminoimidazole ribonucleotide biosynthesis II|g__Lactobacillus.s__Lactobacillus_mucosae	167.4613569019
PWY-6122: 5-aminoimidazole ribonucleotide biosynthesis II|g__Morganella.s__Morganella_morganii	111.5506409725
PWY-6122: 5-aminoimidazole ribonucleotide biosynthesis II|g__Klebsiella.s__Klebsiella_oxytoca	110.6911984483
PWY-6122: 5-aminoimidazole ribonucleotide biosynthesis II|g__Pediococcus.s__Pediococcus_acidilactici	48.0847135705
PWY-6122: 5-aminoimidazole ribonucleotide biosynthesis II|g__Lactobacillus.s__Lactobacillus_manihotivorans	36.8698668700
PWY-6122: 5-aminoimidazole ribonucleotide biosynthesis II|g__Veillonella.s__Veillonella_dispar	24.8263550342
PWY-6122: 5-aminoimidazole ribonucleotide biosynthesis II|g__Lactobacillus.s__Lactobacillus_parabuchneri	23.6094245897
PWY-6122: 5-aminoimidazole ribonucleotide biosynthesis II|g__Proteus.s__Proteus_vulgaris	17.6563098114
PWY-6122: 5-aminoimidazole ribonucleotide biosynthesis II|g__Kluyvera.s__Kluyvera_cryocrescens	16.4050096027
PWY-6122: 5-aminoimidazole ribonucleotide biosynthesis II|g__Veillonella.s__Veillonella_infantium	6.8633704699
PWY-6122: 5-aminoimidazole ribonucleotide biosynthesis II|g__Streptococcus.s__Streptococcus_salivarius	2.8377356156
PWY-6122: 5-aminoimidazole ribonucleotide biosynthesis II|g__Escherichia.s__Escherichia_fergusonii	0.7276030355
PWY-6277: superpathway of 5-aminoimidazole ribonucleotide biosynthesis	13454.0157324272
PWY-6277: superpathway of 5-aminoimidazole ribonucleotide biosynthesis|g__Veillonella.s__Veillonella_parvula	1943.8171366622
PWY-6277: superpathway of 5-aminoimidazole ribonucleotide biosynthesis|g__Lactobacillus.s__Lactobacillus_fermentum	1764.9329365553
PWY-6277: superpathway of 5-aminoimidazole ribonucleotide biosynthesis|g__Lactobacillus.s__Lactobacillus_rhamnosus	1592.5285909643
PWY-6277: superpathway of 5-aminoimidazole ribonucleotide biosynthesis|g__Lactobacillus.s__Lactobacillus_casei_group	1335.3740456320
PWY-6277: superpathway of 5-aminoimidazole ribonucleotide biosynthesis|g__Proteobacteria_unclassified.s__Proteobacteria_bacterium_CAG_139	954.1536681624
PWY-6277: superpathway of 5-aminoimidazole ribonucleotide biosynthesis|g__Escherichia.s__Escherichia_coli	866.2023030959
PWY-6277: superpathway of 5-aminoimidazole ribonucleotide biosynthesis|g__Citrobacter.s__Citrobacter_portucalensis	807.4400730899
PWY-6277: superpathway of 5-aminoimidazole ribonucleotide biosynthesis|g__Citrobacter.s__Citrobacter_youngae	689.9510296164
PWY-6277: superpathway of 5-aminoimidazole ribonucleotide biosynthesis|g__Lactobacillus.s__Lactobacillus_plantarum	492.8885205212
PWY-6277: superpathway of 5-aminoimidazole ribonucleotide biosynthesis|g__Streptococcus.s__Streptococcus_thermophilus	477.9412974087
PWY-6277: superpathway of 5-aminoimidazole ribonucleotide biosynthesis|g__Veillonella.s__Veillonella_atypica	446.6737064959
PWY-6277: superpathway of 5-aminoimidazole ribonucleotide biosynthesis|unclassified	269.9994768108
PWY-6277: superpathway of 5-aminoimidazole ribonucleotide biosynthesis|g__Pediococcus.s__Pediococcus_pentosaceus	220.7188688146
PWY-6277: superpathway of 5-aminoimidazole ribonucleotide biosynthesis|g__Citrobacter.s__Citrobacter_freundii	219.1075872901
PWY-6277: superpathway of 5-aminoimidazole ribonucleotide biosynthesis|g__Klebsiella.s__Klebsiella_michiganensis	180.4345490653
PWY-6277: superpathway of 5-aminoimidazole ribonucleotide biosynthesis|g__Lactobacillus.s__Lactobacillus_mucosae	167.4613569019
PWY-6277: superpathway of 5-aminoimidazole ribonucleotide biosynthesis|g__Morganella.s__Morganella_morganii	111.5506409725
PWY-6277: superpathway of 5-aminoimidazole ribonucleotide biosynthesis|g__Klebsiella.s__Klebsiella_oxytoca	110.6911984483
PWY-6277: superpathway of 5-aminoimidazole ribonucleotide biosynthesis|g__Pediococcus.s__Pediococcus_acidilactici	48.0847135705
PWY-6277: superpathway of 5-aminoimidazole ribonucleotide biosynthesis|g__Lactobacillus.s__Lactobacillus_manihotivorans	36.8698668700
PWY-6277: superpathway of 5-aminoimidazole ribonucleotide biosynthesis|g__Veillonella.s__Veillonella_dispar	24.8263550342
PWY-6277: superpathway of 5-aminoimidazole ribonucleotide biosynthesis|g__Lactobacillus.s__Lactobacillus_parabuchneri	23.6094245897
PWY-6277: superpathway of 5-aminoimidazole ribonucleotide biosynthesis|g__Proteus.s__Proteus_vulgaris	17.6563098114
PWY-6277: superpathway of 5-aminoimidazole ribonucleotide biosynthesis|g__Kluyvera.s__Kluyvera_cryocrescens	16.4050096027
PWY-6277: superpathway of 5-aminoimidazole ribonucleotide biosynthesis|g__Veillonella.s__Veillonella_infantium	6.8633704699
PWY-6277: superpathway of 5-aminoimidazole ribonucleotide biosynthesis|g__Streptococcus.s__Streptococcus_salivarius	2.8377356156
PWY-6277: superpathway of 5-aminoimidazole ribonucleotide biosynthesis|g__Escherichia.s__Escherichia_fergusonii	0.7276030355
PWY66-429: fatty acid biosynthesis initiation (mitochondria)	13229.9557398994
PWY66-429: fatty acid biosynthesis initiation (mitochondria)|g__Lactobacillus.s__Lactobacillus_fermentum	1253.1474932810
PWY66-429: fatty acid biosynthesis initiation (mitochondria)|g__Lactobacillus.s__Lactobacillus_rhamnosus	1193.6575597004
PWY66-429: fatty acid biosynthesis initiation (mitochondria)|g__Proteobacteria_unclassified.s__Proteobacteria_bacterium_CAG_139	873.8307037033
PWY66-429: fatty acid biosynthesis initiation (mitochondria)|g__Citrobacter.s__Citrobacter_portucalensis	863.7630600782
PWY66-429: fatty acid biosynthesis initiation (mitochondria)|g__Escherichia.s__Escherichia_coli	666.0150917734
PWY66-429: fatty acid biosynthesis initiation (mitochondria)|g__Lactobacillus.s__Lactobacillus_casei_group	615.7289912370
PWY66-429: fatty acid biosynthesis initiation (mitochondria)|g__Klebsiella.s__Klebsiella_oxytoca	482.8327923172
PWY66-429: fatty acid biosynthesis initiation (mitochondria)|g__Streptococcus.s__Streptococcus_thermophilus	431.4985010041
PWY66-429: fatty acid biosynthesis initiation (mitochondria)|g__Veillonella.s__Veillonella_atypica	375.8871000573
PWY66-429: fatty acid biosynthesis initiation (mitochondria)|unclassified	176.0209423846
PWY66-429: fatty acid biosynthesis initiation (mitochondria)|g__Pediococcus.s__Pediococcus_pentosaceus	154.2929071036
PWY66-429: fatty acid biosynthesis initiation (mitochondria)|g__Lactobacillus.s__Lactobacillus_mucosae	140.7199207901
PWY66-429: fatty acid biosynthesis initiation (mitochondria)|g__Citrobacter.s__Citrobacter_freundii	113.2119883683
PWY66-429: fatty acid biosynthesis initiation (mitochondria)|g__Morganella.s__Morganella_morganii	99.9913208171
PWY66-429: fatty acid biosynthesis initiation (mitochondria)|g__Citrobacter.s__Citrobacter_youngae	85.7239145399
PWY66-429: fatty acid biosynthesis initiation (mitochondria)|g__Pediococcus.s__Pediococcus_acidilactici	55.7360661573
PWY66-429: fatty acid biosynthesis initiation (mitochondria)|g__Klebsiella.s__Klebsiella_michiganensis	31.9721013593
PWY66-429: fatty acid biosynthesis initiation (mitochondria)|g__Kluyvera.s__Kluyvera_cryocrescens	25.4458816444
PWY66-429: fatty acid biosynthesis initiation (mitochondria)|g__Proteus.s__Proteus_vulgaris	25.3584710897
PWY66-429: fatty acid biosynthesis initiation (mitochondria)|g__Veillonella.s__Veillonella_parvula	21.6894260996
PWY66-429: fatty acid biosynthesis initiation (mitochondria)|g__Lactobacillus.s__Lactobacillus_parabuchneri	10.1896012825
PWY66-429: fatty acid biosynthesis initiation (mitochondria)|g__Veillonella.s__Veillonella_infantium	6.8242186038
PWY66-429: fatty acid biosynthesis initiation (mitochondria)|g__Streptococcus.s__Streptococcus_pneumoniae	3.6474529783
PWY-7184: pyrimidine deoxyribonucleotides de novo biosynthesis I	12995.5799555294
PWY-7184: pyrimidine deoxyribonucleotides de novo biosynthesis I|g__Lactobacillus.s__Lactobacillus_rhamnosus	1140.2522773033
PWY-7184: pyrimidine deoxyribonucleotides de novo biosynthesis I|g__Citrobacter.s__Citrobacter_portucalensis	777.0876468456
PWY-7184: pyrimidine deoxyribonucleotides de novo biosynthesis I|g__Lactobacillus.s__Lactobacillus_casei_group	698.3882486384
PWY-7184: pyrimidine deoxyribonucleotides de novo biosynthesis I|g__Citrobacter.s__Citrobacter_youngae	574.6500284479
PWY-7184: pyrimidine deoxyribonucleotides de novo biosynthesis I|g__Escherichia.s__Escherichia_coli	486.5360403506
PWY-7184: pyrimidine deoxyribonucleotides de novo biosynthesis I|g__Klebsiella.s__Klebsiella_michiganensis	243.5877110820
PWY-7184: pyrimidine deoxyribonucleotides de novo biosynthesis I|unclassified	184.1270309566
PWY-7184: pyrimidine deoxyribonucleotides de novo biosynthesis I|g__Klebsiella.s__Klebsiella_oxytoca	173.1061806314
PWY-7184: pyrimidine deoxyribonucleotides de novo biosynthesis I|g__Morganella.s__Morganella_morganii	90.4682398306
PWY-7184: pyrimidine deoxyribonucleotides de novo biosynthesis I|g__Pediococcus.s__Pediococcus_acidilactici	38.0074055360
PWY-7184: pyrimidine deoxyribonucleotides de novo biosynthesis I|g__Citrobacter.s__Citrobacter_freundii	32.6722976048
PWY-7184: pyrimidine deoxyribonucleotides de novo biosynthesis I|g__Kluyvera.s__Kluyvera_cryocrescens	17.7876309257
UDPNAGSYN-PWY: UDP-N-acetyl-D-glucosamine biosynthesis I	12974.8503375863
UDPNAGSYN-PWY: UDP-N-acetyl-D-glucosamine biosynthesis I|g__Lactobacillus.s__Lactobacillus_rhamnosus	2245.0721698882
UDPNAGSYN-PWY: UDP-N-acetyl-D-glucosamine biosynthesis I|g__Veillonella.s__Veillonella_parvula	1609.9329629905
UDPNAGSYN-PWY: UDP-N-acetyl-D-glucosamine biosynthesis I|g__Lactobacillus.s__Lactobacillus_fermentum	1458.1961569602
UDPNAGSYN-PWY: UDP-N-acetyl-D-glucosamine biosynthesis I|g__Citrobacter.s__Citrobacter_portucalensis	1375.7181523720
UDPNAGSYN-PWY: UDP-N-acetyl-D-glucosamine biosynthesis I|g__Proteobacteria_unclassified.s__Proteobacteria_bacterium_CAG_139	883.7618630069
UDPNAGSYN-PWY: UDP-N-acetyl-D-glucosamine biosynthesis I|g__Escherichia.s__Escherichia_coli	764.8382589491
UDPNAGSYN-PWY: UDP-N-acetyl-D-glucosamine biosynthesis I|g__Lactobacillus.s__Lactobacillus_casei_group	638.0623637268
UDPNAGSYN-PWY: UDP-N-acetyl-D-glucosamine biosynthesis I|g__Streptococcus.s__Streptococcus_thermophilus	515.7931227672
UDPNAGSYN-PWY: UDP-N-acetyl-D-glucosamine biosynthesis I|g__Veillonella.s__Veillonella_atypica	374.5100603858
UDPNAGSYN-PWY: UDP-N-acetyl-D-glucosamine biosynthesis I|g__Klebsiella.s__Klebsiella_oxytoca	277.4632994380
UDPNAGSYN-PWY: UDP-N-acetyl-D-glucosamine biosynthesis I|g__Citrobacter.s__Citrobacter_freundii	187.7201786658
UDPNAGSYN-PWY: UDP-N-acetyl-D-glucosamine biosynthesis I|g__Pediococcus.s__Pediococcus_pentosaceus	170.3818818629
UDPNAGSYN-PWY: UDP-N-acetyl-D-glucosamine biosynthesis I|g__Klebsiella.s__Klebsiella_michiganensis	146.0510389995
UDPNAGSYN-PWY: UDP-N-acetyl-D-glucosamine biosynthesis I|unclassified	138.1159820372
UDPNAGSYN-PWY: UDP-N-acetyl-D-glucosamine biosynthesis I|g__Lactobacillus.s__Lactobacillus_mucosae	135.9679032553
UDPNAGSYN-PWY: UDP-N-acetyl-D-glucosamine biosynthesis I|g__Morganella.s__Morganella_morganii	124.2823787607
UDPNAGSYN-PWY: UDP-N-acetyl-D-glucosamine biosynthesis I|g__Citrobacter.s__Citrobacter_youngae	94.7166151752
UDPNAGSYN-PWY: UDP-N-acetyl-D-glucosamine biosynthesis I|g__Pediococcus.s__Pediococcus_acidilactici	89.1443178490
UDPNAGSYN-PWY: UDP-N-acetyl-D-glucosamine biosynthesis I|g__Lactobacillus.s__Lactobacillus_plantarum	50.2099593297
UDPNAGSYN-PWY: UDP-N-acetyl-D-glucosamine biosynthesis I|g__Lactobacillus.s__Lactobacillus_manihotivorans	40.3861931438
UDPNAGSYN-PWY: UDP-N-acetyl-D-glucosamine biosynthesis I|g__Proteus.s__Proteus_vulgaris	25.4903845666
UDPNAGSYN-PWY: UDP-N-acetyl-D-glucosamine biosynthesis I|g__Veillonella.s__Veillonella_dispar	20.8098441263
UDPNAGSYN-PWY: UDP-N-acetyl-D-glucosamine biosynthesis I|g__Kluyvera.s__Kluyvera_cryocrescens	19.4729765212
UDPNAGSYN-PWY: UDP-N-acetyl-D-glucosamine biosynthesis I|g__Lactobacillus.s__Lactobacillus_parabuchneri	14.8444587748
UDPNAGSYN-PWY: UDP-N-acetyl-D-glucosamine biosynthesis I|g__Veillonella.s__Veillonella_infantium	6.2753373143
PWY-6527: stachyose degradation	12881.1969225684
PWY-6527: stachyose degradation|g__Lactobacillus.s__Lactobacillus_rhamnosus	2804.7128997806
PWY-6527: stachyose degradation|g__Lactobacillus.s__Lactobacillus_fermentum	1289.0895081758
PWY-6527: stachyose degradation|g__Lactobacillus.s__Lactobacillus_casei_group	903.3358680388
PWY-6527: stachyose degradation|g__Citrobacter.s__Citrobacter_portucalensis	855.1462871083
PWY-6527: stachyose degradation|g__Escherichia.s__Escherichia_coli	506.7965895289
PWY-6527: stachyose degradation|g__Citrobacter.s__Citrobacter_freundii	465.2659521129
PWY-6527: stachyose degradation|g__Citrobacter.s__Citrobacter_youngae	241.1541444083
PWY-6527: stachyose degradation|g__Lactobacillus.s__Lactobacillus_plantarum	206.7563446739
PWY-6527: stachyose degradation|g__Lactobacillus.s__Lactobacillus_mucosae	136.6213217565
PWY-6527: stachyose degradation|g__Klebsiella.s__Klebsiella_oxytoca	130.2441007444
PWY-6527: stachyose degradation|g__Klebsiella.s__Klebsiella_michiganensis	66.1886661445
PWY-6527: stachyose degradation|g__Pediococcus.s__Pediococcus_pentosaceus	58.6679519248
PWY-6527: stachyose degradation|unclassified	51.2819085096
PWY-6527: stachyose degradation|g__Pediococcus.s__Pediococcus_acidilactici	48.5325975482
PWY-6527: stachyose degradation|g__Lactobacillus.s__Lactobacillus_manihotivorans	36.4943295056
PWY-6527: stachyose degradation|g__Lactobacillus.s__Lactobacillus_parabuchneri	29.9763827634
PWY-6527: stachyose degradation|g__Kluyvera.s__Kluyvera_cryocrescens	13.6681814789
PWY-6121: 5-aminoimidazole ribonucleotide biosynthesis I	12780.4854603621
PWY-6121: 5-aminoimidazole ribonucleotide biosynthesis I|g__Veillonella.s__Veillonella_parvula	1911.4509916684
PWY-6121: 5-aminoimidazole ribonucleotide biosynthesis I|g__Lactobacillus.s__Lactobacillus_fermentum	1687.7019386931
PWY-6121: 5-aminoimidazole ribonucleotide biosynthesis I|g__Lactobacillus.s__Lactobacillus_rhamnosus	1534.3769978886
PWY-6121: 5-aminoimidazole ribonucleotide biosynthesis I|g__Lactobacillus.s__Lactobacillus_casei_group	1283.8889982168
PWY-6121: 5-aminoimidazole ribonucleotide biosynthesis I|g__Proteobacteria_unclassified.s__Proteobacteria_bacterium_CAG_139	938.1819406986
PWY-6121: 5-aminoimidazole ribonucleotide biosynthesis I|g__Citrobacter.s__Citrobacter_portucalensis	705.3970369005
PWY-6121: 5-aminoimidazole ribonucleotide biosynthesis I|g__Escherichia.s__Escherichia_coli	676.5350951411
PWY-6121: 5-aminoimidazole ribonucleotide biosynthesis I|g__Citrobacter.s__Citrobacter_youngae	613.0622700520
PWY-6121: 5-aminoimidazole ribonucleotide biosynthesis I|g__Streptococcus.s__Streptococcus_thermophilus	504.5041991208
PWY-6121: 5-aminoimidazole ribonucleotide biosynthesis I|g__Lactobacillus.s__Lactobacillus_plantarum	501.1981703762
PWY-6121: 5-aminoimidazole ribonucleotide biosynthesis I|g__Veillonella.s__Veillonella_atypica	459.8439506622
PWY-6121: 5-aminoimidazole ribonucleotide biosynthesis I|g__Citrobacter.s__Citrobacter_freundii	253.9624464446
PWY-6121: 5-aminoimidazole ribonucleotide biosynthesis I|g__Pediococcus.s__Pediococcus_pentosaceus	214.9508872177
PWY-6121: 5-aminoimidazole ribonucleotide biosynthesis I|g__Klebsiella.s__Klebsiella_michiganensis	179.5746378072
PWY-6121: 5-aminoimidazole ribonucleotide biosynthesis I|unclassified	176.0010385694
PWY-6121: 5-aminoimidazole ribonucleotide biosynthesis I|g__Lactobacillus.s__Lactobacillus_mucosae	164.2343485252
PWY-6121: 5-aminoimidazole ribonucleotide biosynthesis I|g__Morganella.s__Morganella_morganii	114.5325977782
PWY-6121: 5-aminoimidazole ribonucleotide biosynthesis I|g__Klebsiella.s__Klebsiella_oxytoca	112.3151419274
PWY-6121: 5-aminoimidazole ribonucleotide biosynthesis I|g__Pediococcus.s__Pediococcus_acidilactici	47.1892278181
PWY-6121: 5-aminoimidazole ribonucleotide biosynthesis I|g__Lactobacillus.s__Lactobacillus_manihotivorans	37.7822207711
PWY-6121: 5-aminoimidazole ribonucleotide biosynthesis I|g__Lactobacillus.s__Lactobacillus_parabuchneri	20.9647074649
PWY-6121: 5-aminoimidazole ribonucleotide biosynthesis I|g__Veillonella.s__Veillonella_dispar	20.0543635503
PWY-6121: 5-aminoimidazole ribonucleotide biosynthesis I|g__Proteus.s__Proteus_vulgaris	17.4415006419
PWY-6121: 5-aminoimidazole ribonucleotide biosynthesis I|g__Kluyvera.s__Kluyvera_cryocrescens	14.9009575709
PWY-6121: 5-aminoimidazole ribonucleotide biosynthesis I|g__Veillonella.s__Veillonella_infantium	3.7383805707
PWY-7013: (S)-propane-1,2-diol degradation	12731.5154996941
PWY-7013: (S)-propane-1,2-diol degradation|g__Citrobacter.s__Citrobacter_portucalensis	2264.9038571921
PWY-7013: (S)-propane-1,2-diol degradation|g__Citrobacter.s__Citrobacter_freundii	1517.8889450077
PWY-7013: (S)-propane-1,2-diol degradation|g__Citrobacter.s__Citrobacter_youngae	1122.9355721209
PWY-7013: (S)-propane-1,2-diol degradation|g__Klebsiella.s__Klebsiella_oxytoca	808.7948408632
PWY-7013: (S)-propane-1,2-diol degradation|g__Klebsiella.s__Klebsiella_michiganensis	557.4350358357
PWY-7013: (S)-propane-1,2-diol degradation|unclassified	482.3484216527
PWY-7013: (S)-propane-1,2-diol degradation|g__Escherichia.s__Escherichia_coli	455.8022107194
PWY-7013: (S)-propane-1,2-diol degradation|g__Pediococcus.s__Pediococcus_pentosaceus	149.4643307889
PWY0-1296: purine ribonucleosides degradation	12726.9904059308
PWY0-1296: purine ribonucleosides degradation|g__Citrobacter.s__Citrobacter_portucalensis	1782.0642251758
PWY0-1296: purine ribonucleosides degradation|g__Lactobacillus.s__Lactobacillus_rhamnosus	1752.5000608093
PWY0-1296: purine ribonucleosides degradation|g__Lactobacillus.s__Lactobacillus_casei_group	1397.4318557127
PWY0-1296: purine ribonucleosides degradation|g__Lactobacillus.s__Lactobacillus_fermentum	1140.6249642953
PWY0-1296: purine ribonucleosides degradation|g__Escherichia.s__Escherichia_coli	860.0767359041
PWY0-1296: purine ribonucleosides degradation|g__Citrobacter.s__Citrobacter_youngae	704.0030135500
PWY0-1296: purine ribonucleosides degradation|g__Streptococcus.s__Streptococcus_thermophilus	691.6984385281
PWY0-1296: purine ribonucleosides degradation|g__Veillonella.s__Veillonella_atypica	251.8901203428
PWY0-1296: purine ribonucleosides degradation|g__Klebsiella.s__Klebsiella_oxytoca	236.4652034796
PWY0-1296: purine ribonucleosides degradation|g__Klebsiella.s__Klebsiella_michiganensis	223.8922729763
PWY0-1296: purine ribonucleosides degradation|g__Morganella.s__Morganella_morganii	167.8994935409
PWY0-1296: purine ribonucleosides degradation|g__Lactobacillus.s__Lactobacillus_mucosae	116.1888307232
PWY0-1296: purine ribonucleosides degradation|g__Citrobacter.s__Citrobacter_freundii	90.3950787981
PWY0-1296: purine ribonucleosides degradation|unclassified	72.5214389985
PWY0-1296: purine ribonucleosides degradation|g__Lactobacillus.s__Lactobacillus_manihotivorans	66.7374302029
PWY0-1296: purine ribonucleosides degradation|g__Pediococcus.s__Pediococcus_acidilactici	45.0648287650
PWY0-1296: purine ribonucleosides degradation|g__Proteus.s__Proteus_vulgaris	28.6655104028
PWY0-1296: purine ribonucleosides degradation|g__Kluyvera.s__Kluyvera_cryocrescens	26.3202839003
PWY0-1296: purine ribonucleosides degradation|g__Lactobacillus.s__Lactobacillus_parabuchneri	20.4453603795
PWY0-1296: purine ribonucleosides degradation|g__Escherichia.s__Escherichia_fergusonii	15.7105538990
PWY0-1296: purine ribonucleosides degradation|g__Proteus.s__Proteus_mirabilis	13.7009263286
PWY0-1296: purine ribonucleosides degradation|g__Lactobacillus.s__Lactobacillus_pantheris	6.9807887075
PWY0-1296: purine ribonucleosides degradation|g__Streptococcus.s__Streptococcus_pneumoniae	3.5070313056
PWY0-1296: purine ribonucleosides degradation|g__Streptococcus.s__Streptococcus_salivarius	2.5377889435
PWY-6385: peptidoglycan biosynthesis III (mycobacteria)	12719.2122291632
PWY-6385: peptidoglycan biosynthesis III (mycobacteria)|g__Veillonella.s__Veillonella_parvula	1778.0139308428
PWY-6385: peptidoglycan biosynthesis III (mycobacteria)|g__Lactobacillus.s__Lactobacillus_rhamnosus	1526.7588078506
PWY-6385: peptidoglycan biosynthesis III (mycobacteria)|g__Lactobacillus.s__Lactobacillus_fermentum	1336.6462450946
PWY-6385: peptidoglycan biosynthesis III (mycobacteria)|g__Citrobacter.s__Citrobacter_portucalensis	1067.5722488057
PWY-6385: peptidoglycan biosynthesis III (mycobacteria)|g__Proteobacteria_unclassified.s__Proteobacteria_bacterium_CAG_139	1034.0130687488
PWY-6385: peptidoglycan biosynthesis III (mycobacteria)|g__Escherichia.s__Escherichia_coli	724.4581306736
PWY-6385: peptidoglycan biosynthesis III (mycobacteria)|g__Streptococcus.s__Streptococcus_thermophilus	532.1367067230
PWY-6385: peptidoglycan biosynthesis III (mycobacteria)|g__Veillonella.s__Veillonella_atypica	367.5634761064
PWY-6385: peptidoglycan biosynthesis III (mycobacteria)|g__Lactobacillus.s__Lactobacillus_casei_group	308.6267943665
PWY-6385: peptidoglycan biosynthesis III (mycobacteria)|g__Citrobacter.s__Citrobacter_youngae	224.8324707281
PWY-6385: peptidoglycan biosynthesis III (mycobacteria)|unclassified	188.3854264167
PWY-6385: peptidoglycan biosynthesis III (mycobacteria)|g__Klebsiella.s__Klebsiella_oxytoca	171.5031293397
PWY-6385: peptidoglycan biosynthesis III (mycobacteria)|g__Klebsiella.s__Klebsiella_michiganensis	167.1857218552
PWY-6385: peptidoglycan biosynthesis III (mycobacteria)|g__Pediococcus.s__Pediococcus_pentosaceus	148.8668023435
PWY-6385: peptidoglycan biosynthesis III (mycobacteria)|g__Morganella.s__Morganella_morganii	123.6707114100
PWY-6385: peptidoglycan biosynthesis III (mycobacteria)|g__Citrobacter.s__Citrobacter_freundii	67.5460812578
PWY-6385: peptidoglycan biosynthesis III (mycobacteria)|g__Pediococcus.s__Pediococcus_acidilactici	61.4112665840
PWY-6385: peptidoglycan biosynthesis III (mycobacteria)|g__Veillonella.s__Veillonella_dispar	24.0754738982
PWY-6385: peptidoglycan biosynthesis III (mycobacteria)|g__Kluyvera.s__Kluyvera_cryocrescens	21.8059946490
ANAGLYCOLYSIS-PWY: glycolysis III (from glucose)	12716.0002635240
ANAGLYCOLYSIS-PWY: glycolysis III (from glucose)|g__Lactobacillus.s__Lactobacillus_rhamnosus	2279.2616856618
ANAGLYCOLYSIS-PWY: glycolysis III (from glucose)|g__Citrobacter.s__Citrobacter_portucalensis	1139.2994720356
ANAGLYCOLYSIS-PWY: glycolysis III (from glucose)|g__Escherichia.s__Escherichia_coli	813.6523646373
ANAGLYCOLYSIS-PWY: glycolysis III (from glucose)|g__Lactobacillus.s__Lactobacillus_casei_group	765.7950810100
ANAGLYCOLYSIS-PWY: glycolysis III (from glucose)|g__Streptococcus.s__Streptococcus_thermophilus	441.7533338021
ANAGLYCOLYSIS-PWY: glycolysis III (from glucose)|g__Citrobacter.s__Citrobacter_freundii	276.0862414575
ANAGLYCOLYSIS-PWY: glycolysis III (from glucose)|g__Klebsiella.s__Klebsiella_oxytoca	223.9126710573
ANAGLYCOLYSIS-PWY: glycolysis III (from glucose)|g__Klebsiella.s__Klebsiella_michiganensis	213.8998851411
ANAGLYCOLYSIS-PWY: glycolysis III (from glucose)|g__Pediococcus.s__Pediococcus_pentosaceus	191.1344104337
ANAGLYCOLYSIS-PWY: glycolysis III (from glucose)|g__Citrobacter.s__Citrobacter_youngae	160.2533755370
ANAGLYCOLYSIS-PWY: glycolysis III (from glucose)|g__Lactobacillus.s__Lactobacillus_plantarum	148.1787650806
ANAGLYCOLYSIS-PWY: glycolysis III (from glucose)|unclassified	127.0160210819
ANAGLYCOLYSIS-PWY: glycolysis III (from glucose)|g__Morganella.s__Morganella_morganii	90.0674241943
ANAGLYCOLYSIS-PWY: glycolysis III (from glucose)|g__Pediococcus.s__Pediococcus_acidilactici	80.3353038675
ANAGLYCOLYSIS-PWY: glycolysis III (from glucose)|g__Proteus.s__Proteus_vulgaris	28.3016503114
ANAGLYCOLYSIS-PWY: glycolysis III (from glucose)|g__Kluyvera.s__Kluyvera_cryocrescens	25.1150935161
PWY-841: superpathway of purine nucleotides de novo biosynthesis I	12589.9001336389
PWY-841: superpathway of purine nucleotides de novo biosynthesis I|g__Lactobacillus.s__Lactobacillus_rhamnosus	1710.4839419573
PWY-841: superpathway of purine nucleotides de novo biosynthesis I|g__Veillonella.s__Veillonella_parvula	1272.9014468249
PWY-841: superpathway of purine nucleotides de novo biosynthesis I|g__Citrobacter.s__Citrobacter_portucalensis	727.7919680467
PWY-841: superpathway of purine nucleotides de novo biosynthesis I|g__Escherichia.s__Escherichia_coli	570.1844140948
PWY-841: superpathway of purine nucleotides de novo biosynthesis I|g__Lactobacillus.s__Lactobacillus_casei_group	561.5935875831
PWY-841: superpathway of purine nucleotides de novo biosynthesis I|g__Veillonella.s__Veillonella_atypica	497.8519717157
PWY-841: superpathway of purine nucleotides de novo biosynthesis I|g__Citrobacter.s__Citrobacter_youngae	218.6374697789
PWY-841: superpathway of purine nucleotides de novo biosynthesis I|g__Klebsiella.s__Klebsiella_michiganensis	157.7619145649
PWY-841: superpathway of purine nucleotides de novo biosynthesis I|g__Citrobacter.s__Citrobacter_freundii	135.9836929422
PWY-841: superpathway of purine nucleotides de novo biosynthesis I|unclassified	131.7359338659
PWY-841: superpathway of purine nucleotides de novo biosynthesis I|g__Klebsiella.s__Klebsiella_oxytoca	129.9324898898
PWY-841: superpathway of purine nucleotides de novo biosynthesis I|g__Morganella.s__Morganella_morganii	110.6748822014
PWY-841: superpathway of purine nucleotides de novo biosynthesis I|g__Kluyvera.s__Kluyvera_cryocrescens	15.2209571707
PWY-7198: pyrimidine deoxyribonucleotides de novo biosynthesis IV	12525.2722863015
PWY-7198: pyrimidine deoxyribonucleotides de novo biosynthesis IV|g__Lactobacillus.s__Lactobacillus_rhamnosus	959.9605518027
PWY-7198: pyrimidine deoxyribonucleotides de novo biosynthesis IV|g__Lactobacillus.s__Lactobacillus_casei_group	692.1822967903
PWY-7198: pyrimidine deoxyribonucleotides de novo biosynthesis IV|unclassified	176.3675107227
PWY-7198: pyrimidine deoxyribonucleotides de novo biosynthesis IV|g__Klebsiella.s__Klebsiella_oxytoca	129.3677832989
PWY-7198: pyrimidine deoxyribonucleotides de novo biosynthesis IV|g__Escherichia.s__Escherichia_coli	104.4189307160
PWY-7198: pyrimidine deoxyribonucleotides de novo biosynthesis IV|g__Morganella.s__Morganella_morganii	79.8425835073
PWY-7198: pyrimidine deoxyribonucleotides de novo biosynthesis IV|g__Pediococcus.s__Pediococcus_acidilactici	37.3141830317
PWY-7198: pyrimidine deoxyribonucleotides de novo biosynthesis IV|g__Kluyvera.s__Kluyvera_cryocrescens	17.0924187700
PWY-7220: adenosine deoxyribonucleotides de novo biosynthesis II	12458.6383942166
PWY-7220: adenosine deoxyribonucleotides de novo biosynthesis II|g__Lactobacillus.s__Lactobacillus_rhamnosus	2954.4681230870
PWY-7220: adenosine deoxyribonucleotides de novo biosynthesis II|g__Veillonella.s__Veillonella_parvula	1869.4483004176
PWY-7220: adenosine deoxyribonucleotides de novo biosynthesis II|g__Citrobacter.s__Citrobacter_youngae	1401.2740922970
PWY-7220: adenosine deoxyribonucleotides de novo biosynthesis II|g__Proteobacteria_unclassified.s__Proteobacteria_bacterium_CAG_139	1154.9908641490
PWY-7220: adenosine deoxyribonucleotides de novo biosynthesis II|g__Citrobacter.s__Citrobacter_portucalensis	985.6525244243
PWY-7220: adenosine deoxyribonucleotides de novo biosynthesis II|g__Lactobacillus.s__Lactobacillus_casei_group	616.6919368209
PWY-7220: adenosine deoxyribonucleotides de novo biosynthesis II|g__Escherichia.s__Escherichia_coli	588.9714404689
PWY-7220: adenosine deoxyribonucleotides de novo biosynthesis II|g__Streptococcus.s__Streptococcus_thermophilus	516.5146498757
PWY-7220: adenosine deoxyribonucleotides de novo biosynthesis II|g__Veillonella.s__Veillonella_atypica	490.7114675483
PWY-7220: adenosine deoxyribonucleotides de novo biosynthesis II|g__Klebsiella.s__Klebsiella_michiganensis	336.8384407866
PWY-7220: adenosine deoxyribonucleotides de novo biosynthesis II|g__Citrobacter.s__Citrobacter_freundii	241.2067425465
PWY-7220: adenosine deoxyribonucleotides de novo biosynthesis II|unclassified	170.2419698079
PWY-7220: adenosine deoxyribonucleotides de novo biosynthesis II|g__Klebsiella.s__Klebsiella_oxytoca	160.1529619858
PWY-7220: adenosine deoxyribonucleotides de novo biosynthesis II|g__Lactobacillus.s__Lactobacillus_plantarum	151.0274180359
PWY-7220: adenosine deoxyribonucleotides de novo biosynthesis II|g__Morganella.s__Morganella_morganii	140.5174738417
PWY-7220: adenosine deoxyribonucleotides de novo biosynthesis II|g__Veillonella.s__Veillonella_infantium	39.9022278124
PWY-7220: adenosine deoxyribonucleotides de novo biosynthesis II|g__Pediococcus.s__Pediococcus_acidilactici	35.8223931638
PWY-7220: adenosine deoxyribonucleotides de novo biosynthesis II|g__Kluyvera.s__Kluyvera_cryocrescens	23.1449253592
PWY-7220: adenosine deoxyribonucleotides de novo biosynthesis II|g__Veillonella.s__Veillonella_dispar	17.1809978011
PWY-7220: adenosine deoxyribonucleotides de novo biosynthesis II|g__Escherichia.s__Escherichia_fergusonii	7.4279928783
PWY-7222: guanosine deoxyribonucleotides de novo biosynthesis II	12458.6383942166
PWY-7222: guanosine deoxyribonucleotides de novo biosynthesis II|g__Lactobacillus.s__Lactobacillus_rhamnosus	2954.4681230870
PWY-7222: guanosine deoxyribonucleotides de novo biosynthesis II|g__Veillonella.s__Veillonella_parvula	1869.4483004176
PWY-7222: guanosine deoxyribonucleotides de novo biosynthesis II|g__Citrobacter.s__Citrobacter_youngae	1401.2740922970
PWY-7222: guanosine deoxyribonucleotides de novo biosynthesis II|g__Proteobacteria_unclassified.s__Proteobacteria_bacterium_CAG_139	1154.9908641490
PWY-7222: guanosine deoxyribonucleotides de novo biosynthesis II|g__Citrobacter.s__Citrobacter_portucalensis	985.6525244243
PWY-7222: guanosine deoxyribonucleotides de novo biosynthesis II|g__Lactobacillus.s__Lactobacillus_casei_group	616.6919368209
PWY-7222: guanosine deoxyribonucleotides de novo biosynthesis II|g__Escherichia.s__Escherichia_coli	588.9714404689
PWY-7222: guanosine deoxyribonucleotides de novo biosynthesis II|g__Streptococcus.s__Streptococcus_thermophilus	516.5146498757
PWY-7222: guanosine deoxyribonucleotides de novo biosynthesis II|g__Veillonella.s__Veillonella_atypica	490.7114675483
PWY-7222: guanosine deoxyribonucleotides de novo biosynthesis II|g__Klebsiella.s__Klebsiella_michiganensis	336.8384407866
PWY-7222: guanosine deoxyribonucleotides de novo biosynthesis II|g__Citrobacter.s__Citrobacter_freundii	241.2067425465
PWY-7222: guanosine deoxyribonucleotides de novo biosynthesis II|unclassified	170.2419698079
PWY-7222: guanosine deoxyribonucleotides de novo biosynthesis II|g__Klebsiella.s__Klebsiella_oxytoca	160.1529619858
PWY-7222: guanosine deoxyribonucleotides de novo biosynthesis II|g__Lactobacillus.s__Lactobacillus_plantarum	151.0274180359
PWY-7222: guanosine deoxyribonucleotides de novo biosynthesis II|g__Morganella.s__Morganella_morganii	140.5174738417
PWY-7222: guanosine deoxyribonucleotides de novo biosynthesis II|g__Veillonella.s__Veillonella_infantium	39.9022278124
PWY-7222: guanosine deoxyribonucleotides de novo biosynthesis II|g__Pediococcus.s__Pediococcus_acidilactici	35.8223931638
PWY-7222: guanosine deoxyribonucleotides de novo biosynthesis II|g__Kluyvera.s__Kluyvera_cryocrescens	23.1449253592
PWY-7222: guanosine deoxyribonucleotides de novo biosynthesis II|g__Veillonella.s__Veillonella_dispar	17.1809978011
PWY-7222: guanosine deoxyribonucleotides de novo biosynthesis II|g__Escherichia.s__Escherichia_fergusonii	7.4279928783
PWY-5686: UMP biosynthesis I	12368.7469769305
PWY-5686: UMP biosynthesis I|g__Lactobacillus.s__Lactobacillus_rhamnosus	1974.7990032038
PWY-5686: UMP biosynthesis I|g__Veillonella.s__Veillonella_parvula	1760.7613267627
PWY-5686: UMP biosynthesis I|g__Citrobacter.s__Citrobacter_youngae	794.9981225912
PWY-5686: UMP biosynthesis I|g__Citrobacter.s__Citrobacter_portucalensis	633.5453306511
PWY-5686: UMP biosynthesis I|g__Lactobacillus.s__Lactobacillus_casei_group	601.5813260571
PWY-5686: UMP biosynthesis I|g__Escherichia.s__Escherichia_coli	577.9978243445
PWY-5686: UMP biosynthesis I|g__Veillonella.s__Veillonella_atypica	466.6520090112
PWY-5686: UMP biosynthesis I|g__Streptococcus.s__Streptococcus_thermophilus	399.5270628657
PWY-5686: UMP biosynthesis I|g__Pediococcus.s__Pediococcus_pentosaceus	216.6500167410
PWY-5686: UMP biosynthesis I|g__Klebsiella.s__Klebsiella_michiganensis	181.7423414933
PWY-5686: UMP biosynthesis I|g__Klebsiella.s__Klebsiella_oxytoca	137.8457958217
PWY-5686: UMP biosynthesis I|g__Lactobacillus.s__Lactobacillus_mucosae	133.0059898879
PWY-5686: UMP biosynthesis I|g__Citrobacter.s__Citrobacter_freundii	122.7275934278
PWY-5686: UMP biosynthesis I|g__Lactobacillus.s__Lactobacillus_plantarum	106.2329411170
PWY-5686: UMP biosynthesis I|g__Morganella.s__Morganella_morganii	101.7535076055
PWY-5686: UMP biosynthesis I|unclassified	97.7130707960
PWY-5686: UMP biosynthesis I|g__Pediococcus.s__Pediococcus_acidilactici	64.3013393007
PWY-5686: UMP biosynthesis I|g__Veillonella.s__Veillonella_dispar	33.2856670530
PWY-5686: UMP biosynthesis I|g__Lactobacillus.s__Lactobacillus_manihotivorans	23.1885271352
PWY-5686: UMP biosynthesis I|g__Kluyvera.s__Kluyvera_cryocrescens	21.0080095758
PWY-5686: UMP biosynthesis I|g__Lactobacillus.s__Lactobacillus_parabuchneri	14.2530313209
PWY-5686: UMP biosynthesis I|g__Proteus.s__Proteus_vulgaris	12.9233064216
PWY-7790: UMP biosynthesis II	12368.7469769305
PWY-7790: UMP biosynthesis II|g__Lactobacillus.s__Lactobacillus_rhamnosus	1974.7990032038
PWY-7790: UMP biosynthesis II|g__Veillonella.s__Veillonella_parvula	1760.7613267627
PWY-7790: UMP biosynthesis II|g__Lactobacillus.s__Lactobacillus_casei_group	601.5813260571
PWY-7790: UMP biosynthesis II|g__Escherichia.s__Escherichia_coli	521.7929679686
PWY-7790: UMP biosynthesis II|g__Veillonella.s__Veillonella_atypica	466.6520090112
PWY-7790: UMP biosynthesis II|g__Citrobacter.s__Citrobacter_portucalensis	452.5213419179
PWY-7790: UMP biosynthesis II|g__Streptococcus.s__Streptococcus_thermophilus	399.5270628657
PWY-7790: UMP biosynthesis II|g__Pediococcus.s__Pediococcus_pentosaceus	216.9016938174
PWY-7790: UMP biosynthesis II|g__Lactobacillus.s__Lactobacillus_plantarum	198.4371115238
PWY-7790: UMP biosynthesis II|g__Klebsiella.s__Klebsiella_michiganensis	140.6985646870
PWY-7790: UMP biosynthesis II|g__Lactobacillus.s__Lactobacillus_mucosae	133.0059898879
PWY-7790: UMP biosynthesis II|g__Citrobacter.s__Citrobacter_youngae	126.4666787615
PWY-7790: UMP biosynthesis II|g__Klebsiella.s__Klebsiella_oxytoca	99.6892567220
PWY-7790: UMP biosynthesis II|unclassified	97.7130707960
PWY-7790: UMP biosynthesis II|g__Pediococcus.s__Pediococcus_acidilactici	64.3013393007
PWY-7790: UMP biosynthesis II|g__Morganella.s__Morganella_morganii	48.8612237919
PWY-7790: UMP biosynthesis II|g__Veillonella.s__Veillonella_dispar	33.2856670530
PWY-7790: UMP biosynthesis II|g__Lactobacillus.s__Lactobacillus_manihotivorans	23.1885271352
PWY-7790: UMP biosynthesis II|g__Kluyvera.s__Kluyvera_cryocrescens	21.0080095758
PWY-7790: UMP biosynthesis II|g__Lactobacillus.s__Lactobacillus_parabuchneri	14.2530313209
PWY-7790: UMP biosynthesis II|g__Proteus.s__Proteus_vulgaris	12.9233064216
PWY-7790: UMP biosynthesis II|g__Citrobacter.s__Citrobacter_freundii	6.5355780971
PWY-7791: UMP biosynthesis III	12368.7469769305
PWY-7791: UMP biosynthesis III|g__Lactobacillus.s__Lactobacillus_rhamnosus	1974.7990032038
PWY-7791: UMP biosynthesis III|g__Veillonella.s__Veillonella_parvula	1760.7613267627
PWY-7791: UMP biosynthesis III|g__Lactobacillus.s__Lactobacillus_casei_group	601.5813260571
PWY-7791: UMP biosynthesis III|g__Escherichia.s__Escherichia_coli	521.7929679686
PWY-7791: UMP biosynthesis III|g__Veillonella.s__Veillonella_atypica	466.6520090112
PWY-7791: UMP biosynthesis III|g__Citrobacter.s__Citrobacter_portucalensis	452.5213419179
PWY-7791: UMP biosynthesis III|g__Streptococcus.s__Streptococcus_thermophilus	399.5270628657
PWY-7791: UMP biosynthesis III|g__Pediococcus.s__Pediococcus_pentosaceus	216.6500167410
PWY-7791: UMP biosynthesis III|g__Klebsiella.s__Klebsiella_michiganensis	140.6985646870
PWY-7791: UMP biosynthesis III|g__Lactobacillus.s__Lactobacillus_mucosae	133.0059898879
PWY-7791: UMP biosynthesis III|g__Citrobacter.s__Citrobacter_youngae	126.4666787615
PWY-7791: UMP biosynthesis III|g__Lactobacillus.s__Lactobacillus_plantarum	106.2329411170
PWY-7791: UMP biosynthesis III|g__Klebsiella.s__Klebsiella_oxytoca	99.6892567220
PWY-7791: UMP biosynthesis III|unclassified	97.7130707960
PWY-7791: UMP biosynthesis III|g__Pediococcus.s__Pediococcus_acidilactici	64.3013393007
PWY-7791: UMP biosynthesis III|g__Morganella.s__Morganella_morganii	48.8612237919
PWY-7791: UMP biosynthesis III|g__Veillonella.s__Veillonella_dispar	33.2856670530
PWY-7791: UMP biosynthesis III|g__Lactobacillus.s__Lactobacillus_manihotivorans	23.1885271352
PWY-7791: UMP biosynthesis III|g__Kluyvera.s__Kluyvera_cryocrescens	21.0080095758
PWY-7791: UMP biosynthesis III|g__Lactobacillus.s__Lactobacillus_parabuchneri	14.2530313209
PWY-7791: UMP biosynthesis III|g__Proteus.s__Proteus_vulgaris	12.9233064216
PWY-7791: UMP biosynthesis III|g__Citrobacter.s__Citrobacter_freundii	6.5355780971
PWY-7228: superpathway of guanosine nucleotides de novo biosynthesis I	12289.8817183663
PWY-7228: superpathway of guanosine nucleotides de novo biosynthesis I|g__Lactobacillus.s__Lactobacillus_rhamnosus	2683.8750582025
PWY-7228: superpathway of guanosine nucleotides de novo biosynthesis I|g__Veillonella.s__Veillonella_parvula	1678.9514760825
PWY-7228: superpathway of guanosine nucleotides de novo biosynthesis I|g__Citrobacter.s__Citrobacter_youngae	1207.5097333972
PWY-7228: superpathway of guanosine nucleotides de novo biosynthesis I|g__Proteobacteria_unclassified.s__Proteobacteria_bacterium_CAG_139	981.2891238633
PWY-7228: superpathway of guanosine nucleotides de novo biosynthesis I|g__Citrobacter.s__Citrobacter_portucalensis	843.9416368833
PWY-7228: superpathway of guanosine nucleotides de novo biosynthesis I|g__Lactobacillus.s__Lactobacillus_casei_group	749.1213141567
PWY-7228: superpathway of guanosine nucleotides de novo biosynthesis I|g__Escherichia.s__Escherichia_coli	713.1599047799
PWY-7228: superpathway of guanosine nucleotides de novo biosynthesis I|g__Streptococcus.s__Streptococcus_thermophilus	550.3161781939
PWY-7228: superpathway of guanosine nucleotides de novo biosynthesis I|g__Veillonella.s__Veillonella_atypica	468.0709651849
PWY-7228: superpathway of guanosine nucleotides de novo biosynthesis I|g__Klebsiella.s__Klebsiella_michiganensis	229.3681954966
PWY-7228: superpathway of guanosine nucleotides de novo biosynthesis I|g__Klebsiella.s__Klebsiella_oxytoca	193.6895939472
PWY-7228: superpathway of guanosine nucleotides de novo biosynthesis I|g__Lactobacillus.s__Lactobacillus_plantarum	156.9681818253
PWY-7228: superpathway of guanosine nucleotides de novo biosynthesis I|unclassified	146.5969402086
PWY-7228: superpathway of guanosine nucleotides de novo biosynthesis I|g__Morganella.s__Morganella_morganii	137.9096087382
PWY-7228: superpathway of guanosine nucleotides de novo biosynthesis I|g__Citrobacter.s__Citrobacter_freundii	78.4380393101
PWY-7228: superpathway of guanosine nucleotides de novo biosynthesis I|g__Pediococcus.s__Pediococcus_acidilactici	40.1487483974
PWY-7228: superpathway of guanosine nucleotides de novo biosynthesis I|g__Veillonella.s__Veillonella_infantium	37.0372299859
PWY-7228: superpathway of guanosine nucleotides de novo biosynthesis I|g__Veillonella.s__Veillonella_dispar	17.4476294857
PWY-7228: superpathway of guanosine nucleotides de novo biosynthesis I|g__Kluyvera.s__Kluyvera_cryocrescens	15.0554737685
PWY-7228: superpathway of guanosine nucleotides de novo biosynthesis I|g__Escherichia.s__Escherichia_fergusonii	9.4345442501
PWY-7228: superpathway of guanosine nucleotides de novo biosynthesis I|g__Streptococcus.s__Streptococcus_salivarius	1.4225720994
VALSYN-PWY: L-valine biosynthesis	12280.2352782354
VALSYN-PWY: L-valine biosynthesis|g__Veillonella.s__Veillonella_parvula	2418.7814797981
VALSYN-PWY: L-valine biosynthesis|g__Citrobacter.s__Citrobacter_portucalensis	1372.2377969244
VALSYN-PWY: L-valine biosynthesis|g__Citrobacter.s__Citrobacter_youngae	1355.4274658254
VALSYN-PWY: L-valine biosynthesis|g__Escherichia.s__Escherichia_coli	1279.2733444616
VALSYN-PWY: L-valine biosynthesis|g__Proteobacteria_unclassified.s__Proteobacteria_bacterium_CAG_139	994.9817843074
VALSYN-PWY: L-valine biosynthesis|g__Streptococcus.s__Streptococcus_thermophilus	701.6384976170
VALSYN-PWY: L-valine biosynthesis|g__Veillonella.s__Veillonella_atypica	500.4831287540
VALSYN-PWY: L-valine biosynthesis|g__Citrobacter.s__Citrobacter_freundii	439.3006310382
VALSYN-PWY: L-valine biosynthesis|g__Klebsiella.s__Klebsiella_oxytoca	374.4886461929
VALSYN-PWY: L-valine biosynthesis|unclassified	203.5926058215
VALSYN-PWY: L-valine biosynthesis|g__Morganella.s__Morganella_morganii	200.8371848696
VALSYN-PWY: L-valine biosynthesis|g__Klebsiella.s__Klebsiella_michiganensis	198.2755505529
VALSYN-PWY: L-valine biosynthesis|g__Veillonella.s__Veillonella_infantium	43.6616237959
VALSYN-PWY: L-valine biosynthesis|g__Proteus.s__Proteus_vulgaris	42.7445544508
VALSYN-PWY: L-valine biosynthesis|g__Kluyvera.s__Kluyvera_cryocrescens	33.0083467147
VALSYN-PWY: L-valine biosynthesis|g__Veillonella.s__Veillonella_dispar	25.9524098727
VALSYN-PWY: L-valine biosynthesis|g__Escherichia.s__Escherichia_fergusonii	6.0536266790
VALSYN-PWY: L-valine biosynthesis|g__Streptococcus.s__Streptococcus_pneumoniae	1.8021011863
VALSYN-PWY: L-valine biosynthesis|g__Proteus.s__Proteus_mirabilis	1.7987639841
VALSYN-PWY: L-valine biosynthesis|g__Streptococcus.s__Streptococcus_salivarius	1.4018314957
PWY-6124: inosine-5'-phosphate biosynthesis II	12231.8471343157
PWY-6124: inosine-5'-phosphate biosynthesis II|g__Lactobacillus.s__Lactobacillus_rhamnosus	2001.1018510963
PWY-6124: inosine-5'-phosphate biosynthesis II|g__Veillonella.s__Veillonella_parvula	1544.5536031076
PWY-6124: inosine-5'-phosphate biosynthesis II|g__Lactobacillus.s__Lactobacillus_fermentum	1360.5937024735
PWY-6124: inosine-5'-phosphate biosynthesis II|g__Proteobacteria_unclassified.s__Proteobacteria_bacterium_CAG_139	954.6067231413
PWY-6124: inosine-5'-phosphate biosynthesis II|g__Citrobacter.s__Citrobacter_portucalensis	858.9708286430
PWY-6124: inosine-5'-phosphate biosynthesis II|g__Streptococcus.s__Streptococcus_thermophilus	537.0663089379
PWY-6124: inosine-5'-phosphate biosynthesis II|g__Veillonella.s__Veillonella_atypica	485.4205074822
PWY-6124: inosine-5'-phosphate biosynthesis II|g__Escherichia.s__Escherichia_coli	428.0488259226
PWY-6124: inosine-5'-phosphate biosynthesis II|g__Lactobacillus.s__Lactobacillus_casei_group	357.4359947133
PWY-6124: inosine-5'-phosphate biosynthesis II|unclassified	251.8522262949
PWY-6124: inosine-5'-phosphate biosynthesis II|g__Citrobacter.s__Citrobacter_freundii	174.6163171526
PWY-6124: inosine-5'-phosphate biosynthesis II|g__Pediococcus.s__Pediococcus_pentosaceus	167.8906578588
PWY-6124: inosine-5'-phosphate biosynthesis II|g__Klebsiella.s__Klebsiella_michiganensis	141.3964743807
PWY-6124: inosine-5'-phosphate biosynthesis II|g__Lactobacillus.s__Lactobacillus_mucosae	132.4391180399
PWY-6124: inosine-5'-phosphate biosynthesis II|g__Klebsiella.s__Klebsiella_oxytoca	113.9559463888
PWY-6124: inosine-5'-phosphate biosynthesis II|g__Lactobacillus.s__Lactobacillus_plantarum	100.0131300980
PWY-6124: inosine-5'-phosphate biosynthesis II|g__Morganella.s__Morganella_morganii	89.4772256622
PWY-6124: inosine-5'-phosphate biosynthesis II|g__Citrobacter.s__Citrobacter_youngae	85.3068894304
PWY-6124: inosine-5'-phosphate biosynthesis II|g__Pediococcus.s__Pediococcus_acidilactici	50.2122699761
PWY-6124: inosine-5'-phosphate biosynthesis II|g__Kluyvera.s__Kluyvera_cryocrescens	20.5114537050
PWY-6124: inosine-5'-phosphate biosynthesis II|g__Lactobacillus.s__Lactobacillus_manihotivorans	20.4125763462
PWY-6124: inosine-5'-phosphate biosynthesis II|g__Proteus.s__Proteus_vulgaris	16.7946581195
PWY-6124: inosine-5'-phosphate biosynthesis II|g__Lactobacillus.s__Lactobacillus_parabuchneri	12.7828071419
PWY-6124: inosine-5'-phosphate biosynthesis II|g__Veillonella.s__Veillonella_dispar	12.5524328712
PWY-6124: inosine-5'-phosphate biosynthesis II|g__Veillonella.s__Veillonella_infantium	2.3883770561
PWY-6124: inosine-5'-phosphate biosynthesis II|g__Escherichia.s__Escherichia_fergusonii	2.1045850489
PWY-6387: UDP-N-acetylmuramoyl-pentapeptide biosynthesis I (meso-diaminopimelate containing)	12171.5149246152
PWY-6387: UDP-N-acetylmuramoyl-pentapeptide biosynthesis I (meso-diaminopimelate containing)|g__Veillonella.s__Veillonella_parvula	1680.9371671179
PWY-6387: UDP-N-acetylmuramoyl-pentapeptide biosynthesis I (meso-diaminopimelate containing)|g__Lactobacillus.s__Lactobacillus_rhamnosus	1426.3257854751
PWY-6387: UDP-N-acetylmuramoyl-pentapeptide biosynthesis I (meso-diaminopimelate containing)|g__Lactobacillus.s__Lactobacillus_fermentum	1241.1142327728
PWY-6387: UDP-N-acetylmuramoyl-pentapeptide biosynthesis I (meso-diaminopimelate containing)|g__Proteobacteria_unclassified.s__Proteobacteria_bacterium_CAG_139	988.0941226312
PWY-6387: UDP-N-acetylmuramoyl-pentapeptide biosynthesis I (meso-diaminopimelate containing)|g__Citrobacter.s__Citrobacter_portucalensis	945.3315427640
PWY-6387: UDP-N-acetylmuramoyl-pentapeptide biosynthesis I (meso-diaminopimelate containing)|g__Escherichia.s__Escherichia_coli	678.9485823856
PWY-6387: UDP-N-acetylmuramoyl-pentapeptide biosynthesis I (meso-diaminopimelate containing)|g__Streptococcus.s__Streptococcus_thermophilus	583.1184411288
PWY-6387: UDP-N-acetylmuramoyl-pentapeptide biosynthesis I (meso-diaminopimelate containing)|g__Veillonella.s__Veillonella_atypica	380.1879579963
PWY-6387: UDP-N-acetylmuramoyl-pentapeptide biosynthesis I (meso-diaminopimelate containing)|g__Lactobacillus.s__Lactobacillus_casei_group	265.5005155966
PWY-6387: UDP-N-acetylmuramoyl-pentapeptide biosynthesis I (meso-diaminopimelate containing)|g__Citrobacter.s__Citrobacter_youngae	199.6954016799
PWY-6387: UDP-N-acetylmuramoyl-pentapeptide biosynthesis I (meso-diaminopimelate containing)|g__Klebsiella.s__Klebsiella_oxytoca	190.1541820424
PWY-6387: UDP-N-acetylmuramoyl-pentapeptide biosynthesis I (meso-diaminopimelate containing)|unclassified	171.8331285131
PWY-6387: UDP-N-acetylmuramoyl-pentapeptide biosynthesis I (meso-diaminopimelate containing)|g__Klebsiella.s__Klebsiella_michiganensis	159.1491833899
PWY-6387: UDP-N-acetylmuramoyl-pentapeptide biosynthesis I (meso-diaminopimelate containing)|g__Pediococcus.s__Pediococcus_pentosaceus	156.1260726040
PWY-6387: UDP-N-acetylmuramoyl-pentapeptide biosynthesis I (meso-diaminopimelate containing)|g__Morganella.s__Morganella_morganii	125.7777022225
PWY-6387: UDP-N-acetylmuramoyl-pentapeptide biosynthesis I (meso-diaminopimelate containing)|g__Lactobacillus.s__Lactobacillus_mucosae	111.0974005458
PWY-6387: UDP-N-acetylmuramoyl-pentapeptide biosynthesis I (meso-diaminopimelate containing)|g__Pediococcus.s__Pediococcus_acidilactici	63.8820505231
PWY-6387: UDP-N-acetylmuramoyl-pentapeptide biosynthesis I (meso-diaminopimelate containing)|g__Citrobacter.s__Citrobacter_freundii	55.4647031591
PWY-6387: UDP-N-acetylmuramoyl-pentapeptide biosynthesis I (meso-diaminopimelate containing)|g__Lactobacillus.s__Lactobacillus_manihotivorans	42.3109233327
PWY-6387: UDP-N-acetylmuramoyl-pentapeptide biosynthesis I (meso-diaminopimelate containing)|g__Veillonella.s__Veillonella_dispar	23.5296791669
PWY-6387: UDP-N-acetylmuramoyl-pentapeptide biosynthesis I (meso-diaminopimelate containing)|g__Kluyvera.s__Kluyvera_cryocrescens	21.6006361233
PWY-6387: UDP-N-acetylmuramoyl-pentapeptide biosynthesis I (meso-diaminopimelate containing)|g__Streptococcus.s__Streptococcus_pneumoniae	3.2640205375
PWY-6386: UDP-N-acetylmuramoyl-pentapeptide biosynthesis II (lysine-containing)	12081.4656824102
PWY-6386: UDP-N-acetylmuramoyl-pentapeptide biosynthesis II (lysine-containing)|g__Veillonella.s__Veillonella_parvula	1346.0233414956
PWY-6386: UDP-N-acetylmuramoyl-pentapeptide biosynthesis II (lysine-containing)|g__Lactobacillus.s__Lactobacillus_fermentum	1267.6398784511
PWY-6386: UDP-N-acetylmuramoyl-pentapeptide biosynthesis II (lysine-containing)|g__Lactobacillus.s__Lactobacillus_rhamnosus	1249.9638834163
PWY-6386: UDP-N-acetylmuramoyl-pentapeptide biosynthesis II (lysine-containing)|g__Proteobacteria_unclassified.s__Proteobacteria_bacterium_CAG_139	980.5697210228
PWY-6386: UDP-N-acetylmuramoyl-pentapeptide biosynthesis II (lysine-containing)|g__Citrobacter.s__Citrobacter_portucalensis	851.2400116383
PWY-6386: UDP-N-acetylmuramoyl-pentapeptide biosynthesis II (lysine-containing)|g__Escherichia.s__Escherichia_coli	637.0036346628
PWY-6386: UDP-N-acetylmuramoyl-pentapeptide biosynthesis II (lysine-containing)|g__Streptococcus.s__Streptococcus_thermophilus	584.5379677417
PWY-6386: UDP-N-acetylmuramoyl-pentapeptide biosynthesis II (lysine-containing)|g__Veillonella.s__Veillonella_atypica	376.9630832948
PWY-6386: UDP-N-acetylmuramoyl-pentapeptide biosynthesis II (lysine-containing)|g__Klebsiella.s__Klebsiella_oxytoca	195.7737594095
PWY-6386: UDP-N-acetylmuramoyl-pentapeptide biosynthesis II (lysine-containing)|g__Pediococcus.s__Pediococcus_pentosaceus	156.9237756735
PWY-6386: UDP-N-acetylmuramoyl-pentapeptide biosynthesis II (lysine-containing)|g__Klebsiella.s__Klebsiella_michiganensis	151.6427487325
PWY-6386: UDP-N-acetylmuramoyl-pentapeptide biosynthesis II (lysine-containing)|g__Citrobacter.s__Citrobacter_youngae	142.1046915005
PWY-6386: UDP-N-acetylmuramoyl-pentapeptide biosynthesis II (lysine-containing)|g__Lactobacillus.s__Lactobacillus_mucosae	117.2989692372
PWY-6386: UDP-N-acetylmuramoyl-pentapeptide biosynthesis II (lysine-containing)|g__Morganella.s__Morganella_morganii	111.7388395423
PWY-6386: UDP-N-acetylmuramoyl-pentapeptide biosynthesis II (lysine-containing)|unclassified	82.7806497415
PWY-6386: UDP-N-acetylmuramoyl-pentapeptide biosynthesis II (lysine-containing)|g__Pediococcus.s__Pediococcus_acidilactici	62.1731859697
PWY-6386: UDP-N-acetylmuramoyl-pentapeptide biosynthesis II (lysine-containing)|g__Lactobacillus.s__Lactobacillus_manihotivorans	40.3123199280
PWY-6386: UDP-N-acetylmuramoyl-pentapeptide biosynthesis II (lysine-containing)|g__Kluyvera.s__Kluyvera_cryocrescens	22.0982654968
PWY-6386: UDP-N-acetylmuramoyl-pentapeptide biosynthesis II (lysine-containing)|g__Veillonella.s__Veillonella_dispar	21.2708835198
PWY-6123: inosine-5'-phosphate biosynthesis I	12059.5870349130
PWY-6123: inosine-5'-phosphate biosynthesis I|g__Lactobacillus.s__Lactobacillus_rhamnosus	1962.6731339254
PWY-6123: inosine-5'-phosphate biosynthesis I|g__Veillonella.s__Veillonella_parvula	1515.6540501690
PWY-6123: inosine-5'-phosphate biosynthesis I|g__Lactobacillus.s__Lactobacillus_fermentum	1427.8517139543
PWY-6123: inosine-5'-phosphate biosynthesis I|g__Proteobacteria_unclassified.s__Proteobacteria_bacterium_CAG_139	956.4988922003
PWY-6123: inosine-5'-phosphate biosynthesis I|g__Citrobacter.s__Citrobacter_portucalensis	946.6768727016
PWY-6123: inosine-5'-phosphate biosynthesis I|g__Streptococcus.s__Streptococcus_thermophilus	549.1170251485
PWY-6123: inosine-5'-phosphate biosynthesis I|g__Lactobacillus.s__Lactobacillus_casei_group	425.5332275384
PWY-6123: inosine-5'-phosphate biosynthesis I|g__Veillonella.s__Veillonella_atypica	416.1103793299
PWY-6123: inosine-5'-phosphate biosynthesis I|g__Escherichia.s__Escherichia_coli	381.8070626957
PWY-6123: inosine-5'-phosphate biosynthesis I|unclassified	258.9516585992
PWY-6123: inosine-5'-phosphate biosynthesis I|g__Pediococcus.s__Pediococcus_pentosaceus	172.3627193372
PWY-6123: inosine-5'-phosphate biosynthesis I|g__Citrobacter.s__Citrobacter_freundii	159.6912943101
PWY-6123: inosine-5'-phosphate biosynthesis I|g__Lactobacillus.s__Lactobacillus_mucosae	149.9107935024
PWY-6123: inosine-5'-phosphate biosynthesis I|g__Klebsiella.s__Klebsiella_oxytoca	147.4352301651
PWY-6123: inosine-5'-phosphate biosynthesis I|g__Morganella.s__Morganella_morganii	123.3018028856
PWY-6123: inosine-5'-phosphate biosynthesis I|g__Klebsiella.s__Klebsiella_michiganensis	110.2396358012
PWY-6123: inosine-5'-phosphate biosynthesis I|g__Citrobacter.s__Citrobacter_youngae	83.3603695723
PWY-6123: inosine-5'-phosphate biosynthesis I|g__Pediococcus.s__Pediococcus_acidilactici	54.8756577513
PWY-6123: inosine-5'-phosphate biosynthesis I|g__Lactobacillus.s__Lactobacillus_manihotivorans	22.7380504150
PWY-6123: inosine-5'-phosphate biosynthesis I|g__Kluyvera.s__Kluyvera_cryocrescens	19.8595941515
PWY-6123: inosine-5'-phosphate biosynthesis I|g__Proteus.s__Proteus_vulgaris	18.2518109572
PWY-6123: inosine-5'-phosphate biosynthesis I|g__Veillonella.s__Veillonella_dispar	14.8683043771
PWY-6123: inosine-5'-phosphate biosynthesis I|g__Lactobacillus.s__Lactobacillus_parabuchneri	13.3604084113
PWY-6123: inosine-5'-phosphate biosynthesis I|g__Streptococcus.s__Streptococcus_salivarius	3.7438151759
PWY-6123: inosine-5'-phosphate biosynthesis I|g__Veillonella.s__Veillonella_infantium	2.8566817273
PWY-6123: inosine-5'-phosphate biosynthesis I|g__Escherichia.s__Escherichia_fergusonii	2.4783653082
PEPTIDOGLYCANSYN-PWY: peptidoglycan biosynthesis I (meso-diaminopimelate containing)	12020.0655676144
PEPTIDOGLYCANSYN-PWY: peptidoglycan biosynthesis I (meso-diaminopimelate containing)|g__Veillonella.s__Veillonella_parvula	1783.5108505659
PEPTIDOGLYCANSYN-PWY: peptidoglycan biosynthesis I (meso-diaminopimelate containing)|g__Lactobacillus.s__Lactobacillus_rhamnosus	1435.3651253471
PEPTIDOGLYCANSYN-PWY: peptidoglycan biosynthesis I (meso-diaminopimelate containing)|g__Lactobacillus.s__Lactobacillus_fermentum	1226.6941534081
PEPTIDOGLYCANSYN-PWY: peptidoglycan biosynthesis I (meso-diaminopimelate containing)|g__Proteobacteria_unclassified.s__Proteobacteria_bacterium_CAG_139	977.4526081017
PEPTIDOGLYCANSYN-PWY: peptidoglycan biosynthesis I (meso-diaminopimelate containing)|g__Citrobacter.s__Citrobacter_portucalensis	977.1283787500
PEPTIDOGLYCANSYN-PWY: peptidoglycan biosynthesis I (meso-diaminopimelate containing)|g__Escherichia.s__Escherichia_coli	674.1225636832
PEPTIDOGLYCANSYN-PWY: peptidoglycan biosynthesis I (meso-diaminopimelate containing)|g__Streptococcus.s__Streptococcus_thermophilus	542.1304912894
PEPTIDOGLYCANSYN-PWY: peptidoglycan biosynthesis I (meso-diaminopimelate containing)|g__Veillonella.s__Veillonella_atypica	392.6387237340
PEPTIDOGLYCANSYN-PWY: peptidoglycan biosynthesis I (meso-diaminopimelate containing)|g__Lactobacillus.s__Lactobacillus_casei_group	291.3176876448
PEPTIDOGLYCANSYN-PWY: peptidoglycan biosynthesis I (meso-diaminopimelate containing)|g__Citrobacter.s__Citrobacter_youngae	221.6977265522
PEPTIDOGLYCANSYN-PWY: peptidoglycan biosynthesis I (meso-diaminopimelate containing)|unclassified	174.5998931383
PEPTIDOGLYCANSYN-PWY: peptidoglycan biosynthesis I (meso-diaminopimelate containing)|g__Klebsiella.s__Klebsiella_oxytoca	166.6319044662
PEPTIDOGLYCANSYN-PWY: peptidoglycan biosynthesis I (meso-diaminopimelate containing)|g__Klebsiella.s__Klebsiella_michiganensis	160.1905799925
PEPTIDOGLYCANSYN-PWY: peptidoglycan biosynthesis I (meso-diaminopimelate containing)|g__Pediococcus.s__Pediococcus_pentosaceus	150.0304590104
PEPTIDOGLYCANSYN-PWY: peptidoglycan biosynthesis I (meso-diaminopimelate containing)|g__Morganella.s__Morganella_morganii	122.9456948206
PEPTIDOGLYCANSYN-PWY: peptidoglycan biosynthesis I (meso-diaminopimelate containing)|g__Lactobacillus.s__Lactobacillus_mucosae	114.7342709360
PEPTIDOGLYCANSYN-PWY: peptidoglycan biosynthesis I (meso-diaminopimelate containing)|g__Citrobacter.s__Citrobacter_freundii	64.6146298330
PEPTIDOGLYCANSYN-PWY: peptidoglycan biosynthesis I (meso-diaminopimelate containing)|g__Pediococcus.s__Pediococcus_acidilactici	62.0528728693
PEPTIDOGLYCANSYN-PWY: peptidoglycan biosynthesis I (meso-diaminopimelate containing)|g__Lactobacillus.s__Lactobacillus_manihotivorans	31.8359302606
PEPTIDOGLYCANSYN-PWY: peptidoglycan biosynthesis I (meso-diaminopimelate containing)|g__Veillonella.s__Veillonella_dispar	22.4663511809
PEPTIDOGLYCANSYN-PWY: peptidoglycan biosynthesis I (meso-diaminopimelate containing)|g__Kluyvera.s__Kluyvera_cryocrescens	20.4617203638
PEPTIDOGLYCANSYN-PWY: peptidoglycan biosynthesis I (meso-diaminopimelate containing)|g__Streptococcus.s__Streptococcus_pneumoniae	2.6484612012
PWY-5097: L-lysine biosynthesis VI	11837.4628607321
PWY-5097: L-lysine biosynthesis VI|g__Lactobacillus.s__Lactobacillus_rhamnosus	1411.4332599521
PWY-5097: L-lysine biosynthesis VI|g__Veillonella.s__Veillonella_parvula	1356.7982671144
PWY-5097: L-lysine biosynthesis VI|g__Lactobacillus.s__Lactobacillus_fermentum	1245.7059061082
PWY-5097: L-lysine biosynthesis VI|g__Citrobacter.s__Citrobacter_portucalensis	1094.9772559833
PWY-5097: L-lysine biosynthesis VI|g__Proteobacteria_unclassified.s__Proteobacteria_bacterium_CAG_139	944.3704448616
PWY-5097: L-lysine biosynthesis VI|g__Lactobacillus.s__Lactobacillus_casei_group	730.0868742462
PWY-5097: L-lysine biosynthesis VI|g__Escherichia.s__Escherichia_coli	584.9791316257
PWY-5097: L-lysine biosynthesis VI|g__Veillonella.s__Veillonella_atypica	398.8397775250
PWY-5097: L-lysine biosynthesis VI|g__Citrobacter.s__Citrobacter_youngae	340.8329660615
PWY-5097: L-lysine biosynthesis VI|g__Klebsiella.s__Klebsiella_oxytoca	313.4037245104
PWY-5097: L-lysine biosynthesis VI|g__Pediococcus.s__Pediococcus_pentosaceus	193.1441396858
PWY-5097: L-lysine biosynthesis VI|unclassified	112.4249459356
PWY-5097: L-lysine biosynthesis VI|g__Morganella.s__Morganella_morganii	94.3302894580
PWY-5097: L-lysine biosynthesis VI|g__Lactobacillus.s__Lactobacillus_mucosae	75.2834528285
PWY-5097: L-lysine biosynthesis VI|g__Lactobacillus.s__Lactobacillus_plantarum	67.5829104390
PWY-5097: L-lysine biosynthesis VI|g__Citrobacter.s__Citrobacter_freundii	64.4039871494
PWY-5097: L-lysine biosynthesis VI|g__Lactobacillus.s__Lactobacillus_manihotivorans	55.1500624210
PWY-5097: L-lysine biosynthesis VI|g__Kluyvera.s__Kluyvera_cryocrescens	23.4864759990
PWY-5097: L-lysine biosynthesis VI|g__Klebsiella.s__Klebsiella_michiganensis	14.8891455826
PWY-7953: UDP-N-acetylmuramoyl-pentapeptide biosynthesis III (meso-diaminopimelate containing)	11793.2132515437
PWY-7953: UDP-N-acetylmuramoyl-pentapeptide biosynthesis III (meso-diaminopimelate containing)|g__Veillonella.s__Veillonella_parvula	1636.5680261993
PWY-7953: UDP-N-acetylmuramoyl-pentapeptide biosynthesis III (meso-diaminopimelate containing)|g__Lactobacillus.s__Lactobacillus_fermentum	1220.0649337014
PWY-7953: UDP-N-acetylmuramoyl-pentapeptide biosynthesis III (meso-diaminopimelate containing)|g__Lactobacillus.s__Lactobacillus_rhamnosus	1178.8801393888
PWY-7953: UDP-N-acetylmuramoyl-pentapeptide biosynthesis III (meso-diaminopimelate containing)|g__Proteobacteria_unclassified.s__Proteobacteria_bacterium_CAG_139	989.1607993001
PWY-7953: UDP-N-acetylmuramoyl-pentapeptide biosynthesis III (meso-diaminopimelate containing)|g__Citrobacter.s__Citrobacter_portucalensis	904.0164688742
PWY-7953: UDP-N-acetylmuramoyl-pentapeptide biosynthesis III (meso-diaminopimelate containing)|g__Escherichia.s__Escherichia_coli	606.0241809123
PWY-7953: UDP-N-acetylmuramoyl-pentapeptide biosynthesis III (meso-diaminopimelate containing)|g__Streptococcus.s__Streptococcus_thermophilus	538.9655550847
PWY-7953: UDP-N-acetylmuramoyl-pentapeptide biosynthesis III (meso-diaminopimelate containing)|g__Veillonella.s__Veillonella_atypica	372.5181342890
PWY-7953: UDP-N-acetylmuramoyl-pentapeptide biosynthesis III (meso-diaminopimelate containing)|g__Klebsiella.s__Klebsiella_michiganensis	166.6184518296
PWY-7953: UDP-N-acetylmuramoyl-pentapeptide biosynthesis III (meso-diaminopimelate containing)|g__Pediococcus.s__Pediococcus_pentosaceus	156.3313588010
PWY-7953: UDP-N-acetylmuramoyl-pentapeptide biosynthesis III (meso-diaminopimelate containing)|g__Klebsiella.s__Klebsiella_oxytoca	151.0030675591
PWY-7953: UDP-N-acetylmuramoyl-pentapeptide biosynthesis III (meso-diaminopimelate containing)|g__Morganella.s__Morganella_morganii	112.8740432475
PWY-7953: UDP-N-acetylmuramoyl-pentapeptide biosynthesis III (meso-diaminopimelate containing)|g__Citrobacter.s__Citrobacter_youngae	91.4849399182
PWY-7953: UDP-N-acetylmuramoyl-pentapeptide biosynthesis III (meso-diaminopimelate containing)|unclassified	73.1413987585
PWY-7953: UDP-N-acetylmuramoyl-pentapeptide biosynthesis III (meso-diaminopimelate containing)|g__Pediococcus.s__Pediococcus_acidilactici	63.0189785321
PWY-7953: UDP-N-acetylmuramoyl-pentapeptide biosynthesis III (meso-diaminopimelate containing)|g__Lactobacillus.s__Lactobacillus_manihotivorans	41.5787723563
PWY-7953: UDP-N-acetylmuramoyl-pentapeptide biosynthesis III (meso-diaminopimelate containing)|g__Kluyvera.s__Kluyvera_cryocrescens	21.7580110998
PWY-7953: UDP-N-acetylmuramoyl-pentapeptide biosynthesis III (meso-diaminopimelate containing)|g__Veillonella.s__Veillonella_dispar	18.4123986159
PWY-6125: superpathway of guanosine nucleotides de novo biosynthesis II	11758.1806916568
PWY-6125: superpathway of guanosine nucleotides de novo biosynthesis II|g__Lactobacillus.s__Lactobacillus_rhamnosus	2509.2193828349
PWY-6125: superpathway of guanosine nucleotides de novo biosynthesis II|g__Citrobacter.s__Citrobacter_youngae	1223.8517375882
PWY-6125: superpathway of guanosine nucleotides de novo biosynthesis II|g__Veillonella.s__Veillonella_parvula	1125.0581144779
PWY-6125: superpathway of guanosine nucleotides de novo biosynthesis II|g__Citrobacter.s__Citrobacter_portucalensis	823.7199548090
PWY-6125: superpathway of guanosine nucleotides de novo biosynthesis II|g__Lactobacillus.s__Lactobacillus_casei_group	693.0571459263
PWY-6125: superpathway of guanosine nucleotides de novo biosynthesis II|g__Escherichia.s__Escherichia_coli	654.9494707417
PWY-6125: superpathway of guanosine nucleotides de novo biosynthesis II|g__Streptococcus.s__Streptococcus_thermophilus	525.4747278662
PWY-6125: superpathway of guanosine nucleotides de novo biosynthesis II|g__Veillonella.s__Veillonella_atypica	456.9853696189
PWY-6125: superpathway of guanosine nucleotides de novo biosynthesis II|g__Klebsiella.s__Klebsiella_oxytoca	174.5135330552
PWY-6125: superpathway of guanosine nucleotides de novo biosynthesis II|g__Klebsiella.s__Klebsiella_michiganensis	131.7696638774
PWY-6125: superpathway of guanosine nucleotides de novo biosynthesis II|g__Morganella.s__Morganella_morganii	113.9106685902
PWY-6125: superpathway of guanosine nucleotides de novo biosynthesis II|g__Citrobacter.s__Citrobacter_freundii	84.2847347286
PWY-6125: superpathway of guanosine nucleotides de novo biosynthesis II|g__Veillonella.s__Veillonella_infantium	30.6050374995
PWY-6125: superpathway of guanosine nucleotides de novo biosynthesis II|unclassified	24.3086045647
PWY-6125: superpathway of guanosine nucleotides de novo biosynthesis II|g__Kluyvera.s__Kluyvera_cryocrescens	15.8106524978
PWY-6125: superpathway of guanosine nucleotides de novo biosynthesis II|g__Escherichia.s__Escherichia_fergusonii	3.8559236107
PWY-7111: pyruvate fermentation to isobutanol (engineered)	11438.0575189100
PWY-7111: pyruvate fermentation to isobutanol (engineered)|g__Citrobacter.s__Citrobacter_portucalensis	1415.9946715164
PWY-7111: pyruvate fermentation to isobutanol (engineered)|g__Escherichia.s__Escherichia_coli	1247.7283547630
PWY-7111: pyruvate fermentation to isobutanol (engineered)|g__Citrobacter.s__Citrobacter_youngae	1002.2505262935
PWY-7111: pyruvate fermentation to isobutanol (engineered)|g__Streptococcus.s__Streptococcus_thermophilus	633.2160509857
PWY-7111: pyruvate fermentation to isobutanol (engineered)|g__Citrobacter.s__Citrobacter_freundii	397.0544307042
PWY-7111: pyruvate fermentation to isobutanol (engineered)|unclassified	245.8041966724
PWY-7111: pyruvate fermentation to isobutanol (engineered)|g__Klebsiella.s__Klebsiella_oxytoca	227.9037784812
PWY-7111: pyruvate fermentation to isobutanol (engineered)|g__Morganella.s__Morganella_morganii	226.2068611253
PWY-7111: pyruvate fermentation to isobutanol (engineered)|g__Klebsiella.s__Klebsiella_michiganensis	172.9617829717
PWY-7111: pyruvate fermentation to isobutanol (engineered)|g__Veillonella.s__Veillonella_infantium	39.6721856302
PWY-7111: pyruvate fermentation to isobutanol (engineered)|g__Kluyvera.s__Kluyvera_cryocrescens	38.2190158292
PWY-7111: pyruvate fermentation to isobutanol (engineered)|g__Proteus.s__Proteus_vulgaris	36.9725282742
PWY-7111: pyruvate fermentation to isobutanol (engineered)|g__Veillonella.s__Veillonella_dispar	14.6439308411
PWY-7111: pyruvate fermentation to isobutanol (engineered)|g__Proteus.s__Proteus_mirabilis	2.1427847947
PWY-7111: pyruvate fermentation to isobutanol (engineered)|g__Streptococcus.s__Streptococcus_salivarius	1.7438436648
PWY-7111: pyruvate fermentation to isobutanol (engineered)|g__Escherichia.s__Escherichia_fergusonii	1.6856554038
PENTOSE-P-PWY: pentose phosphate pathway	11397.2755544575
PENTOSE-P-PWY: pentose phosphate pathway|g__Lactobacillus.s__Lactobacillus_fermentum	1277.5447647221
PENTOSE-P-PWY: pentose phosphate pathway|g__Escherichia.s__Escherichia_coli	1032.1183471953
PENTOSE-P-PWY: pentose phosphate pathway|g__Citrobacter.s__Citrobacter_portucalensis	795.9966425820
PENTOSE-P-PWY: pentose phosphate pathway|g__Citrobacter.s__Citrobacter_freundii	365.9160970054
PENTOSE-P-PWY: pentose phosphate pathway|g__Klebsiella.s__Klebsiella_oxytoca	311.1892086651
PENTOSE-P-PWY: pentose phosphate pathway|g__Citrobacter.s__Citrobacter_youngae	248.7237233519
PENTOSE-P-PWY: pentose phosphate pathway|g__Klebsiella.s__Klebsiella_michiganensis	168.2821351308
PENTOSE-P-PWY: pentose phosphate pathway|unclassified	162.3857265305
PENTOSE-P-PWY: pentose phosphate pathway|g__Morganella.s__Morganella_morganii	115.4937803902
PENTOSE-P-PWY: pentose phosphate pathway|g__Lactobacillus.s__Lactobacillus_plantarum	104.7023258043
PENTOSE-P-PWY: pentose phosphate pathway|g__Pediococcus.s__Pediococcus_acidilactici	66.8713543392
PENTOSE-P-PWY: pentose phosphate pathway|g__Lactobacillus.s__Lactobacillus_mucosae	39.3901064674
PENTOSE-P-PWY: pentose phosphate pathway|g__Kluyvera.s__Kluyvera_cryocrescens	32.0204879522
PENTOSE-P-PWY: pentose phosphate pathway|g__Proteus.s__Proteus_vulgaris	27.3812219020
ILEUSYN-PWY: L-isoleucine biosynthesis I (from threonine)	11358.4605497741
ILEUSYN-PWY: L-isoleucine biosynthesis I (from threonine)|g__Veillonella.s__Veillonella_parvula	1553.2255961589
ILEUSYN-PWY: L-isoleucine biosynthesis I (from threonine)|g__Citrobacter.s__Citrobacter_portucalensis	1372.2377969244
ILEUSYN-PWY: L-isoleucine biosynthesis I (from threonine)|g__Citrobacter.s__Citrobacter_youngae	1338.6590792270
ILEUSYN-PWY: L-isoleucine biosynthesis I (from threonine)|g__Escherichia.s__Escherichia_coli	1203.8246239025
ILEUSYN-PWY: L-isoleucine biosynthesis I (from threonine)|g__Streptococcus.s__Streptococcus_thermophilus	649.5460496994
ILEUSYN-PWY: L-isoleucine biosynthesis I (from threonine)|g__Veillonella.s__Veillonella_atypica	494.4971202574
ILEUSYN-PWY: L-isoleucine biosynthesis I (from threonine)|g__Citrobacter.s__Citrobacter_freundii	439.3006310382
ILEUSYN-PWY: L-isoleucine biosynthesis I (from threonine)|g__Klebsiella.s__Klebsiella_oxytoca	256.0697530584
ILEUSYN-PWY: L-isoleucine biosynthesis I (from threonine)|g__Klebsiella.s__Klebsiella_michiganensis	198.2755505529
ILEUSYN-PWY: L-isoleucine biosynthesis I (from threonine)|unclassified	155.0161053477
ILEUSYN-PWY: L-isoleucine biosynthesis I (from threonine)|g__Veillonella.s__Veillonella_infantium	42.8223793875
ILEUSYN-PWY: L-isoleucine biosynthesis I (from threonine)|g__Proteus.s__Proteus_vulgaris	38.2577156119
ILEUSYN-PWY: L-isoleucine biosynthesis I (from threonine)|g__Kluyvera.s__Kluyvera_cryocrescens	32.0073676774
ILEUSYN-PWY: L-isoleucine biosynthesis I (from threonine)|g__Veillonella.s__Veillonella_dispar	16.4357826996
PWY-3841: folate transformations II (plants)	11308.6023756586
PWY-3841: folate transformations II (plants)|g__Veillonella.s__Veillonella_parvula	1884.6892171407
PWY-3841: folate transformations II (plants)|g__Lactobacillus.s__Lactobacillus_rhamnosus	1216.3614002889
PWY-3841: folate transformations II (plants)|g__Lactobacillus.s__Lactobacillus_fermentum	1149.2926852037
PWY-3841: folate transformations II (plants)|g__Proteobacteria_unclassified.s__Proteobacteria_bacterium_CAG_139	869.6305077906
PWY-3841: folate transformations II (plants)|g__Citrobacter.s__Citrobacter_portucalensis	711.3914241826
PWY-3841: folate transformations II (plants)|g__Citrobacter.s__Citrobacter_youngae	598.3678377756
PWY-3841: folate transformations II (plants)|g__Lactobacillus.s__Lactobacillus_casei_group	549.3254780419
PWY-3841: folate transformations II (plants)|g__Veillonella.s__Veillonella_atypica	482.0090874823
PWY-3841: folate transformations II (plants)|g__Streptococcus.s__Streptococcus_thermophilus	456.5227464605
PWY-3841: folate transformations II (plants)|g__Escherichia.s__Escherichia_coli	399.3701452927
PWY-3841: folate transformations II (plants)|g__Klebsiella.s__Klebsiella_oxytoca	275.9627026610
PWY-3841: folate transformations II (plants)|unclassified	229.9289343144
PWY-3841: folate transformations II (plants)|g__Pediococcus.s__Pediococcus_pentosaceus	162.7786881658
PWY-3841: folate transformations II (plants)|g__Morganella.s__Morganella_morganii	80.2717557360
PWY-3841: folate transformations II (plants)|g__Pediococcus.s__Pediococcus_acidilactici	46.7953754675
PWY-3841: folate transformations II (plants)|g__Citrobacter.s__Citrobacter_freundii	42.1979903447
PWY-3841: folate transformations II (plants)|g__Lactobacillus.s__Lactobacillus_manihotivorans	37.3797997316
PWY-3841: folate transformations II (plants)|g__Veillonella.s__Veillonella_dispar	37.2544501461
PWY-3841: folate transformations II (plants)|g__Kluyvera.s__Kluyvera_cryocrescens	25.1162363170
PWY-3841: folate transformations II (plants)|g__Proteus.s__Proteus_vulgaris	20.6049330316
PWY-3841: folate transformations II (plants)|g__Lactobacillus.s__Lactobacillus_parabuchneri	14.4240353409
PWY-3841: folate transformations II (plants)|g__Veillonella.s__Veillonella_infantium	3.3602338332
PWY-7221: guanosine ribonucleotides de novo biosynthesis	11296.4991080959
PWY-7221: guanosine ribonucleotides de novo biosynthesis|g__Lactobacillus.s__Lactobacillus_rhamnosus	2447.1572080866
PWY-7221: guanosine ribonucleotides de novo biosynthesis|g__Veillonella.s__Veillonella_parvula	1554.9358301727
PWY-7221: guanosine ribonucleotides de novo biosynthesis|g__Citrobacter.s__Citrobacter_youngae	1186.4456656865
PWY-7221: guanosine ribonucleotides de novo biosynthesis|g__Citrobacter.s__Citrobacter_portucalensis	1073.7253314842
PWY-7221: guanosine ribonucleotides de novo biosynthesis|g__Proteobacteria_unclassified.s__Proteobacteria_bacterium_CAG_139	877.7599401210
PWY-7221: guanosine ribonucleotides de novo biosynthesis|g__Escherichia.s__Escherichia_coli	874.1888749480
PWY-7221: guanosine ribonucleotides de novo biosynthesis|g__Lactobacillus.s__Lactobacillus_casei_group	839.2969133229
PWY-7221: guanosine ribonucleotides de novo biosynthesis|g__Streptococcus.s__Streptococcus_thermophilus	549.6928120346
PWY-7221: guanosine ribonucleotides de novo biosynthesis|g__Veillonella.s__Veillonella_atypica	436.5442148868
PWY-7221: guanosine ribonucleotides de novo biosynthesis|g__Klebsiella.s__Klebsiella_oxytoca	210.6883259873
PWY-7221: guanosine ribonucleotides de novo biosynthesis|g__Klebsiella.s__Klebsiella_michiganensis	193.7940088841
PWY-7221: guanosine ribonucleotides de novo biosynthesis|g__Lactobacillus.s__Lactobacillus_plantarum	157.5028504526
PWY-7221: guanosine ribonucleotides de novo biosynthesis|g__Morganella.s__Morganella_morganii	126.1955225300
PWY-7221: guanosine ribonucleotides de novo biosynthesis|unclassified	126.0275161865
PWY-7221: guanosine ribonucleotides de novo biosynthesis|g__Citrobacter.s__Citrobacter_freundii	57.0227847232
PWY-7221: guanosine ribonucleotides de novo biosynthesis|g__Pediococcus.s__Pediococcus_acidilactici	39.9024263546
PWY-7221: guanosine ribonucleotides de novo biosynthesis|g__Lactobacillus.s__Lactobacillus_manihotivorans	35.8970243480
PWY-7221: guanosine ribonucleotides de novo biosynthesis|g__Veillonella.s__Veillonella_infantium	32.3275123439
PWY-7221: guanosine ribonucleotides de novo biosynthesis|g__Proteus.s__Proteus_vulgaris	21.9297765833
PWY-7221: guanosine ribonucleotides de novo biosynthesis|g__Kluyvera.s__Kluyvera_cryocrescens	15.8004086978
PWY-7221: guanosine ribonucleotides de novo biosynthesis|g__Veillonella.s__Veillonella_dispar	15.6693917929
PWY-7221: guanosine ribonucleotides de novo biosynthesis|g__Escherichia.s__Escherichia_fergusonii	10.0859120933
PWY-7221: guanosine ribonucleotides de novo biosynthesis|g__Lactobacillus.s__Lactobacillus_pantheris	8.9279150854
PWY-7221: guanosine ribonucleotides de novo biosynthesis|g__Streptococcus.s__Streptococcus_salivarius	2.0309918458
PWY-6609: adenine and adenosine salvage III	11295.3845967783
PWY-6609: adenine and adenosine salvage III|g__Citrobacter.s__Citrobacter_portucalensis	1577.5631135840
PWY-6609: adenine and adenosine salvage III|g__Lactobacillus.s__Lactobacillus_rhamnosus	1500.5693722477
PWY-6609: adenine and adenosine salvage III|g__Lactobacillus.s__Lactobacillus_casei_group	1324.5145330506
PWY-6609: adenine and adenosine salvage III|g__Lactobacillus.s__Lactobacillus_fermentum	1213.3494136972
PWY-6609: adenine and adenosine salvage III|g__Citrobacter.s__Citrobacter_youngae	608.4623332072
PWY-6609: adenine and adenosine salvage III|g__Escherichia.s__Escherichia_coli	558.8364494614
PWY-6609: adenine and adenosine salvage III|g__Streptococcus.s__Streptococcus_thermophilus	546.3124650598
PWY-6609: adenine and adenosine salvage III|g__Veillonella.s__Veillonella_atypica	263.1710870077
PWY-6609: adenine and adenosine salvage III|g__Klebsiella.s__Klebsiella_michiganensis	226.7457232175
PWY-6609: adenine and adenosine salvage III|g__Morganella.s__Morganella_morganii	147.2599262761
PWY-6609: adenine and adenosine salvage III|g__Klebsiella.s__Klebsiella_oxytoca	142.1682916578
PWY-6609: adenine and adenosine salvage III|g__Lactobacillus.s__Lactobacillus_mucosae	128.4638365084
PWY-6609: adenine and adenosine salvage III|g__Citrobacter.s__Citrobacter_freundii	77.8230837291
PWY-6609: adenine and adenosine salvage III|g__Lactobacillus.s__Lactobacillus_manihotivorans	73.9867609762
PWY-6609: adenine and adenosine salvage III|unclassified	61.7036198223
PWY-6609: adenine and adenosine salvage III|g__Pediococcus.s__Pediococcus_acidilactici	46.3714616839
PWY-6609: adenine and adenosine salvage III|g__Proteus.s__Proteus_vulgaris	22.2085535831
PWY-6609: adenine and adenosine salvage III|g__Kluyvera.s__Kluyvera_cryocrescens	18.3265136168
PWY-6609: adenine and adenosine salvage III|g__Lactobacillus.s__Lactobacillus_parabuchneri	14.7995058744
PWY-6609: adenine and adenosine salvage III|g__Streptococcus.s__Streptococcus_salivarius	4.3949697749
PWY-6609: adenine and adenosine salvage III|g__Proteus.s__Proteus_mirabilis	3.9159321756
PWY-6609: adenine and adenosine salvage III|g__Streptococcus.s__Streptococcus_pneumoniae	2.8094306228
PWY-5695: inosine 5'-phosphate degradation	11274.2522586883
PWY-5695: inosine 5'-phosphate degradation|g__Lactobacillus.s__Lactobacillus_rhamnosus	1617.1589745512
PWY-5695: inosine 5'-phosphate degradation|g__Citrobacter.s__Citrobacter_portucalensis	1322.5035303640
PWY-5695: inosine 5'-phosphate degradation|g__Escherichia.s__Escherichia_coli	1160.6143739649
PWY-5695: inosine 5'-phosphate degradation|g__Lactobacillus.s__Lactobacillus_casei_group	800.8922458691
PWY-5695: inosine 5'-phosphate degradation|g__Citrobacter.s__Citrobacter_youngae	723.1638097613
PWY-5695: inosine 5'-phosphate degradation|g__Veillonella.s__Veillonella_atypica	315.1802517292
PWY-5695: inosine 5'-phosphate degradation|g__Klebsiella.s__Klebsiella_oxytoca	218.5471633024
PWY-5695: inosine 5'-phosphate degradation|g__Klebsiella.s__Klebsiella_michiganensis	100.9331925535
PWY-5695: inosine 5'-phosphate degradation|g__Morganella.s__Morganella_morganii	99.5062962746
PWY-5695: inosine 5'-phosphate degradation|g__Citrobacter.s__Citrobacter_freundii	99.3024399463
PWY-5695: inosine 5'-phosphate degradation|g__Streptococcus.s__Streptococcus_thermophilus	93.4258331447
PWY-5695: inosine 5'-phosphate degradation|unclassified	86.5228052370
PWY-5695: inosine 5'-phosphate degradation|g__Kluyvera.s__Kluyvera_cryocrescens	32.2708746439
PWY-5695: inosine 5'-phosphate degradation|g__Proteus.s__Proteus_vulgaris	28.0263753311
PWY-5695: inosine 5'-phosphate degradation|g__Escherichia.s__Escherichia_fergusonii	2.8312323639
HISTSYN-PWY: L-histidine biosynthesis	11114.9681803984
HISTSYN-PWY: L-histidine biosynthesis|g__Veillonella.s__Veillonella_parvula	2243.4388518868
HISTSYN-PWY: L-histidine biosynthesis|g__Lactobacillus.s__Lactobacillus_rhamnosus	1116.7977666411
HISTSYN-PWY: L-histidine biosynthesis|g__Lactobacillus.s__Lactobacillus_casei_group	1108.4426050690
HISTSYN-PWY: L-histidine biosynthesis|g__Proteobacteria_unclassified.s__Proteobacteria_bacterium_CAG_139	1083.6444126022
HISTSYN-PWY: L-histidine biosynthesis|g__Citrobacter.s__Citrobacter_portucalensis	529.7949655509
HISTSYN-PWY: L-histidine biosynthesis|g__Escherichia.s__Escherichia_coli	513.4255112384
HISTSYN-PWY: L-histidine biosynthesis|g__Veillonella.s__Veillonella_atypica	489.6656855673
HISTSYN-PWY: L-histidine biosynthesis|g__Streptococcus.s__Streptococcus_thermophilus	340.2033510924
HISTSYN-PWY: L-histidine biosynthesis|unclassified	261.5911727779
HISTSYN-PWY: L-histidine biosynthesis|g__Klebsiella.s__Klebsiella_oxytoca	142.0431952101
HISTSYN-PWY: L-histidine biosynthesis|g__Klebsiella.s__Klebsiella_michiganensis	136.5454613479
HISTSYN-PWY: L-histidine biosynthesis|g__Morganella.s__Morganella_morganii	122.6995803121
HISTSYN-PWY: L-histidine biosynthesis|g__Lactobacillus.s__Lactobacillus_mucosae	98.7586848232
HISTSYN-PWY: L-histidine biosynthesis|g__Citrobacter.s__Citrobacter_freundii	61.1926421978
HISTSYN-PWY: L-histidine biosynthesis|g__Citrobacter.s__Citrobacter_youngae	34.2355303712
HISTSYN-PWY: L-histidine biosynthesis|g__Lactobacillus.s__Lactobacillus_manihotivorans	27.2542366185
HISTSYN-PWY: L-histidine biosynthesis|g__Kluyvera.s__Kluyvera_cryocrescens	12.1462401066
HISTSYN-PWY: L-histidine biosynthesis|g__Proteus.s__Proteus_vulgaris	10.9447850845
PWY-7208: superpathway of pyrimidine nucleobases salvage	11098.3594769000
PWY-7208: superpathway of pyrimidine nucleobases salvage|g__Veillonella.s__Veillonella_parvula	1936.6392964277
PWY-7208: superpathway of pyrimidine nucleobases salvage|g__Lactobacillus.s__Lactobacillus_rhamnosus	1652.0014336087
PWY-7208: superpathway of pyrimidine nucleobases salvage|g__Proteobacteria_unclassified.s__Proteobacteria_bacterium_CAG_139	853.0335636209
PWY-7208: superpathway of pyrimidine nucleobases salvage|g__Escherichia.s__Escherichia_coli	563.5681699544
PWY-7208: superpathway of pyrimidine nucleobases salvage|g__Lactobacillus.s__Lactobacillus_casei_group	562.4418979210
PWY-7208: superpathway of pyrimidine nucleobases salvage|g__Streptococcus.s__Streptococcus_thermophilus	516.2620186160
PWY-7208: superpathway of pyrimidine nucleobases salvage|g__Veillonella.s__Veillonella_atypica	475.0026843070
PWY-7208: superpathway of pyrimidine nucleobases salvage|g__Citrobacter.s__Citrobacter_portucalensis	452.2925763009
PWY-7208: superpathway of pyrimidine nucleobases salvage|g__Klebsiella.s__Klebsiella_michiganensis	212.0562337267
PWY-7208: superpathway of pyrimidine nucleobases salvage|g__Citrobacter.s__Citrobacter_youngae	172.2478629811
PWY-7208: superpathway of pyrimidine nucleobases salvage|unclassified	155.2715519478
PWY-7208: superpathway of pyrimidine nucleobases salvage|g__Klebsiella.s__Klebsiella_oxytoca	105.0807613714
PWY-7208: superpathway of pyrimidine nucleobases salvage|g__Morganella.s__Morganella_morganii	100.3604116584
PWY-7208: superpathway of pyrimidine nucleobases salvage|g__Citrobacter.s__Citrobacter_freundii	97.7348667286
PWY-7208: superpathway of pyrimidine nucleobases salvage|g__Pediococcus.s__Pediococcus_acidilactici	44.0364075543
PWY-7208: superpathway of pyrimidine nucleobases salvage|g__Veillonella.s__Veillonella_dispar	12.1110711182
PWY-7208: superpathway of pyrimidine nucleobases salvage|g__Kluyvera.s__Kluyvera_cryocrescens	9.0671917107
PWY-7208: superpathway of pyrimidine nucleobases salvage|g__Veillonella.s__Veillonella_infantium	4.5878912719
PWY-7208: superpathway of pyrimidine nucleobases salvage|g__Streptococcus.s__Streptococcus_salivarius	1.2882008471
TRNA-CHARGING-PWY: tRNA charging	11018.0754813558
TRNA-CHARGING-PWY: tRNA charging|g__Lactobacillus.s__Lactobacillus_rhamnosus	1860.5132933934
TRNA-CHARGING-PWY: tRNA charging|g__Lactobacillus.s__Lactobacillus_fermentum	1272.6900764776
TRNA-CHARGING-PWY: tRNA charging|g__Citrobacter.s__Citrobacter_portucalensis	855.7575118957
TRNA-CHARGING-PWY: tRNA charging|g__Escherichia.s__Escherichia_coli	682.4059522801
TRNA-CHARGING-PWY: tRNA charging|g__Streptococcus.s__Streptococcus_thermophilus	489.4851972016
TRNA-CHARGING-PWY: tRNA charging|g__Lactobacillus.s__Lactobacillus_casei_group	481.8697541199
TRNA-CHARGING-PWY: tRNA charging|g__Pediococcus.s__Pediococcus_pentosaceus	194.3658614286
TRNA-CHARGING-PWY: tRNA charging|g__Klebsiella.s__Klebsiella_oxytoca	174.7615347375
TRNA-CHARGING-PWY: tRNA charging|g__Citrobacter.s__Citrobacter_youngae	149.7921215885
TRNA-CHARGING-PWY: tRNA charging|g__Klebsiella.s__Klebsiella_michiganensis	128.6594950239
TRNA-CHARGING-PWY: tRNA charging|g__Morganella.s__Morganella_morganii	121.5605422271
TRNA-CHARGING-PWY: tRNA charging|unclassified	113.4550423429
TRNA-CHARGING-PWY: tRNA charging|g__Pediococcus.s__Pediococcus_acidilactici	60.1245108827
TRNA-CHARGING-PWY: tRNA charging|g__Proteus.s__Proteus_vulgaris	22.9652446533
TRNA-CHARGING-PWY: tRNA charging|g__Citrobacter.s__Citrobacter_freundii	19.5642009860
TRNA-CHARGING-PWY: tRNA charging|g__Kluyvera.s__Kluyvera_cryocrescens	18.1917972710
ARGSYN-PWY: L-arginine biosynthesis I (via L-ornithine)	10894.3564561951
ARGSYN-PWY: L-arginine biosynthesis I (via L-ornithine)|g__Lactobacillus.s__Lactobacillus_fermentum	1252.0164701453
ARGSYN-PWY: L-arginine biosynthesis I (via L-ornithine)|g__Citrobacter.s__Citrobacter_portucalensis	1054.4763760884
ARGSYN-PWY: L-arginine biosynthesis I (via L-ornithine)|g__Proteobacteria_unclassified.s__Proteobacteria_bacterium_CAG_139	932.9813086197
ARGSYN-PWY: L-arginine biosynthesis I (via L-ornithine)|g__Escherichia.s__Escherichia_coli	707.1045946959
ARGSYN-PWY: L-arginine biosynthesis I (via L-ornithine)|g__Streptococcus.s__Streptococcus_thermophilus	495.3303012054
ARGSYN-PWY: L-arginine biosynthesis I (via L-ornithine)|g__Citrobacter.s__Citrobacter_freundii	494.7186096626
ARGSYN-PWY: L-arginine biosynthesis I (via L-ornithine)|unclassified	321.2467260794
ARGSYN-PWY: L-arginine biosynthesis I (via L-ornithine)|g__Lactobacillus.s__Lactobacillus_plantarum	205.9675999328
ARGSYN-PWY: L-arginine biosynthesis I (via L-ornithine)|g__Klebsiella.s__Klebsiella_michiganensis	167.6120398008
ARGSYN-PWY: L-arginine biosynthesis I (via L-ornithine)|g__Klebsiella.s__Klebsiella_oxytoca	156.8739606937
ARGSYN-PWY: L-arginine biosynthesis I (via L-ornithine)|g__Lactobacillus.s__Lactobacillus_mucosae	153.2213782336
ARGSYN-PWY: L-arginine biosynthesis I (via L-ornithine)|g__Morganella.s__Morganella_morganii	111.5642523778
ARGSYN-PWY: L-arginine biosynthesis I (via L-ornithine)|g__Citrobacter.s__Citrobacter_youngae	77.4473501600
ARGSYN-PWY: L-arginine biosynthesis I (via L-ornithine)|g__Lactobacillus.s__Lactobacillus_manihotivorans	32.2044494099
ARGSYN-PWY: L-arginine biosynthesis I (via L-ornithine)|g__Proteus.s__Proteus_vulgaris	28.0403844039
ARGSYN-PWY: L-arginine biosynthesis I (via L-ornithine)|g__Kluyvera.s__Kluyvera_cryocrescens	21.5684132201
GLYCOLYSIS: glycolysis I (from glucose 6-phosphate)	10888.3905628448
GLYCOLYSIS: glycolysis I (from glucose 6-phosphate)|g__Lactobacillus.s__Lactobacillus_rhamnosus	2121.8453624863
GLYCOLYSIS: glycolysis I (from glucose 6-phosphate)|g__Citrobacter.s__Citrobacter_portucalensis	931.1069626177
GLYCOLYSIS: glycolysis I (from glucose 6-phosphate)|g__Escherichia.s__Escherichia_coli	775.6365628255
GLYCOLYSIS: glycolysis I (from glucose 6-phosphate)|g__Lactobacillus.s__Lactobacillus_casei_group	644.5085558852
GLYCOLYSIS: glycolysis I (from glucose 6-phosphate)|g__Citrobacter.s__Citrobacter_freundii	247.3256405140
GLYCOLYSIS: glycolysis I (from glucose 6-phosphate)|g__Klebsiella.s__Klebsiella_oxytoca	213.3644537052
GLYCOLYSIS: glycolysis I (from glucose 6-phosphate)|g__Klebsiella.s__Klebsiella_michiganensis	181.5684157042
GLYCOLYSIS: glycolysis I (from glucose 6-phosphate)|g__Pediococcus.s__Pediococcus_pentosaceus	181.1698367217
GLYCOLYSIS: glycolysis I (from glucose 6-phosphate)|g__Lactobacillus.s__Lactobacillus_plantarum	152.0626059139
GLYCOLYSIS: glycolysis I (from glucose 6-phosphate)|g__Citrobacter.s__Citrobacter_youngae	145.9670653635
GLYCOLYSIS: glycolysis I (from glucose 6-phosphate)|g__Morganella.s__Morganella_morganii	127.2499760997
GLYCOLYSIS: glycolysis I (from glucose 6-phosphate)|unclassified	112.9202040005
GLYCOLYSIS: glycolysis I (from glucose 6-phosphate)|g__Pediococcus.s__Pediococcus_acidilactici	74.6760983779
GLYCOLYSIS: glycolysis I (from glucose 6-phosphate)|g__Proteus.s__Proteus_vulgaris	32.3781872940
GLYCOLYSIS: glycolysis I (from glucose 6-phosphate)|g__Kluyvera.s__Kluyvera_cryocrescens	26.9587299850
P461-PWY: hexitol fermentation to lactate, formate, ethanol and acetate	10778.1407987426
P461-PWY: hexitol fermentation to lactate, formate, ethanol and acetate|g__Lactobacillus.s__Lactobacillus_rhamnosus	3172.9881181115
P461-PWY: hexitol fermentation to lactate, formate, ethanol and acetate|g__Citrobacter.s__Citrobacter_portucalensis	1752.6857669336
P461-PWY: hexitol fermentation to lactate, formate, ethanol and acetate|g__Citrobacter.s__Citrobacter_youngae	925.2502388635
P461-PWY: hexitol fermentation to lactate, formate, ethanol and acetate|g__Lactobacillus.s__Lactobacillus_casei_group	819.2325765155
P461-PWY: hexitol fermentation to lactate, formate, ethanol and acetate|g__Escherichia.s__Escherichia_coli	802.3052322504
P461-PWY: hexitol fermentation to lactate, formate, ethanol and acetate|g__Citrobacter.s__Citrobacter_freundii	699.9074421100
P461-PWY: hexitol fermentation to lactate, formate, ethanol and acetate|g__Klebsiella.s__Klebsiella_oxytoca	372.9308069371
P461-PWY: hexitol fermentation to lactate, formate, ethanol and acetate|g__Klebsiella.s__Klebsiella_michiganensis	275.4090967096
P461-PWY: hexitol fermentation to lactate, formate, ethanol and acetate|g__Lactobacillus.s__Lactobacillus_plantarum	225.3719860722
P461-PWY: hexitol fermentation to lactate, formate, ethanol and acetate|g__Kluyvera.s__Kluyvera_cryocrescens	21.7351117407
PWY-3001: superpathway of L-isoleucine biosynthesis I	10731.4790447770
PWY-3001: superpathway of L-isoleucine biosynthesis I|g__Citrobacter.s__Citrobacter_portucalensis	1647.9898831744
PWY-3001: superpathway of L-isoleucine biosynthesis I|g__Escherichia.s__Escherichia_coli	863.2105350012
PWY-3001: superpathway of L-isoleucine biosynthesis I|g__Citrobacter.s__Citrobacter_youngae	855.2966738332
PWY-3001: superpathway of L-isoleucine biosynthesis I|g__Streptococcus.s__Streptococcus_thermophilus	555.1117801625
PWY-3001: superpathway of L-isoleucine biosynthesis I|g__Citrobacter.s__Citrobacter_freundii	366.7725860879
PWY-3001: superpathway of L-isoleucine biosynthesis I|g__Klebsiella.s__Klebsiella_oxytoca	246.0636219467
PWY-3001: superpathway of L-isoleucine biosynthesis I|g__Klebsiella.s__Klebsiella_michiganensis	198.4557645147
PWY-3001: superpathway of L-isoleucine biosynthesis I|unclassified	174.6905536114
PWY-3001: superpathway of L-isoleucine biosynthesis I|g__Kluyvera.s__Kluyvera_cryocrescens	31.0990531436
PWY-7400: L-arginine biosynthesis IV (archaebacteria)	10707.7269293275
PWY-7400: L-arginine biosynthesis IV (archaebacteria)|g__Lactobacillus.s__Lactobacillus_fermentum	1234.2287231211
PWY-7400: L-arginine biosynthesis IV (archaebacteria)|g__Citrobacter.s__Citrobacter_portucalensis	917.3281314160
PWY-7400: L-arginine biosynthesis IV (archaebacteria)|g__Escherichia.s__Escherichia_coli	686.5451363292
PWY-7400: L-arginine biosynthesis IV (archaebacteria)|unclassified	313.4392330127
PWY-7400: L-arginine biosynthesis IV (archaebacteria)|g__Citrobacter.s__Citrobacter_freundii	266.4816858979
PWY-7400: L-arginine biosynthesis IV (archaebacteria)|g__Klebsiella.s__Klebsiella_michiganensis	164.9602491908
PWY-7400: L-arginine biosynthesis IV (archaebacteria)|g__Klebsiella.s__Klebsiella_oxytoca	126.6497581957
PWY-7400: L-arginine biosynthesis IV (archaebacteria)|g__Morganella.s__Morganella_morganii	105.9036052099
PWY-7400: L-arginine biosynthesis IV (archaebacteria)|g__Citrobacter.s__Citrobacter_youngae	73.9508389250
PWY-7400: L-arginine biosynthesis IV (archaebacteria)|g__Proteus.s__Proteus_vulgaris	26.2498521077
PWY-7400: L-arginine biosynthesis IV (archaebacteria)|g__Kluyvera.s__Kluyvera_cryocrescens	20.6156233937
PWY-5484: glycolysis II (from fructose 6-phosphate)	10643.8147528408
PWY-5484: glycolysis II (from fructose 6-phosphate)|g__Lactobacillus.s__Lactobacillus_rhamnosus	2237.1021142725
PWY-5484: glycolysis II (from fructose 6-phosphate)|g__Citrobacter.s__Citrobacter_portucalensis	938.4976655612
PWY-5484: glycolysis II (from fructose 6-phosphate)|g__Escherichia.s__Escherichia_coli	687.8559906714
PWY-5484: glycolysis II (from fructose 6-phosphate)|g__Lactobacillus.s__Lactobacillus_casei_group	640.8025444198
PWY-5484: glycolysis II (from fructose 6-phosphate)|g__Citrobacter.s__Citrobacter_freundii	230.6696456452
PWY-5484: glycolysis II (from fructose 6-phosphate)|g__Pediococcus.s__Pediococcus_pentosaceus	193.5683418750
PWY-5484: glycolysis II (from fructose 6-phosphate)|g__Klebsiella.s__Klebsiella_oxytoca	190.7577438957
PWY-5484: glycolysis II (from fructose 6-phosphate)|g__Klebsiella.s__Klebsiella_michiganensis	169.4958528568
PWY-5484: glycolysis II (from fructose 6-phosphate)|g__Lactobacillus.s__Lactobacillus_plantarum	153.0214606192
PWY-5484: glycolysis II (from fructose 6-phosphate)|g__Morganella.s__Morganella_morganii	120.8313429972
PWY-5484: glycolysis II (from fructose 6-phosphate)|g__Citrobacter.s__Citrobacter_youngae	107.2993762906
PWY-5484: glycolysis II (from fructose 6-phosphate)|unclassified	96.2181832122
PWY-5484: glycolysis II (from fructose 6-phosphate)|g__Pediococcus.s__Pediococcus_acidilactici	82.2699584390
PWY-5484: glycolysis II (from fructose 6-phosphate)|g__Kluyvera.s__Kluyvera_cryocrescens	28.1853491214
PWY-5484: glycolysis II (from fructose 6-phosphate)|g__Proteus.s__Proteus_vulgaris	16.9560577428
THRESYN-PWY: superpathway of L-threonine biosynthesis	10600.3135238441
THRESYN-PWY: superpathway of L-threonine biosynthesis|g__Citrobacter.s__Citrobacter_portucalensis	2063.3027999062
THRESYN-PWY: superpathway of L-threonine biosynthesis|g__Veillonella.s__Veillonella_parvula	1581.1412789778
THRESYN-PWY: superpathway of L-threonine biosynthesis|g__Escherichia.s__Escherichia_coli	814.5030560841
THRESYN-PWY: superpathway of L-threonine biosynthesis|g__Citrobacter.s__Citrobacter_youngae	738.4650921677
THRESYN-PWY: superpathway of L-threonine biosynthesis|g__Lactobacillus.s__Lactobacillus_casei_group	653.7800177496
THRESYN-PWY: superpathway of L-threonine biosynthesis|g__Streptococcus.s__Streptococcus_thermophilus	516.4689328549
THRESYN-PWY: superpathway of L-threonine biosynthesis|g__Citrobacter.s__Citrobacter_freundii	357.0309946807
THRESYN-PWY: superpathway of L-threonine biosynthesis|g__Klebsiella.s__Klebsiella_michiganensis	260.9439823879
THRESYN-PWY: superpathway of L-threonine biosynthesis|g__Klebsiella.s__Klebsiella_oxytoca	254.2499380476
THRESYN-PWY: superpathway of L-threonine biosynthesis|g__Veillonella.s__Veillonella_atypica	243.9929176992
THRESYN-PWY: superpathway of L-threonine biosynthesis|unclassified	209.6941442935
THRESYN-PWY: superpathway of L-threonine biosynthesis|g__Lactobacillus.s__Lactobacillus_plantarum	170.4768237232
THRESYN-PWY: superpathway of L-threonine biosynthesis|g__Morganella.s__Morganella_morganii	160.4424480202
THRESYN-PWY: superpathway of L-threonine biosynthesis|g__Kluyvera.s__Kluyvera_cryocrescens	30.5216188014
THRESYN-PWY: superpathway of L-threonine biosynthesis|g__Proteus.s__Proteus_vulgaris	21.2309552311
ANAEROFRUCAT-PWY: homolactic fermentation	10580.4635081736
ANAEROFRUCAT-PWY: homolactic fermentation|g__Lactobacillus.s__Lactobacillus_rhamnosus	2148.1089097989
ANAEROFRUCAT-PWY: homolactic fermentation|g__Citrobacter.s__Citrobacter_portucalensis	882.6881410131
ANAEROFRUCAT-PWY: homolactic fermentation|g__Lactobacillus.s__Lactobacillus_casei_group	684.9700974690
ANAEROFRUCAT-PWY: homolactic fermentation|g__Escherichia.s__Escherichia_coli	595.1140878023
ANAEROFRUCAT-PWY: homolactic fermentation|g__Pediococcus.s__Pediococcus_pentosaceus	192.1025321255
ANAEROFRUCAT-PWY: homolactic fermentation|g__Klebsiella.s__Klebsiella_oxytoca	187.8745949010
ANAEROFRUCAT-PWY: homolactic fermentation|g__Klebsiella.s__Klebsiella_michiganensis	163.8211653755
ANAEROFRUCAT-PWY: homolactic fermentation|g__Lactobacillus.s__Lactobacillus_plantarum	134.8262734211
ANAEROFRUCAT-PWY: homolactic fermentation|g__Citrobacter.s__Citrobacter_youngae	106.3429538382
ANAEROFRUCAT-PWY: homolactic fermentation|unclassified	104.3014976067
ANAEROFRUCAT-PWY: homolactic fermentation|g__Citrobacter.s__Citrobacter_freundii	100.2948185279
ANAEROFRUCAT-PWY: homolactic fermentation|g__Pediococcus.s__Pediococcus_acidilactici	79.9103444584
ANAEROFRUCAT-PWY: homolactic fermentation|g__Kluyvera.s__Kluyvera_cryocrescens	22.2652119882
PWY-6285: superpathway of fatty acids biosynthesis (E. coli)	10533.3474121972
PWY-6285: superpathway of fatty acids biosynthesis (E. coli)|g__Citrobacter.s__Citrobacter_portucalensis	1292.0530118635
PWY-6285: superpathway of fatty acids biosynthesis (E. coli)|g__Citrobacter.s__Citrobacter_youngae	566.2910692466
PWY-6285: superpathway of fatty acids biosynthesis (E. coli)|g__Escherichia.s__Escherichia_coli	565.8060837170
PWY-724: superpathway of L-lysine, L-threonine and L-methionine biosynthesis II	10507.3485439914
PWY-724: superpathway of L-lysine, L-threonine and L-methionine biosynthesis II|g__Veillonella.s__Veillonella_parvula	1437.2016084534
PWY-724: superpathway of L-lysine, L-threonine and L-methionine biosynthesis II|g__Citrobacter.s__Citrobacter_portucalensis	1204.0717636944
PWY-724: superpathway of L-lysine, L-threonine and L-methionine biosynthesis II|g__Lactobacillus.s__Lactobacillus_fermentum	1189.3204300035
PWY-724: superpathway of L-lysine, L-threonine and L-methionine biosynthesis II|g__Lactobacillus.s__Lactobacillus_casei_group	766.8535391431
PWY-724: superpathway of L-lysine, L-threonine and L-methionine biosynthesis II|g__Escherichia.s__Escherichia_coli	569.1130251594
PWY-724: superpathway of L-lysine, L-threonine and L-methionine biosynthesis II|g__Citrobacter.s__Citrobacter_youngae	389.2657292789
PWY-724: superpathway of L-lysine, L-threonine and L-methionine biosynthesis II|g__Veillonella.s__Veillonella_atypica	292.8378098401
PWY-724: superpathway of L-lysine, L-threonine and L-methionine biosynthesis II|g__Klebsiella.s__Klebsiella_oxytoca	240.3361045082
PWY-724: superpathway of L-lysine, L-threonine and L-methionine biosynthesis II|unclassified	132.9858484738
PWY-724: superpathway of L-lysine, L-threonine and L-methionine biosynthesis II|g__Morganella.s__Morganella_morganii	104.7690843141
PWY-724: superpathway of L-lysine, L-threonine and L-methionine biosynthesis II|g__Citrobacter.s__Citrobacter_freundii	84.3297572896
PWY-724: superpathway of L-lysine, L-threonine and L-methionine biosynthesis II|g__Lactobacillus.s__Lactobacillus_plantarum	83.8471137949
PWY-724: superpathway of L-lysine, L-threonine and L-methionine biosynthesis II|g__Kluyvera.s__Kluyvera_cryocrescens	22.0757158673
PWY-724: superpathway of L-lysine, L-threonine and L-methionine biosynthesis II|g__Klebsiella.s__Klebsiella_michiganensis	20.4128327654
BRANCHED-CHAIN-AA-SYN-PWY: superpathway of branched chain amino acid biosynthesis	10443.0955883164
BRANCHED-CHAIN-AA-SYN-PWY: superpathway of branched chain amino acid biosynthesis|g__Veillonella.s__Veillonella_parvula	1433.9374752165
BRANCHED-CHAIN-AA-SYN-PWY: superpathway of branched chain amino acid biosynthesis|g__Citrobacter.s__Citrobacter_portucalensis	1040.7747150334
BRANCHED-CHAIN-AA-SYN-PWY: superpathway of branched chain amino acid biosynthesis|g__Escherichia.s__Escherichia_coli	1034.2650109328
BRANCHED-CHAIN-AA-SYN-PWY: superpathway of branched chain amino acid biosynthesis|g__Streptococcus.s__Streptococcus_thermophilus	590.8813877817
BRANCHED-CHAIN-AA-SYN-PWY: superpathway of branched chain amino acid biosynthesis|g__Veillonella.s__Veillonella_atypica	449.1570910042
BRANCHED-CHAIN-AA-SYN-PWY: superpathway of branched chain amino acid biosynthesis|g__Citrobacter.s__Citrobacter_youngae	290.9727535897
BRANCHED-CHAIN-AA-SYN-PWY: superpathway of branched chain amino acid biosynthesis|g__Klebsiella.s__Klebsiella_oxytoca	266.4987036881
BRANCHED-CHAIN-AA-SYN-PWY: superpathway of branched chain amino acid biosynthesis|g__Citrobacter.s__Citrobacter_freundii	201.4918490285
BRANCHED-CHAIN-AA-SYN-PWY: superpathway of branched chain amino acid biosynthesis|g__Klebsiella.s__Klebsiella_michiganensis	167.5113131544
BRANCHED-CHAIN-AA-SYN-PWY: superpathway of branched chain amino acid biosynthesis|unclassified	130.9005125569
BRANCHED-CHAIN-AA-SYN-PWY: superpathway of branched chain amino acid biosynthesis|g__Veillonella.s__Veillonella_infantium	57.8278676555
BRANCHED-CHAIN-AA-SYN-PWY: superpathway of branched chain amino acid biosynthesis|g__Proteus.s__Proteus_vulgaris	34.4424219291
BRANCHED-CHAIN-AA-SYN-PWY: superpathway of branched chain amino acid biosynthesis|g__Kluyvera.s__Kluyvera_cryocrescens	30.7583293861
BRANCHED-CHAIN-AA-SYN-PWY: superpathway of branched chain amino acid biosynthesis|g__Veillonella.s__Veillonella_dispar	21.8271395904
PWY-5103: L-isoleucine biosynthesis III	10418.2136738641
PWY-5103: L-isoleucine biosynthesis III|g__Citrobacter.s__Citrobacter_youngae	1526.9727889143
PWY-5103: L-isoleucine biosynthesis III|g__Citrobacter.s__Citrobacter_portucalensis	1526.6734759702
PWY-5103: L-isoleucine biosynthesis III|g__Veillonella.s__Veillonella_parvula	1243.7259759507
PWY-5103: L-isoleucine biosynthesis III|g__Escherichia.s__Escherichia_coli	1093.0076132767
PWY-5103: L-isoleucine biosynthesis III|g__Streptococcus.s__Streptococcus_thermophilus	593.3615402485
PWY-5103: L-isoleucine biosynthesis III|g__Veillonella.s__Veillonella_atypica	468.5621642312
PWY-5103: L-isoleucine biosynthesis III|g__Klebsiella.s__Klebsiella_oxytoca	395.9315399574
PWY-5103: L-isoleucine biosynthesis III|g__Citrobacter.s__Citrobacter_freundii	343.7196902372
PWY-5103: L-isoleucine biosynthesis III|g__Klebsiella.s__Klebsiella_michiganensis	213.6079031122
PWY-5103: L-isoleucine biosynthesis III|g__Morganella.s__Morganella_morganii	209.5782322623
PWY-5103: L-isoleucine biosynthesis III|unclassified	130.8075676127
PWY-5103: L-isoleucine biosynthesis III|g__Veillonella.s__Veillonella_infantium	39.5462614152
PWY-5103: L-isoleucine biosynthesis III|g__Proteus.s__Proteus_vulgaris	34.4673478093
PWY-5103: L-isoleucine biosynthesis III|g__Kluyvera.s__Kluyvera_cryocrescens	29.1886048974
PWY-5103: L-isoleucine biosynthesis III|g__Veillonella.s__Veillonella_dispar	12.9390584310
COA-PWY-1: superpathway of coenzyme A biosynthesis III (mammals)	10375.8327679299
COA-PWY-1: superpathway of coenzyme A biosynthesis III (mammals)|g__Lactobacillus.s__Lactobacillus_rhamnosus	970.8748150338
COA-PWY-1: superpathway of coenzyme A biosynthesis III (mammals)|g__Citrobacter.s__Citrobacter_portucalensis	925.8383022905
COA-PWY-1: superpathway of coenzyme A biosynthesis III (mammals)|g__Lactobacillus.s__Lactobacillus_fermentum	640.1162867361
COA-PWY-1: superpathway of coenzyme A biosynthesis III (mammals)|g__Citrobacter.s__Citrobacter_youngae	600.5493535520
COA-PWY-1: superpathway of coenzyme A biosynthesis III (mammals)|g__Lactobacillus.s__Lactobacillus_casei_group	596.0342620993
COA-PWY-1: superpathway of coenzyme A biosynthesis III (mammals)|g__Veillonella.s__Veillonella_atypica	233.5799518842
COA-PWY-1: superpathway of coenzyme A biosynthesis III (mammals)|g__Escherichia.s__Escherichia_coli	207.1990914156
COA-PWY-1: superpathway of coenzyme A biosynthesis III (mammals)|g__Klebsiella.s__Klebsiella_oxytoca	170.6029583331
COA-PWY-1: superpathway of coenzyme A biosynthesis III (mammals)|g__Pediococcus.s__Pediococcus_pentosaceus	158.5800765008
COA-PWY-1: superpathway of coenzyme A biosynthesis III (mammals)|g__Klebsiella.s__Klebsiella_michiganensis	120.4231338263
COA-PWY-1: superpathway of coenzyme A biosynthesis III (mammals)|g__Morganella.s__Morganella_morganii	118.2876861650
COA-PWY-1: superpathway of coenzyme A biosynthesis III (mammals)|g__Lactobacillus.s__Lactobacillus_mucosae	97.4053559270
COA-PWY-1: superpathway of coenzyme A biosynthesis III (mammals)|unclassified	41.0566767274
COA-PWY-1: superpathway of coenzyme A biosynthesis III (mammals)|g__Citrobacter.s__Citrobacter_freundii	38.5258976501
COA-PWY-1: superpathway of coenzyme A biosynthesis III (mammals)|g__Pediococcus.s__Pediococcus_acidilactici	36.7062503439
COA-PWY-1: superpathway of coenzyme A biosynthesis III (mammals)|g__Lactobacillus.s__Lactobacillus_manihotivorans	21.0789523507
COA-PWY-1: superpathway of coenzyme A biosynthesis III (mammals)|g__Proteus.s__Proteus_vulgaris	18.4182509384
COA-PWY-1: superpathway of coenzyme A biosynthesis III (mammals)|g__Veillonella.s__Veillonella_parvula	9.0556174661
COA-PWY-1: superpathway of coenzyme A biosynthesis III (mammals)|g__Veillonella.s__Veillonella_dispar	5.7585264278
PWY0-1297: superpathway of purine deoxyribonucleosides degradation	10348.4836616671
PWY0-1297: superpathway of purine deoxyribonucleosides degradation|g__Lactobacillus.s__Lactobacillus_rhamnosus	1733.4127538533
PWY0-1297: superpathway of purine deoxyribonucleosides degradation|g__Citrobacter.s__Citrobacter_portucalensis	1355.3807202669
PWY0-1297: superpathway of purine deoxyribonucleosides degradation|g__Lactobacillus.s__Lactobacillus_casei_group	1295.2359791373
PWY0-1297: superpathway of purine deoxyribonucleosides degradation|g__Escherichia.s__Escherichia_coli	677.5676963509
PWY0-1297: superpathway of purine deoxyribonucleosides degradation|g__Streptococcus.s__Streptococcus_thermophilus	604.4249077799
PWY0-1297: superpathway of purine deoxyribonucleosides degradation|g__Citrobacter.s__Citrobacter_youngae	579.6281546925
PWY0-1297: superpathway of purine deoxyribonucleosides degradation|g__Klebsiella.s__Klebsiella_oxytoca	262.3700538819
PWY0-1297: superpathway of purine deoxyribonucleosides degradation|g__Klebsiella.s__Klebsiella_michiganensis	214.2682767562
PWY0-1297: superpathway of purine deoxyribonucleosides degradation|g__Morganella.s__Morganella_morganii	121.1107879950
PWY0-1297: superpathway of purine deoxyribonucleosides degradation|g__Citrobacter.s__Citrobacter_freundii	112.5807024636
PWY0-1297: superpathway of purine deoxyribonucleosides degradation|unclassified	84.6328697886
PWY0-1297: superpathway of purine deoxyribonucleosides degradation|g__Lactobacillus.s__Lactobacillus_manihotivorans	30.2679030101
PWY0-1297: superpathway of purine deoxyribonucleosides degradation|g__Kluyvera.s__Kluyvera_cryocrescens	25.6553902904
PWY0-1297: superpathway of purine deoxyribonucleosides degradation|g__Proteus.s__Proteus_vulgaris	20.9733289518
PWY0-1297: superpathway of purine deoxyribonucleosides degradation|g__Escherichia.s__Escherichia_fergusonii	2.1524825833
PWY-7234: inosine-5'-phosphate biosynthesis III	10290.3987158135
PWY-7234: inosine-5'-phosphate biosynthesis III|g__Lactobacillus.s__Lactobacillus_rhamnosus	1566.8308432425
PWY-7234: inosine-5'-phosphate biosynthesis III|g__Lactobacillus.s__Lactobacillus_fermentum	1413.2499785280
PWY-7234: inosine-5'-phosphate biosynthesis III|g__Proteobacteria_unclassified.s__Proteobacteria_bacterium_CAG_139	917.2429466059
PWY-7234: inosine-5'-phosphate biosynthesis III|g__Streptococcus.s__Streptococcus_thermophilus	526.8551856232
PWY-7234: inosine-5'-phosphate biosynthesis III|g__Citrobacter.s__Citrobacter_portucalensis	431.4696503103
PWY-7234: inosine-5'-phosphate biosynthesis III|g__Lactobacillus.s__Lactobacillus_casei_group	425.5332275384
PWY-7234: inosine-5'-phosphate biosynthesis III|g__Escherichia.s__Escherichia_coli	337.5036040799
PWY-7234: inosine-5'-phosphate biosynthesis III|g__Pediococcus.s__Pediococcus_pentosaceus	159.7868504368
PWY-7234: inosine-5'-phosphate biosynthesis III|unclassified	149.3130608466
PWY-7234: inosine-5'-phosphate biosynthesis III|g__Lactobacillus.s__Lactobacillus_mucosae	147.5976844458
PWY-7234: inosine-5'-phosphate biosynthesis III|g__Klebsiella.s__Klebsiella_oxytoca	147.4352301651
PWY-7234: inosine-5'-phosphate biosynthesis III|g__Morganella.s__Morganella_morganii	91.3690811166
PWY-7234: inosine-5'-phosphate biosynthesis III|g__Citrobacter.s__Citrobacter_youngae	83.3603695723
PWY-7234: inosine-5'-phosphate biosynthesis III|g__Klebsiella.s__Klebsiella_michiganensis	67.0497611906
PWY-7234: inosine-5'-phosphate biosynthesis III|g__Pediococcus.s__Pediococcus_acidilactici	54.1089279098
PWY-7234: inosine-5'-phosphate biosynthesis III|g__Lactobacillus.s__Lactobacillus_manihotivorans	22.7380504150
PWY-7234: inosine-5'-phosphate biosynthesis III|g__Kluyvera.s__Kluyvera_cryocrescens	18.9290739025
PWY-7234: inosine-5'-phosphate biosynthesis III|g__Citrobacter.s__Citrobacter_freundii	8.1195931263
GLUCONEO-PWY: gluconeogenesis I	10160.2228741980
GLUCONEO-PWY: gluconeogenesis I|g__Citrobacter.s__Citrobacter_portucalensis	1152.8061395984
GLUCONEO-PWY: gluconeogenesis I|g__Escherichia.s__Escherichia_coli	583.7557836166
GLUCONEO-PWY: gluconeogenesis I|g__Citrobacter.s__Citrobacter_freundii	329.6351000574
GLUCONEO-PWY: gluconeogenesis I|g__Citrobacter.s__Citrobacter_youngae	252.9851932147
GLUCONEO-PWY: gluconeogenesis I|g__Klebsiella.s__Klebsiella_michiganensis	223.9092581956
GLUCONEO-PWY: gluconeogenesis I|g__Klebsiella.s__Klebsiella_oxytoca	194.3852455911
GLUCONEO-PWY: gluconeogenesis I|g__Lactobacillus.s__Lactobacillus_plantarum	121.1507362779
GLUCONEO-PWY: gluconeogenesis I|unclassified	118.2406333829
GLUCONEO-PWY: gluconeogenesis I|g__Morganella.s__Morganella_morganii	105.2333924578
GLUCONEO-PWY: gluconeogenesis I|g__Pediococcus.s__Pediococcus_acidilactici	69.4595399090
GLUCONEO-PWY: gluconeogenesis I|g__Kluyvera.s__Kluyvera_cryocrescens	21.5103878888
GLUCONEO-PWY: gluconeogenesis I|g__Proteus.s__Proteus_vulgaris	15.5372144064
COA-PWY: coenzyme A biosynthesis I (prokaryotic)	10055.1989454101
COA-PWY: coenzyme A biosynthesis I (prokaryotic)|g__Veillonella.s__Veillonella_parvula	2009.6558364990
COA-PWY: coenzyme A biosynthesis I (prokaryotic)|g__Lactobacillus.s__Lactobacillus_casei_group	1236.1292710843
COA-PWY: coenzyme A biosynthesis I (prokaryotic)|g__Citrobacter.s__Citrobacter_youngae	879.2233772761
COA-PWY: coenzyme A biosynthesis I (prokaryotic)|g__Citrobacter.s__Citrobacter_portucalensis	866.1243802707
COA-PWY: coenzyme A biosynthesis I (prokaryotic)|g__Lactobacillus.s__Lactobacillus_rhamnosus	833.8166326201
COA-PWY: coenzyme A biosynthesis I (prokaryotic)|g__Lactobacillus.s__Lactobacillus_fermentum	568.5830815676
COA-PWY: coenzyme A biosynthesis I (prokaryotic)|g__Streptococcus.s__Streptococcus_thermophilus	436.4987760830
COA-PWY: coenzyme A biosynthesis I (prokaryotic)|g__Citrobacter.s__Citrobacter_freundii	430.7340776868
COA-PWY: coenzyme A biosynthesis I (prokaryotic)|g__Klebsiella.s__Klebsiella_oxytoca	322.1208422203
COA-PWY: coenzyme A biosynthesis I (prokaryotic)|unclassified	217.6402484536
COA-PWY: coenzyme A biosynthesis I (prokaryotic)|g__Veillonella.s__Veillonella_atypica	207.1161802101
COA-PWY: coenzyme A biosynthesis I (prokaryotic)|g__Escherichia.s__Escherichia_coli	180.5458148601
COA-PWY: coenzyme A biosynthesis I (prokaryotic)|g__Klebsiella.s__Klebsiella_michiganensis	165.3003923091
COA-PWY: coenzyme A biosynthesis I (prokaryotic)|g__Morganella.s__Morganella_morganii	143.9399841348
COA-PWY: coenzyme A biosynthesis I (prokaryotic)|g__Pediococcus.s__Pediococcus_pentosaceus	142.1128519818
COA-PWY: coenzyme A biosynthesis I (prokaryotic)|g__Lactobacillus.s__Lactobacillus_mucosae	109.6367599743
COA-PWY: coenzyme A biosynthesis I (prokaryotic)|g__Pediococcus.s__Pediococcus_acidilactici	44.6191382843
COA-PWY: coenzyme A biosynthesis I (prokaryotic)|g__Lactobacillus.s__Lactobacillus_manihotivorans	31.6750925770
COA-PWY: coenzyme A biosynthesis I (prokaryotic)|g__Escherichia.s__Escherichia_fergusonii	26.6078710337
COA-PWY: coenzyme A biosynthesis I (prokaryotic)|g__Kluyvera.s__Kluyvera_cryocrescens	19.9591721672
COA-PWY: coenzyme A biosynthesis I (prokaryotic)|g__Proteus.s__Proteus_vulgaris	19.4965584807
COA-PWY: coenzyme A biosynthesis I (prokaryotic)|g__Lactobacillus.s__Lactobacillus_parabuchneri	14.5464192688
COA-PWY: coenzyme A biosynthesis I (prokaryotic)|g__Veillonella.s__Veillonella_dispar	7.6498674067
COA-PWY: coenzyme A biosynthesis I (prokaryotic)|g__Veillonella.s__Veillonella_infantium	6.2423435281
PWY-7851: coenzyme A biosynthesis II (eukaryotic)	10055.1989454101
PWY-7851: coenzyme A biosynthesis II (eukaryotic)|g__Citrobacter.s__Citrobacter_portucalensis	866.1243802707
PWY-7851: coenzyme A biosynthesis II (eukaryotic)|g__Lactobacillus.s__Lactobacillus_rhamnosus	833.8166326201
PWY-7851: coenzyme A biosynthesis II (eukaryotic)|g__Lactobacillus.s__Lactobacillus_casei_group	680.6303044301
PWY-7851: coenzyme A biosynthesis II (eukaryotic)|g__Citrobacter.s__Citrobacter_youngae	596.6452944116
PWY-7851: coenzyme A biosynthesis II (eukaryotic)|g__Lactobacillus.s__Lactobacillus_fermentum	568.5830815676
PWY-7851: coenzyme A biosynthesis II (eukaryotic)|g__Veillonella.s__Veillonella_atypica	207.1161802101
PWY-7851: coenzyme A biosynthesis II (eukaryotic)|g__Escherichia.s__Escherichia_coli	180.5458148601
PWY-7851: coenzyme A biosynthesis II (eukaryotic)|g__Klebsiella.s__Klebsiella_michiganensis	165.3003923091
PWY-7851: coenzyme A biosynthesis II (eukaryotic)|g__Klebsiella.s__Klebsiella_oxytoca	153.1054150240
PWY-7851: coenzyme A biosynthesis II (eukaryotic)|g__Pediococcus.s__Pediococcus_pentosaceus	142.1128519818
PWY-7851: coenzyme A biosynthesis II (eukaryotic)|g__Morganella.s__Morganella_morganii	120.7611553838
PWY-7851: coenzyme A biosynthesis II (eukaryotic)|g__Lactobacillus.s__Lactobacillus_mucosae	107.7072941395
PWY-7851: coenzyme A biosynthesis II (eukaryotic)|g__Pediococcus.s__Pediococcus_acidilactici	33.5868767562
PWY-7851: coenzyme A biosynthesis II (eukaryotic)|unclassified	33.1356346101
PWY-7851: coenzyme A biosynthesis II (eukaryotic)|g__Citrobacter.s__Citrobacter_freundii	32.9905428923
PWY-7851: coenzyme A biosynthesis II (eukaryotic)|g__Lactobacillus.s__Lactobacillus_manihotivorans	19.9513780972
PWY-7851: coenzyme A biosynthesis II (eukaryotic)|g__Proteus.s__Proteus_vulgaris	16.7934108305
PWY-7851: coenzyme A biosynthesis II (eukaryotic)|g__Veillonella.s__Veillonella_parvula	7.2595914343
PWY-7851: coenzyme A biosynthesis II (eukaryotic)|g__Veillonella.s__Veillonella_dispar	4.6581044539
ARGSYNBSUB-PWY: L-arginine biosynthesis II (acetyl cycle)	10007.9658961875
ARGSYNBSUB-PWY: L-arginine biosynthesis II (acetyl cycle)|g__Lactobacillus.s__Lactobacillus_fermentum	1165.2584776675
ARGSYNBSUB-PWY: L-arginine biosynthesis II (acetyl cycle)|g__Citrobacter.s__Citrobacter_portucalensis	1000.3035365986
ARGSYNBSUB-PWY: L-arginine biosynthesis II (acetyl cycle)|g__Proteobacteria_unclassified.s__Proteobacteria_bacterium_CAG_139	939.9604984617
ARGSYNBSUB-PWY: L-arginine biosynthesis II (acetyl cycle)|g__Escherichia.s__Escherichia_coli	619.2373626553
ARGSYNBSUB-PWY: L-arginine biosynthesis II (acetyl cycle)|g__Streptococcus.s__Streptococcus_thermophilus	503.8199761708
ARGSYNBSUB-PWY: L-arginine biosynthesis II (acetyl cycle)|unclassified	430.1152035306
ARGSYNBSUB-PWY: L-arginine biosynthesis II (acetyl cycle)|g__Citrobacter.s__Citrobacter_freundii	329.2935305894
ARGSYNBSUB-PWY: L-arginine biosynthesis II (acetyl cycle)|g__Lactobacillus.s__Lactobacillus_plantarum	211.6581204142
ARGSYNBSUB-PWY: L-arginine biosynthesis II (acetyl cycle)|g__Klebsiella.s__Klebsiella_michiganensis	157.5108218018
ARGSYNBSUB-PWY: L-arginine biosynthesis II (acetyl cycle)|g__Lactobacillus.s__Lactobacillus_mucosae	153.2892935811
ARGSYNBSUB-PWY: L-arginine biosynthesis II (acetyl cycle)|g__Klebsiella.s__Klebsiella_oxytoca	139.0210688474
ARGSYNBSUB-PWY: L-arginine biosynthesis II (acetyl cycle)|g__Morganella.s__Morganella_morganii	106.8267031287
ARGSYNBSUB-PWY: L-arginine biosynthesis II (acetyl cycle)|g__Citrobacter.s__Citrobacter_youngae	87.8063657978
ARGSYNBSUB-PWY: L-arginine biosynthesis II (acetyl cycle)|g__Lactobacillus.s__Lactobacillus_manihotivorans	32.7438526344
ARGSYNBSUB-PWY: L-arginine biosynthesis II (acetyl cycle)|g__Kluyvera.s__Kluyvera_cryocrescens	20.5556715319
ARGSYNBSUB-PWY: L-arginine biosynthesis II (acetyl cycle)|g__Proteus.s__Proteus_vulgaris	18.6768990345
ARGSYNBSUB-PWY: L-arginine biosynthesis II (acetyl cycle)|g__Lactobacillus.s__Lactobacillus_parabuchneri	13.3831489153
PWY-7237: myo-, chiro- and scyllo-inositol degradation	9967.7699554704
PWY-7237: myo-, chiro- and scyllo-inositol degradation|g__Lactobacillus.s__Lactobacillus_rhamnosus	3591.7481136911
PWY-7237: myo-, chiro- and scyllo-inositol degradation|g__Lactobacillus.s__Lactobacillus_casei_group	1995.0296345780
PWY-7237: myo-, chiro- and scyllo-inositol degradation|g__Lactobacillus.s__Lactobacillus_plantarum	204.6976138698
PWY-I9: L-cysteine biosynthesis VI (from L-methionine)	9965.2657282682
PWY-I9: L-cysteine biosynthesis VI (from L-methionine)|g__Citrobacter.s__Citrobacter_portucalensis	1038.6624628966
PWY-I9: L-cysteine biosynthesis VI (from L-methionine)|g__Streptococcus.s__Streptococcus_thermophilus	492.8746825868
PWY-I9: L-cysteine biosynthesis VI (from L-methionine)|g__Lactobacillus.s__Lactobacillus_casei_group	437.4663900156
PWY-I9: L-cysteine biosynthesis VI (from L-methionine)|g__Lactobacillus.s__Lactobacillus_fermentum	434.8228976759
PWY-I9: L-cysteine biosynthesis VI (from L-methionine)|g__Lactobacillus.s__Lactobacillus_rhamnosus	434.2890855142
PWY-I9: L-cysteine biosynthesis VI (from L-methionine)|g__Escherichia.s__Escherichia_coli	369.2093266293
PWY-I9: L-cysteine biosynthesis VI (from L-methionine)|g__Klebsiella.s__Klebsiella_oxytoca	160.6060336496
PWY-I9: L-cysteine biosynthesis VI (from L-methionine)|g__Morganella.s__Morganella_morganii	128.9412425564
PWY-I9: L-cysteine biosynthesis VI (from L-methionine)|g__Klebsiella.s__Klebsiella_michiganensis	125.7385921060
PWY-I9: L-cysteine biosynthesis VI (from L-methionine)|g__Lactobacillus.s__Lactobacillus_mucosae	113.1238088427
PWY-I9: L-cysteine biosynthesis VI (from L-methionine)|g__Lactobacillus.s__Lactobacillus_plantarum	81.1059504111
PWY-I9: L-cysteine biosynthesis VI (from L-methionine)|unclassified	75.3947669484
PWY-I9: L-cysteine biosynthesis VI (from L-methionine)|g__Citrobacter.s__Citrobacter_youngae	60.4558942672
PWY-I9: L-cysteine biosynthesis VI (from L-methionine)|g__Citrobacter.s__Citrobacter_freundii	26.1729046220
PWY-I9: L-cysteine biosynthesis VI (from L-methionine)|g__Proteus.s__Proteus_vulgaris	21.2802642677
PWY-I9: L-cysteine biosynthesis VI (from L-methionine)|g__Kluyvera.s__Kluyvera_cryocrescens	16.2912192843
PWY-6151: S-adenosyl-L-methionine salvage I	9942.1557540022
PWY-6151: S-adenosyl-L-methionine salvage I|g__Lactobacillus.s__Lactobacillus_rhamnosus	2428.9722819256
PWY-6151: S-adenosyl-L-methionine salvage I|g__Lactobacillus.s__Lactobacillus_fermentum	1268.3109805838
PWY-6151: S-adenosyl-L-methionine salvage I|g__Citrobacter.s__Citrobacter_portucalensis	1173.3663309072
PWY-6151: S-adenosyl-L-methionine salvage I|g__Streptococcus.s__Streptococcus_thermophilus	602.8642831031
PWY-6151: S-adenosyl-L-methionine salvage I|g__Lactobacillus.s__Lactobacillus_casei_group	515.4203644014
PWY-6151: S-adenosyl-L-methionine salvage I|g__Escherichia.s__Escherichia_coli	465.3571200801
PWY-6151: S-adenosyl-L-methionine salvage I|g__Klebsiella.s__Klebsiella_oxytoca	242.5257995083
PWY-6151: S-adenosyl-L-methionine salvage I|g__Klebsiella.s__Klebsiella_michiganensis	151.5885017045
PWY-6151: S-adenosyl-L-methionine salvage I|g__Pediococcus.s__Pediococcus_pentosaceus	147.2775849328
PWY-6151: S-adenosyl-L-methionine salvage I|g__Morganella.s__Morganella_morganii	126.6279028607
PWY-6151: S-adenosyl-L-methionine salvage I|g__Lactobacillus.s__Lactobacillus_mucosae	110.6950242610
PWY-6151: S-adenosyl-L-methionine salvage I|g__Citrobacter.s__Citrobacter_freundii	109.8848411434
PWY-6151: S-adenosyl-L-methionine salvage I|g__Citrobacter.s__Citrobacter_youngae	102.7639532359
PWY-6151: S-adenosyl-L-methionine salvage I|unclassified	102.2770583511
PWY-6151: S-adenosyl-L-methionine salvage I|g__Lactobacillus.s__Lactobacillus_plantarum	92.7066363818
PWY-6151: S-adenosyl-L-methionine salvage I|g__Lactobacillus.s__Lactobacillus_manihotivorans	43.3912534447
PWY-6151: S-adenosyl-L-methionine salvage I|g__Pediococcus.s__Pediococcus_acidilactici	41.8165456366
PWY-6151: S-adenosyl-L-methionine salvage I|g__Kluyvera.s__Kluyvera_cryocrescens	24.2312916134
PWY-6151: S-adenosyl-L-methionine salvage I|g__Proteus.s__Proteus_vulgaris	23.5989740887
PWY-6151: S-adenosyl-L-methionine salvage I|g__Lactobacillus.s__Lactobacillus_pantheris	6.7449510928
PWY66-409: superpathway of purine nucleotide salvage	9926.8103894436
PWY66-409: superpathway of purine nucleotide salvage|g__Lactobacillus.s__Lactobacillus_rhamnosus	1886.1412895405
PWY66-409: superpathway of purine nucleotide salvage|g__Citrobacter.s__Citrobacter_portucalensis	838.0539304823
PWY66-409: superpathway of purine nucleotide salvage|g__Lactobacillus.s__Lactobacillus_casei_group	661.8563648727
PWY66-409: superpathway of purine nucleotide salvage|g__Streptococcus.s__Streptococcus_thermophilus	515.2765391695
PWY66-409: superpathway of purine nucleotide salvage|g__Escherichia.s__Escherichia_coli	454.6304819972
PWY66-409: superpathway of purine nucleotide salvage|g__Citrobacter.s__Citrobacter_youngae	294.5484291369
PWY66-409: superpathway of purine nucleotide salvage|g__Klebsiella.s__Klebsiella_michiganensis	153.2081401426
PWY66-409: superpathway of purine nucleotide salvage|g__Klebsiella.s__Klebsiella_oxytoca	115.9875741299
PWY66-409: superpathway of purine nucleotide salvage|g__Morganella.s__Morganella_morganii	96.2804486250
PWY66-409: superpathway of purine nucleotide salvage|g__Citrobacter.s__Citrobacter_freundii	50.4711741297
PWY66-409: superpathway of purine nucleotide salvage|unclassified	40.0185957434
PWY-5154: L-arginine biosynthesis III (via N-acetyl-L-citrulline)	9910.0564803142
PWY-5154: L-arginine biosynthesis III (via N-acetyl-L-citrulline)|g__Lactobacillus.s__Lactobacillus_fermentum	1281.8240332283
PWY-5154: L-arginine biosynthesis III (via N-acetyl-L-citrulline)|g__Citrobacter.s__Citrobacter_portucalensis	831.6427377399
PWY-5154: L-arginine biosynthesis III (via N-acetyl-L-citrulline)|g__Escherichia.s__Escherichia_coli	656.2795693491
PWY-5154: L-arginine biosynthesis III (via N-acetyl-L-citrulline)|unclassified	203.3944493753
PWY-5154: L-arginine biosynthesis III (via N-acetyl-L-citrulline)|g__Klebsiella.s__Klebsiella_oxytoca	185.4769193306
PWY-5154: L-arginine biosynthesis III (via N-acetyl-L-citrulline)|g__Klebsiella.s__Klebsiella_michiganensis	177.8073022514
PWY-5154: L-arginine biosynthesis III (via N-acetyl-L-citrulline)|g__Morganella.s__Morganella_morganii	113.5442426311
PWY-5154: L-arginine biosynthesis III (via N-acetyl-L-citrulline)|g__Citrobacter.s__Citrobacter_youngae	96.5277018679
PWY-5154: L-arginine biosynthesis III (via N-acetyl-L-citrulline)|g__Citrobacter.s__Citrobacter_freundii	49.6619579742
PWY-5154: L-arginine biosynthesis III (via N-acetyl-L-citrulline)|g__Kluyvera.s__Kluyvera_cryocrescens	18.5817612382
PWY-5154: L-arginine biosynthesis III (via N-acetyl-L-citrulline)|g__Proteus.s__Proteus_vulgaris	17.2910486319
COMPLETE-ARO-PWY: superpathway of aromatic amino acid biosynthesis	9847.5159683026
COMPLETE-ARO-PWY: superpathway of aromatic amino acid biosynthesis|g__Citrobacter.s__Citrobacter_portucalensis	1084.0895760441
COMPLETE-ARO-PWY: superpathway of aromatic amino acid biosynthesis|g__Proteobacteria_unclassified.s__Proteobacteria_bacterium_CAG_139	1046.4530016857
COMPLETE-ARO-PWY: superpathway of aromatic amino acid biosynthesis|g__Escherichia.s__Escherichia_coli	524.1223688924
COMPLETE-ARO-PWY: superpathway of aromatic amino acid biosynthesis|g__Streptococcus.s__Streptococcus_thermophilus	501.3775387810
COMPLETE-ARO-PWY: superpathway of aromatic amino acid biosynthesis|g__Citrobacter.s__Citrobacter_youngae	241.1462036189
COMPLETE-ARO-PWY: superpathway of aromatic amino acid biosynthesis|g__Klebsiella.s__Klebsiella_oxytoca	214.5445659316
COMPLETE-ARO-PWY: superpathway of aromatic amino acid biosynthesis|g__Klebsiella.s__Klebsiella_michiganensis	151.7717185682
COMPLETE-ARO-PWY: superpathway of aromatic amino acid biosynthesis|unclassified	151.5017951308
COMPLETE-ARO-PWY: superpathway of aromatic amino acid biosynthesis|g__Citrobacter.s__Citrobacter_freundii	113.2530136788
COMPLETE-ARO-PWY: superpathway of aromatic amino acid biosynthesis|g__Kluyvera.s__Kluyvera_cryocrescens	33.9932780101
PWY-2941: L-lysine biosynthesis II	9734.5794475107
PWY-2941: L-lysine biosynthesis II|g__Lactobacillus.s__Lactobacillus_rhamnosus	1511.2150426976
PWY-2941: L-lysine biosynthesis II|g__Lactobacillus.s__Lactobacillus_fermentum	1208.9998969800
PWY-2941: L-lysine biosynthesis II|g__Lactobacillus.s__Lactobacillus_casei_group	991.7330046741
PWY-2941: L-lysine biosynthesis II|g__Streptococcus.s__Streptococcus_thermophilus	462.9400012893
PWY-2941: L-lysine biosynthesis II|g__Pediococcus.s__Pediococcus_pentosaceus	195.0995976889
PWY-2941: L-lysine biosynthesis II|g__Klebsiella.s__Klebsiella_oxytoca	162.6856248790
PWY-2941: L-lysine biosynthesis II|g__Lactobacillus.s__Lactobacillus_plantarum	140.2046141845
PWY-2941: L-lysine biosynthesis II|g__Morganella.s__Morganella_morganii	98.1441304229
PWY-2941: L-lysine biosynthesis II|g__Lactobacillus.s__Lactobacillus_mucosae	76.2846222782
PWY-2941: L-lysine biosynthesis II|g__Lactobacillus.s__Lactobacillus_manihotivorans	55.4602581622
PWY-2941: L-lysine biosynthesis II|unclassified	38.2095204692
PWY-6519: 8-amino-7-oxononanoate biosynthesis I	9694.4340913265
PWY-6519: 8-amino-7-oxononanoate biosynthesis I|g__Citrobacter.s__Citrobacter_portucalensis	1360.6463546705
PWY-6519: 8-amino-7-oxononanoate biosynthesis I|g__Escherichia.s__Escherichia_coli	887.6033175466
PWY-6519: 8-amino-7-oxononanoate biosynthesis I|g__Citrobacter.s__Citrobacter_youngae	844.2648681544
PWY-6519: 8-amino-7-oxononanoate biosynthesis I|g__Klebsiella.s__Klebsiella_michiganensis	247.6606451139
PWY-6519: 8-amino-7-oxononanoate biosynthesis I|g__Klebsiella.s__Klebsiella_oxytoca	208.2538892302
PWY-6519: 8-amino-7-oxononanoate biosynthesis I|g__Morganella.s__Morganella_morganii	166.4164580135
PWY-6519: 8-amino-7-oxononanoate biosynthesis I|g__Citrobacter.s__Citrobacter_freundii	114.2399990607
PWY-6519: 8-amino-7-oxononanoate biosynthesis I|unclassified	110.0322022802
PWY-6519: 8-amino-7-oxononanoate biosynthesis I|g__Kluyvera.s__Kluyvera_cryocrescens	28.0404159384
PWY-6519: 8-amino-7-oxononanoate biosynthesis I|g__Proteus.s__Proteus_vulgaris	24.0078635969
PWY-7197: pyrimidine deoxyribonucleotide phosphorylation	9637.8927636108
PWY-7197: pyrimidine deoxyribonucleotide phosphorylation|g__Veillonella.s__Veillonella_parvula	1669.7918523111
PWY-7197: pyrimidine deoxyribonucleotide phosphorylation|g__Proteobacteria_unclassified.s__Proteobacteria_bacterium_CAG_139	958.1269920017
PWY-7197: pyrimidine deoxyribonucleotide phosphorylation|g__Lactobacillus.s__Lactobacillus_rhamnosus	611.8725677207
PWY-7197: pyrimidine deoxyribonucleotide phosphorylation|g__Lactobacillus.s__Lactobacillus_casei_group	597.5902023048
PWY-7197: pyrimidine deoxyribonucleotide phosphorylation|g__Citrobacter.s__Citrobacter_youngae	577.0502597433
PWY-7197: pyrimidine deoxyribonucleotide phosphorylation|g__Citrobacter.s__Citrobacter_portucalensis	539.4287435275
PWY-7197: pyrimidine deoxyribonucleotide phosphorylation|g__Streptococcus.s__Streptococcus_thermophilus	417.8672342959
PWY-7197: pyrimidine deoxyribonucleotide phosphorylation|g__Veillonella.s__Veillonella_atypica	409.4540440729
PWY-7197: pyrimidine deoxyribonucleotide phosphorylation|g__Escherichia.s__Escherichia_coli	342.8676360172
PWY-7197: pyrimidine deoxyribonucleotide phosphorylation|g__Klebsiella.s__Klebsiella_michiganensis	277.3705237906
PWY-7197: pyrimidine deoxyribonucleotide phosphorylation|g__Lactobacillus.s__Lactobacillus_plantarum	178.5562943337
PWY-7197: pyrimidine deoxyribonucleotide phosphorylation|unclassified	118.9301630811
PWY-7197: pyrimidine deoxyribonucleotide phosphorylation|g__Morganella.s__Morganella_morganii	100.1900301091
PWY-7197: pyrimidine deoxyribonucleotide phosphorylation|g__Klebsiella.s__Klebsiella_oxytoca	95.8504076425
PWY-7197: pyrimidine deoxyribonucleotide phosphorylation|g__Pediococcus.s__Pediococcus_acidilactici	32.5566774604
PWY-7197: pyrimidine deoxyribonucleotide phosphorylation|g__Veillonella.s__Veillonella_dispar	13.6124429266
PWY-7197: pyrimidine deoxyribonucleotide phosphorylation|g__Kluyvera.s__Kluyvera_cryocrescens	11.6298735399
PWY0-1298: superpathway of pyrimidine deoxyribonucleosides degradation	9609.6596141165
PWY0-1298: superpathway of pyrimidine deoxyribonucleosides degradation|g__Lactobacillus.s__Lactobacillus_casei_group	1228.3971621082
PWY0-1298: superpathway of pyrimidine deoxyribonucleosides degradation|g__Citrobacter.s__Citrobacter_portucalensis	1064.6855043251
PWY0-1298: superpathway of pyrimidine deoxyribonucleosides degradation|g__Escherichia.s__Escherichia_coli	692.7422971167
PWY0-1298: superpathway of pyrimidine deoxyribonucleosides degradation|g__Citrobacter.s__Citrobacter_freundii	516.3879474095
PWY0-1298: superpathway of pyrimidine deoxyribonucleosides degradation|g__Citrobacter.s__Citrobacter_youngae	515.2725116259
PWY0-1298: superpathway of pyrimidine deoxyribonucleosides degradation|g__Klebsiella.s__Klebsiella_oxytoca	233.5328676109
PWY0-1298: superpathway of pyrimidine deoxyribonucleosides degradation|g__Klebsiella.s__Klebsiella_michiganensis	206.2730669274
PWY0-1298: superpathway of pyrimidine deoxyribonucleosides degradation|unclassified	116.7641260359
PWY0-1298: superpathway of pyrimidine deoxyribonucleosides degradation|g__Morganella.s__Morganella_morganii	100.1202109064
PWY0-1298: superpathway of pyrimidine deoxyribonucleosides degradation|g__Kluyvera.s__Kluyvera_cryocrescens	29.6001858317
PWY-6901: superpathway of glucose and xylose degradation	9580.2413931427
PWY-6901: superpathway of glucose and xylose degradation|g__Citrobacter.s__Citrobacter_portucalensis	892.1965490589
PWY-6901: superpathway of glucose and xylose degradation|g__Escherichia.s__Escherichia_coli	715.1468423914
PWY-6901: superpathway of glucose and xylose degradation|g__Klebsiella.s__Klebsiella_oxytoca	213.4312236158
PWY-6901: superpathway of glucose and xylose degradation|g__Klebsiella.s__Klebsiella_michiganensis	164.1636358133
PWY-6901: superpathway of glucose and xylose degradation|g__Citrobacter.s__Citrobacter_youngae	141.1091880980
PWY-6901: superpathway of glucose and xylose degradation|g__Lactobacillus.s__Lactobacillus_plantarum	119.7707818382
PWY-6901: superpathway of glucose and xylose degradation|unclassified	106.3488453800
PWY-6901: superpathway of glucose and xylose degradation|g__Pediococcus.s__Pediococcus_acidilactici	78.8480666621
PWY-6901: superpathway of glucose and xylose degradation|g__Citrobacter.s__Citrobacter_freundii	57.3293543053
PWY-6901: superpathway of glucose and xylose degradation|g__Kluyvera.s__Kluyvera_cryocrescens	28.0432998099
TRPSYN-PWY: L-tryptophan biosynthesis	9558.0036129628
TRPSYN-PWY: L-tryptophan biosynthesis|g__Veillonella.s__Veillonella_parvula	984.9329698080
TRPSYN-PWY: L-tryptophan biosynthesis|g__Citrobacter.s__Citrobacter_portucalensis	745.3785947284
TRPSYN-PWY: L-tryptophan biosynthesis|g__Streptococcus.s__Streptococcus_thermophilus	692.4392736836
TRPSYN-PWY: L-tryptophan biosynthesis|g__Citrobacter.s__Citrobacter_youngae	584.9534218518
TRPSYN-PWY: L-tryptophan biosynthesis|g__Escherichia.s__Escherichia_coli	521.9511413313
TRPSYN-PWY: L-tryptophan biosynthesis|g__Veillonella.s__Veillonella_atypica	420.6440689022
TRPSYN-PWY: L-tryptophan biosynthesis|g__Citrobacter.s__Citrobacter_freundii	278.4600052457
TRPSYN-PWY: L-tryptophan biosynthesis|unclassified	156.2941013045
TRPSYN-PWY: L-tryptophan biosynthesis|g__Morganella.s__Morganella_morganii	114.3729290489
TRPSYN-PWY: L-tryptophan biosynthesis|g__Klebsiella.s__Klebsiella_oxytoca	99.3365162415
TRPSYN-PWY: L-tryptophan biosynthesis|g__Klebsiella.s__Klebsiella_michiganensis	76.7875410683
TRPSYN-PWY: L-tryptophan biosynthesis|g__Veillonella.s__Veillonella_dispar	34.0092642951
TRPSYN-PWY: L-tryptophan biosynthesis|g__Kluyvera.s__Kluyvera_cryocrescens	16.8848527846
TRPSYN-PWY: L-tryptophan biosynthesis|g__Proteus.s__Proteus_vulgaris	11.7269030485
PWY0-301: L-ascorbate degradation I (bacterial, anaerobic)	9539.8906344074
PWY0-301: L-ascorbate degradation I (bacterial, anaerobic)|g__Citrobacter.s__Citrobacter_portucalensis	2871.8856704900
PWY0-301: L-ascorbate degradation I (bacterial, anaerobic)|g__Lactobacillus.s__Lactobacillus_rhamnosus	2628.0870869516
PWY0-301: L-ascorbate degradation I (bacterial, anaerobic)|g__Lactobacillus.s__Lactobacillus_casei_group	821.2268386705
PWY0-301: L-ascorbate degradation I (bacterial, anaerobic)|g__Escherichia.s__Escherichia_coli	691.7305693898
PWY0-301: L-ascorbate degradation I (bacterial, anaerobic)|g__Citrobacter.s__Citrobacter_freundii	522.1469813000
PWY0-301: L-ascorbate degradation I (bacterial, anaerobic)|g__Klebsiella.s__Klebsiella_oxytoca	379.9392747273
PWY0-301: L-ascorbate degradation I (bacterial, anaerobic)|g__Klebsiella.s__Klebsiella_michiganensis	304.1661795492
PWY0-301: L-ascorbate degradation I (bacterial, anaerobic)|unclassified	20.2366921451
PWY-7357: thiamine phosphate formation from pyrithiamine and oxythiamine (yeast)	9508.0379634482
PWY-7357: thiamine phosphate formation from pyrithiamine and oxythiamine (yeast)|g__Lactobacillus.s__Lactobacillus_casei_group	1724.9790745021
PWY-7357: thiamine phosphate formation from pyrithiamine and oxythiamine (yeast)|g__Citrobacter.s__Citrobacter_portucalensis	1370.7733159405
PWY-7357: thiamine phosphate formation from pyrithiamine and oxythiamine (yeast)|g__Proteobacteria_unclassified.s__Proteobacteria_bacterium_CAG_139	983.9858939943
PWY-7357: thiamine phosphate formation from pyrithiamine and oxythiamine (yeast)|g__Lactobacillus.s__Lactobacillus_fermentum	897.3995324966
PWY-7357: thiamine phosphate formation from pyrithiamine and oxythiamine (yeast)|g__Lactobacillus.s__Lactobacillus_rhamnosus	442.3961233552
PWY-7357: thiamine phosphate formation from pyrithiamine and oxythiamine (yeast)|g__Escherichia.s__Escherichia_coli	413.9560089687
PWY-7357: thiamine phosphate formation from pyrithiamine and oxythiamine (yeast)|g__Klebsiella.s__Klebsiella_oxytoca	197.6014348566
PWY-7357: thiamine phosphate formation from pyrithiamine and oxythiamine (yeast)|g__Citrobacter.s__Citrobacter_youngae	156.7651194726
PWY-7357: thiamine phosphate formation from pyrithiamine and oxythiamine (yeast)|g__Lactobacillus.s__Lactobacillus_plantarum	148.0954216066
PWY-7357: thiamine phosphate formation from pyrithiamine and oxythiamine (yeast)|g__Pediococcus.s__Pediococcus_pentosaceus	143.7048128099
PWY-7357: thiamine phosphate formation from pyrithiamine and oxythiamine (yeast)|g__Citrobacter.s__Citrobacter_freundii	116.9699507558
PWY-7357: thiamine phosphate formation from pyrithiamine and oxythiamine (yeast)|g__Pediococcus.s__Pediococcus_acidilactici	100.2331254632
PWY-7357: thiamine phosphate formation from pyrithiamine and oxythiamine (yeast)|g__Klebsiella.s__Klebsiella_michiganensis	55.8499876101
PWY-7357: thiamine phosphate formation from pyrithiamine and oxythiamine (yeast)|unclassified	50.0808183094
PWY-7357: thiamine phosphate formation from pyrithiamine and oxythiamine (yeast)|g__Kluyvera.s__Kluyvera_cryocrescens	23.0570242322
DENOVOPURINE2-PWY: superpathway of purine nucleotides de novo biosynthesis II	9505.3389452911
DENOVOPURINE2-PWY: superpathway of purine nucleotides de novo biosynthesis II|g__Citrobacter.s__Citrobacter_portucalensis	786.2753589219
DENOVOPURINE2-PWY: superpathway of purine nucleotides de novo biosynthesis II|g__Escherichia.s__Escherichia_coli	414.1977158222
DENOVOPURINE2-PWY: superpathway of purine nucleotides de novo biosynthesis II|g__Citrobacter.s__Citrobacter_youngae	239.8851556189
DENOVOPURINE2-PWY: superpathway of purine nucleotides de novo biosynthesis II|g__Klebsiella.s__Klebsiella_michiganensis	143.0393527008
DENOVOPURINE2-PWY: superpathway of purine nucleotides de novo biosynthesis II|g__Klebsiella.s__Klebsiella_oxytoca	136.1708492812
DENOVOPURINE2-PWY: superpathway of purine nucleotides de novo biosynthesis II|g__Citrobacter.s__Citrobacter_freundii	76.3585621371
DENOVOPURINE2-PWY: superpathway of purine nucleotides de novo biosynthesis II|g__Kluyvera.s__Kluyvera_cryocrescens	17.3658792009
ARO-PWY: chorismate biosynthesis I	9426.0490269517
ARO-PWY: chorismate biosynthesis I|g__Veillonella.s__Veillonella_parvula	2047.7792592115
ARO-PWY: chorismate biosynthesis I|g__Citrobacter.s__Citrobacter_portucalensis	1104.8920063261
ARO-PWY: chorismate biosynthesis I|g__Proteobacteria_unclassified.s__Proteobacteria_bacterium_CAG_139	1066.6047390712
ARO-PWY: chorismate biosynthesis I|g__Citrobacter.s__Citrobacter_youngae	818.9659019565
ARO-PWY: chorismate biosynthesis I|g__Escherichia.s__Escherichia_coli	587.0120257868
ARO-PWY: chorismate biosynthesis I|g__Streptococcus.s__Streptococcus_thermophilus	467.1057256116
ARO-PWY: chorismate biosynthesis I|g__Veillonella.s__Veillonella_atypica	312.3163385694
ARO-PWY: chorismate biosynthesis I|g__Klebsiella.s__Klebsiella_oxytoca	219.9808088827
ARO-PWY: chorismate biosynthesis I|g__Klebsiella.s__Klebsiella_michiganensis	159.7233515825
ARO-PWY: chorismate biosynthesis I|unclassified	146.7072163113
ARO-PWY: chorismate biosynthesis I|g__Morganella.s__Morganella_morganii	122.3540377250
ARO-PWY: chorismate biosynthesis I|g__Citrobacter.s__Citrobacter_freundii	108.8175072015
ARO-PWY: chorismate biosynthesis I|g__Lactobacillus.s__Lactobacillus_mucosae	88.5728849327
ARO-PWY: chorismate biosynthesis I|g__Lactobacillus.s__Lactobacillus_manihotivorans	35.3555636336
ARO-PWY: chorismate biosynthesis I|g__Kluyvera.s__Kluyvera_cryocrescens	35.3430202535
ARO-PWY: chorismate biosynthesis I|g__Proteus.s__Proteus_vulgaris	19.7182568996
ARO-PWY: chorismate biosynthesis I|g__Lactobacillus.s__Lactobacillus_parabuchneri	13.3595525639
PWY-6629: superpathway of L-tryptophan biosynthesis	9368.8226933529
PWY-6629: superpathway of L-tryptophan biosynthesis|g__Citrobacter.s__Citrobacter_portucalensis	875.4899237690
PWY-6629: superpathway of L-tryptophan biosynthesis|g__Streptococcus.s__Streptococcus_thermophilus	531.0330250708
PWY-6629: superpathway of L-tryptophan biosynthesis|g__Escherichia.s__Escherichia_coli	497.5026260405
PWY-6629: superpathway of L-tryptophan biosynthesis|g__Citrobacter.s__Citrobacter_youngae	291.7488244802
PWY-6629: superpathway of L-tryptophan biosynthesis|unclassified	145.7645394760
PWY-6629: superpathway of L-tryptophan biosynthesis|g__Klebsiella.s__Klebsiella_oxytoca	139.0797707665
PWY-6629: superpathway of L-tryptophan biosynthesis|g__Citrobacter.s__Citrobacter_freundii	137.2862960470
PWY-6629: superpathway of L-tryptophan biosynthesis|g__Klebsiella.s__Klebsiella_michiganensis	107.3593319939
PWY-6629: superpathway of L-tryptophan biosynthesis|g__Kluyvera.s__Kluyvera_cryocrescens	23.8838115387
PWY-6163: chorismate biosynthesis from 3-dehydroquinate	9362.4842121012
PWY-6163: chorismate biosynthesis from 3-dehydroquinate|g__Veillonella.s__Veillonella_parvula	2284.3944541160
PWY-6163: chorismate biosynthesis from 3-dehydroquinate|g__Proteobacteria_unclassified.s__Proteobacteria_bacterium_CAG_139	1006.3869025817
PWY-6163: chorismate biosynthesis from 3-dehydroquinate|g__Citrobacter.s__Citrobacter_portucalensis	992.2528752798
PWY-6163: chorismate biosynthesis from 3-dehydroquinate|g__Citrobacter.s__Citrobacter_youngae	743.9586445208
PWY-6163: chorismate biosynthesis from 3-dehydroquinate|g__Escherichia.s__Escherichia_coli	568.7101366392
PWY-6163: chorismate biosynthesis from 3-dehydroquinate|g__Streptococcus.s__Streptococcus_thermophilus	452.7702271616
PWY-6163: chorismate biosynthesis from 3-dehydroquinate|g__Veillonella.s__Veillonella_atypica	261.7964885468
PWY-6163: chorismate biosynthesis from 3-dehydroquinate|g__Lactobacillus.s__Lactobacillus_plantarum	240.0325530466
PWY-6163: chorismate biosynthesis from 3-dehydroquinate|g__Klebsiella.s__Klebsiella_michiganensis	236.2366041306
PWY-6163: chorismate biosynthesis from 3-dehydroquinate|g__Klebsiella.s__Klebsiella_oxytoca	186.3379491535
PWY-6163: chorismate biosynthesis from 3-dehydroquinate|unclassified	149.1877154259
PWY-6163: chorismate biosynthesis from 3-dehydroquinate|g__Morganella.s__Morganella_morganii	107.1695492675
PWY-6163: chorismate biosynthesis from 3-dehydroquinate|g__Lactobacillus.s__Lactobacillus_mucosae	102.2937876371
PWY-6163: chorismate biosynthesis from 3-dehydroquinate|g__Citrobacter.s__Citrobacter_freundii	88.5901430555
PWY-6163: chorismate biosynthesis from 3-dehydroquinate|g__Lactobacillus.s__Lactobacillus_manihotivorans	40.0807467782
PWY-6163: chorismate biosynthesis from 3-dehydroquinate|g__Veillonella.s__Veillonella_dispar	36.7840304780
PWY-6163: chorismate biosynthesis from 3-dehydroquinate|g__Kluyvera.s__Kluyvera_cryocrescens	33.6317932823
PWY-6163: chorismate biosynthesis from 3-dehydroquinate|g__Lactobacillus.s__Lactobacillus_parabuchneri	18.6329316086
PWY-6163: chorismate biosynthesis from 3-dehydroquinate|g__Proteus.s__Proteus_vulgaris	18.2943709065
PWY-7345: superpathway of anaerobic sucrose degradation	9325.2677301542
PWY-7345: superpathway of anaerobic sucrose degradation|g__Escherichia.s__Escherichia_coli	708.4024570627
PWY-7345: superpathway of anaerobic sucrose degradation|g__Klebsiella.s__Klebsiella_oxytoca	220.4287434794
PWY-7345: superpathway of anaerobic sucrose degradation|g__Klebsiella.s__Klebsiella_michiganensis	180.1450026999
PWY-7345: superpathway of anaerobic sucrose degradation|g__Citrobacter.s__Citrobacter_freundii	160.8927111000
PWY-7345: superpathway of anaerobic sucrose degradation|g__Pediococcus.s__Pediococcus_acidilactici	86.2992228383
PWY-7345: superpathway of anaerobic sucrose degradation|unclassified	80.5566543626
PWY-7345: superpathway of anaerobic sucrose degradation|g__Kluyvera.s__Kluyvera_cryocrescens	29.4232981040
P185-PWY: formaldehyde assimilation III (dihydroxyacetone cycle)	9301.6120636236
P185-PWY: formaldehyde assimilation III (dihydroxyacetone cycle)|g__Citrobacter.s__Citrobacter_portucalensis	892.1149306944
P185-PWY: formaldehyde assimilation III (dihydroxyacetone cycle)|g__Klebsiella.s__Klebsiella_oxytoca	271.0426088748
P185-PWY: formaldehyde assimilation III (dihydroxyacetone cycle)|g__Citrobacter.s__Citrobacter_freundii	196.1932923483
P185-PWY: formaldehyde assimilation III (dihydroxyacetone cycle)|g__Klebsiella.s__Klebsiella_michiganensis	187.3224813303
P185-PWY: formaldehyde assimilation III (dihydroxyacetone cycle)|g__Morganella.s__Morganella_morganii	107.8324450893
P185-PWY: formaldehyde assimilation III (dihydroxyacetone cycle)|g__Citrobacter.s__Citrobacter_youngae	72.1265368082
P185-PWY: formaldehyde assimilation III (dihydroxyacetone cycle)|unclassified	56.4727205561
P185-PWY: formaldehyde assimilation III (dihydroxyacetone cycle)|g__Kluyvera.s__Kluyvera_cryocrescens	19.1450565374
PWY-8004: Entner-Doudoroff pathway I	9187.5218119281
PWY-8004: Entner-Doudoroff pathway I|g__Lactobacillus.s__Lactobacillus_rhamnosus	1493.9651598664
PWY-8004: Entner-Doudoroff pathway I|g__Citrobacter.s__Citrobacter_portucalensis	744.5757084600
PWY-8004: Entner-Doudoroff pathway I|g__Escherichia.s__Escherichia_coli	621.9676895056
PWY-8004: Entner-Doudoroff pathway I|g__Citrobacter.s__Citrobacter_freundii	211.0625094818
PWY-8004: Entner-Doudoroff pathway I|g__Klebsiella.s__Klebsiella_oxytoca	140.0789815598
PWY-8004: Entner-Doudoroff pathway I|g__Morganella.s__Morganella_morganii	122.5865864149
PWY-8004: Entner-Doudoroff pathway I|g__Klebsiella.s__Klebsiella_michiganensis	108.4842509012
PWY-8004: Entner-Doudoroff pathway I|unclassified	90.5770300125
PWY-8004: Entner-Doudoroff pathway I|g__Citrobacter.s__Citrobacter_youngae	79.3626289485
PWY-8004: Entner-Doudoroff pathway I|g__Kluyvera.s__Kluyvera_cryocrescens	26.5984549396
PANTO-PWY: phosphopantothenate biosynthesis I	9171.4516743157
PANTO-PWY: phosphopantothenate biosynthesis I|g__Citrobacter.s__Citrobacter_portucalensis	1040.4552093201
PANTO-PWY: phosphopantothenate biosynthesis I|g__Proteobacteria_unclassified.s__Proteobacteria_bacterium_CAG_139	934.8547539101
PANTO-PWY: phosphopantothenate biosynthesis I|g__Escherichia.s__Escherichia_coli	893.4703915849
PANTO-PWY: phosphopantothenate biosynthesis I|unclassified	585.8398319766
PANTO-PWY: phosphopantothenate biosynthesis I|g__Citrobacter.s__Citrobacter_youngae	491.4401923967
PANTO-PWY: phosphopantothenate biosynthesis I|g__Klebsiella.s__Klebsiella_oxytoca	228.8945193414
PANTO-PWY: phosphopantothenate biosynthesis I|g__Citrobacter.s__Citrobacter_freundii	187.4966234854
PANTO-PWY: phosphopantothenate biosynthesis I|g__Klebsiella.s__Klebsiella_michiganensis	185.8555479431
PANTO-PWY: phosphopantothenate biosynthesis I|g__Morganella.s__Morganella_morganii	95.8306512318
PANTO-PWY: phosphopantothenate biosynthesis I|g__Kluyvera.s__Kluyvera_cryocrescens	9.6056130906
PWY0-1477: ethanolamine utilization	9120.4589429290
PWY0-1477: ethanolamine utilization|g__Citrobacter.s__Citrobacter_portucalensis	1605.7973577783
PWY0-1477: ethanolamine utilization|g__Escherichia.s__Escherichia_coli	1286.1037825004
PWY0-1477: ethanolamine utilization|g__Citrobacter.s__Citrobacter_youngae	1199.6369781168
PWY0-1477: ethanolamine utilization|g__Citrobacter.s__Citrobacter_freundii	735.9420544048
PWY0-1477: ethanolamine utilization|g__Klebsiella.s__Klebsiella_oxytoca	676.4786657688
PWY0-1477: ethanolamine utilization|g__Klebsiella.s__Klebsiella_michiganensis	562.1537843245
PWY0-1477: ethanolamine utilization|g__Morganella.s__Morganella_morganii	328.5712761749
PWY0-1477: ethanolamine utilization|unclassified	111.8882390361
PWY0-1477: ethanolamine utilization|g__Kluyvera.s__Kluyvera_cryocrescens	27.9227827396
PWY0-1477: ethanolamine utilization|g__Escherichia.s__Escherichia_fergusonii	1.2768844739
PWY-5667: CDP-diacylglycerol biosynthesis I	8983.6719560685
PWY-5667: CDP-diacylglycerol biosynthesis I|g__Escherichia.s__Escherichia_coli	1391.0093144702
PWY-5667: CDP-diacylglycerol biosynthesis I|g__Citrobacter.s__Citrobacter_portucalensis	1343.2369271362
PWY-5667: CDP-diacylglycerol biosynthesis I|g__Lactobacillus.s__Lactobacillus_rhamnosus	1198.5090234291
PWY-5667: CDP-diacylglycerol biosynthesis I|g__Citrobacter.s__Citrobacter_youngae	991.5548340450
PWY-5667: CDP-diacylglycerol biosynthesis I|g__Lactobacillus.s__Lactobacillus_casei_group	363.7758757829
PWY-5667: CDP-diacylglycerol biosynthesis I|g__Streptococcus.s__Streptococcus_thermophilus	322.6820681847
PWY-5667: CDP-diacylglycerol biosynthesis I|g__Citrobacter.s__Citrobacter_freundii	321.6771633357
PWY-5667: CDP-diacylglycerol biosynthesis I|g__Klebsiella.s__Klebsiella_michiganensis	166.1564880751
PWY-5667: CDP-diacylglycerol biosynthesis I|g__Klebsiella.s__Klebsiella_oxytoca	164.2680425380
PWY-5667: CDP-diacylglycerol biosynthesis I|g__Pediococcus.s__Pediococcus_pentosaceus	146.1817050581
PWY-5667: CDP-diacylglycerol biosynthesis I|g__Morganella.s__Morganella_morganii	141.4205874752
PWY-5667: CDP-diacylglycerol biosynthesis I|unclassified	133.7317071228
PWY-5667: CDP-diacylglycerol biosynthesis I|g__Proteus.s__Proteus_vulgaris	27.9799632790
PWY-5667: CDP-diacylglycerol biosynthesis I|g__Kluyvera.s__Kluyvera_cryocrescens	23.1929270522
PWY-5667: CDP-diacylglycerol biosynthesis I|g__Streptococcus.s__Streptococcus_pneumoniae	2.0757059799
PWY0-1319: CDP-diacylglycerol biosynthesis II	8983.6719560685
PWY0-1319: CDP-diacylglycerol biosynthesis II|g__Escherichia.s__Escherichia_coli	1391.0093144702
PWY0-1319: CDP-diacylglycerol biosynthesis II|g__Citrobacter.s__Citrobacter_portucalensis	1343.2369271362
PWY0-1319: CDP-diacylglycerol biosynthesis II|g__Lactobacillus.s__Lactobacillus_rhamnosus	1198.5090234291
PWY0-1319: CDP-diacylglycerol biosynthesis II|g__Citrobacter.s__Citrobacter_youngae	991.5548340450
PWY0-1319: CDP-diacylglycerol biosynthesis II|g__Lactobacillus.s__Lactobacillus_casei_group	363.7758757829
PWY0-1319: CDP-diacylglycerol biosynthesis II|g__Streptococcus.s__Streptococcus_thermophilus	322.6820681847
PWY0-1319: CDP-diacylglycerol biosynthesis II|g__Citrobacter.s__Citrobacter_freundii	321.6771633357
PWY0-1319: CDP-diacylglycerol biosynthesis II|g__Klebsiella.s__Klebsiella_michiganensis	166.1564880751
PWY0-1319: CDP-diacylglycerol biosynthesis II|g__Klebsiella.s__Klebsiella_oxytoca	164.2680425380
PWY0-1319: CDP-diacylglycerol biosynthesis II|g__Pediococcus.s__Pediococcus_pentosaceus	146.1817050581
PWY0-1319: CDP-diacylglycerol biosynthesis II|g__Morganella.s__Morganella_morganii	141.4205874752
PWY0-1319: CDP-diacylglycerol biosynthesis II|unclassified	133.7317071228
PWY0-1319: CDP-diacylglycerol biosynthesis II|g__Proteus.s__Proteus_vulgaris	27.9799632790
PWY0-1319: CDP-diacylglycerol biosynthesis II|g__Kluyvera.s__Kluyvera_cryocrescens	23.1929270522
PWY0-1319: CDP-diacylglycerol biosynthesis II|g__Streptococcus.s__Streptococcus_pneumoniae	2.0757059799
RHAMCAT-PWY: L-rhamnose degradation I	8934.0388539759
RHAMCAT-PWY: L-rhamnose degradation I|g__Lactobacillus.s__Lactobacillus_rhamnosus	3701.3813947663
RHAMCAT-PWY: L-rhamnose degradation I|g__Citrobacter.s__Citrobacter_portucalensis	1476.5191742905
RHAMCAT-PWY: L-rhamnose degradation I|g__Escherichia.s__Escherichia_coli	806.9209449793
RHAMCAT-PWY: L-rhamnose degradation I|g__Citrobacter.s__Citrobacter_youngae	622.0897294480
RHAMCAT-PWY: L-rhamnose degradation I|g__Klebsiella.s__Klebsiella_oxytoca	457.1577576385
RHAMCAT-PWY: L-rhamnose degradation I|unclassified	388.1463338633
RHAMCAT-PWY: L-rhamnose degradation I|g__Lactobacillus.s__Lactobacillus_plantarum	174.5971881253
RHAMCAT-PWY: L-rhamnose degradation I|g__Citrobacter.s__Citrobacter_freundii	140.4747618752
RHAMCAT-PWY: L-rhamnose degradation I|g__Klebsiella.s__Klebsiella_michiganensis	68.8632351619
RHAMCAT-PWY: L-rhamnose degradation I|g__Pediococcus.s__Pediococcus_pentosaceus	56.1517459305
RHAMCAT-PWY: L-rhamnose degradation I|g__Pediococcus.s__Pediococcus_acidilactici	52.7753124365
RHAMCAT-PWY: L-rhamnose degradation I|g__Lactobacillus.s__Lactobacillus_manihotivorans	49.0540132826
RHAMCAT-PWY: L-rhamnose degradation I|g__Kluyvera.s__Kluyvera_cryocrescens	27.8512227548
RHAMCAT-PWY: L-rhamnose degradation I|g__Lactobacillus.s__Lactobacillus_casei_group	27.4697416355
RHAMCAT-PWY: L-rhamnose degradation I|g__Lactobacillus.s__Lactobacillus_pantheris	5.3699224348
P161-PWY: acetylene degradation (anaerobic)	8867.7888655970
P161-PWY: acetylene degradation (anaerobic)|g__Citrobacter.s__Citrobacter_portucalensis	856.3958521207
P161-PWY: acetylene degradation (anaerobic)|g__Escherichia.s__Escherichia_coli	820.5208651510
P161-PWY: acetylene degradation (anaerobic)|g__Citrobacter.s__Citrobacter_youngae	615.2114542671
P161-PWY: acetylene degradation (anaerobic)|g__Klebsiella.s__Klebsiella_michiganensis	347.7483102460
P161-PWY: acetylene degradation (anaerobic)|g__Klebsiella.s__Klebsiella_oxytoca	330.4532251794
P161-PWY: acetylene degradation (anaerobic)|g__Citrobacter.s__Citrobacter_freundii	311.6021527351
P161-PWY: acetylene degradation (anaerobic)|g__Morganella.s__Morganella_morganii	146.0754493150
P161-PWY: acetylene degradation (anaerobic)|unclassified	111.8882390361
P161-PWY: acetylene degradation (anaerobic)|g__Kluyvera.s__Kluyvera_cryocrescens	27.9227827396
PRPP-PWY: superpathway of histidine, purine, and pyrimidine biosynthesis	8716.2190004369
PRPP-PWY: superpathway of histidine, purine, and pyrimidine biosynthesis|g__Citrobacter.s__Citrobacter_portucalensis	637.2212126567
PRPP-PWY: superpathway of histidine, purine, and pyrimidine biosynthesis|g__Escherichia.s__Escherichia_coli	450.4336599597
PRPP-PWY: superpathway of histidine, purine, and pyrimidine biosynthesis|g__Klebsiella.s__Klebsiella_michiganensis	136.0793882613
PRPP-PWY: superpathway of histidine, purine, and pyrimidine biosynthesis|g__Klebsiella.s__Klebsiella_oxytoca	132.2500432592
PRPP-PWY: superpathway of histidine, purine, and pyrimidine biosynthesis|g__Citrobacter.s__Citrobacter_youngae	94.2504535031
PRPP-PWY: superpathway of histidine, purine, and pyrimidine biosynthesis|g__Citrobacter.s__Citrobacter_freundii	25.1567280877
PHOSLIPSYN-PWY: superpathway of phospholipid biosynthesis I (bacteria)	8660.4480604160
PHOSLIPSYN-PWY: superpathway of phospholipid biosynthesis I (bacteria)|g__Escherichia.s__Escherichia_coli	1162.2683562773
PHOSLIPSYN-PWY: superpathway of phospholipid biosynthesis I (bacteria)|g__Citrobacter.s__Citrobacter_portucalensis	1113.0428481264
PHOSLIPSYN-PWY: superpathway of phospholipid biosynthesis I (bacteria)|g__Citrobacter.s__Citrobacter_youngae	690.2907076348
PHOSLIPSYN-PWY: superpathway of phospholipid biosynthesis I (bacteria)|g__Citrobacter.s__Citrobacter_freundii	338.6744700966
PHOSLIPSYN-PWY: superpathway of phospholipid biosynthesis I (bacteria)|g__Klebsiella.s__Klebsiella_oxytoca	166.4514649871
PHOSLIPSYN-PWY: superpathway of phospholipid biosynthesis I (bacteria)|g__Klebsiella.s__Klebsiella_michiganensis	165.9577188654
PHOSLIPSYN-PWY: superpathway of phospholipid biosynthesis I (bacteria)|g__Morganella.s__Morganella_morganii	138.5718319225
PHOSLIPSYN-PWY: superpathway of phospholipid biosynthesis I (bacteria)|unclassified	102.6084713423
PHOSLIPSYN-PWY: superpathway of phospholipid biosynthesis I (bacteria)|g__Proteus.s__Proteus_vulgaris	27.9967669099
PHOSLIPSYN-PWY: superpathway of phospholipid biosynthesis I (bacteria)|g__Kluyvera.s__Kluyvera_cryocrescens	23.6188805080
PWY-6608: guanosine nucleotides degradation III	8645.9717902829
PWY-6608: guanosine nucleotides degradation III|g__Lactobacillus.s__Lactobacillus_rhamnosus	1568.5745178786
PWY-6608: guanosine nucleotides degradation III|g__Escherichia.s__Escherichia_coli	1026.8065339436
PWY-6608: guanosine nucleotides degradation III|g__Klebsiella.s__Klebsiella_oxytoca	402.1473811099
PWY-6608: guanosine nucleotides degradation III|g__Morganella.s__Morganella_morganii	160.7292471565
PWY-6608: guanosine nucleotides degradation III|unclassified	103.5763501455
PWY-6608: guanosine nucleotides degradation III|g__Klebsiella.s__Klebsiella_michiganensis	34.1300940906
PWY-6608: guanosine nucleotides degradation III|g__Lactobacillus.s__Lactobacillus_parabuchneri	19.7909453877
PPGPPMET-PWY: ppGpp metabolism	8639.6415847354
PPGPPMET-PWY: ppGpp metabolism|g__Citrobacter.s__Citrobacter_youngae	1162.8723267840
PPGPPMET-PWY: ppGpp metabolism|g__Citrobacter.s__Citrobacter_portucalensis	933.8701064490
PPGPPMET-PWY: ppGpp metabolism|g__Klebsiella.s__Klebsiella_michiganensis	208.4023463867
PPGPPMET-PWY: ppGpp metabolism|g__Citrobacter.s__Citrobacter_freundii	163.2537859825
PPGPPMET-PWY: ppGpp metabolism|g__Klebsiella.s__Klebsiella_oxytoca	159.4832324678
PPGPPMET-PWY: ppGpp metabolism|g__Morganella.s__Morganella_morganii	121.6120196842
PPGPPMET-PWY: ppGpp metabolism|g__Escherichia.s__Escherichia_coli	120.2765474432
PPGPPMET-PWY: ppGpp metabolism|g__Kluyvera.s__Kluyvera_cryocrescens	21.2767910363
PPGPPMET-PWY: ppGpp metabolism|g__Proteus.s__Proteus_vulgaris	20.6519485086
GLYCOLYSIS-E-D: superpathway of glycolysis and the Entner-Doudoroff pathway	8628.6315498734
GLYCOLYSIS-E-D: superpathway of glycolysis and the Entner-Doudoroff pathway|g__Citrobacter.s__Citrobacter_portucalensis	884.4090223016
GLYCOLYSIS-E-D: superpathway of glycolysis and the Entner-Doudoroff pathway|g__Escherichia.s__Escherichia_coli	608.2215354444
GLYCOLYSIS-E-D: superpathway of glycolysis and the Entner-Doudoroff pathway|g__Citrobacter.s__Citrobacter_freundii	218.1327500131
GLYCOLYSIS-E-D: superpathway of glycolysis and the Entner-Doudoroff pathway|g__Klebsiella.s__Klebsiella_oxytoca	194.6745231740
GLYCOLYSIS-E-D: superpathway of glycolysis and the Entner-Doudoroff pathway|g__Klebsiella.s__Klebsiella_michiganensis	129.4851660509
GLYCOLYSIS-E-D: superpathway of glycolysis and the Entner-Doudoroff pathway|g__Citrobacter.s__Citrobacter_youngae	99.5056632594
GLYCOLYSIS-E-D: superpathway of glycolysis and the Entner-Doudoroff pathway|unclassified	72.0328263534
GLYCOLYSIS-E-D: superpathway of glycolysis and the Entner-Doudoroff pathway|g__Kluyvera.s__Kluyvera_cryocrescens	24.0465154227
PANTOSYN-PWY: superpathway of coenzyme A biosynthesis I (bacteria)	8626.1802445006
PANTOSYN-PWY: superpathway of coenzyme A biosynthesis I (bacteria)|g__Citrobacter.s__Citrobacter_portucalensis	905.5577416672
PANTOSYN-PWY: superpathway of coenzyme A biosynthesis I (bacteria)|g__Citrobacter.s__Citrobacter_youngae	616.7574650349
PANTOSYN-PWY: superpathway of coenzyme A biosynthesis I (bacteria)|g__Escherichia.s__Escherichia_coli	307.3364688833
PANTOSYN-PWY: superpathway of coenzyme A biosynthesis I (bacteria)|unclassified	215.7706552217
PANTOSYN-PWY: superpathway of coenzyme A biosynthesis I (bacteria)|g__Klebsiella.s__Klebsiella_oxytoca	184.7192358915
PANTOSYN-PWY: superpathway of coenzyme A biosynthesis I (bacteria)|g__Klebsiella.s__Klebsiella_michiganensis	180.8093176280
PANTOSYN-PWY: superpathway of coenzyme A biosynthesis I (bacteria)|g__Citrobacter.s__Citrobacter_freundii	59.1849802398
PANTOSYN-PWY: superpathway of coenzyme A biosynthesis I (bacteria)|g__Kluyvera.s__Kluyvera_cryocrescens	10.6402610334
PWY-6700: queuosine biosynthesis I (de novo)	8589.0475190374
PWY-6700: queuosine biosynthesis I (de novo)|g__Lactobacillus.s__Lactobacillus_rhamnosus	1864.9098431966
PWY-6700: queuosine biosynthesis I (de novo)|g__Veillonella.s__Veillonella_parvula	1489.3277314996
PWY-6700: queuosine biosynthesis I (de novo)|g__Proteobacteria_unclassified.s__Proteobacteria_bacterium_CAG_139	981.9590107117
PWY-6700: queuosine biosynthesis I (de novo)|g__Citrobacter.s__Citrobacter_portucalensis	814.3439745053
PWY-6700: queuosine biosynthesis I (de novo)|g__Escherichia.s__Escherichia_coli	760.8367249282
PWY-6700: queuosine biosynthesis I (de novo)|g__Citrobacter.s__Citrobacter_freundii	466.5941761113
PWY-6700: queuosine biosynthesis I (de novo)|g__Streptococcus.s__Streptococcus_thermophilus	442.6967730721
PWY-6700: queuosine biosynthesis I (de novo)|g__Veillonella.s__Veillonella_atypica	207.4810826305
PWY-6700: queuosine biosynthesis I (de novo)|g__Klebsiella.s__Klebsiella_michiganensis	160.8791528204
PWY-6700: queuosine biosynthesis I (de novo)|g__Morganella.s__Morganella_morganii	139.2742198574
PWY-6700: queuosine biosynthesis I (de novo)|g__Klebsiella.s__Klebsiella_oxytoca	128.6995318695
PWY-6700: queuosine biosynthesis I (de novo)|unclassified	120.7545367015
PWY-6700: queuosine biosynthesis I (de novo)|g__Lactobacillus.s__Lactobacillus_manihotivorans	46.8922382384
PWY-6700: queuosine biosynthesis I (de novo)|g__Proteus.s__Proteus_vulgaris	23.5455225876
PWY-6700: queuosine biosynthesis I (de novo)|g__Kluyvera.s__Kluyvera_cryocrescens	22.7771049313
PWY-6700: queuosine biosynthesis I (de novo)|g__Veillonella.s__Veillonella_dispar	21.2269868387
PWY-6700: queuosine biosynthesis I (de novo)|g__Citrobacter.s__Citrobacter_youngae	17.9891610327
PWY-6700: queuosine biosynthesis I (de novo)|g__Veillonella.s__Veillonella_infantium	6.9503308424
1CMET2-PWY: folate transformations III (E. coli)	8558.6843654154
1CMET2-PWY: folate transformations III (E. coli)|g__Citrobacter.s__Citrobacter_portucalensis	636.2046690880
1CMET2-PWY: folate transformations III (E. coli)|g__Citrobacter.s__Citrobacter_youngae	622.4882345718
1CMET2-PWY: folate transformations III (E. coli)|g__Escherichia.s__Escherichia_coli	465.6812251390
1CMET2-PWY: folate transformations III (E. coli)|g__Klebsiella.s__Klebsiella_oxytoca	276.7022538526
1CMET2-PWY: folate transformations III (E. coli)|unclassified	99.0714813817
1CMET2-PWY: folate transformations III (E. coli)|g__Morganella.s__Morganella_morganii	84.0381931715
1CMET2-PWY: folate transformations III (E. coli)|g__Kluyvera.s__Kluyvera_cryocrescens	25.5380695909
1CMET2-PWY: folate transformations III (E. coli)|g__Citrobacter.s__Citrobacter_freundii	14.5075947456
GLUTORN-PWY: L-ornithine biosynthesis I	8429.8271662277
GLUTORN-PWY: L-ornithine biosynthesis I|g__Citrobacter.s__Citrobacter_portucalensis	1360.3409449967
GLUTORN-PWY: L-ornithine biosynthesis I|g__Lactobacillus.s__Lactobacillus_fermentum	1064.6248231319
GLUTORN-PWY: L-ornithine biosynthesis I|g__Proteobacteria_unclassified.s__Proteobacteria_bacterium_CAG_139	885.3982421725
GLUTORN-PWY: L-ornithine biosynthesis I|g__Citrobacter.s__Citrobacter_youngae	811.7294889136
GLUTORN-PWY: L-ornithine biosynthesis I|g__Escherichia.s__Escherichia_coli	783.8776275801
GLUTORN-PWY: L-ornithine biosynthesis I|g__Streptococcus.s__Streptococcus_thermophilus	438.9464902908
GLUTORN-PWY: L-ornithine biosynthesis I|g__Klebsiella.s__Klebsiella_oxytoca	266.3393086942
GLUTORN-PWY: L-ornithine biosynthesis I|unclassified	232.3894586246
GLUTORN-PWY: L-ornithine biosynthesis I|g__Citrobacter.s__Citrobacter_freundii	202.8443457028
GLUTORN-PWY: L-ornithine biosynthesis I|g__Lactobacillus.s__Lactobacillus_plantarum	184.1462102064
GLUTORN-PWY: L-ornithine biosynthesis I|g__Klebsiella.s__Klebsiella_michiganensis	175.4568367453
GLUTORN-PWY: L-ornithine biosynthesis I|g__Lactobacillus.s__Lactobacillus_mucosae	130.2827050460
GLUTORN-PWY: L-ornithine biosynthesis I|g__Morganella.s__Morganella_morganii	127.7738916571
GLUTORN-PWY: L-ornithine biosynthesis I|g__Lactobacillus.s__Lactobacillus_manihotivorans	32.0727616803
GLUTORN-PWY: L-ornithine biosynthesis I|g__Kluyvera.s__Kluyvera_cryocrescens	29.5519956040
GLUTORN-PWY: L-ornithine biosynthesis I|g__Proteus.s__Proteus_vulgaris	19.8022126212
PWY4FS-7: phosphatidylglycerol biosynthesis I (plastidic)	8416.0194286404
PWY4FS-7: phosphatidylglycerol biosynthesis I (plastidic)|g__Citrobacter.s__Citrobacter_portucalensis	954.1429615128
PWY4FS-7: phosphatidylglycerol biosynthesis I (plastidic)|g__Escherichia.s__Escherichia_coli	858.0232985499
PWY4FS-7: phosphatidylglycerol biosynthesis I (plastidic)|g__Citrobacter.s__Citrobacter_youngae	591.6930277316
PWY4FS-7: phosphatidylglycerol biosynthesis I (plastidic)|g__Lactobacillus.s__Lactobacillus_casei_group	391.4413911644
PWY4FS-7: phosphatidylglycerol biosynthesis I (plastidic)|g__Streptococcus.s__Streptococcus_thermophilus	341.5032028009
PWY4FS-7: phosphatidylglycerol biosynthesis I (plastidic)|g__Citrobacter.s__Citrobacter_freundii	308.1127330661
PWY4FS-7: phosphatidylglycerol biosynthesis I (plastidic)|g__Klebsiella.s__Klebsiella_michiganensis	170.8810306791
PWY4FS-7: phosphatidylglycerol biosynthesis I (plastidic)|g__Klebsiella.s__Klebsiella_oxytoca	149.4745951575
PWY4FS-7: phosphatidylglycerol biosynthesis I (plastidic)|g__Morganella.s__Morganella_morganii	109.1611802726
PWY4FS-7: phosphatidylglycerol biosynthesis I (plastidic)|unclassified	84.6918803375
PWY4FS-7: phosphatidylglycerol biosynthesis I (plastidic)|g__Proteus.s__Proteus_vulgaris	24.5269951039
PWY4FS-7: phosphatidylglycerol biosynthesis I (plastidic)|g__Kluyvera.s__Kluyvera_cryocrescens	21.1586603188
PWY4FS-8: phosphatidylglycerol biosynthesis II (non-plastidic)	8416.0194286404
PWY4FS-8: phosphatidylglycerol biosynthesis II (non-plastidic)|g__Citrobacter.s__Citrobacter_portucalensis	954.1429615128
PWY4FS-8: phosphatidylglycerol biosynthesis II (non-plastidic)|g__Escherichia.s__Escherichia_coli	858.0232985499
PWY4FS-8: phosphatidylglycerol biosynthesis II (non-plastidic)|g__Citrobacter.s__Citrobacter_youngae	591.6930277316
PWY4FS-8: phosphatidylglycerol biosynthesis II (non-plastidic)|g__Lactobacillus.s__Lactobacillus_casei_group	391.4413911644
PWY4FS-8: phosphatidylglycerol biosynthesis II (non-plastidic)|g__Streptococcus.s__Streptococcus_thermophilus	341.5032028009
PWY4FS-8: phosphatidylglycerol biosynthesis II (non-plastidic)|g__Citrobacter.s__Citrobacter_freundii	308.1127330661
PWY4FS-8: phosphatidylglycerol biosynthesis II (non-plastidic)|g__Klebsiella.s__Klebsiella_michiganensis	170.8810306791
PWY4FS-8: phosphatidylglycerol biosynthesis II (non-plastidic)|g__Klebsiella.s__Klebsiella_oxytoca	149.4745951575
PWY4FS-8: phosphatidylglycerol biosynthesis II (non-plastidic)|g__Morganella.s__Morganella_morganii	109.1611802726
PWY4FS-8: phosphatidylglycerol biosynthesis II (non-plastidic)|unclassified	84.6918803375
PWY4FS-8: phosphatidylglycerol biosynthesis II (non-plastidic)|g__Proteus.s__Proteus_vulgaris	24.5269951039
PWY4FS-8: phosphatidylglycerol biosynthesis II (non-plastidic)|g__Kluyvera.s__Kluyvera_cryocrescens	21.1586603188
METSYN-PWY: superpathway of L-homoserine and L-methionine biosynthesis	8408.0031263836
METSYN-PWY: superpathway of L-homoserine and L-methionine biosynthesis|g__Citrobacter.s__Citrobacter_portucalensis	1418.9596344266
METSYN-PWY: superpathway of L-homoserine and L-methionine biosynthesis|g__Escherichia.s__Escherichia_coli	845.8300780643
METSYN-PWY: superpathway of L-homoserine and L-methionine biosynthesis|g__Citrobacter.s__Citrobacter_youngae	391.3973144856
METSYN-PWY: superpathway of L-homoserine and L-methionine biosynthesis|g__Klebsiella.s__Klebsiella_oxytoca	321.9405333028
METSYN-PWY: superpathway of L-homoserine and L-methionine biosynthesis|g__Klebsiella.s__Klebsiella_michiganensis	214.5347788897
METSYN-PWY: superpathway of L-homoserine and L-methionine biosynthesis|g__Morganella.s__Morganella_morganii	161.9010642350
METSYN-PWY: superpathway of L-homoserine and L-methionine biosynthesis|g__Citrobacter.s__Citrobacter_freundii	160.6756058651
METSYN-PWY: superpathway of L-homoserine and L-methionine biosynthesis|unclassified	31.1763494909
METSYN-PWY: superpathway of L-homoserine and L-methionine biosynthesis|g__Kluyvera.s__Kluyvera_cryocrescens	25.0956115306
METSYN-PWY: superpathway of L-homoserine and L-methionine biosynthesis|g__Proteus.s__Proteus_vulgaris	21.3846777713
BIOTIN-BIOSYNTHESIS-PWY: biotin biosynthesis I	8360.2414028791
BIOTIN-BIOSYNTHESIS-PWY: biotin biosynthesis I|g__Citrobacter.s__Citrobacter_portucalensis	928.2458702142
BIOTIN-BIOSYNTHESIS-PWY: biotin biosynthesis I|g__Citrobacter.s__Citrobacter_youngae	841.4941942826
BIOTIN-BIOSYNTHESIS-PWY: biotin biosynthesis I|g__Escherichia.s__Escherichia_coli	831.2070666207
BIOTIN-BIOSYNTHESIS-PWY: biotin biosynthesis I|g__Klebsiella.s__Klebsiella_oxytoca	188.4260619103
BIOTIN-BIOSYNTHESIS-PWY: biotin biosynthesis I|g__Morganella.s__Morganella_morganii	159.8773161704
BIOTIN-BIOSYNTHESIS-PWY: biotin biosynthesis I|g__Klebsiella.s__Klebsiella_michiganensis	158.3173083794
BIOTIN-BIOSYNTHESIS-PWY: biotin biosynthesis I|g__Citrobacter.s__Citrobacter_freundii	132.8739639545
BIOTIN-BIOSYNTHESIS-PWY: biotin biosynthesis I|unclassified	111.0911768897
BIOTIN-BIOSYNTHESIS-PWY: biotin biosynthesis I|g__Kluyvera.s__Kluyvera_cryocrescens	22.7764384645
BIOTIN-BIOSYNTHESIS-PWY: biotin biosynthesis I|g__Proteus.s__Proteus_vulgaris	20.0763363328
PWY-7211: superpathway of pyrimidine deoxyribonucleotides de novo biosynthesis	8360.2199976925
PWY-7211: superpathway of pyrimidine deoxyribonucleotides de novo biosynthesis|g__Escherichia.s__Escherichia_coli	210.6647219442
PWY-7211: superpathway of pyrimidine deoxyribonucleotides de novo biosynthesis|g__Klebsiella.s__Klebsiella_oxytoca	136.4683532969
PWY-7211: superpathway of pyrimidine deoxyribonucleotides de novo biosynthesis|unclassified	123.2193157386
PWY-7211: superpathway of pyrimidine deoxyribonucleotides de novo biosynthesis|g__Kluyvera.s__Kluyvera_cryocrescens	14.1484704374
ASPASN-PWY: superpathway of L-aspartate and L-asparagine biosynthesis	8358.3925853390
ASPASN-PWY: superpathway of L-aspartate and L-asparagine biosynthesis|g__Citrobacter.s__Citrobacter_portucalensis	1649.2497945274
ASPASN-PWY: superpathway of L-aspartate and L-asparagine biosynthesis|g__Citrobacter.s__Citrobacter_youngae	1508.2116425718
ASPASN-PWY: superpathway of L-aspartate and L-asparagine biosynthesis|g__Escherichia.s__Escherichia_coli	1037.5712224966
ASPASN-PWY: superpathway of L-aspartate and L-asparagine biosynthesis|g__Citrobacter.s__Citrobacter_freundii	511.6492876349
ASPASN-PWY: superpathway of L-aspartate and L-asparagine biosynthesis|unclassified	304.2655170020
ASPASN-PWY: superpathway of L-aspartate and L-asparagine biosynthesis|g__Klebsiella.s__Klebsiella_oxytoca	247.7058105239
ASPASN-PWY: superpathway of L-aspartate and L-asparagine biosynthesis|g__Klebsiella.s__Klebsiella_michiganensis	233.6576061411
ASPASN-PWY: superpathway of L-aspartate and L-asparagine biosynthesis|g__Streptococcus.s__Streptococcus_thermophilus	233.4158620144
ASPASN-PWY: superpathway of L-aspartate and L-asparagine biosynthesis|g__Morganella.s__Morganella_morganii	148.5151019490
ASPASN-PWY: superpathway of L-aspartate and L-asparagine biosynthesis|g__Kluyvera.s__Kluyvera_cryocrescens	29.2282488501
ASPASN-PWY: superpathway of L-aspartate and L-asparagine biosynthesis|g__Proteus.s__Proteus_vulgaris	22.3508274182
ASPASN-PWY: superpathway of L-aspartate and L-asparagine biosynthesis|g__Proteus.s__Proteus_mirabilis	1.4370264178
HEMESYN2-PWY: heme b biosynthesis II (oxygen-independent)	8306.8328018988
HEMESYN2-PWY: heme b biosynthesis II (oxygen-independent)|g__Citrobacter.s__Citrobacter_portucalensis	1538.5798830415
HEMESYN2-PWY: heme b biosynthesis II (oxygen-independent)|g__Veillonella.s__Veillonella_parvula	1497.1107221752
HEMESYN2-PWY: heme b biosynthesis II (oxygen-independent)|g__Citrobacter.s__Citrobacter_youngae	1038.2356432668
HEMESYN2-PWY: heme b biosynthesis II (oxygen-independent)|g__Proteobacteria_unclassified.s__Proteobacteria_bacterium_CAG_139	885.2838271263
HEMESYN2-PWY: heme b biosynthesis II (oxygen-independent)|g__Escherichia.s__Escherichia_coli	708.5387416664
HEMESYN2-PWY: heme b biosynthesis II (oxygen-independent)|g__Veillonella.s__Veillonella_atypica	415.4620219309
HEMESYN2-PWY: heme b biosynthesis II (oxygen-independent)|g__Klebsiella.s__Klebsiella_oxytoca	395.2565851592
HEMESYN2-PWY: heme b biosynthesis II (oxygen-independent)|unclassified	291.0386838742
HEMESYN2-PWY: heme b biosynthesis II (oxygen-independent)|g__Klebsiella.s__Klebsiella_michiganensis	127.0405543184
HEMESYN2-PWY: heme b biosynthesis II (oxygen-independent)|g__Morganella.s__Morganella_morganii	77.7569442745
HEMESYN2-PWY: heme b biosynthesis II (oxygen-independent)|g__Kluyvera.s__Kluyvera_cryocrescens	35.6974144055
HEMESYN2-PWY: heme b biosynthesis II (oxygen-independent)|g__Proteus.s__Proteus_vulgaris	23.3822043374
HEMESYN2-PWY: heme b biosynthesis II (oxygen-independent)|g__Citrobacter.s__Citrobacter_freundii	12.2115265077
HEMESYN2-PWY: heme b biosynthesis II (oxygen-independent)|g__Veillonella.s__Veillonella_dispar	12.1903641606
PWY-5347: superpathway of L-methionine biosynthesis (transsulfuration)	8249.1497984353
PWY-5347: superpathway of L-methionine biosynthesis (transsulfuration)|g__Citrobacter.s__Citrobacter_portucalensis	1448.6463100359
PWY-5347: superpathway of L-methionine biosynthesis (transsulfuration)|g__Escherichia.s__Escherichia_coli	861.8341195058
PWY-5347: superpathway of L-methionine biosynthesis (transsulfuration)|g__Citrobacter.s__Citrobacter_youngae	435.3062838971
PWY-5347: superpathway of L-methionine biosynthesis (transsulfuration)|g__Klebsiella.s__Klebsiella_oxytoca	318.4943649884
PWY-5347: superpathway of L-methionine biosynthesis (transsulfuration)|g__Klebsiella.s__Klebsiella_michiganensis	223.5124139589
PWY-5347: superpathway of L-methionine biosynthesis (transsulfuration)|g__Citrobacter.s__Citrobacter_freundii	173.0607182104
PWY-5347: superpathway of L-methionine biosynthesis (transsulfuration)|g__Morganella.s__Morganella_morganii	149.7501164247
PWY-5347: superpathway of L-methionine biosynthesis (transsulfuration)|unclassified	35.2949004049
PWY-5347: superpathway of L-methionine biosynthesis (transsulfuration)|g__Kluyvera.s__Kluyvera_cryocrescens	26.5662400674
PWY-5347: superpathway of L-methionine biosynthesis (transsulfuration)|g__Proteus.s__Proteus_vulgaris	20.1092979148
PWY-5136: fatty acid &beta;-oxidation II (plant peroxisome)	8157.4498124189
PWY-5136: fatty acid &beta;-oxidation II (plant peroxisome)|g__Citrobacter.s__Citrobacter_portucalensis	2865.3344944757
PWY-5136: fatty acid &beta;-oxidation II (plant peroxisome)|g__Escherichia.s__Escherichia_coli	1440.8294620654
PWY-5136: fatty acid &beta;-oxidation II (plant peroxisome)|g__Klebsiella.s__Klebsiella_oxytoca	625.9213852728
PWY-5136: fatty acid &beta;-oxidation II (plant peroxisome)|unclassified	369.7745152202
PWY-5136: fatty acid &beta;-oxidation II (plant peroxisome)|g__Citrobacter.s__Citrobacter_freundii	365.9343541752
PWY-5136: fatty acid &beta;-oxidation II (plant peroxisome)|g__Citrobacter.s__Citrobacter_youngae	321.8244356803
PWY-5136: fatty acid &beta;-oxidation II (plant peroxisome)|g__Klebsiella.s__Klebsiella_michiganensis	296.0015812580
PWY-5136: fatty acid &beta;-oxidation II (plant peroxisome)|g__Morganella.s__Morganella_morganii	161.7381568020
PWY-5136: fatty acid &beta;-oxidation II (plant peroxisome)|g__Kluyvera.s__Kluyvera_cryocrescens	22.5403074036
PWY-5136: fatty acid &beta;-oxidation II (plant peroxisome)|g__Proteus.s__Proteus_vulgaris	5.6902116218
PWY-5136: fatty acid &beta;-oxidation II (plant peroxisome)|g__Escherichia.s__Escherichia_fergusonii	5.3633330954
P41-PWY: pyruvate fermentation to acetate and (S)-lactate I	8103.5717337783
P41-PWY: pyruvate fermentation to acetate and (S)-lactate I|g__Lactobacillus.s__Lactobacillus_rhamnosus	2336.2709548152
P41-PWY: pyruvate fermentation to acetate and (S)-lactate I|g__Citrobacter.s__Citrobacter_portucalensis	759.3750298083
P41-PWY: pyruvate fermentation to acetate and (S)-lactate I|g__Lactobacillus.s__Lactobacillus_casei_group	639.4838299412
P41-PWY: pyruvate fermentation to acetate and (S)-lactate I|g__Streptococcus.s__Streptococcus_thermophilus	538.2992347077
P41-PWY: pyruvate fermentation to acetate and (S)-lactate I|g__Pediococcus.s__Pediococcus_pentosaceus	222.6123770628
P41-PWY: pyruvate fermentation to acetate and (S)-lactate I|g__Klebsiella.s__Klebsiella_michiganensis	198.6008327018
P41-PWY: pyruvate fermentation to acetate and (S)-lactate I|g__Citrobacter.s__Citrobacter_youngae	170.4039645945
P41-PWY: pyruvate fermentation to acetate and (S)-lactate I|g__Klebsiella.s__Klebsiella_oxytoca	130.2278662307
P41-PWY: pyruvate fermentation to acetate and (S)-lactate I|unclassified	87.2979091864
P41-PWY: pyruvate fermentation to acetate and (S)-lactate I|g__Pediococcus.s__Pediococcus_acidilactici	76.5061392892
P41-PWY: pyruvate fermentation to acetate and (S)-lactate I|g__Citrobacter.s__Citrobacter_freundii	48.8902707071
P41-PWY: pyruvate fermentation to acetate and (S)-lactate I|g__Kluyvera.s__Kluyvera_cryocrescens	26.5603132137
P41-PWY: pyruvate fermentation to acetate and (S)-lactate I|g__Escherichia.s__Escherichia_coli	11.3415413127
PWY-5100: pyruvate fermentation to acetate and lactate II	8103.5717337783
PWY-5100: pyruvate fermentation to acetate and lactate II|g__Lactobacillus.s__Lactobacillus_rhamnosus	2336.2709548152
PWY-5100: pyruvate fermentation to acetate and lactate II|g__Lactobacillus.s__Lactobacillus_casei_group	639.4838299412
PWY-5100: pyruvate fermentation to acetate and lactate II|g__Streptococcus.s__Streptococcus_thermophilus	538.2992347077
PWY-5100: pyruvate fermentation to acetate and lactate II|g__Veillonella.s__Veillonella_atypica	424.0534958670
PWY-5100: pyruvate fermentation to acetate and lactate II|g__Escherichia.s__Escherichia_coli	374.2802846887
PWY-5100: pyruvate fermentation to acetate and lactate II|g__Pediococcus.s__Pediococcus_pentosaceus	222.6123770628
PWY-5100: pyruvate fermentation to acetate and lactate II|g__Klebsiella.s__Klebsiella_michiganensis	198.6008327018
PWY-5100: pyruvate fermentation to acetate and lactate II|g__Citrobacter.s__Citrobacter_freundii	197.0095112953
PWY-5100: pyruvate fermentation to acetate and lactate II|g__Klebsiella.s__Klebsiella_oxytoca	149.9843529609
PWY-5100: pyruvate fermentation to acetate and lactate II|unclassified	126.1458451327
PWY-5100: pyruvate fermentation to acetate and lactate II|g__Pediococcus.s__Pediococcus_acidilactici	76.5061392892
PWY-5100: pyruvate fermentation to acetate and lactate II|g__Veillonella.s__Veillonella_parvula	34.6872239999
PWY-5100: pyruvate fermentation to acetate and lactate II|g__Kluyvera.s__Kluyvera_cryocrescens	21.7026826053
PWY-5100: pyruvate fermentation to acetate and lactate II|g__Veillonella.s__Veillonella_dispar	9.8242395287
PWY-5100: pyruvate fermentation to acetate and lactate II|g__Veillonella.s__Veillonella_infantium	3.3556941939
PWY-6317: D-galactose degradation I (Leloir pathway)	8077.5490076152
PWY-6317: D-galactose degradation I (Leloir pathway)|g__Lactobacillus.s__Lactobacillus_rhamnosus	1186.7451669505
PWY-6317: D-galactose degradation I (Leloir pathway)|g__Citrobacter.s__Citrobacter_portucalensis	862.5449841103
PWY-6317: D-galactose degradation I (Leloir pathway)|g__Lactobacillus.s__Lactobacillus_casei_group	799.7432116032
PWY-6317: D-galactose degradation I (Leloir pathway)|g__Escherichia.s__Escherichia_coli	673.4595780011
PWY-6317: D-galactose degradation I (Leloir pathway)|g__Citrobacter.s__Citrobacter_freundii	554.9572031325
PWY-6317: D-galactose degradation I (Leloir pathway)|g__Streptococcus.s__Streptococcus_thermophilus	378.3876458576
PWY-6317: D-galactose degradation I (Leloir pathway)|g__Pediococcus.s__Pediococcus_pentosaceus	349.9022381999
PWY-6317: D-galactose degradation I (Leloir pathway)|g__Lactobacillus.s__Lactobacillus_plantarum	216.7610573943
PWY-6317: D-galactose degradation I (Leloir pathway)|g__Citrobacter.s__Citrobacter_youngae	211.6695322905
PWY-6317: D-galactose degradation I (Leloir pathway)|g__Klebsiella.s__Klebsiella_michiganensis	147.7817458086
PWY-6317: D-galactose degradation I (Leloir pathway)|g__Klebsiella.s__Klebsiella_oxytoca	143.0506190701
PWY-6317: D-galactose degradation I (Leloir pathway)|unclassified	121.6934798178
PWY-6317: D-galactose degradation I (Leloir pathway)|g__Morganella.s__Morganella_morganii	92.8456327897
PWY-6317: D-galactose degradation I (Leloir pathway)|g__Pediococcus.s__Pediococcus_acidilactici	82.4754127630
PWY-6317: D-galactose degradation I (Leloir pathway)|g__Kluyvera.s__Kluyvera_cryocrescens	20.8601083843
PWY-6317: D-galactose degradation I (Leloir pathway)|g__Proteus.s__Proteus_vulgaris	20.6120190913
PWY-6317: D-galactose degradation I (Leloir pathway)|g__Streptococcus.s__Streptococcus_pneumoniae	14.2502610083
PWY-6317: D-galactose degradation I (Leloir pathway)|g__Escherichia.s__Escherichia_fergusonii	3.5054916015
MET-SAM-PWY: superpathway of S-adenosyl-L-methionine biosynthesis	8060.1489239733
MET-SAM-PWY: superpathway of S-adenosyl-L-methionine biosynthesis|g__Citrobacter.s__Citrobacter_portucalensis	1392.6207271521
MET-SAM-PWY: superpathway of S-adenosyl-L-methionine biosynthesis|g__Escherichia.s__Escherichia_coli	790.8894058220
MET-SAM-PWY: superpathway of S-adenosyl-L-methionine biosynthesis|g__Klebsiella.s__Klebsiella_oxytoca	224.1418254206
MET-SAM-PWY: superpathway of S-adenosyl-L-methionine biosynthesis|g__Klebsiella.s__Klebsiella_michiganensis	206.1953409624
MET-SAM-PWY: superpathway of S-adenosyl-L-methionine biosynthesis|g__Morganella.s__Morganella_morganii	153.1392365415
MET-SAM-PWY: superpathway of S-adenosyl-L-methionine biosynthesis|g__Citrobacter.s__Citrobacter_youngae	108.7061316457
MET-SAM-PWY: superpathway of S-adenosyl-L-methionine biosynthesis|g__Citrobacter.s__Citrobacter_freundii	39.4064854703
MET-SAM-PWY: superpathway of S-adenosyl-L-methionine biosynthesis|unclassified	34.2082410790
MET-SAM-PWY: superpathway of S-adenosyl-L-methionine biosynthesis|g__Kluyvera.s__Kluyvera_cryocrescens	22.7106426123
MET-SAM-PWY: superpathway of S-adenosyl-L-methionine biosynthesis|g__Proteus.s__Proteus_vulgaris	21.8157123147
PWY-6284: superpathway of unsaturated fatty acids biosynthesis (E. coli)	8013.4733403876
PWY-6284: superpathway of unsaturated fatty acids biosynthesis (E. coli)|g__Citrobacter.s__Citrobacter_portucalensis	1280.0144888418
PWY-6284: superpathway of unsaturated fatty acids biosynthesis (E. coli)|g__Citrobacter.s__Citrobacter_youngae	849.6312151272
PWY-6284: superpathway of unsaturated fatty acids biosynthesis (E. coli)|g__Escherichia.s__Escherichia_coli	481.6397951581
PWY-6284: superpathway of unsaturated fatty acids biosynthesis (E. coli)|g__Citrobacter.s__Citrobacter_freundii	439.3623579831
PWY-6284: superpathway of unsaturated fatty acids biosynthesis (E. coli)|unclassified	89.6246347064
PWY4LZ-257: superpathway of fermentation (Chlamydomonas reinhardtii)	7994.3237071387
PWY4LZ-257: superpathway of fermentation (Chlamydomonas reinhardtii)|g__Escherichia.s__Escherichia_coli	718.2145478948
PWY4LZ-257: superpathway of fermentation (Chlamydomonas reinhardtii)|g__Citrobacter.s__Citrobacter_freundii	405.6384341545
PWY4LZ-257: superpathway of fermentation (Chlamydomonas reinhardtii)|g__Klebsiella.s__Klebsiella_oxytoca	309.5617802262
PWY4LZ-257: superpathway of fermentation (Chlamydomonas reinhardtii)|unclassified	131.7753295894
PWY-6897: thiamine diphosphate salvage II	7987.9109694060
PWY-6897: thiamine diphosphate salvage II|g__Citrobacter.s__Citrobacter_portucalensis	1225.5927957881
PWY-6897: thiamine diphosphate salvage II|g__Proteobacteria_unclassified.s__Proteobacteria_bacterium_CAG_139	948.5654331702
PWY-6897: thiamine diphosphate salvage II|g__Lactobacillus.s__Lactobacillus_casei_group	834.8907932916
PWY-6897: thiamine diphosphate salvage II|g__Lactobacillus.s__Lactobacillus_fermentum	772.2584239343
PWY-6897: thiamine diphosphate salvage II|g__Escherichia.s__Escherichia_coli	503.4651647159
PWY-6897: thiamine diphosphate salvage II|g__Lactobacillus.s__Lactobacillus_rhamnosus	318.7842215712
PWY-6897: thiamine diphosphate salvage II|g__Citrobacter.s__Citrobacter_youngae	172.7356483200
PWY-6897: thiamine diphosphate salvage II|g__Klebsiella.s__Klebsiella_oxytoca	168.2799482175
PWY-6897: thiamine diphosphate salvage II|g__Pediococcus.s__Pediococcus_pentosaceus	121.5091014056
PWY-6897: thiamine diphosphate salvage II|g__Citrobacter.s__Citrobacter_freundii	98.5046465582
PWY-6897: thiamine diphosphate salvage II|g__Pediococcus.s__Pediococcus_acidilactici	80.4976388486
PWY-6897: thiamine diphosphate salvage II|g__Klebsiella.s__Klebsiella_michiganensis	62.5793973077
PWY-6897: thiamine diphosphate salvage II|unclassified	45.5654365967
PWY-6897: thiamine diphosphate salvage II|g__Kluyvera.s__Kluyvera_cryocrescens	23.1748967230
DAPLYSINESYN-PWY: L-lysine biosynthesis I	7979.3130057161
DAPLYSINESYN-PWY: L-lysine biosynthesis I|g__Citrobacter.s__Citrobacter_portucalensis	1056.0442589606
DAPLYSINESYN-PWY: L-lysine biosynthesis I|g__Escherichia.s__Escherichia_coli	618.3003218987
DAPLYSINESYN-PWY: L-lysine biosynthesis I|g__Citrobacter.s__Citrobacter_youngae	535.7156399915
DAPLYSINESYN-PWY: L-lysine biosynthesis I|g__Klebsiella.s__Klebsiella_oxytoca	315.7156494602
DAPLYSINESYN-PWY: L-lysine biosynthesis I|g__Klebsiella.s__Klebsiella_michiganensis	199.5824625413
DAPLYSINESYN-PWY: L-lysine biosynthesis I|g__Morganella.s__Morganella_morganii	129.9479029393
DAPLYSINESYN-PWY: L-lysine biosynthesis I|unclassified	96.1874926538
DAPLYSINESYN-PWY: L-lysine biosynthesis I|g__Citrobacter.s__Citrobacter_freundii	75.5683510161
DAPLYSINESYN-PWY: L-lysine biosynthesis I|g__Kluyvera.s__Kluyvera_cryocrescens	17.0073790202
PWY-7199: pyrimidine deoxyribonucleosides salvage	7961.4327167841
PWY-7199: pyrimidine deoxyribonucleosides salvage|g__Lactobacillus.s__Lactobacillus_rhamnosus	1170.5874892531
PWY-7199: pyrimidine deoxyribonucleosides salvage|g__Citrobacter.s__Citrobacter_portucalensis	913.1962835297
PWY-7199: pyrimidine deoxyribonucleosides salvage|g__Citrobacter.s__Citrobacter_youngae	577.7780891666
PWY-7199: pyrimidine deoxyribonucleosides salvage|g__Lactobacillus.s__Lactobacillus_casei_group	567.9683518976
PWY-7199: pyrimidine deoxyribonucleosides salvage|g__Streptococcus.s__Streptococcus_thermophilus	393.7476113213
PWY-7199: pyrimidine deoxyribonucleosides salvage|g__Escherichia.s__Escherichia_coli	342.2294145414
PWY-7199: pyrimidine deoxyribonucleosides salvage|g__Pediococcus.s__Pediococcus_pentosaceus	167.2187945912
PWY-7199: pyrimidine deoxyribonucleosides salvage|g__Klebsiella.s__Klebsiella_oxytoca	157.9371642384
PWY-7199: pyrimidine deoxyribonucleosides salvage|g__Morganella.s__Morganella_morganii	79.1824311895
PWY-7199: pyrimidine deoxyribonucleosides salvage|unclassified	46.4511946440
PWY-7199: pyrimidine deoxyribonucleosides salvage|g__Pediococcus.s__Pediococcus_acidilactici	42.3872003488
PWY-7199: pyrimidine deoxyribonucleosides salvage|g__Lactobacillus.s__Lactobacillus_manihotivorans	33.0467185340
PWY-7199: pyrimidine deoxyribonucleosides salvage|g__Kluyvera.s__Kluyvera_cryocrescens	19.3886284501
PWY-7199: pyrimidine deoxyribonucleosides salvage|g__Streptococcus.s__Streptococcus_pneumoniae	4.2285771112
PWY-1861: formaldehyde assimilation II (assimilatory RuMP Cycle)	7883.5628811514
PWY-1861: formaldehyde assimilation II (assimilatory RuMP Cycle)|g__Lactobacillus.s__Lactobacillus_plantarum	251.8227906730
PWY-1861: formaldehyde assimilation II (assimilatory RuMP Cycle)|g__Klebsiella.s__Klebsiella_oxytoca	220.6975993903
PWY-6545: pyrimidine deoxyribonucleotides de novo biosynthesis III	7873.4955214711
PWY-6545: pyrimidine deoxyribonucleotides de novo biosynthesis III|g__Klebsiella.s__Klebsiella_michiganensis	243.5877110820
PWY-6545: pyrimidine deoxyribonucleotides de novo biosynthesis III|g__Klebsiella.s__Klebsiella_oxytoca	141.6408639266
PWY-6545: pyrimidine deoxyribonucleotides de novo biosynthesis III|unclassified	141.0827896321
PWY-6545: pyrimidine deoxyribonucleotides de novo biosynthesis III|g__Escherichia.s__Escherichia_coli	130.4312735700
PWY-6545: pyrimidine deoxyribonucleotides de novo biosynthesis III|g__Kluyvera.s__Kluyvera_cryocrescens	15.5559103150
PWY-7242: D-fructuronate degradation	7819.6171529557
PWY-7242: D-fructuronate degradation|g__Lactobacillus.s__Lactobacillus_rhamnosus	2719.5843738571
PWY-7242: D-fructuronate degradation|g__Citrobacter.s__Citrobacter_youngae	1251.5651868287
PWY-7242: D-fructuronate degradation|g__Citrobacter.s__Citrobacter_portucalensis	921.1795367812
PWY-7242: D-fructuronate degradation|g__Escherichia.s__Escherichia_coli	244.7366247820
PWY-7242: D-fructuronate degradation|unclassified	170.3879791879
PWY-7242: D-fructuronate degradation|g__Morganella.s__Morganella_morganii	169.4746707110
PWY-7242: D-fructuronate degradation|g__Citrobacter.s__Citrobacter_freundii	147.9760220147
PWY-7242: D-fructuronate degradation|g__Klebsiella.s__Klebsiella_oxytoca	71.1251483533
PWY-7242: D-fructuronate degradation|g__Kluyvera.s__Kluyvera_cryocrescens	15.8703778607
PWY-5897: superpathway of menaquinol-11 biosynthesis	7818.8190408033
PWY-5897: superpathway of menaquinol-11 biosynthesis|g__Citrobacter.s__Citrobacter_portucalensis	908.2272696417
PWY-5897: superpathway of menaquinol-11 biosynthesis|g__Citrobacter.s__Citrobacter_youngae	826.7231937685
PWY-5897: superpathway of menaquinol-11 biosynthesis|g__Escherichia.s__Escherichia_coli	600.9660400918
PWY-5897: superpathway of menaquinol-11 biosynthesis|g__Klebsiella.s__Klebsiella_oxytoca	257.6883469505
PWY-5897: superpathway of menaquinol-11 biosynthesis|g__Citrobacter.s__Citrobacter_freundii	147.4744345908
PWY-5897: superpathway of menaquinol-11 biosynthesis|g__Morganella.s__Morganella_morganii	105.3766299663
PWY-5897: superpathway of menaquinol-11 biosynthesis|g__Klebsiella.s__Klebsiella_michiganensis	102.0799992437
PWY-5897: superpathway of menaquinol-11 biosynthesis|unclassified	28.3877988898
PWY-5897: superpathway of menaquinol-11 biosynthesis|g__Kluyvera.s__Kluyvera_cryocrescens	24.7095165212
PWY-5898: superpathway of menaquinol-12 biosynthesis	7818.8190408033
PWY-5898: superpathway of menaquinol-12 biosynthesis|g__Citrobacter.s__Citrobacter_portucalensis	908.2272696417
PWY-5898: superpathway of menaquinol-12 biosynthesis|g__Citrobacter.s__Citrobacter_youngae	826.7231937685
PWY-5898: superpathway of menaquinol-12 biosynthesis|g__Escherichia.s__Escherichia_coli	600.9660400918
PWY-5898: superpathway of menaquinol-12 biosynthesis|g__Klebsiella.s__Klebsiella_oxytoca	257.6883469505
PWY-5898: superpathway of menaquinol-12 biosynthesis|g__Citrobacter.s__Citrobacter_freundii	147.4744345908
PWY-5898: superpathway of menaquinol-12 biosynthesis|g__Morganella.s__Morganella_morganii	105.3766299663
PWY-5898: superpathway of menaquinol-12 biosynthesis|g__Klebsiella.s__Klebsiella_michiganensis	102.0799992437
PWY-5898: superpathway of menaquinol-12 biosynthesis|unclassified	28.3877988898
PWY-5898: superpathway of menaquinol-12 biosynthesis|g__Kluyvera.s__Kluyvera_cryocrescens	24.7095165212
PWY-5899: superpathway of menaquinol-13 biosynthesis	7818.8190408033
PWY-5899: superpathway of menaquinol-13 biosynthesis|g__Citrobacter.s__Citrobacter_portucalensis	908.2272696417
PWY-5899: superpathway of menaquinol-13 biosynthesis|g__Citrobacter.s__Citrobacter_youngae	826.7231937685
PWY-5899: superpathway of menaquinol-13 biosynthesis|g__Escherichia.s__Escherichia_coli	600.9660400918
PWY-5899: superpathway of menaquinol-13 biosynthesis|g__Klebsiella.s__Klebsiella_oxytoca	257.6883469505
PWY-5899: superpathway of menaquinol-13 biosynthesis|g__Citrobacter.s__Citrobacter_freundii	147.4744345908
PWY-5899: superpathway of menaquinol-13 biosynthesis|g__Morganella.s__Morganella_morganii	105.3766299663
PWY-5899: superpathway of menaquinol-13 biosynthesis|g__Klebsiella.s__Klebsiella_michiganensis	102.0799992437
PWY-5899: superpathway of menaquinol-13 biosynthesis|unclassified	28.3877988898
PWY-5899: superpathway of menaquinol-13 biosynthesis|g__Kluyvera.s__Kluyvera_cryocrescens	24.7095165212
PWY-5840: superpathway of menaquinol-7 biosynthesis	7769.7734972069
PWY-5840: superpathway of menaquinol-7 biosynthesis|g__Citrobacter.s__Citrobacter_portucalensis	801.9810097945
PWY-5840: superpathway of menaquinol-7 biosynthesis|g__Citrobacter.s__Citrobacter_youngae	773.8500141429
PWY-5840: superpathway of menaquinol-7 biosynthesis|g__Escherichia.s__Escherichia_coli	553.1947357371
PWY-5840: superpathway of menaquinol-7 biosynthesis|g__Klebsiella.s__Klebsiella_oxytoca	224.0189300561
PWY-5840: superpathway of menaquinol-7 biosynthesis|g__Citrobacter.s__Citrobacter_freundii	113.6279265264
PWY-5840: superpathway of menaquinol-7 biosynthesis|g__Klebsiella.s__Klebsiella_michiganensis	71.4713090907
PWY-5840: superpathway of menaquinol-7 biosynthesis|unclassified	29.0714898473
PWY-5840: superpathway of menaquinol-7 biosynthesis|g__Kluyvera.s__Kluyvera_cryocrescens	22.2027185343
THISYN-PWY: superpathway of thiamine diphosphate biosynthesis I	7751.4962244021
THISYN-PWY: superpathway of thiamine diphosphate biosynthesis I|g__Citrobacter.s__Citrobacter_portucalensis	1244.7978638983
THISYN-PWY: superpathway of thiamine diphosphate biosynthesis I|g__Citrobacter.s__Citrobacter_youngae	674.5089797894
THISYN-PWY: superpathway of thiamine diphosphate biosynthesis I|g__Escherichia.s__Escherichia_coli	645.6055441005
THISYN-PWY: superpathway of thiamine diphosphate biosynthesis I|g__Klebsiella.s__Klebsiella_oxytoca	185.9927166875
THISYN-PWY: superpathway of thiamine diphosphate biosynthesis I|g__Klebsiella.s__Klebsiella_michiganensis	122.6804750664
THISYN-PWY: superpathway of thiamine diphosphate biosynthesis I|g__Citrobacter.s__Citrobacter_freundii	65.4228550991
THISYN-PWY: superpathway of thiamine diphosphate biosynthesis I|unclassified	51.8928061417
THISYN-PWY: superpathway of thiamine diphosphate biosynthesis I|g__Kluyvera.s__Kluyvera_cryocrescens	23.8297793247
PWY-2942: L-lysine biosynthesis III	7740.8777717087
PWY-2942: L-lysine biosynthesis III|unclassified	182.4450170517
PWY-2942: L-lysine biosynthesis III|g__Morganella.s__Morganella_morganii	104.1984634678
FAO-PWY: fatty acid &beta;-oxidation I (generic)	7638.5470907035
FAO-PWY: fatty acid &beta;-oxidation I (generic)|g__Citrobacter.s__Citrobacter_portucalensis	2912.4969245612
FAO-PWY: fatty acid &beta;-oxidation I (generic)|g__Escherichia.s__Escherichia_coli	1135.6993484959
FAO-PWY: fatty acid &beta;-oxidation I (generic)|g__Citrobacter.s__Citrobacter_youngae	704.9984674071
FAO-PWY: fatty acid &beta;-oxidation I (generic)|g__Klebsiella.s__Klebsiella_oxytoca	576.7890805555
FAO-PWY: fatty acid &beta;-oxidation I (generic)|unclassified	515.7815263436
FAO-PWY: fatty acid &beta;-oxidation I (generic)|g__Citrobacter.s__Citrobacter_freundii	370.4659019758
FAO-PWY: fatty acid &beta;-oxidation I (generic)|g__Klebsiella.s__Klebsiella_michiganensis	280.9359349805
FAO-PWY: fatty acid &beta;-oxidation I (generic)|g__Morganella.s__Morganella_morganii	170.2558348992
FAO-PWY: fatty acid &beta;-oxidation I (generic)|g__Kluyvera.s__Kluyvera_cryocrescens	23.2807507466
FAO-PWY: fatty acid &beta;-oxidation I (generic)|g__Proteus.s__Proteus_mirabilis	8.8602068891
FAO-PWY: fatty acid &beta;-oxidation I (generic)|g__Proteus.s__Proteus_vulgaris	6.2878541078
FAO-PWY: fatty acid &beta;-oxidation I (generic)|g__Escherichia.s__Escherichia_fergusonii	5.8801920764
PWY0-1061: superpathway of L-alanine biosynthesis	7580.8098848844
PWY0-1061: superpathway of L-alanine biosynthesis|g__Citrobacter.s__Citrobacter_portucalensis	1362.4618557747
PWY0-1061: superpathway of L-alanine biosynthesis|g__Citrobacter.s__Citrobacter_youngae	1293.9372628272
PWY0-1061: superpathway of L-alanine biosynthesis|g__Citrobacter.s__Citrobacter_freundii	502.0135410287
PWY0-1061: superpathway of L-alanine biosynthesis|g__Escherichia.s__Escherichia_coli	393.6357716582
PWY0-1061: superpathway of L-alanine biosynthesis|g__Klebsiella.s__Klebsiella_oxytoca	229.6215465343
PWY0-1061: superpathway of L-alanine biosynthesis|g__Klebsiella.s__Klebsiella_michiganensis	193.2910492684
PWY0-1061: superpathway of L-alanine biosynthesis|g__Kluyvera.s__Kluyvera_cryocrescens	31.4434821790
PWY0-1061: superpathway of L-alanine biosynthesis|unclassified	24.4754147793
PWY0-1061: superpathway of L-alanine biosynthesis|g__Proteus.s__Proteus_vulgaris	15.7434478183
FERMENTATION-PWY: mixed acid fermentation	7460.4457616907
FERMENTATION-PWY: mixed acid fermentation|g__Citrobacter.s__Citrobacter_portucalensis	1600.1466948851
FERMENTATION-PWY: mixed acid fermentation|g__Citrobacter.s__Citrobacter_youngae	1092.5463419267
FERMENTATION-PWY: mixed acid fermentation|g__Escherichia.s__Escherichia_coli	757.9909419606
FERMENTATION-PWY: mixed acid fermentation|g__Citrobacter.s__Citrobacter_freundii	384.5426712300
FERMENTATION-PWY: mixed acid fermentation|g__Klebsiella.s__Klebsiella_oxytoca	306.8714334110
FERMENTATION-PWY: mixed acid fermentation|unclassified	191.6176074483
FERMENTATION-PWY: mixed acid fermentation|g__Morganella.s__Morganella_morganii	137.8631180423
FERMENTATION-PWY: mixed acid fermentation|g__Kluyvera.s__Kluyvera_cryocrescens	25.9039587106
FERMENTATION-PWY: mixed acid fermentation|g__Proteus.s__Proteus_vulgaris	24.3067757533
FERMENTATION-PWY: mixed acid fermentation|g__Klebsiella.s__Klebsiella_michiganensis	17.3803747802
PWY-6895: superpathway of thiamine diphosphate biosynthesis II	7435.2487282601
PWY-6895: superpathway of thiamine diphosphate biosynthesis II|g__Citrobacter.s__Citrobacter_portucalensis	1173.1938824719
PWY-6895: superpathway of thiamine diphosphate biosynthesis II|g__Escherichia.s__Escherichia_coli	576.4421586844
PWY-6895: superpathway of thiamine diphosphate biosynthesis II|g__Citrobacter.s__Citrobacter_youngae	250.0393606629
PWY-6895: superpathway of thiamine diphosphate biosynthesis II|g__Klebsiella.s__Klebsiella_oxytoca	127.1689481011
PWY-6895: superpathway of thiamine diphosphate biosynthesis II|g__Klebsiella.s__Klebsiella_michiganensis	80.3583435813
PWY-6895: superpathway of thiamine diphosphate biosynthesis II|g__Kluyvera.s__Kluyvera_cryocrescens	21.8985114318
PWY-6895: superpathway of thiamine diphosphate biosynthesis II|g__Citrobacter.s__Citrobacter_freundii	9.7235734160
PWY-4041: &gamma;-glutamyl cycle	7432.7410920449
PWY-4041: &gamma;-glutamyl cycle|g__Citrobacter.s__Citrobacter_portucalensis	1742.5653616784
PWY-4041: &gamma;-glutamyl cycle|g__Citrobacter.s__Citrobacter_youngae	1193.9027235574
PWY-4041: &gamma;-glutamyl cycle|g__Escherichia.s__Escherichia_coli	921.4149489743
PWY-4041: &gamma;-glutamyl cycle|g__Streptococcus.s__Streptococcus_thermophilus	324.8078759354
PWY-4041: &gamma;-glutamyl cycle|g__Klebsiella.s__Klebsiella_oxytoca	277.5123993508
PWY-4041: &gamma;-glutamyl cycle|g__Citrobacter.s__Citrobacter_freundii	275.2969935364
PWY-4041: &gamma;-glutamyl cycle|g__Morganella.s__Morganella_morganii	153.1516413560
PWY-4041: &gamma;-glutamyl cycle|g__Klebsiella.s__Klebsiella_michiganensis	58.5523209790
PWY-4041: &gamma;-glutamyl cycle|unclassified	37.0669170072
PWY-4041: &gamma;-glutamyl cycle|g__Escherichia.s__Escherichia_fergusonii	5.3831589508
PWY-4041: &gamma;-glutamyl cycle|g__Streptococcus.s__Streptococcus_pneumoniae	1.1707888595
P441-PWY: superpathway of N-acetylneuraminate degradation	7424.4928019397
P441-PWY: superpathway of N-acetylneuraminate degradation|g__Citrobacter.s__Citrobacter_portucalensis	963.1788106728
P441-PWY: superpathway of N-acetylneuraminate degradation|g__Escherichia.s__Escherichia_coli	770.8279617886
P441-PWY: superpathway of N-acetylneuraminate degradation|g__Klebsiella.s__Klebsiella_oxytoca	235.5411567161
P441-PWY: superpathway of N-acetylneuraminate degradation|g__Citrobacter.s__Citrobacter_youngae	164.4893058134
P441-PWY: superpathway of N-acetylneuraminate degradation|g__Citrobacter.s__Citrobacter_freundii	149.6214981205
P441-PWY: superpathway of N-acetylneuraminate degradation|g__Klebsiella.s__Klebsiella_michiganensis	92.5598906255
P441-PWY: superpathway of N-acetylneuraminate degradation|g__Kluyvera.s__Kluyvera_cryocrescens	27.8981542927
PWY-7977: L-methionine biosynthesis IV	7418.2119838817
PWY-7977: L-methionine biosynthesis IV|g__Citrobacter.s__Citrobacter_portucalensis	1243.4186537128
PWY-7977: L-methionine biosynthesis IV|g__Escherichia.s__Escherichia_coli	1031.7298976173
PWY-7977: L-methionine biosynthesis IV|g__Klebsiella.s__Klebsiella_oxytoca	524.3650482705
PWY-7977: L-methionine biosynthesis IV|g__Klebsiella.s__Klebsiella_michiganensis	287.7164631767
PWY-7977: L-methionine biosynthesis IV|g__Citrobacter.s__Citrobacter_youngae	248.7407158872
PWY-7977: L-methionine biosynthesis IV|g__Citrobacter.s__Citrobacter_freundii	204.2010880747
PWY-7977: L-methionine biosynthesis IV|g__Morganella.s__Morganella_morganii	183.7939026825
PWY-7977: L-methionine biosynthesis IV|unclassified	128.9673822134
PWY-7977: L-methionine biosynthesis IV|g__Kluyvera.s__Kluyvera_cryocrescens	45.9989954404
PWY-7977: L-methionine biosynthesis IV|g__Proteus.s__Proteus_vulgaris	26.0331136609
RIBOSYN2-PWY: flavin biosynthesis I (bacteria and plants)	7371.8515373025
RIBOSYN2-PWY: flavin biosynthesis I (bacteria and plants)|g__Lactobacillus.s__Lactobacillus_fermentum	1168.7573474386
RIBOSYN2-PWY: flavin biosynthesis I (bacteria and plants)|g__Veillonella.s__Veillonella_parvula	859.1927889504
RIBOSYN2-PWY: flavin biosynthesis I (bacteria and plants)|g__Veillonella.s__Veillonella_atypica	298.2439323526
RIBOSYN2-PWY: flavin biosynthesis I (bacteria and plants)|g__Citrobacter.s__Citrobacter_portucalensis	196.0824090542
RIBOSYN2-PWY: flavin biosynthesis I (bacteria and plants)|g__Klebsiella.s__Klebsiella_michiganensis	144.6533973218
RIBOSYN2-PWY: flavin biosynthesis I (bacteria and plants)|g__Escherichia.s__Escherichia_coli	142.5444725324
RIBOSYN2-PWY: flavin biosynthesis I (bacteria and plants)|g__Citrobacter.s__Citrobacter_youngae	138.8808960442
RIBOSYN2-PWY: flavin biosynthesis I (bacteria and plants)|g__Morganella.s__Morganella_morganii	130.3165627586
RIBOSYN2-PWY: flavin biosynthesis I (bacteria and plants)|g__Klebsiella.s__Klebsiella_oxytoca	112.1170122955
RIBOSYN2-PWY: flavin biosynthesis I (bacteria and plants)|unclassified	41.3942458026
RIBOSYN2-PWY: flavin biosynthesis I (bacteria and plants)|g__Veillonella.s__Veillonella_dispar	35.0419510455
PWY-5723: Rubisco shunt	7342.0912229666
PWY-5723: Rubisco shunt|g__Citrobacter.s__Citrobacter_portucalensis	1223.8854604612
PWY-5723: Rubisco shunt|g__Escherichia.s__Escherichia_coli	748.6305389490
PWY-5723: Rubisco shunt|g__Klebsiella.s__Klebsiella_oxytoca	300.0081922605
PWY-5723: Rubisco shunt|g__Citrobacter.s__Citrobacter_youngae	258.1135855363
PWY-5723: Rubisco shunt|g__Klebsiella.s__Klebsiella_michiganensis	214.7821713336
PWY-5723: Rubisco shunt|g__Citrobacter.s__Citrobacter_freundii	96.3892993784
PWY-5723: Rubisco shunt|g__Kluyvera.s__Kluyvera_cryocrescens	30.7583023752
POLYISOPRENSYN-PWY: polyisoprenoid biosynthesis (E. coli)	7307.2903075126
POLYISOPRENSYN-PWY: polyisoprenoid biosynthesis (E. coli)|g__Citrobacter.s__Citrobacter_portucalensis	1288.0916108373
POLYISOPRENSYN-PWY: polyisoprenoid biosynthesis (E. coli)|g__Lactobacillus.s__Lactobacillus_casei_group	1204.7030621155
POLYISOPRENSYN-PWY: polyisoprenoid biosynthesis (E. coli)|g__Lactobacillus.s__Lactobacillus_rhamnosus	862.0359293814
POLYISOPRENSYN-PWY: polyisoprenoid biosynthesis (E. coli)|g__Citrobacter.s__Citrobacter_youngae	767.6762512964
POLYISOPRENSYN-PWY: polyisoprenoid biosynthesis (E. coli)|g__Escherichia.s__Escherichia_coli	472.9144754478
POLYISOPRENSYN-PWY: polyisoprenoid biosynthesis (E. coli)|g__Pediococcus.s__Pediococcus_pentosaceus	162.6754324909
POLYISOPRENSYN-PWY: polyisoprenoid biosynthesis (E. coli)|g__Klebsiella.s__Klebsiella_oxytoca	151.1903943335
POLYISOPRENSYN-PWY: polyisoprenoid biosynthesis (E. coli)|g__Morganella.s__Morganella_morganii	75.4022365680
POLYISOPRENSYN-PWY: polyisoprenoid biosynthesis (E. coli)|g__Klebsiella.s__Klebsiella_michiganensis	67.2773070138
POLYISOPRENSYN-PWY: polyisoprenoid biosynthesis (E. coli)|g__Citrobacter.s__Citrobacter_freundii	46.0880087481
POLYISOPRENSYN-PWY: polyisoprenoid biosynthesis (E. coli)|unclassified	44.0111424082
P4-PWY: superpathway of L-lysine, L-threonine and L-methionine biosynthesis I	7290.9053442726
P4-PWY: superpathway of L-lysine, L-threonine and L-methionine biosynthesis I|g__Citrobacter.s__Citrobacter_portucalensis	1093.6474340028
P4-PWY: superpathway of L-lysine, L-threonine and L-methionine biosynthesis I|g__Escherichia.s__Escherichia_coli	564.1169472020
P4-PWY: superpathway of L-lysine, L-threonine and L-methionine biosynthesis I|g__Citrobacter.s__Citrobacter_youngae	497.1071195384
P4-PWY: superpathway of L-lysine, L-threonine and L-methionine biosynthesis I|g__Klebsiella.s__Klebsiella_oxytoca	265.1642728202
P4-PWY: superpathway of L-lysine, L-threonine and L-methionine biosynthesis I|g__Morganella.s__Morganella_morganii	114.2116622426
P4-PWY: superpathway of L-lysine, L-threonine and L-methionine biosynthesis I|g__Citrobacter.s__Citrobacter_freundii	87.0308233870
P4-PWY: superpathway of L-lysine, L-threonine and L-methionine biosynthesis I|unclassified	48.8504213564
P4-PWY: superpathway of L-lysine, L-threonine and L-methionine biosynthesis I|g__Klebsiella.s__Klebsiella_michiganensis	32.3384707205
P4-PWY: superpathway of L-lysine, L-threonine and L-methionine biosynthesis I|g__Kluyvera.s__Kluyvera_cryocrescens	17.1588513148
PWY-5188: tetrapyrrole biosynthesis I (from glutamate)	7265.3936717160
PWY-5188: tetrapyrrole biosynthesis I (from glutamate)|g__Veillonella.s__Veillonella_parvula	1504.3830719202
PWY-5188: tetrapyrrole biosynthesis I (from glutamate)|g__Proteobacteria_unclassified.s__Proteobacteria_bacterium_CAG_139	923.7733917747
PWY-5188: tetrapyrrole biosynthesis I (from glutamate)|g__Citrobacter.s__Citrobacter_portucalensis	750.5888347247
PWY-5188: tetrapyrrole biosynthesis I (from glutamate)|g__Escherichia.s__Escherichia_coli	695.7691832238
PWY-5188: tetrapyrrole biosynthesis I (from glutamate)|g__Veillonella.s__Veillonella_atypica	411.7305668301
PWY-5188: tetrapyrrole biosynthesis I (from glutamate)|g__Citrobacter.s__Citrobacter_youngae	410.3136310835
PWY-5188: tetrapyrrole biosynthesis I (from glutamate)|g__Citrobacter.s__Citrobacter_freundii	243.9576989856
PWY-5188: tetrapyrrole biosynthesis I (from glutamate)|g__Klebsiella.s__Klebsiella_michiganensis	175.4534453166
PWY-5188: tetrapyrrole biosynthesis I (from glutamate)|g__Klebsiella.s__Klebsiella_oxytoca	156.0814263383
PWY-5188: tetrapyrrole biosynthesis I (from glutamate)|g__Morganella.s__Morganella_morganii	101.0744859383
PWY-5188: tetrapyrrole biosynthesis I (from glutamate)|unclassified	69.0872821129
PWY-5188: tetrapyrrole biosynthesis I (from glutamate)|g__Veillonella.s__Veillonella_infantium	28.6310423262
PWY-5188: tetrapyrrole biosynthesis I (from glutamate)|g__Kluyvera.s__Kluyvera_cryocrescens	24.0253840067
PWY-5188: tetrapyrrole biosynthesis I (from glutamate)|g__Proteus.s__Proteus_vulgaris	15.6363766352
PWY-5188: tetrapyrrole biosynthesis I (from glutamate)|g__Veillonella.s__Veillonella_dispar	12.5859203223
PWY0-162: superpathway of pyrimidine ribonucleotides de novo biosynthesis	7252.0916459414
PWY0-162: superpathway of pyrimidine ribonucleotides de novo biosynthesis|g__Escherichia.s__Escherichia_coli	528.6383443978
PWY0-162: superpathway of pyrimidine ribonucleotides de novo biosynthesis|g__Citrobacter.s__Citrobacter_portucalensis	518.4175834810
PWY0-162: superpathway of pyrimidine ribonucleotides de novo biosynthesis|g__Klebsiella.s__Klebsiella_michiganensis	158.5417241730
PWY0-162: superpathway of pyrimidine ribonucleotides de novo biosynthesis|g__Citrobacter.s__Citrobacter_youngae	147.5823666856
PWY0-162: superpathway of pyrimidine ribonucleotides de novo biosynthesis|g__Klebsiella.s__Klebsiella_oxytoca	115.7261455907
PWY0-162: superpathway of pyrimidine ribonucleotides de novo biosynthesis|unclassified	97.6228603765
PWY0-162: superpathway of pyrimidine ribonucleotides de novo biosynthesis|g__Morganella.s__Morganella_morganii	59.5927187439
PWY0-162: superpathway of pyrimidine ribonucleotides de novo biosynthesis|g__Kluyvera.s__Kluyvera_cryocrescens	11.7454716127
PWY0-162: superpathway of pyrimidine ribonucleotides de novo biosynthesis|g__Citrobacter.s__Citrobacter_freundii	9.4539027496
PWY0-166: superpathway of pyrimidine deoxyribonucleotides de novo biosynthesis (E. coli)	7248.4827681793
PWY0-166: superpathway of pyrimidine deoxyribonucleotides de novo biosynthesis (E. coli)|g__Citrobacter.s__Citrobacter_portucalensis	939.5005536934
PWY0-166: superpathway of pyrimidine deoxyribonucleotides de novo biosynthesis (E. coli)|g__Citrobacter.s__Citrobacter_youngae	521.8878066686
PWY0-166: superpathway of pyrimidine deoxyribonucleotides de novo biosynthesis (E. coli)|g__Escherichia.s__Escherichia_coli	466.8102560035
PWY0-166: superpathway of pyrimidine deoxyribonucleotides de novo biosynthesis (E. coli)|g__Klebsiella.s__Klebsiella_oxytoca	166.6920920703
PWY0-166: superpathway of pyrimidine deoxyribonucleotides de novo biosynthesis (E. coli)|unclassified	130.3937493769
PWY0-166: superpathway of pyrimidine deoxyribonucleotides de novo biosynthesis (E. coli)|g__Klebsiella.s__Klebsiella_michiganensis	56.5268639424
PWY0-166: superpathway of pyrimidine deoxyribonucleotides de novo biosynthesis (E. coli)|g__Citrobacter.s__Citrobacter_freundii	27.7948650148
PWY0-166: superpathway of pyrimidine deoxyribonucleotides de novo biosynthesis (E. coli)|g__Kluyvera.s__Kluyvera_cryocrescens	18.7561263677
SER-GLYSYN-PWY: superpathway of L-serine and glycine biosynthesis I	7244.7997184060
SER-GLYSYN-PWY: superpathway of L-serine and glycine biosynthesis I|g__Lactobacillus.s__Lactobacillus_fermentum	1338.3605117245
SER-GLYSYN-PWY: superpathway of L-serine and glycine biosynthesis I|g__Citrobacter.s__Citrobacter_youngae	733.0522951344
SER-GLYSYN-PWY: superpathway of L-serine and glycine biosynthesis I|g__Citrobacter.s__Citrobacter_portucalensis	700.6490244083
SER-GLYSYN-PWY: superpathway of L-serine and glycine biosynthesis I|g__Escherichia.s__Escherichia_coli	509.7101489200
SER-GLYSYN-PWY: superpathway of L-serine and glycine biosynthesis I|g__Streptococcus.s__Streptococcus_thermophilus	449.4347031971
SER-GLYSYN-PWY: superpathway of L-serine and glycine biosynthesis I|g__Klebsiella.s__Klebsiella_oxytoca	221.3666347827
SER-GLYSYN-PWY: superpathway of L-serine and glycine biosynthesis I|g__Klebsiella.s__Klebsiella_michiganensis	142.1843849919
SER-GLYSYN-PWY: superpathway of L-serine and glycine biosynthesis I|unclassified	124.3708918789
SER-GLYSYN-PWY: superpathway of L-serine and glycine biosynthesis I|g__Morganella.s__Morganella_morganii	119.9066844233
SER-GLYSYN-PWY: superpathway of L-serine and glycine biosynthesis I|g__Lactobacillus.s__Lactobacillus_plantarum	117.6130881931
SER-GLYSYN-PWY: superpathway of L-serine and glycine biosynthesis I|g__Citrobacter.s__Citrobacter_freundii	26.7053315731
SER-GLYSYN-PWY: superpathway of L-serine and glycine biosynthesis I|g__Proteus.s__Proteus_vulgaris	25.2799149958
SER-GLYSYN-PWY: superpathway of L-serine and glycine biosynthesis I|g__Lactobacillus.s__Lactobacillus_parabuchneri	13.7588694004
SER-GLYSYN-PWY: superpathway of L-serine and glycine biosynthesis I|g__Kluyvera.s__Kluyvera_cryocrescens	13.2827194611
SER-GLYSYN-PWY: superpathway of L-serine and glycine biosynthesis I|g__Proteus.s__Proteus_mirabilis	1.7298869144
PWY-6147: 6-hydroxymethyl-dihydropterin diphosphate biosynthesis I	7222.1274645153
PWY-6147: 6-hydroxymethyl-dihydropterin diphosphate biosynthesis I|g__Veillonella.s__Veillonella_parvula	2201.8234093038
PWY-6147: 6-hydroxymethyl-dihydropterin diphosphate biosynthesis I|g__Lactobacillus.s__Lactobacillus_fermentum	1332.0410339923
PWY-6147: 6-hydroxymethyl-dihydropterin diphosphate biosynthesis I|g__Streptococcus.s__Streptococcus_thermophilus	418.4924101402
PWY-6147: 6-hydroxymethyl-dihydropterin diphosphate biosynthesis I|g__Escherichia.s__Escherichia_coli	412.0303285499
PWY-6147: 6-hydroxymethyl-dihydropterin diphosphate biosynthesis I|g__Citrobacter.s__Citrobacter_freundii	226.0266409321
PWY-6147: 6-hydroxymethyl-dihydropterin diphosphate biosynthesis I|g__Klebsiella.s__Klebsiella_michiganensis	192.9589542655
PWY-6147: 6-hydroxymethyl-dihydropterin diphosphate biosynthesis I|g__Klebsiella.s__Klebsiella_oxytoca	107.6814213171
PWY-6147: 6-hydroxymethyl-dihydropterin diphosphate biosynthesis I|g__Morganella.s__Morganella_morganii	104.7395929963
PWY-6147: 6-hydroxymethyl-dihydropterin diphosphate biosynthesis I|g__Pediococcus.s__Pediococcus_acidilactici	41.3897258992
PWY-6147: 6-hydroxymethyl-dihydropterin diphosphate biosynthesis I|g__Citrobacter.s__Citrobacter_youngae	37.5679618162
PWY-6147: 6-hydroxymethyl-dihydropterin diphosphate biosynthesis I|g__Proteus.s__Proteus_vulgaris	28.8376540066
PWY-6147: 6-hydroxymethyl-dihydropterin diphosphate biosynthesis I|g__Kluyvera.s__Kluyvera_cryocrescens	11.6849557269
PWY-6147: 6-hydroxymethyl-dihydropterin diphosphate biosynthesis I|unclassified	8.6739138527
NONMEVIPP-PWY: methylerythritol phosphate pathway I	7174.4175426900
NONMEVIPP-PWY: methylerythritol phosphate pathway I|g__Veillonella.s__Veillonella_parvula	1443.7891026095
NONMEVIPP-PWY: methylerythritol phosphate pathway I|g__Proteobacteria_unclassified.s__Proteobacteria_bacterium_CAG_139	884.1688143660
NONMEVIPP-PWY: methylerythritol phosphate pathway I|g__Citrobacter.s__Citrobacter_youngae	846.0807101410
NONMEVIPP-PWY: methylerythritol phosphate pathway I|g__Citrobacter.s__Citrobacter_portucalensis	818.0640847096
NONMEVIPP-PWY: methylerythritol phosphate pathway I|g__Escherichia.s__Escherichia_coli	398.0986747166
NONMEVIPP-PWY: methylerythritol phosphate pathway I|g__Veillonella.s__Veillonella_atypica	369.7003342808
NONMEVIPP-PWY: methylerythritol phosphate pathway I|g__Klebsiella.s__Klebsiella_oxytoca	171.5567771121
NONMEVIPP-PWY: methylerythritol phosphate pathway I|g__Klebsiella.s__Klebsiella_michiganensis	128.5147273679
NONMEVIPP-PWY: methylerythritol phosphate pathway I|g__Morganella.s__Morganella_morganii	107.0203849992
NONMEVIPP-PWY: methylerythritol phosphate pathway I|g__Citrobacter.s__Citrobacter_freundii	82.2008917012
NONMEVIPP-PWY: methylerythritol phosphate pathway I|unclassified	81.5045509600
PWY-7560: methylerythritol phosphate pathway II	7174.4175426900
PWY-7560: methylerythritol phosphate pathway II|g__Citrobacter.s__Citrobacter_portucalensis	729.8292135207
PWY-7560: methylerythritol phosphate pathway II|g__Escherichia.s__Escherichia_coli	506.7682647762
PWY-7560: methylerythritol phosphate pathway II|g__Citrobacter.s__Citrobacter_youngae	498.4329296271
PWY-7560: methylerythritol phosphate pathway II|g__Klebsiella.s__Klebsiella_oxytoca	190.8198493704
PWY-7560: methylerythritol phosphate pathway II|g__Morganella.s__Morganella_morganii	92.9342567708
PWY-7560: methylerythritol phosphate pathway II|unclassified	81.5045509600
PWY-7560: methylerythritol phosphate pathway II|g__Citrobacter.s__Citrobacter_freundii	54.1236525797
PWY-7560: methylerythritol phosphate pathway II|g__Klebsiella.s__Klebsiella_michiganensis	4.8731535840
PWY-5989: stearate biosynthesis II (bacteria and plants)	7166.1328544599
PWY-5989: stearate biosynthesis II (bacteria and plants)|g__Citrobacter.s__Citrobacter_portucalensis	1009.9648663772
PWY-5989: stearate biosynthesis II (bacteria and plants)|g__Citrobacter.s__Citrobacter_youngae	945.5208214191
PWY-5989: stearate biosynthesis II (bacteria and plants)|g__Escherichia.s__Escherichia_coli	625.3387867787
PWY-5989: stearate biosynthesis II (bacteria and plants)|g__Citrobacter.s__Citrobacter_freundii	456.3986660198
PWY-5989: stearate biosynthesis II (bacteria and plants)|g__Morganella.s__Morganella_morganii	170.3684632200
PWY-5989: stearate biosynthesis II (bacteria and plants)|g__Klebsiella.s__Klebsiella_oxytoca	167.7405166175
PWY-5989: stearate biosynthesis II (bacteria and plants)|g__Klebsiella.s__Klebsiella_michiganensis	113.8462235020
PWY-5989: stearate biosynthesis II (bacteria and plants)|unclassified	110.0838791840
PWY-5989: stearate biosynthesis II (bacteria and plants)|g__Proteus.s__Proteus_vulgaris	19.5465482877
LACTOSECAT-PWY: lactose and galactose degradation I	7158.5050723373
LACTOSECAT-PWY: lactose and galactose degradation I|g__Lactobacillus.s__Lactobacillus_rhamnosus	4636.5054624286
LACTOSECAT-PWY: lactose and galactose degradation I|g__Lactobacillus.s__Lactobacillus_casei_group	841.5122790809
LACTOSECAT-PWY: lactose and galactose degradation I|unclassified	57.1985804171
PWY-7282: 4-amino-2-methyl-5-diphosphomethylpyrimidine biosynthesis II	7120.1226917320
PWY-7282: 4-amino-2-methyl-5-diphosphomethylpyrimidine biosynthesis II|g__Citrobacter.s__Citrobacter_portucalensis	1039.9600974645
PWY-7282: 4-amino-2-methyl-5-diphosphomethylpyrimidine biosynthesis II|g__Lactobacillus.s__Lactobacillus_casei_group	590.7308398898
PWY-7282: 4-amino-2-methyl-5-diphosphomethylpyrimidine biosynthesis II|g__Escherichia.s__Escherichia_coli	526.0278539797
PWY-7282: 4-amino-2-methyl-5-diphosphomethylpyrimidine biosynthesis II|g__Citrobacter.s__Citrobacter_freundii	357.1776351176
PWY-7282: 4-amino-2-methyl-5-diphosphomethylpyrimidine biosynthesis II|g__Citrobacter.s__Citrobacter_youngae	121.5021708784
PWY-7282: 4-amino-2-methyl-5-diphosphomethylpyrimidine biosynthesis II|g__Lactobacillus.s__Lactobacillus_rhamnosus	109.6928912695
PWY-7282: 4-amino-2-methyl-5-diphosphomethylpyrimidine biosynthesis II|unclassified	107.3335774951
PWY-7282: 4-amino-2-methyl-5-diphosphomethylpyrimidine biosynthesis II|g__Klebsiella.s__Klebsiella_oxytoca	100.1773015954
PWY-7282: 4-amino-2-methyl-5-diphosphomethylpyrimidine biosynthesis II|g__Klebsiella.s__Klebsiella_michiganensis	60.2656621434
PWY-7282: 4-amino-2-methyl-5-diphosphomethylpyrimidine biosynthesis II|g__Kluyvera.s__Kluyvera_cryocrescens	22.4335731082
SULFATE-CYS-PWY: superpathway of sulfate assimilation and cysteine biosynthesis	7066.7153746335
SULFATE-CYS-PWY: superpathway of sulfate assimilation and cysteine biosynthesis|g__Citrobacter.s__Citrobacter_portucalensis	1448.9850750252
SULFATE-CYS-PWY: superpathway of sulfate assimilation and cysteine biosynthesis|g__Escherichia.s__Escherichia_coli	649.1723567123
SULFATE-CYS-PWY: superpathway of sulfate assimilation and cysteine biosynthesis|g__Klebsiella.s__Klebsiella_oxytoca	315.1087739987
SULFATE-CYS-PWY: superpathway of sulfate assimilation and cysteine biosynthesis|g__Citrobacter.s__Citrobacter_youngae	177.6736756790
SULFATE-CYS-PWY: superpathway of sulfate assimilation and cysteine biosynthesis|unclassified	141.2899928589
SULFATE-CYS-PWY: superpathway of sulfate assimilation and cysteine biosynthesis|g__Klebsiella.s__Klebsiella_michiganensis	95.4096038297
SULFATE-CYS-PWY: superpathway of sulfate assimilation and cysteine biosynthesis|g__Citrobacter.s__Citrobacter_freundii	20.0714249317
SULFATE-CYS-PWY: superpathway of sulfate assimilation and cysteine biosynthesis|g__Kluyvera.s__Kluyvera_cryocrescens	19.0622001001
SULFATE-CYS-PWY: superpathway of sulfate assimilation and cysteine biosynthesis|g__Proteus.s__Proteus_vulgaris	6.0493280704
GLYCOGENSYNTH-PWY: glycogen biosynthesis I (from ADP-D-Glucose)	7034.0798194004
GLYCOGENSYNTH-PWY: glycogen biosynthesis I (from ADP-D-Glucose)|g__Lactobacillus.s__Lactobacillus_rhamnosus	2035.5046268935
GLYCOGENSYNTH-PWY: glycogen biosynthesis I (from ADP-D-Glucose)|g__Citrobacter.s__Citrobacter_portucalensis	1358.2130518733
GLYCOGENSYNTH-PWY: glycogen biosynthesis I (from ADP-D-Glucose)|g__Escherichia.s__Escherichia_coli	697.1012267477
GLYCOGENSYNTH-PWY: glycogen biosynthesis I (from ADP-D-Glucose)|g__Citrobacter.s__Citrobacter_youngae	412.5998542310
GLYCOGENSYNTH-PWY: glycogen biosynthesis I (from ADP-D-Glucose)|g__Lactobacillus.s__Lactobacillus_plantarum	289.4885448105
GLYCOGENSYNTH-PWY: glycogen biosynthesis I (from ADP-D-Glucose)|g__Lactobacillus.s__Lactobacillus_casei_group	289.1114866737
GLYCOGENSYNTH-PWY: glycogen biosynthesis I (from ADP-D-Glucose)|g__Klebsiella.s__Klebsiella_michiganensis	198.7211336271
GLYCOGENSYNTH-PWY: glycogen biosynthesis I (from ADP-D-Glucose)|g__Citrobacter.s__Citrobacter_freundii	189.0922899759
GLYCOGENSYNTH-PWY: glycogen biosynthesis I (from ADP-D-Glucose)|g__Klebsiella.s__Klebsiella_oxytoca	158.1526371256
GLYCOGENSYNTH-PWY: glycogen biosynthesis I (from ADP-D-Glucose)|g__Lactobacillus.s__Lactobacillus_mucosae	109.3251472261
GLYCOGENSYNTH-PWY: glycogen biosynthesis I (from ADP-D-Glucose)|g__Lactobacillus.s__Lactobacillus_manihotivorans	33.8853572101
GLYCOGENSYNTH-PWY: glycogen biosynthesis I (from ADP-D-Glucose)|g__Kluyvera.s__Kluyvera_cryocrescens	32.0410734961
GLYCOGENSYNTH-PWY: glycogen biosynthesis I (from ADP-D-Glucose)|unclassified	22.5396399329
PWY-6628: superpathway of L-phenylalanine biosynthesis	7032.1100552220
PWY-6628: superpathway of L-phenylalanine biosynthesis|g__Citrobacter.s__Citrobacter_portucalensis	879.5872211607
PWY-6628: superpathway of L-phenylalanine biosynthesis|g__Streptococcus.s__Streptococcus_thermophilus	348.0317873783
PWY-6628: superpathway of L-phenylalanine biosynthesis|g__Escherichia.s__Escherichia_coli	183.4097326748
PWY-6628: superpathway of L-phenylalanine biosynthesis|g__Klebsiella.s__Klebsiella_oxytoca	183.1581724441
PWY-6628: superpathway of L-phenylalanine biosynthesis|g__Citrobacter.s__Citrobacter_youngae	158.5807985201
PWY-6628: superpathway of L-phenylalanine biosynthesis|g__Citrobacter.s__Citrobacter_freundii	126.5907694404
PWY-6628: superpathway of L-phenylalanine biosynthesis|g__Klebsiella.s__Klebsiella_michiganensis	121.5082759471
PWY-6628: superpathway of L-phenylalanine biosynthesis|unclassified	115.3112307456
PWY-6628: superpathway of L-phenylalanine biosynthesis|g__Kluyvera.s__Kluyvera_cryocrescens	27.0596494339
PWY-6892: thiazole component of thiamine diphosphate biosynthesis I	6976.4690267782
PWY-6892: thiazole component of thiamine diphosphate biosynthesis I|g__Citrobacter.s__Citrobacter_youngae	1373.2117885015
PWY-6892: thiazole component of thiamine diphosphate biosynthesis I|g__Escherichia.s__Escherichia_coli	1112.2652142186
PWY-6892: thiazole component of thiamine diphosphate biosynthesis I|g__Citrobacter.s__Citrobacter_portucalensis	1054.3882767777
PWY-6892: thiazole component of thiamine diphosphate biosynthesis I|g__Klebsiella.s__Klebsiella_oxytoca	381.1005585093
PWY-6892: thiazole component of thiamine diphosphate biosynthesis I|g__Citrobacter.s__Citrobacter_freundii	249.8624412971
PWY-6892: thiazole component of thiamine diphosphate biosynthesis I|g__Klebsiella.s__Klebsiella_michiganensis	211.9396930410
PWY-6892: thiazole component of thiamine diphosphate biosynthesis I|g__Morganella.s__Morganella_morganii	133.9126290407
PWY-6892: thiazole component of thiamine diphosphate biosynthesis I|unclassified	68.4642909273
PWY-6892: thiazole component of thiamine diphosphate biosynthesis I|g__Kluyvera.s__Kluyvera_cryocrescens	27.2260519076
PWY0-1479: tRNA processing	6955.4680388895
PWY0-1479: tRNA processing|g__Proteobacteria_unclassified.s__Proteobacteria_bacterium_CAG_139	894.2005454273
PWY0-1479: tRNA processing|g__Citrobacter.s__Citrobacter_youngae	890.5341970549
PWY0-1479: tRNA processing|g__Citrobacter.s__Citrobacter_portucalensis	659.9320171211
PWY0-1479: tRNA processing|g__Escherichia.s__Escherichia_coli	611.3701449928
PWY0-1479: tRNA processing|g__Klebsiella.s__Klebsiella_michiganensis	216.6456684096
PWY0-1479: tRNA processing|g__Klebsiella.s__Klebsiella_oxytoca	208.7277055148
PWY0-1479: tRNA processing|g__Morganella.s__Morganella_morganii	148.2800549808
PWY0-1479: tRNA processing|g__Citrobacter.s__Citrobacter_freundii	39.6110409907
PWY0-1479: tRNA processing|unclassified	35.0809583672
PWY0-1479: tRNA processing|g__Proteus.s__Proteus_vulgaris	24.0128231619
PWY0-1479: tRNA processing|g__Kluyvera.s__Kluyvera_cryocrescens	16.4975632418
PWY-5981: CDP-diacylglycerol biosynthesis III	6933.8589606715
PWY-5981: CDP-diacylglycerol biosynthesis III|g__Lactobacillus.s__Lactobacillus_rhamnosus	1119.2945682208
PWY-5981: CDP-diacylglycerol biosynthesis III|g__Citrobacter.s__Citrobacter_portucalensis	757.0597281467
PWY-5981: CDP-diacylglycerol biosynthesis III|g__Citrobacter.s__Citrobacter_youngae	439.0190072899
PWY-5981: CDP-diacylglycerol biosynthesis III|g__Streptococcus.s__Streptococcus_thermophilus	388.6621589140
PWY-5981: CDP-diacylglycerol biosynthesis III|g__Lactobacillus.s__Lactobacillus_casei_group	357.2442831488
PWY-5981: CDP-diacylglycerol biosynthesis III|g__Escherichia.s__Escherichia_coli	299.9434287742
PWY-5981: CDP-diacylglycerol biosynthesis III|g__Pediococcus.s__Pediococcus_pentosaceus	141.5234168720
PWY-5981: CDP-diacylglycerol biosynthesis III|g__Klebsiella.s__Klebsiella_michiganensis	137.7082741072
PWY-5981: CDP-diacylglycerol biosynthesis III|unclassified	132.6370462005
PWY-5981: CDP-diacylglycerol biosynthesis III|g__Citrobacter.s__Citrobacter_freundii	122.5260258346
PWY-5981: CDP-diacylglycerol biosynthesis III|g__Klebsiella.s__Klebsiella_oxytoca	94.1961006813
PWY-5981: CDP-diacylglycerol biosynthesis III|g__Proteus.s__Proteus_vulgaris	22.9060217662
PWY-5981: CDP-diacylglycerol biosynthesis III|g__Streptococcus.s__Streptococcus_pneumoniae	2.6132473342
PWY-5941: glycogen degradation II	6930.6524071940
PWY-5941: glycogen degradation II|g__Citrobacter.s__Citrobacter_youngae	1682.2690709997
PWY-5941: glycogen degradation II|g__Citrobacter.s__Citrobacter_portucalensis	1529.7123191595
PWY-5941: glycogen degradation II|g__Escherichia.s__Escherichia_coli	1088.2973880236
PWY-5941: glycogen degradation II|g__Streptococcus.s__Streptococcus_thermophilus	317.6582515301
PWY-5941: glycogen degradation II|g__Klebsiella.s__Klebsiella_oxytoca	281.3938670597
PWY-5941: glycogen degradation II|g__Klebsiella.s__Klebsiella_michiganensis	231.4242827475
PWY-5941: glycogen degradation II|unclassified	99.6549972958
PWY-5941: glycogen degradation II|g__Citrobacter.s__Citrobacter_freundii	73.3845203612
PWY-5941: glycogen degradation II|g__Kluyvera.s__Kluyvera_cryocrescens	32.5029535060
OANTIGEN-PWY: O-antigen building blocks biosynthesis (E. coli)	6883.6461173965
OANTIGEN-PWY: O-antigen building blocks biosynthesis (E. coli)|g__Klebsiella.s__Klebsiella_oxytoca	232.8189573936
OANTIGEN-PWY: O-antigen building blocks biosynthesis (E. coli)|unclassified	193.5900473549
OANTIGEN-PWY: O-antigen building blocks biosynthesis (E. coli)|g__Lactobacillus.s__Lactobacillus_casei_group	155.8042935764
OANTIGEN-PWY: O-antigen building blocks biosynthesis (E. coli)|g__Escherichia.s__Escherichia_coli	154.8573693020
OANTIGEN-PWY: O-antigen building blocks biosynthesis (E. coli)|g__Lactobacillus.s__Lactobacillus_rhamnosus	123.2455079968
OANTIGEN-PWY: O-antigen building blocks biosynthesis (E. coli)|g__Pediococcus.s__Pediococcus_pentosaceus	105.9087049139
OANTIGEN-PWY: O-antigen building blocks biosynthesis (E. coli)|g__Klebsiella.s__Klebsiella_michiganensis	104.4597884496
OANTIGEN-PWY: O-antigen building blocks biosynthesis (E. coli)|g__Pediococcus.s__Pediococcus_acidilactici	57.9598192841
OANTIGEN-PWY: O-antigen building blocks biosynthesis (E. coli)|g__Lactobacillus.s__Lactobacillus_plantarum	55.1832074787
PWY-6270: isoprene biosynthesis I	6857.3313599320
PWY-6270: isoprene biosynthesis I|g__Citrobacter.s__Citrobacter_portucalensis	703.8866363828
PWY-6270: isoprene biosynthesis I|g__Citrobacter.s__Citrobacter_youngae	542.5514108506
PWY-6270: isoprene biosynthesis I|g__Escherichia.s__Escherichia_coli	300.9405513965
PWY-6270: isoprene biosynthesis I|g__Klebsiella.s__Klebsiella_oxytoca	122.7191021176
PWY-6270: isoprene biosynthesis I|g__Morganella.s__Morganella_morganii	94.1197466780
PWY-6270: isoprene biosynthesis I|g__Citrobacter.s__Citrobacter_freundii	59.1773084961
PWY-6270: isoprene biosynthesis I|g__Klebsiella.s__Klebsiella_michiganensis	5.5328317871
PWY-6507: 4-deoxy-L-threo-hex-4-enopyranuronate degradation	6836.5287559331
PWY-6507: 4-deoxy-L-threo-hex-4-enopyranuronate degradation|g__Lactobacillus.s__Lactobacillus_rhamnosus	3010.6145719310
PWY-6507: 4-deoxy-L-threo-hex-4-enopyranuronate degradation|g__Citrobacter.s__Citrobacter_youngae	956.8672482209
PWY-6507: 4-deoxy-L-threo-hex-4-enopyranuronate degradation|g__Lactobacillus.s__Lactobacillus_casei_group	759.6980080154
PWY-6507: 4-deoxy-L-threo-hex-4-enopyranuronate degradation|g__Citrobacter.s__Citrobacter_portucalensis	746.3849207558
PWY-6507: 4-deoxy-L-threo-hex-4-enopyranuronate degradation|g__Citrobacter.s__Citrobacter_freundii	227.3901993110
PWY-6507: 4-deoxy-L-threo-hex-4-enopyranuronate degradation|g__Escherichia.s__Escherichia_coli	226.6662883467
PWY-6507: 4-deoxy-L-threo-hex-4-enopyranuronate degradation|unclassified	115.5925989930
PWY-6507: 4-deoxy-L-threo-hex-4-enopyranuronate degradation|g__Morganella.s__Morganella_morganii	98.8523692320
PWY-6507: 4-deoxy-L-threo-hex-4-enopyranuronate degradation|g__Klebsiella.s__Klebsiella_oxytoca	71.1122404985
PWY-6507: 4-deoxy-L-threo-hex-4-enopyranuronate degradation|g__Kluyvera.s__Kluyvera_cryocrescens	19.0914715323
PWY-5121: superpathway of geranylgeranyl diphosphate biosynthesis II (via MEP)	6703.1479457040
PWY-5121: superpathway of geranylgeranyl diphosphate biosynthesis II (via MEP)|g__Veillonella.s__Veillonella_parvula	918.2267728478
PWY-5121: superpathway of geranylgeranyl diphosphate biosynthesis II (via MEP)|g__Citrobacter.s__Citrobacter_portucalensis	780.4167622279
PWY-5121: superpathway of geranylgeranyl diphosphate biosynthesis II (via MEP)|g__Citrobacter.s__Citrobacter_youngae	580.1845705993
PWY-5121: superpathway of geranylgeranyl diphosphate biosynthesis II (via MEP)|g__Escherichia.s__Escherichia_coli	253.5189919708
PWY-5121: superpathway of geranylgeranyl diphosphate biosynthesis II (via MEP)|g__Citrobacter.s__Citrobacter_freundii	50.4179189236
PWY-5121: superpathway of geranylgeranyl diphosphate biosynthesis II (via MEP)|g__Klebsiella.s__Klebsiella_oxytoca	48.0927139414
PWY-5837: 2-carboxy-1,4-naphthoquinol biosynthesis	6702.5150615386
PWY-5837: 2-carboxy-1,4-naphthoquinol biosynthesis|g__Citrobacter.s__Citrobacter_portucalensis	720.3585075781
PWY-5837: 2-carboxy-1,4-naphthoquinol biosynthesis|g__Citrobacter.s__Citrobacter_youngae	707.8015426121
PWY-5837: 2-carboxy-1,4-naphthoquinol biosynthesis|g__Escherichia.s__Escherichia_coli	563.0894630866
PWY-5837: 2-carboxy-1,4-naphthoquinol biosynthesis|g__Veillonella.s__Veillonella_atypica	444.3762904526
PWY-5837: 2-carboxy-1,4-naphthoquinol biosynthesis|g__Citrobacter.s__Citrobacter_freundii	177.3720177868
PWY-5837: 2-carboxy-1,4-naphthoquinol biosynthesis|g__Klebsiella.s__Klebsiella_oxytoca	165.0908256614
PWY-5837: 2-carboxy-1,4-naphthoquinol biosynthesis|g__Morganella.s__Morganella_morganii	73.4845185681
PWY-5837: 2-carboxy-1,4-naphthoquinol biosynthesis|g__Klebsiella.s__Klebsiella_michiganensis	68.3130502925
PWY-5837: 2-carboxy-1,4-naphthoquinol biosynthesis|unclassified	48.0438104893
PWY-5837: 2-carboxy-1,4-naphthoquinol biosynthesis|g__Veillonella.s__Veillonella_dispar	45.9769417822
PWY-5837: 2-carboxy-1,4-naphthoquinol biosynthesis|g__Kluyvera.s__Kluyvera_cryocrescens	19.9855089593
PWY-5837: 2-carboxy-1,4-naphthoquinol biosynthesis|g__Veillonella.s__Veillonella_parvula	7.8634929166
PWY-6703: preQ0 biosynthesis	6673.2862872957
PWY-6703: preQ0 biosynthesis|g__Veillonella.s__Veillonella_parvula	2047.6144173664
PWY-6703: preQ0 biosynthesis|g__Citrobacter.s__Citrobacter_portucalensis	665.3288701045
PWY-6703: preQ0 biosynthesis|g__Veillonella.s__Veillonella_atypica	527.7405539948
PWY-6703: preQ0 biosynthesis|g__Citrobacter.s__Citrobacter_freundii	509.4318581814
PWY-6703: preQ0 biosynthesis|g__Streptococcus.s__Streptococcus_thermophilus	435.7071103785
PWY-6703: preQ0 biosynthesis|g__Escherichia.s__Escherichia_coli	353.0563611390
PWY-6703: preQ0 biosynthesis|g__Citrobacter.s__Citrobacter_youngae	306.2992669693
PWY-6703: preQ0 biosynthesis|g__Klebsiella.s__Klebsiella_michiganensis	197.7548771576
PWY-6703: preQ0 biosynthesis|g__Klebsiella.s__Klebsiella_oxytoca	143.3404723356
PWY-6703: preQ0 biosynthesis|g__Morganella.s__Morganella_morganii	108.3026854658
PWY-6703: preQ0 biosynthesis|unclassified	64.3803679252
PWY-6703: preQ0 biosynthesis|g__Proteus.s__Proteus_vulgaris	30.2668834484
PWY-6703: preQ0 biosynthesis|g__Kluyvera.s__Kluyvera_cryocrescens	19.9224493185
PWY0-1261: anhydromuropeptides recycling I	6664.5133558342
PWY0-1261: anhydromuropeptides recycling I|g__Citrobacter.s__Citrobacter_portucalensis	1458.9372081162
PWY0-1261: anhydromuropeptides recycling I|g__Citrobacter.s__Citrobacter_freundii	481.4610275433
PWY0-1261: anhydromuropeptides recycling I|g__Escherichia.s__Escherichia_coli	227.4738841200
PWY0-1261: anhydromuropeptides recycling I|g__Klebsiella.s__Klebsiella_oxytoca	214.1086011363
PWY0-1261: anhydromuropeptides recycling I|g__Klebsiella.s__Klebsiella_michiganensis	174.6784472861
PWY0-1261: anhydromuropeptides recycling I|g__Morganella.s__Morganella_morganii	145.0932908469
PWY0-1261: anhydromuropeptides recycling I|g__Citrobacter.s__Citrobacter_youngae	144.2799129824
PWY0-1261: anhydromuropeptides recycling I|unclassified	70.9721863896
PWY0-1261: anhydromuropeptides recycling I|g__Kluyvera.s__Kluyvera_cryocrescens	29.6598416608
PWY-5838: superpathway of menaquinol-8 biosynthesis I	6605.5780018857
PWY-5838: superpathway of menaquinol-8 biosynthesis I|g__Citrobacter.s__Citrobacter_portucalensis	801.9810097945
PWY-5838: superpathway of menaquinol-8 biosynthesis I|g__Citrobacter.s__Citrobacter_youngae	773.8500141429
PWY-5838: superpathway of menaquinol-8 biosynthesis I|g__Escherichia.s__Escherichia_coli	610.5853553482
PWY-5838: superpathway of menaquinol-8 biosynthesis I|g__Klebsiella.s__Klebsiella_oxytoca	265.1028362070
PWY-5838: superpathway of menaquinol-8 biosynthesis I|g__Citrobacter.s__Citrobacter_freundii	149.4661192123
PWY-5838: superpathway of menaquinol-8 biosynthesis I|g__Morganella.s__Morganella_morganii	106.6729767023
PWY-5838: superpathway of menaquinol-8 biosynthesis I|g__Klebsiella.s__Klebsiella_michiganensis	89.4300292363
PWY-5838: superpathway of menaquinol-8 biosynthesis I|unclassified	28.8220514119
PWY-5838: superpathway of menaquinol-8 biosynthesis I|g__Kluyvera.s__Kluyvera_cryocrescens	24.2473717635
PWY-5845: superpathway of menaquinol-9 biosynthesis	6605.5780018857
PWY-5845: superpathway of menaquinol-9 biosynthesis|g__Citrobacter.s__Citrobacter_portucalensis	801.9810097945
PWY-5845: superpathway of menaquinol-9 biosynthesis|g__Citrobacter.s__Citrobacter_youngae	773.8500141429
PWY-5845: superpathway of menaquinol-9 biosynthesis|g__Escherichia.s__Escherichia_coli	553.1947357371
PWY-5845: superpathway of menaquinol-9 biosynthesis|g__Klebsiella.s__Klebsiella_oxytoca	224.0189300561
PWY-5845: superpathway of menaquinol-9 biosynthesis|g__Citrobacter.s__Citrobacter_freundii	113.6279265264
PWY-5845: superpathway of menaquinol-9 biosynthesis|g__Klebsiella.s__Klebsiella_michiganensis	71.4713090907
PWY-5845: superpathway of menaquinol-9 biosynthesis|g__Kluyvera.s__Kluyvera_cryocrescens	22.2027185343
PWY-5850: superpathway of menaquinol-6 biosynthesis	6605.5780018857
PWY-5850: superpathway of menaquinol-6 biosynthesis|g__Citrobacter.s__Citrobacter_portucalensis	801.9810097945
PWY-5850: superpathway of menaquinol-6 biosynthesis|g__Citrobacter.s__Citrobacter_youngae	773.8500141429
PWY-5850: superpathway of menaquinol-6 biosynthesis|g__Escherichia.s__Escherichia_coli	553.1947357371
PWY-5850: superpathway of menaquinol-6 biosynthesis|g__Klebsiella.s__Klebsiella_oxytoca	224.0189300561
PWY-5850: superpathway of menaquinol-6 biosynthesis|g__Citrobacter.s__Citrobacter_freundii	113.6279265264
PWY-5850: superpathway of menaquinol-6 biosynthesis|g__Klebsiella.s__Klebsiella_michiganensis	71.4713090907
PWY-5850: superpathway of menaquinol-6 biosynthesis|g__Kluyvera.s__Kluyvera_cryocrescens	22.2027185343
PWY-5896: superpathway of menaquinol-10 biosynthesis	6605.5780018857
PWY-5896: superpathway of menaquinol-10 biosynthesis|g__Citrobacter.s__Citrobacter_portucalensis	801.9810097945
PWY-5896: superpathway of menaquinol-10 biosynthesis|g__Citrobacter.s__Citrobacter_youngae	773.8500141429
PWY-5896: superpathway of menaquinol-10 biosynthesis|g__Escherichia.s__Escherichia_coli	553.1947357371
PWY-5896: superpathway of menaquinol-10 biosynthesis|g__Klebsiella.s__Klebsiella_oxytoca	224.0189300561
PWY-5896: superpathway of menaquinol-10 biosynthesis|g__Citrobacter.s__Citrobacter_freundii	113.6279265264
PWY-5896: superpathway of menaquinol-10 biosynthesis|g__Klebsiella.s__Klebsiella_michiganensis	71.4713090907
PWY-5896: superpathway of menaquinol-10 biosynthesis|g__Kluyvera.s__Kluyvera_cryocrescens	22.2027185343
HEME-BIOSYNTHESIS-II: heme b biosynthesis I (aerobic)	6579.6311230442
HEME-BIOSYNTHESIS-II: heme b biosynthesis I (aerobic)|g__Citrobacter.s__Citrobacter_portucalensis	1157.8124059713
HEME-BIOSYNTHESIS-II: heme b biosynthesis I (aerobic)|g__Veillonella.s__Veillonella_parvula	1058.0105092910
HEME-BIOSYNTHESIS-II: heme b biosynthesis I (aerobic)|g__Citrobacter.s__Citrobacter_youngae	929.8305809242
HEME-BIOSYNTHESIS-II: heme b biosynthesis I (aerobic)|g__Escherichia.s__Escherichia_coli	575.1471402865
HEME-BIOSYNTHESIS-II: heme b biosynthesis I (aerobic)|unclassified	525.0500128777
HEME-BIOSYNTHESIS-II: heme b biosynthesis I (aerobic)|g__Veillonella.s__Veillonella_atypica	383.5746032780
HEME-BIOSYNTHESIS-II: heme b biosynthesis I (aerobic)|g__Klebsiella.s__Klebsiella_oxytoca	346.0433579443
HEME-BIOSYNTHESIS-II: heme b biosynthesis I (aerobic)|g__Morganella.s__Morganella_morganii	79.6031287531
HEME-BIOSYNTHESIS-II: heme b biosynthesis I (aerobic)|g__Klebsiella.s__Klebsiella_michiganensis	69.5063540072
HEME-BIOSYNTHESIS-II: heme b biosynthesis I (aerobic)|g__Veillonella.s__Veillonella_dispar	60.8233796516
HEME-BIOSYNTHESIS-II: heme b biosynthesis I (aerobic)|g__Kluyvera.s__Kluyvera_cryocrescens	12.5098782679
HEME-BIOSYNTHESIS-II: heme b biosynthesis I (aerobic)|g__Proteus.s__Proteus_vulgaris	12.4571686350
HEME-BIOSYNTHESIS-II: heme b biosynthesis I (aerobic)|g__Citrobacter.s__Citrobacter_freundii	3.8452715186
PWY-621: sucrose degradation III (sucrose invertase)	6471.8890884487
PWY-621: sucrose degradation III (sucrose invertase)|g__Escherichia.s__Escherichia_coli	798.8342025539
PWY-621: sucrose degradation III (sucrose invertase)|g__Klebsiella.s__Klebsiella_oxytoca	501.4840294704
PWY-621: sucrose degradation III (sucrose invertase)|g__Streptococcus.s__Streptococcus_thermophilus	433.9055260861
PWY-621: sucrose degradation III (sucrose invertase)|g__Lactobacillus.s__Lactobacillus_casei_group	217.7234646918
PWY-621: sucrose degradation III (sucrose invertase)|g__Pediococcus.s__Pediococcus_pentosaceus	204.5276801839
PWY-621: sucrose degradation III (sucrose invertase)|g__Klebsiella.s__Klebsiella_michiganensis	186.0227875352
PWY-621: sucrose degradation III (sucrose invertase)|g__Citrobacter.s__Citrobacter_freundii	184.2980478261
PWY-621: sucrose degradation III (sucrose invertase)|g__Pediococcus.s__Pediococcus_acidilactici	68.0027928719
PWY-621: sucrose degradation III (sucrose invertase)|unclassified	50.6594388545
PWY-621: sucrose degradation III (sucrose invertase)|g__Morganella.s__Morganella_morganii	37.5940444506
PWY-621: sucrose degradation III (sucrose invertase)|g__Proteus.s__Proteus_vulgaris	20.2631378013
PWY-621: sucrose degradation III (sucrose invertase)|g__Kluyvera.s__Kluyvera_cryocrescens	15.7812637871
SO4ASSIM-PWY: assimilatory sulfate reduction I	6391.3362614814
SO4ASSIM-PWY: assimilatory sulfate reduction I|g__Citrobacter.s__Citrobacter_portucalensis	1938.5099853991
SO4ASSIM-PWY: assimilatory sulfate reduction I|g__Escherichia.s__Escherichia_coli	722.7932233800
SO4ASSIM-PWY: assimilatory sulfate reduction I|g__Klebsiella.s__Klebsiella_oxytoca	593.8156706272
SO4ASSIM-PWY: assimilatory sulfate reduction I|g__Citrobacter.s__Citrobacter_freundii	274.0703145125
SO4ASSIM-PWY: assimilatory sulfate reduction I|unclassified	251.6960538812
SO4ASSIM-PWY: assimilatory sulfate reduction I|g__Klebsiella.s__Klebsiella_michiganensis	157.0699069049
SO4ASSIM-PWY: assimilatory sulfate reduction I|g__Citrobacter.s__Citrobacter_youngae	105.2862943672
SO4ASSIM-PWY: assimilatory sulfate reduction I|g__Kluyvera.s__Kluyvera_cryocrescens	25.2922205493
SO4ASSIM-PWY: assimilatory sulfate reduction I|g__Escherichia.s__Escherichia_fergusonii	5.0269718288
SO4ASSIM-PWY: assimilatory sulfate reduction I|g__Proteus.s__Proteus_vulgaris	3.1440030431
SO4ASSIM-PWY: assimilatory sulfate reduction I|g__Proteus.s__Proteus_mirabilis	1.1056909737
PWY-7883: anhydromuropeptides recycling II	6331.0597747252
PWY-7883: anhydromuropeptides recycling II|g__Citrobacter.s__Citrobacter_portucalensis	1330.8957427709
PWY-7883: anhydromuropeptides recycling II|g__Citrobacter.s__Citrobacter_freundii	481.4610275433
PWY-7883: anhydromuropeptides recycling II|g__Klebsiella.s__Klebsiella_oxytoca	181.2946539385
PWY-7883: anhydromuropeptides recycling II|g__Klebsiella.s__Klebsiella_michiganensis	167.4682371857
PWY-7883: anhydromuropeptides recycling II|g__Citrobacter.s__Citrobacter_youngae	131.3559039833
PWY-7883: anhydromuropeptides recycling II|g__Escherichia.s__Escherichia_coli	46.3735598854
PWY-7883: anhydromuropeptides recycling II|g__Kluyvera.s__Kluyvera_cryocrescens	25.5912064746
GLYCOCAT-PWY: glycogen degradation I	6329.9784280013
GLYCOCAT-PWY: glycogen degradation I|g__Citrobacter.s__Citrobacter_portucalensis	1290.7711734515
GLYCOCAT-PWY: glycogen degradation I|g__Escherichia.s__Escherichia_coli	951.2560920113
GLYCOCAT-PWY: glycogen degradation I|g__Klebsiella.s__Klebsiella_oxytoca	215.8121964824
GLYCOCAT-PWY: glycogen degradation I|g__Citrobacter.s__Citrobacter_youngae	185.3926740843
GLYCOCAT-PWY: glycogen degradation I|g__Klebsiella.s__Klebsiella_michiganensis	127.5466008259
GLYCOCAT-PWY: glycogen degradation I|g__Citrobacter.s__Citrobacter_freundii	60.3156186957
GLYCOCAT-PWY: glycogen degradation I|unclassified	39.2425420720
GLYCOCAT-PWY: glycogen degradation I|g__Kluyvera.s__Kluyvera_cryocrescens	15.3914613272
PWY-5384: sucrose degradation IV (sucrose phosphorylase)	6308.4019431224
PWY-5384: sucrose degradation IV (sucrose phosphorylase)|g__Escherichia.s__Escherichia_coli	815.6881104374
PWY-5384: sucrose degradation IV (sucrose phosphorylase)|g__Streptococcus.s__Streptococcus_thermophilus	318.6326467822
PWY-5384: sucrose degradation IV (sucrose phosphorylase)|g__Pediococcus.s__Pediococcus_pentosaceus	204.5276801839
PWY-5384: sucrose degradation IV (sucrose phosphorylase)|g__Klebsiella.s__Klebsiella_oxytoca	188.7537179952
PWY-5384: sucrose degradation IV (sucrose phosphorylase)|g__Klebsiella.s__Klebsiella_michiganensis	186.0227875352
PWY-5384: sucrose degradation IV (sucrose phosphorylase)|g__Citrobacter.s__Citrobacter_freundii	184.2980478261
PWY-5384: sucrose degradation IV (sucrose phosphorylase)|g__Lactobacillus.s__Lactobacillus_mucosae	154.7089818143
PWY-5384: sucrose degradation IV (sucrose phosphorylase)|g__Morganella.s__Morganella_morganii	92.4140117218
PWY-5384: sucrose degradation IV (sucrose phosphorylase)|g__Pediococcus.s__Pediococcus_acidilactici	62.7221711137
PWY-5384: sucrose degradation IV (sucrose phosphorylase)|unclassified	51.6634336208
PWY-5384: sucrose degradation IV (sucrose phosphorylase)|g__Proteus.s__Proteus_vulgaris	24.0137079807
PWY-5384: sucrose degradation IV (sucrose phosphorylase)|g__Kluyvera.s__Kluyvera_cryocrescens	22.1018412122
PWY-5384: sucrose degradation IV (sucrose phosphorylase)|g__Lactobacillus.s__Lactobacillus_parabuchneri	15.3247102093
PWY-5384: sucrose degradation IV (sucrose phosphorylase)|g__Lactobacillus.s__Lactobacillus_fermentum	3.0557362202
PWY-7238: sucrose biosynthesis II	6293.0579600980
PWY-7238: sucrose biosynthesis II|g__Citrobacter.s__Citrobacter_portucalensis	1629.4676266799
PWY-7238: sucrose biosynthesis II|g__Citrobacter.s__Citrobacter_youngae	1625.6410113210
PWY-7238: sucrose biosynthesis II|g__Escherichia.s__Escherichia_coli	1164.4070650843
PWY-7238: sucrose biosynthesis II|g__Klebsiella.s__Klebsiella_oxytoca	391.5793203610
PWY-7238: sucrose biosynthesis II|g__Streptococcus.s__Streptococcus_thermophilus	328.5037948603
PWY-7238: sucrose biosynthesis II|g__Klebsiella.s__Klebsiella_michiganensis	236.5298850568
PWY-7238: sucrose biosynthesis II|unclassified	75.7294308448
PWY-7238: sucrose biosynthesis II|g__Citrobacter.s__Citrobacter_freundii	56.6207452505
PWY-7238: sucrose biosynthesis II|g__Kluyvera.s__Kluyvera_cryocrescens	30.4877195297
GLUCOSE1PMETAB-PWY: glucose and glucose-1-phosphate degradation	6284.8932131151
GLUCOSE1PMETAB-PWY: glucose and glucose-1-phosphate degradation|g__Escherichia.s__Escherichia_coli	684.6593103685
GLUCOSE1PMETAB-PWY: glucose and glucose-1-phosphate degradation|g__Klebsiella.s__Klebsiella_oxytoca	415.6179458518
GLUCOSE1PMETAB-PWY: glucose and glucose-1-phosphate degradation|unclassified	274.6359531811
GLUCOSE1PMETAB-PWY: glucose and glucose-1-phosphate degradation|g__Klebsiella.s__Klebsiella_michiganensis	198.1243635329
GLUCOSE1PMETAB-PWY: glucose and glucose-1-phosphate degradation|g__Morganella.s__Morganella_morganii	82.3930909641
GLUCOSE1PMETAB-PWY: glucose and glucose-1-phosphate degradation|g__Kluyvera.s__Kluyvera_cryocrescens	38.9287278657
GALACTUROCAT-PWY: D-galacturonate degradation I	6267.0410731464
GALACTUROCAT-PWY: D-galacturonate degradation I|g__Citrobacter.s__Citrobacter_youngae	1030.1515653444
GALACTUROCAT-PWY: D-galacturonate degradation I|g__Citrobacter.s__Citrobacter_portucalensis	813.9926435192
GALACTUROCAT-PWY: D-galacturonate degradation I|g__Escherichia.s__Escherichia_coli	277.7355246259
GALACTUROCAT-PWY: D-galacturonate degradation I|g__Klebsiella.s__Klebsiella_michiganensis	237.2372248715
GALACTUROCAT-PWY: D-galacturonate degradation I|unclassified	201.7811005843
GALACTUROCAT-PWY: D-galacturonate degradation I|g__Klebsiella.s__Klebsiella_oxytoca	132.6915098022
GALACTUROCAT-PWY: D-galacturonate degradation I|g__Citrobacter.s__Citrobacter_freundii	109.2004034234
GALACTUROCAT-PWY: D-galacturonate degradation I|g__Kluyvera.s__Kluyvera_cryocrescens	15.9198593578
PWY-6823: molybdopterin biosynthesis	6254.7830756776
PWY-6823: molybdopterin biosynthesis|g__Veillonella.s__Veillonella_parvula	1556.0521671007
PWY-6823: molybdopterin biosynthesis|g__Lactobacillus.s__Lactobacillus_fermentum	927.7182220173
PWY-6823: molybdopterin biosynthesis|g__Proteobacteria_unclassified.s__Proteobacteria_bacterium_CAG_139	763.8545032597
PWY-6823: molybdopterin biosynthesis|g__Citrobacter.s__Citrobacter_portucalensis	742.4001332186
PWY-6823: molybdopterin biosynthesis|g__Citrobacter.s__Citrobacter_youngae	449.6704279736
PWY-6823: molybdopterin biosynthesis|g__Veillonella.s__Veillonella_atypica	364.1525381875
PWY-6823: molybdopterin biosynthesis|g__Citrobacter.s__Citrobacter_freundii	304.0973628370
PWY-6823: molybdopterin biosynthesis|g__Escherichia.s__Escherichia_coli	274.2463400205
PWY-6823: molybdopterin biosynthesis|g__Klebsiella.s__Klebsiella_michiganensis	189.0447586664
PWY-6823: molybdopterin biosynthesis|g__Morganella.s__Morganella_morganii	138.1184022021
PWY-6823: molybdopterin biosynthesis|g__Klebsiella.s__Klebsiella_oxytoca	74.8192922386
PWY-6823: molybdopterin biosynthesis|g__Proteus.s__Proteus_vulgaris	32.3926443206
PWY-6823: molybdopterin biosynthesis|g__Veillonella.s__Veillonella_infantium	16.4305431386
PWY-6823: molybdopterin biosynthesis|g__Veillonella.s__Veillonella_dispar	15.7320515258
HOMOSER-METSYN-PWY: L-methionine biosynthesis I	6224.0952178123
HOMOSER-METSYN-PWY: L-methionine biosynthesis I|g__Citrobacter.s__Citrobacter_youngae	1682.3040264501
HOMOSER-METSYN-PWY: L-methionine biosynthesis I|g__Citrobacter.s__Citrobacter_portucalensis	1017.1218303121
HOMOSER-METSYN-PWY: L-methionine biosynthesis I|g__Escherichia.s__Escherichia_coli	681.2589058880
HOMOSER-METSYN-PWY: L-methionine biosynthesis I|g__Klebsiella.s__Klebsiella_oxytoca	443.6578592801
HOMOSER-METSYN-PWY: L-methionine biosynthesis I|g__Klebsiella.s__Klebsiella_michiganensis	151.4881079716
HOMOSER-METSYN-PWY: L-methionine biosynthesis I|g__Morganella.s__Morganella_morganii	121.1609535448
HOMOSER-METSYN-PWY: L-methionine biosynthesis I|g__Citrobacter.s__Citrobacter_freundii	108.7910196103
HOMOSER-METSYN-PWY: L-methionine biosynthesis I|unclassified	19.7951240625
HOMOSER-METSYN-PWY: L-methionine biosynthesis I|g__Kluyvera.s__Kluyvera_cryocrescens	19.1222092831
HOMOSER-METSYN-PWY: L-methionine biosynthesis I|g__Proteus.s__Proteus_vulgaris	16.2660724394
PWY-6859: all-trans-farnesol biosynthesis	6211.3816313115
PWY-6859: all-trans-farnesol biosynthesis|g__Citrobacter.s__Citrobacter_portucalensis	1078.0643004190
PWY-6859: all-trans-farnesol biosynthesis|g__Lactobacillus.s__Lactobacillus_casei_group	1059.9502755177
PWY-6859: all-trans-farnesol biosynthesis|g__Lactobacillus.s__Lactobacillus_rhamnosus	976.4221376397
PWY-6859: all-trans-farnesol biosynthesis|g__Citrobacter.s__Citrobacter_youngae	688.1988769451
PWY-6859: all-trans-farnesol biosynthesis|g__Escherichia.s__Escherichia_coli	167.4648316207
PWY-6859: all-trans-farnesol biosynthesis|g__Pediococcus.s__Pediococcus_pentosaceus	154.4039342863
PWY-6859: all-trans-farnesol biosynthesis|g__Citrobacter.s__Citrobacter_freundii	30.0708532424
PWY-6859: all-trans-farnesol biosynthesis|g__Klebsiella.s__Klebsiella_oxytoca	22.2163217230
PWY-5345: superpathway of L-methionine biosynthesis (by sulfhydrylation)	6171.7629080305
PWY-5345: superpathway of L-methionine biosynthesis (by sulfhydrylation)|unclassified	187.2334697645
PWY-7117: C4 photosynthetic carbon assimilation cycle, PEPCK type	6094.4340571547
PWY-7117: C4 photosynthetic carbon assimilation cycle, PEPCK type|g__Citrobacter.s__Citrobacter_portucalensis	1412.2734116991
PWY-7117: C4 photosynthetic carbon assimilation cycle, PEPCK type|g__Escherichia.s__Escherichia_coli	761.0713128605
PWY-7117: C4 photosynthetic carbon assimilation cycle, PEPCK type|g__Citrobacter.s__Citrobacter_youngae	369.7033656171
PWY-7117: C4 photosynthetic carbon assimilation cycle, PEPCK type|g__Klebsiella.s__Klebsiella_michiganensis	311.4079542479
PWY-7117: C4 photosynthetic carbon assimilation cycle, PEPCK type|unclassified	260.2309034001
PWY-7117: C4 photosynthetic carbon assimilation cycle, PEPCK type|g__Citrobacter.s__Citrobacter_freundii	231.2900826000
PWY-7117: C4 photosynthetic carbon assimilation cycle, PEPCK type|g__Klebsiella.s__Klebsiella_oxytoca	182.1734218524
PWY-7117: C4 photosynthetic carbon assimilation cycle, PEPCK type|g__Morganella.s__Morganella_morganii	138.8132382776
PWY-7117: C4 photosynthetic carbon assimilation cycle, PEPCK type|g__Kluyvera.s__Kluyvera_cryocrescens	24.5026571074
PWY-7117: C4 photosynthetic carbon assimilation cycle, PEPCK type|g__Proteus.s__Proteus_vulgaris	21.4787407037
PWY-7392: taxadiene biosynthesis (engineered)	6012.9193543263
PWY-6630: superpathway of L-tyrosine biosynthesis	6003.6022631121
PWY-6630: superpathway of L-tyrosine biosynthesis|g__Streptococcus.s__Streptococcus_thermophilus	347.9220157005
PWY-6630: superpathway of L-tyrosine biosynthesis|g__Citrobacter.s__Citrobacter_freundii	125.6066995594
PWY-6630: superpathway of L-tyrosine biosynthesis|g__Klebsiella.s__Klebsiella_michiganensis	119.5692670307
PWY-6630: superpathway of L-tyrosine biosynthesis|g__Klebsiella.s__Klebsiella_oxytoca	115.0268684819
PWY-6630: superpathway of L-tyrosine biosynthesis|unclassified	105.1476233678
PWY-6630: superpathway of L-tyrosine biosynthesis|g__Escherichia.s__Escherichia_coli	96.9820312714
PWY-6630: superpathway of L-tyrosine biosynthesis|g__Kluyvera.s__Kluyvera_cryocrescens	26.4065812170
PWY-5138: fatty acid &beta;-oxidation IV (unsaturated, even number)	5787.4757466464
PWY-5138: fatty acid &beta;-oxidation IV (unsaturated, even number)|g__Citrobacter.s__Citrobacter_portucalensis	2219.4180959198
PWY-5138: fatty acid &beta;-oxidation IV (unsaturated, even number)|g__Citrobacter.s__Citrobacter_youngae	935.8860646466
PWY-5138: fatty acid &beta;-oxidation IV (unsaturated, even number)|g__Klebsiella.s__Klebsiella_oxytoca	566.2531896593
PWY-5138: fatty acid &beta;-oxidation IV (unsaturated, even number)|unclassified	500.8882361850
PWY-5138: fatty acid &beta;-oxidation IV (unsaturated, even number)|g__Escherichia.s__Escherichia_coli	457.4000388671
PWY-5138: fatty acid &beta;-oxidation IV (unsaturated, even number)|g__Citrobacter.s__Citrobacter_freundii	327.1687688579
PWY-5138: fatty acid &beta;-oxidation IV (unsaturated, even number)|g__Klebsiella.s__Klebsiella_michiganensis	282.9837521261
PWY-5138: fatty acid &beta;-oxidation IV (unsaturated, even number)|g__Morganella.s__Morganella_morganii	155.5736690528
PWY-5138: fatty acid &beta;-oxidation IV (unsaturated, even number)|g__Kluyvera.s__Kluyvera_cryocrescens	20.5769593090
PWY-5138: fatty acid &beta;-oxidation IV (unsaturated, even number)|g__Proteus.s__Proteus_mirabilis	8.8602068891
PWY-5138: fatty acid &beta;-oxidation IV (unsaturated, even number)|g__Escherichia.s__Escherichia_fergusonii	5.8801920764
PWY-5138: fatty acid &beta;-oxidation IV (unsaturated, even number)|g__Proteus.s__Proteus_vulgaris	4.4276930677
PWY-6353: purine nucleotides degradation II (aerobic)	5762.1171490037
PWY-6353: purine nucleotides degradation II (aerobic)|g__Escherichia.s__Escherichia_coli	814.9625388866
PWY-6353: purine nucleotides degradation II (aerobic)|unclassified	82.4880398480
PWY-6353: purine nucleotides degradation II (aerobic)|g__Klebsiella.s__Klebsiella_oxytoca	51.1264130668
PWY-1269: CMP-3-deoxy-D-manno-octulosonate biosynthesis	5752.3047588464
PWY-1269: CMP-3-deoxy-D-manno-octulosonate biosynthesis|g__Citrobacter.s__Citrobacter_freundii	834.2020313494
PWY-1269: CMP-3-deoxy-D-manno-octulosonate biosynthesis|g__Citrobacter.s__Citrobacter_youngae	608.4133527330
PWY-1269: CMP-3-deoxy-D-manno-octulosonate biosynthesis|g__Citrobacter.s__Citrobacter_portucalensis	525.8915885834
PWY-1269: CMP-3-deoxy-D-manno-octulosonate biosynthesis|g__Escherichia.s__Escherichia_coli	499.1593332096
PWY-1269: CMP-3-deoxy-D-manno-octulosonate biosynthesis|g__Klebsiella.s__Klebsiella_oxytoca	239.6221354815
PWY-1269: CMP-3-deoxy-D-manno-octulosonate biosynthesis|g__Klebsiella.s__Klebsiella_michiganensis	160.5988355564
PWY-1269: CMP-3-deoxy-D-manno-octulosonate biosynthesis|g__Morganella.s__Morganella_morganii	111.6932901512
PWY-1269: CMP-3-deoxy-D-manno-octulosonate biosynthesis|unclassified	28.6984544030
PWY-1269: CMP-3-deoxy-D-manno-octulosonate biosynthesis|g__Kluyvera.s__Kluyvera_cryocrescens	26.3599309317
PWY-1269: CMP-3-deoxy-D-manno-octulosonate biosynthesis|g__Proteus.s__Proteus_vulgaris	20.2037579442
COBALSYN-PWY: superpathway of adenosylcobalamin salvage from cobinamide I	5704.9472386996
COBALSYN-PWY: superpathway of adenosylcobalamin salvage from cobinamide I|g__Escherichia.s__Escherichia_coli	439.8905334547
COBALSYN-PWY: superpathway of adenosylcobalamin salvage from cobinamide I|g__Citrobacter.s__Citrobacter_portucalensis	306.0656551103
COBALSYN-PWY: superpathway of adenosylcobalamin salvage from cobinamide I|g__Klebsiella.s__Klebsiella_michiganensis	229.6802491725
COBALSYN-PWY: superpathway of adenosylcobalamin salvage from cobinamide I|g__Klebsiella.s__Klebsiella_oxytoca	210.6888625735
COBALSYN-PWY: superpathway of adenosylcobalamin salvage from cobinamide I|g__Morganella.s__Morganella_morganii	148.0959095590
COBALSYN-PWY: superpathway of adenosylcobalamin salvage from cobinamide I|g__Citrobacter.s__Citrobacter_youngae	137.5452159376
COBALSYN-PWY: superpathway of adenosylcobalamin salvage from cobinamide I|g__Citrobacter.s__Citrobacter_freundii	47.0031648641
COBALSYN-PWY: superpathway of adenosylcobalamin salvage from cobinamide I|g__Kluyvera.s__Kluyvera_cryocrescens	21.4771601975
PWY0-781: aspartate superpathway	5639.7495480978
PWY0-781: aspartate superpathway|g__Escherichia.s__Escherichia_coli	359.5013428986
PWY0-781: aspartate superpathway|unclassified	45.8831595387
ARG+POLYAMINE-SYN: superpathway of arginine and polyamine biosynthesis	5603.1821189124
ARG+POLYAMINE-SYN: superpathway of arginine and polyamine biosynthesis|g__Escherichia.s__Escherichia_coli	587.0168474486
ARG+POLYAMINE-SYN: superpathway of arginine and polyamine biosynthesis|g__Klebsiella.s__Klebsiella_oxytoca	137.4618668473
ARG+POLYAMINE-SYN: superpathway of arginine and polyamine biosynthesis|g__Klebsiella.s__Klebsiella_michiganensis	125.8231568773
ARG+POLYAMINE-SYN: superpathway of arginine and polyamine biosynthesis|unclassified	27.3300177299
PWY-5860: superpathway of demethylmenaquinol-6 biosynthesis I	5591.7037095426
PWY-5860: superpathway of demethylmenaquinol-6 biosynthesis I|g__Citrobacter.s__Citrobacter_youngae	720.0594392292
PWY-5860: superpathway of demethylmenaquinol-6 biosynthesis I|g__Citrobacter.s__Citrobacter_portucalensis	682.1616553769
PWY-5860: superpathway of demethylmenaquinol-6 biosynthesis I|g__Escherichia.s__Escherichia_coli	542.5919382370
PWY-5860: superpathway of demethylmenaquinol-6 biosynthesis I|g__Klebsiella.s__Klebsiella_oxytoca	202.5411206344
PWY-5860: superpathway of demethylmenaquinol-6 biosynthesis I|g__Citrobacter.s__Citrobacter_freundii	148.2052158039
PWY-5860: superpathway of demethylmenaquinol-6 biosynthesis I|g__Klebsiella.s__Klebsiella_michiganensis	58.7067777924
PWY-5860: superpathway of demethylmenaquinol-6 biosynthesis I|unclassified	49.6548771794
PWY-5860: superpathway of demethylmenaquinol-6 biosynthesis I|g__Kluyvera.s__Kluyvera_cryocrescens	21.7919904129
PWY-5861: superpathway of demethylmenaquinol-8 biosynthesis I	5591.7037095426
PWY-5861: superpathway of demethylmenaquinol-8 biosynthesis I|g__Citrobacter.s__Citrobacter_youngae	720.0594392292
PWY-5861: superpathway of demethylmenaquinol-8 biosynthesis I|g__Citrobacter.s__Citrobacter_portucalensis	682.1616553769
PWY-5861: superpathway of demethylmenaquinol-8 biosynthesis I|g__Escherichia.s__Escherichia_coli	629.6665879321
PWY-5861: superpathway of demethylmenaquinol-8 biosynthesis I|g__Citrobacter.s__Citrobacter_freundii	290.9504087188
PWY-5861: superpathway of demethylmenaquinol-8 biosynthesis I|g__Klebsiella.s__Klebsiella_oxytoca	256.4373501676
PWY-5861: superpathway of demethylmenaquinol-8 biosynthesis I|g__Morganella.s__Morganella_morganii	94.2162755805
PWY-5861: superpathway of demethylmenaquinol-8 biosynthesis I|g__Klebsiella.s__Klebsiella_michiganensis	78.0076521286
PWY-5861: superpathway of demethylmenaquinol-8 biosynthesis I|unclassified	69.1549352968
PWY-5861: superpathway of demethylmenaquinol-8 biosynthesis I|g__Kluyvera.s__Kluyvera_cryocrescens	24.8808828293
PWY-5862: superpathway of demethylmenaquinol-9 biosynthesis	5591.7037095426
PWY-5862: superpathway of demethylmenaquinol-9 biosynthesis|g__Citrobacter.s__Citrobacter_youngae	720.0594392292
PWY-5862: superpathway of demethylmenaquinol-9 biosynthesis|g__Citrobacter.s__Citrobacter_portucalensis	682.1616553769
PWY-5862: superpathway of demethylmenaquinol-9 biosynthesis|g__Escherichia.s__Escherichia_coli	542.5919382370
PWY-5862: superpathway of demethylmenaquinol-9 biosynthesis|g__Klebsiella.s__Klebsiella_oxytoca	202.5411206344
PWY-5862: superpathway of demethylmenaquinol-9 biosynthesis|g__Citrobacter.s__Citrobacter_freundii	148.2052158039
PWY-5862: superpathway of demethylmenaquinol-9 biosynthesis|g__Klebsiella.s__Klebsiella_michiganensis	58.7067777924
PWY-5862: superpathway of demethylmenaquinol-9 biosynthesis|unclassified	49.6548771794
PWY-5862: superpathway of demethylmenaquinol-9 biosynthesis|g__Kluyvera.s__Kluyvera_cryocrescens	21.7919904129
PWY-5918: superpathway of heme b biosynthesis from glutamate	5542.4228358390
PWY-5918: superpathway of heme b biosynthesis from glutamate|g__Citrobacter.s__Citrobacter_portucalensis	866.4503841243
PWY-5918: superpathway of heme b biosynthesis from glutamate|g__Escherichia.s__Escherichia_coli	628.4909050512
PWY-5918: superpathway of heme b biosynthesis from glutamate|g__Klebsiella.s__Klebsiella_oxytoca	161.6172842858
PWY-5918: superpathway of heme b biosynthesis from glutamate|g__Klebsiella.s__Klebsiella_michiganensis	107.3578640828
PWY-5918: superpathway of heme b biosynthesis from glutamate|unclassified	84.8443520088
PWY-5918: superpathway of heme b biosynthesis from glutamate|g__Morganella.s__Morganella_morganii	84.7840078517
PWY-5918: superpathway of heme b biosynthesis from glutamate|g__Citrobacter.s__Citrobacter_youngae	74.6642381224
PWY-5918: superpathway of heme b biosynthesis from glutamate|g__Citrobacter.s__Citrobacter_freundii	6.5623512195
PWY-5918: superpathway of heme b biosynthesis from glutamate|g__Proteus.s__Proteus_vulgaris	5.9369411224
PWY-6961: L-ascorbate degradation II (bacterial, aerobic)	5520.3721173300
PWY-6961: L-ascorbate degradation II (bacterial, aerobic)|g__Citrobacter.s__Citrobacter_portucalensis	2466.7391426538
PWY-6961: L-ascorbate degradation II (bacterial, aerobic)|g__Escherichia.s__Escherichia_coli	719.0031262916
PWY-6961: L-ascorbate degradation II (bacterial, aerobic)|g__Citrobacter.s__Citrobacter_freundii	302.6092643603
PWY-6961: L-ascorbate degradation II (bacterial, aerobic)|g__Klebsiella.s__Klebsiella_michiganensis	184.6686101371
PWY-6961: L-ascorbate degradation II (bacterial, aerobic)|g__Klebsiella.s__Klebsiella_oxytoca	147.6220128340
PWY-6961: L-ascorbate degradation II (bacterial, aerobic)|unclassified	15.2592715587
PWY0-1241: ADP-L-glycero-&beta;-D-manno-heptose biosynthesis	5476.3150238148
PWY0-1241: ADP-L-glycero-&beta;-D-manno-heptose biosynthesis|g__Veillonella.s__Veillonella_parvula	1723.5911075017
PWY0-1241: ADP-L-glycero-&beta;-D-manno-heptose biosynthesis|g__Citrobacter.s__Citrobacter_portucalensis	985.4267370223
PWY0-1241: ADP-L-glycero-&beta;-D-manno-heptose biosynthesis|g__Citrobacter.s__Citrobacter_youngae	802.1136412276
PWY0-1241: ADP-L-glycero-&beta;-D-manno-heptose biosynthesis|g__Veillonella.s__Veillonella_atypica	332.4353078039
PWY0-1241: ADP-L-glycero-&beta;-D-manno-heptose biosynthesis|g__Klebsiella.s__Klebsiella_michiganensis	166.0166497929
PWY0-1241: ADP-L-glycero-&beta;-D-manno-heptose biosynthesis|g__Escherichia.s__Escherichia_coli	156.8552122766
PWY0-1241: ADP-L-glycero-&beta;-D-manno-heptose biosynthesis|g__Morganella.s__Morganella_morganii	130.9682669634
PWY0-1241: ADP-L-glycero-&beta;-D-manno-heptose biosynthesis|g__Klebsiella.s__Klebsiella_oxytoca	102.9476937383
PWY0-1241: ADP-L-glycero-&beta;-D-manno-heptose biosynthesis|g__Citrobacter.s__Citrobacter_freundii	87.8195929833
PWY0-1241: ADP-L-glycero-&beta;-D-manno-heptose biosynthesis|g__Kluyvera.s__Kluyvera_cryocrescens	20.6596479720
PWY0-1241: ADP-L-glycero-&beta;-D-manno-heptose biosynthesis|g__Veillonella.s__Veillonella_infantium	7.3026315739
PWY0-1241: ADP-L-glycero-&beta;-D-manno-heptose biosynthesis|g__Veillonella.s__Veillonella_dispar	4.4313710087
P42-PWY: incomplete reductive TCA cycle	5409.3106720425
P42-PWY: incomplete reductive TCA cycle|unclassified	132.1240358099
PWY-7115: C4 photosynthetic carbon assimilation cycle, NAD-ME type	5406.2329878205
PWY-7115: C4 photosynthetic carbon assimilation cycle, NAD-ME type|g__Citrobacter.s__Citrobacter_portucalensis	1412.5343493875
PWY-7115: C4 photosynthetic carbon assimilation cycle, NAD-ME type|g__Citrobacter.s__Citrobacter_youngae	1147.6142327768
PWY-7115: C4 photosynthetic carbon assimilation cycle, NAD-ME type|g__Escherichia.s__Escherichia_coli	321.7506451021
PWY-7115: C4 photosynthetic carbon assimilation cycle, NAD-ME type|g__Klebsiella.s__Klebsiella_michiganensis	269.0156300864
PWY-7115: C4 photosynthetic carbon assimilation cycle, NAD-ME type|g__Citrobacter.s__Citrobacter_freundii	249.5879090725
PWY-7115: C4 photosynthetic carbon assimilation cycle, NAD-ME type|g__Klebsiella.s__Klebsiella_oxytoca	171.8862682805
PWY-7115: C4 photosynthetic carbon assimilation cycle, NAD-ME type|g__Morganella.s__Morganella_morganii	120.0008392979
PWY-7115: C4 photosynthetic carbon assimilation cycle, NAD-ME type|unclassified	13.5297579368
GLUCUROCAT-PWY: superpathway of &beta;-D-glucuronosides degradation	5391.3093841190
GLUCUROCAT-PWY: superpathway of &beta;-D-glucuronosides degradation|g__Lactobacillus.s__Lactobacillus_rhamnosus	2740.8327439754
GLUCUROCAT-PWY: superpathway of &beta;-D-glucuronosides degradation|g__Citrobacter.s__Citrobacter_youngae	1030.1756292023
GLUCUROCAT-PWY: superpathway of &beta;-D-glucuronosides degradation|g__Citrobacter.s__Citrobacter_portucalensis	827.6667408178
GLUCUROCAT-PWY: superpathway of &beta;-D-glucuronosides degradation|g__Escherichia.s__Escherichia_coli	290.0525925097
GLUCUROCAT-PWY: superpathway of &beta;-D-glucuronosides degradation|unclassified	76.0451596027
GLUCUROCAT-PWY: superpathway of &beta;-D-glucuronosides degradation|g__Klebsiella.s__Klebsiella_oxytoca	57.9624542858
GLUCUROCAT-PWY: superpathway of &beta;-D-glucuronosides degradation|g__Citrobacter.s__Citrobacter_freundii	48.4615601110
THISYNARA-PWY: superpathway of thiamine diphosphate biosynthesis III (eukaryotes)	5274.9751030313
THISYNARA-PWY: superpathway of thiamine diphosphate biosynthesis III (eukaryotes)|g__Lactobacillus.s__Lactobacillus_rhamnosus	268.0535801993
THISYNARA-PWY: superpathway of thiamine diphosphate biosynthesis III (eukaryotes)|unclassified	72.4923824521
FOLSYN-PWY: superpathway of tetrahydrofolate biosynthesis and salvage	5227.0008772982
FOLSYN-PWY: superpathway of tetrahydrofolate biosynthesis and salvage|g__Klebsiella.s__Klebsiella_oxytoca	154.2274899000
FOLSYN-PWY: superpathway of tetrahydrofolate biosynthesis and salvage|g__Escherichia.s__Escherichia_coli	147.0676907380
FOLSYN-PWY: superpathway of tetrahydrofolate biosynthesis and salvage|unclassified	38.6562461287
PWY-6305: superpathway of putrescine biosynthesis	5218.1045334997
PWY-6305: superpathway of putrescine biosynthesis|g__Citrobacter.s__Citrobacter_portucalensis	1385.4147052605
PWY-6305: superpathway of putrescine biosynthesis|g__Escherichia.s__Escherichia_coli	595.4581453689
PWY-6305: superpathway of putrescine biosynthesis|g__Klebsiella.s__Klebsiella_oxytoca	409.1344999323
PWY-6305: superpathway of putrescine biosynthesis|g__Citrobacter.s__Citrobacter_youngae	141.7090279543
PWY-6305: superpathway of putrescine biosynthesis|g__Klebsiella.s__Klebsiella_michiganensis	76.2784763828
PWY-6305: superpathway of putrescine biosynthesis|g__Citrobacter.s__Citrobacter_freundii	71.6730711182
PWY-6305: superpathway of putrescine biosynthesis|unclassified	57.9761594821
PWY-6305: superpathway of putrescine biosynthesis|g__Kluyvera.s__Kluyvera_cryocrescens	25.4451727544
PWY-7118: chitin deacetylation	5194.3798656286
PWY-7118: chitin deacetylation|g__Citrobacter.s__Citrobacter_portucalensis	1230.3358872838
PWY-7118: chitin deacetylation|g__Escherichia.s__Escherichia_coli	473.6487301124
PWY-7118: chitin deacetylation|g__Klebsiella.s__Klebsiella_oxytoca	412.4392381740
PWY-7118: chitin deacetylation|g__Citrobacter.s__Citrobacter_freundii	291.7345233462
PWY-7118: chitin deacetylation|g__Klebsiella.s__Klebsiella_michiganensis	124.1803699641
PWY-7118: chitin deacetylation|unclassified	93.9044766620
PWY-7118: chitin deacetylation|g__Citrobacter.s__Citrobacter_youngae	56.6427155477
PWY-7118: chitin deacetylation|g__Proteus.s__Proteus_vulgaris	26.2964790216
NAGLIPASYN-PWY: lipid IVA biosynthesis (E. coli)	5193.2403452428
NAGLIPASYN-PWY: lipid IVA biosynthesis (E. coli)|g__Citrobacter.s__Citrobacter_portucalensis	977.1598389613
NAGLIPASYN-PWY: lipid IVA biosynthesis (E. coli)|g__Proteobacteria_unclassified.s__Proteobacteria_bacterium_CAG_139	900.8394252993
NAGLIPASYN-PWY: lipid IVA biosynthesis (E. coli)|g__Escherichia.s__Escherichia_coli	562.2505949727
NAGLIPASYN-PWY: lipid IVA biosynthesis (E. coli)|g__Klebsiella.s__Klebsiella_oxytoca	238.2958039424
NAGLIPASYN-PWY: lipid IVA biosynthesis (E. coli)|g__Klebsiella.s__Klebsiella_michiganensis	161.7710330519
NAGLIPASYN-PWY: lipid IVA biosynthesis (E. coli)|g__Morganella.s__Morganella_morganii	113.2930149139
NAGLIPASYN-PWY: lipid IVA biosynthesis (E. coli)|g__Citrobacter.s__Citrobacter_youngae	101.3420887431
NAGLIPASYN-PWY: lipid IVA biosynthesis (E. coli)|g__Citrobacter.s__Citrobacter_freundii	33.4207450872
NAGLIPASYN-PWY: lipid IVA biosynthesis (E. coli)|g__Kluyvera.s__Kluyvera_cryocrescens	20.1863301882
NAGLIPASYN-PWY: lipid IVA biosynthesis (E. coli)|g__Proteus.s__Proteus_vulgaris	18.7193784187
PWY-8073: lipid IVA biosynthesis (P. putida)	5193.2403452428
PWY-8073: lipid IVA biosynthesis (P. putida)|g__Citrobacter.s__Citrobacter_portucalensis	977.1598389613
PWY-8073: lipid IVA biosynthesis (P. putida)|g__Proteobacteria_unclassified.s__Proteobacteria_bacterium_CAG_139	900.8394252993
PWY-8073: lipid IVA biosynthesis (P. putida)|g__Escherichia.s__Escherichia_coli	562.2505949727
PWY-8073: lipid IVA biosynthesis (P. putida)|g__Klebsiella.s__Klebsiella_oxytoca	238.2958039424
PWY-8073: lipid IVA biosynthesis (P. putida)|g__Klebsiella.s__Klebsiella_michiganensis	161.7710330519
PWY-8073: lipid IVA biosynthesis (P. putida)|g__Morganella.s__Morganella_morganii	113.2930149139
PWY-8073: lipid IVA biosynthesis (P. putida)|g__Citrobacter.s__Citrobacter_youngae	101.3420887431
PWY-8073: lipid IVA biosynthesis (P. putida)|g__Citrobacter.s__Citrobacter_freundii	33.4207450872
PWY-8073: lipid IVA biosynthesis (P. putida)|g__Kluyvera.s__Kluyvera_cryocrescens	20.1863301882
PWY-8073: lipid IVA biosynthesis (P. putida)|g__Proteus.s__Proteus_vulgaris	18.7193784187
PWY-5659: GDP-mannose biosynthesis	5125.6920240785
PWY-5659: GDP-mannose biosynthesis|g__Citrobacter.s__Citrobacter_youngae	676.0801486195
PWY-5659: GDP-mannose biosynthesis|g__Escherichia.s__Escherichia_coli	559.1441222028
PWY-5659: GDP-mannose biosynthesis|g__Citrobacter.s__Citrobacter_portucalensis	503.1539983752
PWY-5659: GDP-mannose biosynthesis|g__Streptococcus.s__Streptococcus_thermophilus	375.8244089398
PWY-5659: GDP-mannose biosynthesis|unclassified	329.0191025637
PWY-5659: GDP-mannose biosynthesis|g__Klebsiella.s__Klebsiella_oxytoca	164.5326130755
PWY-5659: GDP-mannose biosynthesis|g__Klebsiella.s__Klebsiella_michiganensis	86.2074977401
PWY-5659: GDP-mannose biosynthesis|g__Citrobacter.s__Citrobacter_freundii	82.3777245819
PWY-5659: GDP-mannose biosynthesis|g__Kluyvera.s__Kluyvera_cryocrescens	10.3439031376
PWY-5659: GDP-mannose biosynthesis|g__Escherichia.s__Escherichia_fergusonii	4.4299718572
FUC-RHAMCAT-PWY: superpathway of fucose and rhamnose degradation	5007.8442493501
FUC-RHAMCAT-PWY: superpathway of fucose and rhamnose degradation|g__Citrobacter.s__Citrobacter_portucalensis	1024.3670605395
FUC-RHAMCAT-PWY: superpathway of fucose and rhamnose degradation|g__Escherichia.s__Escherichia_coli	634.5510534231
FUC-RHAMCAT-PWY: superpathway of fucose and rhamnose degradation|g__Klebsiella.s__Klebsiella_oxytoca	244.3506316870
FUC-RHAMCAT-PWY: superpathway of fucose and rhamnose degradation|g__Citrobacter.s__Citrobacter_youngae	127.1159496831
FUC-RHAMCAT-PWY: superpathway of fucose and rhamnose degradation|unclassified	122.8509819499
FUC-RHAMCAT-PWY: superpathway of fucose and rhamnose degradation|g__Klebsiella.s__Klebsiella_michiganensis	93.1594194557
FUC-RHAMCAT-PWY: superpathway of fucose and rhamnose degradation|g__Kluyvera.s__Kluyvera_cryocrescens	19.2731641136
PWY0-1415: superpathway of heme b biosynthesis from uroporphyrinogen-III	4971.3159832347
PWY0-1415: superpathway of heme b biosynthesis from uroporphyrinogen-III|g__Citrobacter.s__Citrobacter_portucalensis	1357.3732690238
PWY0-1415: superpathway of heme b biosynthesis from uroporphyrinogen-III|g__Escherichia.s__Escherichia_coli	622.7415887637
PWY0-1415: superpathway of heme b biosynthesis from uroporphyrinogen-III|g__Klebsiella.s__Klebsiella_oxytoca	268.5542753209
PWY0-1415: superpathway of heme b biosynthesis from uroporphyrinogen-III|unclassified	143.6908484912
PWY0-1415: superpathway of heme b biosynthesis from uroporphyrinogen-III|g__Klebsiella.s__Klebsiella_michiganensis	139.2786268904
PWY0-1415: superpathway of heme b biosynthesis from uroporphyrinogen-III|g__Morganella.s__Morganella_morganii	56.0878565173
PWY0-1415: superpathway of heme b biosynthesis from uroporphyrinogen-III|g__Citrobacter.s__Citrobacter_youngae	47.9484334638
PWY0-1415: superpathway of heme b biosynthesis from uroporphyrinogen-III|g__Kluyvera.s__Kluyvera_cryocrescens	30.7173050318
PWY0-1415: superpathway of heme b biosynthesis from uroporphyrinogen-III|g__Proteus.s__Proteus_vulgaris	21.6743970662
PWY0-1415: superpathway of heme b biosynthesis from uroporphyrinogen-III|g__Citrobacter.s__Citrobacter_freundii	5.0694541591
PWY-7187: pyrimidine deoxyribonucleotides de novo biosynthesis II	4927.6016871814
PWY-7187: pyrimidine deoxyribonucleotides de novo biosynthesis II|g__Citrobacter.s__Citrobacter_portucalensis	1003.4120468422
PWY-7187: pyrimidine deoxyribonucleotides de novo biosynthesis II|g__Citrobacter.s__Citrobacter_youngae	583.9148503802
PWY-7187: pyrimidine deoxyribonucleotides de novo biosynthesis II|g__Escherichia.s__Escherichia_coli	359.5623654040
PWY-7187: pyrimidine deoxyribonucleotides de novo biosynthesis II|g__Klebsiella.s__Klebsiella_oxytoca	146.1734116447
PWY-7187: pyrimidine deoxyribonucleotides de novo biosynthesis II|g__Klebsiella.s__Klebsiella_michiganensis	48.8139246151
PWY-7187: pyrimidine deoxyribonucleotides de novo biosynthesis II|g__Citrobacter.s__Citrobacter_freundii	29.6784924330
PWY-7187: pyrimidine deoxyribonucleotides de novo biosynthesis II|g__Kluyvera.s__Kluyvera_cryocrescens	20.8239529304
HEME-BIOSYNTHESIS-II-1: heme b biosynthesis V (aerobic)	4894.0614648288
HEME-BIOSYNTHESIS-II-1: heme b biosynthesis V (aerobic)|g__Citrobacter.s__Citrobacter_portucalensis	1157.8124059713
HEME-BIOSYNTHESIS-II-1: heme b biosynthesis V (aerobic)|g__Citrobacter.s__Citrobacter_youngae	929.8305809242
HEME-BIOSYNTHESIS-II-1: heme b biosynthesis V (aerobic)|g__Escherichia.s__Escherichia_coli	575.1471402865
HEME-BIOSYNTHESIS-II-1: heme b biosynthesis V (aerobic)|g__Klebsiella.s__Klebsiella_oxytoca	346.0433579443
HEME-BIOSYNTHESIS-II-1: heme b biosynthesis V (aerobic)|unclassified	155.9310596823
HEME-BIOSYNTHESIS-II-1: heme b biosynthesis V (aerobic)|g__Klebsiella.s__Klebsiella_michiganensis	143.1449642524
HEME-BIOSYNTHESIS-II-1: heme b biosynthesis V (aerobic)|g__Morganella.s__Morganella_morganii	65.9379283170
HEME-BIOSYNTHESIS-II-1: heme b biosynthesis V (aerobic)|g__Kluyvera.s__Kluyvera_cryocrescens	27.3401313156
HEME-BIOSYNTHESIS-II-1: heme b biosynthesis V (aerobic)|g__Proteus.s__Proteus_vulgaris	18.6467003996
HEME-BIOSYNTHESIS-II-1: heme b biosynthesis V (aerobic)|g__Citrobacter.s__Citrobacter_freundii	3.8452715186
DTDPRHAMSYN-PWY: dTDP-&beta;-L-rhamnose biosynthesis	4890.8543561296
DTDPRHAMSYN-PWY: dTDP-&beta;-L-rhamnose biosynthesis|g__Escherichia.s__Escherichia_coli	669.5978803263
DTDPRHAMSYN-PWY: dTDP-&beta;-L-rhamnose biosynthesis|unclassified	538.3149636875
DTDPRHAMSYN-PWY: dTDP-&beta;-L-rhamnose biosynthesis|g__Streptococcus.s__Streptococcus_thermophilus	361.5693292990
DTDPRHAMSYN-PWY: dTDP-&beta;-L-rhamnose biosynthesis|g__Klebsiella.s__Klebsiella_oxytoca	250.5558050183
DTDPRHAMSYN-PWY: dTDP-&beta;-L-rhamnose biosynthesis|g__Lactobacillus.s__Lactobacillus_casei_group	211.2360049924
DTDPRHAMSYN-PWY: dTDP-&beta;-L-rhamnose biosynthesis|g__Pediococcus.s__Pediococcus_pentosaceus	113.4415016119
DTDPRHAMSYN-PWY: dTDP-&beta;-L-rhamnose biosynthesis|g__Klebsiella.s__Klebsiella_michiganensis	88.0576387513
DTDPRHAMSYN-PWY: dTDP-&beta;-L-rhamnose biosynthesis|g__Lactobacillus.s__Lactobacillus_rhamnosus	77.0029541787
DTDPRHAMSYN-PWY: dTDP-&beta;-L-rhamnose biosynthesis|g__Pediococcus.s__Pediococcus_acidilactici	51.9350157667
DTDPRHAMSYN-PWY: dTDP-&beta;-L-rhamnose biosynthesis|g__Lactobacillus.s__Lactobacillus_plantarum	50.8515774053
DTDPRHAMSYN-PWY: dTDP-&beta;-L-rhamnose biosynthesis|g__Escherichia.s__Escherichia_fergusonii	2.4415395908
PWY-7858: (5Z)-dodecenoate biosynthesis II	4819.9754666509
PWY-7858: (5Z)-dodecenoate biosynthesis II|g__Citrobacter.s__Citrobacter_portucalensis	1086.8345156830
PWY-7858: (5Z)-dodecenoate biosynthesis II|g__Citrobacter.s__Citrobacter_youngae	592.3529768737
PWY-7858: (5Z)-dodecenoate biosynthesis II|g__Escherichia.s__Escherichia_coli	400.5367492698
PWY-7858: (5Z)-dodecenoate biosynthesis II|g__Klebsiella.s__Klebsiella_michiganensis	191.7105912412
PWY-7858: (5Z)-dodecenoate biosynthesis II|g__Morganella.s__Morganella_morganii	119.7850080657
PWY-7858: (5Z)-dodecenoate biosynthesis II|g__Klebsiella.s__Klebsiella_oxytoca	109.9183887935
PWY-7858: (5Z)-dodecenoate biosynthesis II|unclassified	75.1199317936
PWY-7858: (5Z)-dodecenoate biosynthesis II|g__Kluyvera.s__Kluyvera_cryocrescens	28.3460730315
PWY-7858: (5Z)-dodecenoate biosynthesis II|g__Proteus.s__Proteus_vulgaris	23.4036597948
PWY-5913: partial TCA cycle (obligate autotrophs)	4780.6576639624
PWY-5913: partial TCA cycle (obligate autotrophs)|g__Citrobacter.s__Citrobacter_portucalensis	1517.8546938821
PWY-5913: partial TCA cycle (obligate autotrophs)|g__Escherichia.s__Escherichia_coli	606.2282318614
PWY-5913: partial TCA cycle (obligate autotrophs)|g__Klebsiella.s__Klebsiella_michiganensis	259.4200438892
PWY-5913: partial TCA cycle (obligate autotrophs)|g__Klebsiella.s__Klebsiella_oxytoca	217.4773262250
PWY-5913: partial TCA cycle (obligate autotrophs)|unclassified	203.2904962619
PWY-5913: partial TCA cycle (obligate autotrophs)|g__Citrobacter.s__Citrobacter_freundii	169.5106432829
PWY-5913: partial TCA cycle (obligate autotrophs)|g__Citrobacter.s__Citrobacter_youngae	144.2312275126
PWY-5913: partial TCA cycle (obligate autotrophs)|g__Kluyvera.s__Kluyvera_cryocrescens	23.2347879371
PWY-6471: peptidoglycan biosynthesis IV (Enterococcus faecium)	4745.1669638410
PWY-6471: peptidoglycan biosynthesis IV (Enterococcus faecium)|g__Lactobacillus.s__Lactobacillus_fermentum	1325.4359005950
ORNDEG-PWY: superpathway of ornithine degradation	4742.2545873693
ORNDEG-PWY: superpathway of ornithine degradation|g__Citrobacter.s__Citrobacter_portucalensis	1058.0947086699
ORNDEG-PWY: superpathway of ornithine degradation|g__Citrobacter.s__Citrobacter_youngae	1034.2023215395
ORNDEG-PWY: superpathway of ornithine degradation|g__Escherichia.s__Escherichia_coli	832.7350539808
ORNDEG-PWY: superpathway of ornithine degradation|g__Klebsiella.s__Klebsiella_oxytoca	320.2640171127
ORNDEG-PWY: superpathway of ornithine degradation|unclassified	134.0374268494
ORNDEG-PWY: superpathway of ornithine degradation|g__Citrobacter.s__Citrobacter_freundii	83.9215853079
ORNDEG-PWY: superpathway of ornithine degradation|g__Klebsiella.s__Klebsiella_michiganensis	83.2094066959
ORNDEG-PWY: superpathway of ornithine degradation|g__Kluyvera.s__Kluyvera_cryocrescens	28.5890273818
PWY-7356: thiamine diphosphate salvage IV (yeast)	4628.5216591985
PWY-7356: thiamine diphosphate salvage IV (yeast)|g__Lactobacillus.s__Lactobacillus_casei_group	1114.2866093095
PWY-7356: thiamine diphosphate salvage IV (yeast)|g__Lactobacillus.s__Lactobacillus_rhamnosus	763.0107950397
PWY-7356: thiamine diphosphate salvage IV (yeast)|g__Lactobacillus.s__Lactobacillus_fermentum	551.4934805267
PWY-7356: thiamine diphosphate salvage IV (yeast)|g__Pediococcus.s__Pediococcus_pentosaceus	154.2901937225
PWY-7356: thiamine diphosphate salvage IV (yeast)|g__Klebsiella.s__Klebsiella_oxytoca	105.2038965666
PWY-7356: thiamine diphosphate salvage IV (yeast)|g__Pediococcus.s__Pediococcus_acidilactici	63.8613550339
PWY-7356: thiamine diphosphate salvage IV (yeast)|g__Klebsiella.s__Klebsiella_michiganensis	39.8359184685
PWY0-845: superpathway of pyridoxal 5'-phosphate biosynthesis and salvage	4624.4086850079
PWY0-845: superpathway of pyridoxal 5'-phosphate biosynthesis and salvage|g__Citrobacter.s__Citrobacter_portucalensis	1124.5062442557
PWY0-845: superpathway of pyridoxal 5'-phosphate biosynthesis and salvage|g__Escherichia.s__Escherichia_coli	458.4162275259
PWY0-845: superpathway of pyridoxal 5'-phosphate biosynthesis and salvage|g__Citrobacter.s__Citrobacter_freundii	347.5020030702
PWY0-845: superpathway of pyridoxal 5'-phosphate biosynthesis and salvage|g__Klebsiella.s__Klebsiella_oxytoca	235.1050449735
PWY0-845: superpathway of pyridoxal 5'-phosphate biosynthesis and salvage|g__Citrobacter.s__Citrobacter_youngae	151.6564362660
PWY0-845: superpathway of pyridoxal 5'-phosphate biosynthesis and salvage|g__Klebsiella.s__Klebsiella_michiganensis	104.7445499370
PWY0-845: superpathway of pyridoxal 5'-phosphate biosynthesis and salvage|g__Morganella.s__Morganella_morganii	82.0225821161
PWY0-845: superpathway of pyridoxal 5'-phosphate biosynthesis and salvage|unclassified	71.1762405195
PWY0-845: superpathway of pyridoxal 5'-phosphate biosynthesis and salvage|g__Proteus.s__Proteus_vulgaris	19.4909397127
GLYOXYLATE-BYPASS: glyoxylate cycle	4537.8995437745
GLYOXYLATE-BYPASS: glyoxylate cycle|g__Citrobacter.s__Citrobacter_portucalensis	1225.2299355930
GLYOXYLATE-BYPASS: glyoxylate cycle|g__Citrobacter.s__Citrobacter_youngae	805.7724924383
GLYOXYLATE-BYPASS: glyoxylate cycle|g__Escherichia.s__Escherichia_coli	554.5746551944
GLYOXYLATE-BYPASS: glyoxylate cycle|g__Klebsiella.s__Klebsiella_oxytoca	248.0209114067
GLYOXYLATE-BYPASS: glyoxylate cycle|g__Citrobacter.s__Citrobacter_freundii	142.0798994671
GLYOXYLATE-BYPASS: glyoxylate cycle|unclassified	133.8022685167
GLYOXYLATE-BYPASS: glyoxylate cycle|g__Klebsiella.s__Klebsiella_michiganensis	108.7644119747
GLYOXYLATE-BYPASS: glyoxylate cycle|g__Proteus.s__Proteus_vulgaris	25.2792991601
GLYOXYLATE-BYPASS: glyoxylate cycle|g__Kluyvera.s__Kluyvera_cryocrescens	15.1940817667
GLYOXYLATE-BYPASS: glyoxylate cycle|g__Escherichia.s__Escherichia_fergusonii	1.4935604229
PWY-7328: superpathway of UDP-glucose-derived O-antigen building blocks biosynthesis	4504.6551428554
PWY-7328: superpathway of UDP-glucose-derived O-antigen building blocks biosynthesis|g__Klebsiella.s__Klebsiella_oxytoca	155.7170157289
PWY-7328: superpathway of UDP-glucose-derived O-antigen building blocks biosynthesis|unclassified	127.4448686108
PWY-7328: superpathway of UDP-glucose-derived O-antigen building blocks biosynthesis|g__Klebsiella.s__Klebsiella_michiganensis	90.2606105275
GOLPDLCAT-PWY: superpathway of glycerol degradation to 1,3-propanediol	4453.3927681568
GOLPDLCAT-PWY: superpathway of glycerol degradation to 1,3-propanediol|g__Citrobacter.s__Citrobacter_portucalensis	1376.8080848481
GOLPDLCAT-PWY: superpathway of glycerol degradation to 1,3-propanediol|g__Klebsiella.s__Klebsiella_oxytoca	294.3071795994
GOLPDLCAT-PWY: superpathway of glycerol degradation to 1,3-propanediol|g__Citrobacter.s__Citrobacter_youngae	218.6631682793
GOLPDLCAT-PWY: superpathway of glycerol degradation to 1,3-propanediol|g__Klebsiella.s__Klebsiella_michiganensis	161.0654595533
GOLPDLCAT-PWY: superpathway of glycerol degradation to 1,3-propanediol|g__Citrobacter.s__Citrobacter_freundii	157.1724926351
GOLPDLCAT-PWY: superpathway of glycerol degradation to 1,3-propanediol|unclassified	116.3716930087
GOLPDLCAT-PWY: superpathway of glycerol degradation to 1,3-propanediol|g__Lactobacillus.s__Lactobacillus_parabuchneri	12.9311706699
GOLPDLCAT-PWY: superpathway of glycerol degradation to 1,3-propanediol|g__Escherichia.s__Escherichia_coli	6.9284821855
PWY-6470: peptidoglycan biosynthesis V (&beta;-lactam resistance)	4433.9257272042
PWY-6470: peptidoglycan biosynthesis V (&beta;-lactam resistance)|g__Lactobacillus.s__Lactobacillus_fermentum	1342.3191451022
GLCMANNANAUT-PWY: superpathway of N-acetylglucosamine, N-acetylmannosamine and N-acetylneuraminate degradation	4367.3331007795
GLCMANNANAUT-PWY: superpathway of N-acetylglucosamine, N-acetylmannosamine and N-acetylneuraminate degradation|g__Escherichia.s__Escherichia_coli	824.1002654917
GLCMANNANAUT-PWY: superpathway of N-acetylglucosamine, N-acetylmannosamine and N-acetylneuraminate degradation|g__Citrobacter.s__Citrobacter_portucalensis	805.5067229194
GLCMANNANAUT-PWY: superpathway of N-acetylglucosamine, N-acetylmannosamine and N-acetylneuraminate degradation|g__Citrobacter.s__Citrobacter_youngae	705.7839292180
GLCMANNANAUT-PWY: superpathway of N-acetylglucosamine, N-acetylmannosamine and N-acetylneuraminate degradation|g__Citrobacter.s__Citrobacter_freundii	267.8158046651
GLCMANNANAUT-PWY: superpathway of N-acetylglucosamine, N-acetylmannosamine and N-acetylneuraminate degradation|g__Klebsiella.s__Klebsiella_oxytoca	229.4918856303
GLCMANNANAUT-PWY: superpathway of N-acetylglucosamine, N-acetylmannosamine and N-acetylneuraminate degradation|g__Pediococcus.s__Pediococcus_pentosaceus	126.8487595860
GLCMANNANAUT-PWY: superpathway of N-acetylglucosamine, N-acetylmannosamine and N-acetylneuraminate degradation|g__Pediococcus.s__Pediococcus_acidilactici	52.9329303777
GLCMANNANAUT-PWY: superpathway of N-acetylglucosamine, N-acetylmannosamine and N-acetylneuraminate degradation|g__Klebsiella.s__Klebsiella_michiganensis	40.8474414956
GLCMANNANAUT-PWY: superpathway of N-acetylglucosamine, N-acetylmannosamine and N-acetylneuraminate degradation|g__Kluyvera.s__Kluyvera_cryocrescens	24.7067125109
GLCMANNANAUT-PWY: superpathway of N-acetylglucosamine, N-acetylmannosamine and N-acetylneuraminate degradation|g__Lactobacillus.s__Lactobacillus_plantarum	16.0137154225
GLCMANNANAUT-PWY: superpathway of N-acetylglucosamine, N-acetylmannosamine and N-acetylneuraminate degradation|unclassified	8.9018122448
HSERMETANA-PWY: L-methionine biosynthesis III	4342.0927012436
HSERMETANA-PWY: L-methionine biosynthesis III|g__Streptococcus.s__Streptococcus_thermophilus	508.7536504258
HSERMETANA-PWY: L-methionine biosynthesis III|unclassified	168.1133000896
HSERMETANA-PWY: L-methionine biosynthesis III|g__Morganella.s__Morganella_morganii	145.0600418749
HSERMETANA-PWY: L-methionine biosynthesis III|g__Veillonella.s__Veillonella_dispar	9.5487059519
PWY-7942: 5-oxo-L-proline metabolism	4268.1826411753
PWY-7942: 5-oxo-L-proline metabolism|g__Citrobacter.s__Citrobacter_portucalensis	1230.5673391592
PWY-7942: 5-oxo-L-proline metabolism|g__Klebsiella.s__Klebsiella_michiganensis	152.9246169451
PWY-7942: 5-oxo-L-proline metabolism|g__Citrobacter.s__Citrobacter_youngae	139.3970116092
PWY-7942: 5-oxo-L-proline metabolism|g__Klebsiella.s__Klebsiella_oxytoca	113.3768625461
PWY-7942: 5-oxo-L-proline metabolism|unclassified	98.8831369994
PWY-7942: 5-oxo-L-proline metabolism|g__Escherichia.s__Escherichia_coli	31.4144022690
PWY-7942: 5-oxo-L-proline metabolism|g__Citrobacter.s__Citrobacter_freundii	10.8874059993
PWY1ZNC-1: assimilatory sulfate reduction IV	4237.2441699873
PWY1ZNC-1: assimilatory sulfate reduction IV|g__Citrobacter.s__Citrobacter_portucalensis	1218.1851263014
PWY1ZNC-1: assimilatory sulfate reduction IV|g__Escherichia.s__Escherichia_coli	429.5521354979
PWY1ZNC-1: assimilatory sulfate reduction IV|g__Klebsiella.s__Klebsiella_oxytoca	268.8589820277
PWY1ZNC-1: assimilatory sulfate reduction IV|unclassified	218.0251766983
PWY1ZNC-1: assimilatory sulfate reduction IV|g__Klebsiella.s__Klebsiella_michiganensis	125.2128682239
PWY1ZNC-1: assimilatory sulfate reduction IV|g__Citrobacter.s__Citrobacter_youngae	65.8048807637
PWY1ZNC-1: assimilatory sulfate reduction IV|g__Kluyvera.s__Kluyvera_cryocrescens	19.1286791513
PWY1ZNC-1: assimilatory sulfate reduction IV|g__Citrobacter.s__Citrobacter_freundii	6.7357841136
LIPASYN-PWY: phospholipases	4236.2942294082
LIPASYN-PWY: phospholipases|g__Lactobacillus.s__Lactobacillus_casei_group	353.2610110228
LIPASYN-PWY: phospholipases|unclassified	65.3455505616
LIPASYN-PWY: phospholipases|g__Kluyvera.s__Kluyvera_cryocrescens	45.6298882546
COLANSYN-PWY: colanic acid building blocks biosynthesis	4168.7365562427
COLANSYN-PWY: colanic acid building blocks biosynthesis|g__Citrobacter.s__Citrobacter_portucalensis	547.0863968607
COLANSYN-PWY: colanic acid building blocks biosynthesis|g__Escherichia.s__Escherichia_coli	484.0225210231
COLANSYN-PWY: colanic acid building blocks biosynthesis|unclassified	178.2953163540
COLANSYN-PWY: colanic acid building blocks biosynthesis|g__Citrobacter.s__Citrobacter_freundii	139.1762302425
COLANSYN-PWY: colanic acid building blocks biosynthesis|g__Citrobacter.s__Citrobacter_youngae	105.0283103747
COLANSYN-PWY: colanic acid building blocks biosynthesis|g__Klebsiella.s__Klebsiella_oxytoca	19.4413718657
PYRIDNUCSYN-PWY: NAD de novo biosynthesis I (from aspartate)	4167.1297125001
PYRIDNUCSYN-PWY: NAD de novo biosynthesis I (from aspartate)|g__Citrobacter.s__Citrobacter_youngae	761.1361240512
PYRIDNUCSYN-PWY: NAD de novo biosynthesis I (from aspartate)|g__Citrobacter.s__Citrobacter_portucalensis	667.0593178491
PYRIDNUCSYN-PWY: NAD de novo biosynthesis I (from aspartate)|g__Escherichia.s__Escherichia_coli	562.1254076796
PYRIDNUCSYN-PWY: NAD de novo biosynthesis I (from aspartate)|g__Klebsiella.s__Klebsiella_oxytoca	81.1092504273
PYRIDNUCSYN-PWY: NAD de novo biosynthesis I (from aspartate)|unclassified	75.6669511416
PYRIDNUCSYN-PWY: NAD de novo biosynthesis I (from aspartate)|g__Kluyvera.s__Kluyvera_cryocrescens	11.7787620993
PWY-7315: dTDP-N-acetylthomosamine biosynthesis	4130.4703442658
PWY-7315: dTDP-N-acetylthomosamine biosynthesis|g__Citrobacter.s__Citrobacter_youngae	1145.6743122637
PWY-7315: dTDP-N-acetylthomosamine biosynthesis|g__Citrobacter.s__Citrobacter_portucalensis	972.8267856369
PWY-7315: dTDP-N-acetylthomosamine biosynthesis|g__Citrobacter.s__Citrobacter_freundii	646.8807725366
PWY-7315: dTDP-N-acetylthomosamine biosynthesis|g__Escherichia.s__Escherichia_coli	376.7476116361
PWY-7315: dTDP-N-acetylthomosamine biosynthesis|unclassified	168.6819134057
PWY-7315: dTDP-N-acetylthomosamine biosynthesis|g__Klebsiella.s__Klebsiella_oxytoca	165.5893645858
PWY-7315: dTDP-N-acetylthomosamine biosynthesis|g__Morganella.s__Morganella_morganii	161.5716417368
PWY-7315: dTDP-N-acetylthomosamine biosynthesis|g__Klebsiella.s__Klebsiella_michiganensis	122.2194629901
PWY-7315: dTDP-N-acetylthomosamine biosynthesis|g__Kluyvera.s__Kluyvera_cryocrescens	28.8822627755
PWY-7315: dTDP-N-acetylthomosamine biosynthesis|g__Proteus.s__Proteus_vulgaris	18.4787589848
PWY-7315: dTDP-N-acetylthomosamine biosynthesis|g__Escherichia.s__Escherichia_fergusonii	7.5512173035
P122-PWY: heterolactic fermentation	4105.1085739625
P122-PWY: heterolactic fermentation|g__Klebsiella.s__Klebsiella_oxytoca	219.8478133874
P122-PWY: heterolactic fermentation|g__Klebsiella.s__Klebsiella_michiganensis	97.5658145684
P122-PWY: heterolactic fermentation|unclassified	22.7055518891
P122-PWY: heterolactic fermentation|g__Kluyvera.s__Kluyvera_cryocrescens	19.1533664606
GALACTARDEG-PWY: D-galactarate degradation I	4095.3058825722
GALACTARDEG-PWY: D-galactarate degradation I|g__Citrobacter.s__Citrobacter_portucalensis	915.0755992026
GALACTARDEG-PWY: D-galactarate degradation I|g__Escherichia.s__Escherichia_coli	825.2861183436
GALACTARDEG-PWY: D-galactarate degradation I|g__Citrobacter.s__Citrobacter_youngae	399.7538891215
GALACTARDEG-PWY: D-galactarate degradation I|g__Klebsiella.s__Klebsiella_oxytoca	171.4921605661
GALACTARDEG-PWY: D-galactarate degradation I|g__Klebsiella.s__Klebsiella_michiganensis	164.3386154569
GALACTARDEG-PWY: D-galactarate degradation I|g__Citrobacter.s__Citrobacter_freundii	66.9216571699
GALACTARDEG-PWY: D-galactarate degradation I|unclassified	27.8015659040
GALACTARDEG-PWY: D-galactarate degradation I|g__Kluyvera.s__Kluyvera_cryocrescens	16.4321570006
GLUCARGALACTSUPER-PWY: superpathway of D-glucarate and D-galactarate degradation	4095.3058825722
GLUCARGALACTSUPER-PWY: superpathway of D-glucarate and D-galactarate degradation|g__Citrobacter.s__Citrobacter_portucalensis	915.0755992026
GLUCARGALACTSUPER-PWY: superpathway of D-glucarate and D-galactarate degradation|g__Escherichia.s__Escherichia_coli	825.2861183436
GLUCARGALACTSUPER-PWY: superpathway of D-glucarate and D-galactarate degradation|g__Citrobacter.s__Citrobacter_youngae	399.7538891215
GLUCARGALACTSUPER-PWY: superpathway of D-glucarate and D-galactarate degradation|g__Klebsiella.s__Klebsiella_oxytoca	171.4921605661
GLUCARGALACTSUPER-PWY: superpathway of D-glucarate and D-galactarate degradation|g__Klebsiella.s__Klebsiella_michiganensis	164.3386154569
GLUCARGALACTSUPER-PWY: superpathway of D-glucarate and D-galactarate degradation|g__Citrobacter.s__Citrobacter_freundii	66.9216571699
GLUCARGALACTSUPER-PWY: superpathway of D-glucarate and D-galactarate degradation|unclassified	27.8015659040
GLUCARGALACTSUPER-PWY: superpathway of D-glucarate and D-galactarate degradation|g__Kluyvera.s__Kluyvera_cryocrescens	16.4321570006
PWY-6612: superpathway of tetrahydrofolate biosynthesis	4074.1720589777
PWY-6612: superpathway of tetrahydrofolate biosynthesis|g__Klebsiella.s__Klebsiella_oxytoca	143.7546195324
PWY-6612: superpathway of tetrahydrofolate biosynthesis|g__Escherichia.s__Escherichia_coli	114.3182100394
PWY-6612: superpathway of tetrahydrofolate biosynthesis|unclassified	32.2113033864
P124-PWY: Bifidobacterium shunt	4006.7762905176
P124-PWY: Bifidobacterium shunt|g__Lactobacillus.s__Lactobacillus_fermentum	1558.5112807154
P124-PWY: Bifidobacterium shunt|g__Lactobacillus.s__Lactobacillus_plantarum	82.8196458440
PWY0-1337: oleate &beta;-oxidation	3919.0166917074
PWY0-1337: oleate &beta;-oxidation|g__Citrobacter.s__Citrobacter_portucalensis	1439.0293019368
PWY0-1337: oleate &beta;-oxidation|g__Citrobacter.s__Citrobacter_freundii	271.2825965584
PWY0-1337: oleate &beta;-oxidation|unclassified	133.1235676183
PWY0-1337: oleate &beta;-oxidation|g__Klebsiella.s__Klebsiella_michiganensis	124.4373957440
PWY0-1337: oleate &beta;-oxidation|g__Klebsiella.s__Klebsiella_oxytoca	108.7842843316
PWY0-1337: oleate &beta;-oxidation|g__Citrobacter.s__Citrobacter_youngae	96.9516849872
PWY0-1337: oleate &beta;-oxidation|g__Escherichia.s__Escherichia_coli	6.2708602447
PWY-7761: NAD salvage pathway II (PNC IV cycle)	3893.2106426027
PWY-7761: NAD salvage pathway II (PNC IV cycle)|g__Citrobacter.s__Citrobacter_portucalensis	956.3500918656
PWY-7761: NAD salvage pathway II (PNC IV cycle)|g__Citrobacter.s__Citrobacter_youngae	161.7606609395
PWY-7761: NAD salvage pathway II (PNC IV cycle)|g__Escherichia.s__Escherichia_coli	113.9290397775
PWY-7761: NAD salvage pathway II (PNC IV cycle)|unclassified	58.0466112310
PWY-7761: NAD salvage pathway II (PNC IV cycle)|g__Klebsiella.s__Klebsiella_oxytoca	32.8335761280
PWY-5675: nitrate reduction V (assimilatory)	3871.5808022373
PWY-5675: nitrate reduction V (assimilatory)|g__Escherichia.s__Escherichia_coli	880.4355940371
PWY-5675: nitrate reduction V (assimilatory)|g__Klebsiella.s__Klebsiella_oxytoca	403.0759173238
PWY-5675: nitrate reduction V (assimilatory)|unclassified	80.4867670382
PWY-5675: nitrate reduction V (assimilatory)|g__Citrobacter.s__Citrobacter_freundii	68.6572106289
PWY-5675: nitrate reduction V (assimilatory)|g__Kluyvera.s__Kluyvera_cryocrescens	22.9826595620
POLYAMSYN-PWY: superpathway of polyamine biosynthesis I	3784.7558216367
POLYAMSYN-PWY: superpathway of polyamine biosynthesis I|g__Escherichia.s__Escherichia_coli	510.7927303202
POLYAMSYN-PWY: superpathway of polyamine biosynthesis I|g__Klebsiella.s__Klebsiella_oxytoca	148.1126160892
POLYAMSYN-PWY: superpathway of polyamine biosynthesis I|g__Klebsiella.s__Klebsiella_michiganensis	101.0460878548
POLYAMSYN-PWY: superpathway of polyamine biosynthesis I|unclassified	14.2772870092
ECASYN-PWY: enterobacterial common antigen biosynthesis	3771.7994074928
ECASYN-PWY: enterobacterial common antigen biosynthesis|g__Citrobacter.s__Citrobacter_portucalensis	1080.9987673566
ECASYN-PWY: enterobacterial common antigen biosynthesis|g__Citrobacter.s__Citrobacter_youngae	853.5788614394
ECASYN-PWY: enterobacterial common antigen biosynthesis|g__Citrobacter.s__Citrobacter_freundii	285.5078799193
ECASYN-PWY: enterobacterial common antigen biosynthesis|g__Escherichia.s__Escherichia_coli	240.8962857832
ECASYN-PWY: enterobacterial common antigen biosynthesis|g__Klebsiella.s__Klebsiella_michiganensis	161.6776723323
ECASYN-PWY: enterobacterial common antigen biosynthesis|g__Morganella.s__Morganella_morganii	125.7904190578
ECASYN-PWY: enterobacterial common antigen biosynthesis|g__Klebsiella.s__Klebsiella_oxytoca	117.2565917191
ECASYN-PWY: enterobacterial common antigen biosynthesis|unclassified	33.0041923208
ECASYN-PWY: enterobacterial common antigen biosynthesis|g__Kluyvera.s__Kluyvera_cryocrescens	20.6195353082
ECASYN-PWY: enterobacterial common antigen biosynthesis|g__Escherichia.s__Escherichia_fergusonii	1.6098858353
P562-PWY: myo-inositol degradation I	3771.6606770637
P562-PWY: myo-inositol degradation I|g__Lactobacillus.s__Lactobacillus_rhamnosus	2173.5066509968
P562-PWY: myo-inositol degradation I|g__Lactobacillus.s__Lactobacillus_casei_group	54.0731928906
PWY-6803: phosphatidylcholine acyl editing	3759.3344591273
PWY-6803: phosphatidylcholine acyl editing|g__Citrobacter.s__Citrobacter_youngae	1730.9223060467
PWY-6803: phosphatidylcholine acyl editing|g__Escherichia.s__Escherichia_coli	638.8487029200
PWY-6803: phosphatidylcholine acyl editing|g__Citrobacter.s__Citrobacter_freundii	462.5916034664
PWY-6803: phosphatidylcholine acyl editing|g__Citrobacter.s__Citrobacter_portucalensis	371.4400719513
PWY-6803: phosphatidylcholine acyl editing|g__Klebsiella.s__Klebsiella_oxytoca	219.9393057188
PWY-6803: phosphatidylcholine acyl editing|g__Klebsiella.s__Klebsiella_michiganensis	120.9954968448
PWY-6803: phosphatidylcholine acyl editing|g__Morganella.s__Morganella_morganii	87.5727288458
PWY-6803: phosphatidylcholine acyl editing|unclassified	58.9137289634
PWY-6803: phosphatidylcholine acyl editing|g__Kluyvera.s__Kluyvera_cryocrescens	45.6298882546
PWY-6803: phosphatidylcholine acyl editing|g__Proteus.s__Proteus_vulgaris	18.6788465066
METHGLYUT-PWY: superpathway of methylglyoxal degradation	3728.4000469793
METHGLYUT-PWY: superpathway of methylglyoxal degradation|g__Citrobacter.s__Citrobacter_portucalensis	627.2317481130
METHGLYUT-PWY: superpathway of methylglyoxal degradation|g__Citrobacter.s__Citrobacter_youngae	502.7728730231
METHGLYUT-PWY: superpathway of methylglyoxal degradation|g__Escherichia.s__Escherichia_coli	318.0256782087
METHGLYUT-PWY: superpathway of methylglyoxal degradation|g__Klebsiella.s__Klebsiella_oxytoca	194.9489540623
METHGLYUT-PWY: superpathway of methylglyoxal degradation|g__Citrobacter.s__Citrobacter_freundii	179.7197157429
METHGLYUT-PWY: superpathway of methylglyoxal degradation|g__Klebsiella.s__Klebsiella_michiganensis	63.4241305640
METHGLYUT-PWY: superpathway of methylglyoxal degradation|unclassified	19.2384104381
METHGLYUT-PWY: superpathway of methylglyoxal degradation|g__Kluyvera.s__Kluyvera_cryocrescens	7.6406979114
SALVADEHYPOX-PWY: adenosine nucleotides degradation II	3679.5076352295
SALVADEHYPOX-PWY: adenosine nucleotides degradation II|g__Escherichia.s__Escherichia_coli	1129.3897413728
SALVADEHYPOX-PWY: adenosine nucleotides degradation II|unclassified	84.7968669639
SALVADEHYPOX-PWY: adenosine nucleotides degradation II|g__Klebsiella.s__Klebsiella_oxytoca	25.3890171474
PWY-5367: petroselinate biosynthesis	3666.0967916946
PWY-5367: petroselinate biosynthesis|g__Citrobacter.s__Citrobacter_portucalensis	932.1131626029
PWY-5367: petroselinate biosynthesis|g__Citrobacter.s__Citrobacter_youngae	922.1561795334
PWY-5367: petroselinate biosynthesis|g__Citrobacter.s__Citrobacter_freundii	273.1994630171
PWY-5367: petroselinate biosynthesis|g__Escherichia.s__Escherichia_coli	206.1941069253
PWY-5367: petroselinate biosynthesis|unclassified	74.0755822722
PWY-5367: petroselinate biosynthesis|g__Pediococcus.s__Pediococcus_acidilactici	63.4417235652
GLUCARDEG-PWY: D-glucarate degradation I	3622.8698028258
GLUCARDEG-PWY: D-glucarate degradation I|g__Citrobacter.s__Citrobacter_portucalensis	940.5117356555
GLUCARDEG-PWY: D-glucarate degradation I|g__Escherichia.s__Escherichia_coli	568.0178811357
GLUCARDEG-PWY: D-glucarate degradation I|g__Klebsiella.s__Klebsiella_michiganensis	150.1730141466
GLUCARDEG-PWY: D-glucarate degradation I|g__Klebsiella.s__Klebsiella_oxytoca	137.5607524598
GLUCARDEG-PWY: D-glucarate degradation I|g__Citrobacter.s__Citrobacter_youngae	116.2234232087
GLUCARDEG-PWY: D-glucarate degradation I|unclassified	22.7962155160
GLUCARDEG-PWY: D-glucarate degradation I|g__Kluyvera.s__Kluyvera_cryocrescens	15.6722237981
GLUCARDEG-PWY: D-glucarate degradation I|g__Citrobacter.s__Citrobacter_freundii	7.5327633146
PWY-7094: fatty acid salvage	3611.8078536657
PWY-7094: fatty acid salvage|g__Citrobacter.s__Citrobacter_portucalensis	778.3774949807
PWY-7094: fatty acid salvage|g__Citrobacter.s__Citrobacter_freundii	265.4415130192
PWY-7094: fatty acid salvage|unclassified	113.1587722797
PWY-7094: fatty acid salvage|g__Klebsiella.s__Klebsiella_michiganensis	94.6038185700
PWY-7094: fatty acid salvage|g__Klebsiella.s__Klebsiella_oxytoca	90.6874215785
PWY-7094: fatty acid salvage|g__Citrobacter.s__Citrobacter_youngae	82.5812176664
PWY-7094: fatty acid salvage|g__Escherichia.s__Escherichia_coli	5.1454498269
PWY-821: superpathway of sulfur amino acid biosynthesis (Saccharomyces cerevisiae)	3573.3325916112
PWY-821: superpathway of sulfur amino acid biosynthesis (Saccharomyces cerevisiae)|unclassified	222.4231540559
PWY-241: C4 photosynthetic carbon assimilation cycle, NADP-ME type	3556.5609048789
PWY-5156: superpathway of fatty acid biosynthesis II (plant)	3552.5091995688
FUCCAT-PWY: fucose degradation	3550.5349081412
FUCCAT-PWY: fucose degradation|g__Citrobacter.s__Citrobacter_portucalensis	1235.6063947076
FUCCAT-PWY: fucose degradation|g__Escherichia.s__Escherichia_coli	562.8956977951
FUCCAT-PWY: fucose degradation|g__Klebsiella.s__Klebsiella_michiganensis	212.4108311329
FUCCAT-PWY: fucose degradation|g__Klebsiella.s__Klebsiella_oxytoca	166.4982689955
FUCCAT-PWY: fucose degradation|g__Citrobacter.s__Citrobacter_youngae	80.4100629281
FUCCAT-PWY: fucose degradation|unclassified	68.9728587856
FUCCAT-PWY: fucose degradation|g__Kluyvera.s__Kluyvera_cryocrescens	13.9815109060
PWY-8187: L-arginine degradation XIII (reductive Stickland reaction)	3521.7730378348
PWY-8187: L-arginine degradation XIII (reductive Stickland reaction)|g__Lactobacillus.s__Lactobacillus_fermentum	1289.6019225672
PWY-8187: L-arginine degradation XIII (reductive Stickland reaction)|g__Citrobacter.s__Citrobacter_freundii	400.4527326872
PWY-8187: L-arginine degradation XIII (reductive Stickland reaction)|g__Escherichia.s__Escherichia_coli	360.0823197410
PWY-8187: L-arginine degradation XIII (reductive Stickland reaction)|g__Pediococcus.s__Pediococcus_pentosaceus	210.2033045051
PWY-8187: L-arginine degradation XIII (reductive Stickland reaction)|unclassified	156.5530647090
PWY-8187: L-arginine degradation XIII (reductive Stickland reaction)|g__Lactobacillus.s__Lactobacillus_mucosae	136.2987531649
PWY-8187: L-arginine degradation XIII (reductive Stickland reaction)|g__Pediococcus.s__Pediococcus_acidilactici	73.4610259823
PWY-8187: L-arginine degradation XIII (reductive Stickland reaction)|g__Citrobacter.s__Citrobacter_youngae	59.7745000003
PWY-8187: L-arginine degradation XIII (reductive Stickland reaction)|g__Klebsiella.s__Klebsiella_oxytoca	51.8835460805
PWY0-1277: 3-phenylpropanoate and 3-(3-hydroxyphenyl)propanoate degradation	3429.0135355161
PWY0-1277: 3-phenylpropanoate and 3-(3-hydroxyphenyl)propanoate degradation|g__Citrobacter.s__Citrobacter_portucalensis	891.9006760544
PWY0-1277: 3-phenylpropanoate and 3-(3-hydroxyphenyl)propanoate degradation|g__Escherichia.s__Escherichia_coli	818.8629673899
PWY0-1277: 3-phenylpropanoate and 3-(3-hydroxyphenyl)propanoate degradation|g__Citrobacter.s__Citrobacter_youngae	796.2815184556
PWY0-1277: 3-phenylpropanoate and 3-(3-hydroxyphenyl)propanoate degradation|g__Klebsiella.s__Klebsiella_oxytoca	263.9645290888
PWY0-1277: 3-phenylpropanoate and 3-(3-hydroxyphenyl)propanoate degradation|g__Klebsiella.s__Klebsiella_michiganensis	113.4400171527
PWY0-1277: 3-phenylpropanoate and 3-(3-hydroxyphenyl)propanoate degradation|g__Citrobacter.s__Citrobacter_freundii	36.4029601754
PWY0-1277: 3-phenylpropanoate and 3-(3-hydroxyphenyl)propanoate degradation|g__Kluyvera.s__Kluyvera_cryocrescens	15.4690257467
PWY0-1277: 3-phenylpropanoate and 3-(3-hydroxyphenyl)propanoate degradation|unclassified	10.0793786738
PYRIDOXSYN-PWY: pyridoxal 5'-phosphate biosynthesis I	3382.8671688282
PYRIDOXSYN-PWY: pyridoxal 5'-phosphate biosynthesis I|g__Citrobacter.s__Citrobacter_portucalensis	882.9964589667
PYRIDOXSYN-PWY: pyridoxal 5'-phosphate biosynthesis I|g__Citrobacter.s__Citrobacter_freundii	417.7316650403
PYRIDOXSYN-PWY: pyridoxal 5'-phosphate biosynthesis I|g__Escherichia.s__Escherichia_coli	321.8868881295
PYRIDOXSYN-PWY: pyridoxal 5'-phosphate biosynthesis I|g__Klebsiella.s__Klebsiella_oxytoca	192.0886468917
PYRIDOXSYN-PWY: pyridoxal 5'-phosphate biosynthesis I|g__Citrobacter.s__Citrobacter_youngae	189.1415788431
PYRIDOXSYN-PWY: pyridoxal 5'-phosphate biosynthesis I|g__Morganella.s__Morganella_morganii	93.9601071624
PYRIDOXSYN-PWY: pyridoxal 5'-phosphate biosynthesis I|g__Klebsiella.s__Klebsiella_michiganensis	88.0713839636
PYRIDOXSYN-PWY: pyridoxal 5'-phosphate biosynthesis I|unclassified	39.4470322260
PYRIDOXSYN-PWY: pyridoxal 5'-phosphate biosynthesis I|g__Proteus.s__Proteus_vulgaris	17.9622171189
HCAMHPDEG-PWY: 3-phenylpropanoate and 3-(3-hydroxyphenyl)propanoate degradation to 2-hydroxypentadienoate	3368.3381603304
HCAMHPDEG-PWY: 3-phenylpropanoate and 3-(3-hydroxyphenyl)propanoate degradation to 2-hydroxypentadienoate|g__Escherichia.s__Escherichia_coli	1267.3522934086
HCAMHPDEG-PWY: 3-phenylpropanoate and 3-(3-hydroxyphenyl)propanoate degradation to 2-hydroxypentadienoate|g__Citrobacter.s__Citrobacter_youngae	605.6270405597
HCAMHPDEG-PWY: 3-phenylpropanoate and 3-(3-hydroxyphenyl)propanoate degradation to 2-hydroxypentadienoate|g__Citrobacter.s__Citrobacter_portucalensis	513.7273803266
HCAMHPDEG-PWY: 3-phenylpropanoate and 3-(3-hydroxyphenyl)propanoate degradation to 2-hydroxypentadienoate|g__Klebsiella.s__Klebsiella_oxytoca	175.6835953218
HCAMHPDEG-PWY: 3-phenylpropanoate and 3-(3-hydroxyphenyl)propanoate degradation to 2-hydroxypentadienoate|g__Klebsiella.s__Klebsiella_michiganensis	136.3935524446
HCAMHPDEG-PWY: 3-phenylpropanoate and 3-(3-hydroxyphenyl)propanoate degradation to 2-hydroxypentadienoate|g__Citrobacter.s__Citrobacter_freundii	87.9738152420
HCAMHPDEG-PWY: 3-phenylpropanoate and 3-(3-hydroxyphenyl)propanoate degradation to 2-hydroxypentadienoate|unclassified	17.7459083500
HCAMHPDEG-PWY: 3-phenylpropanoate and 3-(3-hydroxyphenyl)propanoate degradation to 2-hydroxypentadienoate|g__Kluyvera.s__Kluyvera_cryocrescens	13.1663230554
PWY-6690: cinnamate and 3-hydroxycinnamate degradation to 2-hydroxypentadienoate	3368.3381603304
PWY-6690: cinnamate and 3-hydroxycinnamate degradation to 2-hydroxypentadienoate|g__Escherichia.s__Escherichia_coli	1267.3522934086
PWY-6690: cinnamate and 3-hydroxycinnamate degradation to 2-hydroxypentadienoate|g__Citrobacter.s__Citrobacter_youngae	605.6270405597
PWY-6690: cinnamate and 3-hydroxycinnamate degradation to 2-hydroxypentadienoate|g__Citrobacter.s__Citrobacter_portucalensis	513.7273803266
PWY-6690: cinnamate and 3-hydroxycinnamate degradation to 2-hydroxypentadienoate|g__Klebsiella.s__Klebsiella_oxytoca	175.6835953218
PWY-6690: cinnamate and 3-hydroxycinnamate degradation to 2-hydroxypentadienoate|g__Klebsiella.s__Klebsiella_michiganensis	136.3935524446
PWY-6690: cinnamate and 3-hydroxycinnamate degradation to 2-hydroxypentadienoate|g__Citrobacter.s__Citrobacter_freundii	87.9738152420
PWY-6690: cinnamate and 3-hydroxycinnamate degradation to 2-hydroxypentadienoate|unclassified	17.7459083500
PWY-6690: cinnamate and 3-hydroxycinnamate degradation to 2-hydroxypentadienoate|g__Kluyvera.s__Kluyvera_cryocrescens	13.1663230554
KETOGLUCONMET-PWY: ketogluconate metabolism	3344.3031452261
KETOGLUCONMET-PWY: ketogluconate metabolism|g__Pediococcus.s__Pediococcus_pentosaceus	203.3456053516
KETOGLUCONMET-PWY: ketogluconate metabolism|g__Lactobacillus.s__Lactobacillus_plantarum	190.8615854009
KETOGLUCONMET-PWY: ketogluconate metabolism|g__Citrobacter.s__Citrobacter_freundii	125.8153979413
KETOGLUCONMET-PWY: ketogluconate metabolism|g__Citrobacter.s__Citrobacter_youngae	108.2524978516
KETOGLUCONMET-PWY: ketogluconate metabolism|g__Pediococcus.s__Pediococcus_acidilactici	61.6871997332
KETOGLUCONMET-PWY: ketogluconate metabolism|g__Escherichia.s__Escherichia_coli	55.6759275761
KETOGLUCONMET-PWY: ketogluconate metabolism|g__Klebsiella.s__Klebsiella_oxytoca	47.9739289822
KETOGLUCONMET-PWY: ketogluconate metabolism|unclassified	34.9293554340
KETOGLUCONMET-PWY: ketogluconate metabolism|g__Escherichia.s__Escherichia_fergusonii	12.3953697582
PWY-5910: superpathway of geranylgeranyldiphosphate biosynthesis I (via mevalonate)	3322.7091202099
UDPNACETYLGALSYN-PWY: UDP-N-acetyl-D-glucosamine biosynthesis II	3319.9449919411
UDPNACETYLGALSYN-PWY: UDP-N-acetyl-D-glucosamine biosynthesis II|g__Lactobacillus.s__Lactobacillus_fermentum	1409.4941230702
UDPNACETYLGALSYN-PWY: UDP-N-acetyl-D-glucosamine biosynthesis II|unclassified	86.5231742401
PWY-6606: guanosine nucleotides degradation II	3241.8373459107
PWY-6606: guanosine nucleotides degradation II|g__Escherichia.s__Escherichia_coli	575.4063460470
PWY-6606: guanosine nucleotides degradation II|unclassified	151.1367776984
PWY-6606: guanosine nucleotides degradation II|g__Klebsiella.s__Klebsiella_oxytoca	23.8138699214
PWY-6606: guanosine nucleotides degradation II|g__Lactobacillus.s__Lactobacillus_parabuchneri	16.9350112552
GALACT-GLUCUROCAT-PWY: superpathway of hexuronide and hexuronate degradation	3205.4978216613
GALACT-GLUCUROCAT-PWY: superpathway of hexuronide and hexuronate degradation|g__Escherichia.s__Escherichia_coli	279.2859598436
GALACT-GLUCUROCAT-PWY: superpathway of hexuronide and hexuronate degradation|unclassified	68.1655558629
GALACT-GLUCUROCAT-PWY: superpathway of hexuronide and hexuronate degradation|g__Klebsiella.s__Klebsiella_oxytoca	59.7985626074
PWY-7323: superpathway of GDP-mannose-derived O-antigen building blocks biosynthesis	3200.2028513792
PWY-7323: superpathway of GDP-mannose-derived O-antigen building blocks biosynthesis|g__Citrobacter.s__Citrobacter_portucalensis	402.9288692956
PWY-7323: superpathway of GDP-mannose-derived O-antigen building blocks biosynthesis|g__Escherichia.s__Escherichia_coli	356.6610882895
PWY-7323: superpathway of GDP-mannose-derived O-antigen building blocks biosynthesis|unclassified	126.0327820833
PWY-7323: superpathway of GDP-mannose-derived O-antigen building blocks biosynthesis|g__Klebsiella.s__Klebsiella_oxytoca	61.8651494990
PWY-7323: superpathway of GDP-mannose-derived O-antigen building blocks biosynthesis|g__Citrobacter.s__Citrobacter_youngae	57.5323536923
PWY-7323: superpathway of GDP-mannose-derived O-antigen building blocks biosynthesis|g__Citrobacter.s__Citrobacter_freundii	51.0039234332
PWY-6168: flavin biosynthesis III (fungi)	3170.2610190191
PWY-6168: flavin biosynthesis III (fungi)|g__Escherichia.s__Escherichia_coli	142.5444725324
PWY-6168: flavin biosynthesis III (fungi)|g__Klebsiella.s__Klebsiella_oxytoca	100.8866972436
PWY-6168: flavin biosynthesis III (fungi)|unclassified	40.5894134249
PWY-5005: biotin biosynthesis II	3150.5993917391
PWY-5005: biotin biosynthesis II|g__Veillonella.s__Veillonella_parvula	1520.2319030605
PWY-5005: biotin biosynthesis II|g__Veillonella.s__Veillonella_atypica	309.8652505461
PWY-5005: biotin biosynthesis II|g__Veillonella.s__Veillonella_dispar	13.3016653032
PWY-5497: purine nucleobases degradation II (anaerobic)	3108.7885598929
PWY-5497: purine nucleobases degradation II (anaerobic)|g__Escherichia.s__Escherichia_coli	388.2622858312
PWY-5497: purine nucleobases degradation II (anaerobic)|g__Klebsiella.s__Klebsiella_oxytoca	23.2054434806
NAD-BIOSYNTHESIS-II: NAD salvage pathway III (to nicotinamide riboside)	3045.1267675739
NAD-BIOSYNTHESIS-II: NAD salvage pathway III (to nicotinamide riboside)|g__Citrobacter.s__Citrobacter_portucalensis	1138.5122869679
NAD-BIOSYNTHESIS-II: NAD salvage pathway III (to nicotinamide riboside)|g__Citrobacter.s__Citrobacter_freundii	386.0506098914
NAD-BIOSYNTHESIS-II: NAD salvage pathway III (to nicotinamide riboside)|g__Citrobacter.s__Citrobacter_youngae	167.2608125586
NAD-BIOSYNTHESIS-II: NAD salvage pathway III (to nicotinamide riboside)|g__Escherichia.s__Escherichia_coli	133.4574672454
NAD-BIOSYNTHESIS-II: NAD salvage pathway III (to nicotinamide riboside)|g__Klebsiella.s__Klebsiella_michiganensis	129.2003615961
NAD-BIOSYNTHESIS-II: NAD salvage pathway III (to nicotinamide riboside)|g__Klebsiella.s__Klebsiella_oxytoca	89.2916095459
NAD-BIOSYNTHESIS-II: NAD salvage pathway III (to nicotinamide riboside)|unclassified	38.0153164687
NAD-BIOSYNTHESIS-II: NAD salvage pathway III (to nicotinamide riboside)|g__Kluyvera.s__Kluyvera_cryocrescens	22.4079172628
PWY-5855: ubiquinol-7 biosynthesis (early decarboxylation)	3038.3704435601
PWY-5855: ubiquinol-7 biosynthesis (early decarboxylation)|g__Citrobacter.s__Citrobacter_youngae	1118.8595913585
PWY-5855: ubiquinol-7 biosynthesis (early decarboxylation)|g__Citrobacter.s__Citrobacter_portucalensis	492.6835492530
PWY-5855: ubiquinol-7 biosynthesis (early decarboxylation)|g__Klebsiella.s__Klebsiella_michiganensis	150.2735140479
PWY-5855: ubiquinol-7 biosynthesis (early decarboxylation)|g__Klebsiella.s__Klebsiella_oxytoca	109.8772618457
PWY-5855: ubiquinol-7 biosynthesis (early decarboxylation)|g__Morganella.s__Morganella_morganii	100.9269599464
PWY-5855: ubiquinol-7 biosynthesis (early decarboxylation)|g__Escherichia.s__Escherichia_coli	51.5245372964
PWY-5855: ubiquinol-7 biosynthesis (early decarboxylation)|unclassified	40.4433178129
PWY-5855: ubiquinol-7 biosynthesis (early decarboxylation)|g__Citrobacter.s__Citrobacter_freundii	33.4950574045
PWY-5855: ubiquinol-7 biosynthesis (early decarboxylation)|g__Proteus.s__Proteus_vulgaris	19.6097229953
PWY-5855: ubiquinol-7 biosynthesis (early decarboxylation)|g__Kluyvera.s__Kluyvera_cryocrescens	19.1102757084
PWY-5676: acetyl-CoA fermentation to butanoate II	2915.0814105901
PWY-922: mevalonate pathway I (eukaryotes and bacteria)	2902.5739619863
PWY-922: mevalonate pathway I (eukaryotes and bacteria)|unclassified	57.5512007691
PWY-922: mevalonate pathway I (eukaryotes and bacteria)|g__Pediococcus.s__Pediococcus_acidilactici	53.0487769751
PWY-5130: 2-oxobutanoate degradation I	2835.7992187488
PWY-5130: 2-oxobutanoate degradation I|g__Veillonella.s__Veillonella_parvula	1759.7768168560
PWY-5130: 2-oxobutanoate degradation I|g__Veillonella.s__Veillonella_atypica	454.1526226338
PWY-5130: 2-oxobutanoate degradation I|g__Veillonella.s__Veillonella_dispar	194.1615099742
PWY-5130: 2-oxobutanoate degradation I|unclassified	57.6384520298
PWY-5130: 2-oxobutanoate degradation I|g__Veillonella.s__Veillonella_infantium	40.1290231724
PWY-7446: sulfoquinovose degradation I	2817.8350561632
PWY-7446: sulfoquinovose degradation I|g__Citrobacter.s__Citrobacter_portucalensis	1452.2494284870
PWY-7446: sulfoquinovose degradation I|g__Citrobacter.s__Citrobacter_freundii	86.7085050000
PWY-7446: sulfoquinovose degradation I|g__Escherichia.s__Escherichia_coli	78.1569860420
PWY-7446: sulfoquinovose degradation I|g__Kluyvera.s__Kluyvera_cryocrescens	13.8752284019
PWY0-42: 2-methylcitrate cycle I	2812.1167984343
PWY0-42: 2-methylcitrate cycle I|g__Citrobacter.s__Citrobacter_portucalensis	949.5285056096
PWY0-42: 2-methylcitrate cycle I|g__Citrobacter.s__Citrobacter_youngae	338.8333718875
PWY0-42: 2-methylcitrate cycle I|g__Escherichia.s__Escherichia_coli	305.5830694875
PWY0-42: 2-methylcitrate cycle I|g__Citrobacter.s__Citrobacter_freundii	103.5859122569
PWY0-42: 2-methylcitrate cycle I|unclassified	52.2467252174
GLYCOLYSIS-TCA-GLYOX-BYPASS: superpathway of glycolysis, pyruvate dehydrogenase, TCA, and glyoxylate bypass	2797.1437181871
GLYCOLYSIS-TCA-GLYOX-BYPASS: superpathway of glycolysis, pyruvate dehydrogenase, TCA, and glyoxylate bypass|g__Citrobacter.s__Citrobacter_freundii	107.4935743894
GLYCOLYSIS-TCA-GLYOX-BYPASS: superpathway of glycolysis, pyruvate dehydrogenase, TCA, and glyoxylate bypass|g__Klebsiella.s__Klebsiella_oxytoca	62.7441190237
GLYCOLYSIS-TCA-GLYOX-BYPASS: superpathway of glycolysis, pyruvate dehydrogenase, TCA, and glyoxylate bypass|g__Escherichia.s__Escherichia_coli	53.4299461320
PWY0-1338: polymyxin resistance	2703.6013576606
PWY0-1338: polymyxin resistance|g__Citrobacter.s__Citrobacter_portucalensis	547.4738803278
PWY0-1338: polymyxin resistance|g__Citrobacter.s__Citrobacter_youngae	438.5600375984
PWY0-1338: polymyxin resistance|g__Escherichia.s__Escherichia_coli	432.5296342574
PWY0-1338: polymyxin resistance|g__Klebsiella.s__Klebsiella_oxytoca	236.3065704372
PWY0-1338: polymyxin resistance|g__Citrobacter.s__Citrobacter_freundii	222.0201940406
PWY0-1338: polymyxin resistance|g__Klebsiella.s__Klebsiella_michiganensis	112.3037134081
PWY0-1338: polymyxin resistance|g__Morganella.s__Morganella_morganii	93.5840812901
PWY0-1338: polymyxin resistance|unclassified	67.7150256457
PWY0-1338: polymyxin resistance|g__Kluyvera.s__Kluyvera_cryocrescens	21.4957276096
PWY0-1338: polymyxin resistance|g__Proteus.s__Proteus_vulgaris	19.8021073542
PROTOCATECHUATE-ORTHO-CLEAVAGE-PWY: protocatechuate degradation II (ortho-cleavage pathway)	2684.0342579321
PROTOCATECHUATE-ORTHO-CLEAVAGE-PWY: protocatechuate degradation II (ortho-cleavage pathway)|g__Klebsiella.s__Klebsiella_oxytoca	192.0545547340
PROTOCATECHUATE-ORTHO-CLEAVAGE-PWY: protocatechuate degradation II (ortho-cleavage pathway)|g__Klebsiella.s__Klebsiella_michiganensis	116.5180888413
PROTOCATECHUATE-ORTHO-CLEAVAGE-PWY: protocatechuate degradation II (ortho-cleavage pathway)|g__Kluyvera.s__Kluyvera_cryocrescens	28.9447797670
PWY-5747: 2-methylcitrate cycle II	2663.5503760577
PWY-5747: 2-methylcitrate cycle II|g__Citrobacter.s__Citrobacter_portucalensis	834.2313289348
PWY-5747: 2-methylcitrate cycle II|g__Escherichia.s__Escherichia_coli	194.8507294376
PWY-5747: 2-methylcitrate cycle II|g__Citrobacter.s__Citrobacter_youngae	179.1471194731
PWY-5747: 2-methylcitrate cycle II|g__Citrobacter.s__Citrobacter_freundii	65.5429066023
PWY-5747: 2-methylcitrate cycle II|unclassified	3.2583354721
PWY-7268: cytosolic NADPH production (yeast)	2645.1334989661
PWY-7268: cytosolic NADPH production (yeast)|g__Citrobacter.s__Citrobacter_portucalensis	720.0539032546
PWY-7268: cytosolic NADPH production (yeast)|g__Citrobacter.s__Citrobacter_freundii	133.3416705803
PWY-7268: cytosolic NADPH production (yeast)|g__Citrobacter.s__Citrobacter_youngae	73.2116906097
GLYCOL-GLYOXDEG-PWY: superpathway of glycol metabolism and degradation	2601.1055004236
GLYCOL-GLYOXDEG-PWY: superpathway of glycol metabolism and degradation|g__Citrobacter.s__Citrobacter_youngae	852.1137720413
GLYCOL-GLYOXDEG-PWY: superpathway of glycol metabolism and degradation|g__Citrobacter.s__Citrobacter_portucalensis	583.6300044166
GLYCOL-GLYOXDEG-PWY: superpathway of glycol metabolism and degradation|g__Escherichia.s__Escherichia_coli	151.7268190006
GLYCOL-GLYOXDEG-PWY: superpathway of glycol metabolism and degradation|g__Citrobacter.s__Citrobacter_freundii	122.7261920043
GLYCOL-GLYOXDEG-PWY: superpathway of glycol metabolism and degradation|unclassified	10.5397828583
GLYCOL-GLYOXDEG-PWY: superpathway of glycol metabolism and degradation|g__Klebsiella.s__Klebsiella_oxytoca	3.0865850518
PWY0-461: L-lysine degradation I	2532.4660930409
PWY0-461: L-lysine degradation I|g__Citrobacter.s__Citrobacter_youngae	777.7001025381
PWY0-461: L-lysine degradation I|g__Citrobacter.s__Citrobacter_portucalensis	690.7599045643
PWY0-461: L-lysine degradation I|g__Escherichia.s__Escherichia_coli	233.0941206773
PWY0-461: L-lysine degradation I|g__Citrobacter.s__Citrobacter_freundii	84.2600845532
PWY0-461: L-lysine degradation I|g__Klebsiella.s__Klebsiella_oxytoca	39.0254464045
PWY0-461: L-lysine degradation I|g__Escherichia.s__Escherichia_fergusonii	1.3069578539
KDO-NAGLIPASYN-PWY: superpathway of (Kdo)2-lipid A biosynthesis	2516.7929512090
KDO-NAGLIPASYN-PWY: superpathway of (Kdo)2-lipid A biosynthesis|g__Citrobacter.s__Citrobacter_portucalensis	868.3370083639
KDO-NAGLIPASYN-PWY: superpathway of (Kdo)2-lipid A biosynthesis|g__Citrobacter.s__Citrobacter_youngae	90.5479289087
KDO-NAGLIPASYN-PWY: superpathway of (Kdo)2-lipid A biosynthesis|g__Citrobacter.s__Citrobacter_freundii	84.0516541999
KDO-NAGLIPASYN-PWY: superpathway of (Kdo)2-lipid A biosynthesis|g__Escherichia.s__Escherichia_coli	65.3668390367
KDO-NAGLIPASYN-PWY: superpathway of (Kdo)2-lipid A biosynthesis|g__Klebsiella.s__Klebsiella_oxytoca	32.7294375751
KDO-NAGLIPASYN-PWY: superpathway of (Kdo)2-lipid A biosynthesis|g__Kluyvera.s__Kluyvera_cryocrescens	15.1058518625
PWY-5920: superpathway of heme b biosynthesis from glycine	2510.3121129978
PWY-5920: superpathway of heme b biosynthesis from glycine|g__Escherichia.s__Escherichia_coli	584.4005981417
PWY-5920: superpathway of heme b biosynthesis from glycine|unclassified	86.3582959605
PWY-6902: chitin degradation II (Vibrio)	2451.0532954704
PWY-6902: chitin degradation II (Vibrio)|g__Klebsiella.s__Klebsiella_oxytoca	348.8548203483
PWY-6902: chitin degradation II (Vibrio)|g__Citrobacter.s__Citrobacter_freundii	234.7983221076
PWY-6902: chitin degradation II (Vibrio)|g__Klebsiella.s__Klebsiella_michiganensis	161.9400464515
PWY-6902: chitin degradation II (Vibrio)|g__Lactobacillus.s__Lactobacillus_plantarum	63.2062104570
PWY-6902: chitin degradation II (Vibrio)|g__Citrobacter.s__Citrobacter_youngae	41.9934301595
PWY66-430: myristate biosynthesis (mitochondria)	2413.2488429611
PYRIDNUCSAL-PWY: NAD salvage pathway I (PNC VI cycle)	2379.4970095620
PYRIDNUCSAL-PWY: NAD salvage pathway I (PNC VI cycle)|unclassified	70.6871986032
PWY-7388: octanoyl-[acyl-carrier protein] biosynthesis (mitochondria, yeast)	2347.6771020739
HISDEG-PWY: L-histidine degradation I	2346.8555536346
HISDEG-PWY: L-histidine degradation I|g__Citrobacter.s__Citrobacter_portucalensis	1088.1752378164
HISDEG-PWY: L-histidine degradation I|g__Klebsiella.s__Klebsiella_oxytoca	284.6441333095
HISDEG-PWY: L-histidine degradation I|g__Citrobacter.s__Citrobacter_youngae	271.3550521231
HISDEG-PWY: L-histidine degradation I|g__Citrobacter.s__Citrobacter_freundii	251.2598457810
HISDEG-PWY: L-histidine degradation I|g__Klebsiella.s__Klebsiella_michiganensis	114.3623957159
HISDEG-PWY: L-histidine degradation I|g__Escherichia.s__Escherichia_coli	102.0635229611
DARABCATK12-PWY: D-arabinose degradation I	2305.2736360030
DARABCATK12-PWY: D-arabinose degradation I|g__Citrobacter.s__Citrobacter_portucalensis	651.3444488003
DARABCATK12-PWY: D-arabinose degradation I|g__Escherichia.s__Escherichia_coli	145.5923262787
DARABCATK12-PWY: D-arabinose degradation I|g__Citrobacter.s__Citrobacter_youngae	101.4210135039
DARABCATK12-PWY: D-arabinose degradation I|g__Citrobacter.s__Citrobacter_freundii	56.9156277237
DARABCATK12-PWY: D-arabinose degradation I|unclassified	10.3823342603
DARABCATK12-PWY: D-arabinose degradation I|g__Klebsiella.s__Klebsiella_oxytoca	3.0716769993
CITRULBIO-PWY: L-citrulline biosynthesis	2258.4749679320
CITRULBIO-PWY: L-citrulline biosynthesis|g__Lactobacillus.s__Lactobacillus_fermentum	779.4830273496
CITRULBIO-PWY: L-citrulline biosynthesis|g__Escherichia.s__Escherichia_coli	438.1064948270
CITRULBIO-PWY: L-citrulline biosynthesis|g__Citrobacter.s__Citrobacter_freundii	297.2771815994
CITRULBIO-PWY: L-citrulline biosynthesis|unclassified	210.9712043572
CITRULBIO-PWY: L-citrulline biosynthesis|g__Klebsiella.s__Klebsiella_oxytoca	65.8809386071
CITRULBIO-PWY: L-citrulline biosynthesis|g__Kluyvera.s__Kluyvera_cryocrescens	20.2647281166
AST-PWY: L-arginine degradation II (AST pathway)	2195.4999946997
AST-PWY: L-arginine degradation II (AST pathway)|g__Citrobacter.s__Citrobacter_portucalensis	920.5066666475
AST-PWY: L-arginine degradation II (AST pathway)|g__Escherichia.s__Escherichia_coli	367.5614468056
AST-PWY: L-arginine degradation II (AST pathway)|g__Klebsiella.s__Klebsiella_oxytoca	306.2347662433
AST-PWY: L-arginine degradation II (AST pathway)|g__Klebsiella.s__Klebsiella_michiganensis	79.0006873105
AST-PWY: L-arginine degradation II (AST pathway)|g__Citrobacter.s__Citrobacter_youngae	34.5508871529
AST-PWY: L-arginine degradation II (AST pathway)|unclassified	18.5535974058
AST-PWY: L-arginine degradation II (AST pathway)|g__Kluyvera.s__Kluyvera_cryocrescens	14.4386643394
AST-PWY: L-arginine degradation II (AST pathway)|g__Citrobacter.s__Citrobacter_freundii	5.9539292896
CARNMET-PWY: L-carnitine degradation I	2124.4214572492
CARNMET-PWY: L-carnitine degradation I|g__Citrobacter.s__Citrobacter_youngae	859.9788378787
CARNMET-PWY: L-carnitine degradation I|g__Citrobacter.s__Citrobacter_portucalensis	836.4976194812
CARNMET-PWY: L-carnitine degradation I|g__Citrobacter.s__Citrobacter_freundii	274.1975200201
CARNMET-PWY: L-carnitine degradation I|g__Escherichia.s__Escherichia_coli	76.2992351746
CARNMET-PWY: L-carnitine degradation I|g__Klebsiella.s__Klebsiella_oxytoca	34.2525807239
CARNMET-PWY: L-carnitine degradation I|g__Proteus.s__Proteus_vulgaris	22.8968359480
CARNMET-PWY: L-carnitine degradation I|unclassified	4.8395760343
PWY-5028: L-histidine degradation II	2107.3312741403
PWY-5028: L-histidine degradation II|g__Klebsiella.s__Klebsiella_oxytoca	181.7856058880
PWY-5028: L-histidine degradation II|g__Klebsiella.s__Klebsiella_michiganensis	52.1743318569
PWY-5028: L-histidine degradation II|g__Escherichia.s__Escherichia_coli	10.1462994053
PWY-6292: superpathway of L-cysteine biosynthesis (mammalian)	2104.8572462791
PWY-6292: superpathway of L-cysteine biosynthesis (mammalian)|g__Lactobacillus.s__Lactobacillus_fermentum	361.2612711491
PWY-6292: superpathway of L-cysteine biosynthesis (mammalian)|g__Morganella.s__Morganella_morganii	124.1523680662
PWY-6292: superpathway of L-cysteine biosynthesis (mammalian)|unclassified	67.1718980953
PWY-561: superpathway of glyoxylate cycle and fatty acid degradation	2059.9324933206
PWY-561: superpathway of glyoxylate cycle and fatty acid degradation|g__Escherichia.s__Escherichia_coli	586.0223005834
PWY-561: superpathway of glyoxylate cycle and fatty acid degradation|g__Klebsiella.s__Klebsiella_oxytoca	280.0587871005
PWY-561: superpathway of glyoxylate cycle and fatty acid degradation|unclassified	137.4311682912
PWY-561: superpathway of glyoxylate cycle and fatty acid degradation|g__Citrobacter.s__Citrobacter_freundii	105.2042495551
PWY-7269: mitochondrial NADPH production (yeast)	2052.9583086057
PWY-7269: mitochondrial NADPH production (yeast)|g__Citrobacter.s__Citrobacter_portucalensis	598.9535441054
PWY-7269: mitochondrial NADPH production (yeast)|g__Citrobacter.s__Citrobacter_youngae	195.5532484064
PWY-7269: mitochondrial NADPH production (yeast)|g__Citrobacter.s__Citrobacter_freundii	161.0328359509
PWY-7269: mitochondrial NADPH production (yeast)|g__Escherichia.s__Escherichia_coli	99.0447206211
PWY-7269: mitochondrial NADPH production (yeast)|g__Klebsiella.s__Klebsiella_michiganensis	86.5222509494
PWY-7269: mitochondrial NADPH production (yeast)|unclassified	18.9595079491
PWY-7269: mitochondrial NADPH production (yeast)|g__Kluyvera.s__Kluyvera_cryocrescens	16.3830269664
PWY-801: homocysteine and cysteine interconversion	2016.7292031992
PWY-801: homocysteine and cysteine interconversion|unclassified	63.4414312149
PWY-6797: 6-hydroxymethyl-dihydropterin diphosphate biosynthesis II (Methanocaldococcus)	2015.4816315594
PWY-6797: 6-hydroxymethyl-dihydropterin diphosphate biosynthesis II (Methanocaldococcus)|g__Lactobacillus.s__Lactobacillus_fermentum	1274.7917333555
RUMP-PWY: formaldehyde oxidation I	1959.9020052123
RUMP-PWY: formaldehyde oxidation I|g__Lactobacillus.s__Lactobacillus_fermentum	442.3030254911
RUMP-PWY: formaldehyde oxidation I|g__Pediococcus.s__Pediococcus_pentosaceus	168.2455421163
PWY-7294: D-xylose degradation IV	1907.3741612266
PWY-7409: phospholipid remodeling (phosphatidylethanolamine, yeast)	1903.6378974661
PWY-7409: phospholipid remodeling (phosphatidylethanolamine, yeast)|g__Citrobacter.s__Citrobacter_freundii	593.1914450989
PWY-7409: phospholipid remodeling (phosphatidylethanolamine, yeast)|g__Escherichia.s__Escherichia_coli	4.8007600192
PWY-7409: phospholipid remodeling (phosphatidylethanolamine, yeast)|g__Klebsiella.s__Klebsiella_oxytoca	3.2889734541
PWY3O-4107: NAD salvage pathway V (PNC V cycle)	1891.6501742893
PWY3O-4107: NAD salvage pathway V (PNC V cycle)|unclassified	83.3102340318
PWY3O-4107: NAD salvage pathway V (PNC V cycle)|g__Proteus.s__Proteus_vulgaris	8.0745126109
PWY-6531: mannitol cycle	1835.1673540061
PWY-6531: mannitol cycle|g__Escherichia.s__Escherichia_coli	740.4025795069
PWY-6531: mannitol cycle|g__Klebsiella.s__Klebsiella_oxytoca	319.0152174750
PWY-6293: superpathway of L-cysteine biosynthesis (fungi)	1819.4432275785
PWY-6293: superpathway of L-cysteine biosynthesis (fungi)|unclassified	82.5900135852
PWY-6549: L-glutamine biosynthesis III	1787.5548485434
PWY-5705: allantoin degradation to glyoxylate III	1779.9952595056
PWY-5705: allantoin degradation to glyoxylate III|g__Citrobacter.s__Citrobacter_freundii	800.9497745989
PWY-5705: allantoin degradation to glyoxylate III|g__Escherichia.s__Escherichia_coli	183.8794971244
PWY-5705: allantoin degradation to glyoxylate III|g__Klebsiella.s__Klebsiella_oxytoca	60.3774279283
TCA-GLYOX-BYPASS: superpathway of glyoxylate bypass and TCA	1747.6424220521
TCA-GLYOX-BYPASS: superpathway of glyoxylate bypass and TCA|g__Escherichia.s__Escherichia_coli	578.2093561297
TCA-GLYOX-BYPASS: superpathway of glyoxylate bypass and TCA|g__Klebsiella.s__Klebsiella_oxytoca	273.9484503465
TCA-GLYOX-BYPASS: superpathway of glyoxylate bypass and TCA|unclassified	92.0906525867
TCA-GLYOX-BYPASS: superpathway of glyoxylate bypass and TCA|g__Citrobacter.s__Citrobacter_freundii	87.8269809435
PWY-5189: tetrapyrrole biosynthesis II (from glycine)	1667.2587857390
PWY-5189: tetrapyrrole biosynthesis II (from glycine)|g__Escherichia.s__Escherichia_coli	633.2842344030
PWY-5189: tetrapyrrole biosynthesis II (from glycine)|g__Klebsiella.s__Klebsiella_michiganensis	226.5539321199
PWY-5189: tetrapyrrole biosynthesis II (from glycine)|g__Klebsiella.s__Klebsiella_oxytoca	145.9476297051
PWY-5189: tetrapyrrole biosynthesis II (from glycine)|unclassified	71.8539732845
PWY-5189: tetrapyrrole biosynthesis II (from glycine)|g__Proteus.s__Proteus_vulgaris	2.9837475156
ARGININE-SYN4-PWY: L-ornithine biosynthesis II	1617.3551375940
ARGININE-SYN4-PWY: L-ornithine biosynthesis II|g__Escherichia.s__Escherichia_coli	394.7462228485
ARGININE-SYN4-PWY: L-ornithine biosynthesis II|unclassified	155.2174738980
ARGININE-SYN4-PWY: L-ornithine biosynthesis II|g__Citrobacter.s__Citrobacter_freundii	87.9965342188
ARGININE-SYN4-PWY: L-ornithine biosynthesis II|g__Klebsiella.s__Klebsiella_oxytoca	63.0043110854
PWY-6969: TCA cycle V (2-oxoglutarate synthase)	1533.6470070669
PWY-6969: TCA cycle V (2-oxoglutarate synthase)|g__Escherichia.s__Escherichia_coli	479.7629253978
PWY-6969: TCA cycle V (2-oxoglutarate synthase)|g__Klebsiella.s__Klebsiella_oxytoca	215.2296328286
PWY-6969: TCA cycle V (2-oxoglutarate synthase)|unclassified	88.6997182710
PWY-6969: TCA cycle V (2-oxoglutarate synthase)|g__Citrobacter.s__Citrobacter_freundii	82.8573332289
TCA: TCA cycle I (prokaryotic)	1533.6470070669
TCA: TCA cycle I (prokaryotic)|g__Escherichia.s__Escherichia_coli	529.8619121293
TCA: TCA cycle I (prokaryotic)|g__Klebsiella.s__Klebsiella_oxytoca	256.3623967465
TCA: TCA cycle I (prokaryotic)|unclassified	88.6997182710
TCA: TCA cycle I (prokaryotic)|g__Citrobacter.s__Citrobacter_freundii	82.8573332289
HEXITOLDEGSUPER-PWY: superpathway of hexitol degradation (bacteria)	1430.8210391779
HEXITOLDEGSUPER-PWY: superpathway of hexitol degradation (bacteria)|g__Escherichia.s__Escherichia_coli	470.5929732758
P105-PWY: TCA cycle IV (2-oxoglutarate decarboxylase)	1413.7047868813
P105-PWY: TCA cycle IV (2-oxoglutarate decarboxylase)|g__Escherichia.s__Escherichia_coli	456.1311859407
P105-PWY: TCA cycle IV (2-oxoglutarate decarboxylase)|g__Klebsiella.s__Klebsiella_oxytoca	201.4911539040
P105-PWY: TCA cycle IV (2-oxoglutarate decarboxylase)|unclassified	86.7826347864
P105-PWY: TCA cycle IV (2-oxoglutarate decarboxylase)|g__Citrobacter.s__Citrobacter_freundii	83.1641841592
PWY-7200: superpathway of pyrimidine deoxyribonucleoside salvage	1403.2133918682
REDCITCYC: TCA cycle VI (Helicobacter)	1337.6756129598
REDCITCYC: TCA cycle VI (Helicobacter)|g__Citrobacter.s__Citrobacter_freundii	34.7198311338
PWY-7385: 1,3-propanediol biosynthesis (engineered)	1266.4836667201
PWY-7385: 1,3-propanediol biosynthesis (engineered)|unclassified	171.7608195029
PWY-7385: 1,3-propanediol biosynthesis (engineered)|g__Escherichia.s__Escherichia_coli	63.9598354123
PWY-7245: superpathway of NAD/NADP - NADH/NADPH interconversion (yeast)	1223.9869238722
PWY-7204: pyridoxal 5'-phosphate salvage II (plants)	1137.4661922195
PWY-7204: pyridoxal 5'-phosphate salvage II (plants)|g__Escherichia.s__Escherichia_coli	330.5053797078
PWY-7204: pyridoxal 5'-phosphate salvage II (plants)|g__Klebsiella.s__Klebsiella_oxytoca	188.2304911108
PWY-7204: pyridoxal 5'-phosphate salvage II (plants)|g__Klebsiella.s__Klebsiella_michiganensis	95.5384788432
PWY-7204: pyridoxal 5'-phosphate salvage II (plants)|g__Citrobacter.s__Citrobacter_freundii	92.0194641670
PWY0-41: allantoin degradation IV (anaerobic)	1134.2596385523
PWY0-41: allantoin degradation IV (anaerobic)|g__Escherichia.s__Escherichia_coli	52.0704353468
PWY0-41: allantoin degradation IV (anaerobic)|g__Klebsiella.s__Klebsiella_oxytoca	2.4305570906
PWY-4984: urea cycle	1121.0174125589
PWY-4984: urea cycle|g__Lactobacillus.s__Lactobacillus_fermentum	703.2721918280
PWY-4984: urea cycle|unclassified	75.7929811924
PWY-4984: urea cycle|g__Kluyvera.s__Kluyvera_cryocrescens	18.5651634817
PWY-6731: starch degradation III	987.9643544794
PWY-6731: starch degradation III|g__Escherichia.s__Escherichia_coli	666.5531183431
PWY-6731: starch degradation III|unclassified	26.5150959190
PWY-5692: allantoin degradation to glyoxylate II	980.6339845201
PWY-5692: allantoin degradation to glyoxylate II|g__Citrobacter.s__Citrobacter_freundii	659.7657470698
PWY-5692: allantoin degradation to glyoxylate II|g__Escherichia.s__Escherichia_coli	8.9829938756
URDEGR-PWY: superpathway of allantoin degradation in plants	980.6339845201
URDEGR-PWY: superpathway of allantoin degradation in plants|g__Citrobacter.s__Citrobacter_freundii	659.7657470698
URDEGR-PWY: superpathway of allantoin degradation in plants|g__Escherichia.s__Escherichia_coli	8.9829938756
PWY-6595: superpathway of guanosine nucleotides degradation (plants)	975.9579348674
PWY-6595: superpathway of guanosine nucleotides degradation (plants)|unclassified	127.7712567025
PWY-6607: guanosine nucleotides degradation I	956.9295430824
PWY-6607: guanosine nucleotides degradation I|unclassified	100.4927382661
THREOCAT-PWY: superpathway of L-threonine metabolism	954.5689410393
PWY-6396: superpathway of 2,3-butanediol biosynthesis	951.1672794569
PWY-8131: 5'-deoxyadenosine degradation II	921.0227879710
PWY-8131: 5'-deoxyadenosine degradation II|g__Klebsiella.s__Klebsiella_oxytoca	226.4057641308
PWY-8131: 5'-deoxyadenosine degradation II|g__Morganella.s__Morganella_morganii	101.0638169850
PWY-8131: 5'-deoxyadenosine degradation II|g__Klebsiella.s__Klebsiella_michiganensis	59.4332010129
PWY-8131: 5'-deoxyadenosine degradation II|unclassified	54.4889834923
P164-PWY: purine nucleobases degradation I (anaerobic)	908.0629497556
P164-PWY: purine nucleobases degradation I (anaerobic)|g__Pediococcus.s__Pediococcus_acidilactici	69.1706373382
PWY-6922: L-N&delta;-acetylornithine biosynthesis	899.4575626619
PWY-6922: L-N&delta;-acetylornithine biosynthesis|unclassified	72.2942340163
PWY-3781: aerobic respiration I (cytochrome c)	799.9689633757
PWY-3781: aerobic respiration I (cytochrome c)|unclassified	46.7214920533
PWY-7279: aerobic respiration II (cytochrome c) (yeast)	777.4925887390
PWY-7279: aerobic respiration II (cytochrome c) (yeast)|unclassified	12.0189132193
3-HYDROXYPHENYLACETATE-DEGRADATION-PWY: 4-hydroxyphenylacetate degradation	772.3763275590
3-HYDROXYPHENYLACETATE-DEGRADATION-PWY: 4-hydroxyphenylacetate degradation|g__Escherichia.s__Escherichia_coli	357.1430681096
3-HYDROXYPHENYLACETATE-DEGRADATION-PWY: 4-hydroxyphenylacetate degradation|g__Klebsiella.s__Klebsiella_oxytoca	154.1513077247
PWY66-389: phytol degradation	768.5370693405
PWY66-389: phytol degradation|g__Escherichia.s__Escherichia_coli	287.9864475050
PWY66-389: phytol degradation|g__Morganella.s__Morganella_morganii	156.7075407782
PWY66-389: phytol degradation|g__Klebsiella.s__Klebsiella_michiganensis	61.8066186890
PWY66-389: phytol degradation|unclassified	40.5299257774
PWY66-389: phytol degradation|g__Proteus.s__Proteus_vulgaris	19.4659112168
PWY-6590: superpathway of Clostridium acetobutylicum acidogenic fermentation	692.2711087393
PWY-5656: mannosylglycerate biosynthesis I	687.4759369636
PWY-5656: mannosylglycerate biosynthesis I|g__Escherichia.s__Escherichia_coli	311.6089234240
PWY-5656: mannosylglycerate biosynthesis I|unclassified	36.2580357285
PWY66-367: ketogenesis	566.7576180463
PWY-5417: catechol degradation III (ortho-cleavage pathway)	559.6948548953
PWY-5417: catechol degradation III (ortho-cleavage pathway)|g__Klebsiella.s__Klebsiella_oxytoca	182.8891103727
PWY-5417: catechol degradation III (ortho-cleavage pathway)|g__Kluyvera.s__Kluyvera_cryocrescens	15.9047710272
PWY-5431: aromatic compounds degradation via &beta;-ketoadipate	559.6948548953
PWY-5431: aromatic compounds degradation via &beta;-ketoadipate|g__Klebsiella.s__Klebsiella_oxytoca	182.8891103727
PWY-5431: aromatic compounds degradation via &beta;-ketoadipate|g__Kluyvera.s__Kluyvera_cryocrescens	15.9047710272
P108-PWY: pyruvate fermentation to propanoate I	554.1904455229
P108-PWY: pyruvate fermentation to propanoate I|g__Klebsiella.s__Klebsiella_oxytoca	210.2221869762
P108-PWY: pyruvate fermentation to propanoate I|g__Klebsiella.s__Klebsiella_michiganensis	15.7820315497
CENTFERM-PWY: pyruvate fermentation to butanoate	530.4186268061
PWY-7384: anaerobic energy metabolism (invertebrates, mitochondrial)	525.0242953391
PWY-6318: L-phenylalanine degradation IV (mammalian, via side chain)	499.7020494703
PWY-6318: L-phenylalanine degradation IV (mammalian, via side chain)|g__Klebsiella.s__Klebsiella_oxytoca	70.3274526538
ARGDEG-PWY: superpathway of L-arginine, putrescine, and 4-aminobutanoate degradation	494.7700636858
ARGDEG-PWY: superpathway of L-arginine, putrescine, and 4-aminobutanoate degradation|g__Escherichia.s__Escherichia_coli	162.5801728986
ARGDEG-PWY: superpathway of L-arginine, putrescine, and 4-aminobutanoate degradation|unclassified	16.9894156489
ORNARGDEG-PWY: superpathway of L-arginine and L-ornithine degradation	494.7700636858
ORNARGDEG-PWY: superpathway of L-arginine and L-ornithine degradation|g__Escherichia.s__Escherichia_coli	162.5801728986
ORNARGDEG-PWY: superpathway of L-arginine and L-ornithine degradation|unclassified	16.9894156489
CATECHOL-ORTHO-CLEAVAGE-PWY: catechol degradation to &beta;-ketoadipate	485.0358804128
CATECHOL-ORTHO-CLEAVAGE-PWY: catechol degradation to &beta;-ketoadipate|g__Klebsiella.s__Klebsiella_oxytoca	168.4350912804
CATECHOL-ORTHO-CLEAVAGE-PWY: catechol degradation to &beta;-ketoadipate|g__Kluyvera.s__Kluyvera_cryocrescens	15.3684189056
P125-PWY: superpathway of (R,R)-butanediol biosynthesis	466.7977184285
P125-PWY: superpathway of (R,R)-butanediol biosynthesis|g__Streptococcus.s__Streptococcus_thermophilus	350.7828101594
GALACTITOLCAT-PWY: galactitol degradation	457.6217720477
GALACTITOLCAT-PWY: galactitol degradation|g__Escherichia.s__Escherichia_coli	293.5716579821
GALACTITOLCAT-PWY: galactitol degradation|unclassified	71.9330301492
PWY-5088: L-glutamate degradation VIII (to propanoate)	449.1306079295
PWY-6182: superpathway of salicylate degradation	425.7117211819
PWY-6182: superpathway of salicylate degradation|g__Kluyvera.s__Kluyvera_cryocrescens	12.6493492916
PWY-8086: (S)-lactate fermentation to propanoate, acetate and hydrogen	415.2827171618
PWY-6185: 4-methylcatechol degradation (ortho cleavage)	406.1034284971
PWY-6185: 4-methylcatechol degradation (ortho cleavage)|g__Klebsiella.s__Klebsiella_oxytoca	180.1892952313
PWY-6185: 4-methylcatechol degradation (ortho cleavage)|g__Klebsiella.s__Klebsiella_michiganensis	54.0275043444
PWY-6185: 4-methylcatechol degradation (ortho cleavage)|g__Kluyvera.s__Kluyvera_cryocrescens	13.3570014309
PWY-622: starch biosynthesis	402.8492273278
PWY-622: starch biosynthesis|g__Klebsiella.s__Klebsiella_oxytoca	136.3475083605
PWY-7165: L-ascorbate biosynthesis VIII (engineered pathway)	358.9703272791
PWY-6876: isopropanol biosynthesis (engineered)	327.7530478371
PWY-3801: sucrose degradation II (sucrose synthase)	311.0861979680
URSIN-PWY: ureide biosynthesis	310.7379757977
URSIN-PWY: ureide biosynthesis|g__Klebsiella.s__Klebsiella_oxytoca	37.0634563002
ALLANTOINDEG-PWY: superpathway of allantoin degradation in yeast	303.4517136010
LPSSYN-PWY: superpathway of lipopolysaccharide biosynthesis	299.5798245928
LPSSYN-PWY: superpathway of lipopolysaccharide biosynthesis|g__Escherichia.s__Escherichia_coli	126.0911497328
PWY-6328: L-lysine degradation X	272.8991374493
PWY-6328: L-lysine degradation X|g__Escherichia.s__Escherichia_coli	233.0941206773
P221-PWY: octane oxidation	267.7521038797
P221-PWY: octane oxidation|g__Escherichia.s__Escherichia_coli	63.0309804594
P221-PWY: octane oxidation|unclassified	8.1992613476
PWY-7396: butanol and isobutanol biosynthesis (engineered)	259.7233772936
PWY-7396: butanol and isobutanol biosynthesis (engineered)|unclassified	17.1807360974
PWY-5972: stearate biosynthesis I (animals)	238.6717940407
PWY-7527: L-methionine salvage cycle III	235.5725034172
PWY-822: fructan biosynthesis	212.8905030213
PWY-822: fructan biosynthesis|g__Streptococcus.s__Streptococcus_thermophilus	212.8905030213
PWY-6992: 1,5-anhydrofructose degradation	180.5609227175
PWY-6992: 1,5-anhydrofructose degradation|g__Escherichia.s__Escherichia_coli	27.8100117455
PWY-6113: superpathway of mycolate biosynthesis	179.8622627845
PWY-7391: isoprene biosynthesis II (engineered)	171.2496104664
PWY-7391: isoprene biosynthesis II (engineered)|unclassified	54.8428282617
GLUDEG-I-PWY: GABA shunt	157.9205640316
GLUDEG-I-PWY: GABA shunt|g__Escherichia.s__Escherichia_coli	56.1292191143
GLUDEG-I-PWY: GABA shunt|unclassified	33.2141882667
GLUDEG-I-PWY: GABA shunt|g__Klebsiella.s__Klebsiella_oxytoca	9.9646079497
PWY-4361: S-methyl-5-thio-&alpha;-D-ribose 1-phosphate degradation I	145.7611593868
PWY-4361: S-methyl-5-thio-&alpha;-D-ribose 1-phosphate degradation I|g__Klebsiella.s__Klebsiella_oxytoca	12.7458073958
PWY-7196: superpathway of pyrimidine ribonucleosides salvage	142.5806459183
PWY-7196: superpathway of pyrimidine ribonucleosides salvage|unclassified	43.7241231213
PWY-5514: UDP-N-acetyl-D-galactosamine biosynthesis II	141.4424927980
PWY-7874: L-threonate degradation	141.0153370028
PWY-7874: L-threonate degradation|g__Escherichia.s__Escherichia_coli	141.0153370028
PWY66-391: fatty acid &beta;-oxidation VI (mammalian peroxisome)	135.1820023209
PWY66-391: fatty acid &beta;-oxidation VI (mammalian peroxisome)|unclassified	109.6030168181
UBISYN-PWY: superpathway of ubiquinol-8 biosynthesis (early decarboxylation)	132.1498863372
FASYN-INITIAL-PWY: superpathway of fatty acid biosynthesis initiation (E. coli)	128.8424362109
FASYN-INITIAL-PWY: superpathway of fatty acid biosynthesis initiation (E. coli)|unclassified	90.7430267478
PWY-6708: ubiquinol-8 biosynthesis (early decarboxylation)	117.9249188634
PWY-6215: 4-chlorobenzoate degradation	115.4332799169
PWY-5994: palmitate biosynthesis (type I fatty acid synthase)	112.6325015580
PWY-6588: pyruvate fermentation to acetone	110.9362315757
PWY-5505: L-glutamate and L-glutamine biosynthesis	105.8861601974
PWY-5870: ubiquinol-8 biosynthesis (late decarboxylation)	103.8778166990
PWY-6837: fatty acid &beta;-oxidation V (unsaturated, odd number, di-isomerase-dependent)	89.8893519836
PWY-6837: fatty acid &beta;-oxidation V (unsaturated, odd number, di-isomerase-dependent)|unclassified	81.6743786665
PWY-7039: phosphatidate metabolism, as a signaling molecule	86.9818389266
PWY-7039: phosphatidate metabolism, as a signaling molecule|unclassified	58.4815608402
PWY0-1221: putrescine degradation II	86.5475689866
PWY0-1221: putrescine degradation II|g__Escherichia.s__Escherichia_coli	76.2748919825
PWY0-1221: putrescine degradation II|unclassified	4.8215547188
PWY-5873: ubiquinol-7 biosynthesis (late decarboxylation)	81.5795742339
PWY-5873: ubiquinol-7 biosynthesis (late decarboxylation)|unclassified	45.5765891702
P621-PWY: nylon-6 oligomer degradation	81.5464886882
PWY-7316: dTDP-N-acetylviosamine biosynthesis	78.9611656935
PWY-7316: dTDP-N-acetylviosamine biosynthesis|unclassified	74.5055031697
LIPA-CORESYN-PWY: lipid A-core biosynthesis (E. coli K-12)	71.2259278920
LIPA-CORESYN-PWY: lipid A-core biosynthesis (E. coli K-12)|g__Escherichia.s__Escherichia_coli	70.7047324898
PWY-7873: D-erythronate degradation II	67.5857336718
PWY-7873: D-erythronate degradation II|g__Escherichia.s__Escherichia_coli	67.5857336718
PWY-5080: very long chain fatty acid biosynthesis I	60.1740945481
PWY-5080: very long chain fatty acid biosynthesis I|unclassified	60.1740945481
PWY-7616: methanol oxidation to carbon dioxide	59.3138156535
PWY-6572: chondroitin sulfate degradation I (bacterial)	25.1196852627
PWY-7009: 2,2'-dihydroxybiphenyl degradation	24.7171497965
DHGLUCONATE-PYR-CAT-PWY: glucose degradation (oxidative)	13.8069009096
PWY-7511: protein ubiquitination	7.2546895232
PWY-7511: protein ubiquitination|unclassified	7.2546895232