# Pathway	CRSAFR-001-Cosmic_40_Abundance
UNMAPPED	4170054.3524253587
UNINTEGRATED	12960448.0069419183
UNINTEGRATED|unclassified	1589624.8255052904
UNINTEGRATED|g__Bacteroides.s__Bacteroides_uniformis	1038567.7858852415
UNINTEGRATED|g__Prevotella.s__Prevotella_copri	998030.4059268456
UNINTEGRATED|g__Lachnospiraceae_unclassified.s__Eubacterium_rectale	666552.0206049193
UNINTEGRATED|g__Faecalibacterium.s__Faecalibacterium_prausnitzii	611874.6644174693
UNINTEGRATED|g__Firmicutes_unclassified.s__Firmicutes_bacterium_CAG_110	554684.8349602639
UNINTEGRATED|g__Blautia.s__Ruminococcus_torques	540003.5491904763
UNINTEGRATED|g__Bacteroides.s__Bacteroides_thetaiotaomicron	402611.8999535072
UNINTEGRATED|g__Bacteroides.s__Bacteroides_vulgatus	390093.9618801406
UNINTEGRATED|g__Bacteroides.s__Bacteroides_cellulosilyticus	351958.6144698745
UNINTEGRATED|g__Alistipes.s__Alistipes_finegoldii	329981.9284463972
UNINTEGRATED|g__Bacteroides.s__Bacteroides_salyersiae	280734.8478509879
UNINTEGRATED|g__Faecalibacterium.s__Faecalibacterium_sp_CAG_74	250584.7648586654
UNINTEGRATED|g__Bacteroides.s__Bacteroides_dorei	242410.4453258954
UNINTEGRATED|g__Bacteroides.s__Bacteroides_massiliensis	231795.4720149841
UNINTEGRATED|g__Blautia.s__Blautia_obeum	218749.6202497677
UNINTEGRATED|g__Parabacteroides.s__Parabacteroides_goldsteinii	196853.1267341304
UNINTEGRATED|g__Ruminococcus.s__Ruminococcus_callidus	168626.9919188088
UNINTEGRATED|g__Blautia.s__Blautia_wexlerae	145621.4069399153
UNINTEGRATED|g__Bacteroides.s__Bacteroides_caccae	136841.6821257083
UNINTEGRATED|g__Gemmiger.s__Gemmiger_formicilis	136662.4804901229
UNINTEGRATED|g__Parabacteroides.s__Parabacteroides_distasonis	136080.1034870975
UNINTEGRATED|g__Bacteroides.s__Bacteroides_intestinalis	128224.0023874573
UNINTEGRATED|g__Ruminococcus.s__Ruminococcus_bromii	117352.2689337766
UNINTEGRATED|g__Dorea.s__Dorea_longicatena	113814.1410534496
UNINTEGRATED|g__Citrobacter.s__Citrobacter_koseri	97895.1236195238
UNINTEGRATED|g__Bacteroides.s__Bacteroides_ovatus	95363.0873210368
UNINTEGRATED|g__Anaerostipes.s__Anaerostipes_hadrus	91007.4710940681
UNINTEGRATED|g__Eubacterium.s__Eubacterium_hallii	87576.3945561837
UNINTEGRATED|g__Odoribacter.s__Odoribacter_splanchnicus	87197.0133918260
UNINTEGRATED|g__Roseburia.s__Roseburia_intestinalis	80627.5891754175
UNINTEGRATED|g__Dorea.s__Dorea_formicigenerans	77552.2111583887
UNINTEGRATED|g__Coprococcus.s__Coprococcus_comes	71138.9965845010
UNINTEGRATED|g__Sutterella.s__Sutterella_wadsworthensis	68678.0944293992
UNINTEGRATED|g__Eubacterium.s__Eubacterium_sp_CAG_252	67636.9288223488
UNINTEGRATED|g__Fusicatenibacter.s__Fusicatenibacter_saccharivorans	59226.3418787964
UNINTEGRATED|g__Eubacterium.s__Eubacterium_ramulus	57828.7695059096
UNINTEGRATED|g__Bifidobacterium.s__Bifidobacterium_animalis	56997.5390293699
UNINTEGRATED|g__Clostridium.s__Clostridium_sp_CAG_217	56951.2821038778
UNINTEGRATED|g__Blautia.s__Blautia_sp	51388.7586939792
UNINTEGRATED|g__Streptococcus.s__Streptococcus_thermophilus	51135.1357800097
UNINTEGRATED|g__Phascolarctobacterium.s__Phascolarctobacterium_faecium	49675.3778339633
UNINTEGRATED|g__Clostridiales_unclassified.s__Clostridiales_bacterium_KLE1615	49350.6822749895
UNINTEGRATED|g__Agathobaculum.s__Agathobaculum_butyriciproducens	46517.3006260158
UNINTEGRATED|g__Bacteroides.s__Bacteroides_faecis	45988.1688957744
UNINTEGRATED|g__Roseburia.s__Roseburia_faecis	44515.0675876333
UNINTEGRATED|g__Anaerotruncus.s__Anaerotruncus_colihominis	42529.5762972555
UNINTEGRATED|g__Parabacteroides.s__Parabacteroides_merdae	40784.7132429901
UNINTEGRATED|g__Eubacterium.s__Eubacterium_ventriosum	40191.8873826147
UNINTEGRATED|g__Roseburia.s__Roseburia_hominis	38970.4355160429
UNINTEGRATED|g__Eubacterium.s__Eubacterium_sp_CAG_38	38670.1498159311
UNINTEGRATED|g__Blautia.s__Blautia_sp_CAG_52	38382.5143931743
UNINTEGRATED|g__Butyricimonas.s__Butyricimonas_virosa	36277.5521417057
UNINTEGRATED|g__Clostridium.s__Clostridium_sp_CAG_75	35811.3152186418
UNINTEGRATED|g__Barnesiella.s__Barnesiella_intestinihominis	33375.6008074623
UNINTEGRATED|g__Bilophila.s__Bilophila_wadsworthia	28623.8235279996
UNINTEGRATED|g__Alistipes.s__Alistipes_onderdonkii	28267.4242368930
UNINTEGRATED|g__Ruminococcus.s__Ruminococcus_sp_AF31_8BH	27842.3610078326
UNINTEGRATED|g__Clostridium.s__Clostridium_sp_CAG_245	26596.8695440814
UNINTEGRATED|g__Firmicutes_unclassified.s__Firmicutes_bacterium_CAG_41	26073.7302824074
UNINTEGRATED|g__Clostridium.s__Clostridium_sp_AM22_11AC	25821.7447277247
UNINTEGRATED|g__Coprococcus.s__Coprococcus_catus	23074.8572436632
UNINTEGRATED|g__Firmicutes_unclassified.s__Firmicutes_bacterium_CAG_475	21938.1912171818
UNINTEGRATED|g__Subdoligranulum.s__Subdoligranulum_sp_APC924_74	21521.1903988885
UNINTEGRATED|g__Eubacterium.s__Eubacterium_eligens	21347.8135281411
UNINTEGRATED|g__Eubacterium.s__Eubacterium_sp_AF17_7	19957.8352620151
UNINTEGRATED|g__Clostridium.s__Clostridium_sp_CAG_167	19882.0181201073
UNINTEGRATED|g__Prevotella.s__Prevotella_sp_CAG_485	19118.4160830056
UNINTEGRATED|g__Butyricimonas.s__Butyricimonas_synergistica	16887.6267778806
UNINTEGRATED|g__Firmicutes_unclassified.s__Firmicutes_bacterium_CAG_124	16143.0706810987
UNINTEGRATED|g__Bacteroides.s__Bacteroides_sp_CAG_144	16045.9329526530
UNINTEGRATED|g__Victivallis.s__Victivallis_vadensis	15690.1330745272
UNINTEGRATED|g__Firmicutes_unclassified.s__Firmicutes_bacterium_CAG_114	15207.7676582843
UNINTEGRATED|g__Roseburia.s__Roseburia_sp_CAG_100	14970.8220584828
UNINTEGRATED|g__Eubacterium.s__Eubacterium_sp_CAG_274	14684.6111170860
UNINTEGRATED|g__Eisenbergiella.s__Eisenbergiella_tayi	14644.7739792532
UNINTEGRATED|g__Blautia.s__Blautia_sp_AF19_10LB	13972.6072946863
UNINTEGRATED|g__Firmicutes_unclassified.s__Firmicutes_bacterium_AF16_15	13439.5649860018
UNINTEGRATED|g__Bifidobacterium.s__Bifidobacterium_adolescentis	12574.6796299749
UNINTEGRATED|g__Alistipes.s__Alistipes_shahii	12334.4217873935
UNINTEGRATED|g__Eubacterium.s__Eubacterium_sp_36_13	10911.1846498819
UNINTEGRATED|g__Clostridium.s__Clostridium_sp_CAG_58	10527.3960461846
UNINTEGRATED|g__Ruthenibacterium.s__Ruthenibacterium_lactatiformans	10501.0916422564
UNINTEGRATED|g__Lentisphaerae_unclassified.s__Lentisphaerae_bacterium	10049.4045443489
UNINTEGRATED|g__Firmicutes_unclassified.s__Firmicutes_bacterium_CAG_56	9985.7139581885
UNINTEGRATED|g__Senegalimassilia.s__Senegalimassilia_anaerobia	9436.7011573086
UNINTEGRATED|g__Ruminococcus.s__Ruminococcus_bicirculans	8594.6584766636
UNINTEGRATED|g__Lawsonibacter.s__Lawsonibacter_asaccharolyticus	8532.7290439579
UNINTEGRATED|g__Intestinibacter.s__Intestinibacter_bartlettii	8512.0796685722
UNINTEGRATED|g__Lachnospira.s__Lachnospira_pectinoschiza	8277.7542858093
UNINTEGRATED|g__Coprobacter.s__Coprobacter_secundus	8214.7079954145
UNINTEGRATED|g__Lachnoclostridium.s__Clostridium_scindens	7749.7707520528
UNINTEGRATED|g__Alistipes.s__Alistipes_indistinctus	7168.9308736389
UNINTEGRATED|g__Oscillibacter.s__Oscillibacter_sp_57_20	6826.1508151160
UNINTEGRATED|g__Eisenbergiella.s__Eisenbergiella_massiliensis	6131.5423084667
UNINTEGRATED|g__Firmicutes_unclassified.s__Firmicutes_bacterium_CAG_83	4307.7413305829
UNINTEGRATED|g__Asaccharobacter.s__Asaccharobacter_celatus	4259.8494144759
UNINTEGRATED|g__Lactococcus.s__Lactococcus_lactis	4228.1326995855
UNINTEGRATED|g__Eubacterium.s__Eubacterium_limosum	2285.3781348189
UNINTEGRATED|g__Adlercreutzia.s__Adlercreutzia_equolifaciens	1948.7711883791
UNINTEGRATED|g__Bifidobacterium.s__Bifidobacterium_bifidum	1697.6203349743
PWY-7238: sucrose biosynthesis II	12842.8719953006
PWY-7238: sucrose biosynthesis II|unclassified	2624.7872313708
PWY-7238: sucrose biosynthesis II|g__Blautia.s__Ruminococcus_torques	1193.8069593914
PWY-7238: sucrose biosynthesis II|g__Lachnospiraceae_unclassified.s__Eubacterium_rectale	954.4617637651
PWY-7238: sucrose biosynthesis II|g__Faecalibacterium.s__Faecalibacterium_prausnitzii	925.4066876744
PWY-7238: sucrose biosynthesis II|g__Firmicutes_unclassified.s__Firmicutes_bacterium_CAG_110	812.1070013580
PWY-7238: sucrose biosynthesis II|g__Bacteroides.s__Bacteroides_uniformis	648.0893063192
PWY-7238: sucrose biosynthesis II|g__Faecalibacterium.s__Faecalibacterium_sp_CAG_74	495.7469733370
PWY-7238: sucrose biosynthesis II|g__Ruminococcus.s__Ruminococcus_bromii	315.2370241673
PWY-7238: sucrose biosynthesis II|g__Blautia.s__Blautia_obeum	314.0734303543
PWY-7238: sucrose biosynthesis II|g__Blautia.s__Blautia_wexlerae	247.0400307380
PWY-7238: sucrose biosynthesis II|g__Gemmiger.s__Gemmiger_formicilis	240.1724774231
PWY-7238: sucrose biosynthesis II|g__Bacteroides.s__Bacteroides_cellulosilyticus	208.7324129832
PWY-7238: sucrose biosynthesis II|g__Ruminococcus.s__Ruminococcus_callidus	180.3076982392
PWY-7238: sucrose biosynthesis II|g__Clostridium.s__Clostridium_sp_CAG_217	148.3982759345
PWY-7238: sucrose biosynthesis II|g__Eubacterium.s__Eubacterium_sp_CAG_252	124.8043360728
PWY-7238: sucrose biosynthesis II|g__Eubacterium.s__Eubacterium_hallii	123.8015129519
PWY-7238: sucrose biosynthesis II|g__Anaerostipes.s__Anaerostipes_hadrus	113.1358277625
PWY-7238: sucrose biosynthesis II|g__Bacteroides.s__Bacteroides_thetaiotaomicron	104.4852878527
PWY-7238: sucrose biosynthesis II|g__Blautia.s__Blautia_sp_CAG_52	97.8106386920
PWY-7238: sucrose biosynthesis II|g__Dorea.s__Dorea_longicatena	94.8256691696
PWY-7238: sucrose biosynthesis II|g__Eubacterium.s__Eubacterium_sp_CAG_38	84.6266728730
PWY-7238: sucrose biosynthesis II|g__Citrobacter.s__Citrobacter_koseri	70.4664900650
PWY-7238: sucrose biosynthesis II|g__Blautia.s__Blautia_sp	69.8400511826
PWY-7238: sucrose biosynthesis II|g__Eubacterium.s__Eubacterium_ramulus	66.1221936653
PWY-7238: sucrose biosynthesis II|g__Bacteroides.s__Bacteroides_intestinalis	64.1658383410
PWY-7238: sucrose biosynthesis II|g__Clostridium.s__Clostridium_sp_CAG_75	55.3805427531
PWY-7238: sucrose biosynthesis II|g__Fusicatenibacter.s__Fusicatenibacter_saccharivorans	50.5917097099
PWY-7238: sucrose biosynthesis II|g__Agathobaculum.s__Agathobaculum_butyriciproducens	49.9528437872
PWY-7238: sucrose biosynthesis II|g__Dorea.s__Dorea_formicigenerans	48.1181196713
PWY-7238: sucrose biosynthesis II|g__Clostridiales_unclassified.s__Clostridiales_bacterium_KLE1615	46.8445877932
PWY-7238: sucrose biosynthesis II|g__Bifidobacterium.s__Bifidobacterium_animalis	45.9664105083
PWY-7238: sucrose biosynthesis II|g__Coprococcus.s__Coprococcus_comes	39.7795483274
PWY-7238: sucrose biosynthesis II|g__Firmicutes_unclassified.s__Firmicutes_bacterium_CAG_475	38.3141869655
PWY-7238: sucrose biosynthesis II|g__Roseburia.s__Roseburia_faecis	31.3495629466
PWY-7238: sucrose biosynthesis II|g__Streptococcus.s__Streptococcus_thermophilus	31.3152100287
PWY-7238: sucrose biosynthesis II|g__Firmicutes_unclassified.s__Firmicutes_bacterium_CAG_124	30.9187915364
PWY-7238: sucrose biosynthesis II|g__Firmicutes_unclassified.s__Firmicutes_bacterium_CAG_41	29.1235068523
PWY-7238: sucrose biosynthesis II|g__Eubacterium.s__Eubacterium_sp_CAG_274	28.7544865913
PWY-7238: sucrose biosynthesis II|g__Roseburia.s__Roseburia_sp_CAG_100	26.4599424424
PWY-7238: sucrose biosynthesis II|g__Clostridium.s__Clostridium_sp_CAG_167	24.1356609697
PWY-7238: sucrose biosynthesis II|g__Subdoligranulum.s__Subdoligranulum_sp_APC924_74	21.2987600686
PWY-7238: sucrose biosynthesis II|g__Roseburia.s__Roseburia_intestinalis	20.4286658074
PWY-7238: sucrose biosynthesis II|g__Eubacterium.s__Eubacterium_sp_AF17_7	19.6534330054
PWY-7238: sucrose biosynthesis II|g__Clostridium.s__Clostridium_sp_AM22_11AC	19.6520210256
PWY-7238: sucrose biosynthesis II|g__Bifidobacterium.s__Bifidobacterium_adolescentis	17.7184058237
PWY-7238: sucrose biosynthesis II|g__Ruminococcus.s__Ruminococcus_sp_AF31_8BH	16.7601526511
PWY-7238: sucrose biosynthesis II|g__Clostridium.s__Clostridium_sp_CAG_58	13.8390303135
PWY-7238: sucrose biosynthesis II|g__Alistipes.s__Alistipes_shahii	13.8260153768
PWY-7238: sucrose biosynthesis II|g__Ruthenibacterium.s__Ruthenibacterium_lactatiformans	13.5435851398
PWY-7238: sucrose biosynthesis II|g__Intestinibacter.s__Intestinibacter_bartlettii	13.0978732880
PWY-7238: sucrose biosynthesis II|g__Coprococcus.s__Coprococcus_catus	12.2772166040
PWY-7238: sucrose biosynthesis II|g__Ruminococcus.s__Ruminococcus_bicirculans	10.6305203081
PWY-7238: sucrose biosynthesis II|g__Lactococcus.s__Lactococcus_lactis	10.4139968300
PWY-7238: sucrose biosynthesis II|g__Bacteroides.s__Bacteroides_faecis	10.0755373243
PWY-7238: sucrose biosynthesis II|g__Eubacterium.s__Eubacterium_eligens	9.8376964177
PWY-7238: sucrose biosynthesis II|g__Anaerotruncus.s__Anaerotruncus_colihominis	9.7850782398
PWY-7238: sucrose biosynthesis II|g__Blautia.s__Blautia_sp_AF19_10LB	2.5614184798
DTDPRHAMSYN-PWY: dTDP-&beta;-L-rhamnose biosynthesis	11970.3996776547
DTDPRHAMSYN-PWY: dTDP-&beta;-L-rhamnose biosynthesis|unclassified	1789.8373942353
DTDPRHAMSYN-PWY: dTDP-&beta;-L-rhamnose biosynthesis|g__Alistipes.s__Alistipes_finegoldii	993.9619113719
DTDPRHAMSYN-PWY: dTDP-&beta;-L-rhamnose biosynthesis|g__Prevotella.s__Prevotella_copri	944.4359482676
DTDPRHAMSYN-PWY: dTDP-&beta;-L-rhamnose biosynthesis|g__Bacteroides.s__Bacteroides_uniformis	865.9681309218
DTDPRHAMSYN-PWY: dTDP-&beta;-L-rhamnose biosynthesis|g__Faecalibacterium.s__Faecalibacterium_prausnitzii	685.8137513075
DTDPRHAMSYN-PWY: dTDP-&beta;-L-rhamnose biosynthesis|g__Blautia.s__Ruminococcus_torques	570.6283658702
DTDPRHAMSYN-PWY: dTDP-&beta;-L-rhamnose biosynthesis|g__Firmicutes_unclassified.s__Firmicutes_bacterium_CAG_110	469.4582738017
DTDPRHAMSYN-PWY: dTDP-&beta;-L-rhamnose biosynthesis|g__Bacteroides.s__Bacteroides_thetaiotaomicron	458.2885791622
DTDPRHAMSYN-PWY: dTDP-&beta;-L-rhamnose biosynthesis|g__Lachnospiraceae_unclassified.s__Eubacterium_rectale	404.8020966062
DTDPRHAMSYN-PWY: dTDP-&beta;-L-rhamnose biosynthesis|g__Faecalibacterium.s__Faecalibacterium_sp_CAG_74	340.7266932634
DTDPRHAMSYN-PWY: dTDP-&beta;-L-rhamnose biosynthesis|g__Bacteroides.s__Bacteroides_vulgatus	288.6978732084
DTDPRHAMSYN-PWY: dTDP-&beta;-L-rhamnose biosynthesis|g__Bacteroides.s__Bacteroides_massiliensis	255.6569378139
DTDPRHAMSYN-PWY: dTDP-&beta;-L-rhamnose biosynthesis|g__Bacteroides.s__Bacteroides_dorei	226.9370187392
DTDPRHAMSYN-PWY: dTDP-&beta;-L-rhamnose biosynthesis|g__Blautia.s__Blautia_obeum	221.2416525692
DTDPRHAMSYN-PWY: dTDP-&beta;-L-rhamnose biosynthesis|g__Gemmiger.s__Gemmiger_formicilis	219.3981881209
DTDPRHAMSYN-PWY: dTDP-&beta;-L-rhamnose biosynthesis|g__Blautia.s__Blautia_wexlerae	201.7996900539
DTDPRHAMSYN-PWY: dTDP-&beta;-L-rhamnose biosynthesis|g__Bacteroides.s__Bacteroides_salyersiae	181.7491593980
DTDPRHAMSYN-PWY: dTDP-&beta;-L-rhamnose biosynthesis|g__Ruminococcus.s__Ruminococcus_bromii	165.2541565329
DTDPRHAMSYN-PWY: dTDP-&beta;-L-rhamnose biosynthesis|g__Parabacteroides.s__Parabacteroides_goldsteinii	157.0482486734
DTDPRHAMSYN-PWY: dTDP-&beta;-L-rhamnose biosynthesis|g__Bacteroides.s__Bacteroides_intestinalis	146.2427177497
DTDPRHAMSYN-PWY: dTDP-&beta;-L-rhamnose biosynthesis|g__Parabacteroides.s__Parabacteroides_distasonis	116.3999546408
DTDPRHAMSYN-PWY: dTDP-&beta;-L-rhamnose biosynthesis|g__Anaerostipes.s__Anaerostipes_hadrus	94.6735532048
DTDPRHAMSYN-PWY: dTDP-&beta;-L-rhamnose biosynthesis|g__Bacteroides.s__Bacteroides_cellulosilyticus	94.0035525420
DTDPRHAMSYN-PWY: dTDP-&beta;-L-rhamnose biosynthesis|g__Bacteroides.s__Bacteroides_caccae	77.2362705291
DTDPRHAMSYN-PWY: dTDP-&beta;-L-rhamnose biosynthesis|g__Sutterella.s__Sutterella_wadsworthensis	75.9308588876
DTDPRHAMSYN-PWY: dTDP-&beta;-L-rhamnose biosynthesis|g__Eubacterium.s__Eubacterium_sp_CAG_252	73.0037930040
DTDPRHAMSYN-PWY: dTDP-&beta;-L-rhamnose biosynthesis|g__Eubacterium.s__Eubacterium_hallii	72.9888788693
DTDPRHAMSYN-PWY: dTDP-&beta;-L-rhamnose biosynthesis|g__Eubacterium.s__Eubacterium_sp_CAG_38	72.2913577862
DTDPRHAMSYN-PWY: dTDP-&beta;-L-rhamnose biosynthesis|g__Dorea.s__Dorea_longicatena	56.0089119457
DTDPRHAMSYN-PWY: dTDP-&beta;-L-rhamnose biosynthesis|g__Bacteroides.s__Bacteroides_faecis	55.8153911323
DTDPRHAMSYN-PWY: dTDP-&beta;-L-rhamnose biosynthesis|g__Coprococcus.s__Coprococcus_comes	55.1534564595
DTDPRHAMSYN-PWY: dTDP-&beta;-L-rhamnose biosynthesis|g__Streptococcus.s__Streptococcus_thermophilus	52.1486407974
DTDPRHAMSYN-PWY: dTDP-&beta;-L-rhamnose biosynthesis|g__Blautia.s__Blautia_sp_CAG_52	48.1810972647
DTDPRHAMSYN-PWY: dTDP-&beta;-L-rhamnose biosynthesis|g__Clostridiales_unclassified.s__Clostridiales_bacterium_KLE1615	47.9886491387
DTDPRHAMSYN-PWY: dTDP-&beta;-L-rhamnose biosynthesis|g__Clostridium.s__Clostridium_sp_CAG_75	44.7155984767
DTDPRHAMSYN-PWY: dTDP-&beta;-L-rhamnose biosynthesis|g__Odoribacter.s__Odoribacter_splanchnicus	43.8743623664
DTDPRHAMSYN-PWY: dTDP-&beta;-L-rhamnose biosynthesis|g__Eubacterium.s__Eubacterium_sp_CAG_274	41.4808100442
DTDPRHAMSYN-PWY: dTDP-&beta;-L-rhamnose biosynthesis|g__Bifidobacterium.s__Bifidobacterium_animalis	38.4740550643
DTDPRHAMSYN-PWY: dTDP-&beta;-L-rhamnose biosynthesis|g__Fusicatenibacter.s__Fusicatenibacter_saccharivorans	35.4145628580
DTDPRHAMSYN-PWY: dTDP-&beta;-L-rhamnose biosynthesis|g__Barnesiella.s__Barnesiella_intestinihominis	34.7893913643
DTDPRHAMSYN-PWY: dTDP-&beta;-L-rhamnose biosynthesis|g__Bilophila.s__Bilophila_wadsworthia	34.1748646750
DTDPRHAMSYN-PWY: dTDP-&beta;-L-rhamnose biosynthesis|g__Butyricimonas.s__Butyricimonas_virosa	31.6821838510
DTDPRHAMSYN-PWY: dTDP-&beta;-L-rhamnose biosynthesis|g__Butyricimonas.s__Butyricimonas_synergistica	29.3118683953
DTDPRHAMSYN-PWY: dTDP-&beta;-L-rhamnose biosynthesis|g__Clostridium.s__Clostridium_sp_CAG_167	29.2121328941
DTDPRHAMSYN-PWY: dTDP-&beta;-L-rhamnose biosynthesis|g__Dorea.s__Dorea_formicigenerans	29.1567529195
DTDPRHAMSYN-PWY: dTDP-&beta;-L-rhamnose biosynthesis|g__Roseburia.s__Roseburia_faecis	28.9773361699
DTDPRHAMSYN-PWY: dTDP-&beta;-L-rhamnose biosynthesis|g__Bacteroides.s__Bacteroides_ovatus	27.8023492496
DTDPRHAMSYN-PWY: dTDP-&beta;-L-rhamnose biosynthesis|g__Eubacterium.s__Eubacterium_sp_AF17_7	26.6527731524
DTDPRHAMSYN-PWY: dTDP-&beta;-L-rhamnose biosynthesis|g__Clostridium.s__Clostridium_sp_AM22_11AC	24.4220539338
DTDPRHAMSYN-PWY: dTDP-&beta;-L-rhamnose biosynthesis|g__Alistipes.s__Alistipes_shahii	23.3267895932
DTDPRHAMSYN-PWY: dTDP-&beta;-L-rhamnose biosynthesis|g__Bacteroides.s__Bacteroides_sp_CAG_144	22.1706869990
DTDPRHAMSYN-PWY: dTDP-&beta;-L-rhamnose biosynthesis|g__Firmicutes_unclassified.s__Firmicutes_bacterium_CAG_56	21.3561474711
DTDPRHAMSYN-PWY: dTDP-&beta;-L-rhamnose biosynthesis|g__Ruminococcus.s__Ruminococcus_sp_AF31_8BH	19.9464497246
DTDPRHAMSYN-PWY: dTDP-&beta;-L-rhamnose biosynthesis|g__Lentisphaerae_unclassified.s__Lentisphaerae_bacterium	18.2470323393
DTDPRHAMSYN-PWY: dTDP-&beta;-L-rhamnose biosynthesis|g__Alistipes.s__Alistipes_indistinctus	18.2344024548
DTDPRHAMSYN-PWY: dTDP-&beta;-L-rhamnose biosynthesis|g__Prevotella.s__Prevotella_sp_CAG_485	17.5305003839
DTDPRHAMSYN-PWY: dTDP-&beta;-L-rhamnose biosynthesis|g__Roseburia.s__Roseburia_sp_CAG_100	16.8277352379
DTDPRHAMSYN-PWY: dTDP-&beta;-L-rhamnose biosynthesis|g__Roseburia.s__Roseburia_intestinalis	16.6513139679
DTDPRHAMSYN-PWY: dTDP-&beta;-L-rhamnose biosynthesis|g__Blautia.s__Blautia_sp	16.4153253491
DTDPRHAMSYN-PWY: dTDP-&beta;-L-rhamnose biosynthesis|g__Clostridium.s__Clostridium_sp_CAG_58	15.5187122367
DTDPRHAMSYN-PWY: dTDP-&beta;-L-rhamnose biosynthesis|g__Subdoligranulum.s__Subdoligranulum_sp_APC924_74	10.2041886943
DTDPRHAMSYN-PWY: dTDP-&beta;-L-rhamnose biosynthesis|g__Anaerotruncus.s__Anaerotruncus_colihominis	9.4186764376
DTDPRHAMSYN-PWY: dTDP-&beta;-L-rhamnose biosynthesis|g__Firmicutes_unclassified.s__Firmicutes_bacterium_AF16_15	9.4099646838
DTDPRHAMSYN-PWY: dTDP-&beta;-L-rhamnose biosynthesis|g__Blautia.s__Blautia_sp_AF19_10LB	9.3490375493
DTDPRHAMSYN-PWY: dTDP-&beta;-L-rhamnose biosynthesis|g__Roseburia.s__Roseburia_hominis	6.7619317876
DTDPRHAMSYN-PWY: dTDP-&beta;-L-rhamnose biosynthesis|g__Victivallis.s__Victivallis_vadensis	5.8029306380
DTDPRHAMSYN-PWY: dTDP-&beta;-L-rhamnose biosynthesis|g__Lachnoclostridium.s__Clostridium_scindens	3.3181282446
PWY-5686: UMP biosynthesis I	11014.0274374549
PWY-5686: UMP biosynthesis I|unclassified	1867.7748004320
PWY-5686: UMP biosynthesis I|g__Firmicutes_unclassified.s__Firmicutes_bacterium_CAG_110	682.2898421786
PWY-5686: UMP biosynthesis I|g__Faecalibacterium.s__Faecalibacterium_prausnitzii	668.8654305700
PWY-5686: UMP biosynthesis I|g__Blautia.s__Ruminococcus_torques	634.8339296522
PWY-5686: UMP biosynthesis I|g__Prevotella.s__Prevotella_copri	567.8560643145
PWY-5686: UMP biosynthesis I|g__Bacteroides.s__Bacteroides_uniformis	550.1729684946
PWY-5686: UMP biosynthesis I|g__Faecalibacterium.s__Faecalibacterium_sp_CAG_74	472.2933894107
PWY-5686: UMP biosynthesis I|g__Alistipes.s__Alistipes_finegoldii	420.5295445503
PWY-5686: UMP biosynthesis I|g__Lachnospiraceae_unclassified.s__Eubacterium_rectale	387.7001789404
PWY-5686: UMP biosynthesis I|g__Bacteroides.s__Bacteroides_massiliensis	274.7406802433
PWY-5686: UMP biosynthesis I|g__Gemmiger.s__Gemmiger_formicilis	214.9534314515
PWY-5686: UMP biosynthesis I|g__Bacteroides.s__Bacteroides_salyersiae	201.3019313871
PWY-5686: UMP biosynthesis I|g__Bacteroides.s__Bacteroides_vulgatus	198.8043105509
PWY-5686: UMP biosynthesis I|g__Bacteroides.s__Bacteroides_thetaiotaomicron	195.3733400300
PWY-5686: UMP biosynthesis I|g__Blautia.s__Blautia_wexlerae	166.2552308608
PWY-5686: UMP biosynthesis I|g__Bacteroides.s__Bacteroides_cellulosilyticus	159.6494706045
PWY-5686: UMP biosynthesis I|g__Parabacteroides.s__Parabacteroides_goldsteinii	145.6692042251
PWY-5686: UMP biosynthesis I|g__Bacteroides.s__Bacteroides_dorei	125.4505467280
PWY-5686: UMP biosynthesis I|g__Clostridium.s__Clostridium_sp_CAG_217	105.9549584404
PWY-5686: UMP biosynthesis I|g__Eubacterium.s__Eubacterium_sp_CAG_252	103.9768832104
PWY-5686: UMP biosynthesis I|g__Bacteroides.s__Bacteroides_caccae	84.3918116853
PWY-5686: UMP biosynthesis I|g__Blautia.s__Blautia_sp	73.5989752271
PWY-5686: UMP biosynthesis I|g__Anaerostipes.s__Anaerostipes_hadrus	69.0404157156
PWY-5686: UMP biosynthesis I|g__Phascolarctobacterium.s__Phascolarctobacterium_faecium	64.9735861516
PWY-5686: UMP biosynthesis I|g__Agathobaculum.s__Agathobaculum_butyriciproducens	52.9266783028
PWY-5686: UMP biosynthesis I|g__Streptococcus.s__Streptococcus_thermophilus	48.0309306481
PWY-5686: UMP biosynthesis I|g__Odoribacter.s__Odoribacter_splanchnicus	46.4887581700
PWY-5686: UMP biosynthesis I|g__Eubacterium.s__Eubacterium_sp_CAG_38	43.6269894909
PWY-5686: UMP biosynthesis I|g__Eubacterium.s__Eubacterium_hallii	42.3014284473
PWY-5686: UMP biosynthesis I|g__Bifidobacterium.s__Bifidobacterium_animalis	42.0581557029
PWY-5686: UMP biosynthesis I|g__Parabacteroides.s__Parabacteroides_distasonis	41.8339460549
PWY-5686: UMP biosynthesis I|g__Blautia.s__Blautia_sp_CAG_52	41.7559513138
PWY-5686: UMP biosynthesis I|g__Blautia.s__Blautia_obeum	40.5548766131
PWY-5686: UMP biosynthesis I|g__Barnesiella.s__Barnesiella_intestinihominis	38.1275364110
PWY-5686: UMP biosynthesis I|g__Citrobacter.s__Citrobacter_koseri	33.8812862784
PWY-5686: UMP biosynthesis I|g__Coprococcus.s__Coprococcus_comes	33.0170604416
PWY-5686: UMP biosynthesis I|g__Clostridium.s__Clostridium_sp_CAG_75	32.7024517058
PWY-5686: UMP biosynthesis I|g__Eubacterium.s__Eubacterium_ramulus	31.9365515668
PWY-5686: UMP biosynthesis I|g__Bilophila.s__Bilophila_wadsworthia	30.5289556539
PWY-5686: UMP biosynthesis I|g__Clostridiales_unclassified.s__Clostridiales_bacterium_KLE1615	29.7479726137
PWY-5686: UMP biosynthesis I|g__Fusicatenibacter.s__Fusicatenibacter_saccharivorans	28.8246071796
PWY-5686: UMP biosynthesis I|g__Bacteroides.s__Bacteroides_faecis	26.8340876287
PWY-5686: UMP biosynthesis I|g__Butyricimonas.s__Butyricimonas_virosa	26.4634530962
PWY-5686: UMP biosynthesis I|g__Eubacterium.s__Eubacterium_sp_CAG_274	26.3298551549
PWY-5686: UMP biosynthesis I|g__Clostridium.s__Clostridium_sp_CAG_167	21.8844335203
PWY-5686: UMP biosynthesis I|g__Firmicutes_unclassified.s__Firmicutes_bacterium_CAG_114	20.7706739686
PWY-5686: UMP biosynthesis I|g__Dorea.s__Dorea_longicatena	20.0274718598
PWY-5686: UMP biosynthesis I|g__Eubacterium.s__Eubacterium_sp_AF17_7	19.1323730942
PWY-5686: UMP biosynthesis I|g__Roseburia.s__Roseburia_faecis	19.0349515857
PWY-5686: UMP biosynthesis I|g__Firmicutes_unclassified.s__Firmicutes_bacterium_CAG_41	17.7753425376
PWY-5686: UMP biosynthesis I|g__Bacteroides.s__Bacteroides_sp_CAG_144	17.4496398308
PWY-5686: UMP biosynthesis I|g__Alistipes.s__Alistipes_indistinctus	17.4225140341
PWY-5686: UMP biosynthesis I|g__Oscillibacter.s__Oscillibacter_sp_57_20	17.3972898227
PWY-5686: UMP biosynthesis I|g__Dorea.s__Dorea_formicigenerans	16.9249063716
PWY-5686: UMP biosynthesis I|g__Bifidobacterium.s__Bifidobacterium_adolescentis	16.8036142160
PWY-5686: UMP biosynthesis I|g__Eubacterium.s__Eubacterium_sp_36_13	14.0211965623
PWY-5686: UMP biosynthesis I|g__Roseburia.s__Roseburia_sp_CAG_100	13.3596311887
PWY-5686: UMP biosynthesis I|g__Lentisphaerae_unclassified.s__Lentisphaerae_bacterium	10.5368719067
PWY-5686: UMP biosynthesis I|g__Roseburia.s__Roseburia_intestinalis	9.6729210363
PWY-5686: UMP biosynthesis I|g__Bacteroides.s__Bacteroides_ovatus	9.6445607297
PWY-5686: UMP biosynthesis I|g__Alistipes.s__Alistipes_onderdonkii	6.9139999274
PWY-5686: UMP biosynthesis I|g__Victivallis.s__Victivallis_vadensis	2.3246611362
PWY-7790: UMP biosynthesis II	11014.0274374549
PWY-7790: UMP biosynthesis II|unclassified	1867.7748004320
PWY-7790: UMP biosynthesis II|g__Firmicutes_unclassified.s__Firmicutes_bacterium_CAG_110	682.2898421786
PWY-7790: UMP biosynthesis II|g__Faecalibacterium.s__Faecalibacterium_prausnitzii	668.8654305700
PWY-7790: UMP biosynthesis II|g__Blautia.s__Ruminococcus_torques	634.8339296522
PWY-7790: UMP biosynthesis II|g__Prevotella.s__Prevotella_copri	567.8560643145
PWY-7790: UMP biosynthesis II|g__Bacteroides.s__Bacteroides_uniformis	550.1729684946
PWY-7790: UMP biosynthesis II|g__Faecalibacterium.s__Faecalibacterium_sp_CAG_74	472.2933894107
PWY-7790: UMP biosynthesis II|g__Alistipes.s__Alistipes_finegoldii	404.4796025658
PWY-7790: UMP biosynthesis II|g__Lachnospiraceae_unclassified.s__Eubacterium_rectale	387.7001789404
PWY-7790: UMP biosynthesis II|g__Bacteroides.s__Bacteroides_massiliensis	274.7406802433
PWY-7790: UMP biosynthesis II|g__Gemmiger.s__Gemmiger_formicilis	214.9534314515
PWY-7790: UMP biosynthesis II|g__Bacteroides.s__Bacteroides_thetaiotaomicron	206.0941070993
PWY-7790: UMP biosynthesis II|g__Bacteroides.s__Bacteroides_salyersiae	201.3019313871
PWY-7790: UMP biosynthesis II|g__Bacteroides.s__Bacteroides_vulgatus	198.8043105509
PWY-7790: UMP biosynthesis II|g__Blautia.s__Blautia_wexlerae	166.2552308608
PWY-7790: UMP biosynthesis II|g__Bacteroides.s__Bacteroides_cellulosilyticus	159.6494706045
PWY-7790: UMP biosynthesis II|g__Parabacteroides.s__Parabacteroides_goldsteinii	145.6692042251
PWY-7790: UMP biosynthesis II|g__Bacteroides.s__Bacteroides_dorei	125.4505467280
PWY-7790: UMP biosynthesis II|g__Clostridium.s__Clostridium_sp_CAG_217	105.9549584404
PWY-7790: UMP biosynthesis II|g__Eubacterium.s__Eubacterium_sp_CAG_252	103.9768832104
PWY-7790: UMP biosynthesis II|g__Bacteroides.s__Bacteroides_caccae	84.3918116853
PWY-7790: UMP biosynthesis II|g__Blautia.s__Blautia_sp	73.5989752271
PWY-7790: UMP biosynthesis II|g__Anaerostipes.s__Anaerostipes_hadrus	69.0404157156
PWY-7790: UMP biosynthesis II|g__Phascolarctobacterium.s__Phascolarctobacterium_faecium	64.9735861516
PWY-7790: UMP biosynthesis II|g__Agathobaculum.s__Agathobaculum_butyriciproducens	52.9266783028
PWY-7790: UMP biosynthesis II|g__Streptococcus.s__Streptococcus_thermophilus	48.0309306481
PWY-7790: UMP biosynthesis II|g__Odoribacter.s__Odoribacter_splanchnicus	46.4887581700
PWY-7790: UMP biosynthesis II|g__Eubacterium.s__Eubacterium_sp_CAG_38	43.6269894909
PWY-7790: UMP biosynthesis II|g__Parabacteroides.s__Parabacteroides_distasonis	42.6331686629
PWY-7790: UMP biosynthesis II|g__Eubacterium.s__Eubacterium_hallii	42.3014284473
PWY-7790: UMP biosynthesis II|g__Blautia.s__Blautia_sp_CAG_52	41.7559513138
PWY-7790: UMP biosynthesis II|g__Blautia.s__Blautia_obeum	40.5548766131
PWY-7790: UMP biosynthesis II|g__Barnesiella.s__Barnesiella_intestinihominis	38.1275364110
PWY-7790: UMP biosynthesis II|g__Bifidobacterium.s__Bifidobacterium_animalis	36.1593798879
PWY-7790: UMP biosynthesis II|g__Citrobacter.s__Citrobacter_koseri	33.8812862784
PWY-7790: UMP biosynthesis II|g__Coprococcus.s__Coprococcus_comes	33.0170604416
PWY-7790: UMP biosynthesis II|g__Clostridium.s__Clostridium_sp_CAG_75	32.7024517058
PWY-7790: UMP biosynthesis II|g__Eubacterium.s__Eubacterium_ramulus	31.9365515668
PWY-7790: UMP biosynthesis II|g__Bilophila.s__Bilophila_wadsworthia	30.5289556539
PWY-7790: UMP biosynthesis II|g__Clostridiales_unclassified.s__Clostridiales_bacterium_KLE1615	29.7479726137
PWY-7790: UMP biosynthesis II|g__Fusicatenibacter.s__Fusicatenibacter_saccharivorans	28.8246071796
PWY-7790: UMP biosynthesis II|g__Bacteroides.s__Bacteroides_faecis	28.3011170545
PWY-7790: UMP biosynthesis II|g__Butyricimonas.s__Butyricimonas_virosa	26.4634530962
PWY-7790: UMP biosynthesis II|g__Eubacterium.s__Eubacterium_sp_CAG_274	26.3298551549
PWY-7790: UMP biosynthesis II|g__Clostridium.s__Clostridium_sp_CAG_167	21.8844335203
PWY-7790: UMP biosynthesis II|g__Firmicutes_unclassified.s__Firmicutes_bacterium_CAG_114	20.7706739686
PWY-7790: UMP biosynthesis II|g__Dorea.s__Dorea_longicatena	20.0274718598
PWY-7790: UMP biosynthesis II|g__Eubacterium.s__Eubacterium_sp_AF17_7	19.1323730942
PWY-7790: UMP biosynthesis II|g__Roseburia.s__Roseburia_faecis	19.0349515857
PWY-7790: UMP biosynthesis II|g__Firmicutes_unclassified.s__Firmicutes_bacterium_CAG_41	17.7753425376
PWY-7790: UMP biosynthesis II|g__Bacteroides.s__Bacteroides_sp_CAG_144	17.4496398308
PWY-7790: UMP biosynthesis II|g__Oscillibacter.s__Oscillibacter_sp_57_20	17.3972898227
PWY-7790: UMP biosynthesis II|g__Dorea.s__Dorea_formicigenerans	16.9249063716
PWY-7790: UMP biosynthesis II|g__Bifidobacterium.s__Bifidobacterium_adolescentis	16.8036142160
PWY-7790: UMP biosynthesis II|g__Alistipes.s__Alistipes_indistinctus	14.9979392018
PWY-7790: UMP biosynthesis II|g__Bacteroides.s__Bacteroides_ovatus	14.7226208522
PWY-7790: UMP biosynthesis II|g__Eubacterium.s__Eubacterium_sp_36_13	14.0211965623
PWY-7790: UMP biosynthesis II|g__Roseburia.s__Roseburia_sp_CAG_100	13.3596311887
PWY-7790: UMP biosynthesis II|g__Lentisphaerae_unclassified.s__Lentisphaerae_bacterium	10.5368719067
PWY-7790: UMP biosynthesis II|g__Roseburia.s__Roseburia_intestinalis	9.6729210363
PWY-7790: UMP biosynthesis II|g__Victivallis.s__Victivallis_vadensis	2.3246611362
PWY-7791: UMP biosynthesis III	11014.0274374549
PWY-7791: UMP biosynthesis III|unclassified	1867.7748004320
PWY-7791: UMP biosynthesis III|g__Firmicutes_unclassified.s__Firmicutes_bacterium_CAG_110	682.2898421786
PWY-7791: UMP biosynthesis III|g__Faecalibacterium.s__Faecalibacterium_prausnitzii	668.8654305700
PWY-7791: UMP biosynthesis III|g__Blautia.s__Ruminococcus_torques	634.8339296522
PWY-7791: UMP biosynthesis III|g__Prevotella.s__Prevotella_copri	567.8560643145
PWY-7791: UMP biosynthesis III|g__Bacteroides.s__Bacteroides_uniformis	550.1729684946
PWY-7791: UMP biosynthesis III|g__Faecalibacterium.s__Faecalibacterium_sp_CAG_74	472.2933894107
PWY-7791: UMP biosynthesis III|g__Alistipes.s__Alistipes_finegoldii	404.4796025658
PWY-7791: UMP biosynthesis III|g__Lachnospiraceae_unclassified.s__Eubacterium_rectale	387.7001789404
PWY-7791: UMP biosynthesis III|g__Bacteroides.s__Bacteroides_massiliensis	280.1438404146
PWY-7791: UMP biosynthesis III|g__Bacteroides.s__Bacteroides_salyersiae	230.7439093381
PWY-7791: UMP biosynthesis III|g__Bacteroides.s__Bacteroides_vulgatus	228.3976612849
PWY-7791: UMP biosynthesis III|g__Gemmiger.s__Gemmiger_formicilis	214.9534314515
PWY-7791: UMP biosynthesis III|g__Bacteroides.s__Bacteroides_thetaiotaomicron	195.3733400300
PWY-7791: UMP biosynthesis III|g__Bacteroides.s__Bacteroides_cellulosilyticus	183.1694733724
PWY-7791: UMP biosynthesis III|g__Blautia.s__Blautia_wexlerae	166.2552308608
PWY-7791: UMP biosynthesis III|g__Parabacteroides.s__Parabacteroides_goldsteinii	145.6692042251
PWY-7791: UMP biosynthesis III|g__Bacteroides.s__Bacteroides_dorei	128.0486560363
PWY-7791: UMP biosynthesis III|g__Clostridium.s__Clostridium_sp_CAG_217	105.9549584404
PWY-7791: UMP biosynthesis III|g__Eubacterium.s__Eubacterium_sp_CAG_252	103.9768832104
PWY-7791: UMP biosynthesis III|g__Bacteroides.s__Bacteroides_caccae	84.3918116853
PWY-7791: UMP biosynthesis III|g__Blautia.s__Blautia_sp	73.5989752271
PWY-7791: UMP biosynthesis III|g__Anaerostipes.s__Anaerostipes_hadrus	69.0404157156
PWY-7791: UMP biosynthesis III|g__Phascolarctobacterium.s__Phascolarctobacterium_faecium	64.9735861516
PWY-7791: UMP biosynthesis III|g__Agathobaculum.s__Agathobaculum_butyriciproducens	52.9266783028
PWY-7791: UMP biosynthesis III|g__Streptococcus.s__Streptococcus_thermophilus	48.0309306481
PWY-7791: UMP biosynthesis III|g__Odoribacter.s__Odoribacter_splanchnicus	46.4887581700
PWY-7791: UMP biosynthesis III|g__Eubacterium.s__Eubacterium_sp_CAG_38	43.6269894909
PWY-7791: UMP biosynthesis III|g__Eubacterium.s__Eubacterium_hallii	42.3014284473
PWY-7791: UMP biosynthesis III|g__Parabacteroides.s__Parabacteroides_distasonis	41.8339460549
PWY-7791: UMP biosynthesis III|g__Blautia.s__Blautia_sp_CAG_52	41.7559513138
PWY-7791: UMP biosynthesis III|g__Blautia.s__Blautia_obeum	40.5548766131
PWY-7791: UMP biosynthesis III|g__Barnesiella.s__Barnesiella_intestinihominis	38.1275364110
PWY-7791: UMP biosynthesis III|g__Bifidobacterium.s__Bifidobacterium_animalis	36.1593798879
PWY-7791: UMP biosynthesis III|g__Citrobacter.s__Citrobacter_koseri	33.8812862784
PWY-7791: UMP biosynthesis III|g__Coprococcus.s__Coprococcus_comes	33.0170604416
PWY-7791: UMP biosynthesis III|g__Clostridium.s__Clostridium_sp_CAG_75	32.7024517058
PWY-7791: UMP biosynthesis III|g__Eubacterium.s__Eubacterium_ramulus	31.9365515668
PWY-7791: UMP biosynthesis III|g__Bilophila.s__Bilophila_wadsworthia	30.5289556539
PWY-7791: UMP biosynthesis III|g__Bacteroides.s__Bacteroides_faecis	29.8162356439
PWY-7791: UMP biosynthesis III|g__Clostridiales_unclassified.s__Clostridiales_bacterium_KLE1615	29.7479726137
PWY-7791: UMP biosynthesis III|g__Fusicatenibacter.s__Fusicatenibacter_saccharivorans	28.8246071796
PWY-7791: UMP biosynthesis III|g__Butyricimonas.s__Butyricimonas_virosa	26.4634530962
PWY-7791: UMP biosynthesis III|g__Eubacterium.s__Eubacterium_sp_CAG_274	26.3298551549
PWY-7791: UMP biosynthesis III|g__Clostridium.s__Clostridium_sp_CAG_167	21.8844335203
PWY-7791: UMP biosynthesis III|g__Firmicutes_unclassified.s__Firmicutes_bacterium_CAG_114	20.7706739686
PWY-7791: UMP biosynthesis III|g__Dorea.s__Dorea_longicatena	20.0274718598
PWY-7791: UMP biosynthesis III|g__Eubacterium.s__Eubacterium_sp_AF17_7	19.1323730942
PWY-7791: UMP biosynthesis III|g__Roseburia.s__Roseburia_faecis	19.0349515857
PWY-7791: UMP biosynthesis III|g__Firmicutes_unclassified.s__Firmicutes_bacterium_CAG_41	17.7753425376
PWY-7791: UMP biosynthesis III|g__Bacteroides.s__Bacteroides_sp_CAG_144	17.4496398308
PWY-7791: UMP biosynthesis III|g__Oscillibacter.s__Oscillibacter_sp_57_20	17.3972898227
PWY-7791: UMP biosynthesis III|g__Dorea.s__Dorea_formicigenerans	16.9249063716
PWY-7791: UMP biosynthesis III|g__Bacteroides.s__Bacteroides_ovatus	16.8332687955
PWY-7791: UMP biosynthesis III|g__Bifidobacterium.s__Bifidobacterium_adolescentis	16.8036142160
PWY-7791: UMP biosynthesis III|g__Alistipes.s__Alistipes_indistinctus	14.9979392018
PWY-7791: UMP biosynthesis III|g__Eubacterium.s__Eubacterium_sp_36_13	14.0211965623
PWY-7791: UMP biosynthesis III|g__Roseburia.s__Roseburia_sp_CAG_100	13.3596311887
PWY-7791: UMP biosynthesis III|g__Lentisphaerae_unclassified.s__Lentisphaerae_bacterium	10.5368719067
PWY-7791: UMP biosynthesis III|g__Roseburia.s__Roseburia_intestinalis	9.6729210363
PWY-7791: UMP biosynthesis III|g__Victivallis.s__Victivallis_vadensis	2.3246611362
PWY-1042: glycolysis IV	10823.0946625896
PWY-1042: glycolysis IV|unclassified	1784.2669855445
PWY-1042: glycolysis IV|g__Blautia.s__Ruminococcus_torques	863.7710796996
PWY-1042: glycolysis IV|g__Prevotella.s__Prevotella_copri	771.9556030834
PWY-1042: glycolysis IV|g__Faecalibacterium.s__Faecalibacterium_prausnitzii	754.8422335011
PWY-1042: glycolysis IV|g__Lachnospiraceae_unclassified.s__Eubacterium_rectale	525.0586993382
PWY-1042: glycolysis IV|g__Bacteroides.s__Bacteroides_massiliensis	401.7867050754
PWY-1042: glycolysis IV|g__Bacteroides.s__Bacteroides_vulgatus	255.1868093223
PWY-1042: glycolysis IV|g__Bacteroides.s__Bacteroides_salyersiae	251.0211947430
PWY-1042: glycolysis IV|g__Bacteroides.s__Bacteroides_dorei	225.9869927432
PWY-1042: glycolysis IV|g__Blautia.s__Blautia_wexlerae	200.5978646290
PWY-1042: glycolysis IV|g__Anaerostipes.s__Anaerostipes_hadrus	165.2276238426
PWY-1042: glycolysis IV|g__Eubacterium.s__Eubacterium_hallii	119.0082651993
PWY-1042: glycolysis IV|g__Blautia.s__Blautia_sp	87.4355308228
PWY-1042: glycolysis IV|g__Citrobacter.s__Citrobacter_koseri	77.9311621545
PWY-1042: glycolysis IV|g__Blautia.s__Blautia_sp_CAG_52	75.5570715224
PWY-1042: glycolysis IV|g__Bacteroides.s__Bacteroides_caccae	71.7815790276
PWY-1042: glycolysis IV|g__Streptococcus.s__Streptococcus_thermophilus	60.8634906570
PWY-1042: glycolysis IV|g__Dorea.s__Dorea_longicatena	47.8462820215
PWY-1042: glycolysis IV|g__Agathobaculum.s__Agathobaculum_butyriciproducens	43.6715882973
PWY-1042: glycolysis IV|g__Butyricimonas.s__Butyricimonas_virosa	40.5565796616
PWY-1042: glycolysis IV|g__Roseburia.s__Roseburia_faecis	34.4894151158
PWY-1042: glycolysis IV|g__Blautia.s__Blautia_obeum	34.4876050784
PWY-1042: glycolysis IV|g__Fusicatenibacter.s__Fusicatenibacter_saccharivorans	29.0636495531
PWY-1042: glycolysis IV|g__Coprococcus.s__Coprococcus_catus	26.6331284038
PWY-1042: glycolysis IV|g__Coprococcus.s__Coprococcus_comes	24.6646934623
PWY-1042: glycolysis IV|g__Alistipes.s__Alistipes_shahii	22.5145137874
PWY-1042: glycolysis IV|g__Eubacterium.s__Eubacterium_ventriosum	19.5991305305
PWY-1042: glycolysis IV|g__Clostridium.s__Clostridium_sp_AM22_11AC	16.6920929568
PWY-1042: glycolysis IV|g__Eubacterium.s__Eubacterium_sp_AF17_7	14.0436564671
PWY-1042: glycolysis IV|g__Anaerotruncus.s__Anaerotruncus_colihominis	11.8432604634
PWY-1042: glycolysis IV|g__Intestinibacter.s__Intestinibacter_bartlettii	11.5729627075
PWY-1042: glycolysis IV|g__Ruminococcus.s__Ruminococcus_sp_AF31_8BH	5.7352837116
VALSYN-PWY: L-valine biosynthesis	10663.5702081691
VALSYN-PWY: L-valine biosynthesis|unclassified	1410.3610362580
VALSYN-PWY: L-valine biosynthesis|g__Prevotella.s__Prevotella_copri	1025.7749743500
VALSYN-PWY: L-valine biosynthesis|g__Blautia.s__Ruminococcus_torques	781.0263572706
VALSYN-PWY: L-valine biosynthesis|g__Faecalibacterium.s__Faecalibacterium_prausnitzii	643.2590476019
VALSYN-PWY: L-valine biosynthesis|g__Bacteroides.s__Bacteroides_uniformis	575.9110015540
VALSYN-PWY: L-valine biosynthesis|g__Lachnospiraceae_unclassified.s__Eubacterium_rectale	523.7008632307
VALSYN-PWY: L-valine biosynthesis|g__Faecalibacterium.s__Faecalibacterium_sp_CAG_74	422.5018165082
VALSYN-PWY: L-valine biosynthesis|g__Ruminococcus.s__Ruminococcus_bromii	308.6854484700
VALSYN-PWY: L-valine biosynthesis|g__Alistipes.s__Alistipes_finegoldii	258.3563987093
VALSYN-PWY: L-valine biosynthesis|g__Bacteroides.s__Bacteroides_massiliensis	241.0420751651
VALSYN-PWY: L-valine biosynthesis|g__Bacteroides.s__Bacteroides_thetaiotaomicron	214.5364438187
VALSYN-PWY: L-valine biosynthesis|g__Gemmiger.s__Gemmiger_formicilis	208.5380873271
VALSYN-PWY: L-valine biosynthesis|g__Bacteroides.s__Bacteroides_salyersiae	195.6779780175
VALSYN-PWY: L-valine biosynthesis|g__Blautia.s__Blautia_obeum	190.0869110338
VALSYN-PWY: L-valine biosynthesis|g__Alistipes.s__Alistipes_onderdonkii	173.8590274973
VALSYN-PWY: L-valine biosynthesis|g__Bacteroides.s__Bacteroides_vulgatus	173.6295818047
VALSYN-PWY: L-valine biosynthesis|g__Blautia.s__Blautia_wexlerae	143.1929065760
VALSYN-PWY: L-valine biosynthesis|g__Ruminococcus.s__Ruminococcus_callidus	122.5385078411
VALSYN-PWY: L-valine biosynthesis|g__Bacteroides.s__Bacteroides_dorei	116.7782835191
VALSYN-PWY: L-valine biosynthesis|g__Bacteroides.s__Bacteroides_cellulosilyticus	111.6820289342
VALSYN-PWY: L-valine biosynthesis|g__Parabacteroides.s__Parabacteroides_goldsteinii	103.1051351636
VALSYN-PWY: L-valine biosynthesis|g__Clostridium.s__Clostridium_sp_CAG_217	94.6317210760
VALSYN-PWY: L-valine biosynthesis|g__Anaerostipes.s__Anaerostipes_hadrus	90.4300010023
VALSYN-PWY: L-valine biosynthesis|g__Streptococcus.s__Streptococcus_thermophilus	82.4481258426
VALSYN-PWY: L-valine biosynthesis|g__Bacteroides.s__Bacteroides_intestinalis	81.5090590217
VALSYN-PWY: L-valine biosynthesis|g__Phascolarctobacterium.s__Phascolarctobacterium_faecium	76.4240381188
VALSYN-PWY: L-valine biosynthesis|g__Eubacterium.s__Eubacterium_sp_CAG_252	76.3667823249
VALSYN-PWY: L-valine biosynthesis|g__Bacteroides.s__Bacteroides_caccae	75.5707639778
VALSYN-PWY: L-valine biosynthesis|g__Eubacterium.s__Eubacterium_hallii	71.8597989788
VALSYN-PWY: L-valine biosynthesis|g__Blautia.s__Blautia_sp	66.3628172360
VALSYN-PWY: L-valine biosynthesis|g__Citrobacter.s__Citrobacter_koseri	54.9304953090
VALSYN-PWY: L-valine biosynthesis|g__Dorea.s__Dorea_longicatena	54.9297879308
VALSYN-PWY: L-valine biosynthesis|g__Agathobaculum.s__Agathobaculum_butyriciproducens	54.5396732087
VALSYN-PWY: L-valine biosynthesis|g__Parabacteroides.s__Parabacteroides_distasonis	54.0440658126
VALSYN-PWY: L-valine biosynthesis|g__Bifidobacterium.s__Bifidobacterium_animalis	51.0964614945
VALSYN-PWY: L-valine biosynthesis|g__Odoribacter.s__Odoribacter_splanchnicus	50.8065222035
VALSYN-PWY: L-valine biosynthesis|g__Eubacterium.s__Eubacterium_sp_CAG_38	45.2810194378
VALSYN-PWY: L-valine biosynthesis|g__Firmicutes_unclassified.s__Firmicutes_bacterium_CAG_41	41.3908179979
VALSYN-PWY: L-valine biosynthesis|g__Eubacterium.s__Eubacterium_ramulus	37.6790123879
VALSYN-PWY: L-valine biosynthesis|g__Bacteroides.s__Bacteroides_faecis	35.6141046156
VALSYN-PWY: L-valine biosynthesis|g__Bilophila.s__Bilophila_wadsworthia	35.6023782246
VALSYN-PWY: L-valine biosynthesis|g__Barnesiella.s__Barnesiella_intestinihominis	35.2621719873
VALSYN-PWY: L-valine biosynthesis|g__Dorea.s__Dorea_formicigenerans	34.2562237705
VALSYN-PWY: L-valine biosynthesis|g__Blautia.s__Blautia_sp_CAG_52	30.6481293843
VALSYN-PWY: L-valine biosynthesis|g__Eubacterium.s__Eubacterium_sp_CAG_274	29.1488510331
VALSYN-PWY: L-valine biosynthesis|g__Roseburia.s__Roseburia_intestinalis	28.1447180015
VALSYN-PWY: L-valine biosynthesis|g__Coprococcus.s__Coprococcus_comes	27.4631077991
VALSYN-PWY: L-valine biosynthesis|g__Clostridiales_unclassified.s__Clostridiales_bacterium_KLE1615	25.0085882115
VALSYN-PWY: L-valine biosynthesis|g__Firmicutes_unclassified.s__Firmicutes_bacterium_CAG_114	24.1569093331
VALSYN-PWY: L-valine biosynthesis|g__Bacteroides.s__Bacteroides_ovatus	23.9286716294
VALSYN-PWY: L-valine biosynthesis|g__Eubacterium.s__Eubacterium_sp_AF17_7	23.1609466427
VALSYN-PWY: L-valine biosynthesis|g__Fusicatenibacter.s__Fusicatenibacter_saccharivorans	21.2138840326
VALSYN-PWY: L-valine biosynthesis|g__Eubacterium.s__Eubacterium_ventriosum	20.8035460634
VALSYN-PWY: L-valine biosynthesis|g__Ruminococcus.s__Ruminococcus_sp_AF31_8BH	20.7305689738
VALSYN-PWY: L-valine biosynthesis|g__Bifidobacterium.s__Bifidobacterium_adolescentis	18.5051769039
VALSYN-PWY: L-valine biosynthesis|g__Firmicutes_unclassified.s__Firmicutes_bacterium_CAG_56	18.4648198470
VALSYN-PWY: L-valine biosynthesis|g__Clostridium.s__Clostridium_sp_AM22_11AC	18.2984134938
VALSYN-PWY: L-valine biosynthesis|g__Subdoligranulum.s__Subdoligranulum_sp_APC924_74	18.2333128851
VALSYN-PWY: L-valine biosynthesis|g__Roseburia.s__Roseburia_faecis	16.6969442210
VALSYN-PWY: L-valine biosynthesis|g__Bacteroides.s__Bacteroides_sp_CAG_144	16.3403285022
VALSYN-PWY: L-valine biosynthesis|g__Blautia.s__Blautia_sp_AF19_10LB	15.3720623938
VALSYN-PWY: L-valine biosynthesis|g__Coprococcus.s__Coprococcus_catus	14.2573415235
VALSYN-PWY: L-valine biosynthesis|g__Eubacterium.s__Eubacterium_sp_36_13	12.2759135562
VALSYN-PWY: L-valine biosynthesis|g__Ruminococcus.s__Ruminococcus_bicirculans	11.7773567569
VALSYN-PWY: L-valine biosynthesis|g__Lentisphaerae_unclassified.s__Lentisphaerae_bacterium	11.6154559696
VALSYN-PWY: L-valine biosynthesis|g__Eubacterium.s__Eubacterium_eligens	11.1637880341
VALSYN-PWY: L-valine biosynthesis|g__Victivallis.s__Victivallis_vadensis	10.6132338601
VALSYN-PWY: L-valine biosynthesis|g__Roseburia.s__Roseburia_sp_CAG_100	10.2103435503
VALSYN-PWY: L-valine biosynthesis|g__Intestinibacter.s__Intestinibacter_bartlettii	9.9541030463
VALSYN-PWY: L-valine biosynthesis|g__Senegalimassilia.s__Senegalimassilia_anaerobia	9.4359756045
VALSYN-PWY: L-valine biosynthesis|g__Lawsonibacter.s__Lawsonibacter_asaccharolyticus	9.1643322287
VALSYN-PWY: L-valine biosynthesis|g__Firmicutes_unclassified.s__Firmicutes_bacterium_AF16_15	8.5343880032
VALSYN-PWY: L-valine biosynthesis|g__Roseburia.s__Roseburia_hominis	6.7001184065
VALSYN-PWY: L-valine biosynthesis|g__Asaccharobacter.s__Asaccharobacter_celatus	6.4800926186
VALSYN-PWY: L-valine biosynthesis|g__Coprobacter.s__Coprobacter_secundus	5.6441463499
VALSYN-PWY: L-valine biosynthesis|g__Adlercreutzia.s__Adlercreutzia_equolifaciens	4.1191667744
VALSYN-PWY: L-valine biosynthesis|g__Parabacteroides.s__Parabacteroides_merdae	3.8022809481
VALSYN-PWY: L-valine biosynthesis|g__Bifidobacterium.s__Bifidobacterium_bifidum	2.3870492963
VALSYN-PWY: L-valine biosynthesis|g__Lachnoclostridium.s__Clostridium_scindens	2.0125071531
PWY-6386: UDP-N-acetylmuramoyl-pentapeptide biosynthesis II (lysine-containing)	10596.2731989810
PWY-6386: UDP-N-acetylmuramoyl-pentapeptide biosynthesis II (lysine-containing)|unclassified	1630.0339885773
PWY-6386: UDP-N-acetylmuramoyl-pentapeptide biosynthesis II (lysine-containing)|g__Bacteroides.s__Bacteroides_uniformis	651.4872536379
PWY-6386: UDP-N-acetylmuramoyl-pentapeptide biosynthesis II (lysine-containing)|g__Blautia.s__Ruminococcus_torques	617.1796856858
PWY-6386: UDP-N-acetylmuramoyl-pentapeptide biosynthesis II (lysine-containing)|g__Faecalibacterium.s__Faecalibacterium_prausnitzii	609.2664298698
PWY-6386: UDP-N-acetylmuramoyl-pentapeptide biosynthesis II (lysine-containing)|g__Firmicutes_unclassified.s__Firmicutes_bacterium_CAG_110	597.8086575541
PWY-6386: UDP-N-acetylmuramoyl-pentapeptide biosynthesis II (lysine-containing)|g__Prevotella.s__Prevotella_copri	593.3144756395
PWY-6386: UDP-N-acetylmuramoyl-pentapeptide biosynthesis II (lysine-containing)|g__Alistipes.s__Alistipes_finegoldii	329.5360210315
PWY-6386: UDP-N-acetylmuramoyl-pentapeptide biosynthesis II (lysine-containing)|g__Lachnospiraceae_unclassified.s__Eubacterium_rectale	308.8479635817
PWY-6386: UDP-N-acetylmuramoyl-pentapeptide biosynthesis II (lysine-containing)|g__Bacteroides.s__Bacteroides_massiliensis	265.9508835857
PWY-6386: UDP-N-acetylmuramoyl-pentapeptide biosynthesis II (lysine-containing)|g__Bacteroides.s__Bacteroides_thetaiotaomicron	239.0821226839
PWY-6386: UDP-N-acetylmuramoyl-pentapeptide biosynthesis II (lysine-containing)|g__Bacteroides.s__Bacteroides_vulgatus	205.8852881513
PWY-6386: UDP-N-acetylmuramoyl-pentapeptide biosynthesis II (lysine-containing)|g__Bacteroides.s__Bacteroides_salyersiae	192.1393665658
PWY-6386: UDP-N-acetylmuramoyl-pentapeptide biosynthesis II (lysine-containing)|g__Gemmiger.s__Gemmiger_formicilis	173.6479847021
PWY-6386: UDP-N-acetylmuramoyl-pentapeptide biosynthesis II (lysine-containing)|g__Blautia.s__Blautia_wexlerae	160.4135849919
PWY-6386: UDP-N-acetylmuramoyl-pentapeptide biosynthesis II (lysine-containing)|g__Bacteroides.s__Bacteroides_cellulosilyticus	141.9115512072
PWY-6386: UDP-N-acetylmuramoyl-pentapeptide biosynthesis II (lysine-containing)|g__Blautia.s__Blautia_obeum	137.3991190136
PWY-6386: UDP-N-acetylmuramoyl-pentapeptide biosynthesis II (lysine-containing)|g__Ruminococcus.s__Ruminococcus_callidus	129.5346059702
PWY-6386: UDP-N-acetylmuramoyl-pentapeptide biosynthesis II (lysine-containing)|g__Bacteroides.s__Bacteroides_dorei	117.8794873155
PWY-6386: UDP-N-acetylmuramoyl-pentapeptide biosynthesis II (lysine-containing)|g__Parabacteroides.s__Parabacteroides_goldsteinii	97.2430172899
PWY-6386: UDP-N-acetylmuramoyl-pentapeptide biosynthesis II (lysine-containing)|g__Anaerostipes.s__Anaerostipes_hadrus	83.2145483030
PWY-6386: UDP-N-acetylmuramoyl-pentapeptide biosynthesis II (lysine-containing)|g__Phascolarctobacterium.s__Phascolarctobacterium_faecium	73.0817897132
PWY-6386: UDP-N-acetylmuramoyl-pentapeptide biosynthesis II (lysine-containing)|g__Eubacterium.s__Eubacterium_sp_CAG_252	72.3286813823
PWY-6386: UDP-N-acetylmuramoyl-pentapeptide biosynthesis II (lysine-containing)|g__Bacteroides.s__Bacteroides_caccae	71.8835783898
PWY-6386: UDP-N-acetylmuramoyl-pentapeptide biosynthesis II (lysine-containing)|g__Blautia.s__Blautia_sp	70.2664678164
PWY-6386: UDP-N-acetylmuramoyl-pentapeptide biosynthesis II (lysine-containing)|g__Sutterella.s__Sutterella_wadsworthensis	67.1800951295
PWY-6386: UDP-N-acetylmuramoyl-pentapeptide biosynthesis II (lysine-containing)|g__Streptococcus.s__Streptococcus_thermophilus	62.1995773649
PWY-6386: UDP-N-acetylmuramoyl-pentapeptide biosynthesis II (lysine-containing)|g__Odoribacter.s__Odoribacter_splanchnicus	59.6809422977
PWY-6386: UDP-N-acetylmuramoyl-pentapeptide biosynthesis II (lysine-containing)|g__Eubacterium.s__Eubacterium_sp_CAG_38	55.1747957511
PWY-6386: UDP-N-acetylmuramoyl-pentapeptide biosynthesis II (lysine-containing)|g__Clostridium.s__Clostridium_sp_CAG_245	51.8230688946
PWY-6386: UDP-N-acetylmuramoyl-pentapeptide biosynthesis II (lysine-containing)|g__Parabacteroides.s__Parabacteroides_distasonis	50.9873605446
PWY-6386: UDP-N-acetylmuramoyl-pentapeptide biosynthesis II (lysine-containing)|g__Blautia.s__Blautia_sp_CAG_52	48.3827920527
PWY-6386: UDP-N-acetylmuramoyl-pentapeptide biosynthesis II (lysine-containing)|g__Eubacterium.s__Eubacterium_hallii	46.6966346705
PWY-6386: UDP-N-acetylmuramoyl-pentapeptide biosynthesis II (lysine-containing)|g__Eubacterium.s__Eubacterium_ramulus	41.4833393921
PWY-6386: UDP-N-acetylmuramoyl-pentapeptide biosynthesis II (lysine-containing)|g__Clostridiales_unclassified.s__Clostridiales_bacterium_KLE1615	36.6418715287
PWY-6386: UDP-N-acetylmuramoyl-pentapeptide biosynthesis II (lysine-containing)|g__Fusicatenibacter.s__Fusicatenibacter_saccharivorans	34.5753406144
PWY-6386: UDP-N-acetylmuramoyl-pentapeptide biosynthesis II (lysine-containing)|g__Citrobacter.s__Citrobacter_koseri	34.3655395067
PWY-6386: UDP-N-acetylmuramoyl-pentapeptide biosynthesis II (lysine-containing)|g__Bifidobacterium.s__Bifidobacterium_animalis	31.3825189593
PWY-6386: UDP-N-acetylmuramoyl-pentapeptide biosynthesis II (lysine-containing)|g__Dorea.s__Dorea_formicigenerans	30.4034527059
PWY-6386: UDP-N-acetylmuramoyl-pentapeptide biosynthesis II (lysine-containing)|g__Bilophila.s__Bilophila_wadsworthia	28.3360329062
PWY-6386: UDP-N-acetylmuramoyl-pentapeptide biosynthesis II (lysine-containing)|g__Firmicutes_unclassified.s__Firmicutes_bacterium_CAG_41	24.8820546308
PWY-6386: UDP-N-acetylmuramoyl-pentapeptide biosynthesis II (lysine-containing)|g__Coprococcus.s__Coprococcus_comes	23.0360729671
PWY-6386: UDP-N-acetylmuramoyl-pentapeptide biosynthesis II (lysine-containing)|g__Butyricimonas.s__Butyricimonas_synergistica	22.5693584098
PWY-6386: UDP-N-acetylmuramoyl-pentapeptide biosynthesis II (lysine-containing)|g__Butyricimonas.s__Butyricimonas_virosa	22.5011998560
PWY-6386: UDP-N-acetylmuramoyl-pentapeptide biosynthesis II (lysine-containing)|g__Bacteroides.s__Bacteroides_faecis	20.0956146829
PWY-6386: UDP-N-acetylmuramoyl-pentapeptide biosynthesis II (lysine-containing)|g__Firmicutes_unclassified.s__Firmicutes_bacterium_CAG_114	18.4841547115
PWY-6386: UDP-N-acetylmuramoyl-pentapeptide biosynthesis II (lysine-containing)|g__Senegalimassilia.s__Senegalimassilia_anaerobia	17.3545916281
PWY-6386: UDP-N-acetylmuramoyl-pentapeptide biosynthesis II (lysine-containing)|g__Clostridium.s__Clostridium_sp_CAG_58	16.9033606293
PWY-6386: UDP-N-acetylmuramoyl-pentapeptide biosynthesis II (lysine-containing)|g__Roseburia.s__Roseburia_faecis	15.2649646599
PWY-6386: UDP-N-acetylmuramoyl-pentapeptide biosynthesis II (lysine-containing)|g__Eubacterium.s__Eubacterium_ventriosum	15.1233696975
PWY-6386: UDP-N-acetylmuramoyl-pentapeptide biosynthesis II (lysine-containing)|g__Firmicutes_unclassified.s__Firmicutes_bacterium_CAG_56	14.5915863029
PWY-6386: UDP-N-acetylmuramoyl-pentapeptide biosynthesis II (lysine-containing)|g__Roseburia.s__Roseburia_sp_CAG_100	13.3676358713
PWY-6386: UDP-N-acetylmuramoyl-pentapeptide biosynthesis II (lysine-containing)|g__Bacteroides.s__Bacteroides_ovatus	13.2655340298
PWY-6386: UDP-N-acetylmuramoyl-pentapeptide biosynthesis II (lysine-containing)|g__Subdoligranulum.s__Subdoligranulum_sp_APC924_74	12.3199900066
PWY-6386: UDP-N-acetylmuramoyl-pentapeptide biosynthesis II (lysine-containing)|g__Alistipes.s__Alistipes_indistinctus	11.9997183569
PWY-6386: UDP-N-acetylmuramoyl-pentapeptide biosynthesis II (lysine-containing)|g__Eubacterium.s__Eubacterium_sp_36_13	10.4152042428
PWY-6386: UDP-N-acetylmuramoyl-pentapeptide biosynthesis II (lysine-containing)|g__Anaerotruncus.s__Anaerotruncus_colihominis	8.2303610504
PWY-6386: UDP-N-acetylmuramoyl-pentapeptide biosynthesis II (lysine-containing)|g__Alistipes.s__Alistipes_onderdonkii	8.2175246291
PWY-6386: UDP-N-acetylmuramoyl-pentapeptide biosynthesis II (lysine-containing)|g__Ruminococcus.s__Ruminococcus_sp_AF31_8BH	6.7085877115
PWY-7221: guanosine ribonucleotides de novo biosynthesis	10558.6454699786
PWY-7221: guanosine ribonucleotides de novo biosynthesis|unclassified	1327.1450602809
PWY-7221: guanosine ribonucleotides de novo biosynthesis|g__Prevotella.s__Prevotella_copri	1008.6541220633
PWY-7221: guanosine ribonucleotides de novo biosynthesis|g__Blautia.s__Ruminococcus_torques	684.1545473655
PWY-7221: guanosine ribonucleotides de novo biosynthesis|g__Faecalibacterium.s__Faecalibacterium_prausnitzii	543.1501854120
PWY-7221: guanosine ribonucleotides de novo biosynthesis|g__Bacteroides.s__Bacteroides_uniformis	524.3002537654
PWY-7221: guanosine ribonucleotides de novo biosynthesis|g__Faecalibacterium.s__Faecalibacterium_sp_CAG_74	459.1937669800
PWY-7221: guanosine ribonucleotides de novo biosynthesis|g__Bacteroides.s__Bacteroides_massiliensis	291.9107361012
PWY-7221: guanosine ribonucleotides de novo biosynthesis|g__Bacteroides.s__Bacteroides_thetaiotaomicron	252.5320233168
PWY-7221: guanosine ribonucleotides de novo biosynthesis|g__Bacteroides.s__Bacteroides_salyersiae	239.9498622745
PWY-7221: guanosine ribonucleotides de novo biosynthesis|g__Ruminococcus.s__Ruminococcus_bromii	237.7367739651
PWY-7221: guanosine ribonucleotides de novo biosynthesis|g__Blautia.s__Blautia_wexlerae	231.3278056197
PWY-7221: guanosine ribonucleotides de novo biosynthesis|g__Bacteroides.s__Bacteroides_vulgatus	226.4974238534
PWY-7221: guanosine ribonucleotides de novo biosynthesis|g__Bacteroides.s__Bacteroides_cellulosilyticus	213.3868671085
PWY-7221: guanosine ribonucleotides de novo biosynthesis|g__Alistipes.s__Alistipes_finegoldii	176.0311971739
PWY-7221: guanosine ribonucleotides de novo biosynthesis|g__Parabacteroides.s__Parabacteroides_goldsteinii	148.1656430360
PWY-7221: guanosine ribonucleotides de novo biosynthesis|g__Bacteroides.s__Bacteroides_dorei	145.9601012645
PWY-7221: guanosine ribonucleotides de novo biosynthesis|g__Ruminococcus.s__Ruminococcus_callidus	108.0961254247
PWY-7221: guanosine ribonucleotides de novo biosynthesis|g__Bacteroides.s__Bacteroides_caccae	98.1981866133
PWY-7221: guanosine ribonucleotides de novo biosynthesis|g__Sutterella.s__Sutterella_wadsworthensis	81.7266032515
PWY-7221: guanosine ribonucleotides de novo biosynthesis|g__Clostridium.s__Clostridium_sp_CAG_217	81.0581433752
PWY-7221: guanosine ribonucleotides de novo biosynthesis|g__Phascolarctobacterium.s__Phascolarctobacterium_faecium	74.7416118778
PWY-7221: guanosine ribonucleotides de novo biosynthesis|g__Lachnospiraceae_unclassified.s__Eubacterium_rectale	71.7145022120
PWY-7221: guanosine ribonucleotides de novo biosynthesis|g__Anaerostipes.s__Anaerostipes_hadrus	67.9666077073
PWY-7221: guanosine ribonucleotides de novo biosynthesis|g__Blautia.s__Blautia_sp	62.3883410065
PWY-7221: guanosine ribonucleotides de novo biosynthesis|g__Odoribacter.s__Odoribacter_splanchnicus	58.9001423988
PWY-7221: guanosine ribonucleotides de novo biosynthesis|g__Eubacterium.s__Eubacterium_hallii	55.6668309366
PWY-7221: guanosine ribonucleotides de novo biosynthesis|g__Parabacteroides.s__Parabacteroides_distasonis	54.7081476229
PWY-7221: guanosine ribonucleotides de novo biosynthesis|g__Streptococcus.s__Streptococcus_thermophilus	50.2180112401
PWY-7221: guanosine ribonucleotides de novo biosynthesis|g__Agathobaculum.s__Agathobaculum_butyriciproducens	47.7506346127
PWY-7221: guanosine ribonucleotides de novo biosynthesis|g__Citrobacter.s__Citrobacter_koseri	45.2413291455
PWY-7221: guanosine ribonucleotides de novo biosynthesis|g__Bacteroides.s__Bacteroides_faecis	44.8350073451
PWY-7221: guanosine ribonucleotides de novo biosynthesis|g__Eubacterium.s__Eubacterium_sp_CAG_38	44.4704905940
PWY-7221: guanosine ribonucleotides de novo biosynthesis|g__Dorea.s__Dorea_longicatena	43.5950967182
PWY-7221: guanosine ribonucleotides de novo biosynthesis|g__Bacteroides.s__Bacteroides_intestinalis	43.3752049433
PWY-7221: guanosine ribonucleotides de novo biosynthesis|g__Fusicatenibacter.s__Fusicatenibacter_saccharivorans	40.1873395218
PWY-7221: guanosine ribonucleotides de novo biosynthesis|g__Eubacterium.s__Eubacterium_ramulus	34.7962571526
PWY-7221: guanosine ribonucleotides de novo biosynthesis|g__Clostridium.s__Clostridium_sp_CAG_75	33.7754936816
PWY-7221: guanosine ribonucleotides de novo biosynthesis|g__Bilophila.s__Bilophila_wadsworthia	33.6164492423
PWY-7221: guanosine ribonucleotides de novo biosynthesis|g__Prevotella.s__Prevotella_sp_CAG_485	32.0455284433
PWY-7221: guanosine ribonucleotides de novo biosynthesis|g__Coprococcus.s__Coprococcus_comes	30.5861802625
PWY-7221: guanosine ribonucleotides de novo biosynthesis|g__Barnesiella.s__Barnesiella_intestinihominis	30.3752854604
PWY-7221: guanosine ribonucleotides de novo biosynthesis|g__Clostridiales_unclassified.s__Clostridiales_bacterium_KLE1615	25.6909956458
PWY-7221: guanosine ribonucleotides de novo biosynthesis|g__Dorea.s__Dorea_formicigenerans	24.5864729936
PWY-7221: guanosine ribonucleotides de novo biosynthesis|g__Bifidobacterium.s__Bifidobacterium_animalis	23.9656596752
PWY-7221: guanosine ribonucleotides de novo biosynthesis|g__Bacteroides.s__Bacteroides_ovatus	21.6972549487
PWY-7221: guanosine ribonucleotides de novo biosynthesis|g__Alistipes.s__Alistipes_shahii	20.5210514875
PWY-7221: guanosine ribonucleotides de novo biosynthesis|g__Eubacterium.s__Eubacterium_sp_AF17_7	19.7713706866
PWY-7221: guanosine ribonucleotides de novo biosynthesis|g__Bifidobacterium.s__Bifidobacterium_adolescentis	19.5482225612
PWY-7221: guanosine ribonucleotides de novo biosynthesis|g__Roseburia.s__Roseburia_faecis	17.9876489744
PWY-7221: guanosine ribonucleotides de novo biosynthesis|g__Victivallis.s__Victivallis_vadensis	17.6173915162
PWY-7221: guanosine ribonucleotides de novo biosynthesis|g__Firmicutes_unclassified.s__Firmicutes_bacterium_CAG_41	17.2571107426
PWY-7221: guanosine ribonucleotides de novo biosynthesis|g__Blautia.s__Blautia_obeum	16.7405733621
PWY-7221: guanosine ribonucleotides de novo biosynthesis|g__Coprococcus.s__Coprococcus_catus	16.2641163866
PWY-7221: guanosine ribonucleotides de novo biosynthesis|g__Lentisphaerae_unclassified.s__Lentisphaerae_bacterium	15.7123461633
PWY-7221: guanosine ribonucleotides de novo biosynthesis|g__Roseburia.s__Roseburia_intestinalis	15.2436417198
PWY-7221: guanosine ribonucleotides de novo biosynthesis|g__Ruminococcus.s__Ruminococcus_sp_AF31_8BH	14.8355299107
PWY-7221: guanosine ribonucleotides de novo biosynthesis|g__Alistipes.s__Alistipes_onderdonkii	14.4064184829
PWY-7221: guanosine ribonucleotides de novo biosynthesis|g__Clostridium.s__Clostridium_sp_AM22_11AC	12.3009746281
PWY-7221: guanosine ribonucleotides de novo biosynthesis|g__Clostridium.s__Clostridium_sp_CAG_58	11.5785280166
PWY-7221: guanosine ribonucleotides de novo biosynthesis|g__Firmicutes_unclassified.s__Firmicutes_bacterium_CAG_56	10.2476794099
PWY-7221: guanosine ribonucleotides de novo biosynthesis|g__Anaerotruncus.s__Anaerotruncus_colihominis	9.9304923577
PWY-7221: guanosine ribonucleotides de novo biosynthesis|g__Senegalimassilia.s__Senegalimassilia_anaerobia	8.2114224806
PWY-7221: guanosine ribonucleotides de novo biosynthesis|g__Ruthenibacterium.s__Ruthenibacterium_lactatiformans	7.1403888606
PWY-7221: guanosine ribonucleotides de novo biosynthesis|g__Coprobacter.s__Coprobacter_secundus	6.9121437270
PWY-7221: guanosine ribonucleotides de novo biosynthesis|g__Ruminococcus.s__Ruminococcus_bicirculans	6.0613298630
PWY-7221: guanosine ribonucleotides de novo biosynthesis|g__Adlercreutzia.s__Adlercreutzia_equolifaciens	5.7535529744
PWY-6609: adenine and adenosine salvage III	10511.4574883716
PWY-6609: adenine and adenosine salvage III|unclassified	1717.3462986502
PWY-6609: adenine and adenosine salvage III|g__Blautia.s__Ruminococcus_torques	749.5702110592
PWY-6609: adenine and adenosine salvage III|g__Firmicutes_unclassified.s__Firmicutes_bacterium_CAG_110	701.2921484303
PWY-6609: adenine and adenosine salvage III|g__Faecalibacterium.s__Faecalibacterium_sp_CAG_74	663.9194267674
PWY-6609: adenine and adenosine salvage III|g__Bacteroides.s__Bacteroides_uniformis	638.4111596925
PWY-6609: adenine and adenosine salvage III|g__Faecalibacterium.s__Faecalibacterium_prausnitzii	597.2407110862
PWY-6609: adenine and adenosine salvage III|g__Alistipes.s__Alistipes_finegoldii	378.7362711565
PWY-6609: adenine and adenosine salvage III|g__Lachnospiraceae_unclassified.s__Eubacterium_rectale	372.0070613106
PWY-6609: adenine and adenosine salvage III|g__Bacteroides.s__Bacteroides_massiliensis	250.1075052654
PWY-6609: adenine and adenosine salvage III|g__Bacteroides.s__Bacteroides_thetaiotaomicron	235.6816560744
PWY-6609: adenine and adenosine salvage III|g__Bacteroides.s__Bacteroides_vulgatus	193.4512390687
PWY-6609: adenine and adenosine salvage III|g__Gemmiger.s__Gemmiger_formicilis	186.7681480045
PWY-6609: adenine and adenosine salvage III|g__Bacteroides.s__Bacteroides_salyersiae	183.8712205626
PWY-6609: adenine and adenosine salvage III|g__Ruminococcus.s__Ruminococcus_callidus	170.2132710721
PWY-6609: adenine and adenosine salvage III|g__Blautia.s__Blautia_wexlerae	170.1309834259
PWY-6609: adenine and adenosine salvage III|g__Bacteroides.s__Bacteroides_dorei	144.1119967987
PWY-6609: adenine and adenosine salvage III|g__Anaerostipes.s__Anaerostipes_hadrus	117.5578871912
PWY-6609: adenine and adenosine salvage III|g__Parabacteroides.s__Parabacteroides_goldsteinii	111.8845938616
PWY-6609: adenine and adenosine salvage III|g__Clostridium.s__Clostridium_sp_CAG_217	106.3907049138
PWY-6609: adenine and adenosine salvage III|g__Eubacterium.s__Eubacterium_sp_CAG_252	71.4282279150
PWY-6609: adenine and adenosine salvage III|g__Bacteroides.s__Bacteroides_caccae	71.0040095725
PWY-6609: adenine and adenosine salvage III|g__Blautia.s__Blautia_sp	68.6350368398
PWY-6609: adenine and adenosine salvage III|g__Eubacterium.s__Eubacterium_sp_CAG_38	58.4907038698
PWY-6609: adenine and adenosine salvage III|g__Parabacteroides.s__Parabacteroides_distasonis	58.3209085580
PWY-6609: adenine and adenosine salvage III|g__Firmicutes_unclassified.s__Firmicutes_bacterium_CAG_475	55.8925367680
PWY-6609: adenine and adenosine salvage III|g__Phascolarctobacterium.s__Phascolarctobacterium_faecium	54.2978288999
PWY-6609: adenine and adenosine salvage III|g__Streptococcus.s__Streptococcus_thermophilus	52.4301673211
PWY-6609: adenine and adenosine salvage III|g__Dorea.s__Dorea_longicatena	51.5607738152
PWY-6609: adenine and adenosine salvage III|g__Fusicatenibacter.s__Fusicatenibacter_saccharivorans	50.0438028376
PWY-6609: adenine and adenosine salvage III|g__Clostridiales_unclassified.s__Clostridiales_bacterium_KLE1615	48.3586399559
PWY-6609: adenine and adenosine salvage III|g__Clostridium.s__Clostridium_sp_CAG_75	47.8007764169
PWY-6609: adenine and adenosine salvage III|g__Agathobaculum.s__Agathobaculum_butyriciproducens	44.9911338702
PWY-6609: adenine and adenosine salvage III|g__Barnesiella.s__Barnesiella_intestinihominis	44.8600487397
PWY-6609: adenine and adenosine salvage III|g__Citrobacter.s__Citrobacter_koseri	42.5163007526
PWY-6609: adenine and adenosine salvage III|g__Eubacterium.s__Eubacterium_ramulus	40.3493544759
PWY-6609: adenine and adenosine salvage III|g__Firmicutes_unclassified.s__Firmicutes_bacterium_CAG_124	37.5838081698
PWY-6609: adenine and adenosine salvage III|g__Firmicutes_unclassified.s__Firmicutes_bacterium_CAG_83	37.0907053400
PWY-6609: adenine and adenosine salvage III|g__Blautia.s__Blautia_sp_CAG_52	34.8536775599
PWY-6609: adenine and adenosine salvage III|g__Bilophila.s__Bilophila_wadsworthia	29.5408820625
PWY-6609: adenine and adenosine salvage III|g__Eubacterium.s__Eubacterium_sp_CAG_274	29.1240784971
PWY-6609: adenine and adenosine salvage III|g__Blautia.s__Blautia_obeum	28.5570846404
PWY-6609: adenine and adenosine salvage III|g__Coprococcus.s__Coprococcus_comes	28.1472980424
PWY-6609: adenine and adenosine salvage III|g__Clostridium.s__Clostridium_sp_CAG_167	25.6781067516
PWY-6609: adenine and adenosine salvage III|g__Prevotella.s__Prevotella_sp_CAG_485	25.2199510107
PWY-6609: adenine and adenosine salvage III|g__Roseburia.s__Roseburia_sp_CAG_100	23.2752285996
PWY-6609: adenine and adenosine salvage III|g__Bacteroides.s__Bacteroides_faecis	23.0183549968
PWY-6609: adenine and adenosine salvage III|g__Eubacterium.s__Eubacterium_sp_AF17_7	22.8743062383
PWY-6609: adenine and adenosine salvage III|g__Clostridium.s__Clostridium_sp_CAG_58	16.4265104029
PWY-6609: adenine and adenosine salvage III|g__Bacteroides.s__Bacteroides_sp_CAG_144	15.9843065318
PWY-6609: adenine and adenosine salvage III|g__Ruminococcus.s__Ruminococcus_bicirculans	15.8965469856
PWY-6609: adenine and adenosine salvage III|g__Bacteroides.s__Bacteroides_ovatus	15.2228418856
PWY-6609: adenine and adenosine salvage III|g__Eubacterium.s__Eubacterium_sp_36_13	14.5106909973
PWY-6609: adenine and adenosine salvage III|g__Dorea.s__Dorea_formicigenerans	14.3892192863
PWY-6609: adenine and adenosine salvage III|g__Anaerotruncus.s__Anaerotruncus_colihominis	13.3799888547
PWY-6609: adenine and adenosine salvage III|g__Adlercreutzia.s__Adlercreutzia_equolifaciens	12.8560916618
PWY-6609: adenine and adenosine salvage III|g__Alistipes.s__Alistipes_indistinctus	12.7975952879
PWY-6609: adenine and adenosine salvage III|g__Alistipes.s__Alistipes_onderdonkii	12.1862714953
PWY-6609: adenine and adenosine salvage III|g__Alistipes.s__Alistipes_shahii	11.8357574952
PWY-6609: adenine and adenosine salvage III|g__Oscillibacter.s__Oscillibacter_sp_57_20	11.5703277233
PWY-6609: adenine and adenosine salvage III|g__Bacteroides.s__Bacteroides_cellulosilyticus	10.0321553581
PWY-6609: adenine and adenosine salvage III|g__Subdoligranulum.s__Subdoligranulum_sp_APC924_74	9.4562834697
PWY-6609: adenine and adenosine salvage III|g__Firmicutes_unclassified.s__Firmicutes_bacterium_CAG_56	9.1422253877
PWY-6609: adenine and adenosine salvage III|g__Ruminococcus.s__Ruminococcus_sp_AF31_8BH	8.9959172721
PWY-6609: adenine and adenosine salvage III|g__Roseburia.s__Roseburia_faecis	7.4243188205
PWY-6609: adenine and adenosine salvage III|g__Clostridium.s__Clostridium_sp_AM22_11AC	6.3185617042
PWY-6609: adenine and adenosine salvage III|g__Intestinibacter.s__Intestinibacter_bartlettii	5.9259259259
PWY-6609: adenine and adenosine salvage III|g__Asaccharobacter.s__Asaccharobacter_celatus	4.9086477507
PWY-6387: UDP-N-acetylmuramoyl-pentapeptide biosynthesis I (meso-diaminopimelate containing)	10493.4884293148
PWY-6387: UDP-N-acetylmuramoyl-pentapeptide biosynthesis I (meso-diaminopimelate containing)|unclassified	1662.6146519348
PWY-6387: UDP-N-acetylmuramoyl-pentapeptide biosynthesis I (meso-diaminopimelate containing)|g__Bacteroides.s__Bacteroides_uniformis	671.9575797364
PWY-6387: UDP-N-acetylmuramoyl-pentapeptide biosynthesis I (meso-diaminopimelate containing)|g__Blautia.s__Ruminococcus_torques	669.4229710960
PWY-6387: UDP-N-acetylmuramoyl-pentapeptide biosynthesis I (meso-diaminopimelate containing)|g__Prevotella.s__Prevotella_copri	612.0122548290
PWY-6387: UDP-N-acetylmuramoyl-pentapeptide biosynthesis I (meso-diaminopimelate containing)|g__Firmicutes_unclassified.s__Firmicutes_bacterium_CAG_110	591.0765450091
PWY-6387: UDP-N-acetylmuramoyl-pentapeptide biosynthesis I (meso-diaminopimelate containing)|g__Faecalibacterium.s__Faecalibacterium_prausnitzii	587.2495128167
PWY-6387: UDP-N-acetylmuramoyl-pentapeptide biosynthesis I (meso-diaminopimelate containing)|g__Faecalibacterium.s__Faecalibacterium_sp_CAG_74	421.8268104291
PWY-6387: UDP-N-acetylmuramoyl-pentapeptide biosynthesis I (meso-diaminopimelate containing)|g__Lachnospiraceae_unclassified.s__Eubacterium_rectale	391.1211571358
PWY-6387: UDP-N-acetylmuramoyl-pentapeptide biosynthesis I (meso-diaminopimelate containing)|g__Alistipes.s__Alistipes_finegoldii	353.1685995781
PWY-6387: UDP-N-acetylmuramoyl-pentapeptide biosynthesis I (meso-diaminopimelate containing)|g__Bacteroides.s__Bacteroides_massiliensis	281.6004595165
PWY-6387: UDP-N-acetylmuramoyl-pentapeptide biosynthesis I (meso-diaminopimelate containing)|g__Bacteroides.s__Bacteroides_thetaiotaomicron	241.9937626036
PWY-6387: UDP-N-acetylmuramoyl-pentapeptide biosynthesis I (meso-diaminopimelate containing)|g__Bacteroides.s__Bacteroides_vulgatus	211.3439839032
PWY-6387: UDP-N-acetylmuramoyl-pentapeptide biosynthesis I (meso-diaminopimelate containing)|g__Bacteroides.s__Bacteroides_salyersiae	206.6616064256
PWY-6387: UDP-N-acetylmuramoyl-pentapeptide biosynthesis I (meso-diaminopimelate containing)|g__Gemmiger.s__Gemmiger_formicilis	173.0723477417
PWY-6387: UDP-N-acetylmuramoyl-pentapeptide biosynthesis I (meso-diaminopimelate containing)|g__Blautia.s__Blautia_obeum	162.4673815145
PWY-6387: UDP-N-acetylmuramoyl-pentapeptide biosynthesis I (meso-diaminopimelate containing)|g__Blautia.s__Blautia_wexlerae	149.4138638188
PWY-6387: UDP-N-acetylmuramoyl-pentapeptide biosynthesis I (meso-diaminopimelate containing)|g__Bacteroides.s__Bacteroides_cellulosilyticus	146.6146086286
PWY-6387: UDP-N-acetylmuramoyl-pentapeptide biosynthesis I (meso-diaminopimelate containing)|g__Ruminococcus.s__Ruminococcus_callidus	134.2212060685
PWY-6387: UDP-N-acetylmuramoyl-pentapeptide biosynthesis I (meso-diaminopimelate containing)|g__Bacteroides.s__Bacteroides_dorei	121.6257194925
PWY-6387: UDP-N-acetylmuramoyl-pentapeptide biosynthesis I (meso-diaminopimelate containing)|g__Clostridium.s__Clostridium_sp_CAG_217	111.6224686114
PWY-6387: UDP-N-acetylmuramoyl-pentapeptide biosynthesis I (meso-diaminopimelate containing)|g__Parabacteroides.s__Parabacteroides_goldsteinii	102.1611234279
PWY-6387: UDP-N-acetylmuramoyl-pentapeptide biosynthesis I (meso-diaminopimelate containing)|g__Anaerostipes.s__Anaerostipes_hadrus	83.3123772948
PWY-6387: UDP-N-acetylmuramoyl-pentapeptide biosynthesis I (meso-diaminopimelate containing)|g__Sutterella.s__Sutterella_wadsworthensis	76.3794346611
PWY-6387: UDP-N-acetylmuramoyl-pentapeptide biosynthesis I (meso-diaminopimelate containing)|g__Eubacterium.s__Eubacterium_sp_CAG_252	76.3587970430
PWY-6387: UDP-N-acetylmuramoyl-pentapeptide biosynthesis I (meso-diaminopimelate containing)|g__Bacteroides.s__Bacteroides_caccae	74.8130706673
PWY-6387: UDP-N-acetylmuramoyl-pentapeptide biosynthesis I (meso-diaminopimelate containing)|g__Phascolarctobacterium.s__Phascolarctobacterium_faecium	71.9237820904
PWY-6387: UDP-N-acetylmuramoyl-pentapeptide biosynthesis I (meso-diaminopimelate containing)|g__Blautia.s__Blautia_sp	71.1931073237
PWY-6387: UDP-N-acetylmuramoyl-pentapeptide biosynthesis I (meso-diaminopimelate containing)|g__Odoribacter.s__Odoribacter_splanchnicus	60.9647548406
PWY-6387: UDP-N-acetylmuramoyl-pentapeptide biosynthesis I (meso-diaminopimelate containing)|g__Streptococcus.s__Streptococcus_thermophilus	59.0462804906
PWY-6387: UDP-N-acetylmuramoyl-pentapeptide biosynthesis I (meso-diaminopimelate containing)|g__Blautia.s__Blautia_sp_CAG_52	55.6830977788
PWY-6387: UDP-N-acetylmuramoyl-pentapeptide biosynthesis I (meso-diaminopimelate containing)|g__Parabacteroides.s__Parabacteroides_distasonis	52.8531274906
PWY-6387: UDP-N-acetylmuramoyl-pentapeptide biosynthesis I (meso-diaminopimelate containing)|g__Clostridium.s__Clostridium_sp_CAG_245	51.8847630615
PWY-6387: UDP-N-acetylmuramoyl-pentapeptide biosynthesis I (meso-diaminopimelate containing)|g__Eubacterium.s__Eubacterium_sp_CAG_38	51.2915185675
PWY-6387: UDP-N-acetylmuramoyl-pentapeptide biosynthesis I (meso-diaminopimelate containing)|g__Eubacterium.s__Eubacterium_hallii	46.0468942057
PWY-6387: UDP-N-acetylmuramoyl-pentapeptide biosynthesis I (meso-diaminopimelate containing)|g__Agathobaculum.s__Agathobaculum_butyriciproducens	43.1862117352
PWY-6387: UDP-N-acetylmuramoyl-pentapeptide biosynthesis I (meso-diaminopimelate containing)|g__Eubacterium.s__Eubacterium_ramulus	41.7422712063
PWY-6387: UDP-N-acetylmuramoyl-pentapeptide biosynthesis I (meso-diaminopimelate containing)|g__Bifidobacterium.s__Bifidobacterium_animalis	38.1920272909
PWY-6387: UDP-N-acetylmuramoyl-pentapeptide biosynthesis I (meso-diaminopimelate containing)|g__Citrobacter.s__Citrobacter_koseri	34.9070257291
PWY-6387: UDP-N-acetylmuramoyl-pentapeptide biosynthesis I (meso-diaminopimelate containing)|g__Fusicatenibacter.s__Fusicatenibacter_saccharivorans	34.6901853010
PWY-6387: UDP-N-acetylmuramoyl-pentapeptide biosynthesis I (meso-diaminopimelate containing)|g__Clostridiales_unclassified.s__Clostridiales_bacterium_KLE1615	34.2165479585
PWY-6387: UDP-N-acetylmuramoyl-pentapeptide biosynthesis I (meso-diaminopimelate containing)|g__Eubacterium.s__Eubacterium_sp_CAG_274	34.1320831244
PWY-6387: UDP-N-acetylmuramoyl-pentapeptide biosynthesis I (meso-diaminopimelate containing)|g__Bilophila.s__Bilophila_wadsworthia	33.5011587228
PWY-6387: UDP-N-acetylmuramoyl-pentapeptide biosynthesis I (meso-diaminopimelate containing)|g__Dorea.s__Dorea_longicatena	30.4322997473
PWY-6387: UDP-N-acetylmuramoyl-pentapeptide biosynthesis I (meso-diaminopimelate containing)|g__Dorea.s__Dorea_formicigenerans	29.7388693552
PWY-6387: UDP-N-acetylmuramoyl-pentapeptide biosynthesis I (meso-diaminopimelate containing)|g__Barnesiella.s__Barnesiella_intestinihominis	26.8940333722
PWY-6387: UDP-N-acetylmuramoyl-pentapeptide biosynthesis I (meso-diaminopimelate containing)|g__Butyricimonas.s__Butyricimonas_virosa	26.5178142269
PWY-6387: UDP-N-acetylmuramoyl-pentapeptide biosynthesis I (meso-diaminopimelate containing)|g__Firmicutes_unclassified.s__Firmicutes_bacterium_CAG_41	25.0597444940
PWY-6387: UDP-N-acetylmuramoyl-pentapeptide biosynthesis I (meso-diaminopimelate containing)|g__Coprococcus.s__Coprococcus_comes	23.2910631106
PWY-6387: UDP-N-acetylmuramoyl-pentapeptide biosynthesis I (meso-diaminopimelate containing)|g__Butyricimonas.s__Butyricimonas_synergistica	22.6731997880
PWY-6387: UDP-N-acetylmuramoyl-pentapeptide biosynthesis I (meso-diaminopimelate containing)|g__Senegalimassilia.s__Senegalimassilia_anaerobia	21.6457960900
PWY-6387: UDP-N-acetylmuramoyl-pentapeptide biosynthesis I (meso-diaminopimelate containing)|g__Bacteroides.s__Bacteroides_faecis	19.5374366888
PWY-6387: UDP-N-acetylmuramoyl-pentapeptide biosynthesis I (meso-diaminopimelate containing)|g__Eubacterium.s__Eubacterium_ventriosum	16.4549308954
PWY-6387: UDP-N-acetylmuramoyl-pentapeptide biosynthesis I (meso-diaminopimelate containing)|g__Clostridium.s__Clostridium_sp_CAG_58	16.3100004220
PWY-6387: UDP-N-acetylmuramoyl-pentapeptide biosynthesis I (meso-diaminopimelate containing)|g__Firmicutes_unclassified.s__Firmicutes_bacterium_CAG_124	16.2448158926
PWY-6387: UDP-N-acetylmuramoyl-pentapeptide biosynthesis I (meso-diaminopimelate containing)|g__Firmicutes_unclassified.s__Firmicutes_bacterium_CAG_114	16.0553314588
PWY-6387: UDP-N-acetylmuramoyl-pentapeptide biosynthesis I (meso-diaminopimelate containing)|g__Firmicutes_unclassified.s__Firmicutes_bacterium_CAG_56	15.2739358262
PWY-6387: UDP-N-acetylmuramoyl-pentapeptide biosynthesis I (meso-diaminopimelate containing)|g__Roseburia.s__Roseburia_faecis	14.9427143743
PWY-6387: UDP-N-acetylmuramoyl-pentapeptide biosynthesis I (meso-diaminopimelate containing)|g__Roseburia.s__Roseburia_sp_CAG_100	14.1127825279
PWY-6387: UDP-N-acetylmuramoyl-pentapeptide biosynthesis I (meso-diaminopimelate containing)|g__Bacteroides.s__Bacteroides_ovatus	13.6896103058
PWY-6387: UDP-N-acetylmuramoyl-pentapeptide biosynthesis I (meso-diaminopimelate containing)|g__Coprococcus.s__Coprococcus_catus	12.5646049051
PWY-6387: UDP-N-acetylmuramoyl-pentapeptide biosynthesis I (meso-diaminopimelate containing)|g__Subdoligranulum.s__Subdoligranulum_sp_APC924_74	12.4721827586
PWY-6387: UDP-N-acetylmuramoyl-pentapeptide biosynthesis I (meso-diaminopimelate containing)|g__Alistipes.s__Alistipes_indistinctus	11.6747163652
PWY-6387: UDP-N-acetylmuramoyl-pentapeptide biosynthesis I (meso-diaminopimelate containing)|g__Eubacterium.s__Eubacterium_sp_36_13	11.5634753880
PWY-6387: UDP-N-acetylmuramoyl-pentapeptide biosynthesis I (meso-diaminopimelate containing)|g__Alistipes.s__Alistipes_onderdonkii	11.0023028652
PWY-6387: UDP-N-acetylmuramoyl-pentapeptide biosynthesis I (meso-diaminopimelate containing)|g__Ruminococcus.s__Ruminococcus_sp_AF31_8BH	9.1233687485
PWY-6387: UDP-N-acetylmuramoyl-pentapeptide biosynthesis I (meso-diaminopimelate containing)|g__Anaerotruncus.s__Anaerotruncus_colihominis	8.7935540483
PWY-6387: UDP-N-acetylmuramoyl-pentapeptide biosynthesis I (meso-diaminopimelate containing)|g__Asaccharobacter.s__Asaccharobacter_celatus	5.3891711596
GLYCOGENSYNTH-PWY: glycogen biosynthesis I (from ADP-D-Glucose)	10389.5057131845
GLYCOGENSYNTH-PWY: glycogen biosynthesis I (from ADP-D-Glucose)|unclassified	1871.7789812472
GLYCOGENSYNTH-PWY: glycogen biosynthesis I (from ADP-D-Glucose)|g__Blautia.s__Ruminococcus_torques	1190.0819771304
GLYCOGENSYNTH-PWY: glycogen biosynthesis I (from ADP-D-Glucose)|g__Faecalibacterium.s__Faecalibacterium_prausnitzii	918.2311017994
GLYCOGENSYNTH-PWY: glycogen biosynthesis I (from ADP-D-Glucose)|g__Firmicutes_unclassified.s__Firmicutes_bacterium_CAG_110	565.3340368442
GLYCOGENSYNTH-PWY: glycogen biosynthesis I (from ADP-D-Glucose)|g__Faecalibacterium.s__Faecalibacterium_sp_CAG_74	394.2017428371
GLYCOGENSYNTH-PWY: glycogen biosynthesis I (from ADP-D-Glucose)|g__Lachnospiraceae_unclassified.s__Eubacterium_rectale	326.2953610329
GLYCOGENSYNTH-PWY: glycogen biosynthesis I (from ADP-D-Glucose)|g__Blautia.s__Blautia_wexlerae	292.3403447849
GLYCOGENSYNTH-PWY: glycogen biosynthesis I (from ADP-D-Glucose)|g__Ruminococcus.s__Ruminococcus_bromii	288.2490525753
GLYCOGENSYNTH-PWY: glycogen biosynthesis I (from ADP-D-Glucose)|g__Blautia.s__Blautia_obeum	275.7444017306
GLYCOGENSYNTH-PWY: glycogen biosynthesis I (from ADP-D-Glucose)|g__Gemmiger.s__Gemmiger_formicilis	192.6933066060
GLYCOGENSYNTH-PWY: glycogen biosynthesis I (from ADP-D-Glucose)|g__Anaerostipes.s__Anaerostipes_hadrus	177.4017288059
GLYCOGENSYNTH-PWY: glycogen biosynthesis I (from ADP-D-Glucose)|g__Ruminococcus.s__Ruminococcus_callidus	163.9953585181
GLYCOGENSYNTH-PWY: glycogen biosynthesis I (from ADP-D-Glucose)|g__Bacteroides.s__Bacteroides_thetaiotaomicron	158.7990585497
GLYCOGENSYNTH-PWY: glycogen biosynthesis I (from ADP-D-Glucose)|g__Eubacterium.s__Eubacterium_hallii	138.2595433925
GLYCOGENSYNTH-PWY: glycogen biosynthesis I (from ADP-D-Glucose)|g__Clostridium.s__Clostridium_sp_CAG_217	104.5051691162
GLYCOGENSYNTH-PWY: glycogen biosynthesis I (from ADP-D-Glucose)|g__Blautia.s__Blautia_sp	88.3571285853
GLYCOGENSYNTH-PWY: glycogen biosynthesis I (from ADP-D-Glucose)|g__Dorea.s__Dorea_longicatena	75.3615930934
GLYCOGENSYNTH-PWY: glycogen biosynthesis I (from ADP-D-Glucose)|g__Coprococcus.s__Coprococcus_comes	75.2926801710
GLYCOGENSYNTH-PWY: glycogen biosynthesis I (from ADP-D-Glucose)|g__Eubacterium.s__Eubacterium_sp_CAG_252	72.9535084388
GLYCOGENSYNTH-PWY: glycogen biosynthesis I (from ADP-D-Glucose)|g__Eubacterium.s__Eubacterium_ramulus	72.7813900390
GLYCOGENSYNTH-PWY: glycogen biosynthesis I (from ADP-D-Glucose)|g__Blautia.s__Blautia_sp_CAG_52	65.7985334675
GLYCOGENSYNTH-PWY: glycogen biosynthesis I (from ADP-D-Glucose)|g__Firmicutes_unclassified.s__Firmicutes_bacterium_CAG_475	62.0723348422
GLYCOGENSYNTH-PWY: glycogen biosynthesis I (from ADP-D-Glucose)|g__Agathobaculum.s__Agathobaculum_butyriciproducens	61.5928895046
GLYCOGENSYNTH-PWY: glycogen biosynthesis I (from ADP-D-Glucose)|g__Bacteroides.s__Bacteroides_caccae	53.6610741705
GLYCOGENSYNTH-PWY: glycogen biosynthesis I (from ADP-D-Glucose)|g__Fusicatenibacter.s__Fusicatenibacter_saccharivorans	53.1797524212
GLYCOGENSYNTH-PWY: glycogen biosynthesis I (from ADP-D-Glucose)|g__Eubacterium.s__Eubacterium_sp_CAG_38	52.5813612818
GLYCOGENSYNTH-PWY: glycogen biosynthesis I (from ADP-D-Glucose)|g__Clostridium.s__Clostridium_sp_CAG_75	50.5687806056
GLYCOGENSYNTH-PWY: glycogen biosynthesis I (from ADP-D-Glucose)|g__Clostridium.s__Clostridium_sp_AM22_11AC	50.2798191417
GLYCOGENSYNTH-PWY: glycogen biosynthesis I (from ADP-D-Glucose)|g__Dorea.s__Dorea_formicigenerans	43.2766503424
GLYCOGENSYNTH-PWY: glycogen biosynthesis I (from ADP-D-Glucose)|g__Citrobacter.s__Citrobacter_koseri	42.9130371902
GLYCOGENSYNTH-PWY: glycogen biosynthesis I (from ADP-D-Glucose)|g__Clostridiales_unclassified.s__Clostridiales_bacterium_KLE1615	37.1743031853
GLYCOGENSYNTH-PWY: glycogen biosynthesis I (from ADP-D-Glucose)|g__Firmicutes_unclassified.s__Firmicutes_bacterium_CAG_41	32.0283337142
GLYCOGENSYNTH-PWY: glycogen biosynthesis I (from ADP-D-Glucose)|g__Eubacterium.s__Eubacterium_sp_CAG_274	30.5291047780
GLYCOGENSYNTH-PWY: glycogen biosynthesis I (from ADP-D-Glucose)|g__Roseburia.s__Roseburia_faecis	26.9579801352
GLYCOGENSYNTH-PWY: glycogen biosynthesis I (from ADP-D-Glucose)|g__Bacteroides.s__Bacteroides_faecis	26.1248906076
GLYCOGENSYNTH-PWY: glycogen biosynthesis I (from ADP-D-Glucose)|g__Ruminococcus.s__Ruminococcus_sp_AF31_8BH	21.6385877545
GLYCOGENSYNTH-PWY: glycogen biosynthesis I (from ADP-D-Glucose)|g__Eubacterium.s__Eubacterium_sp_AF17_7	18.7825620965
GLYCOGENSYNTH-PWY: glycogen biosynthesis I (from ADP-D-Glucose)|g__Clostridium.s__Clostridium_sp_CAG_167	18.6115047196
GLYCOGENSYNTH-PWY: glycogen biosynthesis I (from ADP-D-Glucose)|g__Eubacterium.s__Eubacterium_ventriosum	16.9330704515
GLYCOGENSYNTH-PWY: glycogen biosynthesis I (from ADP-D-Glucose)|g__Ruminococcus.s__Ruminococcus_bicirculans	15.3093892555
GLYCOGENSYNTH-PWY: glycogen biosynthesis I (from ADP-D-Glucose)|g__Roseburia.s__Roseburia_intestinalis	15.1223874151
GLYCOGENSYNTH-PWY: glycogen biosynthesis I (from ADP-D-Glucose)|g__Firmicutes_unclassified.s__Firmicutes_bacterium_CAG_56	14.4677675702
GLYCOGENSYNTH-PWY: glycogen biosynthesis I (from ADP-D-Glucose)|g__Roseburia.s__Roseburia_sp_CAG_100	13.0087197113
GLYCOGENSYNTH-PWY: glycogen biosynthesis I (from ADP-D-Glucose)|g__Clostridium.s__Clostridium_sp_CAG_58	12.6164377066
GLYCOGENSYNTH-PWY: glycogen biosynthesis I (from ADP-D-Glucose)|g__Subdoligranulum.s__Subdoligranulum_sp_APC924_74	10.5401800261
GLYCOGENSYNTH-PWY: glycogen biosynthesis I (from ADP-D-Glucose)|g__Anaerotruncus.s__Anaerotruncus_colihominis	10.5383270637
GLYCOGENSYNTH-PWY: glycogen biosynthesis I (from ADP-D-Glucose)|g__Firmicutes_unclassified.s__Firmicutes_bacterium_CAG_124	10.1016698604
GLYCOGENSYNTH-PWY: glycogen biosynthesis I (from ADP-D-Glucose)|g__Coprococcus.s__Coprococcus_catus	9.8425157881
GLYCOGENSYNTH-PWY: glycogen biosynthesis I (from ADP-D-Glucose)|g__Lawsonibacter.s__Lawsonibacter_asaccharolyticus	7.8534891518
GLYCOGENSYNTH-PWY: glycogen biosynthesis I (from ADP-D-Glucose)|g__Eisenbergiella.s__Eisenbergiella_tayi	6.0225749451
GLYCOGENSYNTH-PWY: glycogen biosynthesis I (from ADP-D-Glucose)|g__Blautia.s__Blautia_sp_AF19_10LB	5.5872072652
GLYCOGENSYNTH-PWY: glycogen biosynthesis I (from ADP-D-Glucose)|g__Bacteroides.s__Bacteroides_ovatus	5.5111704252
GLYCOGENSYNTH-PWY: glycogen biosynthesis I (from ADP-D-Glucose)|g__Eisenbergiella.s__Eisenbergiella_massiliensis	2.3996504524
COMPLETE-ARO-PWY: superpathway of aromatic amino acid biosynthesis	10277.6231394022
COMPLETE-ARO-PWY: superpathway of aromatic amino acid biosynthesis|unclassified	1732.2461534097
COMPLETE-ARO-PWY: superpathway of aromatic amino acid biosynthesis|g__Blautia.s__Ruminococcus_torques	772.0624789620
COMPLETE-ARO-PWY: superpathway of aromatic amino acid biosynthesis|g__Blautia.s__Blautia_obeum	161.6730001292
COMPLETE-ARO-PWY: superpathway of aromatic amino acid biosynthesis|g__Ruminococcus.s__Ruminococcus_callidus	143.9528407458
COMPLETE-ARO-PWY: superpathway of aromatic amino acid biosynthesis|g__Clostridium.s__Clostridium_sp_CAG_217	136.5733722430
COMPLETE-ARO-PWY: superpathway of aromatic amino acid biosynthesis|g__Bacteroides.s__Bacteroides_cellulosilyticus	135.7698726732
COMPLETE-ARO-PWY: superpathway of aromatic amino acid biosynthesis|g__Blautia.s__Blautia_wexlerae	126.0655384873
COMPLETE-ARO-PWY: superpathway of aromatic amino acid biosynthesis|g__Anaerostipes.s__Anaerostipes_hadrus	100.5258301034
COMPLETE-ARO-PWY: superpathway of aromatic amino acid biosynthesis|g__Eubacterium.s__Eubacterium_hallii	66.6213420928
COMPLETE-ARO-PWY: superpathway of aromatic amino acid biosynthesis|g__Eubacterium.s__Eubacterium_sp_CAG_252	64.3067495514
COMPLETE-ARO-PWY: superpathway of aromatic amino acid biosynthesis|g__Blautia.s__Blautia_sp	60.5694121751
COMPLETE-ARO-PWY: superpathway of aromatic amino acid biosynthesis|g__Eubacterium.s__Eubacterium_sp_CAG_38	54.8583842934
COMPLETE-ARO-PWY: superpathway of aromatic amino acid biosynthesis|g__Blautia.s__Blautia_sp_CAG_52	51.0932894852
COMPLETE-ARO-PWY: superpathway of aromatic amino acid biosynthesis|g__Agathobaculum.s__Agathobaculum_butyriciproducens	46.7689292779
COMPLETE-ARO-PWY: superpathway of aromatic amino acid biosynthesis|g__Parabacteroides.s__Parabacteroides_distasonis	45.9365377793
COMPLETE-ARO-PWY: superpathway of aromatic amino acid biosynthesis|g__Streptococcus.s__Streptococcus_thermophilus	42.3267662338
COMPLETE-ARO-PWY: superpathway of aromatic amino acid biosynthesis|g__Clostridiales_unclassified.s__Clostridiales_bacterium_KLE1615	40.9571250908
COMPLETE-ARO-PWY: superpathway of aromatic amino acid biosynthesis|g__Fusicatenibacter.s__Fusicatenibacter_saccharivorans	37.5171799948
COMPLETE-ARO-PWY: superpathway of aromatic amino acid biosynthesis|g__Citrobacter.s__Citrobacter_koseri	35.5200675613
COMPLETE-ARO-PWY: superpathway of aromatic amino acid biosynthesis|g__Eubacterium.s__Eubacterium_ramulus	34.6168899711
COMPLETE-ARO-PWY: superpathway of aromatic amino acid biosynthesis|g__Bifidobacterium.s__Bifidobacterium_animalis	27.4836975421
COMPLETE-ARO-PWY: superpathway of aromatic amino acid biosynthesis|g__Eubacterium.s__Eubacterium_sp_CAG_274	27.1188911185
COMPLETE-ARO-PWY: superpathway of aromatic amino acid biosynthesis|g__Coprococcus.s__Coprococcus_comes	24.8020361061
COMPLETE-ARO-PWY: superpathway of aromatic amino acid biosynthesis|g__Roseburia.s__Roseburia_intestinalis	14.5672370559
COMPLETE-ARO-PWY: superpathway of aromatic amino acid biosynthesis|g__Victivallis.s__Victivallis_vadensis	10.9850250827
COMPLETE-ARO-PWY: superpathway of aromatic amino acid biosynthesis|g__Lachnospiraceae_unclassified.s__Eubacterium_rectale	8.9064038905
PWY-6163: chorismate biosynthesis from 3-dehydroquinate	10172.1281852452
PWY-6163: chorismate biosynthesis from 3-dehydroquinate|unclassified	1634.5914484246
PWY-6163: chorismate biosynthesis from 3-dehydroquinate|g__Faecalibacterium.s__Faecalibacterium_prausnitzii	864.1629030149
PWY-6163: chorismate biosynthesis from 3-dehydroquinate|g__Blautia.s__Ruminococcus_torques	755.8711560247
PWY-6163: chorismate biosynthesis from 3-dehydroquinate|g__Bacteroides.s__Bacteroides_uniformis	604.3083209867
PWY-6163: chorismate biosynthesis from 3-dehydroquinate|g__Lachnospiraceae_unclassified.s__Eubacterium_rectale	552.9329870382
PWY-6163: chorismate biosynthesis from 3-dehydroquinate|g__Faecalibacterium.s__Faecalibacterium_sp_CAG_74	483.8282671260
PWY-6163: chorismate biosynthesis from 3-dehydroquinate|g__Ruminococcus.s__Ruminococcus_bromii	289.6722715351
PWY-6163: chorismate biosynthesis from 3-dehydroquinate|g__Bacteroides.s__Bacteroides_massiliensis	285.5264830813
PWY-6163: chorismate biosynthesis from 3-dehydroquinate|g__Bacteroides.s__Bacteroides_thetaiotaomicron	215.5067043805
PWY-6163: chorismate biosynthesis from 3-dehydroquinate|g__Blautia.s__Blautia_obeum	215.3603058378
PWY-6163: chorismate biosynthesis from 3-dehydroquinate|g__Alistipes.s__Alistipes_finegoldii	207.1911464244
PWY-6163: chorismate biosynthesis from 3-dehydroquinate|g__Bacteroides.s__Bacteroides_vulgatus	199.3902440175
PWY-6163: chorismate biosynthesis from 3-dehydroquinate|g__Ruminococcus.s__Ruminococcus_callidus	181.4111399729
PWY-6163: chorismate biosynthesis from 3-dehydroquinate|g__Bacteroides.s__Bacteroides_salyersiae	168.9679179250
PWY-6163: chorismate biosynthesis from 3-dehydroquinate|g__Blautia.s__Blautia_wexlerae	166.2711482111
PWY-6163: chorismate biosynthesis from 3-dehydroquinate|g__Bacteroides.s__Bacteroides_cellulosilyticus	139.4927337804
PWY-6163: chorismate biosynthesis from 3-dehydroquinate|g__Parabacteroides.s__Parabacteroides_goldsteinii	127.5655440618
PWY-6163: chorismate biosynthesis from 3-dehydroquinate|g__Clostridium.s__Clostridium_sp_CAG_217	122.0635728496
PWY-6163: chorismate biosynthesis from 3-dehydroquinate|g__Bacteroides.s__Bacteroides_dorei	118.1133493509
PWY-6163: chorismate biosynthesis from 3-dehydroquinate|g__Anaerostipes.s__Anaerostipes_hadrus	99.8109519602
PWY-6163: chorismate biosynthesis from 3-dehydroquinate|g__Sutterella.s__Sutterella_wadsworthensis	84.9889911260
PWY-6163: chorismate biosynthesis from 3-dehydroquinate|g__Eubacterium.s__Eubacterium_hallii	75.2773884516
PWY-6163: chorismate biosynthesis from 3-dehydroquinate|g__Bacteroides.s__Bacteroides_caccae	73.6055516332
PWY-6163: chorismate biosynthesis from 3-dehydroquinate|g__Eubacterium.s__Eubacterium_sp_CAG_252	69.3125950191
PWY-6163: chorismate biosynthesis from 3-dehydroquinate|g__Odoribacter.s__Odoribacter_splanchnicus	67.5690153661
PWY-6163: chorismate biosynthesis from 3-dehydroquinate|g__Phascolarctobacterium.s__Phascolarctobacterium_faecium	66.7288311246
PWY-6163: chorismate biosynthesis from 3-dehydroquinate|g__Blautia.s__Blautia_sp	66.6440082028
PWY-6163: chorismate biosynthesis from 3-dehydroquinate|g__Blautia.s__Blautia_sp_CAG_52	53.8713927715
PWY-6163: chorismate biosynthesis from 3-dehydroquinate|g__Eubacterium.s__Eubacterium_sp_CAG_38	53.0023888432
PWY-6163: chorismate biosynthesis from 3-dehydroquinate|g__Fusicatenibacter.s__Fusicatenibacter_saccharivorans	51.2757453097
PWY-6163: chorismate biosynthesis from 3-dehydroquinate|g__Firmicutes_unclassified.s__Firmicutes_bacterium_CAG_475	50.1985677617
PWY-6163: chorismate biosynthesis from 3-dehydroquinate|g__Parabacteroides.s__Parabacteroides_distasonis	46.8423213820
PWY-6163: chorismate biosynthesis from 3-dehydroquinate|g__Streptococcus.s__Streptococcus_thermophilus	46.3295714651
PWY-6163: chorismate biosynthesis from 3-dehydroquinate|g__Eubacterium.s__Eubacterium_ramulus	44.7228586914
PWY-6163: chorismate biosynthesis from 3-dehydroquinate|g__Alistipes.s__Alistipes_onderdonkii	40.9166041962
PWY-6163: chorismate biosynthesis from 3-dehydroquinate|g__Agathobaculum.s__Agathobaculum_butyriciproducens	40.0282990606
PWY-6163: chorismate biosynthesis from 3-dehydroquinate|g__Clostridiales_unclassified.s__Clostridiales_bacterium_KLE1615	37.3550396988
PWY-6163: chorismate biosynthesis from 3-dehydroquinate|g__Coprococcus.s__Coprococcus_comes	36.6503919231
PWY-6163: chorismate biosynthesis from 3-dehydroquinate|g__Bacteroides.s__Bacteroides_faecis	35.7326077924
PWY-6163: chorismate biosynthesis from 3-dehydroquinate|g__Citrobacter.s__Citrobacter_koseri	34.0607663125
PWY-6163: chorismate biosynthesis from 3-dehydroquinate|g__Barnesiella.s__Barnesiella_intestinihominis	33.9205727708
PWY-6163: chorismate biosynthesis from 3-dehydroquinate|g__Bilophila.s__Bilophila_wadsworthia	31.6030966751
PWY-6163: chorismate biosynthesis from 3-dehydroquinate|g__Dorea.s__Dorea_longicatena	30.9866058655
PWY-6163: chorismate biosynthesis from 3-dehydroquinate|g__Eubacterium.s__Eubacterium_sp_CAG_274	30.6080239902
PWY-6163: chorismate biosynthesis from 3-dehydroquinate|g__Firmicutes_unclassified.s__Firmicutes_bacterium_CAG_41	25.4129196176
PWY-6163: chorismate biosynthesis from 3-dehydroquinate|g__Dorea.s__Dorea_formicigenerans	25.1019605672
PWY-6163: chorismate biosynthesis from 3-dehydroquinate|g__Clostridium.s__Clostridium_sp_CAG_167	23.8715350357
PWY-6163: chorismate biosynthesis from 3-dehydroquinate|g__Bifidobacterium.s__Bifidobacterium_animalis	23.2248913493
PWY-6163: chorismate biosynthesis from 3-dehydroquinate|g__Eubacterium.s__Eubacterium_sp_AF17_7	21.5797325648
PWY-6163: chorismate biosynthesis from 3-dehydroquinate|g__Roseburia.s__Roseburia_faecis	20.7680704872
PWY-6163: chorismate biosynthesis from 3-dehydroquinate|g__Alistipes.s__Alistipes_shahii	20.0139948215
PWY-6163: chorismate biosynthesis from 3-dehydroquinate|g__Senegalimassilia.s__Senegalimassilia_anaerobia	19.9529515708
PWY-6163: chorismate biosynthesis from 3-dehydroquinate|g__Bacteroides.s__Bacteroides_ovatus	18.9438197117
PWY-6163: chorismate biosynthesis from 3-dehydroquinate|g__Butyricimonas.s__Butyricimonas_virosa	18.7878042555
PWY-6163: chorismate biosynthesis from 3-dehydroquinate|g__Roseburia.s__Roseburia_sp_CAG_100	16.9232665293
PWY-6163: chorismate biosynthesis from 3-dehydroquinate|g__Firmicutes_unclassified.s__Firmicutes_bacterium_CAG_56	15.3447466834
PWY-6163: chorismate biosynthesis from 3-dehydroquinate|g__Roseburia.s__Roseburia_intestinalis	14.1501804356
PWY-6163: chorismate biosynthesis from 3-dehydroquinate|g__Subdoligranulum.s__Subdoligranulum_sp_APC924_74	14.1144712283
PWY-6163: chorismate biosynthesis from 3-dehydroquinate|g__Clostridium.s__Clostridium_sp_CAG_58	13.9044362949
PWY-6163: chorismate biosynthesis from 3-dehydroquinate|g__Ruminococcus.s__Ruminococcus_bicirculans	13.3847514865
PWY-6163: chorismate biosynthesis from 3-dehydroquinate|g__Bifidobacterium.s__Bifidobacterium_adolescentis	13.0358599872
PWY-6163: chorismate biosynthesis from 3-dehydroquinate|g__Oscillibacter.s__Oscillibacter_sp_57_20	12.9296850140
PWY-6163: chorismate biosynthesis from 3-dehydroquinate|g__Butyricimonas.s__Butyricimonas_synergistica	12.6286152298
PWY-6163: chorismate biosynthesis from 3-dehydroquinate|g__Eubacterium.s__Eubacterium_ventriosum	11.6765428780
PWY-6163: chorismate biosynthesis from 3-dehydroquinate|g__Anaerotruncus.s__Anaerotruncus_colihominis	11.4269609068
PWY-6163: chorismate biosynthesis from 3-dehydroquinate|g__Alistipes.s__Alistipes_indistinctus	10.3310966458
PWY-6163: chorismate biosynthesis from 3-dehydroquinate|g__Eubacterium.s__Eubacterium_eligens	10.2942732619
PWY-6163: chorismate biosynthesis from 3-dehydroquinate|g__Victivallis.s__Victivallis_vadensis	9.2282865832
PWY-6163: chorismate biosynthesis from 3-dehydroquinate|g__Ruthenibacterium.s__Ruthenibacterium_lactatiformans	8.4896992094
PWY-6163: chorismate biosynthesis from 3-dehydroquinate|g__Lentisphaerae_unclassified.s__Lentisphaerae_bacterium	7.3481112765
PEPTIDOGLYCANSYN-PWY: peptidoglycan biosynthesis I (meso-diaminopimelate containing)	10024.5356963980
PEPTIDOGLYCANSYN-PWY: peptidoglycan biosynthesis I (meso-diaminopimelate containing)|unclassified	1620.8169946829
PEPTIDOGLYCANSYN-PWY: peptidoglycan biosynthesis I (meso-diaminopimelate containing)|g__Bacteroides.s__Bacteroides_uniformis	647.5300376955
PEPTIDOGLYCANSYN-PWY: peptidoglycan biosynthesis I (meso-diaminopimelate containing)|g__Blautia.s__Ruminococcus_torques	621.6309911845
PEPTIDOGLYCANSYN-PWY: peptidoglycan biosynthesis I (meso-diaminopimelate containing)|g__Prevotella.s__Prevotella_copri	616.7329239952
PEPTIDOGLYCANSYN-PWY: peptidoglycan biosynthesis I (meso-diaminopimelate containing)|g__Firmicutes_unclassified.s__Firmicutes_bacterium_CAG_110	581.5628723655
PEPTIDOGLYCANSYN-PWY: peptidoglycan biosynthesis I (meso-diaminopimelate containing)|g__Faecalibacterium.s__Faecalibacterium_sp_CAG_74	418.7362726576
PEPTIDOGLYCANSYN-PWY: peptidoglycan biosynthesis I (meso-diaminopimelate containing)|g__Alistipes.s__Alistipes_finegoldii	372.6767819374
PEPTIDOGLYCANSYN-PWY: peptidoglycan biosynthesis I (meso-diaminopimelate containing)|g__Lachnospiraceae_unclassified.s__Eubacterium_rectale	286.9861339623
PEPTIDOGLYCANSYN-PWY: peptidoglycan biosynthesis I (meso-diaminopimelate containing)|g__Bacteroides.s__Bacteroides_massiliensis	277.4403503214
PEPTIDOGLYCANSYN-PWY: peptidoglycan biosynthesis I (meso-diaminopimelate containing)|g__Bacteroides.s__Bacteroides_thetaiotaomicron	236.2601775482
PEPTIDOGLYCANSYN-PWY: peptidoglycan biosynthesis I (meso-diaminopimelate containing)|g__Bacteroides.s__Bacteroides_vulgatus	207.4050328644
PEPTIDOGLYCANSYN-PWY: peptidoglycan biosynthesis I (meso-diaminopimelate containing)|g__Bacteroides.s__Bacteroides_salyersiae	201.5677487482
PEPTIDOGLYCANSYN-PWY: peptidoglycan biosynthesis I (meso-diaminopimelate containing)|g__Gemmiger.s__Gemmiger_formicilis	172.3288746730
PEPTIDOGLYCANSYN-PWY: peptidoglycan biosynthesis I (meso-diaminopimelate containing)|g__Bacteroides.s__Bacteroides_cellulosilyticus	156.7181785828
PEPTIDOGLYCANSYN-PWY: peptidoglycan biosynthesis I (meso-diaminopimelate containing)|g__Blautia.s__Blautia_wexlerae	151.2030151728
PEPTIDOGLYCANSYN-PWY: peptidoglycan biosynthesis I (meso-diaminopimelate containing)|g__Blautia.s__Blautia_obeum	146.3513673968
PEPTIDOGLYCANSYN-PWY: peptidoglycan biosynthesis I (meso-diaminopimelate containing)|g__Ruminococcus.s__Ruminococcus_callidus	137.0262383619
PEPTIDOGLYCANSYN-PWY: peptidoglycan biosynthesis I (meso-diaminopimelate containing)|g__Bacteroides.s__Bacteroides_dorei	118.1992620358
PEPTIDOGLYCANSYN-PWY: peptidoglycan biosynthesis I (meso-diaminopimelate containing)|g__Clostridium.s__Clostridium_sp_CAG_217	109.9282443661
PEPTIDOGLYCANSYN-PWY: peptidoglycan biosynthesis I (meso-diaminopimelate containing)|g__Parabacteroides.s__Parabacteroides_goldsteinii	105.8944406708
PEPTIDOGLYCANSYN-PWY: peptidoglycan biosynthesis I (meso-diaminopimelate containing)|g__Anaerostipes.s__Anaerostipes_hadrus	84.8777337956
PEPTIDOGLYCANSYN-PWY: peptidoglycan biosynthesis I (meso-diaminopimelate containing)|g__Sutterella.s__Sutterella_wadsworthensis	76.6918191282
PEPTIDOGLYCANSYN-PWY: peptidoglycan biosynthesis I (meso-diaminopimelate containing)|g__Eubacterium.s__Eubacterium_sp_CAG_252	72.3149969779
PEPTIDOGLYCANSYN-PWY: peptidoglycan biosynthesis I (meso-diaminopimelate containing)|g__Bacteroides.s__Bacteroides_caccae	72.1494882726
PEPTIDOGLYCANSYN-PWY: peptidoglycan biosynthesis I (meso-diaminopimelate containing)|g__Phascolarctobacterium.s__Phascolarctobacterium_faecium	71.0146083638
PEPTIDOGLYCANSYN-PWY: peptidoglycan biosynthesis I (meso-diaminopimelate containing)|g__Blautia.s__Blautia_sp	69.1437984819
PEPTIDOGLYCANSYN-PWY: peptidoglycan biosynthesis I (meso-diaminopimelate containing)|g__Streptococcus.s__Streptococcus_thermophilus	57.3516971911
PEPTIDOGLYCANSYN-PWY: peptidoglycan biosynthesis I (meso-diaminopimelate containing)|g__Odoribacter.s__Odoribacter_splanchnicus	56.0472865691
PEPTIDOGLYCANSYN-PWY: peptidoglycan biosynthesis I (meso-diaminopimelate containing)|g__Clostridium.s__Clostridium_sp_CAG_245	55.4797088542
PEPTIDOGLYCANSYN-PWY: peptidoglycan biosynthesis I (meso-diaminopimelate containing)|g__Parabacteroides.s__Parabacteroides_distasonis	53.9565737938
PEPTIDOGLYCANSYN-PWY: peptidoglycan biosynthesis I (meso-diaminopimelate containing)|g__Blautia.s__Blautia_sp_CAG_52	51.8957001502
PEPTIDOGLYCANSYN-PWY: peptidoglycan biosynthesis I (meso-diaminopimelate containing)|g__Agathobaculum.s__Agathobaculum_butyriciproducens	45.1155528635
PEPTIDOGLYCANSYN-PWY: peptidoglycan biosynthesis I (meso-diaminopimelate containing)|g__Eubacterium.s__Eubacterium_hallii	44.1708042038
PEPTIDOGLYCANSYN-PWY: peptidoglycan biosynthesis I (meso-diaminopimelate containing)|g__Eubacterium.s__Eubacterium_sp_CAG_38	39.5946518588
PEPTIDOGLYCANSYN-PWY: peptidoglycan biosynthesis I (meso-diaminopimelate containing)|g__Eubacterium.s__Eubacterium_ramulus	37.3773303464
PEPTIDOGLYCANSYN-PWY: peptidoglycan biosynthesis I (meso-diaminopimelate containing)|g__Bifidobacterium.s__Bifidobacterium_animalis	35.5207374145
PEPTIDOGLYCANSYN-PWY: peptidoglycan biosynthesis I (meso-diaminopimelate containing)|g__Fusicatenibacter.s__Fusicatenibacter_saccharivorans	34.5227332716
PEPTIDOGLYCANSYN-PWY: peptidoglycan biosynthesis I (meso-diaminopimelate containing)|g__Citrobacter.s__Citrobacter_koseri	33.1881687865
PEPTIDOGLYCANSYN-PWY: peptidoglycan biosynthesis I (meso-diaminopimelate containing)|g__Eubacterium.s__Eubacterium_sp_CAG_274	32.8297253925
PEPTIDOGLYCANSYN-PWY: peptidoglycan biosynthesis I (meso-diaminopimelate containing)|g__Bilophila.s__Bilophila_wadsworthia	31.9366855103
PEPTIDOGLYCANSYN-PWY: peptidoglycan biosynthesis I (meso-diaminopimelate containing)|g__Dorea.s__Dorea_longicatena	29.4571166096
PEPTIDOGLYCANSYN-PWY: peptidoglycan biosynthesis I (meso-diaminopimelate containing)|g__Barnesiella.s__Barnesiella_intestinihominis	28.8234066854
PEPTIDOGLYCANSYN-PWY: peptidoglycan biosynthesis I (meso-diaminopimelate containing)|g__Butyricimonas.s__Butyricimonas_virosa	27.9998367729
PEPTIDOGLYCANSYN-PWY: peptidoglycan biosynthesis I (meso-diaminopimelate containing)|g__Dorea.s__Dorea_formicigenerans	26.8885184106
PEPTIDOGLYCANSYN-PWY: peptidoglycan biosynthesis I (meso-diaminopimelate containing)|g__Coprococcus.s__Coprococcus_comes	24.9631826748
PEPTIDOGLYCANSYN-PWY: peptidoglycan biosynthesis I (meso-diaminopimelate containing)|g__Firmicutes_unclassified.s__Firmicutes_bacterium_CAG_41	23.9765965326
PEPTIDOGLYCANSYN-PWY: peptidoglycan biosynthesis I (meso-diaminopimelate containing)|g__Butyricimonas.s__Butyricimonas_synergistica	21.2976492645
PEPTIDOGLYCANSYN-PWY: peptidoglycan biosynthesis I (meso-diaminopimelate containing)|g__Bacteroides.s__Bacteroides_faecis	20.8929487184
PEPTIDOGLYCANSYN-PWY: peptidoglycan biosynthesis I (meso-diaminopimelate containing)|g__Firmicutes_unclassified.s__Firmicutes_bacterium_CAG_114	16.4282173366
PEPTIDOGLYCANSYN-PWY: peptidoglycan biosynthesis I (meso-diaminopimelate containing)|g__Roseburia.s__Roseburia_faecis	15.2044444125
PEPTIDOGLYCANSYN-PWY: peptidoglycan biosynthesis I (meso-diaminopimelate containing)|g__Firmicutes_unclassified.s__Firmicutes_bacterium_CAG_56	14.5537885924
PEPTIDOGLYCANSYN-PWY: peptidoglycan biosynthesis I (meso-diaminopimelate containing)|g__Bacteroides.s__Bacteroides_ovatus	14.5372758981
PEPTIDOGLYCANSYN-PWY: peptidoglycan biosynthesis I (meso-diaminopimelate containing)|g__Senegalimassilia.s__Senegalimassilia_anaerobia	14.2127710500
PEPTIDOGLYCANSYN-PWY: peptidoglycan biosynthesis I (meso-diaminopimelate containing)|g__Eubacterium.s__Eubacterium_ventriosum	13.9602122998
PEPTIDOGLYCANSYN-PWY: peptidoglycan biosynthesis I (meso-diaminopimelate containing)|g__Subdoligranulum.s__Subdoligranulum_sp_APC924_74	13.4688127849
PEPTIDOGLYCANSYN-PWY: peptidoglycan biosynthesis I (meso-diaminopimelate containing)|g__Coprococcus.s__Coprococcus_catus	12.6138578336
PEPTIDOGLYCANSYN-PWY: peptidoglycan biosynthesis I (meso-diaminopimelate containing)|g__Alistipes.s__Alistipes_indistinctus	11.6720462240
PEPTIDOGLYCANSYN-PWY: peptidoglycan biosynthesis I (meso-diaminopimelate containing)|g__Alistipes.s__Alistipes_onderdonkii	11.3345887570
PEPTIDOGLYCANSYN-PWY: peptidoglycan biosynthesis I (meso-diaminopimelate containing)|g__Roseburia.s__Roseburia_sp_CAG_100	10.9817155240
PEPTIDOGLYCANSYN-PWY: peptidoglycan biosynthesis I (meso-diaminopimelate containing)|g__Anaerotruncus.s__Anaerotruncus_colihominis	9.0138818143
PEPTIDOGLYCANSYN-PWY: peptidoglycan biosynthesis I (meso-diaminopimelate containing)|g__Eubacterium.s__Eubacterium_sp_36_13	8.8382780141
PEPTIDOGLYCANSYN-PWY: peptidoglycan biosynthesis I (meso-diaminopimelate containing)|g__Ruminococcus.s__Ruminococcus_sp_AF31_8BH	6.7654331185
PEPTIDOGLYCANSYN-PWY: peptidoglycan biosynthesis I (meso-diaminopimelate containing)|g__Asaccharobacter.s__Asaccharobacter_celatus	5.4772250856
PWY-6385: peptidoglycan biosynthesis III (mycobacteria)	10010.3627795431
PWY-6385: peptidoglycan biosynthesis III (mycobacteria)|unclassified	1602.8495433631
PWY-6385: peptidoglycan biosynthesis III (mycobacteria)|g__Bacteroides.s__Bacteroides_uniformis	707.0996889049
PWY-6385: peptidoglycan biosynthesis III (mycobacteria)|g__Blautia.s__Ruminococcus_torques	621.6309911845
PWY-6385: peptidoglycan biosynthesis III (mycobacteria)|g__Prevotella.s__Prevotella_copri	550.5129251036
PWY-6385: peptidoglycan biosynthesis III (mycobacteria)|g__Lachnospiraceae_unclassified.s__Eubacterium_rectale	412.7970951604
PWY-6385: peptidoglycan biosynthesis III (mycobacteria)|g__Alistipes.s__Alistipes_finegoldii	337.6196326062
PWY-6385: peptidoglycan biosynthesis III (mycobacteria)|g__Bacteroides.s__Bacteroides_massiliensis	264.9934347802
PWY-6385: peptidoglycan biosynthesis III (mycobacteria)|g__Bacteroides.s__Bacteroides_thetaiotaomicron	249.0464890380
PWY-6385: peptidoglycan biosynthesis III (mycobacteria)|g__Bacteroides.s__Bacteroides_salyersiae	207.0784677487
PWY-6385: peptidoglycan biosynthesis III (mycobacteria)|g__Bacteroides.s__Bacteroides_vulgatus	204.6860069308
PWY-6385: peptidoglycan biosynthesis III (mycobacteria)|g__Bacteroides.s__Bacteroides_cellulosilyticus	158.2387722416
PWY-6385: peptidoglycan biosynthesis III (mycobacteria)|g__Blautia.s__Blautia_obeum	131.6389576822
PWY-6385: peptidoglycan biosynthesis III (mycobacteria)|g__Blautia.s__Blautia_wexlerae	130.3456963975
PWY-6385: peptidoglycan biosynthesis III (mycobacteria)|g__Ruminococcus.s__Ruminococcus_callidus	118.2127268838
PWY-6385: peptidoglycan biosynthesis III (mycobacteria)|g__Bacteroides.s__Bacteroides_dorei	112.9649414276
PWY-6385: peptidoglycan biosynthesis III (mycobacteria)|g__Parabacteroides.s__Parabacteroides_goldsteinii	110.1177662914
PWY-6385: peptidoglycan biosynthesis III (mycobacteria)|g__Sutterella.s__Sutterella_wadsworthensis	80.0838556595
PWY-6385: peptidoglycan biosynthesis III (mycobacteria)|g__Bacteroides.s__Bacteroides_caccae	78.2221837045
PWY-6385: peptidoglycan biosynthesis III (mycobacteria)|g__Anaerostipes.s__Anaerostipes_hadrus	76.9829504533
PWY-6385: peptidoglycan biosynthesis III (mycobacteria)|g__Eubacterium.s__Eubacterium_sp_CAG_252	72.3149969779
PWY-6385: peptidoglycan biosynthesis III (mycobacteria)|g__Phascolarctobacterium.s__Phascolarctobacterium_faecium	70.9912262258
PWY-6385: peptidoglycan biosynthesis III (mycobacteria)|g__Blautia.s__Blautia_sp	66.7785692638
PWY-6385: peptidoglycan biosynthesis III (mycobacteria)|g__Odoribacter.s__Odoribacter_splanchnicus	57.8163895250
PWY-6385: peptidoglycan biosynthesis III (mycobacteria)|g__Parabacteroides.s__Parabacteroides_distasonis	56.1664079194
PWY-6385: peptidoglycan biosynthesis III (mycobacteria)|g__Streptococcus.s__Streptococcus_thermophilus	53.3441094541
PWY-6385: peptidoglycan biosynthesis III (mycobacteria)|g__Clostridium.s__Clostridium_sp_CAG_245	49.9360843825
PWY-6385: peptidoglycan biosynthesis III (mycobacteria)|g__Blautia.s__Blautia_sp_CAG_52	48.0840750844
PWY-6385: peptidoglycan biosynthesis III (mycobacteria)|g__Eubacterium.s__Eubacterium_hallii	44.1708042038
PWY-6385: peptidoglycan biosynthesis III (mycobacteria)|g__Eubacterium.s__Eubacterium_sp_CAG_38	39.5946518588
PWY-6385: peptidoglycan biosynthesis III (mycobacteria)|g__Eubacterium.s__Eubacterium_ramulus	38.1349418127
PWY-6385: peptidoglycan biosynthesis III (mycobacteria)|g__Citrobacter.s__Citrobacter_koseri	37.2653825357
PWY-6385: peptidoglycan biosynthesis III (mycobacteria)|g__Agathobaculum.s__Agathobaculum_butyriciproducens	35.7550540919
PWY-6385: peptidoglycan biosynthesis III (mycobacteria)|g__Bilophila.s__Bilophila_wadsworthia	34.2158612400
PWY-6385: peptidoglycan biosynthesis III (mycobacteria)|g__Bifidobacterium.s__Bifidobacterium_animalis	31.1241622125
PWY-6385: peptidoglycan biosynthesis III (mycobacteria)|g__Fusicatenibacter.s__Fusicatenibacter_saccharivorans	26.9041208012
PWY-6385: peptidoglycan biosynthesis III (mycobacteria)|g__Dorea.s__Dorea_formicigenerans	26.8885184106
PWY-6385: peptidoglycan biosynthesis III (mycobacteria)|g__Firmicutes_unclassified.s__Firmicutes_bacterium_CAG_41	24.8972285725
PWY-6385: peptidoglycan biosynthesis III (mycobacteria)|g__Butyricimonas.s__Butyricimonas_virosa	23.8162544514
PWY-6385: peptidoglycan biosynthesis III (mycobacteria)|g__Coprococcus.s__Coprococcus_comes	22.3079082712
PWY-6385: peptidoglycan biosynthesis III (mycobacteria)|g__Bacteroides.s__Bacteroides_faecis	21.6659484310
PWY-6385: peptidoglycan biosynthesis III (mycobacteria)|g__Butyricimonas.s__Butyricimonas_synergistica	17.6241507538
PWY-6385: peptidoglycan biosynthesis III (mycobacteria)|g__Bacteroides.s__Bacteroides_ovatus	14.6377759434
PWY-6385: peptidoglycan biosynthesis III (mycobacteria)|g__Firmicutes_unclassified.s__Firmicutes_bacterium_CAG_56	13.9851229062
PWY-6385: peptidoglycan biosynthesis III (mycobacteria)|g__Roseburia.s__Roseburia_faecis	12.1054614826
PWY-6385: peptidoglycan biosynthesis III (mycobacteria)|g__Alistipes.s__Alistipes_indistinctus	11.8959040160
PWY-6385: peptidoglycan biosynthesis III (mycobacteria)|g__Roseburia.s__Roseburia_sp_CAG_100	10.9817155240
PWY-6385: peptidoglycan biosynthesis III (mycobacteria)|g__Alistipes.s__Alistipes_onderdonkii	9.8080446163
PWY-6385: peptidoglycan biosynthesis III (mycobacteria)|g__Eubacterium.s__Eubacterium_sp_36_13	8.8382780141
PWY-6385: peptidoglycan biosynthesis III (mycobacteria)|g__Anaerotruncus.s__Anaerotruncus_colihominis	7.7687306834
PWY-6385: peptidoglycan biosynthesis III (mycobacteria)|g__Ruminococcus.s__Ruminococcus_sp_AF31_8BH	6.2020136388
NONMEVIPP-PWY: methylerythritol phosphate pathway I	9974.0366563209
NONMEVIPP-PWY: methylerythritol phosphate pathway I|unclassified	1704.7313514664
NONMEVIPP-PWY: methylerythritol phosphate pathway I|g__Blautia.s__Ruminococcus_torques	616.2052928288
NONMEVIPP-PWY: methylerythritol phosphate pathway I|g__Bacteroides.s__Bacteroides_uniformis	577.0028150721
NONMEVIPP-PWY: methylerythritol phosphate pathway I|g__Faecalibacterium.s__Faecalibacterium_sp_CAG_74	376.0693974432
NONMEVIPP-PWY: methylerythritol phosphate pathway I|g__Alistipes.s__Alistipes_finegoldii	309.9561234937
NONMEVIPP-PWY: methylerythritol phosphate pathway I|g__Bacteroides.s__Bacteroides_massiliensis	291.3413360805
NONMEVIPP-PWY: methylerythritol phosphate pathway I|g__Bacteroides.s__Bacteroides_vulgatus	240.9827022321
NONMEVIPP-PWY: methylerythritol phosphate pathway I|g__Ruminococcus.s__Ruminococcus_bromii	222.8951515124
NONMEVIPP-PWY: methylerythritol phosphate pathway I|g__Bacteroides.s__Bacteroides_thetaiotaomicron	209.8699517371
NONMEVIPP-PWY: methylerythritol phosphate pathway I|g__Bacteroides.s__Bacteroides_salyersiae	202.2995153057
NONMEVIPP-PWY: methylerythritol phosphate pathway I|g__Gemmiger.s__Gemmiger_formicilis	192.0212231479
NONMEVIPP-PWY: methylerythritol phosphate pathway I|g__Blautia.s__Blautia_wexlerae	137.5189199103
NONMEVIPP-PWY: methylerythritol phosphate pathway I|g__Bacteroides.s__Bacteroides_cellulosilyticus	134.3465649796
NONMEVIPP-PWY: methylerythritol phosphate pathway I|g__Parabacteroides.s__Parabacteroides_goldsteinii	131.9186456401
NONMEVIPP-PWY: methylerythritol phosphate pathway I|g__Blautia.s__Blautia_obeum	131.6738258133
NONMEVIPP-PWY: methylerythritol phosphate pathway I|g__Clostridium.s__Clostridium_sp_CAG_217	105.2677815913
NONMEVIPP-PWY: methylerythritol phosphate pathway I|g__Ruminococcus.s__Ruminococcus_callidus	104.8428741093
NONMEVIPP-PWY: methylerythritol phosphate pathway I|g__Anaerostipes.s__Anaerostipes_hadrus	98.4501654953
NONMEVIPP-PWY: methylerythritol phosphate pathway I|g__Eubacterium.s__Eubacterium_sp_CAG_252	68.7419183220
NONMEVIPP-PWY: methylerythritol phosphate pathway I|g__Sutterella.s__Sutterella_wadsworthensis	67.5903129521
NONMEVIPP-PWY: methylerythritol phosphate pathway I|g__Bacteroides.s__Bacteroides_caccae	64.2552032059
NONMEVIPP-PWY: methylerythritol phosphate pathway I|g__Phascolarctobacterium.s__Phascolarctobacterium_faecium	60.9810896243
NONMEVIPP-PWY: methylerythritol phosphate pathway I|g__Agathobaculum.s__Agathobaculum_butyriciproducens	55.9994619275
NONMEVIPP-PWY: methylerythritol phosphate pathway I|g__Eubacterium.s__Eubacterium_hallii	55.0472372420
NONMEVIPP-PWY: methylerythritol phosphate pathway I|g__Parabacteroides.s__Parabacteroides_distasonis	51.2718880611
NONMEVIPP-PWY: methylerythritol phosphate pathway I|g__Eubacterium.s__Eubacterium_sp_CAG_38	50.9602292204
NONMEVIPP-PWY: methylerythritol phosphate pathway I|g__Odoribacter.s__Odoribacter_splanchnicus	48.8487934541
NONMEVIPP-PWY: methylerythritol phosphate pathway I|g__Barnesiella.s__Barnesiella_intestinihominis	45.2275957122
NONMEVIPP-PWY: methylerythritol phosphate pathway I|g__Fusicatenibacter.s__Fusicatenibacter_saccharivorans	41.9298135271
NONMEVIPP-PWY: methylerythritol phosphate pathway I|g__Eubacterium.s__Eubacterium_ramulus	39.6701900445
NONMEVIPP-PWY: methylerythritol phosphate pathway I|g__Blautia.s__Blautia_sp_CAG_52	38.0758294465
NONMEVIPP-PWY: methylerythritol phosphate pathway I|g__Butyricimonas.s__Butyricimonas_virosa	37.6419528555
NONMEVIPP-PWY: methylerythritol phosphate pathway I|g__Bifidobacterium.s__Bifidobacterium_animalis	35.1810177815
NONMEVIPP-PWY: methylerythritol phosphate pathway I|g__Citrobacter.s__Citrobacter_koseri	32.4109563640
NONMEVIPP-PWY: methylerythritol phosphate pathway I|g__Bacteroides.s__Bacteroides_faecis	32.3155014885
NONMEVIPP-PWY: methylerythritol phosphate pathway I|g__Coprococcus.s__Coprococcus_comes	29.4122757305
NONMEVIPP-PWY: methylerythritol phosphate pathway I|g__Firmicutes_unclassified.s__Firmicutes_bacterium_CAG_41	27.2730130581
NONMEVIPP-PWY: methylerythritol phosphate pathway I|g__Bilophila.s__Bilophila_wadsworthia	27.1876093728
NONMEVIPP-PWY: methylerythritol phosphate pathway I|g__Eubacterium.s__Eubacterium_sp_CAG_274	25.7241332223
NONMEVIPP-PWY: methylerythritol phosphate pathway I|g__Bacteroides.s__Bacteroides_dorei	24.1873467024
NONMEVIPP-PWY: methylerythritol phosphate pathway I|g__Prevotella.s__Prevotella_sp_CAG_485	18.2940998996
NONMEVIPP-PWY: methylerythritol phosphate pathway I|g__Butyricimonas.s__Butyricimonas_synergistica	18.2008487547
NONMEVIPP-PWY: methylerythritol phosphate pathway I|g__Roseburia.s__Roseburia_faecis	17.4252193567
NONMEVIPP-PWY: methylerythritol phosphate pathway I|g__Senegalimassilia.s__Senegalimassilia_anaerobia	14.3942495698
NONMEVIPP-PWY: methylerythritol phosphate pathway I|g__Bacteroides.s__Bacteroides_intestinalis	11.9059432061
NONMEVIPP-PWY: methylerythritol phosphate pathway I|g__Bacteroides.s__Bacteroides_ovatus	11.3281519023
NONMEVIPP-PWY: methylerythritol phosphate pathway I|g__Subdoligranulum.s__Subdoligranulum_sp_APC924_74	9.6188162230
NONMEVIPP-PWY: methylerythritol phosphate pathway I|g__Eubacterium.s__Eubacterium_ventriosum	9.3469450541
NONMEVIPP-PWY: methylerythritol phosphate pathway I|g__Alistipes.s__Alistipes_onderdonkii	8.3123920585
NONMEVIPP-PWY: methylerythritol phosphate pathway I|g__Ruminococcus.s__Ruminococcus_sp_AF31_8BH	6.1148594470
PWY-7953: UDP-N-acetylmuramoyl-pentapeptide biosynthesis III (meso-diaminopimelate containing)	9890.6161865883
PWY-7953: UDP-N-acetylmuramoyl-pentapeptide biosynthesis III (meso-diaminopimelate containing)|unclassified	1676.5775502313
PWY-7953: UDP-N-acetylmuramoyl-pentapeptide biosynthesis III (meso-diaminopimelate containing)|g__Bacteroides.s__Bacteroides_uniformis	648.1161335863
PWY-7953: UDP-N-acetylmuramoyl-pentapeptide biosynthesis III (meso-diaminopimelate containing)|g__Blautia.s__Ruminococcus_torques	642.4063638984
PWY-7953: UDP-N-acetylmuramoyl-pentapeptide biosynthesis III (meso-diaminopimelate containing)|g__Prevotella.s__Prevotella_copri	518.5083201561
PWY-7953: UDP-N-acetylmuramoyl-pentapeptide biosynthesis III (meso-diaminopimelate containing)|g__Alistipes.s__Alistipes_finegoldii	303.7118837582
PWY-7953: UDP-N-acetylmuramoyl-pentapeptide biosynthesis III (meso-diaminopimelate containing)|g__Lachnospiraceae_unclassified.s__Eubacterium_rectale	253.8258326597
PWY-7953: UDP-N-acetylmuramoyl-pentapeptide biosynthesis III (meso-diaminopimelate containing)|g__Bacteroides.s__Bacteroides_massiliensis	249.9682381380
PWY-7953: UDP-N-acetylmuramoyl-pentapeptide biosynthesis III (meso-diaminopimelate containing)|g__Bacteroides.s__Bacteroides_thetaiotaomicron	239.3918190502
PWY-7953: UDP-N-acetylmuramoyl-pentapeptide biosynthesis III (meso-diaminopimelate containing)|g__Bacteroides.s__Bacteroides_vulgatus	198.8812834740
PWY-7953: UDP-N-acetylmuramoyl-pentapeptide biosynthesis III (meso-diaminopimelate containing)|g__Bacteroides.s__Bacteroides_salyersiae	190.7700986250
PWY-7953: UDP-N-acetylmuramoyl-pentapeptide biosynthesis III (meso-diaminopimelate containing)|g__Ruminococcus.s__Ruminococcus_callidus	137.1161786882
PWY-7953: UDP-N-acetylmuramoyl-pentapeptide biosynthesis III (meso-diaminopimelate containing)|g__Bacteroides.s__Bacteroides_cellulosilyticus	130.8596854834
PWY-7953: UDP-N-acetylmuramoyl-pentapeptide biosynthesis III (meso-diaminopimelate containing)|g__Blautia.s__Blautia_obeum	128.8523249888
PWY-7953: UDP-N-acetylmuramoyl-pentapeptide biosynthesis III (meso-diaminopimelate containing)|g__Blautia.s__Blautia_wexlerae	124.6516276574
PWY-7953: UDP-N-acetylmuramoyl-pentapeptide biosynthesis III (meso-diaminopimelate containing)|g__Bacteroides.s__Bacteroides_dorei	102.5680956670
PWY-7953: UDP-N-acetylmuramoyl-pentapeptide biosynthesis III (meso-diaminopimelate containing)|g__Parabacteroides.s__Parabacteroides_goldsteinii	90.5859236895
PWY-7953: UDP-N-acetylmuramoyl-pentapeptide biosynthesis III (meso-diaminopimelate containing)|g__Anaerostipes.s__Anaerostipes_hadrus	80.5406184575
PWY-7953: UDP-N-acetylmuramoyl-pentapeptide biosynthesis III (meso-diaminopimelate containing)|g__Eubacterium.s__Eubacterium_sp_CAG_252	76.6591126677
PWY-7953: UDP-N-acetylmuramoyl-pentapeptide biosynthesis III (meso-diaminopimelate containing)|g__Sutterella.s__Sutterella_wadsworthensis	76.5267672642
PWY-7953: UDP-N-acetylmuramoyl-pentapeptide biosynthesis III (meso-diaminopimelate containing)|g__Bacteroides.s__Bacteroides_caccae	71.6879112314
PWY-7953: UDP-N-acetylmuramoyl-pentapeptide biosynthesis III (meso-diaminopimelate containing)|g__Phascolarctobacterium.s__Phascolarctobacterium_faecium	68.4539078722
PWY-7953: UDP-N-acetylmuramoyl-pentapeptide biosynthesis III (meso-diaminopimelate containing)|g__Blautia.s__Blautia_sp	65.3903631112
PWY-7953: UDP-N-acetylmuramoyl-pentapeptide biosynthesis III (meso-diaminopimelate containing)|g__Odoribacter.s__Odoribacter_splanchnicus	57.8775440787
PWY-7953: UDP-N-acetylmuramoyl-pentapeptide biosynthesis III (meso-diaminopimelate containing)|g__Streptococcus.s__Streptococcus_thermophilus	55.3641230873
PWY-7953: UDP-N-acetylmuramoyl-pentapeptide biosynthesis III (meso-diaminopimelate containing)|g__Parabacteroides.s__Parabacteroides_distasonis	50.3690738968
PWY-7953: UDP-N-acetylmuramoyl-pentapeptide biosynthesis III (meso-diaminopimelate containing)|g__Clostridium.s__Clostridium_sp_CAG_245	47.7601576388
PWY-7953: UDP-N-acetylmuramoyl-pentapeptide biosynthesis III (meso-diaminopimelate containing)|g__Eubacterium.s__Eubacterium_hallii	46.8603928984
PWY-7953: UDP-N-acetylmuramoyl-pentapeptide biosynthesis III (meso-diaminopimelate containing)|g__Blautia.s__Blautia_sp_CAG_52	46.1942216457
PWY-7953: UDP-N-acetylmuramoyl-pentapeptide biosynthesis III (meso-diaminopimelate containing)|g__Clostridium.s__Clostridium_sp_CAG_75	38.2472704202
PWY-7953: UDP-N-acetylmuramoyl-pentapeptide biosynthesis III (meso-diaminopimelate containing)|g__Eubacterium.s__Eubacterium_sp_CAG_38	37.6385567175
PWY-7953: UDP-N-acetylmuramoyl-pentapeptide biosynthesis III (meso-diaminopimelate containing)|g__Eubacterium.s__Eubacterium_ramulus	37.2741231734
PWY-7953: UDP-N-acetylmuramoyl-pentapeptide biosynthesis III (meso-diaminopimelate containing)|g__Firmicutes_unclassified.s__Firmicutes_bacterium_CAG_41	31.6619232187
PWY-7953: UDP-N-acetylmuramoyl-pentapeptide biosynthesis III (meso-diaminopimelate containing)|g__Bifidobacterium.s__Bifidobacterium_animalis	30.2939238865
PWY-7953: UDP-N-acetylmuramoyl-pentapeptide biosynthesis III (meso-diaminopimelate containing)|g__Citrobacter.s__Citrobacter_koseri	30.1992182937
PWY-7953: UDP-N-acetylmuramoyl-pentapeptide biosynthesis III (meso-diaminopimelate containing)|g__Dorea.s__Dorea_formicigenerans	29.0310583808
PWY-7953: UDP-N-acetylmuramoyl-pentapeptide biosynthesis III (meso-diaminopimelate containing)|g__Dorea.s__Dorea_longicatena	28.1712023741
PWY-7953: UDP-N-acetylmuramoyl-pentapeptide biosynthesis III (meso-diaminopimelate containing)|g__Butyricimonas.s__Butyricimonas_virosa	26.8709424887
PWY-7953: UDP-N-acetylmuramoyl-pentapeptide biosynthesis III (meso-diaminopimelate containing)|g__Bilophila.s__Bilophila_wadsworthia	25.5036528119
PWY-7953: UDP-N-acetylmuramoyl-pentapeptide biosynthesis III (meso-diaminopimelate containing)|g__Fusicatenibacter.s__Fusicatenibacter_saccharivorans	24.4490501829
PWY-7953: UDP-N-acetylmuramoyl-pentapeptide biosynthesis III (meso-diaminopimelate containing)|g__Butyricimonas.s__Butyricimonas_synergistica	20.9049220321
PWY-7953: UDP-N-acetylmuramoyl-pentapeptide biosynthesis III (meso-diaminopimelate containing)|g__Coprococcus.s__Coprococcus_comes	20.4374551948
PWY-7953: UDP-N-acetylmuramoyl-pentapeptide biosynthesis III (meso-diaminopimelate containing)|g__Bacteroides.s__Bacteroides_faecis	18.5032169743
PWY-7953: UDP-N-acetylmuramoyl-pentapeptide biosynthesis III (meso-diaminopimelate containing)|g__Senegalimassilia.s__Senegalimassilia_anaerobia	16.5249570858
PWY-7953: UDP-N-acetylmuramoyl-pentapeptide biosynthesis III (meso-diaminopimelate containing)|g__Firmicutes_unclassified.s__Firmicutes_bacterium_CAG_124	15.1919653257
PWY-7953: UDP-N-acetylmuramoyl-pentapeptide biosynthesis III (meso-diaminopimelate containing)|g__Eubacterium.s__Eubacterium_ventriosum	14.6989098840
PWY-7953: UDP-N-acetylmuramoyl-pentapeptide biosynthesis III (meso-diaminopimelate containing)|g__Bacteroides.s__Bacteroides_ovatus	14.1931556837
PWY-7953: UDP-N-acetylmuramoyl-pentapeptide biosynthesis III (meso-diaminopimelate containing)|g__Roseburia.s__Roseburia_sp_CAG_100	13.6162609774
PWY-7953: UDP-N-acetylmuramoyl-pentapeptide biosynthesis III (meso-diaminopimelate containing)|g__Firmicutes_unclassified.s__Firmicutes_bacterium_CAG_56	13.5857644658
PWY-7953: UDP-N-acetylmuramoyl-pentapeptide biosynthesis III (meso-diaminopimelate containing)|g__Coprococcus.s__Coprococcus_catus	12.8970360421
PWY-7953: UDP-N-acetylmuramoyl-pentapeptide biosynthesis III (meso-diaminopimelate containing)|g__Eubacterium.s__Eubacterium_sp_36_13	11.7430113681
PWY-7953: UDP-N-acetylmuramoyl-pentapeptide biosynthesis III (meso-diaminopimelate containing)|g__Alistipes.s__Alistipes_indistinctus	10.5278071717
PWY-7953: UDP-N-acetylmuramoyl-pentapeptide biosynthesis III (meso-diaminopimelate containing)|g__Roseburia.s__Roseburia_faecis	10.1727882169
PWY-7953: UDP-N-acetylmuramoyl-pentapeptide biosynthesis III (meso-diaminopimelate containing)|g__Alistipes.s__Alistipes_onderdonkii	9.6126913561
PWY-7953: UDP-N-acetylmuramoyl-pentapeptide biosynthesis III (meso-diaminopimelate containing)|g__Ruminococcus.s__Ruminococcus_sp_AF31_8BH	8.6061642161
PWY-7953: UDP-N-acetylmuramoyl-pentapeptide biosynthesis III (meso-diaminopimelate containing)|g__Anaerotruncus.s__Anaerotruncus_colihominis	8.2209424984
ARO-PWY: chorismate biosynthesis I	9763.1745375713
ARO-PWY: chorismate biosynthesis I|unclassified	1660.1419749161
ARO-PWY: chorismate biosynthesis I|g__Faecalibacterium.s__Faecalibacterium_prausnitzii	869.9091102823
ARO-PWY: chorismate biosynthesis I|g__Blautia.s__Ruminococcus_torques	734.0888713035
ARO-PWY: chorismate biosynthesis I|g__Lachnospiraceae_unclassified.s__Eubacterium_rectale	417.7823695062
ARO-PWY: chorismate biosynthesis I|g__Ruminococcus.s__Ruminococcus_bromii	261.8401411207
ARO-PWY: chorismate biosynthesis I|g__Alistipes.s__Alistipes_finegoldii	246.8038471931
ARO-PWY: chorismate biosynthesis I|g__Bacteroides.s__Bacteroides_thetaiotaomicron	210.3448474411
ARO-PWY: chorismate biosynthesis I|g__Blautia.s__Blautia_obeum	170.6765835635
ARO-PWY: chorismate biosynthesis I|g__Ruminococcus.s__Ruminococcus_callidus	162.0474690028
ARO-PWY: chorismate biosynthesis I|g__Bacteroides.s__Bacteroides_cellulosilyticus	132.0757158002
ARO-PWY: chorismate biosynthesis I|g__Blautia.s__Blautia_wexlerae	131.0706893579
ARO-PWY: chorismate biosynthesis I|g__Clostridium.s__Clostridium_sp_CAG_217	130.9326244666
ARO-PWY: chorismate biosynthesis I|g__Parabacteroides.s__Parabacteroides_goldsteinii	111.4221082654
ARO-PWY: chorismate biosynthesis I|g__Bacteroides.s__Bacteroides_dorei	108.9314318298
ARO-PWY: chorismate biosynthesis I|g__Anaerostipes.s__Anaerostipes_hadrus	101.0047851185
ARO-PWY: chorismate biosynthesis I|g__Eubacterium.s__Eubacterium_hallii	73.1117724100
ARO-PWY: chorismate biosynthesis I|g__Bacteroides.s__Bacteroides_caccae	70.9371492634
ARO-PWY: chorismate biosynthesis I|g__Odoribacter.s__Odoribacter_splanchnicus	62.1178764572
ARO-PWY: chorismate biosynthesis I|g__Blautia.s__Blautia_sp	61.6536598742
ARO-PWY: chorismate biosynthesis I|g__Eubacterium.s__Eubacterium_sp_CAG_252	61.0621356771
ARO-PWY: chorismate biosynthesis I|g__Phascolarctobacterium.s__Phascolarctobacterium_faecium	60.1594389770
ARO-PWY: chorismate biosynthesis I|g__Firmicutes_unclassified.s__Firmicutes_bacterium_CAG_475	53.7229354607
ARO-PWY: chorismate biosynthesis I|g__Eubacterium.s__Eubacterium_sp_CAG_38	52.6619159749
ARO-PWY: chorismate biosynthesis I|g__Blautia.s__Blautia_sp_CAG_52	48.8626253607
ARO-PWY: chorismate biosynthesis I|g__Parabacteroides.s__Parabacteroides_distasonis	45.8926393193
ARO-PWY: chorismate biosynthesis I|g__Streptococcus.s__Streptococcus_thermophilus	45.4494797537
ARO-PWY: chorismate biosynthesis I|g__Agathobaculum.s__Agathobaculum_butyriciproducens	42.4388245377
ARO-PWY: chorismate biosynthesis I|g__Clostridiales_unclassified.s__Clostridiales_bacterium_KLE1615	39.7405065882
ARO-PWY: chorismate biosynthesis I|g__Fusicatenibacter.s__Fusicatenibacter_saccharivorans	35.5988173314
ARO-PWY: chorismate biosynthesis I|g__Citrobacter.s__Citrobacter_koseri	35.3304467474
ARO-PWY: chorismate biosynthesis I|g__Eubacterium.s__Eubacterium_ramulus	34.2740234847
ARO-PWY: chorismate biosynthesis I|g__Dorea.s__Dorea_longicatena	33.7535366959
ARO-PWY: chorismate biosynthesis I|g__Coprococcus.s__Coprococcus_comes	30.2330963122
ARO-PWY: chorismate biosynthesis I|g__Dorea.s__Dorea_formicigenerans	30.2239251720
ARO-PWY: chorismate biosynthesis I|g__Eubacterium.s__Eubacterium_sp_CAG_274	28.8193008160
ARO-PWY: chorismate biosynthesis I|g__Bifidobacterium.s__Bifidobacterium_animalis	27.3571738106
ARO-PWY: chorismate biosynthesis I|g__Firmicutes_unclassified.s__Firmicutes_bacterium_CAG_41	23.4153506880
ARO-PWY: chorismate biosynthesis I|g__Eubacterium.s__Eubacterium_sp_AF17_7	21.3648198719
ARO-PWY: chorismate biosynthesis I|g__Bacteroides.s__Bacteroides_ovatus	16.5223274101
ARO-PWY: chorismate biosynthesis I|g__Subdoligranulum.s__Subdoligranulum_sp_APC924_74	16.4415507392
ARO-PWY: chorismate biosynthesis I|g__Alistipes.s__Alistipes_shahii	16.3203865949
ARO-PWY: chorismate biosynthesis I|g__Roseburia.s__Roseburia_faecis	15.8737274461
ARO-PWY: chorismate biosynthesis I|g__Roseburia.s__Roseburia_intestinalis	14.5231597929
ARO-PWY: chorismate biosynthesis I|g__Bacteroides.s__Bacteroides_faecis	14.1165767212
ARO-PWY: chorismate biosynthesis I|g__Clostridium.s__Clostridium_sp_CAG_58	13.6872594960
ARO-PWY: chorismate biosynthesis I|g__Firmicutes_unclassified.s__Firmicutes_bacterium_CAG_56	12.1566299919
ARO-PWY: chorismate biosynthesis I|g__Roseburia.s__Roseburia_sp_CAG_100	11.5140352266
ARO-PWY: chorismate biosynthesis I|g__Eubacterium.s__Eubacterium_ventriosum	11.3355314540
ARO-PWY: chorismate biosynthesis I|g__Bifidobacterium.s__Bifidobacterium_adolescentis	10.5738944731
ARO-PWY: chorismate biosynthesis I|g__Victivallis.s__Victivallis_vadensis	10.0150999468
ARO-PWY: chorismate biosynthesis I|g__Lentisphaerae_unclassified.s__Lentisphaerae_bacterium	8.0212893684
ARO-PWY: chorismate biosynthesis I|g__Alistipes.s__Alistipes_onderdonkii	6.8464234809
TRNA-CHARGING-PWY: tRNA charging	9591.8235881626
TRNA-CHARGING-PWY: tRNA charging|unclassified	1334.9204725658
TRNA-CHARGING-PWY: tRNA charging|g__Faecalibacterium.s__Faecalibacterium_prausnitzii	624.6681205975
TRNA-CHARGING-PWY: tRNA charging|g__Blautia.s__Ruminococcus_torques	599.4201881851
TRNA-CHARGING-PWY: tRNA charging|g__Bacteroides.s__Bacteroides_uniformis	559.2555987901
TRNA-CHARGING-PWY: tRNA charging|g__Faecalibacterium.s__Faecalibacterium_sp_CAG_74	422.0386041266
TRNA-CHARGING-PWY: tRNA charging|g__Lachnospiraceae_unclassified.s__Eubacterium_rectale	377.2257566562
TRNA-CHARGING-PWY: tRNA charging|g__Alistipes.s__Alistipes_finegoldii	336.4210004918
TRNA-CHARGING-PWY: tRNA charging|g__Prevotella.s__Prevotella_copri	249.1658809754
TRNA-CHARGING-PWY: tRNA charging|g__Bacteroides.s__Bacteroides_massiliensis	247.1669001332
TRNA-CHARGING-PWY: tRNA charging|g__Bacteroides.s__Bacteroides_salyersiae	201.3170726522
TRNA-CHARGING-PWY: tRNA charging|g__Gemmiger.s__Gemmiger_formicilis	199.2389934897
TRNA-CHARGING-PWY: tRNA charging|g__Bacteroides.s__Bacteroides_thetaiotaomicron	189.7167216916
TRNA-CHARGING-PWY: tRNA charging|g__Bacteroides.s__Bacteroides_vulgatus	177.0182348346
TRNA-CHARGING-PWY: tRNA charging|g__Parabacteroides.s__Parabacteroides_goldsteinii	129.9287440707
TRNA-CHARGING-PWY: tRNA charging|g__Bacteroides.s__Bacteroides_dorei	110.0083223003
TRNA-CHARGING-PWY: tRNA charging|g__Anaerostipes.s__Anaerostipes_hadrus	77.2785383151
TRNA-CHARGING-PWY: tRNA charging|g__Bacteroides.s__Bacteroides_caccae	67.6839629830
TRNA-CHARGING-PWY: tRNA charging|g__Streptococcus.s__Streptococcus_thermophilus	58.4401112511
TRNA-CHARGING-PWY: tRNA charging|g__Odoribacter.s__Odoribacter_splanchnicus	55.1955094153
TRNA-CHARGING-PWY: tRNA charging|g__Eubacterium.s__Eubacterium_hallii	54.9382496489
TRNA-CHARGING-PWY: tRNA charging|g__Parabacteroides.s__Parabacteroides_distasonis	48.7368755865
TRNA-CHARGING-PWY: tRNA charging|g__Agathobaculum.s__Agathobaculum_butyriciproducens	43.4750499935
TRNA-CHARGING-PWY: tRNA charging|g__Eubacterium.s__Eubacterium_ramulus	37.4107144986
TRNA-CHARGING-PWY: tRNA charging|g__Barnesiella.s__Barnesiella_intestinihominis	34.6789891465
TRNA-CHARGING-PWY: tRNA charging|g__Fusicatenibacter.s__Fusicatenibacter_saccharivorans	32.2829704226
TRNA-CHARGING-PWY: tRNA charging|g__Citrobacter.s__Citrobacter_koseri	31.2407106854
TRNA-CHARGING-PWY: tRNA charging|g__Butyricimonas.s__Butyricimonas_virosa	30.3277088529
TRNA-CHARGING-PWY: tRNA charging|g__Prevotella.s__Prevotella_sp_CAG_485	28.1963541751
TRNA-CHARGING-PWY: tRNA charging|g__Bacteroides.s__Bacteroides_faecis	26.0754397791
TRNA-CHARGING-PWY: tRNA charging|g__Alistipes.s__Alistipes_shahii	25.1930648426
TRNA-CHARGING-PWY: tRNA charging|g__Eubacterium.s__Eubacterium_sp_CAG_274	24.4839012123
TRNA-CHARGING-PWY: tRNA charging|g__Subdoligranulum.s__Subdoligranulum_sp_APC924_74	20.0260000962
TRNA-CHARGING-PWY: tRNA charging|g__Bacteroides.s__Bacteroides_ovatus	11.0439359204
ANAGLYCOLYSIS-PWY: glycolysis III (from glucose)	9276.2542780949
ANAGLYCOLYSIS-PWY: glycolysis III (from glucose)|unclassified	1519.0564872420
ANAGLYCOLYSIS-PWY: glycolysis III (from glucose)|g__Blautia.s__Ruminococcus_torques	659.0238099149
ANAGLYCOLYSIS-PWY: glycolysis III (from glucose)|g__Prevotella.s__Prevotella_copri	535.4158472711
ANAGLYCOLYSIS-PWY: glycolysis III (from glucose)|g__Faecalibacterium.s__Faecalibacterium_prausnitzii	448.1698978589
ANAGLYCOLYSIS-PWY: glycolysis III (from glucose)|g__Lachnospiraceae_unclassified.s__Eubacterium_rectale	408.2725878288
ANAGLYCOLYSIS-PWY: glycolysis III (from glucose)|g__Bacteroides.s__Bacteroides_salyersiae	208.0074431071
ANAGLYCOLYSIS-PWY: glycolysis III (from glucose)|g__Anaerostipes.s__Anaerostipes_hadrus	127.1532610958
ANAGLYCOLYSIS-PWY: glycolysis III (from glucose)|g__Blautia.s__Blautia_wexlerae	123.7670679589
ANAGLYCOLYSIS-PWY: glycolysis III (from glucose)|g__Parabacteroides.s__Parabacteroides_goldsteinii	118.8144244309
ANAGLYCOLYSIS-PWY: glycolysis III (from glucose)|g__Parabacteroides.s__Parabacteroides_distasonis	66.0650935808
ANAGLYCOLYSIS-PWY: glycolysis III (from glucose)|g__Blautia.s__Blautia_obeum	51.0481213844
ANAGLYCOLYSIS-PWY: glycolysis III (from glucose)|g__Streptococcus.s__Streptococcus_thermophilus	50.9569363788
ANAGLYCOLYSIS-PWY: glycolysis III (from glucose)|g__Citrobacter.s__Citrobacter_koseri	40.2520008339
ANAGLYCOLYSIS-PWY: glycolysis III (from glucose)|g__Fusicatenibacter.s__Fusicatenibacter_saccharivorans	36.0906133082
ANAGLYCOLYSIS-PWY: glycolysis III (from glucose)|g__Roseburia.s__Roseburia_faecis	24.0633898724
ANAGLYCOLYSIS-PWY: glycolysis III (from glucose)|g__Blautia.s__Blautia_sp	23.0462925147
ANAGLYCOLYSIS-PWY: glycolysis III (from glucose)|g__Coprococcus.s__Coprococcus_comes	22.9819038283
ANAGLYCOLYSIS-PWY: glycolysis III (from glucose)|g__Coprococcus.s__Coprococcus_catus	20.4798249476
ANAGLYCOLYSIS-PWY: glycolysis III (from glucose)|g__Anaerotruncus.s__Anaerotruncus_colihominis	14.3953342417
ANAGLYCOLYSIS-PWY: glycolysis III (from glucose)|g__Ruminococcus.s__Ruminococcus_sp_AF31_8BH	8.5230713239
PWY-3841: folate transformations II (plants)	9165.0660208578
PWY-3841: folate transformations II (plants)|unclassified	1680.0693727769
PWY-3841: folate transformations II (plants)|g__Bacteroides.s__Bacteroides_uniformis	710.2506286954
PWY-3841: folate transformations II (plants)|g__Lachnospiraceae_unclassified.s__Eubacterium_rectale	524.2130088766
PWY-3841: folate transformations II (plants)|g__Blautia.s__Ruminococcus_torques	415.3244084737
PWY-3841: folate transformations II (plants)|g__Alistipes.s__Alistipes_finegoldii	379.9096224676
PWY-3841: folate transformations II (plants)|g__Bacteroides.s__Bacteroides_massiliensis	291.3166842582
PWY-3841: folate transformations II (plants)|g__Bacteroides.s__Bacteroides_vulgatus	223.1733214740
PWY-3841: folate transformations II (plants)|g__Bacteroides.s__Bacteroides_thetaiotaomicron	209.9185916208
PWY-3841: folate transformations II (plants)|g__Bacteroides.s__Bacteroides_salyersiae	203.5731293529
PWY-3841: folate transformations II (plants)|g__Bacteroides.s__Bacteroides_cellulosilyticus	156.1049176944
PWY-3841: folate transformations II (plants)|g__Parabacteroides.s__Parabacteroides_goldsteinii	136.3577637920
PWY-3841: folate transformations II (plants)|g__Blautia.s__Blautia_wexlerae	120.3041784012
PWY-3841: folate transformations II (plants)|g__Sutterella.s__Sutterella_wadsworthensis	93.4960884646
PWY-3841: folate transformations II (plants)|g__Bacteroides.s__Bacteroides_dorei	88.1683265047
PWY-3841: folate transformations II (plants)|g__Anaerostipes.s__Anaerostipes_hadrus	76.4360480271
PWY-3841: folate transformations II (plants)|g__Bacteroides.s__Bacteroides_caccae	66.8617973636
PWY-3841: folate transformations II (plants)|g__Dorea.s__Dorea_longicatena	64.8300915418
PWY-3841: folate transformations II (plants)|g__Odoribacter.s__Odoribacter_splanchnicus	62.6610524613
PWY-3841: folate transformations II (plants)|g__Firmicutes_unclassified.s__Firmicutes_bacterium_CAG_475	51.7773381173
PWY-3841: folate transformations II (plants)|g__Parabacteroides.s__Parabacteroides_distasonis	48.5664551289
PWY-3841: folate transformations II (plants)|g__Eubacterium.s__Eubacterium_hallii	46.2110546435
PWY-3841: folate transformations II (plants)|g__Streptococcus.s__Streptococcus_thermophilus	40.6882965422
PWY-3841: folate transformations II (plants)|g__Barnesiella.s__Barnesiella_intestinihominis	38.5726917134
PWY-3841: folate transformations II (plants)|g__Butyricimonas.s__Butyricimonas_virosa	34.2574977877
PWY-3841: folate transformations II (plants)|g__Eubacterium.s__Eubacterium_ramulus	32.7100073617
PWY-3841: folate transformations II (plants)|g__Citrobacter.s__Citrobacter_koseri	28.5547446838
PWY-3841: folate transformations II (plants)|g__Bacteroides.s__Bacteroides_faecis	26.3218107988
PWY-3841: folate transformations II (plants)|g__Clostridiales_unclassified.s__Clostridiales_bacterium_KLE1615	24.8228776179
PWY-3841: folate transformations II (plants)|g__Coprococcus.s__Coprococcus_comes	24.3983728058
PWY-3841: folate transformations II (plants)|g__Dorea.s__Dorea_formicigenerans	20.8282125302
PWY-3841: folate transformations II (plants)|g__Eubacterium.s__Eubacterium_ventriosum	19.9456423555
PWY-3841: folate transformations II (plants)|g__Butyricimonas.s__Butyricimonas_synergistica	19.2310984598
PWY-3841: folate transformations II (plants)|g__Blautia.s__Blautia_obeum	18.6680905299
PWY-3841: folate transformations II (plants)|g__Firmicutes_unclassified.s__Firmicutes_bacterium_CAG_114	18.5929797823
PWY-3841: folate transformations II (plants)|g__Firmicutes_unclassified.s__Firmicutes_bacterium_CAG_56	17.9971182311
PWY-3841: folate transformations II (plants)|g__Eubacterium.s__Eubacterium_sp_AF17_7	17.9046536913
PWY-3841: folate transformations II (plants)|g__Roseburia.s__Roseburia_faecis	16.8347929903
PWY-3841: folate transformations II (plants)|g__Bacteroides.s__Bacteroides_ovatus	14.7759012970
PWY-3841: folate transformations II (plants)|g__Coprococcus.s__Coprococcus_catus	14.3651476619
PWY-3841: folate transformations II (plants)|g__Clostridium.s__Clostridium_sp_AM22_11AC	13.3551276319
PWY-3841: folate transformations II (plants)|g__Roseburia.s__Roseburia_intestinalis	8.3303798644
PWY-6700: queuosine biosynthesis I (de novo)	8973.1791293686
PWY-6700: queuosine biosynthesis I (de novo)|unclassified	1473.8450335611
PWY-6700: queuosine biosynthesis I (de novo)|g__Bacteroides.s__Bacteroides_uniformis	720.8907157189
PWY-6700: queuosine biosynthesis I (de novo)|g__Firmicutes_unclassified.s__Firmicutes_bacterium_CAG_110	625.5814035558
PWY-6700: queuosine biosynthesis I (de novo)|g__Faecalibacterium.s__Faecalibacterium_prausnitzii	561.4452101410
PWY-6700: queuosine biosynthesis I (de novo)|g__Blautia.s__Ruminococcus_torques	524.3543167022
PWY-6700: queuosine biosynthesis I (de novo)|g__Bacteroides.s__Bacteroides_massiliensis	336.5843497314
PWY-6700: queuosine biosynthesis I (de novo)|g__Prevotella.s__Prevotella_copri	228.8765764674
PWY-6700: queuosine biosynthesis I (de novo)|g__Bacteroides.s__Bacteroides_cellulosilyticus	222.2712489313
PWY-6700: queuosine biosynthesis I (de novo)|g__Bacteroides.s__Bacteroides_vulgatus	219.4528248971
PWY-6700: queuosine biosynthesis I (de novo)|g__Lachnospiraceae_unclassified.s__Eubacterium_rectale	208.7920328870
PWY-6700: queuosine biosynthesis I (de novo)|g__Bacteroides.s__Bacteroides_thetaiotaomicron	204.4239885147
PWY-6700: queuosine biosynthesis I (de novo)|g__Bacteroides.s__Bacteroides_salyersiae	191.5871828896
PWY-6700: queuosine biosynthesis I (de novo)|g__Ruminococcus.s__Ruminococcus_bromii	176.2380375788
PWY-6700: queuosine biosynthesis I (de novo)|g__Gemmiger.s__Gemmiger_formicilis	159.9711098707
PWY-6700: queuosine biosynthesis I (de novo)|g__Parabacteroides.s__Parabacteroides_goldsteinii	149.6491008344
PWY-6700: queuosine biosynthesis I (de novo)|g__Bacteroides.s__Bacteroides_dorei	138.5792679771
PWY-6700: queuosine biosynthesis I (de novo)|g__Blautia.s__Blautia_wexlerae	121.7467218614
PWY-6700: queuosine biosynthesis I (de novo)|g__Ruminococcus.s__Ruminococcus_callidus	98.1493204320
PWY-6700: queuosine biosynthesis I (de novo)|g__Clostridium.s__Clostridium_sp_CAG_217	95.0757820764
PWY-6700: queuosine biosynthesis I (de novo)|g__Anaerostipes.s__Anaerostipes_hadrus	82.9227169224
PWY-6700: queuosine biosynthesis I (de novo)|g__Sutterella.s__Sutterella_wadsworthensis	82.8939101943
PWY-6700: queuosine biosynthesis I (de novo)|g__Eubacterium.s__Eubacterium_sp_CAG_252	79.2943742905
PWY-6700: queuosine biosynthesis I (de novo)|g__Bacteroides.s__Bacteroides_caccae	73.0096888956
PWY-6700: queuosine biosynthesis I (de novo)|g__Blautia.s__Blautia_obeum	72.5488456048
PWY-6700: queuosine biosynthesis I (de novo)|g__Odoribacter.s__Odoribacter_splanchnicus	65.4927752034
PWY-6700: queuosine biosynthesis I (de novo)|g__Phascolarctobacterium.s__Phascolarctobacterium_faecium	56.2655205262
PWY-6700: queuosine biosynthesis I (de novo)|g__Clostridium.s__Clostridium_sp_CAG_75	56.1982765030
PWY-6700: queuosine biosynthesis I (de novo)|g__Clostridium.s__Clostridium_sp_CAG_245	56.1562660310
PWY-6700: queuosine biosynthesis I (de novo)|g__Parabacteroides.s__Parabacteroides_distasonis	54.5616330545
PWY-6700: queuosine biosynthesis I (de novo)|g__Barnesiella.s__Barnesiella_intestinihominis	51.1270981153
PWY-6700: queuosine biosynthesis I (de novo)|g__Firmicutes_unclassified.s__Firmicutes_bacterium_CAG_475	49.2389322419
PWY-6700: queuosine biosynthesis I (de novo)|g__Bacteroides.s__Bacteroides_faecis	49.1266484373
PWY-6700: queuosine biosynthesis I (de novo)|g__Eubacterium.s__Eubacterium_sp_CAG_38	46.8682804132
PWY-6700: queuosine biosynthesis I (de novo)|g__Blautia.s__Blautia_sp	46.2582245133
PWY-6700: queuosine biosynthesis I (de novo)|g__Streptococcus.s__Streptococcus_thermophilus	45.7448652318
PWY-6700: queuosine biosynthesis I (de novo)|g__Eubacterium.s__Eubacterium_hallii	43.7051257877
PWY-6700: queuosine biosynthesis I (de novo)|g__Blautia.s__Blautia_sp_CAG_52	39.9095610339
PWY-6700: queuosine biosynthesis I (de novo)|g__Eubacterium.s__Eubacterium_ramulus	38.6680650683
PWY-6700: queuosine biosynthesis I (de novo)|g__Bilophila.s__Bilophila_wadsworthia	38.5929460511
PWY-6700: queuosine biosynthesis I (de novo)|g__Butyricimonas.s__Butyricimonas_virosa	36.6534065663
PWY-6700: queuosine biosynthesis I (de novo)|g__Citrobacter.s__Citrobacter_koseri	33.6475879433
PWY-6700: queuosine biosynthesis I (de novo)|g__Agathobaculum.s__Agathobaculum_butyriciproducens	33.3474542220
PWY-6700: queuosine biosynthesis I (de novo)|g__Dorea.s__Dorea_longicatena	31.1944347427
PWY-6700: queuosine biosynthesis I (de novo)|g__Eubacterium.s__Eubacterium_sp_CAG_274	27.4616045162
PWY-6700: queuosine biosynthesis I (de novo)|g__Fusicatenibacter.s__Fusicatenibacter_saccharivorans	25.2223840104
PWY-6700: queuosine biosynthesis I (de novo)|g__Firmicutes_unclassified.s__Firmicutes_bacterium_CAG_41	22.7740488570
PWY-6700: queuosine biosynthesis I (de novo)|g__Dorea.s__Dorea_formicigenerans	19.2268783618
PWY-6700: queuosine biosynthesis I (de novo)|g__Intestinibacter.s__Intestinibacter_bartlettii	19.0594939827
PWY-6700: queuosine biosynthesis I (de novo)|g__Clostridiales_unclassified.s__Clostridiales_bacterium_KLE1615	18.6126188654
PWY-6700: queuosine biosynthesis I (de novo)|g__Clostridium.s__Clostridium_sp_CAG_167	15.4778079522
PWY-6700: queuosine biosynthesis I (de novo)|g__Prevotella.s__Prevotella_sp_CAG_485	15.2915003708
PWY-6700: queuosine biosynthesis I (de novo)|g__Clostridium.s__Clostridium_sp_CAG_58	15.1877530155
PWY-6700: queuosine biosynthesis I (de novo)|g__Clostridium.s__Clostridium_sp_AM22_11AC	14.8810991374
PWY-6700: queuosine biosynthesis I (de novo)|g__Bacteroides.s__Bacteroides_ovatus	14.7319055386
PWY-6700: queuosine biosynthesis I (de novo)|g__Firmicutes_unclassified.s__Firmicutes_bacterium_CAG_124	13.5284570367
PWY-6700: queuosine biosynthesis I (de novo)|g__Eubacterium.s__Eubacterium_eligens	11.0126049713
PWY-6700: queuosine biosynthesis I (de novo)|g__Coprococcus.s__Coprococcus_catus	10.8277862663
PWY-6700: queuosine biosynthesis I (de novo)|g__Coprococcus.s__Coprococcus_comes	10.6183613208
PWY-6700: queuosine biosynthesis I (de novo)|g__Senegalimassilia.s__Senegalimassilia_anaerobia	10.4527415787
PWY-6700: queuosine biosynthesis I (de novo)|g__Firmicutes_unclassified.s__Firmicutes_bacterium_CAG_56	10.1738704340
PWY-6700: queuosine biosynthesis I (de novo)|g__Ruminococcus.s__Ruminococcus_bicirculans	9.2802711081
PWY-6700: queuosine biosynthesis I (de novo)|g__Eubacterium.s__Eubacterium_sp_AF17_7	8.9285586113
PWY-6700: queuosine biosynthesis I (de novo)|g__Firmicutes_unclassified.s__Firmicutes_bacterium_CAG_83	7.8419066630
PWY-6700: queuosine biosynthesis I (de novo)|g__Asaccharobacter.s__Asaccharobacter_celatus	5.7329659812
PWY-5941: glycogen degradation II	8798.3717848808
PWY-5941: glycogen degradation II|unclassified	1590.5940528362
PWY-5941: glycogen degradation II|g__Faecalibacterium.s__Faecalibacterium_prausnitzii	397.5421275019
PWY-5941: glycogen degradation II|g__Blautia.s__Ruminococcus_torques	397.1026737238
PWY-5941: glycogen degradation II|g__Blautia.s__Blautia_obeum	273.0991906569
PWY-5941: glycogen degradation II|g__Blautia.s__Blautia_wexlerae	253.1477387598
PWY-5941: glycogen degradation II|g__Bacteroides.s__Bacteroides_thetaiotaomicron	123.1897519494
PWY-5941: glycogen degradation II|g__Eubacterium.s__Eubacterium_hallii	118.9885079901
PWY-5941: glycogen degradation II|g__Anaerostipes.s__Anaerostipes_hadrus	115.6914359186
PWY-5941: glycogen degradation II|g__Dorea.s__Dorea_longicatena	94.7627440872
PWY-5941: glycogen degradation II|g__Blautia.s__Blautia_sp_CAG_52	87.1054460734
PWY-5941: glycogen degradation II|g__Blautia.s__Blautia_sp	84.0732234316
PWY-5941: glycogen degradation II|g__Citrobacter.s__Citrobacter_koseri	66.5201354122
PWY-5941: glycogen degradation II|g__Eubacterium.s__Eubacterium_ramulus	66.5121541934
PWY-5941: glycogen degradation II|g__Fusicatenibacter.s__Fusicatenibacter_saccharivorans	57.3182320330
PWY-5941: glycogen degradation II|g__Agathobaculum.s__Agathobaculum_butyriciproducens	50.6671526785
PWY-5941: glycogen degradation II|g__Clostridiales_unclassified.s__Clostridiales_bacterium_KLE1615	48.4989231925
PWY-5941: glycogen degradation II|g__Dorea.s__Dorea_formicigenerans	45.6951581911
PWY-5941: glycogen degradation II|g__Coprococcus.s__Coprococcus_comes	42.8375563033
PWY-5941: glycogen degradation II|g__Bifidobacterium.s__Bifidobacterium_animalis	40.7690245158
PWY-5941: glycogen degradation II|g__Streptococcus.s__Streptococcus_thermophilus	29.4726738720
PWY-5941: glycogen degradation II|g__Roseburia.s__Roseburia_faecis	25.7454830747
PWY-5941: glycogen degradation II|g__Roseburia.s__Roseburia_intestinalis	21.8913509482
PWY-5941: glycogen degradation II|g__Ruminococcus.s__Ruminococcus_sp_AF31_8BH	21.8416961735
PWY-5941: glycogen degradation II|g__Coprococcus.s__Coprococcus_catus	12.7730458268
PWY-5941: glycogen degradation II|g__Bacteroides.s__Bacteroides_faecis	12.6313959290
PWY-5941: glycogen degradation II|g__Bacteroides.s__Bacteroides_ovatus	8.4754776122
PWY-5941: glycogen degradation II|g__Blautia.s__Blautia_sp_AF19_10LB	3.3848565998
PWY-6121: 5-aminoimidazole ribonucleotide biosynthesis I	8724.1796070908
PWY-6121: 5-aminoimidazole ribonucleotide biosynthesis I|unclassified	1678.5811788000
PWY-6121: 5-aminoimidazole ribonucleotide biosynthesis I|g__Firmicutes_unclassified.s__Firmicutes_bacterium_CAG_110	743.5544865126
PWY-6121: 5-aminoimidazole ribonucleotide biosynthesis I|g__Bacteroides.s__Bacteroides_uniformis	646.1145978564
PWY-6121: 5-aminoimidazole ribonucleotide biosynthesis I|g__Blautia.s__Ruminococcus_torques	641.4911100185
PWY-6121: 5-aminoimidazole ribonucleotide biosynthesis I|g__Faecalibacterium.s__Faecalibacterium_prausnitzii	614.9280694299
PWY-6121: 5-aminoimidazole ribonucleotide biosynthesis I|g__Alistipes.s__Alistipes_finegoldii	412.9691754057
PWY-6121: 5-aminoimidazole ribonucleotide biosynthesis I|g__Lachnospiraceae_unclassified.s__Eubacterium_rectale	380.5096259438
PWY-6121: 5-aminoimidazole ribonucleotide biosynthesis I|g__Bacteroides.s__Bacteroides_massiliensis	267.7403363253
PWY-6121: 5-aminoimidazole ribonucleotide biosynthesis I|g__Bacteroides.s__Bacteroides_thetaiotaomicron	208.3972713469
PWY-6121: 5-aminoimidazole ribonucleotide biosynthesis I|g__Bacteroides.s__Bacteroides_salyersiae	203.1326684146
PWY-6121: 5-aminoimidazole ribonucleotide biosynthesis I|g__Ruminococcus.s__Ruminococcus_bromii	189.2773705697
PWY-6121: 5-aminoimidazole ribonucleotide biosynthesis I|g__Gemmiger.s__Gemmiger_formicilis	182.4173147144
PWY-6121: 5-aminoimidazole ribonucleotide biosynthesis I|g__Blautia.s__Blautia_wexlerae	145.9573355674
PWY-6121: 5-aminoimidazole ribonucleotide biosynthesis I|g__Bacteroides.s__Bacteroides_vulgatus	133.7261825529
PWY-6121: 5-aminoimidazole ribonucleotide biosynthesis I|g__Bacteroides.s__Bacteroides_cellulosilyticus	127.9559969683
PWY-6121: 5-aminoimidazole ribonucleotide biosynthesis I|g__Blautia.s__Blautia_obeum	125.6112361793
PWY-6121: 5-aminoimidazole ribonucleotide biosynthesis I|g__Bacteroides.s__Bacteroides_dorei	118.8560436193
PWY-6121: 5-aminoimidazole ribonucleotide biosynthesis I|g__Parabacteroides.s__Parabacteroides_goldsteinii	114.7641082767
PWY-6121: 5-aminoimidazole ribonucleotide biosynthesis I|g__Clostridium.s__Clostridium_sp_CAG_217	113.7052762122
PWY-6121: 5-aminoimidazole ribonucleotide biosynthesis I|g__Ruminococcus.s__Ruminococcus_callidus	99.6918835013
PWY-6121: 5-aminoimidazole ribonucleotide biosynthesis I|g__Eubacterium.s__Eubacterium_sp_CAG_252	85.1564124035
PWY-6121: 5-aminoimidazole ribonucleotide biosynthesis I|g__Anaerostipes.s__Anaerostipes_hadrus	75.0428184991
PWY-6121: 5-aminoimidazole ribonucleotide biosynthesis I|g__Sutterella.s__Sutterella_wadsworthensis	69.9163103899
PWY-6121: 5-aminoimidazole ribonucleotide biosynthesis I|g__Phascolarctobacterium.s__Phascolarctobacterium_faecium	68.5951987808
PWY-6121: 5-aminoimidazole ribonucleotide biosynthesis I|g__Blautia.s__Blautia_sp	62.7205646093
PWY-6121: 5-aminoimidazole ribonucleotide biosynthesis I|g__Agathobaculum.s__Agathobaculum_butyriciproducens	61.4678176166
PWY-6121: 5-aminoimidazole ribonucleotide biosynthesis I|g__Bacteroides.s__Bacteroides_caccae	58.3113962816
PWY-6121: 5-aminoimidazole ribonucleotide biosynthesis I|g__Dorea.s__Dorea_longicatena	55.9821311284
PWY-6121: 5-aminoimidazole ribonucleotide biosynthesis I|g__Odoribacter.s__Odoribacter_splanchnicus	54.6059255091
PWY-6121: 5-aminoimidazole ribonucleotide biosynthesis I|g__Streptococcus.s__Streptococcus_thermophilus	52.1611729488
PWY-6121: 5-aminoimidazole ribonucleotide biosynthesis I|g__Eubacterium.s__Eubacterium_sp_CAG_38	50.5038059131
PWY-6121: 5-aminoimidazole ribonucleotide biosynthesis I|g__Eubacterium.s__Eubacterium_hallii	45.8657348502
PWY-6121: 5-aminoimidazole ribonucleotide biosynthesis I|g__Firmicutes_unclassified.s__Firmicutes_bacterium_CAG_41	44.7811794256
PWY-6121: 5-aminoimidazole ribonucleotide biosynthesis I|g__Parabacteroides.s__Parabacteroides_distasonis	40.7171796500
PWY-6121: 5-aminoimidazole ribonucleotide biosynthesis I|g__Butyricimonas.s__Butyricimonas_virosa	40.2065210237
PWY-6121: 5-aminoimidazole ribonucleotide biosynthesis I|g__Coprococcus.s__Coprococcus_comes	38.7938282494
PWY-6121: 5-aminoimidazole ribonucleotide biosynthesis I|g__Eubacterium.s__Eubacterium_ramulus	37.0320919348
PWY-6121: 5-aminoimidazole ribonucleotide biosynthesis I|g__Blautia.s__Blautia_sp_CAG_52	36.4120808019
PWY-6121: 5-aminoimidazole ribonucleotide biosynthesis I|g__Barnesiella.s__Barnesiella_intestinihominis	36.2040439089
PWY-6121: 5-aminoimidazole ribonucleotide biosynthesis I|g__Clostridium.s__Clostridium_sp_CAG_75	33.2984839626
PWY-6121: 5-aminoimidazole ribonucleotide biosynthesis I|g__Dorea.s__Dorea_formicigenerans	30.0986262406
PWY-6121: 5-aminoimidazole ribonucleotide biosynthesis I|g__Citrobacter.s__Citrobacter_koseri	28.6995910568
PWY-6121: 5-aminoimidazole ribonucleotide biosynthesis I|g__Alistipes.s__Alistipes_onderdonkii	27.1157652870
PWY-6121: 5-aminoimidazole ribonucleotide biosynthesis I|g__Clostridiales_unclassified.s__Clostridiales_bacterium_KLE1615	26.6096120071
PWY-6121: 5-aminoimidazole ribonucleotide biosynthesis I|g__Bilophila.s__Bilophila_wadsworthia	26.0060945382
PWY-6121: 5-aminoimidazole ribonucleotide biosynthesis I|g__Fusicatenibacter.s__Fusicatenibacter_saccharivorans	24.5661629735
PWY-6121: 5-aminoimidazole ribonucleotide biosynthesis I|g__Eubacterium.s__Eubacterium_sp_AF17_7	24.1070648380
PWY-6121: 5-aminoimidazole ribonucleotide biosynthesis I|g__Clostridium.s__Clostridium_sp_CAG_167	23.4886227610
PWY-6121: 5-aminoimidazole ribonucleotide biosynthesis I|g__Bacteroides.s__Bacteroides_ovatus	19.2218965079
PWY-6121: 5-aminoimidazole ribonucleotide biosynthesis I|g__Alistipes.s__Alistipes_shahii	19.1831547151
PWY-6121: 5-aminoimidazole ribonucleotide biosynthesis I|g__Firmicutes_unclassified.s__Firmicutes_bacterium_CAG_56	18.4344267623
PWY-6121: 5-aminoimidazole ribonucleotide biosynthesis I|g__Bacteroides.s__Bacteroides_faecis	17.8269206333
PWY-6121: 5-aminoimidazole ribonucleotide biosynthesis I|g__Firmicutes_unclassified.s__Firmicutes_bacterium_CAG_114	15.7583407489
PWY-6121: 5-aminoimidazole ribonucleotide biosynthesis I|g__Eubacterium.s__Eubacterium_sp_36_13	15.3308286505
PWY-6121: 5-aminoimidazole ribonucleotide biosynthesis I|g__Ruminococcus.s__Ruminococcus_sp_AF31_8BH	14.2419805416
PWY-6121: 5-aminoimidazole ribonucleotide biosynthesis I|g__Senegalimassilia.s__Senegalimassilia_anaerobia	13.7989275940
PWY-6121: 5-aminoimidazole ribonucleotide biosynthesis I|g__Victivallis.s__Victivallis_vadensis	12.8594752948
PWY-6121: 5-aminoimidazole ribonucleotide biosynthesis I|g__Bifidobacterium.s__Bifidobacterium_adolescentis	12.7722495114
PWY-6121: 5-aminoimidazole ribonucleotide biosynthesis I|g__Eubacterium.s__Eubacterium_ventriosum	11.8726369841
PWY-6121: 5-aminoimidazole ribonucleotide biosynthesis I|g__Clostridium.s__Clostridium_sp_AM22_11AC	11.7699446042
PWY-6121: 5-aminoimidazole ribonucleotide biosynthesis I|g__Roseburia.s__Roseburia_faecis	11.7291356477
PWY-6121: 5-aminoimidazole ribonucleotide biosynthesis I|g__Coprococcus.s__Coprococcus_catus	11.5795982897
PWY-6121: 5-aminoimidazole ribonucleotide biosynthesis I|g__Alistipes.s__Alistipes_indistinctus	10.5652767170
PWY-6121: 5-aminoimidazole ribonucleotide biosynthesis I|g__Subdoligranulum.s__Subdoligranulum_sp_APC924_74	9.9392280604
PWY-6121: 5-aminoimidazole ribonucleotide biosynthesis I|g__Anaerotruncus.s__Anaerotruncus_colihominis	8.7508719490
PWY-6121: 5-aminoimidazole ribonucleotide biosynthesis I|g__Roseburia.s__Roseburia_intestinalis	8.5944129435
PWY-6121: 5-aminoimidazole ribonucleotide biosynthesis I|g__Eubacterium.s__Eubacterium_eligens	4.4576084953
PWY-6121: 5-aminoimidazole ribonucleotide biosynthesis I|g__Roseburia.s__Roseburia_hominis	4.2080837371
BRANCHED-CHAIN-AA-SYN-PWY: superpathway of branched chain amino acid biosynthesis	8708.8383063471
BRANCHED-CHAIN-AA-SYN-PWY: superpathway of branched chain amino acid biosynthesis|unclassified	1020.4601518414
BRANCHED-CHAIN-AA-SYN-PWY: superpathway of branched chain amino acid biosynthesis|g__Blautia.s__Ruminococcus_torques	610.0101808828
BRANCHED-CHAIN-AA-SYN-PWY: superpathway of branched chain amino acid biosynthesis|g__Bacteroides.s__Bacteroides_uniformis	591.7432127684
BRANCHED-CHAIN-AA-SYN-PWY: superpathway of branched chain amino acid biosynthesis|g__Lachnospiraceae_unclassified.s__Eubacterium_rectale	459.8236447301
BRANCHED-CHAIN-AA-SYN-PWY: superpathway of branched chain amino acid biosynthesis|g__Bacteroides.s__Bacteroides_thetaiotaomicron	219.8210051038
BRANCHED-CHAIN-AA-SYN-PWY: superpathway of branched chain amino acid biosynthesis|g__Gemmiger.s__Gemmiger_formicilis	206.2854675420
BRANCHED-CHAIN-AA-SYN-PWY: superpathway of branched chain amino acid biosynthesis|g__Blautia.s__Blautia_wexlerae	110.9550089848
BRANCHED-CHAIN-AA-SYN-PWY: superpathway of branched chain amino acid biosynthesis|g__Parabacteroides.s__Parabacteroides_goldsteinii	87.8863006150
BRANCHED-CHAIN-AA-SYN-PWY: superpathway of branched chain amino acid biosynthesis|g__Anaerostipes.s__Anaerostipes_hadrus	80.6208290972
BRANCHED-CHAIN-AA-SYN-PWY: superpathway of branched chain amino acid biosynthesis|g__Bacteroides.s__Bacteroides_caccae	71.7783394346
BRANCHED-CHAIN-AA-SYN-PWY: superpathway of branched chain amino acid biosynthesis|g__Streptococcus.s__Streptococcus_thermophilus	70.0510145127
BRANCHED-CHAIN-AA-SYN-PWY: superpathway of branched chain amino acid biosynthesis|g__Blautia.s__Blautia_sp	69.1467389594
BRANCHED-CHAIN-AA-SYN-PWY: superpathway of branched chain amino acid biosynthesis|g__Eubacterium.s__Eubacterium_hallii	63.2034646501
BRANCHED-CHAIN-AA-SYN-PWY: superpathway of branched chain amino acid biosynthesis|g__Parabacteroides.s__Parabacteroides_distasonis	55.9679203186
BRANCHED-CHAIN-AA-SYN-PWY: superpathway of branched chain amino acid biosynthesis|g__Citrobacter.s__Citrobacter_koseri	47.1373112155
BRANCHED-CHAIN-AA-SYN-PWY: superpathway of branched chain amino acid biosynthesis|g__Agathobaculum.s__Agathobaculum_butyriciproducens	47.0108221185
BRANCHED-CHAIN-AA-SYN-PWY: superpathway of branched chain amino acid biosynthesis|g__Dorea.s__Dorea_longicatena	46.9914840950
BRANCHED-CHAIN-AA-SYN-PWY: superpathway of branched chain amino acid biosynthesis|g__Bilophila.s__Bilophila_wadsworthia	35.1408312361
BRANCHED-CHAIN-AA-SYN-PWY: superpathway of branched chain amino acid biosynthesis|g__Bacteroides.s__Bacteroides_faecis	34.3626208788
BRANCHED-CHAIN-AA-SYN-PWY: superpathway of branched chain amino acid biosynthesis|g__Firmicutes_unclassified.s__Firmicutes_bacterium_CAG_41	33.2915609204
BRANCHED-CHAIN-AA-SYN-PWY: superpathway of branched chain amino acid biosynthesis|g__Eubacterium.s__Eubacterium_sp_CAG_274	29.0293072022
BRANCHED-CHAIN-AA-SYN-PWY: superpathway of branched chain amino acid biosynthesis|g__Dorea.s__Dorea_formicigenerans	28.0708190548
BRANCHED-CHAIN-AA-SYN-PWY: superpathway of branched chain amino acid biosynthesis|g__Coprococcus.s__Coprococcus_comes	26.3880858000
BRANCHED-CHAIN-AA-SYN-PWY: superpathway of branched chain amino acid biosynthesis|g__Eubacterium.s__Eubacterium_sp_AF17_7	24.0584900388
BRANCHED-CHAIN-AA-SYN-PWY: superpathway of branched chain amino acid biosynthesis|g__Blautia.s__Blautia_obeum	22.0279954889
BRANCHED-CHAIN-AA-SYN-PWY: superpathway of branched chain amino acid biosynthesis|g__Bacteroides.s__Bacteroides_ovatus	21.1441528419
BRANCHED-CHAIN-AA-SYN-PWY: superpathway of branched chain amino acid biosynthesis|g__Roseburia.s__Roseburia_intestinalis	20.6372345712
BRANCHED-CHAIN-AA-SYN-PWY: superpathway of branched chain amino acid biosynthesis|g__Bifidobacterium.s__Bifidobacterium_adolescentis	19.7174850671
BRANCHED-CHAIN-AA-SYN-PWY: superpathway of branched chain amino acid biosynthesis|g__Eubacterium.s__Eubacterium_ventriosum	17.8066766974
BRANCHED-CHAIN-AA-SYN-PWY: superpathway of branched chain amino acid biosynthesis|g__Ruminococcus.s__Ruminococcus_sp_AF31_8BH	16.8852229168
BRANCHED-CHAIN-AA-SYN-PWY: superpathway of branched chain amino acid biosynthesis|g__Blautia.s__Blautia_sp_AF19_10LB	14.8288049563
ILEUSYN-PWY: L-isoleucine biosynthesis I (from threonine)	8643.1440941164
ILEUSYN-PWY: L-isoleucine biosynthesis I (from threonine)|unclassified	1000.3275499711
ILEUSYN-PWY: L-isoleucine biosynthesis I (from threonine)|g__Prevotella.s__Prevotella_copri	850.8229721241
ILEUSYN-PWY: L-isoleucine biosynthesis I (from threonine)|g__Blautia.s__Ruminococcus_torques	579.2598933963
ILEUSYN-PWY: L-isoleucine biosynthesis I (from threonine)|g__Bacteroides.s__Bacteroides_uniformis	570.5777236849
ILEUSYN-PWY: L-isoleucine biosynthesis I (from threonine)|g__Lachnospiraceae_unclassified.s__Eubacterium_rectale	473.5963281917
ILEUSYN-PWY: L-isoleucine biosynthesis I (from threonine)|g__Bacteroides.s__Bacteroides_thetaiotaomicron	209.4330543502
ILEUSYN-PWY: L-isoleucine biosynthesis I (from threonine)|g__Gemmiger.s__Gemmiger_formicilis	201.6095303012
ILEUSYN-PWY: L-isoleucine biosynthesis I (from threonine)|g__Blautia.s__Blautia_wexlerae	105.5839650063
ILEUSYN-PWY: L-isoleucine biosynthesis I (from threonine)|g__Parabacteroides.s__Parabacteroides_goldsteinii	81.3400413635
ILEUSYN-PWY: L-isoleucine biosynthesis I (from threonine)|g__Streptococcus.s__Streptococcus_thermophilus	79.0240922940
ILEUSYN-PWY: L-isoleucine biosynthesis I (from threonine)|g__Anaerostipes.s__Anaerostipes_hadrus	76.1923338865
ILEUSYN-PWY: L-isoleucine biosynthesis I (from threonine)|g__Eubacterium.s__Eubacterium_hallii	67.5315761203
ILEUSYN-PWY: L-isoleucine biosynthesis I (from threonine)|g__Bacteroides.s__Bacteroides_caccae	67.0430650303
ILEUSYN-PWY: L-isoleucine biosynthesis I (from threonine)|g__Blautia.s__Blautia_sp	65.1094710892
ILEUSYN-PWY: L-isoleucine biosynthesis I (from threonine)|g__Parabacteroides.s__Parabacteroides_distasonis	51.3821479674
ILEUSYN-PWY: L-isoleucine biosynthesis I (from threonine)|g__Citrobacter.s__Citrobacter_koseri	50.7624127763
ILEUSYN-PWY: L-isoleucine biosynthesis I (from threonine)|g__Agathobaculum.s__Agathobaculum_butyriciproducens	49.5730194165
ILEUSYN-PWY: L-isoleucine biosynthesis I (from threonine)|g__Dorea.s__Dorea_longicatena	46.8602827159
ILEUSYN-PWY: L-isoleucine biosynthesis I (from threonine)|g__Bifidobacterium.s__Bifidobacterium_animalis	41.1656112961
ILEUSYN-PWY: L-isoleucine biosynthesis I (from threonine)|g__Bacteroides.s__Bacteroides_faecis	34.4144728931
ILEUSYN-PWY: L-isoleucine biosynthesis I (from threonine)|g__Firmicutes_unclassified.s__Firmicutes_bacterium_CAG_41	33.4817036980
ILEUSYN-PWY: L-isoleucine biosynthesis I (from threonine)|g__Dorea.s__Dorea_formicigenerans	31.9591719948
ILEUSYN-PWY: L-isoleucine biosynthesis I (from threonine)|g__Bilophila.s__Bilophila_wadsworthia	31.7823012329
ILEUSYN-PWY: L-isoleucine biosynthesis I (from threonine)|g__Eubacterium.s__Eubacterium_sp_CAG_274	28.0315897281
ILEUSYN-PWY: L-isoleucine biosynthesis I (from threonine)|g__Roseburia.s__Roseburia_intestinalis	25.2960128075
ILEUSYN-PWY: L-isoleucine biosynthesis I (from threonine)|g__Coprococcus.s__Coprococcus_comes	24.3496950358
ILEUSYN-PWY: L-isoleucine biosynthesis I (from threonine)|g__Eubacterium.s__Eubacterium_sp_AF17_7	22.0612300166
ILEUSYN-PWY: L-isoleucine biosynthesis I (from threonine)|g__Eubacterium.s__Eubacterium_ventriosum	19.7768030068
ILEUSYN-PWY: L-isoleucine biosynthesis I (from threonine)|g__Bacteroides.s__Bacteroides_ovatus	19.5749420859
ILEUSYN-PWY: L-isoleucine biosynthesis I (from threonine)|g__Clostridium.s__Clostridium_sp_AM22_11AC	19.4391861555
ILEUSYN-PWY: L-isoleucine biosynthesis I (from threonine)|g__Bifidobacterium.s__Bifidobacterium_adolescentis	17.6946627593
ILEUSYN-PWY: L-isoleucine biosynthesis I (from threonine)|g__Blautia.s__Blautia_obeum	17.2628652497
ILEUSYN-PWY: L-isoleucine biosynthesis I (from threonine)|g__Ruminococcus.s__Ruminococcus_sp_AF31_8BH	16.3806256328
ILEUSYN-PWY: L-isoleucine biosynthesis I (from threonine)|g__Blautia.s__Blautia_sp_AF19_10LB	13.8277915062
ILEUSYN-PWY: L-isoleucine biosynthesis I (from threonine)|g__Ruminococcus.s__Ruminococcus_bicirculans	10.9343840402
ILEUSYN-PWY: L-isoleucine biosynthesis I (from threonine)|g__Eubacterium.s__Eubacterium_eligens	10.1136379634
ILEUSYN-PWY: L-isoleucine biosynthesis I (from threonine)|g__Roseburia.s__Roseburia_hominis	5.6203829145
PWY-6151: S-adenosyl-L-methionine salvage I	8576.5735787807
PWY-6151: S-adenosyl-L-methionine salvage I|unclassified	1388.2783094483
PWY-6151: S-adenosyl-L-methionine salvage I|g__Bacteroides.s__Bacteroides_uniformis	811.2102795389
PWY-6151: S-adenosyl-L-methionine salvage I|g__Faecalibacterium.s__Faecalibacterium_prausnitzii	628.0298514414
PWY-6151: S-adenosyl-L-methionine salvage I|g__Blautia.s__Ruminococcus_torques	555.1928955972
PWY-6151: S-adenosyl-L-methionine salvage I|g__Firmicutes_unclassified.s__Firmicutes_bacterium_CAG_110	503.1839559046
PWY-6151: S-adenosyl-L-methionine salvage I|g__Faecalibacterium.s__Faecalibacterium_sp_CAG_74	456.2913410585
PWY-6151: S-adenosyl-L-methionine salvage I|g__Lachnospiraceae_unclassified.s__Eubacterium_rectale	420.8058514268
PWY-6151: S-adenosyl-L-methionine salvage I|g__Ruminococcus.s__Ruminococcus_bromii	235.4821865813
PWY-6151: S-adenosyl-L-methionine salvage I|g__Blautia.s__Blautia_wexlerae	190.6620375345
PWY-6151: S-adenosyl-L-methionine salvage I|g__Gemmiger.s__Gemmiger_formicilis	174.0191418101
PWY-6151: S-adenosyl-L-methionine salvage I|g__Bacteroides.s__Bacteroides_vulgatus	158.4342841025
PWY-6151: S-adenosyl-L-methionine salvage I|g__Anaerostipes.s__Anaerostipes_hadrus	140.6870995897
PWY-6151: S-adenosyl-L-methionine salvage I|g__Bacteroides.s__Bacteroides_dorei	139.5573708750
PWY-6151: S-adenosyl-L-methionine salvage I|g__Ruminococcus.s__Ruminococcus_callidus	115.8356259099
PWY-6151: S-adenosyl-L-methionine salvage I|g__Eubacterium.s__Eubacterium_sp_CAG_252	93.4523710448
PWY-6151: S-adenosyl-L-methionine salvage I|g__Streptococcus.s__Streptococcus_thermophilus	79.6043188495
PWY-6151: S-adenosyl-L-methionine salvage I|g__Eubacterium.s__Eubacterium_hallii	69.6765876834
PWY-6151: S-adenosyl-L-methionine salvage I|g__Odoribacter.s__Odoribacter_splanchnicus	56.8296545619
PWY-6151: S-adenosyl-L-methionine salvage I|g__Blautia.s__Blautia_sp_CAG_52	54.0889414188
PWY-6151: S-adenosyl-L-methionine salvage I|g__Agathobaculum.s__Agathobaculum_butyriciproducens	47.8706097975
PWY-6151: S-adenosyl-L-methionine salvage I|g__Eubacterium.s__Eubacterium_sp_CAG_38	42.4870049567
PWY-6151: S-adenosyl-L-methionine salvage I|g__Coprococcus.s__Coprococcus_comes	39.6430259621
PWY-6151: S-adenosyl-L-methionine salvage I|g__Butyricimonas.s__Butyricimonas_virosa	38.4944586693
PWY-6151: S-adenosyl-L-methionine salvage I|g__Clostridium.s__Clostridium_sp_CAG_75	38.0475621814
PWY-6151: S-adenosyl-L-methionine salvage I|g__Eubacterium.s__Eubacterium_sp_CAG_274	37.7192089790
PWY-6151: S-adenosyl-L-methionine salvage I|g__Butyricimonas.s__Butyricimonas_synergistica	37.4656059245
PWY-6151: S-adenosyl-L-methionine salvage I|g__Dorea.s__Dorea_formicigenerans	36.5484984443
PWY-6151: S-adenosyl-L-methionine salvage I|g__Bifidobacterium.s__Bifidobacterium_animalis	36.0515755652
PWY-6151: S-adenosyl-L-methionine salvage I|g__Blautia.s__Blautia_obeum	33.5059326648
PWY-6151: S-adenosyl-L-methionine salvage I|g__Clostridiales_unclassified.s__Clostridiales_bacterium_KLE1615	31.2880102105
PWY-6151: S-adenosyl-L-methionine salvage I|g__Citrobacter.s__Citrobacter_koseri	29.9939831241
PWY-6151: S-adenosyl-L-methionine salvage I|g__Firmicutes_unclassified.s__Firmicutes_bacterium_CAG_41	29.2815986170
PWY-6151: S-adenosyl-L-methionine salvage I|g__Senegalimassilia.s__Senegalimassilia_anaerobia	29.2132736421
PWY-6151: S-adenosyl-L-methionine salvage I|g__Barnesiella.s__Barnesiella_intestinihominis	27.0770678366
PWY-6151: S-adenosyl-L-methionine salvage I|g__Clostridium.s__Clostridium_sp_AM22_11AC	18.4652305925
PWY-6151: S-adenosyl-L-methionine salvage I|g__Eubacterium.s__Eubacterium_sp_AF17_7	15.2180728269
PWY-6151: S-adenosyl-L-methionine salvage I|g__Roseburia.s__Roseburia_sp_CAG_100	15.0338132244
PWY-6151: S-adenosyl-L-methionine salvage I|g__Fusicatenibacter.s__Fusicatenibacter_saccharivorans	14.1604091968
PWY-6151: S-adenosyl-L-methionine salvage I|g__Dorea.s__Dorea_longicatena	14.0139914328
PWY-6151: S-adenosyl-L-methionine salvage I|g__Eubacterium.s__Eubacterium_ventriosum	13.8209842877
PWY-6151: S-adenosyl-L-methionine salvage I|g__Bifidobacterium.s__Bifidobacterium_adolescentis	13.2514172302
PWY-6151: S-adenosyl-L-methionine salvage I|g__Ruminococcus.s__Ruminococcus_sp_AF31_8BH	12.5999791345
PWY-6151: S-adenosyl-L-methionine salvage I|g__Anaerotruncus.s__Anaerotruncus_colihominis	9.7098286488
PWY-6151: S-adenosyl-L-methionine salvage I|g__Blautia.s__Blautia_sp	4.8626513655
PWY-5097: L-lysine biosynthesis VI	8555.7911059760
PWY-5097: L-lysine biosynthesis VI|unclassified	1414.0068549988
PWY-5097: L-lysine biosynthesis VI|g__Bacteroides.s__Bacteroides_uniformis	650.7402539637
PWY-5097: L-lysine biosynthesis VI|g__Faecalibacterium.s__Faecalibacterium_prausnitzii	635.0101784119
PWY-5097: L-lysine biosynthesis VI|g__Blautia.s__Ruminococcus_torques	321.0456434975
PWY-5097: L-lysine biosynthesis VI|g__Lachnospiraceae_unclassified.s__Eubacterium_rectale	309.6045756803
PWY-5097: L-lysine biosynthesis VI|g__Alistipes.s__Alistipes_finegoldii	272.9396486822
PWY-5097: L-lysine biosynthesis VI|g__Prevotella.s__Prevotella_copri	237.5520221758
PWY-5097: L-lysine biosynthesis VI|g__Ruminococcus.s__Ruminococcus_bromii	218.2698110804
PWY-5097: L-lysine biosynthesis VI|g__Bacteroides.s__Bacteroides_salyersiae	191.6703589616
PWY-5097: L-lysine biosynthesis VI|g__Bacteroides.s__Bacteroides_thetaiotaomicron	177.8774367850
PWY-5097: L-lysine biosynthesis VI|g__Gemmiger.s__Gemmiger_formicilis	177.7440568991
PWY-5097: L-lysine biosynthesis VI|g__Blautia.s__Blautia_wexlerae	169.3494974948
PWY-5097: L-lysine biosynthesis VI|g__Blautia.s__Blautia_obeum	161.8558920850
PWY-5097: L-lysine biosynthesis VI|g__Bacteroides.s__Bacteroides_vulgatus	141.3881824040
PWY-5097: L-lysine biosynthesis VI|g__Parabacteroides.s__Parabacteroides_goldsteinii	125.2406024972
PWY-5097: L-lysine biosynthesis VI|g__Bacteroides.s__Bacteroides_massiliensis	105.2519586273
PWY-5097: L-lysine biosynthesis VI|g__Bacteroides.s__Bacteroides_dorei	90.3471462569
PWY-5097: L-lysine biosynthesis VI|g__Ruminococcus.s__Ruminococcus_callidus	84.3770785204
PWY-5097: L-lysine biosynthesis VI|g__Bacteroides.s__Bacteroides_cellulosilyticus	80.9621092573
PWY-5097: L-lysine biosynthesis VI|g__Anaerostipes.s__Anaerostipes_hadrus	76.0065778189
PWY-5097: L-lysine biosynthesis VI|g__Eubacterium.s__Eubacterium_sp_CAG_252	67.8602001125
PWY-5097: L-lysine biosynthesis VI|g__Parabacteroides.s__Parabacteroides_distasonis	65.5073467248
PWY-5097: L-lysine biosynthesis VI|g__Sutterella.s__Sutterella_wadsworthensis	63.7357996353
PWY-5097: L-lysine biosynthesis VI|g__Blautia.s__Blautia_sp_CAG_52	57.4793241333
PWY-5097: L-lysine biosynthesis VI|g__Bacteroides.s__Bacteroides_caccae	55.0219259669
PWY-5097: L-lysine biosynthesis VI|g__Barnesiella.s__Barnesiella_intestinihominis	52.9042330008
PWY-5097: L-lysine biosynthesis VI|g__Eubacterium.s__Eubacterium_sp_CAG_38	49.3596030271
PWY-5097: L-lysine biosynthesis VI|g__Eubacterium.s__Eubacterium_hallii	41.8218460322
PWY-5097: L-lysine biosynthesis VI|g__Bacteroides.s__Bacteroides_intestinalis	39.0020061705
PWY-5097: L-lysine biosynthesis VI|g__Eubacterium.s__Eubacterium_ramulus	38.7786028620
PWY-5097: L-lysine biosynthesis VI|g__Agathobaculum.s__Agathobaculum_butyriciproducens	36.6075255197
PWY-5097: L-lysine biosynthesis VI|g__Fusicatenibacter.s__Fusicatenibacter_saccharivorans	33.0308136681
PWY-5097: L-lysine biosynthesis VI|g__Bilophila.s__Bilophila_wadsworthia	32.3264616660
PWY-5097: L-lysine biosynthesis VI|g__Citrobacter.s__Citrobacter_koseri	31.7777427239
PWY-5097: L-lysine biosynthesis VI|g__Coprococcus.s__Coprococcus_comes	28.7576306228
PWY-5097: L-lysine biosynthesis VI|g__Dorea.s__Dorea_formicigenerans	25.4170671894
PWY-5097: L-lysine biosynthesis VI|g__Dorea.s__Dorea_longicatena	25.1250883450
PWY-5097: L-lysine biosynthesis VI|g__Eubacterium.s__Eubacterium_sp_CAG_274	21.8784036168
PWY-5097: L-lysine biosynthesis VI|g__Bifidobacterium.s__Bifidobacterium_adolescentis	17.2388492094
PWY-5097: L-lysine biosynthesis VI|g__Coprococcus.s__Coprococcus_catus	14.8179587621
PWY-5097: L-lysine biosynthesis VI|g__Bacteroides.s__Bacteroides_faecis	12.7352624451
PWY-5097: L-lysine biosynthesis VI|g__Bacteroides.s__Bacteroides_ovatus	12.3397145932
PWY-5097: L-lysine biosynthesis VI|g__Senegalimassilia.s__Senegalimassilia_anaerobia	8.5788580728
PWY-5097: L-lysine biosynthesis VI|g__Asaccharobacter.s__Asaccharobacter_celatus	6.9913648425
PWY-5097: L-lysine biosynthesis VI|g__Blautia.s__Blautia_sp_AF19_10LB	5.7808380767
PWY-5097: L-lysine biosynthesis VI|g__Eubacterium.s__Eubacterium_eligens	5.4230087554
COA-PWY-1: superpathway of coenzyme A biosynthesis III (mammals)	8548.9699543460
COA-PWY-1: superpathway of coenzyme A biosynthesis III (mammals)|unclassified	1185.1865008905
COA-PWY-1: superpathway of coenzyme A biosynthesis III (mammals)|g__Faecalibacterium.s__Faecalibacterium_prausnitzii	682.8792172075
COA-PWY-1: superpathway of coenzyme A biosynthesis III (mammals)|g__Bacteroides.s__Bacteroides_uniformis	584.3524942405
COA-PWY-1: superpathway of coenzyme A biosynthesis III (mammals)|g__Firmicutes_unclassified.s__Firmicutes_bacterium_CAG_110	578.7900477228
COA-PWY-1: superpathway of coenzyme A biosynthesis III (mammals)|g__Blautia.s__Ruminococcus_torques	448.3133828658
COA-PWY-1: superpathway of coenzyme A biosynthesis III (mammals)|g__Faecalibacterium.s__Faecalibacterium_sp_CAG_74	396.6223229653
COA-PWY-1: superpathway of coenzyme A biosynthesis III (mammals)|g__Bacteroides.s__Bacteroides_thetaiotaomicron	192.3995725875
COA-PWY-1: superpathway of coenzyme A biosynthesis III (mammals)|g__Bacteroides.s__Bacteroides_salyersiae	178.9086268539
COA-PWY-1: superpathway of coenzyme A biosynthesis III (mammals)|g__Gemmiger.s__Gemmiger_formicilis	172.9955526792
COA-PWY-1: superpathway of coenzyme A biosynthesis III (mammals)|g__Bacteroides.s__Bacteroides_vulgatus	150.6189917975
COA-PWY-1: superpathway of coenzyme A biosynthesis III (mammals)|g__Bacteroides.s__Bacteroides_cellulosilyticus	134.5014834532
COA-PWY-1: superpathway of coenzyme A biosynthesis III (mammals)|g__Parabacteroides.s__Parabacteroides_goldsteinii	103.0527559310
COA-PWY-1: superpathway of coenzyme A biosynthesis III (mammals)|g__Ruminococcus.s__Ruminococcus_callidus	99.1063024056
COA-PWY-1: superpathway of coenzyme A biosynthesis III (mammals)|g__Blautia.s__Blautia_obeum	96.6973300004
COA-PWY-1: superpathway of coenzyme A biosynthesis III (mammals)|g__Blautia.s__Blautia_wexlerae	93.9747200069
COA-PWY-1: superpathway of coenzyme A biosynthesis III (mammals)|g__Bacteroides.s__Bacteroides_dorei	85.6937167933
COA-PWY-1: superpathway of coenzyme A biosynthesis III (mammals)|g__Anaerostipes.s__Anaerostipes_hadrus	77.7129677458
COA-PWY-1: superpathway of coenzyme A biosynthesis III (mammals)|g__Sutterella.s__Sutterella_wadsworthensis	76.6685059163
COA-PWY-1: superpathway of coenzyme A biosynthesis III (mammals)|g__Eubacterium.s__Eubacterium_sp_CAG_252	67.1616275849
COA-PWY-1: superpathway of coenzyme A biosynthesis III (mammals)|g__Phascolarctobacterium.s__Phascolarctobacterium_faecium	57.3131496511
COA-PWY-1: superpathway of coenzyme A biosynthesis III (mammals)|g__Bacteroides.s__Bacteroides_caccae	57.1251166258
COA-PWY-1: superpathway of coenzyme A biosynthesis III (mammals)|g__Agathobaculum.s__Agathobaculum_butyriciproducens	50.3215918668
COA-PWY-1: superpathway of coenzyme A biosynthesis III (mammals)|g__Butyricimonas.s__Butyricimonas_virosa	45.5916537421
COA-PWY-1: superpathway of coenzyme A biosynthesis III (mammals)|g__Odoribacter.s__Odoribacter_splanchnicus	41.8725458971
COA-PWY-1: superpathway of coenzyme A biosynthesis III (mammals)|g__Parabacteroides.s__Parabacteroides_distasonis	40.8171910107
COA-PWY-1: superpathway of coenzyme A biosynthesis III (mammals)|g__Eubacterium.s__Eubacterium_hallii	40.5985623559
COA-PWY-1: superpathway of coenzyme A biosynthesis III (mammals)|g__Blautia.s__Blautia_sp_CAG_52	38.6681699122
COA-PWY-1: superpathway of coenzyme A biosynthesis III (mammals)|g__Firmicutes_unclassified.s__Firmicutes_bacterium_CAG_41	32.4521591469
COA-PWY-1: superpathway of coenzyme A biosynthesis III (mammals)|g__Eubacterium.s__Eubacterium_sp_CAG_274	30.6735583163
COA-PWY-1: superpathway of coenzyme A biosynthesis III (mammals)|g__Barnesiella.s__Barnesiella_intestinihominis	29.1741974095
COA-PWY-1: superpathway of coenzyme A biosynthesis III (mammals)|g__Dorea.s__Dorea_formicigenerans	28.8694770778
COA-PWY-1: superpathway of coenzyme A biosynthesis III (mammals)|g__Eubacterium.s__Eubacterium_ramulus	28.0096032540
COA-PWY-1: superpathway of coenzyme A biosynthesis III (mammals)|g__Citrobacter.s__Citrobacter_koseri	26.7732535145
COA-PWY-1: superpathway of coenzyme A biosynthesis III (mammals)|g__Prevotella.s__Prevotella_sp_CAG_485	25.9285464704
COA-PWY-1: superpathway of coenzyme A biosynthesis III (mammals)|g__Fusicatenibacter.s__Fusicatenibacter_saccharivorans	21.7081231133
COA-PWY-1: superpathway of coenzyme A biosynthesis III (mammals)|g__Coprococcus.s__Coprococcus_comes	20.3694876554
COA-PWY-1: superpathway of coenzyme A biosynthesis III (mammals)|g__Bacteroides.s__Bacteroides_faecis	20.0904696064
COA-PWY-1: superpathway of coenzyme A biosynthesis III (mammals)|g__Lachnospiraceae_unclassified.s__Eubacterium_rectale	19.3301444425
COA-PWY-1: superpathway of coenzyme A biosynthesis III (mammals)|g__Bilophila.s__Bilophila_wadsworthia	19.0277005944
COA-PWY-1: superpathway of coenzyme A biosynthesis III (mammals)|g__Roseburia.s__Roseburia_faecis	18.8962113463
COA-PWY-1: superpathway of coenzyme A biosynthesis III (mammals)|g__Eubacterium.s__Eubacterium_ventriosum	18.5947648108
COA-PWY-1: superpathway of coenzyme A biosynthesis III (mammals)|g__Firmicutes_unclassified.s__Firmicutes_bacterium_CAG_114	17.5250620163
COA-PWY-1: superpathway of coenzyme A biosynthesis III (mammals)|g__Senegalimassilia.s__Senegalimassilia_anaerobia	16.7247605558
COA-PWY-1: superpathway of coenzyme A biosynthesis III (mammals)|g__Eubacterium.s__Eubacterium_sp_AF17_7	15.5712970768
COA-PWY-1: superpathway of coenzyme A biosynthesis III (mammals)|g__Butyricimonas.s__Butyricimonas_synergistica	13.9637640833
COA-PWY-1: superpathway of coenzyme A biosynthesis III (mammals)|g__Subdoligranulum.s__Subdoligranulum_sp_APC924_74	11.2794435670
COA-PWY-1: superpathway of coenzyme A biosynthesis III (mammals)|g__Clostridium.s__Clostridium_sp_AM22_11AC	10.4760235322
COA-PWY-1: superpathway of coenzyme A biosynthesis III (mammals)|g__Bacteroides.s__Bacteroides_ovatus	10.3003567629
COA-PWY-1: superpathway of coenzyme A biosynthesis III (mammals)|g__Intestinibacter.s__Intestinibacter_bartlettii	9.6251095471
COA-PWY-1: superpathway of coenzyme A biosynthesis III (mammals)|g__Roseburia.s__Roseburia_intestinalis	8.9036088744
COA-PWY-1: superpathway of coenzyme A biosynthesis III (mammals)|g__Ruminococcus.s__Ruminococcus_bicirculans	8.7396311675
COA-PWY-1: superpathway of coenzyme A biosynthesis III (mammals)|g__Clostridium.s__Clostridium_sp_CAG_58	8.4225501313
PWY-6122: 5-aminoimidazole ribonucleotide biosynthesis II	8520.1347758820
PWY-6122: 5-aminoimidazole ribonucleotide biosynthesis II|unclassified	1699.1040268546
PWY-6122: 5-aminoimidazole ribonucleotide biosynthesis II|g__Firmicutes_unclassified.s__Firmicutes_bacterium_CAG_110	764.9434912526
PWY-6122: 5-aminoimidazole ribonucleotide biosynthesis II|g__Blautia.s__Ruminococcus_torques	680.4997117629
PWY-6122: 5-aminoimidazole ribonucleotide biosynthesis II|g__Faecalibacterium.s__Faecalibacterium_prausnitzii	642.8206465965
PWY-6122: 5-aminoimidazole ribonucleotide biosynthesis II|g__Bacteroides.s__Bacteroides_uniformis	632.3294347311
PWY-6122: 5-aminoimidazole ribonucleotide biosynthesis II|g__Prevotella.s__Prevotella_copri	527.5854006559
PWY-6122: 5-aminoimidazole ribonucleotide biosynthesis II|g__Alistipes.s__Alistipes_finegoldii	398.2762242140
PWY-6122: 5-aminoimidazole ribonucleotide biosynthesis II|g__Lachnospiraceae_unclassified.s__Eubacterium_rectale	362.2067227911
PWY-6122: 5-aminoimidazole ribonucleotide biosynthesis II|g__Bacteroides.s__Bacteroides_massiliensis	254.9415175210
PWY-6122: 5-aminoimidazole ribonucleotide biosynthesis II|g__Bacteroides.s__Bacteroides_salyersiae	201.4569953978
PWY-6122: 5-aminoimidazole ribonucleotide biosynthesis II|g__Ruminococcus.s__Ruminococcus_bromii	192.0688062923
PWY-6122: 5-aminoimidazole ribonucleotide biosynthesis II|g__Bacteroides.s__Bacteroides_cellulosilyticus	186.3356747392
PWY-6122: 5-aminoimidazole ribonucleotide biosynthesis II|g__Bacteroides.s__Bacteroides_thetaiotaomicron	184.7271922613
PWY-6122: 5-aminoimidazole ribonucleotide biosynthesis II|g__Gemmiger.s__Gemmiger_formicilis	175.8783107153
PWY-6122: 5-aminoimidazole ribonucleotide biosynthesis II|g__Blautia.s__Blautia_wexlerae	144.9666875267
PWY-6122: 5-aminoimidazole ribonucleotide biosynthesis II|g__Blautia.s__Blautia_obeum	143.9129235936
PWY-6122: 5-aminoimidazole ribonucleotide biosynthesis II|g__Bacteroides.s__Bacteroides_vulgatus	123.5948089914
PWY-6122: 5-aminoimidazole ribonucleotide biosynthesis II|g__Parabacteroides.s__Parabacteroides_goldsteinii	120.3802014486
PWY-6122: 5-aminoimidazole ribonucleotide biosynthesis II|g__Clostridium.s__Clostridium_sp_CAG_217	117.7879875826
PWY-6122: 5-aminoimidazole ribonucleotide biosynthesis II|g__Bacteroides.s__Bacteroides_dorei	113.6424855169
PWY-6122: 5-aminoimidazole ribonucleotide biosynthesis II|g__Ruminococcus.s__Ruminococcus_callidus	94.3106969181
PWY-6122: 5-aminoimidazole ribonucleotide biosynthesis II|g__Eubacterium.s__Eubacterium_sp_CAG_252	87.3387876331
PWY-6122: 5-aminoimidazole ribonucleotide biosynthesis II|g__Anaerostipes.s__Anaerostipes_hadrus	79.0896530380
PWY-6122: 5-aminoimidazole ribonucleotide biosynthesis II|g__Phascolarctobacterium.s__Phascolarctobacterium_faecium	67.9322097224
PWY-6122: 5-aminoimidazole ribonucleotide biosynthesis II|g__Blautia.s__Blautia_sp	67.5681380206
PWY-6122: 5-aminoimidazole ribonucleotide biosynthesis II|g__Sutterella.s__Sutterella_wadsworthensis	66.8506957744
PWY-6122: 5-aminoimidazole ribonucleotide biosynthesis II|g__Odoribacter.s__Odoribacter_splanchnicus	65.6277814285
PWY-6122: 5-aminoimidazole ribonucleotide biosynthesis II|g__Bacteroides.s__Bacteroides_caccae	59.6545267936
PWY-6122: 5-aminoimidazole ribonucleotide biosynthesis II|g__Agathobaculum.s__Agathobaculum_butyriciproducens	58.7610592726
PWY-6122: 5-aminoimidazole ribonucleotide biosynthesis II|g__Coprococcus.s__Coprococcus_comes	57.3275646600
PWY-6122: 5-aminoimidazole ribonucleotide biosynthesis II|g__Blautia.s__Blautia_sp_CAG_52	55.2060567581
PWY-6122: 5-aminoimidazole ribonucleotide biosynthesis II|g__Dorea.s__Dorea_longicatena	52.8979436301
PWY-6122: 5-aminoimidazole ribonucleotide biosynthesis II|g__Eubacterium.s__Eubacterium_hallii	47.9653889269
PWY-6122: 5-aminoimidazole ribonucleotide biosynthesis II|g__Eubacterium.s__Eubacterium_sp_CAG_38	46.1512515080
PWY-6122: 5-aminoimidazole ribonucleotide biosynthesis II|g__Streptococcus.s__Streptococcus_thermophilus	45.8270014797
PWY-6122: 5-aminoimidazole ribonucleotide biosynthesis II|g__Firmicutes_unclassified.s__Firmicutes_bacterium_CAG_41	42.7917465732
PWY-6122: 5-aminoimidazole ribonucleotide biosynthesis II|g__Alistipes.s__Alistipes_onderdonkii	41.8525548570
PWY-6122: 5-aminoimidazole ribonucleotide biosynthesis II|g__Butyricimonas.s__Butyricimonas_virosa	39.1644498191
PWY-6122: 5-aminoimidazole ribonucleotide biosynthesis II|g__Eubacterium.s__Eubacterium_ramulus	38.2936988945
PWY-6122: 5-aminoimidazole ribonucleotide biosynthesis II|g__Parabacteroides.s__Parabacteroides_distasonis	37.8568604113
PWY-6122: 5-aminoimidazole ribonucleotide biosynthesis II|g__Barnesiella.s__Barnesiella_intestinihominis	35.3412083260
PWY-6122: 5-aminoimidazole ribonucleotide biosynthesis II|g__Clostridium.s__Clostridium_sp_CAG_75	31.6726296037
PWY-6122: 5-aminoimidazole ribonucleotide biosynthesis II|g__Bifidobacterium.s__Bifidobacterium_animalis	31.5911436055
PWY-6122: 5-aminoimidazole ribonucleotide biosynthesis II|g__Citrobacter.s__Citrobacter_koseri	31.4322008306
PWY-6122: 5-aminoimidazole ribonucleotide biosynthesis II|g__Bilophila.s__Bilophila_wadsworthia	28.7838882813
PWY-6122: 5-aminoimidazole ribonucleotide biosynthesis II|g__Dorea.s__Dorea_formicigenerans	27.9040326701
PWY-6122: 5-aminoimidazole ribonucleotide biosynthesis II|g__Clostridiales_unclassified.s__Clostridiales_bacterium_KLE1615	24.2584900672
PWY-6122: 5-aminoimidazole ribonucleotide biosynthesis II|g__Clostridium.s__Clostridium_sp_CAG_167	23.1444677562
PWY-6122: 5-aminoimidazole ribonucleotide biosynthesis II|g__Eubacterium.s__Eubacterium_sp_AF17_7	22.7549503797
PWY-6122: 5-aminoimidazole ribonucleotide biosynthesis II|g__Senegalimassilia.s__Senegalimassilia_anaerobia	22.2096214769
PWY-6122: 5-aminoimidazole ribonucleotide biosynthesis II|g__Fusicatenibacter.s__Fusicatenibacter_saccharivorans	22.1891854286
PWY-6122: 5-aminoimidazole ribonucleotide biosynthesis II|g__Alistipes.s__Alistipes_shahii	20.6236187446
PWY-6122: 5-aminoimidazole ribonucleotide biosynthesis II|g__Bacteroides.s__Bacteroides_ovatus	19.3711272854
PWY-6122: 5-aminoimidazole ribonucleotide biosynthesis II|g__Firmicutes_unclassified.s__Firmicutes_bacterium_CAG_56	17.8969560231
PWY-6122: 5-aminoimidazole ribonucleotide biosynthesis II|g__Roseburia.s__Roseburia_sp_CAG_100	17.0085472642
PWY-6122: 5-aminoimidazole ribonucleotide biosynthesis II|g__Bacteroides.s__Bacteroides_faecis	16.8152150831
PWY-6122: 5-aminoimidazole ribonucleotide biosynthesis II|g__Victivallis.s__Victivallis_vadensis	16.7907596389
PWY-6122: 5-aminoimidazole ribonucleotide biosynthesis II|g__Eubacterium.s__Eubacterium_ventriosum	15.0665457641
PWY-6122: 5-aminoimidazole ribonucleotide biosynthesis II|g__Firmicutes_unclassified.s__Firmicutes_bacterium_CAG_114	15.0622822366
PWY-6122: 5-aminoimidazole ribonucleotide biosynthesis II|g__Eubacterium.s__Eubacterium_sp_36_13	14.2141196649
PWY-6122: 5-aminoimidazole ribonucleotide biosynthesis II|g__Alistipes.s__Alistipes_indistinctus	14.0793973333
PWY-6122: 5-aminoimidazole ribonucleotide biosynthesis II|g__Ruminococcus.s__Ruminococcus_sp_AF31_8BH	13.7252264959
PWY-6122: 5-aminoimidazole ribonucleotide biosynthesis II|g__Clostridium.s__Clostridium_sp_AM22_11AC	13.4901633738
PWY-6122: 5-aminoimidazole ribonucleotide biosynthesis II|g__Bifidobacterium.s__Bifidobacterium_adolescentis	13.0800593741
PWY-6122: 5-aminoimidazole ribonucleotide biosynthesis II|g__Coprococcus.s__Coprococcus_catus	11.8950555482
PWY-6122: 5-aminoimidazole ribonucleotide biosynthesis II|g__Asaccharobacter.s__Asaccharobacter_celatus	10.8271025402
PWY-6122: 5-aminoimidazole ribonucleotide biosynthesis II|g__Roseburia.s__Roseburia_faecis	10.7180390770
PWY-6122: 5-aminoimidazole ribonucleotide biosynthesis II|g__Intestinibacter.s__Intestinibacter_bartlettii	9.5735275264
PWY-6122: 5-aminoimidazole ribonucleotide biosynthesis II|g__Subdoligranulum.s__Subdoligranulum_sp_APC924_74	8.8173714827
PWY-6122: 5-aminoimidazole ribonucleotide biosynthesis II|g__Lentisphaerae_unclassified.s__Lentisphaerae_bacterium	8.7345581431
PWY-6122: 5-aminoimidazole ribonucleotide biosynthesis II|g__Roseburia.s__Roseburia_intestinalis	8.6646021496
PWY-6122: 5-aminoimidazole ribonucleotide biosynthesis II|g__Anaerotruncus.s__Anaerotruncus_colihominis	7.6820750919
PWY-6122: 5-aminoimidazole ribonucleotide biosynthesis II|g__Adlercreutzia.s__Adlercreutzia_equolifaciens	7.3536534931
PWY-6122: 5-aminoimidazole ribonucleotide biosynthesis II|g__Eubacterium.s__Eubacterium_eligens	5.0240184856
PWY-6122: 5-aminoimidazole ribonucleotide biosynthesis II|g__Roseburia.s__Roseburia_hominis	3.6079541005
PWY-6277: superpathway of 5-aminoimidazole ribonucleotide biosynthesis	8520.1347758820
PWY-6277: superpathway of 5-aminoimidazole ribonucleotide biosynthesis|unclassified	1699.1040268546
PWY-6277: superpathway of 5-aminoimidazole ribonucleotide biosynthesis|g__Firmicutes_unclassified.s__Firmicutes_bacterium_CAG_110	764.9434912526
PWY-6277: superpathway of 5-aminoimidazole ribonucleotide biosynthesis|g__Blautia.s__Ruminococcus_torques	680.4997117629
PWY-6277: superpathway of 5-aminoimidazole ribonucleotide biosynthesis|g__Faecalibacterium.s__Faecalibacterium_prausnitzii	642.8206465965
PWY-6277: superpathway of 5-aminoimidazole ribonucleotide biosynthesis|g__Bacteroides.s__Bacteroides_uniformis	632.3294347311
PWY-6277: superpathway of 5-aminoimidazole ribonucleotide biosynthesis|g__Prevotella.s__Prevotella_copri	527.5854006559
PWY-6277: superpathway of 5-aminoimidazole ribonucleotide biosynthesis|g__Alistipes.s__Alistipes_finegoldii	398.2762242140
PWY-6277: superpathway of 5-aminoimidazole ribonucleotide biosynthesis|g__Lachnospiraceae_unclassified.s__Eubacterium_rectale	362.2067227911
PWY-6277: superpathway of 5-aminoimidazole ribonucleotide biosynthesis|g__Bacteroides.s__Bacteroides_massiliensis	254.9415175210
PWY-6277: superpathway of 5-aminoimidazole ribonucleotide biosynthesis|g__Bacteroides.s__Bacteroides_salyersiae	201.4569953978
PWY-6277: superpathway of 5-aminoimidazole ribonucleotide biosynthesis|g__Ruminococcus.s__Ruminococcus_bromii	192.0688062923
PWY-6277: superpathway of 5-aminoimidazole ribonucleotide biosynthesis|g__Bacteroides.s__Bacteroides_cellulosilyticus	186.3356747392
PWY-6277: superpathway of 5-aminoimidazole ribonucleotide biosynthesis|g__Bacteroides.s__Bacteroides_thetaiotaomicron	184.7271922613
PWY-6277: superpathway of 5-aminoimidazole ribonucleotide biosynthesis|g__Gemmiger.s__Gemmiger_formicilis	175.8783107153
PWY-6277: superpathway of 5-aminoimidazole ribonucleotide biosynthesis|g__Blautia.s__Blautia_wexlerae	144.9666875267
PWY-6277: superpathway of 5-aminoimidazole ribonucleotide biosynthesis|g__Blautia.s__Blautia_obeum	143.9129235936
PWY-6277: superpathway of 5-aminoimidazole ribonucleotide biosynthesis|g__Bacteroides.s__Bacteroides_vulgatus	123.5948089914
PWY-6277: superpathway of 5-aminoimidazole ribonucleotide biosynthesis|g__Parabacteroides.s__Parabacteroides_goldsteinii	120.3802014486
PWY-6277: superpathway of 5-aminoimidazole ribonucleotide biosynthesis|g__Clostridium.s__Clostridium_sp_CAG_217	117.7879875826
PWY-6277: superpathway of 5-aminoimidazole ribonucleotide biosynthesis|g__Bacteroides.s__Bacteroides_dorei	113.6424855169
PWY-6277: superpathway of 5-aminoimidazole ribonucleotide biosynthesis|g__Ruminococcus.s__Ruminococcus_callidus	94.3106969181
PWY-6277: superpathway of 5-aminoimidazole ribonucleotide biosynthesis|g__Eubacterium.s__Eubacterium_sp_CAG_252	87.3387876331
PWY-6277: superpathway of 5-aminoimidazole ribonucleotide biosynthesis|g__Anaerostipes.s__Anaerostipes_hadrus	79.0896530380
PWY-6277: superpathway of 5-aminoimidazole ribonucleotide biosynthesis|g__Phascolarctobacterium.s__Phascolarctobacterium_faecium	67.9322097224
PWY-6277: superpathway of 5-aminoimidazole ribonucleotide biosynthesis|g__Blautia.s__Blautia_sp	67.5681380206
PWY-6277: superpathway of 5-aminoimidazole ribonucleotide biosynthesis|g__Sutterella.s__Sutterella_wadsworthensis	66.8506957744
PWY-6277: superpathway of 5-aminoimidazole ribonucleotide biosynthesis|g__Odoribacter.s__Odoribacter_splanchnicus	65.6277814285
PWY-6277: superpathway of 5-aminoimidazole ribonucleotide biosynthesis|g__Bacteroides.s__Bacteroides_caccae	59.6545267936
PWY-6277: superpathway of 5-aminoimidazole ribonucleotide biosynthesis|g__Agathobaculum.s__Agathobaculum_butyriciproducens	58.7610592726
PWY-6277: superpathway of 5-aminoimidazole ribonucleotide biosynthesis|g__Coprococcus.s__Coprococcus_comes	57.3275646600
PWY-6277: superpathway of 5-aminoimidazole ribonucleotide biosynthesis|g__Blautia.s__Blautia_sp_CAG_52	55.2060567581
PWY-6277: superpathway of 5-aminoimidazole ribonucleotide biosynthesis|g__Dorea.s__Dorea_longicatena	52.8979436301
PWY-6277: superpathway of 5-aminoimidazole ribonucleotide biosynthesis|g__Eubacterium.s__Eubacterium_hallii	47.9653889269
PWY-6277: superpathway of 5-aminoimidazole ribonucleotide biosynthesis|g__Eubacterium.s__Eubacterium_sp_CAG_38	46.1512515080
PWY-6277: superpathway of 5-aminoimidazole ribonucleotide biosynthesis|g__Streptococcus.s__Streptococcus_thermophilus	45.8270014797
PWY-6277: superpathway of 5-aminoimidazole ribonucleotide biosynthesis|g__Firmicutes_unclassified.s__Firmicutes_bacterium_CAG_41	42.7917465732
PWY-6277: superpathway of 5-aminoimidazole ribonucleotide biosynthesis|g__Alistipes.s__Alistipes_onderdonkii	41.8525548570
PWY-6277: superpathway of 5-aminoimidazole ribonucleotide biosynthesis|g__Butyricimonas.s__Butyricimonas_virosa	39.1644498191
PWY-6277: superpathway of 5-aminoimidazole ribonucleotide biosynthesis|g__Eubacterium.s__Eubacterium_ramulus	38.2936988945
PWY-6277: superpathway of 5-aminoimidazole ribonucleotide biosynthesis|g__Parabacteroides.s__Parabacteroides_distasonis	37.8568604113
PWY-6277: superpathway of 5-aminoimidazole ribonucleotide biosynthesis|g__Barnesiella.s__Barnesiella_intestinihominis	35.3412083260
PWY-6277: superpathway of 5-aminoimidazole ribonucleotide biosynthesis|g__Clostridium.s__Clostridium_sp_CAG_75	31.6726296037
PWY-6277: superpathway of 5-aminoimidazole ribonucleotide biosynthesis|g__Bifidobacterium.s__Bifidobacterium_animalis	31.5911436055
PWY-6277: superpathway of 5-aminoimidazole ribonucleotide biosynthesis|g__Citrobacter.s__Citrobacter_koseri	31.4322008306
PWY-6277: superpathway of 5-aminoimidazole ribonucleotide biosynthesis|g__Bilophila.s__Bilophila_wadsworthia	28.7838882813
PWY-6277: superpathway of 5-aminoimidazole ribonucleotide biosynthesis|g__Dorea.s__Dorea_formicigenerans	27.9040326701
PWY-6277: superpathway of 5-aminoimidazole ribonucleotide biosynthesis|g__Clostridiales_unclassified.s__Clostridiales_bacterium_KLE1615	24.2584900672
PWY-6277: superpathway of 5-aminoimidazole ribonucleotide biosynthesis|g__Clostridium.s__Clostridium_sp_CAG_167	23.1444677562
PWY-6277: superpathway of 5-aminoimidazole ribonucleotide biosynthesis|g__Eubacterium.s__Eubacterium_sp_AF17_7	22.7549503797
PWY-6277: superpathway of 5-aminoimidazole ribonucleotide biosynthesis|g__Senegalimassilia.s__Senegalimassilia_anaerobia	22.2096214769
PWY-6277: superpathway of 5-aminoimidazole ribonucleotide biosynthesis|g__Fusicatenibacter.s__Fusicatenibacter_saccharivorans	22.1891854286
PWY-6277: superpathway of 5-aminoimidazole ribonucleotide biosynthesis|g__Alistipes.s__Alistipes_shahii	20.6236187446
PWY-6277: superpathway of 5-aminoimidazole ribonucleotide biosynthesis|g__Bacteroides.s__Bacteroides_ovatus	19.3711272854
PWY-6277: superpathway of 5-aminoimidazole ribonucleotide biosynthesis|g__Firmicutes_unclassified.s__Firmicutes_bacterium_CAG_56	17.8969560231
PWY-6277: superpathway of 5-aminoimidazole ribonucleotide biosynthesis|g__Roseburia.s__Roseburia_sp_CAG_100	17.0085472642
PWY-6277: superpathway of 5-aminoimidazole ribonucleotide biosynthesis|g__Bacteroides.s__Bacteroides_faecis	16.8152150831
PWY-6277: superpathway of 5-aminoimidazole ribonucleotide biosynthesis|g__Victivallis.s__Victivallis_vadensis	16.7907596389
PWY-6277: superpathway of 5-aminoimidazole ribonucleotide biosynthesis|g__Eubacterium.s__Eubacterium_ventriosum	15.0665457641
PWY-6277: superpathway of 5-aminoimidazole ribonucleotide biosynthesis|g__Firmicutes_unclassified.s__Firmicutes_bacterium_CAG_114	15.0622822366
PWY-6277: superpathway of 5-aminoimidazole ribonucleotide biosynthesis|g__Eubacterium.s__Eubacterium_sp_36_13	14.2141196649
PWY-6277: superpathway of 5-aminoimidazole ribonucleotide biosynthesis|g__Alistipes.s__Alistipes_indistinctus	14.0793973333
PWY-6277: superpathway of 5-aminoimidazole ribonucleotide biosynthesis|g__Ruminococcus.s__Ruminococcus_sp_AF31_8BH	13.7252264959
PWY-6277: superpathway of 5-aminoimidazole ribonucleotide biosynthesis|g__Clostridium.s__Clostridium_sp_AM22_11AC	13.4901633738
PWY-6277: superpathway of 5-aminoimidazole ribonucleotide biosynthesis|g__Bifidobacterium.s__Bifidobacterium_adolescentis	13.0800593741
PWY-6277: superpathway of 5-aminoimidazole ribonucleotide biosynthesis|g__Coprococcus.s__Coprococcus_catus	11.8950555482
PWY-6277: superpathway of 5-aminoimidazole ribonucleotide biosynthesis|g__Asaccharobacter.s__Asaccharobacter_celatus	10.8271025402
PWY-6277: superpathway of 5-aminoimidazole ribonucleotide biosynthesis|g__Roseburia.s__Roseburia_faecis	10.7180390770
PWY-6277: superpathway of 5-aminoimidazole ribonucleotide biosynthesis|g__Intestinibacter.s__Intestinibacter_bartlettii	9.5735275264
PWY-6277: superpathway of 5-aminoimidazole ribonucleotide biosynthesis|g__Subdoligranulum.s__Subdoligranulum_sp_APC924_74	8.8173714827
PWY-6277: superpathway of 5-aminoimidazole ribonucleotide biosynthesis|g__Lentisphaerae_unclassified.s__Lentisphaerae_bacterium	8.7345581431
PWY-6277: superpathway of 5-aminoimidazole ribonucleotide biosynthesis|g__Roseburia.s__Roseburia_intestinalis	8.6646021496
PWY-6277: superpathway of 5-aminoimidazole ribonucleotide biosynthesis|g__Anaerotruncus.s__Anaerotruncus_colihominis	7.6820750919
PWY-6277: superpathway of 5-aminoimidazole ribonucleotide biosynthesis|g__Adlercreutzia.s__Adlercreutzia_equolifaciens	7.3536534931
PWY-6277: superpathway of 5-aminoimidazole ribonucleotide biosynthesis|g__Eubacterium.s__Eubacterium_eligens	5.0240184856
PWY-6277: superpathway of 5-aminoimidazole ribonucleotide biosynthesis|g__Roseburia.s__Roseburia_hominis	3.6079541005
ARGSYN-PWY: L-arginine biosynthesis I (via L-ornithine)	8389.9006806978
ARGSYN-PWY: L-arginine biosynthesis I (via L-ornithine)|unclassified	1468.3106405020
ARGSYN-PWY: L-arginine biosynthesis I (via L-ornithine)|g__Faecalibacterium.s__Faecalibacterium_prausnitzii	873.7902054112
ARGSYN-PWY: L-arginine biosynthesis I (via L-ornithine)|g__Blautia.s__Ruminococcus_torques	676.9169724212
ARGSYN-PWY: L-arginine biosynthesis I (via L-ornithine)|g__Alistipes.s__Alistipes_finegoldii	389.8867856871
ARGSYN-PWY: L-arginine biosynthesis I (via L-ornithine)|g__Lachnospiraceae_unclassified.s__Eubacterium_rectale	342.4065438606
ARGSYN-PWY: L-arginine biosynthesis I (via L-ornithine)|g__Gemmiger.s__Gemmiger_formicilis	269.6154962424
ARGSYN-PWY: L-arginine biosynthesis I (via L-ornithine)|g__Blautia.s__Blautia_wexlerae	243.0669771335
ARGSYN-PWY: L-arginine biosynthesis I (via L-ornithine)|g__Ruminococcus.s__Ruminococcus_callidus	128.6278334563
ARGSYN-PWY: L-arginine biosynthesis I (via L-ornithine)|g__Clostridium.s__Clostridium_sp_CAG_217	111.9736274752
ARGSYN-PWY: L-arginine biosynthesis I (via L-ornithine)|g__Streptococcus.s__Streptococcus_thermophilus	77.0064509795
ARGSYN-PWY: L-arginine biosynthesis I (via L-ornithine)|g__Eubacterium.s__Eubacterium_sp_CAG_252	72.8517696793
ARGSYN-PWY: L-arginine biosynthesis I (via L-ornithine)|g__Anaerostipes.s__Anaerostipes_hadrus	63.2681154617
ARGSYN-PWY: L-arginine biosynthesis I (via L-ornithine)|g__Phascolarctobacterium.s__Phascolarctobacterium_faecium	59.4652589629
ARGSYN-PWY: L-arginine biosynthesis I (via L-ornithine)|g__Eubacterium.s__Eubacterium_sp_CAG_38	50.6669613216
ARGSYN-PWY: L-arginine biosynthesis I (via L-ornithine)|g__Citrobacter.s__Citrobacter_koseri	47.6964744952
ARGSYN-PWY: L-arginine biosynthesis I (via L-ornithine)|g__Blautia.s__Blautia_sp_CAG_52	45.7841328450
ARGSYN-PWY: L-arginine biosynthesis I (via L-ornithine)|g__Agathobaculum.s__Agathobaculum_butyriciproducens	45.0281694682
ARGSYN-PWY: L-arginine biosynthesis I (via L-ornithine)|g__Clostridium.s__Clostridium_sp_CAG_75	42.3117076727
ARGSYN-PWY: L-arginine biosynthesis I (via L-ornithine)|g__Eubacterium.s__Eubacterium_hallii	41.4978822918
ARGSYN-PWY: L-arginine biosynthesis I (via L-ornithine)|g__Blautia.s__Blautia_sp	29.9393141859
ARGSYN-PWY: L-arginine biosynthesis I (via L-ornithine)|g__Eubacterium.s__Eubacterium_ramulus	28.3975256712
ARGSYN-PWY: L-arginine biosynthesis I (via L-ornithine)|g__Eubacterium.s__Eubacterium_sp_CAG_274	26.9699689990
ARGSYN-PWY: L-arginine biosynthesis I (via L-ornithine)|g__Clostridiales_unclassified.s__Clostridiales_bacterium_KLE1615	26.2936198849
ARGSYN-PWY: L-arginine biosynthesis I (via L-ornithine)|g__Bifidobacterium.s__Bifidobacterium_animalis	25.8092396010
ARGSYN-PWY: L-arginine biosynthesis I (via L-ornithine)|g__Fusicatenibacter.s__Fusicatenibacter_saccharivorans	24.8511261815
ARGSYN-PWY: L-arginine biosynthesis I (via L-ornithine)|g__Eubacterium.s__Eubacterium_sp_AF17_7	24.2465356856
ARGSYN-PWY: L-arginine biosynthesis I (via L-ornithine)|g__Clostridium.s__Clostridium_sp_CAG_167	21.0174633749
ARGSYN-PWY: L-arginine biosynthesis I (via L-ornithine)|g__Clostridium.s__Clostridium_sp_AM22_11AC	20.4288300484
ARGSYN-PWY: L-arginine biosynthesis I (via L-ornithine)|g__Dorea.s__Dorea_formicigenerans	19.2505546952
ARGSYN-PWY: L-arginine biosynthesis I (via L-ornithine)|g__Roseburia.s__Roseburia_faecis	17.2448351184
ARGSYN-PWY: L-arginine biosynthesis I (via L-ornithine)|g__Firmicutes_unclassified.s__Firmicutes_bacterium_CAG_56	16.7417000869
ARGSYN-PWY: L-arginine biosynthesis I (via L-ornithine)|g__Subdoligranulum.s__Subdoligranulum_sp_APC924_74	16.5011864253
ARGSYN-PWY: L-arginine biosynthesis I (via L-ornithine)|g__Eubacterium.s__Eubacterium_ventriosum	15.3277800037
ARGSYN-PWY: L-arginine biosynthesis I (via L-ornithine)|g__Eubacterium.s__Eubacterium_sp_36_13	14.6155664477
ARGSYN-PWY: L-arginine biosynthesis I (via L-ornithine)|g__Bifidobacterium.s__Bifidobacterium_adolescentis	13.1785610054
ARGSYN-PWY: L-arginine biosynthesis I (via L-ornithine)|g__Blautia.s__Blautia_obeum	12.1582405669
ARGSYN-PWY: L-arginine biosynthesis I (via L-ornithine)|g__Coprococcus.s__Coprococcus_catus	8.8840588647
ARGSYN-PWY: L-arginine biosynthesis I (via L-ornithine)|g__Victivallis.s__Victivallis_vadensis	8.6437652860
ARGSYNBSUB-PWY: L-arginine biosynthesis II (acetyl cycle)	8371.9606039878
ARGSYNBSUB-PWY: L-arginine biosynthesis II (acetyl cycle)|unclassified	1651.1306493056
ARGSYNBSUB-PWY: L-arginine biosynthesis II (acetyl cycle)|g__Faecalibacterium.s__Faecalibacterium_prausnitzii	896.4094016411
ARGSYNBSUB-PWY: L-arginine biosynthesis II (acetyl cycle)|g__Blautia.s__Ruminococcus_torques	728.5397760902
ARGSYNBSUB-PWY: L-arginine biosynthesis II (acetyl cycle)|g__Faecalibacterium.s__Faecalibacterium_sp_CAG_74	447.4295397665
ARGSYNBSUB-PWY: L-arginine biosynthesis II (acetyl cycle)|g__Lachnospiraceae_unclassified.s__Eubacterium_rectale	392.7658062605
ARGSYNBSUB-PWY: L-arginine biosynthesis II (acetyl cycle)|g__Ruminococcus.s__Ruminococcus_bromii	300.0256890503
ARGSYNBSUB-PWY: L-arginine biosynthesis II (acetyl cycle)|g__Gemmiger.s__Gemmiger_formicilis	283.6906242541
ARGSYNBSUB-PWY: L-arginine biosynthesis II (acetyl cycle)|g__Blautia.s__Blautia_wexlerae	219.5570558583
ARGSYNBSUB-PWY: L-arginine biosynthesis II (acetyl cycle)|g__Ruminococcus.s__Ruminococcus_callidus	140.7366700232
ARGSYNBSUB-PWY: L-arginine biosynthesis II (acetyl cycle)|g__Clostridium.s__Clostridium_sp_CAG_217	118.9230421768
ARGSYNBSUB-PWY: L-arginine biosynthesis II (acetyl cycle)|g__Eubacterium.s__Eubacterium_sp_CAG_252	75.2087982288
ARGSYNBSUB-PWY: L-arginine biosynthesis II (acetyl cycle)|g__Anaerostipes.s__Anaerostipes_hadrus	73.2993263780
ARGSYNBSUB-PWY: L-arginine biosynthesis II (acetyl cycle)|g__Streptococcus.s__Streptococcus_thermophilus	72.4828449444
ARGSYNBSUB-PWY: L-arginine biosynthesis II (acetyl cycle)|g__Phascolarctobacterium.s__Phascolarctobacterium_faecium	63.9312636828
ARGSYNBSUB-PWY: L-arginine biosynthesis II (acetyl cycle)|g__Blautia.s__Blautia_sp	57.8766909282
ARGSYNBSUB-PWY: L-arginine biosynthesis II (acetyl cycle)|g__Eubacterium.s__Eubacterium_sp_CAG_38	55.7356126950
ARGSYNBSUB-PWY: L-arginine biosynthesis II (acetyl cycle)|g__Clostridium.s__Clostridium_sp_CAG_75	50.8378902210
ARGSYNBSUB-PWY: L-arginine biosynthesis II (acetyl cycle)|g__Agathobaculum.s__Agathobaculum_butyriciproducens	45.9271965599
ARGSYNBSUB-PWY: L-arginine biosynthesis II (acetyl cycle)|g__Blautia.s__Blautia_sp_CAG_52	44.9047293119
ARGSYNBSUB-PWY: L-arginine biosynthesis II (acetyl cycle)|g__Citrobacter.s__Citrobacter_koseri	44.8491818846
ARGSYNBSUB-PWY: L-arginine biosynthesis II (acetyl cycle)|g__Eubacterium.s__Eubacterium_hallii	40.5702423929
ARGSYNBSUB-PWY: L-arginine biosynthesis II (acetyl cycle)|g__Eubacterium.s__Eubacterium_sp_CAG_274	35.7204843535
ARGSYNBSUB-PWY: L-arginine biosynthesis II (acetyl cycle)|g__Bilophila.s__Bilophila_wadsworthia	33.6303274434
ARGSYNBSUB-PWY: L-arginine biosynthesis II (acetyl cycle)|g__Eubacterium.s__Eubacterium_ramulus	32.9691572418
ARGSYNBSUB-PWY: L-arginine biosynthesis II (acetyl cycle)|g__Bifidobacterium.s__Bifidobacterium_animalis	28.3193054259
ARGSYNBSUB-PWY: L-arginine biosynthesis II (acetyl cycle)|g__Coprococcus.s__Coprococcus_comes	28.1723279826
ARGSYNBSUB-PWY: L-arginine biosynthesis II (acetyl cycle)|g__Fusicatenibacter.s__Fusicatenibacter_saccharivorans	28.0724764171
ARGSYNBSUB-PWY: L-arginine biosynthesis II (acetyl cycle)|g__Clostridium.s__Clostridium_sp_CAG_167	27.9263349270
ARGSYNBSUB-PWY: L-arginine biosynthesis II (acetyl cycle)|g__Eubacterium.s__Eubacterium_sp_AF17_7	26.5685068335
ARGSYNBSUB-PWY: L-arginine biosynthesis II (acetyl cycle)|g__Clostridiales_unclassified.s__Clostridiales_bacterium_KLE1615	25.5962843799
ARGSYNBSUB-PWY: L-arginine biosynthesis II (acetyl cycle)|g__Dorea.s__Dorea_formicigenerans	21.2683841625
ARGSYNBSUB-PWY: L-arginine biosynthesis II (acetyl cycle)|g__Firmicutes_unclassified.s__Firmicutes_bacterium_CAG_114	20.2040753473
ARGSYNBSUB-PWY: L-arginine biosynthesis II (acetyl cycle)|g__Roseburia.s__Roseburia_faecis	18.6284737252
ARGSYNBSUB-PWY: L-arginine biosynthesis II (acetyl cycle)|g__Senegalimassilia.s__Senegalimassilia_anaerobia	18.0816656580
ARGSYNBSUB-PWY: L-arginine biosynthesis II (acetyl cycle)|g__Clostridium.s__Clostridium_sp_AM22_11AC	17.6691210990
ARGSYNBSUB-PWY: L-arginine biosynthesis II (acetyl cycle)|g__Subdoligranulum.s__Subdoligranulum_sp_APC924_74	17.6450995113
ARGSYNBSUB-PWY: L-arginine biosynthesis II (acetyl cycle)|g__Firmicutes_unclassified.s__Firmicutes_bacterium_CAG_56	17.0478744181
ARGSYNBSUB-PWY: L-arginine biosynthesis II (acetyl cycle)|g__Blautia.s__Blautia_obeum	16.2221607710
ARGSYNBSUB-PWY: L-arginine biosynthesis II (acetyl cycle)|g__Eubacterium.s__Eubacterium_sp_36_13	16.2023448066
ARGSYNBSUB-PWY: L-arginine biosynthesis II (acetyl cycle)|g__Eubacterium.s__Eubacterium_ventriosum	14.8506324030
ARGSYNBSUB-PWY: L-arginine biosynthesis II (acetyl cycle)|g__Roseburia.s__Roseburia_sp_CAG_100	14.7840560861
ARGSYNBSUB-PWY: L-arginine biosynthesis II (acetyl cycle)|g__Bifidobacterium.s__Bifidobacterium_adolescentis	14.3798576395
ARGSYNBSUB-PWY: L-arginine biosynthesis II (acetyl cycle)|g__Ruminococcus.s__Ruminococcus_bicirculans	12.8795516858
ARGSYNBSUB-PWY: L-arginine biosynthesis II (acetyl cycle)|g__Roseburia.s__Roseburia_intestinalis	12.0100686465
ARGSYNBSUB-PWY: L-arginine biosynthesis II (acetyl cycle)|g__Lentisphaerae_unclassified.s__Lentisphaerae_bacterium	11.7666405250
ARGSYNBSUB-PWY: L-arginine biosynthesis II (acetyl cycle)|g__Coprococcus.s__Coprococcus_catus	11.0192767029
ARGSYNBSUB-PWY: L-arginine biosynthesis II (acetyl cycle)|g__Victivallis.s__Victivallis_vadensis	10.4895286974
ARGSYNBSUB-PWY: L-arginine biosynthesis II (acetyl cycle)|g__Intestinibacter.s__Intestinibacter_bartlettii	10.1396001334
ARGSYNBSUB-PWY: L-arginine biosynthesis II (acetyl cycle)|g__Ruminococcus.s__Ruminococcus_sp_AF31_8BH	3.7500940535
PWY-5667: CDP-diacylglycerol biosynthesis I	8366.7106430416
PWY-5667: CDP-diacylglycerol biosynthesis I|unclassified	1418.6854766982
PWY-5667: CDP-diacylglycerol biosynthesis I|g__Bacteroides.s__Bacteroides_uniformis	635.2058737806
PWY-5667: CDP-diacylglycerol biosynthesis I|g__Faecalibacterium.s__Faecalibacterium_prausnitzii	587.5814696013
PWY-5667: CDP-diacylglycerol biosynthesis I|g__Lachnospiraceae_unclassified.s__Eubacterium_rectale	512.9083809179
PWY-5667: CDP-diacylglycerol biosynthesis I|g__Blautia.s__Ruminococcus_torques	423.2117932631
PWY-5667: CDP-diacylglycerol biosynthesis I|g__Alistipes.s__Alistipes_finegoldii	241.7548874822
PWY-5667: CDP-diacylglycerol biosynthesis I|g__Bacteroides.s__Bacteroides_massiliensis	241.5264143247
PWY-5667: CDP-diacylglycerol biosynthesis I|g__Bacteroides.s__Bacteroides_thetaiotaomicron	181.5737600506
PWY-5667: CDP-diacylglycerol biosynthesis I|g__Bacteroides.s__Bacteroides_salyersiae	177.8753784383
PWY-5667: CDP-diacylglycerol biosynthesis I|g__Bacteroides.s__Bacteroides_cellulosilyticus	171.5689386654
PWY-5667: CDP-diacylglycerol biosynthesis I|g__Bacteroides.s__Bacteroides_vulgatus	161.2650340605
PWY-5667: CDP-diacylglycerol biosynthesis I|g__Parabacteroides.s__Parabacteroides_goldsteinii	146.1573421526
PWY-5667: CDP-diacylglycerol biosynthesis I|g__Blautia.s__Blautia_obeum	140.6712137571
PWY-5667: CDP-diacylglycerol biosynthesis I|g__Blautia.s__Blautia_wexlerae	129.6823444916
PWY-5667: CDP-diacylglycerol biosynthesis I|g__Bacteroides.s__Bacteroides_dorei	90.2560828342
PWY-5667: CDP-diacylglycerol biosynthesis I|g__Anaerostipes.s__Anaerostipes_hadrus	78.5783256050
PWY-5667: CDP-diacylglycerol biosynthesis I|g__Eubacterium.s__Eubacterium_sp_CAG_252	66.8011919598
PWY-5667: CDP-diacylglycerol biosynthesis I|g__Eubacterium.s__Eubacterium_hallii	64.7075782552
PWY-5667: CDP-diacylglycerol biosynthesis I|g__Citrobacter.s__Citrobacter_koseri	60.0465036497
PWY-5667: CDP-diacylglycerol biosynthesis I|g__Bacteroides.s__Bacteroides_caccae	51.9783359768
PWY-5667: CDP-diacylglycerol biosynthesis I|g__Blautia.s__Blautia_sp	50.4736177696
PWY-5667: CDP-diacylglycerol biosynthesis I|g__Eubacterium.s__Eubacterium_sp_CAG_38	49.4220633677
PWY-5667: CDP-diacylglycerol biosynthesis I|g__Clostridium.s__Clostridium_sp_CAG_75	47.5950679493
PWY-5667: CDP-diacylglycerol biosynthesis I|g__Streptococcus.s__Streptococcus_thermophilus	43.9701693343
PWY-5667: CDP-diacylglycerol biosynthesis I|g__Parabacteroides.s__Parabacteroides_distasonis	41.9642097960
PWY-5667: CDP-diacylglycerol biosynthesis I|g__Barnesiella.s__Barnesiella_intestinihominis	39.8445907612
PWY-5667: CDP-diacylglycerol biosynthesis I|g__Fusicatenibacter.s__Fusicatenibacter_saccharivorans	36.9012233792
PWY-5667: CDP-diacylglycerol biosynthesis I|g__Firmicutes_unclassified.s__Firmicutes_bacterium_CAG_41	29.0728975762
PWY-5667: CDP-diacylglycerol biosynthesis I|g__Coprococcus.s__Coprococcus_comes	28.8915941785
PWY-5667: CDP-diacylglycerol biosynthesis I|g__Eubacterium.s__Eubacterium_ramulus	28.1302346500
PWY-5667: CDP-diacylglycerol biosynthesis I|g__Roseburia.s__Roseburia_faecis	22.8686452025
PWY-5667: CDP-diacylglycerol biosynthesis I|g__Dorea.s__Dorea_formicigenerans	22.4689596667
PWY-5667: CDP-diacylglycerol biosynthesis I|g__Prevotella.s__Prevotella_sp_CAG_485	19.2978986879
PWY-5667: CDP-diacylglycerol biosynthesis I|g__Subdoligranulum.s__Subdoligranulum_sp_APC924_74	19.0706576254
PWY-5667: CDP-diacylglycerol biosynthesis I|g__Clostridium.s__Clostridium_sp_CAG_167	17.9473665182
PWY-5667: CDP-diacylglycerol biosynthesis I|g__Eubacterium.s__Eubacterium_sp_AF17_7	17.6856130560
PWY-5667: CDP-diacylglycerol biosynthesis I|g__Dorea.s__Dorea_longicatena	16.5417112884
PWY-5667: CDP-diacylglycerol biosynthesis I|g__Bacteroides.s__Bacteroides_faecis	15.4195622238
PWY-5667: CDP-diacylglycerol biosynthesis I|g__Clostridiales_unclassified.s__Clostridiales_bacterium_KLE1615	15.3359201522
PWY-5667: CDP-diacylglycerol biosynthesis I|g__Bacteroides.s__Bacteroides_ovatus	14.0596731682
PWY-5667: CDP-diacylglycerol biosynthesis I|g__Firmicutes_unclassified.s__Firmicutes_bacterium_CAG_56	13.5779953214
PWY-5667: CDP-diacylglycerol biosynthesis I|g__Intestinibacter.s__Intestinibacter_bartlettii	12.9309830162
PWY-5667: CDP-diacylglycerol biosynthesis I|g__Bacteroides.s__Bacteroides_sp_CAG_144	10.6897969200
PWY-5667: CDP-diacylglycerol biosynthesis I|g__Roseburia.s__Roseburia_sp_CAG_100	10.5613358703
PWY-5667: CDP-diacylglycerol biosynthesis I|g__Alistipes.s__Alistipes_indistinctus	9.1382330042
PWY-5667: CDP-diacylglycerol biosynthesis I|g__Ruminococcus.s__Ruminococcus_sp_AF31_8BH	4.3621387253
PWY0-1319: CDP-diacylglycerol biosynthesis II	8366.7106430416
PWY0-1319: CDP-diacylglycerol biosynthesis II|unclassified	1418.6854766982
PWY0-1319: CDP-diacylglycerol biosynthesis II|g__Bacteroides.s__Bacteroides_uniformis	635.2058737806
PWY0-1319: CDP-diacylglycerol biosynthesis II|g__Faecalibacterium.s__Faecalibacterium_prausnitzii	587.5814696013
PWY0-1319: CDP-diacylglycerol biosynthesis II|g__Lachnospiraceae_unclassified.s__Eubacterium_rectale	512.9083809179
PWY0-1319: CDP-diacylglycerol biosynthesis II|g__Blautia.s__Ruminococcus_torques	423.2117932631
PWY0-1319: CDP-diacylglycerol biosynthesis II|g__Alistipes.s__Alistipes_finegoldii	241.7548874822
PWY0-1319: CDP-diacylglycerol biosynthesis II|g__Bacteroides.s__Bacteroides_massiliensis	241.5264143247
PWY0-1319: CDP-diacylglycerol biosynthesis II|g__Bacteroides.s__Bacteroides_thetaiotaomicron	181.5737600506
PWY0-1319: CDP-diacylglycerol biosynthesis II|g__Bacteroides.s__Bacteroides_salyersiae	177.8753784383
PWY0-1319: CDP-diacylglycerol biosynthesis II|g__Bacteroides.s__Bacteroides_cellulosilyticus	171.5689386654
PWY0-1319: CDP-diacylglycerol biosynthesis II|g__Bacteroides.s__Bacteroides_vulgatus	161.2650340605
PWY0-1319: CDP-diacylglycerol biosynthesis II|g__Parabacteroides.s__Parabacteroides_goldsteinii	146.1573421526
PWY0-1319: CDP-diacylglycerol biosynthesis II|g__Blautia.s__Blautia_obeum	140.6712137571
PWY0-1319: CDP-diacylglycerol biosynthesis II|g__Blautia.s__Blautia_wexlerae	129.6823444916
PWY0-1319: CDP-diacylglycerol biosynthesis II|g__Bacteroides.s__Bacteroides_dorei	90.2560828342
PWY0-1319: CDP-diacylglycerol biosynthesis II|g__Anaerostipes.s__Anaerostipes_hadrus	78.5783256050
PWY0-1319: CDP-diacylglycerol biosynthesis II|g__Eubacterium.s__Eubacterium_sp_CAG_252	66.8011919598
PWY0-1319: CDP-diacylglycerol biosynthesis II|g__Eubacterium.s__Eubacterium_hallii	64.7075782552
PWY0-1319: CDP-diacylglycerol biosynthesis II|g__Citrobacter.s__Citrobacter_koseri	60.0465036497
PWY0-1319: CDP-diacylglycerol biosynthesis II|g__Bacteroides.s__Bacteroides_caccae	51.9783359768
PWY0-1319: CDP-diacylglycerol biosynthesis II|g__Blautia.s__Blautia_sp	50.4736177696
PWY0-1319: CDP-diacylglycerol biosynthesis II|g__Eubacterium.s__Eubacterium_sp_CAG_38	49.4220633677
PWY0-1319: CDP-diacylglycerol biosynthesis II|g__Clostridium.s__Clostridium_sp_CAG_75	47.5950679493
PWY0-1319: CDP-diacylglycerol biosynthesis II|g__Streptococcus.s__Streptococcus_thermophilus	43.9701693343
PWY0-1319: CDP-diacylglycerol biosynthesis II|g__Parabacteroides.s__Parabacteroides_distasonis	41.9642097960
PWY0-1319: CDP-diacylglycerol biosynthesis II|g__Barnesiella.s__Barnesiella_intestinihominis	39.8445907612
PWY0-1319: CDP-diacylglycerol biosynthesis II|g__Fusicatenibacter.s__Fusicatenibacter_saccharivorans	36.9012233792
PWY0-1319: CDP-diacylglycerol biosynthesis II|g__Firmicutes_unclassified.s__Firmicutes_bacterium_CAG_41	29.0728975762
PWY0-1319: CDP-diacylglycerol biosynthesis II|g__Coprococcus.s__Coprococcus_comes	28.8915941785
PWY0-1319: CDP-diacylglycerol biosynthesis II|g__Eubacterium.s__Eubacterium_ramulus	28.1302346500
PWY0-1319: CDP-diacylglycerol biosynthesis II|g__Roseburia.s__Roseburia_faecis	22.8686452025
PWY0-1319: CDP-diacylglycerol biosynthesis II|g__Dorea.s__Dorea_formicigenerans	22.4689596667
PWY0-1319: CDP-diacylglycerol biosynthesis II|g__Prevotella.s__Prevotella_sp_CAG_485	19.2978986879
PWY0-1319: CDP-diacylglycerol biosynthesis II|g__Subdoligranulum.s__Subdoligranulum_sp_APC924_74	19.0706576254
PWY0-1319: CDP-diacylglycerol biosynthesis II|g__Clostridium.s__Clostridium_sp_CAG_167	17.9473665182
PWY0-1319: CDP-diacylglycerol biosynthesis II|g__Eubacterium.s__Eubacterium_sp_AF17_7	17.6856130560
PWY0-1319: CDP-diacylglycerol biosynthesis II|g__Dorea.s__Dorea_longicatena	16.5417112884
PWY0-1319: CDP-diacylglycerol biosynthesis II|g__Bacteroides.s__Bacteroides_faecis	15.4195622238
PWY0-1319: CDP-diacylglycerol biosynthesis II|g__Clostridiales_unclassified.s__Clostridiales_bacterium_KLE1615	15.3359201522
PWY0-1319: CDP-diacylglycerol biosynthesis II|g__Bacteroides.s__Bacteroides_ovatus	14.0596731682
PWY0-1319: CDP-diacylglycerol biosynthesis II|g__Firmicutes_unclassified.s__Firmicutes_bacterium_CAG_56	13.5779953214
PWY0-1319: CDP-diacylglycerol biosynthesis II|g__Intestinibacter.s__Intestinibacter_bartlettii	12.9309830162
PWY0-1319: CDP-diacylglycerol biosynthesis II|g__Bacteroides.s__Bacteroides_sp_CAG_144	10.6897969200
PWY0-1319: CDP-diacylglycerol biosynthesis II|g__Roseburia.s__Roseburia_sp_CAG_100	10.5613358703
PWY0-1319: CDP-diacylglycerol biosynthesis II|g__Alistipes.s__Alistipes_indistinctus	9.1382330042
PWY0-1319: CDP-diacylglycerol biosynthesis II|g__Ruminococcus.s__Ruminococcus_sp_AF31_8BH	4.3621387253
CALVIN-PWY: Calvin-Benson-Bassham cycle	8364.7891079600
CALVIN-PWY: Calvin-Benson-Bassham cycle|unclassified	1089.8690045313
CALVIN-PWY: Calvin-Benson-Bassham cycle|g__Blautia.s__Ruminococcus_torques	680.8494832507
CALVIN-PWY: Calvin-Benson-Bassham cycle|g__Lachnospiraceae_unclassified.s__Eubacterium_rectale	428.4269052980
CALVIN-PWY: Calvin-Benson-Bassham cycle|g__Prevotella.s__Prevotella_copri	412.6833643638
CALVIN-PWY: Calvin-Benson-Bassham cycle|g__Blautia.s__Blautia_wexlerae	271.6403813543
CALVIN-PWY: Calvin-Benson-Bassham cycle|g__Bacteroides.s__Bacteroides_salyersiae	168.7165663824
CALVIN-PWY: Calvin-Benson-Bassham cycle|g__Eubacterium.s__Eubacterium_hallii	101.9386587539
CALVIN-PWY: Calvin-Benson-Bassham cycle|g__Anaerostipes.s__Anaerostipes_hadrus	87.6112050097
CALVIN-PWY: Calvin-Benson-Bassham cycle|g__Blautia.s__Blautia_sp	68.5964360058
CALVIN-PWY: Calvin-Benson-Bassham cycle|g__Faecalibacterium.s__Faecalibacterium_prausnitzii	68.3868982844
CALVIN-PWY: Calvin-Benson-Bassham cycle|g__Fusicatenibacter.s__Fusicatenibacter_saccharivorans	44.5420200701
CALVIN-PWY: Calvin-Benson-Bassham cycle|g__Citrobacter.s__Citrobacter_koseri	39.9557918462
CALVIN-PWY: Calvin-Benson-Bassham cycle|g__Blautia.s__Blautia_obeum	35.7367740497
CALVIN-PWY: Calvin-Benson-Bassham cycle|g__Roseburia.s__Roseburia_faecis	31.7529641504
CALVIN-PWY: Calvin-Benson-Bassham cycle|g__Clostridium.s__Clostridium_sp_AM22_11AC	18.0295739454
CALVIN-PWY: Calvin-Benson-Bassham cycle|g__Clostridium.s__Clostridium_sp_CAG_58	10.5351586063
CALVIN-PWY: Calvin-Benson-Bassham cycle|g__Ruminococcus.s__Ruminococcus_sp_AF31_8BH	9.2378868299
PWY66-429: fatty acid biosynthesis initiation (mitochondria)	8321.1021207894
PWY66-429: fatty acid biosynthesis initiation (mitochondria)|unclassified	1238.5446382220
PWY66-429: fatty acid biosynthesis initiation (mitochondria)|g__Bacteroides.s__Bacteroides_uniformis	594.2751757391
PWY66-429: fatty acid biosynthesis initiation (mitochondria)|g__Blautia.s__Ruminococcus_torques	460.3151017236
PWY66-429: fatty acid biosynthesis initiation (mitochondria)|g__Bacteroides.s__Bacteroides_vulgatus	274.8400379029
PWY66-429: fatty acid biosynthesis initiation (mitochondria)|g__Bacteroides.s__Bacteroides_massiliensis	262.4813870109
PWY66-429: fatty acid biosynthesis initiation (mitochondria)|g__Bacteroides.s__Bacteroides_salyersiae	228.1895000983
PWY66-429: fatty acid biosynthesis initiation (mitochondria)|g__Bacteroides.s__Bacteroides_thetaiotaomicron	191.6878155166
PWY66-429: fatty acid biosynthesis initiation (mitochondria)|g__Bacteroides.s__Bacteroides_intestinalis	184.1819715736
PWY66-429: fatty acid biosynthesis initiation (mitochondria)|g__Bacteroides.s__Bacteroides_dorei	158.9921590203
PWY66-429: fatty acid biosynthesis initiation (mitochondria)|g__Parabacteroides.s__Parabacteroides_goldsteinii	130.6686083571
PWY66-429: fatty acid biosynthesis initiation (mitochondria)|g__Blautia.s__Blautia_wexlerae	123.4904573728
PWY66-429: fatty acid biosynthesis initiation (mitochondria)|g__Ruminococcus.s__Ruminococcus_callidus	111.2426447674
PWY66-429: fatty acid biosynthesis initiation (mitochondria)|g__Anaerostipes.s__Anaerostipes_hadrus	98.6707619732
PWY66-429: fatty acid biosynthesis initiation (mitochondria)|g__Blautia.s__Blautia_obeum	89.9650037982
PWY66-429: fatty acid biosynthesis initiation (mitochondria)|g__Sutterella.s__Sutterella_wadsworthensis	66.9934458307
PWY66-429: fatty acid biosynthesis initiation (mitochondria)|g__Agathobaculum.s__Agathobaculum_butyriciproducens	65.0624881610
PWY66-429: fatty acid biosynthesis initiation (mitochondria)|g__Blautia.s__Blautia_sp	64.9442748371
PWY66-429: fatty acid biosynthesis initiation (mitochondria)|g__Faecalibacterium.s__Faecalibacterium_prausnitzii	62.4619910793
PWY66-429: fatty acid biosynthesis initiation (mitochondria)|g__Bacteroides.s__Bacteroides_caccae	62.3472251407
PWY66-429: fatty acid biosynthesis initiation (mitochondria)|g__Clostridium.s__Clostridium_sp_CAG_75	59.1368823452
PWY66-429: fatty acid biosynthesis initiation (mitochondria)|g__Blautia.s__Blautia_sp_CAG_52	57.0850100023
PWY66-429: fatty acid biosynthesis initiation (mitochondria)|g__Streptococcus.s__Streptococcus_thermophilus	55.4696766322
PWY66-429: fatty acid biosynthesis initiation (mitochondria)|g__Eubacterium.s__Eubacterium_sp_CAG_38	49.3419243303
PWY66-429: fatty acid biosynthesis initiation (mitochondria)|g__Parabacteroides.s__Parabacteroides_distasonis	46.2959102150
PWY66-429: fatty acid biosynthesis initiation (mitochondria)|g__Clostridium.s__Clostridium_sp_CAG_245	46.1348403916
PWY66-429: fatty acid biosynthesis initiation (mitochondria)|g__Citrobacter.s__Citrobacter_koseri	44.8182529523
PWY66-429: fatty acid biosynthesis initiation (mitochondria)|g__Fusicatenibacter.s__Fusicatenibacter_saccharivorans	37.6160468891
PWY66-429: fatty acid biosynthesis initiation (mitochondria)|g__Bacteroides.s__Bacteroides_faecis	35.1435792364
PWY66-429: fatty acid biosynthesis initiation (mitochondria)|g__Eubacterium.s__Eubacterium_hallii	28.5692158740
PWY66-429: fatty acid biosynthesis initiation (mitochondria)|g__Coprococcus.s__Coprococcus_comes	27.8445009436
PWY66-429: fatty acid biosynthesis initiation (mitochondria)|g__Eubacterium.s__Eubacterium_ramulus	27.8008246714
PWY66-429: fatty acid biosynthesis initiation (mitochondria)|g__Clostridiales_unclassified.s__Clostridiales_bacterium_KLE1615	26.4480368134
PWY66-429: fatty acid biosynthesis initiation (mitochondria)|g__Dorea.s__Dorea_formicigenerans	22.3856884781
PWY66-429: fatty acid biosynthesis initiation (mitochondria)|g__Eubacterium.s__Eubacterium_ventriosum	18.7763732879
PWY66-429: fatty acid biosynthesis initiation (mitochondria)|g__Bacteroides.s__Bacteroides_sp_CAG_144	18.4569321165
PWY66-429: fatty acid biosynthesis initiation (mitochondria)|g__Clostridium.s__Clostridium_sp_AM22_11AC	18.2140757817
PWY66-429: fatty acid biosynthesis initiation (mitochondria)|g__Dorea.s__Dorea_longicatena	16.8705114926
PWY66-429: fatty acid biosynthesis initiation (mitochondria)|g__Eubacterium.s__Eubacterium_sp_AF17_7	15.9337795113
PWY66-429: fatty acid biosynthesis initiation (mitochondria)|g__Bacteroides.s__Bacteroides_ovatus	14.3164329535
PWY66-429: fatty acid biosynthesis initiation (mitochondria)|g__Victivallis.s__Victivallis_vadensis	14.0762461128
PWY66-429: fatty acid biosynthesis initiation (mitochondria)|g__Lachnospira.s__Lachnospira_pectinoschiza	13.7249485264
PWY66-429: fatty acid biosynthesis initiation (mitochondria)|g__Ruminococcus.s__Ruminococcus_bicirculans	11.8531463425
PWY66-429: fatty acid biosynthesis initiation (mitochondria)|g__Senegalimassilia.s__Senegalimassilia_anaerobia	11.4396348749
PWY66-429: fatty acid biosynthesis initiation (mitochondria)|g__Clostridium.s__Clostridium_sp_CAG_58	11.2668665114
PWY66-429: fatty acid biosynthesis initiation (mitochondria)|g__Bacteroides.s__Bacteroides_cellulosilyticus	9.4388270009
PWY66-429: fatty acid biosynthesis initiation (mitochondria)|g__Blautia.s__Blautia_sp_AF19_10LB	9.4251771522
PWY66-429: fatty acid biosynthesis initiation (mitochondria)|g__Coprobacter.s__Coprobacter_secundus	8.6966058776
PWY0-1296: purine ribonucleosides degradation	8125.9457248719
PWY0-1296: purine ribonucleosides degradation|unclassified	1627.3042713656
PWY0-1296: purine ribonucleosides degradation|g__Faecalibacterium.s__Faecalibacterium_prausnitzii	793.0168699645
PWY0-1296: purine ribonucleosides degradation|g__Blautia.s__Ruminococcus_torques	706.6735185078
PWY0-1296: purine ribonucleosides degradation|g__Firmicutes_unclassified.s__Firmicutes_bacterium_CAG_110	706.3974906414
PWY0-1296: purine ribonucleosides degradation|g__Faecalibacterium.s__Faecalibacterium_sp_CAG_74	609.7616791752
PWY0-1296: purine ribonucleosides degradation|g__Lachnospiraceae_unclassified.s__Eubacterium_rectale	404.5593920765
PWY0-1296: purine ribonucleosides degradation|g__Gemmiger.s__Gemmiger_formicilis	179.6740446108
PWY0-1296: purine ribonucleosides degradation|g__Blautia.s__Blautia_obeum	157.7688242441
PWY0-1296: purine ribonucleosides degradation|g__Blautia.s__Blautia_wexlerae	153.9693005656
PWY0-1296: purine ribonucleosides degradation|g__Anaerostipes.s__Anaerostipes_hadrus	115.6985278376
PWY0-1296: purine ribonucleosides degradation|g__Phascolarctobacterium.s__Phascolarctobacterium_faecium	70.1553052787
PWY0-1296: purine ribonucleosides degradation|g__Blautia.s__Blautia_sp	63.5019275642
PWY0-1296: purine ribonucleosides degradation|g__Streptococcus.s__Streptococcus_thermophilus	57.4463343201
PWY0-1296: purine ribonucleosides degradation|g__Citrobacter.s__Citrobacter_koseri	57.2017743483
PWY0-1296: purine ribonucleosides degradation|g__Eubacterium.s__Eubacterium_sp_CAG_38	57.0929116665
PWY0-1296: purine ribonucleosides degradation|g__Firmicutes_unclassified.s__Firmicutes_bacterium_CAG_475	57.0108332718
PWY0-1296: purine ribonucleosides degradation|g__Dorea.s__Dorea_longicatena	56.6439622126
PWY0-1296: purine ribonucleosides degradation|g__Clostridium.s__Clostridium_sp_CAG_245	52.2464472205
PWY0-1296: purine ribonucleosides degradation|g__Fusicatenibacter.s__Fusicatenibacter_saccharivorans	49.4497514413
PWY0-1296: purine ribonucleosides degradation|g__Eubacterium.s__Eubacterium_ramulus	44.4352147743
PWY0-1296: purine ribonucleosides degradation|g__Clostridium.s__Clostridium_sp_CAG_75	42.1847147640
PWY0-1296: purine ribonucleosides degradation|g__Clostridiales_unclassified.s__Clostridiales_bacterium_KLE1615	35.9668348601
PWY0-1296: purine ribonucleosides degradation|g__Blautia.s__Blautia_sp_CAG_52	34.1511566739
PWY0-1296: purine ribonucleosides degradation|g__Firmicutes_unclassified.s__Firmicutes_bacterium_CAG_124	28.6792144158
PWY0-1296: purine ribonucleosides degradation|g__Coprococcus.s__Coprococcus_comes	27.8121516775
PWY0-1296: purine ribonucleosides degradation|g__Clostridium.s__Clostridium_sp_CAG_58	23.9483735427
PWY0-1296: purine ribonucleosides degradation|g__Eubacterium.s__Eubacterium_sp_CAG_274	21.7240069421
PWY0-1296: purine ribonucleosides degradation|g__Roseburia.s__Roseburia_sp_CAG_100	20.8059136526
PWY0-1296: purine ribonucleosides degradation|g__Dorea.s__Dorea_formicigenerans	15.6157740053
PWY0-1296: purine ribonucleosides degradation|g__Coprococcus.s__Coprococcus_catus	15.0647458160
PWY0-1296: purine ribonucleosides degradation|g__Anaerotruncus.s__Anaerotruncus_colihominis	13.6952447097
PWY0-1296: purine ribonucleosides degradation|g__Subdoligranulum.s__Subdoligranulum_sp_APC924_74	9.0288175828
PWY0-1296: purine ribonucleosides degradation|g__Ruminococcus.s__Ruminococcus_sp_AF31_8BH	8.2015041056
PWY0-1296: purine ribonucleosides degradation|g__Roseburia.s__Roseburia_faecis	7.6270455033
PWY0-1296: purine ribonucleosides degradation|g__Clostridium.s__Clostridium_sp_AM22_11AC	5.8993430758
COA-PWY: coenzyme A biosynthesis I (prokaryotic)	8104.4190564752
COA-PWY: coenzyme A biosynthesis I (prokaryotic)|unclassified	1096.4779562472
COA-PWY: coenzyme A biosynthesis I (prokaryotic)|g__Faecalibacterium.s__Faecalibacterium_prausnitzii	615.2871568927
COA-PWY: coenzyme A biosynthesis I (prokaryotic)|g__Bacteroides.s__Bacteroides_uniformis	581.1984508609
COA-PWY: coenzyme A biosynthesis I (prokaryotic)|g__Firmicutes_unclassified.s__Firmicutes_bacterium_CAG_110	563.8375665261
COA-PWY: coenzyme A biosynthesis I (prokaryotic)|g__Lachnospiraceae_unclassified.s__Eubacterium_rectale	488.0280125335
COA-PWY: coenzyme A biosynthesis I (prokaryotic)|g__Blautia.s__Ruminococcus_torques	435.5625412520
COA-PWY: coenzyme A biosynthesis I (prokaryotic)|g__Faecalibacterium.s__Faecalibacterium_sp_CAG_74	422.2009227628
COA-PWY: coenzyme A biosynthesis I (prokaryotic)|g__Alistipes.s__Alistipes_finegoldii	363.2961130927
COA-PWY: coenzyme A biosynthesis I (prokaryotic)|g__Bacteroides.s__Bacteroides_massiliensis	216.8959035376
COA-PWY: coenzyme A biosynthesis I (prokaryotic)|g__Bacteroides.s__Bacteroides_cellulosilyticus	198.1011277697
COA-PWY: coenzyme A biosynthesis I (prokaryotic)|g__Bacteroides.s__Bacteroides_thetaiotaomicron	188.3840211176
COA-PWY: coenzyme A biosynthesis I (prokaryotic)|g__Bacteroides.s__Bacteroides_salyersiae	176.7117755796
COA-PWY: coenzyme A biosynthesis I (prokaryotic)|g__Gemmiger.s__Gemmiger_formicilis	151.6401102790
COA-PWY: coenzyme A biosynthesis I (prokaryotic)|g__Bacteroides.s__Bacteroides_vulgatus	149.4962923443
COA-PWY: coenzyme A biosynthesis I (prokaryotic)|g__Blautia.s__Blautia_obeum	143.1976893002
COA-PWY: coenzyme A biosynthesis I (prokaryotic)|g__Blautia.s__Blautia_wexlerae	117.7107689440
COA-PWY: coenzyme A biosynthesis I (prokaryotic)|g__Parabacteroides.s__Parabacteroides_goldsteinii	108.2628770245
COA-PWY: coenzyme A biosynthesis I (prokaryotic)|g__Ruminococcus.s__Ruminococcus_callidus	102.7796342326
COA-PWY: coenzyme A biosynthesis I (prokaryotic)|g__Bacteroides.s__Bacteroides_dorei	101.2874725905
COA-PWY: coenzyme A biosynthesis I (prokaryotic)|g__Sutterella.s__Sutterella_wadsworthensis	92.3545030725
COA-PWY: coenzyme A biosynthesis I (prokaryotic)|g__Eubacterium.s__Eubacterium_sp_CAG_252	81.4877768039
COA-PWY: coenzyme A biosynthesis I (prokaryotic)|g__Anaerostipes.s__Anaerostipes_hadrus	75.1019256583
COA-PWY: coenzyme A biosynthesis I (prokaryotic)|g__Phascolarctobacterium.s__Phascolarctobacterium_faecium	67.3410776139
COA-PWY: coenzyme A biosynthesis I (prokaryotic)|g__Blautia.s__Blautia_sp	66.5498256681
COA-PWY: coenzyme A biosynthesis I (prokaryotic)|g__Odoribacter.s__Odoribacter_splanchnicus	56.7067504346
COA-PWY: coenzyme A biosynthesis I (prokaryotic)|g__Bacteroides.s__Bacteroides_caccae	52.4702190258
COA-PWY: coenzyme A biosynthesis I (prokaryotic)|g__Butyricimonas.s__Butyricimonas_virosa	45.7509869363
COA-PWY: coenzyme A biosynthesis I (prokaryotic)|g__Eubacterium.s__Eubacterium_hallii	45.6257961618
COA-PWY: coenzyme A biosynthesis I (prokaryotic)|g__Blautia.s__Blautia_sp_CAG_52	44.9328742435
COA-PWY: coenzyme A biosynthesis I (prokaryotic)|g__Agathobaculum.s__Agathobaculum_butyriciproducens	44.0404654484
COA-PWY: coenzyme A biosynthesis I (prokaryotic)|g__Streptococcus.s__Streptococcus_thermophilus	41.1569602219
COA-PWY: coenzyme A biosynthesis I (prokaryotic)|g__Barnesiella.s__Barnesiella_intestinihominis	39.6929086794
COA-PWY: coenzyme A biosynthesis I (prokaryotic)|g__Dorea.s__Dorea_formicigenerans	37.0069595524
COA-PWY: coenzyme A biosynthesis I (prokaryotic)|g__Parabacteroides.s__Parabacteroides_distasonis	36.5580386609
COA-PWY: coenzyme A biosynthesis I (prokaryotic)|g__Eubacterium.s__Eubacterium_sp_CAG_274	36.0115090473
COA-PWY: coenzyme A biosynthesis I (prokaryotic)|g__Firmicutes_unclassified.s__Firmicutes_bacterium_CAG_41	35.4778174472
COA-PWY: coenzyme A biosynthesis I (prokaryotic)|g__Prevotella.s__Prevotella_sp_CAG_485	35.0859056112
COA-PWY: coenzyme A biosynthesis I (prokaryotic)|g__Citrobacter.s__Citrobacter_koseri	34.7290013072
COA-PWY: coenzyme A biosynthesis I (prokaryotic)|g__Bilophila.s__Bilophila_wadsworthia	31.9668043941
COA-PWY: coenzyme A biosynthesis I (prokaryotic)|g__Coprococcus.s__Coprococcus_comes	28.9402140298
COA-PWY: coenzyme A biosynthesis I (prokaryotic)|g__Fusicatenibacter.s__Fusicatenibacter_saccharivorans	28.1430253058
COA-PWY: coenzyme A biosynthesis I (prokaryotic)|g__Eubacterium.s__Eubacterium_ramulus	25.8838987904
COA-PWY: coenzyme A biosynthesis I (prokaryotic)|g__Bacteroides.s__Bacteroides_faecis	25.1526198788
COA-PWY: coenzyme A biosynthesis I (prokaryotic)|g__Roseburia.s__Roseburia_faecis	21.7577714674
COA-PWY: coenzyme A biosynthesis I (prokaryotic)|g__Firmicutes_unclassified.s__Firmicutes_bacterium_CAG_475	21.0427634783
COA-PWY: coenzyme A biosynthesis I (prokaryotic)|g__Bacteroides.s__Bacteroides_sp_CAG_144	20.8528277131
COA-PWY: coenzyme A biosynthesis I (prokaryotic)|g__Clostridium.s__Clostridium_sp_AM22_11AC	20.2267265721
COA-PWY: coenzyme A biosynthesis I (prokaryotic)|g__Bacteroides.s__Bacteroides_ovatus	17.8638132620
COA-PWY: coenzyme A biosynthesis I (prokaryotic)|g__Eubacterium.s__Eubacterium_ventriosum	17.6187538078
COA-PWY: coenzyme A biosynthesis I (prokaryotic)|g__Firmicutes_unclassified.s__Firmicutes_bacterium_CAG_114	15.0977256295
COA-PWY: coenzyme A biosynthesis I (prokaryotic)|g__Subdoligranulum.s__Subdoligranulum_sp_APC924_74	15.0194929255
COA-PWY: coenzyme A biosynthesis I (prokaryotic)|g__Senegalimassilia.s__Senegalimassilia_anaerobia	14.6106584082
COA-PWY: coenzyme A biosynthesis I (prokaryotic)|g__Eubacterium.s__Eubacterium_sp_AF17_7	14.3015321456
COA-PWY: coenzyme A biosynthesis I (prokaryotic)|g__Butyricimonas.s__Butyricimonas_synergistica	14.0601655134
COA-PWY: coenzyme A biosynthesis I (prokaryotic)|g__Roseburia.s__Roseburia_intestinalis	12.5472564030
COA-PWY: coenzyme A biosynthesis I (prokaryotic)|g__Firmicutes_unclassified.s__Firmicutes_bacterium_CAG_56	12.5208903325
COA-PWY: coenzyme A biosynthesis I (prokaryotic)|g__Ruminococcus.s__Ruminococcus_bicirculans	12.4926911425
COA-PWY: coenzyme A biosynthesis I (prokaryotic)|g__Clostridium.s__Clostridium_sp_CAG_58	11.2960538403
COA-PWY: coenzyme A biosynthesis I (prokaryotic)|g__Lactococcus.s__Lactococcus_lactis	11.0292638009
COA-PWY: coenzyme A biosynthesis I (prokaryotic)|g__Bifidobacterium.s__Bifidobacterium_adolescentis	10.8364427172
COA-PWY: coenzyme A biosynthesis I (prokaryotic)|g__Alistipes.s__Alistipes_indistinctus	10.2460836703
COA-PWY: coenzyme A biosynthesis I (prokaryotic)|g__Intestinibacter.s__Intestinibacter_bartlettii	9.8559982773
COA-PWY: coenzyme A biosynthesis I (prokaryotic)|g__Blautia.s__Blautia_sp_AF19_10LB	7.0562000454
COA-PWY: coenzyme A biosynthesis I (prokaryotic)|g__Parabacteroides.s__Parabacteroides_merdae	2.2945652568
PWY-7851: coenzyme A biosynthesis II (eukaryotic)	8104.4190564752
PWY-7851: coenzyme A biosynthesis II (eukaryotic)|unclassified	1090.8165522073
PWY-7851: coenzyme A biosynthesis II (eukaryotic)|g__Faecalibacterium.s__Faecalibacterium_prausnitzii	600.5527290886
PWY-7851: coenzyme A biosynthesis II (eukaryotic)|g__Bacteroides.s__Bacteroides_uniformis	581.1984508609
PWY-7851: coenzyme A biosynthesis II (eukaryotic)|g__Firmicutes_unclassified.s__Firmicutes_bacterium_CAG_110	563.8375665261
PWY-7851: coenzyme A biosynthesis II (eukaryotic)|g__Blautia.s__Ruminococcus_torques	426.2461363843
PWY-7851: coenzyme A biosynthesis II (eukaryotic)|g__Faecalibacterium.s__Faecalibacterium_sp_CAG_74	378.2391605119
PWY-7851: coenzyme A biosynthesis II (eukaryotic)|g__Alistipes.s__Alistipes_finegoldii	343.2180322718
PWY-7851: coenzyme A biosynthesis II (eukaryotic)|g__Bacteroides.s__Bacteroides_thetaiotaomicron	188.3840211176
PWY-7851: coenzyme A biosynthesis II (eukaryotic)|g__Bacteroides.s__Bacteroides_salyersiae	171.7127327780
PWY-7851: coenzyme A biosynthesis II (eukaryotic)|g__Gemmiger.s__Gemmiger_formicilis	151.6401102790
PWY-7851: coenzyme A biosynthesis II (eukaryotic)|g__Bacteroides.s__Bacteroides_vulgatus	146.0524109688
PWY-7851: coenzyme A biosynthesis II (eukaryotic)|g__Bacteroides.s__Bacteroides_cellulosilyticus	124.4534161369
PWY-7851: coenzyme A biosynthesis II (eukaryotic)|g__Parabacteroides.s__Parabacteroides_goldsteinii	108.2628770245
PWY-7851: coenzyme A biosynthesis II (eukaryotic)|g__Bacteroides.s__Bacteroides_dorei	101.2874725905
PWY-7851: coenzyme A biosynthesis II (eukaryotic)|g__Blautia.s__Blautia_wexlerae	96.2430757646
PWY-7851: coenzyme A biosynthesis II (eukaryotic)|g__Ruminococcus.s__Ruminococcus_callidus	95.8226409597
PWY-7851: coenzyme A biosynthesis II (eukaryotic)|g__Blautia.s__Blautia_obeum	94.4996801480
PWY-7851: coenzyme A biosynthesis II (eukaryotic)|g__Sutterella.s__Sutterella_wadsworthensis	92.3545030725
PWY-7851: coenzyme A biosynthesis II (eukaryotic)|g__Eubacterium.s__Eubacterium_sp_CAG_252	70.5589806770
PWY-7851: coenzyme A biosynthesis II (eukaryotic)|g__Anaerostipes.s__Anaerostipes_hadrus	67.2159759916
PWY-7851: coenzyme A biosynthesis II (eukaryotic)|g__Phascolarctobacterium.s__Phascolarctobacterium_faecium	55.0601569041
PWY-7851: coenzyme A biosynthesis II (eukaryotic)|g__Bacteroides.s__Bacteroides_caccae	52.4702190258
PWY-7851: coenzyme A biosynthesis II (eukaryotic)|g__Agathobaculum.s__Agathobaculum_butyriciproducens	44.0404654484
PWY-7851: coenzyme A biosynthesis II (eukaryotic)|g__Butyricimonas.s__Butyricimonas_virosa	42.8598732999
PWY-7851: coenzyme A biosynthesis II (eukaryotic)|g__Blautia.s__Blautia_sp_CAG_52	40.0057438388
PWY-7851: coenzyme A biosynthesis II (eukaryotic)|g__Barnesiella.s__Barnesiella_intestinihominis	39.2709139507
PWY-7851: coenzyme A biosynthesis II (eukaryotic)|g__Odoribacter.s__Odoribacter_splanchnicus	38.7863570511
PWY-7851: coenzyme A biosynthesis II (eukaryotic)|g__Parabacteroides.s__Parabacteroides_distasonis	36.5580386609
PWY-7851: coenzyme A biosynthesis II (eukaryotic)|g__Eubacterium.s__Eubacterium_hallii	35.8447758060
PWY-7851: coenzyme A biosynthesis II (eukaryotic)|g__Prevotella.s__Prevotella_sp_CAG_485	33.1349514890
PWY-7851: coenzyme A biosynthesis II (eukaryotic)|g__Eubacterium.s__Eubacterium_sp_CAG_274	32.1722884179
PWY-7851: coenzyme A biosynthesis II (eukaryotic)|g__Firmicutes_unclassified.s__Firmicutes_bacterium_CAG_41	30.8723471750
PWY-7851: coenzyme A biosynthesis II (eukaryotic)|g__Citrobacter.s__Citrobacter_koseri	29.3716684520
PWY-7851: coenzyme A biosynthesis II (eukaryotic)|g__Dorea.s__Dorea_formicigenerans	26.1747567155
PWY-7851: coenzyme A biosynthesis II (eukaryotic)|g__Eubacterium.s__Eubacterium_ramulus	25.8838987904
PWY-7851: coenzyme A biosynthesis II (eukaryotic)|g__Coprococcus.s__Coprococcus_comes	19.8505196243
PWY-7851: coenzyme A biosynthesis II (eukaryotic)|g__Bacteroides.s__Bacteroides_faecis	19.6028630477
PWY-7851: coenzyme A biosynthesis II (eukaryotic)|g__Fusicatenibacter.s__Fusicatenibacter_saccharivorans	19.1085565958
PWY-7851: coenzyme A biosynthesis II (eukaryotic)|g__Bacteroides.s__Bacteroides_sp_CAG_144	18.7088697694
PWY-7851: coenzyme A biosynthesis II (eukaryotic)|g__Roseburia.s__Roseburia_faecis	17.7619114959
PWY-7851: coenzyme A biosynthesis II (eukaryotic)|g__Eubacterium.s__Eubacterium_ventriosum	17.6187538078
PWY-7851: coenzyme A biosynthesis II (eukaryotic)|g__Bilophila.s__Bilophila_wadsworthia	17.0749482992
PWY-7851: coenzyme A biosynthesis II (eukaryotic)|g__Lachnospiraceae_unclassified.s__Eubacterium_rectale	15.5708152679
PWY-7851: coenzyme A biosynthesis II (eukaryotic)|g__Firmicutes_unclassified.s__Firmicutes_bacterium_CAG_114	15.0977256295
PWY-7851: coenzyme A biosynthesis II (eukaryotic)|g__Subdoligranulum.s__Subdoligranulum_sp_APC924_74	15.0194929255
PWY-7851: coenzyme A biosynthesis II (eukaryotic)|g__Senegalimassilia.s__Senegalimassilia_anaerobia	14.3534138903
PWY-7851: coenzyme A biosynthesis II (eukaryotic)|g__Eubacterium.s__Eubacterium_sp_AF17_7	14.3015321456
PWY-7851: coenzyme A biosynthesis II (eukaryotic)|g__Butyricimonas.s__Butyricimonas_synergistica	14.0601655134
PWY-7851: coenzyme A biosynthesis II (eukaryotic)|g__Bacteroides.s__Bacteroides_ovatus	11.5579217833
PWY-7851: coenzyme A biosynthesis II (eukaryotic)|g__Intestinibacter.s__Intestinibacter_bartlettii	9.6185332328
PWY-7851: coenzyme A biosynthesis II (eukaryotic)|g__Clostridium.s__Clostridium_sp_AM22_11AC	9.0727826131
PWY-7851: coenzyme A biosynthesis II (eukaryotic)|g__Ruminococcus.s__Ruminococcus_bicirculans	8.9184879024
PWY-7851: coenzyme A biosynthesis II (eukaryotic)|g__Roseburia.s__Roseburia_intestinalis	8.3123656614
PWY-7851: coenzyme A biosynthesis II (eukaryotic)|g__Clostridium.s__Clostridium_sp_CAG_58	8.1631723173
PWY-6629: superpathway of L-tryptophan biosynthesis	8056.3543547636
PWY-6629: superpathway of L-tryptophan biosynthesis|unclassified	1278.7774382068
PWY-6629: superpathway of L-tryptophan biosynthesis|g__Blautia.s__Ruminococcus_torques	661.9156290202
PWY-6629: superpathway of L-tryptophan biosynthesis|g__Blautia.s__Blautia_obeum	132.7628770667
PWY-6629: superpathway of L-tryptophan biosynthesis|g__Ruminococcus.s__Ruminococcus_callidus	130.9107676937
PWY-6629: superpathway of L-tryptophan biosynthesis|g__Blautia.s__Blautia_wexlerae	129.7588736902
PWY-6629: superpathway of L-tryptophan biosynthesis|g__Anaerostipes.s__Anaerostipes_hadrus	91.1916251708
PWY-6629: superpathway of L-tryptophan biosynthesis|g__Eubacterium.s__Eubacterium_sp_CAG_252	62.9679160633
PWY-6629: superpathway of L-tryptophan biosynthesis|g__Blautia.s__Blautia_sp	54.1233837236
PWY-6629: superpathway of L-tryptophan biosynthesis|g__Blautia.s__Blautia_sp_CAG_52	53.9898854455
PWY-6629: superpathway of L-tryptophan biosynthesis|g__Eubacterium.s__Eubacterium_sp_CAG_38	50.6702610778
PWY-6629: superpathway of L-tryptophan biosynthesis|g__Eubacterium.s__Eubacterium_hallii	49.2610573362
PWY-6629: superpathway of L-tryptophan biosynthesis|g__Streptococcus.s__Streptococcus_thermophilus	47.2050859186
PWY-6629: superpathway of L-tryptophan biosynthesis|g__Fusicatenibacter.s__Fusicatenibacter_saccharivorans	38.5587022002
PWY-6629: superpathway of L-tryptophan biosynthesis|g__Eubacterium.s__Eubacterium_ramulus	32.5123874284
PWY-6629: superpathway of L-tryptophan biosynthesis|g__Citrobacter.s__Citrobacter_koseri	32.1301843651
PWY-6629: superpathway of L-tryptophan biosynthesis|g__Lachnospiraceae_unclassified.s__Eubacterium_rectale	13.1977647308
PWY-6629: superpathway of L-tryptophan biosynthesis|g__Roseburia.s__Roseburia_intestinalis	12.6520823410
PWY-5695: inosine 5'-phosphate degradation	8040.2645827383
PWY-5695: inosine 5'-phosphate degradation|unclassified	1294.3746681164
PWY-5695: inosine 5'-phosphate degradation|g__Blautia.s__Ruminococcus_torques	656.0334869558
PWY-5695: inosine 5'-phosphate degradation|g__Faecalibacterium.s__Faecalibacterium_prausnitzii	548.1782118253
PWY-5695: inosine 5'-phosphate degradation|g__Bacteroides.s__Bacteroides_uniformis	510.2639160418
PWY-5695: inosine 5'-phosphate degradation|g__Alistipes.s__Alistipes_finegoldii	377.9686516547
PWY-5695: inosine 5'-phosphate degradation|g__Bacteroides.s__Bacteroides_massiliensis	244.2548026437
PWY-5695: inosine 5'-phosphate degradation|g__Bacteroides.s__Bacteroides_vulgatus	231.5622620041
PWY-5695: inosine 5'-phosphate degradation|g__Bacteroides.s__Bacteroides_cellulosilyticus	210.9545584480
PWY-5695: inosine 5'-phosphate degradation|g__Bacteroides.s__Bacteroides_salyersiae	207.1543687093
PWY-5695: inosine 5'-phosphate degradation|g__Bacteroides.s__Bacteroides_dorei	182.6374697069
PWY-5695: inosine 5'-phosphate degradation|g__Bacteroides.s__Bacteroides_thetaiotaomicron	172.3469607701
PWY-5695: inosine 5'-phosphate degradation|g__Blautia.s__Blautia_wexlerae	140.7643744091
PWY-5695: inosine 5'-phosphate degradation|g__Parabacteroides.s__Parabacteroides_goldsteinii	120.2756325371
PWY-5695: inosine 5'-phosphate degradation|g__Anaerostipes.s__Anaerostipes_hadrus	84.4833385485
PWY-5695: inosine 5'-phosphate degradation|g__Sutterella.s__Sutterella_wadsworthensis	77.1121244042
PWY-5695: inosine 5'-phosphate degradation|g__Bacteroides.s__Bacteroides_caccae	67.6951074143
PWY-5695: inosine 5'-phosphate degradation|g__Parabacteroides.s__Parabacteroides_distasonis	65.1748123848
PWY-5695: inosine 5'-phosphate degradation|g__Odoribacter.s__Odoribacter_splanchnicus	57.9192772450
PWY-5695: inosine 5'-phosphate degradation|g__Agathobaculum.s__Agathobaculum_butyriciproducens	48.3179349466
PWY-5695: inosine 5'-phosphate degradation|g__Streptococcus.s__Streptococcus_thermophilus	48.2121821607
PWY-5695: inosine 5'-phosphate degradation|g__Fusicatenibacter.s__Fusicatenibacter_saccharivorans	42.4406822770
PWY-5695: inosine 5'-phosphate degradation|g__Dorea.s__Dorea_longicatena	40.2954653476
PWY-5695: inosine 5'-phosphate degradation|g__Eubacterium.s__Eubacterium_ramulus	33.0308860650
PWY-5695: inosine 5'-phosphate degradation|g__Clostridiales_unclassified.s__Clostridiales_bacterium_KLE1615	32.7641946010
PWY-5695: inosine 5'-phosphate degradation|g__Citrobacter.s__Citrobacter_koseri	31.2836661032
PWY-5695: inosine 5'-phosphate degradation|g__Prevotella.s__Prevotella_sp_CAG_485	30.1246963405
PWY-5695: inosine 5'-phosphate degradation|g__Barnesiella.s__Barnesiella_intestinihominis	29.2767767530
PWY-5695: inosine 5'-phosphate degradation|g__Bilophila.s__Bilophila_wadsworthia	26.1941710584
PWY-5695: inosine 5'-phosphate degradation|g__Coprococcus.s__Coprococcus_comes	24.9236002941
PWY-5695: inosine 5'-phosphate degradation|g__Blautia.s__Blautia_obeum	21.7954612848
PWY-5695: inosine 5'-phosphate degradation|g__Bacteroides.s__Bacteroides_faecis	21.0501367269
PWY-5695: inosine 5'-phosphate degradation|g__Alistipes.s__Alistipes_onderdonkii	20.5262827004
PWY-5695: inosine 5'-phosphate degradation|g__Coprococcus.s__Coprococcus_catus	19.4497380050
PWY-5695: inosine 5'-phosphate degradation|g__Bacteroides.s__Bacteroides_ovatus	17.6574200657
PWY-5695: inosine 5'-phosphate degradation|g__Alistipes.s__Alistipes_shahii	15.2340951688
PWY-5695: inosine 5'-phosphate degradation|g__Anaerotruncus.s__Anaerotruncus_colihominis	13.4234793675
PWY-5695: inosine 5'-phosphate degradation|g__Coprobacter.s__Coprobacter_secundus	11.9654525711
PWY-5695: inosine 5'-phosphate degradation|g__Intestinibacter.s__Intestinibacter_bartlettii	8.5188523048
PWY-5695: inosine 5'-phosphate degradation|g__Roseburia.s__Roseburia_intestinalis	8.4281655494
PWY-5695: inosine 5'-phosphate degradation|g__Ruminococcus.s__Ruminococcus_bicirculans	7.3241721473
PWY-7977: L-methionine biosynthesis IV	7888.5321708434
PWY-7977: L-methionine biosynthesis IV|unclassified	984.8321865309
PWY-7977: L-methionine biosynthesis IV|g__Bacteroides.s__Bacteroides_uniformis	664.4960679640
PWY-7977: L-methionine biosynthesis IV|g__Faecalibacterium.s__Faecalibacterium_prausnitzii	534.1762021680
PWY-7977: L-methionine biosynthesis IV|g__Prevotella.s__Prevotella_copri	467.2057700714
PWY-7977: L-methionine biosynthesis IV|g__Alistipes.s__Alistipes_finegoldii	294.2212027223
PWY-7977: L-methionine biosynthesis IV|g__Bacteroides.s__Bacteroides_salyersiae	223.7776825560
PWY-7977: L-methionine biosynthesis IV|g__Bacteroides.s__Bacteroides_massiliensis	210.3066518017
PWY-7977: L-methionine biosynthesis IV|g__Bacteroides.s__Bacteroides_thetaiotaomicron	196.3894974301
PWY-7977: L-methionine biosynthesis IV|g__Bacteroides.s__Bacteroides_vulgatus	173.9255996770
PWY-7977: L-methionine biosynthesis IV|g__Blautia.s__Ruminococcus_torques	147.7617330138
PWY-7977: L-methionine biosynthesis IV|g__Parabacteroides.s__Parabacteroides_goldsteinii	135.8502870026
PWY-7977: L-methionine biosynthesis IV|g__Bacteroides.s__Bacteroides_cellulosilyticus	131.2963850557
PWY-7977: L-methionine biosynthesis IV|g__Bacteroides.s__Bacteroides_dorei	110.3726042133
PWY-7977: L-methionine biosynthesis IV|g__Odoribacter.s__Odoribacter_splanchnicus	77.3055402783
PWY-7977: L-methionine biosynthesis IV|g__Citrobacter.s__Citrobacter_koseri	68.6084570273
PWY-7977: L-methionine biosynthesis IV|g__Anaerostipes.s__Anaerostipes_hadrus	63.4547008347
PWY-7977: L-methionine biosynthesis IV|g__Bacteroides.s__Bacteroides_caccae	61.2390984120
PWY-7977: L-methionine biosynthesis IV|g__Dorea.s__Dorea_longicatena	56.9881505032
PWY-7977: L-methionine biosynthesis IV|g__Parabacteroides.s__Parabacteroides_distasonis	55.3760192612
PWY-7977: L-methionine biosynthesis IV|g__Barnesiella.s__Barnesiella_intestinihominis	50.1312038206
PWY-7977: L-methionine biosynthesis IV|g__Eubacterium.s__Eubacterium_hallii	40.3491675205
PWY-7977: L-methionine biosynthesis IV|g__Coprococcus.s__Coprococcus_comes	35.4893675595
PWY-7977: L-methionine biosynthesis IV|g__Bacteroides.s__Bacteroides_faecis	34.3001973583
PWY-7977: L-methionine biosynthesis IV|g__Butyricimonas.s__Butyricimonas_virosa	30.0483648383
PWY-7977: L-methionine biosynthesis IV|g__Fusicatenibacter.s__Fusicatenibacter_saccharivorans	28.6623487822
PWY-7977: L-methionine biosynthesis IV|g__Butyricimonas.s__Butyricimonas_synergistica	24.4422279739
PWY-7977: L-methionine biosynthesis IV|g__Alistipes.s__Alistipes_onderdonkii	22.7221533245
PWY-7977: L-methionine biosynthesis IV|g__Coprococcus.s__Coprococcus_catus	18.5734613056
PWY-7977: L-methionine biosynthesis IV|g__Bacteroides.s__Bacteroides_ovatus	18.5573637803
PWY-7977: L-methionine biosynthesis IV|g__Alistipes.s__Alistipes_indistinctus	17.2055165679
PWY-7977: L-methionine biosynthesis IV|g__Anaerotruncus.s__Anaerotruncus_colihominis	15.6888595672
PWY-7977: L-methionine biosynthesis IV|g__Alistipes.s__Alistipes_shahii	14.3303481499
PWY-7977: L-methionine biosynthesis IV|g__Bacteroides.s__Bacteroides_intestinalis	1.5008052164
HISTSYN-PWY: L-histidine biosynthesis	7791.9668351462
HISTSYN-PWY: L-histidine biosynthesis|unclassified	1339.4421484687
HISTSYN-PWY: L-histidine biosynthesis|g__Bacteroides.s__Bacteroides_uniformis	626.8752547564
HISTSYN-PWY: L-histidine biosynthesis|g__Faecalibacterium.s__Faecalibacterium_prausnitzii	624.9939073569
HISTSYN-PWY: L-histidine biosynthesis|g__Faecalibacterium.s__Faecalibacterium_sp_CAG_74	450.8607807688
HISTSYN-PWY: L-histidine biosynthesis|g__Alistipes.s__Alistipes_finegoldii	394.8346304353
HISTSYN-PWY: L-histidine biosynthesis|g__Blautia.s__Ruminococcus_torques	225.3249753069
HISTSYN-PWY: L-histidine biosynthesis|g__Bacteroides.s__Bacteroides_massiliensis	221.1300658089
HISTSYN-PWY: L-histidine biosynthesis|g__Bacteroides.s__Bacteroides_thetaiotaomicron	184.1585067669
HISTSYN-PWY: L-histidine biosynthesis|g__Bacteroides.s__Bacteroides_salyersiae	172.4729410364
HISTSYN-PWY: L-histidine biosynthesis|g__Ruminococcus.s__Ruminococcus_bromii	171.8507242403
HISTSYN-PWY: L-histidine biosynthesis|g__Bacteroides.s__Bacteroides_vulgatus	160.2278845914
HISTSYN-PWY: L-histidine biosynthesis|g__Bacteroides.s__Bacteroides_dorei	116.2071629954
HISTSYN-PWY: L-histidine biosynthesis|g__Parabacteroides.s__Parabacteroides_goldsteinii	107.6409293705
HISTSYN-PWY: L-histidine biosynthesis|g__Bacteroides.s__Bacteroides_cellulosilyticus	100.0493592149
HISTSYN-PWY: L-histidine biosynthesis|g__Clostridium.s__Clostridium_sp_CAG_217	86.5612893598
HISTSYN-PWY: L-histidine biosynthesis|g__Odoribacter.s__Odoribacter_splanchnicus	64.6349150758
HISTSYN-PWY: L-histidine biosynthesis|g__Bacteroides.s__Bacteroides_caccae	60.3657347344
HISTSYN-PWY: L-histidine biosynthesis|g__Sutterella.s__Sutterella_wadsworthensis	58.3359291755
HISTSYN-PWY: L-histidine biosynthesis|g__Parabacteroides.s__Parabacteroides_distasonis	50.1404776836
HISTSYN-PWY: L-histidine biosynthesis|g__Blautia.s__Blautia_sp	47.4778203449
HISTSYN-PWY: L-histidine biosynthesis|g__Bifidobacterium.s__Bifidobacterium_animalis	47.4624610830
HISTSYN-PWY: L-histidine biosynthesis|g__Blautia.s__Blautia_obeum	43.9755838872
HISTSYN-PWY: L-histidine biosynthesis|g__Butyricimonas.s__Butyricimonas_virosa	41.9337124373
HISTSYN-PWY: L-histidine biosynthesis|g__Barnesiella.s__Barnesiella_intestinihominis	40.0758596660
HISTSYN-PWY: L-histidine biosynthesis|g__Eubacterium.s__Eubacterium_sp_CAG_38	37.3712188297
HISTSYN-PWY: L-histidine biosynthesis|g__Agathobaculum.s__Agathobaculum_butyriciproducens	36.0878712596
HISTSYN-PWY: L-histidine biosynthesis|g__Bacteroides.s__Bacteroides_intestinalis	26.1901026792
HISTSYN-PWY: L-histidine biosynthesis|g__Butyricimonas.s__Butyricimonas_synergistica	21.0062546193
HISTSYN-PWY: L-histidine biosynthesis|g__Firmicutes_unclassified.s__Firmicutes_bacterium_CAG_114	20.7018070917
HISTSYN-PWY: L-histidine biosynthesis|g__Citrobacter.s__Citrobacter_koseri	20.2193362382
HISTSYN-PWY: L-histidine biosynthesis|g__Subdoligranulum.s__Subdoligranulum_sp_APC924_74	19.7399328713
HISTSYN-PWY: L-histidine biosynthesis|g__Bacteroides.s__Bacteroides_ovatus	18.8048174570
HISTSYN-PWY: L-histidine biosynthesis|g__Dorea.s__Dorea_formicigenerans	16.7181177000
HISTSYN-PWY: L-histidine biosynthesis|g__Alistipes.s__Alistipes_shahii	16.5018579728
HISTSYN-PWY: L-histidine biosynthesis|g__Alistipes.s__Alistipes_indistinctus	15.3669783195
HISTSYN-PWY: L-histidine biosynthesis|g__Streptococcus.s__Streptococcus_thermophilus	12.9709709329
HISTSYN-PWY: L-histidine biosynthesis|g__Bacteroides.s__Bacteroides_faecis	12.3040712513
HISTSYN-PWY: L-histidine biosynthesis|g__Coprococcus.s__Coprococcus_catus	10.7420831987
PWY-5103: L-isoleucine biosynthesis III	7565.5134490160
PWY-5103: L-isoleucine biosynthesis III|unclassified	808.5779628428
PWY-5103: L-isoleucine biosynthesis III|g__Prevotella.s__Prevotella_copri	761.5613792865
PWY-5103: L-isoleucine biosynthesis III|g__Bacteroides.s__Bacteroides_uniformis	564.5551323128
PWY-5103: L-isoleucine biosynthesis III|g__Blautia.s__Ruminococcus_torques	474.7570659082
PWY-5103: L-isoleucine biosynthesis III|g__Lachnospiraceae_unclassified.s__Eubacterium_rectale	420.5692910904
PWY-5103: L-isoleucine biosynthesis III|g__Bacteroides.s__Bacteroides_thetaiotaomicron	199.4514987420
PWY-5103: L-isoleucine biosynthesis III|g__Gemmiger.s__Gemmiger_formicilis	195.2408785815
PWY-5103: L-isoleucine biosynthesis III|g__Blautia.s__Blautia_wexlerae	85.6838065727
PWY-5103: L-isoleucine biosynthesis III|g__Streptococcus.s__Streptococcus_thermophilus	73.7850000777
PWY-5103: L-isoleucine biosynthesis III|g__Parabacteroides.s__Parabacteroides_goldsteinii	71.5265183309
PWY-5103: L-isoleucine biosynthesis III|g__Anaerostipes.s__Anaerostipes_hadrus	66.7498382354
PWY-5103: L-isoleucine biosynthesis III|g__Eubacterium.s__Eubacterium_hallii	62.5710962612
PWY-5103: L-isoleucine biosynthesis III|g__Bacteroides.s__Bacteroides_caccae	60.9098189159
PWY-5103: L-isoleucine biosynthesis III|g__Citrobacter.s__Citrobacter_koseri	60.7002090277
PWY-5103: L-isoleucine biosynthesis III|g__Blautia.s__Blautia_sp	60.6653386309
PWY-5103: L-isoleucine biosynthesis III|g__Parabacteroides.s__Parabacteroides_distasonis	48.2547482672
PWY-5103: L-isoleucine biosynthesis III|g__Agathobaculum.s__Agathobaculum_butyriciproducens	45.1605828192
PWY-5103: L-isoleucine biosynthesis III|g__Dorea.s__Dorea_longicatena	39.9062781406
PWY-5103: L-isoleucine biosynthesis III|g__Bifidobacterium.s__Bifidobacterium_animalis	36.5521218062
PWY-5103: L-isoleucine biosynthesis III|g__Bacteroides.s__Bacteroides_faecis	31.8666844277
PWY-5103: L-isoleucine biosynthesis III|g__Dorea.s__Dorea_formicigenerans	29.8630868336
PWY-5103: L-isoleucine biosynthesis III|g__Firmicutes_unclassified.s__Firmicutes_bacterium_CAG_41	29.5881218516
PWY-5103: L-isoleucine biosynthesis III|g__Bilophila.s__Bilophila_wadsworthia	28.5221202015
PWY-5103: L-isoleucine biosynthesis III|g__Eubacterium.s__Eubacterium_sp_CAG_274	25.9875109259
PWY-5103: L-isoleucine biosynthesis III|g__Roseburia.s__Roseburia_intestinalis	22.9554997507
PWY-5103: L-isoleucine biosynthesis III|g__Coprococcus.s__Coprococcus_comes	21.5758612368
PWY-5103: L-isoleucine biosynthesis III|g__Eubacterium.s__Eubacterium_sp_AF17_7	19.4374003885
PWY-5103: L-isoleucine biosynthesis III|g__Eubacterium.s__Eubacterium_ventriosum	18.4686253213
PWY-5103: L-isoleucine biosynthesis III|g__Bacteroides.s__Bacteroides_ovatus	17.1700724174
PWY-5103: L-isoleucine biosynthesis III|g__Bifidobacterium.s__Bifidobacterium_adolescentis	16.2402856591
PWY-5103: L-isoleucine biosynthesis III|g__Ruminococcus.s__Ruminococcus_sp_AF31_8BH	14.1310472221
PWY-5103: L-isoleucine biosynthesis III|g__Blautia.s__Blautia_sp_AF19_10LB	12.5572759278
PWY-5103: L-isoleucine biosynthesis III|g__Blautia.s__Blautia_obeum	11.1177603036
PWY-5103: L-isoleucine biosynthesis III|g__Ruminococcus.s__Ruminococcus_bicirculans	10.0500042209
PWY-5103: L-isoleucine biosynthesis III|g__Eubacterium.s__Eubacterium_eligens	9.1113211219
PWY-5103: L-isoleucine biosynthesis III|g__Roseburia.s__Roseburia_hominis	4.9168200764
1CMET2-PWY: folate transformations III (E. coli)	7453.9867483472
1CMET2-PWY: folate transformations III (E. coli)|unclassified	1177.4095565430
1CMET2-PWY: folate transformations III (E. coli)|g__Blautia.s__Ruminococcus_torques	407.0721099420
1CMET2-PWY: folate transformations III (E. coli)|g__Alistipes.s__Alistipes_finegoldii	379.6775499609
1CMET2-PWY: folate transformations III (E. coli)|g__Bacteroides.s__Bacteroides_massiliensis	252.3221780752
1CMET2-PWY: folate transformations III (E. coli)|g__Bacteroides.s__Bacteroides_vulgatus	226.6367420287
1CMET2-PWY: folate transformations III (E. coli)|g__Bacteroides.s__Bacteroides_thetaiotaomicron	197.1357537805
1CMET2-PWY: folate transformations III (E. coli)|g__Bacteroides.s__Bacteroides_salyersiae	187.3457134896
1CMET2-PWY: folate transformations III (E. coli)|g__Parabacteroides.s__Parabacteroides_goldsteinii	129.2320976543
1CMET2-PWY: folate transformations III (E. coli)|g__Bacteroides.s__Bacteroides_dorei	97.7735461780
1CMET2-PWY: folate transformations III (E. coli)|g__Anaerostipes.s__Anaerostipes_hadrus	71.1165057686
1CMET2-PWY: folate transformations III (E. coli)|g__Bacteroides.s__Bacteroides_caccae	59.9713021863
1CMET2-PWY: folate transformations III (E. coli)|g__Blautia.s__Blautia_wexlerae	57.8256063374
1CMET2-PWY: folate transformations III (E. coli)|g__Odoribacter.s__Odoribacter_splanchnicus	53.9707201553
1CMET2-PWY: folate transformations III (E. coli)|g__Dorea.s__Dorea_longicatena	43.4588798174
1CMET2-PWY: folate transformations III (E. coli)|g__Barnesiella.s__Barnesiella_intestinihominis	38.8341001753
1CMET2-PWY: folate transformations III (E. coli)|g__Eubacterium.s__Eubacterium_hallii	35.4829326522
1CMET2-PWY: folate transformations III (E. coli)|g__Butyricimonas.s__Butyricimonas_virosa	32.9072109868
1CMET2-PWY: folate transformations III (E. coli)|g__Citrobacter.s__Citrobacter_koseri	30.1573377349
1CMET2-PWY: folate transformations III (E. coli)|g__Coprococcus.s__Coprococcus_comes	23.4931781783
1CMET2-PWY: folate transformations III (E. coli)|g__Bacteroides.s__Bacteroides_faecis	20.2928140369
1CMET2-PWY: folate transformations III (E. coli)|g__Blautia.s__Blautia_obeum	17.8524764789
1CMET2-PWY: folate transformations III (E. coli)|g__Roseburia.s__Roseburia_faecis	16.2372700293
1CMET2-PWY: folate transformations III (E. coli)|g__Bacteroides.s__Bacteroides_ovatus	15.4292051724
1CMET2-PWY: folate transformations III (E. coli)|g__Butyricimonas.s__Butyricimonas_synergistica	14.8248216019
PWY-2942: L-lysine biosynthesis III	7388.9387879367
PWY-2942: L-lysine biosynthesis III|unclassified	1078.1057754434
PWY-2942: L-lysine biosynthesis III|g__Bacteroides.s__Bacteroides_uniformis	670.6105288948
PWY-2942: L-lysine biosynthesis III|g__Blautia.s__Ruminococcus_torques	227.1341401216
PWY-2942: L-lysine biosynthesis III|g__Anaerostipes.s__Anaerostipes_hadrus	75.0061071935
PWY-2942: L-lysine biosynthesis III|g__Parabacteroides.s__Parabacteroides_distasonis	61.4462395473
PWY-2942: L-lysine biosynthesis III|g__Barnesiella.s__Barnesiella_intestinihominis	50.8865132620
PWY-2942: L-lysine biosynthesis III|g__Eubacterium.s__Eubacterium_hallii	41.4259137039
PWY-2942: L-lysine biosynthesis III|g__Butyricimonas.s__Butyricimonas_virosa	31.0124225612
PWY-2942: L-lysine biosynthesis III|g__Bilophila.s__Bilophila_wadsworthia	28.3209543273
PWY-2942: L-lysine biosynthesis III|g__Senegalimassilia.s__Senegalimassilia_anaerobia	11.2674198613
PWY-8178: pentose phosphate pathway (non-oxidative branch) II	7305.5153471701
PWY-8178: pentose phosphate pathway (non-oxidative branch) II|unclassified	1670.6013957886
PWY-8178: pentose phosphate pathway (non-oxidative branch) II|g__Blautia.s__Ruminococcus_torques	736.7010648982
PWY-8178: pentose phosphate pathway (non-oxidative branch) II|g__Lachnospiraceae_unclassified.s__Eubacterium_rectale	638.7020079090
PWY-8178: pentose phosphate pathway (non-oxidative branch) II|g__Prevotella.s__Prevotella_copri	378.0145415462
PWY-8178: pentose phosphate pathway (non-oxidative branch) II|g__Blautia.s__Blautia_wexlerae	189.0734151532
PWY-8178: pentose phosphate pathway (non-oxidative branch) II|g__Anaerostipes.s__Anaerostipes_hadrus	155.5586566597
PWY-8178: pentose phosphate pathway (non-oxidative branch) II|g__Eubacterium.s__Eubacterium_hallii	132.2793325748
PWY-8178: pentose phosphate pathway (non-oxidative branch) II|g__Bacteroides.s__Bacteroides_salyersiae	128.4833748500
PWY-8178: pentose phosphate pathway (non-oxidative branch) II|g__Blautia.s__Blautia_obeum	114.1184262158
PWY-8178: pentose phosphate pathway (non-oxidative branch) II|g__Eubacterium.s__Eubacterium_sp_CAG_252	101.6727254314
PWY-8178: pentose phosphate pathway (non-oxidative branch) II|g__Blautia.s__Blautia_sp	79.1795095276
PWY-8178: pentose phosphate pathway (non-oxidative branch) II|g__Citrobacter.s__Citrobacter_koseri	77.4350019797
PWY-8178: pentose phosphate pathway (non-oxidative branch) II|g__Parabacteroides.s__Parabacteroides_distasonis	51.6636409948
PWY-8178: pentose phosphate pathway (non-oxidative branch) II|g__Agathobaculum.s__Agathobaculum_butyriciproducens	44.0723913229
PWY-8178: pentose phosphate pathway (non-oxidative branch) II|g__Roseburia.s__Roseburia_faecis	40.3604426037
PWY-8178: pentose phosphate pathway (non-oxidative branch) II|g__Fusicatenibacter.s__Fusicatenibacter_saccharivorans	36.1247465660
PWY-8178: pentose phosphate pathway (non-oxidative branch) II|g__Faecalibacterium.s__Faecalibacterium_prausnitzii	30.7621792140
PWY-8178: pentose phosphate pathway (non-oxidative branch) II|g__Streptococcus.s__Streptococcus_thermophilus	27.8868402364
PWY-8178: pentose phosphate pathway (non-oxidative branch) II|g__Clostridium.s__Clostridium_sp_AM22_11AC	17.0506257970
PWY-8178: pentose phosphate pathway (non-oxidative branch) II|g__Ruminococcus.s__Ruminococcus_sp_AF31_8BH	14.8925836795
PWY-8178: pentose phosphate pathway (non-oxidative branch) II|g__Clostridium.s__Clostridium_sp_CAG_58	13.9364191466
PWY-8178: pentose phosphate pathway (non-oxidative branch) II|g__Blautia.s__Blautia_sp_AF19_10LB	6.2791813729
PWY-8178: pentose phosphate pathway (non-oxidative branch) II|g__Eisenbergiella.s__Eisenbergiella_tayi	3.9740669712
PANTOSYN-PWY: superpathway of coenzyme A biosynthesis I (bacteria)	7147.5720457511
PANTOSYN-PWY: superpathway of coenzyme A biosynthesis I (bacteria)|unclassified	1024.5805770658
PANTOSYN-PWY: superpathway of coenzyme A biosynthesis I (bacteria)|g__Bacteroides.s__Bacteroides_uniformis	601.4997868925
PANTOSYN-PWY: superpathway of coenzyme A biosynthesis I (bacteria)|g__Blautia.s__Ruminococcus_torques	383.3196831421
PANTOSYN-PWY: superpathway of coenzyme A biosynthesis I (bacteria)|g__Bacteroides.s__Bacteroides_massiliensis	232.7398611767
PANTOSYN-PWY: superpathway of coenzyme A biosynthesis I (bacteria)|g__Bacteroides.s__Bacteroides_salyersiae	199.0753869436
PANTOSYN-PWY: superpathway of coenzyme A biosynthesis I (bacteria)|g__Bacteroides.s__Bacteroides_thetaiotaomicron	193.7544081663
PANTOSYN-PWY: superpathway of coenzyme A biosynthesis I (bacteria)|g__Bacteroides.s__Bacteroides_vulgatus	166.5361384118
PANTOSYN-PWY: superpathway of coenzyme A biosynthesis I (bacteria)|g__Bacteroides.s__Bacteroides_cellulosilyticus	155.9716316890
PANTOSYN-PWY: superpathway of coenzyme A biosynthesis I (bacteria)|g__Parabacteroides.s__Parabacteroides_goldsteinii	112.7395563165
PANTOSYN-PWY: superpathway of coenzyme A biosynthesis I (bacteria)|g__Blautia.s__Blautia_wexlerae	111.1336914809
PANTOSYN-PWY: superpathway of coenzyme A biosynthesis I (bacteria)|g__Bacteroides.s__Bacteroides_dorei	103.2928038535
PANTOSYN-PWY: superpathway of coenzyme A biosynthesis I (bacteria)|g__Ruminococcus.s__Ruminococcus_callidus	99.8436378942
PANTOSYN-PWY: superpathway of coenzyme A biosynthesis I (bacteria)|g__Anaerostipes.s__Anaerostipes_hadrus	89.5887528494
PANTOSYN-PWY: superpathway of coenzyme A biosynthesis I (bacteria)|g__Phascolarctobacterium.s__Phascolarctobacterium_faecium	62.2602478942
PANTOSYN-PWY: superpathway of coenzyme A biosynthesis I (bacteria)|g__Bacteroides.s__Bacteroides_caccae	60.3312324056
PANTOSYN-PWY: superpathway of coenzyme A biosynthesis I (bacteria)|g__Odoribacter.s__Odoribacter_splanchnicus	53.3452705094
PANTOSYN-PWY: superpathway of coenzyme A biosynthesis I (bacteria)|g__Eubacterium.s__Eubacterium_hallii	52.2940898745
PANTOSYN-PWY: superpathway of coenzyme A biosynthesis I (bacteria)|g__Agathobaculum.s__Agathobaculum_butyriciproducens	47.4630983285
PANTOSYN-PWY: superpathway of coenzyme A biosynthesis I (bacteria)|g__Blautia.s__Blautia_obeum	45.7109130097
PANTOSYN-PWY: superpathway of coenzyme A biosynthesis I (bacteria)|g__Butyricimonas.s__Butyricimonas_virosa	44.6236729343
PANTOSYN-PWY: superpathway of coenzyme A biosynthesis I (bacteria)|g__Parabacteroides.s__Parabacteroides_distasonis	37.8460045478
PANTOSYN-PWY: superpathway of coenzyme A biosynthesis I (bacteria)|g__Lachnospiraceae_unclassified.s__Eubacterium_rectale	33.8654690694
PANTOSYN-PWY: superpathway of coenzyme A biosynthesis I (bacteria)|g__Barnesiella.s__Barnesiella_intestinihominis	30.8434232391
PANTOSYN-PWY: superpathway of coenzyme A biosynthesis I (bacteria)|g__Citrobacter.s__Citrobacter_koseri	30.5154686821
PANTOSYN-PWY: superpathway of coenzyme A biosynthesis I (bacteria)|g__Eubacterium.s__Eubacterium_ramulus	27.4208693208
PANTOSYN-PWY: superpathway of coenzyme A biosynthesis I (bacteria)|g__Dorea.s__Dorea_formicigenerans	26.8398540789
PANTOSYN-PWY: superpathway of coenzyme A biosynthesis I (bacteria)|g__Prevotella.s__Prevotella_sp_CAG_485	26.8140417626
PANTOSYN-PWY: superpathway of coenzyme A biosynthesis I (bacteria)|g__Firmicutes_unclassified.s__Firmicutes_bacterium_CAG_41	26.1325607406
PANTOSYN-PWY: superpathway of coenzyme A biosynthesis I (bacteria)|g__Roseburia.s__Roseburia_faecis	23.6868762516
PANTOSYN-PWY: superpathway of coenzyme A biosynthesis I (bacteria)|g__Coprococcus.s__Coprococcus_comes	22.9800460647
PANTOSYN-PWY: superpathway of coenzyme A biosynthesis I (bacteria)|g__Bacteroides.s__Bacteroides_faecis	22.7010284649
PANTOSYN-PWY: superpathway of coenzyme A biosynthesis I (bacteria)|g__Firmicutes_unclassified.s__Firmicutes_bacterium_CAG_114	22.5084375287
PANTOSYN-PWY: superpathway of coenzyme A biosynthesis I (bacteria)|g__Bacteroides.s__Bacteroides_ovatus	15.7526978783
PANTOSYN-PWY: superpathway of coenzyme A biosynthesis I (bacteria)|g__Eubacterium.s__Eubacterium_sp_AF17_7	15.6318139604
PWY0-1586: peptidoglycan maturation (meso-diaminopimelate containing)	7133.6303708170
PWY0-1586: peptidoglycan maturation (meso-diaminopimelate containing)|g__Lachnospiraceae_unclassified.s__Eubacterium_rectale	840.0786727387
PWY0-1586: peptidoglycan maturation (meso-diaminopimelate containing)|g__Bacteroides.s__Bacteroides_uniformis	672.3046391103
PWY0-1586: peptidoglycan maturation (meso-diaminopimelate containing)|unclassified	342.6738246002
PWY0-1586: peptidoglycan maturation (meso-diaminopimelate containing)|g__Blautia.s__Ruminococcus_torques	321.5771495434
PWY0-1586: peptidoglycan maturation (meso-diaminopimelate containing)|g__Prevotella.s__Prevotella_copri	253.8357225970
PWY0-1586: peptidoglycan maturation (meso-diaminopimelate containing)|g__Bacteroides.s__Bacteroides_thetaiotaomicron	241.2906590628
PWY0-1586: peptidoglycan maturation (meso-diaminopimelate containing)|g__Citrobacter.s__Citrobacter_koseri	164.3277030608
PWY0-1586: peptidoglycan maturation (meso-diaminopimelate containing)|g__Bacteroides.s__Bacteroides_vulgatus	159.4129555705
PWY0-1586: peptidoglycan maturation (meso-diaminopimelate containing)|g__Sutterella.s__Sutterella_wadsworthensis	120.8942720541
PWY0-1586: peptidoglycan maturation (meso-diaminopimelate containing)|g__Bacteroides.s__Bacteroides_dorei	106.0951216556
PWY0-1586: peptidoglycan maturation (meso-diaminopimelate containing)|g__Streptococcus.s__Streptococcus_thermophilus	98.0171564968
PWY0-1586: peptidoglycan maturation (meso-diaminopimelate containing)|g__Anaerostipes.s__Anaerostipes_hadrus	92.9109991318
PWY0-1586: peptidoglycan maturation (meso-diaminopimelate containing)|g__Odoribacter.s__Odoribacter_splanchnicus	60.4617652233
PWY0-1586: peptidoglycan maturation (meso-diaminopimelate containing)|g__Eubacterium.s__Eubacterium_ramulus	53.6104237036
PWY0-1586: peptidoglycan maturation (meso-diaminopimelate containing)|g__Bacteroides.s__Bacteroides_faecis	28.0055669092
PWY0-1586: peptidoglycan maturation (meso-diaminopimelate containing)|g__Agathobaculum.s__Agathobaculum_butyriciproducens	26.2015579900
PWY0-1586: peptidoglycan maturation (meso-diaminopimelate containing)|g__Bacteroides.s__Bacteroides_ovatus	24.2969503005
PWY0-1586: peptidoglycan maturation (meso-diaminopimelate containing)|g__Ruminococcus.s__Ruminococcus_sp_AF31_8BH	17.1283658791
PWY0-1586: peptidoglycan maturation (meso-diaminopimelate containing)|g__Eubacterium.s__Eubacterium_hallii	16.6520414020
PWY0-1586: peptidoglycan maturation (meso-diaminopimelate containing)|g__Ruminococcus.s__Ruminococcus_bicirculans	14.4500858683
PWY-7199: pyrimidine deoxyribonucleosides salvage	7084.2511174179
PWY-7199: pyrimidine deoxyribonucleosides salvage|g__Firmicutes_unclassified.s__Firmicutes_bacterium_CAG_110	780.0000005629
PWY-7199: pyrimidine deoxyribonucleosides salvage|g__Bacteroides.s__Bacteroides_uniformis	669.6992968346
PWY-7199: pyrimidine deoxyribonucleosides salvage|unclassified	667.9096809541
PWY-7199: pyrimidine deoxyribonucleosides salvage|g__Blautia.s__Ruminococcus_torques	360.0734943333
PWY-7199: pyrimidine deoxyribonucleosides salvage|g__Bacteroides.s__Bacteroides_massiliensis	259.1992505376
PWY-7199: pyrimidine deoxyribonucleosides salvage|g__Bacteroides.s__Bacteroides_salyersiae	217.8735942131
PWY-7199: pyrimidine deoxyribonucleosides salvage|g__Bacteroides.s__Bacteroides_vulgatus	178.3096244968
PWY-7199: pyrimidine deoxyribonucleosides salvage|g__Bacteroides.s__Bacteroides_cellulosilyticus	146.6839727885
PWY-7199: pyrimidine deoxyribonucleosides salvage|g__Bacteroides.s__Bacteroides_dorei	101.0419080193
PWY-7199: pyrimidine deoxyribonucleosides salvage|g__Firmicutes_unclassified.s__Firmicutes_bacterium_CAG_475	76.8034386808
PWY-7199: pyrimidine deoxyribonucleosides salvage|g__Bacteroides.s__Bacteroides_caccae	73.9475414734
PWY-7199: pyrimidine deoxyribonucleosides salvage|g__Bacteroides.s__Bacteroides_thetaiotaomicron	49.5645679753
PWY-7199: pyrimidine deoxyribonucleosides salvage|g__Streptococcus.s__Streptococcus_thermophilus	45.3518171924
PWY-7199: pyrimidine deoxyribonucleosides salvage|g__Blautia.s__Blautia_sp	42.7566623387
PWY-7199: pyrimidine deoxyribonucleosides salvage|g__Bacteroides.s__Bacteroides_faecis	39.8541398242
PWY-7199: pyrimidine deoxyribonucleosides salvage|g__Bacteroides.s__Bacteroides_ovatus	37.2584406317
PWY-7199: pyrimidine deoxyribonucleosides salvage|g__Citrobacter.s__Citrobacter_koseri	26.0448239566
PWY-7199: pyrimidine deoxyribonucleosides salvage|g__Oscillibacter.s__Oscillibacter_sp_57_20	15.1634805391
PWY-7199: pyrimidine deoxyribonucleosides salvage|g__Firmicutes_unclassified.s__Firmicutes_bacterium_CAG_114	13.7736815990
GLUTORN-PWY: L-ornithine biosynthesis I	7074.8300875569
GLUTORN-PWY: L-ornithine biosynthesis I|unclassified	1102.0970891238
GLUTORN-PWY: L-ornithine biosynthesis I|g__Faecalibacterium.s__Faecalibacterium_prausnitzii	759.5920614919
GLUTORN-PWY: L-ornithine biosynthesis I|g__Blautia.s__Ruminococcus_torques	494.0926134125
GLUTORN-PWY: L-ornithine biosynthesis I|g__Alistipes.s__Alistipes_finegoldii	361.4431344127
GLUTORN-PWY: L-ornithine biosynthesis I|g__Lachnospiraceae_unclassified.s__Eubacterium_rectale	341.9816730745
GLUTORN-PWY: L-ornithine biosynthesis I|g__Ruminococcus.s__Ruminococcus_bromii	289.3536993394
GLUTORN-PWY: L-ornithine biosynthesis I|g__Gemmiger.s__Gemmiger_formicilis	225.1625906095
GLUTORN-PWY: L-ornithine biosynthesis I|g__Blautia.s__Blautia_wexlerae	151.8647212533
GLUTORN-PWY: L-ornithine biosynthesis I|g__Ruminococcus.s__Ruminococcus_callidus	132.4781279726
GLUTORN-PWY: L-ornithine biosynthesis I|g__Clostridium.s__Clostridium_sp_CAG_217	101.7760928093
GLUTORN-PWY: L-ornithine biosynthesis I|g__Eubacterium.s__Eubacterium_sp_CAG_252	69.6355074172
GLUTORN-PWY: L-ornithine biosynthesis I|g__Blautia.s__Blautia_sp	66.2474488658
GLUTORN-PWY: L-ornithine biosynthesis I|g__Streptococcus.s__Streptococcus_thermophilus	55.1841316863
GLUTORN-PWY: L-ornithine biosynthesis I|g__Phascolarctobacterium.s__Phascolarctobacterium_faecium	53.0369796610
GLUTORN-PWY: L-ornithine biosynthesis I|g__Anaerostipes.s__Anaerostipes_hadrus	51.4403030294
GLUTORN-PWY: L-ornithine biosynthesis I|g__Citrobacter.s__Citrobacter_koseri	50.1065978096
GLUTORN-PWY: L-ornithine biosynthesis I|g__Eubacterium.s__Eubacterium_sp_CAG_38	49.0381063627
GLUTORN-PWY: L-ornithine biosynthesis I|g__Blautia.s__Blautia_sp_CAG_52	42.6292451979
GLUTORN-PWY: L-ornithine biosynthesis I|g__Eubacterium.s__Eubacterium_sp_CAG_274	40.3502198679
GLUTORN-PWY: L-ornithine biosynthesis I|g__Agathobaculum.s__Agathobaculum_butyriciproducens	40.1837811709
GLUTORN-PWY: L-ornithine biosynthesis I|g__Eubacterium.s__Eubacterium_hallii	34.5583484260
GLUTORN-PWY: L-ornithine biosynthesis I|g__Fusicatenibacter.s__Fusicatenibacter_saccharivorans	30.9839101859
GLUTORN-PWY: L-ornithine biosynthesis I|g__Eubacterium.s__Eubacterium_ramulus	27.9774674000
GLUTORN-PWY: L-ornithine biosynthesis I|g__Clostridium.s__Clostridium_sp_CAG_167	26.6066581253
GLUTORN-PWY: L-ornithine biosynthesis I|g__Eubacterium.s__Eubacterium_sp_AF17_7	25.6386830437
GLUTORN-PWY: L-ornithine biosynthesis I|g__Clostridium.s__Clostridium_sp_CAG_75	25.5934172676
GLUTORN-PWY: L-ornithine biosynthesis I|g__Bifidobacterium.s__Bifidobacterium_animalis	25.0730192711
GLUTORN-PWY: L-ornithine biosynthesis I|g__Clostridiales_unclassified.s__Clostridiales_bacterium_KLE1615	23.8638694458
GLUTORN-PWY: L-ornithine biosynthesis I|g__Firmicutes_unclassified.s__Firmicutes_bacterium_CAG_114	20.9971678953
GLUTORN-PWY: L-ornithine biosynthesis I|g__Dorea.s__Dorea_formicigenerans	20.4093726978
GLUTORN-PWY: L-ornithine biosynthesis I|g__Blautia.s__Blautia_obeum	20.2364899337
GLUTORN-PWY: L-ornithine biosynthesis I|g__Eubacterium.s__Eubacterium_sp_36_13	15.1598219606
GLUTORN-PWY: L-ornithine biosynthesis I|g__Clostridium.s__Clostridium_sp_AM22_11AC	12.6279525587
GLUTORN-PWY: L-ornithine biosynthesis I|g__Roseburia.s__Roseburia_faecis	12.6261213067
GLUTORN-PWY: L-ornithine biosynthesis I|g__Firmicutes_unclassified.s__Firmicutes_bacterium_CAG_56	12.0625381880
GLUTORN-PWY: L-ornithine biosynthesis I|g__Coprococcus.s__Coprococcus_catus	11.5986770453
GLUTORN-PWY: L-ornithine biosynthesis I|g__Subdoligranulum.s__Subdoligranulum_sp_APC924_74	11.5754791869
GLUTORN-PWY: L-ornithine biosynthesis I|g__Eubacterium.s__Eubacterium_ventriosum	11.3738196797
GLUTORN-PWY: L-ornithine biosynthesis I|g__Ruminococcus.s__Ruminococcus_bicirculans	11.1222300799
GLUTORN-PWY: L-ornithine biosynthesis I|g__Bifidobacterium.s__Bifidobacterium_adolescentis	10.6147247309
GLUTORN-PWY: L-ornithine biosynthesis I|g__Lentisphaerae_unclassified.s__Lentisphaerae_bacterium	9.2977200466
GLUTORN-PWY: L-ornithine biosynthesis I|g__Victivallis.s__Victivallis_vadensis	7.5379522710
GLUTORN-PWY: L-ornithine biosynthesis I|g__Ruminococcus.s__Ruminococcus_sp_AF31_8BH	3.5375693543
PWY-6123: inosine-5'-phosphate biosynthesis I	7027.2907647635
PWY-6123: inosine-5'-phosphate biosynthesis I|unclassified	845.5601760537
PWY-6123: inosine-5'-phosphate biosynthesis I|g__Bacteroides.s__Bacteroides_uniformis	609.2302918604
PWY-6123: inosine-5'-phosphate biosynthesis I|g__Faecalibacterium.s__Faecalibacterium_prausnitzii	565.6384744636
PWY-6123: inosine-5'-phosphate biosynthesis I|g__Alistipes.s__Alistipes_finegoldii	428.0801023654
PWY-6123: inosine-5'-phosphate biosynthesis I|g__Blautia.s__Ruminococcus_torques	415.6945419047
PWY-6123: inosine-5'-phosphate biosynthesis I|g__Bacteroides.s__Bacteroides_massiliensis	286.0146378101
PWY-6123: inosine-5'-phosphate biosynthesis I|g__Blautia.s__Blautia_wexlerae	226.0491325392
PWY-6123: inosine-5'-phosphate biosynthesis I|g__Bacteroides.s__Bacteroides_salyersiae	218.9193389530
PWY-6123: inosine-5'-phosphate biosynthesis I|g__Bacteroides.s__Bacteroides_thetaiotaomicron	217.8787211217
PWY-6123: inosine-5'-phosphate biosynthesis I|g__Bacteroides.s__Bacteroides_vulgatus	196.0748981179
PWY-6123: inosine-5'-phosphate biosynthesis I|g__Bacteroides.s__Bacteroides_cellulosilyticus	180.2269425108
PWY-6123: inosine-5'-phosphate biosynthesis I|g__Parabacteroides.s__Parabacteroides_goldsteinii	127.4508305269
PWY-6123: inosine-5'-phosphate biosynthesis I|g__Bacteroides.s__Bacteroides_dorei	100.0247569749
PWY-6123: inosine-5'-phosphate biosynthesis I|g__Sutterella.s__Sutterella_wadsworthensis	93.0061690194
PWY-6123: inosine-5'-phosphate biosynthesis I|g__Bacteroides.s__Bacteroides_caccae	76.7637905998
PWY-6123: inosine-5'-phosphate biosynthesis I|g__Anaerostipes.s__Anaerostipes_hadrus	74.5159910250
PWY-6123: inosine-5'-phosphate biosynthesis I|g__Parabacteroides.s__Parabacteroides_distasonis	57.0600560617
PWY-6123: inosine-5'-phosphate biosynthesis I|g__Odoribacter.s__Odoribacter_splanchnicus	55.3469991578
PWY-6123: inosine-5'-phosphate biosynthesis I|g__Streptococcus.s__Streptococcus_thermophilus	49.9030576969
PWY-6123: inosine-5'-phosphate biosynthesis I|g__Eubacterium.s__Eubacterium_hallii	43.5019424400
PWY-6123: inosine-5'-phosphate biosynthesis I|g__Blautia.s__Blautia_sp	39.6647097141
PWY-6123: inosine-5'-phosphate biosynthesis I|g__Barnesiella.s__Barnesiella_intestinihominis	38.5396572121
PWY-6123: inosine-5'-phosphate biosynthesis I|g__Bacteroides.s__Bacteroides_faecis	35.4250391481
PWY-6123: inosine-5'-phosphate biosynthesis I|g__Bifidobacterium.s__Bifidobacterium_animalis	32.6272794818
PWY-6123: inosine-5'-phosphate biosynthesis I|g__Prevotella.s__Prevotella_sp_CAG_485	27.1569943357
PWY-6123: inosine-5'-phosphate biosynthesis I|g__Clostridiales_unclassified.s__Clostridiales_bacterium_KLE1615	27.1569851333
PWY-6123: inosine-5'-phosphate biosynthesis I|g__Citrobacter.s__Citrobacter_koseri	26.8401006330
PWY-6123: inosine-5'-phosphate biosynthesis I|g__Eubacterium.s__Eubacterium_sp_CAG_274	25.7628783293
PWY-6123: inosine-5'-phosphate biosynthesis I|g__Butyricimonas.s__Butyricimonas_virosa	25.0416768516
PWY-6123: inosine-5'-phosphate biosynthesis I|g__Senegalimassilia.s__Senegalimassilia_anaerobia	21.2741990313
PWY-6123: inosine-5'-phosphate biosynthesis I|g__Coprococcus.s__Coprococcus_comes	21.0234069854
PWY-6123: inosine-5'-phosphate biosynthesis I|g__Bacteroides.s__Bacteroides_ovatus	15.3486135446
PWY-6123: inosine-5'-phosphate biosynthesis I|g__Blautia.s__Blautia_obeum	15.2817506633
PWY-6123: inosine-5'-phosphate biosynthesis I|g__Ruminococcus.s__Ruminococcus_sp_AF31_8BH	14.3440814484
PWY-6123: inosine-5'-phosphate biosynthesis I|g__Coprococcus.s__Coprococcus_catus	13.6277099546
PWY-6123: inosine-5'-phosphate biosynthesis I|g__Firmicutes_unclassified.s__Firmicutes_bacterium_AF16_15	9.0399351473
PWY-6123: inosine-5'-phosphate biosynthesis I|g__Alistipes.s__Alistipes_indistinctus	9.0306127402
PWY-6123: inosine-5'-phosphate biosynthesis I|g__Alistipes.s__Alistipes_onderdonkii	4.9687296389
PWY-6123: inosine-5'-phosphate biosynthesis I|g__Parabacteroides.s__Parabacteroides_merdae	3.7402505428
PWY-724: superpathway of L-lysine, L-threonine and L-methionine biosynthesis II	6917.8289802567
PWY-724: superpathway of L-lysine, L-threonine and L-methionine biosynthesis II|unclassified	989.8498408211
PWY-724: superpathway of L-lysine, L-threonine and L-methionine biosynthesis II|g__Bacteroides.s__Bacteroides_uniformis	385.1300954103
PWY-724: superpathway of L-lysine, L-threonine and L-methionine biosynthesis II|g__Blautia.s__Ruminococcus_torques	333.9152857763
PWY-724: superpathway of L-lysine, L-threonine and L-methionine biosynthesis II|g__Faecalibacterium.s__Faecalibacterium_prausnitzii	128.9212198035
PWY-724: superpathway of L-lysine, L-threonine and L-methionine biosynthesis II|g__Blautia.s__Blautia_obeum	119.0515857718
PWY-724: superpathway of L-lysine, L-threonine and L-methionine biosynthesis II|g__Anaerostipes.s__Anaerostipes_hadrus	73.8574394397
PWY-724: superpathway of L-lysine, L-threonine and L-methionine biosynthesis II|g__Eubacterium.s__Eubacterium_sp_CAG_252	67.9337752086
PWY-724: superpathway of L-lysine, L-threonine and L-methionine biosynthesis II|g__Eubacterium.s__Eubacterium_hallii	42.4598634203
PWY-724: superpathway of L-lysine, L-threonine and L-methionine biosynthesis II|g__Agathobaculum.s__Agathobaculum_butyriciproducens	38.6410100533
PWY-724: superpathway of L-lysine, L-threonine and L-methionine biosynthesis II|g__Citrobacter.s__Citrobacter_koseri	34.2528222289
PWY-724: superpathway of L-lysine, L-threonine and L-methionine biosynthesis II|g__Fusicatenibacter.s__Fusicatenibacter_saccharivorans	28.2624682884
PWY-724: superpathway of L-lysine, L-threonine and L-methionine biosynthesis II|g__Coprococcus.s__Coprococcus_comes	23.3415159457
PWY-724: superpathway of L-lysine, L-threonine and L-methionine biosynthesis II|g__Bifidobacterium.s__Bifidobacterium_adolescentis	18.6252245426
PWY-724: superpathway of L-lysine, L-threonine and L-methionine biosynthesis II|g__Coprococcus.s__Coprococcus_catus	5.7573779126
PWY-7400: L-arginine biosynthesis IV (archaebacteria)	6849.4634827176
PWY-7400: L-arginine biosynthesis IV (archaebacteria)|g__Blautia.s__Ruminococcus_torques	443.2624514284
PWY-7400: L-arginine biosynthesis IV (archaebacteria)|unclassified	439.0231141298
PWY-7400: L-arginine biosynthesis IV (archaebacteria)|g__Citrobacter.s__Citrobacter_koseri	47.4486939938
PWY-7400: L-arginine biosynthesis IV (archaebacteria)|g__Eubacterium.s__Eubacterium_hallii	41.3242942577
PWY-6124: inosine-5'-phosphate biosynthesis II	6602.4043198083
PWY-6124: inosine-5'-phosphate biosynthesis II|unclassified	778.4525463348
PWY-6124: inosine-5'-phosphate biosynthesis II|g__Bacteroides.s__Bacteroides_uniformis	597.5910830587
PWY-6124: inosine-5'-phosphate biosynthesis II|g__Faecalibacterium.s__Faecalibacterium_prausnitzii	550.4811535961
PWY-6124: inosine-5'-phosphate biosynthesis II|g__Alistipes.s__Alistipes_finegoldii	422.6354751184
PWY-6124: inosine-5'-phosphate biosynthesis II|g__Blautia.s__Ruminococcus_torques	397.9496367126
PWY-6124: inosine-5'-phosphate biosynthesis II|g__Bacteroides.s__Bacteroides_massiliensis	275.9803848917
PWY-6124: inosine-5'-phosphate biosynthesis II|g__Blautia.s__Blautia_wexlerae	231.3292317107
PWY-6124: inosine-5'-phosphate biosynthesis II|g__Bacteroides.s__Bacteroides_thetaiotaomicron	221.1525448139
PWY-6124: inosine-5'-phosphate biosynthesis II|g__Bacteroides.s__Bacteroides_salyersiae	215.3670151662
PWY-6124: inosine-5'-phosphate biosynthesis II|g__Bacteroides.s__Bacteroides_vulgatus	197.8353982542
PWY-6124: inosine-5'-phosphate biosynthesis II|g__Bacteroides.s__Bacteroides_cellulosilyticus	189.4498896096
PWY-6124: inosine-5'-phosphate biosynthesis II|g__Parabacteroides.s__Parabacteroides_goldsteinii	129.6641455547
PWY-6124: inosine-5'-phosphate biosynthesis II|g__Bacteroides.s__Bacteroides_dorei	94.7514559306
PWY-6124: inosine-5'-phosphate biosynthesis II|g__Sutterella.s__Sutterella_wadsworthensis	78.5814536333
PWY-6124: inosine-5'-phosphate biosynthesis II|g__Anaerostipes.s__Anaerostipes_hadrus	78.0548637090
PWY-6124: inosine-5'-phosphate biosynthesis II|g__Bacteroides.s__Bacteroides_caccae	73.9227326464
PWY-6124: inosine-5'-phosphate biosynthesis II|g__Parabacteroides.s__Parabacteroides_distasonis	65.6872573317
PWY-6124: inosine-5'-phosphate biosynthesis II|g__Blautia.s__Blautia_sp	62.5286532864
PWY-6124: inosine-5'-phosphate biosynthesis II|g__Odoribacter.s__Odoribacter_splanchnicus	54.7139671236
PWY-6124: inosine-5'-phosphate biosynthesis II|g__Streptococcus.s__Streptococcus_thermophilus	51.9931268293
PWY-6124: inosine-5'-phosphate biosynthesis II|g__Eubacterium.s__Eubacterium_hallii	40.0619408480
PWY-6124: inosine-5'-phosphate biosynthesis II|g__Barnesiella.s__Barnesiella_intestinihominis	36.1158598564
PWY-6124: inosine-5'-phosphate biosynthesis II|g__Bacteroides.s__Bacteroides_faecis	34.8124192544
PWY-6124: inosine-5'-phosphate biosynthesis II|g__Citrobacter.s__Citrobacter_koseri	34.2948007374
PWY-6124: inosine-5'-phosphate biosynthesis II|g__Bifidobacterium.s__Bifidobacterium_animalis	27.0197667675
PWY-6124: inosine-5'-phosphate biosynthesis II|g__Clostridiales_unclassified.s__Clostridiales_bacterium_KLE1615	26.3668403617
PWY-6124: inosine-5'-phosphate biosynthesis II|g__Prevotella.s__Prevotella_sp_CAG_485	25.5876129961
PWY-6124: inosine-5'-phosphate biosynthesis II|g__Butyricimonas.s__Butyricimonas_virosa	23.1728709285
PWY-6124: inosine-5'-phosphate biosynthesis II|g__Coprococcus.s__Coprococcus_comes	22.2516682066
PWY-6124: inosine-5'-phosphate biosynthesis II|g__Eubacterium.s__Eubacterium_sp_CAG_274	20.6720325579
PWY-6124: inosine-5'-phosphate biosynthesis II|g__Senegalimassilia.s__Senegalimassilia_anaerobia	19.3861398646
PWY-6124: inosine-5'-phosphate biosynthesis II|g__Bacteroides.s__Bacteroides_sp_CAG_144	18.8651687844
PWY-6124: inosine-5'-phosphate biosynthesis II|g__Bacteroides.s__Bacteroides_ovatus	13.5247178956
PWY-6124: inosine-5'-phosphate biosynthesis II|g__Ruminococcus.s__Ruminococcus_sp_AF31_8BH	13.1962331417
PWY-6124: inosine-5'-phosphate biosynthesis II|g__Blautia.s__Blautia_obeum	12.9965325427
PWY-6124: inosine-5'-phosphate biosynthesis II|g__Alistipes.s__Alistipes_indistinctus	9.2012108101
PWY-6124: inosine-5'-phosphate biosynthesis II|g__Firmicutes_unclassified.s__Firmicutes_bacterium_AF16_15	8.2766242270
PWY-6124: inosine-5'-phosphate biosynthesis II|g__Alistipes.s__Alistipes_onderdonkii	4.2091690356
PWY-6124: inosine-5'-phosphate biosynthesis II|g__Blautia.s__Blautia_sp_AF19_10LB	4.1232801923
PWY-6124: inosine-5'-phosphate biosynthesis II|g__Parabacteroides.s__Parabacteroides_merdae	4.0589094320
TRPSYN-PWY: L-tryptophan biosynthesis	6486.8884435291
TRPSYN-PWY: L-tryptophan biosynthesis|unclassified	990.7536571257
TRPSYN-PWY: L-tryptophan biosynthesis|g__Blautia.s__Ruminococcus_torques	592.4647473628
TRPSYN-PWY: L-tryptophan biosynthesis|g__Lachnospiraceae_unclassified.s__Eubacterium_rectale	403.7870312249
TRPSYN-PWY: L-tryptophan biosynthesis|g__Ruminococcus.s__Ruminococcus_bromii	276.4659442380
TRPSYN-PWY: L-tryptophan biosynthesis|g__Bacteroides.s__Bacteroides_vulgatus	265.5793835197
TRPSYN-PWY: L-tryptophan biosynthesis|g__Blautia.s__Blautia_wexlerae	159.1883155531
TRPSYN-PWY: L-tryptophan biosynthesis|g__Ruminococcus.s__Ruminococcus_callidus	121.6430654051
TRPSYN-PWY: L-tryptophan biosynthesis|g__Blautia.s__Blautia_obeum	107.4333287684
TRPSYN-PWY: L-tryptophan biosynthesis|g__Anaerostipes.s__Anaerostipes_hadrus	85.7317884405
TRPSYN-PWY: L-tryptophan biosynthesis|g__Streptococcus.s__Streptococcus_thermophilus	70.3049818802
TRPSYN-PWY: L-tryptophan biosynthesis|g__Eubacterium.s__Eubacterium_sp_CAG_252	69.7345460471
TRPSYN-PWY: L-tryptophan biosynthesis|g__Blautia.s__Blautia_sp_CAG_52	68.1722777265
TRPSYN-PWY: L-tryptophan biosynthesis|g__Clostridium.s__Clostridium_sp_CAG_75	63.2409949520
TRPSYN-PWY: L-tryptophan biosynthesis|g__Phascolarctobacterium.s__Phascolarctobacterium_faecium	59.2702351827
TRPSYN-PWY: L-tryptophan biosynthesis|g__Eubacterium.s__Eubacterium_sp_CAG_38	48.6372979406
TRPSYN-PWY: L-tryptophan biosynthesis|g__Blautia.s__Blautia_sp	48.2728757939
TRPSYN-PWY: L-tryptophan biosynthesis|g__Odoribacter.s__Odoribacter_splanchnicus	47.8152985228
TRPSYN-PWY: L-tryptophan biosynthesis|g__Fusicatenibacter.s__Fusicatenibacter_saccharivorans	43.9657923933
TRPSYN-PWY: L-tryptophan biosynthesis|g__Firmicutes_unclassified.s__Firmicutes_bacterium_CAG_41	38.6166661502
TRPSYN-PWY: L-tryptophan biosynthesis|g__Eubacterium.s__Eubacterium_hallii	36.8262693846
TRPSYN-PWY: L-tryptophan biosynthesis|g__Citrobacter.s__Citrobacter_koseri	32.0149668417
TRPSYN-PWY: L-tryptophan biosynthesis|g__Eubacterium.s__Eubacterium_ramulus	31.9797907906
TRPSYN-PWY: L-tryptophan biosynthesis|g__Clostridium.s__Clostridium_sp_CAG_167	22.4812286657
TRPSYN-PWY: L-tryptophan biosynthesis|g__Roseburia.s__Roseburia_sp_CAG_100	16.0645576025
TRPSYN-PWY: L-tryptophan biosynthesis|g__Roseburia.s__Roseburia_intestinalis	10.8857615316
PANTO-PWY: phosphopantothenate biosynthesis I	6482.9568856030
PANTO-PWY: phosphopantothenate biosynthesis I|unclassified	1040.0562720829
PANTO-PWY: phosphopantothenate biosynthesis I|g__Bacteroides.s__Bacteroides_uniformis	599.1071049180
PANTO-PWY: phosphopantothenate biosynthesis I|g__Lachnospiraceae_unclassified.s__Eubacterium_rectale	492.0939343685
PANTO-PWY: phosphopantothenate biosynthesis I|g__Blautia.s__Ruminococcus_torques	330.9891916797
PANTO-PWY: phosphopantothenate biosynthesis I|g__Bacteroides.s__Bacteroides_massiliensis	245.7134638746
PANTO-PWY: phosphopantothenate biosynthesis I|g__Bacteroides.s__Bacteroides_salyersiae	220.4372631232
PANTO-PWY: phosphopantothenate biosynthesis I|g__Bacteroides.s__Bacteroides_thetaiotaomicron	207.4028252962
PANTO-PWY: phosphopantothenate biosynthesis I|g__Bacteroides.s__Bacteroides_vulgatus	199.9778068842
PANTO-PWY: phosphopantothenate biosynthesis I|g__Bacteroides.s__Bacteroides_cellulosilyticus	175.4144365041
PANTO-PWY: phosphopantothenate biosynthesis I|g__Anaerostipes.s__Anaerostipes_hadrus	120.0498871493
PANTO-PWY: phosphopantothenate biosynthesis I|g__Parabacteroides.s__Parabacteroides_goldsteinii	110.4157354922
PANTO-PWY: phosphopantothenate biosynthesis I|g__Bacteroides.s__Bacteroides_dorei	107.1467107304
PANTO-PWY: phosphopantothenate biosynthesis I|g__Blautia.s__Blautia_wexlerae	105.2613068924
PANTO-PWY: phosphopantothenate biosynthesis I|g__Ruminococcus.s__Ruminococcus_callidus	105.2037861214
PANTO-PWY: phosphopantothenate biosynthesis I|g__Bacteroides.s__Bacteroides_caccae	72.2346266212
PANTO-PWY: phosphopantothenate biosynthesis I|g__Dorea.s__Dorea_longicatena	65.4790771416
PANTO-PWY: phosphopantothenate biosynthesis I|g__Eubacterium.s__Eubacterium_hallii	61.4283610461
PANTO-PWY: phosphopantothenate biosynthesis I|g__Odoribacter.s__Odoribacter_splanchnicus	61.3654042296
PANTO-PWY: phosphopantothenate biosynthesis I|g__Phascolarctobacterium.s__Phascolarctobacterium_faecium	58.2871115862
PANTO-PWY: phosphopantothenate biosynthesis I|g__Eubacterium.s__Eubacterium_sp_CAG_38	57.7073974037
PANTO-PWY: phosphopantothenate biosynthesis I|g__Agathobaculum.s__Agathobaculum_butyriciproducens	53.4514262492
PANTO-PWY: phosphopantothenate biosynthesis I|g__Parabacteroides.s__Parabacteroides_distasonis	48.0740512368
PANTO-PWY: phosphopantothenate biosynthesis I|g__Butyricimonas.s__Butyricimonas_virosa	42.3206489251
PANTO-PWY: phosphopantothenate biosynthesis I|g__Alistipes.s__Alistipes_onderdonkii	37.6049495011
PANTO-PWY: phosphopantothenate biosynthesis I|g__Bilophila.s__Bilophila_wadsworthia	36.3544864020
PANTO-PWY: phosphopantothenate biosynthesis I|g__Blautia.s__Blautia_obeum	36.2219852917
PANTO-PWY: phosphopantothenate biosynthesis I|g__Firmicutes_unclassified.s__Firmicutes_bacterium_CAG_114	36.0047466998
PANTO-PWY: phosphopantothenate biosynthesis I|g__Citrobacter.s__Citrobacter_koseri	32.2757230548
PANTO-PWY: phosphopantothenate biosynthesis I|g__Clostridium.s__Clostridium_sp_CAG_167	30.2888627648
PANTO-PWY: phosphopantothenate biosynthesis I|g__Bacteroides.s__Bacteroides_faecis	28.0792959235
PANTO-PWY: phosphopantothenate biosynthesis I|g__Eubacterium.s__Eubacterium_ramulus	26.7043467007
PANTO-PWY: phosphopantothenate biosynthesis I|g__Bacteroides.s__Bacteroides_ovatus	25.3584747845
PANTO-PWY: phosphopantothenate biosynthesis I|g__Roseburia.s__Roseburia_faecis	24.7902589223
PANTO-PWY: phosphopantothenate biosynthesis I|g__Senegalimassilia.s__Senegalimassilia_anaerobia	23.7054642056
PANTO-PWY: phosphopantothenate biosynthesis I|g__Barnesiella.s__Barnesiella_intestinihominis	23.4781275847
PANTO-PWY: phosphopantothenate biosynthesis I|g__Prevotella.s__Prevotella_sp_CAG_485	22.6291579387
PANTO-PWY: phosphopantothenate biosynthesis I|g__Dorea.s__Dorea_formicigenerans	22.5993340152
PANTO-PWY: phosphopantothenate biosynthesis I|g__Coprococcus.s__Coprococcus_comes	21.8096564617
PANTO-PWY: phosphopantothenate biosynthesis I|g__Firmicutes_unclassified.s__Firmicutes_bacterium_CAG_41	20.1231819749
PANTO-PWY: phosphopantothenate biosynthesis I|g__Eubacterium.s__Eubacterium_sp_AF17_7	16.6567632950
PANTO-PWY: phosphopantothenate biosynthesis I|g__Blautia.s__Blautia_sp	16.3044098562
PANTO-PWY: phosphopantothenate biosynthesis I|g__Asaccharobacter.s__Asaccharobacter_celatus	16.1409840776
PANTO-PWY: phosphopantothenate biosynthesis I|g__Butyricimonas.s__Butyricimonas_synergistica	15.7555292822
PANTO-PWY: phosphopantothenate biosynthesis I|g__Lentisphaerae_unclassified.s__Lentisphaerae_bacterium	8.6607569530
PANTO-PWY: phosphopantothenate biosynthesis I|g__Victivallis.s__Victivallis_vadensis	4.9351275654
NONOXIPENT-PWY: pentose phosphate pathway (non-oxidative branch) I	6368.9112400172
NONOXIPENT-PWY: pentose phosphate pathway (non-oxidative branch) I|unclassified	1364.8367024493
NONOXIPENT-PWY: pentose phosphate pathway (non-oxidative branch) I|g__Lachnospiraceae_unclassified.s__Eubacterium_rectale	811.3077504079
NONOXIPENT-PWY: pentose phosphate pathway (non-oxidative branch) I|g__Blautia.s__Ruminococcus_torques	713.0134803564
NONOXIPENT-PWY: pentose phosphate pathway (non-oxidative branch) I|g__Prevotella.s__Prevotella_copri	335.4717269346
NONOXIPENT-PWY: pentose phosphate pathway (non-oxidative branch) I|g__Blautia.s__Blautia_wexlerae	134.6285878994
NONOXIPENT-PWY: pentose phosphate pathway (non-oxidative branch) I|g__Eubacterium.s__Eubacterium_hallii	131.9506579486
NONOXIPENT-PWY: pentose phosphate pathway (non-oxidative branch) I|g__Anaerostipes.s__Anaerostipes_hadrus	130.9935523077
NONOXIPENT-PWY: pentose phosphate pathway (non-oxidative branch) I|g__Bacteroides.s__Bacteroides_salyersiae	111.9074651763
NONOXIPENT-PWY: pentose phosphate pathway (non-oxidative branch) I|g__Citrobacter.s__Citrobacter_koseri	105.7843354198
NONOXIPENT-PWY: pentose phosphate pathway (non-oxidative branch) I|g__Eubacterium.s__Eubacterium_sp_CAG_252	100.9690359741
NONOXIPENT-PWY: pentose phosphate pathway (non-oxidative branch) I|g__Blautia.s__Blautia_obeum	100.3775793643
NONOXIPENT-PWY: pentose phosphate pathway (non-oxidative branch) I|g__Blautia.s__Blautia_sp	67.8978617567
NONOXIPENT-PWY: pentose phosphate pathway (non-oxidative branch) I|g__Parabacteroides.s__Parabacteroides_distasonis	53.9459644699
NONOXIPENT-PWY: pentose phosphate pathway (non-oxidative branch) I|g__Fusicatenibacter.s__Fusicatenibacter_saccharivorans	48.0130410062
NONOXIPENT-PWY: pentose phosphate pathway (non-oxidative branch) I|g__Agathobaculum.s__Agathobaculum_butyriciproducens	43.5348784000
NONOXIPENT-PWY: pentose phosphate pathway (non-oxidative branch) I|g__Clostridiales_unclassified.s__Clostridiales_bacterium_KLE1615	33.8098120085
NONOXIPENT-PWY: pentose phosphate pathway (non-oxidative branch) I|g__Roseburia.s__Roseburia_faecis	32.1960510482
NONOXIPENT-PWY: pentose phosphate pathway (non-oxidative branch) I|g__Streptococcus.s__Streptococcus_thermophilus	25.6954422539
NONOXIPENT-PWY: pentose phosphate pathway (non-oxidative branch) I|g__Blautia.s__Blautia_sp_AF19_10LB	19.3360403861
NONOXIPENT-PWY: pentose phosphate pathway (non-oxidative branch) I|g__Faecalibacterium.s__Faecalibacterium_prausnitzii	17.5998028038
NONOXIPENT-PWY: pentose phosphate pathway (non-oxidative branch) I|g__Ruminococcus.s__Ruminococcus_sp_AF31_8BH	15.2715905781
NONOXIPENT-PWY: pentose phosphate pathway (non-oxidative branch) I|g__Clostridium.s__Clostridium_sp_AM22_11AC	14.0571128793
NONOXIPENT-PWY: pentose phosphate pathway (non-oxidative branch) I|g__Eisenbergiella.s__Eisenbergiella_tayi	3.5238279215
PYRIDNUCSYN-PWY: NAD de novo biosynthesis I (from aspartate)	6088.4310818451
PYRIDNUCSYN-PWY: NAD de novo biosynthesis I (from aspartate)|unclassified	666.4439214164
PYRIDNUCSYN-PWY: NAD de novo biosynthesis I (from aspartate)|g__Bacteroides.s__Bacteroides_uniformis	505.0391783549
PYRIDNUCSYN-PWY: NAD de novo biosynthesis I (from aspartate)|g__Blautia.s__Ruminococcus_torques	378.9752475101
PYRIDNUCSYN-PWY: NAD de novo biosynthesis I (from aspartate)|g__Bacteroides.s__Bacteroides_massiliensis	257.9846468336
PYRIDNUCSYN-PWY: NAD de novo biosynthesis I (from aspartate)|g__Bacteroides.s__Bacteroides_thetaiotaomicron	204.2754948389
PYRIDNUCSYN-PWY: NAD de novo biosynthesis I (from aspartate)|g__Bacteroides.s__Bacteroides_vulgatus	203.9388841741
PYRIDNUCSYN-PWY: NAD de novo biosynthesis I (from aspartate)|g__Bacteroides.s__Bacteroides_salyersiae	195.1106448771
PYRIDNUCSYN-PWY: NAD de novo biosynthesis I (from aspartate)|g__Blautia.s__Blautia_obeum	124.8597934357
PYRIDNUCSYN-PWY: NAD de novo biosynthesis I (from aspartate)|g__Parabacteroides.s__Parabacteroides_goldsteinii	122.6097934154
PYRIDNUCSYN-PWY: NAD de novo biosynthesis I (from aspartate)|g__Bacteroides.s__Bacteroides_dorei	117.7043061728
PYRIDNUCSYN-PWY: NAD de novo biosynthesis I (from aspartate)|g__Bacteroides.s__Bacteroides_cellulosilyticus	96.0457833934
PYRIDNUCSYN-PWY: NAD de novo biosynthesis I (from aspartate)|g__Anaerostipes.s__Anaerostipes_hadrus	73.9981951175
PYRIDNUCSYN-PWY: NAD de novo biosynthesis I (from aspartate)|g__Eubacterium.s__Eubacterium_hallii	49.6069775341
PYRIDNUCSYN-PWY: NAD de novo biosynthesis I (from aspartate)|g__Parabacteroides.s__Parabacteroides_distasonis	47.6229261378
PYRIDNUCSYN-PWY: NAD de novo biosynthesis I (from aspartate)|g__Citrobacter.s__Citrobacter_koseri	24.2890016999
PYRIDNUCSYN-PWY: NAD de novo biosynthesis I (from aspartate)|g__Alistipes.s__Alistipes_shahii	23.4561579704
PYRIDNUCSYN-PWY: NAD de novo biosynthesis I (from aspartate)|g__Bacteroides.s__Bacteroides_faecis	20.8197419926
PYRIDNUCSYN-PWY: NAD de novo biosynthesis I (from aspartate)|g__Coprococcus.s__Coprococcus_catus	17.4354872456
PWY-7229: superpathway of adenosine nucleotides de novo biosynthesis I	6069.3829303384
PWY-7229: superpathway of adenosine nucleotides de novo biosynthesis I|unclassified	352.5505315881
PWY-7229: superpathway of adenosine nucleotides de novo biosynthesis I|g__Bacteroides.s__Bacteroides_massiliensis	307.6006040165
PWY-7229: superpathway of adenosine nucleotides de novo biosynthesis I|g__Bacteroides.s__Bacteroides_thetaiotaomicron	239.4707743617
PWY-7229: superpathway of adenosine nucleotides de novo biosynthesis I|g__Bacteroides.s__Bacteroides_vulgatus	231.0796273591
PWY-7229: superpathway of adenosine nucleotides de novo biosynthesis I|g__Bacteroides.s__Bacteroides_salyersiae	229.0494816282
PWY-7229: superpathway of adenosine nucleotides de novo biosynthesis I|g__Bacteroides.s__Bacteroides_cellulosilyticus	174.8065299107
PWY-7229: superpathway of adenosine nucleotides de novo biosynthesis I|g__Parabacteroides.s__Parabacteroides_goldsteinii	149.3072380745
PWY-7229: superpathway of adenosine nucleotides de novo biosynthesis I|g__Bacteroides.s__Bacteroides_dorei	147.4636220956
PWY-7229: superpathway of adenosine nucleotides de novo biosynthesis I|g__Sutterella.s__Sutterella_wadsworthensis	78.1052226908
PWY-7229: superpathway of adenosine nucleotides de novo biosynthesis I|g__Odoribacter.s__Odoribacter_splanchnicus	69.4010826497
PWY-7229: superpathway of adenosine nucleotides de novo biosynthesis I|g__Bacteroides.s__Bacteroides_caccae	64.4394767607
PWY-7229: superpathway of adenosine nucleotides de novo biosynthesis I|g__Streptococcus.s__Streptococcus_thermophilus	52.7433169897
PWY-7229: superpathway of adenosine nucleotides de novo biosynthesis I|g__Parabacteroides.s__Parabacteroides_distasonis	48.0682564371
PWY-7229: superpathway of adenosine nucleotides de novo biosynthesis I|g__Citrobacter.s__Citrobacter_koseri	47.3946384086
PWY-7229: superpathway of adenosine nucleotides de novo biosynthesis I|g__Bacteroides.s__Bacteroides_faecis	36.8195726701
PWY-7229: superpathway of adenosine nucleotides de novo biosynthesis I|g__Prevotella.s__Prevotella_sp_CAG_485	28.6157157711
PWY-7229: superpathway of adenosine nucleotides de novo biosynthesis I|g__Bilophila.s__Bilophila_wadsworthia	19.4405219046
PWY-7229: superpathway of adenosine nucleotides de novo biosynthesis I|g__Bacteroides.s__Bacteroides_ovatus	18.5860349719
PWY-3001: superpathway of L-isoleucine biosynthesis I	6052.9969129570
PWY-3001: superpathway of L-isoleucine biosynthesis I|unclassified	720.3073254074
PWY-3001: superpathway of L-isoleucine biosynthesis I|g__Blautia.s__Ruminococcus_torques	332.9616455005
PWY-3001: superpathway of L-isoleucine biosynthesis I|g__Streptococcus.s__Streptococcus_thermophilus	64.4446553903
PWY-3001: superpathway of L-isoleucine biosynthesis I|g__Eubacterium.s__Eubacterium_hallii	54.9519261306
PWY-3001: superpathway of L-isoleucine biosynthesis I|g__Citrobacter.s__Citrobacter_koseri	52.0097439544
PWY-3001: superpathway of L-isoleucine biosynthesis I|g__Bifidobacterium.s__Bifidobacterium_animalis	31.8041359840
PWY-6317: D-galactose degradation I (Leloir pathway)	6009.9657548335
PWY-6317: D-galactose degradation I (Leloir pathway)|unclassified	1049.7994028287
PWY-6317: D-galactose degradation I (Leloir pathway)|g__Blautia.s__Ruminococcus_torques	727.4635822226
PWY-6317: D-galactose degradation I (Leloir pathway)|g__Faecalibacterium.s__Faecalibacterium_prausnitzii	574.7199284064
PWY-6317: D-galactose degradation I (Leloir pathway)|g__Blautia.s__Blautia_wexlerae	164.7749168163
PWY-6317: D-galactose degradation I (Leloir pathway)|g__Blautia.s__Blautia_obeum	143.4145315739
PWY-6317: D-galactose degradation I (Leloir pathway)|g__Anaerostipes.s__Anaerostipes_hadrus	87.9674393281
PWY-6317: D-galactose degradation I (Leloir pathway)|g__Blautia.s__Blautia_sp	82.8937667965
PWY-6317: D-galactose degradation I (Leloir pathway)|g__Eubacterium.s__Eubacterium_hallii	55.6140392804
PWY-6317: D-galactose degradation I (Leloir pathway)|g__Citrobacter.s__Citrobacter_koseri	41.3226432538
PWY-6317: D-galactose degradation I (Leloir pathway)|g__Dorea.s__Dorea_longicatena	39.6957273614
PWY-6317: D-galactose degradation I (Leloir pathway)|g__Eubacterium.s__Eubacterium_ramulus	39.2167500700
PWY-6317: D-galactose degradation I (Leloir pathway)|g__Fusicatenibacter.s__Fusicatenibacter_saccharivorans	37.3890119274
PWY-6317: D-galactose degradation I (Leloir pathway)|g__Streptococcus.s__Streptococcus_thermophilus	37.3836373971
PWY-6317: D-galactose degradation I (Leloir pathway)|g__Dorea.s__Dorea_formicigenerans	34.8981743061
PWY-6317: D-galactose degradation I (Leloir pathway)|g__Clostridiales_unclassified.s__Clostridiales_bacterium_KLE1615	31.0824469187
PWY-6317: D-galactose degradation I (Leloir pathway)|g__Coprococcus.s__Coprococcus_comes	27.0919596439
PWY-6317: D-galactose degradation I (Leloir pathway)|g__Roseburia.s__Roseburia_intestinalis	17.1684721234
PWY-6317: D-galactose degradation I (Leloir pathway)|g__Roseburia.s__Roseburia_faecis	17.0209282092
PWY-6317: D-galactose degradation I (Leloir pathway)|g__Coprococcus.s__Coprococcus_catus	14.9805659060
PWY-6317: D-galactose degradation I (Leloir pathway)|g__Ruminococcus.s__Ruminococcus_sp_AF31_8BH	8.9510425549
THRESYN-PWY: superpathway of L-threonine biosynthesis	5959.4355610091
THRESYN-PWY: superpathway of L-threonine biosynthesis|unclassified	714.9221498109
THRESYN-PWY: superpathway of L-threonine biosynthesis|g__Blautia.s__Ruminococcus_torques	389.3740847474
THRESYN-PWY: superpathway of L-threonine biosynthesis|g__Bacteroides.s__Bacteroides_uniformis	255.8558565943
THRESYN-PWY: superpathway of L-threonine biosynthesis|g__Bacteroides.s__Bacteroides_massiliensis	241.9645145300
THRESYN-PWY: superpathway of L-threonine biosynthesis|g__Bacteroides.s__Bacteroides_vulgatus	111.4423787597
THRESYN-PWY: superpathway of L-threonine biosynthesis|g__Bacteroides.s__Bacteroides_dorei	109.4374004665
THRESYN-PWY: superpathway of L-threonine biosynthesis|g__Bacteroides.s__Bacteroides_intestinalis	99.3103215913
THRESYN-PWY: superpathway of L-threonine biosynthesis|g__Blautia.s__Blautia_obeum	88.7767761177
THRESYN-PWY: superpathway of L-threonine biosynthesis|g__Faecalibacterium.s__Faecalibacterium_prausnitzii	84.2803343472
THRESYN-PWY: superpathway of L-threonine biosynthesis|g__Streptococcus.s__Streptococcus_thermophilus	60.8874711200
THRESYN-PWY: superpathway of L-threonine biosynthesis|g__Citrobacter.s__Citrobacter_koseri	56.1378481742
THRESYN-PWY: superpathway of L-threonine biosynthesis|g__Eubacterium.s__Eubacterium_hallii	51.6963523825
THRESYN-PWY: superpathway of L-threonine biosynthesis|g__Anaerostipes.s__Anaerostipes_hadrus	51.4274372890
THRESYN-PWY: superpathway of L-threonine biosynthesis|g__Bifidobacterium.s__Bifidobacterium_animalis	29.1692033672
THRESYN-PWY: superpathway of L-threonine biosynthesis|g__Bifidobacterium.s__Bifidobacterium_adolescentis	13.7807917573
THRESYN-PWY: superpathway of L-threonine biosynthesis|g__Anaerotruncus.s__Anaerotruncus_colihominis	10.0241763496
PWY-6527: stachyose degradation	5870.0946740901
PWY-6527: stachyose degradation|unclassified	1131.1437576600
PWY-6527: stachyose degradation|g__Blautia.s__Ruminococcus_torques	525.3260381730
PWY-6527: stachyose degradation|g__Blautia.s__Blautia_obeum	221.4211384171
PWY-6527: stachyose degradation|g__Blautia.s__Blautia_wexlerae	189.5581056733
PWY-6527: stachyose degradation|g__Faecalibacterium.s__Faecalibacterium_prausnitzii	165.1321268649
PWY-6527: stachyose degradation|g__Clostridium.s__Clostridium_sp_CAG_75	43.6892282441
PWY-6527: stachyose degradation|g__Fusicatenibacter.s__Fusicatenibacter_saccharivorans	42.7288250174
PWY-6527: stachyose degradation|g__Dorea.s__Dorea_longicatena	39.4823941626
PWY-6527: stachyose degradation|g__Eubacterium.s__Eubacterium_ramulus	36.5542815133
PWY-6527: stachyose degradation|g__Clostridiales_unclassified.s__Clostridiales_bacterium_KLE1615	34.3527984013
PWY-6527: stachyose degradation|g__Citrobacter.s__Citrobacter_koseri	29.3792391340
PWY-6527: stachyose degradation|g__Roseburia.s__Roseburia_faecis	24.1542931666
PWY-6527: stachyose degradation|g__Eubacterium.s__Eubacterium_hallii	23.1061726511
PWY-6527: stachyose degradation|g__Roseburia.s__Roseburia_sp_CAG_100	15.6599836900
PWY-6527: stachyose degradation|g__Roseburia.s__Roseburia_intestinalis	12.6941306651
PWY-6527: stachyose degradation|g__Lachnospiraceae_unclassified.s__Eubacterium_rectale	11.0928551977
PWY-6527: stachyose degradation|g__Ruminococcus.s__Ruminococcus_bicirculans	9.0097868872
PWY-6527: stachyose degradation|g__Blautia.s__Blautia_sp	7.8972927255
PWY-5973: cis-vaccenate biosynthesis	5837.7972371982
PWY-5973: cis-vaccenate biosynthesis|g__Bacteroides.s__Bacteroides_uniformis	527.5155933423
PWY-5973: cis-vaccenate biosynthesis|unclassified	428.7528365971
PWY-5973: cis-vaccenate biosynthesis|g__Alistipes.s__Alistipes_finegoldii	412.9947785126
PWY-5973: cis-vaccenate biosynthesis|g__Bacteroides.s__Bacteroides_cellulosilyticus	285.0148058765
PWY-5973: cis-vaccenate biosynthesis|g__Bacteroides.s__Bacteroides_salyersiae	214.1137897555
PWY-5973: cis-vaccenate biosynthesis|g__Bacteroides.s__Bacteroides_thetaiotaomicron	198.0076852498
PWY-5973: cis-vaccenate biosynthesis|g__Blautia.s__Ruminococcus_torques	126.5844503940
PWY-5973: cis-vaccenate biosynthesis|g__Parabacteroides.s__Parabacteroides_goldsteinii	123.0261966535
PWY-5973: cis-vaccenate biosynthesis|g__Bacteroides.s__Bacteroides_caccae	63.2397286963
PWY-5973: cis-vaccenate biosynthesis|g__Parabacteroides.s__Parabacteroides_distasonis	59.5183018187
PWY-5973: cis-vaccenate biosynthesis|g__Odoribacter.s__Odoribacter_splanchnicus	57.1618965311
PWY-5973: cis-vaccenate biosynthesis|g__Citrobacter.s__Citrobacter_koseri	50.5952376545
PWY-5973: cis-vaccenate biosynthesis|g__Alistipes.s__Alistipes_onderdonkii	36.2698216472
PWY-5973: cis-vaccenate biosynthesis|g__Bacteroides.s__Bacteroides_faecis	17.7630248462
PWY-5973: cis-vaccenate biosynthesis|g__Bacteroides.s__Bacteroides_ovatus	13.1584169622
PWY-5154: L-arginine biosynthesis III (via N-acetyl-L-citrulline)	5836.1192209232
PWY-5154: L-arginine biosynthesis III (via N-acetyl-L-citrulline)|g__Alistipes.s__Alistipes_finegoldii	412.4034945831
PWY-5154: L-arginine biosynthesis III (via N-acetyl-L-citrulline)|g__Blautia.s__Ruminococcus_torques	112.9983687847
PWY-5154: L-arginine biosynthesis III (via N-acetyl-L-citrulline)|unclassified	66.0464976018
PWY-5154: L-arginine biosynthesis III (via N-acetyl-L-citrulline)|g__Citrobacter.s__Citrobacter_koseri	40.9978137610
PWY-5154: L-arginine biosynthesis III (via N-acetyl-L-citrulline)|g__Eubacterium.s__Eubacterium_hallii	36.6491551366
RIBOSYN2-PWY: flavin biosynthesis I (bacteria and plants)	5536.0003212553
RIBOSYN2-PWY: flavin biosynthesis I (bacteria and plants)|g__Faecalibacterium.s__Faecalibacterium_prausnitzii	573.1825467191
RIBOSYN2-PWY: flavin biosynthesis I (bacteria and plants)|g__Blautia.s__Ruminococcus_torques	515.6366413926
RIBOSYN2-PWY: flavin biosynthesis I (bacteria and plants)|unclassified	319.3087372113
RIBOSYN2-PWY: flavin biosynthesis I (bacteria and plants)|g__Lachnospiraceae_unclassified.s__Eubacterium_rectale	224.4897119941
RIBOSYN2-PWY: flavin biosynthesis I (bacteria and plants)|g__Bacteroides.s__Bacteroides_thetaiotaomicron	212.0721004409
RIBOSYN2-PWY: flavin biosynthesis I (bacteria and plants)|g__Bacteroides.s__Bacteroides_salyersiae	174.8847755513
RIBOSYN2-PWY: flavin biosynthesis I (bacteria and plants)|g__Bacteroides.s__Bacteroides_vulgatus	171.6818800840
RIBOSYN2-PWY: flavin biosynthesis I (bacteria and plants)|g__Parabacteroides.s__Parabacteroides_goldsteinii	120.1099222454
RIBOSYN2-PWY: flavin biosynthesis I (bacteria and plants)|g__Bacteroides.s__Bacteroides_dorei	113.7212222044
RIBOSYN2-PWY: flavin biosynthesis I (bacteria and plants)|g__Blautia.s__Blautia_wexlerae	89.7440259508
RIBOSYN2-PWY: flavin biosynthesis I (bacteria and plants)|g__Blautia.s__Blautia_obeum	89.1246795373
RIBOSYN2-PWY: flavin biosynthesis I (bacteria and plants)|g__Parabacteroides.s__Parabacteroides_distasonis	61.3251740278
RIBOSYN2-PWY: flavin biosynthesis I (bacteria and plants)|g__Bacteroides.s__Bacteroides_caccae	59.0098193643
RIBOSYN2-PWY: flavin biosynthesis I (bacteria and plants)|g__Odoribacter.s__Odoribacter_splanchnicus	53.0551795052
RIBOSYN2-PWY: flavin biosynthesis I (bacteria and plants)|g__Agathobaculum.s__Agathobaculum_butyriciproducens	52.8580397223
RIBOSYN2-PWY: flavin biosynthesis I (bacteria and plants)|g__Eubacterium.s__Eubacterium_hallii	34.0855474864
RIBOSYN2-PWY: flavin biosynthesis I (bacteria and plants)|g__Dorea.s__Dorea_longicatena	22.5469402343
RIBOSYN2-PWY: flavin biosynthesis I (bacteria and plants)|g__Coprococcus.s__Coprococcus_comes	21.9995336716
RIBOSYN2-PWY: flavin biosynthesis I (bacteria and plants)|g__Bacteroides.s__Bacteroides_faecis	21.9802464140
RIBOSYN2-PWY: flavin biosynthesis I (bacteria and plants)|g__Dorea.s__Dorea_formicigenerans	16.4249252638
RIBOSYN2-PWY: flavin biosynthesis I (bacteria and plants)|g__Coprococcus.s__Coprococcus_catus	10.6844550066
PWY-6270: isoprene biosynthesis I	5530.5380278218
PWY-6270: isoprene biosynthesis I|g__Blautia.s__Ruminococcus_torques	526.6435146793
PWY-6270: isoprene biosynthesis I|unclassified	297.7547012933
PWY-6270: isoprene biosynthesis I|g__Bacteroides.s__Bacteroides_thetaiotaomicron	195.8297330181
PWY-6270: isoprene biosynthesis I|g__Anaerostipes.s__Anaerostipes_hadrus	89.8932098194
PWY-6270: isoprene biosynthesis I|g__Phascolarctobacterium.s__Phascolarctobacterium_faecium	55.4265191338
PWY-6270: isoprene biosynthesis I|g__Blautia.s__Blautia_wexlerae	51.3922042015
PWY-6270: isoprene biosynthesis I|g__Eubacterium.s__Eubacterium_hallii	49.1204822805
PWY-6270: isoprene biosynthesis I|g__Parabacteroides.s__Parabacteroides_distasonis	48.3325867565
PWY-6270: isoprene biosynthesis I|g__Blautia.s__Blautia_obeum	40.2871064878
PWY-6270: isoprene biosynthesis I|g__Fusicatenibacter.s__Fusicatenibacter_saccharivorans	39.1613849952
PWY-6270: isoprene biosynthesis I|g__Coprococcus.s__Coprococcus_comes	25.9003839927
PWY-6270: isoprene biosynthesis I|g__Bacteroides.s__Bacteroides_faecis	23.2436802857
PWY-6270: isoprene biosynthesis I|g__Citrobacter.s__Citrobacter_koseri	21.0535939213
PWY-6270: isoprene biosynthesis I|g__Bacteroides.s__Bacteroides_ovatus	10.0314569992
PWY-6270: isoprene biosynthesis I|g__Ruminococcus.s__Ruminococcus_sp_AF31_8BH	3.5041543607
PWY-7357: thiamine phosphate formation from pyrithiamine and oxythiamine (yeast)	5504.2914327812
PWY-7357: thiamine phosphate formation from pyrithiamine and oxythiamine (yeast)|g__Faecalibacterium.s__Faecalibacterium_prausnitzii	680.7604725977
PWY-7357: thiamine phosphate formation from pyrithiamine and oxythiamine (yeast)|g__Bacteroides.s__Bacteroides_uniformis	597.4565005440
PWY-7357: thiamine phosphate formation from pyrithiamine and oxythiamine (yeast)|unclassified	577.0613588622
PWY-7357: thiamine phosphate formation from pyrithiamine and oxythiamine (yeast)|g__Lachnospiraceae_unclassified.s__Eubacterium_rectale	547.9133773742
PWY-7357: thiamine phosphate formation from pyrithiamine and oxythiamine (yeast)|g__Prevotella.s__Prevotella_copri	484.3266386800
PWY-7357: thiamine phosphate formation from pyrithiamine and oxythiamine (yeast)|g__Blautia.s__Ruminococcus_torques	475.2792624159
PWY-7357: thiamine phosphate formation from pyrithiamine and oxythiamine (yeast)|g__Blautia.s__Blautia_obeum	203.5868184909
PWY-7357: thiamine phosphate formation from pyrithiamine and oxythiamine (yeast)|g__Anaerostipes.s__Anaerostipes_hadrus	94.4077207769
PWY-7357: thiamine phosphate formation from pyrithiamine and oxythiamine (yeast)|g__Blautia.s__Blautia_wexlerae	68.3669731229
PWY-7357: thiamine phosphate formation from pyrithiamine and oxythiamine (yeast)|g__Eubacterium.s__Eubacterium_hallii	48.4324126440
PWY-7357: thiamine phosphate formation from pyrithiamine and oxythiamine (yeast)|g__Eubacterium.s__Eubacterium_ramulus	43.6486932149
PWY-7357: thiamine phosphate formation from pyrithiamine and oxythiamine (yeast)|g__Citrobacter.s__Citrobacter_koseri	41.4030572824
PWY-7357: thiamine phosphate formation from pyrithiamine and oxythiamine (yeast)|g__Roseburia.s__Roseburia_faecis	39.0736696272
PWY-7357: thiamine phosphate formation from pyrithiamine and oxythiamine (yeast)|g__Agathobaculum.s__Agathobaculum_butyriciproducens	38.0580262264
PWY-7357: thiamine phosphate formation from pyrithiamine and oxythiamine (yeast)|g__Dorea.s__Dorea_longicatena	37.7688898627
PWY-7357: thiamine phosphate formation from pyrithiamine and oxythiamine (yeast)|g__Blautia.s__Blautia_sp	32.1836311519
PWY-7357: thiamine phosphate formation from pyrithiamine and oxythiamine (yeast)|g__Fusicatenibacter.s__Fusicatenibacter_saccharivorans	29.5370936913
PWY-7357: thiamine phosphate formation from pyrithiamine and oxythiamine (yeast)|g__Dorea.s__Dorea_formicigenerans	26.8453531635
PWY-7357: thiamine phosphate formation from pyrithiamine and oxythiamine (yeast)|g__Coprococcus.s__Coprococcus_comes	18.7015325129
PWY-7357: thiamine phosphate formation from pyrithiamine and oxythiamine (yeast)|g__Roseburia.s__Roseburia_intestinalis	13.8576734162
PWY-7357: thiamine phosphate formation from pyrithiamine and oxythiamine (yeast)|g__Bacteroides.s__Bacteroides_ovatus	13.8363676728
PWY-7357: thiamine phosphate formation from pyrithiamine and oxythiamine (yeast)|g__Bifidobacterium.s__Bifidobacterium_adolescentis	12.5194155882
PWY-7357: thiamine phosphate formation from pyrithiamine and oxythiamine (yeast)|g__Roseburia.s__Roseburia_hominis	8.8612933810
PWY-7357: thiamine phosphate formation from pyrithiamine and oxythiamine (yeast)|g__Coprococcus.s__Coprococcus_catus	7.9965379761
PWY-7357: thiamine phosphate formation from pyrithiamine and oxythiamine (yeast)|g__Adlercreutzia.s__Adlercreutzia_equolifaciens	5.1330424474
PWY-7357: thiamine phosphate formation from pyrithiamine and oxythiamine (yeast)|g__Asaccharobacter.s__Asaccharobacter_celatus	2.8551034975
PWY-841: superpathway of purine nucleotides de novo biosynthesis I	5303.5661937734
PWY-841: superpathway of purine nucleotides de novo biosynthesis I|unclassified	313.8157329413
PWY-841: superpathway of purine nucleotides de novo biosynthesis I|g__Sutterella.s__Sutterella_wadsworthensis	72.1287940429
PWY-841: superpathway of purine nucleotides de novo biosynthesis I|g__Citrobacter.s__Citrobacter_koseri	34.2710151544
PWY-7560: methylerythritol phosphate pathway II	5255.8001948590
PWY-7560: methylerythritol phosphate pathway II|g__Blautia.s__Ruminococcus_torques	546.2651692305
PWY-7560: methylerythritol phosphate pathway II|unclassified	266.5473940093
PWY-7560: methylerythritol phosphate pathway II|g__Bacteroides.s__Bacteroides_thetaiotaomicron	195.3092635309
PWY-7560: methylerythritol phosphate pathway II|g__Blautia.s__Blautia_obeum	131.6738258133
PWY-7560: methylerythritol phosphate pathway II|g__Anaerostipes.s__Anaerostipes_hadrus	90.6464599121
PWY-7560: methylerythritol phosphate pathway II|g__Eubacterium.s__Eubacterium_hallii	55.0472372420
PWY-7560: methylerythritol phosphate pathway II|g__Phascolarctobacterium.s__Phascolarctobacterium_faecium	54.1888304371
PWY-7560: methylerythritol phosphate pathway II|g__Parabacteroides.s__Parabacteroides_distasonis	47.2576512783
PWY-7560: methylerythritol phosphate pathway II|g__Blautia.s__Blautia_wexlerae	46.0532725350
PWY-7560: methylerythritol phosphate pathway II|g__Fusicatenibacter.s__Fusicatenibacter_saccharivorans	39.4083859661
PWY-7560: methylerythritol phosphate pathway II|g__Coprococcus.s__Coprococcus_comes	26.8033805920
PWY-7560: methylerythritol phosphate pathway II|g__Bacteroides.s__Bacteroides_faecis	23.1098473734
PWY-7560: methylerythritol phosphate pathway II|g__Citrobacter.s__Citrobacter_koseri	20.1354897452
PWY-7560: methylerythritol phosphate pathway II|g__Bacteroides.s__Bacteroides_ovatus	9.1938026730
PWY-7560: methylerythritol phosphate pathway II|g__Ruminococcus.s__Ruminococcus_sp_AF31_8BH	3.2096755727
PWY-7663: gondoate biosynthesis (anaerobic)	5234.1328469867
PWY-7663: gondoate biosynthesis (anaerobic)|g__Bacteroides.s__Bacteroides_uniformis	506.0477345888
PWY-7663: gondoate biosynthesis (anaerobic)|g__Alistipes.s__Alistipes_finegoldii	434.0497980008
PWY-7663: gondoate biosynthesis (anaerobic)|unclassified	359.2660149685
PWY-7663: gondoate biosynthesis (anaerobic)|g__Bacteroides.s__Bacteroides_cellulosilyticus	282.7263827452
PWY-7663: gondoate biosynthesis (anaerobic)|g__Bacteroides.s__Bacteroides_salyersiae	214.4437847600
PWY-7663: gondoate biosynthesis (anaerobic)|g__Bacteroides.s__Bacteroides_thetaiotaomicron	195.6559870627
PWY-7663: gondoate biosynthesis (anaerobic)|g__Bacteroides.s__Bacteroides_vulgatus	118.8135193078
PWY-7663: gondoate biosynthesis (anaerobic)|g__Parabacteroides.s__Parabacteroides_goldsteinii	116.1701443869
PWY-7663: gondoate biosynthesis (anaerobic)|g__Citrobacter.s__Citrobacter_koseri	66.4428438143
PWY-7663: gondoate biosynthesis (anaerobic)|g__Parabacteroides.s__Parabacteroides_distasonis	65.1024195991
PWY-7663: gondoate biosynthesis (anaerobic)|g__Bacteroides.s__Bacteroides_caccae	61.4273382240
PWY-7663: gondoate biosynthesis (anaerobic)|g__Odoribacter.s__Odoribacter_splanchnicus	55.8134690976
PWY-7663: gondoate biosynthesis (anaerobic)|g__Bifidobacterium.s__Bifidobacterium_animalis	40.7126820213
PWY-7663: gondoate biosynthesis (anaerobic)|g__Alistipes.s__Alistipes_onderdonkii	37.3800758975
PWY-7663: gondoate biosynthesis (anaerobic)|g__Bacteroides.s__Bacteroides_faecis	15.9647815157
PWY-7663: gondoate biosynthesis (anaerobic)|g__Bacteroides.s__Bacteroides_ovatus	13.3129457439
PWY-7663: gondoate biosynthesis (anaerobic)|g__Bacteroides.s__Bacteroides_intestinalis	1.6918067877
THISYN-PWY: superpathway of thiamine diphosphate biosynthesis I	5157.3624523893
THISYN-PWY: superpathway of thiamine diphosphate biosynthesis I|g__Bacteroides.s__Bacteroides_uniformis	572.5596348695
THISYN-PWY: superpathway of thiamine diphosphate biosynthesis I|unclassified	294.7881552534
THISYN-PWY: superpathway of thiamine diphosphate biosynthesis I|g__Citrobacter.s__Citrobacter_koseri	40.6687878622
THISYN-PWY: superpathway of thiamine diphosphate biosynthesis I|g__Bacteroides.s__Bacteroides_ovatus	14.2874975457
PWY-6897: thiamine diphosphate salvage II	5118.6863888170
PWY-6897: thiamine diphosphate salvage II|g__Faecalibacterium.s__Faecalibacterium_prausnitzii	619.9542607469
PWY-6897: thiamine diphosphate salvage II|g__Prevotella.s__Prevotella_copri	550.4036227821
PWY-6897: thiamine diphosphate salvage II|g__Bacteroides.s__Bacteroides_uniformis	542.0916795425
PWY-6897: thiamine diphosphate salvage II|unclassified	299.5303474595
PWY-6897: thiamine diphosphate salvage II|g__Lachnospiraceae_unclassified.s__Eubacterium_rectale	299.2397505744
PWY-6897: thiamine diphosphate salvage II|g__Blautia.s__Ruminococcus_torques	85.9251018159
PWY-6897: thiamine diphosphate salvage II|g__Citrobacter.s__Citrobacter_koseri	35.8198347757
PWY-6897: thiamine diphosphate salvage II|g__Eubacterium.s__Eubacterium_hallii	33.7789509252
PWY-6897: thiamine diphosphate salvage II|g__Dorea.s__Dorea_longicatena	29.6184458929
PWY-6897: thiamine diphosphate salvage II|g__Agathobaculum.s__Agathobaculum_butyriciproducens	27.2498919527
PWY-6897: thiamine diphosphate salvage II|g__Blautia.s__Blautia_obeum	20.0130390651
PWY-6897: thiamine diphosphate salvage II|g__Bacteroides.s__Bacteroides_ovatus	13.3122442783
PWY-6897: thiamine diphosphate salvage II|g__Bifidobacterium.s__Bifidobacterium_adolescentis	11.2478396042
SER-GLYSYN-PWY: superpathway of L-serine and glycine biosynthesis I	5020.4472237261
SER-GLYSYN-PWY: superpathway of L-serine and glycine biosynthesis I|unclassified	678.4355351959
SER-GLYSYN-PWY: superpathway of L-serine and glycine biosynthesis I|g__Bacteroides.s__Bacteroides_uniformis	511.2921163052
SER-GLYSYN-PWY: superpathway of L-serine and glycine biosynthesis I|g__Blautia.s__Ruminococcus_torques	446.7204597471
SER-GLYSYN-PWY: superpathway of L-serine and glycine biosynthesis I|g__Alistipes.s__Alistipes_finegoldii	302.2404227851
SER-GLYSYN-PWY: superpathway of L-serine and glycine biosynthesis I|g__Bacteroides.s__Bacteroides_cellulosilyticus	179.5834506678
SER-GLYSYN-PWY: superpathway of L-serine and glycine biosynthesis I|g__Bacteroides.s__Bacteroides_salyersiae	178.5803323194
SER-GLYSYN-PWY: superpathway of L-serine and glycine biosynthesis I|g__Bacteroides.s__Bacteroides_thetaiotaomicron	159.8274526321
SER-GLYSYN-PWY: superpathway of L-serine and glycine biosynthesis I|g__Bacteroides.s__Bacteroides_vulgatus	159.1248571869
SER-GLYSYN-PWY: superpathway of L-serine and glycine biosynthesis I|g__Blautia.s__Blautia_obeum	115.9492448935
SER-GLYSYN-PWY: superpathway of L-serine and glycine biosynthesis I|g__Parabacteroides.s__Parabacteroides_goldsteinii	105.6281707858
SER-GLYSYN-PWY: superpathway of L-serine and glycine biosynthesis I|g__Blautia.s__Blautia_wexlerae	102.5321573974
SER-GLYSYN-PWY: superpathway of L-serine and glycine biosynthesis I|g__Alistipes.s__Alistipes_onderdonkii	86.9891252126
SER-GLYSYN-PWY: superpathway of L-serine and glycine biosynthesis I|g__Bacteroides.s__Bacteroides_dorei	74.1194937072
SER-GLYSYN-PWY: superpathway of L-serine and glycine biosynthesis I|g__Phascolarctobacterium.s__Phascolarctobacterium_faecium	59.3828228499
SER-GLYSYN-PWY: superpathway of L-serine and glycine biosynthesis I|g__Anaerostipes.s__Anaerostipes_hadrus	58.2292697443
SER-GLYSYN-PWY: superpathway of L-serine and glycine biosynthesis I|g__Streptococcus.s__Streptococcus_thermophilus	56.6216017603
SER-GLYSYN-PWY: superpathway of L-serine and glycine biosynthesis I|g__Blautia.s__Blautia_sp	49.9921264012
SER-GLYSYN-PWY: superpathway of L-serine and glycine biosynthesis I|g__Parabacteroides.s__Parabacteroides_distasonis	49.4751270058
SER-GLYSYN-PWY: superpathway of L-serine and glycine biosynthesis I|g__Eubacterium.s__Eubacterium_hallii	49.0692939787
SER-GLYSYN-PWY: superpathway of L-serine and glycine biosynthesis I|g__Bacteroides.s__Bacteroides_caccae	43.4307527998
SER-GLYSYN-PWY: superpathway of L-serine and glycine biosynthesis I|g__Dorea.s__Dorea_longicatena	37.8386090206
SER-GLYSYN-PWY: superpathway of L-serine and glycine biosynthesis I|g__Eubacterium.s__Eubacterium_ramulus	34.1850057082
SER-GLYSYN-PWY: superpathway of L-serine and glycine biosynthesis I|g__Coprococcus.s__Coprococcus_comes	25.0009902283
SER-GLYSYN-PWY: superpathway of L-serine and glycine biosynthesis I|g__Bifidobacterium.s__Bifidobacterium_animalis	24.7982161091
SER-GLYSYN-PWY: superpathway of L-serine and glycine biosynthesis I|g__Roseburia.s__Roseburia_faecis	23.8270896402
SER-GLYSYN-PWY: superpathway of L-serine and glycine biosynthesis I|g__Citrobacter.s__Citrobacter_koseri	21.1923085873
SER-GLYSYN-PWY: superpathway of L-serine and glycine biosynthesis I|g__Roseburia.s__Roseburia_intestinalis	20.5370196789
SER-GLYSYN-PWY: superpathway of L-serine and glycine biosynthesis I|g__Senegalimassilia.s__Senegalimassilia_anaerobia	18.0708083749
SER-GLYSYN-PWY: superpathway of L-serine and glycine biosynthesis I|g__Coprococcus.s__Coprococcus_catus	17.5761885507
SER-GLYSYN-PWY: superpathway of L-serine and glycine biosynthesis I|g__Bifidobacterium.s__Bifidobacterium_adolescentis	16.1044311030
SER-GLYSYN-PWY: superpathway of L-serine and glycine biosynthesis I|g__Bacteroides.s__Bacteroides_faecis	15.6434001537
SER-GLYSYN-PWY: superpathway of L-serine and glycine biosynthesis I|g__Dorea.s__Dorea_formicigenerans	15.3484279931
SER-GLYSYN-PWY: superpathway of L-serine and glycine biosynthesis I|g__Firmicutes_unclassified.s__Firmicutes_bacterium_CAG_56	13.6906585361
SER-GLYSYN-PWY: superpathway of L-serine and glycine biosynthesis I|g__Blautia.s__Blautia_sp_AF19_10LB	10.0523332808
SER-GLYSYN-PWY: superpathway of L-serine and glycine biosynthesis I|g__Ruminococcus.s__Ruminococcus_sp_AF31_8BH	8.2943199285
SER-GLYSYN-PWY: superpathway of L-serine and glycine biosynthesis I|g__Bacteroides.s__Bacteroides_ovatus	5.0459332527
SER-GLYSYN-PWY: superpathway of L-serine and glycine biosynthesis I|g__Eubacterium.s__Eubacterium_eligens	1.6418861355
PWY-6703: preQ0 biosynthesis	4938.0589759139
PWY-6703: preQ0 biosynthesis|unclassified	738.1093004748
PWY-6703: preQ0 biosynthesis|g__Bacteroides.s__Bacteroides_uniformis	576.9161607115
PWY-6703: preQ0 biosynthesis|g__Prevotella.s__Prevotella_copri	563.1971084390
PWY-6703: preQ0 biosynthesis|g__Bacteroides.s__Bacteroides_massiliensis	235.0121461894
PWY-6703: preQ0 biosynthesis|g__Bacteroides.s__Bacteroides_thetaiotaomicron	188.7233970653
PWY-6703: preQ0 biosynthesis|g__Bacteroides.s__Bacteroides_vulgatus	187.5373570799
PWY-6703: preQ0 biosynthesis|g__Bacteroides.s__Bacteroides_salyersiae	170.6281283165
PWY-6703: preQ0 biosynthesis|g__Bacteroides.s__Bacteroides_dorei	116.5264353728
PWY-6703: preQ0 biosynthesis|g__Parabacteroides.s__Parabacteroides_goldsteinii	113.1053382902
PWY-6703: preQ0 biosynthesis|g__Ruminococcus.s__Ruminococcus_callidus	103.6973669326
PWY-6703: preQ0 biosynthesis|g__Bacteroides.s__Bacteroides_cellulosilyticus	100.5065319817
PWY-6703: preQ0 biosynthesis|g__Bacteroides.s__Bacteroides_caccae	78.8780846203
PWY-6703: preQ0 biosynthesis|g__Blautia.s__Ruminococcus_torques	76.7505450526
PWY-6703: preQ0 biosynthesis|g__Blautia.s__Blautia_sp_CAG_52	71.2902830424
PWY-6703: preQ0 biosynthesis|g__Eubacterium.s__Eubacterium_sp_CAG_38	67.3607909043
PWY-6703: preQ0 biosynthesis|g__Blautia.s__Blautia_sp	64.2972943816
PWY-6703: preQ0 biosynthesis|g__Eubacterium.s__Eubacterium_sp_CAG_252	60.4648694543
PWY-6703: preQ0 biosynthesis|g__Anaerostipes.s__Anaerostipes_hadrus	58.8244198366
PWY-6703: preQ0 biosynthesis|g__Streptococcus.s__Streptococcus_thermophilus	57.2684678945
PWY-6703: preQ0 biosynthesis|g__Odoribacter.s__Odoribacter_splanchnicus	53.7941014576
PWY-6703: preQ0 biosynthesis|g__Bacteroides.s__Bacteroides_intestinalis	51.2604759012
PWY-6703: preQ0 biosynthesis|g__Parabacteroides.s__Parabacteroides_distasonis	49.4744628904
PWY-6703: preQ0 biosynthesis|g__Firmicutes_unclassified.s__Firmicutes_bacterium_CAG_41	44.2489894870
PWY-6703: preQ0 biosynthesis|g__Barnesiella.s__Barnesiella_intestinihominis	41.9523887348
PWY-6703: preQ0 biosynthesis|g__Phascolarctobacterium.s__Phascolarctobacterium_faecium	39.0115477003
PWY-6703: preQ0 biosynthesis|g__Clostridium.s__Clostridium_sp_CAG_75	35.0383835300
PWY-6703: preQ0 biosynthesis|g__Eubacterium.s__Eubacterium_ramulus	34.8636955404
PWY-6703: preQ0 biosynthesis|g__Eubacterium.s__Eubacterium_sp_CAG_274	34.0774477823
PWY-6703: preQ0 biosynthesis|g__Butyricimonas.s__Butyricimonas_virosa	32.2834150202
PWY-6703: preQ0 biosynthesis|g__Citrobacter.s__Citrobacter_koseri	32.2632884346
PWY-6703: preQ0 biosynthesis|g__Senegalimassilia.s__Senegalimassilia_anaerobia	27.0005315980
PWY-6703: preQ0 biosynthesis|g__Eubacterium.s__Eubacterium_hallii	26.1010195674
PWY-6703: preQ0 biosynthesis|g__Bilophila.s__Bilophila_wadsworthia	24.4372523645
PWY-6703: preQ0 biosynthesis|g__Butyricimonas.s__Butyricimonas_synergistica	24.1272182746
PWY-6703: preQ0 biosynthesis|g__Bacteroides.s__Bacteroides_sp_CAG_144	22.3929892533
PWY-6703: preQ0 biosynthesis|g__Bacteroides.s__Bacteroides_faecis	21.5395906014
PWY-6703: preQ0 biosynthesis|g__Bacteroides.s__Bacteroides_ovatus	21.5247756304
PWY-6703: preQ0 biosynthesis|g__Coprococcus.s__Coprococcus_catus	17.5627034698
PWY-6703: preQ0 biosynthesis|g__Eubacterium.s__Eubacterium_eligens	12.5375260529
PWY-6703: preQ0 biosynthesis|g__Victivallis.s__Victivallis_vadensis	10.0861607411
PWY-6703: preQ0 biosynthesis|g__Blautia.s__Blautia_obeum	7.1212592294
PWY-6703: preQ0 biosynthesis|g__Parabacteroides.s__Parabacteroides_merdae	3.0794151960
PWY-6126: superpathway of adenosine nucleotides de novo biosynthesis II	4811.5904970219
PWY-6126: superpathway of adenosine nucleotides de novo biosynthesis II|g__Bacteroides.s__Bacteroides_massiliensis	294.5689015645
PWY-6126: superpathway of adenosine nucleotides de novo biosynthesis II|unclassified	241.6150882340
PWY-6126: superpathway of adenosine nucleotides de novo biosynthesis II|g__Bacteroides.s__Bacteroides_thetaiotaomicron	230.8825224365
PWY-6126: superpathway of adenosine nucleotides de novo biosynthesis II|g__Bacteroides.s__Bacteroides_salyersiae	223.7942292383
PWY-6126: superpathway of adenosine nucleotides de novo biosynthesis II|g__Bacteroides.s__Bacteroides_vulgatus	221.5328293926
PWY-6126: superpathway of adenosine nucleotides de novo biosynthesis II|g__Bacteroides.s__Bacteroides_cellulosilyticus	159.4990614138
PWY-6126: superpathway of adenosine nucleotides de novo biosynthesis II|g__Parabacteroides.s__Parabacteroides_goldsteinii	143.8738237574
PWY-6126: superpathway of adenosine nucleotides de novo biosynthesis II|g__Bacteroides.s__Bacteroides_dorei	143.8077661819
PWY-6126: superpathway of adenosine nucleotides de novo biosynthesis II|g__Sutterella.s__Sutterella_wadsworthensis	77.1751201772
PWY-6126: superpathway of adenosine nucleotides de novo biosynthesis II|g__Odoribacter.s__Odoribacter_splanchnicus	64.9773612571
PWY-6126: superpathway of adenosine nucleotides de novo biosynthesis II|g__Bacteroides.s__Bacteroides_caccae	64.3438159982
PWY-6126: superpathway of adenosine nucleotides de novo biosynthesis II|g__Streptococcus.s__Streptococcus_thermophilus	49.4042057522
PWY-6126: superpathway of adenosine nucleotides de novo biosynthesis II|g__Parabacteroides.s__Parabacteroides_distasonis	46.1738952044
PWY-6126: superpathway of adenosine nucleotides de novo biosynthesis II|g__Citrobacter.s__Citrobacter_koseri	44.6201595714
PWY-6126: superpathway of adenosine nucleotides de novo biosynthesis II|g__Bacteroides.s__Bacteroides_faecis	34.7362659353
PWY-6126: superpathway of adenosine nucleotides de novo biosynthesis II|g__Prevotella.s__Prevotella_sp_CAG_485	25.6491399788
PWY-6126: superpathway of adenosine nucleotides de novo biosynthesis II|g__Bilophila.s__Bilophila_wadsworthia	20.4949382085
PWY-6126: superpathway of adenosine nucleotides de novo biosynthesis II|g__Bacteroides.s__Bacteroides_ovatus	16.7221917568
PWY-7237: myo-, chiro- and scyllo-inositol degradation	4506.5839989371
PWY-7237: myo-, chiro- and scyllo-inositol degradation|unclassified	424.7743041774
PWY-7237: myo-, chiro- and scyllo-inositol degradation|g__Agathobaculum.s__Agathobaculum_butyriciproducens	202.5876591611
PWY-7237: myo-, chiro- and scyllo-inositol degradation|g__Blautia.s__Blautia_obeum	163.1299231529
PWY-7237: myo-, chiro- and scyllo-inositol degradation|g__Anaerostipes.s__Anaerostipes_hadrus	137.4139542527
PWY-7237: myo-, chiro- and scyllo-inositol degradation|g__Blautia.s__Blautia_sp	48.4015522787
PWY-6892: thiazole component of thiamine diphosphate biosynthesis I	4431.7470158406
PWY-6892: thiazole component of thiamine diphosphate biosynthesis I|g__Bacteroides.s__Bacteroides_uniformis	602.0196564057
PWY-6892: thiazole component of thiamine diphosphate biosynthesis I|g__Blautia.s__Blautia_wexlerae	321.9776545320
PWY-6892: thiazole component of thiamine diphosphate biosynthesis I|unclassified	206.2382390926
PWY-6892: thiazole component of thiamine diphosphate biosynthesis I|g__Bacteroides.s__Bacteroides_salyersiae	204.3926235737
PWY-6892: thiazole component of thiamine diphosphate biosynthesis I|g__Bacteroides.s__Bacteroides_thetaiotaomicron	194.2299914557
PWY-6892: thiazole component of thiamine diphosphate biosynthesis I|g__Blautia.s__Ruminococcus_torques	116.8510994330
PWY-6892: thiazole component of thiamine diphosphate biosynthesis I|g__Anaerostipes.s__Anaerostipes_hadrus	94.5498354271
PWY-6892: thiazole component of thiamine diphosphate biosynthesis I|g__Blautia.s__Blautia_sp	75.4843910975
PWY-6892: thiazole component of thiamine diphosphate biosynthesis I|g__Bacteroides.s__Bacteroides_caccae	59.9690924007
PWY-6892: thiazole component of thiamine diphosphate biosynthesis I|g__Eubacterium.s__Eubacterium_hallii	57.5468158307
PWY-6892: thiazole component of thiamine diphosphate biosynthesis I|g__Blautia.s__Blautia_obeum	52.4663825458
PWY-6892: thiazole component of thiamine diphosphate biosynthesis I|g__Agathobaculum.s__Agathobaculum_butyriciproducens	51.5022913580
PWY-6892: thiazole component of thiamine diphosphate biosynthesis I|g__Citrobacter.s__Citrobacter_koseri	46.1474585147
PWY-6892: thiazole component of thiamine diphosphate biosynthesis I|g__Coprococcus.s__Coprococcus_comes	38.1142703659
PWY-6892: thiazole component of thiamine diphosphate biosynthesis I|g__Blautia.s__Blautia_sp_CAG_52	37.5131605753
PWY-6892: thiazole component of thiamine diphosphate biosynthesis I|g__Bacteroides.s__Bacteroides_faecis	25.1763690545
PWY-6892: thiazole component of thiamine diphosphate biosynthesis I|g__Bacteroides.s__Bacteroides_ovatus	13.9272818551
PWY-6892: thiazole component of thiamine diphosphate biosynthesis I|g__Dorea.s__Dorea_formicigenerans	4.9741447853
PWY-7228: superpathway of guanosine nucleotides de novo biosynthesis I	4255.5057920330
PWY-7228: superpathway of guanosine nucleotides de novo biosynthesis I|g__Bacteroides.s__Bacteroides_massiliensis	273.7705777772
PWY-7228: superpathway of guanosine nucleotides de novo biosynthesis I|g__Bacteroides.s__Bacteroides_thetaiotaomicron	238.8259874576
PWY-7228: superpathway of guanosine nucleotides de novo biosynthesis I|g__Bacteroides.s__Bacteroides_vulgatus	235.1886981542
PWY-7228: superpathway of guanosine nucleotides de novo biosynthesis I|g__Bacteroides.s__Bacteroides_salyersiae	230.1070166106
PWY-7228: superpathway of guanosine nucleotides de novo biosynthesis I|unclassified	204.5266682392
PWY-7228: superpathway of guanosine nucleotides de novo biosynthesis I|g__Bacteroides.s__Bacteroides_cellulosilyticus	172.0455716030
PWY-7228: superpathway of guanosine nucleotides de novo biosynthesis I|g__Bacteroides.s__Bacteroides_dorei	154.2257410877
PWY-7228: superpathway of guanosine nucleotides de novo biosynthesis I|g__Parabacteroides.s__Parabacteroides_goldsteinii	139.6816900171
PWY-7228: superpathway of guanosine nucleotides de novo biosynthesis I|g__Bacteroides.s__Bacteroides_caccae	91.0763194600
PWY-7228: superpathway of guanosine nucleotides de novo biosynthesis I|g__Sutterella.s__Sutterella_wadsworthensis	78.2162616601
PWY-7228: superpathway of guanosine nucleotides de novo biosynthesis I|g__Phascolarctobacterium.s__Phascolarctobacterium_faecium	63.7238527156
PWY-7228: superpathway of guanosine nucleotides de novo biosynthesis I|g__Odoribacter.s__Odoribacter_splanchnicus	56.7035541790
PWY-7228: superpathway of guanosine nucleotides de novo biosynthesis I|g__Bacteroides.s__Bacteroides_intestinalis	56.5128190043
PWY-7228: superpathway of guanosine nucleotides de novo biosynthesis I|g__Streptococcus.s__Streptococcus_thermophilus	52.3291751427
PWY-7228: superpathway of guanosine nucleotides de novo biosynthesis I|g__Parabacteroides.s__Parabacteroides_distasonis	49.9309279562
PWY-7228: superpathway of guanosine nucleotides de novo biosynthesis I|g__Citrobacter.s__Citrobacter_koseri	45.7155244978
PWY-7228: superpathway of guanosine nucleotides de novo biosynthesis I|g__Bacteroides.s__Bacteroides_faecis	38.4384541099
PWY-7228: superpathway of guanosine nucleotides de novo biosynthesis I|g__Bilophila.s__Bilophila_wadsworthia	35.0855723662
PWY-7228: superpathway of guanosine nucleotides de novo biosynthesis I|g__Prevotella.s__Prevotella_sp_CAG_485	24.0751898711
PWY-7228: superpathway of guanosine nucleotides de novo biosynthesis I|g__Bacteroides.s__Bacteroides_ovatus	20.6742280545
PWY-7228: superpathway of guanosine nucleotides de novo biosynthesis I|g__Victivallis.s__Victivallis_vadensis	15.5743448548
PHOSLIPSYN-PWY: superpathway of phospholipid biosynthesis I (bacteria)	4135.6537617566
PHOSLIPSYN-PWY: superpathway of phospholipid biosynthesis I (bacteria)|g__Citrobacter.s__Citrobacter_koseri	54.7036770392
PHOSLIPSYN-PWY: superpathway of phospholipid biosynthesis I (bacteria)|unclassified	44.1444847588
PHOSLIPSYN-PWY: superpathway of phospholipid biosynthesis I (bacteria)|g__Fusicatenibacter.s__Fusicatenibacter_saccharivorans	32.3489487695
PWY-7111: pyruvate fermentation to isobutanol (engineered)	4040.7210111211
PWY-7111: pyruvate fermentation to isobutanol (engineered)|unclassified	724.9777909671
PWY-7111: pyruvate fermentation to isobutanol (engineered)|g__Blautia.s__Ruminococcus_torques	425.0624088101
PWY-7111: pyruvate fermentation to isobutanol (engineered)|g__Blautia.s__Blautia_wexlerae	147.2042793830
PWY-7111: pyruvate fermentation to isobutanol (engineered)|g__Faecalibacterium.s__Faecalibacterium_prausnitzii	116.7630384235
PWY-7111: pyruvate fermentation to isobutanol (engineered)|g__Streptococcus.s__Streptococcus_thermophilus	83.5103433767
PWY-7111: pyruvate fermentation to isobutanol (engineered)|g__Lachnospiraceae_unclassified.s__Eubacterium_rectale	81.4482932250
PWY-7111: pyruvate fermentation to isobutanol (engineered)|g__Anaerostipes.s__Anaerostipes_hadrus	76.6233302586
PWY-7111: pyruvate fermentation to isobutanol (engineered)|g__Eubacterium.s__Eubacterium_hallii	64.4196993265
PWY-7111: pyruvate fermentation to isobutanol (engineered)|g__Citrobacter.s__Citrobacter_koseri	58.6295461222
PWY-7111: pyruvate fermentation to isobutanol (engineered)|g__Agathobaculum.s__Agathobaculum_butyriciproducens	56.8122656917
PWY-7111: pyruvate fermentation to isobutanol (engineered)|g__Dorea.s__Dorea_longicatena	45.5595297989
PWY-7111: pyruvate fermentation to isobutanol (engineered)|g__Bifidobacterium.s__Bifidobacterium_animalis	44.7496491048
PWY-7111: pyruvate fermentation to isobutanol (engineered)|g__Parabacteroides.s__Parabacteroides_distasonis	41.1138414467
PWY-7111: pyruvate fermentation to isobutanol (engineered)|g__Dorea.s__Dorea_formicigenerans	34.9710654307
PWY-7111: pyruvate fermentation to isobutanol (engineered)|g__Coprococcus.s__Coprococcus_comes	30.2184517904
PWY-7111: pyruvate fermentation to isobutanol (engineered)|g__Roseburia.s__Roseburia_intestinalis	23.8542829196
PWY-7111: pyruvate fermentation to isobutanol (engineered)|g__Roseburia.s__Roseburia_faecis	18.4424302586
PWY-7111: pyruvate fermentation to isobutanol (engineered)|g__Ruminococcus.s__Ruminococcus_sp_AF31_8BH	15.1427738275
PWY-7111: pyruvate fermentation to isobutanol (engineered)|g__Bifidobacterium.s__Bifidobacterium_adolescentis	13.5347265347
PWY-7111: pyruvate fermentation to isobutanol (engineered)|g__Eubacterium.s__Eubacterium_ventriosum	12.8080790034
PWY-7111: pyruvate fermentation to isobutanol (engineered)|g__Blautia.s__Blautia_obeum	10.6527746167
PWY-7111: pyruvate fermentation to isobutanol (engineered)|g__Eubacterium.s__Eubacterium_eligens	9.2935905108
PWY-7111: pyruvate fermentation to isobutanol (engineered)|g__Roseburia.s__Roseburia_hominis	3.3659309381
PWY-7111: pyruvate fermentation to isobutanol (engineered)|g__Firmicutes_unclassified.s__Firmicutes_bacterium_AF16_15	2.0391666172
HSERMETANA-PWY: L-methionine biosynthesis III	4015.2724604831
HSERMETANA-PWY: L-methionine biosynthesis III|unclassified	997.0827011285
HSERMETANA-PWY: L-methionine biosynthesis III|g__Blautia.s__Blautia_wexlerae	254.6514096790
HSERMETANA-PWY: L-methionine biosynthesis III|g__Blautia.s__Ruminococcus_torques	189.7448210062
HSERMETANA-PWY: L-methionine biosynthesis III|g__Parabacteroides.s__Parabacteroides_goldsteinii	139.4137905436
HSERMETANA-PWY: L-methionine biosynthesis III|g__Anaerostipes.s__Anaerostipes_hadrus	86.6893195342
HSERMETANA-PWY: L-methionine biosynthesis III|g__Dorea.s__Dorea_longicatena	58.6104303541
HSERMETANA-PWY: L-methionine biosynthesis III|g__Parabacteroides.s__Parabacteroides_distasonis	55.3355994878
HSERMETANA-PWY: L-methionine biosynthesis III|g__Streptococcus.s__Streptococcus_thermophilus	43.2809246271
HSERMETANA-PWY: L-methionine biosynthesis III|g__Bifidobacterium.s__Bifidobacterium_animalis	42.4054669194
HSERMETANA-PWY: L-methionine biosynthesis III|g__Blautia.s__Blautia_sp	39.6462423019
HSERMETANA-PWY: L-methionine biosynthesis III|g__Coprococcus.s__Coprococcus_comes	30.5642509939
HSERMETANA-PWY: L-methionine biosynthesis III|g__Fusicatenibacter.s__Fusicatenibacter_saccharivorans	20.5240368470
HSERMETANA-PWY: L-methionine biosynthesis III|g__Roseburia.s__Roseburia_faecis	18.8102083206
HSERMETANA-PWY: L-methionine biosynthesis III|g__Blautia.s__Blautia_obeum	18.7683530191
HSERMETANA-PWY: L-methionine biosynthesis III|g__Coprococcus.s__Coprococcus_catus	11.0339181824
HSERMETANA-PWY: L-methionine biosynthesis III|g__Bifidobacterium.s__Bifidobacterium_adolescentis	8.2723261306
THISYNARA-PWY: superpathway of thiamine diphosphate biosynthesis III (eukaryotes)	3990.0405450488
THISYNARA-PWY: superpathway of thiamine diphosphate biosynthesis III (eukaryotes)|g__Bacteroides.s__Bacteroides_uniformis	612.6112469196
THISYNARA-PWY: superpathway of thiamine diphosphate biosynthesis III (eukaryotes)|g__Faecalibacterium.s__Faecalibacterium_prausnitzii	537.1501082148
THISYNARA-PWY: superpathway of thiamine diphosphate biosynthesis III (eukaryotes)|unclassified	369.5764151215
THISYNARA-PWY: superpathway of thiamine diphosphate biosynthesis III (eukaryotes)|g__Lachnospiraceae_unclassified.s__Eubacterium_rectale	280.1474983387
THISYNARA-PWY: superpathway of thiamine diphosphate biosynthesis III (eukaryotes)|g__Blautia.s__Ruminococcus_torques	145.4233055376
THISYNARA-PWY: superpathway of thiamine diphosphate biosynthesis III (eukaryotes)|g__Eubacterium.s__Eubacterium_hallii	37.7512255213
THISYNARA-PWY: superpathway of thiamine diphosphate biosynthesis III (eukaryotes)|g__Roseburia.s__Roseburia_faecis	27.1592813967
THISYNARA-PWY: superpathway of thiamine diphosphate biosynthesis III (eukaryotes)|g__Blautia.s__Blautia_obeum	22.4516844266
THISYNARA-PWY: superpathway of thiamine diphosphate biosynthesis III (eukaryotes)|g__Roseburia.s__Roseburia_intestinalis	10.1850795815
PWY-7282: 4-amino-2-methyl-5-diphosphomethylpyrimidine biosynthesis II	3800.7560049661
PWY-7282: 4-amino-2-methyl-5-diphosphomethylpyrimidine biosynthesis II|g__Bacteroides.s__Bacteroides_uniformis	628.6827150160
PWY-7282: 4-amino-2-methyl-5-diphosphomethylpyrimidine biosynthesis II|g__Citrobacter.s__Citrobacter_koseri	33.8335829030
PWY-7282: 4-amino-2-methyl-5-diphosphomethylpyrimidine biosynthesis II|g__Bacteroides.s__Bacteroides_ovatus	11.1956701156
COBALSYN-PWY: superpathway of adenosylcobalamin salvage from cobinamide I	3763.9632861919
COBALSYN-PWY: superpathway of adenosylcobalamin salvage from cobinamide I|g__Faecalibacterium.s__Faecalibacterium_prausnitzii	637.0769193265
COBALSYN-PWY: superpathway of adenosylcobalamin salvage from cobinamide I|g__Bacteroides.s__Bacteroides_uniformis	605.3397662834
COBALSYN-PWY: superpathway of adenosylcobalamin salvage from cobinamide I|g__Blautia.s__Ruminococcus_torques	506.8364677741
COBALSYN-PWY: superpathway of adenosylcobalamin salvage from cobinamide I|unclassified	249.0468500393
COBALSYN-PWY: superpathway of adenosylcobalamin salvage from cobinamide I|g__Blautia.s__Blautia_wexlerae	135.6442734655
COBALSYN-PWY: superpathway of adenosylcobalamin salvage from cobinamide I|g__Blautia.s__Blautia_sp	54.2413914007
COBALSYN-PWY: superpathway of adenosylcobalamin salvage from cobinamide I|g__Blautia.s__Blautia_obeum	36.9043964919
COBALSYN-PWY: superpathway of adenosylcobalamin salvage from cobinamide I|g__Citrobacter.s__Citrobacter_koseri	34.3471979896
COBALSYN-PWY: superpathway of adenosylcobalamin salvage from cobinamide I|g__Dorea.s__Dorea_longicatena	25.7720780543
COBALSYN-PWY: superpathway of adenosylcobalamin salvage from cobinamide I|g__Eubacterium.s__Eubacterium_hallii	25.0279076133
COBALSYN-PWY: superpathway of adenosylcobalamin salvage from cobinamide I|g__Coprococcus.s__Coprococcus_catus	14.4729691645
OANTIGEN-PWY: O-antigen building blocks biosynthesis (E. coli)	3743.6563956543
OANTIGEN-PWY: O-antigen building blocks biosynthesis (E. coli)|unclassified	878.3952521369
OANTIGEN-PWY: O-antigen building blocks biosynthesis (E. coli)|g__Streptococcus.s__Streptococcus_thermophilus	33.0401026797
OANTIGEN-PWY: O-antigen building blocks biosynthesis (E. coli)|g__Bifidobacterium.s__Bifidobacterium_animalis	31.8010794066
OANTIGEN-PWY: O-antigen building blocks biosynthesis (E. coli)|g__Anaerotruncus.s__Anaerotruncus_colihominis	10.1325224579
PWY-6125: superpathway of guanosine nucleotides de novo biosynthesis II	3730.9650469779
PWY-6125: superpathway of guanosine nucleotides de novo biosynthesis II|g__Bacteroides.s__Bacteroides_massiliensis	266.9588539905
PWY-6125: superpathway of guanosine nucleotides de novo biosynthesis II|g__Bacteroides.s__Bacteroides_thetaiotaomicron	229.7365953307
PWY-6125: superpathway of guanosine nucleotides de novo biosynthesis II|g__Bacteroides.s__Bacteroides_vulgatus	224.7596526164
PWY-6125: superpathway of guanosine nucleotides de novo biosynthesis II|g__Bacteroides.s__Bacteroides_salyersiae	224.0671879317
PWY-6125: superpathway of guanosine nucleotides de novo biosynthesis II|unclassified	169.5371264829
PWY-6125: superpathway of guanosine nucleotides de novo biosynthesis II|g__Bacteroides.s__Bacteroides_cellulosilyticus	157.5220400240
PWY-6125: superpathway of guanosine nucleotides de novo biosynthesis II|g__Bacteroides.s__Bacteroides_dorei	148.6897743469
PWY-6125: superpathway of guanosine nucleotides de novo biosynthesis II|g__Parabacteroides.s__Parabacteroides_goldsteinii	134.4104157892
PWY-6125: superpathway of guanosine nucleotides de novo biosynthesis II|g__Bacteroides.s__Bacteroides_caccae	82.6775644191
PWY-6125: superpathway of guanosine nucleotides de novo biosynthesis II|g__Sutterella.s__Sutterella_wadsworthensis	75.7556212702
PWY-6125: superpathway of guanosine nucleotides de novo biosynthesis II|g__Odoribacter.s__Odoribacter_splanchnicus	54.2570734719
PWY-6125: superpathway of guanosine nucleotides de novo biosynthesis II|g__Citrobacter.s__Citrobacter_koseri	44.8240652179
PWY-6125: superpathway of guanosine nucleotides de novo biosynthesis II|g__Parabacteroides.s__Parabacteroides_distasonis	43.9016052392
PWY-6125: superpathway of guanosine nucleotides de novo biosynthesis II|g__Streptococcus.s__Streptococcus_thermophilus	41.9808230565
PWY-6125: superpathway of guanosine nucleotides de novo biosynthesis II|g__Bacteroides.s__Bacteroides_faecis	33.4582943330
PWY-6125: superpathway of guanosine nucleotides de novo biosynthesis II|g__Bilophila.s__Bilophila_wadsworthia	30.2867477265
PWY-6125: superpathway of guanosine nucleotides de novo biosynthesis II|g__Prevotella.s__Prevotella_sp_CAG_485	22.4030210447
PWY-6125: superpathway of guanosine nucleotides de novo biosynthesis II|g__Bacteroides.s__Bacteroides_intestinalis	19.7829092576
PWY-6125: superpathway of guanosine nucleotides de novo biosynthesis II|g__Bacteroides.s__Bacteroides_ovatus	16.3336787698
ANAEROFRUCAT-PWY: homolactic fermentation	3729.8753775120
ANAEROFRUCAT-PWY: homolactic fermentation|unclassified	635.3866122800
ANAEROFRUCAT-PWY: homolactic fermentation|g__Citrobacter.s__Citrobacter_koseri	35.7920282593
PENTOSE-P-PWY: pentose phosphate pathway	3603.0080611815
PENTOSE-P-PWY: pentose phosphate pathway|g__Bacteroides.s__Bacteroides_salyersiae	116.8917277415
PENTOSE-P-PWY: pentose phosphate pathway|unclassified	61.8942951872
PENTOSE-P-PWY: pentose phosphate pathway|g__Parabacteroides.s__Parabacteroides_distasonis	57.2631203393
PENTOSE-P-PWY: pentose phosphate pathway|g__Citrobacter.s__Citrobacter_koseri	45.2691230583
GLYCOLYSIS: glycolysis I (from glucose 6-phosphate)	3531.9960359410
GLYCOLYSIS: glycolysis I (from glucose 6-phosphate)|unclassified	660.3415558066
GLYCOLYSIS: glycolysis I (from glucose 6-phosphate)|g__Bacteroides.s__Bacteroides_salyersiae	199.6530676073
GLYCOLYSIS: glycolysis I (from glucose 6-phosphate)|g__Citrobacter.s__Citrobacter_koseri	37.9633157245
PWY-7208: superpathway of pyrimidine nucleobases salvage	3476.9430498842
PWY-7208: superpathway of pyrimidine nucleobases salvage|unclassified	334.1884703070
PWY-7208: superpathway of pyrimidine nucleobases salvage|g__Parabacteroides.s__Parabacteroides_goldsteinii	102.8151922287
PWY-7208: superpathway of pyrimidine nucleobases salvage|g__Sutterella.s__Sutterella_wadsworthensis	83.4205902917
PWY-7208: superpathway of pyrimidine nucleobases salvage|g__Phascolarctobacterium.s__Phascolarctobacterium_faecium	64.1343464921
PWY-7208: superpathway of pyrimidine nucleobases salvage|g__Streptococcus.s__Streptococcus_thermophilus	43.4635415906
PWY-7208: superpathway of pyrimidine nucleobases salvage|g__Blautia.s__Blautia_sp	36.5493141678
PWY-7208: superpathway of pyrimidine nucleobases salvage|g__Citrobacter.s__Citrobacter_koseri	30.3198890732
PWY-7208: superpathway of pyrimidine nucleobases salvage|g__Blautia.s__Blautia_obeum	28.4285166321
PWY-7208: superpathway of pyrimidine nucleobases salvage|g__Bilophila.s__Bilophila_wadsworthia	23.7663461058
PWY-7208: superpathway of pyrimidine nucleobases salvage|g__Coprococcus.s__Coprococcus_catus	13.2967159437
PWY-7208: superpathway of pyrimidine nucleobases salvage|g__Senegalimassilia.s__Senegalimassilia_anaerobia	10.4284284951
PWY-7208: superpathway of pyrimidine nucleobases salvage|g__Lentisphaerae_unclassified.s__Lentisphaerae_bacterium	10.0791709844
PWY-7208: superpathway of pyrimidine nucleobases salvage|g__Victivallis.s__Victivallis_vadensis	9.6515976309
PWY-7208: superpathway of pyrimidine nucleobases salvage|g__Adlercreutzia.s__Adlercreutzia_equolifaciens	6.0113426405
PWY-6901: superpathway of glucose and xylose degradation	3463.6089723813
PWY-6901: superpathway of glucose and xylose degradation|unclassified	121.2247421945
PWY-6901: superpathway of glucose and xylose degradation|g__Citrobacter.s__Citrobacter_koseri	44.2286218770
GLUCONEO-PWY: gluconeogenesis I	3462.6857870390
GLUCONEO-PWY: gluconeogenesis I|unclassified	588.1080244515
GLUCONEO-PWY: gluconeogenesis I|g__Bacteroides.s__Bacteroides_salyersiae	194.8400272428
GLUCONEO-PWY: gluconeogenesis I|g__Citrobacter.s__Citrobacter_koseri	42.9152764809
GLUCOSE1PMETAB-PWY: glucose and glucose-1-phosphate degradation	3418.1884940946
GLUCOSE1PMETAB-PWY: glucose and glucose-1-phosphate degradation|g__Citrobacter.s__Citrobacter_koseri	39.3042231981
ASPASN-PWY: superpathway of L-aspartate and L-asparagine biosynthesis	3386.2717300348
ASPASN-PWY: superpathway of L-aspartate and L-asparagine biosynthesis|unclassified	408.8382690305
ASPASN-PWY: superpathway of L-aspartate and L-asparagine biosynthesis|g__Blautia.s__Ruminococcus_torques	295.7082460161
ASPASN-PWY: superpathway of L-aspartate and L-asparagine biosynthesis|g__Bacteroides.s__Bacteroides_uniformis	253.3617568357
ASPASN-PWY: superpathway of L-aspartate and L-asparagine biosynthesis|g__Bacteroides.s__Bacteroides_vulgatus	244.5865341152
ASPASN-PWY: superpathway of L-aspartate and L-asparagine biosynthesis|g__Bacteroides.s__Bacteroides_massiliensis	227.2119248714
ASPASN-PWY: superpathway of L-aspartate and L-asparagine biosynthesis|g__Bacteroides.s__Bacteroides_cellulosilyticus	161.1003194811
ASPASN-PWY: superpathway of L-aspartate and L-asparagine biosynthesis|g__Bacteroides.s__Bacteroides_dorei	126.7617137413
ASPASN-PWY: superpathway of L-aspartate and L-asparagine biosynthesis|g__Odoribacter.s__Odoribacter_splanchnicus	70.9951447416
ASPASN-PWY: superpathway of L-aspartate and L-asparagine biosynthesis|g__Streptococcus.s__Streptococcus_thermophilus	57.1706418510
ASPASN-PWY: superpathway of L-aspartate and L-asparagine biosynthesis|g__Citrobacter.s__Citrobacter_koseri	48.6846561829
ASPASN-PWY: superpathway of L-aspartate and L-asparagine biosynthesis|g__Butyricimonas.s__Butyricimonas_virosa	46.7588214143
ASPASN-PWY: superpathway of L-aspartate and L-asparagine biosynthesis|g__Parabacteroides.s__Parabacteroides_distasonis	42.4562136468
ASPASN-PWY: superpathway of L-aspartate and L-asparagine biosynthesis|g__Blautia.s__Blautia_obeum	25.2931785425
ASPASN-PWY: superpathway of L-aspartate and L-asparagine biosynthesis|g__Coprococcus.s__Coprococcus_comes	23.6580815975
ASPASN-PWY: superpathway of L-aspartate and L-asparagine biosynthesis|g__Blautia.s__Blautia_sp	18.1892448221
ASPASN-PWY: superpathway of L-aspartate and L-asparagine biosynthesis|g__Butyricimonas.s__Butyricimonas_synergistica	14.8798506701
ASPASN-PWY: superpathway of L-aspartate and L-asparagine biosynthesis|g__Blautia.s__Blautia_wexlerae	7.6080596093
ASPASN-PWY: superpathway of L-aspartate and L-asparagine biosynthesis|g__Ruminococcus.s__Ruminococcus_sp_AF31_8BH	4.4785162724
PWY-6731: starch degradation III	3374.8272042068
PWY-6731: starch degradation III|g__Blautia.s__Blautia_wexlerae	148.0408342959
PWY-6731: starch degradation III|g__Blautia.s__Ruminococcus_torques	147.7501192236
PWY-6731: starch degradation III|g__Blautia.s__Blautia_obeum	126.6584588352
PWY-6731: starch degradation III|g__Blautia.s__Blautia_sp	64.6145975384
PWY-6731: starch degradation III|g__Eubacterium.s__Eubacterium_hallii	59.2493456761
PWY-6731: starch degradation III|g__Coprococcus.s__Coprococcus_comes	46.3396388048
PWY-6731: starch degradation III|g__Agathobaculum.s__Agathobaculum_butyriciproducens	45.5711183445
PWY-6731: starch degradation III|g__Eubacterium.s__Eubacterium_ramulus	42.3731254091
PWY-6731: starch degradation III|g__Fusicatenibacter.s__Fusicatenibacter_saccharivorans	40.0024428887
PWY-6731: starch degradation III|unclassified	21.1217900909
P41-PWY: pyruvate fermentation to acetate and (S)-lactate I	3307.2818846985
P41-PWY: pyruvate fermentation to acetate and (S)-lactate I|g__Blautia.s__Ruminococcus_torques	375.8437975868
P41-PWY: pyruvate fermentation to acetate and (S)-lactate I|g__Lachnospiraceae_unclassified.s__Eubacterium_rectale	292.3102742119
P41-PWY: pyruvate fermentation to acetate and (S)-lactate I|unclassified	174.6033393940
P41-PWY: pyruvate fermentation to acetate and (S)-lactate I|g__Anaerostipes.s__Anaerostipes_hadrus	82.4114861135
P41-PWY: pyruvate fermentation to acetate and (S)-lactate I|g__Blautia.s__Blautia_sp	77.6175458791
P41-PWY: pyruvate fermentation to acetate and (S)-lactate I|g__Eubacterium.s__Eubacterium_hallii	74.4145600756
P41-PWY: pyruvate fermentation to acetate and (S)-lactate I|g__Agathobaculum.s__Agathobaculum_butyriciproducens	51.6316533217
P41-PWY: pyruvate fermentation to acetate and (S)-lactate I|g__Streptococcus.s__Streptococcus_thermophilus	37.4939632605
P41-PWY: pyruvate fermentation to acetate and (S)-lactate I|g__Blautia.s__Blautia_obeum	30.8207249181
P41-PWY: pyruvate fermentation to acetate and (S)-lactate I|g__Ruminococcus.s__Ruminococcus_sp_AF31_8BH	27.7781199988
P41-PWY: pyruvate fermentation to acetate and (S)-lactate I|g__Dorea.s__Dorea_formicigenerans	27.0657427409
P41-PWY: pyruvate fermentation to acetate and (S)-lactate I|g__Fusicatenibacter.s__Fusicatenibacter_saccharivorans	26.6638798189
P41-PWY: pyruvate fermentation to acetate and (S)-lactate I|g__Bifidobacterium.s__Bifidobacterium_animalis	24.6575475067
P41-PWY: pyruvate fermentation to acetate and (S)-lactate I|g__Coprococcus.s__Coprococcus_comes	21.1942835309
P41-PWY: pyruvate fermentation to acetate and (S)-lactate I|g__Roseburia.s__Roseburia_faecis	20.5818534373
P41-PWY: pyruvate fermentation to acetate and (S)-lactate I|g__Citrobacter.s__Citrobacter_koseri	18.4222729911
P41-PWY: pyruvate fermentation to acetate and (S)-lactate I|g__Eubacterium.s__Eubacterium_sp_AF17_7	17.6345994891
P41-PWY: pyruvate fermentation to acetate and (S)-lactate I|g__Coprococcus.s__Coprococcus_catus	15.1860844601
P41-PWY: pyruvate fermentation to acetate and (S)-lactate I|g__Bifidobacterium.s__Bifidobacterium_adolescentis	9.5242668688
P41-PWY: pyruvate fermentation to acetate and (S)-lactate I|g__Clostridium.s__Clostridium_sp_AM22_11AC	9.3859145920
P41-PWY: pyruvate fermentation to acetate and (S)-lactate I|g__Eubacterium.s__Eubacterium_ventriosum	8.2559781180
P41-PWY: pyruvate fermentation to acetate and (S)-lactate I|g__Blautia.s__Blautia_sp_AF19_10LB	6.2885745547
P41-PWY: pyruvate fermentation to acetate and (S)-lactate I|g__Roseburia.s__Roseburia_intestinalis	4.7331674287
P41-PWY: pyruvate fermentation to acetate and (S)-lactate I|g__Blautia.s__Blautia_wexlerae	2.4738767297
PWY-5100: pyruvate fermentation to acetate and lactate II	3307.2818846985
PWY-5100: pyruvate fermentation to acetate and lactate II|g__Blautia.s__Ruminococcus_torques	375.8437975868
PWY-5100: pyruvate fermentation to acetate and lactate II|g__Lachnospiraceae_unclassified.s__Eubacterium_rectale	292.3102742119
PWY-5100: pyruvate fermentation to acetate and lactate II|unclassified	174.6033393940
PWY-5100: pyruvate fermentation to acetate and lactate II|g__Anaerostipes.s__Anaerostipes_hadrus	94.8982162968
PWY-5100: pyruvate fermentation to acetate and lactate II|g__Eubacterium.s__Eubacterium_hallii	79.8980235151
PWY-5100: pyruvate fermentation to acetate and lactate II|g__Blautia.s__Blautia_sp	77.6175458791
PWY-5100: pyruvate fermentation to acetate and lactate II|g__Agathobaculum.s__Agathobaculum_butyriciproducens	51.6316533217
PWY-5100: pyruvate fermentation to acetate and lactate II|g__Eubacterium.s__Eubacterium_ramulus	48.3957376412
PWY-5100: pyruvate fermentation to acetate and lactate II|g__Streptococcus.s__Streptococcus_thermophilus	37.4939632605
PWY-5100: pyruvate fermentation to acetate and lactate II|g__Blautia.s__Blautia_obeum	30.8207249181
PWY-5100: pyruvate fermentation to acetate and lactate II|g__Ruminococcus.s__Ruminococcus_sp_AF31_8BH	27.7781199988
PWY-5100: pyruvate fermentation to acetate and lactate II|g__Dorea.s__Dorea_formicigenerans	27.0657427409
PWY-5100: pyruvate fermentation to acetate and lactate II|g__Fusicatenibacter.s__Fusicatenibacter_saccharivorans	26.6638798189
PWY-5100: pyruvate fermentation to acetate and lactate II|g__Bifidobacterium.s__Bifidobacterium_animalis	24.6575475067
PWY-5100: pyruvate fermentation to acetate and lactate II|g__Citrobacter.s__Citrobacter_koseri	21.2678276244
PWY-5100: pyruvate fermentation to acetate and lactate II|g__Coprococcus.s__Coprococcus_comes	21.1942835309
PWY-5100: pyruvate fermentation to acetate and lactate II|g__Roseburia.s__Roseburia_faecis	20.5818534373
PWY-5100: pyruvate fermentation to acetate and lactate II|g__Eubacterium.s__Eubacterium_sp_AF17_7	17.6345994891
PWY-5100: pyruvate fermentation to acetate and lactate II|g__Anaerotruncus.s__Anaerotruncus_colihominis	17.4739736646
PWY-5100: pyruvate fermentation to acetate and lactate II|g__Coprococcus.s__Coprococcus_catus	15.1860844601
PWY-5100: pyruvate fermentation to acetate and lactate II|g__Roseburia.s__Roseburia_intestinalis	15.1770351658
PWY-5100: pyruvate fermentation to acetate and lactate II|g__Bifidobacterium.s__Bifidobacterium_adolescentis	9.5242668688
PWY-5100: pyruvate fermentation to acetate and lactate II|g__Clostridium.s__Clostridium_sp_AM22_11AC	9.3859145920
PWY-5100: pyruvate fermentation to acetate and lactate II|g__Eubacterium.s__Eubacterium_ventriosum	8.2559781180
PWY-5100: pyruvate fermentation to acetate and lactate II|g__Blautia.s__Blautia_sp_AF19_10LB	6.2885745547
PWY-5100: pyruvate fermentation to acetate and lactate II|g__Blautia.s__Blautia_wexlerae	2.4738767297
PWY-6147: 6-hydroxymethyl-dihydropterin diphosphate biosynthesis I	3303.8873437199
PWY-6147: 6-hydroxymethyl-dihydropterin diphosphate biosynthesis I|g__Bacteroides.s__Bacteroides_uniformis	541.1005081625
PWY-6147: 6-hydroxymethyl-dihydropterin diphosphate biosynthesis I|g__Prevotella.s__Prevotella_copri	507.7643579161
PWY-6147: 6-hydroxymethyl-dihydropterin diphosphate biosynthesis I|g__Bacteroides.s__Bacteroides_thetaiotaomicron	241.8189336465
PWY-6147: 6-hydroxymethyl-dihydropterin diphosphate biosynthesis I|g__Bacteroides.s__Bacteroides_dorei	148.4633238812
PWY-6147: 6-hydroxymethyl-dihydropterin diphosphate biosynthesis I|g__Bacteroides.s__Bacteroides_vulgatus	93.8754666166
PWY-6147: 6-hydroxymethyl-dihydropterin diphosphate biosynthesis I|g__Bacteroides.s__Bacteroides_cellulosilyticus	66.3964194853
PWY-6147: 6-hydroxymethyl-dihydropterin diphosphate biosynthesis I|g__Parabacteroides.s__Parabacteroides_distasonis	53.0154141668
PWY-6147: 6-hydroxymethyl-dihydropterin diphosphate biosynthesis I|g__Streptococcus.s__Streptococcus_thermophilus	36.1392478389
PWY-6147: 6-hydroxymethyl-dihydropterin diphosphate biosynthesis I|g__Bacteroides.s__Bacteroides_faecis	21.4775106742
PWY-6147: 6-hydroxymethyl-dihydropterin diphosphate biosynthesis I|g__Bacteroides.s__Bacteroides_ovatus	14.9015584853
PWY-6147: 6-hydroxymethyl-dihydropterin diphosphate biosynthesis I|unclassified	7.7512373813
PWY-5484: glycolysis II (from fructose 6-phosphate)	3299.6870448234
PWY-5484: glycolysis II (from fructose 6-phosphate)|unclassified	563.8960512224
PWY-5484: glycolysis II (from fructose 6-phosphate)|g__Bacteroides.s__Bacteroides_salyersiae	198.5982997007
PWY-5484: glycolysis II (from fructose 6-phosphate)|g__Citrobacter.s__Citrobacter_koseri	39.4270478105
RHAMCAT-PWY: L-rhamnose degradation I	3220.9250357291
RHAMCAT-PWY: L-rhamnose degradation I|g__Bacteroides.s__Bacteroides_uniformis	620.8804638393
RHAMCAT-PWY: L-rhamnose degradation I|g__Bacteroides.s__Bacteroides_thetaiotaomicron	281.1068612919
RHAMCAT-PWY: L-rhamnose degradation I|g__Bacteroides.s__Bacteroides_cellulosilyticus	184.6923879611
RHAMCAT-PWY: L-rhamnose degradation I|g__Bacteroides.s__Bacteroides_vulgatus	161.6404930352
RHAMCAT-PWY: L-rhamnose degradation I|g__Bacteroides.s__Bacteroides_dorei	120.3109738778
RHAMCAT-PWY: L-rhamnose degradation I|g__Blautia.s__Ruminococcus_torques	94.7842806456
RHAMCAT-PWY: L-rhamnose degradation I|g__Eubacterium.s__Eubacterium_sp_CAG_252	81.5498476791
RHAMCAT-PWY: L-rhamnose degradation I|g__Bacteroides.s__Bacteroides_caccae	70.5818019049
RHAMCAT-PWY: L-rhamnose degradation I|unclassified	67.8108440705
RHAMCAT-PWY: L-rhamnose degradation I|g__Citrobacter.s__Citrobacter_koseri	53.0920904407
RHAMCAT-PWY: L-rhamnose degradation I|g__Bacteroides.s__Bacteroides_faecis	29.9061628952
RHAMCAT-PWY: L-rhamnose degradation I|g__Clostridiales_unclassified.s__Clostridiales_bacterium_KLE1615	28.1525855754
RHAMCAT-PWY: L-rhamnose degradation I|g__Bacteroides.s__Bacteroides_ovatus	21.0574279670
RHAMCAT-PWY: L-rhamnose degradation I|g__Roseburia.s__Roseburia_sp_CAG_100	20.0923674244
RHAMCAT-PWY: L-rhamnose degradation I|g__Roseburia.s__Roseburia_faecis	17.3109159011
RHAMCAT-PWY: L-rhamnose degradation I|g__Adlercreutzia.s__Adlercreutzia_equolifaciens	1.6190646731
PWY4FS-7: phosphatidylglycerol biosynthesis I (plastidic)	3204.7899322221
PWY4FS-7: phosphatidylglycerol biosynthesis I (plastidic)|g__Faecalibacterium.s__Faecalibacterium_prausnitzii	57.6444785008
PWY4FS-7: phosphatidylglycerol biosynthesis I (plastidic)|g__Citrobacter.s__Citrobacter_koseri	48.9465207642
PWY4FS-7: phosphatidylglycerol biosynthesis I (plastidic)|g__Streptococcus.s__Streptococcus_thermophilus	37.5051891415
PWY4FS-7: phosphatidylglycerol biosynthesis I (plastidic)|g__Fusicatenibacter.s__Fusicatenibacter_saccharivorans	30.3129632610
PWY4FS-7: phosphatidylglycerol biosynthesis I (plastidic)|unclassified	28.3108579517
PWY4FS-8: phosphatidylglycerol biosynthesis II (non-plastidic)	3204.7899322221
PWY4FS-8: phosphatidylglycerol biosynthesis II (non-plastidic)|g__Faecalibacterium.s__Faecalibacterium_prausnitzii	57.6444785008
PWY4FS-8: phosphatidylglycerol biosynthesis II (non-plastidic)|g__Citrobacter.s__Citrobacter_koseri	48.9465207642
PWY4FS-8: phosphatidylglycerol biosynthesis II (non-plastidic)|g__Streptococcus.s__Streptococcus_thermophilus	37.5051891415
PWY4FS-8: phosphatidylglycerol biosynthesis II (non-plastidic)|g__Fusicatenibacter.s__Fusicatenibacter_saccharivorans	30.3129632610
PWY4FS-8: phosphatidylglycerol biosynthesis II (non-plastidic)|unclassified	28.3108579517
PWY-6823: molybdopterin biosynthesis	3132.6568085436
PWY-6823: molybdopterin biosynthesis|g__Blautia.s__Ruminococcus_torques	836.0042513825
PWY-6823: molybdopterin biosynthesis|g__Faecalibacterium.s__Faecalibacterium_prausnitzii	590.1797165170
PWY-6823: molybdopterin biosynthesis|g__Blautia.s__Blautia_obeum	290.9892270799
PWY-6823: molybdopterin biosynthesis|g__Lachnospiraceae_unclassified.s__Eubacterium_rectale	238.2888517180
PWY-6823: molybdopterin biosynthesis|unclassified	185.0085603970
PWY-6823: molybdopterin biosynthesis|g__Sutterella.s__Sutterella_wadsworthensis	84.1899121360
PWY-6823: molybdopterin biosynthesis|g__Blautia.s__Blautia_wexlerae	72.5674513568
PWY-6823: molybdopterin biosynthesis|g__Blautia.s__Blautia_sp	70.3966642310
PWY-6823: molybdopterin biosynthesis|g__Blautia.s__Blautia_sp_CAG_52	53.9761764098
PWY-6823: molybdopterin biosynthesis|g__Agathobaculum.s__Agathobaculum_butyriciproducens	51.0705838754
PWY-6823: molybdopterin biosynthesis|g__Anaerostipes.s__Anaerostipes_hadrus	44.7782727579
PWY-6823: molybdopterin biosynthesis|g__Eubacterium.s__Eubacterium_hallii	41.6855369666
PWY-6823: molybdopterin biosynthesis|g__Dorea.s__Dorea_longicatena	38.5318839597
PWY-6823: molybdopterin biosynthesis|g__Fusicatenibacter.s__Fusicatenibacter_saccharivorans	38.3834551382
PWY-6823: molybdopterin biosynthesis|g__Bilophila.s__Bilophila_wadsworthia	37.8564773059
PWY-6823: molybdopterin biosynthesis|g__Citrobacter.s__Citrobacter_koseri	35.8304813047
PWY-6823: molybdopterin biosynthesis|g__Clostridiales_unclassified.s__Clostridiales_bacterium_KLE1615	33.5365568215
PWY-6823: molybdopterin biosynthesis|g__Dorea.s__Dorea_formicigenerans	28.9320241705
PWY-6823: molybdopterin biosynthesis|g__Clostridium.s__Clostridium_sp_AM22_11AC	26.7869828866
PWY-6823: molybdopterin biosynthesis|g__Eubacterium.s__Eubacterium_ramulus	22.1369384883
PWY-6823: molybdopterin biosynthesis|g__Oscillibacter.s__Oscillibacter_sp_57_20	21.0785147812
PWY-6823: molybdopterin biosynthesis|g__Coprococcus.s__Coprococcus_comes	20.4413705991
PWY-6823: molybdopterin biosynthesis|g__Intestinibacter.s__Intestinibacter_bartlettii	18.8462153498
PWY-6823: molybdopterin biosynthesis|g__Anaerotruncus.s__Anaerotruncus_colihominis	18.5606849329
PWY-6823: molybdopterin biosynthesis|g__Roseburia.s__Roseburia_faecis	16.2994990627
PWY-6823: molybdopterin biosynthesis|g__Firmicutes_unclassified.s__Firmicutes_bacterium_CAG_56	16.0106241442
PWY-6823: molybdopterin biosynthesis|g__Eubacterium.s__Eubacterium_sp_CAG_274	15.0414409751
PWY-6823: molybdopterin biosynthesis|g__Roseburia.s__Roseburia_sp_CAG_100	13.4066359198
PWY-6823: molybdopterin biosynthesis|g__Senegalimassilia.s__Senegalimassilia_anaerobia	12.5031297435
PWY-6823: molybdopterin biosynthesis|g__Roseburia.s__Roseburia_intestinalis	12.4957618237
PWY-6823: molybdopterin biosynthesis|g__Eubacterium.s__Eubacterium_limosum	4.3777336955
GLYCOCAT-PWY: glycogen degradation I	3127.4643804080
GLYCOCAT-PWY: glycogen degradation I|unclassified	64.3555500797
GLYCOCAT-PWY: glycogen degradation I|g__Citrobacter.s__Citrobacter_koseri	35.0731683841
GLYCOCAT-PWY: glycogen degradation I|g__Coprococcus.s__Coprococcus_catus	13.1872567924
HISDEG-PWY: L-histidine degradation I	3073.0445665173
HISDEG-PWY: L-histidine degradation I|g__Bacteroides.s__Bacteroides_uniformis	697.8705076784
HISDEG-PWY: L-histidine degradation I|g__Alistipes.s__Alistipes_finegoldii	345.2852573392
HISDEG-PWY: L-histidine degradation I|g__Bacteroides.s__Bacteroides_massiliensis	267.2125678900
HISDEG-PWY: L-histidine degradation I|g__Bacteroides.s__Bacteroides_vulgatus	231.7828920622
HISDEG-PWY: L-histidine degradation I|g__Bacteroides.s__Bacteroides_salyersiae	194.0776714192
HISDEG-PWY: L-histidine degradation I|unclassified	160.2693120356
HISDEG-PWY: L-histidine degradation I|g__Bacteroides.s__Bacteroides_thetaiotaomicron	157.0012576302
HISDEG-PWY: L-histidine degradation I|g__Bacteroides.s__Bacteroides_cellulosilyticus	153.7268834622
HISDEG-PWY: L-histidine degradation I|g__Parabacteroides.s__Parabacteroides_goldsteinii	128.2430933225
HISDEG-PWY: L-histidine degradation I|g__Bacteroides.s__Bacteroides_dorei	113.1510628269
HISDEG-PWY: L-histidine degradation I|g__Bacteroides.s__Bacteroides_faecis	81.1858748343
HISDEG-PWY: L-histidine degradation I|g__Odoribacter.s__Odoribacter_splanchnicus	50.4252551054
HISDEG-PWY: L-histidine degradation I|g__Parabacteroides.s__Parabacteroides_distasonis	48.8426975256
HISDEG-PWY: L-histidine degradation I|g__Citrobacter.s__Citrobacter_koseri	44.5158966812
HISDEG-PWY: L-histidine degradation I|g__Butyricimonas.s__Butyricimonas_virosa	36.2997062311
HISDEG-PWY: L-histidine degradation I|g__Prevotella.s__Prevotella_sp_CAG_485	20.8659226956
HISDEG-PWY: L-histidine degradation I|g__Firmicutes_unclassified.s__Firmicutes_bacterium_CAG_124	20.7170407349
HISDEG-PWY: L-histidine degradation I|g__Butyricimonas.s__Butyricimonas_synergistica	19.6845475293
HISDEG-PWY: L-histidine degradation I|g__Alistipes.s__Alistipes_shahii	17.9120662531
HISDEG-PWY: L-histidine degradation I|g__Bacteroides.s__Bacteroides_ovatus	15.0602759399
HISDEG-PWY: L-histidine degradation I|g__Bacteroides.s__Bacteroides_intestinalis	11.0756961508
ARGININE-SYN4-PWY: L-ornithine biosynthesis II	3027.6435484614
ARGININE-SYN4-PWY: L-ornithine biosynthesis II|g__Bacteroides.s__Bacteroides_uniformis	566.5433645362
ARGININE-SYN4-PWY: L-ornithine biosynthesis II|g__Bacteroides.s__Bacteroides_massiliensis	290.6945509840
ARGININE-SYN4-PWY: L-ornithine biosynthesis II|g__Bacteroides.s__Bacteroides_vulgatus	222.3876371819
ARGININE-SYN4-PWY: L-ornithine biosynthesis II|g__Bacteroides.s__Bacteroides_salyersiae	199.3534018229
ARGININE-SYN4-PWY: L-ornithine biosynthesis II|g__Bacteroides.s__Bacteroides_cellulosilyticus	193.9369780152
ARGININE-SYN4-PWY: L-ornithine biosynthesis II|g__Bacteroides.s__Bacteroides_thetaiotaomicron	193.0353799145
ARGININE-SYN4-PWY: L-ornithine biosynthesis II|unclassified	155.7970650750
ARGININE-SYN4-PWY: L-ornithine biosynthesis II|g__Bacteroides.s__Bacteroides_dorei	122.1571486852
ARGININE-SYN4-PWY: L-ornithine biosynthesis II|g__Bacteroides.s__Bacteroides_caccae	62.8561417785
ARGININE-SYN4-PWY: L-ornithine biosynthesis II|g__Parabacteroides.s__Parabacteroides_distasonis	49.4552881238
ARGININE-SYN4-PWY: L-ornithine biosynthesis II|g__Bacteroides.s__Bacteroides_faecis	21.1729253529
ARGININE-SYN4-PWY: L-ornithine biosynthesis II|g__Bacteroides.s__Bacteroides_ovatus	13.8810074586
PWY-6628: superpathway of L-phenylalanine biosynthesis	2997.1899606664
PWY-6628: superpathway of L-phenylalanine biosynthesis|unclassified	220.9004853169
PWY-6628: superpathway of L-phenylalanine biosynthesis|g__Streptococcus.s__Streptococcus_thermophilus	36.1932882565
PWY-6628: superpathway of L-phenylalanine biosynthesis|g__Citrobacter.s__Citrobacter_koseri	28.4680928537
COLANSYN-PWY: colanic acid building blocks biosynthesis	2938.9183944265
COLANSYN-PWY: colanic acid building blocks biosynthesis|unclassified	609.5339176892
COLANSYN-PWY: colanic acid building blocks biosynthesis|g__Faecalibacterium.s__Faecalibacterium_prausnitzii	46.5972519899
COLANSYN-PWY: colanic acid building blocks biosynthesis|g__Citrobacter.s__Citrobacter_koseri	30.3849244074
PWY-5659: GDP-mannose biosynthesis	2923.0972154495
PWY-5659: GDP-mannose biosynthesis|unclassified	796.7801890574
PWY-5659: GDP-mannose biosynthesis|g__Faecalibacterium.s__Faecalibacterium_prausnitzii	506.2284903175
PWY-5659: GDP-mannose biosynthesis|g__Bacteroides.s__Bacteroides_vulgatus	108.3487021463
PWY-5659: GDP-mannose biosynthesis|g__Blautia.s__Blautia_obeum	97.5202760065
PWY-5659: GDP-mannose biosynthesis|g__Streptococcus.s__Streptococcus_thermophilus	50.8848310692
PWY-5659: GDP-mannose biosynthesis|g__Citrobacter.s__Citrobacter_koseri	36.6785686712
PWY-5659: GDP-mannose biosynthesis|g__Alistipes.s__Alistipes_shahii	21.1470776709
PWY-5659: GDP-mannose biosynthesis|g__Bifidobacterium.s__Bifidobacterium_animalis	18.2276625071
PWY-5659: GDP-mannose biosynthesis|g__Ruminococcus.s__Ruminococcus_bicirculans	8.9784360556
PWY-5659: GDP-mannose biosynthesis|g__Lachnospiraceae_unclassified.s__Eubacterium_rectale	5.8965272683
FASYN-ELONG-PWY: fatty acid elongation -- saturated	2770.1927553579
FASYN-ELONG-PWY: fatty acid elongation -- saturated|g__Alistipes.s__Alistipes_finegoldii	432.5391856757
FASYN-ELONG-PWY: fatty acid elongation -- saturated|g__Bacteroides.s__Bacteroides_cellulosilyticus	282.5919651318
FASYN-ELONG-PWY: fatty acid elongation -- saturated|g__Citrobacter.s__Citrobacter_koseri	53.7176116286
FASYN-ELONG-PWY: fatty acid elongation -- saturated|g__Alistipes.s__Alistipes_onderdonkii	33.1947645200
FASYN-ELONG-PWY: fatty acid elongation -- saturated|unclassified	31.9605392882
PWY-5971: palmitate biosynthesis (type II fatty acid synthase)	2742.1579393489
PWY-5971: palmitate biosynthesis (type II fatty acid synthase)|g__Citrobacter.s__Citrobacter_koseri	51.7966738252
PWY-6168: flavin biosynthesis III (fungi)	2695.7976991946
PWY-6168: flavin biosynthesis III (fungi)|unclassified	79.1118347263
CITRULBIO-PWY: L-citrulline biosynthesis	2659.4752363269
CITRULBIO-PWY: L-citrulline biosynthesis|g__Alistipes.s__Alistipes_finegoldii	385.8565891966
CITRULBIO-PWY: L-citrulline biosynthesis|unclassified	225.8350947067
CITRULBIO-PWY: L-citrulline biosynthesis|g__Alistipes.s__Alistipes_onderdonkii	28.4330596546
CITRULBIO-PWY: L-citrulline biosynthesis|g__Coprococcus.s__Coprococcus_catus	8.5467336165
PWY0-845: superpathway of pyridoxal 5'-phosphate biosynthesis and salvage	2652.8103075720
PWY0-845: superpathway of pyridoxal 5'-phosphate biosynthesis and salvage|g__Bacteroides.s__Bacteroides_uniformis	621.0347984259
PWY0-845: superpathway of pyridoxal 5'-phosphate biosynthesis and salvage|g__Bacteroides.s__Bacteroides_thetaiotaomicron	192.2890901150
PWY0-845: superpathway of pyridoxal 5'-phosphate biosynthesis and salvage|g__Bacteroides.s__Bacteroides_caccae	55.7829509971
PWY0-845: superpathway of pyridoxal 5'-phosphate biosynthesis and salvage|g__Parabacteroides.s__Parabacteroides_distasonis	36.8464247966
PWY0-845: superpathway of pyridoxal 5'-phosphate biosynthesis and salvage|g__Citrobacter.s__Citrobacter_koseri	29.3164166770
PWY0-845: superpathway of pyridoxal 5'-phosphate biosynthesis and salvage|g__Bacteroides.s__Bacteroides_faecis	28.8764493415
PWY-7220: adenosine deoxyribonucleotides de novo biosynthesis II	2625.6476688473
PWY-7220: adenosine deoxyribonucleotides de novo biosynthesis II|g__Bacteroides.s__Bacteroides_massiliensis	253.9858531574
PWY-7220: adenosine deoxyribonucleotides de novo biosynthesis II|g__Bacteroides.s__Bacteroides_vulgatus	227.7262987031
PWY-7220: adenosine deoxyribonucleotides de novo biosynthesis II|g__Bacteroides.s__Bacteroides_thetaiotaomicron	212.4768442068
PWY-7220: adenosine deoxyribonucleotides de novo biosynthesis II|g__Bacteroides.s__Bacteroides_salyersiae	207.9903592726
PWY-7220: adenosine deoxyribonucleotides de novo biosynthesis II|g__Bacteroides.s__Bacteroides_dorei	153.9460002402
PWY-7220: adenosine deoxyribonucleotides de novo biosynthesis II|g__Bacteroides.s__Bacteroides_intestinalis	142.0153851178
PWY-7220: adenosine deoxyribonucleotides de novo biosynthesis II|g__Bacteroides.s__Bacteroides_cellulosilyticus	133.7456094758
PWY-7220: adenosine deoxyribonucleotides de novo biosynthesis II|g__Parabacteroides.s__Parabacteroides_goldsteinii	121.2213998659
PWY-7220: adenosine deoxyribonucleotides de novo biosynthesis II|unclassified	110.2775058629
PWY-7220: adenosine deoxyribonucleotides de novo biosynthesis II|g__Sutterella.s__Sutterella_wadsworthensis	73.2637371598
PWY-7220: adenosine deoxyribonucleotides de novo biosynthesis II|g__Bacteroides.s__Bacteroides_caccae	69.2655806728
PWY-7220: adenosine deoxyribonucleotides de novo biosynthesis II|g__Citrobacter.s__Citrobacter_koseri	52.3880278435
PWY-7220: adenosine deoxyribonucleotides de novo biosynthesis II|g__Odoribacter.s__Odoribacter_splanchnicus	50.6947132111
PWY-7220: adenosine deoxyribonucleotides de novo biosynthesis II|g__Streptococcus.s__Streptococcus_thermophilus	47.6675100776
PWY-7220: adenosine deoxyribonucleotides de novo biosynthesis II|g__Parabacteroides.s__Parabacteroides_distasonis	40.6344055644
PWY-7220: adenosine deoxyribonucleotides de novo biosynthesis II|g__Bilophila.s__Bilophila_wadsworthia	35.3210629565
PWY-7220: adenosine deoxyribonucleotides de novo biosynthesis II|g__Bacteroides.s__Bacteroides_faecis	32.2497059601
PWY-7220: adenosine deoxyribonucleotides de novo biosynthesis II|g__Prevotella.s__Prevotella_sp_CAG_485	18.6704806658
PWY-7220: adenosine deoxyribonucleotides de novo biosynthesis II|g__Bacteroides.s__Bacteroides_ovatus	12.2862399379
PWY-7222: guanosine deoxyribonucleotides de novo biosynthesis II	2625.6476688473
PWY-7222: guanosine deoxyribonucleotides de novo biosynthesis II|g__Bacteroides.s__Bacteroides_massiliensis	253.9858531574
PWY-7222: guanosine deoxyribonucleotides de novo biosynthesis II|g__Bacteroides.s__Bacteroides_vulgatus	227.7262987031
PWY-7222: guanosine deoxyribonucleotides de novo biosynthesis II|g__Bacteroides.s__Bacteroides_thetaiotaomicron	212.4768442068
PWY-7222: guanosine deoxyribonucleotides de novo biosynthesis II|g__Bacteroides.s__Bacteroides_salyersiae	207.9903592726
PWY-7222: guanosine deoxyribonucleotides de novo biosynthesis II|g__Bacteroides.s__Bacteroides_dorei	153.9460002402
PWY-7222: guanosine deoxyribonucleotides de novo biosynthesis II|g__Bacteroides.s__Bacteroides_intestinalis	142.0153851178
PWY-7222: guanosine deoxyribonucleotides de novo biosynthesis II|g__Bacteroides.s__Bacteroides_cellulosilyticus	133.7456094758
PWY-7222: guanosine deoxyribonucleotides de novo biosynthesis II|g__Parabacteroides.s__Parabacteroides_goldsteinii	121.2213998659
PWY-7222: guanosine deoxyribonucleotides de novo biosynthesis II|unclassified	110.2775058629
PWY-7222: guanosine deoxyribonucleotides de novo biosynthesis II|g__Sutterella.s__Sutterella_wadsworthensis	73.2637371598
PWY-7222: guanosine deoxyribonucleotides de novo biosynthesis II|g__Bacteroides.s__Bacteroides_caccae	69.2655806728
PWY-7222: guanosine deoxyribonucleotides de novo biosynthesis II|g__Citrobacter.s__Citrobacter_koseri	52.3880278435
PWY-7222: guanosine deoxyribonucleotides de novo biosynthesis II|g__Odoribacter.s__Odoribacter_splanchnicus	50.6947132111
PWY-7222: guanosine deoxyribonucleotides de novo biosynthesis II|g__Streptococcus.s__Streptococcus_thermophilus	47.6675100776
PWY-7222: guanosine deoxyribonucleotides de novo biosynthesis II|g__Parabacteroides.s__Parabacteroides_distasonis	40.6344055644
PWY-7222: guanosine deoxyribonucleotides de novo biosynthesis II|g__Bilophila.s__Bilophila_wadsworthia	35.3210629565
PWY-7222: guanosine deoxyribonucleotides de novo biosynthesis II|g__Bacteroides.s__Bacteroides_faecis	32.2497059601
PWY-7222: guanosine deoxyribonucleotides de novo biosynthesis II|g__Prevotella.s__Prevotella_sp_CAG_485	18.6704806658
PWY-7222: guanosine deoxyribonucleotides de novo biosynthesis II|g__Bacteroides.s__Bacteroides_ovatus	12.2862399379
PWY-7456: &beta;-(1,4)-mannan degradation	2620.2888106915
PWY-7456: &beta;-(1,4)-mannan degradation|unclassified	717.4106796175
PWY-7345: superpathway of anaerobic sucrose degradation	2594.2524791779
PWY-7345: superpathway of anaerobic sucrose degradation|g__Citrobacter.s__Citrobacter_koseri	39.4578485616
PWY-7345: superpathway of anaerobic sucrose degradation|unclassified	38.3264036847
PWY-7664: oleate biosynthesis IV (anaerobic)	2584.2375058848
PWY-7664: oleate biosynthesis IV (anaerobic)|g__Alistipes.s__Alistipes_finegoldii	421.5254411636
PWY-7664: oleate biosynthesis IV (anaerobic)|g__Bacteroides.s__Bacteroides_cellulosilyticus	272.6560159703
PWY-7664: oleate biosynthesis IV (anaerobic)|g__Citrobacter.s__Citrobacter_koseri	49.2332254107
PWY-7664: oleate biosynthesis IV (anaerobic)|g__Alistipes.s__Alistipes_onderdonkii	29.4469126861
PWY-7664: oleate biosynthesis IV (anaerobic)|unclassified	28.2656216774
BIOTIN-BIOSYNTHESIS-PWY: biotin biosynthesis I	2511.1418965896
BIOTIN-BIOSYNTHESIS-PWY: biotin biosynthesis I|g__Citrobacter.s__Citrobacter_koseri	43.6660070523
PWY-5121: superpathway of geranylgeranyl diphosphate biosynthesis II (via MEP)	2498.4640794429
PWY-5121: superpathway of geranylgeranyl diphosphate biosynthesis II (via MEP)|g__Bacteroides.s__Bacteroides_vulgatus	219.1320840147
PWY-5121: superpathway of geranylgeranyl diphosphate biosynthesis II (via MEP)|unclassified	55.5042998315
PWY-5121: superpathway of geranylgeranyl diphosphate biosynthesis II (via MEP)|g__Bifidobacterium.s__Bifidobacterium_animalis	33.3271085980
PWY-5121: superpathway of geranylgeranyl diphosphate biosynthesis II (via MEP)|g__Eubacterium.s__Eubacterium_hallii	32.0176362796
PWY-5121: superpathway of geranylgeranyl diphosphate biosynthesis II (via MEP)|g__Citrobacter.s__Citrobacter_koseri	21.5413168279
PWY-5121: superpathway of geranylgeranyl diphosphate biosynthesis II (via MEP)|g__Bacteroides.s__Bacteroides_dorei	21.2734749488
PWY0-162: superpathway of pyrimidine ribonucleotides de novo biosynthesis	2478.3505557392
PWY0-162: superpathway of pyrimidine ribonucleotides de novo biosynthesis|unclassified	277.2841833133
PWY0-162: superpathway of pyrimidine ribonucleotides de novo biosynthesis|g__Bacteroides.s__Bacteroides_thetaiotaomicron	178.9738396199
PWY0-162: superpathway of pyrimidine ribonucleotides de novo biosynthesis|g__Citrobacter.s__Citrobacter_koseri	30.4236307731
PWY0-162: superpathway of pyrimidine ribonucleotides de novo biosynthesis|g__Bacteroides.s__Bacteroides_faecis	24.7903625645
PWY-7323: superpathway of GDP-mannose-derived O-antigen building blocks biosynthesis	2466.4036778902
PWY-7323: superpathway of GDP-mannose-derived O-antigen building blocks biosynthesis|unclassified	346.7742748585
PWY-7323: superpathway of GDP-mannose-derived O-antigen building blocks biosynthesis|g__Citrobacter.s__Citrobacter_koseri	26.5852639046
PWY-7323: superpathway of GDP-mannose-derived O-antigen building blocks biosynthesis|g__Faecalibacterium.s__Faecalibacterium_prausnitzii	10.1688295762
UDPNAGSYN-PWY: UDP-N-acetyl-D-glucosamine biosynthesis I	2403.4361296405
UDPNAGSYN-PWY: UDP-N-acetyl-D-glucosamine biosynthesis I|unclassified	622.3533845350
UDPNAGSYN-PWY: UDP-N-acetyl-D-glucosamine biosynthesis I|g__Ruminococcus.s__Ruminococcus_callidus	140.9739912636
UDPNAGSYN-PWY: UDP-N-acetyl-D-glucosamine biosynthesis I|g__Clostridium.s__Clostridium_sp_CAG_217	109.2691695472
UDPNAGSYN-PWY: UDP-N-acetyl-D-glucosamine biosynthesis I|g__Sutterella.s__Sutterella_wadsworthensis	96.7372465809
UDPNAGSYN-PWY: UDP-N-acetyl-D-glucosamine biosynthesis I|g__Streptococcus.s__Streptococcus_thermophilus	72.0404625439
UDPNAGSYN-PWY: UDP-N-acetyl-D-glucosamine biosynthesis I|g__Phascolarctobacterium.s__Phascolarctobacterium_faecium	69.5800871164
UDPNAGSYN-PWY: UDP-N-acetyl-D-glucosamine biosynthesis I|g__Bilophila.s__Bilophila_wadsworthia	48.5995455140
UDPNAGSYN-PWY: UDP-N-acetyl-D-glucosamine biosynthesis I|g__Firmicutes_unclassified.s__Firmicutes_bacterium_CAG_41	45.7634286546
UDPNAGSYN-PWY: UDP-N-acetyl-D-glucosamine biosynthesis I|g__Citrobacter.s__Citrobacter_koseri	45.4287803503
UDPNAGSYN-PWY: UDP-N-acetyl-D-glucosamine biosynthesis I|g__Agathobaculum.s__Agathobaculum_butyriciproducens	29.5828596027
UDPNAGSYN-PWY: UDP-N-acetyl-D-glucosamine biosynthesis I|g__Bifidobacterium.s__Bifidobacterium_animalis	29.2175859202
UDPNAGSYN-PWY: UDP-N-acetyl-D-glucosamine biosynthesis I|g__Eubacterium.s__Eubacterium_sp_CAG_274	27.2815509780
UDPNAGSYN-PWY: UDP-N-acetyl-D-glucosamine biosynthesis I|g__Firmicutes_unclassified.s__Firmicutes_bacterium_CAG_124	15.0212113082
UDPNAGSYN-PWY: UDP-N-acetyl-D-glucosamine biosynthesis I|g__Bifidobacterium.s__Bifidobacterium_adolescentis	14.5655707357
UDPNAGSYN-PWY: UDP-N-acetyl-D-glucosamine biosynthesis I|g__Intestinibacter.s__Intestinibacter_bartlettii	9.4849834687
UDPNAGSYN-PWY: UDP-N-acetyl-D-glucosamine biosynthesis I|g__Anaerotruncus.s__Anaerotruncus_colihominis	9.4010887260
UDPNAGSYN-PWY: UDP-N-acetyl-D-glucosamine biosynthesis I|g__Senegalimassilia.s__Senegalimassilia_anaerobia	8.2438159983
UDPNAGSYN-PWY: UDP-N-acetyl-D-glucosamine biosynthesis I|g__Ruminococcus.s__Ruminococcus_bicirculans	7.0230670388
PWY0-862: (5Z)-dodecenoate biosynthesis I	2371.9417958792
PWY0-862: (5Z)-dodecenoate biosynthesis I|g__Alistipes.s__Alistipes_finegoldii	407.6842887424
PWY0-862: (5Z)-dodecenoate biosynthesis I|g__Bacteroides.s__Bacteroides_cellulosilyticus	260.4462753301
PWY0-862: (5Z)-dodecenoate biosynthesis I|g__Citrobacter.s__Citrobacter_koseri	44.3020661202
PWY0-862: (5Z)-dodecenoate biosynthesis I|g__Alistipes.s__Alistipes_onderdonkii	25.5939957115
PWY0-862: (5Z)-dodecenoate biosynthesis I|unclassified	24.4905294148
PWY-7197: pyrimidine deoxyribonucleotide phosphorylation	2371.4142607534
PWY-7197: pyrimidine deoxyribonucleotide phosphorylation|unclassified	108.5962221434
PWY-7197: pyrimidine deoxyribonucleotide phosphorylation|g__Sutterella.s__Sutterella_wadsworthensis	68.6799583469
PWY-7197: pyrimidine deoxyribonucleotide phosphorylation|g__Phascolarctobacterium.s__Phascolarctobacterium_faecium	59.1555328047
PWY-7197: pyrimidine deoxyribonucleotide phosphorylation|g__Bilophila.s__Bilophila_wadsworthia	40.8248623976
PWY-7197: pyrimidine deoxyribonucleotide phosphorylation|g__Streptococcus.s__Streptococcus_thermophilus	27.9236180622
PWY-7197: pyrimidine deoxyribonucleotide phosphorylation|g__Senegalimassilia.s__Senegalimassilia_anaerobia	21.5320714096
PWY-7197: pyrimidine deoxyribonucleotide phosphorylation|g__Citrobacter.s__Citrobacter_koseri	18.5444681587
PWY-7197: pyrimidine deoxyribonucleotide phosphorylation|g__Victivallis.s__Victivallis_vadensis	13.3938898830
PWY-7197: pyrimidine deoxyribonucleotide phosphorylation|g__Lentisphaerae_unclassified.s__Lentisphaerae_bacterium	6.4390272112
PWY-6519: 8-amino-7-oxononanoate biosynthesis I	2368.4677366239
PWY-6519: 8-amino-7-oxononanoate biosynthesis I|g__Bacteroides.s__Bacteroides_cellulosilyticus	189.8829681361
PWY-6519: 8-amino-7-oxononanoate biosynthesis I|g__Citrobacter.s__Citrobacter_koseri	46.1946302547
PWY-6282: palmitoleate biosynthesis I (from (5Z)-dodec-5-enoate)	2350.0520184520
PWY-6282: palmitoleate biosynthesis I (from (5Z)-dodec-5-enoate)|g__Alistipes.s__Alistipes_finegoldii	423.6031054076
PWY-6282: palmitoleate biosynthesis I (from (5Z)-dodec-5-enoate)|g__Bacteroides.s__Bacteroides_cellulosilyticus	274.7749175990
PWY-6282: palmitoleate biosynthesis I (from (5Z)-dodec-5-enoate)|g__Citrobacter.s__Citrobacter_koseri	50.2936500788
PWY-6282: palmitoleate biosynthesis I (from (5Z)-dodec-5-enoate)|g__Alistipes.s__Alistipes_onderdonkii	30.2047492266
PWY-6282: palmitoleate biosynthesis I (from (5Z)-dodec-5-enoate)|unclassified	24.4029281388
PWY-5989: stearate biosynthesis II (bacteria and plants)	2296.9763097089
PWY-5989: stearate biosynthesis II (bacteria and plants)|g__Alistipes.s__Alistipes_finegoldii	379.3253757609
PWY-5989: stearate biosynthesis II (bacteria and plants)|g__Bacteroides.s__Bacteroides_cellulosilyticus	252.9401142100
PWY-5989: stearate biosynthesis II (bacteria and plants)|g__Citrobacter.s__Citrobacter_koseri	48.3606659682
PWY-5989: stearate biosynthesis II (bacteria and plants)|g__Bifidobacterium.s__Bifidobacterium_animalis	40.9920631712
PWY-5989: stearate biosynthesis II (bacteria and plants)|unclassified	23.9705972431
PWY-5989: stearate biosynthesis II (bacteria and plants)|g__Alistipes.s__Alistipes_onderdonkii	22.2764392318
PWY-5505: L-glutamate and L-glutamine biosynthesis	2284.1061810362
PWY-5505: L-glutamate and L-glutamine biosynthesis|unclassified	20.7002700858
PWY-4984: urea cycle	2278.7216829154
PWY-4984: urea cycle|g__Alistipes.s__Alistipes_finegoldii	347.7179511747
PWY-4984: urea cycle|g__Alistipes.s__Alistipes_onderdonkii	51.7265509662
PWY-4984: urea cycle|unclassified	31.0851340257
PWY-4984: urea cycle|g__Coprococcus.s__Coprococcus_catus	7.8194068374
PWY0-1261: anhydromuropeptides recycling I	2203.5442165205
PWY0-1261: anhydromuropeptides recycling I|g__Citrobacter.s__Citrobacter_koseri	31.4240976439
PWY0-1261: anhydromuropeptides recycling I|unclassified	22.6793618999
PWY-2941: L-lysine biosynthesis II	2199.9633966768
PWY-2941: L-lysine biosynthesis II|unclassified	106.6098637156
PWY-2941: L-lysine biosynthesis II|g__Sutterella.s__Sutterella_wadsworthensis	62.8547440248
PWY-2941: L-lysine biosynthesis II|g__Streptococcus.s__Streptococcus_thermophilus	48.9424124936
PWY-2941: L-lysine biosynthesis II|g__Blautia.s__Ruminococcus_torques	41.3552603512
PYRIDOXSYN-PWY: pyridoxal 5'-phosphate biosynthesis I	2197.7658733410
PYRIDOXSYN-PWY: pyridoxal 5'-phosphate biosynthesis I|g__Bacteroides.s__Bacteroides_uniformis	633.2177414009
PYRIDOXSYN-PWY: pyridoxal 5'-phosphate biosynthesis I|g__Bacteroides.s__Bacteroides_thetaiotaomicron	191.7416375910
PYRIDOXSYN-PWY: pyridoxal 5'-phosphate biosynthesis I|g__Bacteroides.s__Bacteroides_caccae	71.4098145243
PYRIDOXSYN-PWY: pyridoxal 5'-phosphate biosynthesis I|g__Parabacteroides.s__Parabacteroides_distasonis	35.1242290636
PYRIDOXSYN-PWY: pyridoxal 5'-phosphate biosynthesis I|g__Bacteroides.s__Bacteroides_faecis	31.9655611730
PYRIDOXSYN-PWY: pyridoxal 5'-phosphate biosynthesis I|g__Citrobacter.s__Citrobacter_koseri	21.3615968932
PWY-7328: superpathway of UDP-glucose-derived O-antigen building blocks biosynthesis	2155.6792470143
PWY-7328: superpathway of UDP-glucose-derived O-antigen building blocks biosynthesis|unclassified	527.2618338586
PWY-7328: superpathway of UDP-glucose-derived O-antigen building blocks biosynthesis|g__Blautia.s__Ruminococcus_torques	136.5732619362
PWY-1269: CMP-3-deoxy-D-manno-octulosonate biosynthesis	2141.5680055925
PWY-1269: CMP-3-deoxy-D-manno-octulosonate biosynthesis|g__Bacteroides.s__Bacteroides_uniformis	488.3488894890
PWY-1269: CMP-3-deoxy-D-manno-octulosonate biosynthesis|unclassified	315.1218343539
PWY-1269: CMP-3-deoxy-D-manno-octulosonate biosynthesis|g__Bacteroides.s__Bacteroides_thetaiotaomicron	172.4201626491
PWY-1269: CMP-3-deoxy-D-manno-octulosonate biosynthesis|g__Bacteroides.s__Bacteroides_caccae	48.3407596049
PWY-1269: CMP-3-deoxy-D-manno-octulosonate biosynthesis|g__Citrobacter.s__Citrobacter_koseri	42.6099150152
PWY-1269: CMP-3-deoxy-D-manno-octulosonate biosynthesis|g__Alistipes.s__Alistipes_shahii	20.7369661289
PWY-1269: CMP-3-deoxy-D-manno-octulosonate biosynthesis|g__Bacteroides.s__Bacteroides_faecis	18.4762275296
PWY-1269: CMP-3-deoxy-D-manno-octulosonate biosynthesis|g__Bacteroides.s__Bacteroides_ovatus	16.6556730992
PWY-5188: tetrapyrrole biosynthesis I (from glutamate)	2140.2728367136
PWY-5188: tetrapyrrole biosynthesis I (from glutamate)|g__Blautia.s__Blautia_wexlerae	220.5689519790
PWY-5188: tetrapyrrole biosynthesis I (from glutamate)|g__Ruminococcus.s__Ruminococcus_bromii	207.7103252659
PWY-5188: tetrapyrrole biosynthesis I (from glutamate)|unclassified	163.9571009766
PWY-5188: tetrapyrrole biosynthesis I (from glutamate)|g__Ruminococcus.s__Ruminococcus_callidus	157.5167141521
PWY-5188: tetrapyrrole biosynthesis I (from glutamate)|g__Blautia.s__Ruminococcus_torques	108.2273025356
PWY-5188: tetrapyrrole biosynthesis I (from glutamate)|g__Sutterella.s__Sutterella_wadsworthensis	75.6270083317
PWY-5188: tetrapyrrole biosynthesis I (from glutamate)|g__Anaerostipes.s__Anaerostipes_hadrus	60.9977390106
PWY-5188: tetrapyrrole biosynthesis I (from glutamate)|g__Blautia.s__Blautia_sp	51.6150308844
PWY-5188: tetrapyrrole biosynthesis I (from glutamate)|g__Eubacterium.s__Eubacterium_sp_CAG_38	48.7055558640
PWY-5188: tetrapyrrole biosynthesis I (from glutamate)|g__Blautia.s__Blautia_sp_CAG_52	36.1324119087
PWY-5188: tetrapyrrole biosynthesis I (from glutamate)|g__Citrobacter.s__Citrobacter_koseri	32.8619541185
PWY-5188: tetrapyrrole biosynthesis I (from glutamate)|g__Bilophila.s__Bilophila_wadsworthia	27.9943319510
PWY-5188: tetrapyrrole biosynthesis I (from glutamate)|g__Firmicutes_unclassified.s__Firmicutes_bacterium_CAG_41	27.3614237086
PWY-5188: tetrapyrrole biosynthesis I (from glutamate)|g__Eubacterium.s__Eubacterium_ramulus	24.9844806997
PWY-5188: tetrapyrrole biosynthesis I (from glutamate)|g__Blautia.s__Blautia_obeum	18.1511107428
PWY-5188: tetrapyrrole biosynthesis I (from glutamate)|g__Anaerotruncus.s__Anaerotruncus_colihominis	15.2574606699
PWY-5188: tetrapyrrole biosynthesis I (from glutamate)|g__Intestinibacter.s__Intestinibacter_bartlettii	14.8177477988
GLYCOLYSIS-E-D: superpathway of glycolysis and the Entner-Doudoroff pathway	2137.7836860973
GLYCOLYSIS-E-D: superpathway of glycolysis and the Entner-Doudoroff pathway|unclassified	59.1414004966
GLYCOLYSIS-E-D: superpathway of glycolysis and the Entner-Doudoroff pathway|g__Citrobacter.s__Citrobacter_koseri	30.5965904924
PWY-5030: L-histidine degradation III	2072.0197275475
PWY-5030: L-histidine degradation III|g__Bacteroides.s__Bacteroides_uniformis	721.0956583841
PWY-5030: L-histidine degradation III|g__Bacteroides.s__Bacteroides_massiliensis	277.8311210026
PWY-5030: L-histidine degradation III|g__Alistipes.s__Alistipes_finegoldii	258.2320264335
PWY-5030: L-histidine degradation III|g__Bacteroides.s__Bacteroides_vulgatus	229.0260530420
PWY-5030: L-histidine degradation III|g__Bacteroides.s__Bacteroides_thetaiotaomicron	151.2990857140
PWY-5030: L-histidine degradation III|g__Bacteroides.s__Bacteroides_dorei	92.2357670528
PWY-5030: L-histidine degradation III|g__Bacteroides.s__Bacteroides_faecis	90.6084559033
PWY-5030: L-histidine degradation III|unclassified	32.9453725125
PWY-5030: L-histidine degradation III|g__Alistipes.s__Alistipes_shahii	15.2985119270
PWY-5030: L-histidine degradation III|g__Bacteroides.s__Bacteroides_ovatus	14.5049784067
PWY-6936: seleno-amino acid biosynthesis (plants)	2059.3815001200
PWY-6936: seleno-amino acid biosynthesis (plants)|unclassified	303.4495373824
PWY-6936: seleno-amino acid biosynthesis (plants)|g__Blautia.s__Ruminococcus_torques	130.9392957691
PWY-6936: seleno-amino acid biosynthesis (plants)|g__Ruminococcus.s__Ruminococcus_callidus	124.8987015072
PWY-6936: seleno-amino acid biosynthesis (plants)|g__Streptococcus.s__Streptococcus_thermophilus	85.4938473198
PWY-6936: seleno-amino acid biosynthesis (plants)|g__Anaerostipes.s__Anaerostipes_hadrus	81.2252484670
PWY-6936: seleno-amino acid biosynthesis (plants)|g__Eubacterium.s__Eubacterium_sp_CAG_252	67.3405782470
PWY-6936: seleno-amino acid biosynthesis (plants)|g__Eubacterium.s__Eubacterium_sp_CAG_38	44.3082044517
PWY-6936: seleno-amino acid biosynthesis (plants)|g__Agathobaculum.s__Agathobaculum_butyriciproducens	40.9800159277
PWY-6936: seleno-amino acid biosynthesis (plants)|g__Citrobacter.s__Citrobacter_koseri	33.1875524964
PWY-6936: seleno-amino acid biosynthesis (plants)|g__Coprococcus.s__Coprococcus_comes	31.7282120392
PWY-6936: seleno-amino acid biosynthesis (plants)|g__Fusicatenibacter.s__Fusicatenibacter_saccharivorans	14.0227892525
PWY-6936: seleno-amino acid biosynthesis (plants)|g__Dorea.s__Dorea_formicigenerans	13.9480220134
PWY-6936: seleno-amino acid biosynthesis (plants)|g__Roseburia.s__Roseburia_sp_CAG_100	13.1186065795
PWY-7234: inosine-5'-phosphate biosynthesis III	1941.2306366727
PWY-7234: inosine-5'-phosphate biosynthesis III|g__Alistipes.s__Alistipes_finegoldii	422.5099894321
PWY-7234: inosine-5'-phosphate biosynthesis III|unclassified	219.4403241780
PWY-7234: inosine-5'-phosphate biosynthesis III|g__Sutterella.s__Sutterella_wadsworthensis	86.0538374630
PWY-7234: inosine-5'-phosphate biosynthesis III|g__Streptococcus.s__Streptococcus_thermophilus	46.1879653343
PWY-7234: inosine-5'-phosphate biosynthesis III|g__Bifidobacterium.s__Bifidobacterium_animalis	32.6272794818
PWY-7234: inosine-5'-phosphate biosynthesis III|g__Eubacterium.s__Eubacterium_sp_CAG_274	25.7628783293
PWY-7234: inosine-5'-phosphate biosynthesis III|g__Citrobacter.s__Citrobacter_koseri	22.8863772767
PWY-6353: purine nucleotides degradation II (aerobic)	1914.9217623194
PWY-6353: purine nucleotides degradation II (aerobic)|g__Blautia.s__Ruminococcus_torques	247.2966479203
PWY-6353: purine nucleotides degradation II (aerobic)|unclassified	105.5493482949
PWY-6353: purine nucleotides degradation II (aerobic)|g__Anaerostipes.s__Anaerostipes_hadrus	73.1812315317
PWY-6353: purine nucleotides degradation II (aerobic)|g__Blautia.s__Blautia_obeum	25.9961410018
PWY-6353: purine nucleotides degradation II (aerobic)|g__Anaerotruncus.s__Anaerotruncus_colihominis	13.8057124603
PWY-6353: purine nucleotides degradation II (aerobic)|g__Roseburia.s__Roseburia_intestinalis	7.6182315856
PWY0-1061: superpathway of L-alanine biosynthesis	1894.1228115306
PWY0-1061: superpathway of L-alanine biosynthesis|g__Blautia.s__Ruminococcus_torques	525.6714301121
PWY0-1061: superpathway of L-alanine biosynthesis|g__Lachnospiraceae_unclassified.s__Eubacterium_rectale	372.6880238667
PWY0-1061: superpathway of L-alanine biosynthesis|g__Citrobacter.s__Citrobacter_koseri	31.7926356403
PWY0-1061: superpathway of L-alanine biosynthesis|g__Bifidobacterium.s__Bifidobacterium_animalis	26.4332543154
PWY-621: sucrose degradation III (sucrose invertase)	1888.8136620840
PWY-621: sucrose degradation III (sucrose invertase)|g__Bacteroides.s__Bacteroides_thetaiotaomicron	216.8673906255
PWY-621: sucrose degradation III (sucrose invertase)|g__Faecalibacterium.s__Faecalibacterium_prausnitzii	214.5863020604
PWY-621: sucrose degradation III (sucrose invertase)|g__Anaerostipes.s__Anaerostipes_hadrus	111.8434132765
PWY-621: sucrose degradation III (sucrose invertase)|g__Streptococcus.s__Streptococcus_thermophilus	48.6620947088
PWY-621: sucrose degradation III (sucrose invertase)|g__Citrobacter.s__Citrobacter_koseri	26.3252407159
PWY-621: sucrose degradation III (sucrose invertase)|g__Roseburia.s__Roseburia_faecis	20.6542551782
PWY-621: sucrose degradation III (sucrose invertase)|g__Bacteroides.s__Bacteroides_ovatus	11.4928584289
PWY-621: sucrose degradation III (sucrose invertase)|unclassified	9.6906477039
PWY-621: sucrose degradation III (sucrose invertase)|g__Roseburia.s__Roseburia_intestinalis	6.6152578128
GLCMANNANAUT-PWY: superpathway of N-acetylglucosamine, N-acetylmannosamine and N-acetylneuraminate degradation	1815.9194901755
GLCMANNANAUT-PWY: superpathway of N-acetylglucosamine, N-acetylmannosamine and N-acetylneuraminate degradation|g__Faecalibacterium.s__Faecalibacterium_prausnitzii	134.3222892537
GLCMANNANAUT-PWY: superpathway of N-acetylglucosamine, N-acetylmannosamine and N-acetylneuraminate degradation|unclassified	96.7904228657
GLCMANNANAUT-PWY: superpathway of N-acetylglucosamine, N-acetylmannosamine and N-acetylneuraminate degradation|g__Citrobacter.s__Citrobacter_koseri	22.8651912876
GLCMANNANAUT-PWY: superpathway of N-acetylglucosamine, N-acetylmannosamine and N-acetylneuraminate degradation|g__Dorea.s__Dorea_longicatena	17.7623142544
PWY-8004: Entner-Doudoroff pathway I	1813.9448232373
PWY-8004: Entner-Doudoroff pathway I|g__Parabacteroides.s__Parabacteroides_distasonis	59.5732420262
PWY-8004: Entner-Doudoroff pathway I|unclassified	22.4647701126
PWY-8004: Entner-Doudoroff pathway I|g__Citrobacter.s__Citrobacter_koseri	20.2526282294
PWY-5384: sucrose degradation IV (sucrose phosphorylase)	1813.6258450463
PWY-5384: sucrose degradation IV (sucrose phosphorylase)|g__Bacteroides.s__Bacteroides_thetaiotaomicron	193.9456918664
PWY-5384: sucrose degradation IV (sucrose phosphorylase)|g__Faecalibacterium.s__Faecalibacterium_prausnitzii	174.1790011397
PWY-5384: sucrose degradation IV (sucrose phosphorylase)|g__Anaerostipes.s__Anaerostipes_hadrus	92.0930441071
PWY-5384: sucrose degradation IV (sucrose phosphorylase)|g__Bifidobacterium.s__Bifidobacterium_animalis	37.6673788936
PWY-5384: sucrose degradation IV (sucrose phosphorylase)|g__Citrobacter.s__Citrobacter_koseri	32.6951813955
PWY-5384: sucrose degradation IV (sucrose phosphorylase)|g__Streptococcus.s__Streptococcus_thermophilus	29.7872536161
PWY-5384: sucrose degradation IV (sucrose phosphorylase)|g__Roseburia.s__Roseburia_faecis	14.3928575228
PWY-5384: sucrose degradation IV (sucrose phosphorylase)|g__Bacteroides.s__Bacteroides_ovatus	11.2348413712
PWY-5384: sucrose degradation IV (sucrose phosphorylase)|unclassified	9.6797828360
PWY-5384: sucrose degradation IV (sucrose phosphorylase)|g__Roseburia.s__Roseburia_intestinalis	6.6180910498
METH-ACETATE-PWY: methanogenesis from acetate	1810.6009246560
METH-ACETATE-PWY: methanogenesis from acetate|g__Blautia.s__Blautia_wexlerae	160.2678417567
METH-ACETATE-PWY: methanogenesis from acetate|unclassified	147.5143626129
METH-ACETATE-PWY: methanogenesis from acetate|g__Blautia.s__Ruminococcus_torques	110.5981041631
METH-ACETATE-PWY: methanogenesis from acetate|g__Blautia.s__Blautia_sp	34.7915225933
METH-ACETATE-PWY: methanogenesis from acetate|g__Blautia.s__Blautia_obeum	30.1816410773
METH-ACETATE-PWY: methanogenesis from acetate|g__Fusicatenibacter.s__Fusicatenibacter_saccharivorans	29.5435453112
METH-ACETATE-PWY: methanogenesis from acetate|g__Ruminococcus.s__Ruminococcus_sp_AF31_8BH	18.1791240666
METH-ACETATE-PWY: methanogenesis from acetate|g__Blautia.s__Blautia_sp_AF19_10LB	4.9520980832
NAGLIPASYN-PWY: lipid IVA biosynthesis (E. coli)	1793.2638646792
NAGLIPASYN-PWY: lipid IVA biosynthesis (E. coli)|g__Bacteroides.s__Bacteroides_uniformis	638.9268745549
NAGLIPASYN-PWY: lipid IVA biosynthesis (E. coli)|g__Bacteroides.s__Bacteroides_cellulosilyticus	138.5205740167
NAGLIPASYN-PWY: lipid IVA biosynthesis (E. coli)|g__Sutterella.s__Sutterella_wadsworthensis	69.9714700023
NAGLIPASYN-PWY: lipid IVA biosynthesis (E. coli)|g__Citrobacter.s__Citrobacter_koseri	36.4253063728
NAGLIPASYN-PWY: lipid IVA biosynthesis (E. coli)|g__Bacteroides.s__Bacteroides_intestinalis	35.6483361591
PWY-8073: lipid IVA biosynthesis (P. putida)	1793.2638646792
PWY-8073: lipid IVA biosynthesis (P. putida)|g__Bacteroides.s__Bacteroides_uniformis	638.9268745549
PWY-8073: lipid IVA biosynthesis (P. putida)|g__Bacteroides.s__Bacteroides_cellulosilyticus	138.5205740167
PWY-8073: lipid IVA biosynthesis (P. putida)|g__Sutterella.s__Sutterella_wadsworthensis	69.9714700023
PWY-8073: lipid IVA biosynthesis (P. putida)|g__Citrobacter.s__Citrobacter_koseri	36.4253063728
PWY-8073: lipid IVA biosynthesis (P. putida)|g__Bacteroides.s__Bacteroides_intestinalis	35.6483361591
GLUCUROCAT-PWY: superpathway of &beta;-D-glucuronosides degradation	1743.1911821689
GLUCUROCAT-PWY: superpathway of &beta;-D-glucuronosides degradation|g__Faecalibacterium.s__Faecalibacterium_prausnitzii	470.1741668802
GLUCUROCAT-PWY: superpathway of &beta;-D-glucuronosides degradation|unclassified	324.8887508022
PWY-6608: guanosine nucleotides degradation III	1723.9293327895
PWY-6608: guanosine nucleotides degradation III|g__Faecalibacterium.s__Faecalibacterium_prausnitzii	514.7279340711
PWY-6608: guanosine nucleotides degradation III|g__Blautia.s__Ruminococcus_torques	512.5021325571
PWY-6608: guanosine nucleotides degradation III|g__Blautia.s__Blautia_obeum	125.1346611656
PWY-6608: guanosine nucleotides degradation III|unclassified	117.0645102760
PWY-6608: guanosine nucleotides degradation III|g__Blautia.s__Blautia_wexlerae	111.1345617865
PWY-6608: guanosine nucleotides degradation III|g__Anaerostipes.s__Anaerostipes_hadrus	107.5729231830
PWY-6608: guanosine nucleotides degradation III|g__Bacteroides.s__Bacteroides_caccae	63.0283389248
PWY-6608: guanosine nucleotides degradation III|g__Coprococcus.s__Coprococcus_catus	21.4955667154
PWY-6608: guanosine nucleotides degradation III|g__Bacteroides.s__Bacteroides_faecis	15.6069137843
PWY-6608: guanosine nucleotides degradation III|g__Anaerotruncus.s__Anaerotruncus_colihominis	15.4386124193
PWY-6608: guanosine nucleotides degradation III|g__Roseburia.s__Roseburia_intestinalis	8.5379669255
PWY-6608: guanosine nucleotides degradation III|g__Bacteroides.s__Bacteroides_ovatus	5.3242001301
PWY-6902: chitin degradation II (Vibrio)	1698.6619370548
PWY-6902: chitin degradation II (Vibrio)|g__Bacteroides.s__Bacteroides_uniformis	833.5184024974
PWY-6902: chitin degradation II (Vibrio)|g__Bacteroides.s__Bacteroides_thetaiotaomicron	231.4770131399
PWY-6902: chitin degradation II (Vibrio)|g__Bacteroides.s__Bacteroides_cellulosilyticus	204.2485267599
PWY-6902: chitin degradation II (Vibrio)|g__Bacteroides.s__Bacteroides_vulgatus	91.7224981894
PWY-6902: chitin degradation II (Vibrio)|g__Bacteroides.s__Bacteroides_intestinalis	67.0751439653
PWY-6902: chitin degradation II (Vibrio)|g__Bacteroides.s__Bacteroides_faecis	63.9820080040
PWY-6902: chitin degradation II (Vibrio)|g__Fusicatenibacter.s__Fusicatenibacter_saccharivorans	58.8227279049
PWY-6630: superpathway of L-tyrosine biosynthesis	1628.7217278160
PWY-6630: superpathway of L-tyrosine biosynthesis|unclassified	569.7494511197
PWY-6630: superpathway of L-tyrosine biosynthesis|g__Streptococcus.s__Streptococcus_thermophilus	35.4684363081
PWY-6630: superpathway of L-tyrosine biosynthesis|g__Bifidobacterium.s__Bifidobacterium_animalis	21.3063402177
PWY-6969: TCA cycle V (2-oxoglutarate synthase)	1596.9458364377
PWY-6969: TCA cycle V (2-oxoglutarate synthase)|unclassified	94.2994239680
PWY-6969: TCA cycle V (2-oxoglutarate synthase)|g__Citrobacter.s__Citrobacter_koseri	47.4962507177
PWY66-399: gluconeogenesis III	1596.4927434904
PWY66-399: gluconeogenesis III|unclassified	181.8690863270
GALACTUROCAT-PWY: D-galacturonate degradation I	1559.9572302007
GALACTUROCAT-PWY: D-galacturonate degradation I|g__Faecalibacterium.s__Faecalibacterium_prausnitzii	662.9835170286
GALACTUROCAT-PWY: D-galacturonate degradation I|unclassified	185.0247423120
GALACTUROCAT-PWY: D-galacturonate degradation I|g__Blautia.s__Ruminococcus_torques	47.2675629139
GALACTUROCAT-PWY: D-galacturonate degradation I|g__Clostridium.s__Clostridium_sp_CAG_58	16.2204387795
GALACTUROCAT-PWY: D-galacturonate degradation I|g__Alistipes.s__Alistipes_shahii	13.7999716760
GALACTUROCAT-PWY: D-galacturonate degradation I|g__Citrobacter.s__Citrobacter_koseri	11.5139013243
PWY-6305: superpathway of putrescine biosynthesis	1526.9936111783
PWY-6305: superpathway of putrescine biosynthesis|g__Citrobacter.s__Citrobacter_koseri	41.2955570512
PWY-6305: superpathway of putrescine biosynthesis|unclassified	23.0973495407
PWY-7383: anaerobic energy metabolism (invertebrates, cytosol)	1472.2886902755
PWY-7383: anaerobic energy metabolism (invertebrates, cytosol)|unclassified	346.1633569568
P441-PWY: superpathway of N-acetylneuraminate degradation	1471.9523497864
P441-PWY: superpathway of N-acetylneuraminate degradation|unclassified	91.6698611675
P441-PWY: superpathway of N-acetylneuraminate degradation|g__Citrobacter.s__Citrobacter_koseri	32.6573037852
ARG+POLYAMINE-SYN: superpathway of arginine and polyamine biosynthesis	1471.6421913134
ARG+POLYAMINE-SYN: superpathway of arginine and polyamine biosynthesis|unclassified	135.0277614599
ARG+POLYAMINE-SYN: superpathway of arginine and polyamine biosynthesis|g__Citrobacter.s__Citrobacter_koseri	34.2847176992
PWY-6507: 4-deoxy-L-threo-hex-4-enopyranuronate degradation	1463.9813982692
PWY-6507: 4-deoxy-L-threo-hex-4-enopyranuronate degradation|g__Faecalibacterium.s__Faecalibacterium_prausnitzii	621.9131830740
PWY-6507: 4-deoxy-L-threo-hex-4-enopyranuronate degradation|unclassified	287.6313452261
PWY-6507: 4-deoxy-L-threo-hex-4-enopyranuronate degradation|g__Citrobacter.s__Citrobacter_koseri	31.9020803377
PWY-7242: D-fructuronate degradation	1427.6745982565
PWY-7242: D-fructuronate degradation|g__Faecalibacterium.s__Faecalibacterium_prausnitzii	607.0508611127
PWY-7242: D-fructuronate degradation|unclassified	304.0949747210
PWY-7242: D-fructuronate degradation|g__Clostridium.s__Clostridium_sp_CAG_58	15.6187064905
PWY-7242: D-fructuronate degradation|g__Citrobacter.s__Citrobacter_koseri	10.4424535949
FERMENTATION-PWY: mixed acid fermentation	1407.8575539671
FERMENTATION-PWY: mixed acid fermentation|unclassified	247.3572923659
FERMENTATION-PWY: mixed acid fermentation|g__Citrobacter.s__Citrobacter_koseri	59.5017379156
PWY-7392: taxadiene biosynthesis (engineered)	1395.0379278426
PWY-7761: NAD salvage pathway II (PNC IV cycle)	1354.0792626678
PWY-7761: NAD salvage pathway II (PNC IV cycle)|unclassified	176.6505900095
PWY-7761: NAD salvage pathway II (PNC IV cycle)|g__Blautia.s__Blautia_obeum	89.4074222473
PWY66-409: superpathway of purine nucleotide salvage	1348.6018351904
PWY66-409: superpathway of purine nucleotide salvage|unclassified	156.9451004903
PWY66-409: superpathway of purine nucleotide salvage|g__Streptococcus.s__Streptococcus_thermophilus	45.1307489926
PWY66-409: superpathway of purine nucleotide salvage|g__Citrobacter.s__Citrobacter_koseri	33.2630130433
PWY-6292: superpathway of L-cysteine biosynthesis (mammalian)	1302.8328899717
PWY-6292: superpathway of L-cysteine biosynthesis (mammalian)|unclassified	184.2062641858
PWY-7315: dTDP-N-acetylthomosamine biosynthesis	1297.5777949609
PWY-7315: dTDP-N-acetylthomosamine biosynthesis|unclassified	891.4357097291
PWY-7315: dTDP-N-acetylthomosamine biosynthesis|g__Citrobacter.s__Citrobacter_koseri	46.2337362129
PWY-7315: dTDP-N-acetylthomosamine biosynthesis|g__Blautia.s__Blautia_sp_AF19_10LB	9.7736364367
FUC-RHAMCAT-PWY: superpathway of fucose and rhamnose degradation	1283.1613465519
FUC-RHAMCAT-PWY: superpathway of fucose and rhamnose degradation|unclassified	55.8342110946
FUC-RHAMCAT-PWY: superpathway of fucose and rhamnose degradation|g__Citrobacter.s__Citrobacter_koseri	41.7692559649
PWY0-1477: ethanolamine utilization	1224.0562002879
PWY0-1477: ethanolamine utilization|unclassified	113.7997103509
PWY0-1477: ethanolamine utilization|g__Citrobacter.s__Citrobacter_koseri	60.1367803592
PWY0-1477: ethanolamine utilization|g__Bilophila.s__Bilophila_wadsworthia	42.6131291622
PWY0-1477: ethanolamine utilization|g__Bifidobacterium.s__Bifidobacterium_animalis	25.4140844367
PWY0-1477: ethanolamine utilization|g__Coprococcus.s__Coprococcus_catus	13.7672909092
SALVADEHYPOX-PWY: adenosine nucleotides degradation II	1215.4057314466
SALVADEHYPOX-PWY: adenosine nucleotides degradation II|g__Faecalibacterium.s__Faecalibacterium_prausnitzii	498.3731222079
SALVADEHYPOX-PWY: adenosine nucleotides degradation II|g__Blautia.s__Ruminococcus_torques	143.8840313716
SALVADEHYPOX-PWY: adenosine nucleotides degradation II|g__Anaerostipes.s__Anaerostipes_hadrus	73.8526740340
SALVADEHYPOX-PWY: adenosine nucleotides degradation II|unclassified	59.3396228606
SALVADEHYPOX-PWY: adenosine nucleotides degradation II|g__Blautia.s__Blautia_obeum	18.7080198196
SALVADEHYPOX-PWY: adenosine nucleotides degradation II|g__Anaerotruncus.s__Anaerotruncus_colihominis	12.7617351297
SALVADEHYPOX-PWY: adenosine nucleotides degradation II|g__Roseburia.s__Roseburia_intestinalis	6.8648015936
PWY-7115: C4 photosynthetic carbon assimilation cycle, NAD-ME type	1212.3027697549
PWY-7115: C4 photosynthetic carbon assimilation cycle, NAD-ME type|g__Citrobacter.s__Citrobacter_koseri	39.6206534828
P42-PWY: incomplete reductive TCA cycle	1207.4357385560
PWY-1861: formaldehyde assimilation II (assimilatory RuMP Cycle)	1179.8556635951
PWY-1861: formaldehyde assimilation II (assimilatory RuMP Cycle)|g__Anaerostipes.s__Anaerostipes_hadrus	137.9766528775
PWY-1861: formaldehyde assimilation II (assimilatory RuMP Cycle)|unclassified	104.1924333105
PWY-1861: formaldehyde assimilation II (assimilatory RuMP Cycle)|g__Blautia.s__Blautia_obeum	32.2580866376
PWY-1861: formaldehyde assimilation II (assimilatory RuMP Cycle)|g__Citrobacter.s__Citrobacter_koseri	27.7017745793
PWY-I9: L-cysteine biosynthesis VI (from L-methionine)	1119.1990584098
PWY-I9: L-cysteine biosynthesis VI (from L-methionine)|g__Blautia.s__Ruminococcus_torques	349.5796446485
PWY-I9: L-cysteine biosynthesis VI (from L-methionine)|g__Anaerostipes.s__Anaerostipes_hadrus	75.4865141854
PWY-I9: L-cysteine biosynthesis VI (from L-methionine)|g__Streptococcus.s__Streptococcus_thermophilus	54.3854912769
PWY-I9: L-cysteine biosynthesis VI (from L-methionine)|unclassified	44.8843827394
PWY-I9: L-cysteine biosynthesis VI (from L-methionine)|g__Coprococcus.s__Coprococcus_comes	40.5126653712
PWY-I9: L-cysteine biosynthesis VI (from L-methionine)|g__Citrobacter.s__Citrobacter_koseri	26.0809154327
PWY-I9: L-cysteine biosynthesis VI (from L-methionine)|g__Bifidobacterium.s__Bifidobacterium_animalis	25.1609929780
PWY-I9: L-cysteine biosynthesis VI (from L-methionine)|g__Blautia.s__Blautia_obeum	22.6510466889
PWY-I9: L-cysteine biosynthesis VI (from L-methionine)|g__Ruminococcus.s__Ruminococcus_sp_AF31_8BH	5.4699557747
PWY-I9: L-cysteine biosynthesis VI (from L-methionine)|g__Blautia.s__Blautia_sp	5.0186495552
POLYISOPRENSYN-PWY: polyisoprenoid biosynthesis (E. coli)	1093.7727165979
POLYISOPRENSYN-PWY: polyisoprenoid biosynthesis (E. coli)|g__Citrobacter.s__Citrobacter_koseri	28.3559522790
PWY-6606: guanosine nucleotides degradation II	1060.9152320392
PWY-6606: guanosine nucleotides degradation II|g__Blautia.s__Ruminococcus_torques	158.7508966467
PWY-6606: guanosine nucleotides degradation II|g__Anaerostipes.s__Anaerostipes_hadrus	61.6623371392
PWY-6606: guanosine nucleotides degradation II|unclassified	55.1339092811
PWY-6606: guanosine nucleotides degradation II|g__Blautia.s__Blautia_obeum	21.8098279815
PWY-6606: guanosine nucleotides degradation II|g__Anaerotruncus.s__Anaerotruncus_colihominis	13.3826589656
PWY-6606: guanosine nucleotides degradation II|g__Roseburia.s__Roseburia_intestinalis	8.5379669255
PWY-5497: purine nucleobases degradation II (anaerobic)	1000.4552802517
PWY-5497: purine nucleobases degradation II (anaerobic)|unclassified	27.4339563489
PWY-8187: L-arginine degradation XIII (reductive Stickland reaction)	963.1291711738
PWY-8187: L-arginine degradation XIII (reductive Stickland reaction)|unclassified	402.7539607168
PWY-8187: L-arginine degradation XIII (reductive Stickland reaction)|g__Eubacterium.s__Eubacterium_ramulus	40.6291812483
PWY-8187: L-arginine degradation XIII (reductive Stickland reaction)|g__Odoribacter.s__Odoribacter_splanchnicus	40.2401538712
PWY-8187: L-arginine degradation XIII (reductive Stickland reaction)|g__Butyricimonas.s__Butyricimonas_virosa	24.8694225866
PWY-8187: L-arginine degradation XIII (reductive Stickland reaction)|g__Citrobacter.s__Citrobacter_koseri	23.0186526644
PWY-8187: L-arginine degradation XIII (reductive Stickland reaction)|g__Butyricimonas.s__Butyricimonas_synergistica	20.6945202356
PWY-8187: L-arginine degradation XIII (reductive Stickland reaction)|g__Senegalimassilia.s__Senegalimassilia_anaerobia	18.6156257747
PWY-6906: chitin derivatives degradation	933.7042381017
FUCCAT-PWY: fucose degradation	921.6501347434
FUCCAT-PWY: fucose degradation|unclassified	295.2836726279
FUCCAT-PWY: fucose degradation|g__Blautia.s__Ruminococcus_torques	225.7658746174
FUCCAT-PWY: fucose degradation|g__Citrobacter.s__Citrobacter_koseri	45.2554468322
FUCCAT-PWY: fucose degradation|g__Ruminococcus.s__Ruminococcus_sp_AF31_8BH	14.9415052561
FUCCAT-PWY: fucose degradation|g__Blautia.s__Blautia_sp	3.9561188595
PWY-6470: peptidoglycan biosynthesis V (&beta;-lactam resistance)	899.5064802197
PWY-6470: peptidoglycan biosynthesis V (&beta;-lactam resistance)|unclassified	224.5620904893
PWY-702: L-methionine biosynthesis II	899.2544617924
PWY-702: L-methionine biosynthesis II|g__Blautia.s__Ruminococcus_torques	138.0425332470
PWY-702: L-methionine biosynthesis II|g__Streptococcus.s__Streptococcus_thermophilus	58.2852792723
PWY-702: L-methionine biosynthesis II|unclassified	47.0032951288
PWY-702: L-methionine biosynthesis II|g__Citrobacter.s__Citrobacter_koseri	35.4373615813
PWY-702: L-methionine biosynthesis II|g__Bifidobacterium.s__Bifidobacterium_animalis	24.0989718666
PWY-4041: &gamma;-glutamyl cycle	864.9868707676
PWY-4041: &gamma;-glutamyl cycle|g__Citrobacter.s__Citrobacter_koseri	62.5409257699
PWY-4041: &gamma;-glutamyl cycle|g__Streptococcus.s__Streptococcus_thermophilus	36.8426056509
PWY-4041: &gamma;-glutamyl cycle|unclassified	24.5621137292
P164-PWY: purine nucleobases degradation I (anaerobic)	855.6826726091
P164-PWY: purine nucleobases degradation I (anaerobic)|unclassified	92.7888342787
POLYAMSYN-PWY: superpathway of polyamine biosynthesis I	822.8845654330
POLYAMSYN-PWY: superpathway of polyamine biosynthesis I|unclassified	79.0743473662
POLYAMSYN-PWY: superpathway of polyamine biosynthesis I|g__Citrobacter.s__Citrobacter_koseri	26.7963399121
PWY-5676: acetyl-CoA fermentation to butanoate II	792.2807743665
PWY-5676: acetyl-CoA fermentation to butanoate II|g__Anaerostipes.s__Anaerostipes_hadrus	110.8646353244
PWY-5676: acetyl-CoA fermentation to butanoate II|unclassified	64.0768728292
PWY-5676: acetyl-CoA fermentation to butanoate II|g__Coprococcus.s__Coprococcus_catus	23.8583298339
PWY-6590: superpathway of Clostridium acetobutylicum acidogenic fermentation	764.3156058948
PWY-5838: superpathway of menaquinol-8 biosynthesis I	751.3251911255
PWY-5838: superpathway of menaquinol-8 biosynthesis I|g__Citrobacter.s__Citrobacter_koseri	30.9722799971
PWY-6895: superpathway of thiamine diphosphate biosynthesis II	705.8931429986
PWY-6895: superpathway of thiamine diphosphate biosynthesis II|unclassified	58.2125207535
PWY-6895: superpathway of thiamine diphosphate biosynthesis II|g__Citrobacter.s__Citrobacter_koseri	37.2536832227
GLUDEG-I-PWY: GABA shunt	705.1141557971
PWY-6284: superpathway of unsaturated fatty acids biosynthesis (E. coli)	695.7789947834
PWY-6284: superpathway of unsaturated fatty acids biosynthesis (E. coli)|g__Citrobacter.s__Citrobacter_koseri	47.5284927550
PWY-5897: superpathway of menaquinol-11 biosynthesis	682.9275741320
PWY-5897: superpathway of menaquinol-11 biosynthesis|g__Citrobacter.s__Citrobacter_koseri	32.0193171879
PWY-5898: superpathway of menaquinol-12 biosynthesis	682.9275741320
PWY-5898: superpathway of menaquinol-12 biosynthesis|g__Citrobacter.s__Citrobacter_koseri	32.0193171879
PWY-5899: superpathway of menaquinol-13 biosynthesis	682.9275741320
PWY-5899: superpathway of menaquinol-13 biosynthesis|g__Citrobacter.s__Citrobacter_koseri	32.0193171879
PWY-5840: superpathway of menaquinol-7 biosynthesis	676.4520001812
PWY-5840: superpathway of menaquinol-7 biosynthesis|g__Citrobacter.s__Citrobacter_koseri	30.1558044748
PWY-5022: 4-aminobutanoate degradation V	669.6147174966
PWY-7211: superpathway of pyrimidine deoxyribonucleotides de novo biosynthesis	651.1049070918
PWY-7211: superpathway of pyrimidine deoxyribonucleotides de novo biosynthesis|unclassified	77.2913360691
DAPLYSINESYN-PWY: L-lysine biosynthesis I	650.5553630089
DAPLYSINESYN-PWY: L-lysine biosynthesis I|unclassified	142.9860477142
DAPLYSINESYN-PWY: L-lysine biosynthesis I|g__Citrobacter.s__Citrobacter_koseri	33.5332244187
DAPLYSINESYN-PWY: L-lysine biosynthesis I|g__Bifidobacterium.s__Bifidobacterium_animalis	24.4593435602
DAPLYSINESYN-PWY: L-lysine biosynthesis I|g__Bifidobacterium.s__Bifidobacterium_adolescentis	15.7964332448
P461-PWY: hexitol fermentation to lactate, formate, ethanol and acetate	640.8157313546
P461-PWY: hexitol fermentation to lactate, formate, ethanol and acetate|unclassified	185.2582653686
P461-PWY: hexitol fermentation to lactate, formate, ethanol and acetate|g__Anaerostipes.s__Anaerostipes_hadrus	150.0565102104
P461-PWY: hexitol fermentation to lactate, formate, ethanol and acetate|g__Citrobacter.s__Citrobacter_koseri	44.0726816896
PWY-6549: L-glutamine biosynthesis III	628.1343506841
PWY-6549: L-glutamine biosynthesis III|unclassified	89.8401756507
FOLSYN-PWY: superpathway of tetrahydrofolate biosynthesis and salvage	615.1144959474
CENTFERM-PWY: pyruvate fermentation to butanoate	605.5329557430
PWY-6859: all-trans-farnesol biosynthesis	603.1934470866
PWY-6859: all-trans-farnesol biosynthesis|g__Citrobacter.s__Citrobacter_koseri	22.3492953423
PWY-6285: superpathway of fatty acids biosynthesis (E. coli)	588.4774380615
PWY-6285: superpathway of fatty acids biosynthesis (E. coli)|g__Citrobacter.s__Citrobacter_koseri	49.2032641560
PWY0-1297: superpathway of purine deoxyribonucleosides degradation	556.6441238748
PWY0-1297: superpathway of purine deoxyribonucleosides degradation|g__Blautia.s__Ruminococcus_torques	179.9728262937
PWY0-1297: superpathway of purine deoxyribonucleosides degradation|unclassified	79.9675816761
PWY0-1297: superpathway of purine deoxyribonucleosides degradation|g__Streptococcus.s__Streptococcus_thermophilus	45.9863206157
PWY0-1297: superpathway of purine deoxyribonucleosides degradation|g__Citrobacter.s__Citrobacter_koseri	32.8697443911
PWY0-1297: superpathway of purine deoxyribonucleosides degradation|g__Coprococcus.s__Coprococcus_catus	15.2477734281
PWY0-1297: superpathway of purine deoxyribonucleosides degradation|g__Anaerotruncus.s__Anaerotruncus_colihominis	8.6903155625
PWY-7013: (S)-propane-1,2-diol degradation	544.2884467796
PWY-7013: (S)-propane-1,2-diol degradation|g__Eubacterium.s__Eubacterium_hallii	108.7337102633
PWY-7013: (S)-propane-1,2-diol degradation|g__Citrobacter.s__Citrobacter_koseri	101.8829584272
PWY-7013: (S)-propane-1,2-diol degradation|unclassified	34.5491507506
PRPP-PWY: superpathway of histidine, purine, and pyrimidine biosynthesis	536.4904635534
PWY-5861: superpathway of demethylmenaquinol-8 biosynthesis I	525.0392904897
PWY-5861: superpathway of demethylmenaquinol-8 biosynthesis I|g__Citrobacter.s__Citrobacter_koseri	23.1469103719
PWY-7198: pyrimidine deoxyribonucleotides de novo biosynthesis IV	505.4376128143
PWY-7198: pyrimidine deoxyribonucleotides de novo biosynthesis IV|unclassified	39.8573341845
PWY-7198: pyrimidine deoxyribonucleotides de novo biosynthesis IV|g__Citrobacter.s__Citrobacter_koseri	24.9222752864
PWY0-1479: tRNA processing	485.9249881462
PWY0-1479: tRNA processing|unclassified	54.8739174156
PWY0-1479: tRNA processing|g__Citrobacter.s__Citrobacter_koseri	35.6914771134
PWY0-781: aspartate superpathway	469.2443999429
PWY-6572: chondroitin sulfate degradation I (bacterial)	453.7854781476
PWY-6572: chondroitin sulfate degradation I (bacterial)|g__Bacteroides.s__Bacteroides_thetaiotaomicron	207.1730085101
P4-PWY: superpathway of L-lysine, L-threonine and L-methionine biosynthesis I	448.2454283476
P4-PWY: superpathway of L-lysine, L-threonine and L-methionine biosynthesis I|g__Citrobacter.s__Citrobacter_koseri	33.7235085381
PWY-7117: C4 photosynthetic carbon assimilation cycle, PEPCK type	445.5121752386
PWY-7117: C4 photosynthetic carbon assimilation cycle, PEPCK type|g__Citrobacter.s__Citrobacter_koseri	43.5479754794
PWY-5345: superpathway of L-methionine biosynthesis (by sulfhydrylation)	434.2103974743
PWY-5345: superpathway of L-methionine biosynthesis (by sulfhydrylation)|unclassified	44.7297488154
PPGPPMET-PWY: ppGpp metabolism	430.3582637665
PPGPPMET-PWY: ppGpp metabolism|unclassified	63.2656904880
PPGPPMET-PWY: ppGpp metabolism|g__Citrobacter.s__Citrobacter_koseri	43.9210564775
PWY-7210: pyrimidine deoxyribonucleotides biosynthesis from CTP	428.1560173882
PWY-7210: pyrimidine deoxyribonucleotides biosynthesis from CTP|unclassified	49.2172987311
PWY-7210: pyrimidine deoxyribonucleotides biosynthesis from CTP|g__Citrobacter.s__Citrobacter_koseri	29.3368514909
DENOVOPURINE2-PWY: superpathway of purine nucleotides de novo biosynthesis II	421.7166028622
DENOVOPURINE2-PWY: superpathway of purine nucleotides de novo biosynthesis II|g__Citrobacter.s__Citrobacter_koseri	36.1586985595
PWY-6612: superpathway of tetrahydrofolate biosynthesis	418.3126825050
PWY-8131: 5'-deoxyadenosine degradation II	411.3180378210
PWY-8131: 5'-deoxyadenosine degradation II|unclassified	82.0401342647
PWY-8131: 5'-deoxyadenosine degradation II|g__Citrobacter.s__Citrobacter_koseri	29.6171675714
PWY-8131: 5'-deoxyadenosine degradation II|g__Anaerotruncus.s__Anaerotruncus_colihominis	17.0664989944
PWY-7688: dTDP-&alpha;-D-ravidosamine and dTDP-4-acetyl-&alpha;-D-ravidosamine biosynthesis	410.3047636237
PWY-7688: dTDP-&alpha;-D-ravidosamine and dTDP-4-acetyl-&alpha;-D-ravidosamine biosynthesis|g__Bacteroides.s__Bacteroides_intestinalis	110.8798319235
PWY-7688: dTDP-&alpha;-D-ravidosamine and dTDP-4-acetyl-&alpha;-D-ravidosamine biosynthesis|g__Bacteroides.s__Bacteroides_cellulosilyticus	68.0850112589
PWY-7184: pyrimidine deoxyribonucleotides de novo biosynthesis I	395.5978886311
PWY-7184: pyrimidine deoxyribonucleotides de novo biosynthesis I|unclassified	47.1506271734
PWY-7184: pyrimidine deoxyribonucleotides de novo biosynthesis I|g__Citrobacter.s__Citrobacter_koseri	27.8030972253
PWY0-1241: ADP-L-glycero-&beta;-D-manno-heptose biosynthesis	395.3755834292
PWY0-1241: ADP-L-glycero-&beta;-D-manno-heptose biosynthesis|g__Phascolarctobacterium.s__Phascolarctobacterium_faecium	66.7165443950
PWY0-1241: ADP-L-glycero-&beta;-D-manno-heptose biosynthesis|g__Citrobacter.s__Citrobacter_koseri	25.8636434106
PWY-6545: pyrimidine deoxyribonucleotides de novo biosynthesis III	392.8307642457
PWY-6545: pyrimidine deoxyribonucleotides de novo biosynthesis III|unclassified	47.0104060494
PWY-6545: pyrimidine deoxyribonucleotides de novo biosynthesis III|g__Citrobacter.s__Citrobacter_koseri	26.8788014470
PWY-241: C4 photosynthetic carbon assimilation cycle, NADP-ME type	381.3703776696
PWY-7356: thiamine diphosphate salvage IV (yeast)	371.6668933378
PWY-7356: thiamine diphosphate salvage IV (yeast)|unclassified	145.0598366087
PWY-7356: thiamine diphosphate salvage IV (yeast)|g__Agathobaculum.s__Agathobaculum_butyriciproducens	37.2642905225
PWY-5130: 2-oxobutanoate degradation I	371.4352380781
PWY4LZ-257: superpathway of fermentation (Chlamydomonas reinhardtii)	365.9268429195
PWY4LZ-257: superpathway of fermentation (Chlamydomonas reinhardtii)|unclassified	58.1541955596
PWY4LZ-257: superpathway of fermentation (Chlamydomonas reinhardtii)|g__Citrobacter.s__Citrobacter_koseri	32.3799448891
SULFATE-CYS-PWY: superpathway of sulfate assimilation and cysteine biosynthesis	357.3108860731
SULFATE-CYS-PWY: superpathway of sulfate assimilation and cysteine biosynthesis|unclassified	36.4832821251
SULFATE-CYS-PWY: superpathway of sulfate assimilation and cysteine biosynthesis|g__Citrobacter.s__Citrobacter_koseri	28.8825027567
PWY-5347: superpathway of L-methionine biosynthesis (transsulfuration)	354.5537765736
PWY-5347: superpathway of L-methionine biosynthesis (transsulfuration)|g__Citrobacter.s__Citrobacter_koseri	47.1570567161
MET-SAM-PWY: superpathway of S-adenosyl-L-methionine biosynthesis	350.6378505466
MET-SAM-PWY: superpathway of S-adenosyl-L-methionine biosynthesis|g__Citrobacter.s__Citrobacter_koseri	39.3500447524
PWY0-1298: superpathway of pyrimidine deoxyribonucleosides degradation	341.5685266946
PWY0-1298: superpathway of pyrimidine deoxyribonucleosides degradation|g__Citrobacter.s__Citrobacter_koseri	29.7433493820
PWY0-1298: superpathway of pyrimidine deoxyribonucleosides degradation|unclassified	18.9665682666
PWY-7196: superpathway of pyrimidine ribonucleosides salvage	325.3382880283
LACTOSECAT-PWY: lactose and galactose degradation I	315.4736309726
LACTOSECAT-PWY: lactose and galactose degradation I|unclassified	146.5119875746
LACTOSECAT-PWY: lactose and galactose degradation I|g__Anaerostipes.s__Anaerostipes_hadrus	39.5458481803
LACTOSECAT-PWY: lactose and galactose degradation I|g__Lactococcus.s__Lactococcus_lactis	15.8035232491
METSYN-PWY: superpathway of L-homoserine and L-methionine biosynthesis	312.7558821046
METSYN-PWY: superpathway of L-homoserine and L-methionine biosynthesis|g__Citrobacter.s__Citrobacter_koseri	48.1144249742
TCA: TCA cycle I (prokaryotic)	311.2739717699
TCA: TCA cycle I (prokaryotic)|g__Citrobacter.s__Citrobacter_koseri	47.4962507177
P161-PWY: acetylene degradation (anaerobic)	297.4777290023
P161-PWY: acetylene degradation (anaerobic)|unclassified	52.2095632350
P161-PWY: acetylene degradation (anaerobic)|g__Bifidobacterium.s__Bifidobacterium_animalis	25.4140844367
P161-PWY: acetylene degradation (anaerobic)|g__Citrobacter.s__Citrobacter_koseri	21.6702760635
HEMESYN2-PWY: heme b biosynthesis II (oxygen-independent)	295.4922235174
HEMESYN2-PWY: heme b biosynthesis II (oxygen-independent)|g__Sutterella.s__Sutterella_wadsworthensis	72.6082855794
HEMESYN2-PWY: heme b biosynthesis II (oxygen-independent)|g__Citrobacter.s__Citrobacter_koseri	36.7792152793
HEMESYN2-PWY: heme b biosynthesis II (oxygen-independent)|unclassified	7.1108620910
PWY-5265: peptidoglycan biosynthesis II (staphylococci)	292.7741477285
GALACTARDEG-PWY: D-galactarate degradation I	292.5859052376
GALACTARDEG-PWY: D-galactarate degradation I|unclassified	9.0972206235
GLUCARGALACTSUPER-PWY: superpathway of D-glucarate and D-galactarate degradation	292.5859052376
GLUCARGALACTSUPER-PWY: superpathway of D-glucarate and D-galactarate degradation|unclassified	9.0972206235
PWY-7185: UTP and CTP dephosphorylation I	286.0144738837
PWY-7185: UTP and CTP dephosphorylation I|g__Citrobacter.s__Citrobacter_koseri	71.4943718969
PWY-7185: UTP and CTP dephosphorylation I|g__Faecalibacterium.s__Faecalibacterium_prausnitzii	41.0168254690
PWY-7185: UTP and CTP dephosphorylation I|unclassified	40.1235810052
P185-PWY: formaldehyde assimilation III (dihydroxyacetone cycle)	281.2608216149
P185-PWY: formaldehyde assimilation III (dihydroxyacetone cycle)|unclassified	61.9186665158
GALACT-GLUCUROCAT-PWY: superpathway of hexuronide and hexuronate degradation	275.3438309037
GALACT-GLUCUROCAT-PWY: superpathway of hexuronide and hexuronate degradation|unclassified	35.0797905142
PWY-5913: partial TCA cycle (obligate autotrophs)	269.4773401668
PWY-5913: partial TCA cycle (obligate autotrophs)|g__Citrobacter.s__Citrobacter_koseri	46.7007510463
PWY-5136: fatty acid &beta;-oxidation II (plant peroxisome)	254.0431793424
PWY-5136: fatty acid &beta;-oxidation II (plant peroxisome)|g__Citrobacter.s__Citrobacter_koseri	78.5076590314
PWY-5136: fatty acid &beta;-oxidation II (plant peroxisome)|g__Coprococcus.s__Coprococcus_catus	12.0447942963
PWY-5837: 2-carboxy-1,4-naphthoquinol biosynthesis	253.8705886784
PWY-5837: 2-carboxy-1,4-naphthoquinol biosynthesis|g__Citrobacter.s__Citrobacter_koseri	26.7950554139
PWY-5367: petroselinate biosynthesis	250.4438641594
PWY-5367: petroselinate biosynthesis|g__Blautia.s__Ruminococcus_torques	106.5626547505
PWY-5367: petroselinate biosynthesis|g__Citrobacter.s__Citrobacter_koseri	53.0018856148
GOLPDLCAT-PWY: superpathway of glycerol degradation to 1,3-propanediol	249.3215865061
GOLPDLCAT-PWY: superpathway of glycerol degradation to 1,3-propanediol|g__Blautia.s__Ruminococcus_torques	83.3587890931
GOLPDLCAT-PWY: superpathway of glycerol degradation to 1,3-propanediol|g__Anaerostipes.s__Anaerostipes_hadrus	79.1439979009
GOLPDLCAT-PWY: superpathway of glycerol degradation to 1,3-propanediol|unclassified	54.1709575181
GOLPDLCAT-PWY: superpathway of glycerol degradation to 1,3-propanediol|g__Eubacterium.s__Eubacterium_hallii	32.2323709176
PWY-7883: anhydromuropeptides recycling II	238.8000030567
PWY-7883: anhydromuropeptides recycling II|g__Citrobacter.s__Citrobacter_koseri	24.6418724420
PYRIDNUCSAL-PWY: NAD salvage pathway I (PNC VI cycle)	233.2047270996
PWY-6588: pyruvate fermentation to acetone	231.9635049357
PWY-6588: pyruvate fermentation to acetone|g__Eubacterium.s__Eubacterium_ramulus	46.2487967361
PWY-5005: biotin biosynthesis II	227.4900349963
PWY-5005: biotin biosynthesis II|g__Phascolarctobacterium.s__Phascolarctobacterium_faecium	60.8474981926
PWY-5005: biotin biosynthesis II|g__Blautia.s__Ruminococcus_torques	45.8973517453
PWY-622: starch biosynthesis	222.2420464057
POLYAMINSYN3-PWY: superpathway of polyamine biosynthesis II	218.9528083038
P108-PWY: pyruvate fermentation to propanoate I	217.2469107272
PWY-5845: superpathway of menaquinol-9 biosynthesis	205.6983355626
PWY-5845: superpathway of menaquinol-9 biosynthesis|g__Citrobacter.s__Citrobacter_koseri	30.1558044748
PWY-5850: superpathway of menaquinol-6 biosynthesis	205.6983355626
PWY-5850: superpathway of menaquinol-6 biosynthesis|g__Citrobacter.s__Citrobacter_koseri	30.1558044748
PWY-5896: superpathway of menaquinol-10 biosynthesis	205.6983355626
PWY-5896: superpathway of menaquinol-10 biosynthesis|g__Citrobacter.s__Citrobacter_koseri	30.1558044748
PWY-7254: TCA cycle VII (acetate-producers)	200.8080595558
PWY1ZNC-1: assimilatory sulfate reduction IV	195.0599751772
PWY1ZNC-1: assimilatory sulfate reduction IV|g__Eubacterium.s__Eubacterium_hallii	43.0983636131
PWY1ZNC-1: assimilatory sulfate reduction IV|g__Citrobacter.s__Citrobacter_koseri	28.1483478388
PWY1ZNC-1: assimilatory sulfate reduction IV|unclassified	23.7337969884
FAO-PWY: fatty acid &beta;-oxidation I (generic)	194.2710804861
FAO-PWY: fatty acid &beta;-oxidation I (generic)|g__Citrobacter.s__Citrobacter_koseri	80.7830920316
HEME-BIOSYNTHESIS-II: heme b biosynthesis I (aerobic)	193.7995543514
HEME-BIOSYNTHESIS-II: heme b biosynthesis I (aerobic)|g__Citrobacter.s__Citrobacter_koseri	16.3812210990
HOMOSER-METSYN-PWY: L-methionine biosynthesis I	181.4125452535
HOMOSER-METSYN-PWY: L-methionine biosynthesis I|g__Citrobacter.s__Citrobacter_koseri	36.3981528563
PWY3O-4107: NAD salvage pathway V (PNC V cycle)	177.7329726715
RUMP-PWY: formaldehyde oxidation I	176.7354370375
SO4ASSIM-PWY: assimilatory sulfate reduction I	166.1694573737
SO4ASSIM-PWY: assimilatory sulfate reduction I|g__Citrobacter.s__Citrobacter_koseri	48.4864033182
SO4ASSIM-PWY: assimilatory sulfate reduction I|unclassified	16.7626346076
PWY-821: superpathway of sulfur amino acid biosynthesis (Saccharomyces cerevisiae)	159.9304351951
P124-PWY: Bifidobacterium shunt	157.0661570475
GLUCARDEG-PWY: D-glucarate degradation I	154.3954206132
GLUCARDEG-PWY: D-glucarate degradation I|unclassified	8.4557994317
PWY-6531: mannitol cycle	151.8083017143
PWY-6531: mannitol cycle|g__Citrobacter.s__Citrobacter_koseri	35.6078974014
PWY-6531: mannitol cycle|unclassified	5.7214244052
P23-PWY: reductive TCA cycle I	147.2153129696
PWY-5981: CDP-diacylglycerol biosynthesis III	142.4821175268
PWY-5981: CDP-diacylglycerol biosynthesis III|g__Streptococcus.s__Streptococcus_thermophilus	42.5382277093
PWY-5981: CDP-diacylglycerol biosynthesis III|g__Citrobacter.s__Citrobacter_koseri	35.4456020476
PWY-5860: superpathway of demethylmenaquinol-6 biosynthesis I	138.8815773887
PWY-5860: superpathway of demethylmenaquinol-6 biosynthesis I|g__Citrobacter.s__Citrobacter_koseri	22.4650571598
PWY-5862: superpathway of demethylmenaquinol-9 biosynthesis	138.8815773887
PWY-5862: superpathway of demethylmenaquinol-9 biosynthesis|g__Citrobacter.s__Citrobacter_koseri	22.4650571598
PWY66-430: myristate biosynthesis (mitochondria)	133.7410337897
PWY66-430: myristate biosynthesis (mitochondria)|g__Bifidobacterium.s__Bifidobacterium_animalis	39.9599995527
PWY-6607: guanosine nucleotides degradation I	129.8121816443
PWY-6607: guanosine nucleotides degradation I|unclassified	19.4681322653
PWY-7388: octanoyl-[acyl-carrier protein] biosynthesis (mitochondria, yeast)	129.4641171487
PWY-7388: octanoyl-[acyl-carrier protein] biosynthesis (mitochondria, yeast)|g__Bifidobacterium.s__Bifidobacterium_animalis	39.4461970159
PWY-6595: superpathway of guanosine nucleotides degradation (plants)	128.9158518484
PWY-6595: superpathway of guanosine nucleotides degradation (plants)|unclassified	19.3314323838
REDCITCYC: TCA cycle VI (Helicobacter)	122.1430265164
PWY-5994: palmitate biosynthesis (type I fatty acid synthase)	119.6409072702
PWY-7942: 5-oxo-L-proline metabolism	116.6859658801
PWY-7942: 5-oxo-L-proline metabolism|g__Citrobacter.s__Citrobacter_koseri	22.5714485848
PWY-561: superpathway of glyoxylate cycle and fatty acid degradation	115.8988413063
PWY-561: superpathway of glyoxylate cycle and fatty acid degradation|g__Citrobacter.s__Citrobacter_koseri	47.5323136848
PWY-6293: superpathway of L-cysteine biosynthesis (fungi)	114.5764621584
TCA-GLYOX-BYPASS: superpathway of glyoxylate bypass and TCA	104.6100191178
TCA-GLYOX-BYPASS: superpathway of glyoxylate bypass and TCA|g__Citrobacter.s__Citrobacter_koseri	44.5545308804
GLYOXYLATE-BYPASS: glyoxylate cycle	103.9894545627
GLYOXYLATE-BYPASS: glyoxylate cycle|g__Citrobacter.s__Citrobacter_koseri	44.1447979048
PWY0-301: L-ascorbate degradation I (bacterial, anaerobic)	102.2572371950
PWY0-301: L-ascorbate degradation I (bacterial, anaerobic)|g__Citrobacter.s__Citrobacter_koseri	47.0674082058
PWY0-301: L-ascorbate degradation I (bacterial, anaerobic)|unclassified	35.4423963752
PWY-6961: L-ascorbate degradation II (bacterial, aerobic)	101.6463147637
PWY-6961: L-ascorbate degradation II (bacterial, aerobic)|g__Citrobacter.s__Citrobacter_koseri	48.6934296104
PWY-6961: L-ascorbate degradation II (bacterial, aerobic)|unclassified	21.4668578031
P105-PWY: TCA cycle IV (2-oxoglutarate decarboxylase)	97.7425205814
P105-PWY: TCA cycle IV (2-oxoglutarate decarboxylase)|g__Citrobacter.s__Citrobacter_koseri	36.3406181218
P105-PWY: TCA cycle IV (2-oxoglutarate decarboxylase)|unclassified	23.3419224610
ORNDEG-PWY: superpathway of ornithine degradation	95.8015057424
ORNDEG-PWY: superpathway of ornithine degradation|g__Citrobacter.s__Citrobacter_koseri	57.4205160747
P122-PWY: heterolactic fermentation	95.4267676079
P122-PWY: heterolactic fermentation|g__Citrobacter.s__Citrobacter_koseri	18.3227002511
PWY-5138: fatty acid &beta;-oxidation IV (unsaturated, even number)	93.6017680136
PWY-5138: fatty acid &beta;-oxidation IV (unsaturated, even number)|g__Citrobacter.s__Citrobacter_koseri	58.0194934073
GLYCOLYSIS-TCA-GLYOX-BYPASS: superpathway of glycolysis, pyruvate dehydrogenase, TCA, and glyoxylate bypass	92.4777727290
GLYCOLYSIS-TCA-GLYOX-BYPASS: superpathway of glycolysis, pyruvate dehydrogenase, TCA, and glyoxylate bypass|g__Citrobacter.s__Citrobacter_koseri	35.1580822303
PWY-6922: L-N&delta;-acetylornithine biosynthesis	92.1252415204
PWY-6922: L-N&delta;-acetylornithine biosynthesis|unclassified	14.0642637937
PWY-5723: Rubisco shunt	91.4267142359
PWY-5723: Rubisco shunt|g__Citrobacter.s__Citrobacter_koseri	51.8426486142
PWY-5464: superpathway of cytosolic glycolysis (plants), pyruvate dehydrogenase and TCA cycle	89.1638477671
PWY-7992: superpathway of menaquinol-8 biosynthesis III	87.6570679250
PWY-7992: superpathway of menaquinol-8 biosynthesis III|unclassified	29.3105117043
PWY-7094: fatty acid salvage	86.1018550644
PWY-7094: fatty acid salvage|g__Citrobacter.s__Citrobacter_koseri	48.0458496945
PWY0-1337: oleate &beta;-oxidation	80.6689332937
PWY0-1337: oleate &beta;-oxidation|g__Citrobacter.s__Citrobacter_koseri	50.0450904499
METHGLYUT-PWY: superpathway of methylglyoxal degradation	80.4945508895
HEXITOLDEGSUPER-PWY: superpathway of hexitol degradation (bacteria)	80.1254160214
PROTOCATECHUATE-ORTHO-CLEAVAGE-PWY: protocatechuate degradation II (ortho-cleavage pathway)	75.9047730920
NAD-BIOSYNTHESIS-II: NAD salvage pathway III (to nicotinamide riboside)	75.5083458924
NAD-BIOSYNTHESIS-II: NAD salvage pathway III (to nicotinamide riboside)|g__Citrobacter.s__Citrobacter_koseri	41.6344675984
PWY-5690: TCA cycle II (plants and fungi)	72.0261554852
ECASYN-PWY: enterobacterial common antigen biosynthesis	71.9486693483
ECASYN-PWY: enterobacterial common antigen biosynthesis|g__Citrobacter.s__Citrobacter_koseri	36.9295581917
PWY-801: homocysteine and cysteine interconversion	69.7110980882
PWY-7858: (5Z)-dodecenoate biosynthesis II	68.5763484997
PWY-7858: (5Z)-dodecenoate biosynthesis II|g__Citrobacter.s__Citrobacter_koseri	37.3800907418
PWY-5104: L-isoleucine biosynthesis IV	67.7384555834
P621-PWY: nylon-6 oligomer degradation	66.6046059733
PWY-6992: 1,5-anhydrofructose degradation	65.1098216411
PWY-6992: 1,5-anhydrofructose degradation|g__Citrobacter.s__Citrobacter_koseri	30.5112775251
PWY0-166: superpathway of pyrimidine deoxyribonucleotides de novo biosynthesis (E. coli)	63.9979117269
PWY0-166: superpathway of pyrimidine deoxyribonucleotides de novo biosynthesis (E. coli)|g__Citrobacter.s__Citrobacter_koseri	20.9288801829
PWY0-1415: superpathway of heme b biosynthesis from uroporphyrinogen-III	61.7602123228
PWY0-1415: superpathway of heme b biosynthesis from uroporphyrinogen-III|g__Citrobacter.s__Citrobacter_koseri	33.0620260050
HEME-BIOSYNTHESIS-II-1: heme b biosynthesis V (aerobic)	60.0899471319
HEME-BIOSYNTHESIS-II-1: heme b biosynthesis V (aerobic)|g__Citrobacter.s__Citrobacter_koseri	31.1168689261
PWY-6807: xyloglucan degradation II (exoglucanase)	56.9867847588
P125-PWY: superpathway of (R,R)-butanediol biosynthesis	56.5020630499
P125-PWY: superpathway of (R,R)-butanediol biosynthesis|g__Streptococcus.s__Streptococcus_thermophilus	47.8187564634
PWY-7118: chitin deacetylation	55.2415192329
PWY-7118: chitin deacetylation|g__Citrobacter.s__Citrobacter_koseri	40.0570489254
KDO-NAGLIPASYN-PWY: superpathway of (Kdo)2-lipid A biosynthesis	51.1344012799
KDO-NAGLIPASYN-PWY: superpathway of (Kdo)2-lipid A biosynthesis|g__Citrobacter.s__Citrobacter_koseri	31.4546407628
PWY-6803: phosphatidylcholine acyl editing	49.6577627215
PWY-6803: phosphatidylcholine acyl editing|g__Citrobacter.s__Citrobacter_koseri	29.7507001270
PWY-5855: ubiquinol-7 biosynthesis (early decarboxylation)	49.4455585892
PWY-5855: ubiquinol-7 biosynthesis (early decarboxylation)|g__Citrobacter.s__Citrobacter_koseri	32.3205894379
PWY-5918: superpathway of heme b biosynthesis from glutamate	49.1156602731
PWY-7187: pyrimidine deoxyribonucleotides de novo biosynthesis II	48.6811988425
PWY-7187: pyrimidine deoxyribonucleotides de novo biosynthesis II|g__Citrobacter.s__Citrobacter_koseri	20.1896753372
PWY-822: fructan biosynthesis	47.4315710536
PWY-822: fructan biosynthesis|g__Streptococcus.s__Streptococcus_thermophilus	47.4315710536
PWY-5392: reductive TCA cycle II	43.7989614723
PWY-7209: superpathway of pyrimidine ribonucleosides degradation	42.0188064686
PWY-7446: sulfoquinovose degradation I	33.7444778458
PWY-7446: sulfoquinovose degradation I|g__Citrobacter.s__Citrobacter_koseri	33.7444778458
PWY-7371: 1,4-dihydroxy-6-naphthoate biosynthesis II	33.4112308207
PWY-7371: 1,4-dihydroxy-6-naphthoate biosynthesis II|unclassified	22.4815359569
CRNFORCAT-PWY: creatinine degradation I	31.6556212682
PWY0-42: 2-methylcitrate cycle I	29.1218908372
PWY0-42: 2-methylcitrate cycle I|g__Citrobacter.s__Citrobacter_koseri	26.7459897143
PWY-6396: superpathway of 2,3-butanediol biosynthesis	26.5633480769
AEROBACTINSYN-PWY: aerobactin biosynthesis	26.5355145186
AEROBACTINSYN-PWY: aerobactin biosynthesis|g__Citrobacter.s__Citrobacter_koseri	26.5355145186
PWY-5920: superpathway of heme b biosynthesis from glycine	26.3143400041
PWY-5747: 2-methylcitrate cycle II	26.2774475608
PWY-5747: 2-methylcitrate cycle II|g__Citrobacter.s__Citrobacter_koseri	24.3274673816
LIPASYN-PWY: phospholipases	24.9692212546
LIPASYN-PWY: phospholipases|unclassified	4.5638968693
CARNMET-PWY: L-carnitine degradation I	24.9038509757
CARNMET-PWY: L-carnitine degradation I|g__Citrobacter.s__Citrobacter_koseri	24.9038509757
AST-PWY: L-arginine degradation II (AST pathway)	24.7109639973
AST-PWY: L-arginine degradation II (AST pathway)|g__Citrobacter.s__Citrobacter_koseri	24.7109639973
GALACTITOLCAT-PWY: galactitol degradation	23.7383666200
PWY-5675: nitrate reduction V (assimilatory)	23.7080978732
PWY-5675: nitrate reduction V (assimilatory)|g__Citrobacter.s__Citrobacter_koseri	18.9342784953
PWY-5189: tetrapyrrole biosynthesis II (from glycine)	20.3705252735
PWY-5189: tetrapyrrole biosynthesis II (from glycine)|g__Blautia.s__Blautia_obeum	14.1570293680
PWY0-461: L-lysine degradation I	18.9260623832
PWY0-461: L-lysine degradation I|g__Citrobacter.s__Citrobacter_koseri	15.3665403316
PWY1G-0: mycothiol biosynthesis	16.1676765226
KETOGLUCONMET-PWY: ketogluconate metabolism	14.6334298065
KETOGLUCONMET-PWY: ketogluconate metabolism|g__Citrobacter.s__Citrobacter_koseri	12.3095879069
PWY490-3: nitrate reduction VI (assimilatory)	13.1011078767
PWY490-3: nitrate reduction VI (assimilatory)|unclassified	8.8299059762
PWY-5972: stearate biosynthesis I (animals)	12.8489444688
PWY-6562: norspermidine biosynthesis	12.3300081148
PWY-5004: superpathway of L-citrulline metabolism	10.4053791138
PWY-5004: superpathway of L-citrulline metabolism|unclassified	9.3075542529
PWY-7783: plasmalogen degradation	7.7172312274