# Pathway	CRSAFR-001-Cosmic_53_Abundance
UNMAPPED	5007385.6150446860
UNINTEGRATED	17931396.4322041161
UNINTEGRATED|unclassified	1723292.4472143573
UNINTEGRATED|g__Proteobacteria_unclassified.s__Proteobacteria_bacterium_CAG_495	1228768.2256575250
UNINTEGRATED|g__Faecalibacterium.s__Faecalibacterium_prausnitzii	1132957.0950591092
UNINTEGRATED|g__Blautia.s__Ruminococcus_torques	943251.5254648300
UNINTEGRATED|g__Blautia.s__Blautia_obeum	717229.6667663632
UNINTEGRATED|g__Fusicatenibacter.s__Fusicatenibacter_saccharivorans	685113.6098201844
UNINTEGRATED|g__Bacteroides.s__Bacteroides_vulgatus	622091.3136608674
UNINTEGRATED|g__Ruminococcus.s__Ruminococcus_sp_CAG_353	539995.4158415057
UNINTEGRATED|g__Bacteroides.s__Bacteroides_dorei	527314.7064436517
UNINTEGRATED|g__Bacteroides.s__Bacteroides_stercorirosoris	501530.8711031778
UNINTEGRATED|g__Alistipes.s__Alistipes_putredinis	435262.4701595857
UNINTEGRATED|g__Blautia.s__Blautia_wexlerae	431414.6139616363
UNINTEGRATED|g__Lachnospiraceae_unclassified.s__Eubacterium_rectale	422000.9062448191
UNINTEGRATED|g__Alistipes.s__Alistipes_finegoldii	371992.5311508596
UNINTEGRATED|g__Roseburia.s__Roseburia_intestinalis	329616.6402849388
UNINTEGRATED|g__Bacteroides.s__Bacteroides_uniformis	305429.5951375071
UNINTEGRATED|g__Parabacteroides.s__Parabacteroides_distasonis	274147.8296126036
UNINTEGRATED|g__Subdoligranulum.s__Subdoligranulum_sp_APC924_74	262871.7210086258
UNINTEGRATED|g__Anaerotruncus.s__Anaerotruncus_sp_CAG_528	259766.9401638735
UNINTEGRATED|g__Bacteroides.s__Bacteroides_cellulosilyticus	258454.2648723669
UNINTEGRATED|g__Ruminococcus.s__Ruminococcus_sp_CAG_254	244607.9917289122
UNINTEGRATED|g__Ruminococcus.s__Ruminococcus_bromii	238979.9948284637
UNINTEGRATED|g__Barnesiella.s__Barnesiella_intestinihominis	230577.8899040555
UNINTEGRATED|g__Candidatus_Gastranaerophilales_unclassified.s__Candidatus_Gastranaerophilales_bacterium_HUM_10	202935.0077744497
UNINTEGRATED|g__Bacteroides.s__Bacteroides_thetaiotaomicron	176145.0666578525
UNINTEGRATED|g__Dorea.s__Dorea_longicatena	166843.6010678614
UNINTEGRATED|g__Eubacterium.s__Eubacterium_hallii	163332.0460912584
UNINTEGRATED|g__Coprococcus.s__Coprococcus_comes	161955.2257545601
UNINTEGRATED|g__Eubacterium.s__Eubacterium_eligens	159889.8437143941
UNINTEGRATED|g__Dorea.s__Dorea_formicigenerans	157827.9949616370
UNINTEGRATED|g__Parabacteroides.s__Parabacteroides_merdae	142232.9095085642
UNINTEGRATED|g__Bacteroides.s__Bacteroides_ovatus	141272.5766803391
UNINTEGRATED|g__Sutterella.s__Sutterella_wadsworthensis	136379.4064931313
UNINTEGRATED|g__Anaerostipes.s__Anaerostipes_hadrus	121259.0371540635
UNINTEGRATED|g__Bacteroides.s__Bacteroides_clarus	114967.3133149653
UNINTEGRATED|g__Acetobacter.s__Acetobacter_sp_CAG_267	113929.6398669092
UNINTEGRATED|g__Bacteroides.s__Bacteroides_intestinalis	103057.0386754085
UNINTEGRATED|g__Bacteroides.s__Bacteroides_caccae	101749.0535133131
UNINTEGRATED|g__Roseburia.s__Roseburia_inulinivorans	94808.7548856055
UNINTEGRATED|g__Azospirillum.s__Azospirillum_sp_CAG_260	85795.2068896495
UNINTEGRATED|g__Blautia.s__Ruminococcus_gnavus	83654.0982127372
UNINTEGRATED|g__Roseburia.s__Roseburia_sp_CAG_100	74558.5610814803
UNINTEGRATED|g__Eubacterium.s__Eubacterium_ramulus	74050.3148853394
UNINTEGRATED|g__Odoribacter.s__Odoribacter_splanchnicus	72321.0782309350
UNINTEGRATED|g__Blautia.s__Blautia_sp_AF19_10LB	64781.3076321275
UNINTEGRATED|g__Eubacterium.s__Eubacterium_sp_CAG_252	62334.1714490583
UNINTEGRATED|g__Agathobaculum.s__Agathobaculum_butyriciproducens	62270.5920990524
UNINTEGRATED|g__Roseburia.s__Roseburia_hominis	56472.3586741837
UNINTEGRATED|g__Hungatella.s__Hungatella_hathewayi	55980.0628382994
UNINTEGRATED|g__Flavonifractor.s__Flavonifractor_plautii	55368.3860163709
UNINTEGRATED|g__Clostridium.s__Clostridium_sp_CAG_253	53185.5034581695
UNINTEGRATED|g__Firmicutes_unclassified.s__Firmicutes_bacterium_AF16_15	51729.0041358962
UNINTEGRATED|g__Alistipes.s__Alistipes_onderdonkii	49244.7260857418
UNINTEGRATED|g__Clostridium.s__Clostridium_sp_AM22_11AC	46068.9308983232
UNINTEGRATED|g__Firmicutes_unclassified.s__Firmicutes_bacterium_CAG_41	44682.8444244522
UNINTEGRATED|g__Bacteroides.s__Bacteroides_xylanisolvens	43511.4412205491
UNINTEGRATED|g__Eisenbergiella.s__Eisenbergiella_massiliensis	42697.0218991879
UNINTEGRATED|g__Ruminococcus.s__Ruminococcus_bicirculans	39189.3800699893
UNINTEGRATED|g__Streptococcus.s__Streptococcus_thermophilus	36717.7770976031
UNINTEGRATED|g__Roseburia.s__Roseburia_faecis	35133.3615272735
UNINTEGRATED|g__Akkermansia.s__Akkermansia_muciniphila	34368.3372627152
UNINTEGRATED|g__Gemmiger.s__Gemmiger_formicilis	32272.5591868354
UNINTEGRATED|g__Bilophila.s__Bilophila_wadsworthia	31057.2819517736
UNINTEGRATED|g__Parabacteroides.s__Parabacteroides_gordonii	30993.1594898783
UNINTEGRATED|g__Blautia.s__Blautia_sp	30745.7467555378
UNINTEGRATED|g__Eisenbergiella.s__Eisenbergiella_tayi	24220.5379895229
UNINTEGRATED|g__Butyricimonas.s__Butyricimonas_synergistica	23148.2792840930
UNINTEGRATED|g__Alistipes.s__Alistipes_timonensis	22991.7704147171
UNINTEGRATED|g__Lachnoclostridium.s__Clostridium_symbiosum	20596.4229106128
UNINTEGRATED|g__Blautia.s__Blautia_sp_CAG_52	19596.3894260862
UNINTEGRATED|g__Firmicutes_unclassified.s__Firmicutes_bacterium_CAG_83	17590.2917912569
UNINTEGRATED|g__Coprobacter.s__Coprobacter_fastidiosus	15714.3801916593
UNINTEGRATED|g__Senegalimassilia.s__Senegalimassilia_anaerobia	15311.2496570862
UNINTEGRATED|g__Lawsonibacter.s__Lawsonibacter_asaccharolyticus	15287.4799357411
UNINTEGRATED|g__Eubacterium.s__Eubacterium_sp_CAG_274	15221.9940793083
UNINTEGRATED|g__Monoglobus.s__Monoglobus_pectinilyticus	13847.3456265761
UNINTEGRATED|g__Firmicutes_unclassified.s__Firmicutes_bacterium_CAG_102	13608.9670042061
UNINTEGRATED|g__Candidatus_Gastranaerophilales_unclassified.s__Candidatus_Gastranaerophilales_bacterium_HUM_21	12937.3364172607
UNINTEGRATED|g__Bifidobacterium.s__Bifidobacterium_longum	11081.2066466051
UNINTEGRATED|g__Eubacterium.s__Eubacterium_sp_AF17_7	10609.2845487310
UNINTEGRATED|g__Firmicutes_unclassified.s__Firmicutes_bacterium_CAG_124	9952.4797648317
UNINTEGRATED|g__Asaccharobacter.s__Asaccharobacter_celatus	9383.3319608851
UNINTEGRATED|g__Erysipelatoclostridium.s__Clostridium_spiroforme	8832.3996926691
UNINTEGRATED|g__Coprobacter.s__Coprobacter_secundus	8623.1784168429
UNINTEGRATED|g__Eubacterium.s__Eubacterium_sp_CAG_38	7403.2122643057
UNINTEGRATED|g__Eubacterium.s__Eubacterium_sp_CAG_192	7200.5140680083
UNINTEGRATED|g__Eubacterium.s__Eubacterium_sp_CAG_115	6780.4217623334
UNINTEGRATED|g__Clostridium.s__Clostridium_sp_CAG_230	6624.5989559489
UNINTEGRATED|g__Blautia.s__Blautia_producta	6549.6669450177
UNINTEGRATED|g__Oscillibacter.s__Oscillibacter_sp_57_20	6111.9753469359
UNINTEGRATED|g__Bacteroides.s__Bacteroides_stercoris	4902.4607611876
UNINTEGRATED|g__Streptococcus.s__Streptococcus_pneumoniae	4553.6313319396
UNINTEGRATED|g__Adlercreutzia.s__Adlercreutzia_equolifaciens	4527.9133553890
UNINTEGRATED|g__Clostridium.s__Clostridium_sp_CAG_273	4096.1741430412
UNINTEGRATED|g__Streptococcus.s__Streptococcus_salivarius	4056.8108540776
UNINTEGRATED|g__Lachnoclostridium.s__Clostridium_lavalense	4038.9643543164
UNINTEGRATED|g__Firmicutes_unclassified.s__Firmicutes_bacterium_CAG_129	3497.7797031009
UNINTEGRATED|g__Roseburia.s__Roseburia_sp_CAG_197	2919.2502271492
UNINTEGRATED|g__Eggerthella.s__Eggerthella_sp_CAG_209	2522.5557228923
UNINTEGRATED|g__Ruminococcus.s__Ruminococcus_sp_CAG_177	2267.0556183348
PWY-7238: sucrose biosynthesis II	20817.7111656339
PWY-7238: sucrose biosynthesis II|unclassified	2253.9906496402
PWY-7238: sucrose biosynthesis II|g__Proteobacteria_unclassified.s__Proteobacteria_bacterium_CAG_495	2067.1528756615
PWY-7238: sucrose biosynthesis II|g__Faecalibacterium.s__Faecalibacterium_prausnitzii	2026.2957918908
PWY-7238: sucrose biosynthesis II|g__Blautia.s__Ruminococcus_torques	1908.8637053222
PWY-7238: sucrose biosynthesis II|g__Blautia.s__Blautia_obeum	1305.0479321913
PWY-7238: sucrose biosynthesis II|g__Fusicatenibacter.s__Fusicatenibacter_saccharivorans	889.0040190310
PWY-7238: sucrose biosynthesis II|g__Ruminococcus.s__Ruminococcus_sp_CAG_353	742.8302641457
PWY-7238: sucrose biosynthesis II|g__Blautia.s__Blautia_wexlerae	711.0099289619
PWY-7238: sucrose biosynthesis II|g__Ruminococcus.s__Ruminococcus_sp_CAG_254	676.3986974472
PWY-7238: sucrose biosynthesis II|g__Anaerotruncus.s__Anaerotruncus_sp_CAG_528	636.0513313112
PWY-7238: sucrose biosynthesis II|g__Ruminococcus.s__Ruminococcus_bromii	567.7031522281
PWY-7238: sucrose biosynthesis II|g__Subdoligranulum.s__Subdoligranulum_sp_APC924_74	560.2160330214
PWY-7238: sucrose biosynthesis II|g__Lachnospiraceae_unclassified.s__Eubacterium_rectale	527.7168220191
PWY-7238: sucrose biosynthesis II|g__Acetobacter.s__Acetobacter_sp_CAG_267	391.5565960414
PWY-7238: sucrose biosynthesis II|g__Bacteroides.s__Bacteroides_stercorirosoris	386.1705357105
PWY-7238: sucrose biosynthesis II|g__Roseburia.s__Roseburia_intestinalis	274.9863367060
PWY-7238: sucrose biosynthesis II|g__Eubacterium.s__Eubacterium_hallii	226.7610526547
PWY-7238: sucrose biosynthesis II|g__Eubacterium.s__Eubacterium_eligens	158.0919614459
PWY-7238: sucrose biosynthesis II|g__Dorea.s__Dorea_longicatena	156.8803001237
PWY-7238: sucrose biosynthesis II|g__Bacteroides.s__Bacteroides_uniformis	136.9076992693
PWY-7238: sucrose biosynthesis II|g__Azospirillum.s__Azospirillum_sp_CAG_260	126.7045524779
PWY-7238: sucrose biosynthesis II|g__Clostridium.s__Clostridium_sp_CAG_253	123.0199853967
PWY-7238: sucrose biosynthesis II|g__Bacteroides.s__Bacteroides_cellulosilyticus	116.6092578623
PWY-7238: sucrose biosynthesis II|g__Roseburia.s__Roseburia_sp_CAG_100	106.8786849417
PWY-7238: sucrose biosynthesis II|g__Anaerostipes.s__Anaerostipes_hadrus	102.9435892218
PWY-7238: sucrose biosynthesis II|g__Eubacterium.s__Eubacterium_sp_CAG_252	101.5047024495
PWY-7238: sucrose biosynthesis II|g__Bacteroides.s__Bacteroides_clarus	100.4784170487
PWY-7238: sucrose biosynthesis II|g__Dorea.s__Dorea_formicigenerans	90.2054116523
PWY-7238: sucrose biosynthesis II|g__Gemmiger.s__Gemmiger_formicilis	84.0896394981
PWY-7238: sucrose biosynthesis II|g__Eubacterium.s__Eubacterium_ramulus	71.7153960197
PWY-7238: sucrose biosynthesis II|g__Agathobaculum.s__Agathobaculum_butyriciproducens	66.0458186075
PWY-7238: sucrose biosynthesis II|g__Bacteroides.s__Bacteroides_thetaiotaomicron	65.4530934605
PWY-7238: sucrose biosynthesis II|g__Blautia.s__Blautia_sp_CAG_52	62.9657339800
PWY-7238: sucrose biosynthesis II|g__Coprococcus.s__Coprococcus_comes	62.8416544301
PWY-7238: sucrose biosynthesis II|g__Blautia.s__Blautia_sp	61.2129324585
PWY-7238: sucrose biosynthesis II|g__Blautia.s__Blautia_sp_AF19_10LB	57.2664103224
PWY-7238: sucrose biosynthesis II|g__Ruminococcus.s__Ruminococcus_bicirculans	56.6822543820
PWY-7238: sucrose biosynthesis II|g__Firmicutes_unclassified.s__Firmicutes_bacterium_AF16_15	55.2492091463
PWY-7238: sucrose biosynthesis II|g__Roseburia.s__Roseburia_inulinivorans	52.6154515572
PWY-7238: sucrose biosynthesis II|g__Firmicutes_unclassified.s__Firmicutes_bacterium_CAG_41	49.3290433730
PWY-7238: sucrose biosynthesis II|g__Clostridium.s__Clostridium_sp_AM22_11AC	42.0259173848
PWY-7238: sucrose biosynthesis II|g__Bacteroides.s__Bacteroides_intestinalis	41.1260094511
PWY-7238: sucrose biosynthesis II|g__Firmicutes_unclassified.s__Firmicutes_bacterium_CAG_83	35.2198376508
PWY-7238: sucrose biosynthesis II|g__Streptococcus.s__Streptococcus_thermophilus	33.9123661363
PWY-7238: sucrose biosynthesis II|g__Eubacterium.s__Eubacterium_sp_CAG_274	33.7749674292
PWY-7238: sucrose biosynthesis II|g__Eubacterium.s__Eubacterium_sp_CAG_38	30.1118220911
PWY-7238: sucrose biosynthesis II|g__Roseburia.s__Roseburia_faecis	26.8985192261
PWY-7238: sucrose biosynthesis II|g__Eisenbergiella.s__Eisenbergiella_massiliensis	25.8435127217
PWY-7238: sucrose biosynthesis II|g__Eubacterium.s__Eubacterium_sp_CAG_115	24.8953355684
PWY-7238: sucrose biosynthesis II|g__Firmicutes_unclassified.s__Firmicutes_bacterium_CAG_102	23.9837789498
PWY-7238: sucrose biosynthesis II|g__Eubacterium.s__Eubacterium_sp_CAG_192	20.7371043473
PWY-7238: sucrose biosynthesis II|g__Lawsonibacter.s__Lawsonibacter_asaccharolyticus	14.1726017400
PWY-7238: sucrose biosynthesis II|g__Firmicutes_unclassified.s__Firmicutes_bacterium_CAG_124	12.9849897596
PWY-7238: sucrose biosynthesis II|g__Blautia.s__Ruminococcus_gnavus	11.9664518309
PWY-7238: sucrose biosynthesis II|g__Lachnoclostridium.s__Clostridium_symbiosum	10.1536872970
PWY-7238: sucrose biosynthesis II|g__Clostridium.s__Clostridium_sp_CAG_230	8.1493266072
PWY-7238: sucrose biosynthesis II|g__Eisenbergiella.s__Eisenbergiella_tayi	5.8708008988
PWY-7238: sucrose biosynthesis II|g__Blautia.s__Blautia_producta	4.6049084203
PWY-7238: sucrose biosynthesis II|g__Lachnoclostridium.s__Clostridium_lavalense	4.2322773782
PWY-7238: sucrose biosynthesis II|g__Bacteroides.s__Bacteroides_stercoris	3.0692367067
DTDPRHAMSYN-PWY: dTDP-&beta;-L-rhamnose biosynthesis	17293.1929935767
DTDPRHAMSYN-PWY: dTDP-&beta;-L-rhamnose biosynthesis|g__Proteobacteria_unclassified.s__Proteobacteria_bacterium_CAG_495	2415.7036250083
DTDPRHAMSYN-PWY: dTDP-&beta;-L-rhamnose biosynthesis|unclassified	1950.2716979250
DTDPRHAMSYN-PWY: dTDP-&beta;-L-rhamnose biosynthesis|g__Faecalibacterium.s__Faecalibacterium_prausnitzii	1080.2011879733
DTDPRHAMSYN-PWY: dTDP-&beta;-L-rhamnose biosynthesis|g__Alistipes.s__Alistipes_finegoldii	929.7967505378
DTDPRHAMSYN-PWY: dTDP-&beta;-L-rhamnose biosynthesis|g__Fusicatenibacter.s__Fusicatenibacter_saccharivorans	761.9944118781
DTDPRHAMSYN-PWY: dTDP-&beta;-L-rhamnose biosynthesis|g__Ruminococcus.s__Ruminococcus_sp_CAG_353	707.8785835506
DTDPRHAMSYN-PWY: dTDP-&beta;-L-rhamnose biosynthesis|g__Blautia.s__Blautia_obeum	691.0979157143
DTDPRHAMSYN-PWY: dTDP-&beta;-L-rhamnose biosynthesis|g__Blautia.s__Ruminococcus_torques	575.9726216425
DTDPRHAMSYN-PWY: dTDP-&beta;-L-rhamnose biosynthesis|g__Bacteroides.s__Bacteroides_stercorirosoris	574.7928790574
DTDPRHAMSYN-PWY: dTDP-&beta;-L-rhamnose biosynthesis|g__Blautia.s__Blautia_wexlerae	560.7188215113
DTDPRHAMSYN-PWY: dTDP-&beta;-L-rhamnose biosynthesis|g__Bacteroides.s__Bacteroides_vulgatus	540.6357390843
DTDPRHAMSYN-PWY: dTDP-&beta;-L-rhamnose biosynthesis|g__Bacteroides.s__Bacteroides_dorei	510.0977231753
DTDPRHAMSYN-PWY: dTDP-&beta;-L-rhamnose biosynthesis|g__Alistipes.s__Alistipes_putredinis	450.1867379108
DTDPRHAMSYN-PWY: dTDP-&beta;-L-rhamnose biosynthesis|g__Subdoligranulum.s__Subdoligranulum_sp_APC924_74	416.9678920202
DTDPRHAMSYN-PWY: dTDP-&beta;-L-rhamnose biosynthesis|g__Roseburia.s__Roseburia_intestinalis	331.9316273474
DTDPRHAMSYN-PWY: dTDP-&beta;-L-rhamnose biosynthesis|g__Acetobacter.s__Acetobacter_sp_CAG_267	328.9143347148
DTDPRHAMSYN-PWY: dTDP-&beta;-L-rhamnose biosynthesis|g__Lachnospiraceae_unclassified.s__Eubacterium_rectale	325.5924234606
DTDPRHAMSYN-PWY: dTDP-&beta;-L-rhamnose biosynthesis|g__Barnesiella.s__Barnesiella_intestinihominis	323.3181890375
DTDPRHAMSYN-PWY: dTDP-&beta;-L-rhamnose biosynthesis|g__Candidatus_Gastranaerophilales_unclassified.s__Candidatus_Gastranaerophilales_bacterium_HUM_10	235.4462987116
DTDPRHAMSYN-PWY: dTDP-&beta;-L-rhamnose biosynthesis|g__Sutterella.s__Sutterella_wadsworthensis	227.5403692024
DTDPRHAMSYN-PWY: dTDP-&beta;-L-rhamnose biosynthesis|g__Bacteroides.s__Bacteroides_cellulosilyticus	220.6588971886
DTDPRHAMSYN-PWY: dTDP-&beta;-L-rhamnose biosynthesis|g__Bacteroides.s__Bacteroides_uniformis	190.0937638976
DTDPRHAMSYN-PWY: dTDP-&beta;-L-rhamnose biosynthesis|g__Parabacteroides.s__Parabacteroides_distasonis	177.7869296430
DTDPRHAMSYN-PWY: dTDP-&beta;-L-rhamnose biosynthesis|g__Bacteroides.s__Bacteroides_thetaiotaomicron	159.5855729053
DTDPRHAMSYN-PWY: dTDP-&beta;-L-rhamnose biosynthesis|g__Eubacterium.s__Eubacterium_eligens	158.7644680732
DTDPRHAMSYN-PWY: dTDP-&beta;-L-rhamnose biosynthesis|g__Alistipes.s__Alistipes_onderdonkii	144.4490973526
DTDPRHAMSYN-PWY: dTDP-&beta;-L-rhamnose biosynthesis|g__Coprococcus.s__Coprococcus_comes	143.5785101746
DTDPRHAMSYN-PWY: dTDP-&beta;-L-rhamnose biosynthesis|g__Azospirillum.s__Azospirillum_sp_CAG_260	111.0504573074
DTDPRHAMSYN-PWY: dTDP-&beta;-L-rhamnose biosynthesis|g__Eubacterium.s__Eubacterium_hallii	106.9505418221
DTDPRHAMSYN-PWY: dTDP-&beta;-L-rhamnose biosynthesis|g__Odoribacter.s__Odoribacter_splanchnicus	105.1693257031
DTDPRHAMSYN-PWY: dTDP-&beta;-L-rhamnose biosynthesis|g__Gemmiger.s__Gemmiger_formicilis	94.1333216681
DTDPRHAMSYN-PWY: dTDP-&beta;-L-rhamnose biosynthesis|g__Anaerostipes.s__Anaerostipes_hadrus	86.4752203517
DTDPRHAMSYN-PWY: dTDP-&beta;-L-rhamnose biosynthesis|g__Eubacterium.s__Eubacterium_sp_CAG_252	85.2200269280
DTDPRHAMSYN-PWY: dTDP-&beta;-L-rhamnose biosynthesis|g__Roseburia.s__Roseburia_sp_CAG_100	78.6743859311
DTDPRHAMSYN-PWY: dTDP-&beta;-L-rhamnose biosynthesis|g__Bacteroides.s__Bacteroides_clarus	75.1901728814
DTDPRHAMSYN-PWY: dTDP-&beta;-L-rhamnose biosynthesis|g__Bacteroides.s__Bacteroides_ovatus	69.1407621219
DTDPRHAMSYN-PWY: dTDP-&beta;-L-rhamnose biosynthesis|g__Bacteroides.s__Bacteroides_intestinalis	62.6001095283
DTDPRHAMSYN-PWY: dTDP-&beta;-L-rhamnose biosynthesis|g__Alistipes.s__Alistipes_timonensis	61.5363195227
DTDPRHAMSYN-PWY: dTDP-&beta;-L-rhamnose biosynthesis|g__Parabacteroides.s__Parabacteroides_merdae	59.9906162344
DTDPRHAMSYN-PWY: dTDP-&beta;-L-rhamnose biosynthesis|g__Clostridium.s__Clostridium_sp_CAG_253	56.5318357990
DTDPRHAMSYN-PWY: dTDP-&beta;-L-rhamnose biosynthesis|g__Dorea.s__Dorea_formicigenerans	46.9085137984
DTDPRHAMSYN-PWY: dTDP-&beta;-L-rhamnose biosynthesis|g__Blautia.s__Blautia_sp_AF19_10LB	46.7290608072
DTDPRHAMSYN-PWY: dTDP-&beta;-L-rhamnose biosynthesis|g__Bacteroides.s__Bacteroides_caccae	40.1214568442
DTDPRHAMSYN-PWY: dTDP-&beta;-L-rhamnose biosynthesis|g__Firmicutes_unclassified.s__Firmicutes_bacterium_AF16_15	39.2016164859
DTDPRHAMSYN-PWY: dTDP-&beta;-L-rhamnose biosynthesis|g__Bilophila.s__Bilophila_wadsworthia	35.8240051594
DTDPRHAMSYN-PWY: dTDP-&beta;-L-rhamnose biosynthesis|g__Coprobacter.s__Coprobacter_fastidiosus	35.4003414711
DTDPRHAMSYN-PWY: dTDP-&beta;-L-rhamnose biosynthesis|g__Eubacterium.s__Eubacterium_sp_CAG_274	31.7992064965
DTDPRHAMSYN-PWY: dTDP-&beta;-L-rhamnose biosynthesis|g__Parabacteroides.s__Parabacteroides_gordonii	30.2135809684
DTDPRHAMSYN-PWY: dTDP-&beta;-L-rhamnose biosynthesis|g__Akkermansia.s__Akkermansia_muciniphila	27.6784833751
DTDPRHAMSYN-PWY: dTDP-&beta;-L-rhamnose biosynthesis|g__Roseburia.s__Roseburia_inulinivorans	25.1311150768
DTDPRHAMSYN-PWY: dTDP-&beta;-L-rhamnose biosynthesis|g__Eisenbergiella.s__Eisenbergiella_massiliensis	23.1361257098
DTDPRHAMSYN-PWY: dTDP-&beta;-L-rhamnose biosynthesis|g__Butyricimonas.s__Butyricimonas_synergistica	22.5417828632
DTDPRHAMSYN-PWY: dTDP-&beta;-L-rhamnose biosynthesis|g__Blautia.s__Blautia_sp	22.4933870704
DTDPRHAMSYN-PWY: dTDP-&beta;-L-rhamnose biosynthesis|g__Lachnoclostridium.s__Clostridium_symbiosum	21.5510423327
DTDPRHAMSYN-PWY: dTDP-&beta;-L-rhamnose biosynthesis|g__Blautia.s__Blautia_sp_CAG_52	20.9992786968
DTDPRHAMSYN-PWY: dTDP-&beta;-L-rhamnose biosynthesis|g__Streptococcus.s__Streptococcus_thermophilus	19.1968975359
DTDPRHAMSYN-PWY: dTDP-&beta;-L-rhamnose biosynthesis|g__Clostridium.s__Clostridium_sp_CAG_230	17.4231321305
DTDPRHAMSYN-PWY: dTDP-&beta;-L-rhamnose biosynthesis|g__Erysipelatoclostridium.s__Clostridium_spiroforme	17.0997048998
DTDPRHAMSYN-PWY: dTDP-&beta;-L-rhamnose biosynthesis|g__Eubacterium.s__Eubacterium_sp_CAG_38	15.0108131639
DTDPRHAMSYN-PWY: dTDP-&beta;-L-rhamnose biosynthesis|g__Candidatus_Gastranaerophilales_unclassified.s__Candidatus_Gastranaerophilales_bacterium_HUM_21	12.5699699561
DTDPRHAMSYN-PWY: dTDP-&beta;-L-rhamnose biosynthesis|g__Roseburia.s__Roseburia_faecis	12.1670053912
DTDPRHAMSYN-PWY: dTDP-&beta;-L-rhamnose biosynthesis|g__Bacteroides.s__Bacteroides_xylanisolvens	9.9064840715
DTDPRHAMSYN-PWY: dTDP-&beta;-L-rhamnose biosynthesis|g__Eubacterium.s__Eubacterium_sp_AF17_7	8.8370037639
DTDPRHAMSYN-PWY: dTDP-&beta;-L-rhamnose biosynthesis|g__Dorea.s__Dorea_longicatena	6.6331549765
DTDPRHAMSYN-PWY: dTDP-&beta;-L-rhamnose biosynthesis|g__Roseburia.s__Roseburia_hominis	5.3702374991
PWY-1042: glycolysis IV	16302.5311253063
PWY-1042: glycolysis IV|g__Proteobacteria_unclassified.s__Proteobacteria_bacterium_CAG_495	2094.3250269806
PWY-1042: glycolysis IV|g__Blautia.s__Ruminococcus_torques	1418.8070290268
PWY-1042: glycolysis IV|g__Faecalibacterium.s__Faecalibacterium_prausnitzii	1193.3493639642
PWY-1042: glycolysis IV|unclassified	1088.5232541830
PWY-1042: glycolysis IV|g__Fusicatenibacter.s__Fusicatenibacter_saccharivorans	764.0492759021
PWY-1042: glycolysis IV|g__Bacteroides.s__Bacteroides_dorei	504.8018217581
PWY-1042: glycolysis IV|g__Blautia.s__Blautia_wexlerae	476.2589671721
PWY-1042: glycolysis IV|g__Alistipes.s__Alistipes_putredinis	442.6667388912
PWY-1042: glycolysis IV|g__Bacteroides.s__Bacteroides_vulgatus	414.4506827747
PWY-1042: glycolysis IV|g__Acetobacter.s__Acetobacter_sp_CAG_267	252.8309973473
PWY-1042: glycolysis IV|g__Anaerostipes.s__Anaerostipes_hadrus	201.9858753656
PWY-1042: glycolysis IV|g__Lachnospiraceae_unclassified.s__Eubacterium_rectale	200.1308100338
PWY-1042: glycolysis IV|g__Roseburia.s__Roseburia_intestinalis	191.0454352247
PWY-1042: glycolysis IV|g__Eubacterium.s__Eubacterium_hallii	179.6690975122
PWY-1042: glycolysis IV|g__Eubacterium.s__Eubacterium_eligens	138.3019656553
PWY-1042: glycolysis IV|g__Azospirillum.s__Azospirillum_sp_CAG_260	120.4278144978
PWY-1042: glycolysis IV|g__Dorea.s__Dorea_longicatena	103.6723426509
PWY-1042: glycolysis IV|g__Clostridium.s__Clostridium_sp_CAG_253	94.9403293954
PWY-1042: glycolysis IV|g__Blautia.s__Blautia_sp	81.7064718179
PWY-1042: glycolysis IV|g__Blautia.s__Blautia_sp_AF19_10LB	64.2134686459
PWY-1042: glycolysis IV|g__Agathobaculum.s__Agathobaculum_butyriciproducens	60.7680058747
PWY-1042: glycolysis IV|g__Dorea.s__Dorea_formicigenerans	58.2862890811
PWY-1042: glycolysis IV|g__Blautia.s__Blautia_obeum	54.1217013004
PWY-1042: glycolysis IV|g__Coprococcus.s__Coprococcus_comes	53.1776283034
PWY-1042: glycolysis IV|g__Ruminococcus.s__Ruminococcus_bicirculans	44.4740633410
PWY-1042: glycolysis IV|g__Alistipes.s__Alistipes_timonensis	36.3307079822
PWY-1042: glycolysis IV|g__Clostridium.s__Clostridium_sp_AM22_11AC	35.5206843132
PWY-1042: glycolysis IV|g__Bacteroides.s__Bacteroides_caccae	31.1453238668
PWY-1042: glycolysis IV|g__Blautia.s__Blautia_sp_CAG_52	28.7418462648
PWY-1042: glycolysis IV|g__Streptococcus.s__Streptococcus_thermophilus	26.2099245474
PWY-1042: glycolysis IV|g__Roseburia.s__Roseburia_inulinivorans	24.5416575839
PWY-1042: glycolysis IV|g__Roseburia.s__Roseburia_faecis	18.3197580283
PWY-1042: glycolysis IV|g__Lachnoclostridium.s__Clostridium_symbiosum	10.7714508411
PWY-1042: glycolysis IV|g__Roseburia.s__Roseburia_hominis	5.4906798875
GLYCOGENSYNTH-PWY: glycogen biosynthesis I (from ADP-D-Glucose)	16189.4124721111
GLYCOGENSYNTH-PWY: glycogen biosynthesis I (from ADP-D-Glucose)|unclassified	1966.3146351918
GLYCOGENSYNTH-PWY: glycogen biosynthesis I (from ADP-D-Glucose)|g__Blautia.s__Ruminococcus_torques	1515.4978682597
GLYCOGENSYNTH-PWY: glycogen biosynthesis I (from ADP-D-Glucose)|g__Faecalibacterium.s__Faecalibacterium_prausnitzii	1466.3659556036
GLYCOGENSYNTH-PWY: glycogen biosynthesis I (from ADP-D-Glucose)|g__Fusicatenibacter.s__Fusicatenibacter_saccharivorans	1408.0568106722
GLYCOGENSYNTH-PWY: glycogen biosynthesis I (from ADP-D-Glucose)|g__Blautia.s__Blautia_obeum	908.4888248284
GLYCOGENSYNTH-PWY: glycogen biosynthesis I (from ADP-D-Glucose)|g__Ruminococcus.s__Ruminococcus_sp_CAG_353	866.9325379608
GLYCOGENSYNTH-PWY: glycogen biosynthesis I (from ADP-D-Glucose)|g__Blautia.s__Blautia_wexlerae	700.8047434593
GLYCOGENSYNTH-PWY: glycogen biosynthesis I (from ADP-D-Glucose)|g__Ruminococcus.s__Ruminococcus_bromii	554.5876795924
GLYCOGENSYNTH-PWY: glycogen biosynthesis I (from ADP-D-Glucose)|g__Anaerotruncus.s__Anaerotruncus_sp_CAG_528	548.2180348334
GLYCOGENSYNTH-PWY: glycogen biosynthesis I (from ADP-D-Glucose)|g__Ruminococcus.s__Ruminococcus_sp_CAG_254	374.7103839748
GLYCOGENSYNTH-PWY: glycogen biosynthesis I (from ADP-D-Glucose)|g__Subdoligranulum.s__Subdoligranulum_sp_APC924_74	341.9193167157
GLYCOGENSYNTH-PWY: glycogen biosynthesis I (from ADP-D-Glucose)|g__Eubacterium.s__Eubacterium_hallii	251.6526556220
GLYCOGENSYNTH-PWY: glycogen biosynthesis I (from ADP-D-Glucose)|g__Roseburia.s__Roseburia_intestinalis	250.7621722036
GLYCOGENSYNTH-PWY: glycogen biosynthesis I (from ADP-D-Glucose)|g__Lachnospiraceae_unclassified.s__Eubacterium_rectale	246.8450280884
GLYCOGENSYNTH-PWY: glycogen biosynthesis I (from ADP-D-Glucose)|g__Candidatus_Gastranaerophilales_unclassified.s__Candidatus_Gastranaerophilales_bacterium_HUM_10	230.9821448353
GLYCOGENSYNTH-PWY: glycogen biosynthesis I (from ADP-D-Glucose)|g__Anaerostipes.s__Anaerostipes_hadrus	176.3887339236
GLYCOGENSYNTH-PWY: glycogen biosynthesis I (from ADP-D-Glucose)|g__Coprococcus.s__Coprococcus_comes	169.9060291294
GLYCOGENSYNTH-PWY: glycogen biosynthesis I (from ADP-D-Glucose)|g__Dorea.s__Dorea_longicatena	169.6204476569
GLYCOGENSYNTH-PWY: glycogen biosynthesis I (from ADP-D-Glucose)|g__Eubacterium.s__Eubacterium_eligens	130.6525367358
GLYCOGENSYNTH-PWY: glycogen biosynthesis I (from ADP-D-Glucose)|g__Eubacterium.s__Eubacterium_ramulus	89.2186901804
GLYCOGENSYNTH-PWY: glycogen biosynthesis I (from ADP-D-Glucose)|g__Agathobaculum.s__Agathobaculum_butyriciproducens	84.2570667607
GLYCOGENSYNTH-PWY: glycogen biosynthesis I (from ADP-D-Glucose)|g__Clostridium.s__Clostridium_sp_CAG_253	82.1118803682
GLYCOGENSYNTH-PWY: glycogen biosynthesis I (from ADP-D-Glucose)|g__Eubacterium.s__Eubacterium_sp_CAG_252	76.7553477288
GLYCOGENSYNTH-PWY: glycogen biosynthesis I (from ADP-D-Glucose)|g__Dorea.s__Dorea_formicigenerans	74.0710487653
GLYCOGENSYNTH-PWY: glycogen biosynthesis I (from ADP-D-Glucose)|g__Clostridium.s__Clostridium_sp_AM22_11AC	65.5448934711
GLYCOGENSYNTH-PWY: glycogen biosynthesis I (from ADP-D-Glucose)|g__Roseburia.s__Roseburia_sp_CAG_100	58.4760512311
GLYCOGENSYNTH-PWY: glycogen biosynthesis I (from ADP-D-Glucose)|g__Bacteroides.s__Bacteroides_thetaiotaomicron	52.4436666873
GLYCOGENSYNTH-PWY: glycogen biosynthesis I (from ADP-D-Glucose)|g__Blautia.s__Blautia_sp_AF19_10LB	52.1753230175
GLYCOGENSYNTH-PWY: glycogen biosynthesis I (from ADP-D-Glucose)|g__Gemmiger.s__Gemmiger_formicilis	51.6509365169
GLYCOGENSYNTH-PWY: glycogen biosynthesis I (from ADP-D-Glucose)|g__Ruminococcus.s__Ruminococcus_bicirculans	47.6982219589
GLYCOGENSYNTH-PWY: glycogen biosynthesis I (from ADP-D-Glucose)|g__Firmicutes_unclassified.s__Firmicutes_bacterium_AF16_15	44.6125283118
GLYCOGENSYNTH-PWY: glycogen biosynthesis I (from ADP-D-Glucose)|g__Firmicutes_unclassified.s__Firmicutes_bacterium_CAG_41	43.6632975139
GLYCOGENSYNTH-PWY: glycogen biosynthesis I (from ADP-D-Glucose)|g__Eubacterium.s__Eubacterium_sp_CAG_274	40.7549969351
GLYCOGENSYNTH-PWY: glycogen biosynthesis I (from ADP-D-Glucose)|g__Roseburia.s__Roseburia_inulinivorans	36.4978731281
GLYCOGENSYNTH-PWY: glycogen biosynthesis I (from ADP-D-Glucose)|g__Blautia.s__Blautia_sp_CAG_52	35.7635363524
GLYCOGENSYNTH-PWY: glycogen biosynthesis I (from ADP-D-Glucose)|g__Bacteroides.s__Bacteroides_caccae	30.0399532001
GLYCOGENSYNTH-PWY: glycogen biosynthesis I (from ADP-D-Glucose)|g__Blautia.s__Blautia_sp	28.6771079933
GLYCOGENSYNTH-PWY: glycogen biosynthesis I (from ADP-D-Glucose)|g__Monoglobus.s__Monoglobus_pectinilyticus	26.8032140324
GLYCOGENSYNTH-PWY: glycogen biosynthesis I (from ADP-D-Glucose)|g__Bacteroides.s__Bacteroides_ovatus	24.3940259814
GLYCOGENSYNTH-PWY: glycogen biosynthesis I (from ADP-D-Glucose)|g__Roseburia.s__Roseburia_faecis	21.0159064288
GLYCOGENSYNTH-PWY: glycogen biosynthesis I (from ADP-D-Glucose)|g__Eisenbergiella.s__Eisenbergiella_massiliensis	18.8340397680
GLYCOGENSYNTH-PWY: glycogen biosynthesis I (from ADP-D-Glucose)|g__Firmicutes_unclassified.s__Firmicutes_bacterium_CAG_102	17.6049511237
GLYCOGENSYNTH-PWY: glycogen biosynthesis I (from ADP-D-Glucose)|g__Flavonifractor.s__Flavonifractor_plautii	11.7101185291
GLYCOGENSYNTH-PWY: glycogen biosynthesis I (from ADP-D-Glucose)|g__Blautia.s__Ruminococcus_gnavus	10.2221831940
GLYCOGENSYNTH-PWY: glycogen biosynthesis I (from ADP-D-Glucose)|g__Clostridium.s__Clostridium_sp_CAG_230	8.8064382273
GLYCOGENSYNTH-PWY: glycogen biosynthesis I (from ADP-D-Glucose)|g__Roseburia.s__Roseburia_hominis	8.5568125285
GLYCOGENSYNTH-PWY: glycogen biosynthesis I (from ADP-D-Glucose)|g__Roseburia.s__Roseburia_sp_CAG_197	8.2068116278
GLYCOGENSYNTH-PWY: glycogen biosynthesis I (from ADP-D-Glucose)|g__Eubacterium.s__Eubacterium_sp_AF17_7	5.6657292804
GLYCOGENSYNTH-PWY: glycogen biosynthesis I (from ADP-D-Glucose)|g__Eisenbergiella.s__Eisenbergiella_tayi	5.5586120298
GLYCOGENSYNTH-PWY: glycogen biosynthesis I (from ADP-D-Glucose)|g__Bacteroides.s__Bacteroides_xylanisolvens	2.3273221628
PWY-6386: UDP-N-acetylmuramoyl-pentapeptide biosynthesis II (lysine-containing)	15568.7012687987
PWY-6386: UDP-N-acetylmuramoyl-pentapeptide biosynthesis II (lysine-containing)|unclassified	1410.1454140951
PWY-6386: UDP-N-acetylmuramoyl-pentapeptide biosynthesis II (lysine-containing)|g__Blautia.s__Ruminococcus_torques	1226.5976724059
PWY-6386: UDP-N-acetylmuramoyl-pentapeptide biosynthesis II (lysine-containing)|g__Faecalibacterium.s__Faecalibacterium_prausnitzii	896.7732698954
PWY-6386: UDP-N-acetylmuramoyl-pentapeptide biosynthesis II (lysine-containing)|g__Fusicatenibacter.s__Fusicatenibacter_saccharivorans	796.0524856239
PWY-6386: UDP-N-acetylmuramoyl-pentapeptide biosynthesis II (lysine-containing)|g__Ruminococcus.s__Ruminococcus_sp_CAG_353	672.8972175599
PWY-6386: UDP-N-acetylmuramoyl-pentapeptide biosynthesis II (lysine-containing)|g__Blautia.s__Blautia_obeum	582.9516284173
PWY-6386: UDP-N-acetylmuramoyl-pentapeptide biosynthesis II (lysine-containing)|g__Alistipes.s__Alistipes_putredinis	497.8066846603
PWY-6386: UDP-N-acetylmuramoyl-pentapeptide biosynthesis II (lysine-containing)|g__Bacteroides.s__Bacteroides_stercorirosoris	379.8922067648
PWY-6386: UDP-N-acetylmuramoyl-pentapeptide biosynthesis II (lysine-containing)|g__Ruminococcus.s__Ruminococcus_sp_CAG_254	377.2175294891
PWY-6386: UDP-N-acetylmuramoyl-pentapeptide biosynthesis II (lysine-containing)|g__Blautia.s__Blautia_wexlerae	364.3749990158
PWY-6386: UDP-N-acetylmuramoyl-pentapeptide biosynthesis II (lysine-containing)|g__Subdoligranulum.s__Subdoligranulum_sp_APC924_74	325.2465460640
PWY-6386: UDP-N-acetylmuramoyl-pentapeptide biosynthesis II (lysine-containing)|g__Bacteroides.s__Bacteroides_dorei	302.9805519233
PWY-6386: UDP-N-acetylmuramoyl-pentapeptide biosynthesis II (lysine-containing)|g__Bacteroides.s__Bacteroides_vulgatus	291.6801975553
PWY-6386: UDP-N-acetylmuramoyl-pentapeptide biosynthesis II (lysine-containing)|g__Candidatus_Gastranaerophilales_unclassified.s__Candidatus_Gastranaerophilales_bacterium_HUM_10	235.8082462077
PWY-6386: UDP-N-acetylmuramoyl-pentapeptide biosynthesis II (lysine-containing)|g__Sutterella.s__Sutterella_wadsworthensis	225.1274851810
PWY-6386: UDP-N-acetylmuramoyl-pentapeptide biosynthesis II (lysine-containing)|g__Alistipes.s__Alistipes_finegoldii	148.9481993891
PWY-6386: UDP-N-acetylmuramoyl-pentapeptide biosynthesis II (lysine-containing)|g__Parabacteroides.s__Parabacteroides_distasonis	147.3786611971
PWY-6386: UDP-N-acetylmuramoyl-pentapeptide biosynthesis II (lysine-containing)|g__Bacteroides.s__Bacteroides_uniformis	112.8619932899
PWY-6386: UDP-N-acetylmuramoyl-pentapeptide biosynthesis II (lysine-containing)|g__Eubacterium.s__Eubacterium_eligens	101.0505204940
PWY-6386: UDP-N-acetylmuramoyl-pentapeptide biosynthesis II (lysine-containing)|g__Anaerostipes.s__Anaerostipes_hadrus	92.9576399615
PWY-6386: UDP-N-acetylmuramoyl-pentapeptide biosynthesis II (lysine-containing)|g__Lachnospiraceae_unclassified.s__Eubacterium_rectale	90.0583329143
PWY-6386: UDP-N-acetylmuramoyl-pentapeptide biosynthesis II (lysine-containing)|g__Dorea.s__Dorea_longicatena	78.9226496513
PWY-6386: UDP-N-acetylmuramoyl-pentapeptide biosynthesis II (lysine-containing)|g__Eubacterium.s__Eubacterium_hallii	78.1581943412
PWY-6386: UDP-N-acetylmuramoyl-pentapeptide biosynthesis II (lysine-containing)|g__Roseburia.s__Roseburia_sp_CAG_100	77.6908672939
PWY-6386: UDP-N-acetylmuramoyl-pentapeptide biosynthesis II (lysine-containing)|g__Bacteroides.s__Bacteroides_clarus	74.9842730910
PWY-6386: UDP-N-acetylmuramoyl-pentapeptide biosynthesis II (lysine-containing)|g__Eubacterium.s__Eubacterium_sp_CAG_252	71.8470441432
PWY-6386: UDP-N-acetylmuramoyl-pentapeptide biosynthesis II (lysine-containing)|g__Odoribacter.s__Odoribacter_splanchnicus	69.9016497754
PWY-6386: UDP-N-acetylmuramoyl-pentapeptide biosynthesis II (lysine-containing)|g__Parabacteroides.s__Parabacteroides_merdae	69.0858953699
PWY-6386: UDP-N-acetylmuramoyl-pentapeptide biosynthesis II (lysine-containing)|g__Bacteroides.s__Bacteroides_cellulosilyticus	68.6591843729
PWY-6386: UDP-N-acetylmuramoyl-pentapeptide biosynthesis II (lysine-containing)|g__Coprococcus.s__Coprococcus_comes	66.2927287023
PWY-6386: UDP-N-acetylmuramoyl-pentapeptide biosynthesis II (lysine-containing)|g__Bacteroides.s__Bacteroides_thetaiotaomicron	64.8922693703
PWY-6386: UDP-N-acetylmuramoyl-pentapeptide biosynthesis II (lysine-containing)|g__Firmicutes_unclassified.s__Firmicutes_bacterium_CAG_41	60.5825075242
PWY-6386: UDP-N-acetylmuramoyl-pentapeptide biosynthesis II (lysine-containing)|g__Dorea.s__Dorea_formicigenerans	44.1413624152
PWY-6386: UDP-N-acetylmuramoyl-pentapeptide biosynthesis II (lysine-containing)|g__Firmicutes_unclassified.s__Firmicutes_bacterium_AF16_15	43.1565848559
PWY-6386: UDP-N-acetylmuramoyl-pentapeptide biosynthesis II (lysine-containing)|g__Streptococcus.s__Streptococcus_thermophilus	40.1075015128
PWY-6386: UDP-N-acetylmuramoyl-pentapeptide biosynthesis II (lysine-containing)|g__Senegalimassilia.s__Senegalimassilia_anaerobia	39.3867354275
PWY-6386: UDP-N-acetylmuramoyl-pentapeptide biosynthesis II (lysine-containing)|g__Eubacterium.s__Eubacterium_ramulus	36.9698562392
PWY-6386: UDP-N-acetylmuramoyl-pentapeptide biosynthesis II (lysine-containing)|g__Blautia.s__Blautia_sp_AF19_10LB	36.0065004200
PWY-6386: UDP-N-acetylmuramoyl-pentapeptide biosynthesis II (lysine-containing)|g__Ruminococcus.s__Ruminococcus_bicirculans	35.8679729583
PWY-6386: UDP-N-acetylmuramoyl-pentapeptide biosynthesis II (lysine-containing)|g__Bacteroides.s__Bacteroides_caccae	35.4302608274
PWY-6386: UDP-N-acetylmuramoyl-pentapeptide biosynthesis II (lysine-containing)|g__Blautia.s__Blautia_sp_CAG_52	34.4109241134
PWY-6386: UDP-N-acetylmuramoyl-pentapeptide biosynthesis II (lysine-containing)|g__Butyricimonas.s__Butyricimonas_synergistica	30.5398789808
PWY-6386: UDP-N-acetylmuramoyl-pentapeptide biosynthesis II (lysine-containing)|g__Parabacteroides.s__Parabacteroides_gordonii	25.9859734034
PWY-6386: UDP-N-acetylmuramoyl-pentapeptide biosynthesis II (lysine-containing)|g__Blautia.s__Blautia_sp	25.2862673010
PWY-6386: UDP-N-acetylmuramoyl-pentapeptide biosynthesis II (lysine-containing)|g__Bilophila.s__Bilophila_wadsworthia	23.3326486854
PWY-6386: UDP-N-acetylmuramoyl-pentapeptide biosynthesis II (lysine-containing)|g__Monoglobus.s__Monoglobus_pectinilyticus	22.7482314989
PWY-6386: UDP-N-acetylmuramoyl-pentapeptide biosynthesis II (lysine-containing)|g__Coprobacter.s__Coprobacter_fastidiosus	19.1625362927
PWY-6386: UDP-N-acetylmuramoyl-pentapeptide biosynthesis II (lysine-containing)|g__Eisenbergiella.s__Eisenbergiella_massiliensis	18.8642644883
PWY-6386: UDP-N-acetylmuramoyl-pentapeptide biosynthesis II (lysine-containing)|g__Firmicutes_unclassified.s__Firmicutes_bacterium_CAG_102	18.2712182255
PWY-6386: UDP-N-acetylmuramoyl-pentapeptide biosynthesis II (lysine-containing)|g__Alistipes.s__Alistipes_onderdonkii	17.8845323352
PWY-6386: UDP-N-acetylmuramoyl-pentapeptide biosynthesis II (lysine-containing)|g__Bacteroides.s__Bacteroides_ovatus	3.7601922766
PWY-6386: UDP-N-acetylmuramoyl-pentapeptide biosynthesis II (lysine-containing)|g__Streptococcus.s__Streptococcus_pneumoniae	2.9334358009
PWY-6387: UDP-N-acetylmuramoyl-pentapeptide biosynthesis I (meso-diaminopimelate containing)	15355.3035833103
PWY-6387: UDP-N-acetylmuramoyl-pentapeptide biosynthesis I (meso-diaminopimelate containing)|g__Proteobacteria_unclassified.s__Proteobacteria_bacterium_CAG_495	2002.2523543408
PWY-6387: UDP-N-acetylmuramoyl-pentapeptide biosynthesis I (meso-diaminopimelate containing)|unclassified	1458.9742941948
PWY-6387: UDP-N-acetylmuramoyl-pentapeptide biosynthesis I (meso-diaminopimelate containing)|g__Blautia.s__Ruminococcus_torques	1222.1196586325
PWY-6387: UDP-N-acetylmuramoyl-pentapeptide biosynthesis I (meso-diaminopimelate containing)|g__Faecalibacterium.s__Faecalibacterium_prausnitzii	833.7964648683
PWY-6387: UDP-N-acetylmuramoyl-pentapeptide biosynthesis I (meso-diaminopimelate containing)|g__Fusicatenibacter.s__Fusicatenibacter_saccharivorans	752.7700980641
PWY-6387: UDP-N-acetylmuramoyl-pentapeptide biosynthesis I (meso-diaminopimelate containing)|g__Ruminococcus.s__Ruminococcus_sp_CAG_353	682.0501647020
PWY-6387: UDP-N-acetylmuramoyl-pentapeptide biosynthesis I (meso-diaminopimelate containing)|g__Blautia.s__Blautia_obeum	577.4181756474
PWY-6387: UDP-N-acetylmuramoyl-pentapeptide biosynthesis I (meso-diaminopimelate containing)|g__Anaerotruncus.s__Anaerotruncus_sp_CAG_528	523.4947444543
PWY-6387: UDP-N-acetylmuramoyl-pentapeptide biosynthesis I (meso-diaminopimelate containing)|g__Alistipes.s__Alistipes_putredinis	491.3124916179
PWY-6387: UDP-N-acetylmuramoyl-pentapeptide biosynthesis I (meso-diaminopimelate containing)|g__Bacteroides.s__Bacteroides_stercorirosoris	430.8197026217
PWY-6387: UDP-N-acetylmuramoyl-pentapeptide biosynthesis I (meso-diaminopimelate containing)|g__Blautia.s__Blautia_wexlerae	420.7773500872
PWY-6387: UDP-N-acetylmuramoyl-pentapeptide biosynthesis I (meso-diaminopimelate containing)|g__Alistipes.s__Alistipes_finegoldii	402.4008241841
PWY-6387: UDP-N-acetylmuramoyl-pentapeptide biosynthesis I (meso-diaminopimelate containing)|g__Ruminococcus.s__Ruminococcus_sp_CAG_254	342.3907706928
PWY-6387: UDP-N-acetylmuramoyl-pentapeptide biosynthesis I (meso-diaminopimelate containing)|g__Bacteroides.s__Bacteroides_dorei	327.1219791047
PWY-6387: UDP-N-acetylmuramoyl-pentapeptide biosynthesis I (meso-diaminopimelate containing)|g__Subdoligranulum.s__Subdoligranulum_sp_APC924_74	322.1755889132
PWY-6387: UDP-N-acetylmuramoyl-pentapeptide biosynthesis I (meso-diaminopimelate containing)|g__Barnesiella.s__Barnesiella_intestinihominis	301.8326053560
PWY-6387: UDP-N-acetylmuramoyl-pentapeptide biosynthesis I (meso-diaminopimelate containing)|g__Bacteroides.s__Bacteroides_vulgatus	300.1589986324
PWY-6387: UDP-N-acetylmuramoyl-pentapeptide biosynthesis I (meso-diaminopimelate containing)|g__Candidatus_Gastranaerophilales_unclassified.s__Candidatus_Gastranaerophilales_bacterium_HUM_10	245.8918962159
PWY-6387: UDP-N-acetylmuramoyl-pentapeptide biosynthesis I (meso-diaminopimelate containing)|g__Sutterella.s__Sutterella_wadsworthensis	222.2900610613
PWY-6387: UDP-N-acetylmuramoyl-pentapeptide biosynthesis I (meso-diaminopimelate containing)|g__Roseburia.s__Roseburia_intestinalis	158.6746829800
PWY-6387: UDP-N-acetylmuramoyl-pentapeptide biosynthesis I (meso-diaminopimelate containing)|g__Parabacteroides.s__Parabacteroides_distasonis	156.3175599241
PWY-6387: UDP-N-acetylmuramoyl-pentapeptide biosynthesis I (meso-diaminopimelate containing)|g__Lachnospiraceae_unclassified.s__Eubacterium_rectale	120.2609920698
PWY-6387: UDP-N-acetylmuramoyl-pentapeptide biosynthesis I (meso-diaminopimelate containing)|g__Bacteroides.s__Bacteroides_uniformis	116.9716461109
PWY-6387: UDP-N-acetylmuramoyl-pentapeptide biosynthesis I (meso-diaminopimelate containing)|g__Eubacterium.s__Eubacterium_eligens	107.1922324939
PWY-6387: UDP-N-acetylmuramoyl-pentapeptide biosynthesis I (meso-diaminopimelate containing)|g__Bacteroides.s__Bacteroides_cellulosilyticus	92.3704426834
PWY-6387: UDP-N-acetylmuramoyl-pentapeptide biosynthesis I (meso-diaminopimelate containing)|g__Anaerostipes.s__Anaerostipes_hadrus	91.7827878513
PWY-6387: UDP-N-acetylmuramoyl-pentapeptide biosynthesis I (meso-diaminopimelate containing)|g__Bacteroides.s__Bacteroides_clarus	89.8009936256
PWY-6387: UDP-N-acetylmuramoyl-pentapeptide biosynthesis I (meso-diaminopimelate containing)|g__Eubacterium.s__Eubacterium_sp_CAG_252	83.7814333461
PWY-6387: UDP-N-acetylmuramoyl-pentapeptide biosynthesis I (meso-diaminopimelate containing)|g__Dorea.s__Dorea_longicatena	78.6460228516
PWY-6387: UDP-N-acetylmuramoyl-pentapeptide biosynthesis I (meso-diaminopimelate containing)|g__Eubacterium.s__Eubacterium_hallii	75.4384811588
PWY-6387: UDP-N-acetylmuramoyl-pentapeptide biosynthesis I (meso-diaminopimelate containing)|g__Parabacteroides.s__Parabacteroides_merdae	75.0881180808
PWY-6387: UDP-N-acetylmuramoyl-pentapeptide biosynthesis I (meso-diaminopimelate containing)|g__Roseburia.s__Roseburia_sp_CAG_100	73.1561028409
PWY-6387: UDP-N-acetylmuramoyl-pentapeptide biosynthesis I (meso-diaminopimelate containing)|g__Odoribacter.s__Odoribacter_splanchnicus	69.5185160006
PWY-6387: UDP-N-acetylmuramoyl-pentapeptide biosynthesis I (meso-diaminopimelate containing)|g__Bacteroides.s__Bacteroides_thetaiotaomicron	66.0082705479
PWY-6387: UDP-N-acetylmuramoyl-pentapeptide biosynthesis I (meso-diaminopimelate containing)|g__Clostridium.s__Clostridium_sp_CAG_253	65.5005861039
PWY-6387: UDP-N-acetylmuramoyl-pentapeptide biosynthesis I (meso-diaminopimelate containing)|g__Firmicutes_unclassified.s__Firmicutes_bacterium_CAG_41	58.8967773243
PWY-6387: UDP-N-acetylmuramoyl-pentapeptide biosynthesis I (meso-diaminopimelate containing)|g__Coprococcus.s__Coprococcus_comes	56.4120585234
PWY-6387: UDP-N-acetylmuramoyl-pentapeptide biosynthesis I (meso-diaminopimelate containing)|g__Agathobaculum.s__Agathobaculum_butyriciproducens	53.9537602598
PWY-6387: UDP-N-acetylmuramoyl-pentapeptide biosynthesis I (meso-diaminopimelate containing)|g__Dorea.s__Dorea_formicigenerans	45.5602383473
PWY-6387: UDP-N-acetylmuramoyl-pentapeptide biosynthesis I (meso-diaminopimelate containing)|g__Firmicutes_unclassified.s__Firmicutes_bacterium_AF16_15	43.7271933719
PWY-6387: UDP-N-acetylmuramoyl-pentapeptide biosynthesis I (meso-diaminopimelate containing)|g__Alistipes.s__Alistipes_timonensis	39.3757760790
PWY-6387: UDP-N-acetylmuramoyl-pentapeptide biosynthesis I (meso-diaminopimelate containing)|g__Ruminococcus.s__Ruminococcus_bicirculans	39.1317455594
PWY-6387: UDP-N-acetylmuramoyl-pentapeptide biosynthesis I (meso-diaminopimelate containing)|g__Streptococcus.s__Streptococcus_thermophilus	38.5176123929
PWY-6387: UDP-N-acetylmuramoyl-pentapeptide biosynthesis I (meso-diaminopimelate containing)|g__Eubacterium.s__Eubacterium_ramulus	37.8577641540
PWY-6387: UDP-N-acetylmuramoyl-pentapeptide biosynthesis I (meso-diaminopimelate containing)|g__Senegalimassilia.s__Senegalimassilia_anaerobia	37.3353704450
PWY-6387: UDP-N-acetylmuramoyl-pentapeptide biosynthesis I (meso-diaminopimelate containing)|g__Bacteroides.s__Bacteroides_caccae	37.1988968634
PWY-6387: UDP-N-acetylmuramoyl-pentapeptide biosynthesis I (meso-diaminopimelate containing)|g__Blautia.s__Blautia_sp_AF19_10LB	35.2319374057
PWY-6387: UDP-N-acetylmuramoyl-pentapeptide biosynthesis I (meso-diaminopimelate containing)|g__Blautia.s__Blautia_sp_CAG_52	32.8540880782
PWY-6387: UDP-N-acetylmuramoyl-pentapeptide biosynthesis I (meso-diaminopimelate containing)|g__Akkermansia.s__Akkermansia_muciniphila	31.8374600262
PWY-6387: UDP-N-acetylmuramoyl-pentapeptide biosynthesis I (meso-diaminopimelate containing)|g__Butyricimonas.s__Butyricimonas_synergistica	31.4482946837
PWY-6387: UDP-N-acetylmuramoyl-pentapeptide biosynthesis I (meso-diaminopimelate containing)|g__Bacteroides.s__Bacteroides_ovatus	30.6234449925
PWY-6387: UDP-N-acetylmuramoyl-pentapeptide biosynthesis I (meso-diaminopimelate containing)|g__Eubacterium.s__Eubacterium_sp_CAG_274	30.3193696973
PWY-6387: UDP-N-acetylmuramoyl-pentapeptide biosynthesis I (meso-diaminopimelate containing)|g__Parabacteroides.s__Parabacteroides_gordonii	27.5018871299
PWY-6387: UDP-N-acetylmuramoyl-pentapeptide biosynthesis I (meso-diaminopimelate containing)|g__Bilophila.s__Bilophila_wadsworthia	26.5513785538
PWY-6387: UDP-N-acetylmuramoyl-pentapeptide biosynthesis I (meso-diaminopimelate containing)|g__Alistipes.s__Alistipes_onderdonkii	26.3476164188
PWY-6387: UDP-N-acetylmuramoyl-pentapeptide biosynthesis I (meso-diaminopimelate containing)|g__Blautia.s__Blautia_sp	25.6812014983
PWY-6387: UDP-N-acetylmuramoyl-pentapeptide biosynthesis I (meso-diaminopimelate containing)|g__Monoglobus.s__Monoglobus_pectinilyticus	23.1596089041
PWY-6387: UDP-N-acetylmuramoyl-pentapeptide biosynthesis I (meso-diaminopimelate containing)|g__Coprobacter.s__Coprobacter_fastidiosus	23.0701398161
PWY-6387: UDP-N-acetylmuramoyl-pentapeptide biosynthesis I (meso-diaminopimelate containing)|g__Eisenbergiella.s__Eisenbergiella_massiliensis	21.5526571853
PWY-6387: UDP-N-acetylmuramoyl-pentapeptide biosynthesis I (meso-diaminopimelate containing)|g__Firmicutes_unclassified.s__Firmicutes_bacterium_CAG_102	21.2463319375
PWY-6387: UDP-N-acetylmuramoyl-pentapeptide biosynthesis I (meso-diaminopimelate containing)|g__Roseburia.s__Roseburia_inulinivorans	21.1666960391
PWY-6387: UDP-N-acetylmuramoyl-pentapeptide biosynthesis I (meso-diaminopimelate containing)|g__Candidatus_Gastranaerophilales_unclassified.s__Candidatus_Gastranaerophilales_bacterium_HUM_21	18.4942770534
PWY-6387: UDP-N-acetylmuramoyl-pentapeptide biosynthesis I (meso-diaminopimelate containing)|g__Eubacterium.s__Eubacterium_sp_CAG_38	14.2070111272
PWY-6387: UDP-N-acetylmuramoyl-pentapeptide biosynthesis I (meso-diaminopimelate containing)|g__Eubacterium.s__Eubacterium_sp_CAG_192	12.9569468151
PWY-6387: UDP-N-acetylmuramoyl-pentapeptide biosynthesis I (meso-diaminopimelate containing)|g__Oscillibacter.s__Oscillibacter_sp_57_20	11.2675290648
PWY-6387: UDP-N-acetylmuramoyl-pentapeptide biosynthesis I (meso-diaminopimelate containing)|g__Asaccharobacter.s__Asaccharobacter_celatus	9.3141440743
PWY-6387: UDP-N-acetylmuramoyl-pentapeptide biosynthesis I (meso-diaminopimelate containing)|g__Coprobacter.s__Coprobacter_secundus	8.3082320094
PWY-6387: UDP-N-acetylmuramoyl-pentapeptide biosynthesis I (meso-diaminopimelate containing)|g__Bacteroides.s__Bacteroides_xylanisolvens	5.8666442113
PWY-6387: UDP-N-acetylmuramoyl-pentapeptide biosynthesis I (meso-diaminopimelate containing)|g__Streptococcus.s__Streptococcus_pneumoniae	2.4390079408
PEPTIDOGLYCANSYN-PWY: peptidoglycan biosynthesis I (meso-diaminopimelate containing)	15306.9306733354
PEPTIDOGLYCANSYN-PWY: peptidoglycan biosynthesis I (meso-diaminopimelate containing)|g__Proteobacteria_unclassified.s__Proteobacteria_bacterium_CAG_495	1998.9577763304
PEPTIDOGLYCANSYN-PWY: peptidoglycan biosynthesis I (meso-diaminopimelate containing)|unclassified	1500.8827341552
PEPTIDOGLYCANSYN-PWY: peptidoglycan biosynthesis I (meso-diaminopimelate containing)|g__Blautia.s__Ruminococcus_torques	1149.4520580024
PEPTIDOGLYCANSYN-PWY: peptidoglycan biosynthesis I (meso-diaminopimelate containing)|g__Fusicatenibacter.s__Fusicatenibacter_saccharivorans	745.0577754037
PEPTIDOGLYCANSYN-PWY: peptidoglycan biosynthesis I (meso-diaminopimelate containing)|g__Ruminococcus.s__Ruminococcus_sp_CAG_353	684.4762923569
PEPTIDOGLYCANSYN-PWY: peptidoglycan biosynthesis I (meso-diaminopimelate containing)|g__Faecalibacterium.s__Faecalibacterium_prausnitzii	630.0945131884
PEPTIDOGLYCANSYN-PWY: peptidoglycan biosynthesis I (meso-diaminopimelate containing)|g__Blautia.s__Blautia_obeum	581.4637332198
PEPTIDOGLYCANSYN-PWY: peptidoglycan biosynthesis I (meso-diaminopimelate containing)|g__Anaerotruncus.s__Anaerotruncus_sp_CAG_528	523.5144746955
PEPTIDOGLYCANSYN-PWY: peptidoglycan biosynthesis I (meso-diaminopimelate containing)|g__Alistipes.s__Alistipes_putredinis	476.4094960022
PEPTIDOGLYCANSYN-PWY: peptidoglycan biosynthesis I (meso-diaminopimelate containing)|g__Bacteroides.s__Bacteroides_stercorirosoris	439.3141598768
PEPTIDOGLYCANSYN-PWY: peptidoglycan biosynthesis I (meso-diaminopimelate containing)|g__Alistipes.s__Alistipes_finegoldii	429.8688295871
PEPTIDOGLYCANSYN-PWY: peptidoglycan biosynthesis I (meso-diaminopimelate containing)|g__Ruminococcus.s__Ruminococcus_sp_CAG_254	355.1621850147
PEPTIDOGLYCANSYN-PWY: peptidoglycan biosynthesis I (meso-diaminopimelate containing)|g__Blautia.s__Blautia_wexlerae	354.8365130698
PEPTIDOGLYCANSYN-PWY: peptidoglycan biosynthesis I (meso-diaminopimelate containing)|g__Subdoligranulum.s__Subdoligranulum_sp_APC924_74	324.0568230482
PEPTIDOGLYCANSYN-PWY: peptidoglycan biosynthesis I (meso-diaminopimelate containing)|g__Bacteroides.s__Bacteroides_dorei	320.2277387142
PEPTIDOGLYCANSYN-PWY: peptidoglycan biosynthesis I (meso-diaminopimelate containing)|g__Barnesiella.s__Barnesiella_intestinihominis	305.4617084392
PEPTIDOGLYCANSYN-PWY: peptidoglycan biosynthesis I (meso-diaminopimelate containing)|g__Bacteroides.s__Bacteroides_vulgatus	298.8420138167
PEPTIDOGLYCANSYN-PWY: peptidoglycan biosynthesis I (meso-diaminopimelate containing)|g__Candidatus_Gastranaerophilales_unclassified.s__Candidatus_Gastranaerophilales_bacterium_HUM_10	256.3829289340
PEPTIDOGLYCANSYN-PWY: peptidoglycan biosynthesis I (meso-diaminopimelate containing)|g__Sutterella.s__Sutterella_wadsworthensis	222.8229848701
PEPTIDOGLYCANSYN-PWY: peptidoglycan biosynthesis I (meso-diaminopimelate containing)|g__Parabacteroides.s__Parabacteroides_distasonis	153.2111153435
PEPTIDOGLYCANSYN-PWY: peptidoglycan biosynthesis I (meso-diaminopimelate containing)|g__Roseburia.s__Roseburia_intestinalis	152.9918704234
PEPTIDOGLYCANSYN-PWY: peptidoglycan biosynthesis I (meso-diaminopimelate containing)|g__Bacteroides.s__Bacteroides_uniformis	113.9635393226
PEPTIDOGLYCANSYN-PWY: peptidoglycan biosynthesis I (meso-diaminopimelate containing)|g__Eubacterium.s__Eubacterium_eligens	107.9992052627
PEPTIDOGLYCANSYN-PWY: peptidoglycan biosynthesis I (meso-diaminopimelate containing)|g__Lachnospiraceae_unclassified.s__Eubacterium_rectale	99.5369843915
PEPTIDOGLYCANSYN-PWY: peptidoglycan biosynthesis I (meso-diaminopimelate containing)|g__Anaerostipes.s__Anaerostipes_hadrus	97.0142724966
PEPTIDOGLYCANSYN-PWY: peptidoglycan biosynthesis I (meso-diaminopimelate containing)|g__Bacteroides.s__Bacteroides_cellulosilyticus	95.1203130833
PEPTIDOGLYCANSYN-PWY: peptidoglycan biosynthesis I (meso-diaminopimelate containing)|g__Bacteroides.s__Bacteroides_clarus	84.1710894726
PEPTIDOGLYCANSYN-PWY: peptidoglycan biosynthesis I (meso-diaminopimelate containing)|g__Dorea.s__Dorea_longicatena	76.4861248060
PEPTIDOGLYCANSYN-PWY: peptidoglycan biosynthesis I (meso-diaminopimelate containing)|g__Eubacterium.s__Eubacterium_hallii	75.8968247045
PEPTIDOGLYCANSYN-PWY: peptidoglycan biosynthesis I (meso-diaminopimelate containing)|g__Eubacterium.s__Eubacterium_sp_CAG_252	72.5489119001
PEPTIDOGLYCANSYN-PWY: peptidoglycan biosynthesis I (meso-diaminopimelate containing)|g__Parabacteroides.s__Parabacteroides_merdae	70.5739073395
PEPTIDOGLYCANSYN-PWY: peptidoglycan biosynthesis I (meso-diaminopimelate containing)|g__Roseburia.s__Roseburia_sp_CAG_100	68.9696958207
PEPTIDOGLYCANSYN-PWY: peptidoglycan biosynthesis I (meso-diaminopimelate containing)|g__Clostridium.s__Clostridium_sp_CAG_253	65.1405266164
PEPTIDOGLYCANSYN-PWY: peptidoglycan biosynthesis I (meso-diaminopimelate containing)|g__Bacteroides.s__Bacteroides_thetaiotaomicron	64.3809954011
PEPTIDOGLYCANSYN-PWY: peptidoglycan biosynthesis I (meso-diaminopimelate containing)|g__Odoribacter.s__Odoribacter_splanchnicus	63.4355330641
PEPTIDOGLYCANSYN-PWY: peptidoglycan biosynthesis I (meso-diaminopimelate containing)|g__Coprococcus.s__Coprococcus_comes	57.0479042466
PEPTIDOGLYCANSYN-PWY: peptidoglycan biosynthesis I (meso-diaminopimelate containing)|g__Firmicutes_unclassified.s__Firmicutes_bacterium_CAG_41	56.8699710268
PEPTIDOGLYCANSYN-PWY: peptidoglycan biosynthesis I (meso-diaminopimelate containing)|g__Agathobaculum.s__Agathobaculum_butyriciproducens	53.6975820075
PEPTIDOGLYCANSYN-PWY: peptidoglycan biosynthesis I (meso-diaminopimelate containing)|g__Dorea.s__Dorea_formicigenerans	41.1904689516
PEPTIDOGLYCANSYN-PWY: peptidoglycan biosynthesis I (meso-diaminopimelate containing)|g__Alistipes.s__Alistipes_timonensis	39.8321389534
PEPTIDOGLYCANSYN-PWY: peptidoglycan biosynthesis I (meso-diaminopimelate containing)|g__Bacteroides.s__Bacteroides_caccae	38.9070433681
PEPTIDOGLYCANSYN-PWY: peptidoglycan biosynthesis I (meso-diaminopimelate containing)|g__Streptococcus.s__Streptococcus_thermophilus	38.1345522595
PEPTIDOGLYCANSYN-PWY: peptidoglycan biosynthesis I (meso-diaminopimelate containing)|g__Eubacterium.s__Eubacterium_ramulus	37.2821219848
PEPTIDOGLYCANSYN-PWY: peptidoglycan biosynthesis I (meso-diaminopimelate containing)|g__Senegalimassilia.s__Senegalimassilia_anaerobia	36.2174706716
PEPTIDOGLYCANSYN-PWY: peptidoglycan biosynthesis I (meso-diaminopimelate containing)|g__Ruminococcus.s__Ruminococcus_bicirculans	35.3911382678
PEPTIDOGLYCANSYN-PWY: peptidoglycan biosynthesis I (meso-diaminopimelate containing)|g__Blautia.s__Blautia_sp_AF19_10LB	35.1370214526
PEPTIDOGLYCANSYN-PWY: peptidoglycan biosynthesis I (meso-diaminopimelate containing)|g__Firmicutes_unclassified.s__Firmicutes_bacterium_AF16_15	34.8490562230
PEPTIDOGLYCANSYN-PWY: peptidoglycan biosynthesis I (meso-diaminopimelate containing)|g__Akkermansia.s__Akkermansia_muciniphila	33.0717864992
PEPTIDOGLYCANSYN-PWY: peptidoglycan biosynthesis I (meso-diaminopimelate containing)|g__Bacteroides.s__Bacteroides_ovatus	32.7403533283
PEPTIDOGLYCANSYN-PWY: peptidoglycan biosynthesis I (meso-diaminopimelate containing)|g__Alistipes.s__Alistipes_onderdonkii	30.4817560290
PEPTIDOGLYCANSYN-PWY: peptidoglycan biosynthesis I (meso-diaminopimelate containing)|g__Blautia.s__Blautia_sp_CAG_52	30.2724100518
PEPTIDOGLYCANSYN-PWY: peptidoglycan biosynthesis I (meso-diaminopimelate containing)|g__Eubacterium.s__Eubacterium_sp_CAG_274	30.2002064920
PEPTIDOGLYCANSYN-PWY: peptidoglycan biosynthesis I (meso-diaminopimelate containing)|g__Parabacteroides.s__Parabacteroides_gordonii	29.2275857204
PEPTIDOGLYCANSYN-PWY: peptidoglycan biosynthesis I (meso-diaminopimelate containing)|g__Butyricimonas.s__Butyricimonas_synergistica	27.1526955063
PEPTIDOGLYCANSYN-PWY: peptidoglycan biosynthesis I (meso-diaminopimelate containing)|g__Blautia.s__Blautia_sp	24.4060662355
PEPTIDOGLYCANSYN-PWY: peptidoglycan biosynthesis I (meso-diaminopimelate containing)|g__Bilophila.s__Bilophila_wadsworthia	24.0866558796
PEPTIDOGLYCANSYN-PWY: peptidoglycan biosynthesis I (meso-diaminopimelate containing)|g__Roseburia.s__Roseburia_inulinivorans	22.5456835422
PEPTIDOGLYCANSYN-PWY: peptidoglycan biosynthesis I (meso-diaminopimelate containing)|g__Eisenbergiella.s__Eisenbergiella_massiliensis	21.8267511187
PEPTIDOGLYCANSYN-PWY: peptidoglycan biosynthesis I (meso-diaminopimelate containing)|g__Coprobacter.s__Coprobacter_fastidiosus	21.4222338502
PEPTIDOGLYCANSYN-PWY: peptidoglycan biosynthesis I (meso-diaminopimelate containing)|g__Monoglobus.s__Monoglobus_pectinilyticus	21.1657283714
PEPTIDOGLYCANSYN-PWY: peptidoglycan biosynthesis I (meso-diaminopimelate containing)|g__Candidatus_Gastranaerophilales_unclassified.s__Candidatus_Gastranaerophilales_bacterium_HUM_21	19.9111986814
PEPTIDOGLYCANSYN-PWY: peptidoglycan biosynthesis I (meso-diaminopimelate containing)|g__Firmicutes_unclassified.s__Firmicutes_bacterium_CAG_102	19.3325048309
PEPTIDOGLYCANSYN-PWY: peptidoglycan biosynthesis I (meso-diaminopimelate containing)|g__Oscillibacter.s__Oscillibacter_sp_57_20	11.8278303216
PEPTIDOGLYCANSYN-PWY: peptidoglycan biosynthesis I (meso-diaminopimelate containing)|g__Eubacterium.s__Eubacterium_sp_CAG_192	11.7418739216
PEPTIDOGLYCANSYN-PWY: peptidoglycan biosynthesis I (meso-diaminopimelate containing)|g__Asaccharobacter.s__Asaccharobacter_celatus	8.6873893990
PEPTIDOGLYCANSYN-PWY: peptidoglycan biosynthesis I (meso-diaminopimelate containing)|g__Bacteroides.s__Bacteroides_xylanisolvens	4.4914362682
PEPTIDOGLYCANSYN-PWY: peptidoglycan biosynthesis I (meso-diaminopimelate containing)|g__Streptococcus.s__Streptococcus_pneumoniae	2.5257967380
PWY-5686: UMP biosynthesis I	15261.4212074066
PWY-5686: UMP biosynthesis I|unclassified	1452.1123421611
PWY-5686: UMP biosynthesis I|g__Blautia.s__Ruminococcus_torques	1155.4911039051
PWY-5686: UMP biosynthesis I|g__Faecalibacterium.s__Faecalibacterium_prausnitzii	1150.7847400668
PWY-5686: UMP biosynthesis I|g__Alistipes.s__Alistipes_finegoldii	687.6158828518
PWY-5686: UMP biosynthesis I|g__Fusicatenibacter.s__Fusicatenibacter_saccharivorans	654.7289190982
PWY-5686: UMP biosynthesis I|g__Anaerotruncus.s__Anaerotruncus_sp_CAG_528	651.3171816442
PWY-5686: UMP biosynthesis I|g__Ruminococcus.s__Ruminococcus_sp_CAG_353	597.2766956838
PWY-5686: UMP biosynthesis I|g__Alistipes.s__Alistipes_putredinis	544.8189801618
PWY-5686: UMP biosynthesis I|g__Blautia.s__Blautia_wexlerae	524.5354937244
PWY-5686: UMP biosynthesis I|g__Bacteroides.s__Bacteroides_stercorirosoris	447.5556771189
PWY-5686: UMP biosynthesis I|g__Barnesiella.s__Barnesiella_intestinihominis	334.7498900643
PWY-5686: UMP biosynthesis I|g__Bacteroides.s__Bacteroides_dorei	333.7424602972
PWY-5686: UMP biosynthesis I|g__Bacteroides.s__Bacteroides_vulgatus	282.8916990344
PWY-5686: UMP biosynthesis I|g__Lachnospiraceae_unclassified.s__Eubacterium_rectale	253.4205740405
PWY-5686: UMP biosynthesis I|g__Blautia.s__Blautia_obeum	220.3311565255
PWY-5686: UMP biosynthesis I|g__Roseburia.s__Roseburia_intestinalis	165.2047704387
PWY-5686: UMP biosynthesis I|g__Parabacteroides.s__Parabacteroides_distasonis	154.6134402864
PWY-5686: UMP biosynthesis I|g__Eubacterium.s__Eubacterium_eligens	152.0843792247
PWY-5686: UMP biosynthesis I|g__Bacteroides.s__Bacteroides_cellulosilyticus	101.2107192698
PWY-5686: UMP biosynthesis I|g__Anaerostipes.s__Anaerostipes_hadrus	100.2989824767
PWY-5686: UMP biosynthesis I|g__Bacteroides.s__Bacteroides_uniformis	91.8980921616
PWY-5686: UMP biosynthesis I|g__Eubacterium.s__Eubacterium_sp_CAG_252	89.6852966994
PWY-5686: UMP biosynthesis I|g__Clostridium.s__Clostridium_sp_CAG_253	87.0190078681
PWY-5686: UMP biosynthesis I|g__Bacteroides.s__Bacteroides_clarus	79.0867510558
PWY-5686: UMP biosynthesis I|g__Eubacterium.s__Eubacterium_hallii	76.9460854557
PWY-5686: UMP biosynthesis I|g__Roseburia.s__Roseburia_sp_CAG_100	74.8676875764
PWY-5686: UMP biosynthesis I|g__Parabacteroides.s__Parabacteroides_merdae	63.6328343449
PWY-5686: UMP biosynthesis I|g__Agathobaculum.s__Agathobaculum_butyriciproducens	61.6692795691
PWY-5686: UMP biosynthesis I|g__Firmicutes_unclassified.s__Firmicutes_bacterium_CAG_41	57.4395576212
PWY-5686: UMP biosynthesis I|g__Odoribacter.s__Odoribacter_splanchnicus	55.4461549061
PWY-5686: UMP biosynthesis I|g__Gemmiger.s__Gemmiger_formicilis	53.2994202405
PWY-5686: UMP biosynthesis I|g__Bacteroides.s__Bacteroides_thetaiotaomicron	52.2167920412
PWY-5686: UMP biosynthesis I|g__Alistipes.s__Alistipes_timonensis	49.4238491521
PWY-5686: UMP biosynthesis I|g__Ruminococcus.s__Ruminococcus_bicirculans	46.8165208622
PWY-5686: UMP biosynthesis I|g__Akkermansia.s__Akkermansia_muciniphila	45.1254418881
PWY-5686: UMP biosynthesis I|g__Coprococcus.s__Coprococcus_comes	43.4226747790
PWY-5686: UMP biosynthesis I|g__Blautia.s__Blautia_sp_AF19_10LB	43.2997019039
PWY-5686: UMP biosynthesis I|g__Bacteroides.s__Bacteroides_caccae	39.3591636455
PWY-5686: UMP biosynthesis I|g__Dorea.s__Dorea_longicatena	37.6382078731
PWY-5686: UMP biosynthesis I|g__Parabacteroides.s__Parabacteroides_gordonii	36.2975695093
PWY-5686: UMP biosynthesis I|g__Dorea.s__Dorea_formicigenerans	34.6354149780
PWY-5686: UMP biosynthesis I|g__Eubacterium.s__Eubacterium_ramulus	33.4002800093
PWY-5686: UMP biosynthesis I|g__Firmicutes_unclassified.s__Firmicutes_bacterium_AF16_15	29.5058145651
PWY-5686: UMP biosynthesis I|g__Bilophila.s__Bilophila_wadsworthia	27.6747292890
PWY-5686: UMP biosynthesis I|g__Clostridium.s__Clostridium_sp_AM22_11AC	26.7707057144
PWY-5686: UMP biosynthesis I|g__Eubacterium.s__Eubacterium_sp_CAG_274	26.0155486246
PWY-5686: UMP biosynthesis I|g__Bacteroides.s__Bacteroides_ovatus	25.4800352705
PWY-5686: UMP biosynthesis I|g__Roseburia.s__Roseburia_inulinivorans	24.3972413965
PWY-5686: UMP biosynthesis I|g__Streptococcus.s__Streptococcus_thermophilus	23.5422656119
PWY-5686: UMP biosynthesis I|g__Blautia.s__Blautia_sp	23.5197879479
PWY-5686: UMP biosynthesis I|g__Senegalimassilia.s__Senegalimassilia_anaerobia	22.4511349685
PWY-5686: UMP biosynthesis I|g__Firmicutes_unclassified.s__Firmicutes_bacterium_CAG_102	20.8654228865
PWY-5686: UMP biosynthesis I|g__Alistipes.s__Alistipes_onderdonkii	19.5810939611
PWY-5686: UMP biosynthesis I|g__Monoglobus.s__Monoglobus_pectinilyticus	18.5940741832
PWY-5686: UMP biosynthesis I|g__Blautia.s__Blautia_sp_CAG_52	16.4110902069
PWY-5686: UMP biosynthesis I|g__Eisenbergiella.s__Eisenbergiella_massiliensis	16.0985617920
PWY-5686: UMP biosynthesis I|g__Coprobacter.s__Coprobacter_fastidiosus	14.2950485458
PWY-5686: UMP biosynthesis I|g__Eubacterium.s__Eubacterium_sp_CAG_192	13.3824349905
PWY-5686: UMP biosynthesis I|g__Flavonifractor.s__Flavonifractor_plautii	11.4425232608
PWY-5686: UMP biosynthesis I|g__Eubacterium.s__Eubacterium_sp_CAG_115	11.1526767000
PWY-5686: UMP biosynthesis I|g__Asaccharobacter.s__Asaccharobacter_celatus	10.6097046073
PWY-5686: UMP biosynthesis I|g__Roseburia.s__Roseburia_faecis	7.0844499873
PWY-5686: UMP biosynthesis I|g__Adlercreutzia.s__Adlercreutzia_equolifaciens	4.2864175173
PWY-7790: UMP biosynthesis II	15261.4212074066
PWY-7790: UMP biosynthesis II|unclassified	1452.1123421611
PWY-7790: UMP biosynthesis II|g__Blautia.s__Ruminococcus_torques	1155.4911039051
PWY-7790: UMP biosynthesis II|g__Faecalibacterium.s__Faecalibacterium_prausnitzii	1150.7847400668
PWY-7790: UMP biosynthesis II|g__Alistipes.s__Alistipes_finegoldii	679.6240478149
PWY-7790: UMP biosynthesis II|g__Fusicatenibacter.s__Fusicatenibacter_saccharivorans	654.7289190982
PWY-7790: UMP biosynthesis II|g__Anaerotruncus.s__Anaerotruncus_sp_CAG_528	651.3171816442
PWY-7790: UMP biosynthesis II|g__Ruminococcus.s__Ruminococcus_sp_CAG_353	597.2766956838
PWY-7790: UMP biosynthesis II|g__Alistipes.s__Alistipes_putredinis	537.3148480076
PWY-7790: UMP biosynthesis II|g__Blautia.s__Blautia_wexlerae	524.5354937244
PWY-7790: UMP biosynthesis II|g__Bacteroides.s__Bacteroides_stercorirosoris	431.0652621067
PWY-7790: UMP biosynthesis II|g__Barnesiella.s__Barnesiella_intestinihominis	334.7498900643
PWY-7790: UMP biosynthesis II|g__Bacteroides.s__Bacteroides_dorei	333.7424602972
PWY-7790: UMP biosynthesis II|g__Bacteroides.s__Bacteroides_vulgatus	282.8916990344
PWY-7790: UMP biosynthesis II|g__Lachnospiraceae_unclassified.s__Eubacterium_rectale	253.4205740405
PWY-7790: UMP biosynthesis II|g__Blautia.s__Blautia_obeum	220.3311565255
PWY-7790: UMP biosynthesis II|g__Roseburia.s__Roseburia_intestinalis	165.2047704387
PWY-7790: UMP biosynthesis II|g__Parabacteroides.s__Parabacteroides_distasonis	154.6134402864
PWY-7790: UMP biosynthesis II|g__Eubacterium.s__Eubacterium_eligens	152.0843792247
PWY-7790: UMP biosynthesis II|g__Bacteroides.s__Bacteroides_cellulosilyticus	101.2107192698
PWY-7790: UMP biosynthesis II|g__Anaerostipes.s__Anaerostipes_hadrus	100.2989824767
PWY-7790: UMP biosynthesis II|g__Bacteroides.s__Bacteroides_uniformis	91.8980921616
PWY-7790: UMP biosynthesis II|g__Eubacterium.s__Eubacterium_sp_CAG_252	89.6852966994
PWY-7790: UMP biosynthesis II|g__Clostridium.s__Clostridium_sp_CAG_253	87.0190078681
PWY-7790: UMP biosynthesis II|g__Bacteroides.s__Bacteroides_clarus	85.2263412184
PWY-7790: UMP biosynthesis II|g__Eubacterium.s__Eubacterium_hallii	76.9460854557
PWY-7790: UMP biosynthesis II|g__Roseburia.s__Roseburia_sp_CAG_100	74.8676875764
PWY-7790: UMP biosynthesis II|g__Parabacteroides.s__Parabacteroides_merdae	63.6328343449
PWY-7790: UMP biosynthesis II|g__Agathobaculum.s__Agathobaculum_butyriciproducens	61.6692795691
PWY-7790: UMP biosynthesis II|g__Bacteroides.s__Bacteroides_thetaiotaomicron	60.5592415125
PWY-7790: UMP biosynthesis II|g__Firmicutes_unclassified.s__Firmicutes_bacterium_CAG_41	57.4395576212
PWY-7790: UMP biosynthesis II|g__Odoribacter.s__Odoribacter_splanchnicus	55.4461549061
PWY-7790: UMP biosynthesis II|g__Gemmiger.s__Gemmiger_formicilis	53.2994202405
PWY-7790: UMP biosynthesis II|g__Ruminococcus.s__Ruminococcus_bicirculans	46.8165208622
PWY-7790: UMP biosynthesis II|g__Coprococcus.s__Coprococcus_comes	43.4226747790
PWY-7790: UMP biosynthesis II|g__Blautia.s__Blautia_sp_AF19_10LB	43.2997019039
PWY-7790: UMP biosynthesis II|g__Akkermansia.s__Akkermansia_muciniphila	43.0110133893
PWY-7790: UMP biosynthesis II|g__Alistipes.s__Alistipes_timonensis	42.1202108622
PWY-7790: UMP biosynthesis II|g__Bacteroides.s__Bacteroides_caccae	39.3653978810
PWY-7790: UMP biosynthesis II|g__Dorea.s__Dorea_longicatena	37.6382078731
PWY-7790: UMP biosynthesis II|g__Parabacteroides.s__Parabacteroides_gordonii	36.2975695093
PWY-7790: UMP biosynthesis II|g__Dorea.s__Dorea_formicigenerans	34.6354149780
PWY-7790: UMP biosynthesis II|g__Eubacterium.s__Eubacterium_ramulus	33.4002800093
PWY-7790: UMP biosynthesis II|g__Bacteroides.s__Bacteroides_ovatus	30.8436658399
PWY-7790: UMP biosynthesis II|g__Firmicutes_unclassified.s__Firmicutes_bacterium_AF16_15	29.5058145651
PWY-7790: UMP biosynthesis II|g__Bilophila.s__Bilophila_wadsworthia	27.6747292890
PWY-7790: UMP biosynthesis II|g__Clostridium.s__Clostridium_sp_AM22_11AC	26.7707057144
PWY-7790: UMP biosynthesis II|g__Eubacterium.s__Eubacterium_sp_CAG_274	26.0155486246
PWY-7790: UMP biosynthesis II|g__Roseburia.s__Roseburia_inulinivorans	24.3972413965
PWY-7790: UMP biosynthesis II|g__Streptococcus.s__Streptococcus_thermophilus	23.5422656119
PWY-7790: UMP biosynthesis II|g__Blautia.s__Blautia_sp	23.5197879479
PWY-7790: UMP biosynthesis II|g__Senegalimassilia.s__Senegalimassilia_anaerobia	22.4511349685
PWY-7790: UMP biosynthesis II|g__Firmicutes_unclassified.s__Firmicutes_bacterium_CAG_102	20.8654228865
PWY-7790: UMP biosynthesis II|g__Alistipes.s__Alistipes_onderdonkii	19.5810939611
PWY-7790: UMP biosynthesis II|g__Monoglobus.s__Monoglobus_pectinilyticus	18.5940741832
PWY-7790: UMP biosynthesis II|g__Blautia.s__Blautia_sp_CAG_52	16.4110902069
PWY-7790: UMP biosynthesis II|g__Eisenbergiella.s__Eisenbergiella_massiliensis	16.0985617920
PWY-7790: UMP biosynthesis II|g__Coprobacter.s__Coprobacter_fastidiosus	14.2950485458
PWY-7790: UMP biosynthesis II|g__Eubacterium.s__Eubacterium_sp_CAG_192	13.3824349905
PWY-7790: UMP biosynthesis II|g__Flavonifractor.s__Flavonifractor_plautii	11.4425232608
PWY-7790: UMP biosynthesis II|g__Eubacterium.s__Eubacterium_sp_CAG_115	11.1526767000
PWY-7790: UMP biosynthesis II|g__Asaccharobacter.s__Asaccharobacter_celatus	10.6097046073
PWY-7790: UMP biosynthesis II|g__Roseburia.s__Roseburia_faecis	7.0844499873
PWY-7790: UMP biosynthesis II|g__Bacteroides.s__Bacteroides_xylanisolvens	4.8409384595
PWY-7790: UMP biosynthesis II|g__Adlercreutzia.s__Adlercreutzia_equolifaciens	4.2864175173
PWY-7791: UMP biosynthesis III	15261.4212074066
PWY-7791: UMP biosynthesis III|unclassified	1452.1123421611
PWY-7791: UMP biosynthesis III|g__Blautia.s__Ruminococcus_torques	1155.4911039051
PWY-7791: UMP biosynthesis III|g__Faecalibacterium.s__Faecalibacterium_prausnitzii	1150.7847400668
PWY-7791: UMP biosynthesis III|g__Alistipes.s__Alistipes_finegoldii	679.6240478149
PWY-7791: UMP biosynthesis III|g__Fusicatenibacter.s__Fusicatenibacter_saccharivorans	654.7289190982
PWY-7791: UMP biosynthesis III|g__Anaerotruncus.s__Anaerotruncus_sp_CAG_528	651.3171816442
PWY-7791: UMP biosynthesis III|g__Ruminococcus.s__Ruminococcus_sp_CAG_353	597.2766956838
PWY-7791: UMP biosynthesis III|g__Alistipes.s__Alistipes_putredinis	537.3148480076
PWY-7791: UMP biosynthesis III|g__Blautia.s__Blautia_wexlerae	524.5354937244
PWY-7791: UMP biosynthesis III|g__Bacteroides.s__Bacteroides_stercorirosoris	431.0652621067
PWY-7791: UMP biosynthesis III|g__Barnesiella.s__Barnesiella_intestinihominis	334.7498900643
PWY-7791: UMP biosynthesis III|g__Bacteroides.s__Bacteroides_dorei	333.7424602972
PWY-7791: UMP biosynthesis III|g__Bacteroides.s__Bacteroides_vulgatus	282.8916990344
PWY-7791: UMP biosynthesis III|g__Lachnospiraceae_unclassified.s__Eubacterium_rectale	253.4205740405
PWY-7791: UMP biosynthesis III|g__Blautia.s__Blautia_obeum	220.3311565255
PWY-7791: UMP biosynthesis III|g__Roseburia.s__Roseburia_intestinalis	165.2047704387
PWY-7791: UMP biosynthesis III|g__Parabacteroides.s__Parabacteroides_distasonis	154.6134402864
PWY-7791: UMP biosynthesis III|g__Eubacterium.s__Eubacterium_eligens	152.0843792247
PWY-7791: UMP biosynthesis III|g__Bacteroides.s__Bacteroides_cellulosilyticus	101.2107192698
PWY-7791: UMP biosynthesis III|g__Anaerostipes.s__Anaerostipes_hadrus	100.2989824767
PWY-7791: UMP biosynthesis III|g__Bacteroides.s__Bacteroides_uniformis	91.8980921616
PWY-7791: UMP biosynthesis III|g__Eubacterium.s__Eubacterium_sp_CAG_252	89.6852966994
PWY-7791: UMP biosynthesis III|g__Clostridium.s__Clostridium_sp_CAG_253	87.0190078681
PWY-7791: UMP biosynthesis III|g__Bacteroides.s__Bacteroides_clarus	79.0867510558
PWY-7791: UMP biosynthesis III|g__Eubacterium.s__Eubacterium_hallii	76.9460854557
PWY-7791: UMP biosynthesis III|g__Roseburia.s__Roseburia_sp_CAG_100	74.8676875764
PWY-7791: UMP biosynthesis III|g__Parabacteroides.s__Parabacteroides_merdae	68.1512080542
PWY-7791: UMP biosynthesis III|g__Agathobaculum.s__Agathobaculum_butyriciproducens	61.6692795691
PWY-7791: UMP biosynthesis III|g__Firmicutes_unclassified.s__Firmicutes_bacterium_CAG_41	57.4395576212
PWY-7791: UMP biosynthesis III|g__Odoribacter.s__Odoribacter_splanchnicus	55.4461549061
PWY-7791: UMP biosynthesis III|g__Bacteroides.s__Bacteroides_thetaiotaomicron	55.2881099667
PWY-7791: UMP biosynthesis III|g__Gemmiger.s__Gemmiger_formicilis	53.2994202405
PWY-7791: UMP biosynthesis III|g__Ruminococcus.s__Ruminococcus_bicirculans	46.8165208622
PWY-7791: UMP biosynthesis III|g__Bacteroides.s__Bacteroides_caccae	45.0550493492
PWY-7791: UMP biosynthesis III|g__Coprococcus.s__Coprococcus_comes	43.4226747790
PWY-7791: UMP biosynthesis III|g__Blautia.s__Blautia_sp_AF19_10LB	43.2997019039
PWY-7791: UMP biosynthesis III|g__Akkermansia.s__Akkermansia_muciniphila	43.0110133893
PWY-7791: UMP biosynthesis III|g__Alistipes.s__Alistipes_timonensis	42.1202108622
PWY-7791: UMP biosynthesis III|g__Dorea.s__Dorea_longicatena	37.6382078731
PWY-7791: UMP biosynthesis III|g__Parabacteroides.s__Parabacteroides_gordonii	36.2975695093
PWY-7791: UMP biosynthesis III|g__Dorea.s__Dorea_formicigenerans	34.6354149780
PWY-7791: UMP biosynthesis III|g__Eubacterium.s__Eubacterium_ramulus	33.4002800093
PWY-7791: UMP biosynthesis III|g__Bacteroides.s__Bacteroides_ovatus	31.3721932065
PWY-7791: UMP biosynthesis III|g__Firmicutes_unclassified.s__Firmicutes_bacterium_AF16_15	29.5058145651
PWY-7791: UMP biosynthesis III|g__Bilophila.s__Bilophila_wadsworthia	27.6747292890
PWY-7791: UMP biosynthesis III|g__Clostridium.s__Clostridium_sp_AM22_11AC	26.7707057144
PWY-7791: UMP biosynthesis III|g__Eubacterium.s__Eubacterium_sp_CAG_274	26.0155486246
PWY-7791: UMP biosynthesis III|g__Roseburia.s__Roseburia_inulinivorans	24.3972413965
PWY-7791: UMP biosynthesis III|g__Streptococcus.s__Streptococcus_thermophilus	23.5422656119
PWY-7791: UMP biosynthesis III|g__Blautia.s__Blautia_sp	23.5197879479
PWY-7791: UMP biosynthesis III|g__Senegalimassilia.s__Senegalimassilia_anaerobia	22.4511349685
PWY-7791: UMP biosynthesis III|g__Firmicutes_unclassified.s__Firmicutes_bacterium_CAG_102	20.8654228865
PWY-7791: UMP biosynthesis III|g__Alistipes.s__Alistipes_onderdonkii	19.5810939611
PWY-7791: UMP biosynthesis III|g__Monoglobus.s__Monoglobus_pectinilyticus	18.5940741832
PWY-7791: UMP biosynthesis III|g__Blautia.s__Blautia_sp_CAG_52	16.4110902069
PWY-7791: UMP biosynthesis III|g__Eisenbergiella.s__Eisenbergiella_massiliensis	16.0985617920
PWY-7791: UMP biosynthesis III|g__Coprobacter.s__Coprobacter_fastidiosus	14.2950485458
PWY-7791: UMP biosynthesis III|g__Eubacterium.s__Eubacterium_sp_CAG_192	13.3824349905
PWY-7791: UMP biosynthesis III|g__Flavonifractor.s__Flavonifractor_plautii	11.4425232608
PWY-7791: UMP biosynthesis III|g__Eubacterium.s__Eubacterium_sp_CAG_115	11.1526767000
PWY-7791: UMP biosynthesis III|g__Asaccharobacter.s__Asaccharobacter_celatus	10.6097046073
PWY-7791: UMP biosynthesis III|g__Roseburia.s__Roseburia_faecis	7.0844499873
PWY-7791: UMP biosynthesis III|g__Adlercreutzia.s__Adlercreutzia_equolifaciens	4.2864175173
PWY-6385: peptidoglycan biosynthesis III (mycobacteria)	15088.3822871719
PWY-6385: peptidoglycan biosynthesis III (mycobacteria)|g__Proteobacteria_unclassified.s__Proteobacteria_bacterium_CAG_495	2013.3323689158
PWY-6385: peptidoglycan biosynthesis III (mycobacteria)|unclassified	1401.9705906342
PWY-6385: peptidoglycan biosynthesis III (mycobacteria)|g__Blautia.s__Ruminococcus_torques	1149.4520580024
PWY-6385: peptidoglycan biosynthesis III (mycobacteria)|g__Fusicatenibacter.s__Fusicatenibacter_saccharivorans	720.3568311977
PWY-6385: peptidoglycan biosynthesis III (mycobacteria)|g__Ruminococcus.s__Ruminococcus_sp_CAG_353	626.9211629347
PWY-6385: peptidoglycan biosynthesis III (mycobacteria)|g__Blautia.s__Blautia_obeum	570.0119077294
PWY-6385: peptidoglycan biosynthesis III (mycobacteria)|g__Alistipes.s__Alistipes_putredinis	476.4094960022
PWY-6385: peptidoglycan biosynthesis III (mycobacteria)|g__Bacteroides.s__Bacteroides_stercorirosoris	420.4885436216
PWY-6385: peptidoglycan biosynthesis III (mycobacteria)|g__Blautia.s__Blautia_wexlerae	320.8658698504
PWY-6385: peptidoglycan biosynthesis III (mycobacteria)|g__Bacteroides.s__Bacteroides_dorei	314.6404865434
PWY-6385: peptidoglycan biosynthesis III (mycobacteria)|g__Bacteroides.s__Bacteroides_vulgatus	295.8242882668
PWY-6385: peptidoglycan biosynthesis III (mycobacteria)|g__Candidatus_Gastranaerophilales_unclassified.s__Candidatus_Gastranaerophilales_bacterium_HUM_10	244.3119552926
PWY-6385: peptidoglycan biosynthesis III (mycobacteria)|g__Sutterella.s__Sutterella_wadsworthensis	236.6432119457
PWY-6385: peptidoglycan biosynthesis III (mycobacteria)|g__Parabacteroides.s__Parabacteroides_distasonis	162.9092231298
PWY-6385: peptidoglycan biosynthesis III (mycobacteria)|g__Alistipes.s__Alistipes_finegoldii	148.7855001955
PWY-6385: peptidoglycan biosynthesis III (mycobacteria)|g__Lachnospiraceae_unclassified.s__Eubacterium_rectale	139.0869828126
PWY-6385: peptidoglycan biosynthesis III (mycobacteria)|g__Bacteroides.s__Bacteroides_uniformis	125.1180903038
PWY-6385: peptidoglycan biosynthesis III (mycobacteria)|g__Eubacterium.s__Eubacterium_eligens	103.8186094490
PWY-6385: peptidoglycan biosynthesis III (mycobacteria)|g__Bacteroides.s__Bacteroides_cellulosilyticus	95.7719940091
PWY-6385: peptidoglycan biosynthesis III (mycobacteria)|g__Bacteroides.s__Bacteroides_clarus	95.5250143783
PWY-6385: peptidoglycan biosynthesis III (mycobacteria)|g__Anaerostipes.s__Anaerostipes_hadrus	92.8422586654
PWY-6385: peptidoglycan biosynthesis III (mycobacteria)|g__Dorea.s__Dorea_longicatena	76.4861248060
PWY-6385: peptidoglycan biosynthesis III (mycobacteria)|g__Eubacterium.s__Eubacterium_hallii	74.7393000922
PWY-6385: peptidoglycan biosynthesis III (mycobacteria)|g__Eubacterium.s__Eubacterium_sp_CAG_252	72.5489119001
PWY-6385: peptidoglycan biosynthesis III (mycobacteria)|g__Parabacteroides.s__Parabacteroides_merdae	69.6385796134
PWY-6385: peptidoglycan biosynthesis III (mycobacteria)|g__Roseburia.s__Roseburia_sp_CAG_100	68.9696958207
PWY-6385: peptidoglycan biosynthesis III (mycobacteria)|g__Bacteroides.s__Bacteroides_thetaiotaomicron	68.2088600847
PWY-6385: peptidoglycan biosynthesis III (mycobacteria)|g__Odoribacter.s__Odoribacter_splanchnicus	65.3500185156
PWY-6385: peptidoglycan biosynthesis III (mycobacteria)|g__Firmicutes_unclassified.s__Firmicutes_bacterium_CAG_41	61.7060255364
PWY-6385: peptidoglycan biosynthesis III (mycobacteria)|g__Agathobaculum.s__Agathobaculum_butyriciproducens	51.7344075905
PWY-6385: peptidoglycan biosynthesis III (mycobacteria)|g__Coprococcus.s__Coprococcus_comes	50.8658162137
PWY-6385: peptidoglycan biosynthesis III (mycobacteria)|g__Dorea.s__Dorea_formicigenerans	41.1904689516
PWY-6385: peptidoglycan biosynthesis III (mycobacteria)|g__Alistipes.s__Alistipes_timonensis	40.3690851842
PWY-6385: peptidoglycan biosynthesis III (mycobacteria)|g__Ruminococcus.s__Ruminococcus_bicirculans	40.2993461070
PWY-6385: peptidoglycan biosynthesis III (mycobacteria)|g__Bacteroides.s__Bacteroides_caccae	39.9635000560
PWY-6385: peptidoglycan biosynthesis III (mycobacteria)|g__Eubacterium.s__Eubacterium_ramulus	37.2821219848
PWY-6385: peptidoglycan biosynthesis III (mycobacteria)|g__Senegalimassilia.s__Senegalimassilia_anaerobia	36.2174706716
PWY-6385: peptidoglycan biosynthesis III (mycobacteria)|g__Streptococcus.s__Streptococcus_thermophilus	36.0806766791
PWY-6385: peptidoglycan biosynthesis III (mycobacteria)|g__Firmicutes_unclassified.s__Firmicutes_bacterium_AF16_15	34.8490562230
PWY-6385: peptidoglycan biosynthesis III (mycobacteria)|g__Bacteroides.s__Bacteroides_ovatus	33.9250501687
PWY-6385: peptidoglycan biosynthesis III (mycobacteria)|g__Blautia.s__Blautia_sp_AF19_10LB	32.9982756810
PWY-6385: peptidoglycan biosynthesis III (mycobacteria)|g__Blautia.s__Blautia_sp_CAG_52	30.2724100518
PWY-6385: peptidoglycan biosynthesis III (mycobacteria)|g__Parabacteroides.s__Parabacteroides_gordonii	29.2324670675
PWY-6385: peptidoglycan biosynthesis III (mycobacteria)|g__Bilophila.s__Bilophila_wadsworthia	27.6214306315
PWY-6385: peptidoglycan biosynthesis III (mycobacteria)|g__Butyricimonas.s__Butyricimonas_synergistica	27.1526955063
PWY-6385: peptidoglycan biosynthesis III (mycobacteria)|g__Coprobacter.s__Coprobacter_fastidiosus	22.1443530938
PWY-6385: peptidoglycan biosynthesis III (mycobacteria)|g__Alistipes.s__Alistipes_onderdonkii	22.1118319366
PWY-6385: peptidoglycan biosynthesis III (mycobacteria)|g__Blautia.s__Blautia_sp	21.9318029529
PWY-6385: peptidoglycan biosynthesis III (mycobacteria)|g__Monoglobus.s__Monoglobus_pectinilyticus	20.2181491685
PWY-6385: peptidoglycan biosynthesis III (mycobacteria)|g__Firmicutes_unclassified.s__Firmicutes_bacterium_CAG_102	18.5398695362
PWY-6385: peptidoglycan biosynthesis III (mycobacteria)|g__Eisenbergiella.s__Eisenbergiella_massiliensis	18.4026386383
PWY-6385: peptidoglycan biosynthesis III (mycobacteria)|g__Bacteroides.s__Bacteroides_xylanisolvens	4.6941234047
PWY66-429: fatty acid biosynthesis initiation (mitochondria)	14987.3050419706
PWY66-429: fatty acid biosynthesis initiation (mitochondria)|g__Proteobacteria_unclassified.s__Proteobacteria_bacterium_CAG_495	2277.6132858098
PWY66-429: fatty acid biosynthesis initiation (mitochondria)|unclassified	1416.8376279591
PWY66-429: fatty acid biosynthesis initiation (mitochondria)|g__Blautia.s__Ruminococcus_torques	891.5052634237
PWY66-429: fatty acid biosynthesis initiation (mitochondria)|g__Fusicatenibacter.s__Fusicatenibacter_saccharivorans	769.4026735917
PWY66-429: fatty acid biosynthesis initiation (mitochondria)|g__Ruminococcus.s__Ruminococcus_sp_CAG_254	545.2518769568
PWY66-429: fatty acid biosynthesis initiation (mitochondria)|g__Bacteroides.s__Bacteroides_vulgatus	462.1126494809
PWY66-429: fatty acid biosynthesis initiation (mitochondria)|g__Bacteroides.s__Bacteroides_dorei	461.2354212396
PWY66-429: fatty acid biosynthesis initiation (mitochondria)|g__Blautia.s__Blautia_obeum	433.4678016282
PWY66-429: fatty acid biosynthesis initiation (mitochondria)|g__Blautia.s__Blautia_wexlerae	292.8192357579
PWY66-429: fatty acid biosynthesis initiation (mitochondria)|g__Acetobacter.s__Acetobacter_sp_CAG_267	273.6547539612
PWY66-429: fatty acid biosynthesis initiation (mitochondria)|g__Candidatus_Gastranaerophilales_unclassified.s__Candidatus_Gastranaerophilales_bacterium_HUM_10	271.4095143651
PWY66-429: fatty acid biosynthesis initiation (mitochondria)|g__Sutterella.s__Sutterella_wadsworthensis	217.9310264288
PWY66-429: fatty acid biosynthesis initiation (mitochondria)|g__Parabacteroides.s__Parabacteroides_distasonis	137.2248511787
PWY66-429: fatty acid biosynthesis initiation (mitochondria)|g__Eubacterium.s__Eubacterium_eligens	124.9953850456
PWY66-429: fatty acid biosynthesis initiation (mitochondria)|g__Azospirillum.s__Azospirillum_sp_CAG_260	120.0539217935
PWY66-429: fatty acid biosynthesis initiation (mitochondria)|g__Bacteroides.s__Bacteroides_uniformis	100.2081563183
PWY66-429: fatty acid biosynthesis initiation (mitochondria)|g__Anaerostipes.s__Anaerostipes_hadrus	95.4137653669
PWY66-429: fatty acid biosynthesis initiation (mitochondria)|g__Agathobaculum.s__Agathobaculum_butyriciproducens	87.6262189795
PWY66-429: fatty acid biosynthesis initiation (mitochondria)|g__Clostridium.s__Clostridium_sp_CAG_253	75.0493739522
PWY66-429: fatty acid biosynthesis initiation (mitochondria)|g__Bacteroides.s__Bacteroides_clarus	71.7782020026
PWY66-429: fatty acid biosynthesis initiation (mitochondria)|g__Blautia.s__Blautia_sp_AF19_10LB	71.0047163770
PWY66-429: fatty acid biosynthesis initiation (mitochondria)|g__Dorea.s__Dorea_longicatena	70.7073444560
PWY66-429: fatty acid biosynthesis initiation (mitochondria)|g__Parabacteroides.s__Parabacteroides_merdae	65.4462809015
PWY66-429: fatty acid biosynthesis initiation (mitochondria)|g__Eubacterium.s__Eubacterium_hallii	64.0878686832
PWY66-429: fatty acid biosynthesis initiation (mitochondria)|g__Coprococcus.s__Coprococcus_comes	54.9075462708
PWY66-429: fatty acid biosynthesis initiation (mitochondria)|g__Bacteroides.s__Bacteroides_thetaiotaomicron	54.0985664128
PWY66-429: fatty acid biosynthesis initiation (mitochondria)|g__Eubacterium.s__Eubacterium_sp_CAG_252	53.8858653007
PWY66-429: fatty acid biosynthesis initiation (mitochondria)|g__Dorea.s__Dorea_formicigenerans	51.2324800664
PWY66-429: fatty acid biosynthesis initiation (mitochondria)|g__Faecalibacterium.s__Faecalibacterium_prausnitzii	49.5307858349
PWY66-429: fatty acid biosynthesis initiation (mitochondria)|g__Bacteroides.s__Bacteroides_caccae	47.0462716981
PWY66-429: fatty acid biosynthesis initiation (mitochondria)|g__Clostridium.s__Clostridium_sp_AM22_11AC	37.4261149325
PWY66-429: fatty acid biosynthesis initiation (mitochondria)|g__Bacteroides.s__Bacteroides_ovatus	33.6242596143
PWY66-429: fatty acid biosynthesis initiation (mitochondria)|g__Streptococcus.s__Streptococcus_thermophilus	32.7986739948
PWY66-429: fatty acid biosynthesis initiation (mitochondria)|g__Ruminococcus.s__Ruminococcus_bicirculans	32.4516328983
PWY66-429: fatty acid biosynthesis initiation (mitochondria)|g__Senegalimassilia.s__Senegalimassilia_anaerobia	23.0632019979
PWY66-429: fatty acid biosynthesis initiation (mitochondria)|g__Firmicutes_unclassified.s__Firmicutes_bacterium_AF16_15	23.0572068824
PWY66-429: fatty acid biosynthesis initiation (mitochondria)|g__Candidatus_Gastranaerophilales_unclassified.s__Candidatus_Gastranaerophilales_bacterium_HUM_21	21.5042203892
PWY66-429: fatty acid biosynthesis initiation (mitochondria)|g__Blautia.s__Blautia_sp	20.4976950577
PWY66-429: fatty acid biosynthesis initiation (mitochondria)|g__Coprobacter.s__Coprobacter_fastidiosus	17.0767793414
PWY66-429: fatty acid biosynthesis initiation (mitochondria)|g__Blautia.s__Blautia_sp_CAG_52	17.0400251280
PWY66-429: fatty acid biosynthesis initiation (mitochondria)|g__Eubacterium.s__Eubacterium_ramulus	14.2041875413
PWY66-429: fatty acid biosynthesis initiation (mitochondria)|g__Bacteroides.s__Bacteroides_cellulosilyticus	13.0567190241
PWY66-429: fatty acid biosynthesis initiation (mitochondria)|g__Clostridium.s__Clostridium_sp_CAG_273	12.8503451331
PWY66-429: fatty acid biosynthesis initiation (mitochondria)|g__Lawsonibacter.s__Lawsonibacter_asaccharolyticus	11.7558853391
PWY66-429: fatty acid biosynthesis initiation (mitochondria)|g__Bacteroides.s__Bacteroides_intestinalis	10.1124009298
PWY66-429: fatty acid biosynthesis initiation (mitochondria)|g__Blautia.s__Ruminococcus_gnavus	10.0273657957
PWY66-429: fatty acid biosynthesis initiation (mitochondria)|g__Bacteroides.s__Bacteroides_xylanisolvens	6.3268996058
PWY66-429: fatty acid biosynthesis initiation (mitochondria)|g__Parabacteroides.s__Parabacteroides_gordonii	2.3260453429
PWY66-429: fatty acid biosynthesis initiation (mitochondria)|g__Streptococcus.s__Streptococcus_pneumoniae	2.2530451313
PWY-7953: UDP-N-acetylmuramoyl-pentapeptide biosynthesis III (meso-diaminopimelate containing)	14890.3925388319
PWY-7953: UDP-N-acetylmuramoyl-pentapeptide biosynthesis III (meso-diaminopimelate containing)|unclassified	1390.0224201807
PWY-7953: UDP-N-acetylmuramoyl-pentapeptide biosynthesis III (meso-diaminopimelate containing)|g__Blautia.s__Ruminococcus_torques	1209.7448731582
PWY-7953: UDP-N-acetylmuramoyl-pentapeptide biosynthesis III (meso-diaminopimelate containing)|g__Fusicatenibacter.s__Fusicatenibacter_saccharivorans	724.1501269773
PWY-7953: UDP-N-acetylmuramoyl-pentapeptide biosynthesis III (meso-diaminopimelate containing)|g__Ruminococcus.s__Ruminococcus_sp_CAG_353	635.1003298194
PWY-7953: UDP-N-acetylmuramoyl-pentapeptide biosynthesis III (meso-diaminopimelate containing)|g__Blautia.s__Blautia_obeum	543.4417200163
PWY-7953: UDP-N-acetylmuramoyl-pentapeptide biosynthesis III (meso-diaminopimelate containing)|g__Alistipes.s__Alistipes_putredinis	462.3451044790
PWY-7953: UDP-N-acetylmuramoyl-pentapeptide biosynthesis III (meso-diaminopimelate containing)|g__Blautia.s__Blautia_wexlerae	427.4393258994
PWY-7953: UDP-N-acetylmuramoyl-pentapeptide biosynthesis III (meso-diaminopimelate containing)|g__Bacteroides.s__Bacteroides_stercorirosoris	371.7877223826
PWY-7953: UDP-N-acetylmuramoyl-pentapeptide biosynthesis III (meso-diaminopimelate containing)|g__Bacteroides.s__Bacteroides_dorei	287.6748061659
PWY-7953: UDP-N-acetylmuramoyl-pentapeptide biosynthesis III (meso-diaminopimelate containing)|g__Bacteroides.s__Bacteroides_vulgatus	284.9178771216
PWY-7953: UDP-N-acetylmuramoyl-pentapeptide biosynthesis III (meso-diaminopimelate containing)|g__Candidatus_Gastranaerophilales_unclassified.s__Candidatus_Gastranaerophilales_bacterium_HUM_10	233.3349636485
PWY-7953: UDP-N-acetylmuramoyl-pentapeptide biosynthesis III (meso-diaminopimelate containing)|g__Sutterella.s__Sutterella_wadsworthensis	226.0770021332
PWY-7953: UDP-N-acetylmuramoyl-pentapeptide biosynthesis III (meso-diaminopimelate containing)|g__Roseburia.s__Roseburia_intestinalis	151.3528296135
PWY-7953: UDP-N-acetylmuramoyl-pentapeptide biosynthesis III (meso-diaminopimelate containing)|g__Parabacteroides.s__Parabacteroides_distasonis	138.9484692614
PWY-7953: UDP-N-acetylmuramoyl-pentapeptide biosynthesis III (meso-diaminopimelate containing)|g__Lachnospiraceae_unclassified.s__Eubacterium_rectale	117.8314446427
PWY-7953: UDP-N-acetylmuramoyl-pentapeptide biosynthesis III (meso-diaminopimelate containing)|g__Alistipes.s__Alistipes_finegoldii	116.9764842475
PWY-7953: UDP-N-acetylmuramoyl-pentapeptide biosynthesis III (meso-diaminopimelate containing)|g__Bacteroides.s__Bacteroides_uniformis	109.3357330617
PWY-7953: UDP-N-acetylmuramoyl-pentapeptide biosynthesis III (meso-diaminopimelate containing)|g__Eubacterium.s__Eubacterium_eligens	107.7299770407
PWY-7953: UDP-N-acetylmuramoyl-pentapeptide biosynthesis III (meso-diaminopimelate containing)|g__Eubacterium.s__Eubacterium_sp_CAG_252	84.5954133992
PWY-7953: UDP-N-acetylmuramoyl-pentapeptide biosynthesis III (meso-diaminopimelate containing)|g__Anaerostipes.s__Anaerostipes_hadrus	83.1870588220
PWY-7953: UDP-N-acetylmuramoyl-pentapeptide biosynthesis III (meso-diaminopimelate containing)|g__Dorea.s__Dorea_longicatena	79.1639256296
PWY-7953: UDP-N-acetylmuramoyl-pentapeptide biosynthesis III (meso-diaminopimelate containing)|g__Eubacterium.s__Eubacterium_hallii	74.8553659930
PWY-7953: UDP-N-acetylmuramoyl-pentapeptide biosynthesis III (meso-diaminopimelate containing)|g__Roseburia.s__Roseburia_sp_CAG_100	72.6507910620
PWY-7953: UDP-N-acetylmuramoyl-pentapeptide biosynthesis III (meso-diaminopimelate containing)|g__Bacteroides.s__Bacteroides_clarus	70.9947393086
PWY-7953: UDP-N-acetylmuramoyl-pentapeptide biosynthesis III (meso-diaminopimelate containing)|g__Parabacteroides.s__Parabacteroides_merdae	69.1426727721
PWY-7953: UDP-N-acetylmuramoyl-pentapeptide biosynthesis III (meso-diaminopimelate containing)|g__Odoribacter.s__Odoribacter_splanchnicus	65.4495021241
PWY-7953: UDP-N-acetylmuramoyl-pentapeptide biosynthesis III (meso-diaminopimelate containing)|g__Clostridium.s__Clostridium_sp_CAG_253	64.5361389419
PWY-7953: UDP-N-acetylmuramoyl-pentapeptide biosynthesis III (meso-diaminopimelate containing)|g__Bacteroides.s__Bacteroides_cellulosilyticus	62.9533800378
PWY-7953: UDP-N-acetylmuramoyl-pentapeptide biosynthesis III (meso-diaminopimelate containing)|g__Bacteroides.s__Bacteroides_thetaiotaomicron	61.6604678886
PWY-7953: UDP-N-acetylmuramoyl-pentapeptide biosynthesis III (meso-diaminopimelate containing)|g__Firmicutes_unclassified.s__Firmicutes_bacterium_CAG_41	59.0058504692
PWY-7953: UDP-N-acetylmuramoyl-pentapeptide biosynthesis III (meso-diaminopimelate containing)|g__Coprococcus.s__Coprococcus_comes	49.4492417124
PWY-7953: UDP-N-acetylmuramoyl-pentapeptide biosynthesis III (meso-diaminopimelate containing)|g__Dorea.s__Dorea_formicigenerans	40.2749166050
PWY-7953: UDP-N-acetylmuramoyl-pentapeptide biosynthesis III (meso-diaminopimelate containing)|g__Firmicutes_unclassified.s__Firmicutes_bacterium_AF16_15	38.6214882570
PWY-7953: UDP-N-acetylmuramoyl-pentapeptide biosynthesis III (meso-diaminopimelate containing)|g__Alistipes.s__Alistipes_timonensis	37.7370857571
PWY-7953: UDP-N-acetylmuramoyl-pentapeptide biosynthesis III (meso-diaminopimelate containing)|g__Eubacterium.s__Eubacterium_ramulus	37.5286615305
PWY-7953: UDP-N-acetylmuramoyl-pentapeptide biosynthesis III (meso-diaminopimelate containing)|g__Senegalimassilia.s__Senegalimassilia_anaerobia	36.0056081045
PWY-7953: UDP-N-acetylmuramoyl-pentapeptide biosynthesis III (meso-diaminopimelate containing)|g__Ruminococcus.s__Ruminococcus_bicirculans	34.7922573164
PWY-7953: UDP-N-acetylmuramoyl-pentapeptide biosynthesis III (meso-diaminopimelate containing)|g__Blautia.s__Blautia_sp_AF19_10LB	33.7386202364
PWY-7953: UDP-N-acetylmuramoyl-pentapeptide biosynthesis III (meso-diaminopimelate containing)|g__Streptococcus.s__Streptococcus_thermophilus	32.9090199032
PWY-7953: UDP-N-acetylmuramoyl-pentapeptide biosynthesis III (meso-diaminopimelate containing)|g__Akkermansia.s__Akkermansia_muciniphila	32.7405957912
PWY-7953: UDP-N-acetylmuramoyl-pentapeptide biosynthesis III (meso-diaminopimelate containing)|g__Blautia.s__Blautia_sp_CAG_52	32.4685880104
PWY-7953: UDP-N-acetylmuramoyl-pentapeptide biosynthesis III (meso-diaminopimelate containing)|g__Bacteroides.s__Bacteroides_caccae	32.3663887408
PWY-7953: UDP-N-acetylmuramoyl-pentapeptide biosynthesis III (meso-diaminopimelate containing)|g__Butyricimonas.s__Butyricimonas_synergistica	31.8407615994
PWY-7953: UDP-N-acetylmuramoyl-pentapeptide biosynthesis III (meso-diaminopimelate containing)|g__Roseburia.s__Roseburia_inulinivorans	24.0020574133
PWY-7953: UDP-N-acetylmuramoyl-pentapeptide biosynthesis III (meso-diaminopimelate containing)|g__Blautia.s__Blautia_sp	23.3266405278
PWY-7953: UDP-N-acetylmuramoyl-pentapeptide biosynthesis III (meso-diaminopimelate containing)|g__Monoglobus.s__Monoglobus_pectinilyticus	22.6731977589
PWY-7953: UDP-N-acetylmuramoyl-pentapeptide biosynthesis III (meso-diaminopimelate containing)|g__Parabacteroides.s__Parabacteroides_gordonii	22.2504356164
PWY-7953: UDP-N-acetylmuramoyl-pentapeptide biosynthesis III (meso-diaminopimelate containing)|g__Bilophila.s__Bilophila_wadsworthia	21.5266940610
PWY-7953: UDP-N-acetylmuramoyl-pentapeptide biosynthesis III (meso-diaminopimelate containing)|g__Eisenbergiella.s__Eisenbergiella_massiliensis	21.4611532991
PWY-7953: UDP-N-acetylmuramoyl-pentapeptide biosynthesis III (meso-diaminopimelate containing)|g__Alistipes.s__Alistipes_onderdonkii	21.4353091856
PWY-7953: UDP-N-acetylmuramoyl-pentapeptide biosynthesis III (meso-diaminopimelate containing)|g__Firmicutes_unclassified.s__Firmicutes_bacterium_CAG_102	19.1654486451
PWY-7953: UDP-N-acetylmuramoyl-pentapeptide biosynthesis III (meso-diaminopimelate containing)|g__Coprobacter.s__Coprobacter_fastidiosus	17.4838870116
PWY-7953: UDP-N-acetylmuramoyl-pentapeptide biosynthesis III (meso-diaminopimelate containing)|g__Coprobacter.s__Coprobacter_secundus	9.4627132635
PWY-7953: UDP-N-acetylmuramoyl-pentapeptide biosynthesis III (meso-diaminopimelate containing)|g__Bacteroides.s__Bacteroides_ovatus	2.8816407856
PWY-7953: UDP-N-acetylmuramoyl-pentapeptide biosynthesis III (meso-diaminopimelate containing)|g__Streptococcus.s__Streptococcus_pneumoniae	2.2893936711
PWY-5941: glycogen degradation II	14841.9004457037
PWY-5941: glycogen degradation II|g__Faecalibacterium.s__Faecalibacterium_prausnitzii	1384.4582753922
PWY-5941: glycogen degradation II|g__Blautia.s__Blautia_obeum	1125.7891932101
PWY-5941: glycogen degradation II|g__Blautia.s__Ruminococcus_torques	1102.1913299354
PWY-5941: glycogen degradation II|g__Fusicatenibacter.s__Fusicatenibacter_saccharivorans	1046.2901353769
PWY-5941: glycogen degradation II|unclassified	1002.5126777468
PWY-5941: glycogen degradation II|g__Blautia.s__Blautia_wexlerae	674.4322041890
PWY-5941: glycogen degradation II|g__Roseburia.s__Roseburia_intestinalis	279.1144228749
PWY-5941: glycogen degradation II|g__Eubacterium.s__Eubacterium_hallii	217.2253335573
PWY-5941: glycogen degradation II|g__Eubacterium.s__Eubacterium_eligens	156.7435635584
PWY-5941: glycogen degradation II|g__Dorea.s__Dorea_longicatena	142.2735637024
PWY-5941: glycogen degradation II|g__Anaerostipes.s__Anaerostipes_hadrus	116.2980125406
PWY-5941: glycogen degradation II|g__Dorea.s__Dorea_formicigenerans	82.4278296192
PWY-5941: glycogen degradation II|g__Eubacterium.s__Eubacterium_ramulus	73.1512117956
PWY-5941: glycogen degradation II|g__Blautia.s__Blautia_sp	72.8263545936
PWY-5941: glycogen degradation II|g__Coprococcus.s__Coprococcus_comes	70.9270526568
PWY-5941: glycogen degradation II|g__Agathobaculum.s__Agathobaculum_butyriciproducens	67.3906868159
PWY-5941: glycogen degradation II|g__Bacteroides.s__Bacteroides_thetaiotaomicron	64.8119755581
PWY-5941: glycogen degradation II|g__Blautia.s__Blautia_sp_AF19_10LB	56.2795595285
PWY-5941: glycogen degradation II|g__Blautia.s__Blautia_sp_CAG_52	51.5591010017
PWY-5941: glycogen degradation II|g__Roseburia.s__Roseburia_inulinivorans	50.4532801194
PWY-5941: glycogen degradation II|g__Streptococcus.s__Streptococcus_thermophilus	34.0397753787
PWY-5941: glycogen degradation II|g__Bacteroides.s__Bacteroides_ovatus	32.0641406346
PWY-5941: glycogen degradation II|g__Eisenbergiella.s__Eisenbergiella_massiliensis	26.9285755793
PWY-5941: glycogen degradation II|g__Roseburia.s__Roseburia_faecis	25.8846315272
PWY-5941: glycogen degradation II|g__Eisenbergiella.s__Eisenbergiella_tayi	5.5077837210
VALSYN-PWY: L-valine biosynthesis	14628.8337646613
VALSYN-PWY: L-valine biosynthesis|unclassified	1155.8418825004
VALSYN-PWY: L-valine biosynthesis|g__Blautia.s__Ruminococcus_torques	1059.4940785811
VALSYN-PWY: L-valine biosynthesis|g__Faecalibacterium.s__Faecalibacterium_prausnitzii	890.8674766366
VALSYN-PWY: L-valine biosynthesis|g__Blautia.s__Blautia_obeum	732.1544808193
VALSYN-PWY: L-valine biosynthesis|g__Ruminococcus.s__Ruminococcus_sp_CAG_353	701.9178579153
VALSYN-PWY: L-valine biosynthesis|g__Fusicatenibacter.s__Fusicatenibacter_saccharivorans	687.6262218269
VALSYN-PWY: L-valine biosynthesis|g__Ruminococcus.s__Ruminococcus_bromii	620.6703113267
VALSYN-PWY: L-valine biosynthesis|g__Anaerotruncus.s__Anaerotruncus_sp_CAG_528	607.3628045885
VALSYN-PWY: L-valine biosynthesis|g__Alistipes.s__Alistipes_finegoldii	562.2212278013
VALSYN-PWY: L-valine biosynthesis|g__Ruminococcus.s__Ruminococcus_sp_CAG_254	428.5320588074
VALSYN-PWY: L-valine biosynthesis|g__Subdoligranulum.s__Subdoligranulum_sp_APC924_74	423.8911058782
VALSYN-PWY: L-valine biosynthesis|g__Blautia.s__Blautia_wexlerae	423.5456114839
VALSYN-PWY: L-valine biosynthesis|g__Lachnospiraceae_unclassified.s__Eubacterium_rectale	403.3724475635
VALSYN-PWY: L-valine biosynthesis|g__Bacteroides.s__Bacteroides_stercorirosoris	394.5429719765
VALSYN-PWY: L-valine biosynthesis|g__Barnesiella.s__Barnesiella_intestinihominis	312.1120092496
VALSYN-PWY: L-valine biosynthesis|g__Bacteroides.s__Bacteroides_dorei	298.3939266665
VALSYN-PWY: L-valine biosynthesis|g__Candidatus_Gastranaerophilales_unclassified.s__Candidatus_Gastranaerophilales_bacterium_HUM_10	277.2729795218
VALSYN-PWY: L-valine biosynthesis|g__Roseburia.s__Roseburia_intestinalis	231.2180999405
VALSYN-PWY: L-valine biosynthesis|g__Bacteroides.s__Bacteroides_vulgatus	222.8255230719
VALSYN-PWY: L-valine biosynthesis|g__Parabacteroides.s__Parabacteroides_distasonis	170.6321646470
VALSYN-PWY: L-valine biosynthesis|g__Eubacterium.s__Eubacterium_eligens	154.5364864285
VALSYN-PWY: L-valine biosynthesis|g__Eubacterium.s__Eubacterium_hallii	123.5519824373
VALSYN-PWY: L-valine biosynthesis|g__Anaerostipes.s__Anaerostipes_hadrus	119.5702697347
VALSYN-PWY: L-valine biosynthesis|g__Bacteroides.s__Bacteroides_uniformis	96.8850761952
VALSYN-PWY: L-valine biosynthesis|g__Bacteroides.s__Bacteroides_clarus	82.5545787510
VALSYN-PWY: L-valine biosynthesis|g__Gemmiger.s__Gemmiger_formicilis	79.4483906816
VALSYN-PWY: L-valine biosynthesis|g__Bacteroides.s__Bacteroides_cellulosilyticus	77.2696883732
VALSYN-PWY: L-valine biosynthesis|g__Bacteroides.s__Bacteroides_thetaiotaomicron	74.7775648023
VALSYN-PWY: L-valine biosynthesis|g__Alistipes.s__Alistipes_timonensis	73.4551011252
VALSYN-PWY: L-valine biosynthesis|g__Blautia.s__Blautia_sp_AF19_10LB	73.2898972737
VALSYN-PWY: L-valine biosynthesis|g__Alistipes.s__Alistipes_onderdonkii	72.6392317515
VALSYN-PWY: L-valine biosynthesis|g__Parabacteroides.s__Parabacteroides_merdae	72.3634512244
VALSYN-PWY: L-valine biosynthesis|g__Blautia.s__Blautia_sp	67.2716936955
VALSYN-PWY: L-valine biosynthesis|g__Firmicutes_unclassified.s__Firmicutes_bacterium_CAG_41	67.0289149941
VALSYN-PWY: L-valine biosynthesis|g__Odoribacter.s__Odoribacter_splanchnicus	66.4494072948
VALSYN-PWY: L-valine biosynthesis|g__Dorea.s__Dorea_longicatena	63.9131177007
VALSYN-PWY: L-valine biosynthesis|g__Agathobaculum.s__Agathobaculum_butyriciproducens	62.7345968201
VALSYN-PWY: L-valine biosynthesis|g__Dorea.s__Dorea_formicigenerans	62.1355695888
VALSYN-PWY: L-valine biosynthesis|g__Roseburia.s__Roseburia_sp_CAG_100	61.0461093192
VALSYN-PWY: L-valine biosynthesis|g__Coprococcus.s__Coprococcus_comes	58.9014881348
VALSYN-PWY: L-valine biosynthesis|g__Bacteroides.s__Bacteroides_caccae	55.1075411531
VALSYN-PWY: L-valine biosynthesis|g__Eubacterium.s__Eubacterium_sp_CAG_252	53.0940815651
VALSYN-PWY: L-valine biosynthesis|g__Ruminococcus.s__Ruminococcus_bicirculans	47.8212538962
VALSYN-PWY: L-valine biosynthesis|g__Streptococcus.s__Streptococcus_thermophilus	45.6450320042
VALSYN-PWY: L-valine biosynthesis|g__Akkermansia.s__Akkermansia_muciniphila	43.0977000215
VALSYN-PWY: L-valine biosynthesis|g__Roseburia.s__Roseburia_inulinivorans	42.1535263760
VALSYN-PWY: L-valine biosynthesis|g__Eubacterium.s__Eubacterium_sp_CAG_274	40.9445526226
VALSYN-PWY: L-valine biosynthesis|g__Bacteroides.s__Bacteroides_ovatus	37.2746143361
VALSYN-PWY: L-valine biosynthesis|g__Bacteroides.s__Bacteroides_intestinalis	35.1626774614
VALSYN-PWY: L-valine biosynthesis|g__Senegalimassilia.s__Senegalimassilia_anaerobia	34.6921339985
VALSYN-PWY: L-valine biosynthesis|g__Clostridium.s__Clostridium_sp_AM22_11AC	33.5570063174
VALSYN-PWY: L-valine biosynthesis|g__Firmicutes_unclassified.s__Firmicutes_bacterium_AF16_15	32.4266072243
VALSYN-PWY: L-valine biosynthesis|g__Eubacterium.s__Eubacterium_ramulus	31.3603465313
VALSYN-PWY: L-valine biosynthesis|g__Parabacteroides.s__Parabacteroides_gordonii	30.5088914368
VALSYN-PWY: L-valine biosynthesis|g__Bilophila.s__Bilophila_wadsworthia	29.7082990366
VALSYN-PWY: L-valine biosynthesis|g__Candidatus_Gastranaerophilales_unclassified.s__Candidatus_Gastranaerophilales_bacterium_HUM_21	27.1850175239
VALSYN-PWY: L-valine biosynthesis|g__Flavonifractor.s__Flavonifractor_plautii	24.6988590344
VALSYN-PWY: L-valine biosynthesis|g__Firmicutes_unclassified.s__Firmicutes_bacterium_CAG_102	23.1681124519
VALSYN-PWY: L-valine biosynthesis|g__Coprobacter.s__Coprobacter_fastidiosus	21.4115195228
VALSYN-PWY: L-valine biosynthesis|g__Blautia.s__Blautia_sp_CAG_52	20.1116264033
VALSYN-PWY: L-valine biosynthesis|g__Roseburia.s__Roseburia_hominis	19.7170431640
VALSYN-PWY: L-valine biosynthesis|g__Eisenbergiella.s__Eisenbergiella_massiliensis	19.5850153211
VALSYN-PWY: L-valine biosynthesis|g__Roseburia.s__Roseburia_faecis	17.6937641779
VALSYN-PWY: L-valine biosynthesis|g__Eubacterium.s__Eubacterium_sp_CAG_38	15.7239423732
VALSYN-PWY: L-valine biosynthesis|g__Monoglobus.s__Monoglobus_pectinilyticus	14.8565531059
VALSYN-PWY: L-valine biosynthesis|g__Adlercreutzia.s__Adlercreutzia_equolifaciens	12.0346648952
VALSYN-PWY: L-valine biosynthesis|g__Erysipelatoclostridium.s__Clostridium_spiroforme	11.8294185039
VALSYN-PWY: L-valine biosynthesis|g__Asaccharobacter.s__Asaccharobacter_celatus	10.3410880544
VALSYN-PWY: L-valine biosynthesis|g__Hungatella.s__Hungatella_hathewayi	10.1045618438
VALSYN-PWY: L-valine biosynthesis|g__Eubacterium.s__Eubacterium_sp_AF17_7	9.6947920443
VALSYN-PWY: L-valine biosynthesis|g__Blautia.s__Ruminococcus_gnavus	8.6866373252
VALSYN-PWY: L-valine biosynthesis|g__Coprobacter.s__Coprobacter_secundus	6.7717895376
VALSYN-PWY: L-valine biosynthesis|g__Lachnoclostridium.s__Clostridium_symbiosum	6.6320672434
VALSYN-PWY: L-valine biosynthesis|g__Bacteroides.s__Bacteroides_xylanisolvens	4.7425703933
VALSYN-PWY: L-valine biosynthesis|g__Streptococcus.s__Streptococcus_pneumoniae	3.1067161212
VALSYN-PWY: L-valine biosynthesis|g__Eisenbergiella.s__Eisenbergiella_tayi	1.9919010770
PWY-6163: chorismate biosynthesis from 3-dehydroquinate	14386.4720056658
PWY-6163: chorismate biosynthesis from 3-dehydroquinate|unclassified	1671.5362385098
PWY-6163: chorismate biosynthesis from 3-dehydroquinate|g__Faecalibacterium.s__Faecalibacterium_prausnitzii	1327.1835988699
PWY-6163: chorismate biosynthesis from 3-dehydroquinate|g__Blautia.s__Ruminococcus_torques	1147.6683649206
PWY-6163: chorismate biosynthesis from 3-dehydroquinate|g__Fusicatenibacter.s__Fusicatenibacter_saccharivorans	838.3103356515
PWY-6163: chorismate biosynthesis from 3-dehydroquinate|g__Anaerotruncus.s__Anaerotruncus_sp_CAG_528	733.6050902521
PWY-6163: chorismate biosynthesis from 3-dehydroquinate|g__Blautia.s__Blautia_obeum	664.4134728016
PWY-6163: chorismate biosynthesis from 3-dehydroquinate|g__Ruminococcus.s__Ruminococcus_sp_CAG_353	595.3232096500
PWY-6163: chorismate biosynthesis from 3-dehydroquinate|g__Ruminococcus.s__Ruminococcus_bromii	524.4712836006
PWY-6163: chorismate biosynthesis from 3-dehydroquinate|g__Ruminococcus.s__Ruminococcus_sp_CAG_254	438.0931655467
PWY-6163: chorismate biosynthesis from 3-dehydroquinate|g__Subdoligranulum.s__Subdoligranulum_sp_APC924_74	424.3093710117
PWY-6163: chorismate biosynthesis from 3-dehydroquinate|g__Bacteroides.s__Bacteroides_stercorirosoris	419.6192463941
PWY-6163: chorismate biosynthesis from 3-dehydroquinate|g__Bacteroides.s__Bacteroides_dorei	343.2536126104
PWY-6163: chorismate biosynthesis from 3-dehydroquinate|g__Blautia.s__Blautia_wexlerae	340.1043669674
PWY-6163: chorismate biosynthesis from 3-dehydroquinate|g__Bacteroides.s__Bacteroides_vulgatus	286.6544623972
PWY-6163: chorismate biosynthesis from 3-dehydroquinate|g__Barnesiella.s__Barnesiella_intestinihominis	285.5859427547
PWY-6163: chorismate biosynthesis from 3-dehydroquinate|g__Lachnospiraceae_unclassified.s__Eubacterium_rectale	273.8284648657
PWY-6163: chorismate biosynthesis from 3-dehydroquinate|g__Candidatus_Gastranaerophilales_unclassified.s__Candidatus_Gastranaerophilales_bacterium_HUM_10	232.3622399317
PWY-6163: chorismate biosynthesis from 3-dehydroquinate|g__Roseburia.s__Roseburia_intestinalis	212.2291887378
PWY-6163: chorismate biosynthesis from 3-dehydroquinate|g__Alistipes.s__Alistipes_finegoldii	179.8342845407
PWY-6163: chorismate biosynthesis from 3-dehydroquinate|g__Parabacteroides.s__Parabacteroides_distasonis	145.0650776581
PWY-6163: chorismate biosynthesis from 3-dehydroquinate|g__Eubacterium.s__Eubacterium_hallii	122.7690254718
PWY-6163: chorismate biosynthesis from 3-dehydroquinate|g__Eubacterium.s__Eubacterium_eligens	111.6242920975
PWY-6163: chorismate biosynthesis from 3-dehydroquinate|g__Anaerostipes.s__Anaerostipes_hadrus	100.1171436202
PWY-6163: chorismate biosynthesis from 3-dehydroquinate|g__Bacteroides.s__Bacteroides_cellulosilyticus	93.0943079133
PWY-6163: chorismate biosynthesis from 3-dehydroquinate|g__Bacteroides.s__Bacteroides_uniformis	89.5917690401
PWY-6163: chorismate biosynthesis from 3-dehydroquinate|g__Coprococcus.s__Coprococcus_comes	86.9074256230
PWY-6163: chorismate biosynthesis from 3-dehydroquinate|g__Bacteroides.s__Bacteroides_clarus	75.4364504244
PWY-6163: chorismate biosynthesis from 3-dehydroquinate|g__Roseburia.s__Roseburia_sp_CAG_100	68.8954530670
PWY-6163: chorismate biosynthesis from 3-dehydroquinate|g__Eubacterium.s__Eubacterium_sp_CAG_252	68.4410252559
PWY-6163: chorismate biosynthesis from 3-dehydroquinate|g__Parabacteroides.s__Parabacteroides_merdae	66.5659513917
PWY-6163: chorismate biosynthesis from 3-dehydroquinate|g__Bacteroides.s__Bacteroides_thetaiotaomicron	64.3357677294
PWY-6163: chorismate biosynthesis from 3-dehydroquinate|g__Agathobaculum.s__Agathobaculum_butyriciproducens	60.9236029954
PWY-6163: chorismate biosynthesis from 3-dehydroquinate|g__Odoribacter.s__Odoribacter_splanchnicus	54.9305348575
PWY-6163: chorismate biosynthesis from 3-dehydroquinate|g__Blautia.s__Blautia_sp_AF19_10LB	54.7113711894
PWY-6163: chorismate biosynthesis from 3-dehydroquinate|g__Clostridium.s__Clostridium_sp_CAG_253	54.1330362642
PWY-6163: chorismate biosynthesis from 3-dehydroquinate|g__Firmicutes_unclassified.s__Firmicutes_bacterium_CAG_41	46.3121826253
PWY-6163: chorismate biosynthesis from 3-dehydroquinate|g__Bacteroides.s__Bacteroides_caccae	43.8754761607
PWY-6163: chorismate biosynthesis from 3-dehydroquinate|g__Ruminococcus.s__Ruminococcus_bicirculans	42.8636533000
PWY-6163: chorismate biosynthesis from 3-dehydroquinate|g__Senegalimassilia.s__Senegalimassilia_anaerobia	42.4476149009
PWY-6163: chorismate biosynthesis from 3-dehydroquinate|g__Dorea.s__Dorea_longicatena	41.2751127575
PWY-6163: chorismate biosynthesis from 3-dehydroquinate|g__Dorea.s__Dorea_formicigenerans	37.2452072906
PWY-6163: chorismate biosynthesis from 3-dehydroquinate|g__Parabacteroides.s__Parabacteroides_gordonii	36.8616702258
PWY-6163: chorismate biosynthesis from 3-dehydroquinate|g__Streptococcus.s__Streptococcus_thermophilus	36.5896795044
PWY-6163: chorismate biosynthesis from 3-dehydroquinate|g__Eubacterium.s__Eubacterium_sp_CAG_274	35.1359736656
PWY-6163: chorismate biosynthesis from 3-dehydroquinate|g__Eubacterium.s__Eubacterium_ramulus	35.0201964039
PWY-6163: chorismate biosynthesis from 3-dehydroquinate|g__Akkermansia.s__Akkermansia_muciniphila	34.8233888319
PWY-6163: chorismate biosynthesis from 3-dehydroquinate|g__Firmicutes_unclassified.s__Firmicutes_bacterium_AF16_15	32.6221121095
PWY-6163: chorismate biosynthesis from 3-dehydroquinate|g__Roseburia.s__Roseburia_inulinivorans	32.3399760174
PWY-6163: chorismate biosynthesis from 3-dehydroquinate|g__Bilophila.s__Bilophila_wadsworthia	31.6275253187
PWY-6163: chorismate biosynthesis from 3-dehydroquinate|g__Alistipes.s__Alistipes_timonensis	30.8083584674
PWY-6163: chorismate biosynthesis from 3-dehydroquinate|g__Blautia.s__Blautia_sp	30.6491303390
PWY-6163: chorismate biosynthesis from 3-dehydroquinate|g__Blautia.s__Blautia_sp_CAG_52	29.9603820160
PWY-6163: chorismate biosynthesis from 3-dehydroquinate|g__Bacteroides.s__Bacteroides_ovatus	25.9245143952
PWY-6163: chorismate biosynthesis from 3-dehydroquinate|g__Butyricimonas.s__Butyricimonas_synergistica	23.3703044229
PWY-6163: chorismate biosynthesis from 3-dehydroquinate|g__Lawsonibacter.s__Lawsonibacter_asaccharolyticus	23.3202653751
PWY-6163: chorismate biosynthesis from 3-dehydroquinate|g__Candidatus_Gastranaerophilales_unclassified.s__Candidatus_Gastranaerophilales_bacterium_HUM_21	22.0433587525
PWY-6163: chorismate biosynthesis from 3-dehydroquinate|g__Lachnoclostridium.s__Clostridium_symbiosum	21.9437996875
PWY-6163: chorismate biosynthesis from 3-dehydroquinate|g__Clostridium.s__Clostridium_sp_AM22_11AC	20.5629953807
PWY-6163: chorismate biosynthesis from 3-dehydroquinate|g__Coprobacter.s__Coprobacter_fastidiosus	14.8398339150
PWY-6163: chorismate biosynthesis from 3-dehydroquinate|g__Eubacterium.s__Eubacterium_sp_CAG_38	13.2816561796
PWY-6163: chorismate biosynthesis from 3-dehydroquinate|g__Flavonifractor.s__Flavonifractor_plautii	12.0884520499
PWY-6163: chorismate biosynthesis from 3-dehydroquinate|g__Firmicutes_unclassified.s__Firmicutes_bacterium_CAG_102	11.5616804047
PWY-6163: chorismate biosynthesis from 3-dehydroquinate|g__Roseburia.s__Roseburia_hominis	11.1184559956
PWY-6163: chorismate biosynthesis from 3-dehydroquinate|g__Sutterella.s__Sutterella_wadsworthensis	10.0963176498
PWY-6163: chorismate biosynthesis from 3-dehydroquinate|g__Eisenbergiella.s__Eisenbergiella_massiliensis	10.0362760383
PWY-6163: chorismate biosynthesis from 3-dehydroquinate|g__Eggerthella.s__Eggerthella_sp_CAG_209	9.1175410986
PWY-6163: chorismate biosynthesis from 3-dehydroquinate|g__Roseburia.s__Roseburia_faecis	7.0281503983
PWY-6163: chorismate biosynthesis from 3-dehydroquinate|g__Bacteroides.s__Bacteroides_xylanisolvens	6.6820187724
PWY-6609: adenine and adenosine salvage III	14354.9687880130
PWY-6609: adenine and adenosine salvage III|unclassified	1515.8697218283
PWY-6609: adenine and adenosine salvage III|g__Fusicatenibacter.s__Fusicatenibacter_saccharivorans	1065.7879311470
PWY-6609: adenine and adenosine salvage III|g__Blautia.s__Ruminococcus_torques	992.2784546296
PWY-6609: adenine and adenosine salvage III|g__Faecalibacterium.s__Faecalibacterium_prausnitzii	717.5853520652
PWY-6609: adenine and adenosine salvage III|g__Ruminococcus.s__Ruminococcus_sp_CAG_353	636.1877257730
PWY-6609: adenine and adenosine salvage III|g__Anaerotruncus.s__Anaerotruncus_sp_CAG_528	530.1910626562
PWY-6609: adenine and adenosine salvage III|g__Alistipes.s__Alistipes_finegoldii	510.4261823167
PWY-6609: adenine and adenosine salvage III|g__Alistipes.s__Alistipes_putredinis	474.2317222419
PWY-6609: adenine and adenosine salvage III|g__Bacteroides.s__Bacteroides_stercorirosoris	398.2495140918
PWY-6609: adenine and adenosine salvage III|g__Blautia.s__Blautia_wexlerae	388.2983234666
PWY-6609: adenine and adenosine salvage III|g__Ruminococcus.s__Ruminococcus_sp_CAG_254	378.4341356538
PWY-6609: adenine and adenosine salvage III|g__Bacteroides.s__Bacteroides_dorei	334.2757916006
PWY-6609: adenine and adenosine salvage III|g__Candidatus_Gastranaerophilales_unclassified.s__Candidatus_Gastranaerophilales_bacterium_HUM_10	330.2725953578
PWY-6609: adenine and adenosine salvage III|g__Lachnospiraceae_unclassified.s__Eubacterium_rectale	326.4772908106
PWY-6609: adenine and adenosine salvage III|g__Barnesiella.s__Barnesiella_intestinihominis	300.8288875530
PWY-6609: adenine and adenosine salvage III|g__Bacteroides.s__Bacteroides_vulgatus	284.3342574721
PWY-6609: adenine and adenosine salvage III|g__Subdoligranulum.s__Subdoligranulum_sp_APC924_74	267.7276746894
PWY-6609: adenine and adenosine salvage III|g__Blautia.s__Blautia_obeum	182.0341094823
PWY-6609: adenine and adenosine salvage III|g__Roseburia.s__Roseburia_intestinalis	142.8085538083
PWY-6609: adenine and adenosine salvage III|g__Parabacteroides.s__Parabacteroides_distasonis	141.7777073042
PWY-6609: adenine and adenosine salvage III|g__Dorea.s__Dorea_longicatena	117.2904901149
PWY-6609: adenine and adenosine salvage III|g__Firmicutes_unclassified.s__Firmicutes_bacterium_CAG_83	99.9299968241
PWY-6609: adenine and adenosine salvage III|g__Bacteroides.s__Bacteroides_uniformis	99.3978651633
PWY-6609: adenine and adenosine salvage III|g__Eubacterium.s__Eubacterium_eligens	91.2407904371
PWY-6609: adenine and adenosine salvage III|g__Roseburia.s__Roseburia_sp_CAG_100	88.8857990340
PWY-6609: adenine and adenosine salvage III|g__Anaerostipes.s__Anaerostipes_hadrus	87.1464413697
PWY-6609: adenine and adenosine salvage III|g__Clostridium.s__Clostridium_sp_CAG_253	83.1965397654
PWY-6609: adenine and adenosine salvage III|g__Bacteroides.s__Bacteroides_clarus	70.0537650961
PWY-6609: adenine and adenosine salvage III|g__Bacteroides.s__Bacteroides_thetaiotaomicron	69.9297119259
PWY-6609: adenine and adenosine salvage III|g__Eubacterium.s__Eubacterium_sp_CAG_252	66.2790448567
PWY-6609: adenine and adenosine salvage III|g__Coprococcus.s__Coprococcus_comes	57.4928105191
PWY-6609: adenine and adenosine salvage III|g__Parabacteroides.s__Parabacteroides_merdae	56.3680381417
PWY-6609: adenine and adenosine salvage III|g__Agathobaculum.s__Agathobaculum_butyriciproducens	55.0606148631
PWY-6609: adenine and adenosine salvage III|g__Streptococcus.s__Streptococcus_thermophilus	52.6997705680
PWY-6609: adenine and adenosine salvage III|g__Gemmiger.s__Gemmiger_formicilis	45.4096888078
PWY-6609: adenine and adenosine salvage III|g__Candidatus_Gastranaerophilales_unclassified.s__Candidatus_Gastranaerophilales_bacterium_HUM_21	43.2668191216
PWY-6609: adenine and adenosine salvage III|g__Clostridium.s__Clostridium_sp_AM22_11AC	42.5048389058
PWY-6609: adenine and adenosine salvage III|g__Eubacterium.s__Eubacterium_ramulus	38.1986037917
PWY-6609: adenine and adenosine salvage III|g__Blautia.s__Blautia_sp	32.0130127814
PWY-6609: adenine and adenosine salvage III|g__Ruminococcus.s__Ruminococcus_bicirculans	31.7500345585
PWY-6609: adenine and adenosine salvage III|g__Eubacterium.s__Eubacterium_sp_CAG_274	29.4292056113
PWY-6609: adenine and adenosine salvage III|g__Alistipes.s__Alistipes_timonensis	28.9387138422
PWY-6609: adenine and adenosine salvage III|g__Dorea.s__Dorea_formicigenerans	27.6236320606
PWY-6609: adenine and adenosine salvage III|g__Blautia.s__Blautia_sp_AF19_10LB	27.1318263107
PWY-6609: adenine and adenosine salvage III|g__Bacteroides.s__Bacteroides_caccae	25.8027685469
PWY-6609: adenine and adenosine salvage III|g__Bacteroides.s__Bacteroides_cellulosilyticus	21.7604485766
PWY-6609: adenine and adenosine salvage III|g__Parabacteroides.s__Parabacteroides_gordonii	21.5065431960
PWY-6609: adenine and adenosine salvage III|g__Alistipes.s__Alistipes_onderdonkii	20.2543260062
PWY-6609: adenine and adenosine salvage III|g__Oscillibacter.s__Oscillibacter_sp_57_20	19.2268685025
PWY-6609: adenine and adenosine salvage III|g__Blautia.s__Blautia_sp_CAG_52	19.0595400928
PWY-6609: adenine and adenosine salvage III|g__Flavonifractor.s__Flavonifractor_plautii	17.8998592919
PWY-6609: adenine and adenosine salvage III|g__Bilophila.s__Bilophila_wadsworthia	17.7506665382
PWY-6609: adenine and adenosine salvage III|g__Firmicutes_unclassified.s__Firmicutes_bacterium_AF16_15	16.1869823758
PWY-6609: adenine and adenosine salvage III|g__Eisenbergiella.s__Eisenbergiella_massiliensis	14.7135996596
PWY-6609: adenine and adenosine salvage III|g__Firmicutes_unclassified.s__Firmicutes_bacterium_CAG_102	14.3717294184
PWY-6609: adenine and adenosine salvage III|g__Coprobacter.s__Coprobacter_fastidiosus	14.3356476638
PWY-6609: adenine and adenosine salvage III|g__Adlercreutzia.s__Adlercreutzia_equolifaciens	13.8478273423
PWY-6609: adenine and adenosine salvage III|g__Bacteroides.s__Bacteroides_xylanisolvens	12.3066894621
PWY-6609: adenine and adenosine salvage III|g__Firmicutes_unclassified.s__Firmicutes_bacterium_CAG_124	10.7768669545
PWY-6609: adenine and adenosine salvage III|g__Eubacterium.s__Eubacterium_sp_CAG_38	10.5736438739
PWY-6609: adenine and adenosine salvage III|g__Monoglobus.s__Monoglobus_pectinilyticus	10.1222048544
PWY-6609: adenine and adenosine salvage III|g__Bacteroides.s__Bacteroides_ovatus	9.3670378787
PWY-6609: adenine and adenosine salvage III|g__Ruminococcus.s__Ruminococcus_sp_CAG_177	7.2509354918
PWY-6609: adenine and adenosine salvage III|g__Eubacterium.s__Eubacterium_sp_AF17_7	7.0532864202
PWY-6609: adenine and adenosine salvage III|g__Coprobacter.s__Coprobacter_secundus	6.7304701003
PWY-6609: adenine and adenosine salvage III|g__Lachnoclostridium.s__Clostridium_lavalense	5.1504920013
PWY-6609: adenine and adenosine salvage III|g__Asaccharobacter.s__Asaccharobacter_celatus	4.2127183326
PWY-6609: adenine and adenosine salvage III|g__Eisenbergiella.s__Eisenbergiella_tayi	3.3962414083
COMPLETE-ARO-PWY: superpathway of aromatic amino acid biosynthesis	14330.3723254438
COMPLETE-ARO-PWY: superpathway of aromatic amino acid biosynthesis|unclassified	1610.6262237752
COMPLETE-ARO-PWY: superpathway of aromatic amino acid biosynthesis|g__Blautia.s__Ruminococcus_torques	1169.8391037482
COMPLETE-ARO-PWY: superpathway of aromatic amino acid biosynthesis|g__Fusicatenibacter.s__Fusicatenibacter_saccharivorans	761.2276237980
COMPLETE-ARO-PWY: superpathway of aromatic amino acid biosynthesis|g__Anaerotruncus.s__Anaerotruncus_sp_CAG_528	733.2650922737
COMPLETE-ARO-PWY: superpathway of aromatic amino acid biosynthesis|g__Blautia.s__Blautia_obeum	532.0365298495
COMPLETE-ARO-PWY: superpathway of aromatic amino acid biosynthesis|g__Bacteroides.s__Bacteroides_stercorirosoris	446.4556531908
COMPLETE-ARO-PWY: superpathway of aromatic amino acid biosynthesis|g__Ruminococcus.s__Ruminococcus_sp_CAG_254	443.5079974784
COMPLETE-ARO-PWY: superpathway of aromatic amino acid biosynthesis|g__Blautia.s__Blautia_wexlerae	310.5080115796
COMPLETE-ARO-PWY: superpathway of aromatic amino acid biosynthesis|g__Roseburia.s__Roseburia_intestinalis	204.2340388929
COMPLETE-ARO-PWY: superpathway of aromatic amino acid biosynthesis|g__Parabacteroides.s__Parabacteroides_distasonis	129.5898754484
COMPLETE-ARO-PWY: superpathway of aromatic amino acid biosynthesis|g__Eubacterium.s__Eubacterium_eligens	113.5164315760
COMPLETE-ARO-PWY: superpathway of aromatic amino acid biosynthesis|g__Anaerostipes.s__Anaerostipes_hadrus	113.4361731584
COMPLETE-ARO-PWY: superpathway of aromatic amino acid biosynthesis|g__Eubacterium.s__Eubacterium_hallii	103.9806423843
COMPLETE-ARO-PWY: superpathway of aromatic amino acid biosynthesis|g__Coprococcus.s__Coprococcus_comes	85.7040927199
COMPLETE-ARO-PWY: superpathway of aromatic amino acid biosynthesis|g__Roseburia.s__Roseburia_sp_CAG_100	70.7507026393
COMPLETE-ARO-PWY: superpathway of aromatic amino acid biosynthesis|g__Bacteroides.s__Bacteroides_cellulosilyticus	69.2281921298
COMPLETE-ARO-PWY: superpathway of aromatic amino acid biosynthesis|g__Agathobaculum.s__Agathobaculum_butyriciproducens	67.2107834779
COMPLETE-ARO-PWY: superpathway of aromatic amino acid biosynthesis|g__Eubacterium.s__Eubacterium_sp_CAG_252	66.4959460805
COMPLETE-ARO-PWY: superpathway of aromatic amino acid biosynthesis|g__Parabacteroides.s__Parabacteroides_merdae	65.0641580027
COMPLETE-ARO-PWY: superpathway of aromatic amino acid biosynthesis|g__Blautia.s__Blautia_sp_AF19_10LB	48.6013654868
COMPLETE-ARO-PWY: superpathway of aromatic amino acid biosynthesis|g__Eubacterium.s__Eubacterium_ramulus	35.8526432062
COMPLETE-ARO-PWY: superpathway of aromatic amino acid biosynthesis|g__Lachnospiraceae_unclassified.s__Eubacterium_rectale	35.8498672883
COMPLETE-ARO-PWY: superpathway of aromatic amino acid biosynthesis|g__Streptococcus.s__Streptococcus_thermophilus	33.4086751792
COMPLETE-ARO-PWY: superpathway of aromatic amino acid biosynthesis|g__Eubacterium.s__Eubacterium_sp_CAG_274	31.6480945807
COMPLETE-ARO-PWY: superpathway of aromatic amino acid biosynthesis|g__Blautia.s__Blautia_sp_CAG_52	18.2510898922
COMPLETE-ARO-PWY: superpathway of aromatic amino acid biosynthesis|g__Blautia.s__Blautia_sp	15.4218209610
TRNA-CHARGING-PWY: tRNA charging	14021.4380612269
TRNA-CHARGING-PWY: tRNA charging|unclassified	1204.5784798293
TRNA-CHARGING-PWY: tRNA charging|g__Faecalibacterium.s__Faecalibacterium_prausnitzii	894.1522684876
TRNA-CHARGING-PWY: tRNA charging|g__Blautia.s__Ruminococcus_torques	811.7718254581
TRNA-CHARGING-PWY: tRNA charging|g__Fusicatenibacter.s__Fusicatenibacter_saccharivorans	634.3005144373
TRNA-CHARGING-PWY: tRNA charging|g__Alistipes.s__Alistipes_putredinis	472.2654627401
TRNA-CHARGING-PWY: tRNA charging|g__Bacteroides.s__Bacteroides_stercorirosoris	379.4354530879
TRNA-CHARGING-PWY: tRNA charging|g__Subdoligranulum.s__Subdoligranulum_sp_APC924_74	376.0682331020
TRNA-CHARGING-PWY: tRNA charging|g__Alistipes.s__Alistipes_finegoldii	327.5378705513
TRNA-CHARGING-PWY: tRNA charging|g__Barnesiella.s__Barnesiella_intestinihominis	288.6271040860
TRNA-CHARGING-PWY: tRNA charging|g__Bacteroides.s__Bacteroides_dorei	287.6011318886
TRNA-CHARGING-PWY: tRNA charging|g__Bacteroides.s__Bacteroides_vulgatus	276.0180873799
TRNA-CHARGING-PWY: tRNA charging|g__Lachnospiraceae_unclassified.s__Eubacterium_rectale	249.2750066964
TRNA-CHARGING-PWY: tRNA charging|g__Roseburia.s__Roseburia_intestinalis	138.4646157280
TRNA-CHARGING-PWY: tRNA charging|g__Parabacteroides.s__Parabacteroides_distasonis	135.3852162020
TRNA-CHARGING-PWY: tRNA charging|g__Bacteroides.s__Bacteroides_uniformis	108.3533845655
TRNA-CHARGING-PWY: tRNA charging|g__Eubacterium.s__Eubacterium_hallii	103.1039177208
TRNA-CHARGING-PWY: tRNA charging|g__Anaerostipes.s__Anaerostipes_hadrus	84.0341083723
TRNA-CHARGING-PWY: tRNA charging|g__Gemmiger.s__Gemmiger_formicilis	80.8504422448
TRNA-CHARGING-PWY: tRNA charging|g__Parabacteroides.s__Parabacteroides_merdae	66.8923778419
TRNA-CHARGING-PWY: tRNA charging|g__Bacteroides.s__Bacteroides_thetaiotaomicron	56.5775071675
TRNA-CHARGING-PWY: tRNA charging|g__Odoribacter.s__Odoribacter_splanchnicus	55.0012341502
TRNA-CHARGING-PWY: tRNA charging|g__Agathobaculum.s__Agathobaculum_butyriciproducens	50.2911839661
TRNA-CHARGING-PWY: tRNA charging|g__Alistipes.s__Alistipes_timonensis	41.6110742841
TRNA-CHARGING-PWY: tRNA charging|g__Dorea.s__Dorea_longicatena	39.3121495389
TRNA-CHARGING-PWY: tRNA charging|g__Streptococcus.s__Streptococcus_thermophilus	36.4723160015
TRNA-CHARGING-PWY: tRNA charging|g__Eubacterium.s__Eubacterium_ramulus	34.2038119761
TRNA-CHARGING-PWY: tRNA charging|g__Bacteroides.s__Bacteroides_caccae	32.5649982010
TRNA-CHARGING-PWY: tRNA charging|g__Bacteroides.s__Bacteroides_ovatus	31.9275667491
TRNA-CHARGING-PWY: tRNA charging|g__Eubacterium.s__Eubacterium_sp_CAG_274	30.8233420297
TRNA-CHARGING-PWY: tRNA charging|g__Roseburia.s__Roseburia_inulinivorans	28.6955098689
TRNA-CHARGING-PWY: tRNA charging|g__Alistipes.s__Alistipes_onderdonkii	28.1927270734
TRNA-CHARGING-PWY: tRNA charging|g__Parabacteroides.s__Parabacteroides_gordonii	25.8433539517
TRNA-CHARGING-PWY: tRNA charging|g__Coprobacter.s__Coprobacter_fastidiosus	20.2230489583
TRNA-CHARGING-PWY: tRNA charging|g__Eisenbergiella.s__Eisenbergiella_massiliensis	15.2616519989
PWY-7221: guanosine ribonucleotides de novo biosynthesis	13749.3279253304
PWY-7221: guanosine ribonucleotides de novo biosynthesis|unclassified	1193.6631039315
PWY-7221: guanosine ribonucleotides de novo biosynthesis|g__Blautia.s__Ruminococcus_torques	1187.9709181508
PWY-7221: guanosine ribonucleotides de novo biosynthesis|g__Faecalibacterium.s__Faecalibacterium_prausnitzii	865.2702275111
PWY-7221: guanosine ribonucleotides de novo biosynthesis|g__Blautia.s__Blautia_wexlerae	765.0446253043
PWY-7221: guanosine ribonucleotides de novo biosynthesis|g__Fusicatenibacter.s__Fusicatenibacter_saccharivorans	664.5161295525
PWY-7221: guanosine ribonucleotides de novo biosynthesis|g__Anaerotruncus.s__Anaerotruncus_sp_CAG_528	567.3873208805
PWY-7221: guanosine ribonucleotides de novo biosynthesis|g__Ruminococcus.s__Ruminococcus_sp_CAG_353	533.1982093708
PWY-7221: guanosine ribonucleotides de novo biosynthesis|g__Bacteroides.s__Bacteroides_stercorirosoris	480.5990605749
PWY-7221: guanosine ribonucleotides de novo biosynthesis|g__Ruminococcus.s__Ruminococcus_bromii	478.2880059601
PWY-7221: guanosine ribonucleotides de novo biosynthesis|g__Bacteroides.s__Bacteroides_dorei	401.6069722568
PWY-7221: guanosine ribonucleotides de novo biosynthesis|g__Alistipes.s__Alistipes_putredinis	398.4414704777
PWY-7221: guanosine ribonucleotides de novo biosynthesis|g__Bacteroides.s__Bacteroides_vulgatus	351.2972847443
PWY-7221: guanosine ribonucleotides de novo biosynthesis|g__Alistipes.s__Alistipes_finegoldii	282.8229431336
PWY-7221: guanosine ribonucleotides de novo biosynthesis|g__Barnesiella.s__Barnesiella_intestinihominis	241.9705117760
PWY-7221: guanosine ribonucleotides de novo biosynthesis|g__Parabacteroides.s__Parabacteroides_distasonis	191.2483903977
PWY-7221: guanosine ribonucleotides de novo biosynthesis|g__Sutterella.s__Sutterella_wadsworthensis	173.2831169551
PWY-7221: guanosine ribonucleotides de novo biosynthesis|g__Bacteroides.s__Bacteroides_cellulosilyticus	168.2660177841
PWY-7221: guanosine ribonucleotides de novo biosynthesis|g__Blautia.s__Blautia_obeum	146.7737144885
PWY-7221: guanosine ribonucleotides de novo biosynthesis|g__Roseburia.s__Roseburia_intestinalis	116.8397099824
PWY-7221: guanosine ribonucleotides de novo biosynthesis|g__Eubacterium.s__Eubacterium_eligens	103.2016615484
PWY-7221: guanosine ribonucleotides de novo biosynthesis|g__Bacteroides.s__Bacteroides_clarus	95.1506561313
PWY-7221: guanosine ribonucleotides de novo biosynthesis|g__Bacteroides.s__Bacteroides_uniformis	90.8917114579
PWY-7221: guanosine ribonucleotides de novo biosynthesis|g__Eubacterium.s__Eubacterium_hallii	87.0328092551
PWY-7221: guanosine ribonucleotides de novo biosynthesis|g__Dorea.s__Dorea_longicatena	85.6046527757
PWY-7221: guanosine ribonucleotides de novo biosynthesis|g__Anaerostipes.s__Anaerostipes_hadrus	76.6952867427
PWY-7221: guanosine ribonucleotides de novo biosynthesis|g__Bacteroides.s__Bacteroides_thetaiotaomicron	69.3159598460
PWY-7221: guanosine ribonucleotides de novo biosynthesis|g__Odoribacter.s__Odoribacter_splanchnicus	62.8342778891
PWY-7221: guanosine ribonucleotides de novo biosynthesis|g__Streptococcus.s__Streptococcus_thermophilus	61.4303529916
PWY-7221: guanosine ribonucleotides de novo biosynthesis|g__Firmicutes_unclassified.s__Firmicutes_bacterium_CAG_41	60.4516036815
PWY-7221: guanosine ribonucleotides de novo biosynthesis|g__Clostridium.s__Clostridium_sp_CAG_253	57.6423276882
PWY-7221: guanosine ribonucleotides de novo biosynthesis|g__Coprococcus.s__Coprococcus_comes	56.1650409970
PWY-7221: guanosine ribonucleotides de novo biosynthesis|g__Ruminococcus.s__Ruminococcus_bicirculans	55.2115996453
PWY-7221: guanosine ribonucleotides de novo biosynthesis|g__Akkermansia.s__Akkermansia_muciniphila	52.6100089693
PWY-7221: guanosine ribonucleotides de novo biosynthesis|g__Alistipes.s__Alistipes_timonensis	49.9179614082
PWY-7221: guanosine ribonucleotides de novo biosynthesis|g__Bacteroides.s__Bacteroides_ovatus	48.6246229594
PWY-7221: guanosine ribonucleotides de novo biosynthesis|g__Agathobaculum.s__Agathobaculum_butyriciproducens	45.4702358193
PWY-7221: guanosine ribonucleotides de novo biosynthesis|g__Bacteroides.s__Bacteroides_caccae	44.8927165731
PWY-7221: guanosine ribonucleotides de novo biosynthesis|g__Senegalimassilia.s__Senegalimassilia_anaerobia	43.6649489904
PWY-7221: guanosine ribonucleotides de novo biosynthesis|g__Alistipes.s__Alistipes_onderdonkii	43.2239515965
PWY-7221: guanosine ribonucleotides de novo biosynthesis|g__Dorea.s__Dorea_formicigenerans	37.6283808949
PWY-7221: guanosine ribonucleotides de novo biosynthesis|g__Blautia.s__Blautia_sp_AF19_10LB	36.6838529490
PWY-7221: guanosine ribonucleotides de novo biosynthesis|g__Parabacteroides.s__Parabacteroides_gordonii	32.9226035704
PWY-7221: guanosine ribonucleotides de novo biosynthesis|g__Firmicutes_unclassified.s__Firmicutes_bacterium_AF16_15	31.6132941207
PWY-7221: guanosine ribonucleotides de novo biosynthesis|g__Clostridium.s__Clostridium_sp_AM22_11AC	30.2316290581
PWY-7221: guanosine ribonucleotides de novo biosynthesis|g__Asaccharobacter.s__Asaccharobacter_celatus	26.2060428881
PWY-7221: guanosine ribonucleotides de novo biosynthesis|g__Eubacterium.s__Eubacterium_ramulus	24.6680432291
PWY-7221: guanosine ribonucleotides de novo biosynthesis|g__Bilophila.s__Bilophila_wadsworthia	23.8058597347
PWY-7221: guanosine ribonucleotides de novo biosynthesis|g__Roseburia.s__Roseburia_inulinivorans	20.6976026040
PWY-7221: guanosine ribonucleotides de novo biosynthesis|g__Roseburia.s__Roseburia_faecis	18.6716476756
PWY-7221: guanosine ribonucleotides de novo biosynthesis|g__Erysipelatoclostridium.s__Clostridium_spiroforme	16.9313618052
PWY-7221: guanosine ribonucleotides de novo biosynthesis|g__Eisenbergiella.s__Eisenbergiella_massiliensis	16.5325664548
PWY-7221: guanosine ribonucleotides de novo biosynthesis|g__Blautia.s__Blautia_sp	14.2542096987
PWY-7221: guanosine ribonucleotides de novo biosynthesis|g__Eubacterium.s__Eubacterium_sp_CAG_38	11.0273618100
PWY-7221: guanosine ribonucleotides de novo biosynthesis|g__Blautia.s__Ruminococcus_gnavus	8.6187880605
PWY-7221: guanosine ribonucleotides de novo biosynthesis|g__Coprobacter.s__Coprobacter_secundus	8.1699621806
PWY-7221: guanosine ribonucleotides de novo biosynthesis|g__Lachnoclostridium.s__Clostridium_symbiosum	7.9247380079
PWY-7221: guanosine ribonucleotides de novo biosynthesis|g__Eggerthella.s__Eggerthella_sp_CAG_209	7.7807850091
PWY-7221: guanosine ribonucleotides de novo biosynthesis|g__Lachnospiraceae_unclassified.s__Eubacterium_rectale	7.3257481273
PWY-7221: guanosine ribonucleotides de novo biosynthesis|g__Hungatella.s__Hungatella_hathewayi	5.8053366232
PWY-7221: guanosine ribonucleotides de novo biosynthesis|g__Adlercreutzia.s__Adlercreutzia_equolifaciens	5.7683537062
PWY-7221: guanosine ribonucleotides de novo biosynthesis|g__Streptococcus.s__Streptococcus_salivarius	3.2965365113
ARO-PWY: chorismate biosynthesis I	13709.9963614716
ARO-PWY: chorismate biosynthesis I|unclassified	1591.5277956535
ARO-PWY: chorismate biosynthesis I|g__Faecalibacterium.s__Faecalibacterium_prausnitzii	1394.6676569023
ARO-PWY: chorismate biosynthesis I|g__Blautia.s__Ruminococcus_torques	1115.5442213824
ARO-PWY: chorismate biosynthesis I|g__Fusicatenibacter.s__Fusicatenibacter_saccharivorans	736.5869564657
ARO-PWY: chorismate biosynthesis I|g__Anaerotruncus.s__Anaerotruncus_sp_CAG_528	693.1074120341
ARO-PWY: chorismate biosynthesis I|g__Blautia.s__Blautia_obeum	642.6284599841
ARO-PWY: chorismate biosynthesis I|g__Ruminococcus.s__Ruminococcus_sp_CAG_353	597.0900013606
ARO-PWY: chorismate biosynthesis I|g__Ruminococcus.s__Ruminococcus_bromii	498.1629015661
ARO-PWY: chorismate biosynthesis I|g__Bacteroides.s__Bacteroides_stercorirosoris	424.9422003979
ARO-PWY: chorismate biosynthesis I|g__Ruminococcus.s__Ruminococcus_sp_CAG_254	421.8298734750
ARO-PWY: chorismate biosynthesis I|g__Subdoligranulum.s__Subdoligranulum_sp_APC924_74	420.4692460241
ARO-PWY: chorismate biosynthesis I|g__Bacteroides.s__Bacteroides_dorei	302.3990735499
ARO-PWY: chorismate biosynthesis I|g__Blautia.s__Blautia_wexlerae	282.4546265045
ARO-PWY: chorismate biosynthesis I|g__Bacteroides.s__Bacteroides_vulgatus	258.0141160478
ARO-PWY: chorismate biosynthesis I|g__Roseburia.s__Roseburia_intestinalis	201.5509114155
ARO-PWY: chorismate biosynthesis I|g__Alistipes.s__Alistipes_finegoldii	167.1610659302
ARO-PWY: chorismate biosynthesis I|g__Parabacteroides.s__Parabacteroides_distasonis	135.2777840443
ARO-PWY: chorismate biosynthesis I|g__Lachnospiraceae_unclassified.s__Eubacterium_rectale	123.2277892311
ARO-PWY: chorismate biosynthesis I|g__Eubacterium.s__Eubacterium_hallii	109.8764614058
ARO-PWY: chorismate biosynthesis I|g__Eubacterium.s__Eubacterium_eligens	109.5433915516
ARO-PWY: chorismate biosynthesis I|g__Anaerostipes.s__Anaerostipes_hadrus	106.1161835643
ARO-PWY: chorismate biosynthesis I|g__Coprococcus.s__Coprococcus_comes	88.0634560075
ARO-PWY: chorismate biosynthesis I|g__Bacteroides.s__Bacteroides_cellulosilyticus	86.7289717342
ARO-PWY: chorismate biosynthesis I|g__Bacteroides.s__Bacteroides_clarus	68.9017234585
ARO-PWY: chorismate biosynthesis I|g__Roseburia.s__Roseburia_sp_CAG_100	67.2834829847
ARO-PWY: chorismate biosynthesis I|g__Agathobaculum.s__Agathobaculum_butyriciproducens	64.4926619929
ARO-PWY: chorismate biosynthesis I|g__Parabacteroides.s__Parabacteroides_merdae	62.5394716065
ARO-PWY: chorismate biosynthesis I|g__Eubacterium.s__Eubacterium_sp_CAG_252	62.4928211102
ARO-PWY: chorismate biosynthesis I|g__Bacteroides.s__Bacteroides_uniformis	62.0855403024
ARO-PWY: chorismate biosynthesis I|g__Odoribacter.s__Odoribacter_splanchnicus	57.0185079499
ARO-PWY: chorismate biosynthesis I|g__Bacteroides.s__Bacteroides_thetaiotaomicron	55.2809020789
ARO-PWY: chorismate biosynthesis I|g__Dorea.s__Dorea_longicatena	50.2584233475
ARO-PWY: chorismate biosynthesis I|g__Blautia.s__Blautia_sp_AF19_10LB	48.2722418045
ARO-PWY: chorismate biosynthesis I|g__Dorea.s__Dorea_formicigenerans	41.9933976397
ARO-PWY: chorismate biosynthesis I|g__Firmicutes_unclassified.s__Firmicutes_bacterium_CAG_41	38.8820424607
ARO-PWY: chorismate biosynthesis I|g__Akkermansia.s__Akkermansia_muciniphila	37.8861931920
ARO-PWY: chorismate biosynthesis I|g__Eubacterium.s__Eubacterium_ramulus	37.3407026512
ARO-PWY: chorismate biosynthesis I|g__Eubacterium.s__Eubacterium_sp_CAG_274	34.6002319421
ARO-PWY: chorismate biosynthesis I|g__Parabacteroides.s__Parabacteroides_gordonii	34.1438444326
ARO-PWY: chorismate biosynthesis I|g__Bacteroides.s__Bacteroides_caccae	33.4077335766
ARO-PWY: chorismate biosynthesis I|g__Streptococcus.s__Streptococcus_thermophilus	32.2280727255
ARO-PWY: chorismate biosynthesis I|g__Alistipes.s__Alistipes_timonensis	31.7127504100
ARO-PWY: chorismate biosynthesis I|g__Roseburia.s__Roseburia_inulinivorans	30.1500350751
ARO-PWY: chorismate biosynthesis I|g__Firmicutes_unclassified.s__Firmicutes_bacterium_AF16_15	28.8666497504
ARO-PWY: chorismate biosynthesis I|g__Blautia.s__Blautia_sp	26.0677332389
ARO-PWY: chorismate biosynthesis I|g__Blautia.s__Blautia_sp_CAG_52	22.4059039672
ARO-PWY: chorismate biosynthesis I|g__Bacteroides.s__Bacteroides_ovatus	21.5250370940
ARO-PWY: chorismate biosynthesis I|g__Clostridium.s__Clostridium_sp_AM22_11AC	20.3126221674
ARO-PWY: chorismate biosynthesis I|g__Candidatus_Gastranaerophilales_unclassified.s__Candidatus_Gastranaerophilales_bacterium_HUM_21	20.2174463253
ARO-PWY: chorismate biosynthesis I|g__Lachnoclostridium.s__Clostridium_symbiosum	14.8326079950
ARO-PWY: chorismate biosynthesis I|g__Eisenbergiella.s__Eisenbergiella_massiliensis	11.7482130253
ARO-PWY: chorismate biosynthesis I|g__Bacteroides.s__Bacteroides_xylanisolvens	3.9221580970
NONMEVIPP-PWY: methylerythritol phosphate pathway I	13707.1181355331
NONMEVIPP-PWY: methylerythritol phosphate pathway I|unclassified	1402.6337953737
NONMEVIPP-PWY: methylerythritol phosphate pathway I|g__Blautia.s__Ruminococcus_torques	1013.6875938553
NONMEVIPP-PWY: methylerythritol phosphate pathway I|g__Fusicatenibacter.s__Fusicatenibacter_saccharivorans	786.3274596637
NONMEVIPP-PWY: methylerythritol phosphate pathway I|g__Anaerotruncus.s__Anaerotruncus_sp_CAG_528	659.9038570852
NONMEVIPP-PWY: methylerythritol phosphate pathway I|g__Blautia.s__Blautia_obeum	566.6652698646
NONMEVIPP-PWY: methylerythritol phosphate pathway I|g__Alistipes.s__Alistipes_finegoldii	455.0381351025
NONMEVIPP-PWY: methylerythritol phosphate pathway I|g__Alistipes.s__Alistipes_putredinis	450.3177363087
NONMEVIPP-PWY: methylerythritol phosphate pathway I|g__Ruminococcus.s__Ruminococcus_bromii	434.3985381577
NONMEVIPP-PWY: methylerythritol phosphate pathway I|g__Blautia.s__Blautia_wexlerae	419.6890928457
NONMEVIPP-PWY: methylerythritol phosphate pathway I|g__Bacteroides.s__Bacteroides_stercorirosoris	397.4225769050
NONMEVIPP-PWY: methylerythritol phosphate pathway I|g__Bacteroides.s__Bacteroides_vulgatus	358.3098715422
NONMEVIPP-PWY: methylerythritol phosphate pathway I|g__Subdoligranulum.s__Subdoligranulum_sp_APC924_74	323.1143578239
NONMEVIPP-PWY: methylerythritol phosphate pathway I|g__Barnesiella.s__Barnesiella_intestinihominis	283.1857627298
NONMEVIPP-PWY: methylerythritol phosphate pathway I|g__Sutterella.s__Sutterella_wadsworthensis	193.1265459233
NONMEVIPP-PWY: methylerythritol phosphate pathway I|g__Parabacteroides.s__Parabacteroides_distasonis	138.4736180340
NONMEVIPP-PWY: methylerythritol phosphate pathway I|g__Roseburia.s__Roseburia_intestinalis	131.8221296126
NONMEVIPP-PWY: methylerythritol phosphate pathway I|g__Bacteroides.s__Bacteroides_uniformis	124.9896451730
NONMEVIPP-PWY: methylerythritol phosphate pathway I|g__Anaerostipes.s__Anaerostipes_hadrus	111.5084935834
NONMEVIPP-PWY: methylerythritol phosphate pathway I|g__Eubacterium.s__Eubacterium_eligens	107.7225711583
NONMEVIPP-PWY: methylerythritol phosphate pathway I|g__Eubacterium.s__Eubacterium_hallii	100.1842396243
NONMEVIPP-PWY: methylerythritol phosphate pathway I|g__Bacteroides.s__Bacteroides_dorei	94.0273979328
NONMEVIPP-PWY: methylerythritol phosphate pathway I|g__Bacteroides.s__Bacteroides_cellulosilyticus	85.3015291721
NONMEVIPP-PWY: methylerythritol phosphate pathway I|g__Dorea.s__Dorea_longicatena	83.2450091806
NONMEVIPP-PWY: methylerythritol phosphate pathway I|g__Bacteroides.s__Bacteroides_clarus	74.3454988748
NONMEVIPP-PWY: methylerythritol phosphate pathway I|g__Eubacterium.s__Eubacterium_sp_CAG_252	71.9672986333
NONMEVIPP-PWY: methylerythritol phosphate pathway I|g__Roseburia.s__Roseburia_sp_CAG_100	63.5907779188
NONMEVIPP-PWY: methylerythritol phosphate pathway I|g__Firmicutes_unclassified.s__Firmicutes_bacterium_CAG_41	61.5796970002
NONMEVIPP-PWY: methylerythritol phosphate pathway I|g__Odoribacter.s__Odoribacter_splanchnicus	60.9162541653
NONMEVIPP-PWY: methylerythritol phosphate pathway I|g__Agathobaculum.s__Agathobaculum_butyriciproducens	60.5494547066
NONMEVIPP-PWY: methylerythritol phosphate pathway I|g__Parabacteroides.s__Parabacteroides_merdae	59.1503295761
NONMEVIPP-PWY: methylerythritol phosphate pathway I|g__Bacteroides.s__Bacteroides_thetaiotaomicron	58.7897727078
NONMEVIPP-PWY: methylerythritol phosphate pathway I|g__Clostridium.s__Clostridium_sp_CAG_253	56.8310307523
NONMEVIPP-PWY: methylerythritol phosphate pathway I|g__Coprococcus.s__Coprococcus_comes	43.7360302266
NONMEVIPP-PWY: methylerythritol phosphate pathway I|g__Dorea.s__Dorea_formicigenerans	42.5808070655
NONMEVIPP-PWY: methylerythritol phosphate pathway I|g__Senegalimassilia.s__Senegalimassilia_anaerobia	37.6210598095
NONMEVIPP-PWY: methylerythritol phosphate pathway I|g__Ruminococcus.s__Ruminococcus_bicirculans	37.1354840949
NONMEVIPP-PWY: methylerythritol phosphate pathway I|g__Bacteroides.s__Bacteroides_caccae	36.2171746078
NONMEVIPP-PWY: methylerythritol phosphate pathway I|g__Alistipes.s__Alistipes_timonensis	35.9802623640
NONMEVIPP-PWY: methylerythritol phosphate pathway I|g__Parabacteroides.s__Parabacteroides_gordonii	32.4515894088
NONMEVIPP-PWY: methylerythritol phosphate pathway I|g__Eubacterium.s__Eubacterium_ramulus	32.4404927165
NONMEVIPP-PWY: methylerythritol phosphate pathway I|g__Blautia.s__Blautia_sp_AF19_10LB	31.6651161225
NONMEVIPP-PWY: methylerythritol phosphate pathway I|g__Bacteroides.s__Bacteroides_ovatus	30.7474928638
NONMEVIPP-PWY: methylerythritol phosphate pathway I|g__Gemmiger.s__Gemmiger_formicilis	26.5070380781
NONMEVIPP-PWY: methylerythritol phosphate pathway I|g__Roseburia.s__Roseburia_inulinivorans	24.1137211740
NONMEVIPP-PWY: methylerythritol phosphate pathway I|g__Butyricimonas.s__Butyricimonas_synergistica	23.2232366217
NONMEVIPP-PWY: methylerythritol phosphate pathway I|g__Eubacterium.s__Eubacterium_sp_CAG_274	22.8680130598
NONMEVIPP-PWY: methylerythritol phosphate pathway I|g__Firmicutes_unclassified.s__Firmicutes_bacterium_CAG_102	22.4129915534
NONMEVIPP-PWY: methylerythritol phosphate pathway I|g__Coprobacter.s__Coprobacter_fastidiosus	22.0473131886
NONMEVIPP-PWY: methylerythritol phosphate pathway I|g__Bilophila.s__Bilophila_wadsworthia	21.8176295159
NONMEVIPP-PWY: methylerythritol phosphate pathway I|g__Blautia.s__Blautia_sp_CAG_52	21.4430777151
NONMEVIPP-PWY: methylerythritol phosphate pathway I|g__Eisenbergiella.s__Eisenbergiella_massiliensis	17.6329155287
NONMEVIPP-PWY: methylerythritol phosphate pathway I|g__Monoglobus.s__Monoglobus_pectinilyticus	14.4143569169
NONMEVIPP-PWY: methylerythritol phosphate pathway I|g__Eubacterium.s__Eubacterium_sp_CAG_38	14.2244506767
NONMEVIPP-PWY: methylerythritol phosphate pathway I|g__Clostridium.s__Clostridium_sp_AM22_11AC	14.0678281348
NONMEVIPP-PWY: methylerythritol phosphate pathway I|g__Lawsonibacter.s__Lawsonibacter_asaccharolyticus	12.1484544394
NONMEVIPP-PWY: methylerythritol phosphate pathway I|g__Lachnoclostridium.s__Clostridium_symbiosum	11.0024169801
NONMEVIPP-PWY: methylerythritol phosphate pathway I|g__Asaccharobacter.s__Asaccharobacter_celatus	8.4908104706
PWY-3841: folate transformations II (plants)	13656.6751687772
PWY-3841: folate transformations II (plants)|unclassified	1383.9627596295
PWY-3841: folate transformations II (plants)|g__Blautia.s__Ruminococcus_torques	870.3841175280
PWY-3841: folate transformations II (plants)|g__Anaerotruncus.s__Anaerotruncus_sp_CAG_528	512.1103368700
PWY-3841: folate transformations II (plants)|g__Alistipes.s__Alistipes_putredinis	480.4964254544
PWY-3841: folate transformations II (plants)|g__Alistipes.s__Alistipes_finegoldii	478.4721354446
PWY-3841: folate transformations II (plants)|g__Bacteroides.s__Bacteroides_stercorirosoris	402.7774236805
PWY-3841: folate transformations II (plants)|g__Barnesiella.s__Barnesiella_intestinihominis	353.7507301341
PWY-3841: folate transformations II (plants)|g__Bacteroides.s__Bacteroides_dorei	308.2283730838
PWY-3841: folate transformations II (plants)|g__Bacteroides.s__Bacteroides_vulgatus	258.7292965033
PWY-3841: folate transformations II (plants)|g__Sutterella.s__Sutterella_wadsworthensis	203.9980517762
PWY-3841: folate transformations II (plants)|g__Blautia.s__Blautia_wexlerae	170.8717600881
PWY-3841: folate transformations II (plants)|g__Roseburia.s__Roseburia_intestinalis	160.9850975990
PWY-3841: folate transformations II (plants)|g__Parabacteroides.s__Parabacteroides_distasonis	142.0906212080
PWY-3841: folate transformations II (plants)|g__Blautia.s__Blautia_obeum	141.3442677226
PWY-3841: folate transformations II (plants)|g__Lachnospiraceae_unclassified.s__Eubacterium_rectale	134.4728306970
PWY-3841: folate transformations II (plants)|g__Bacteroides.s__Bacteroides_uniformis	119.1050983650
PWY-3841: folate transformations II (plants)|g__Bacteroides.s__Bacteroides_clarus	97.1120799374
PWY-3841: folate transformations II (plants)|g__Eubacterium.s__Eubacterium_hallii	96.3486385368
PWY-3841: folate transformations II (plants)|g__Parabacteroides.s__Parabacteroides_merdae	76.8242475751
PWY-3841: folate transformations II (plants)|g__Bacteroides.s__Bacteroides_thetaiotaomicron	75.8883673420
PWY-3841: folate transformations II (plants)|g__Anaerostipes.s__Anaerostipes_hadrus	71.5950142252
PWY-3841: folate transformations II (plants)|g__Bacteroides.s__Bacteroides_cellulosilyticus	68.8834207896
PWY-3841: folate transformations II (plants)|g__Odoribacter.s__Odoribacter_splanchnicus	57.7102729195
PWY-3841: folate transformations II (plants)|g__Coprococcus.s__Coprococcus_comes	54.0821044325
PWY-3841: folate transformations II (plants)|g__Bacteroides.s__Bacteroides_caccae	44.7272651335
PWY-3841: folate transformations II (plants)|g__Parabacteroides.s__Parabacteroides_gordonii	42.1261983273
PWY-3841: folate transformations II (plants)|g__Alistipes.s__Alistipes_onderdonkii	40.3075254272
PWY-3841: folate transformations II (plants)|g__Streptococcus.s__Streptococcus_thermophilus	38.1905751626
PWY-3841: folate transformations II (plants)|g__Alistipes.s__Alistipes_timonensis	34.5953136165
PWY-3841: folate transformations II (plants)|g__Akkermansia.s__Akkermansia_muciniphila	33.1329351817
PWY-3841: folate transformations II (plants)|g__Roseburia.s__Roseburia_inulinivorans	32.5166798057
PWY-3841: folate transformations II (plants)|g__Eubacterium.s__Eubacterium_ramulus	30.7563629078
PWY-3841: folate transformations II (plants)|g__Dorea.s__Dorea_formicigenerans	30.1256380225
PWY-3841: folate transformations II (plants)|g__Dorea.s__Dorea_longicatena	29.7278083997
PWY-3841: folate transformations II (plants)|g__Clostridium.s__Clostridium_sp_AM22_11AC	25.6810408066
PWY-3841: folate transformations II (plants)|g__Eisenbergiella.s__Eisenbergiella_massiliensis	25.5715608540
PWY-3841: folate transformations II (plants)|g__Butyricimonas.s__Butyricimonas_synergistica	24.7046689064
PWY-3841: folate transformations II (plants)|g__Coprobacter.s__Coprobacter_fastidiosus	23.0049906917
PWY-3841: folate transformations II (plants)|g__Eubacterium.s__Eubacterium_sp_CAG_192	15.9616268778
PWY-3841: folate transformations II (plants)|g__Flavonifractor.s__Flavonifractor_plautii	12.8256294684
PWY-3841: folate transformations II (plants)|g__Bacteroides.s__Bacteroides_ovatus	12.7517413840
PWY-3841: folate transformations II (plants)|g__Eubacterium.s__Eubacterium_sp_CAG_115	9.7315558479
PWY-3841: folate transformations II (plants)|g__Erysipelatoclostridium.s__Clostridium_spiroforme	7.9155197057
PWY-3841: folate transformations II (plants)|g__Bacteroides.s__Bacteroides_xylanisolvens	5.2962603694
PWY-3841: folate transformations II (plants)|g__Eisenbergiella.s__Eisenbergiella_tayi	3.7183848341
PWY0-1296: purine ribonucleosides degradation	13553.3860445996
PWY0-1296: purine ribonucleosides degradation|g__Proteobacteria_unclassified.s__Proteobacteria_bacterium_CAG_495	2240.9149894850
PWY0-1296: purine ribonucleosides degradation|unclassified	1367.2724592231
PWY0-1296: purine ribonucleosides degradation|g__Faecalibacterium.s__Faecalibacterium_prausnitzii	1253.2118559979
PWY0-1296: purine ribonucleosides degradation|g__Blautia.s__Ruminococcus_torques	949.7740082652
PWY0-1296: purine ribonucleosides degradation|g__Fusicatenibacter.s__Fusicatenibacter_saccharivorans	936.7268851883
PWY0-1296: purine ribonucleosides degradation|g__Blautia.s__Blautia_obeum	593.5056614771
PWY0-1296: purine ribonucleosides degradation|g__Candidatus_Gastranaerophilales_unclassified.s__Candidatus_Gastranaerophilales_bacterium_HUM_10	419.0896463122
PWY0-1296: purine ribonucleosides degradation|g__Blautia.s__Blautia_wexlerae	395.9889073436
PWY0-1296: purine ribonucleosides degradation|g__Lachnospiraceae_unclassified.s__Eubacterium_rectale	335.1512837044
PWY0-1296: purine ribonucleosides degradation|g__Subdoligranulum.s__Subdoligranulum_sp_APC924_74	297.6509045921
PWY0-1296: purine ribonucleosides degradation|g__Acetobacter.s__Acetobacter_sp_CAG_267	279.0525276970
PWY0-1296: purine ribonucleosides degradation|g__Dorea.s__Dorea_longicatena	151.3449775562
PWY0-1296: purine ribonucleosides degradation|g__Azospirillum.s__Azospirillum_sp_CAG_260	149.9574586267
PWY0-1296: purine ribonucleosides degradation|g__Roseburia.s__Roseburia_intestinalis	121.2689237335
PWY0-1296: purine ribonucleosides degradation|g__Roseburia.s__Roseburia_sp_CAG_100	101.2431082918
PWY0-1296: purine ribonucleosides degradation|g__Eubacterium.s__Eubacterium_eligens	89.9986754097
PWY0-1296: purine ribonucleosides degradation|g__Anaerostipes.s__Anaerostipes_hadrus	83.7636604424
PWY0-1296: purine ribonucleosides degradation|g__Clostridium.s__Clostridium_sp_CAG_253	68.6404286387
PWY0-1296: purine ribonucleosides degradation|g__Streptococcus.s__Streptococcus_thermophilus	56.5173372091
PWY0-1296: purine ribonucleosides degradation|g__Coprococcus.s__Coprococcus_comes	54.7109398853
PWY0-1296: purine ribonucleosides degradation|g__Roseburia.s__Roseburia_inulinivorans	47.2089912914
PWY0-1296: purine ribonucleosides degradation|g__Candidatus_Gastranaerophilales_unclassified.s__Candidatus_Gastranaerophilales_bacterium_HUM_21	42.5839819139
PWY0-1296: purine ribonucleosides degradation|g__Eubacterium.s__Eubacterium_ramulus	37.5958242108
PWY0-1296: purine ribonucleosides degradation|g__Clostridium.s__Clostridium_sp_AM22_11AC	32.1263130484
PWY0-1296: purine ribonucleosides degradation|g__Gemmiger.s__Gemmiger_formicilis	31.9674972589
PWY0-1296: purine ribonucleosides degradation|g__Dorea.s__Dorea_formicigenerans	30.3067202062
PWY0-1296: purine ribonucleosides degradation|g__Eubacterium.s__Eubacterium_sp_CAG_274	30.1130868300
PWY0-1296: purine ribonucleosides degradation|g__Blautia.s__Blautia_sp_AF19_10LB	28.7053496819
PWY0-1296: purine ribonucleosides degradation|g__Blautia.s__Blautia_sp	26.5433458051
PWY0-1296: purine ribonucleosides degradation|g__Blautia.s__Blautia_sp_CAG_52	20.4741316382
PWY0-1296: purine ribonucleosides degradation|g__Eisenbergiella.s__Eisenbergiella_massiliensis	13.3813105341
PWY0-1296: purine ribonucleosides degradation|g__Firmicutes_unclassified.s__Firmicutes_bacterium_CAG_102	12.6374072199
PWY0-1296: purine ribonucleosides degradation|g__Eubacterium.s__Eubacterium_sp_CAG_38	10.9160406687
PWY0-1296: purine ribonucleosides degradation|g__Streptococcus.s__Streptococcus_pneumoniae	1.6203082701
ANAGLYCOLYSIS-PWY: glycolysis III (from glucose)	13117.9627682566
ANAGLYCOLYSIS-PWY: glycolysis III (from glucose)|g__Blautia.s__Ruminococcus_torques	1001.5963907140
ANAGLYCOLYSIS-PWY: glycolysis III (from glucose)|unclassified	873.0754858196
ANAGLYCOLYSIS-PWY: glycolysis III (from glucose)|g__Fusicatenibacter.s__Fusicatenibacter_saccharivorans	652.9165312665
ANAGLYCOLYSIS-PWY: glycolysis III (from glucose)|g__Faecalibacterium.s__Faecalibacterium_prausnitzii	370.9864923286
ANAGLYCOLYSIS-PWY: glycolysis III (from glucose)|g__Blautia.s__Blautia_wexlerae	317.8678785971
ANAGLYCOLYSIS-PWY: glycolysis III (from glucose)|g__Parabacteroides.s__Parabacteroides_distasonis	193.4055482944
ANAGLYCOLYSIS-PWY: glycolysis III (from glucose)|g__Roseburia.s__Roseburia_intestinalis	164.8742024420
ANAGLYCOLYSIS-PWY: glycolysis III (from glucose)|g__Anaerostipes.s__Anaerostipes_hadrus	150.4679402893
ANAGLYCOLYSIS-PWY: glycolysis III (from glucose)|g__Lachnospiraceae_unclassified.s__Eubacterium_rectale	144.8582091393
ANAGLYCOLYSIS-PWY: glycolysis III (from glucose)|g__Eubacterium.s__Eubacterium_eligens	108.4775545271
ANAGLYCOLYSIS-PWY: glycolysis III (from glucose)|g__Blautia.s__Blautia_obeum	101.0466990652
ANAGLYCOLYSIS-PWY: glycolysis III (from glucose)|g__Dorea.s__Dorea_longicatena	83.0177890247
ANAGLYCOLYSIS-PWY: glycolysis III (from glucose)|g__Coprococcus.s__Coprococcus_comes	43.8817660995
ANAGLYCOLYSIS-PWY: glycolysis III (from glucose)|g__Ruminococcus.s__Ruminococcus_bicirculans	37.4154411813
ANAGLYCOLYSIS-PWY: glycolysis III (from glucose)|g__Streptococcus.s__Streptococcus_thermophilus	31.3114755932
ANAGLYCOLYSIS-PWY: glycolysis III (from glucose)|g__Parabacteroides.s__Parabacteroides_gordonii	28.0176125279
ANAGLYCOLYSIS-PWY: glycolysis III (from glucose)|g__Roseburia.s__Roseburia_faecis	14.3532142193
PWY-5667: CDP-diacylglycerol biosynthesis I	13078.1481585336
PWY-5667: CDP-diacylglycerol biosynthesis I|unclassified	1167.1407613388
PWY-5667: CDP-diacylglycerol biosynthesis I|g__Blautia.s__Ruminococcus_torques	782.4371689058
PWY-5667: CDP-diacylglycerol biosynthesis I|g__Faecalibacterium.s__Faecalibacterium_prausnitzii	776.0582247573
PWY-5667: CDP-diacylglycerol biosynthesis I|g__Fusicatenibacter.s__Fusicatenibacter_saccharivorans	661.9696001623
PWY-5667: CDP-diacylglycerol biosynthesis I|g__Ruminococcus.s__Ruminococcus_sp_CAG_353	555.2165495004
PWY-5667: CDP-diacylglycerol biosynthesis I|g__Blautia.s__Blautia_obeum	533.3415370109
PWY-5667: CDP-diacylglycerol biosynthesis I|g__Alistipes.s__Alistipes_finegoldii	378.3229939647
PWY-5667: CDP-diacylglycerol biosynthesis I|g__Bacteroides.s__Bacteroides_stercorirosoris	376.4086311965
PWY-5667: CDP-diacylglycerol biosynthesis I|g__Subdoligranulum.s__Subdoligranulum_sp_APC924_74	307.6855570994
PWY-5667: CDP-diacylglycerol biosynthesis I|g__Bacteroides.s__Bacteroides_dorei	267.6535071835
PWY-5667: CDP-diacylglycerol biosynthesis I|g__Bacteroides.s__Bacteroides_vulgatus	262.6689425040
PWY-5667: CDP-diacylglycerol biosynthesis I|g__Barnesiella.s__Barnesiella_intestinihominis	254.0769377123
PWY-5667: CDP-diacylglycerol biosynthesis I|g__Blautia.s__Blautia_wexlerae	209.8225907423
PWY-5667: CDP-diacylglycerol biosynthesis I|g__Lachnospiraceae_unclassified.s__Eubacterium_rectale	195.6161978698
PWY-5667: CDP-diacylglycerol biosynthesis I|g__Parabacteroides.s__Parabacteroides_distasonis	134.5932186129
PWY-5667: CDP-diacylglycerol biosynthesis I|g__Eubacterium.s__Eubacterium_eligens	126.6084283007
PWY-5667: CDP-diacylglycerol biosynthesis I|g__Anaerostipes.s__Anaerostipes_hadrus	121.7594918815
PWY-5667: CDP-diacylglycerol biosynthesis I|g__Bacteroides.s__Bacteroides_uniformis	113.1113896798
PWY-5667: CDP-diacylglycerol biosynthesis I|g__Eubacterium.s__Eubacterium_hallii	95.5983005349
PWY-5667: CDP-diacylglycerol biosynthesis I|g__Roseburia.s__Roseburia_intestinalis	93.0706449489
PWY-5667: CDP-diacylglycerol biosynthesis I|g__Bacteroides.s__Bacteroides_cellulosilyticus	89.5338295366
PWY-5667: CDP-diacylglycerol biosynthesis I|g__Bacteroides.s__Bacteroides_clarus	81.8242999136
PWY-5667: CDP-diacylglycerol biosynthesis I|g__Parabacteroides.s__Parabacteroides_merdae	80.3666594875
PWY-5667: CDP-diacylglycerol biosynthesis I|g__Dorea.s__Dorea_longicatena	69.4685332687
PWY-5667: CDP-diacylglycerol biosynthesis I|g__Clostridium.s__Clostridium_sp_CAG_253	67.7628246806
PWY-5667: CDP-diacylglycerol biosynthesis I|g__Eubacterium.s__Eubacterium_sp_CAG_252	64.3461102557
PWY-5667: CDP-diacylglycerol biosynthesis I|g__Roseburia.s__Roseburia_sp_CAG_100	61.9009268228
PWY-5667: CDP-diacylglycerol biosynthesis I|g__Bacteroides.s__Bacteroides_thetaiotaomicron	58.6898363027
PWY-5667: CDP-diacylglycerol biosynthesis I|g__Dorea.s__Dorea_formicigenerans	52.6137478175
PWY-5667: CDP-diacylglycerol biosynthesis I|g__Coprococcus.s__Coprococcus_comes	43.3974148997
PWY-5667: CDP-diacylglycerol biosynthesis I|g__Eisenbergiella.s__Eisenbergiella_massiliensis	34.7314221852
PWY-5667: CDP-diacylglycerol biosynthesis I|g__Firmicutes_unclassified.s__Firmicutes_bacterium_AF16_15	32.1175624634
PWY-5667: CDP-diacylglycerol biosynthesis I|g__Bacteroides.s__Bacteroides_ovatus	31.6671247689
PWY-5667: CDP-diacylglycerol biosynthesis I|g__Firmicutes_unclassified.s__Firmicutes_bacterium_CAG_41	29.2068685586
PWY-5667: CDP-diacylglycerol biosynthesis I|g__Clostridium.s__Clostridium_sp_AM22_11AC	28.2449044345
PWY-5667: CDP-diacylglycerol biosynthesis I|g__Streptococcus.s__Streptococcus_thermophilus	28.2272309806
PWY-5667: CDP-diacylglycerol biosynthesis I|g__Blautia.s__Blautia_sp_AF19_10LB	27.7611639433
PWY-5667: CDP-diacylglycerol biosynthesis I|g__Eubacterium.s__Eubacterium_ramulus	27.5635039411
PWY-5667: CDP-diacylglycerol biosynthesis I|g__Roseburia.s__Roseburia_inulinivorans	23.6585120245
PWY-5667: CDP-diacylglycerol biosynthesis I|g__Parabacteroides.s__Parabacteroides_gordonii	23.4760570391
PWY-5667: CDP-diacylglycerol biosynthesis I|g__Bacteroides.s__Bacteroides_caccae	22.6123559382
PWY-5667: CDP-diacylglycerol biosynthesis I|g__Coprobacter.s__Coprobacter_fastidiosus	20.6481534556
PWY-5667: CDP-diacylglycerol biosynthesis I|g__Eubacterium.s__Eubacterium_sp_CAG_38	18.1764021879
PWY-5667: CDP-diacylglycerol biosynthesis I|g__Blautia.s__Ruminococcus_gnavus	17.9087248670
PWY-5667: CDP-diacylglycerol biosynthesis I|g__Eubacterium.s__Eubacterium_sp_CAG_192	16.6913792918
PWY-5667: CDP-diacylglycerol biosynthesis I|g__Erysipelatoclostridium.s__Clostridium_spiroforme	14.9566627034
PWY-5667: CDP-diacylglycerol biosynthesis I|g__Blautia.s__Blautia_sp	13.6918714966
PWY-5667: CDP-diacylglycerol biosynthesis I|g__Bacteroides.s__Bacteroides_xylanisolvens	4.8666378605
PWY-5667: CDP-diacylglycerol biosynthesis I|g__Streptococcus.s__Streptococcus_pneumoniae	1.9249878704
PWY0-1319: CDP-diacylglycerol biosynthesis II	13078.1481585336
PWY0-1319: CDP-diacylglycerol biosynthesis II|unclassified	1167.1407613388
PWY0-1319: CDP-diacylglycerol biosynthesis II|g__Blautia.s__Ruminococcus_torques	782.4371689058
PWY0-1319: CDP-diacylglycerol biosynthesis II|g__Faecalibacterium.s__Faecalibacterium_prausnitzii	776.0582247573
PWY0-1319: CDP-diacylglycerol biosynthesis II|g__Fusicatenibacter.s__Fusicatenibacter_saccharivorans	661.9696001623
PWY0-1319: CDP-diacylglycerol biosynthesis II|g__Ruminococcus.s__Ruminococcus_sp_CAG_353	555.2165495004
PWY0-1319: CDP-diacylglycerol biosynthesis II|g__Blautia.s__Blautia_obeum	533.3415370109
PWY0-1319: CDP-diacylglycerol biosynthesis II|g__Alistipes.s__Alistipes_finegoldii	378.3229939647
PWY0-1319: CDP-diacylglycerol biosynthesis II|g__Bacteroides.s__Bacteroides_stercorirosoris	376.4086311965
PWY0-1319: CDP-diacylglycerol biosynthesis II|g__Subdoligranulum.s__Subdoligranulum_sp_APC924_74	307.6855570994
PWY0-1319: CDP-diacylglycerol biosynthesis II|g__Bacteroides.s__Bacteroides_dorei	267.6535071835
PWY0-1319: CDP-diacylglycerol biosynthesis II|g__Bacteroides.s__Bacteroides_vulgatus	262.6689425040
PWY0-1319: CDP-diacylglycerol biosynthesis II|g__Barnesiella.s__Barnesiella_intestinihominis	254.0769377123
PWY0-1319: CDP-diacylglycerol biosynthesis II|g__Blautia.s__Blautia_wexlerae	209.8225907423
PWY0-1319: CDP-diacylglycerol biosynthesis II|g__Lachnospiraceae_unclassified.s__Eubacterium_rectale	195.6161978698
PWY0-1319: CDP-diacylglycerol biosynthesis II|g__Parabacteroides.s__Parabacteroides_distasonis	134.5932186129
PWY0-1319: CDP-diacylglycerol biosynthesis II|g__Eubacterium.s__Eubacterium_eligens	126.6084283007
PWY0-1319: CDP-diacylglycerol biosynthesis II|g__Anaerostipes.s__Anaerostipes_hadrus	121.7594918815
PWY0-1319: CDP-diacylglycerol biosynthesis II|g__Bacteroides.s__Bacteroides_uniformis	113.1113896798
PWY0-1319: CDP-diacylglycerol biosynthesis II|g__Eubacterium.s__Eubacterium_hallii	95.5983005349
PWY0-1319: CDP-diacylglycerol biosynthesis II|g__Roseburia.s__Roseburia_intestinalis	93.0706449489
PWY0-1319: CDP-diacylglycerol biosynthesis II|g__Bacteroides.s__Bacteroides_cellulosilyticus	89.5338295366
PWY0-1319: CDP-diacylglycerol biosynthesis II|g__Bacteroides.s__Bacteroides_clarus	81.8242999136
PWY0-1319: CDP-diacylglycerol biosynthesis II|g__Parabacteroides.s__Parabacteroides_merdae	80.3666594875
PWY0-1319: CDP-diacylglycerol biosynthesis II|g__Dorea.s__Dorea_longicatena	69.4685332687
PWY0-1319: CDP-diacylglycerol biosynthesis II|g__Clostridium.s__Clostridium_sp_CAG_253	67.7628246806
PWY0-1319: CDP-diacylglycerol biosynthesis II|g__Eubacterium.s__Eubacterium_sp_CAG_252	64.3461102557
PWY0-1319: CDP-diacylglycerol biosynthesis II|g__Roseburia.s__Roseburia_sp_CAG_100	61.9009268228
PWY0-1319: CDP-diacylglycerol biosynthesis II|g__Bacteroides.s__Bacteroides_thetaiotaomicron	58.6898363027
PWY0-1319: CDP-diacylglycerol biosynthesis II|g__Dorea.s__Dorea_formicigenerans	52.6137478175
PWY0-1319: CDP-diacylglycerol biosynthesis II|g__Coprococcus.s__Coprococcus_comes	43.3974148997
PWY0-1319: CDP-diacylglycerol biosynthesis II|g__Eisenbergiella.s__Eisenbergiella_massiliensis	34.7314221852
PWY0-1319: CDP-diacylglycerol biosynthesis II|g__Firmicutes_unclassified.s__Firmicutes_bacterium_AF16_15	32.1175624634
PWY0-1319: CDP-diacylglycerol biosynthesis II|g__Bacteroides.s__Bacteroides_ovatus	31.6671247689
PWY0-1319: CDP-diacylglycerol biosynthesis II|g__Firmicutes_unclassified.s__Firmicutes_bacterium_CAG_41	29.2068685586
PWY0-1319: CDP-diacylglycerol biosynthesis II|g__Clostridium.s__Clostridium_sp_AM22_11AC	28.2449044345
PWY0-1319: CDP-diacylglycerol biosynthesis II|g__Streptococcus.s__Streptococcus_thermophilus	28.2272309806
PWY0-1319: CDP-diacylglycerol biosynthesis II|g__Blautia.s__Blautia_sp_AF19_10LB	27.7611639433
PWY0-1319: CDP-diacylglycerol biosynthesis II|g__Eubacterium.s__Eubacterium_ramulus	27.5635039411
PWY0-1319: CDP-diacylglycerol biosynthesis II|g__Roseburia.s__Roseburia_inulinivorans	23.6585120245
PWY0-1319: CDP-diacylglycerol biosynthesis II|g__Parabacteroides.s__Parabacteroides_gordonii	23.4760570391
PWY0-1319: CDP-diacylglycerol biosynthesis II|g__Bacteroides.s__Bacteroides_caccae	22.6123559382
PWY0-1319: CDP-diacylglycerol biosynthesis II|g__Coprobacter.s__Coprobacter_fastidiosus	20.6481534556
PWY0-1319: CDP-diacylglycerol biosynthesis II|g__Eubacterium.s__Eubacterium_sp_CAG_38	18.1764021879
PWY0-1319: CDP-diacylglycerol biosynthesis II|g__Blautia.s__Ruminococcus_gnavus	17.9087248670
PWY0-1319: CDP-diacylglycerol biosynthesis II|g__Eubacterium.s__Eubacterium_sp_CAG_192	16.6913792918
PWY0-1319: CDP-diacylglycerol biosynthesis II|g__Erysipelatoclostridium.s__Clostridium_spiroforme	14.9566627034
PWY0-1319: CDP-diacylglycerol biosynthesis II|g__Blautia.s__Blautia_sp	13.6918714966
PWY0-1319: CDP-diacylglycerol biosynthesis II|g__Bacteroides.s__Bacteroides_xylanisolvens	4.8666378605
PWY0-1319: CDP-diacylglycerol biosynthesis II|g__Streptococcus.s__Streptococcus_pneumoniae	1.9249878704
PWY-6700: queuosine biosynthesis I (de novo)	12435.2667214510
PWY-6700: queuosine biosynthesis I (de novo)|unclassified	1270.9723618773
PWY-6700: queuosine biosynthesis I (de novo)|g__Blautia.s__Ruminococcus_torques	896.0339558496
PWY-6700: queuosine biosynthesis I (de novo)|g__Faecalibacterium.s__Faecalibacterium_prausnitzii	730.2945616604
PWY-6700: queuosine biosynthesis I (de novo)|g__Ruminococcus.s__Ruminococcus_sp_CAG_353	547.7923252563
PWY-6700: queuosine biosynthesis I (de novo)|g__Anaerotruncus.s__Anaerotruncus_sp_CAG_528	499.9995380726
PWY-6700: queuosine biosynthesis I (de novo)|g__Fusicatenibacter.s__Fusicatenibacter_saccharivorans	476.6342568454
PWY-6700: queuosine biosynthesis I (de novo)|g__Ruminococcus.s__Ruminococcus_bromii	385.4066427955
PWY-6700: queuosine biosynthesis I (de novo)|g__Ruminococcus.s__Ruminococcus_sp_CAG_254	368.4865154778
PWY-6700: queuosine biosynthesis I (de novo)|g__Bacteroides.s__Bacteroides_stercorirosoris	362.5201843219
PWY-6700: queuosine biosynthesis I (de novo)|g__Blautia.s__Blautia_wexlerae	351.7781053010
PWY-6700: queuosine biosynthesis I (de novo)|g__Bacteroides.s__Bacteroides_dorei	330.5274641733
PWY-6700: queuosine biosynthesis I (de novo)|g__Barnesiella.s__Barnesiella_intestinihominis	322.3666453616
PWY-6700: queuosine biosynthesis I (de novo)|g__Acetobacter.s__Acetobacter_sp_CAG_267	310.0150307317
PWY-6700: queuosine biosynthesis I (de novo)|g__Bacteroides.s__Bacteroides_vulgatus	307.8007999231
PWY-6700: queuosine biosynthesis I (de novo)|g__Subdoligranulum.s__Subdoligranulum_sp_APC924_74	297.9479679017
PWY-6700: queuosine biosynthesis I (de novo)|g__Candidatus_Gastranaerophilales_unclassified.s__Candidatus_Gastranaerophilales_bacterium_HUM_10	260.0952499916
PWY-6700: queuosine biosynthesis I (de novo)|g__Bacteroides.s__Bacteroides_uniformis	153.2787706416
PWY-6700: queuosine biosynthesis I (de novo)|g__Sutterella.s__Sutterella_wadsworthensis	152.8548015973
PWY-6700: queuosine biosynthesis I (de novo)|g__Lachnospiraceae_unclassified.s__Eubacterium_rectale	147.3514355665
PWY-6700: queuosine biosynthesis I (de novo)|g__Parabacteroides.s__Parabacteroides_distasonis	146.2110040177
PWY-6700: queuosine biosynthesis I (de novo)|g__Blautia.s__Blautia_obeum	144.8229563859
PWY-6700: queuosine biosynthesis I (de novo)|g__Eubacterium.s__Eubacterium_eligens	117.9183430354
PWY-6700: queuosine biosynthesis I (de novo)|g__Anaerostipes.s__Anaerostipes_hadrus	96.1841703182
PWY-6700: queuosine biosynthesis I (de novo)|g__Bacteroides.s__Bacteroides_clarus	95.6062235364
PWY-6700: queuosine biosynthesis I (de novo)|g__Bacteroides.s__Bacteroides_cellulosilyticus	95.0765277371
PWY-6700: queuosine biosynthesis I (de novo)|g__Roseburia.s__Roseburia_intestinalis	94.3985835233
PWY-6700: queuosine biosynthesis I (de novo)|g__Parabacteroides.s__Parabacteroides_merdae	90.3216013491
PWY-6700: queuosine biosynthesis I (de novo)|g__Eubacterium.s__Eubacterium_hallii	88.5030481029
PWY-6700: queuosine biosynthesis I (de novo)|g__Clostridium.s__Clostridium_sp_CAG_253	73.3438833746
PWY-6700: queuosine biosynthesis I (de novo)|g__Eubacterium.s__Eubacterium_sp_CAG_252	69.0490273399
PWY-6700: queuosine biosynthesis I (de novo)|g__Dorea.s__Dorea_longicatena	57.4481654155
PWY-6700: queuosine biosynthesis I (de novo)|g__Firmicutes_unclassified.s__Firmicutes_bacterium_CAG_41	57.2306112805
PWY-6700: queuosine biosynthesis I (de novo)|g__Odoribacter.s__Odoribacter_splanchnicus	49.6466992496
PWY-6700: queuosine biosynthesis I (de novo)|g__Agathobaculum.s__Agathobaculum_butyriciproducens	48.4743315941
PWY-6700: queuosine biosynthesis I (de novo)|g__Roseburia.s__Roseburia_sp_CAG_100	45.8560440907
PWY-6700: queuosine biosynthesis I (de novo)|g__Coprococcus.s__Coprococcus_comes	43.0838652323
PWY-6700: queuosine biosynthesis I (de novo)|g__Bacteroides.s__Bacteroides_caccae	40.1075689301
PWY-6700: queuosine biosynthesis I (de novo)|g__Bacteroides.s__Bacteroides_thetaiotaomicron	38.5860469232
PWY-6700: queuosine biosynthesis I (de novo)|g__Firmicutes_unclassified.s__Firmicutes_bacterium_AF16_15	38.2137380207
PWY-6700: queuosine biosynthesis I (de novo)|g__Akkermansia.s__Akkermansia_muciniphila	37.3560229078
PWY-6700: queuosine biosynthesis I (de novo)|g__Parabacteroides.s__Parabacteroides_gordonii	36.6266716159
PWY-6700: queuosine biosynthesis I (de novo)|g__Ruminococcus.s__Ruminococcus_bicirculans	35.2820229189
PWY-6700: queuosine biosynthesis I (de novo)|g__Gemmiger.s__Gemmiger_formicilis	35.1424589560
PWY-6700: queuosine biosynthesis I (de novo)|g__Dorea.s__Dorea_formicigenerans	32.2520407412
PWY-6700: queuosine biosynthesis I (de novo)|g__Bacteroides.s__Bacteroides_ovatus	31.5461687886
PWY-6700: queuosine biosynthesis I (de novo)|g__Eubacterium.s__Eubacterium_ramulus	30.0757886554
PWY-6700: queuosine biosynthesis I (de novo)|g__Blautia.s__Blautia_sp	29.7480681218
PWY-6700: queuosine biosynthesis I (de novo)|g__Blautia.s__Blautia_sp_AF19_10LB	29.5548110058
PWY-6700: queuosine biosynthesis I (de novo)|g__Bilophila.s__Bilophila_wadsworthia	27.8241842064
PWY-6700: queuosine biosynthesis I (de novo)|g__Monoglobus.s__Monoglobus_pectinilyticus	26.3359887089
PWY-6700: queuosine biosynthesis I (de novo)|g__Eubacterium.s__Eubacterium_sp_CAG_274	26.0663932603
PWY-6700: queuosine biosynthesis I (de novo)|g__Senegalimassilia.s__Senegalimassilia_anaerobia	25.6962565043
PWY-6700: queuosine biosynthesis I (de novo)|g__Clostridium.s__Clostridium_sp_AM22_11AC	24.2707650745
PWY-6700: queuosine biosynthesis I (de novo)|g__Roseburia.s__Roseburia_inulinivorans	22.2349865986
PWY-6700: queuosine biosynthesis I (de novo)|g__Blautia.s__Blautia_sp_CAG_52	17.5346627179
PWY-6700: queuosine biosynthesis I (de novo)|g__Streptococcus.s__Streptococcus_thermophilus	17.4973370004
PWY-6700: queuosine biosynthesis I (de novo)|g__Firmicutes_unclassified.s__Firmicutes_bacterium_CAG_102	16.6710208967
PWY-6700: queuosine biosynthesis I (de novo)|g__Eisenbergiella.s__Eisenbergiella_massiliensis	15.9752835201
PWY-6700: queuosine biosynthesis I (de novo)|g__Erysipelatoclostridium.s__Clostridium_spiroforme	12.3434490207
PWY-6700: queuosine biosynthesis I (de novo)|g__Eubacterium.s__Eubacterium_sp_CAG_38	12.3079918647
PWY-6700: queuosine biosynthesis I (de novo)|g__Oscillibacter.s__Oscillibacter_sp_57_20	12.2540051860
PWY-6700: queuosine biosynthesis I (de novo)|g__Clostridium.s__Clostridium_sp_CAG_230	10.0931719518
PWY-6700: queuosine biosynthesis I (de novo)|g__Coprobacter.s__Coprobacter_secundus	10.0350741124
PWY-6700: queuosine biosynthesis I (de novo)|g__Clostridium.s__Clostridium_sp_CAG_273	9.6833401708
PWY-6700: queuosine biosynthesis I (de novo)|g__Asaccharobacter.s__Asaccharobacter_celatus	9.6775999365
PWY-6700: queuosine biosynthesis I (de novo)|g__Candidatus_Gastranaerophilales_unclassified.s__Candidatus_Gastranaerophilales_bacterium_HUM_21	9.6231153855
PWY-6700: queuosine biosynthesis I (de novo)|g__Roseburia.s__Roseburia_sp_CAG_197	4.7078728994
PWY-6700: queuosine biosynthesis I (de novo)|g__Bacteroides.s__Bacteroides_xylanisolvens	4.1843142612
PWY-6700: queuosine biosynthesis I (de novo)|g__Adlercreutzia.s__Adlercreutzia_equolifaciens	3.5878970305
PWY-6700: queuosine biosynthesis I (de novo)|g__Streptococcus.s__Streptococcus_salivarius	3.0422623593
CALVIN-PWY: Calvin-Benson-Bassham cycle	12304.7542045204
CALVIN-PWY: Calvin-Benson-Bassham cycle|g__Blautia.s__Ruminococcus_torques	889.6970660314
CALVIN-PWY: Calvin-Benson-Bassham cycle|unclassified	864.6526499785
CALVIN-PWY: Calvin-Benson-Bassham cycle|g__Blautia.s__Blautia_wexlerae	739.1188546539
CALVIN-PWY: Calvin-Benson-Bassham cycle|g__Fusicatenibacter.s__Fusicatenibacter_saccharivorans	647.7420161147
CALVIN-PWY: Calvin-Benson-Bassham cycle|g__Lachnospiraceae_unclassified.s__Eubacterium_rectale	249.7034238890
CALVIN-PWY: Calvin-Benson-Bassham cycle|g__Roseburia.s__Roseburia_intestinalis	164.8545060020
CALVIN-PWY: Calvin-Benson-Bassham cycle|g__Eubacterium.s__Eubacterium_hallii	145.2231096211
CALVIN-PWY: Calvin-Benson-Bassham cycle|g__Anaerostipes.s__Anaerostipes_hadrus	118.9466412050
CALVIN-PWY: Calvin-Benson-Bassham cycle|g__Eubacterium.s__Eubacterium_eligens	97.1228420898
CALVIN-PWY: Calvin-Benson-Bassham cycle|g__Faecalibacterium.s__Faecalibacterium_prausnitzii	75.6896304010
CALVIN-PWY: Calvin-Benson-Bassham cycle|g__Blautia.s__Blautia_obeum	67.0864576810
CALVIN-PWY: Calvin-Benson-Bassham cycle|g__Blautia.s__Blautia_sp_AF19_10LB	49.3972239735
CALVIN-PWY: Calvin-Benson-Bassham cycle|g__Blautia.s__Blautia_sp	44.8975078778
CALVIN-PWY: Calvin-Benson-Bassham cycle|g__Dorea.s__Dorea_longicatena	34.0644712685
CALVIN-PWY: Calvin-Benson-Bassham cycle|g__Roseburia.s__Roseburia_inulinivorans	31.8600438616
CALVIN-PWY: Calvin-Benson-Bassham cycle|g__Clostridium.s__Clostridium_sp_AM22_11AC	27.0115236859
CALVIN-PWY: Calvin-Benson-Bassham cycle|g__Flavonifractor.s__Flavonifractor_plautii	21.0396399507
CALVIN-PWY: Calvin-Benson-Bassham cycle|g__Lachnoclostridium.s__Clostridium_symbiosum	14.2537485968
CALVIN-PWY: Calvin-Benson-Bassham cycle|g__Hungatella.s__Hungatella_hathewayi	14.0639139483
CALVIN-PWY: Calvin-Benson-Bassham cycle|g__Firmicutes_unclassified.s__Firmicutes_bacterium_CAG_102	12.9170640389
BRANCHED-CHAIN-AA-SYN-PWY: superpathway of branched chain amino acid biosynthesis	12222.1417021267
BRANCHED-CHAIN-AA-SYN-PWY: superpathway of branched chain amino acid biosynthesis|g__Blautia.s__Ruminococcus_torques	984.6199578825
BRANCHED-CHAIN-AA-SYN-PWY: superpathway of branched chain amino acid biosynthesis|unclassified	883.2488442853
BRANCHED-CHAIN-AA-SYN-PWY: superpathway of branched chain amino acid biosynthesis|g__Ruminococcus.s__Ruminococcus_sp_CAG_353	657.0617703740
BRANCHED-CHAIN-AA-SYN-PWY: superpathway of branched chain amino acid biosynthesis|g__Ruminococcus.s__Ruminococcus_sp_CAG_254	448.8904753811
BRANCHED-CHAIN-AA-SYN-PWY: superpathway of branched chain amino acid biosynthesis|g__Blautia.s__Blautia_wexlerae	361.7817941819
BRANCHED-CHAIN-AA-SYN-PWY: superpathway of branched chain amino acid biosynthesis|g__Lachnospiraceae_unclassified.s__Eubacterium_rectale	304.0674797920
BRANCHED-CHAIN-AA-SYN-PWY: superpathway of branched chain amino acid biosynthesis|g__Parabacteroides.s__Parabacteroides_distasonis	182.5141497335
BRANCHED-CHAIN-AA-SYN-PWY: superpathway of branched chain amino acid biosynthesis|g__Roseburia.s__Roseburia_intestinalis	175.0908558022
BRANCHED-CHAIN-AA-SYN-PWY: superpathway of branched chain amino acid biosynthesis|g__Eubacterium.s__Eubacterium_eligens	135.7149547781
BRANCHED-CHAIN-AA-SYN-PWY: superpathway of branched chain amino acid biosynthesis|g__Blautia.s__Blautia_obeum	127.1510280456
BRANCHED-CHAIN-AA-SYN-PWY: superpathway of branched chain amino acid biosynthesis|g__Eubacterium.s__Eubacterium_hallii	117.6577911290
BRANCHED-CHAIN-AA-SYN-PWY: superpathway of branched chain amino acid biosynthesis|g__Anaerostipes.s__Anaerostipes_hadrus	114.3185940345
BRANCHED-CHAIN-AA-SYN-PWY: superpathway of branched chain amino acid biosynthesis|g__Bacteroides.s__Bacteroides_uniformis	97.8257362273
BRANCHED-CHAIN-AA-SYN-PWY: superpathway of branched chain amino acid biosynthesis|g__Bacteroides.s__Bacteroides_clarus	83.5140334696
BRANCHED-CHAIN-AA-SYN-PWY: superpathway of branched chain amino acid biosynthesis|g__Gemmiger.s__Gemmiger_formicilis	81.5692660703
BRANCHED-CHAIN-AA-SYN-PWY: superpathway of branched chain amino acid biosynthesis|g__Bacteroides.s__Bacteroides_thetaiotaomicron	70.5424862261
BRANCHED-CHAIN-AA-SYN-PWY: superpathway of branched chain amino acid biosynthesis|g__Firmicutes_unclassified.s__Firmicutes_bacterium_CAG_41	66.1491739496
BRANCHED-CHAIN-AA-SYN-PWY: superpathway of branched chain amino acid biosynthesis|g__Coprococcus.s__Coprococcus_comes	62.0680489986
BRANCHED-CHAIN-AA-SYN-PWY: superpathway of branched chain amino acid biosynthesis|g__Blautia.s__Blautia_sp	61.3271456154
BRANCHED-CHAIN-AA-SYN-PWY: superpathway of branched chain amino acid biosynthesis|g__Agathobaculum.s__Agathobaculum_butyriciproducens	55.8419363153
BRANCHED-CHAIN-AA-SYN-PWY: superpathway of branched chain amino acid biosynthesis|g__Parabacteroides.s__Parabacteroides_merdae	53.4197734658
BRANCHED-CHAIN-AA-SYN-PWY: superpathway of branched chain amino acid biosynthesis|g__Dorea.s__Dorea_formicigenerans	51.9901016356
BRANCHED-CHAIN-AA-SYN-PWY: superpathway of branched chain amino acid biosynthesis|g__Bacteroides.s__Bacteroides_caccae	51.6280626460
BRANCHED-CHAIN-AA-SYN-PWY: superpathway of branched chain amino acid biosynthesis|g__Akkermansia.s__Akkermansia_muciniphila	46.3951345350
BRANCHED-CHAIN-AA-SYN-PWY: superpathway of branched chain amino acid biosynthesis|g__Streptococcus.s__Streptococcus_thermophilus	43.4871616456
BRANCHED-CHAIN-AA-SYN-PWY: superpathway of branched chain amino acid biosynthesis|g__Blautia.s__Blautia_sp_AF19_10LB	41.7392711321
BRANCHED-CHAIN-AA-SYN-PWY: superpathway of branched chain amino acid biosynthesis|g__Eubacterium.s__Eubacterium_sp_CAG_274	40.5950817625
BRANCHED-CHAIN-AA-SYN-PWY: superpathway of branched chain amino acid biosynthesis|g__Bacteroides.s__Bacteroides_ovatus	39.0424270622
BRANCHED-CHAIN-AA-SYN-PWY: superpathway of branched chain amino acid biosynthesis|g__Roseburia.s__Roseburia_inulinivorans	36.8665087558
BRANCHED-CHAIN-AA-SYN-PWY: superpathway of branched chain amino acid biosynthesis|g__Ruminococcus.s__Ruminococcus_bicirculans	36.2741130114
BRANCHED-CHAIN-AA-SYN-PWY: superpathway of branched chain amino acid biosynthesis|g__Bilophila.s__Bilophila_wadsworthia	30.6951441003
BRANCHED-CHAIN-AA-SYN-PWY: superpathway of branched chain amino acid biosynthesis|g__Dorea.s__Dorea_longicatena	28.3978397162
BRANCHED-CHAIN-AA-SYN-PWY: superpathway of branched chain amino acid biosynthesis|g__Eisenbergiella.s__Eisenbergiella_massiliensis	19.8812468673
BRANCHED-CHAIN-AA-SYN-PWY: superpathway of branched chain amino acid biosynthesis|g__Monoglobus.s__Monoglobus_pectinilyticus	14.1377656371
BRANCHED-CHAIN-AA-SYN-PWY: superpathway of branched chain amino acid biosynthesis|g__Flavonifractor.s__Flavonifractor_plautii	13.0039031701
BRANCHED-CHAIN-AA-SYN-PWY: superpathway of branched chain amino acid biosynthesis|g__Adlercreutzia.s__Adlercreutzia_equolifaciens	11.6709217733
BRANCHED-CHAIN-AA-SYN-PWY: superpathway of branched chain amino acid biosynthesis|g__Asaccharobacter.s__Asaccharobacter_celatus	10.4129136743
BRANCHED-CHAIN-AA-SYN-PWY: superpathway of branched chain amino acid biosynthesis|g__Blautia.s__Ruminococcus_gnavus	4.6321628732
BRANCHED-CHAIN-AA-SYN-PWY: superpathway of branched chain amino acid biosynthesis|g__Bacteroides.s__Bacteroides_xylanisolvens	2.8215824823
ILEUSYN-PWY: L-isoleucine biosynthesis I (from threonine)	12201.2661561068
ILEUSYN-PWY: L-isoleucine biosynthesis I (from threonine)|g__Blautia.s__Ruminococcus_torques	965.6828583546
ILEUSYN-PWY: L-isoleucine biosynthesis I (from threonine)|unclassified	845.2773043990
ILEUSYN-PWY: L-isoleucine biosynthesis I (from threonine)|g__Ruminococcus.s__Ruminococcus_sp_CAG_353	669.0581204719
ILEUSYN-PWY: L-isoleucine biosynthesis I (from threonine)|g__Ruminococcus.s__Ruminococcus_sp_CAG_254	423.8924817469
ILEUSYN-PWY: L-isoleucine biosynthesis I (from threonine)|g__Blautia.s__Blautia_wexlerae	346.3662978368
ILEUSYN-PWY: L-isoleucine biosynthesis I (from threonine)|g__Lachnospiraceae_unclassified.s__Eubacterium_rectale	324.6897301249
ILEUSYN-PWY: L-isoleucine biosynthesis I (from threonine)|g__Candidatus_Gastranaerophilales_unclassified.s__Candidatus_Gastranaerophilales_bacterium_HUM_10	258.6858054964
ILEUSYN-PWY: L-isoleucine biosynthesis I (from threonine)|g__Roseburia.s__Roseburia_intestinalis	185.5989972596
ILEUSYN-PWY: L-isoleucine biosynthesis I (from threonine)|g__Parabacteroides.s__Parabacteroides_distasonis	170.2228813737
ILEUSYN-PWY: L-isoleucine biosynthesis I (from threonine)|g__Eubacterium.s__Eubacterium_eligens	133.2718027034
ILEUSYN-PWY: L-isoleucine biosynthesis I (from threonine)|g__Eubacterium.s__Eubacterium_hallii	121.7620578570
ILEUSYN-PWY: L-isoleucine biosynthesis I (from threonine)|g__Anaerostipes.s__Anaerostipes_hadrus	116.9081205170
ILEUSYN-PWY: L-isoleucine biosynthesis I (from threonine)|g__Blautia.s__Blautia_obeum	97.8299985083
ILEUSYN-PWY: L-isoleucine biosynthesis I (from threonine)|g__Bacteroides.s__Bacteroides_uniformis	93.6005522723
ILEUSYN-PWY: L-isoleucine biosynthesis I (from threonine)|g__Bacteroides.s__Bacteroides_clarus	78.5717527193
ILEUSYN-PWY: L-isoleucine biosynthesis I (from threonine)|g__Gemmiger.s__Gemmiger_formicilis	76.9676325888
ILEUSYN-PWY: L-isoleucine biosynthesis I (from threonine)|g__Blautia.s__Blautia_sp_AF19_10LB	67.8979109946
ILEUSYN-PWY: L-isoleucine biosynthesis I (from threonine)|g__Firmicutes_unclassified.s__Firmicutes_bacterium_CAG_41	66.5290919387
ILEUSYN-PWY: L-isoleucine biosynthesis I (from threonine)|g__Bacteroides.s__Bacteroides_thetaiotaomicron	66.4645494612
ILEUSYN-PWY: L-isoleucine biosynthesis I (from threonine)|g__Agathobaculum.s__Agathobaculum_butyriciproducens	61.0826330946
ILEUSYN-PWY: L-isoleucine biosynthesis I (from threonine)|g__Blautia.s__Blautia_sp	57.9914941925
ILEUSYN-PWY: L-isoleucine biosynthesis I (from threonine)|g__Coprococcus.s__Coprococcus_comes	57.5842688439
ILEUSYN-PWY: L-isoleucine biosynthesis I (from threonine)|g__Bacteroides.s__Bacteroides_caccae	53.6764007213
ILEUSYN-PWY: L-isoleucine biosynthesis I (from threonine)|g__Parabacteroides.s__Parabacteroides_merdae	51.4561788043
ILEUSYN-PWY: L-isoleucine biosynthesis I (from threonine)|g__Dorea.s__Dorea_formicigenerans	49.9330421835
ILEUSYN-PWY: L-isoleucine biosynthesis I (from threonine)|g__Streptococcus.s__Streptococcus_thermophilus	44.9097024918
ILEUSYN-PWY: L-isoleucine biosynthesis I (from threonine)|g__Akkermansia.s__Akkermansia_muciniphila	42.8412146756
ILEUSYN-PWY: L-isoleucine biosynthesis I (from threonine)|g__Eubacterium.s__Eubacterium_sp_CAG_274	40.0908266904
ILEUSYN-PWY: L-isoleucine biosynthesis I (from threonine)|g__Ruminococcus.s__Ruminococcus_bicirculans	36.8852474166
ILEUSYN-PWY: L-isoleucine biosynthesis I (from threonine)|g__Bacteroides.s__Bacteroides_ovatus	36.4722930743
ILEUSYN-PWY: L-isoleucine biosynthesis I (from threonine)|g__Roseburia.s__Roseburia_inulinivorans	36.2668488241
ILEUSYN-PWY: L-isoleucine biosynthesis I (from threonine)|g__Clostridium.s__Clostridium_sp_AM22_11AC	33.5570063174
ILEUSYN-PWY: L-isoleucine biosynthesis I (from threonine)|g__Bilophila.s__Bilophila_wadsworthia	28.4047396828
ILEUSYN-PWY: L-isoleucine biosynthesis I (from threonine)|g__Dorea.s__Dorea_longicatena	21.8536592502
ILEUSYN-PWY: L-isoleucine biosynthesis I (from threonine)|g__Eisenbergiella.s__Eisenbergiella_massiliensis	18.8561555331
ILEUSYN-PWY: L-isoleucine biosynthesis I (from threonine)|g__Flavonifractor.s__Flavonifractor_plautii	18.6484821985
ILEUSYN-PWY: L-isoleucine biosynthesis I (from threonine)|g__Roseburia.s__Roseburia_hominis	17.5290390517
ILEUSYN-PWY: L-isoleucine biosynthesis I (from threonine)|g__Monoglobus.s__Monoglobus_pectinilyticus	12.1529158774
ILEUSYN-PWY: L-isoleucine biosynthesis I (from threonine)|g__Adlercreutzia.s__Adlercreutzia_equolifaciens	10.9624164280
ILEUSYN-PWY: L-isoleucine biosynthesis I (from threonine)|g__Asaccharobacter.s__Asaccharobacter_celatus	9.9655936942
ILEUSYN-PWY: L-isoleucine biosynthesis I (from threonine)|g__Blautia.s__Ruminococcus_gnavus	3.8189535216
ILEUSYN-PWY: L-isoleucine biosynthesis I (from threonine)|g__Bacteroides.s__Bacteroides_xylanisolvens	2.8342572103
ARGSYNBSUB-PWY: L-arginine biosynthesis II (acetyl cycle)	11991.4568533184
ARGSYNBSUB-PWY: L-arginine biosynthesis II (acetyl cycle)|unclassified	1797.3920480257
ARGSYNBSUB-PWY: L-arginine biosynthesis II (acetyl cycle)|g__Faecalibacterium.s__Faecalibacterium_prausnitzii	1350.0721413659
ARGSYNBSUB-PWY: L-arginine biosynthesis II (acetyl cycle)|g__Blautia.s__Ruminococcus_torques	1070.7118618586
ARGSYNBSUB-PWY: L-arginine biosynthesis II (acetyl cycle)|g__Fusicatenibacter.s__Fusicatenibacter_saccharivorans	721.9220460223
ARGSYNBSUB-PWY: L-arginine biosynthesis II (acetyl cycle)|g__Blautia.s__Blautia_wexlerae	673.6714671778
ARGSYNBSUB-PWY: L-arginine biosynthesis II (acetyl cycle)|g__Ruminococcus.s__Ruminococcus_bromii	575.9946317245
ARGSYNBSUB-PWY: L-arginine biosynthesis II (acetyl cycle)|g__Anaerotruncus.s__Anaerotruncus_sp_CAG_528	550.9209972429
ARGSYNBSUB-PWY: L-arginine biosynthesis II (acetyl cycle)|g__Ruminococcus.s__Ruminococcus_sp_CAG_254	455.4814849655
ARGSYNBSUB-PWY: L-arginine biosynthesis II (acetyl cycle)|g__Subdoligranulum.s__Subdoligranulum_sp_APC924_74	439.1214107207
ARGSYNBSUB-PWY: L-arginine biosynthesis II (acetyl cycle)|g__Lachnospiraceae_unclassified.s__Eubacterium_rectale	201.3434348724
ARGSYNBSUB-PWY: L-arginine biosynthesis II (acetyl cycle)|g__Sutterella.s__Sutterella_wadsworthensis	187.6743555629
ARGSYNBSUB-PWY: L-arginine biosynthesis II (acetyl cycle)|g__Roseburia.s__Roseburia_intestinalis	152.7009830456
ARGSYNBSUB-PWY: L-arginine biosynthesis II (acetyl cycle)|g__Blautia.s__Blautia_obeum	138.8575975688
ARGSYNBSUB-PWY: L-arginine biosynthesis II (acetyl cycle)|g__Eubacterium.s__Eubacterium_eligens	127.3347970503
ARGSYNBSUB-PWY: L-arginine biosynthesis II (acetyl cycle)|g__Eubacterium.s__Eubacterium_hallii	98.6907078251
ARGSYNBSUB-PWY: L-arginine biosynthesis II (acetyl cycle)|g__Dorea.s__Dorea_longicatena	86.6916207824
ARGSYNBSUB-PWY: L-arginine biosynthesis II (acetyl cycle)|g__Anaerostipes.s__Anaerostipes_hadrus	82.5550788722
ARGSYNBSUB-PWY: L-arginine biosynthesis II (acetyl cycle)|g__Clostridium.s__Clostridium_sp_CAG_253	82.2610272816
ARGSYNBSUB-PWY: L-arginine biosynthesis II (acetyl cycle)|g__Gemmiger.s__Gemmiger_formicilis	79.8842970540
ARGSYNBSUB-PWY: L-arginine biosynthesis II (acetyl cycle)|g__Eubacterium.s__Eubacterium_sp_CAG_252	71.1810620916
ARGSYNBSUB-PWY: L-arginine biosynthesis II (acetyl cycle)|g__Roseburia.s__Roseburia_sp_CAG_100	68.4622206154
ARGSYNBSUB-PWY: L-arginine biosynthesis II (acetyl cycle)|g__Coprococcus.s__Coprococcus_comes	53.2604484376
ARGSYNBSUB-PWY: L-arginine biosynthesis II (acetyl cycle)|g__Blautia.s__Blautia_sp_AF19_10LB	51.7887129271
ARGSYNBSUB-PWY: L-arginine biosynthesis II (acetyl cycle)|g__Agathobaculum.s__Agathobaculum_butyriciproducens	50.3761008002
ARGSYNBSUB-PWY: L-arginine biosynthesis II (acetyl cycle)|g__Firmicutes_unclassified.s__Firmicutes_bacterium_AF16_15	46.1165070171
ARGSYNBSUB-PWY: L-arginine biosynthesis II (acetyl cycle)|g__Ruminococcus.s__Ruminococcus_bicirculans	44.8050175850
ARGSYNBSUB-PWY: L-arginine biosynthesis II (acetyl cycle)|g__Akkermansia.s__Akkermansia_muciniphila	42.1550097295
ARGSYNBSUB-PWY: L-arginine biosynthesis II (acetyl cycle)|g__Eubacterium.s__Eubacterium_sp_CAG_274	41.6244478431
ARGSYNBSUB-PWY: L-arginine biosynthesis II (acetyl cycle)|g__Dorea.s__Dorea_formicigenerans	38.8018032522
ARGSYNBSUB-PWY: L-arginine biosynthesis II (acetyl cycle)|g__Streptococcus.s__Streptococcus_thermophilus	35.5765299926
ARGSYNBSUB-PWY: L-arginine biosynthesis II (acetyl cycle)|g__Clostridium.s__Clostridium_sp_AM22_11AC	34.9826101659
ARGSYNBSUB-PWY: L-arginine biosynthesis II (acetyl cycle)|g__Bilophila.s__Bilophila_wadsworthia	33.1281710270
ARGSYNBSUB-PWY: L-arginine biosynthesis II (acetyl cycle)|g__Blautia.s__Blautia_sp_CAG_52	30.3441005785
ARGSYNBSUB-PWY: L-arginine biosynthesis II (acetyl cycle)|g__Eubacterium.s__Eubacterium_ramulus	30.0829101096
ARGSYNBSUB-PWY: L-arginine biosynthesis II (acetyl cycle)|g__Senegalimassilia.s__Senegalimassilia_anaerobia	29.8573273669
ARGSYNBSUB-PWY: L-arginine biosynthesis II (acetyl cycle)|g__Blautia.s__Blautia_sp	25.7423957145
ARGSYNBSUB-PWY: L-arginine biosynthesis II (acetyl cycle)|g__Firmicutes_unclassified.s__Firmicutes_bacterium_CAG_102	23.6179346751
ARGSYNBSUB-PWY: L-arginine biosynthesis II (acetyl cycle)|g__Roseburia.s__Roseburia_inulinivorans	22.1674217191
ARGSYNBSUB-PWY: L-arginine biosynthesis II (acetyl cycle)|g__Adlercreutzia.s__Adlercreutzia_equolifaciens	19.2896732239
ARGSYNBSUB-PWY: L-arginine biosynthesis II (acetyl cycle)|g__Flavonifractor.s__Flavonifractor_plautii	19.0769961183
ARGSYNBSUB-PWY: L-arginine biosynthesis II (acetyl cycle)|g__Eisenbergiella.s__Eisenbergiella_massiliensis	16.5824974566
ARGSYNBSUB-PWY: L-arginine biosynthesis II (acetyl cycle)|g__Eubacterium.s__Eubacterium_sp_CAG_38	13.6685776989
ARGSYNBSUB-PWY: L-arginine biosynthesis II (acetyl cycle)|g__Lachnoclostridium.s__Clostridium_symbiosum	12.3256645116
ARGSYNBSUB-PWY: L-arginine biosynthesis II (acetyl cycle)|g__Lawsonibacter.s__Lawsonibacter_asaccharolyticus	9.5888876571
ARGSYNBSUB-PWY: L-arginine biosynthesis II (acetyl cycle)|g__Asaccharobacter.s__Asaccharobacter_celatus	8.7288936708
PWY-5695: inosine 5'-phosphate degradation	11974.9130836772
PWY-5695: inosine 5'-phosphate degradation|g__Blautia.s__Ruminococcus_torques	887.1039069636
PWY-5695: inosine 5'-phosphate degradation|g__Fusicatenibacter.s__Fusicatenibacter_saccharivorans	767.4445452042
PWY-5695: inosine 5'-phosphate degradation|g__Alistipes.s__Alistipes_finegoldii	576.8871554665
PWY-5695: inosine 5'-phosphate degradation|g__Faecalibacterium.s__Faecalibacterium_prausnitzii	524.2246357399
PWY-5695: inosine 5'-phosphate degradation|unclassified	449.8894177292
PWY-5695: inosine 5'-phosphate degradation|g__Bacteroides.s__Bacteroides_stercorirosoris	433.1259125666
PWY-5695: inosine 5'-phosphate degradation|g__Alistipes.s__Alistipes_putredinis	426.2972739439
PWY-5695: inosine 5'-phosphate degradation|g__Bacteroides.s__Bacteroides_dorei	381.8196568257
PWY-5695: inosine 5'-phosphate degradation|g__Blautia.s__Blautia_wexlerae	349.3469498573
PWY-5695: inosine 5'-phosphate degradation|g__Bacteroides.s__Bacteroides_vulgatus	314.0680395620
PWY-5695: inosine 5'-phosphate degradation|g__Barnesiella.s__Barnesiella_intestinihominis	293.4596728049
PWY-5695: inosine 5'-phosphate degradation|g__Sutterella.s__Sutterella_wadsworthensis	174.7202312867
PWY-5695: inosine 5'-phosphate degradation|g__Parabacteroides.s__Parabacteroides_distasonis	167.0107492974
PWY-5695: inosine 5'-phosphate degradation|g__Blautia.s__Blautia_obeum	160.0578230269
PWY-5695: inosine 5'-phosphate degradation|g__Roseburia.s__Roseburia_intestinalis	139.6734793423
PWY-5695: inosine 5'-phosphate degradation|g__Bacteroides.s__Bacteroides_cellulosilyticus	123.6198720546
PWY-5695: inosine 5'-phosphate degradation|g__Eubacterium.s__Eubacterium_eligens	93.1740610151
PWY-5695: inosine 5'-phosphate degradation|g__Anaerostipes.s__Anaerostipes_hadrus	89.1559153813
PWY-5695: inosine 5'-phosphate degradation|g__Bacteroides.s__Bacteroides_uniformis	85.7492168192
PWY-5695: inosine 5'-phosphate degradation|g__Agathobaculum.s__Agathobaculum_butyriciproducens	73.1295361374
PWY-5695: inosine 5'-phosphate degradation|g__Dorea.s__Dorea_longicatena	73.0340750910
PWY-5695: inosine 5'-phosphate degradation|g__Odoribacter.s__Odoribacter_splanchnicus	72.2358862004
PWY-5695: inosine 5'-phosphate degradation|g__Bacteroides.s__Bacteroides_clarus	71.3266208303
PWY-5695: inosine 5'-phosphate degradation|g__Ruminococcus.s__Ruminococcus_bicirculans	54.7430522860
PWY-5695: inosine 5'-phosphate degradation|g__Bacteroides.s__Bacteroides_thetaiotaomicron	52.3840754797
PWY-5695: inosine 5'-phosphate degradation|g__Alistipes.s__Alistipes_onderdonkii	40.0303516282
PWY-5695: inosine 5'-phosphate degradation|g__Coprococcus.s__Coprococcus_comes	37.9174346129
PWY-5695: inosine 5'-phosphate degradation|g__Bacteroides.s__Bacteroides_ovatus	37.1026639621
PWY-5695: inosine 5'-phosphate degradation|g__Alistipes.s__Alistipes_timonensis	34.4699422636
PWY-5695: inosine 5'-phosphate degradation|g__Bacteroides.s__Bacteroides_caccae	31.0779114216
PWY-5695: inosine 5'-phosphate degradation|g__Eubacterium.s__Eubacterium_ramulus	29.7349273720
PWY-5695: inosine 5'-phosphate degradation|g__Roseburia.s__Roseburia_inulinivorans	29.3640431573
PWY-5695: inosine 5'-phosphate degradation|g__Parabacteroides.s__Parabacteroides_gordonii	27.2945663740
PWY-5695: inosine 5'-phosphate degradation|g__Bilophila.s__Bilophila_wadsworthia	17.8378184445
PWY-5695: inosine 5'-phosphate degradation|g__Eisenbergiella.s__Eisenbergiella_massiliensis	11.9669815166
PWY-5695: inosine 5'-phosphate degradation|g__Lachnoclostridium.s__Clostridium_symbiosum	8.9901592094
PWY-5695: inosine 5'-phosphate degradation|g__Coprobacter.s__Coprobacter_secundus	5.6844093692
PWY-5695: inosine 5'-phosphate degradation|g__Streptococcus.s__Streptococcus_salivarius	4.9226963331
ARGSYN-PWY: L-arginine biosynthesis I (via L-ornithine)	11852.5029215134
ARGSYN-PWY: L-arginine biosynthesis I (via L-ornithine)|unclassified	1614.7978274738
ARGSYN-PWY: L-arginine biosynthesis I (via L-ornithine)|g__Faecalibacterium.s__Faecalibacterium_prausnitzii	1365.0416476572
ARGSYN-PWY: L-arginine biosynthesis I (via L-ornithine)|g__Blautia.s__Ruminococcus_torques	1001.5090069487
ARGSYN-PWY: L-arginine biosynthesis I (via L-ornithine)|g__Blautia.s__Blautia_wexlerae	718.5507069265
ARGSYN-PWY: L-arginine biosynthesis I (via L-ornithine)|g__Fusicatenibacter.s__Fusicatenibacter_saccharivorans	663.1328638195
ARGSYN-PWY: L-arginine biosynthesis I (via L-ornithine)|g__Alistipes.s__Alistipes_finegoldii	581.5701599843
ARGSYN-PWY: L-arginine biosynthesis I (via L-ornithine)|g__Ruminococcus.s__Ruminococcus_sp_CAG_254	454.6378451264
ARGSYN-PWY: L-arginine biosynthesis I (via L-ornithine)|g__Subdoligranulum.s__Subdoligranulum_sp_APC924_74	417.9095813756
ARGSYN-PWY: L-arginine biosynthesis I (via L-ornithine)|g__Lachnospiraceae_unclassified.s__Eubacterium_rectale	140.6348456071
ARGSYN-PWY: L-arginine biosynthesis I (via L-ornithine)|g__Roseburia.s__Roseburia_intestinalis	136.3930172975
ARGSYN-PWY: L-arginine biosynthesis I (via L-ornithine)|g__Eubacterium.s__Eubacterium_eligens	127.8125150264
ARGSYN-PWY: L-arginine biosynthesis I (via L-ornithine)|g__Eubacterium.s__Eubacterium_hallii	95.5939483243
ARGSYN-PWY: L-arginine biosynthesis I (via L-ornithine)|g__Dorea.s__Dorea_longicatena	85.5381731974
ARGSYN-PWY: L-arginine biosynthesis I (via L-ornithine)|g__Anaerostipes.s__Anaerostipes_hadrus	84.0796862005
ARGSYN-PWY: L-arginine biosynthesis I (via L-ornithine)|g__Gemmiger.s__Gemmiger_formicilis	77.0959772392
ARGSYN-PWY: L-arginine biosynthesis I (via L-ornithine)|g__Sutterella.s__Sutterella_wadsworthensis	75.4758079186
ARGSYN-PWY: L-arginine biosynthesis I (via L-ornithine)|g__Eubacterium.s__Eubacterium_sp_CAG_252	68.4592006310
ARGSYN-PWY: L-arginine biosynthesis I (via L-ornithine)|g__Blautia.s__Blautia_obeum	55.0316720763
ARGSYN-PWY: L-arginine biosynthesis I (via L-ornithine)|g__Blautia.s__Blautia_sp_AF19_10LB	53.8387725545
ARGSYN-PWY: L-arginine biosynthesis I (via L-ornithine)|g__Agathobaculum.s__Agathobaculum_butyriciproducens	45.7511493910
ARGSYN-PWY: L-arginine biosynthesis I (via L-ornithine)|g__Coprococcus.s__Coprococcus_comes	44.9976401233
ARGSYN-PWY: L-arginine biosynthesis I (via L-ornithine)|g__Ruminococcus.s__Ruminococcus_bicirculans	43.1932566150
ARGSYN-PWY: L-arginine biosynthesis I (via L-ornithine)|g__Firmicutes_unclassified.s__Firmicutes_bacterium_AF16_15	41.0507827470
ARGSYN-PWY: L-arginine biosynthesis I (via L-ornithine)|g__Dorea.s__Dorea_formicigenerans	37.1629157666
ARGSYN-PWY: L-arginine biosynthesis I (via L-ornithine)|g__Clostridium.s__Clostridium_sp_AM22_11AC	30.4645280874
ARGSYN-PWY: L-arginine biosynthesis I (via L-ornithine)|g__Streptococcus.s__Streptococcus_thermophilus	27.8526361248
ARGSYN-PWY: L-arginine biosynthesis I (via L-ornithine)|g__Eubacterium.s__Eubacterium_ramulus	27.8265799175
ARGSYN-PWY: L-arginine biosynthesis I (via L-ornithine)|g__Blautia.s__Blautia_sp_CAG_52	27.5407239566
ARGSYN-PWY: L-arginine biosynthesis I (via L-ornithine)|g__Firmicutes_unclassified.s__Firmicutes_bacterium_CAG_102	23.1049685534
ARGSYN-PWY: L-arginine biosynthesis I (via L-ornithine)|g__Eubacterium.s__Eubacterium_sp_CAG_274	21.2193723905
ARGSYN-PWY: L-arginine biosynthesis I (via L-ornithine)|g__Flavonifractor.s__Flavonifractor_plautii	18.5605501775
ARGSYN-PWY: L-arginine biosynthesis I (via L-ornithine)|g__Eisenbergiella.s__Eisenbergiella_massiliensis	12.4726399841
ARGSYN-PWY: L-arginine biosynthesis I (via L-ornithine)|g__Blautia.s__Blautia_sp	3.7570069243
PWY-6121: 5-aminoimidazole ribonucleotide biosynthesis I	11832.7813818782
PWY-6121: 5-aminoimidazole ribonucleotide biosynthesis I|unclassified	1669.7804434030
PWY-6121: 5-aminoimidazole ribonucleotide biosynthesis I|g__Blautia.s__Ruminococcus_torques	1057.7628002630
PWY-6121: 5-aminoimidazole ribonucleotide biosynthesis I|g__Faecalibacterium.s__Faecalibacterium_prausnitzii	919.6469942354
PWY-6121: 5-aminoimidazole ribonucleotide biosynthesis I|g__Fusicatenibacter.s__Fusicatenibacter_saccharivorans	613.1032307031
PWY-6121: 5-aminoimidazole ribonucleotide biosynthesis I|g__Alistipes.s__Alistipes_finegoldii	574.0861093873
PWY-6121: 5-aminoimidazole ribonucleotide biosynthesis I|g__Ruminococcus.s__Ruminococcus_sp_CAG_353	522.9981453536
PWY-6121: 5-aminoimidazole ribonucleotide biosynthesis I|g__Alistipes.s__Alistipes_putredinis	472.4945829176
PWY-6121: 5-aminoimidazole ribonucleotide biosynthesis I|g__Ruminococcus.s__Ruminococcus_bromii	428.4422874145
PWY-6121: 5-aminoimidazole ribonucleotide biosynthesis I|g__Blautia.s__Blautia_wexlerae	414.5309470921
PWY-6121: 5-aminoimidazole ribonucleotide biosynthesis I|g__Bacteroides.s__Bacteroides_stercorirosoris	388.4200483050
PWY-6121: 5-aminoimidazole ribonucleotide biosynthesis I|g__Subdoligranulum.s__Subdoligranulum_sp_APC924_74	335.8126224147
PWY-6121: 5-aminoimidazole ribonucleotide biosynthesis I|g__Blautia.s__Blautia_obeum	323.2467873206
PWY-6121: 5-aminoimidazole ribonucleotide biosynthesis I|g__Bacteroides.s__Bacteroides_dorei	296.0160636847
PWY-6121: 5-aminoimidazole ribonucleotide biosynthesis I|g__Barnesiella.s__Barnesiella_intestinihominis	292.0650865246
PWY-6121: 5-aminoimidazole ribonucleotide biosynthesis I|g__Lachnospiraceae_unclassified.s__Eubacterium_rectale	234.7673262760
PWY-6121: 5-aminoimidazole ribonucleotide biosynthesis I|g__Sutterella.s__Sutterella_wadsworthensis	207.6406596411
PWY-6121: 5-aminoimidazole ribonucleotide biosynthesis I|g__Bacteroides.s__Bacteroides_vulgatus	177.4024559714
PWY-6121: 5-aminoimidazole ribonucleotide biosynthesis I|g__Roseburia.s__Roseburia_intestinalis	168.7849303600
PWY-6121: 5-aminoimidazole ribonucleotide biosynthesis I|g__Parabacteroides.s__Parabacteroides_distasonis	153.3871486321
PWY-6121: 5-aminoimidazole ribonucleotide biosynthesis I|g__Bacteroides.s__Bacteroides_uniformis	116.4992366311
PWY-6121: 5-aminoimidazole ribonucleotide biosynthesis I|g__Eubacterium.s__Eubacterium_eligens	97.2697164979
PWY-6121: 5-aminoimidazole ribonucleotide biosynthesis I|g__Eubacterium.s__Eubacterium_hallii	89.7939851777
PWY-6121: 5-aminoimidazole ribonucleotide biosynthesis I|g__Eubacterium.s__Eubacterium_sp_CAG_252	86.3873156389
PWY-6121: 5-aminoimidazole ribonucleotide biosynthesis I|g__Bacteroides.s__Bacteroides_clarus	84.5387119668
PWY-6121: 5-aminoimidazole ribonucleotide biosynthesis I|g__Anaerostipes.s__Anaerostipes_hadrus	78.9591270582
PWY-6121: 5-aminoimidazole ribonucleotide biosynthesis I|g__Bacteroides.s__Bacteroides_cellulosilyticus	74.4725653530
PWY-6121: 5-aminoimidazole ribonucleotide biosynthesis I|g__Dorea.s__Dorea_longicatena	73.7181463792
PWY-6121: 5-aminoimidazole ribonucleotide biosynthesis I|g__Parabacteroides.s__Parabacteroides_merdae	73.2521546034
PWY-6121: 5-aminoimidazole ribonucleotide biosynthesis I|g__Agathobaculum.s__Agathobaculum_butyriciproducens	65.8602741227
PWY-6121: 5-aminoimidazole ribonucleotide biosynthesis I|g__Coprococcus.s__Coprococcus_comes	60.6471600197
PWY-6121: 5-aminoimidazole ribonucleotide biosynthesis I|g__Clostridium.s__Clostridium_sp_CAG_253	60.4667560274
PWY-6121: 5-aminoimidazole ribonucleotide biosynthesis I|g__Roseburia.s__Roseburia_sp_CAG_100	59.8854174864
PWY-6121: 5-aminoimidazole ribonucleotide biosynthesis I|g__Odoribacter.s__Odoribacter_splanchnicus	51.8286861549
PWY-6121: 5-aminoimidazole ribonucleotide biosynthesis I|g__Bacteroides.s__Bacteroides_thetaiotaomicron	51.7316967535
PWY-6121: 5-aminoimidazole ribonucleotide biosynthesis I|g__Gemmiger.s__Gemmiger_formicilis	47.5887738572
PWY-6121: 5-aminoimidazole ribonucleotide biosynthesis I|g__Firmicutes_unclassified.s__Firmicutes_bacterium_CAG_41	46.3470293212
PWY-6121: 5-aminoimidazole ribonucleotide biosynthesis I|g__Ruminococcus.s__Ruminococcus_bicirculans	45.9945393794
PWY-6121: 5-aminoimidazole ribonucleotide biosynthesis I|g__Alistipes.s__Alistipes_onderdonkii	39.0872870690
PWY-6121: 5-aminoimidazole ribonucleotide biosynthesis I|g__Firmicutes_unclassified.s__Firmicutes_bacterium_AF16_15	38.5777973590
PWY-6121: 5-aminoimidazole ribonucleotide biosynthesis I|g__Dorea.s__Dorea_formicigenerans	38.3415758309
PWY-6121: 5-aminoimidazole ribonucleotide biosynthesis I|g__Blautia.s__Blautia_sp_AF19_10LB	36.6442704946
PWY-6121: 5-aminoimidazole ribonucleotide biosynthesis I|g__Alistipes.s__Alistipes_timonensis	36.1330506457
PWY-6121: 5-aminoimidazole ribonucleotide biosynthesis I|g__Streptococcus.s__Streptococcus_thermophilus	35.6776172731
PWY-6121: 5-aminoimidazole ribonucleotide biosynthesis I|g__Eubacterium.s__Eubacterium_ramulus	33.9488334575
PWY-6121: 5-aminoimidazole ribonucleotide biosynthesis I|g__Parabacteroides.s__Parabacteroides_gordonii	32.6646255779
PWY-6121: 5-aminoimidazole ribonucleotide biosynthesis I|g__Bacteroides.s__Bacteroides_caccae	31.0457800153
PWY-6121: 5-aminoimidazole ribonucleotide biosynthesis I|g__Senegalimassilia.s__Senegalimassilia_anaerobia	30.4893415588
PWY-6121: 5-aminoimidazole ribonucleotide biosynthesis I|g__Roseburia.s__Roseburia_inulinivorans	29.7972970153
PWY-6121: 5-aminoimidazole ribonucleotide biosynthesis I|g__Blautia.s__Blautia_sp_CAG_52	27.7214233120
PWY-6121: 5-aminoimidazole ribonucleotide biosynthesis I|g__Akkermansia.s__Akkermansia_muciniphila	26.2130817576
PWY-6121: 5-aminoimidazole ribonucleotide biosynthesis I|g__Bilophila.s__Bilophila_wadsworthia	24.0259804132
PWY-6121: 5-aminoimidazole ribonucleotide biosynthesis I|g__Blautia.s__Blautia_sp	22.9474897548
PWY-6121: 5-aminoimidazole ribonucleotide biosynthesis I|g__Coprobacter.s__Coprobacter_fastidiosus	21.0150480177
PWY-6121: 5-aminoimidazole ribonucleotide biosynthesis I|g__Eubacterium.s__Eubacterium_sp_CAG_192	20.1132386463
PWY-6121: 5-aminoimidazole ribonucleotide biosynthesis I|g__Bacteroides.s__Bacteroides_ovatus	19.3761657170
PWY-6121: 5-aminoimidazole ribonucleotide biosynthesis I|g__Clostridium.s__Clostridium_sp_AM22_11AC	17.3905285534
PWY-6121: 5-aminoimidazole ribonucleotide biosynthesis I|g__Monoglobus.s__Monoglobus_pectinilyticus	15.9295626134
PWY-6121: 5-aminoimidazole ribonucleotide biosynthesis I|g__Eisenbergiella.s__Eisenbergiella_massiliensis	15.0638234673
PWY-6121: 5-aminoimidazole ribonucleotide biosynthesis I|g__Asaccharobacter.s__Asaccharobacter_celatus	14.6020859065
PWY-6121: 5-aminoimidazole ribonucleotide biosynthesis I|g__Firmicutes_unclassified.s__Firmicutes_bacterium_CAG_102	11.9491352440
PWY-6121: 5-aminoimidazole ribonucleotide biosynthesis I|g__Eubacterium.s__Eubacterium_sp_AF17_7	10.8530132011
PWY-6121: 5-aminoimidazole ribonucleotide biosynthesis I|g__Adlercreutzia.s__Adlercreutzia_equolifaciens	10.5891906573
PWY-6121: 5-aminoimidazole ribonucleotide biosynthesis I|g__Oscillibacter.s__Oscillibacter_sp_57_20	9.6706069031
PWY-6121: 5-aminoimidazole ribonucleotide biosynthesis I|g__Eubacterium.s__Eubacterium_sp_CAG_38	9.4879539428
PWY-6121: 5-aminoimidazole ribonucleotide biosynthesis I|g__Roseburia.s__Roseburia_faecis	9.4324919719
PWY-6122: 5-aminoimidazole ribonucleotide biosynthesis II	11718.4862586401
PWY-6122: 5-aminoimidazole ribonucleotide biosynthesis II|unclassified	1675.7768819151
PWY-6122: 5-aminoimidazole ribonucleotide biosynthesis II|g__Blautia.s__Ruminococcus_torques	1031.2950359991
PWY-6122: 5-aminoimidazole ribonucleotide biosynthesis II|g__Faecalibacterium.s__Faecalibacterium_prausnitzii	953.2968123110
PWY-6122: 5-aminoimidazole ribonucleotide biosynthesis II|g__Fusicatenibacter.s__Fusicatenibacter_saccharivorans	627.5286973378
PWY-6122: 5-aminoimidazole ribonucleotide biosynthesis II|g__Blautia.s__Blautia_obeum	597.2688720547
PWY-6122: 5-aminoimidazole ribonucleotide biosynthesis II|g__Alistipes.s__Alistipes_finegoldii	567.1990507494
PWY-6122: 5-aminoimidazole ribonucleotide biosynthesis II|g__Ruminococcus.s__Ruminococcus_sp_CAG_353	555.5958627449
PWY-6122: 5-aminoimidazole ribonucleotide biosynthesis II|g__Alistipes.s__Alistipes_putredinis	461.6227890548
PWY-6122: 5-aminoimidazole ribonucleotide biosynthesis II|g__Ruminococcus.s__Ruminococcus_bromii	436.1931262428
PWY-6122: 5-aminoimidazole ribonucleotide biosynthesis II|g__Bacteroides.s__Bacteroides_stercorirosoris	394.7364930040
PWY-6122: 5-aminoimidazole ribonucleotide biosynthesis II|g__Blautia.s__Blautia_wexlerae	386.2366474093
PWY-6122: 5-aminoimidazole ribonucleotide biosynthesis II|g__Subdoligranulum.s__Subdoligranulum_sp_APC924_74	335.7220299758
PWY-6122: 5-aminoimidazole ribonucleotide biosynthesis II|g__Barnesiella.s__Barnesiella_intestinihominis	288.0634649720
PWY-6122: 5-aminoimidazole ribonucleotide biosynthesis II|g__Bacteroides.s__Bacteroides_dorei	286.5086762075
PWY-6122: 5-aminoimidazole ribonucleotide biosynthesis II|g__Lachnospiraceae_unclassified.s__Eubacterium_rectale	226.4488877481
PWY-6122: 5-aminoimidazole ribonucleotide biosynthesis II|g__Sutterella.s__Sutterella_wadsworthensis	208.3108883173
PWY-6122: 5-aminoimidazole ribonucleotide biosynthesis II|g__Roseburia.s__Roseburia_intestinalis	166.5572554755
PWY-6122: 5-aminoimidazole ribonucleotide biosynthesis II|g__Bacteroides.s__Bacteroides_vulgatus	163.0553615053
PWY-6122: 5-aminoimidazole ribonucleotide biosynthesis II|g__Parabacteroides.s__Parabacteroides_distasonis	157.6064789088
PWY-6122: 5-aminoimidazole ribonucleotide biosynthesis II|g__Bacteroides.s__Bacteroides_uniformis	117.4663203321
PWY-6122: 5-aminoimidazole ribonucleotide biosynthesis II|g__Eubacterium.s__Eubacterium_eligens	92.9170720710
PWY-6122: 5-aminoimidazole ribonucleotide biosynthesis II|g__Bacteroides.s__Bacteroides_cellulosilyticus	91.9491092670
PWY-6122: 5-aminoimidazole ribonucleotide biosynthesis II|g__Eubacterium.s__Eubacterium_hallii	85.6986168622
PWY-6122: 5-aminoimidazole ribonucleotide biosynthesis II|g__Eubacterium.s__Eubacterium_sp_CAG_252	85.1759762339
PWY-6122: 5-aminoimidazole ribonucleotide biosynthesis II|g__Dorea.s__Dorea_longicatena	83.7682900992
PWY-6122: 5-aminoimidazole ribonucleotide biosynthesis II|g__Bacteroides.s__Bacteroides_clarus	79.6477013822
PWY-6122: 5-aminoimidazole ribonucleotide biosynthesis II|g__Anaerostipes.s__Anaerostipes_hadrus	76.5903034346
PWY-6122: 5-aminoimidazole ribonucleotide biosynthesis II|g__Parabacteroides.s__Parabacteroides_merdae	69.4299806623
PWY-6122: 5-aminoimidazole ribonucleotide biosynthesis II|g__Coprococcus.s__Coprococcus_comes	68.8426674944
PWY-6122: 5-aminoimidazole ribonucleotide biosynthesis II|g__Agathobaculum.s__Agathobaculum_butyriciproducens	68.5866605554
PWY-6122: 5-aminoimidazole ribonucleotide biosynthesis II|g__Alistipes.s__Alistipes_onderdonkii	68.4305742837
PWY-6122: 5-aminoimidazole ribonucleotide biosynthesis II|g__Odoribacter.s__Odoribacter_splanchnicus	66.1478985177
PWY-6122: 5-aminoimidazole ribonucleotide biosynthesis II|g__Roseburia.s__Roseburia_sp_CAG_100	57.4741571420
PWY-6122: 5-aminoimidazole ribonucleotide biosynthesis II|g__Clostridium.s__Clostridium_sp_CAG_253	56.5686556803
PWY-6122: 5-aminoimidazole ribonucleotide biosynthesis II|g__Gemmiger.s__Gemmiger_formicilis	50.9056336044
PWY-6122: 5-aminoimidazole ribonucleotide biosynthesis II|g__Bacteroides.s__Bacteroides_thetaiotaomicron	50.6533893516
PWY-6122: 5-aminoimidazole ribonucleotide biosynthesis II|g__Ruminococcus.s__Ruminococcus_bicirculans	50.5444030138
PWY-6122: 5-aminoimidazole ribonucleotide biosynthesis II|g__Firmicutes_unclassified.s__Firmicutes_bacterium_AF16_15	45.6101737752
PWY-6122: 5-aminoimidazole ribonucleotide biosynthesis II|g__Blautia.s__Blautia_sp_AF19_10LB	44.6114959277
PWY-6122: 5-aminoimidazole ribonucleotide biosynthesis II|g__Firmicutes_unclassified.s__Firmicutes_bacterium_CAG_41	44.4553990465
PWY-6122: 5-aminoimidazole ribonucleotide biosynthesis II|g__Dorea.s__Dorea_formicigenerans	42.8977889284
PWY-6122: 5-aminoimidazole ribonucleotide biosynthesis II|g__Alistipes.s__Alistipes_timonensis	38.0289119480
PWY-6122: 5-aminoimidazole ribonucleotide biosynthesis II|g__Bacteroides.s__Bacteroides_caccae	34.6108507527
PWY-6122: 5-aminoimidazole ribonucleotide biosynthesis II|g__Parabacteroides.s__Parabacteroides_gordonii	33.9037215171
PWY-6122: 5-aminoimidazole ribonucleotide biosynthesis II|g__Eubacterium.s__Eubacterium_ramulus	33.1721784261
PWY-6122: 5-aminoimidazole ribonucleotide biosynthesis II|g__Streptococcus.s__Streptococcus_thermophilus	32.0557283498
PWY-6122: 5-aminoimidazole ribonucleotide biosynthesis II|g__Senegalimassilia.s__Senegalimassilia_anaerobia	29.2824140104
PWY-6122: 5-aminoimidazole ribonucleotide biosynthesis II|g__Roseburia.s__Roseburia_inulinivorans	28.6974437783
PWY-6122: 5-aminoimidazole ribonucleotide biosynthesis II|g__Blautia.s__Blautia_sp	28.6484110100
PWY-6122: 5-aminoimidazole ribonucleotide biosynthesis II|g__Blautia.s__Blautia_sp_CAG_52	26.2957763186
PWY-6122: 5-aminoimidazole ribonucleotide biosynthesis II|g__Akkermansia.s__Akkermansia_muciniphila	24.0435292713
PWY-6122: 5-aminoimidazole ribonucleotide biosynthesis II|g__Bilophila.s__Bilophila_wadsworthia	22.4023090027
PWY-6122: 5-aminoimidazole ribonucleotide biosynthesis II|g__Clostridium.s__Clostridium_sp_AM22_11AC	20.5883196437
PWY-6122: 5-aminoimidazole ribonucleotide biosynthesis II|g__Eubacterium.s__Eubacterium_sp_CAG_192	18.9079765589
PWY-6122: 5-aminoimidazole ribonucleotide biosynthesis II|g__Coprobacter.s__Coprobacter_fastidiosus	18.3815408743
PWY-6122: 5-aminoimidazole ribonucleotide biosynthesis II|g__Asaccharobacter.s__Asaccharobacter_celatus	18.3064936931
PWY-6122: 5-aminoimidazole ribonucleotide biosynthesis II|g__Eisenbergiella.s__Eisenbergiella_massiliensis	17.4874755709
PWY-6122: 5-aminoimidazole ribonucleotide biosynthesis II|g__Bacteroides.s__Bacteroides_ovatus	16.7399150995
PWY-6122: 5-aminoimidazole ribonucleotide biosynthesis II|g__Monoglobus.s__Monoglobus_pectinilyticus	14.8466023646
PWY-6122: 5-aminoimidazole ribonucleotide biosynthesis II|g__Oscillibacter.s__Oscillibacter_sp_57_20	13.5372379067
PWY-6122: 5-aminoimidazole ribonucleotide biosynthesis II|g__Lawsonibacter.s__Lawsonibacter_asaccharolyticus	13.3322900653
PWY-6122: 5-aminoimidazole ribonucleotide biosynthesis II|g__Eubacterium.s__Eubacterium_sp_AF17_7	12.4983325728
PWY-6122: 5-aminoimidazole ribonucleotide biosynthesis II|g__Adlercreutzia.s__Adlercreutzia_equolifaciens	11.6960107936
PWY-6122: 5-aminoimidazole ribonucleotide biosynthesis II|g__Firmicutes_unclassified.s__Firmicutes_bacterium_CAG_102	11.3665414718
PWY-6122: 5-aminoimidazole ribonucleotide biosynthesis II|g__Roseburia.s__Roseburia_faecis	8.8784885115
PWY-6122: 5-aminoimidazole ribonucleotide biosynthesis II|g__Eubacterium.s__Eubacterium_sp_CAG_38	7.9935408759
PWY-6122: 5-aminoimidazole ribonucleotide biosynthesis II|g__Lachnoclostridium.s__Clostridium_symbiosum	6.8586653180
PWY-6122: 5-aminoimidazole ribonucleotide biosynthesis II|g__Clostridium.s__Clostridium_sp_CAG_230	3.8121679804
PWY-6122: 5-aminoimidazole ribonucleotide biosynthesis II|g__Roseburia.s__Roseburia_hominis	2.6803798801
PWY-6277: superpathway of 5-aminoimidazole ribonucleotide biosynthesis	11718.4862586401
PWY-6277: superpathway of 5-aminoimidazole ribonucleotide biosynthesis|unclassified	1675.7768819151
PWY-6277: superpathway of 5-aminoimidazole ribonucleotide biosynthesis|g__Blautia.s__Ruminococcus_torques	1031.2950359991
PWY-6277: superpathway of 5-aminoimidazole ribonucleotide biosynthesis|g__Faecalibacterium.s__Faecalibacterium_prausnitzii	953.2968123110
PWY-6277: superpathway of 5-aminoimidazole ribonucleotide biosynthesis|g__Fusicatenibacter.s__Fusicatenibacter_saccharivorans	627.5286973378
PWY-6277: superpathway of 5-aminoimidazole ribonucleotide biosynthesis|g__Blautia.s__Blautia_obeum	597.2688720547
PWY-6277: superpathway of 5-aminoimidazole ribonucleotide biosynthesis|g__Alistipes.s__Alistipes_finegoldii	567.1990507494
PWY-6277: superpathway of 5-aminoimidazole ribonucleotide biosynthesis|g__Ruminococcus.s__Ruminococcus_sp_CAG_353	555.5958627449
PWY-6277: superpathway of 5-aminoimidazole ribonucleotide biosynthesis|g__Alistipes.s__Alistipes_putredinis	461.6227890548
PWY-6277: superpathway of 5-aminoimidazole ribonucleotide biosynthesis|g__Ruminococcus.s__Ruminococcus_bromii	436.1931262428
PWY-6277: superpathway of 5-aminoimidazole ribonucleotide biosynthesis|g__Bacteroides.s__Bacteroides_stercorirosoris	394.7364930040
PWY-6277: superpathway of 5-aminoimidazole ribonucleotide biosynthesis|g__Blautia.s__Blautia_wexlerae	386.2366474093
PWY-6277: superpathway of 5-aminoimidazole ribonucleotide biosynthesis|g__Subdoligranulum.s__Subdoligranulum_sp_APC924_74	335.7220299758
PWY-6277: superpathway of 5-aminoimidazole ribonucleotide biosynthesis|g__Barnesiella.s__Barnesiella_intestinihominis	288.0634649720
PWY-6277: superpathway of 5-aminoimidazole ribonucleotide biosynthesis|g__Bacteroides.s__Bacteroides_dorei	286.5086762075
PWY-6277: superpathway of 5-aminoimidazole ribonucleotide biosynthesis|g__Lachnospiraceae_unclassified.s__Eubacterium_rectale	226.4488877481
PWY-6277: superpathway of 5-aminoimidazole ribonucleotide biosynthesis|g__Sutterella.s__Sutterella_wadsworthensis	208.3108883173
PWY-6277: superpathway of 5-aminoimidazole ribonucleotide biosynthesis|g__Roseburia.s__Roseburia_intestinalis	166.5572554755
PWY-6277: superpathway of 5-aminoimidazole ribonucleotide biosynthesis|g__Bacteroides.s__Bacteroides_vulgatus	163.0553615053
PWY-6277: superpathway of 5-aminoimidazole ribonucleotide biosynthesis|g__Parabacteroides.s__Parabacteroides_distasonis	157.6064789088
PWY-6277: superpathway of 5-aminoimidazole ribonucleotide biosynthesis|g__Bacteroides.s__Bacteroides_uniformis	117.4663203321
PWY-6277: superpathway of 5-aminoimidazole ribonucleotide biosynthesis|g__Eubacterium.s__Eubacterium_eligens	92.9170720710
PWY-6277: superpathway of 5-aminoimidazole ribonucleotide biosynthesis|g__Bacteroides.s__Bacteroides_cellulosilyticus	91.9491092670
PWY-6277: superpathway of 5-aminoimidazole ribonucleotide biosynthesis|g__Eubacterium.s__Eubacterium_hallii	85.6986168622
PWY-6277: superpathway of 5-aminoimidazole ribonucleotide biosynthesis|g__Eubacterium.s__Eubacterium_sp_CAG_252	85.1759762339
PWY-6277: superpathway of 5-aminoimidazole ribonucleotide biosynthesis|g__Dorea.s__Dorea_longicatena	83.7682900992
PWY-6277: superpathway of 5-aminoimidazole ribonucleotide biosynthesis|g__Bacteroides.s__Bacteroides_clarus	79.6477013822
PWY-6277: superpathway of 5-aminoimidazole ribonucleotide biosynthesis|g__Anaerostipes.s__Anaerostipes_hadrus	76.5903034346
PWY-6277: superpathway of 5-aminoimidazole ribonucleotide biosynthesis|g__Parabacteroides.s__Parabacteroides_merdae	69.4299806623
PWY-6277: superpathway of 5-aminoimidazole ribonucleotide biosynthesis|g__Coprococcus.s__Coprococcus_comes	68.8426674944
PWY-6277: superpathway of 5-aminoimidazole ribonucleotide biosynthesis|g__Agathobaculum.s__Agathobaculum_butyriciproducens	68.5866605554
PWY-6277: superpathway of 5-aminoimidazole ribonucleotide biosynthesis|g__Alistipes.s__Alistipes_onderdonkii	68.4305742837
PWY-6277: superpathway of 5-aminoimidazole ribonucleotide biosynthesis|g__Odoribacter.s__Odoribacter_splanchnicus	66.1478985177
PWY-6277: superpathway of 5-aminoimidazole ribonucleotide biosynthesis|g__Roseburia.s__Roseburia_sp_CAG_100	57.4741571420
PWY-6277: superpathway of 5-aminoimidazole ribonucleotide biosynthesis|g__Clostridium.s__Clostridium_sp_CAG_253	56.5686556803
PWY-6277: superpathway of 5-aminoimidazole ribonucleotide biosynthesis|g__Gemmiger.s__Gemmiger_formicilis	50.9056336044
PWY-6277: superpathway of 5-aminoimidazole ribonucleotide biosynthesis|g__Bacteroides.s__Bacteroides_thetaiotaomicron	50.6533893516
PWY-6277: superpathway of 5-aminoimidazole ribonucleotide biosynthesis|g__Ruminococcus.s__Ruminococcus_bicirculans	50.5444030138
PWY-6277: superpathway of 5-aminoimidazole ribonucleotide biosynthesis|g__Firmicutes_unclassified.s__Firmicutes_bacterium_AF16_15	45.6101737752
PWY-6277: superpathway of 5-aminoimidazole ribonucleotide biosynthesis|g__Blautia.s__Blautia_sp_AF19_10LB	44.6114959277
PWY-6277: superpathway of 5-aminoimidazole ribonucleotide biosynthesis|g__Firmicutes_unclassified.s__Firmicutes_bacterium_CAG_41	44.4553990465
PWY-6277: superpathway of 5-aminoimidazole ribonucleotide biosynthesis|g__Dorea.s__Dorea_formicigenerans	42.8977889284
PWY-6277: superpathway of 5-aminoimidazole ribonucleotide biosynthesis|g__Alistipes.s__Alistipes_timonensis	38.0289119480
PWY-6277: superpathway of 5-aminoimidazole ribonucleotide biosynthesis|g__Bacteroides.s__Bacteroides_caccae	34.6108507527
PWY-6277: superpathway of 5-aminoimidazole ribonucleotide biosynthesis|g__Parabacteroides.s__Parabacteroides_gordonii	33.9037215171
PWY-6277: superpathway of 5-aminoimidazole ribonucleotide biosynthesis|g__Eubacterium.s__Eubacterium_ramulus	33.1721784261
PWY-6277: superpathway of 5-aminoimidazole ribonucleotide biosynthesis|g__Streptococcus.s__Streptococcus_thermophilus	32.0557283498
PWY-6277: superpathway of 5-aminoimidazole ribonucleotide biosynthesis|g__Senegalimassilia.s__Senegalimassilia_anaerobia	29.2824140104
PWY-6277: superpathway of 5-aminoimidazole ribonucleotide biosynthesis|g__Roseburia.s__Roseburia_inulinivorans	28.6974437783
PWY-6277: superpathway of 5-aminoimidazole ribonucleotide biosynthesis|g__Blautia.s__Blautia_sp	28.6484110100
PWY-6277: superpathway of 5-aminoimidazole ribonucleotide biosynthesis|g__Blautia.s__Blautia_sp_CAG_52	26.2957763186
PWY-6277: superpathway of 5-aminoimidazole ribonucleotide biosynthesis|g__Akkermansia.s__Akkermansia_muciniphila	24.0435292713
PWY-6277: superpathway of 5-aminoimidazole ribonucleotide biosynthesis|g__Bilophila.s__Bilophila_wadsworthia	22.4023090027
PWY-6277: superpathway of 5-aminoimidazole ribonucleotide biosynthesis|g__Clostridium.s__Clostridium_sp_AM22_11AC	20.5883196437
PWY-6277: superpathway of 5-aminoimidazole ribonucleotide biosynthesis|g__Eubacterium.s__Eubacterium_sp_CAG_192	18.9079765589
PWY-6277: superpathway of 5-aminoimidazole ribonucleotide biosynthesis|g__Coprobacter.s__Coprobacter_fastidiosus	18.3815408743
PWY-6277: superpathway of 5-aminoimidazole ribonucleotide biosynthesis|g__Asaccharobacter.s__Asaccharobacter_celatus	18.3064936931
PWY-6277: superpathway of 5-aminoimidazole ribonucleotide biosynthesis|g__Eisenbergiella.s__Eisenbergiella_massiliensis	17.4874755709
PWY-6277: superpathway of 5-aminoimidazole ribonucleotide biosynthesis|g__Bacteroides.s__Bacteroides_ovatus	16.7399150995
PWY-6277: superpathway of 5-aminoimidazole ribonucleotide biosynthesis|g__Monoglobus.s__Monoglobus_pectinilyticus	14.8466023646
PWY-6277: superpathway of 5-aminoimidazole ribonucleotide biosynthesis|g__Oscillibacter.s__Oscillibacter_sp_57_20	13.5372379067
PWY-6277: superpathway of 5-aminoimidazole ribonucleotide biosynthesis|g__Lawsonibacter.s__Lawsonibacter_asaccharolyticus	13.3322900653
PWY-6277: superpathway of 5-aminoimidazole ribonucleotide biosynthesis|g__Eubacterium.s__Eubacterium_sp_AF17_7	12.4983325728
PWY-6277: superpathway of 5-aminoimidazole ribonucleotide biosynthesis|g__Adlercreutzia.s__Adlercreutzia_equolifaciens	11.6960107936
PWY-6277: superpathway of 5-aminoimidazole ribonucleotide biosynthesis|g__Firmicutes_unclassified.s__Firmicutes_bacterium_CAG_102	11.3665414718
PWY-6277: superpathway of 5-aminoimidazole ribonucleotide biosynthesis|g__Roseburia.s__Roseburia_faecis	8.8784885115
PWY-6277: superpathway of 5-aminoimidazole ribonucleotide biosynthesis|g__Eubacterium.s__Eubacterium_sp_CAG_38	7.9935408759
PWY-6277: superpathway of 5-aminoimidazole ribonucleotide biosynthesis|g__Lachnoclostridium.s__Clostridium_symbiosum	6.8586653180
PWY-6277: superpathway of 5-aminoimidazole ribonucleotide biosynthesis|g__Clostridium.s__Clostridium_sp_CAG_230	3.8121679804
PWY-6277: superpathway of 5-aminoimidazole ribonucleotide biosynthesis|g__Roseburia.s__Roseburia_hominis	2.6803798801
PWY-5097: L-lysine biosynthesis VI	11645.9431296207
PWY-5097: L-lysine biosynthesis VI|unclassified	1305.3317255548
PWY-5097: L-lysine biosynthesis VI|g__Blautia.s__Ruminococcus_torques	940.8365316554
PWY-5097: L-lysine biosynthesis VI|g__Faecalibacterium.s__Faecalibacterium_prausnitzii	776.4865754271
PWY-5097: L-lysine biosynthesis VI|g__Fusicatenibacter.s__Fusicatenibacter_saccharivorans	747.9030384755
PWY-5097: L-lysine biosynthesis VI|g__Blautia.s__Blautia_obeum	661.8544533126
PWY-5097: L-lysine biosynthesis VI|g__Ruminococcus.s__Ruminococcus_sp_CAG_353	613.2174752667
PWY-5097: L-lysine biosynthesis VI|g__Ruminococcus.s__Ruminococcus_bromii	454.7723377094
PWY-5097: L-lysine biosynthesis VI|g__Alistipes.s__Alistipes_finegoldii	335.1285401405
PWY-5097: L-lysine biosynthesis VI|g__Bacteroides.s__Bacteroides_stercorirosoris	328.3567307449
PWY-5097: L-lysine biosynthesis VI|g__Ruminococcus.s__Ruminococcus_sp_CAG_254	295.0478552451
PWY-5097: L-lysine biosynthesis VI|g__Barnesiella.s__Barnesiella_intestinihominis	289.0721264008
PWY-5097: L-lysine biosynthesis VI|g__Bacteroides.s__Bacteroides_dorei	253.7247583053
PWY-5097: L-lysine biosynthesis VI|g__Bacteroides.s__Bacteroides_vulgatus	232.2213171508
PWY-5097: L-lysine biosynthesis VI|g__Candidatus_Gastranaerophilales_unclassified.s__Candidatus_Gastranaerophilales_bacterium_HUM_10	210.0497362934
PWY-5097: L-lysine biosynthesis VI|g__Blautia.s__Blautia_wexlerae	203.0728955834
PWY-5097: L-lysine biosynthesis VI|g__Sutterella.s__Sutterella_wadsworthensis	174.3318989456
PWY-5097: L-lysine biosynthesis VI|g__Parabacteroides.s__Parabacteroides_distasonis	171.4849281790
PWY-5097: L-lysine biosynthesis VI|g__Roseburia.s__Roseburia_intestinalis	134.2273197828
PWY-5097: L-lysine biosynthesis VI|g__Eubacterium.s__Eubacterium_eligens	121.2893273799
PWY-5097: L-lysine biosynthesis VI|g__Bacteroides.s__Bacteroides_uniformis	92.9366255245
PWY-5097: L-lysine biosynthesis VI|g__Eubacterium.s__Eubacterium_hallii	89.0832276092
PWY-5097: L-lysine biosynthesis VI|g__Anaerostipes.s__Anaerostipes_hadrus	85.6572776886
PWY-5097: L-lysine biosynthesis VI|g__Dorea.s__Dorea_longicatena	80.7240449996
PWY-5097: L-lysine biosynthesis VI|g__Parabacteroides.s__Parabacteroides_merdae	72.2562612224
PWY-5097: L-lysine biosynthesis VI|g__Eubacterium.s__Eubacterium_sp_CAG_252	71.3700887019
PWY-5097: L-lysine biosynthesis VI|g__Coprococcus.s__Coprococcus_comes	60.8476689205
PWY-5097: L-lysine biosynthesis VI|g__Bacteroides.s__Bacteroides_cellulosilyticus	54.6157703683
PWY-5097: L-lysine biosynthesis VI|g__Bacteroides.s__Bacteroides_clarus	51.1720776491
PWY-5097: L-lysine biosynthesis VI|g__Agathobaculum.s__Agathobaculum_butyriciproducens	50.0588036512
PWY-5097: L-lysine biosynthesis VI|g__Bacteroides.s__Bacteroides_thetaiotaomicron	48.0044498839
PWY-5097: L-lysine biosynthesis VI|g__Dorea.s__Dorea_formicigenerans	40.5906061661
PWY-5097: L-lysine biosynthesis VI|g__Eubacterium.s__Eubacterium_ramulus	38.8048411378
PWY-5097: L-lysine biosynthesis VI|g__Lachnospiraceae_unclassified.s__Eubacterium_rectale	37.6079162114
PWY-5097: L-lysine biosynthesis VI|g__Alistipes.s__Alistipes_timonensis	37.0962923754
PWY-5097: L-lysine biosynthesis VI|g__Blautia.s__Blautia_sp_AF19_10LB	35.9466795298
PWY-5097: L-lysine biosynthesis VI|g__Bilophila.s__Bilophila_wadsworthia	29.9525275523
PWY-5097: L-lysine biosynthesis VI|g__Akkermansia.s__Akkermansia_muciniphila	29.7193360986
PWY-5097: L-lysine biosynthesis VI|g__Alistipes.s__Alistipes_onderdonkii	29.0761707057
PWY-5097: L-lysine biosynthesis VI|g__Bacteroides.s__Bacteroides_caccae	28.8437571660
PWY-5097: L-lysine biosynthesis VI|g__Eubacterium.s__Eubacterium_sp_CAG_274	27.0530246404
PWY-5097: L-lysine biosynthesis VI|g__Blautia.s__Blautia_sp_CAG_52	25.2828362611
PWY-5097: L-lysine biosynthesis VI|g__Parabacteroides.s__Parabacteroides_gordonii	23.5866575564
PWY-5097: L-lysine biosynthesis VI|g__Senegalimassilia.s__Senegalimassilia_anaerobia	22.9244628275
PWY-5097: L-lysine biosynthesis VI|g__Roseburia.s__Roseburia_inulinivorans	19.3500097447
PWY-5097: L-lysine biosynthesis VI|g__Monoglobus.s__Monoglobus_pectinilyticus	19.3159809899
PWY-5097: L-lysine biosynthesis VI|g__Bacteroides.s__Bacteroides_ovatus	18.8278218065
PWY-5097: L-lysine biosynthesis VI|g__Coprobacter.s__Coprobacter_fastidiosus	16.8675808638
PWY-5097: L-lysine biosynthesis VI|g__Clostridium.s__Clostridium_sp_AM22_11AC	14.7992845227
PWY-5097: L-lysine biosynthesis VI|g__Eisenbergiella.s__Eisenbergiella_massiliensis	12.0734171058
PWY-5097: L-lysine biosynthesis VI|g__Lachnoclostridium.s__Clostridium_symbiosum	11.1998688954
PWY-5097: L-lysine biosynthesis VI|g__Eggerthella.s__Eggerthella_sp_CAG_209	9.1360045539
PWY-5097: L-lysine biosynthesis VI|g__Asaccharobacter.s__Asaccharobacter_celatus	8.2904397062
PWY-5097: L-lysine biosynthesis VI|g__Eubacterium.s__Eubacterium_sp_CAG_38	6.3469660127
PWY-5097: L-lysine biosynthesis VI|g__Adlercreutzia.s__Adlercreutzia_equolifaciens	4.7915589608
PWY-5097: L-lysine biosynthesis VI|g__Bacteroides.s__Bacteroides_intestinalis	3.1797069581
PWY-6629: superpathway of L-tryptophan biosynthesis	11606.5433324610
PWY-6629: superpathway of L-tryptophan biosynthesis|g__Blautia.s__Ruminococcus_torques	1039.9244038815
PWY-6629: superpathway of L-tryptophan biosynthesis|unclassified	1036.6585365926
PWY-6629: superpathway of L-tryptophan biosynthesis|g__Fusicatenibacter.s__Fusicatenibacter_saccharivorans	750.1233977661
PWY-6629: superpathway of L-tryptophan biosynthesis|g__Anaerotruncus.s__Anaerotruncus_sp_CAG_528	700.9111451157
PWY-6629: superpathway of L-tryptophan biosynthesis|g__Blautia.s__Blautia_obeum	482.6801345905
PWY-6629: superpathway of L-tryptophan biosynthesis|g__Ruminococcus.s__Ruminococcus_sp_CAG_254	409.0432134762
PWY-6629: superpathway of L-tryptophan biosynthesis|g__Blautia.s__Blautia_wexlerae	332.5315064381
PWY-6629: superpathway of L-tryptophan biosynthesis|g__Roseburia.s__Roseburia_intestinalis	168.5016169401
PWY-6629: superpathway of L-tryptophan biosynthesis|g__Eubacterium.s__Eubacterium_eligens	116.9608493447
PWY-6629: superpathway of L-tryptophan biosynthesis|g__Anaerostipes.s__Anaerostipes_hadrus	105.8377763176
PWY-6629: superpathway of L-tryptophan biosynthesis|g__Eubacterium.s__Eubacterium_hallii	95.5960086767
PWY-6629: superpathway of L-tryptophan biosynthesis|g__Roseburia.s__Roseburia_sp_CAG_100	69.9420842394
PWY-6629: superpathway of L-tryptophan biosynthesis|g__Eubacterium.s__Eubacterium_sp_CAG_252	64.6876176707
PWY-6629: superpathway of L-tryptophan biosynthesis|g__Lachnospiraceae_unclassified.s__Eubacterium_rectale	50.5156702832
PWY-6629: superpathway of L-tryptophan biosynthesis|g__Blautia.s__Blautia_sp_AF19_10LB	46.0942362199
PWY-6629: superpathway of L-tryptophan biosynthesis|g__Streptococcus.s__Streptococcus_thermophilus	32.4441919205
PWY-6629: superpathway of L-tryptophan biosynthesis|g__Eubacterium.s__Eubacterium_ramulus	30.9281199315
PWY-6629: superpathway of L-tryptophan biosynthesis|g__Blautia.s__Blautia_sp_CAG_52	21.2356932305
PWY-6629: superpathway of L-tryptophan biosynthesis|g__Blautia.s__Blautia_sp	17.5322604746
COA-PWY-1: superpathway of coenzyme A biosynthesis III (mammals)	11370.9240140187
COA-PWY-1: superpathway of coenzyme A biosynthesis III (mammals)|unclassified	1319.8276985741
COA-PWY-1: superpathway of coenzyme A biosynthesis III (mammals)|g__Faecalibacterium.s__Faecalibacterium_prausnitzii	858.7585224772
COA-PWY-1: superpathway of coenzyme A biosynthesis III (mammals)|g__Blautia.s__Ruminococcus_torques	734.4735746636
COA-PWY-1: superpathway of coenzyme A biosynthesis III (mammals)|g__Fusicatenibacter.s__Fusicatenibacter_saccharivorans	613.8508953380
COA-PWY-1: superpathway of coenzyme A biosynthesis III (mammals)|g__Alistipes.s__Alistipes_putredinis	502.9171642980
COA-PWY-1: superpathway of coenzyme A biosynthesis III (mammals)|g__Subdoligranulum.s__Subdoligranulum_sp_APC924_74	397.4439921999
COA-PWY-1: superpathway of coenzyme A biosynthesis III (mammals)|g__Blautia.s__Blautia_obeum	350.6563434298
COA-PWY-1: superpathway of coenzyme A biosynthesis III (mammals)|g__Bacteroides.s__Bacteroides_stercorirosoris	331.1794386827
COA-PWY-1: superpathway of coenzyme A biosynthesis III (mammals)|g__Ruminococcus.s__Ruminococcus_sp_CAG_254	305.9186872466
COA-PWY-1: superpathway of coenzyme A biosynthesis III (mammals)|g__Barnesiella.s__Barnesiella_intestinihominis	297.4586643547
COA-PWY-1: superpathway of coenzyme A biosynthesis III (mammals)|g__Bacteroides.s__Bacteroides_dorei	271.6676824673
COA-PWY-1: superpathway of coenzyme A biosynthesis III (mammals)|g__Blautia.s__Blautia_wexlerae	261.8113639999
COA-PWY-1: superpathway of coenzyme A biosynthesis III (mammals)|g__Candidatus_Gastranaerophilales_unclassified.s__Candidatus_Gastranaerophilales_bacterium_HUM_10	224.7030395028
COA-PWY-1: superpathway of coenzyme A biosynthesis III (mammals)|g__Sutterella.s__Sutterella_wadsworthensis	207.1315784956
COA-PWY-1: superpathway of coenzyme A biosynthesis III (mammals)|g__Bacteroides.s__Bacteroides_vulgatus	206.9036826755
COA-PWY-1: superpathway of coenzyme A biosynthesis III (mammals)|g__Parabacteroides.s__Parabacteroides_distasonis	136.5257988257
COA-PWY-1: superpathway of coenzyme A biosynthesis III (mammals)|g__Roseburia.s__Roseburia_intestinalis	116.4868372590
COA-PWY-1: superpathway of coenzyme A biosynthesis III (mammals)|g__Bacteroides.s__Bacteroides_uniformis	103.6181250695
COA-PWY-1: superpathway of coenzyme A biosynthesis III (mammals)|g__Eubacterium.s__Eubacterium_eligens	87.1991576751
COA-PWY-1: superpathway of coenzyme A biosynthesis III (mammals)|g__Agathobaculum.s__Agathobaculum_butyriciproducens	85.9523159197
COA-PWY-1: superpathway of coenzyme A biosynthesis III (mammals)|g__Bacteroides.s__Bacteroides_cellulosilyticus	82.1863948112
COA-PWY-1: superpathway of coenzyme A biosynthesis III (mammals)|g__Anaerostipes.s__Anaerostipes_hadrus	73.3792286514
COA-PWY-1: superpathway of coenzyme A biosynthesis III (mammals)|g__Bacteroides.s__Bacteroides_clarus	63.7490856586
COA-PWY-1: superpathway of coenzyme A biosynthesis III (mammals)|g__Parabacteroides.s__Parabacteroides_merdae	58.9485870954
COA-PWY-1: superpathway of coenzyme A biosynthesis III (mammals)|g__Coprococcus.s__Coprococcus_comes	58.4302556326
COA-PWY-1: superpathway of coenzyme A biosynthesis III (mammals)|g__Odoribacter.s__Odoribacter_splanchnicus	56.4717967050
COA-PWY-1: superpathway of coenzyme A biosynthesis III (mammals)|g__Eubacterium.s__Eubacterium_hallii	51.2995824606
COA-PWY-1: superpathway of coenzyme A biosynthesis III (mammals)|g__Dorea.s__Dorea_formicigenerans	49.8318666358
COA-PWY-1: superpathway of coenzyme A biosynthesis III (mammals)|g__Firmicutes_unclassified.s__Firmicutes_bacterium_CAG_41	48.2711546819
COA-PWY-1: superpathway of coenzyme A biosynthesis III (mammals)|g__Eubacterium.s__Eubacterium_sp_CAG_252	47.3971640515
COA-PWY-1: superpathway of coenzyme A biosynthesis III (mammals)|g__Bacteroides.s__Bacteroides_thetaiotaomicron	46.9542030748
COA-PWY-1: superpathway of coenzyme A biosynthesis III (mammals)|g__Dorea.s__Dorea_longicatena	40.9549448376
COA-PWY-1: superpathway of coenzyme A biosynthesis III (mammals)|g__Bacteroides.s__Bacteroides_ovatus	36.4552061507
COA-PWY-1: superpathway of coenzyme A biosynthesis III (mammals)|g__Ruminococcus.s__Ruminococcus_bicirculans	32.9255335893
COA-PWY-1: superpathway of coenzyme A biosynthesis III (mammals)|g__Eubacterium.s__Eubacterium_sp_CAG_274	31.1798911319
COA-PWY-1: superpathway of coenzyme A biosynthesis III (mammals)|g__Bacteroides.s__Bacteroides_caccae	30.4717075097
COA-PWY-1: superpathway of coenzyme A biosynthesis III (mammals)|g__Bilophila.s__Bilophila_wadsworthia	29.3723982550
COA-PWY-1: superpathway of coenzyme A biosynthesis III (mammals)|g__Butyricimonas.s__Butyricimonas_synergistica	25.4359203550
COA-PWY-1: superpathway of coenzyme A biosynthesis III (mammals)|g__Senegalimassilia.s__Senegalimassilia_anaerobia	22.9261465818
COA-PWY-1: superpathway of coenzyme A biosynthesis III (mammals)|g__Alistipes.s__Alistipes_timonensis	21.5350903896
COA-PWY-1: superpathway of coenzyme A biosynthesis III (mammals)|g__Parabacteroides.s__Parabacteroides_gordonii	20.8248098569
COA-PWY-1: superpathway of coenzyme A biosynthesis III (mammals)|g__Firmicutes_unclassified.s__Firmicutes_bacterium_CAG_102	20.2118087946
COA-PWY-1: superpathway of coenzyme A biosynthesis III (mammals)|g__Eubacterium.s__Eubacterium_ramulus	17.9457612411
COA-PWY-1: superpathway of coenzyme A biosynthesis III (mammals)|g__Blautia.s__Blautia_sp_AF19_10LB	17.6142374204
COA-PWY-1: superpathway of coenzyme A biosynthesis III (mammals)|g__Clostridium.s__Clostridium_sp_CAG_230	13.0727575008
COA-PWY-1: superpathway of coenzyme A biosynthesis III (mammals)|g__Clostridium.s__Clostridium_sp_AM22_11AC	12.9632607732
COA-PWY-1: superpathway of coenzyme A biosynthesis III (mammals)|g__Roseburia.s__Roseburia_faecis	10.4842559158
COA-PWY-1: superpathway of coenzyme A biosynthesis III (mammals)|g__Alistipes.s__Alistipes_finegoldii	4.2111812635
PWY-8178: pentose phosphate pathway (non-oxidative branch) II	11306.1674492503
PWY-8178: pentose phosphate pathway (non-oxidative branch) II|g__Blautia.s__Ruminococcus_torques	1178.5306830696
PWY-8178: pentose phosphate pathway (non-oxidative branch) II|g__Fusicatenibacter.s__Fusicatenibacter_saccharivorans	846.2420036402
PWY-8178: pentose phosphate pathway (non-oxidative branch) II|g__Blautia.s__Blautia_wexlerae	726.6819185413
PWY-8178: pentose phosphate pathway (non-oxidative branch) II|unclassified	714.8211497904
PWY-8178: pentose phosphate pathway (non-oxidative branch) II|g__Lachnospiraceae_unclassified.s__Eubacterium_rectale	343.4086012618
PWY-8178: pentose phosphate pathway (non-oxidative branch) II|g__Anaerostipes.s__Anaerostipes_hadrus	236.1065141398
PWY-8178: pentose phosphate pathway (non-oxidative branch) II|g__Eubacterium.s__Eubacterium_hallii	211.5002108406
PWY-8178: pentose phosphate pathway (non-oxidative branch) II|g__Roseburia.s__Roseburia_intestinalis	187.8285842951
PWY-8178: pentose phosphate pathway (non-oxidative branch) II|g__Eubacterium.s__Eubacterium_eligens	157.7148021540
PWY-8178: pentose phosphate pathway (non-oxidative branch) II|g__Parabacteroides.s__Parabacteroides_distasonis	148.6578466522
PWY-8178: pentose phosphate pathway (non-oxidative branch) II|g__Blautia.s__Blautia_obeum	127.3120669205
PWY-8178: pentose phosphate pathway (non-oxidative branch) II|g__Eubacterium.s__Eubacterium_sp_CAG_252	83.7389053943
PWY-8178: pentose phosphate pathway (non-oxidative branch) II|g__Blautia.s__Blautia_sp_AF19_10LB	58.2236189451
PWY-8178: pentose phosphate pathway (non-oxidative branch) II|g__Blautia.s__Blautia_sp	46.8546507604
PWY-8178: pentose phosphate pathway (non-oxidative branch) II|g__Clostridium.s__Clostridium_sp_AM22_11AC	35.6070879488
PWY-8178: pentose phosphate pathway (non-oxidative branch) II|g__Eisenbergiella.s__Eisenbergiella_massiliensis	33.6330497493
PWY-8178: pentose phosphate pathway (non-oxidative branch) II|g__Faecalibacterium.s__Faecalibacterium_prausnitzii	33.2563943762
PWY-8178: pentose phosphate pathway (non-oxidative branch) II|g__Roseburia.s__Roseburia_inulinivorans	29.2143777006
PWY-8178: pentose phosphate pathway (non-oxidative branch) II|g__Firmicutes_unclassified.s__Firmicutes_bacterium_CAG_102	27.8793449671
PWY-8178: pentose phosphate pathway (non-oxidative branch) II|g__Streptococcus.s__Streptococcus_thermophilus	23.2576640974
PWY-8178: pentose phosphate pathway (non-oxidative branch) II|g__Dorea.s__Dorea_longicatena	16.2178236571
PWY-8178: pentose phosphate pathway (non-oxidative branch) II|g__Roseburia.s__Roseburia_faecis	10.0307997927
PWY-8178: pentose phosphate pathway (non-oxidative branch) II|g__Hungatella.s__Hungatella_hathewayi	7.0540515802
PWY-7229: superpathway of adenosine nucleotides de novo biosynthesis I	11217.4070050303
PWY-7229: superpathway of adenosine nucleotides de novo biosynthesis I|g__Bacteroides.s__Bacteroides_stercorirosoris	416.3897198340
PWY-7229: superpathway of adenosine nucleotides de novo biosynthesis I|g__Bacteroides.s__Bacteroides_dorei	369.8930574636
PWY-7229: superpathway of adenosine nucleotides de novo biosynthesis I|g__Bacteroides.s__Bacteroides_vulgatus	277.6170546075
PWY-7229: superpathway of adenosine nucleotides de novo biosynthesis I|unclassified	156.4006536098
PWY-7229: superpathway of adenosine nucleotides de novo biosynthesis I|g__Sutterella.s__Sutterella_wadsworthensis	141.8774008608
PWY-7229: superpathway of adenosine nucleotides de novo biosynthesis I|g__Parabacteroides.s__Parabacteroides_distasonis	130.5449197515
PWY-7229: superpathway of adenosine nucleotides de novo biosynthesis I|g__Bacteroides.s__Bacteroides_cellulosilyticus	93.2547557342
PWY-7229: superpathway of adenosine nucleotides de novo biosynthesis I|g__Bacteroides.s__Bacteroides_thetaiotaomicron	54.5713016880
PWY-7229: superpathway of adenosine nucleotides de novo biosynthesis I|g__Streptococcus.s__Streptococcus_thermophilus	45.7000927373
PWY-7229: superpathway of adenosine nucleotides de novo biosynthesis I|g__Bacteroides.s__Bacteroides_caccae	39.2470945430
PWY-7229: superpathway of adenosine nucleotides de novo biosynthesis I|g__Bacteroides.s__Bacteroides_ovatus	36.6203111690
PWY-7229: superpathway of adenosine nucleotides de novo biosynthesis I|g__Bilophila.s__Bilophila_wadsworthia	28.8257290850
PWY-7229: superpathway of adenosine nucleotides de novo biosynthesis I|g__Parabacteroides.s__Parabacteroides_gordonii	21.7534910365
PWY-5103: L-isoleucine biosynthesis III	10814.4416927044
PWY-5103: L-isoleucine biosynthesis III|g__Blautia.s__Ruminococcus_torques	858.9460244914
PWY-5103: L-isoleucine biosynthesis III|unclassified	689.3125692798
PWY-5103: L-isoleucine biosynthesis III|g__Ruminococcus.s__Ruminococcus_sp_CAG_353	628.0772716753
PWY-5103: L-isoleucine biosynthesis III|g__Ruminococcus.s__Ruminococcus_sp_CAG_254	418.8308645572
PWY-5103: L-isoleucine biosynthesis III|g__Blautia.s__Blautia_wexlerae	291.8934919552
PWY-5103: L-isoleucine biosynthesis III|g__Lachnospiraceae_unclassified.s__Eubacterium_rectale	277.8326695704
PWY-5103: L-isoleucine biosynthesis III|g__Candidatus_Gastranaerophilales_unclassified.s__Candidatus_Gastranaerophilales_bacterium_HUM_10	247.5770901382
PWY-5103: L-isoleucine biosynthesis III|g__Parabacteroides.s__Parabacteroides_distasonis	165.5923228299
PWY-5103: L-isoleucine biosynthesis III|g__Roseburia.s__Roseburia_intestinalis	157.5988236404
PWY-5103: L-isoleucine biosynthesis III|g__Eubacterium.s__Eubacterium_eligens	120.0053965595
PWY-5103: L-isoleucine biosynthesis III|g__Eubacterium.s__Eubacterium_hallii	115.2606866451
PWY-5103: L-isoleucine biosynthesis III|g__Anaerostipes.s__Anaerostipes_hadrus	110.6610201084
PWY-5103: L-isoleucine biosynthesis III|g__Bacteroides.s__Bacteroides_uniformis	88.2446336061
PWY-5103: L-isoleucine biosynthesis III|g__Bacteroides.s__Bacteroides_clarus	75.9079867842
PWY-5103: L-isoleucine biosynthesis III|g__Gemmiger.s__Gemmiger_formicilis	70.2579384463
PWY-5103: L-isoleucine biosynthesis III|g__Firmicutes_unclassified.s__Firmicutes_bacterium_CAG_41	65.7575478467
PWY-5103: L-isoleucine biosynthesis III|g__Blautia.s__Blautia_obeum	63.9810281291
PWY-5103: L-isoleucine biosynthesis III|g__Blautia.s__Blautia_sp_AF19_10LB	63.8918016413
PWY-5103: L-isoleucine biosynthesis III|g__Bacteroides.s__Bacteroides_thetaiotaomicron	60.1535353002
PWY-5103: L-isoleucine biosynthesis III|g__Agathobaculum.s__Agathobaculum_butyriciproducens	58.2073382857
PWY-5103: L-isoleucine biosynthesis III|g__Coprococcus.s__Coprococcus_comes	53.1854975670
PWY-5103: L-isoleucine biosynthesis III|g__Bacteroides.s__Bacteroides_caccae	52.1830495627
PWY-5103: L-isoleucine biosynthesis III|g__Blautia.s__Blautia_sp	49.8595333328
PWY-5103: L-isoleucine biosynthesis III|g__Dorea.s__Dorea_formicigenerans	43.5009100611
PWY-5103: L-isoleucine biosynthesis III|g__Parabacteroides.s__Parabacteroides_merdae	43.0349124133
PWY-5103: L-isoleucine biosynthesis III|g__Streptococcus.s__Streptococcus_thermophilus	41.3564516373
PWY-5103: L-isoleucine biosynthesis III|g__Akkermansia.s__Akkermansia_muciniphila	40.5505962095
PWY-5103: L-isoleucine biosynthesis III|g__Eubacterium.s__Eubacterium_sp_CAG_274	37.9083980701
PWY-5103: L-isoleucine biosynthesis III|g__Bacteroides.s__Bacteroides_ovatus	34.7035262420
PWY-5103: L-isoleucine biosynthesis III|g__Roseburia.s__Roseburia_inulinivorans	31.9713199842
PWY-5103: L-isoleucine biosynthesis III|g__Ruminococcus.s__Ruminococcus_bicirculans	31.2872142816
PWY-5103: L-isoleucine biosynthesis III|g__Bilophila.s__Bilophila_wadsworthia	26.2806455216
PWY-5103: L-isoleucine biosynthesis III|g__Eisenbergiella.s__Eisenbergiella_massiliensis	16.6798829713
PWY-5103: L-isoleucine biosynthesis III|g__Flavonifractor.s__Flavonifractor_plautii	15.8085421739
PWY-5103: L-isoleucine biosynthesis III|g__Dorea.s__Dorea_longicatena	15.3083655755
PWY-5103: L-isoleucine biosynthesis III|g__Roseburia.s__Roseburia_hominis	15.1587900674
PWY-5103: L-isoleucine biosynthesis III|g__Monoglobus.s__Monoglobus_pectinilyticus	10.6332677592
PWY-5103: L-isoleucine biosynthesis III|g__Adlercreutzia.s__Adlercreutzia_equolifaciens	9.9363014772
PWY-5103: L-isoleucine biosynthesis III|g__Asaccharobacter.s__Asaccharobacter_celatus	8.7597050628
PWY-5103: L-isoleucine biosynthesis III|g__Blautia.s__Ruminococcus_gnavus	2.7629541127
PWY-5103: L-isoleucine biosynthesis III|g__Bacteroides.s__Bacteroides_xylanisolvens	2.1651540391
GLUTORN-PWY: L-ornithine biosynthesis I	10680.1314920283
GLUTORN-PWY: L-ornithine biosynthesis I|unclassified	1277.8041363106
GLUTORN-PWY: L-ornithine biosynthesis I|g__Faecalibacterium.s__Faecalibacterium_prausnitzii	1197.3460479924
GLUTORN-PWY: L-ornithine biosynthesis I|g__Blautia.s__Ruminococcus_torques	1027.7936993498
GLUTORN-PWY: L-ornithine biosynthesis I|g__Fusicatenibacter.s__Fusicatenibacter_saccharivorans	665.0020763271
GLUTORN-PWY: L-ornithine biosynthesis I|g__Alistipes.s__Alistipes_finegoldii	571.6705623055
GLUTORN-PWY: L-ornithine biosynthesis I|g__Ruminococcus.s__Ruminococcus_bromii	554.9474357132
GLUTORN-PWY: L-ornithine biosynthesis I|g__Blautia.s__Blautia_wexlerae	470.9735204380
GLUTORN-PWY: L-ornithine biosynthesis I|g__Ruminococcus.s__Ruminococcus_sp_CAG_254	434.1317789372
GLUTORN-PWY: L-ornithine biosynthesis I|g__Subdoligranulum.s__Subdoligranulum_sp_APC924_74	402.1116291062
GLUTORN-PWY: L-ornithine biosynthesis I|g__Blautia.s__Blautia_obeum	183.1592334087
GLUTORN-PWY: L-ornithine biosynthesis I|g__Roseburia.s__Roseburia_intestinalis	124.9102074689
GLUTORN-PWY: L-ornithine biosynthesis I|g__Eubacterium.s__Eubacterium_eligens	110.6700871999
GLUTORN-PWY: L-ornithine biosynthesis I|g__Dorea.s__Dorea_longicatena	75.1332771261
GLUTORN-PWY: L-ornithine biosynthesis I|g__Lachnospiraceae_unclassified.s__Eubacterium_rectale	72.5576454546
GLUTORN-PWY: L-ornithine biosynthesis I|g__Anaerostipes.s__Anaerostipes_hadrus	70.5579043765
GLUTORN-PWY: L-ornithine biosynthesis I|g__Eubacterium.s__Eubacterium_hallii	65.9869242385
GLUTORN-PWY: L-ornithine biosynthesis I|g__Eubacterium.s__Eubacterium_sp_CAG_252	59.1680996839
GLUTORN-PWY: L-ornithine biosynthesis I|g__Coprococcus.s__Coprococcus_comes	56.4678187779
GLUTORN-PWY: L-ornithine biosynthesis I|g__Agathobaculum.s__Agathobaculum_butyriciproducens	52.3334035734
GLUTORN-PWY: L-ornithine biosynthesis I|g__Eubacterium.s__Eubacterium_sp_CAG_274	44.7300518444
GLUTORN-PWY: L-ornithine biosynthesis I|g__Ruminococcus.s__Ruminococcus_bicirculans	39.4146726395
GLUTORN-PWY: L-ornithine biosynthesis I|g__Dorea.s__Dorea_formicigenerans	37.6024760803
GLUTORN-PWY: L-ornithine biosynthesis I|g__Blautia.s__Blautia_sp_AF19_10LB	34.5823000711
GLUTORN-PWY: L-ornithine biosynthesis I|g__Streptococcus.s__Streptococcus_thermophilus	32.4795004016
GLUTORN-PWY: L-ornithine biosynthesis I|g__Gemmiger.s__Gemmiger_formicilis	32.3323042424
GLUTORN-PWY: L-ornithine biosynthesis I|g__Blautia.s__Blautia_sp_CAG_52	32.2615547214
GLUTORN-PWY: L-ornithine biosynthesis I|g__Firmicutes_unclassified.s__Firmicutes_bacterium_AF16_15	31.3970667944
GLUTORN-PWY: L-ornithine biosynthesis I|g__Firmicutes_unclassified.s__Firmicutes_bacterium_CAG_102	26.0729682241
GLUTORN-PWY: L-ornithine biosynthesis I|g__Sutterella.s__Sutterella_wadsworthensis	23.2415541961
GLUTORN-PWY: L-ornithine biosynthesis I|g__Blautia.s__Blautia_sp	21.7481575580
GLUTORN-PWY: L-ornithine biosynthesis I|g__Eubacterium.s__Eubacterium_ramulus	21.3039537334
GLUTORN-PWY: L-ornithine biosynthesis I|g__Clostridium.s__Clostridium_sp_AM22_11AC	18.3512542418
GLUTORN-PWY: L-ornithine biosynthesis I|g__Lachnoclostridium.s__Clostridium_symbiosum	13.1454219752
GLUTORN-PWY: L-ornithine biosynthesis I|g__Eisenbergiella.s__Eisenbergiella_massiliensis	12.7200747490
GLUTORN-PWY: L-ornithine biosynthesis I|g__Eubacterium.s__Eubacterium_sp_CAG_38	11.7757259304
GLUTORN-PWY: L-ornithine biosynthesis I|g__Flavonifractor.s__Flavonifractor_plautii	8.9608983324
GLUTORN-PWY: L-ornithine biosynthesis I|g__Eubacterium.s__Eubacterium_sp_AF17_7	8.2093399273
COA-PWY: coenzyme A biosynthesis I (prokaryotic)	10594.5173127887
COA-PWY: coenzyme A biosynthesis I (prokaryotic)|unclassified	1215.9667022470
COA-PWY: coenzyme A biosynthesis I (prokaryotic)|g__Faecalibacterium.s__Faecalibacterium_prausnitzii	777.0051791888
COA-PWY: coenzyme A biosynthesis I (prokaryotic)|g__Blautia.s__Ruminococcus_torques	699.2092140220
COA-PWY: coenzyme A biosynthesis I (prokaryotic)|g__Fusicatenibacter.s__Fusicatenibacter_saccharivorans	659.1873529104
COA-PWY: coenzyme A biosynthesis I (prokaryotic)|g__Alistipes.s__Alistipes_putredinis	596.8395119130
COA-PWY: coenzyme A biosynthesis I (prokaryotic)|g__Alistipes.s__Alistipes_finegoldii	572.4663184764
COA-PWY: coenzyme A biosynthesis I (prokaryotic)|g__Blautia.s__Blautia_obeum	425.1881173366
COA-PWY: coenzyme A biosynthesis I (prokaryotic)|g__Subdoligranulum.s__Subdoligranulum_sp_APC924_74	348.5644331874
COA-PWY: coenzyme A biosynthesis I (prokaryotic)|g__Bacteroides.s__Bacteroides_stercorirosoris	342.7841098596
COA-PWY: coenzyme A biosynthesis I (prokaryotic)|g__Ruminococcus.s__Ruminococcus_sp_CAG_254	331.7725606814
COA-PWY: coenzyme A biosynthesis I (prokaryotic)|g__Blautia.s__Blautia_wexlerae	289.0804562454
COA-PWY: coenzyme A biosynthesis I (prokaryotic)|g__Barnesiella.s__Barnesiella_intestinihominis	284.8768421968
COA-PWY: coenzyme A biosynthesis I (prokaryotic)|g__Bacteroides.s__Bacteroides_dorei	276.6228970706
COA-PWY: coenzyme A biosynthesis I (prokaryotic)|g__Candidatus_Gastranaerophilales_unclassified.s__Candidatus_Gastranaerophilales_bacterium_HUM_10	238.6232480633
COA-PWY: coenzyme A biosynthesis I (prokaryotic)|g__Bacteroides.s__Bacteroides_vulgatus	214.6258502799
COA-PWY: coenzyme A biosynthesis I (prokaryotic)|g__Sutterella.s__Sutterella_wadsworthensis	191.9168205279
COA-PWY: coenzyme A biosynthesis I (prokaryotic)|g__Roseburia.s__Roseburia_intestinalis	121.7185257085
COA-PWY: coenzyme A biosynthesis I (prokaryotic)|g__Parabacteroides.s__Parabacteroides_distasonis	120.6963716294
COA-PWY: coenzyme A biosynthesis I (prokaryotic)|g__Bacteroides.s__Bacteroides_uniformis	111.1338957806
COA-PWY: coenzyme A biosynthesis I (prokaryotic)|g__Bacteroides.s__Bacteroides_cellulosilyticus	94.8453028283
COA-PWY: coenzyme A biosynthesis I (prokaryotic)|g__Eubacterium.s__Eubacterium_eligens	88.2629644446
COA-PWY: coenzyme A biosynthesis I (prokaryotic)|g__Parabacteroides.s__Parabacteroides_merdae	87.6577091636
COA-PWY: coenzyme A biosynthesis I (prokaryotic)|g__Anaerostipes.s__Anaerostipes_hadrus	87.0471673553
COA-PWY: coenzyme A biosynthesis I (prokaryotic)|g__Agathobaculum.s__Agathobaculum_butyriciproducens	82.5272591977
COA-PWY: coenzyme A biosynthesis I (prokaryotic)|g__Dorea.s__Dorea_longicatena	59.3861016865
COA-PWY: coenzyme A biosynthesis I (prokaryotic)|g__Bacteroides.s__Bacteroides_clarus	58.7358341480
COA-PWY: coenzyme A biosynthesis I (prokaryotic)|g__Coprococcus.s__Coprococcus_comes	57.4094156488
COA-PWY: coenzyme A biosynthesis I (prokaryotic)|g__Firmicutes_unclassified.s__Firmicutes_bacterium_CAG_41	57.1478776366
COA-PWY: coenzyme A biosynthesis I (prokaryotic)|g__Odoribacter.s__Odoribacter_splanchnicus	55.0075504379
COA-PWY: coenzyme A biosynthesis I (prokaryotic)|g__Eubacterium.s__Eubacterium_hallii	54.6192269515
COA-PWY: coenzyme A biosynthesis I (prokaryotic)|g__Bacteroides.s__Bacteroides_thetaiotaomicron	53.4744350038
COA-PWY: coenzyme A biosynthesis I (prokaryotic)|g__Dorea.s__Dorea_formicigenerans	49.1637006894
COA-PWY: coenzyme A biosynthesis I (prokaryotic)|g__Eubacterium.s__Eubacterium_sp_CAG_252	44.3525485822
COA-PWY: coenzyme A biosynthesis I (prokaryotic)|g__Alistipes.s__Alistipes_timonensis	42.1365543496
COA-PWY: coenzyme A biosynthesis I (prokaryotic)|g__Streptococcus.s__Streptococcus_thermophilus	40.3197024093
COA-PWY: coenzyme A biosynthesis I (prokaryotic)|g__Ruminococcus.s__Ruminococcus_bicirculans	38.0128816058
COA-PWY: coenzyme A biosynthesis I (prokaryotic)|g__Lachnospiraceae_unclassified.s__Eubacterium_rectale	37.1086374096
COA-PWY: coenzyme A biosynthesis I (prokaryotic)|g__Bacteroides.s__Bacteroides_ovatus	34.9924825172
COA-PWY: coenzyme A biosynthesis I (prokaryotic)|g__Butyricimonas.s__Butyricimonas_synergistica	32.7322077517
COA-PWY: coenzyme A biosynthesis I (prokaryotic)|g__Parabacteroides.s__Parabacteroides_gordonii	31.7825830689
COA-PWY: coenzyme A biosynthesis I (prokaryotic)|g__Bacteroides.s__Bacteroides_caccae	31.5043053926
COA-PWY: coenzyme A biosynthesis I (prokaryotic)|g__Eubacterium.s__Eubacterium_sp_CAG_274	31.4694928393
COA-PWY: coenzyme A biosynthesis I (prokaryotic)|g__Bilophila.s__Bilophila_wadsworthia	29.5456180341
COA-PWY: coenzyme A biosynthesis I (prokaryotic)|g__Gemmiger.s__Gemmiger_formicilis	24.5336158741
COA-PWY: coenzyme A biosynthesis I (prokaryotic)|g__Blautia.s__Blautia_sp	24.2792369253
COA-PWY: coenzyme A biosynthesis I (prokaryotic)|g__Eubacterium.s__Eubacterium_ramulus	23.0648508658
COA-PWY: coenzyme A biosynthesis I (prokaryotic)|g__Senegalimassilia.s__Senegalimassilia_anaerobia	20.5524064864
COA-PWY: coenzyme A biosynthesis I (prokaryotic)|g__Akkermansia.s__Akkermansia_muciniphila	18.4797694492
COA-PWY: coenzyme A biosynthesis I (prokaryotic)|g__Coprobacter.s__Coprobacter_fastidiosus	18.0621756936
COA-PWY: coenzyme A biosynthesis I (prokaryotic)|g__Firmicutes_unclassified.s__Firmicutes_bacterium_CAG_102	17.4226279625
COA-PWY: coenzyme A biosynthesis I (prokaryotic)|g__Blautia.s__Blautia_sp_CAG_52	17.3229952913
COA-PWY: coenzyme A biosynthesis I (prokaryotic)|g__Blautia.s__Blautia_sp_AF19_10LB	16.1794858342
COA-PWY: coenzyme A biosynthesis I (prokaryotic)|g__Lawsonibacter.s__Lawsonibacter_asaccharolyticus	14.0167479770
COA-PWY: coenzyme A biosynthesis I (prokaryotic)|g__Clostridium.s__Clostridium_sp_AM22_11AC	13.5444823271
COA-PWY: coenzyme A biosynthesis I (prokaryotic)|g__Clostridium.s__Clostridium_sp_CAG_230	12.3264600033
COA-PWY: coenzyme A biosynthesis I (prokaryotic)|g__Flavonifractor.s__Flavonifractor_plautii	11.6286264746
COA-PWY: coenzyme A biosynthesis I (prokaryotic)|g__Eubacterium.s__Eubacterium_sp_CAG_192	10.9095048443
COA-PWY: coenzyme A biosynthesis I (prokaryotic)|g__Roseburia.s__Roseburia_faecis	9.8338616138
COA-PWY: coenzyme A biosynthesis I (prokaryotic)|g__Erysipelatoclostridium.s__Clostridium_spiroforme	4.7988138533
COA-PWY: coenzyme A biosynthesis I (prokaryotic)|g__Alistipes.s__Alistipes_onderdonkii	4.0422819258
1CMET2-PWY: folate transformations III (E. coli)	10588.7159927980
1CMET2-PWY: folate transformations III (E. coli)|unclassified	859.2567329394
1CMET2-PWY: folate transformations III (E. coli)|g__Blautia.s__Ruminococcus_torques	795.6082727613
1CMET2-PWY: folate transformations III (E. coli)|g__Alistipes.s__Alistipes_finegoldii	485.9366770506
1CMET2-PWY: folate transformations III (E. coli)|g__Alistipes.s__Alistipes_putredinis	469.3123850529
1CMET2-PWY: folate transformations III (E. coli)|g__Barnesiella.s__Barnesiella_intestinihominis	315.0968316363
1CMET2-PWY: folate transformations III (E. coli)|g__Bacteroides.s__Bacteroides_dorei	308.2517851225
1CMET2-PWY: folate transformations III (E. coli)|g__Bacteroides.s__Bacteroides_vulgatus	271.7806463357
1CMET2-PWY: folate transformations III (E. coli)|g__Blautia.s__Blautia_obeum	149.3547256226
1CMET2-PWY: folate transformations III (E. coli)|g__Blautia.s__Blautia_wexlerae	133.2770842484
1CMET2-PWY: folate transformations III (E. coli)|g__Parabacteroides.s__Parabacteroides_distasonis	127.7660742711
1CMET2-PWY: folate transformations III (E. coli)|g__Bacteroides.s__Bacteroides_clarus	79.3703355050
1CMET2-PWY: folate transformations III (E. coli)|g__Anaerostipes.s__Anaerostipes_hadrus	75.3969237851
1CMET2-PWY: folate transformations III (E. coli)|g__Parabacteroides.s__Parabacteroides_merdae	73.6990885759
1CMET2-PWY: folate transformations III (E. coli)|g__Eubacterium.s__Eubacterium_hallii	72.3183361082
1CMET2-PWY: folate transformations III (E. coli)|g__Bacteroides.s__Bacteroides_thetaiotaomicron	71.2681748179
1CMET2-PWY: folate transformations III (E. coli)|g__Odoribacter.s__Odoribacter_splanchnicus	60.1798160606
1CMET2-PWY: folate transformations III (E. coli)|g__Coprococcus.s__Coprococcus_comes	43.6167179010
1CMET2-PWY: folate transformations III (E. coli)|g__Dorea.s__Dorea_longicatena	31.6127216386
1CMET2-PWY: folate transformations III (E. coli)|g__Bacteroides.s__Bacteroides_caccae	26.6714516031
1CMET2-PWY: folate transformations III (E. coli)|g__Butyricimonas.s__Butyricimonas_synergistica	24.1963391806
1CMET2-PWY: folate transformations III (E. coli)|g__Akkermansia.s__Akkermansia_muciniphila	23.7656668642
1CMET2-PWY: folate transformations III (E. coli)|g__Bacteroides.s__Bacteroides_ovatus	12.5739693619
PWY-7851: coenzyme A biosynthesis II (eukaryotic)	10576.9707257348
PWY-7851: coenzyme A biosynthesis II (eukaryotic)|unclassified	1184.9995968718
PWY-7851: coenzyme A biosynthesis II (eukaryotic)|g__Faecalibacterium.s__Faecalibacterium_prausnitzii	750.4179679234
PWY-7851: coenzyme A biosynthesis II (eukaryotic)|g__Blautia.s__Ruminococcus_torques	699.2092140220
PWY-7851: coenzyme A biosynthesis II (eukaryotic)|g__Alistipes.s__Alistipes_putredinis	596.8395119130
PWY-7851: coenzyme A biosynthesis II (eukaryotic)|g__Alistipes.s__Alistipes_finegoldii	560.4618802958
PWY-7851: coenzyme A biosynthesis II (eukaryotic)|g__Fusicatenibacter.s__Fusicatenibacter_saccharivorans	542.6200954592
PWY-7851: coenzyme A biosynthesis II (eukaryotic)|g__Blautia.s__Blautia_obeum	356.6677808791
PWY-7851: coenzyme A biosynthesis II (eukaryotic)|g__Subdoligranulum.s__Subdoligranulum_sp_APC924_74	348.5644331874
PWY-7851: coenzyme A biosynthesis II (eukaryotic)|g__Bacteroides.s__Bacteroides_stercorirosoris	342.7841098596
PWY-7851: coenzyme A biosynthesis II (eukaryotic)|g__Ruminococcus.s__Ruminococcus_sp_CAG_254	294.6277266927
PWY-7851: coenzyme A biosynthesis II (eukaryotic)|g__Barnesiella.s__Barnesiella_intestinihominis	284.8768421968
PWY-7851: coenzyme A biosynthesis II (eukaryotic)|g__Bacteroides.s__Bacteroides_dorei	276.6228970706
PWY-7851: coenzyme A biosynthesis II (eukaryotic)|g__Blautia.s__Blautia_wexlerae	253.6668206130
PWY-7851: coenzyme A biosynthesis II (eukaryotic)|g__Candidatus_Gastranaerophilales_unclassified.s__Candidatus_Gastranaerophilales_bacterium_HUM_10	214.2373610086
PWY-7851: coenzyme A biosynthesis II (eukaryotic)|g__Bacteroides.s__Bacteroides_vulgatus	197.2885811914
PWY-7851: coenzyme A biosynthesis II (eukaryotic)|g__Sutterella.s__Sutterella_wadsworthensis	191.9168205279
PWY-7851: coenzyme A biosynthesis II (eukaryotic)|g__Parabacteroides.s__Parabacteroides_distasonis	120.6963716294
PWY-7851: coenzyme A biosynthesis II (eukaryotic)|g__Roseburia.s__Roseburia_intestinalis	114.7279957238
PWY-7851: coenzyme A biosynthesis II (eukaryotic)|g__Bacteroides.s__Bacteroides_uniformis	105.6666764970
PWY-7851: coenzyme A biosynthesis II (eukaryotic)|g__Eubacterium.s__Eubacterium_eligens	85.9142448242
PWY-7851: coenzyme A biosynthesis II (eukaryotic)|g__Agathobaculum.s__Agathobaculum_butyriciproducens	82.1426892449
PWY-7851: coenzyme A biosynthesis II (eukaryotic)|g__Bacteroides.s__Bacteroides_cellulosilyticus	79.6648441943
PWY-7851: coenzyme A biosynthesis II (eukaryotic)|g__Parabacteroides.s__Parabacteroides_merdae	72.5489471724
PWY-7851: coenzyme A biosynthesis II (eukaryotic)|g__Anaerostipes.s__Anaerostipes_hadrus	63.6750387240
PWY-7851: coenzyme A biosynthesis II (eukaryotic)|g__Coprococcus.s__Coprococcus_comes	57.4094156488
PWY-7851: coenzyme A biosynthesis II (eukaryotic)|g__Odoribacter.s__Odoribacter_splanchnicus	55.0075504379
PWY-7851: coenzyme A biosynthesis II (eukaryotic)|g__Bacteroides.s__Bacteroides_clarus	55.0046386340
PWY-7851: coenzyme A biosynthesis II (eukaryotic)|g__Dorea.s__Dorea_formicigenerans	48.2322917855
PWY-7851: coenzyme A biosynthesis II (eukaryotic)|g__Dorea.s__Dorea_longicatena	46.5067727421
PWY-7851: coenzyme A biosynthesis II (eukaryotic)|g__Eubacterium.s__Eubacterium_hallii	45.6332047385
PWY-7851: coenzyme A biosynthesis II (eukaryotic)|g__Firmicutes_unclassified.s__Firmicutes_bacterium_CAG_41	44.6666023570
PWY-7851: coenzyme A biosynthesis II (eukaryotic)|g__Eubacterium.s__Eubacterium_sp_CAG_252	44.3525485822
PWY-7851: coenzyme A biosynthesis II (eukaryotic)|g__Bacteroides.s__Bacteroides_thetaiotaomicron	42.9389816953
PWY-7851: coenzyme A biosynthesis II (eukaryotic)|g__Bacteroides.s__Bacteroides_ovatus	34.9924825172
PWY-7851: coenzyme A biosynthesis II (eukaryotic)|g__Ruminococcus.s__Ruminococcus_bicirculans	33.7383395308
PWY-7851: coenzyme A biosynthesis II (eukaryotic)|g__Bacteroides.s__Bacteroides_caccae	29.2507326986
PWY-7851: coenzyme A biosynthesis II (eukaryotic)|g__Eubacterium.s__Eubacterium_sp_CAG_274	28.9713418467
PWY-7851: coenzyme A biosynthesis II (eukaryotic)|g__Bilophila.s__Bilophila_wadsworthia	28.7396951634
PWY-7851: coenzyme A biosynthesis II (eukaryotic)|g__Alistipes.s__Alistipes_timonensis	23.1174665936
PWY-7851: coenzyme A biosynthesis II (eukaryotic)|g__Butyricimonas.s__Butyricimonas_synergistica	23.1160927989
PWY-7851: coenzyme A biosynthesis II (eukaryotic)|g__Senegalimassilia.s__Senegalimassilia_anaerobia	19.9409352758
PWY-7851: coenzyme A biosynthesis II (eukaryotic)|g__Parabacteroides.s__Parabacteroides_gordonii	18.9458633233
PWY-7851: coenzyme A biosynthesis II (eukaryotic)|g__Coprobacter.s__Coprobacter_fastidiosus	18.0621756936
PWY-7851: coenzyme A biosynthesis II (eukaryotic)|g__Firmicutes_unclassified.s__Firmicutes_bacterium_CAG_102	17.4226279625
PWY-7851: coenzyme A biosynthesis II (eukaryotic)|g__Eubacterium.s__Eubacterium_ramulus	16.0064332596
PWY-7851: coenzyme A biosynthesis II (eukaryotic)|g__Blautia.s__Blautia_sp_AF19_10LB	15.8070673437
PWY-7851: coenzyme A biosynthesis II (eukaryotic)|g__Blautia.s__Blautia_sp_CAG_52	13.3399409911
PWY-7851: coenzyme A biosynthesis II (eukaryotic)|g__Clostridium.s__Clostridium_sp_CAG_230	12.3264600033
PWY-7851: coenzyme A biosynthesis II (eukaryotic)|g__Clostridium.s__Clostridium_sp_AM22_11AC	11.0568669212
PWY-7851: coenzyme A biosynthesis II (eukaryotic)|g__Roseburia.s__Roseburia_faecis	9.8338616138
PWY-6151: S-adenosyl-L-methionine salvage I	10461.1206947632
PWY-6151: S-adenosyl-L-methionine salvage I|unclassified	1460.4993528268
PWY-6151: S-adenosyl-L-methionine salvage I|g__Blautia.s__Ruminococcus_torques	1008.2618180631
PWY-6151: S-adenosyl-L-methionine salvage I|g__Faecalibacterium.s__Faecalibacterium_prausnitzii	917.8679013553
PWY-6151: S-adenosyl-L-methionine salvage I|g__Fusicatenibacter.s__Fusicatenibacter_saccharivorans	542.9837159371
PWY-6151: S-adenosyl-L-methionine salvage I|g__Ruminococcus.s__Ruminococcus_bromii	519.1864652694
PWY-6151: S-adenosyl-L-methionine salvage I|g__Anaerotruncus.s__Anaerotruncus_sp_CAG_528	517.6823730390
PWY-6151: S-adenosyl-L-methionine salvage I|g__Blautia.s__Blautia_wexlerae	423.9542699713
PWY-6151: S-adenosyl-L-methionine salvage I|g__Bacteroides.s__Bacteroides_dorei	372.2744450269
PWY-6151: S-adenosyl-L-methionine salvage I|g__Ruminococcus.s__Ruminococcus_sp_CAG_254	350.5098137241
PWY-6151: S-adenosyl-L-methionine salvage I|g__Barnesiella.s__Barnesiella_intestinihominis	322.0018090959
PWY-6151: S-adenosyl-L-methionine salvage I|g__Bacteroides.s__Bacteroides_vulgatus	299.2756666688
PWY-6151: S-adenosyl-L-methionine salvage I|g__Lachnospiraceae_unclassified.s__Eubacterium_rectale	247.9796602418
PWY-6151: S-adenosyl-L-methionine salvage I|g__Bacteroides.s__Bacteroides_uniformis	159.0543059884
PWY-6151: S-adenosyl-L-methionine salvage I|g__Anaerostipes.s__Anaerostipes_hadrus	156.8450603679
PWY-6151: S-adenosyl-L-methionine salvage I|g__Dorea.s__Dorea_longicatena	146.5485330017
PWY-6151: S-adenosyl-L-methionine salvage I|g__Blautia.s__Blautia_obeum	121.9597974102
PWY-6151: S-adenosyl-L-methionine salvage I|g__Roseburia.s__Roseburia_intestinalis	109.5125051547
PWY-6151: S-adenosyl-L-methionine salvage I|g__Eubacterium.s__Eubacterium_eligens	93.9383696792
PWY-6151: S-adenosyl-L-methionine salvage I|g__Bacteroides.s__Bacteroides_clarus	90.9997266857
PWY-6151: S-adenosyl-L-methionine salvage I|g__Clostridium.s__Clostridium_sp_CAG_253	87.4934733674
PWY-6151: S-adenosyl-L-methionine salvage I|g__Eubacterium.s__Eubacterium_sp_CAG_252	86.2745689212
PWY-6151: S-adenosyl-L-methionine salvage I|g__Dorea.s__Dorea_formicigenerans	80.6540471803
PWY-6151: S-adenosyl-L-methionine salvage I|g__Eubacterium.s__Eubacterium_hallii	75.8863301653
PWY-6151: S-adenosyl-L-methionine salvage I|g__Coprococcus.s__Coprococcus_comes	70.2191676626
PWY-6151: S-adenosyl-L-methionine salvage I|g__Roseburia.s__Roseburia_sp_CAG_100	69.9872439560
PWY-6151: S-adenosyl-L-methionine salvage I|g__Odoribacter.s__Odoribacter_splanchnicus	61.8340611258
PWY-6151: S-adenosyl-L-methionine salvage I|g__Streptococcus.s__Streptococcus_thermophilus	55.2849868478
PWY-6151: S-adenosyl-L-methionine salvage I|g__Agathobaculum.s__Agathobaculum_butyriciproducens	52.5045536992
PWY-6151: S-adenosyl-L-methionine salvage I|g__Firmicutes_unclassified.s__Firmicutes_bacterium_CAG_41	47.3497606134
PWY-6151: S-adenosyl-L-methionine salvage I|g__Clostridium.s__Clostridium_sp_AM22_11AC	38.5707905135
PWY-6151: S-adenosyl-L-methionine salvage I|g__Roseburia.s__Roseburia_inulinivorans	35.5181181107
PWY-6151: S-adenosyl-L-methionine salvage I|g__Firmicutes_unclassified.s__Firmicutes_bacterium_AF16_15	35.0393330466
PWY-6151: S-adenosyl-L-methionine salvage I|g__Eubacterium.s__Eubacterium_sp_CAG_274	27.6046126991
PWY-6151: S-adenosyl-L-methionine salvage I|g__Senegalimassilia.s__Senegalimassilia_anaerobia	26.3297915009
PWY-6151: S-adenosyl-L-methionine salvage I|g__Eubacterium.s__Eubacterium_sp_CAG_192	26.0821151078
PWY-6151: S-adenosyl-L-methionine salvage I|g__Blautia.s__Blautia_sp_AF19_10LB	23.5685183144
PWY-6151: S-adenosyl-L-methionine salvage I|g__Gemmiger.s__Gemmiger_formicilis	22.0588273536
PWY-6151: S-adenosyl-L-methionine salvage I|g__Butyricimonas.s__Butyricimonas_synergistica	19.5393213602
PWY-6151: S-adenosyl-L-methionine salvage I|g__Coprobacter.s__Coprobacter_fastidiosus	16.8552834536
PWY-6151: S-adenosyl-L-methionine salvage I|g__Firmicutes_unclassified.s__Firmicutes_bacterium_CAG_102	14.8360933218
PWY-6151: S-adenosyl-L-methionine salvage I|g__Blautia.s__Ruminococcus_gnavus	12.9800414775
PWY-6151: S-adenosyl-L-methionine salvage I|g__Blautia.s__Blautia_sp_CAG_52	10.1534873007
PWY-6151: S-adenosyl-L-methionine salvage I|g__Clostridium.s__Clostridium_sp_CAG_230	7.5724231028
HISTSYN-PWY: L-histidine biosynthesis	10174.5189774085
HISTSYN-PWY: L-histidine biosynthesis|unclassified	956.3739412864
HISTSYN-PWY: L-histidine biosynthesis|g__Faecalibacterium.s__Faecalibacterium_prausnitzii	827.8821073599
HISTSYN-PWY: L-histidine biosynthesis|g__Blautia.s__Ruminococcus_torques	817.1084364329
HISTSYN-PWY: L-histidine biosynthesis|g__Alistipes.s__Alistipes_finegoldii	609.6192950467
HISTSYN-PWY: L-histidine biosynthesis|g__Anaerotruncus.s__Anaerotruncus_sp_CAG_528	592.1875503034
HISTSYN-PWY: L-histidine biosynthesis|g__Subdoligranulum.s__Subdoligranulum_sp_APC924_74	452.5042052367
HISTSYN-PWY: L-histidine biosynthesis|g__Ruminococcus.s__Ruminococcus_bromii	387.2145395397
HISTSYN-PWY: L-histidine biosynthesis|g__Bacteroides.s__Bacteroides_dorei	354.5458003687
HISTSYN-PWY: L-histidine biosynthesis|g__Bacteroides.s__Bacteroides_stercorirosoris	338.7894229330
HISTSYN-PWY: L-histidine biosynthesis|g__Barnesiella.s__Barnesiella_intestinihominis	294.5853269673
HISTSYN-PWY: L-histidine biosynthesis|g__Bacteroides.s__Bacteroides_vulgatus	247.5950940226
HISTSYN-PWY: L-histidine biosynthesis|g__Sutterella.s__Sutterella_wadsworthensis	197.3749917999
HISTSYN-PWY: L-histidine biosynthesis|g__Blautia.s__Blautia_obeum	157.5337435821
HISTSYN-PWY: L-histidine biosynthesis|g__Parabacteroides.s__Parabacteroides_distasonis	143.3711980315
HISTSYN-PWY: L-histidine biosynthesis|g__Roseburia.s__Roseburia_intestinalis	122.5814450492
HISTSYN-PWY: L-histidine biosynthesis|g__Bacteroides.s__Bacteroides_uniformis	102.8087787992
HISTSYN-PWY: L-histidine biosynthesis|g__Bacteroides.s__Bacteroides_clarus	94.1113151277
HISTSYN-PWY: L-histidine biosynthesis|g__Bacteroides.s__Bacteroides_cellulosilyticus	82.8714965880
HISTSYN-PWY: L-histidine biosynthesis|g__Parabacteroides.s__Parabacteroides_merdae	79.6730677153
HISTSYN-PWY: L-histidine biosynthesis|g__Odoribacter.s__Odoribacter_splanchnicus	63.0995006017
HISTSYN-PWY: L-histidine biosynthesis|g__Bacteroides.s__Bacteroides_thetaiotaomicron	48.9583060013
HISTSYN-PWY: L-histidine biosynthesis|g__Alistipes.s__Alistipes_timonensis	41.6003045194
HISTSYN-PWY: L-histidine biosynthesis|g__Bacteroides.s__Bacteroides_ovatus	34.5747917971
HISTSYN-PWY: L-histidine biosynthesis|g__Dorea.s__Dorea_formicigenerans	32.3897285288
HISTSYN-PWY: L-histidine biosynthesis|g__Bacteroides.s__Bacteroides_caccae	29.3588051176
HISTSYN-PWY: L-histidine biosynthesis|g__Butyricimonas.s__Butyricimonas_synergistica	28.2328552934
HISTSYN-PWY: L-histidine biosynthesis|g__Streptococcus.s__Streptococcus_thermophilus	27.3019465594
HISTSYN-PWY: L-histidine biosynthesis|g__Eubacterium.s__Eubacterium_sp_CAG_274	27.1200105817
HISTSYN-PWY: L-histidine biosynthesis|g__Parabacteroides.s__Parabacteroides_gordonii	25.6247628361
HISTSYN-PWY: L-histidine biosynthesis|g__Roseburia.s__Roseburia_inulinivorans	25.2631233585
HISTSYN-PWY: L-histidine biosynthesis|g__Coprobacter.s__Coprobacter_fastidiosus	21.8011491228
HISTSYN-PWY: L-histidine biosynthesis|g__Eisenbergiella.s__Eisenbergiella_massiliensis	16.8224125155
HISTSYN-PWY: L-histidine biosynthesis|g__Clostridium.s__Clostridium_sp_AM22_11AC	15.0709284990
HISTSYN-PWY: L-histidine biosynthesis|g__Blautia.s__Blautia_sp	15.0677027654
HISTSYN-PWY: L-histidine biosynthesis|g__Firmicutes_unclassified.s__Firmicutes_bacterium_CAG_102	12.3610031078
HISTSYN-PWY: L-histidine biosynthesis|g__Eubacterium.s__Eubacterium_sp_CAG_38	11.5489156637
HISTSYN-PWY: L-histidine biosynthesis|g__Bacteroides.s__Bacteroides_xylanisolvens	4.0694486120
NONOXIPENT-PWY: pentose phosphate pathway (non-oxidative branch) I	9939.1773960795
NONOXIPENT-PWY: pentose phosphate pathway (non-oxidative branch) I|g__Blautia.s__Ruminococcus_torques	1111.5511257775
NONOXIPENT-PWY: pentose phosphate pathway (non-oxidative branch) I|g__Fusicatenibacter.s__Fusicatenibacter_saccharivorans	953.0737158042
NONOXIPENT-PWY: pentose phosphate pathway (non-oxidative branch) I|g__Blautia.s__Blautia_wexlerae	699.3175738888
NONOXIPENT-PWY: pentose phosphate pathway (non-oxidative branch) I|unclassified	663.4944358515
NONOXIPENT-PWY: pentose phosphate pathway (non-oxidative branch) I|g__Lachnospiraceae_unclassified.s__Eubacterium_rectale	503.9042304677
NONOXIPENT-PWY: pentose phosphate pathway (non-oxidative branch) I|g__Eubacterium.s__Eubacterium_hallii	225.2663651111
NONOXIPENT-PWY: pentose phosphate pathway (non-oxidative branch) I|g__Anaerostipes.s__Anaerostipes_hadrus	203.3581253338
NONOXIPENT-PWY: pentose phosphate pathway (non-oxidative branch) I|g__Parabacteroides.s__Parabacteroides_distasonis	158.6128876278
NONOXIPENT-PWY: pentose phosphate pathway (non-oxidative branch) I|g__Roseburia.s__Roseburia_intestinalis	130.3312650616
NONOXIPENT-PWY: pentose phosphate pathway (non-oxidative branch) I|g__Eubacterium.s__Eubacterium_eligens	128.3828939625
NONOXIPENT-PWY: pentose phosphate pathway (non-oxidative branch) I|g__Blautia.s__Blautia_obeum	108.7656396252
NONOXIPENT-PWY: pentose phosphate pathway (non-oxidative branch) I|g__Eubacterium.s__Eubacterium_sp_CAG_252	80.9228370518
NONOXIPENT-PWY: pentose phosphate pathway (non-oxidative branch) I|g__Blautia.s__Blautia_sp_AF19_10LB	73.2760901297
NONOXIPENT-PWY: pentose phosphate pathway (non-oxidative branch) I|g__Blautia.s__Blautia_sp	43.8155996004
NONOXIPENT-PWY: pentose phosphate pathway (non-oxidative branch) I|g__Eisenbergiella.s__Eisenbergiella_massiliensis	36.1343942846
NONOXIPENT-PWY: pentose phosphate pathway (non-oxidative branch) I|g__Clostridium.s__Clostridium_sp_AM22_11AC	31.9083325783
NONOXIPENT-PWY: pentose phosphate pathway (non-oxidative branch) I|g__Streptococcus.s__Streptococcus_thermophilus	30.8663113994
NONOXIPENT-PWY: pentose phosphate pathway (non-oxidative branch) I|g__Roseburia.s__Roseburia_inulinivorans	27.3655224258
NONOXIPENT-PWY: pentose phosphate pathway (non-oxidative branch) I|g__Faecalibacterium.s__Faecalibacterium_prausnitzii	17.9568093081
NONOXIPENT-PWY: pentose phosphate pathway (non-oxidative branch) I|g__Firmicutes_unclassified.s__Firmicutes_bacterium_CAG_102	13.5922415681
NONOXIPENT-PWY: pentose phosphate pathway (non-oxidative branch) I|g__Roseburia.s__Roseburia_faecis	11.3012431586
NONOXIPENT-PWY: pentose phosphate pathway (non-oxidative branch) I|g__Flavonifractor.s__Flavonifractor_plautii	8.6991392645
PWY-5973: cis-vaccenate biosynthesis	9768.6896723366
PWY-5973: cis-vaccenate biosynthesis|g__Bacteroides.s__Bacteroides_stercorirosoris	543.8282607139
PWY-5973: cis-vaccenate biosynthesis|g__Alistipes.s__Alistipes_finegoldii	468.6447171638
PWY-5973: cis-vaccenate biosynthesis|g__Blautia.s__Ruminococcus_torques	454.2731491609
PWY-5973: cis-vaccenate biosynthesis|g__Bacteroides.s__Bacteroides_vulgatus	368.8708577300
PWY-5973: cis-vaccenate biosynthesis|unclassified	205.4335279613
PWY-5973: cis-vaccenate biosynthesis|g__Parabacteroides.s__Parabacteroides_distasonis	179.3544451050
PWY-5973: cis-vaccenate biosynthesis|g__Bacteroides.s__Bacteroides_cellulosilyticus	150.0075590177
PWY-5973: cis-vaccenate biosynthesis|g__Bacteroides.s__Bacteroides_uniformis	121.9806427957
PWY-5973: cis-vaccenate biosynthesis|g__Bacteroides.s__Bacteroides_clarus	89.2233026610
PWY-5973: cis-vaccenate biosynthesis|g__Parabacteroides.s__Parabacteroides_merdae	72.6422534732
PWY-5973: cis-vaccenate biosynthesis|g__Bacteroides.s__Bacteroides_thetaiotaomicron	58.0993096798
PWY-5973: cis-vaccenate biosynthesis|g__Alistipes.s__Alistipes_onderdonkii	51.2125359380
PWY-5973: cis-vaccenate biosynthesis|g__Bacteroides.s__Bacteroides_dorei	36.6546586682
PWY-5973: cis-vaccenate biosynthesis|g__Alistipes.s__Alistipes_timonensis	36.2764906996
PWY-5973: cis-vaccenate biosynthesis|g__Bacteroides.s__Bacteroides_caccae	31.9671000789
PWY-5973: cis-vaccenate biosynthesis|g__Bacteroides.s__Bacteroides_ovatus	28.0117361937
PWY-5973: cis-vaccenate biosynthesis|g__Parabacteroides.s__Parabacteroides_gordonii	4.0708331301
PWY-5973: cis-vaccenate biosynthesis|g__Bacteroides.s__Bacteroides_xylanisolvens	2.7722829291
TRPSYN-PWY: L-tryptophan biosynthesis	9606.7307275237
TRPSYN-PWY: L-tryptophan biosynthesis|g__Blautia.s__Ruminococcus_torques	957.9759689458
TRPSYN-PWY: L-tryptophan biosynthesis|g__Fusicatenibacter.s__Fusicatenibacter_saccharivorans	805.6432382027
TRPSYN-PWY: L-tryptophan biosynthesis|g__Ruminococcus.s__Ruminococcus_sp_CAG_353	745.8274585270
TRPSYN-PWY: L-tryptophan biosynthesis|unclassified	721.1297604460
TRPSYN-PWY: L-tryptophan biosynthesis|g__Anaerotruncus.s__Anaerotruncus_sp_CAG_528	719.5032451594
TRPSYN-PWY: L-tryptophan biosynthesis|g__Ruminococcus.s__Ruminococcus_bromii	547.6628726829
TRPSYN-PWY: L-tryptophan biosynthesis|g__Blautia.s__Blautia_wexlerae	445.0386641878
TRPSYN-PWY: L-tryptophan biosynthesis|g__Blautia.s__Blautia_obeum	427.6757545606
TRPSYN-PWY: L-tryptophan biosynthesis|g__Ruminococcus.s__Ruminococcus_sp_CAG_254	399.1330882659
TRPSYN-PWY: L-tryptophan biosynthesis|g__Bacteroides.s__Bacteroides_vulgatus	391.0125863928
TRPSYN-PWY: L-tryptophan biosynthesis|g__Lachnospiraceae_unclassified.s__Eubacterium_rectale	301.7377846296
TRPSYN-PWY: L-tryptophan biosynthesis|g__Roseburia.s__Roseburia_intestinalis	142.4643097212
TRPSYN-PWY: L-tryptophan biosynthesis|g__Eubacterium.s__Eubacterium_eligens	134.4276944232
TRPSYN-PWY: L-tryptophan biosynthesis|g__Anaerostipes.s__Anaerostipes_hadrus	106.0395189315
TRPSYN-PWY: L-tryptophan biosynthesis|g__Eubacterium.s__Eubacterium_hallii	92.5413964846
TRPSYN-PWY: L-tryptophan biosynthesis|g__Clostridium.s__Clostridium_sp_CAG_253	87.2273605717
TRPSYN-PWY: L-tryptophan biosynthesis|g__Roseburia.s__Roseburia_sp_CAG_100	77.1112141684
TRPSYN-PWY: L-tryptophan biosynthesis|g__Eubacterium.s__Eubacterium_sp_CAG_252	71.7713080050
TRPSYN-PWY: L-tryptophan biosynthesis|g__Odoribacter.s__Odoribacter_splanchnicus	68.3513464471
TRPSYN-PWY: L-tryptophan biosynthesis|g__Blautia.s__Blautia_sp_AF19_10LB	49.0505819180
TRPSYN-PWY: L-tryptophan biosynthesis|g__Firmicutes_unclassified.s__Firmicutes_bacterium_CAG_41	46.9318022369
TRPSYN-PWY: L-tryptophan biosynthesis|g__Streptococcus.s__Streptococcus_thermophilus	35.9026692312
TRPSYN-PWY: L-tryptophan biosynthesis|g__Blautia.s__Blautia_sp_CAG_52	35.6798042160
TRPSYN-PWY: L-tryptophan biosynthesis|g__Ruminococcus.s__Ruminococcus_bicirculans	32.0031498823
TRPSYN-PWY: L-tryptophan biosynthesis|g__Eubacterium.s__Eubacterium_ramulus	26.6588229939
TRPSYN-PWY: L-tryptophan biosynthesis|g__Blautia.s__Blautia_sp	26.1363545647
TRPSYN-PWY: L-tryptophan biosynthesis|g__Clostridium.s__Clostridium_sp_AM22_11AC	22.4419114920
TRPSYN-PWY: L-tryptophan biosynthesis|g__Lachnoclostridium.s__Clostridium_symbiosum	15.8429432834
TRPSYN-PWY: L-tryptophan biosynthesis|g__Eisenbergiella.s__Eisenbergiella_massiliensis	14.9952309959
PWY-2942: L-lysine biosynthesis III	9331.8452831798
PWY-2942: L-lysine biosynthesis III|unclassified	1043.5650778983
PWY-2942: L-lysine biosynthesis III|g__Blautia.s__Ruminococcus_torques	612.6151442646
PWY-2942: L-lysine biosynthesis III|g__Barnesiella.s__Barnesiella_intestinihominis	319.0464848515
PWY-2942: L-lysine biosynthesis III|g__Parabacteroides.s__Parabacteroides_distasonis	169.7257514687
PWY-2942: L-lysine biosynthesis III|g__Bacteroides.s__Bacteroides_uniformis	94.8298067110
PWY-2942: L-lysine biosynthesis III|g__Eubacterium.s__Eubacterium_hallii	90.9844858423
PWY-2942: L-lysine biosynthesis III|g__Anaerostipes.s__Anaerostipes_hadrus	84.4513834605
PWY-2942: L-lysine biosynthesis III|g__Dorea.s__Dorea_longicatena	82.9910369276
PWY-2942: L-lysine biosynthesis III|g__Parabacteroides.s__Parabacteroides_merdae	72.1836211293
PWY-2942: L-lysine biosynthesis III|g__Akkermansia.s__Akkermansia_muciniphila	31.0288460203
PWY-2942: L-lysine biosynthesis III|g__Bilophila.s__Bilophila_wadsworthia	27.1064037079
PWY-2942: L-lysine biosynthesis III|g__Senegalimassilia.s__Senegalimassilia_anaerobia	26.8590362975
PWY-2942: L-lysine biosynthesis III|g__Coprobacter.s__Coprobacter_fastidiosus	14.9786297039
PWY-2942: L-lysine biosynthesis III|g__Asaccharobacter.s__Asaccharobacter_celatus	6.3664641441
PWY-2942: L-lysine biosynthesis III|g__Adlercreutzia.s__Adlercreutzia_equolifaciens	3.6948759024
PWY-6126: superpathway of adenosine nucleotides de novo biosynthesis II	9319.7886703844
PWY-6126: superpathway of adenosine nucleotides de novo biosynthesis II|g__Bacteroides.s__Bacteroides_stercorirosoris	403.0841752487
PWY-6126: superpathway of adenosine nucleotides de novo biosynthesis II|g__Bacteroides.s__Bacteroides_dorei	369.8425080873
PWY-6126: superpathway of adenosine nucleotides de novo biosynthesis II|g__Bacteroides.s__Bacteroides_vulgatus	292.8385496490
PWY-6126: superpathway of adenosine nucleotides de novo biosynthesis II|g__Sutterella.s__Sutterella_wadsworthensis	142.1709323355
PWY-6126: superpathway of adenosine nucleotides de novo biosynthesis II|g__Parabacteroides.s__Parabacteroides_distasonis	130.4402694798
PWY-6126: superpathway of adenosine nucleotides de novo biosynthesis II|unclassified	111.2240312712
PWY-6126: superpathway of adenosine nucleotides de novo biosynthesis II|g__Bacteroides.s__Bacteroides_cellulosilyticus	92.0675022736
PWY-6126: superpathway of adenosine nucleotides de novo biosynthesis II|g__Bacteroides.s__Bacteroides_thetaiotaomicron	50.4928015914
PWY-6126: superpathway of adenosine nucleotides de novo biosynthesis II|g__Streptococcus.s__Streptococcus_thermophilus	42.8476755670
PWY-6126: superpathway of adenosine nucleotides de novo biosynthesis II|g__Bacteroides.s__Bacteroides_caccae	37.9552983117
PWY-6126: superpathway of adenosine nucleotides de novo biosynthesis II|g__Bacteroides.s__Bacteroides_ovatus	33.8755159895
PWY-6126: superpathway of adenosine nucleotides de novo biosynthesis II|g__Bilophila.s__Bilophila_wadsworthia	26.7515377298
PWY-6126: superpathway of adenosine nucleotides de novo biosynthesis II|g__Parabacteroides.s__Parabacteroides_gordonii	20.6942815661
PWY-6317: D-galactose degradation I (Leloir pathway)	9267.4146727945
PWY-6317: D-galactose degradation I (Leloir pathway)|unclassified	1131.4974042657
PWY-6317: D-galactose degradation I (Leloir pathway)|g__Blautia.s__Ruminococcus_torques	999.2735658894
PWY-6317: D-galactose degradation I (Leloir pathway)|g__Faecalibacterium.s__Faecalibacterium_prausnitzii	806.6619826611
PWY-6317: D-galactose degradation I (Leloir pathway)|g__Fusicatenibacter.s__Fusicatenibacter_saccharivorans	793.7855820169
PWY-6317: D-galactose degradation I (Leloir pathway)|g__Blautia.s__Blautia_obeum	580.2829642911
PWY-6317: D-galactose degradation I (Leloir pathway)|g__Blautia.s__Blautia_wexlerae	466.1196079061
PWY-6317: D-galactose degradation I (Leloir pathway)|g__Roseburia.s__Roseburia_intestinalis	175.7984049589
PWY-6317: D-galactose degradation I (Leloir pathway)|g__Anaerostipes.s__Anaerostipes_hadrus	102.2646540793
PWY-6317: D-galactose degradation I (Leloir pathway)|g__Eubacterium.s__Eubacterium_eligens	96.9120654450
PWY-6317: D-galactose degradation I (Leloir pathway)|g__Dorea.s__Dorea_longicatena	87.8053410004
PWY-6317: D-galactose degradation I (Leloir pathway)|g__Eubacterium.s__Eubacterium_hallii	87.1517193626
PWY-6317: D-galactose degradation I (Leloir pathway)|g__Dorea.s__Dorea_formicigenerans	47.8694329927
PWY-6317: D-galactose degradation I (Leloir pathway)|g__Coprococcus.s__Coprococcus_comes	41.6132627973
PWY-6317: D-galactose degradation I (Leloir pathway)|g__Streptococcus.s__Streptococcus_thermophilus	36.6714429750
PWY-6317: D-galactose degradation I (Leloir pathway)|g__Eubacterium.s__Eubacterium_ramulus	31.4763901424
PWY-6317: D-galactose degradation I (Leloir pathway)|g__Roseburia.s__Roseburia_inulinivorans	27.0064908786
PWY-6317: D-galactose degradation I (Leloir pathway)|g__Eisenbergiella.s__Eisenbergiella_massiliensis	21.9729906290
PWY-6317: D-galactose degradation I (Leloir pathway)|g__Blautia.s__Blautia_sp	18.8985289128
PWY-6317: D-galactose degradation I (Leloir pathway)|g__Roseburia.s__Roseburia_faecis	9.2624706410
PWY-6317: D-galactose degradation I (Leloir pathway)|g__Streptococcus.s__Streptococcus_pneumoniae	3.8172320687
PWY-6317: D-galactose degradation I (Leloir pathway)|g__Streptococcus.s__Streptococcus_salivarius	3.0703700242
PWY-724: superpathway of L-lysine, L-threonine and L-methionine biosynthesis II	9254.4595321365
PWY-724: superpathway of L-lysine, L-threonine and L-methionine biosynthesis II|unclassified	973.5093207514
PWY-724: superpathway of L-lysine, L-threonine and L-methionine biosynthesis II|g__Blautia.s__Ruminococcus_torques	833.7033789560
PWY-724: superpathway of L-lysine, L-threonine and L-methionine biosynthesis II|g__Faecalibacterium.s__Faecalibacterium_prausnitzii	556.3501183972
PWY-724: superpathway of L-lysine, L-threonine and L-methionine biosynthesis II|g__Blautia.s__Blautia_obeum	452.0950553433
PWY-724: superpathway of L-lysine, L-threonine and L-methionine biosynthesis II|g__Fusicatenibacter.s__Fusicatenibacter_saccharivorans	435.1115328059
PWY-724: superpathway of L-lysine, L-threonine and L-methionine biosynthesis II|g__Candidatus_Gastranaerophilales_unclassified.s__Candidatus_Gastranaerophilales_bacterium_HUM_10	221.6717900594
PWY-724: superpathway of L-lysine, L-threonine and L-methionine biosynthesis II|g__Roseburia.s__Roseburia_intestinalis	118.3865276675
PWY-724: superpathway of L-lysine, L-threonine and L-methionine biosynthesis II|g__Eubacterium.s__Eubacterium_hallii	90.3844286771
PWY-724: superpathway of L-lysine, L-threonine and L-methionine biosynthesis II|g__Bacteroides.s__Bacteroides_uniformis	88.4326717973
PWY-724: superpathway of L-lysine, L-threonine and L-methionine biosynthesis II|g__Anaerostipes.s__Anaerostipes_hadrus	79.1992897289
PWY-724: superpathway of L-lysine, L-threonine and L-methionine biosynthesis II|g__Dorea.s__Dorea_longicatena	76.2206563064
PWY-724: superpathway of L-lysine, L-threonine and L-methionine biosynthesis II|g__Eubacterium.s__Eubacterium_sp_CAG_252	72.7474334921
PWY-724: superpathway of L-lysine, L-threonine and L-methionine biosynthesis II|g__Coprococcus.s__Coprococcus_comes	57.0296401861
PWY-724: superpathway of L-lysine, L-threonine and L-methionine biosynthesis II|g__Agathobaculum.s__Agathobaculum_butyriciproducens	54.1436821605
PWY-724: superpathway of L-lysine, L-threonine and L-methionine biosynthesis II|g__Blautia.s__Blautia_sp_AF19_10LB	37.0489542111
PWY-724: superpathway of L-lysine, L-threonine and L-methionine biosynthesis II|g__Roseburia.s__Roseburia_inulinivorans	20.5696232587
PWY-724: superpathway of L-lysine, L-threonine and L-methionine biosynthesis II|g__Asaccharobacter.s__Asaccharobacter_celatus	4.9683970671
PWY-724: superpathway of L-lysine, L-threonine and L-methionine biosynthesis II|g__Adlercreutzia.s__Adlercreutzia_equolifaciens	3.4807630915
PWY-6270: isoprene biosynthesis I	9225.0932090794
PWY-6270: isoprene biosynthesis I|g__Blautia.s__Ruminococcus_torques	927.9400062582
PWY-6270: isoprene biosynthesis I|g__Fusicatenibacter.s__Fusicatenibacter_saccharivorans	710.4662051653
PWY-6270: isoprene biosynthesis I|unclassified	502.2047989442
PWY-6270: isoprene biosynthesis I|g__Blautia.s__Blautia_obeum	174.1558776730
PWY-6270: isoprene biosynthesis I|g__Parabacteroides.s__Parabacteroides_distasonis	134.1572240726
PWY-6270: isoprene biosynthesis I|g__Blautia.s__Blautia_wexlerae	111.7256670213
PWY-6270: isoprene biosynthesis I|g__Anaerostipes.s__Anaerostipes_hadrus	105.1841137297
PWY-6270: isoprene biosynthesis I|g__Eubacterium.s__Eubacterium_eligens	100.5801014593
PWY-6270: isoprene biosynthesis I|g__Eubacterium.s__Eubacterium_hallii	86.2726879252
PWY-6270: isoprene biosynthesis I|g__Dorea.s__Dorea_longicatena	79.7549020758
PWY-6270: isoprene biosynthesis I|g__Bacteroides.s__Bacteroides_thetaiotaomicron	55.2440873581
PWY-6270: isoprene biosynthesis I|g__Coprococcus.s__Coprococcus_comes	34.6904419602
PWY-6270: isoprene biosynthesis I|g__Blautia.s__Blautia_sp_AF19_10LB	28.9602267141
PWY-6270: isoprene biosynthesis I|g__Bacteroides.s__Bacteroides_ovatus	28.0209928919
PWY0-1586: peptidoglycan maturation (meso-diaminopimelate containing)	9190.0750632036
PWY0-1586: peptidoglycan maturation (meso-diaminopimelate containing)|g__Blautia.s__Ruminococcus_torques	586.2029955263
PWY0-1586: peptidoglycan maturation (meso-diaminopimelate containing)|g__Lachnospiraceae_unclassified.s__Eubacterium_rectale	562.0513897602
PWY0-1586: peptidoglycan maturation (meso-diaminopimelate containing)|g__Sutterella.s__Sutterella_wadsworthensis	314.7960440970
PWY0-1586: peptidoglycan maturation (meso-diaminopimelate containing)|g__Bacteroides.s__Bacteroides_dorei	298.9817134919
PWY0-1586: peptidoglycan maturation (meso-diaminopimelate containing)|unclassified	232.3658462673
PWY0-1586: peptidoglycan maturation (meso-diaminopimelate containing)|g__Bacteroides.s__Bacteroides_vulgatus	230.0481892878
PWY0-1586: peptidoglycan maturation (meso-diaminopimelate containing)|g__Bacteroides.s__Bacteroides_clarus	123.1235513208
PWY0-1586: peptidoglycan maturation (meso-diaminopimelate containing)|g__Anaerostipes.s__Anaerostipes_hadrus	117.7471114176
PWY0-1586: peptidoglycan maturation (meso-diaminopimelate containing)|g__Eubacterium.s__Eubacterium_hallii	105.0277956136
PWY0-1586: peptidoglycan maturation (meso-diaminopimelate containing)|g__Bacteroides.s__Bacteroides_uniformis	97.0813205124
PWY0-1586: peptidoglycan maturation (meso-diaminopimelate containing)|g__Bacteroides.s__Bacteroides_thetaiotaomicron	75.8439803073
PWY0-1586: peptidoglycan maturation (meso-diaminopimelate containing)|g__Streptococcus.s__Streptococcus_thermophilus	61.3398848130
PWY0-1586: peptidoglycan maturation (meso-diaminopimelate containing)|g__Ruminococcus.s__Ruminococcus_bicirculans	61.2092673316
PWY0-1586: peptidoglycan maturation (meso-diaminopimelate containing)|g__Bacteroides.s__Bacteroides_ovatus	54.7454624397
PWY0-1586: peptidoglycan maturation (meso-diaminopimelate containing)|g__Eubacterium.s__Eubacterium_ramulus	48.0719568103
PWY0-1586: peptidoglycan maturation (meso-diaminopimelate containing)|g__Odoribacter.s__Odoribacter_splanchnicus	46.1843658027
PWY0-1586: peptidoglycan maturation (meso-diaminopimelate containing)|g__Agathobaculum.s__Agathobaculum_butyriciproducens	40.9096633755
PWY0-1586: peptidoglycan maturation (meso-diaminopimelate containing)|g__Bacteroides.s__Bacteroides_xylanisolvens	17.5935683317
PWY0-1586: peptidoglycan maturation (meso-diaminopimelate containing)|g__Flavonifractor.s__Flavonifractor_plautii	10.8495050549
PWY0-1586: peptidoglycan maturation (meso-diaminopimelate containing)|g__Dorea.s__Dorea_longicatena	10.5367521693
PWY-6123: inosine-5'-phosphate biosynthesis I	9068.9620763821
PWY-6123: inosine-5'-phosphate biosynthesis I|g__Faecalibacterium.s__Faecalibacterium_prausnitzii	991.7149711715
PWY-6123: inosine-5'-phosphate biosynthesis I|unclassified	817.8763213072
PWY-6123: inosine-5'-phosphate biosynthesis I|g__Blautia.s__Ruminococcus_torques	745.1157482656
PWY-6123: inosine-5'-phosphate biosynthesis I|g__Alistipes.s__Alistipes_finegoldii	587.1878801435
PWY-6123: inosine-5'-phosphate biosynthesis I|g__Alistipes.s__Alistipes_putredinis	498.6189999135
PWY-6123: inosine-5'-phosphate biosynthesis I|g__Blautia.s__Blautia_wexlerae	435.7671477629
PWY-6123: inosine-5'-phosphate biosynthesis I|g__Bacteroides.s__Bacteroides_stercorirosoris	402.3969773120
PWY-6123: inosine-5'-phosphate biosynthesis I|g__Bacteroides.s__Bacteroides_dorei	304.4673520922
PWY-6123: inosine-5'-phosphate biosynthesis I|g__Bacteroides.s__Bacteroides_vulgatus	290.1532071723
PWY-6123: inosine-5'-phosphate biosynthesis I|g__Barnesiella.s__Barnesiella_intestinihominis	276.1530657543
PWY-6123: inosine-5'-phosphate biosynthesis I|g__Sutterella.s__Sutterella_wadsworthensis	210.3465861194
PWY-6123: inosine-5'-phosphate biosynthesis I|g__Blautia.s__Blautia_obeum	133.8441005878
PWY-6123: inosine-5'-phosphate biosynthesis I|g__Parabacteroides.s__Parabacteroides_distasonis	127.6239746237
PWY-6123: inosine-5'-phosphate biosynthesis I|g__Bacteroides.s__Bacteroides_clarus	101.9458321045
PWY-6123: inosine-5'-phosphate biosynthesis I|g__Bacteroides.s__Bacteroides_uniformis	97.0496983165
PWY-6123: inosine-5'-phosphate biosynthesis I|g__Anaerostipes.s__Anaerostipes_hadrus	88.4026223615
PWY-6123: inosine-5'-phosphate biosynthesis I|g__Eubacterium.s__Eubacterium_hallii	82.8223032435
PWY-6123: inosine-5'-phosphate biosynthesis I|g__Bacteroides.s__Bacteroides_cellulosilyticus	75.0159792718
PWY-6123: inosine-5'-phosphate biosynthesis I|g__Parabacteroides.s__Parabacteroides_merdae	57.9127129811
PWY-6123: inosine-5'-phosphate biosynthesis I|g__Odoribacter.s__Odoribacter_splanchnicus	51.8303153999
PWY-6123: inosine-5'-phosphate biosynthesis I|g__Bacteroides.s__Bacteroides_thetaiotaomicron	47.8636835237
PWY-6123: inosine-5'-phosphate biosynthesis I|g__Streptococcus.s__Streptococcus_thermophilus	45.2743714363
PWY-6123: inosine-5'-phosphate biosynthesis I|g__Coprococcus.s__Coprococcus_comes	42.5390039055
PWY-6123: inosine-5'-phosphate biosynthesis I|g__Bacteroides.s__Bacteroides_caccae	41.6642876376
PWY-6123: inosine-5'-phosphate biosynthesis I|g__Alistipes.s__Alistipes_timonensis	40.4736676281
PWY-6123: inosine-5'-phosphate biosynthesis I|g__Eubacterium.s__Eubacterium_sp_CAG_274	31.8086512197
PWY-6123: inosine-5'-phosphate biosynthesis I|g__Parabacteroides.s__Parabacteroides_gordonii	30.4838766952
PWY-6123: inosine-5'-phosphate biosynthesis I|g__Alistipes.s__Alistipes_onderdonkii	30.4463096630
PWY-6123: inosine-5'-phosphate biosynthesis I|g__Akkermansia.s__Akkermansia_muciniphila	29.7075656072
PWY-6123: inosine-5'-phosphate biosynthesis I|g__Blautia.s__Blautia_sp	25.4397228444
PWY-6123: inosine-5'-phosphate biosynthesis I|g__Senegalimassilia.s__Senegalimassilia_anaerobia	22.7253193903
PWY-6123: inosine-5'-phosphate biosynthesis I|g__Coprobacter.s__Coprobacter_fastidiosus	21.8939722658
PWY-6123: inosine-5'-phosphate biosynthesis I|g__Firmicutes_unclassified.s__Firmicutes_bacterium_AF16_15	21.4648611908
PWY-6123: inosine-5'-phosphate biosynthesis I|g__Blautia.s__Blautia_sp_AF19_10LB	19.0838871311
PWY-6123: inosine-5'-phosphate biosynthesis I|g__Bacteroides.s__Bacteroides_ovatus	12.7212963588
PWY-6123: inosine-5'-phosphate biosynthesis I|g__Coprobacter.s__Coprobacter_secundus	9.4360503355
PWY-6123: inosine-5'-phosphate biosynthesis I|g__Bacteroides.s__Bacteroides_xylanisolvens	4.0445487886
PWY-7199: pyrimidine deoxyribonucleosides salvage	9003.8803171909
PWY-7199: pyrimidine deoxyribonucleosides salvage|unclassified	1000.8231433991
PWY-7199: pyrimidine deoxyribonucleosides salvage|g__Blautia.s__Ruminococcus_torques	530.8904404857
PWY-7199: pyrimidine deoxyribonucleosides salvage|g__Bacteroides.s__Bacteroides_stercorirosoris	343.5871406559
PWY-7199: pyrimidine deoxyribonucleosides salvage|g__Barnesiella.s__Barnesiella_intestinihominis	317.7947663761
PWY-7199: pyrimidine deoxyribonucleosides salvage|g__Bacteroides.s__Bacteroides_dorei	296.3602011741
PWY-7199: pyrimidine deoxyribonucleosides salvage|g__Bacteroides.s__Bacteroides_vulgatus	133.7527814761
PWY-7199: pyrimidine deoxyribonucleosides salvage|g__Bacteroides.s__Bacteroides_uniformis	132.9470944578
PWY-7199: pyrimidine deoxyribonucleosides salvage|g__Parabacteroides.s__Parabacteroides_distasonis	123.0426825736
PWY-7199: pyrimidine deoxyribonucleosides salvage|g__Bacteroides.s__Bacteroides_cellulosilyticus	87.3481646035
PWY-7199: pyrimidine deoxyribonucleosides salvage|g__Bacteroides.s__Bacteroides_thetaiotaomicron	86.6253815188
PWY-7199: pyrimidine deoxyribonucleosides salvage|g__Streptococcus.s__Streptococcus_thermophilus	53.2264879229
PWY-7199: pyrimidine deoxyribonucleosides salvage|g__Bacteroides.s__Bacteroides_caccae	40.3613691074
PWY-7199: pyrimidine deoxyribonucleosides salvage|g__Bacteroides.s__Bacteroides_ovatus	36.0074858638
PWY-7199: pyrimidine deoxyribonucleosides salvage|g__Alistipes.s__Alistipes_timonensis	31.9262848878
PWY-7199: pyrimidine deoxyribonucleosides salvage|g__Bacteroides.s__Bacteroides_clarus	31.2470974036
PWY-7199: pyrimidine deoxyribonucleosides salvage|g__Blautia.s__Blautia_sp_AF19_10LB	21.2685607146
PWY-7199: pyrimidine deoxyribonucleosides salvage|g__Firmicutes_unclassified.s__Firmicutes_bacterium_CAG_129	10.7212589570
PWY-7199: pyrimidine deoxyribonucleosides salvage|g__Roseburia.s__Roseburia_hominis	9.0703048939
PWY-7199: pyrimidine deoxyribonucleosides salvage|g__Bacteroides.s__Bacteroides_xylanisolvens	6.8123779622
PWY-7560: methylerythritol phosphate pathway II	8973.0016324483
PWY-7560: methylerythritol phosphate pathway II|g__Blautia.s__Ruminococcus_torques	987.7473390035
PWY-7560: methylerythritol phosphate pathway II|g__Fusicatenibacter.s__Fusicatenibacter_saccharivorans	715.7570943386
PWY-7560: methylerythritol phosphate pathway II|g__Blautia.s__Blautia_obeum	566.6652698646
PWY-7560: methylerythritol phosphate pathway II|unclassified	462.6218617418
PWY-7560: methylerythritol phosphate pathway II|g__Parabacteroides.s__Parabacteroides_distasonis	133.9641607105
PWY-7560: methylerythritol phosphate pathway II|g__Anaerostipes.s__Anaerostipes_hadrus	108.7667349341
PWY-7560: methylerythritol phosphate pathway II|g__Eubacterium.s__Eubacterium_eligens	100.1777240311
PWY-7560: methylerythritol phosphate pathway II|g__Blautia.s__Blautia_wexlerae	99.5558607152
PWY-7560: methylerythritol phosphate pathway II|g__Eubacterium.s__Eubacterium_hallii	92.6018554831
PWY-7560: methylerythritol phosphate pathway II|g__Dorea.s__Dorea_longicatena	80.0405196541
PWY-7560: methylerythritol phosphate pathway II|g__Bacteroides.s__Bacteroides_thetaiotaomicron	54.5341457588
PWY-7560: methylerythritol phosphate pathway II|g__Coprococcus.s__Coprococcus_comes	33.2602174922
PWY-7560: methylerythritol phosphate pathway II|g__Blautia.s__Blautia_sp_AF19_10LB	28.7050445256
PWY-7560: methylerythritol phosphate pathway II|g__Bacteroides.s__Bacteroides_ovatus	27.6834638878
PWY-841: superpathway of purine nucleotides de novo biosynthesis I	8955.7518237680
PWY-841: superpathway of purine nucleotides de novo biosynthesis I|unclassified	156.1664580803
PWY-7400: L-arginine biosynthesis IV (archaebacteria)	8852.7189104243
PWY-7400: L-arginine biosynthesis IV (archaebacteria)|g__Blautia.s__Ruminococcus_torques	890.7577342495
PWY-7400: L-arginine biosynthesis IV (archaebacteria)|unclassified	111.7454683921
PWY-7400: L-arginine biosynthesis IV (archaebacteria)|g__Eubacterium.s__Eubacterium_hallii	93.1300419511
PWY-7977: L-methionine biosynthesis IV	8822.5770465278
PWY-7977: L-methionine biosynthesis IV|unclassified	674.6533390201
PWY-7977: L-methionine biosynthesis IV|g__Alistipes.s__Alistipes_putredinis	463.8892788345
PWY-7977: L-methionine biosynthesis IV|g__Faecalibacterium.s__Faecalibacterium_prausnitzii	436.4176207381
PWY-7977: L-methionine biosynthesis IV|g__Blautia.s__Ruminococcus_torques	427.1015363145
PWY-7977: L-methionine biosynthesis IV|g__Bacteroides.s__Bacteroides_stercorirosoris	371.9860037897
PWY-7977: L-methionine biosynthesis IV|g__Barnesiella.s__Barnesiella_intestinihominis	357.2257895699
PWY-7977: L-methionine biosynthesis IV|g__Bacteroides.s__Bacteroides_dorei	332.2949644003
PWY-7977: L-methionine biosynthesis IV|g__Alistipes.s__Alistipes_finegoldii	318.7340842884
PWY-7977: L-methionine biosynthesis IV|g__Fusicatenibacter.s__Fusicatenibacter_saccharivorans	287.2682391063
PWY-7977: L-methionine biosynthesis IV|g__Bacteroides.s__Bacteroides_vulgatus	259.4116982938
PWY-7977: L-methionine biosynthesis IV|g__Parabacteroides.s__Parabacteroides_distasonis	155.1062972028
PWY-7977: L-methionine biosynthesis IV|g__Eubacterium.s__Eubacterium_eligens	99.1533019314
PWY-7977: L-methionine biosynthesis IV|g__Bacteroides.s__Bacteroides_uniformis	89.9730152700
PWY-7977: L-methionine biosynthesis IV|g__Bacteroides.s__Bacteroides_clarus	82.7773491017
PWY-7977: L-methionine biosynthesis IV|g__Alistipes.s__Alistipes_onderdonkii	78.8137310255
PWY-7977: L-methionine biosynthesis IV|g__Parabacteroides.s__Parabacteroides_merdae	76.6555630053
PWY-7977: L-methionine biosynthesis IV|g__Anaerostipes.s__Anaerostipes_hadrus	74.2441951807
PWY-7977: L-methionine biosynthesis IV|g__Dorea.s__Dorea_longicatena	69.0927971974
PWY-7977: L-methionine biosynthesis IV|g__Odoribacter.s__Odoribacter_splanchnicus	66.5853368759
PWY-7977: L-methionine biosynthesis IV|g__Eubacterium.s__Eubacterium_hallii	65.9818721078
PWY-7977: L-methionine biosynthesis IV|g__Bacteroides.s__Bacteroides_cellulosilyticus	64.9185015312
PWY-7977: L-methionine biosynthesis IV|g__Coprococcus.s__Coprococcus_comes	53.7559099947
PWY-7977: L-methionine biosynthesis IV|g__Bacteroides.s__Bacteroides_thetaiotaomicron	46.8353172075
PWY-7977: L-methionine biosynthesis IV|g__Alistipes.s__Alistipes_timonensis	42.2029784057
PWY-7977: L-methionine biosynthesis IV|g__Bacteroides.s__Bacteroides_caccae	38.4107904005
PWY-7977: L-methionine biosynthesis IV|g__Akkermansia.s__Akkermansia_muciniphila	35.2453397558
PWY-7977: L-methionine biosynthesis IV|g__Bacteroides.s__Bacteroides_ovatus	28.5291325061
PWY-7977: L-methionine biosynthesis IV|g__Parabacteroides.s__Parabacteroides_gordonii	24.6316246481
PWY-7977: L-methionine biosynthesis IV|g__Butyricimonas.s__Butyricimonas_synergistica	21.4968726064
PWY-7977: L-methionine biosynthesis IV|g__Coprobacter.s__Coprobacter_fastidiosus	16.6541551432
PWY-7977: L-methionine biosynthesis IV|g__Flavonifractor.s__Flavonifractor_plautii	9.1379870341
PANTOSYN-PWY: superpathway of coenzyme A biosynthesis I (bacteria)	8816.2203841888
PANTOSYN-PWY: superpathway of coenzyme A biosynthesis I (bacteria)|unclassified	699.9572277803
PANTOSYN-PWY: superpathway of coenzyme A biosynthesis I (bacteria)|g__Blautia.s__Ruminococcus_torques	631.6591855784
PANTOSYN-PWY: superpathway of coenzyme A biosynthesis I (bacteria)|g__Alistipes.s__Alistipes_putredinis	505.5794785467
PANTOSYN-PWY: superpathway of coenzyme A biosynthesis I (bacteria)|g__Bacteroides.s__Bacteroides_stercorirosoris	347.9043366433
PANTOSYN-PWY: superpathway of coenzyme A biosynthesis I (bacteria)|g__Blautia.s__Blautia_wexlerae	316.0117337216
PANTOSYN-PWY: superpathway of coenzyme A biosynthesis I (bacteria)|g__Barnesiella.s__Barnesiella_intestinihominis	283.7237837182
PANTOSYN-PWY: superpathway of coenzyme A biosynthesis I (bacteria)|g__Bacteroides.s__Bacteroides_dorei	271.2918288605
PANTOSYN-PWY: superpathway of coenzyme A biosynthesis I (bacteria)|g__Candidatus_Gastranaerophilales_unclassified.s__Candidatus_Gastranaerophilales_bacterium_HUM_10	262.8441141426
PANTOSYN-PWY: superpathway of coenzyme A biosynthesis I (bacteria)|g__Bacteroides.s__Bacteroides_vulgatus	227.4024610694
PANTOSYN-PWY: superpathway of coenzyme A biosynthesis I (bacteria)|g__Blautia.s__Blautia_obeum	203.8741729898
PANTOSYN-PWY: superpathway of coenzyme A biosynthesis I (bacteria)|g__Roseburia.s__Roseburia_intestinalis	133.2860779898
PANTOSYN-PWY: superpathway of coenzyme A biosynthesis I (bacteria)|g__Parabacteroides.s__Parabacteroides_distasonis	116.1854721198
PANTOSYN-PWY: superpathway of coenzyme A biosynthesis I (bacteria)|g__Bacteroides.s__Bacteroides_uniformis	109.5375846133
PANTOSYN-PWY: superpathway of coenzyme A biosynthesis I (bacteria)|g__Anaerostipes.s__Anaerostipes_hadrus	102.2906754246
PANTOSYN-PWY: superpathway of coenzyme A biosynthesis I (bacteria)|g__Bacteroides.s__Bacteroides_cellulosilyticus	88.5624335614
PANTOSYN-PWY: superpathway of coenzyme A biosynthesis I (bacteria)|g__Agathobaculum.s__Agathobaculum_butyriciproducens	82.9865033882
PANTOSYN-PWY: superpathway of coenzyme A biosynthesis I (bacteria)|g__Eubacterium.s__Eubacterium_hallii	78.1467122322
PANTOSYN-PWY: superpathway of coenzyme A biosynthesis I (bacteria)|g__Bacteroides.s__Bacteroides_clarus	72.4445157929
PANTOSYN-PWY: superpathway of coenzyme A biosynthesis I (bacteria)|g__Parabacteroides.s__Parabacteroides_merdae	63.9130609902
PANTOSYN-PWY: superpathway of coenzyme A biosynthesis I (bacteria)|g__Bacteroides.s__Bacteroides_thetaiotaomicron	58.5605617767
PANTOSYN-PWY: superpathway of coenzyme A biosynthesis I (bacteria)|g__Odoribacter.s__Odoribacter_splanchnicus	57.2485635510
PANTOSYN-PWY: superpathway of coenzyme A biosynthesis I (bacteria)|g__Dorea.s__Dorea_longicatena	52.0876549519
PANTOSYN-PWY: superpathway of coenzyme A biosynthesis I (bacteria)|g__Coprococcus.s__Coprococcus_comes	49.2379289841
PANTOSYN-PWY: superpathway of coenzyme A biosynthesis I (bacteria)|g__Firmicutes_unclassified.s__Firmicutes_bacterium_CAG_41	43.7758727149
PANTOSYN-PWY: superpathway of coenzyme A biosynthesis I (bacteria)|g__Dorea.s__Dorea_formicigenerans	36.1324407290
PANTOSYN-PWY: superpathway of coenzyme A biosynthesis I (bacteria)|g__Bacteroides.s__Bacteroides_ovatus	33.2245046243
PANTOSYN-PWY: superpathway of coenzyme A biosynthesis I (bacteria)|g__Bacteroides.s__Bacteroides_caccae	32.5033947852
PANTOSYN-PWY: superpathway of coenzyme A biosynthesis I (bacteria)|g__Parabacteroides.s__Parabacteroides_gordonii	25.8638754716
PANTOSYN-PWY: superpathway of coenzyme A biosynthesis I (bacteria)|g__Alistipes.s__Alistipes_timonensis	25.2603983500
PANTOSYN-PWY: superpathway of coenzyme A biosynthesis I (bacteria)|g__Akkermansia.s__Akkermansia_muciniphila	24.5230757357
PANTOSYN-PWY: superpathway of coenzyme A biosynthesis I (bacteria)|g__Eubacterium.s__Eubacterium_ramulus	21.5551160885
PANTOSYN-PWY: superpathway of coenzyme A biosynthesis I (bacteria)|g__Clostridium.s__Clostridium_sp_CAG_230	13.4853816688
PANTOSYN-PWY: superpathway of coenzyme A biosynthesis I (bacteria)|g__Eubacterium.s__Eubacterium_sp_CAG_192	10.2930016754
PANTOSYN-PWY: superpathway of coenzyme A biosynthesis I (bacteria)|g__Roseburia.s__Roseburia_faecis	10.0446095523
PANTOSYN-PWY: superpathway of coenzyme A biosynthesis I (bacteria)|g__Alistipes.s__Alistipes_finegoldii	7.5355061071
PWY-7663: gondoate biosynthesis (anaerobic)	8748.6344872619
PWY-7663: gondoate biosynthesis (anaerobic)|g__Alistipes.s__Alistipes_finegoldii	515.5165163130
PWY-7663: gondoate biosynthesis (anaerobic)|g__Bacteroides.s__Bacteroides_stercorirosoris	507.1072749927
PWY-7663: gondoate biosynthesis (anaerobic)|g__Bacteroides.s__Bacteroides_vulgatus	330.5706067111
PWY-7663: gondoate biosynthesis (anaerobic)|g__Parabacteroides.s__Parabacteroides_distasonis	181.4389891202
PWY-7663: gondoate biosynthesis (anaerobic)|unclassified	168.0685389756
PWY-7663: gondoate biosynthesis (anaerobic)|g__Bacteroides.s__Bacteroides_cellulosilyticus	151.6736519188
PWY-7663: gondoate biosynthesis (anaerobic)|g__Bacteroides.s__Bacteroides_uniformis	120.2242874485
PWY-7663: gondoate biosynthesis (anaerobic)|g__Alistipes.s__Alistipes_onderdonkii	117.2551271043
PWY-7663: gondoate biosynthesis (anaerobic)|g__Bacteroides.s__Bacteroides_clarus	88.0683817075
PWY-7663: gondoate biosynthesis (anaerobic)|g__Parabacteroides.s__Parabacteroides_merdae	69.1206259742
PWY-7663: gondoate biosynthesis (anaerobic)|g__Bacteroides.s__Bacteroides_thetaiotaomicron	59.2618430101
PWY-7663: gondoate biosynthesis (anaerobic)|g__Alistipes.s__Alistipes_timonensis	49.7679004709
PWY-7663: gondoate biosynthesis (anaerobic)|g__Bacteroides.s__Bacteroides_dorei	29.5702615182
PWY-7663: gondoate biosynthesis (anaerobic)|g__Bacteroides.s__Bacteroides_caccae	29.5510176084
PWY-7663: gondoate biosynthesis (anaerobic)|g__Bacteroides.s__Bacteroides_ovatus	27.1060773944
PWY-7663: gondoate biosynthesis (anaerobic)|g__Parabacteroides.s__Parabacteroides_gordonii	26.0541322329
PWY-7663: gondoate biosynthesis (anaerobic)|g__Bacteroides.s__Bacteroides_xylanisolvens	2.4720844202
PWY-6124: inosine-5'-phosphate biosynthesis II	8547.2493416397
PWY-6124: inosine-5'-phosphate biosynthesis II|g__Faecalibacterium.s__Faecalibacterium_prausnitzii	981.8331827400
PWY-6124: inosine-5'-phosphate biosynthesis II|unclassified	740.2289904917
PWY-6124: inosine-5'-phosphate biosynthesis II|g__Blautia.s__Ruminococcus_torques	722.4843114618
PWY-6124: inosine-5'-phosphate biosynthesis II|g__Blautia.s__Blautia_wexlerae	590.5628325950
PWY-6124: inosine-5'-phosphate biosynthesis II|g__Alistipes.s__Alistipes_putredinis	447.4941809670
PWY-6124: inosine-5'-phosphate biosynthesis II|g__Bacteroides.s__Bacteroides_stercorirosoris	384.4251645733
PWY-6124: inosine-5'-phosphate biosynthesis II|g__Bacteroides.s__Bacteroides_vulgatus	293.0826149694
PWY-6124: inosine-5'-phosphate biosynthesis II|g__Bacteroides.s__Bacteroides_dorei	286.4463199882
PWY-6124: inosine-5'-phosphate biosynthesis II|g__Barnesiella.s__Barnesiella_intestinihominis	275.0471021357
PWY-6124: inosine-5'-phosphate biosynthesis II|g__Alistipes.s__Alistipes_finegoldii	249.7463423487
PWY-6124: inosine-5'-phosphate biosynthesis II|g__Sutterella.s__Sutterella_wadsworthensis	189.2435746806
PWY-6124: inosine-5'-phosphate biosynthesis II|g__Parabacteroides.s__Parabacteroides_distasonis	120.2873109294
PWY-6124: inosine-5'-phosphate biosynthesis II|g__Blautia.s__Blautia_obeum	115.6193585959
PWY-6124: inosine-5'-phosphate biosynthesis II|g__Bacteroides.s__Bacteroides_uniformis	104.4968627187
PWY-6124: inosine-5'-phosphate biosynthesis II|g__Bacteroides.s__Bacteroides_clarus	96.8284220294
PWY-6124: inosine-5'-phosphate biosynthesis II|g__Bacteroides.s__Bacteroides_cellulosilyticus	96.3068002679
PWY-6124: inosine-5'-phosphate biosynthesis II|g__Anaerostipes.s__Anaerostipes_hadrus	86.6183227725
PWY-6124: inosine-5'-phosphate biosynthesis II|g__Eubacterium.s__Eubacterium_hallii	75.7662030310
PWY-6124: inosine-5'-phosphate biosynthesis II|g__Parabacteroides.s__Parabacteroides_merdae	55.6447568259
PWY-6124: inosine-5'-phosphate biosynthesis II|g__Bacteroides.s__Bacteroides_thetaiotaomicron	53.0408699210
PWY-6124: inosine-5'-phosphate biosynthesis II|g__Odoribacter.s__Odoribacter_splanchnicus	48.5889081058
PWY-6124: inosine-5'-phosphate biosynthesis II|g__Coprococcus.s__Coprococcus_comes	45.6061736709
PWY-6124: inosine-5'-phosphate biosynthesis II|g__Bacteroides.s__Bacteroides_caccae	41.1600423454
PWY-6124: inosine-5'-phosphate biosynthesis II|g__Senegalimassilia.s__Senegalimassilia_anaerobia	37.9102141984
PWY-6124: inosine-5'-phosphate biosynthesis II|g__Alistipes.s__Alistipes_timonensis	37.1488263600
PWY-6124: inosine-5'-phosphate biosynthesis II|g__Streptococcus.s__Streptococcus_thermophilus	32.8496540214
PWY-6124: inosine-5'-phosphate biosynthesis II|g__Eubacterium.s__Eubacterium_sp_CAG_274	31.5535721730
PWY-6124: inosine-5'-phosphate biosynthesis II|g__Bacteroides.s__Bacteroides_ovatus	31.2770437650
PWY-6124: inosine-5'-phosphate biosynthesis II|g__Alistipes.s__Alistipes_onderdonkii	27.9426026096
PWY-6124: inosine-5'-phosphate biosynthesis II|g__Parabacteroides.s__Parabacteroides_gordonii	27.8096536105
PWY-6124: inosine-5'-phosphate biosynthesis II|g__Akkermansia.s__Akkermansia_muciniphila	27.2783729149
PWY-6124: inosine-5'-phosphate biosynthesis II|g__Coprobacter.s__Coprobacter_fastidiosus	24.7127450521
PWY-6124: inosine-5'-phosphate biosynthesis II|g__Blautia.s__Blautia_sp	21.9026762177
PWY-6124: inosine-5'-phosphate biosynthesis II|g__Firmicutes_unclassified.s__Firmicutes_bacterium_AF16_15	19.8393954120
PWY-6124: inosine-5'-phosphate biosynthesis II|g__Blautia.s__Blautia_sp_AF19_10LB	16.9762986235
PWY-6124: inosine-5'-phosphate biosynthesis II|g__Coprobacter.s__Coprobacter_secundus	8.3872453010
PWY-6124: inosine-5'-phosphate biosynthesis II|g__Bacteroides.s__Bacteroides_xylanisolvens	3.5883042622
PANTO-PWY: phosphopantothenate biosynthesis I	8150.9907698056
PANTO-PWY: phosphopantothenate biosynthesis I|unclassified	588.2108194396
PANTO-PWY: phosphopantothenate biosynthesis I|g__Blautia.s__Ruminococcus_torques	554.4554011398
PANTO-PWY: phosphopantothenate biosynthesis I|g__Alistipes.s__Alistipes_putredinis	440.5526056695
PANTO-PWY: phosphopantothenate biosynthesis I|g__Blautia.s__Blautia_wexlerae	359.1179691620
PANTO-PWY: phosphopantothenate biosynthesis I|g__Bacteroides.s__Bacteroides_stercorirosoris	338.8016948205
PANTO-PWY: phosphopantothenate biosynthesis I|g__Barnesiella.s__Barnesiella_intestinihominis	320.0802478915
PANTO-PWY: phosphopantothenate biosynthesis I|g__Candidatus_Gastranaerophilales_unclassified.s__Candidatus_Gastranaerophilales_bacterium_HUM_10	291.8520691640
PANTO-PWY: phosphopantothenate biosynthesis I|g__Bacteroides.s__Bacteroides_dorei	282.2982526577
PANTO-PWY: phosphopantothenate biosynthesis I|g__Bacteroides.s__Bacteroides_vulgatus	279.6684003484
PANTO-PWY: phosphopantothenate biosynthesis I|g__Blautia.s__Blautia_obeum	152.5468922321
PANTO-PWY: phosphopantothenate biosynthesis I|g__Roseburia.s__Roseburia_intestinalis	145.1215096418
PANTO-PWY: phosphopantothenate biosynthesis I|g__Parabacteroides.s__Parabacteroides_distasonis	124.6367700059
PANTO-PWY: phosphopantothenate biosynthesis I|g__Anaerostipes.s__Anaerostipes_hadrus	123.8344485998
PANTO-PWY: phosphopantothenate biosynthesis I|g__Eubacterium.s__Eubacterium_hallii	115.3834269973
PANTO-PWY: phosphopantothenate biosynthesis I|g__Bacteroides.s__Bacteroides_uniformis	113.7351629635
PANTO-PWY: phosphopantothenate biosynthesis I|g__Lachnospiraceae_unclassified.s__Eubacterium_rectale	106.5645655241
PANTO-PWY: phosphopantothenate biosynthesis I|g__Bacteroides.s__Bacteroides_clarus	91.8231073787
PANTO-PWY: phosphopantothenate biosynthesis I|g__Agathobaculum.s__Agathobaculum_butyriciproducens	87.5283507552
PANTO-PWY: phosphopantothenate biosynthesis I|g__Bacteroides.s__Bacteroides_cellulosilyticus	84.4474333546
PANTO-PWY: phosphopantothenate biosynthesis I|g__Clostridium.s__Clostridium_sp_CAG_253	75.3472072613
PANTO-PWY: phosphopantothenate biosynthesis I|g__Bacteroides.s__Bacteroides_thetaiotaomicron	65.0013057452
PANTO-PWY: phosphopantothenate biosynthesis I|g__Alistipes.s__Alistipes_onderdonkii	59.4855902477
PANTO-PWY: phosphopantothenate biosynthesis I|g__Odoribacter.s__Odoribacter_splanchnicus	53.3626468545
PANTO-PWY: phosphopantothenate biosynthesis I|g__Parabacteroides.s__Parabacteroides_merdae	51.7108877281
PANTO-PWY: phosphopantothenate biosynthesis I|g__Dorea.s__Dorea_longicatena	46.6086777601
PANTO-PWY: phosphopantothenate biosynthesis I|g__Senegalimassilia.s__Senegalimassilia_anaerobia	40.9583277759
PANTO-PWY: phosphopantothenate biosynthesis I|g__Firmicutes_unclassified.s__Firmicutes_bacterium_CAG_41	39.4416888608
PANTO-PWY: phosphopantothenate biosynthesis I|g__Coprococcus.s__Coprococcus_comes	39.1584317833
PANTO-PWY: phosphopantothenate biosynthesis I|g__Parabacteroides.s__Parabacteroides_gordonii	38.5973544044
PANTO-PWY: phosphopantothenate biosynthesis I|g__Bacteroides.s__Bacteroides_ovatus	38.3238121203
PANTO-PWY: phosphopantothenate biosynthesis I|g__Eubacterium.s__Eubacterium_ramulus	35.2504318578
PANTO-PWY: phosphopantothenate biosynthesis I|g__Akkermansia.s__Akkermansia_muciniphila	33.9745455610
PANTO-PWY: phosphopantothenate biosynthesis I|g__Bacteroides.s__Bacteroides_caccae	32.4288483618
PANTO-PWY: phosphopantothenate biosynthesis I|g__Dorea.s__Dorea_formicigenerans	31.8671094261
PANTO-PWY: phosphopantothenate biosynthesis I|g__Bilophila.s__Bilophila_wadsworthia	30.6478095936
PANTO-PWY: phosphopantothenate biosynthesis I|g__Firmicutes_unclassified.s__Firmicutes_bacterium_CAG_102	29.1087514777
PANTO-PWY: phosphopantothenate biosynthesis I|g__Butyricimonas.s__Butyricimonas_synergistica	24.6742850123
PANTO-PWY: phosphopantothenate biosynthesis I|g__Eubacterium.s__Eubacterium_sp_CAG_38	23.1512945815
PANTO-PWY: phosphopantothenate biosynthesis I|g__Alistipes.s__Alistipes_timonensis	19.4356338559
PANTO-PWY: phosphopantothenate biosynthesis I|g__Monoglobus.s__Monoglobus_pectinilyticus	17.1226687036
PANTO-PWY: phosphopantothenate biosynthesis I|g__Candidatus_Gastranaerophilales_unclassified.s__Candidatus_Gastranaerophilales_bacterium_HUM_21	17.0899014057
PANTO-PWY: phosphopantothenate biosynthesis I|g__Eubacterium.s__Eubacterium_sp_CAG_192	16.9000219104
PANTO-PWY: phosphopantothenate biosynthesis I|g__Erysipelatoclostridium.s__Clostridium_spiroforme	16.4673905734
PANTO-PWY: phosphopantothenate biosynthesis I|g__Asaccharobacter.s__Asaccharobacter_celatus	13.9714008009
PANTO-PWY: phosphopantothenate biosynthesis I|g__Blautia.s__Ruminococcus_gnavus	13.7943501944
PANTO-PWY: phosphopantothenate biosynthesis I|g__Clostridium.s__Clostridium_sp_CAG_230	13.4317251449
PANTO-PWY: phosphopantothenate biosynthesis I|g__Eubacterium.s__Eubacterium_sp_AF17_7	12.6254039389
PANTO-PWY: phosphopantothenate biosynthesis I|g__Roseburia.s__Roseburia_faecis	11.9873642465
PANTO-PWY: phosphopantothenate biosynthesis I|g__Adlercreutzia.s__Adlercreutzia_equolifaciens	7.2375473634
PANTO-PWY: phosphopantothenate biosynthesis I|g__Eggerthella.s__Eggerthella_sp_CAG_209	6.2263910008
PANTO-PWY: phosphopantothenate biosynthesis I|g__Bacteroides.s__Bacteroides_intestinalis	6.0840023899
PANTO-PWY: phosphopantothenate biosynthesis I|g__Bacteroides.s__Bacteroides_xylanisolvens	5.2223071637
PANTO-PWY: phosphopantothenate biosynthesis I|g__Alistipes.s__Alistipes_finegoldii	3.3746323022
PANTO-PWY: phosphopantothenate biosynthesis I|g__Blautia.s__Blautia_sp	2.3499531992
PWY-7228: superpathway of guanosine nucleotides de novo biosynthesis I	8150.7576644503
PWY-7228: superpathway of guanosine nucleotides de novo biosynthesis I|g__Bacteroides.s__Bacteroides_dorei	428.0076962683
PWY-7228: superpathway of guanosine nucleotides de novo biosynthesis I|g__Bacteroides.s__Bacteroides_stercorirosoris	407.7474533400
PWY-7228: superpathway of guanosine nucleotides de novo biosynthesis I|g__Bacteroides.s__Bacteroides_vulgatus	396.1341460032
PWY-7228: superpathway of guanosine nucleotides de novo biosynthesis I|g__Parabacteroides.s__Parabacteroides_distasonis	165.6355328453
PWY-7228: superpathway of guanosine nucleotides de novo biosynthesis I|g__Sutterella.s__Sutterella_wadsworthensis	163.3713372252
PWY-7228: superpathway of guanosine nucleotides de novo biosynthesis I|g__Bacteroides.s__Bacteroides_cellulosilyticus	127.9147764122
PWY-7228: superpathway of guanosine nucleotides de novo biosynthesis I|unclassified	95.0852874173
PWY-7228: superpathway of guanosine nucleotides de novo biosynthesis I|g__Bacteroides.s__Bacteroides_thetaiotaomicron	49.5894434405
PWY-7228: superpathway of guanosine nucleotides de novo biosynthesis I|g__Streptococcus.s__Streptococcus_thermophilus	48.1203952654
PWY-7228: superpathway of guanosine nucleotides de novo biosynthesis I|g__Bacteroides.s__Bacteroides_ovatus	42.0355185309
PWY-7228: superpathway of guanosine nucleotides de novo biosynthesis I|g__Bacteroides.s__Bacteroides_caccae	38.5513955503
PWY-7228: superpathway of guanosine nucleotides de novo biosynthesis I|g__Parabacteroides.s__Parabacteroides_gordonii	25.3072610884
PWY-7228: superpathway of guanosine nucleotides de novo biosynthesis I|g__Bilophila.s__Bilophila_wadsworthia	22.6397229460
PWY-7357: thiamine phosphate formation from pyrithiamine and oxythiamine (yeast)	8035.7942767305
PWY-7357: thiamine phosphate formation from pyrithiamine and oxythiamine (yeast)|g__Faecalibacterium.s__Faecalibacterium_prausnitzii	1017.7056105453
PWY-7357: thiamine phosphate formation from pyrithiamine and oxythiamine (yeast)|g__Blautia.s__Blautia_obeum	887.2487950392
PWY-7357: thiamine phosphate formation from pyrithiamine and oxythiamine (yeast)|g__Fusicatenibacter.s__Fusicatenibacter_saccharivorans	637.1386703968
PWY-7357: thiamine phosphate formation from pyrithiamine and oxythiamine (yeast)|unclassified	571.3334984671
PWY-7357: thiamine phosphate formation from pyrithiamine and oxythiamine (yeast)|g__Blautia.s__Ruminococcus_torques	551.3497277338
PWY-7357: thiamine phosphate formation from pyrithiamine and oxythiamine (yeast)|g__Lachnospiraceae_unclassified.s__Eubacterium_rectale	358.4408051105
PWY-7357: thiamine phosphate formation from pyrithiamine and oxythiamine (yeast)|g__Roseburia.s__Roseburia_intestinalis	182.9657776842
PWY-7357: thiamine phosphate formation from pyrithiamine and oxythiamine (yeast)|g__Blautia.s__Blautia_wexlerae	137.5884035000
PWY-7357: thiamine phosphate formation from pyrithiamine and oxythiamine (yeast)|g__Bacteroides.s__Bacteroides_uniformis	123.8851068999
PWY-7357: thiamine phosphate formation from pyrithiamine and oxythiamine (yeast)|g__Anaerostipes.s__Anaerostipes_hadrus	109.0994037296
PWY-7357: thiamine phosphate formation from pyrithiamine and oxythiamine (yeast)|g__Eubacterium.s__Eubacterium_hallii	96.7112945016
PWY-7357: thiamine phosphate formation from pyrithiamine and oxythiamine (yeast)|g__Eubacterium.s__Eubacterium_ramulus	67.2214786576
PWY-7357: thiamine phosphate formation from pyrithiamine and oxythiamine (yeast)|g__Dorea.s__Dorea_longicatena	66.0024377052
PWY-7357: thiamine phosphate formation from pyrithiamine and oxythiamine (yeast)|g__Agathobaculum.s__Agathobaculum_butyriciproducens	63.3834595086
PWY-7357: thiamine phosphate formation from pyrithiamine and oxythiamine (yeast)|g__Coprococcus.s__Coprococcus_comes	46.5771991206
PWY-7357: thiamine phosphate formation from pyrithiamine and oxythiamine (yeast)|g__Dorea.s__Dorea_formicigenerans	43.6840402402
PWY-7357: thiamine phosphate formation from pyrithiamine and oxythiamine (yeast)|g__Bacteroides.s__Bacteroides_ovatus	41.3667747718
PWY-7357: thiamine phosphate formation from pyrithiamine and oxythiamine (yeast)|g__Blautia.s__Blautia_sp_AF19_10LB	14.0096719147
PWY-7357: thiamine phosphate formation from pyrithiamine and oxythiamine (yeast)|g__Adlercreutzia.s__Adlercreutzia_equolifaciens	11.9921096944
PWY-7357: thiamine phosphate formation from pyrithiamine and oxythiamine (yeast)|g__Roseburia.s__Roseburia_faecis	11.5599703216
PWY-7357: thiamine phosphate formation from pyrithiamine and oxythiamine (yeast)|g__Roseburia.s__Roseburia_inulinivorans	8.7546590234
PWY-7357: thiamine phosphate formation from pyrithiamine and oxythiamine (yeast)|g__Asaccharobacter.s__Asaccharobacter_celatus	6.8814853141
PWY-7357: thiamine phosphate formation from pyrithiamine and oxythiamine (yeast)|g__Blautia.s__Blautia_sp	4.6663727818
SER-GLYSYN-PWY: superpathway of L-serine and glycine biosynthesis I	8005.5970366517
SER-GLYSYN-PWY: superpathway of L-serine and glycine biosynthesis I|g__Blautia.s__Ruminococcus_torques	706.3540193812
SER-GLYSYN-PWY: superpathway of L-serine and glycine biosynthesis I|g__Blautia.s__Blautia_wexlerae	597.8119632117
SER-GLYSYN-PWY: superpathway of L-serine and glycine biosynthesis I|unclassified	521.9727733114
SER-GLYSYN-PWY: superpathway of L-serine and glycine biosynthesis I|g__Alistipes.s__Alistipes_putredinis	418.9434273956
SER-GLYSYN-PWY: superpathway of L-serine and glycine biosynthesis I|g__Alistipes.s__Alistipes_finegoldii	392.0472145571
SER-GLYSYN-PWY: superpathway of L-serine and glycine biosynthesis I|g__Bacteroides.s__Bacteroides_stercorirosoris	331.7520041909
SER-GLYSYN-PWY: superpathway of L-serine and glycine biosynthesis I|g__Bacteroides.s__Bacteroides_dorei	229.9574840357
SER-GLYSYN-PWY: superpathway of L-serine and glycine biosynthesis I|g__Blautia.s__Blautia_obeum	187.7059979688
SER-GLYSYN-PWY: superpathway of L-serine and glycine biosynthesis I|g__Bacteroides.s__Bacteroides_vulgatus	175.3673622440
SER-GLYSYN-PWY: superpathway of L-serine and glycine biosynthesis I|g__Alistipes.s__Alistipes_onderdonkii	155.8343644112
SER-GLYSYN-PWY: superpathway of L-serine and glycine biosynthesis I|g__Roseburia.s__Roseburia_intestinalis	140.5226917365
SER-GLYSYN-PWY: superpathway of L-serine and glycine biosynthesis I|g__Eubacterium.s__Eubacterium_eligens	111.7445593755
SER-GLYSYN-PWY: superpathway of L-serine and glycine biosynthesis I|g__Parabacteroides.s__Parabacteroides_distasonis	110.7368504431
SER-GLYSYN-PWY: superpathway of L-serine and glycine biosynthesis I|g__Eubacterium.s__Eubacterium_hallii	101.3080345130
SER-GLYSYN-PWY: superpathway of L-serine and glycine biosynthesis I|g__Bacteroides.s__Bacteroides_uniformis	76.3891242190
SER-GLYSYN-PWY: superpathway of L-serine and glycine biosynthesis I|g__Bacteroides.s__Bacteroides_cellulosilyticus	71.5250571013
SER-GLYSYN-PWY: superpathway of L-serine and glycine biosynthesis I|g__Blautia.s__Blautia_sp_AF19_10LB	69.9206594984
SER-GLYSYN-PWY: superpathway of L-serine and glycine biosynthesis I|g__Bacteroides.s__Bacteroides_clarus	67.6432176331
SER-GLYSYN-PWY: superpathway of L-serine and glycine biosynthesis I|g__Anaerostipes.s__Anaerostipes_hadrus	60.0933552329
SER-GLYSYN-PWY: superpathway of L-serine and glycine biosynthesis I|g__Dorea.s__Dorea_longicatena	57.3023830391
SER-GLYSYN-PWY: superpathway of L-serine and glycine biosynthesis I|g__Coprococcus.s__Coprococcus_comes	50.0263853923
SER-GLYSYN-PWY: superpathway of L-serine and glycine biosynthesis I|g__Bacteroides.s__Bacteroides_thetaiotaomicron	48.8098064253
SER-GLYSYN-PWY: superpathway of L-serine and glycine biosynthesis I|g__Streptococcus.s__Streptococcus_thermophilus	35.1170394195
SER-GLYSYN-PWY: superpathway of L-serine and glycine biosynthesis I|g__Alistipes.s__Alistipes_timonensis	33.7066856890
SER-GLYSYN-PWY: superpathway of L-serine and glycine biosynthesis I|g__Senegalimassilia.s__Senegalimassilia_anaerobia	26.5532353417
SER-GLYSYN-PWY: superpathway of L-serine and glycine biosynthesis I|g__Roseburia.s__Roseburia_inulinivorans	23.4747059370
SER-GLYSYN-PWY: superpathway of L-serine and glycine biosynthesis I|g__Eubacterium.s__Eubacterium_ramulus	21.9430226544
SER-GLYSYN-PWY: superpathway of L-serine and glycine biosynthesis I|g__Dorea.s__Dorea_formicigenerans	20.3944892492
SER-GLYSYN-PWY: superpathway of L-serine and glycine biosynthesis I|g__Bacteroides.s__Bacteroides_caccae	18.2440010661
SER-GLYSYN-PWY: superpathway of L-serine and glycine biosynthesis I|g__Bacteroides.s__Bacteroides_ovatus	15.7219805067
SER-GLYSYN-PWY: superpathway of L-serine and glycine biosynthesis I|g__Blautia.s__Blautia_sp	15.2240252185
SER-GLYSYN-PWY: superpathway of L-serine and glycine biosynthesis I|g__Asaccharobacter.s__Asaccharobacter_celatus	15.0949339511
SER-GLYSYN-PWY: superpathway of L-serine and glycine biosynthesis I|g__Eubacterium.s__Eubacterium_sp_CAG_115	13.4843099214
SER-GLYSYN-PWY: superpathway of L-serine and glycine biosynthesis I|g__Adlercreutzia.s__Adlercreutzia_equolifaciens	11.1143620553
SER-GLYSYN-PWY: superpathway of L-serine and glycine biosynthesis I|g__Roseburia.s__Roseburia_faecis	10.3256545012
SER-GLYSYN-PWY: superpathway of L-serine and glycine biosynthesis I|g__Eisenbergiella.s__Eisenbergiella_massiliensis	8.3054229173
SER-GLYSYN-PWY: superpathway of L-serine and glycine biosynthesis I|g__Roseburia.s__Roseburia_sp_CAG_197	5.6851245988
SER-GLYSYN-PWY: superpathway of L-serine and glycine biosynthesis I|g__Eisenbergiella.s__Eisenbergiella_tayi	4.9047922090
SER-GLYSYN-PWY: superpathway of L-serine and glycine biosynthesis I|g__Hungatella.s__Hungatella_hathewayi	1.5657862832
PWY-3001: superpathway of L-isoleucine biosynthesis I	7972.2588969630
PWY-3001: superpathway of L-isoleucine biosynthesis I|g__Blautia.s__Ruminococcus_torques	691.6202084782
PWY-3001: superpathway of L-isoleucine biosynthesis I|unclassified	534.5602631416
PWY-3001: superpathway of L-isoleucine biosynthesis I|g__Eubacterium.s__Eubacterium_hallii	101.9296894598
PWY-3001: superpathway of L-isoleucine biosynthesis I|g__Streptococcus.s__Streptococcus_thermophilus	38.8103605325
PWY-7111: pyruvate fermentation to isobutanol (engineered)	7836.1916714047
PWY-7111: pyruvate fermentation to isobutanol (engineered)|unclassified	922.1416697376
PWY-7111: pyruvate fermentation to isobutanol (engineered)|g__Blautia.s__Ruminococcus_torques	805.0523362407
PWY-7111: pyruvate fermentation to isobutanol (engineered)|g__Faecalibacterium.s__Faecalibacterium_prausnitzii	410.4375764018
PWY-7111: pyruvate fermentation to isobutanol (engineered)|g__Blautia.s__Blautia_wexlerae	405.8995856066
PWY-7111: pyruvate fermentation to isobutanol (engineered)|g__Roseburia.s__Roseburia_intestinalis	168.0897783662
PWY-7111: pyruvate fermentation to isobutanol (engineered)|g__Parabacteroides.s__Parabacteroides_distasonis	135.6874222889
PWY-7111: pyruvate fermentation to isobutanol (engineered)|g__Eubacterium.s__Eubacterium_hallii	126.5629908503
PWY-7111: pyruvate fermentation to isobutanol (engineered)|g__Anaerostipes.s__Anaerostipes_hadrus	124.4105782416
PWY-7111: pyruvate fermentation to isobutanol (engineered)|g__Eubacterium.s__Eubacterium_eligens	117.3555946340
PWY-7111: pyruvate fermentation to isobutanol (engineered)|g__Lachnospiraceae_unclassified.s__Eubacterium_rectale	69.8035990498
PWY-7111: pyruvate fermentation to isobutanol (engineered)|g__Coprococcus.s__Coprococcus_comes	64.8412390367
PWY-7111: pyruvate fermentation to isobutanol (engineered)|g__Blautia.s__Blautia_obeum	59.5846410720
PWY-7111: pyruvate fermentation to isobutanol (engineered)|g__Agathobaculum.s__Agathobaculum_butyriciproducens	56.1480163662
PWY-7111: pyruvate fermentation to isobutanol (engineered)|g__Streptococcus.s__Streptococcus_thermophilus	44.6160200006
PWY-7111: pyruvate fermentation to isobutanol (engineered)|g__Dorea.s__Dorea_formicigenerans	44.4994364785
PWY-7111: pyruvate fermentation to isobutanol (engineered)|g__Roseburia.s__Roseburia_inulinivorans	30.4334742876
PWY-7111: pyruvate fermentation to isobutanol (engineered)|g__Flavonifractor.s__Flavonifractor_plautii	25.2560095712
PWY-7111: pyruvate fermentation to isobutanol (engineered)|g__Roseburia.s__Roseburia_hominis	16.2961846604
PWY-7111: pyruvate fermentation to isobutanol (engineered)|g__Dorea.s__Dorea_longicatena	16.2073353480
PWY-7111: pyruvate fermentation to isobutanol (engineered)|g__Roseburia.s__Roseburia_faecis	10.8985756079
PWY-7111: pyruvate fermentation to isobutanol (engineered)|g__Erysipelatoclostridium.s__Clostridium_spiroforme	10.3255958525
PWY-7111: pyruvate fermentation to isobutanol (engineered)|g__Hungatella.s__Hungatella_hathewayi	10.1992380350
PWY-7111: pyruvate fermentation to isobutanol (engineered)|g__Firmicutes_unclassified.s__Firmicutes_bacterium_AF16_15	6.2632146135
PWY-7111: pyruvate fermentation to isobutanol (engineered)|g__Blautia.s__Ruminococcus_gnavus	2.9608814447
OANTIGEN-PWY: O-antigen building blocks biosynthesis (E. coli)	7829.7148941625
OANTIGEN-PWY: O-antigen building blocks biosynthesis (E. coli)|unclassified	845.6147935101
OANTIGEN-PWY: O-antigen building blocks biosynthesis (E. coli)|g__Ruminococcus.s__Ruminococcus_sp_CAG_353	647.2412900432
OANTIGEN-PWY: O-antigen building blocks biosynthesis (E. coli)|g__Streptococcus.s__Streptococcus_thermophilus	27.2494351900
PWY-6527: stachyose degradation	7824.1070202065
PWY-6527: stachyose degradation|unclassified	1123.5270563290
PWY-6527: stachyose degradation|g__Blautia.s__Ruminococcus_torques	913.7296020245
PWY-6527: stachyose degradation|g__Fusicatenibacter.s__Fusicatenibacter_saccharivorans	861.3934220611
PWY-6527: stachyose degradation|g__Blautia.s__Blautia_obeum	779.7714147318
PWY-6527: stachyose degradation|g__Blautia.s__Blautia_wexlerae	633.3140783944
PWY-6527: stachyose degradation|g__Faecalibacterium.s__Faecalibacterium_prausnitzii	409.6498636198
PWY-6527: stachyose degradation|g__Lachnospiraceae_unclassified.s__Eubacterium_rectale	299.8987932484
PWY-6527: stachyose degradation|g__Roseburia.s__Roseburia_intestinalis	146.6041527617
PWY-6527: stachyose degradation|g__Dorea.s__Dorea_longicatena	86.2003797736
PWY-6527: stachyose degradation|g__Roseburia.s__Roseburia_sp_CAG_100	80.3053610646
PWY-6527: stachyose degradation|g__Eubacterium.s__Eubacterium_hallii	56.0717814779
PWY-6527: stachyose degradation|g__Eubacterium.s__Eubacterium_ramulus	38.8857874875
PWY-6527: stachyose degradation|g__Ruminococcus.s__Ruminococcus_bicirculans	31.5162059342
PWY-6527: stachyose degradation|g__Eisenbergiella.s__Eisenbergiella_massiliensis	29.5783831380
PWY-6527: stachyose degradation|g__Roseburia.s__Roseburia_inulinivorans	19.8266012681
PWY-6527: stachyose degradation|g__Roseburia.s__Roseburia_faecis	10.6547506909
PWY-6527: stachyose degradation|g__Blautia.s__Ruminococcus_gnavus	5.1429567146
PYRIDNUCSYN-PWY: NAD de novo biosynthesis I (from aspartate)	7667.8437492814
PYRIDNUCSYN-PWY: NAD de novo biosynthesis I (from aspartate)|g__Blautia.s__Ruminococcus_torques	667.5030298854
PYRIDNUCSYN-PWY: NAD de novo biosynthesis I (from aspartate)|g__Alistipes.s__Alistipes_putredinis	529.6911582704
PYRIDNUCSYN-PWY: NAD de novo biosynthesis I (from aspartate)|unclassified	508.7896309588
PYRIDNUCSYN-PWY: NAD de novo biosynthesis I (from aspartate)|g__Bacteroides.s__Bacteroides_stercorirosoris	413.9351216958
PYRIDNUCSYN-PWY: NAD de novo biosynthesis I (from aspartate)|g__Bacteroides.s__Bacteroides_dorei	362.7216929043
PYRIDNUCSYN-PWY: NAD de novo biosynthesis I (from aspartate)|g__Bacteroides.s__Bacteroides_vulgatus	289.2969014667
PYRIDNUCSYN-PWY: NAD de novo biosynthesis I (from aspartate)|g__Parabacteroides.s__Parabacteroides_distasonis	126.6670601386
PYRIDNUCSYN-PWY: NAD de novo biosynthesis I (from aspartate)|g__Roseburia.s__Roseburia_intestinalis	111.7985348799
PYRIDNUCSYN-PWY: NAD de novo biosynthesis I (from aspartate)|g__Eubacterium.s__Eubacterium_hallii	104.5712425312
PYRIDNUCSYN-PWY: NAD de novo biosynthesis I (from aspartate)|g__Anaerostipes.s__Anaerostipes_hadrus	99.6389686724
PYRIDNUCSYN-PWY: NAD de novo biosynthesis I (from aspartate)|g__Bacteroides.s__Bacteroides_uniformis	89.4624679658
PYRIDNUCSYN-PWY: NAD de novo biosynthesis I (from aspartate)|g__Bacteroides.s__Bacteroides_clarus	84.5123219377
PYRIDNUCSYN-PWY: NAD de novo biosynthesis I (from aspartate)|g__Bacteroides.s__Bacteroides_thetaiotaomicron	67.8080635151
PYRIDNUCSYN-PWY: NAD de novo biosynthesis I (from aspartate)|g__Dorea.s__Dorea_longicatena	53.1581806903
PYRIDNUCSYN-PWY: NAD de novo biosynthesis I (from aspartate)|g__Blautia.s__Blautia_obeum	52.1924118301
PYRIDNUCSYN-PWY: NAD de novo biosynthesis I (from aspartate)|g__Coprococcus.s__Coprococcus_comes	47.3106864626
PYRIDNUCSYN-PWY: NAD de novo biosynthesis I (from aspartate)|g__Bacteroides.s__Bacteroides_cellulosilyticus	46.2674633324
PYRIDNUCSYN-PWY: NAD de novo biosynthesis I (from aspartate)|g__Bacteroides.s__Bacteroides_ovatus	37.1131760890
PYRIDNUCSYN-PWY: NAD de novo biosynthesis I (from aspartate)|g__Alistipes.s__Alistipes_onderdonkii	35.8005893717
PYRIDNUCSYN-PWY: NAD de novo biosynthesis I (from aspartate)|g__Parabacteroides.s__Parabacteroides_gordonii	35.0716574584
PYRIDNUCSYN-PWY: NAD de novo biosynthesis I (from aspartate)|g__Ruminococcus.s__Ruminococcus_bicirculans	32.7317956361
PYRIDNUCSYN-PWY: NAD de novo biosynthesis I (from aspartate)|g__Lachnoclostridium.s__Clostridium_symbiosum	8.1411461060
RIBOSYN2-PWY: flavin biosynthesis I (bacteria and plants)	7521.2900334253
RIBOSYN2-PWY: flavin biosynthesis I (bacteria and plants)|g__Faecalibacterium.s__Faecalibacterium_prausnitzii	893.5381258137
RIBOSYN2-PWY: flavin biosynthesis I (bacteria and plants)|g__Blautia.s__Ruminococcus_torques	527.4037660248
RIBOSYN2-PWY: flavin biosynthesis I (bacteria and plants)|unclassified	452.2499425402
RIBOSYN2-PWY: flavin biosynthesis I (bacteria and plants)|g__Blautia.s__Blautia_obeum	360.4107514030
RIBOSYN2-PWY: flavin biosynthesis I (bacteria and plants)|g__Blautia.s__Blautia_wexlerae	309.3944781131
RIBOSYN2-PWY: flavin biosynthesis I (bacteria and plants)|g__Bacteroides.s__Bacteroides_dorei	293.1453308688
RIBOSYN2-PWY: flavin biosynthesis I (bacteria and plants)|g__Bacteroides.s__Bacteroides_vulgatus	258.9724975789
RIBOSYN2-PWY: flavin biosynthesis I (bacteria and plants)|g__Candidatus_Gastranaerophilales_unclassified.s__Candidatus_Gastranaerophilales_bacterium_HUM_10	248.0460819892
RIBOSYN2-PWY: flavin biosynthesis I (bacteria and plants)|g__Parabacteroides.s__Parabacteroides_distasonis	163.1243494503
RIBOSYN2-PWY: flavin biosynthesis I (bacteria and plants)|g__Eubacterium.s__Eubacterium_eligens	104.4035973706
RIBOSYN2-PWY: flavin biosynthesis I (bacteria and plants)|g__Eubacterium.s__Eubacterium_hallii	74.4412367612
RIBOSYN2-PWY: flavin biosynthesis I (bacteria and plants)|g__Agathobaculum.s__Agathobaculum_butyriciproducens	71.4981776854
RIBOSYN2-PWY: flavin biosynthesis I (bacteria and plants)|g__Coprococcus.s__Coprococcus_comes	57.7518431191
RIBOSYN2-PWY: flavin biosynthesis I (bacteria and plants)|g__Odoribacter.s__Odoribacter_splanchnicus	56.6797872160
RIBOSYN2-PWY: flavin biosynthesis I (bacteria and plants)|g__Bacteroides.s__Bacteroides_thetaiotaomicron	54.9886056660
RIBOSYN2-PWY: flavin biosynthesis I (bacteria and plants)|g__Dorea.s__Dorea_formicigenerans	36.1974225686
RIBOSYN2-PWY: flavin biosynthesis I (bacteria and plants)|g__Parabacteroides.s__Parabacteroides_gordonii	33.5663227436
RIBOSYN2-PWY: flavin biosynthesis I (bacteria and plants)|g__Bacteroides.s__Bacteroides_caccae	29.4892161656
RIBOSYN2-PWY: flavin biosynthesis I (bacteria and plants)|g__Lachnospiraceae_unclassified.s__Eubacterium_rectale	7.8145806196
PWY-6125: superpathway of guanosine nucleotides de novo biosynthesis II	7350.3553888086
PWY-6125: superpathway of guanosine nucleotides de novo biosynthesis II|g__Bacteroides.s__Bacteroides_dorei	412.9562880858
PWY-6125: superpathway of guanosine nucleotides de novo biosynthesis II|g__Bacteroides.s__Bacteroides_stercorirosoris	396.1177550588
PWY-6125: superpathway of guanosine nucleotides de novo biosynthesis II|g__Bacteroides.s__Bacteroides_vulgatus	352.6025327574
PWY-6125: superpathway of guanosine nucleotides de novo biosynthesis II|g__Parabacteroides.s__Parabacteroides_distasonis	159.3540983665
PWY-6125: superpathway of guanosine nucleotides de novo biosynthesis II|g__Bacteroides.s__Bacteroides_cellulosilyticus	119.4589819617
PWY-6125: superpathway of guanosine nucleotides de novo biosynthesis II|unclassified	79.8409813495
PWY-6125: superpathway of guanosine nucleotides de novo biosynthesis II|g__Bacteroides.s__Bacteroides_thetaiotaomicron	46.7666798825
PWY-6125: superpathway of guanosine nucleotides de novo biosynthesis II|g__Streptococcus.s__Streptococcus_thermophilus	44.6525635856
PWY-6125: superpathway of guanosine nucleotides de novo biosynthesis II|g__Bacteroides.s__Bacteroides_caccae	37.3958971864
PWY-6125: superpathway of guanosine nucleotides de novo biosynthesis II|g__Bacteroides.s__Bacteroides_ovatus	35.7327055669
PWY-6125: superpathway of guanosine nucleotides de novo biosynthesis II|g__Parabacteroides.s__Parabacteroides_gordonii	23.3702580067
PWY-6125: superpathway of guanosine nucleotides de novo biosynthesis II|g__Bilophila.s__Bilophila_wadsworthia	21.9752116695
PWY-6897: thiamine diphosphate salvage II	6885.3419819050
PWY-6897: thiamine diphosphate salvage II|g__Faecalibacterium.s__Faecalibacterium_prausnitzii	766.3173402778
PWY-6897: thiamine diphosphate salvage II|g__Blautia.s__Ruminococcus_torques	308.2647592453
PWY-6897: thiamine diphosphate salvage II|unclassified	279.3694286407
PWY-6897: thiamine diphosphate salvage II|g__Lachnospiraceae_unclassified.s__Eubacterium_rectale	209.7991161698
PWY-6897: thiamine diphosphate salvage II|g__Bacteroides.s__Bacteroides_uniformis	118.3525040266
PWY-6897: thiamine diphosphate salvage II|g__Eubacterium.s__Eubacterium_hallii	74.4011524218
PWY-6897: thiamine diphosphate salvage II|g__Agathobaculum.s__Agathobaculum_butyriciproducens	47.5490923743
PWY-6897: thiamine diphosphate salvage II|g__Bacteroides.s__Bacteroides_ovatus	38.9597756852
PWY-6897: thiamine diphosphate salvage II|g__Adlercreutzia.s__Adlercreutzia_equolifaciens	10.3053834167
PWY-6897: thiamine diphosphate salvage II|g__Asaccharobacter.s__Asaccharobacter_celatus	5.5201398092
PWY-7208: superpathway of pyrimidine nucleobases salvage	6859.6989059194
PWY-7208: superpathway of pyrimidine nucleobases salvage|g__Candidatus_Gastranaerophilales_unclassified.s__Candidatus_Gastranaerophilales_bacterium_HUM_10	238.0517375692
PWY-7208: superpathway of pyrimidine nucleobases salvage|g__Sutterella.s__Sutterella_wadsworthensis	180.4469375919
PWY-7208: superpathway of pyrimidine nucleobases salvage|g__Roseburia.s__Roseburia_intestinalis	157.2971161999
PWY-7208: superpathway of pyrimidine nucleobases salvage|unclassified	119.3066264758
PWY-7208: superpathway of pyrimidine nucleobases salvage|g__Blautia.s__Blautia_obeum	113.4690216157
PWY-7208: superpathway of pyrimidine nucleobases salvage|g__Streptococcus.s__Streptococcus_thermophilus	35.6370779322
PWY-7208: superpathway of pyrimidine nucleobases salvage|g__Senegalimassilia.s__Senegalimassilia_anaerobia	29.2153621580
PWY-7208: superpathway of pyrimidine nucleobases salvage|g__Parabacteroides.s__Parabacteroides_gordonii	23.3396454946
PWY-7208: superpathway of pyrimidine nucleobases salvage|g__Asaccharobacter.s__Asaccharobacter_celatus	17.2479920708
PWY-7208: superpathway of pyrimidine nucleobases salvage|g__Adlercreutzia.s__Adlercreutzia_equolifaciens	6.1780013595
THRESYN-PWY: superpathway of L-threonine biosynthesis	6690.3108438031
THRESYN-PWY: superpathway of L-threonine biosynthesis|g__Blautia.s__Ruminococcus_torques	712.5366367612
THRESYN-PWY: superpathway of L-threonine biosynthesis|unclassified	593.4854196984
THRESYN-PWY: superpathway of L-threonine biosynthesis|g__Faecalibacterium.s__Faecalibacterium_prausnitzii	447.6880432923
THRESYN-PWY: superpathway of L-threonine biosynthesis|g__Blautia.s__Blautia_obeum	316.2348066146
THRESYN-PWY: superpathway of L-threonine biosynthesis|g__Bacteroides.s__Bacteroides_dorei	295.2649172203
THRESYN-PWY: superpathway of L-threonine biosynthesis|g__Bacteroides.s__Bacteroides_vulgatus	246.2064030954
THRESYN-PWY: superpathway of L-threonine biosynthesis|g__Candidatus_Gastranaerophilales_unclassified.s__Candidatus_Gastranaerophilales_bacterium_HUM_10	242.0373117109
THRESYN-PWY: superpathway of L-threonine biosynthesis|g__Eubacterium.s__Eubacterium_hallii	93.9655074939
THRESYN-PWY: superpathway of L-threonine biosynthesis|g__Bacteroides.s__Bacteroides_clarus	77.1628016849
THRESYN-PWY: superpathway of L-threonine biosynthesis|g__Anaerostipes.s__Anaerostipes_hadrus	72.5552660195
THRESYN-PWY: superpathway of L-threonine biosynthesis|g__Bacteroides.s__Bacteroides_uniformis	54.2855780276
THRESYN-PWY: superpathway of L-threonine biosynthesis|g__Bacteroides.s__Bacteroides_intestinalis	37.6496805811
THRESYN-PWY: superpathway of L-threonine biosynthesis|g__Streptococcus.s__Streptococcus_thermophilus	37.5292265549
HSERMETANA-PWY: L-methionine biosynthesis III	6470.7771587527
HSERMETANA-PWY: L-methionine biosynthesis III|unclassified	697.6940133473
HSERMETANA-PWY: L-methionine biosynthesis III|g__Blautia.s__Ruminococcus_torques	574.6875507869
HSERMETANA-PWY: L-methionine biosynthesis III|g__Blautia.s__Blautia_wexlerae	530.8396365336
HSERMETANA-PWY: L-methionine biosynthesis III|g__Blautia.s__Blautia_obeum	237.2987786879
HSERMETANA-PWY: L-methionine biosynthesis III|g__Faecalibacterium.s__Faecalibacterium_prausnitzii	165.1484232356
HSERMETANA-PWY: L-methionine biosynthesis III|g__Parabacteroides.s__Parabacteroides_distasonis	135.2721784592
HSERMETANA-PWY: L-methionine biosynthesis III|g__Roseburia.s__Roseburia_intestinalis	135.2350504891
HSERMETANA-PWY: L-methionine biosynthesis III|g__Anaerostipes.s__Anaerostipes_hadrus	105.8226625793
HSERMETANA-PWY: L-methionine biosynthesis III|g__Dorea.s__Dorea_longicatena	94.0525959444
HSERMETANA-PWY: L-methionine biosynthesis III|g__Eubacterium.s__Eubacterium_eligens	92.9501876828
HSERMETANA-PWY: L-methionine biosynthesis III|g__Coprococcus.s__Coprococcus_comes	59.9056279817
HSERMETANA-PWY: L-methionine biosynthesis III|g__Ruminococcus.s__Ruminococcus_bicirculans	46.6478844296
HSERMETANA-PWY: L-methionine biosynthesis III|g__Streptococcus.s__Streptococcus_thermophilus	41.0921669079
HSERMETANA-PWY: L-methionine biosynthesis III|g__Parabacteroides.s__Parabacteroides_gordonii	36.5042536527
HSERMETANA-PWY: L-methionine biosynthesis III|g__Akkermansia.s__Akkermansia_muciniphila	32.9509936483
HSERMETANA-PWY: L-methionine biosynthesis III|g__Blautia.s__Blautia_sp	28.9247875180
HSERMETANA-PWY: L-methionine biosynthesis III|g__Coprobacter.s__Coprobacter_fastidiosus	26.3920602334
HSERMETANA-PWY: L-methionine biosynthesis III|g__Roseburia.s__Roseburia_faecis	10.2764152625
PWY-7237: myo-, chiro- and scyllo-inositol degradation	6423.5753420752
PWY-7237: myo-, chiro- and scyllo-inositol degradation|g__Blautia.s__Blautia_obeum	520.2821520069
PWY-7237: myo-, chiro- and scyllo-inositol degradation|unclassified	334.1246603623
PWY-7237: myo-, chiro- and scyllo-inositol degradation|g__Agathobaculum.s__Agathobaculum_butyriciproducens	245.4931621673
PWY-7237: myo-, chiro- and scyllo-inositol degradation|g__Anaerostipes.s__Anaerostipes_hadrus	168.1415271829
PWY-7237: myo-, chiro- and scyllo-inositol degradation|g__Blautia.s__Blautia_sp	39.3183257765
THISYN-PWY: superpathway of thiamine diphosphate biosynthesis I	6277.9073001993
THISYN-PWY: superpathway of thiamine diphosphate biosynthesis I|unclassified	288.8157663077
THISYN-PWY: superpathway of thiamine diphosphate biosynthesis I|g__Bacteroides.s__Bacteroides_uniformis	128.9702184719
THISYN-PWY: superpathway of thiamine diphosphate biosynthesis I|g__Bacteroides.s__Bacteroides_ovatus	41.4090185204
PWY4FS-7: phosphatidylglycerol biosynthesis I (plastidic)	6168.0297088190
PWY4FS-7: phosphatidylglycerol biosynthesis I (plastidic)|g__Fusicatenibacter.s__Fusicatenibacter_saccharivorans	602.1327427523
PWY4FS-7: phosphatidylglycerol biosynthesis I (plastidic)|g__Roseburia.s__Roseburia_intestinalis	107.1104361325
PWY4FS-7: phosphatidylglycerol biosynthesis I (plastidic)|g__Streptococcus.s__Streptococcus_thermophilus	24.3122913149
PWY4FS-7: phosphatidylglycerol biosynthesis I (plastidic)|unclassified	21.2722438614
PWY4FS-7: phosphatidylglycerol biosynthesis I (plastidic)|g__Streptococcus.s__Streptococcus_pneumoniae	2.5135669122
PWY4FS-8: phosphatidylglycerol biosynthesis II (non-plastidic)	6168.0297088190
PWY4FS-8: phosphatidylglycerol biosynthesis II (non-plastidic)|g__Fusicatenibacter.s__Fusicatenibacter_saccharivorans	602.1327427523
PWY4FS-8: phosphatidylglycerol biosynthesis II (non-plastidic)|g__Roseburia.s__Roseburia_intestinalis	107.1104361325
PWY4FS-8: phosphatidylglycerol biosynthesis II (non-plastidic)|g__Streptococcus.s__Streptococcus_thermophilus	24.3122913149
PWY4FS-8: phosphatidylglycerol biosynthesis II (non-plastidic)|unclassified	21.2722438614
PWY4FS-8: phosphatidylglycerol biosynthesis II (non-plastidic)|g__Streptococcus.s__Streptococcus_pneumoniae	2.5135669122
PWY-6823: molybdopterin biosynthesis	6143.5046194116
PWY-6823: molybdopterin biosynthesis|g__Faecalibacterium.s__Faecalibacterium_prausnitzii	1079.0657782476
PWY-6823: molybdopterin biosynthesis|g__Blautia.s__Blautia_obeum	905.1277028214
PWY-6823: molybdopterin biosynthesis|g__Blautia.s__Ruminococcus_torques	889.1609300197
PWY-6823: molybdopterin biosynthesis|g__Fusicatenibacter.s__Fusicatenibacter_saccharivorans	671.8626094088
PWY-6823: molybdopterin biosynthesis|unclassified	667.8678935115
PWY-6823: molybdopterin biosynthesis|g__Lachnospiraceae_unclassified.s__Eubacterium_rectale	219.7394077902
PWY-6823: molybdopterin biosynthesis|g__Roseburia.s__Roseburia_intestinalis	208.0363378777
PWY-6823: molybdopterin biosynthesis|g__Sutterella.s__Sutterella_wadsworthensis	191.9479301904
PWY-6823: molybdopterin biosynthesis|g__Roseburia.s__Roseburia_sp_CAG_100	92.2832415488
PWY-6823: molybdopterin biosynthesis|g__Eubacterium.s__Eubacterium_hallii	68.6041159207
PWY-6823: molybdopterin biosynthesis|g__Dorea.s__Dorea_formicigenerans	61.2572256887
PWY-6823: molybdopterin biosynthesis|g__Clostridium.s__Clostridium_sp_CAG_253	56.4984868748
PWY-6823: molybdopterin biosynthesis|g__Agathobaculum.s__Agathobaculum_butyriciproducens	56.3500048274
PWY-6823: molybdopterin biosynthesis|g__Coprococcus.s__Coprococcus_comes	44.3932803624
PWY-6823: molybdopterin biosynthesis|g__Anaerostipes.s__Anaerostipes_hadrus	43.7884940601
PWY-6823: molybdopterin biosynthesis|g__Bilophila.s__Bilophila_wadsworthia	42.2783175267
PWY-6823: molybdopterin biosynthesis|g__Blautia.s__Blautia_sp	39.9901282146
PWY-6823: molybdopterin biosynthesis|g__Eubacterium.s__Eubacterium_ramulus	30.8805194329
PWY-6823: molybdopterin biosynthesis|g__Senegalimassilia.s__Senegalimassilia_anaerobia	29.0825525118
PWY-6823: molybdopterin biosynthesis|g__Clostridium.s__Clostridium_sp_AM22_11AC	28.1776242011
PWY-6823: molybdopterin biosynthesis|g__Blautia.s__Blautia_sp_CAG_52	25.1276983945
PWY-6823: molybdopterin biosynthesis|g__Roseburia.s__Roseburia_inulinivorans	22.1991420400
PWY-6823: molybdopterin biosynthesis|g__Eubacterium.s__Eubacterium_sp_CAG_274	18.1037999527
PWY-6823: molybdopterin biosynthesis|g__Blautia.s__Blautia_wexlerae	16.4578901603
PWY-6823: molybdopterin biosynthesis|g__Roseburia.s__Roseburia_faecis	15.2597442404
PWY-6823: molybdopterin biosynthesis|g__Blautia.s__Blautia_producta	10.7119734716
PWY-6823: molybdopterin biosynthesis|g__Roseburia.s__Roseburia_sp_CAG_197	9.7767500961
P41-PWY: pyruvate fermentation to acetate and (S)-lactate I	6029.0555481550
P41-PWY: pyruvate fermentation to acetate and (S)-lactate I|g__Blautia.s__Ruminococcus_torques	1044.1849420560
P41-PWY: pyruvate fermentation to acetate and (S)-lactate I|g__Fusicatenibacter.s__Fusicatenibacter_saccharivorans	561.3810082784
P41-PWY: pyruvate fermentation to acetate and (S)-lactate I|unclassified	427.1824371431
P41-PWY: pyruvate fermentation to acetate and (S)-lactate I|g__Roseburia.s__Roseburia_intestinalis	176.2440433042
P41-PWY: pyruvate fermentation to acetate and (S)-lactate I|g__Blautia.s__Blautia_obeum	162.1532357152
P41-PWY: pyruvate fermentation to acetate and (S)-lactate I|g__Eubacterium.s__Eubacterium_hallii	141.6174243542
P41-PWY: pyruvate fermentation to acetate and (S)-lactate I|g__Blautia.s__Blautia_wexlerae	87.6985026101
P41-PWY: pyruvate fermentation to acetate and (S)-lactate I|g__Anaerostipes.s__Anaerostipes_hadrus	84.7171504612
P41-PWY: pyruvate fermentation to acetate and (S)-lactate I|g__Agathobaculum.s__Agathobaculum_butyriciproducens	59.9841121074
P41-PWY: pyruvate fermentation to acetate and (S)-lactate I|g__Lachnospiraceae_unclassified.s__Eubacterium_rectale	53.6911548468
P41-PWY: pyruvate fermentation to acetate and (S)-lactate I|g__Coprococcus.s__Coprococcus_comes	42.8692020211
P41-PWY: pyruvate fermentation to acetate and (S)-lactate I|g__Roseburia.s__Roseburia_inulinivorans	40.2656882409
P41-PWY: pyruvate fermentation to acetate and (S)-lactate I|g__Blautia.s__Blautia_sp	36.3591320795
P41-PWY: pyruvate fermentation to acetate and (S)-lactate I|g__Blautia.s__Blautia_sp_AF19_10LB	34.2162689805
P41-PWY: pyruvate fermentation to acetate and (S)-lactate I|g__Dorea.s__Dorea_formicigenerans	31.5623084909
P41-PWY: pyruvate fermentation to acetate and (S)-lactate I|g__Clostridium.s__Clostridium_sp_AM22_11AC	22.6207704475
P41-PWY: pyruvate fermentation to acetate and (S)-lactate I|g__Streptococcus.s__Streptococcus_thermophilus	15.7752050174
P41-PWY: pyruvate fermentation to acetate and (S)-lactate I|g__Eubacterium.s__Eubacterium_sp_AF17_7	10.2568604601
P41-PWY: pyruvate fermentation to acetate and (S)-lactate I|g__Eisenbergiella.s__Eisenbergiella_tayi	4.4043691683
PWY-5100: pyruvate fermentation to acetate and lactate II	6029.0555481550
PWY-5100: pyruvate fermentation to acetate and lactate II|g__Blautia.s__Ruminococcus_torques	1044.1849420560
PWY-5100: pyruvate fermentation to acetate and lactate II|g__Fusicatenibacter.s__Fusicatenibacter_saccharivorans	561.3810082784
PWY-5100: pyruvate fermentation to acetate and lactate II|unclassified	427.1824371431
PWY-5100: pyruvate fermentation to acetate and lactate II|g__Roseburia.s__Roseburia_intestinalis	224.9652815488
PWY-5100: pyruvate fermentation to acetate and lactate II|g__Eubacterium.s__Eubacterium_hallii	164.8826700361
PWY-5100: pyruvate fermentation to acetate and lactate II|g__Blautia.s__Blautia_obeum	162.1532357152
PWY-5100: pyruvate fermentation to acetate and lactate II|g__Anaerostipes.s__Anaerostipes_hadrus	122.8483779556
PWY-5100: pyruvate fermentation to acetate and lactate II|g__Blautia.s__Blautia_wexlerae	87.6985026101
PWY-5100: pyruvate fermentation to acetate and lactate II|g__Agathobaculum.s__Agathobaculum_butyriciproducens	59.9841121074
PWY-5100: pyruvate fermentation to acetate and lactate II|g__Lachnospiraceae_unclassified.s__Eubacterium_rectale	53.6911548468
PWY-5100: pyruvate fermentation to acetate and lactate II|g__Eubacterium.s__Eubacterium_ramulus	51.8971555781
PWY-5100: pyruvate fermentation to acetate and lactate II|g__Coprococcus.s__Coprococcus_comes	42.8692020211
PWY-5100: pyruvate fermentation to acetate and lactate II|g__Roseburia.s__Roseburia_inulinivorans	40.2656882409
PWY-5100: pyruvate fermentation to acetate and lactate II|g__Blautia.s__Blautia_sp	36.3591320795
PWY-5100: pyruvate fermentation to acetate and lactate II|g__Blautia.s__Blautia_sp_AF19_10LB	34.2162689805
PWY-5100: pyruvate fermentation to acetate and lactate II|g__Dorea.s__Dorea_formicigenerans	31.5623084909
PWY-5100: pyruvate fermentation to acetate and lactate II|g__Clostridium.s__Clostridium_sp_AM22_11AC	22.6207704475
PWY-5100: pyruvate fermentation to acetate and lactate II|g__Flavonifractor.s__Flavonifractor_plautii	15.9808843817
PWY-5100: pyruvate fermentation to acetate and lactate II|g__Streptococcus.s__Streptococcus_thermophilus	15.7752050174
PWY-5100: pyruvate fermentation to acetate and lactate II|g__Eubacterium.s__Eubacterium_sp_AF17_7	10.2568604601
PWY-5100: pyruvate fermentation to acetate and lactate II|g__Eisenbergiella.s__Eisenbergiella_tayi	4.4043691683
PWY-6892: thiazole component of thiamine diphosphate biosynthesis I	5876.5310609945
PWY-6892: thiazole component of thiamine diphosphate biosynthesis I|g__Blautia.s__Blautia_wexlerae	787.4631842772
PWY-6892: thiazole component of thiamine diphosphate biosynthesis I|unclassified	511.1490501758
PWY-6892: thiazole component of thiamine diphosphate biosynthesis I|g__Blautia.s__Blautia_obeum	250.8124771835
PWY-6892: thiazole component of thiamine diphosphate biosynthesis I|g__Blautia.s__Ruminococcus_torques	246.5268804067
PWY-6892: thiazole component of thiamine diphosphate biosynthesis I|g__Eubacterium.s__Eubacterium_eligens	140.3142809788
PWY-6892: thiazole component of thiamine diphosphate biosynthesis I|g__Roseburia.s__Roseburia_intestinalis	139.1016513811
PWY-6892: thiazole component of thiamine diphosphate biosynthesis I|g__Anaerostipes.s__Anaerostipes_hadrus	137.4354241462
PWY-6892: thiazole component of thiamine diphosphate biosynthesis I|g__Bacteroides.s__Bacteroides_uniformis	111.9641763647
PWY-6892: thiazole component of thiamine diphosphate biosynthesis I|g__Eubacterium.s__Eubacterium_hallii	87.6409461455
PWY-6892: thiazole component of thiamine diphosphate biosynthesis I|g__Coprococcus.s__Coprococcus_comes	80.6652540368
PWY-6892: thiazole component of thiamine diphosphate biosynthesis I|g__Agathobaculum.s__Agathobaculum_butyriciproducens	80.3797733324
PWY-6892: thiazole component of thiamine diphosphate biosynthesis I|g__Bacteroides.s__Bacteroides_thetaiotaomicron	62.1856449242
PWY-6892: thiazole component of thiamine diphosphate biosynthesis I|g__Blautia.s__Blautia_sp	38.3227052793
PWY-6892: thiazole component of thiamine diphosphate biosynthesis I|g__Bacteroides.s__Bacteroides_caccae	38.3125329796
PWY-6892: thiazole component of thiamine diphosphate biosynthesis I|g__Bacteroides.s__Bacteroides_ovatus	33.7794998584
PWY-6892: thiazole component of thiamine diphosphate biosynthesis I|g__Blautia.s__Blautia_sp_AF19_10LB	29.1783165955
PWY-6892: thiazole component of thiamine diphosphate biosynthesis I|g__Blautia.s__Blautia_sp_CAG_52	26.4086250898
PWY-6892: thiazole component of thiamine diphosphate biosynthesis I|g__Dorea.s__Dorea_formicigenerans	14.8632484557
PWY-7220: adenosine deoxyribonucleotides de novo biosynthesis II	5699.8110655812
PWY-7220: adenosine deoxyribonucleotides de novo biosynthesis II|g__Proteobacteria_unclassified.s__Proteobacteria_bacterium_CAG_495	2651.0426465123
PWY-7220: adenosine deoxyribonucleotides de novo biosynthesis II|g__Bacteroides.s__Bacteroides_vulgatus	495.7474511989
PWY-7220: adenosine deoxyribonucleotides de novo biosynthesis II|g__Bacteroides.s__Bacteroides_dorei	443.4902036030
PWY-7220: adenosine deoxyribonucleotides de novo biosynthesis II|g__Bacteroides.s__Bacteroides_stercorirosoris	340.9725783501
PWY-7220: adenosine deoxyribonucleotides de novo biosynthesis II|g__Sutterella.s__Sutterella_wadsworthensis	153.9804170951
PWY-7220: adenosine deoxyribonucleotides de novo biosynthesis II|g__Azospirillum.s__Azospirillum_sp_CAG_260	145.5061290421
PWY-7220: adenosine deoxyribonucleotides de novo biosynthesis II|g__Parabacteroides.s__Parabacteroides_distasonis	136.1263851903
PWY-7220: adenosine deoxyribonucleotides de novo biosynthesis II|g__Bacteroides.s__Bacteroides_cellulosilyticus	100.6288816036
PWY-7220: adenosine deoxyribonucleotides de novo biosynthesis II|g__Bacteroides.s__Bacteroides_intestinalis	50.1298104437
PWY-7220: adenosine deoxyribonucleotides de novo biosynthesis II|unclassified	49.3867167986
PWY-7220: adenosine deoxyribonucleotides de novo biosynthesis II|g__Streptococcus.s__Streptococcus_thermophilus	38.3332061287
PWY-7220: adenosine deoxyribonucleotides de novo biosynthesis II|g__Bacteroides.s__Bacteroides_thetaiotaomicron	36.7999129276
PWY-7220: adenosine deoxyribonucleotides de novo biosynthesis II|g__Bacteroides.s__Bacteroides_caccae	31.8222398854
PWY-7220: adenosine deoxyribonucleotides de novo biosynthesis II|g__Bacteroides.s__Bacteroides_ovatus	28.3666614412
PWY-7220: adenosine deoxyribonucleotides de novo biosynthesis II|g__Bilophila.s__Bilophila_wadsworthia	20.6348903994
PWY-7220: adenosine deoxyribonucleotides de novo biosynthesis II|g__Parabacteroides.s__Parabacteroides_gordonii	19.5095493296
PWY-7222: guanosine deoxyribonucleotides de novo biosynthesis II	5699.8110655812
PWY-7222: guanosine deoxyribonucleotides de novo biosynthesis II|g__Proteobacteria_unclassified.s__Proteobacteria_bacterium_CAG_495	2651.0426465123
PWY-7222: guanosine deoxyribonucleotides de novo biosynthesis II|g__Bacteroides.s__Bacteroides_vulgatus	495.7474511989
PWY-7222: guanosine deoxyribonucleotides de novo biosynthesis II|g__Bacteroides.s__Bacteroides_dorei	443.4902036030
PWY-7222: guanosine deoxyribonucleotides de novo biosynthesis II|g__Bacteroides.s__Bacteroides_stercorirosoris	340.9725783501
PWY-7222: guanosine deoxyribonucleotides de novo biosynthesis II|g__Sutterella.s__Sutterella_wadsworthensis	153.9804170951
PWY-7222: guanosine deoxyribonucleotides de novo biosynthesis II|g__Azospirillum.s__Azospirillum_sp_CAG_260	145.5061290421
PWY-7222: guanosine deoxyribonucleotides de novo biosynthesis II|g__Parabacteroides.s__Parabacteroides_distasonis	136.1263851903
PWY-7222: guanosine deoxyribonucleotides de novo biosynthesis II|g__Bacteroides.s__Bacteroides_cellulosilyticus	100.6288816036
PWY-7222: guanosine deoxyribonucleotides de novo biosynthesis II|g__Bacteroides.s__Bacteroides_intestinalis	50.1298104437
PWY-7222: guanosine deoxyribonucleotides de novo biosynthesis II|unclassified	49.3867167986
PWY-7222: guanosine deoxyribonucleotides de novo biosynthesis II|g__Streptococcus.s__Streptococcus_thermophilus	38.3332061287
PWY-7222: guanosine deoxyribonucleotides de novo biosynthesis II|g__Bacteroides.s__Bacteroides_thetaiotaomicron	36.7999129276
PWY-7222: guanosine deoxyribonucleotides de novo biosynthesis II|g__Bacteroides.s__Bacteroides_caccae	31.8222398854
PWY-7222: guanosine deoxyribonucleotides de novo biosynthesis II|g__Bacteroides.s__Bacteroides_ovatus	28.3666614412
PWY-7222: guanosine deoxyribonucleotides de novo biosynthesis II|g__Bilophila.s__Bilophila_wadsworthia	20.6348903994
PWY-7222: guanosine deoxyribonucleotides de novo biosynthesis II|g__Parabacteroides.s__Parabacteroides_gordonii	19.5095493296
UDPNAGSYN-PWY: UDP-N-acetyl-D-glucosamine biosynthesis I	5691.9430234146
UDPNAGSYN-PWY: UDP-N-acetyl-D-glucosamine biosynthesis I|g__Ruminococcus.s__Ruminococcus_sp_CAG_353	672.2261442472
UDPNAGSYN-PWY: UDP-N-acetyl-D-glucosamine biosynthesis I|unclassified	606.9361618928
UDPNAGSYN-PWY: UDP-N-acetyl-D-glucosamine biosynthesis I|g__Anaerotruncus.s__Anaerotruncus_sp_CAG_528	594.3653659086
UDPNAGSYN-PWY: UDP-N-acetyl-D-glucosamine biosynthesis I|g__Ruminococcus.s__Ruminococcus_sp_CAG_254	452.6457585630
UDPNAGSYN-PWY: UDP-N-acetyl-D-glucosamine biosynthesis I|g__Sutterella.s__Sutterella_wadsworthensis	258.6339979407
UDPNAGSYN-PWY: UDP-N-acetyl-D-glucosamine biosynthesis I|g__Candidatus_Gastranaerophilales_unclassified.s__Candidatus_Gastranaerophilales_bacterium_HUM_10	256.7933998966
UDPNAGSYN-PWY: UDP-N-acetyl-D-glucosamine biosynthesis I|g__Firmicutes_unclassified.s__Firmicutes_bacterium_CAG_41	56.5356589561
UDPNAGSYN-PWY: UDP-N-acetyl-D-glucosamine biosynthesis I|g__Ruminococcus.s__Ruminococcus_bicirculans	40.4005036014
UDPNAGSYN-PWY: UDP-N-acetyl-D-glucosamine biosynthesis I|g__Agathobaculum.s__Agathobaculum_butyriciproducens	39.4074570353
UDPNAGSYN-PWY: UDP-N-acetyl-D-glucosamine biosynthesis I|g__Eubacterium.s__Eubacterium_sp_CAG_274	39.1298079131
UDPNAGSYN-PWY: UDP-N-acetyl-D-glucosamine biosynthesis I|g__Streptococcus.s__Streptococcus_thermophilus	35.0279242679
UDPNAGSYN-PWY: UDP-N-acetyl-D-glucosamine biosynthesis I|g__Bilophila.s__Bilophila_wadsworthia	34.8490434987
UDPNAGSYN-PWY: UDP-N-acetyl-D-glucosamine biosynthesis I|g__Senegalimassilia.s__Senegalimassilia_anaerobia	26.9077743414
UDPNAGSYN-PWY: UDP-N-acetyl-D-glucosamine biosynthesis I|g__Firmicutes_unclassified.s__Firmicutes_bacterium_CAG_102	25.8832214932
UDPNAGSYN-PWY: UDP-N-acetyl-D-glucosamine biosynthesis I|g__Firmicutes_unclassified.s__Firmicutes_bacterium_CAG_124	18.1453589803
UDPNAGSYN-PWY: UDP-N-acetyl-D-glucosamine biosynthesis I|g__Monoglobus.s__Monoglobus_pectinilyticus	16.3670179064
UDPNAGSYN-PWY: UDP-N-acetyl-D-glucosamine biosynthesis I|g__Eubacterium.s__Eubacterium_sp_CAG_115	12.1926370225
COBALSYN-PWY: superpathway of adenosylcobalamin salvage from cobinamide I	5664.1803212832
COBALSYN-PWY: superpathway of adenosylcobalamin salvage from cobinamide I|g__Blautia.s__Ruminococcus_torques	818.2652963386
COBALSYN-PWY: superpathway of adenosylcobalamin salvage from cobinamide I|unclassified	589.8959421784
COBALSYN-PWY: superpathway of adenosylcobalamin salvage from cobinamide I|g__Blautia.s__Blautia_obeum	397.2858410849
COBALSYN-PWY: superpathway of adenosylcobalamin salvage from cobinamide I|g__Faecalibacterium.s__Faecalibacterium_prausnitzii	367.0833431685
COBALSYN-PWY: superpathway of adenosylcobalamin salvage from cobinamide I|g__Blautia.s__Blautia_wexlerae	267.3230607981
COBALSYN-PWY: superpathway of adenosylcobalamin salvage from cobinamide I|g__Eubacterium.s__Eubacterium_hallii	96.9248159863
COBALSYN-PWY: superpathway of adenosylcobalamin salvage from cobinamide I|g__Bacteroides.s__Bacteroides_uniformis	91.9036262901
COBALSYN-PWY: superpathway of adenosylcobalamin salvage from cobinamide I|g__Dorea.s__Dorea_longicatena	80.9510975819
COBALSYN-PWY: superpathway of adenosylcobalamin salvage from cobinamide I|g__Blautia.s__Blautia_sp	15.3160468119
PWY-6703: preQ0 biosynthesis	5619.2318740203
PWY-6703: preQ0 biosynthesis|g__Ruminococcus.s__Ruminococcus_sp_CAG_353	577.5985908238
PWY-6703: preQ0 biosynthesis|g__Bacteroides.s__Bacteroides_stercorirosoris	487.0352917647
PWY-6703: preQ0 biosynthesis|g__Ruminococcus.s__Ruminococcus_sp_CAG_254	392.7335156467
PWY-6703: preQ0 biosynthesis|g__Bacteroides.s__Bacteroides_dorei	351.1602116767
PWY-6703: preQ0 biosynthesis|g__Barnesiella.s__Barnesiella_intestinihominis	308.8788998278
PWY-6703: preQ0 biosynthesis|unclassified	261.2894854654
PWY-6703: preQ0 biosynthesis|g__Bacteroides.s__Bacteroides_vulgatus	246.2697625853
PWY-6703: preQ0 biosynthesis|g__Candidatus_Gastranaerophilales_unclassified.s__Candidatus_Gastranaerophilales_bacterium_HUM_10	246.2378012624
PWY-6703: preQ0 biosynthesis|g__Blautia.s__Ruminococcus_torques	230.4571684525
PWY-6703: preQ0 biosynthesis|g__Eubacterium.s__Eubacterium_eligens	228.5136334901
PWY-6703: preQ0 biosynthesis|g__Blautia.s__Blautia_obeum	143.8943897005
PWY-6703: preQ0 biosynthesis|g__Bacteroides.s__Bacteroides_uniformis	128.2073340350
PWY-6703: preQ0 biosynthesis|g__Parabacteroides.s__Parabacteroides_distasonis	123.8031503080
PWY-6703: preQ0 biosynthesis|g__Firmicutes_unclassified.s__Firmicutes_bacterium_CAG_41	85.1699943230
PWY-6703: preQ0 biosynthesis|g__Eubacterium.s__Eubacterium_hallii	80.0234340505
PWY-6703: preQ0 biosynthesis|g__Odoribacter.s__Odoribacter_splanchnicus	76.1104917652
PWY-6703: preQ0 biosynthesis|g__Parabacteroides.s__Parabacteroides_merdae	74.4533143354
PWY-6703: preQ0 biosynthesis|g__Bacteroides.s__Bacteroides_cellulosilyticus	71.2459365913
PWY-6703: preQ0 biosynthesis|g__Anaerostipes.s__Anaerostipes_hadrus	69.1352162043
PWY-6703: preQ0 biosynthesis|g__Eubacterium.s__Eubacterium_sp_CAG_252	66.7906868983
PWY-6703: preQ0 biosynthesis|g__Clostridium.s__Clostridium_sp_CAG_253	64.6705233648
PWY-6703: preQ0 biosynthesis|g__Bacteroides.s__Bacteroides_thetaiotaomicron	61.4482655880
PWY-6703: preQ0 biosynthesis|g__Bacteroides.s__Bacteroides_clarus	60.2649340147
PWY-6703: preQ0 biosynthesis|g__Senegalimassilia.s__Senegalimassilia_anaerobia	43.7944705170
PWY-6703: preQ0 biosynthesis|g__Akkermansia.s__Akkermansia_muciniphila	43.1796912779
PWY-6703: preQ0 biosynthesis|g__Bacteroides.s__Bacteroides_ovatus	38.6618751362
PWY-6703: preQ0 biosynthesis|g__Bilophila.s__Bilophila_wadsworthia	37.8546383632
PWY-6703: preQ0 biosynthesis|g__Eubacterium.s__Eubacterium_sp_CAG_274	34.6132353968
PWY-6703: preQ0 biosynthesis|g__Streptococcus.s__Streptococcus_thermophilus	32.5976067631
PWY-6703: preQ0 biosynthesis|g__Eubacterium.s__Eubacterium_ramulus	31.7511483350
PWY-6703: preQ0 biosynthesis|g__Bacteroides.s__Bacteroides_caccae	27.6986372537
PWY-6703: preQ0 biosynthesis|g__Parabacteroides.s__Parabacteroides_gordonii	27.4168185819
PWY-6703: preQ0 biosynthesis|g__Blautia.s__Blautia_sp_CAG_52	26.5599739236
PWY-6703: preQ0 biosynthesis|g__Eubacterium.s__Eubacterium_sp_CAG_38	22.6009030397
PWY-6703: preQ0 biosynthesis|g__Blautia.s__Blautia_sp	19.4013862624
PWY-6703: preQ0 biosynthesis|g__Candidatus_Gastranaerophilales_unclassified.s__Candidatus_Gastranaerophilales_bacterium_HUM_21	16.6795501400
PWY-6703: preQ0 biosynthesis|g__Monoglobus.s__Monoglobus_pectinilyticus	13.8153812298
PWY-6703: preQ0 biosynthesis|g__Butyricimonas.s__Butyricimonas_synergistica	12.7655823746
PWY-6703: preQ0 biosynthesis|g__Eggerthella.s__Eggerthella_sp_CAG_209	10.5051597454
PWY-6703: preQ0 biosynthesis|g__Roseburia.s__Roseburia_sp_CAG_197	7.5871437151
PWY-6703: preQ0 biosynthesis|g__Bacteroides.s__Bacteroides_xylanisolvens	6.4337491162
PWY-6703: preQ0 biosynthesis|g__Streptococcus.s__Streptococcus_salivarius	4.1929603918
PWY0-162: superpathway of pyrimidine ribonucleotides de novo biosynthesis	5338.3345203159
PWY0-162: superpathway of pyrimidine ribonucleotides de novo biosynthesis|g__Bacteroides.s__Bacteroides_stercorirosoris	402.1083084670
PWY0-162: superpathway of pyrimidine ribonucleotides de novo biosynthesis|unclassified	184.5803945906
PWY0-162: superpathway of pyrimidine ribonucleotides de novo biosynthesis|g__Bacteroides.s__Bacteroides_thetaiotaomicron	45.7615208744
PWY0-162: superpathway of pyrimidine ribonucleotides de novo biosynthesis|g__Bacteroides.s__Bacteroides_ovatus	24.3832798897
PWY-7197: pyrimidine deoxyribonucleotide phosphorylation	4995.6624562466
PWY-7197: pyrimidine deoxyribonucleotide phosphorylation|g__Proteobacteria_unclassified.s__Proteobacteria_bacterium_CAG_495	2122.7619760633
PWY-7197: pyrimidine deoxyribonucleotide phosphorylation|g__Candidatus_Gastranaerophilales_unclassified.s__Candidatus_Gastranaerophilales_bacterium_HUM_10	246.1220866155
PWY-7197: pyrimidine deoxyribonucleotide phosphorylation|g__Sutterella.s__Sutterella_wadsworthensis	146.9293984409
PWY-7197: pyrimidine deoxyribonucleotide phosphorylation|g__Azospirillum.s__Azospirillum_sp_CAG_260	116.3210306139
PWY-7197: pyrimidine deoxyribonucleotide phosphorylation|unclassified	53.3249124822
PWY-7197: pyrimidine deoxyribonucleotide phosphorylation|g__Streptococcus.s__Streptococcus_thermophilus	31.9619858307
PWY-7197: pyrimidine deoxyribonucleotide phosphorylation|g__Senegalimassilia.s__Senegalimassilia_anaerobia	29.3433193888
PWY-7197: pyrimidine deoxyribonucleotide phosphorylation|g__Bilophila.s__Bilophila_wadsworthia	22.3552050959
PWY-7197: pyrimidine deoxyribonucleotide phosphorylation|g__Asaccharobacter.s__Asaccharobacter_celatus	8.4849395016
PWY-7197: pyrimidine deoxyribonucleotide phosphorylation|g__Adlercreutzia.s__Adlercreutzia_equolifaciens	4.5061287416
PWY-7761: NAD salvage pathway II (PNC IV cycle)	4872.6183389571
PWY-7761: NAD salvage pathway II (PNC IV cycle)|unclassified	648.9188725195
ASPASN-PWY: superpathway of L-aspartate and L-asparagine biosynthesis	4797.6972590483
ASPASN-PWY: superpathway of L-aspartate and L-asparagine biosynthesis|g__Blautia.s__Ruminococcus_torques	517.8379453925
ASPASN-PWY: superpathway of L-aspartate and L-asparagine biosynthesis|g__Blautia.s__Blautia_wexlerae	459.4220159919
ASPASN-PWY: superpathway of L-aspartate and L-asparagine biosynthesis|g__Bacteroides.s__Bacteroides_vulgatus	335.8410298999
ASPASN-PWY: superpathway of L-aspartate and L-asparagine biosynthesis|g__Bacteroides.s__Bacteroides_stercorirosoris	307.4209987525
ASPASN-PWY: superpathway of L-aspartate and L-asparagine biosynthesis|g__Bacteroides.s__Bacteroides_dorei	286.5421547151
ASPASN-PWY: superpathway of L-aspartate and L-asparagine biosynthesis|unclassified	198.0518111148
ASPASN-PWY: superpathway of L-aspartate and L-asparagine biosynthesis|g__Blautia.s__Blautia_obeum	158.2686122907
ASPASN-PWY: superpathway of L-aspartate and L-asparagine biosynthesis|g__Parabacteroides.s__Parabacteroides_distasonis	115.4641699711
ASPASN-PWY: superpathway of L-aspartate and L-asparagine biosynthesis|g__Bacteroides.s__Bacteroides_cellulosilyticus	88.3427959574
ASPASN-PWY: superpathway of L-aspartate and L-asparagine biosynthesis|g__Bacteroides.s__Bacteroides_clarus	76.4848768282
ASPASN-PWY: superpathway of L-aspartate and L-asparagine biosynthesis|g__Odoribacter.s__Odoribacter_splanchnicus	66.2013312955
ASPASN-PWY: superpathway of L-aspartate and L-asparagine biosynthesis|g__Coprococcus.s__Coprococcus_comes	43.7248205684
ASPASN-PWY: superpathway of L-aspartate and L-asparagine biosynthesis|g__Bacteroides.s__Bacteroides_uniformis	43.0820544255
ASPASN-PWY: superpathway of L-aspartate and L-asparagine biosynthesis|g__Streptococcus.s__Streptococcus_thermophilus	32.6502829254
ASPASN-PWY: superpathway of L-aspartate and L-asparagine biosynthesis|g__Butyricimonas.s__Butyricimonas_synergistica	27.1245719546
ASPASN-PWY: superpathway of L-aspartate and L-asparagine biosynthesis|g__Alistipes.s__Alistipes_timonensis	24.5871304062
ASPASN-PWY: superpathway of L-aspartate and L-asparagine biosynthesis|g__Flavonifractor.s__Flavonifractor_plautii	8.1675763814
PWY-6731: starch degradation III	4662.9940153546
PWY-6731: starch degradation III|g__Fusicatenibacter.s__Fusicatenibacter_saccharivorans	1014.3150832750
PWY-6731: starch degradation III|g__Blautia.s__Blautia_obeum	635.6283913790
PWY-6731: starch degradation III|g__Blautia.s__Ruminococcus_torques	437.1829903638
PWY-6731: starch degradation III|g__Blautia.s__Blautia_wexlerae	229.1113580298
PWY-6731: starch degradation III|g__Eubacterium.s__Eubacterium_hallii	139.2235352640
PWY-6731: starch degradation III|unclassified	118.9049233582
PWY-6731: starch degradation III|g__Coprococcus.s__Coprococcus_comes	67.1953417398
PWY-6731: starch degradation III|g__Agathobaculum.s__Agathobaculum_butyriciproducens	53.3832687302
PWY-6731: starch degradation III|g__Eubacterium.s__Eubacterium_ramulus	45.5291639255
PWY-6731: starch degradation III|g__Roseburia.s__Roseburia_inulinivorans	27.7653161621
PWY-6731: starch degradation III|g__Blautia.s__Blautia_sp	26.6724236582
PWY-6731: starch degradation III|g__Roseburia.s__Roseburia_sp_CAG_197	7.7368209357
PWY-6731: starch degradation III|g__Eisenbergiella.s__Eisenbergiella_tayi	5.2177737451
PWY-6901: superpathway of glucose and xylose degradation	4658.0657983458
PWY-6901: superpathway of glucose and xylose degradation|unclassified	111.3933590500
PWY-5154: L-arginine biosynthesis III (via N-acetyl-L-citrulline)	4655.0514899688
PWY-5154: L-arginine biosynthesis III (via N-acetyl-L-citrulline)|g__Alistipes.s__Alistipes_finegoldii	626.5085365323
PWY-5154: L-arginine biosynthesis III (via N-acetyl-L-citrulline)|g__Blautia.s__Ruminococcus_torques	468.0196613414
PWY-5154: L-arginine biosynthesis III (via N-acetyl-L-citrulline)|unclassified	98.1927973614
PWY-5154: L-arginine biosynthesis III (via N-acetyl-L-citrulline)|g__Eubacterium.s__Eubacterium_hallii	72.4243759764
RHAMCAT-PWY: L-rhamnose degradation I	4299.8649727047
RHAMCAT-PWY: L-rhamnose degradation I|g__Bacteroides.s__Bacteroides_stercorirosoris	437.1317275925
RHAMCAT-PWY: L-rhamnose degradation I|g__Blautia.s__Ruminococcus_torques	341.5867183047
RHAMCAT-PWY: L-rhamnose degradation I|g__Bacteroides.s__Bacteroides_dorei	305.0274545952
RHAMCAT-PWY: L-rhamnose degradation I|g__Bacteroides.s__Bacteroides_vulgatus	282.9516436035
RHAMCAT-PWY: L-rhamnose degradation I|unclassified	271.2384884783
RHAMCAT-PWY: L-rhamnose degradation I|g__Roseburia.s__Roseburia_intestinalis	132.8517837118
RHAMCAT-PWY: L-rhamnose degradation I|g__Eubacterium.s__Eubacterium_eligens	114.0549457270
RHAMCAT-PWY: L-rhamnose degradation I|g__Bacteroides.s__Bacteroides_uniformis	97.8440019912
RHAMCAT-PWY: L-rhamnose degradation I|g__Bacteroides.s__Bacteroides_cellulosilyticus	68.5927480950
RHAMCAT-PWY: L-rhamnose degradation I|g__Roseburia.s__Roseburia_sp_CAG_100	67.4411254134
RHAMCAT-PWY: L-rhamnose degradation I|g__Eubacterium.s__Eubacterium_sp_CAG_252	66.7342756017
RHAMCAT-PWY: L-rhamnose degradation I|g__Bacteroides.s__Bacteroides_thetaiotaomicron	60.5970211074
RHAMCAT-PWY: L-rhamnose degradation I|g__Bacteroides.s__Bacteroides_ovatus	44.7102602659
RHAMCAT-PWY: L-rhamnose degradation I|g__Bacteroides.s__Bacteroides_caccae	37.5136348821
RHAMCAT-PWY: L-rhamnose degradation I|g__Senegalimassilia.s__Senegalimassilia_anaerobia	32.2967672066
RHAMCAT-PWY: L-rhamnose degradation I|g__Adlercreutzia.s__Adlercreutzia_equolifaciens	16.2507973992
RHAMCAT-PWY: L-rhamnose degradation I|g__Eisenbergiella.s__Eisenbergiella_massiliensis	11.7548415827
RHAMCAT-PWY: L-rhamnose degradation I|g__Roseburia.s__Roseburia_faecis	7.8502917390
RHAMCAT-PWY: L-rhamnose degradation I|g__Bacteroides.s__Bacteroides_xylanisolvens	1.9410409895
PWY-5971: palmitate biosynthesis (type II fatty acid synthase)	4277.3593697928
FASYN-ELONG-PWY: fatty acid elongation -- saturated	4197.8402164713
FASYN-ELONG-PWY: fatty acid elongation -- saturated|g__Bacteroides.s__Bacteroides_stercorirosoris	505.7545308227
FASYN-ELONG-PWY: fatty acid elongation -- saturated|g__Alistipes.s__Alistipes_finegoldii	488.6706367738
FASYN-ELONG-PWY: fatty acid elongation -- saturated|g__Bacteroides.s__Bacteroides_vulgatus	324.9084831900
FASYN-ELONG-PWY: fatty acid elongation -- saturated|g__Bacteroides.s__Bacteroides_cellulosilyticus	143.0097501150
FASYN-ELONG-PWY: fatty acid elongation -- saturated|g__Alistipes.s__Alistipes_onderdonkii	65.0605629740
PWY-6628: superpathway of L-phenylalanine biosynthesis	4033.0772262049
PWY-6628: superpathway of L-phenylalanine biosynthesis|unclassified	501.8492750223
PWY-6628: superpathway of L-phenylalanine biosynthesis|g__Streptococcus.s__Streptococcus_thermophilus	29.1349519554
THISYNARA-PWY: superpathway of thiamine diphosphate biosynthesis III (eukaryotes)	3991.7862435492
THISYNARA-PWY: superpathway of thiamine diphosphate biosynthesis III (eukaryotes)|g__Faecalibacterium.s__Faecalibacterium_prausnitzii	712.9915424643
THISYNARA-PWY: superpathway of thiamine diphosphate biosynthesis III (eukaryotes)|g__Blautia.s__Ruminococcus_torques	331.6705467864
THISYNARA-PWY: superpathway of thiamine diphosphate biosynthesis III (eukaryotes)|unclassified	170.7962601901
THISYNARA-PWY: superpathway of thiamine diphosphate biosynthesis III (eukaryotes)|g__Roseburia.s__Roseburia_intestinalis	124.2359343322
THISYNARA-PWY: superpathway of thiamine diphosphate biosynthesis III (eukaryotes)|g__Bacteroides.s__Bacteroides_uniformis	117.4658989614
THISYNARA-PWY: superpathway of thiamine diphosphate biosynthesis III (eukaryotes)|g__Eubacterium.s__Eubacterium_hallii	89.5910629751
THISYNARA-PWY: superpathway of thiamine diphosphate biosynthesis III (eukaryotes)|g__Bacteroides.s__Bacteroides_ovatus	40.5194357675
THISYNARA-PWY: superpathway of thiamine diphosphate biosynthesis III (eukaryotes)|g__Lachnospiraceae_unclassified.s__Eubacterium_rectale	31.0620325365
THISYNARA-PWY: superpathway of thiamine diphosphate biosynthesis III (eukaryotes)|g__Blautia.s__Blautia_sp_AF19_10LB	16.8846745570
THISYNARA-PWY: superpathway of thiamine diphosphate biosynthesis III (eukaryotes)|g__Roseburia.s__Roseburia_faecis	9.3366573620
PWY-7664: oleate biosynthesis IV (anaerobic)	3898.0759578302
PWY-7664: oleate biosynthesis IV (anaerobic)|g__Bacteroides.s__Bacteroides_stercorirosoris	485.9232490478
PWY-7664: oleate biosynthesis IV (anaerobic)|g__Alistipes.s__Alistipes_finegoldii	477.4608226009
PWY-7664: oleate biosynthesis IV (anaerobic)|g__Bacteroides.s__Bacteroides_vulgatus	310.8548695434
PWY-7664: oleate biosynthesis IV (anaerobic)|g__Bacteroides.s__Bacteroides_cellulosilyticus	137.7503129973
PWY-7664: oleate biosynthesis IV (anaerobic)|g__Alistipes.s__Alistipes_onderdonkii	52.7433444091
PENTOSE-P-PWY: pentose phosphate pathway	3831.4905582088
PENTOSE-P-PWY: pentose phosphate pathway|g__Parabacteroides.s__Parabacteroides_distasonis	140.4735744854
PENTOSE-P-PWY: pentose phosphate pathway|unclassified	58.4494950175
PENTOSE-P-PWY: pentose phosphate pathway|g__Eisenbergiella.s__Eisenbergiella_massiliensis	25.4873231787
PWY-6608: guanosine nucleotides degradation III	3722.1365874931
PWY-6608: guanosine nucleotides degradation III|g__Blautia.s__Ruminococcus_torques	843.3561663899
PWY-6608: guanosine nucleotides degradation III|g__Faecalibacterium.s__Faecalibacterium_prausnitzii	332.2458380064
PWY-6608: guanosine nucleotides degradation III|g__Blautia.s__Blautia_wexlerae	328.8144819624
PWY-6608: guanosine nucleotides degradation III|unclassified	327.1044865884
PWY-6608: guanosine nucleotides degradation III|g__Blautia.s__Blautia_obeum	301.3427654662
PWY-6608: guanosine nucleotides degradation III|g__Roseburia.s__Roseburia_intestinalis	133.7239889510
PWY-6608: guanosine nucleotides degradation III|g__Anaerostipes.s__Anaerostipes_hadrus	89.1559153813
PWY-6608: guanosine nucleotides degradation III|g__Bacteroides.s__Bacteroides_ovatus	35.8411718988
PWY-6608: guanosine nucleotides degradation III|g__Bacteroides.s__Bacteroides_caccae	31.2473410383
PWY-6608: guanosine nucleotides degradation III|g__Lachnoclostridium.s__Clostridium_symbiosum	7.4610772406
CITRULBIO-PWY: L-citrulline biosynthesis	3634.1420174591
CITRULBIO-PWY: L-citrulline biosynthesis|g__Alistipes.s__Alistipes_finegoldii	542.5570269793
CITRULBIO-PWY: L-citrulline biosynthesis|g__Alistipes.s__Alistipes_onderdonkii	64.4408417302
GLCMANNANAUT-PWY: superpathway of N-acetylglucosamine, N-acetylmannosamine and N-acetylneuraminate degradation	3629.0833363991
GLCMANNANAUT-PWY: superpathway of N-acetylglucosamine, N-acetylmannosamine and N-acetylneuraminate degradation|g__Faecalibacterium.s__Faecalibacterium_prausnitzii	557.2072412786
GLCMANNANAUT-PWY: superpathway of N-acetylglucosamine, N-acetylmannosamine and N-acetylneuraminate degradation|g__Blautia.s__Blautia_obeum	399.0243248127
GLCMANNANAUT-PWY: superpathway of N-acetylglucosamine, N-acetylmannosamine and N-acetylneuraminate degradation|unclassified	367.1162852742
GLCMANNANAUT-PWY: superpathway of N-acetylglucosamine, N-acetylmannosamine and N-acetylneuraminate degradation|g__Blautia.s__Blautia_wexlerae	68.5212664339
GLCMANNANAUT-PWY: superpathway of N-acetylglucosamine, N-acetylmannosamine and N-acetylneuraminate degradation|g__Roseburia.s__Roseburia_inulinivorans	40.1381183182
PWY-5121: superpathway of geranylgeranyl diphosphate biosynthesis II (via MEP)	3621.8087869260
PWY-5121: superpathway of geranylgeranyl diphosphate biosynthesis II (via MEP)|g__Bacteroides.s__Bacteroides_vulgatus	335.6468412524
PWY-5121: superpathway of geranylgeranyl diphosphate biosynthesis II (via MEP)|unclassified	312.2373863296
PWY-5121: superpathway of geranylgeranyl diphosphate biosynthesis II (via MEP)|g__Bacteroides.s__Bacteroides_dorei	81.4086497164
PWY-5121: superpathway of geranylgeranyl diphosphate biosynthesis II (via MEP)|g__Eubacterium.s__Eubacterium_hallii	75.6028413088
PWY-6936: seleno-amino acid biosynthesis (plants)	3615.3247704498
PWY-6936: seleno-amino acid biosynthesis (plants)|unclassified	496.3186622408
PWY-6936: seleno-amino acid biosynthesis (plants)|g__Blautia.s__Ruminococcus_torques	436.9302946162
PWY-6936: seleno-amino acid biosynthesis (plants)|g__Ruminococcus.s__Ruminococcus_sp_CAG_254	377.6848605910
PWY-6936: seleno-amino acid biosynthesis (plants)|g__Anaerostipes.s__Anaerostipes_hadrus	149.1243456833
PWY-6936: seleno-amino acid biosynthesis (plants)|g__Faecalibacterium.s__Faecalibacterium_prausnitzii	144.1544141876
PWY-6936: seleno-amino acid biosynthesis (plants)|g__Eubacterium.s__Eubacterium_eligens	120.7949545136
PWY-6936: seleno-amino acid biosynthesis (plants)|g__Dorea.s__Dorea_longicatena	107.1883109827
PWY-6936: seleno-amino acid biosynthesis (plants)|g__Coprococcus.s__Coprococcus_comes	78.4825233047
PWY-6936: seleno-amino acid biosynthesis (plants)|g__Roseburia.s__Roseburia_sp_CAG_100	71.3369006316
PWY-6936: seleno-amino acid biosynthesis (plants)|g__Streptococcus.s__Streptococcus_thermophilus	66.1439059270
PWY-6936: seleno-amino acid biosynthesis (plants)|g__Eubacterium.s__Eubacterium_sp_CAG_252	61.8691136065
PWY-6936: seleno-amino acid biosynthesis (plants)|g__Ruminococcus.s__Ruminococcus_bicirculans	43.5890919643
PWY-6936: seleno-amino acid biosynthesis (plants)|g__Agathobaculum.s__Agathobaculum_butyriciproducens	42.8511314518
PWY-6936: seleno-amino acid biosynthesis (plants)|g__Dorea.s__Dorea_formicigenerans	31.4602596302
PWY-6936: seleno-amino acid biosynthesis (plants)|g__Eubacterium.s__Eubacterium_sp_CAG_38	11.0107401169
PWY-6936: seleno-amino acid biosynthesis (plants)|g__Roseburia.s__Roseburia_faecis	7.3061854796
PWY-5188: tetrapyrrole biosynthesis I (from glutamate)	3578.4669788558
PWY-5188: tetrapyrrole biosynthesis I (from glutamate)|g__Ruminococcus.s__Ruminococcus_bromii	479.4290848743
PWY-5188: tetrapyrrole biosynthesis I (from glutamate)|g__Blautia.s__Blautia_wexlerae	370.9341228551
PWY-5188: tetrapyrrole biosynthesis I (from glutamate)|g__Ruminococcus.s__Ruminococcus_sp_CAG_254	280.6172396762
PWY-5188: tetrapyrrole biosynthesis I (from glutamate)|unclassified	196.3687392367
PWY-5188: tetrapyrrole biosynthesis I (from glutamate)|g__Blautia.s__Blautia_obeum	159.6493606938
PWY-5188: tetrapyrrole biosynthesis I (from glutamate)|g__Eubacterium.s__Eubacterium_eligens	120.9926322771
PWY-5188: tetrapyrrole biosynthesis I (from glutamate)|g__Clostridium.s__Clostridium_sp_CAG_253	78.0889547781
PWY-5188: tetrapyrrole biosynthesis I (from glutamate)|g__Anaerostipes.s__Anaerostipes_hadrus	76.0242222773
PWY-5188: tetrapyrrole biosynthesis I (from glutamate)|g__Firmicutes_unclassified.s__Firmicutes_bacterium_CAG_41	48.8486712069
PWY-5188: tetrapyrrole biosynthesis I (from glutamate)|g__Ruminococcus.s__Ruminococcus_bicirculans	42.5190922542
PWY-5188: tetrapyrrole biosynthesis I (from glutamate)|g__Eubacterium.s__Eubacterium_ramulus	31.0059430647
PWY-5188: tetrapyrrole biosynthesis I (from glutamate)|g__Akkermansia.s__Akkermansia_muciniphila	28.4267717014
PWY-5188: tetrapyrrole biosynthesis I (from glutamate)|g__Blautia.s__Blautia_sp_AF19_10LB	24.2783675826
PWY-5188: tetrapyrrole biosynthesis I (from glutamate)|g__Bilophila.s__Bilophila_wadsworthia	21.7709059382
PWY-5188: tetrapyrrole biosynthesis I (from glutamate)|g__Blautia.s__Blautia_sp	17.3812363208
PWY-5188: tetrapyrrole biosynthesis I (from glutamate)|g__Blautia.s__Blautia_sp_CAG_52	14.4716802561
PWY-5188: tetrapyrrole biosynthesis I (from glutamate)|g__Eisenbergiella.s__Eisenbergiella_massiliensis	12.3990278405
PWY-5188: tetrapyrrole biosynthesis I (from glutamate)|g__Flavonifractor.s__Flavonifractor_plautii	9.1300224850
PWY-5188: tetrapyrrole biosynthesis I (from glutamate)|g__Clostridium.s__Clostridium_sp_CAG_230	7.9182757018
PWY0-862: (5Z)-dodecenoate biosynthesis I	3559.1969240777
PWY0-862: (5Z)-dodecenoate biosynthesis I|g__Alistipes.s__Alistipes_finegoldii	463.2906721241
PWY0-862: (5Z)-dodecenoate biosynthesis I|g__Bacteroides.s__Bacteroides_stercorirosoris	461.7805734678
PWY0-862: (5Z)-dodecenoate biosynthesis I|g__Bacteroides.s__Bacteroides_vulgatus	293.9047671403
PWY0-862: (5Z)-dodecenoate biosynthesis I|g__Bacteroides.s__Bacteroides_cellulosilyticus	131.3113684752
PWY0-862: (5Z)-dodecenoate biosynthesis I|g__Alistipes.s__Alistipes_onderdonkii	42.1129528489
PWY-6895: superpathway of thiamine diphosphate biosynthesis II	3544.7972369949
PWY-6895: superpathway of thiamine diphosphate biosynthesis II|unclassified	260.1046003232
PHOSLIPSYN-PWY: superpathway of phospholipid biosynthesis I (bacteria)	3528.1779685577
PHOSLIPSYN-PWY: superpathway of phospholipid biosynthesis I (bacteria)|g__Fusicatenibacter.s__Fusicatenibacter_saccharivorans	623.2905464934
PWY-7234: inosine-5'-phosphate biosynthesis III	3527.5397944550
PWY-7234: inosine-5'-phosphate biosynthesis III|g__Alistipes.s__Alistipes_putredinis	468.6856379264
PWY-7234: inosine-5'-phosphate biosynthesis III|g__Alistipes.s__Alistipes_finegoldii	272.8218875003
PWY-7234: inosine-5'-phosphate biosynthesis III|g__Sutterella.s__Sutterella_wadsworthensis	205.5161937138
PWY-7234: inosine-5'-phosphate biosynthesis III|unclassified	162.7727965162
PWY-7234: inosine-5'-phosphate biosynthesis III|g__Alistipes.s__Alistipes_timonensis	38.0888939207
PWY-7234: inosine-5'-phosphate biosynthesis III|g__Streptococcus.s__Streptococcus_thermophilus	33.7229399558
PWY-7234: inosine-5'-phosphate biosynthesis III|g__Eubacterium.s__Eubacterium_sp_CAG_274	29.3156660978
PWY-7234: inosine-5'-phosphate biosynthesis III|g__Alistipes.s__Alistipes_onderdonkii	27.6702622821
PWY-6282: palmitoleate biosynthesis I (from (5Z)-dodec-5-enoate)	3511.9073824447
PWY-6282: palmitoleate biosynthesis I (from (5Z)-dodec-5-enoate)|g__Bacteroides.s__Bacteroides_stercorirosoris	490.1946174204
PWY-6282: palmitoleate biosynthesis I (from (5Z)-dodec-5-enoate)|g__Alistipes.s__Alistipes_finegoldii	474.5144358379
PWY-6282: palmitoleate biosynthesis I (from (5Z)-dodec-5-enoate)|g__Bacteroides.s__Bacteroides_vulgatus	312.7219310011
PWY-6282: palmitoleate biosynthesis I (from (5Z)-dodec-5-enoate)|g__Bacteroides.s__Bacteroides_cellulosilyticus	136.6822350625
PWY-6282: palmitoleate biosynthesis I (from (5Z)-dodec-5-enoate)|g__Alistipes.s__Alistipes_onderdonkii	55.0597608455
PWY-5989: stearate biosynthesis II (bacteria and plants)	3376.8194000087
PWY-5989: stearate biosynthesis II (bacteria and plants)|g__Alistipes.s__Alistipes_finegoldii	458.9498737769
PWY-5989: stearate biosynthesis II (bacteria and plants)|g__Bacteroides.s__Bacteroides_vulgatus	333.2462890259
PWY-5989: stearate biosynthesis II (bacteria and plants)|g__Bacteroides.s__Bacteroides_stercorirosoris	282.6810601346
PWY-5989: stearate biosynthesis II (bacteria and plants)|g__Bacteroides.s__Bacteroides_cellulosilyticus	148.2997925525
PWY-5989: stearate biosynthesis II (bacteria and plants)|g__Alistipes.s__Alistipes_onderdonkii	37.7437864046
PWY-5989: stearate biosynthesis II (bacteria and plants)|unclassified	12.5299620774
PWY-6292: superpathway of L-cysteine biosynthesis (mammalian)	3347.5827460423
PWY-6292: superpathway of L-cysteine biosynthesis (mammalian)|unclassified	157.7431938863
PWY-6292: superpathway of L-cysteine biosynthesis (mammalian)|g__Eisenbergiella.s__Eisenbergiella_tayi	5.2013299327
GLYCOCAT-PWY: glycogen degradation I	3332.5288802477
GLYCOCAT-PWY: glycogen degradation I|unclassified	172.1901863270
BIOTIN-BIOSYNTHESIS-PWY: biotin biosynthesis I	3283.1634029760
BIOTIN-BIOSYNTHESIS-PWY: biotin biosynthesis I|g__Bacteroides.s__Bacteroides_vulgatus	288.5515733249
PWY-7282: 4-amino-2-methyl-5-diphosphomethylpyrimidine biosynthesis II	3244.7091020292
PWY-7282: 4-amino-2-methyl-5-diphosphomethylpyrimidine biosynthesis II|g__Bacteroides.s__Bacteroides_uniformis	82.3694687715
PWY-7282: 4-amino-2-methyl-5-diphosphomethylpyrimidine biosynthesis II|g__Bacteroides.s__Bacteroides_ovatus	27.8169067337
METH-ACETATE-PWY: methanogenesis from acetate	3242.9187877209
METH-ACETATE-PWY: methanogenesis from acetate|g__Fusicatenibacter.s__Fusicatenibacter_saccharivorans	581.6818444527
METH-ACETATE-PWY: methanogenesis from acetate|g__Blautia.s__Blautia_wexlerae	407.6666189713
METH-ACETATE-PWY: methanogenesis from acetate|g__Blautia.s__Ruminococcus_torques	230.3854951944
METH-ACETATE-PWY: methanogenesis from acetate|g__Blautia.s__Blautia_obeum	82.4525454481
METH-ACETATE-PWY: methanogenesis from acetate|g__Blautia.s__Blautia_sp_AF19_10LB	49.0811769080
METH-ACETATE-PWY: methanogenesis from acetate|unclassified	46.2016940842
PWY-1861: formaldehyde assimilation II (assimilatory RuMP Cycle)	3232.3858752581
PWY-1861: formaldehyde assimilation II (assimilatory RuMP Cycle)|unclassified	398.7314835635
PWY-1861: formaldehyde assimilation II (assimilatory RuMP Cycle)|g__Anaerostipes.s__Anaerostipes_hadrus	163.0454404875
PWY-1861: formaldehyde assimilation II (assimilatory RuMP Cycle)|g__Blautia.s__Blautia_obeum	15.9518275408
HISDEG-PWY: L-histidine degradation I	3214.1884988613
HISDEG-PWY: L-histidine degradation I|g__Bacteroides.s__Bacteroides_stercorirosoris	448.3116783206
HISDEG-PWY: L-histidine degradation I|g__Alistipes.s__Alistipes_putredinis	433.1551687970
HISDEG-PWY: L-histidine degradation I|g__Bacteroides.s__Bacteroides_dorei	340.6046029424
HISDEG-PWY: L-histidine degradation I|g__Alistipes.s__Alistipes_finegoldii	314.2735885154
HISDEG-PWY: L-histidine degradation I|g__Bacteroides.s__Bacteroides_vulgatus	265.4753733119
HISDEG-PWY: L-histidine degradation I|unclassified	204.5610607956
HISDEG-PWY: L-histidine degradation I|g__Parabacteroides.s__Parabacteroides_distasonis	127.4029671659
HISDEG-PWY: L-histidine degradation I|g__Bacteroides.s__Bacteroides_uniformis	123.2751813098
HISDEG-PWY: L-histidine degradation I|g__Bacteroides.s__Bacteroides_cellulosilyticus	106.1746810402
HISDEG-PWY: L-histidine degradation I|g__Bacteroides.s__Bacteroides_clarus	103.0060426810
HISDEG-PWY: L-histidine degradation I|g__Bacteroides.s__Bacteroides_thetaiotaomicron	67.8759474031
HISDEG-PWY: L-histidine degradation I|g__Odoribacter.s__Odoribacter_splanchnicus	64.9348615067
HISDEG-PWY: L-histidine degradation I|g__Parabacteroides.s__Parabacteroides_merdae	63.8427949471
HISDEG-PWY: L-histidine degradation I|g__Alistipes.s__Alistipes_onderdonkii	61.0744297489
HISDEG-PWY: L-histidine degradation I|g__Alistipes.s__Alistipes_timonensis	34.5017635260
HISDEG-PWY: L-histidine degradation I|g__Bacteroides.s__Bacteroides_ovatus	31.6964570914
HISDEG-PWY: L-histidine degradation I|g__Parabacteroides.s__Parabacteroides_gordonii	29.2225213150
HISDEG-PWY: L-histidine degradation I|g__Butyricimonas.s__Butyricimonas_synergistica	24.8920515789
HISDEG-PWY: L-histidine degradation I|g__Firmicutes_unclassified.s__Firmicutes_bacterium_CAG_129	19.8827923960
HISDEG-PWY: L-histidine degradation I|g__Lachnoclostridium.s__Clostridium_symbiosum	12.9345451426
HISDEG-PWY: L-histidine degradation I|g__Bacteroides.s__Bacteroides_xylanisolvens	2.6007805224
COLANSYN-PWY: colanic acid building blocks biosynthesis	3176.7167492421
COLANSYN-PWY: colanic acid building blocks biosynthesis|unclassified	330.6818401021
COLANSYN-PWY: colanic acid building blocks biosynthesis|g__Faecalibacterium.s__Faecalibacterium_prausnitzii	63.6848356432
PWY-7383: anaerobic energy metabolism (invertebrates, cytosol)	3145.2918539886
PWY-7383: anaerobic energy metabolism (invertebrates, cytosol)|unclassified	100.3459140451
PWY-7328: superpathway of UDP-glucose-derived O-antigen building blocks biosynthesis	3142.1559161871
PWY-7328: superpathway of UDP-glucose-derived O-antigen building blocks biosynthesis|g__Blautia.s__Ruminococcus_torques	411.3987587268
PWY-7328: superpathway of UDP-glucose-derived O-antigen building blocks biosynthesis|unclassified	346.1904517816
PWY-7328: superpathway of UDP-glucose-derived O-antigen building blocks biosynthesis|g__Faecalibacterium.s__Faecalibacterium_prausnitzii	3.8017036216
PWY-4984: urea cycle	3124.2226003915
PWY-4984: urea cycle|g__Alistipes.s__Alistipes_finegoldii	489.0963718825
PWY-4984: urea cycle|g__Alistipes.s__Alistipes_onderdonkii	111.1071465109
PWY-4984: urea cycle|g__Flavonifractor.s__Flavonifractor_plautii	20.6779230322
PWY66-409: superpathway of purine nucleotide salvage	3100.6422892720
PWY66-409: superpathway of purine nucleotide salvage|unclassified	170.5775964315
PWY66-409: superpathway of purine nucleotide salvage|g__Streptococcus.s__Streptococcus_thermophilus	46.8148682509
PWY-6519: 8-amino-7-oxononanoate biosynthesis I	3086.3119667510
PWY-6519: 8-amino-7-oxononanoate biosynthesis I|g__Bacteroides.s__Bacteroides_vulgatus	290.4155944135
PWY-6519: 8-amino-7-oxononanoate biosynthesis I|g__Bacteroides.s__Bacteroides_cellulosilyticus	97.4686132755
PWY-6353: purine nucleotides degradation II (aerobic)	2837.6380962684
PWY-6353: purine nucleotides degradation II (aerobic)|g__Blautia.s__Ruminococcus_torques	577.3056592762
PWY-6353: purine nucleotides degradation II (aerobic)|unclassified	330.5043256087
PWY-6353: purine nucleotides degradation II (aerobic)|g__Roseburia.s__Roseburia_intestinalis	133.5449518724
PWY0-1261: anhydromuropeptides recycling I	2812.8202571066
PWY-6147: 6-hydroxymethyl-dihydropterin diphosphate biosynthesis I	2732.7173764428
PWY-6147: 6-hydroxymethyl-dihydropterin diphosphate biosynthesis I|g__Alistipes.s__Alistipes_putredinis	559.3979125072
PWY-6147: 6-hydroxymethyl-dihydropterin diphosphate biosynthesis I|g__Bacteroides.s__Bacteroides_dorei	311.7857863154
PWY-6147: 6-hydroxymethyl-dihydropterin diphosphate biosynthesis I|g__Bacteroides.s__Bacteroides_vulgatus	258.9342953896
PWY-6147: 6-hydroxymethyl-dihydropterin diphosphate biosynthesis I|g__Parabacteroides.s__Parabacteroides_distasonis	152.9702527409
PWY-6147: 6-hydroxymethyl-dihydropterin diphosphate biosynthesis I|g__Bacteroides.s__Bacteroides_uniformis	134.7728570320
PWY-6147: 6-hydroxymethyl-dihydropterin diphosphate biosynthesis I|g__Bacteroides.s__Bacteroides_cellulosilyticus	100.0799490977
PWY-6147: 6-hydroxymethyl-dihydropterin diphosphate biosynthesis I|g__Bacteroides.s__Bacteroides_thetaiotaomicron	65.6182412188
PWY-6147: 6-hydroxymethyl-dihydropterin diphosphate biosynthesis I|g__Streptococcus.s__Streptococcus_thermophilus	26.0742238682
PWY-6147: 6-hydroxymethyl-dihydropterin diphosphate biosynthesis I|g__Bacteroides.s__Bacteroides_ovatus	19.3068915680
PWY-5030: L-histidine degradation III	2705.5348438231
PWY-5030: L-histidine degradation III|g__Alistipes.s__Alistipes_putredinis	437.4084869245
PWY-5030: L-histidine degradation III|g__Bacteroides.s__Bacteroides_dorei	302.1737685751
PWY-5030: L-histidine degradation III|g__Alistipes.s__Alistipes_finegoldii	290.0098295472
PWY-5030: L-histidine degradation III|g__Bacteroides.s__Bacteroides_vulgatus	259.2081700849
PWY-5030: L-histidine degradation III|g__Bacteroides.s__Bacteroides_uniformis	127.0408421393
PWY-5030: L-histidine degradation III|g__Bacteroides.s__Bacteroides_clarus	110.8759867249
PWY-5030: L-histidine degradation III|unclassified	102.3623324640
PWY-5030: L-histidine degradation III|g__Alistipes.s__Alistipes_onderdonkii	73.4891018714
PWY-5030: L-histidine degradation III|g__Bacteroides.s__Bacteroides_thetaiotaomicron	67.7915605775
PWY-5030: L-histidine degradation III|g__Alistipes.s__Alistipes_timonensis	36.5904663502
PWY-5030: L-histidine degradation III|g__Bacteroides.s__Bacteroides_ovatus	32.7770816862
PWY-5030: L-histidine degradation III|g__Bacteroides.s__Bacteroides_xylanisolvens	5.0130933307
PWY-1269: CMP-3-deoxy-D-manno-octulosonate biosynthesis	2498.4420208591
PWY-1269: CMP-3-deoxy-D-manno-octulosonate biosynthesis|g__Candidatus_Gastranaerophilales_unclassified.s__Candidatus_Gastranaerophilales_bacterium_HUM_10	224.5629464264
PWY-1269: CMP-3-deoxy-D-manno-octulosonate biosynthesis|g__Bacteroides.s__Bacteroides_uniformis	76.6728187509
PWY-1269: CMP-3-deoxy-D-manno-octulosonate biosynthesis|g__Bacteroides.s__Bacteroides_thetaiotaomicron	61.0491869061
PWY-1269: CMP-3-deoxy-D-manno-octulosonate biosynthesis|g__Bacteroides.s__Bacteroides_ovatus	38.3238879189
PWY-1269: CMP-3-deoxy-D-manno-octulosonate biosynthesis|g__Bacteroides.s__Bacteroides_caccae	35.3239479291
PWY-1269: CMP-3-deoxy-D-manno-octulosonate biosynthesis|g__Alistipes.s__Alistipes_timonensis	27.0514571528
PWY-7392: taxadiene biosynthesis (engineered)	2434.1619171291
PWY-7392: taxadiene biosynthesis (engineered)|unclassified	46.1965235516
PWY-5659: GDP-mannose biosynthesis	2432.6566818170
PWY-5659: GDP-mannose biosynthesis|unclassified	289.4110391540
PWY-5659: GDP-mannose biosynthesis|g__Bacteroides.s__Bacteroides_vulgatus	203.1312265139
PWY-5659: GDP-mannose biosynthesis|g__Roseburia.s__Roseburia_intestinalis	186.6522032006
PWY-5659: GDP-mannose biosynthesis|g__Faecalibacterium.s__Faecalibacterium_prausnitzii	89.5877887798
PWY-5659: GDP-mannose biosynthesis|g__Streptococcus.s__Streptococcus_thermophilus	46.0372708759
PWY-5659: GDP-mannose biosynthesis|g__Blautia.s__Blautia_obeum	41.1778690143
PWY-5659: GDP-mannose biosynthesis|g__Ruminococcus.s__Ruminococcus_bicirculans	30.2142238828
PWY-5659: GDP-mannose biosynthesis|g__Bacteroides.s__Bacteroides_dorei	16.1580233716
PWY-5659: GDP-mannose biosynthesis|g__Roseburia.s__Roseburia_faecis	8.8259961400
PWY-5505: L-glutamate and L-glutamine biosynthesis	2396.0753568372
PWY-5505: L-glutamate and L-glutamine biosynthesis|unclassified	32.7728250411
PWY-6470: peptidoglycan biosynthesis V (&beta;-lactam resistance)	2340.8449332175
PWY-6470: peptidoglycan biosynthesis V (&beta;-lactam resistance)|unclassified	59.8741629510
PWY0-845: superpathway of pyridoxal 5'-phosphate biosynthesis and salvage	2328.7048171742
PWY0-845: superpathway of pyridoxal 5'-phosphate biosynthesis and salvage|g__Parabacteroides.s__Parabacteroides_distasonis	123.2277682492
PWY0-845: superpathway of pyridoxal 5'-phosphate biosynthesis and salvage|g__Bacteroides.s__Bacteroides_uniformis	79.6923647714
PWY0-845: superpathway of pyridoxal 5'-phosphate biosynthesis and salvage|g__Bacteroides.s__Bacteroides_thetaiotaomicron	51.1326649217
PWY0-845: superpathway of pyridoxal 5'-phosphate biosynthesis and salvage|g__Bacteroides.s__Bacteroides_caccae	34.2755944313
PWY0-845: superpathway of pyridoxal 5'-phosphate biosynthesis and salvage|g__Bacteroides.s__Bacteroides_ovatus	31.1639439103
ARGININE-SYN4-PWY: L-ornithine biosynthesis II	2256.9892303738
ARGININE-SYN4-PWY: L-ornithine biosynthesis II|g__Bacteroides.s__Bacteroides_stercorirosoris	324.4156845679
ARGININE-SYN4-PWY: L-ornithine biosynthesis II|g__Bacteroides.s__Bacteroides_vulgatus	310.0600320852
ARGININE-SYN4-PWY: L-ornithine biosynthesis II|g__Bacteroides.s__Bacteroides_dorei	303.2792500478
ARGININE-SYN4-PWY: L-ornithine biosynthesis II|g__Parabacteroides.s__Parabacteroides_distasonis	156.2007059123
ARGININE-SYN4-PWY: L-ornithine biosynthesis II|g__Bacteroides.s__Bacteroides_cellulosilyticus	105.6120001932
ARGININE-SYN4-PWY: L-ornithine biosynthesis II|g__Bacteroides.s__Bacteroides_clarus	98.4763092022
ARGININE-SYN4-PWY: L-ornithine biosynthesis II|g__Bacteroides.s__Bacteroides_uniformis	86.4873556379
ARGININE-SYN4-PWY: L-ornithine biosynthesis II|g__Bacteroides.s__Bacteroides_thetaiotaomicron	69.0331354409
ARGININE-SYN4-PWY: L-ornithine biosynthesis II|g__Bacteroides.s__Bacteroides_caccae	34.1935800165
ARGININE-SYN4-PWY: L-ornithine biosynthesis II|g__Bacteroides.s__Bacteroides_ovatus	29.8982011620
ARGININE-SYN4-PWY: L-ornithine biosynthesis II|g__Bacteroides.s__Bacteroides_xylanisolvens	3.4285973051
PWY-6305: superpathway of putrescine biosynthesis	2213.7322606595
ARG+POLYAMINE-SYN: superpathway of arginine and polyamine biosynthesis	2127.2552594837
GLUCONEO-PWY: gluconeogenesis I	2096.4371347511
GLUCONEO-PWY: gluconeogenesis I|unclassified	318.7094055768
PWY0-1477: ethanolamine utilization	2085.6403686916
PWY0-1477: ethanolamine utilization|unclassified	160.0914311163
PWY0-1477: ethanolamine utilization|g__Blautia.s__Blautia_obeum	80.6701449322
PWY0-1477: ethanolamine utilization|g__Flavonifractor.s__Flavonifractor_plautii	34.0345291484
PWY0-1477: ethanolamine utilization|g__Bilophila.s__Bilophila_wadsworthia	21.5377618210
PWY0-1477: ethanolamine utilization|g__Roseburia.s__Roseburia_hominis	15.0490641669
PWY0-1477: ethanolamine utilization|g__Lachnoclostridium.s__Clostridium_lavalense	4.6194789779
FERMENTATION-PWY: mixed acid fermentation	2062.4078857778
FERMENTATION-PWY: mixed acid fermentation|g__Faecalibacterium.s__Faecalibacterium_prausnitzii	449.0510247477
FERMENTATION-PWY: mixed acid fermentation|unclassified	298.0789652360
PYRIDOXSYN-PWY: pyridoxal 5'-phosphate biosynthesis I	2016.8849527822
PYRIDOXSYN-PWY: pyridoxal 5'-phosphate biosynthesis I|g__Bacteroides.s__Bacteroides_stercorirosoris	365.2860881358
PYRIDOXSYN-PWY: pyridoxal 5'-phosphate biosynthesis I|g__Parabacteroides.s__Parabacteroides_distasonis	132.5019097377
PYRIDOXSYN-PWY: pyridoxal 5'-phosphate biosynthesis I|g__Bacteroides.s__Bacteroides_uniformis	101.4805083506
PYRIDOXSYN-PWY: pyridoxal 5'-phosphate biosynthesis I|g__Bacteroides.s__Bacteroides_clarus	85.3531638073
PYRIDOXSYN-PWY: pyridoxal 5'-phosphate biosynthesis I|g__Bacteroides.s__Bacteroides_thetaiotaomicron	57.3318645836
PYRIDOXSYN-PWY: pyridoxal 5'-phosphate biosynthesis I|g__Bacteroides.s__Bacteroides_ovatus	45.3452005911
PYRIDOXSYN-PWY: pyridoxal 5'-phosphate biosynthesis I|g__Bacteroides.s__Bacteroides_caccae	37.5530888985
PYRIDOXSYN-PWY: pyridoxal 5'-phosphate biosynthesis I|g__Bacteroides.s__Bacteroides_xylanisolvens	3.9722233052
PWY-6902: chitin degradation II (Vibrio)	1950.6552427725
PWY-6902: chitin degradation II (Vibrio)|g__Fusicatenibacter.s__Fusicatenibacter_saccharivorans	926.6268870409
PWY-6902: chitin degradation II (Vibrio)|g__Bacteroides.s__Bacteroides_vulgatus	325.4210417677
PWY-6902: chitin degradation II (Vibrio)|g__Bacteroides.s__Bacteroides_thetaiotaomicron	172.8927176109
PWY-6902: chitin degradation II (Vibrio)|g__Bacteroides.s__Bacteroides_uniformis	158.2707502633
PWY-6902: chitin degradation II (Vibrio)|g__Bacteroides.s__Bacteroides_cellulosilyticus	59.2261798136
PWY-6902: chitin degradation II (Vibrio)|g__Bacteroides.s__Bacteroides_intestinalis	51.7314112231
GLUCUROCAT-PWY: superpathway of &beta;-D-glucuronosides degradation	1950.0165521353
GLUCUROCAT-PWY: superpathway of &beta;-D-glucuronosides degradation|g__Faecalibacterium.s__Faecalibacterium_prausnitzii	531.6388255329
GLUCUROCAT-PWY: superpathway of &beta;-D-glucuronosides degradation|unclassified	135.3023671159
POLYISOPRENSYN-PWY: polyisoprenoid biosynthesis (E. coli)	1915.0610166578
POLYISOPRENSYN-PWY: polyisoprenoid biosynthesis (E. coli)|unclassified	30.1180663792
PWY-5384: sucrose degradation IV (sucrose phosphorylase)	1785.4606105616
PWY-5384: sucrose degradation IV (sucrose phosphorylase)|g__Faecalibacterium.s__Faecalibacterium_prausnitzii	431.6101631092
PWY-5384: sucrose degradation IV (sucrose phosphorylase)|unclassified	169.8306030383
PWY-5384: sucrose degradation IV (sucrose phosphorylase)|g__Anaerostipes.s__Anaerostipes_hadrus	137.1823685519
PWY-5384: sucrose degradation IV (sucrose phosphorylase)|g__Roseburia.s__Roseburia_intestinalis	113.4774370841
PWY-5384: sucrose degradation IV (sucrose phosphorylase)|g__Blautia.s__Blautia_wexlerae	91.5287982438
PWY-5384: sucrose degradation IV (sucrose phosphorylase)|g__Streptococcus.s__Streptococcus_thermophilus	35.8422700687
PWY-5384: sucrose degradation IV (sucrose phosphorylase)|g__Bacteroides.s__Bacteroides_ovatus	28.2514648627
PWY-5384: sucrose degradation IV (sucrose phosphorylase)|g__Roseburia.s__Roseburia_inulinivorans	27.2923639013
PWY-5384: sucrose degradation IV (sucrose phosphorylase)|g__Roseburia.s__Roseburia_faecis	14.0265071441
PWY-5384: sucrose degradation IV (sucrose phosphorylase)|g__Bifidobacterium.s__Bifidobacterium_longum	6.2037730866
PWY-5384: sucrose degradation IV (sucrose phosphorylase)|g__Streptococcus.s__Streptococcus_pneumoniae	3.8320341420
PWY-621: sucrose degradation III (sucrose invertase)	1770.0634714107
PWY-621: sucrose degradation III (sucrose invertase)|g__Anaerostipes.s__Anaerostipes_hadrus	169.2916578674
PWY-621: sucrose degradation III (sucrose invertase)|unclassified	166.1199472870
PWY-621: sucrose degradation III (sucrose invertase)|g__Roseburia.s__Roseburia_intestinalis	104.3471903542
PWY-621: sucrose degradation III (sucrose invertase)|g__Faecalibacterium.s__Faecalibacterium_prausnitzii	102.8058616237
PWY-621: sucrose degradation III (sucrose invertase)|g__Ruminococcus.s__Ruminococcus_bicirculans	37.4075503953
PWY-621: sucrose degradation III (sucrose invertase)|g__Streptococcus.s__Streptococcus_thermophilus	33.7708717863
PWY-621: sucrose degradation III (sucrose invertase)|g__Bacteroides.s__Bacteroides_ovatus	27.4619093856
PWY-621: sucrose degradation III (sucrose invertase)|g__Roseburia.s__Roseburia_faecis	12.2775370525
PWY-7323: superpathway of GDP-mannose-derived O-antigen building blocks biosynthesis	1767.9639219782
PWY-7323: superpathway of GDP-mannose-derived O-antigen building blocks biosynthesis|unclassified	27.2654694326
PWY-2941: L-lysine biosynthesis II	1708.3469577271
PWY-2941: L-lysine biosynthesis II|g__Sutterella.s__Sutterella_wadsworthensis	168.0660774857
PWY-2941: L-lysine biosynthesis II|g__Parabacteroides.s__Parabacteroides_distasonis	147.5868045330
PWY-2941: L-lysine biosynthesis II|unclassified	130.4097491973
PWY-2941: L-lysine biosynthesis II|g__Blautia.s__Ruminococcus_torques	62.0400065313
PWY-2941: L-lysine biosynthesis II|g__Streptococcus.s__Streptococcus_thermophilus	22.8960308947
PWY-7242: D-fructuronate degradation	1696.0092032179
PWY-7242: D-fructuronate degradation|g__Faecalibacterium.s__Faecalibacterium_prausnitzii	748.9847179654
PWY-7242: D-fructuronate degradation|unclassified	174.8527934601
ANAEROFRUCAT-PWY: homolactic fermentation	1682.9957236060
ANAEROFRUCAT-PWY: homolactic fermentation|unclassified	403.8627748037
SALVADEHYPOX-PWY: adenosine nucleotides degradation II	1652.5094045382
SALVADEHYPOX-PWY: adenosine nucleotides degradation II|g__Blautia.s__Ruminococcus_torques	403.8567283038
SALVADEHYPOX-PWY: adenosine nucleotides degradation II|unclassified	308.3063955029
SALVADEHYPOX-PWY: adenosine nucleotides degradation II|g__Faecalibacterium.s__Faecalibacterium_prausnitzii	307.4246328959
SALVADEHYPOX-PWY: adenosine nucleotides degradation II|g__Roseburia.s__Roseburia_intestinalis	128.5108559702
SALVADEHYPOX-PWY: adenosine nucleotides degradation II|g__Anaerostipes.s__Anaerostipes_hadrus	92.8324149916
SALVADEHYPOX-PWY: adenosine nucleotides degradation II|g__Lachnoclostridium.s__Clostridium_symbiosum	7.8858712494
PWY-I9: L-cysteine biosynthesis VI (from L-methionine)	1632.8006608759
PWY-I9: L-cysteine biosynthesis VI (from L-methionine)|g__Blautia.s__Ruminococcus_torques	592.4843043380
PWY-I9: L-cysteine biosynthesis VI (from L-methionine)|g__Anaerostipes.s__Anaerostipes_hadrus	120.5581895908
PWY-I9: L-cysteine biosynthesis VI (from L-methionine)|g__Roseburia.s__Roseburia_intestinalis	112.2459193641
PWY-I9: L-cysteine biosynthesis VI (from L-methionine)|g__Blautia.s__Blautia_obeum	56.3522462095
PWY-I9: L-cysteine biosynthesis VI (from L-methionine)|g__Coprococcus.s__Coprococcus_comes	46.4522483702
PWY-I9: L-cysteine biosynthesis VI (from L-methionine)|g__Streptococcus.s__Streptococcus_thermophilus	36.7380007905
PWY-I9: L-cysteine biosynthesis VI (from L-methionine)|g__Roseburia.s__Roseburia_inulinivorans	24.7170876971
PWY-I9: L-cysteine biosynthesis VI (from L-methionine)|unclassified	7.3257863175
PWY-6606: guanosine nucleotides degradation II	1618.2487974232
PWY-6606: guanosine nucleotides degradation II|g__Blautia.s__Ruminococcus_torques	441.0783124650
PWY-6606: guanosine nucleotides degradation II|g__Roseburia.s__Roseburia_intestinalis	127.2698294332
PWY-6606: guanosine nucleotides degradation II|unclassified	125.0762007451
FUC-RHAMCAT-PWY: superpathway of fucose and rhamnose degradation	1515.9299367433
FUC-RHAMCAT-PWY: superpathway of fucose and rhamnose degradation|unclassified	72.2403685843
PWY-6969: TCA cycle V (2-oxoglutarate synthase)	1504.3093153237
PWY-6969: TCA cycle V (2-oxoglutarate synthase)|unclassified	57.2355204427
PWY-8187: L-arginine degradation XIII (reductive Stickland reaction)	1501.4049337273
PWY-8187: L-arginine degradation XIII (reductive Stickland reaction)|unclassified	423.6975837899
PWY-8187: L-arginine degradation XIII (reductive Stickland reaction)|g__Senegalimassilia.s__Senegalimassilia_anaerobia	36.4013936965
PWY-8187: L-arginine degradation XIII (reductive Stickland reaction)|g__Eubacterium.s__Eubacterium_ramulus	36.0394359820
PWY-8187: L-arginine degradation XIII (reductive Stickland reaction)|g__Butyricimonas.s__Butyricimonas_synergistica	25.0763034399
PWY-8187: L-arginine degradation XIII (reductive Stickland reaction)|g__Adlercreutzia.s__Adlercreutzia_equolifaciens	24.4503305245
PWY-8187: L-arginine degradation XIII (reductive Stickland reaction)|g__Asaccharobacter.s__Asaccharobacter_celatus	9.6127272723
PWY66-399: gluconeogenesis III	1498.0209057481
PWY66-399: gluconeogenesis III|unclassified	109.1468175025
P441-PWY: superpathway of N-acetylneuraminate degradation	1479.7948532086
P441-PWY: superpathway of N-acetylneuraminate degradation|unclassified	147.1281063004
PWY-8131: 5'-deoxyadenosine degradation II	1473.4957528523
PWY-8131: 5'-deoxyadenosine degradation II|g__Blautia.s__Blautia_obeum	550.6950877863
PWY-8131: 5'-deoxyadenosine degradation II|unclassified	115.2688019318
PWY-4041: &gamma;-glutamyl cycle	1469.2245393776
PWY-4041: &gamma;-glutamyl cycle|g__Bacteroides.s__Bacteroides_vulgatus	69.0203918384
PWY-4041: &gamma;-glutamyl cycle|unclassified	44.0126984372
PWY-4041: &gamma;-glutamyl cycle|g__Streptococcus.s__Streptococcus_thermophilus	32.5487306028
PWY-4041: &gamma;-glutamyl cycle|g__Bacteroides.s__Bacteroides_dorei	2.7818675262
PWY-4041: &gamma;-glutamyl cycle|g__Bacteroides.s__Bacteroides_ovatus	0.9143447043
GALACTUROCAT-PWY: D-galacturonate degradation I	1459.9989231513
GALACTUROCAT-PWY: D-galacturonate degradation I|g__Faecalibacterium.s__Faecalibacterium_prausnitzii	814.6574425943
GALACTUROCAT-PWY: D-galacturonate degradation I|unclassified	192.4393312009
GALACTUROCAT-PWY: D-galacturonate degradation I|g__Alistipes.s__Alistipes_timonensis	24.4471576717
PWY-5347: superpathway of L-methionine biosynthesis (transsulfuration)	1452.9550347186
PWY-5347: superpathway of L-methionine biosynthesis (transsulfuration)|unclassified	9.2652333946
PWY-6630: superpathway of L-tyrosine biosynthesis	1448.4046137909
PWY-6630: superpathway of L-tyrosine biosynthesis|unclassified	382.7097415635
PWY-6630: superpathway of L-tyrosine biosynthesis|g__Streptococcus.s__Streptococcus_thermophilus	27.4294369816
MET-SAM-PWY: superpathway of S-adenosyl-L-methionine biosynthesis	1442.3501129218
MET-SAM-PWY: superpathway of S-adenosyl-L-methionine biosynthesis|unclassified	9.3270604734
P164-PWY: purine nucleobases degradation I (anaerobic)	1418.9355540837
P164-PWY: purine nucleobases degradation I (anaerobic)|unclassified	103.8011022572
PWY0-1061: superpathway of L-alanine biosynthesis	1414.9082171510
PWY0-1061: superpathway of L-alanine biosynthesis|g__Blautia.s__Ruminococcus_torques	383.0137517240
PWY0-1061: superpathway of L-alanine biosynthesis|g__Lachnospiraceae_unclassified.s__Eubacterium_rectale	190.5599102215
PWY0-1061: superpathway of L-alanine biosynthesis|unclassified	127.1638706434
PWY-702: L-methionine biosynthesis II	1409.5855761555
PWY-702: L-methionine biosynthesis II|g__Blautia.s__Ruminococcus_torques	356.6524151366
PWY-702: L-methionine biosynthesis II|g__Streptococcus.s__Streptococcus_thermophilus	44.6010119807
PWY-702: L-methionine biosynthesis II|unclassified	8.6548407234
PWY-7456: &beta;-(1,4)-mannan degradation	1379.9587542892
PWY-7456: &beta;-(1,4)-mannan degradation|unclassified	144.4103876348
PWY-7345: superpathway of anaerobic sucrose degradation	1376.8891442120
PWY-7345: superpathway of anaerobic sucrose degradation|unclassified	304.1114578424
PWY0-1297: superpathway of purine deoxyribonucleosides degradation	1367.3296019888
PWY0-1297: superpathway of purine deoxyribonucleosides degradation|g__Blautia.s__Ruminococcus_torques	452.3417131252
PWY0-1297: superpathway of purine deoxyribonucleosides degradation|unclassified	409.7936975119
PWY0-1297: superpathway of purine deoxyribonucleosides degradation|g__Streptococcus.s__Streptococcus_thermophilus	33.6420872057
PWY0-1297: superpathway of purine deoxyribonucleosides degradation|g__Blautia.s__Blautia_sp_AF19_10LB	28.3771233997
GLYCOLYSIS: glycolysis I (from glucose 6-phosphate)	1356.3530713963
GLYCOLYSIS: glycolysis I (from glucose 6-phosphate)|unclassified	452.8291071489
METSYN-PWY: superpathway of L-homoserine and L-methionine biosynthesis	1323.2067692258
METSYN-PWY: superpathway of L-homoserine and L-methionine biosynthesis|unclassified	8.1726993570
PWY-5484: glycolysis II (from fructose 6-phosphate)	1323.1899591338
PWY-5484: glycolysis II (from fructose 6-phosphate)|unclassified	382.2506529465
PWY-6507: 4-deoxy-L-threo-hex-4-enopyranuronate degradation	1295.1720368449
PWY-6507: 4-deoxy-L-threo-hex-4-enopyranuronate degradation|g__Faecalibacterium.s__Faecalibacterium_prausnitzii	771.3239625400
PWY-6507: 4-deoxy-L-threo-hex-4-enopyranuronate degradation|unclassified	179.0517569006
PWY-6168: flavin biosynthesis III (fungi)	1272.0967993001
PWY-6284: superpathway of unsaturated fatty acids biosynthesis (E. coli)	1255.8242929418
PWY-6749: CMP-legionaminate biosynthesis I	1236.6775739911
PWY0-1479: tRNA processing	1212.9143376421
PWY0-1479: tRNA processing|g__Sutterella.s__Sutterella_wadsworthensis	248.5816761568
POLYAMSYN-PWY: superpathway of polyamine biosynthesis I	1205.6889085885
PWY-8004: Entner-Doudoroff pathway I	1158.7811764122
PWY-8004: Entner-Doudoroff pathway I|g__Parabacteroides.s__Parabacteroides_distasonis	154.7949824755
PWY-8004: Entner-Doudoroff pathway I|unclassified	47.3099366016
PWY-6859: all-trans-farnesol biosynthesis	1155.3886413336
PWY-6859: all-trans-farnesol biosynthesis|unclassified	16.0149217949
GLYCOLYSIS-E-D: superpathway of glycolysis and the Entner-Doudoroff pathway	1133.4088202462
GLYCOLYSIS-E-D: superpathway of glycolysis and the Entner-Doudoroff pathway|unclassified	77.7946147836
PWY-5497: purine nucleobases degradation II (anaerobic)	1122.1447458009
PWY-5497: purine nucleobases degradation II (anaerobic)|g__Roseburia.s__Roseburia_intestinalis	165.8313287897
PWY-5497: purine nucleobases degradation II (anaerobic)|unclassified	92.0975499008
PWY-5130: 2-oxobutanoate degradation I	1086.2372895884
PWY-5130: 2-oxobutanoate degradation I|g__Alistipes.s__Alistipes_putredinis	465.9572197221
PWY-5130: 2-oxobutanoate degradation I|unclassified	25.2127592087
NAGLIPASYN-PWY: lipid IVA biosynthesis (E. coli)	1072.0784490660
NAGLIPASYN-PWY: lipid IVA biosynthesis (E. coli)|g__Sutterella.s__Sutterella_wadsworthensis	162.7249332448
NAGLIPASYN-PWY: lipid IVA biosynthesis (E. coli)|g__Bacteroides.s__Bacteroides_uniformis	137.4885622847
NAGLIPASYN-PWY: lipid IVA biosynthesis (E. coli)|g__Bacteroides.s__Bacteroides_cellulosilyticus	64.8172446675
NAGLIPASYN-PWY: lipid IVA biosynthesis (E. coli)|g__Bacteroides.s__Bacteroides_intestinalis	17.6796556697
PWY-8073: lipid IVA biosynthesis (P. putida)	1072.0784490660
PWY-8073: lipid IVA biosynthesis (P. putida)|g__Sutterella.s__Sutterella_wadsworthensis	162.7249332448
PWY-8073: lipid IVA biosynthesis (P. putida)|g__Bacteroides.s__Bacteroides_uniformis	137.4885622847
PWY-8073: lipid IVA biosynthesis (P. putida)|g__Bacteroides.s__Bacteroides_cellulosilyticus	64.8172446675
PWY-8073: lipid IVA biosynthesis (P. putida)|g__Bacteroides.s__Bacteroides_intestinalis	17.6796556697
GALACT-GLUCUROCAT-PWY: superpathway of hexuronide and hexuronate degradation	938.9966913346
GALACT-GLUCUROCAT-PWY: superpathway of hexuronide and hexuronate degradation|unclassified	112.8547268143
PWY-6590: superpathway of Clostridium acetobutylicum acidogenic fermentation	932.8758616164
PWY-6590: superpathway of Clostridium acetobutylicum acidogenic fermentation|unclassified	196.1851061730
FUCCAT-PWY: fucose degradation	903.0920600888
FUCCAT-PWY: fucose degradation|g__Blautia.s__Ruminococcus_torques	399.6006399239
FUCCAT-PWY: fucose degradation|unclassified	57.5162655195
FOLSYN-PWY: superpathway of tetrahydrofolate biosynthesis and salvage	840.1952634412
PWY-5838: superpathway of menaquinol-8 biosynthesis I	825.1817193995
HOMOSER-METSYN-PWY: L-methionine biosynthesis I	799.2325507793
HOMOSER-METSYN-PWY: L-methionine biosynthesis I|unclassified	4.6812434813
PWY-5897: superpathway of menaquinol-11 biosynthesis	757.1879345384
PWY-5898: superpathway of menaquinol-12 biosynthesis	757.1879345384
PWY-5899: superpathway of menaquinol-13 biosynthesis	757.1879345384
CENTFERM-PWY: pyruvate fermentation to butanoate	727.3351679702
CENTFERM-PWY: pyruvate fermentation to butanoate|unclassified	165.0164447708
GOLPDLCAT-PWY: superpathway of glycerol degradation to 1,3-propanediol	672.4847171299
GOLPDLCAT-PWY: superpathway of glycerol degradation to 1,3-propanediol|g__Blautia.s__Ruminococcus_torques	351.3480516218
GOLPDLCAT-PWY: superpathway of glycerol degradation to 1,3-propanediol|g__Anaerostipes.s__Anaerostipes_hadrus	80.2902355565
GOLPDLCAT-PWY: superpathway of glycerol degradation to 1,3-propanediol|g__Eubacterium.s__Eubacterium_hallii	75.2399839236
GOLPDLCAT-PWY: superpathway of glycerol degradation to 1,3-propanediol|unclassified	61.6130147248
PWY-7115: C4 photosynthetic carbon assimilation cycle, NAD-ME type	666.8002089618
PWY-7115: C4 photosynthetic carbon assimilation cycle, NAD-ME type|unclassified	54.5474047967
PWY-5840: superpathway of menaquinol-7 biosynthesis	640.2483232078
PWY-7883: anhydromuropeptides recycling II	603.5257702996
P461-PWY: hexitol fermentation to lactate, formate, ethanol and acetate	599.2625194298
P461-PWY: hexitol fermentation to lactate, formate, ethanol and acetate|g__Anaerostipes.s__Anaerostipes_hadrus	177.6240011353
P461-PWY: hexitol fermentation to lactate, formate, ethanol and acetate|unclassified	173.9074073133
PWY0-1241: ADP-L-glycero-&beta;-D-manno-heptose biosynthesis	597.0394781091
PWY0-1241: ADP-L-glycero-&beta;-D-manno-heptose biosynthesis|g__Acetobacter.s__Acetobacter_sp_CAG_267	255.1152027262
PWY0-1241: ADP-L-glycero-&beta;-D-manno-heptose biosynthesis|g__Akkermansia.s__Akkermansia_muciniphila	28.6839328760
PWY-5861: superpathway of demethylmenaquinol-8 biosynthesis I	579.4625981461
PWY0-1298: superpathway of pyrimidine deoxyribonucleosides degradation	576.8407226336
PWY0-1298: superpathway of pyrimidine deoxyribonucleosides degradation|unclassified	23.7958322184
PWY-6612: superpathway of tetrahydrofolate biosynthesis	571.3028563422
PWY-7013: (S)-propane-1,2-diol degradation	524.3811092262
PWY-7013: (S)-propane-1,2-diol degradation|g__Eubacterium.s__Eubacterium_hallii	191.5675838770
PWY-7013: (S)-propane-1,2-diol degradation|unclassified	62.3625402814
PWY-7013: (S)-propane-1,2-diol degradation|g__Flavonifractor.s__Flavonifractor_plautii	15.6682452665
PWY-7356: thiamine diphosphate salvage IV (yeast)	516.6171347532
PWY-7356: thiamine diphosphate salvage IV (yeast)|unclassified	208.6216308664
PWY-7356: thiamine diphosphate salvage IV (yeast)|g__Agathobaculum.s__Agathobaculum_butyriciproducens	48.3518811097
PPGPPMET-PWY: ppGpp metabolism	496.9136326146
PWY-5676: acetyl-CoA fermentation to butanoate II	495.5208823675
PWY-5676: acetyl-CoA fermentation to butanoate II|g__Anaerostipes.s__Anaerostipes_hadrus	109.8896689228
PWY-5676: acetyl-CoA fermentation to butanoate II|unclassified	58.2847573934
PWY-5676: acetyl-CoA fermentation to butanoate II|g__Flavonifractor.s__Flavonifractor_plautii	10.2459303789
PWY-5845: superpathway of menaquinol-9 biosynthesis	479.4349207863
PWY-5367: petroselinate biosynthesis	468.3605774639
PWY-5367: petroselinate biosynthesis|g__Blautia.s__Ruminococcus_torques	394.5356992659
PWY-5367: petroselinate biosynthesis|unclassified	8.7878904096
LACTOSECAT-PWY: lactose and galactose degradation I	458.6011889238
LACTOSECAT-PWY: lactose and galactose degradation I|unclassified	94.0517118186
LACTOSECAT-PWY: lactose and galactose degradation I|g__Anaerostipes.s__Anaerostipes_hadrus	19.3524489251
LACTOSECAT-PWY: lactose and galactose degradation I|g__Streptococcus.s__Streptococcus_salivarius	4.5300279414
GLUDEG-I-PWY: GABA shunt	436.9294316060
PWY-5022: 4-aminobutanoate degradation V	427.0986559218
RUMP-PWY: formaldehyde oxidation I	415.6472429604
RUMP-PWY: formaldehyde oxidation I|unclassified	38.4907770026
P42-PWY: incomplete reductive TCA cycle	408.3697045205
P42-PWY: incomplete reductive TCA cycle|unclassified	47.1954809966
HEMESYN2-PWY: heme b biosynthesis II (oxygen-independent)	404.3256756071
HEMESYN2-PWY: heme b biosynthesis II (oxygen-independent)|g__Sutterella.s__Sutterella_wadsworthensis	185.1776209150
PWY-6906: chitin derivatives degradation	400.0358475277
HEXITOLDEGSUPER-PWY: superpathway of hexitol degradation (bacteria)	367.9626610015
P185-PWY: formaldehyde assimilation III (dihydroxyacetone cycle)	367.7310267912
P185-PWY: formaldehyde assimilation III (dihydroxyacetone cycle)|unclassified	79.6715800296
DAPLYSINESYN-PWY: L-lysine biosynthesis I	364.1402962825
DAPLYSINESYN-PWY: L-lysine biosynthesis I|unclassified	21.5861410370
PWY-5005: biotin biosynthesis II	354.8445830379
PWY-5005: biotin biosynthesis II|g__Blautia.s__Ruminococcus_torques	180.7556553928
PWY-6471: peptidoglycan biosynthesis IV (Enterococcus faecium)	337.0322779526
PWY-7316: dTDP-N-acetylviosamine biosynthesis	331.3745664266
PWY-7316: dTDP-N-acetylviosamine biosynthesis|g__Bacteroides.s__Bacteroides_cellulosilyticus	104.5331771153
PWY-5862: superpathway of demethylmenaquinol-9 biosynthesis	329.3114812541
PWY-7992: superpathway of menaquinol-8 biosynthesis III	327.1030341159
PWY-6549: L-glutamine biosynthesis III	315.3218503830
PWY-6549: L-glutamine biosynthesis III|unclassified	176.1778915134
PWY-7198: pyrimidine deoxyribonucleotides de novo biosynthesis IV	302.1692257736
PWY-7198: pyrimidine deoxyribonucleotides de novo biosynthesis IV|unclassified	10.7570635878
PWY-7688: dTDP-&alpha;-D-ravidosamine and dTDP-4-acetyl-&alpha;-D-ravidosamine biosynthesis	284.2041965344
PWY-7688: dTDP-&alpha;-D-ravidosamine and dTDP-4-acetyl-&alpha;-D-ravidosamine biosynthesis|g__Bacteroides.s__Bacteroides_cellulosilyticus	91.3962871707
PWY-7688: dTDP-&alpha;-D-ravidosamine and dTDP-4-acetyl-&alpha;-D-ravidosamine biosynthesis|g__Bacteroides.s__Bacteroides_intestinalis	37.9424351481
PWY-5837: 2-carboxy-1,4-naphthoquinol biosynthesis	283.1582678951
PWY-7211: superpathway of pyrimidine deoxyribonucleotides de novo biosynthesis	249.6358367023
PWY-7211: superpathway of pyrimidine deoxyribonucleotides de novo biosynthesis|unclassified	24.1889918666
PWY-7312: dTDP-&beta;-D-fucofuranose biosynthesis	247.3424114501
PWY-7312: dTDP-&beta;-D-fucofuranose biosynthesis|g__Bacteroides.s__Bacteroides_clarus	77.5565600719
HEME-BIOSYNTHESIS-II: heme b biosynthesis I (aerobic)	240.6706986783
PWY1ZNC-1: assimilatory sulfate reduction IV	201.8400716272
PWY1ZNC-1: assimilatory sulfate reduction IV|g__Eubacterium.s__Eubacterium_hallii	75.0363035600
PWY1ZNC-1: assimilatory sulfate reduction IV|unclassified	15.0109398550
PWY-6807: xyloglucan degradation II (exoglucanase)	200.7321074469
PWY-5690: TCA cycle II (plants and fungi)	196.4334244990
PWY-5690: TCA cycle II (plants and fungi)|unclassified	42.8881124574
PYRIDNUCSAL-PWY: NAD salvage pathway I (PNC VI cycle)	174.9783391434
PWY-6572: chondroitin sulfate degradation I (bacterial)	173.3078202334
PWY-6572: chondroitin sulfate degradation I (bacterial)|g__Bacteroides.s__Bacteroides_thetaiotaomicron	61.6652856767
PWY-5981: CDP-diacylglycerol biosynthesis III	170.9461897004
PWY-5981: CDP-diacylglycerol biosynthesis III|g__Streptococcus.s__Streptococcus_thermophilus	34.1557300304
PWY-5981: CDP-diacylglycerol biosynthesis III|g__Streptococcus.s__Streptococcus_pneumoniae	2.3125196693
PWY-5345: superpathway of L-methionine biosynthesis (by sulfhydrylation)	166.0438943530
PWY-5345: superpathway of L-methionine biosynthesis (by sulfhydrylation)|unclassified	39.3220475467
PWY4LZ-257: superpathway of fermentation (Chlamydomonas reinhardtii)	159.5818754891
PWY4LZ-257: superpathway of fermentation (Chlamydomonas reinhardtii)|unclassified	57.6714267043
PWY-7210: pyrimidine deoxyribonucleotides biosynthesis from CTP	145.1663707763
PWY-7210: pyrimidine deoxyribonucleotides biosynthesis from CTP|unclassified	14.0466108478
GALACTITOLCAT-PWY: galactitol degradation	143.6965618223
GALACTITOLCAT-PWY: galactitol degradation|g__Anaerostipes.s__Anaerostipes_hadrus	115.1089316332
SULFATE-CYS-PWY: superpathway of sulfate assimilation and cysteine biosynthesis	136.5949835466
SULFATE-CYS-PWY: superpathway of sulfate assimilation and cysteine biosynthesis|unclassified	32.6131575817
PWY-6595: superpathway of guanosine nucleotides degradation (plants)	133.3443546118
PWY-6595: superpathway of guanosine nucleotides degradation (plants)|unclassified	88.9242583828
PWY-6607: guanosine nucleotides degradation I	133.1443336219
PWY-6607: guanosine nucleotides degradation I|unclassified	101.4919734445
PWY-7371: 1,4-dihydroxy-6-naphthoate biosynthesis II	131.5737586965
PWY-7371: 1,4-dihydroxy-6-naphthoate biosynthesis II|unclassified	69.0555342013
PWY-6545: pyrimidine deoxyribonucleotides de novo biosynthesis III	131.1857982658
PWY-6545: pyrimidine deoxyribonucleotides de novo biosynthesis III|unclassified	13.0947513883
PWY-7184: pyrimidine deoxyribonucleotides de novo biosynthesis I	131.0992158740
PWY-7184: pyrimidine deoxyribonucleotides de novo biosynthesis I|unclassified	13.1022054324
P161-PWY: acetylene degradation (anaerobic)	128.9691573177
P161-PWY: acetylene degradation (anaerobic)|unclassified	48.8405023834
PWY3O-4107: NAD salvage pathway V (PNC V cycle)	126.7076882271
PWY-7117: C4 photosynthetic carbon assimilation cycle, PEPCK type	126.6999172437
METHGLYUT-PWY: superpathway of methylglyoxal degradation	125.4136028021
METHGLYUT-PWY: superpathway of methylglyoxal degradation|unclassified	16.0089924850
P105-PWY: TCA cycle IV (2-oxoglutarate decarboxylase)	113.5637767723
P105-PWY: TCA cycle IV (2-oxoglutarate decarboxylase)|unclassified	47.9254663979
PWY-241: C4 photosynthetic carbon assimilation cycle, NADP-ME type	107.0636104750
PWY-7315: dTDP-N-acetylthomosamine biosynthesis	96.0536402433
PWY-7315: dTDP-N-acetylthomosamine biosynthesis|g__Blautia.s__Blautia_sp_AF19_10LB	37.3700976970
PWY-7315: dTDP-N-acetylthomosamine biosynthesis|unclassified	34.7689231358
PWY-7185: UTP and CTP dephosphorylation I	88.4270820970
PWY-7185: UTP and CTP dephosphorylation I|g__Faecalibacterium.s__Faecalibacterium_prausnitzii	70.6837590389
PWY-7185: UTP and CTP dephosphorylation I|unclassified	10.0601019715
PWY-5913: partial TCA cycle (obligate autotrophs)	84.0785388398
PWY-5913: partial TCA cycle (obligate autotrophs)|unclassified	12.6468541845
PWY-5136: fatty acid &beta;-oxidation II (plant peroxisome)	83.4951731880
PROPFERM-PWY: superpathway of L-alanine fermentation (Stickland reaction)	79.2145859536
PWY-8188: L-alanine degradation VI (reductive Stickland reaction)	79.2145859536
PWY-8189: L-alanine degradation V (oxidative Stickland reaction)	79.2145859536
PWY-6922: L-N&delta;-acetylornithine biosynthesis	73.0256110394
PWY-6478: GDP-D-glycero-&alpha;-D-manno-heptose biosynthesis	72.2734864476
PWY-6478: GDP-D-glycero-&alpha;-D-manno-heptose biosynthesis|g__Bacteroides.s__Bacteroides_thetaiotaomicron	48.6338919585
PWY-6293: superpathway of L-cysteine biosynthesis (fungi)	68.1057338186
GALACTARDEG-PWY: D-galactarate degradation I	65.4686943959
GALACTARDEG-PWY: D-galactarate degradation I|g__Flavonifractor.s__Flavonifractor_plautii	11.6970869167
GLUCARGALACTSUPER-PWY: superpathway of D-glucarate and D-galactarate degradation	65.4686943959
GLUCARGALACTSUPER-PWY: superpathway of D-glucarate and D-galactarate degradation|g__Flavonifractor.s__Flavonifractor_plautii	11.6970869167
GLUCARDEG-PWY: D-glucarate degradation I	62.7310566451
SO4ASSIM-PWY: assimilatory sulfate reduction I	61.2719748339
SO4ASSIM-PWY: assimilatory sulfate reduction I|unclassified	15.0109398550
PWY-6143: CMP-pseudaminate biosynthesis	58.9921000851
PWY-7434: terminal O-glycans residues modification (via type 2 precursor disaccharide)	58.8837656931
PWY-7434: terminal O-glycans residues modification (via type 2 precursor disaccharide)|g__Bacteroides.s__Bacteroides_xylanisolvens	58.8837656931
PWY-7434: terminal O-glycans residues modification (via type 2 precursor disaccharide)|unclassified	7.1434905218
P125-PWY: superpathway of (R,R)-butanediol biosynthesis	52.1561955724
P125-PWY: superpathway of (R,R)-butanediol biosynthesis|g__Streptococcus.s__Streptococcus_thermophilus	38.4957060024
TCA: TCA cycle I (prokaryotic)	51.0630602335
TCA: TCA cycle I (prokaryotic)|unclassified	28.4234653162
PWY-5677: succinate fermentation to butanoate	50.0781240370
PWY66-391: fatty acid &beta;-oxidation VI (mammalian peroxisome)	49.8514927761
PWY-5004: superpathway of L-citrulline metabolism	48.8351882301
PWY0-781: aspartate superpathway	42.7493277359
PWY-801: homocysteine and cysteine interconversion	41.0734313825
P4-PWY: superpathway of L-lysine, L-threonine and L-methionine biosynthesis I	40.3989584503
PWY-6531: mannitol cycle	40.1663463620
PWY-6165: chorismate biosynthesis II (archaea)	38.4088473665
PWY-5494: pyruvate fermentation to propanoate II (acrylate pathway)	36.2682241112
PWY0-1415: superpathway of heme b biosynthesis from uroporphyrinogen-III	32.5072590037
HEME-BIOSYNTHESIS-II-1: heme b biosynthesis V (aerobic)	32.1350721670
LIPASYN-PWY: phospholipases	32.0625687767
LIPASYN-PWY: phospholipases|g__Blautia.s__Blautia_wexlerae	32.0625687767
PWY-822: fructan biosynthesis	31.7460317460
PWY-822: fructan biosynthesis|g__Streptococcus.s__Streptococcus_thermophilus	31.7460317460
PWY-7254: TCA cycle VII (acetate-producers)	30.7028230864
PWY-7254: TCA cycle VII (acetate-producers)|unclassified	27.0744061617
PWY-6876: isopropanol biosynthesis (engineered)	25.2060906487
PWY-6876: isopropanol biosynthesis (engineered)|g__Flavonifractor.s__Flavonifractor_plautii	17.5941415621
PWY-6876: isopropanol biosynthesis (engineered)|unclassified	17.2930781213
P124-PWY: Bifidobacterium shunt	21.1161295106
PWY490-3: nitrate reduction VI (assimilatory)	18.9764849968
PWY490-3: nitrate reduction VI (assimilatory)|unclassified	18.9033187218
PWY-6160: 3-dehydroquinate biosynthesis II (archaea)	14.4277189386
PWY-6803: phosphatidylcholine acyl editing	9.5617386222
PWY-6803: phosphatidylcholine acyl editing|unclassified	9.0394348054