# Pathway	CRSAFR-001-2-901_Abundance
UNMAPPED	4541946.8988456903
UNINTEGRATED	14676795.7519473266
UNINTEGRATED|unclassified	1985749.4460289741
UNINTEGRATED|g__Faecalibacterium.s__Faecalibacterium_prausnitzii	1729166.4890979999
UNINTEGRATED|g__Blautia.s__Blautia_obeum	986725.7391243730
UNINTEGRATED|g__Lachnospiraceae_unclassified.s__Eubacterium_rectale	831966.7962106456
UNINTEGRATED|g__Blautia.s__Ruminococcus_torques	612690.1200237693
UNINTEGRATED|g__Fusicatenibacter.s__Fusicatenibacter_saccharivorans	586292.5707481626
UNINTEGRATED|g__Subdoligranulum.s__Subdoligranulum_sp_APC924_74	518306.9327467481
UNINTEGRATED|g__Dorea.s__Dorea_longicatena	328829.1774715310
UNINTEGRATED|g__Anaerostipes.s__Anaerostipes_hadrus	313225.7131976468
UNINTEGRATED|g__Ruminococcus.s__Ruminococcus_bromii	308378.3756421454
UNINTEGRATED|g__Eubacterium.s__Eubacterium_hallii	286623.1576585199
UNINTEGRATED|g__Eubacterium.s__Eubacterium_eligens	242229.3993075454
UNINTEGRATED|g__Blautia.s__Blautia_sp	236287.6423508682
UNINTEGRATED|g__Dialister.s__Dialister_invisus	232895.1311198985
UNINTEGRATED|g__Bifidobacterium.s__Bifidobacterium_adolescentis	221833.6080028388
UNINTEGRATED|g__Roseburia.s__Roseburia_intestinalis	201058.2285749747
UNINTEGRATED|g__Blautia.s__Blautia_wexlerae	185378.4371660799
UNINTEGRATED|g__Roseburia.s__Roseburia_inulinivorans	182771.9736808584
UNINTEGRATED|g__Clostridiales_unclassified.s__Clostridiales_bacterium_KLE1615	182023.1278853729
UNINTEGRATED|g__Collinsella.s__Collinsella_aerofaciens	177398.1095532608
UNINTEGRATED|g__Methanosphaera.s__Methanosphaera_stadtmanae	177156.2617977666
UNINTEGRATED|g__Bacteroides.s__Bacteroides_uniformis	162891.3015828112
UNINTEGRATED|g__Clostridium.s__Clostridium_sp_CAG_465	161743.2892774947
UNINTEGRATED|g__Bifidobacterium.s__Bifidobacterium_longum	139562.5492453212
UNINTEGRATED|g__Bacteroides.s__Bacteroides_stercoris	130047.2050114491
UNINTEGRATED|g__Bacteroides.s__Bacteroides_cellulosilyticus	127149.9561780047
UNINTEGRATED|g__Firmicutes_unclassified.s__Firmicutes_bacterium_CAG_56	125405.8140411592
UNINTEGRATED|g__Gemmiger.s__Gemmiger_formicilis	124887.1394029589
UNINTEGRATED|g__Dorea.s__Dorea_formicigenerans	124782.0314430571
UNINTEGRATED|g__Ruminococcus.s__Ruminococcus_sp_CAG_403	119896.4535170553
UNINTEGRATED|g__Eubacterium.s__Eubacterium_ventriosum	106933.9905891290
UNINTEGRATED|g__Ruminococcus.s__Ruminococcus_lactaris	102717.2901952345
UNINTEGRATED|g__Eubacterium.s__Eubacterium_sp_CAG_180	97529.3531107212
UNINTEGRATED|g__Alistipes.s__Alistipes_putredinis	89472.0776349568
UNINTEGRATED|g__Agathobaculum.s__Agathobaculum_butyriciproducens	88853.2304839618
UNINTEGRATED|g__Coprococcus.s__Coprococcus_catus	87171.7721471593
UNINTEGRATED|g__Coprococcus.s__Coprococcus_comes	87150.5800984094
UNINTEGRATED|g__Clostridium.s__Clostridium_sp_CAG_75	85037.9592685455
UNINTEGRATED|g__Roseburia.s__Roseburia_faecis	80537.7931204263
UNINTEGRATED|g__Bifidobacterium.s__Bifidobacterium_pseudocatenulatum	75637.5737654504
UNINTEGRATED|g__Firmicutes_unclassified.s__Firmicutes_bacterium_CAG_103	73743.9994303683
UNINTEGRATED|g__Blautia.s__Blautia_sp_CAG_52	72157.2018028688
UNINTEGRATED|g__Bacteroides.s__Bacteroides_vulgatus	70252.7557609954
UNINTEGRATED|g__Bacteroides.s__Bacteroides_dorei	68777.5422518495
UNINTEGRATED|g__Eggerthella.s__Eggerthella_sp_CAG_209	67112.1865530914
UNINTEGRATED|g__Ruminococcus.s__Ruminococcus_bicirculans	66224.3952883147
UNINTEGRATED|g__Clostridium.s__Clostridium_sp_AF36_4	64982.9718519807
UNINTEGRATED|g__Eubacterium.s__Eubacterium_sp_CAG_115	63852.3323897872
UNINTEGRATED|g__Ruminococcus.s__Ruminococcus_sp_AF31_8BH	63449.3557748938
UNINTEGRATED|g__Flavonifractor.s__Flavonifractor_plautii	60591.3791706430
UNINTEGRATED|g__Roseburia.s__Roseburia_hominis	60530.1763492643
UNINTEGRATED|g__Firmicutes_unclassified.s__Firmicutes_bacterium_AF16_15	60304.8490494377
UNINTEGRATED|g__Clostridium.s__Clostridium_sp_AM22_11AC	56326.9224975659
UNINTEGRATED|g__Methanobrevibacter.s__Methanobrevibacter_smithii	55726.2141580478
UNINTEGRATED|g__Clostridium.s__Clostridium_sp_CAG_122	55639.3382714679
UNINTEGRATED|g__Eubacterium.s__Eubacterium_ramulus	54316.2416947240
UNINTEGRATED|g__Clostridium.s__Clostridium_sp_CAG_492	52319.6964085869
UNINTEGRATED|g__Bacteroides.s__Bacteroides_ovatus	49519.4156937581
UNINTEGRATED|g__Firmicutes_unclassified.s__Firmicutes_bacterium_CAG_176	48026.0525244126
UNINTEGRATED|g__Bacteroides.s__Bacteroides_intestinalis	39123.8339610361
UNINTEGRATED|g__Bilophila.s__Bilophila_wadsworthia	34260.6193038537
UNINTEGRATED|g__Lachnospira.s__Lachnospira_pectinoschiza	34201.2764493000
UNINTEGRATED|g__Clostridium.s__Clostridium_sp_CAG_417	33785.1847245236
UNINTEGRATED|g__Firmicutes_unclassified.s__Firmicutes_bacterium_CAG_41	33153.1724607678
UNINTEGRATED|g__Bacteroides.s__Bacteroides_massiliensis	32151.0471510331
UNINTEGRATED|g__Asaccharobacter.s__Asaccharobacter_celatus	29454.2190246172
UNINTEGRATED|g__Parabacteroides.s__Parabacteroides_distasonis	29177.5635470611
UNINTEGRATED|g__Streptococcus.s__Streptococcus_thermophilus	27321.4010292158
UNINTEGRATED|g__Candidatus_Gastranaerophilales_unclassified.s__Candidatus_Gastranaerophilales_bacterium_HUM_10	25738.1181512224
UNINTEGRATED|g__Firmicutes_unclassified.s__Firmicutes_bacterium_CAG_110	24534.7130072774
UNINTEGRATED|g__Eubacterium.s__Eubacterium_sp_AF17_7	21200.8500889769
UNINTEGRATED|g__Bacteroides.s__Bacteroides_xylanisolvens	20111.6558511174
UNINTEGRATED|g__Bacteroides.s__Bacteroides_clarus	17817.7596503749
UNINTEGRATED|g__Lawsonibacter.s__Lawsonibacter_asaccharolyticus	17606.9341174293
UNINTEGRATED|g__Alistipes.s__Alistipes_finegoldii	17505.2015200347
UNINTEGRATED|g__Anaeromassilibacillus.s__Anaeromassilibacillus_sp_An250	17033.0016549052
UNINTEGRATED|g__Bacteroides.s__Bacteroides_thetaiotaomicron	16634.0138945055
UNINTEGRATED|g__Flavonifractor.s__Flavonifractor_sp_An10	14919.7678203591
UNINTEGRATED|g__Bacteroides.s__Bacteroides_caccae	14754.5327582947
UNINTEGRATED|g__Firmicutes_unclassified.s__Firmicutes_bacterium_CAG_102	14658.8979898699
UNINTEGRATED|g__Barnesiella.s__Barnesiella_intestinihominis	14596.6685935932
UNINTEGRATED|g__Erysipelatoclostridium.s__Clostridium_spiroforme	12984.7227954620
UNINTEGRATED|g__Adlercreutzia.s__Adlercreutzia_equolifaciens	10553.2842811739
UNINTEGRATED|g__Firmicutes_unclassified.s__Firmicutes_bacterium_CAG_94	9972.7208404496
UNINTEGRATED|g__Clostridium.s__Clostridium_sp_CAG_269	9278.0810895255
UNINTEGRATED|g__Streptococcus.s__Streptococcus_pneumoniae	8092.3344790241
UNINTEGRATED|g__Streptococcus.s__Streptococcus_salivarius	7954.4862431807
UNINTEGRATED|g__Firmicutes_unclassified.s__Firmicutes_bacterium_CAG_129	7492.7875355986
UNINTEGRATED|g__Actinomyces.s__Actinomyces_sp_ICM47	5856.1916519767
UNINTEGRATED|g__Firmicutes_unclassified.s__Firmicutes_bacterium_CAG_240	5851.8252822301
UNINTEGRATED|g__Alistipes.s__Alistipes_onderdonkii	5552.7523611986
UNINTEGRATED|g__Acetobacter.s__Acetobacter_sp_CAG_267	5446.7637027519
UNINTEGRATED|g__Clostridium.s__Clostridium_sp_CAG_242	5329.4726870411
UNINTEGRATED|g__Parasutterella.s__Parasutterella_excrementihominis	4677.0632933888
UNINTEGRATED|g__Clostridium.s__Clostridium_sp_CAG_245	4566.4122717485
UNINTEGRATED|g__Intestinibacter.s__Intestinibacter_bartlettii	4453.2908042733
UNINTEGRATED|g__Desulfovibrio.s__Desulfovibrio_fairfieldensis	4126.2609141865
UNINTEGRATED|g__Clostridium.s__Clostridium_sp_CAG_307	3968.3018824453
UNINTEGRATED|g__Butyricimonas.s__Butyricimonas_virosa	3680.7582539508
UNINTEGRATED|g__Eubacterium.s__Eubacterium_sp_CAG_192	2815.2039243659
UNINTEGRATED|g__Eubacterium.s__Eubacterium_sp_CAG_161	2397.5168913429
UNINTEGRATED|g__Roseburia.s__Roseburia_sp_CAG_100	617.5067703951
PWY-7238: sucrose biosynthesis II	23447.4597620555
PWY-7238: sucrose biosynthesis II|unclassified	4961.2828519662
PWY-7238: sucrose biosynthesis II|g__Faecalibacterium.s__Faecalibacterium_prausnitzii	3491.5789044097
PWY-7238: sucrose biosynthesis II|g__Blautia.s__Blautia_obeum	1702.5368056531
PWY-7238: sucrose biosynthesis II|g__Blautia.s__Ruminococcus_torques	1298.6657093036
PWY-7238: sucrose biosynthesis II|g__Subdoligranulum.s__Subdoligranulum_sp_APC924_74	1061.4205626494
PWY-7238: sucrose biosynthesis II|g__Lachnospiraceae_unclassified.s__Eubacterium_rectale	1041.3522608495
PWY-7238: sucrose biosynthesis II|g__Ruminococcus.s__Ruminococcus_bromii	844.4563657828
PWY-7238: sucrose biosynthesis II|g__Fusicatenibacter.s__Fusicatenibacter_saccharivorans	719.4264372589
PWY-7238: sucrose biosynthesis II|g__Blautia.s__Blautia_sp	493.9830252199
PWY-7238: sucrose biosynthesis II|g__Collinsella.s__Collinsella_aerofaciens	472.7029314773
PWY-7238: sucrose biosynthesis II|g__Dorea.s__Dorea_longicatena	394.8373533938
PWY-7238: sucrose biosynthesis II|g__Anaerostipes.s__Anaerostipes_hadrus	380.9841210863
PWY-7238: sucrose biosynthesis II|g__Bifidobacterium.s__Bifidobacterium_adolescentis	378.6848174149
PWY-7238: sucrose biosynthesis II|g__Ruminococcus.s__Ruminococcus_sp_CAG_403	366.4556001190
PWY-7238: sucrose biosynthesis II|g__Clostridiales_unclassified.s__Clostridiales_bacterium_KLE1615	271.4002806543
PWY-7238: sucrose biosynthesis II|g__Eubacterium.s__Eubacterium_hallii	265.7482257462
PWY-7238: sucrose biosynthesis II|g__Blautia.s__Blautia_wexlerae	264.0113975728
PWY-7238: sucrose biosynthesis II|g__Eubacterium.s__Eubacterium_sp_CAG_115	260.9890396075
PWY-7238: sucrose biosynthesis II|g__Gemmiger.s__Gemmiger_formicilis	229.0722323299
PWY-7238: sucrose biosynthesis II|g__Eubacterium.s__Eubacterium_eligens	210.6629625788
PWY-7238: sucrose biosynthesis II|g__Eubacterium.s__Eubacterium_sp_CAG_180	195.1970642389
PWY-7238: sucrose biosynthesis II|g__Blautia.s__Blautia_sp_CAG_52	188.7401218242
PWY-7238: sucrose biosynthesis II|g__Bifidobacterium.s__Bifidobacterium_longum	183.6778570591
PWY-7238: sucrose biosynthesis II|g__Bifidobacterium.s__Bifidobacterium_pseudocatenulatum	162.7001010770
PWY-7238: sucrose biosynthesis II|g__Clostridium.s__Clostridium_sp_CAG_75	144.6963725899
PWY-7238: sucrose biosynthesis II|g__Ruminococcus.s__Ruminococcus_bicirculans	126.6855686273
PWY-7238: sucrose biosynthesis II|g__Roseburia.s__Roseburia_intestinalis	113.8084937096
PWY-7238: sucrose biosynthesis II|g__Roseburia.s__Roseburia_inulinivorans	112.3453396640
PWY-7238: sucrose biosynthesis II|g__Bacteroides.s__Bacteroides_stercoris	111.1807591904
PWY-7238: sucrose biosynthesis II|g__Firmicutes_unclassified.s__Firmicutes_bacterium_CAG_176	104.9543425337
PWY-7238: sucrose biosynthesis II|g__Clostridium.s__Clostridium_sp_CAG_122	103.1419443128
PWY-7238: sucrose biosynthesis II|g__Agathobaculum.s__Agathobaculum_butyriciproducens	93.3754097875
PWY-7238: sucrose biosynthesis II|g__Bacteroides.s__Bacteroides_uniformis	91.9696961977
PWY-7238: sucrose biosynthesis II|g__Clostridium.s__Clostridium_sp_AF36_4	91.6228706507
PWY-7238: sucrose biosynthesis II|g__Roseburia.s__Roseburia_faecis	80.8947122126
PWY-7238: sucrose biosynthesis II|g__Ruminococcus.s__Ruminococcus_lactaris	75.3177283972
PWY-7238: sucrose biosynthesis II|g__Coprococcus.s__Coprococcus_catus	69.5031547478
PWY-7238: sucrose biosynthesis II|g__Bacteroides.s__Bacteroides_cellulosilyticus	67.8219083651
PWY-7238: sucrose biosynthesis II|g__Dorea.s__Dorea_formicigenerans	48.8929318936
PWY-7238: sucrose biosynthesis II|g__Eubacterium.s__Eubacterium_ramulus	47.8778965021
PWY-7238: sucrose biosynthesis II|g__Firmicutes_unclassified.s__Firmicutes_bacterium_CAG_41	44.7880906063
PWY-7238: sucrose biosynthesis II|g__Firmicutes_unclassified.s__Firmicutes_bacterium_CAG_110	37.6480683750
PWY-7238: sucrose biosynthesis II|g__Firmicutes_unclassified.s__Firmicutes_bacterium_AF16_15	36.8295909661
PWY-7238: sucrose biosynthesis II|g__Ruminococcus.s__Ruminococcus_sp_AF31_8BH	28.3618884303
PWY-7238: sucrose biosynthesis II|g__Firmicutes_unclassified.s__Firmicutes_bacterium_CAG_129	27.1134642041
PWY-7238: sucrose biosynthesis II|g__Coprococcus.s__Coprococcus_comes	23.2839237016
PWY-7238: sucrose biosynthesis II|g__Bacteroides.s__Bacteroides_intestinalis	23.2490444527
PWY-7238: sucrose biosynthesis II|g__Bacteroides.s__Bacteroides_clarus	19.2359097764
PWY-7238: sucrose biosynthesis II|g__Firmicutes_unclassified.s__Firmicutes_bacterium_CAG_102	19.2298007293
PWY-7238: sucrose biosynthesis II|g__Firmicutes_unclassified.s__Firmicutes_bacterium_CAG_240	18.9956077434
PWY-7238: sucrose biosynthesis II|g__Firmicutes_unclassified.s__Firmicutes_bacterium_CAG_94	18.0250233897
PWY-7238: sucrose biosynthesis II|g__Flavonifractor.s__Flavonifractor_sp_An10	17.8288526154
PWY-7238: sucrose biosynthesis II|g__Flavonifractor.s__Flavonifractor_plautii	17.4995265519
PWY-7238: sucrose biosynthesis II|g__Acetobacter.s__Acetobacter_sp_CAG_267	15.7802744701
PWY-7238: sucrose biosynthesis II|g__Eubacterium.s__Eubacterium_sp_AF17_7	15.0948858886
PWY-7238: sucrose biosynthesis II|g__Lawsonibacter.s__Lawsonibacter_asaccharolyticus	14.2240157394
PWY-7238: sucrose biosynthesis II|g__Clostridium.s__Clostridium_sp_AM22_11AC	11.3466575950
PWY-7238: sucrose biosynthesis II|g__Streptococcus.s__Streptococcus_thermophilus	8.8062447254
PWY-7238: sucrose biosynthesis II|g__Eubacterium.s__Eubacterium_ventriosum	7.3636053466
PWY-7238: sucrose biosynthesis II|g__Eubacterium.s__Eubacterium_sp_CAG_192	7.2307451970
PWY-7238: sucrose biosynthesis II|g__Eubacterium.s__Eubacterium_sp_CAG_161	5.9948480112
PWY-7238: sucrose biosynthesis II|g__Streptococcus.s__Streptococcus_pneumoniae	1.3021144953
PWY-7238: sucrose biosynthesis II|g__Streptococcus.s__Streptococcus_salivarius	1.1134568855
PWY-5941: glycogen degradation II	18007.6143150712
PWY-5941: glycogen degradation II|g__Faecalibacterium.s__Faecalibacterium_prausnitzii	2780.2653806975
PWY-5941: glycogen degradation II|unclassified	1883.0076836320
PWY-5941: glycogen degradation II|g__Blautia.s__Blautia_obeum	1233.2902412406
PWY-5941: glycogen degradation II|g__Fusicatenibacter.s__Fusicatenibacter_saccharivorans	855.8256935290
PWY-5941: glycogen degradation II|g__Blautia.s__Ruminococcus_torques	745.9630956730
PWY-5941: glycogen degradation II|g__Blautia.s__Blautia_sp	519.8808411266
PWY-5941: glycogen degradation II|g__Collinsella.s__Collinsella_aerofaciens	491.1687775608
PWY-5941: glycogen degradation II|g__Anaerostipes.s__Anaerostipes_hadrus	412.8921836766
PWY-5941: glycogen degradation II|g__Dorea.s__Dorea_longicatena	355.3760035414
PWY-5941: glycogen degradation II|g__Blautia.s__Blautia_wexlerae	291.9432714997
PWY-5941: glycogen degradation II|g__Bifidobacterium.s__Bifidobacterium_adolescentis	283.5884456373
PWY-5941: glycogen degradation II|g__Eubacterium.s__Eubacterium_hallii	273.2833618205
PWY-5941: glycogen degradation II|g__Clostridiales_unclassified.s__Clostridiales_bacterium_KLE1615	263.2310784670
PWY-5941: glycogen degradation II|g__Eubacterium.s__Eubacterium_eligens	225.3558653311
PWY-5941: glycogen degradation II|g__Bifidobacterium.s__Bifidobacterium_longum	170.9304976877
PWY-5941: glycogen degradation II|g__Bifidobacterium.s__Bifidobacterium_pseudocatenulatum	162.9785645519
PWY-5941: glycogen degradation II|g__Blautia.s__Blautia_sp_CAG_52	132.2330730230
PWY-5941: glycogen degradation II|g__Roseburia.s__Roseburia_intestinalis	119.0472685997
PWY-5941: glycogen degradation II|g__Roseburia.s__Roseburia_inulinivorans	103.9602077609
PWY-5941: glycogen degradation II|g__Agathobaculum.s__Agathobaculum_butyriciproducens	92.5408847153
PWY-5941: glycogen degradation II|g__Roseburia.s__Roseburia_faecis	89.1231314819
PWY-5941: glycogen degradation II|g__Ruminococcus.s__Ruminococcus_lactaris	80.2515203514
PWY-5941: glycogen degradation II|g__Coprococcus.s__Coprococcus_catus	66.6948363138
PWY-5941: glycogen degradation II|g__Dorea.s__Dorea_formicigenerans	44.1624885255
PWY-5941: glycogen degradation II|g__Ruminococcus.s__Ruminococcus_sp_AF31_8BH	35.3260962744
PWY-5941: glycogen degradation II|g__Eubacterium.s__Eubacterium_ramulus	32.1806684502
PWY-5941: glycogen degradation II|g__Coprococcus.s__Coprococcus_comes	27.7248457045
PWY-5941: glycogen degradation II|g__Flavonifractor.s__Flavonifractor_sp_An10	18.2554292760
PWY-5941: glycogen degradation II|g__Flavonifractor.s__Flavonifractor_plautii	15.1021879407
PWY-5941: glycogen degradation II|g__Bacteroides.s__Bacteroides_ovatus	12.1849934285
PWY-5941: glycogen degradation II|g__Streptococcus.s__Streptococcus_thermophilus	9.1309839763
PWY-5941: glycogen degradation II|g__Bacteroides.s__Bacteroides_xylanisolvens	6.0261639988
PWY-5941: glycogen degradation II|g__Streptococcus.s__Streptococcus_pneumoniae	1.7570422422
PWY-5941: glycogen degradation II|g__Streptococcus.s__Streptococcus_salivarius	1.3788211096
GLYCOGENSYNTH-PWY: glycogen biosynthesis I (from ADP-D-Glucose)	17999.1916197521
GLYCOGENSYNTH-PWY: glycogen biosynthesis I (from ADP-D-Glucose)|unclassified	3607.0408480042
GLYCOGENSYNTH-PWY: glycogen biosynthesis I (from ADP-D-Glucose)|g__Faecalibacterium.s__Faecalibacterium_prausnitzii	2661.3278511427
GLYCOGENSYNTH-PWY: glycogen biosynthesis I (from ADP-D-Glucose)|g__Blautia.s__Ruminococcus_torques	1321.8109184616
GLYCOGENSYNTH-PWY: glycogen biosynthesis I (from ADP-D-Glucose)|g__Fusicatenibacter.s__Fusicatenibacter_saccharivorans	1192.1540498563
GLYCOGENSYNTH-PWY: glycogen biosynthesis I (from ADP-D-Glucose)|g__Blautia.s__Blautia_obeum	821.7086032682
GLYCOGENSYNTH-PWY: glycogen biosynthesis I (from ADP-D-Glucose)|g__Ruminococcus.s__Ruminococcus_bromii	787.3645818989
GLYCOGENSYNTH-PWY: glycogen biosynthesis I (from ADP-D-Glucose)|g__Subdoligranulum.s__Subdoligranulum_sp_APC924_74	655.7374091657
GLYCOGENSYNTH-PWY: glycogen biosynthesis I (from ADP-D-Glucose)|g__Anaerostipes.s__Anaerostipes_hadrus	631.0207910265
GLYCOGENSYNTH-PWY: glycogen biosynthesis I (from ADP-D-Glucose)|g__Blautia.s__Blautia_sp	408.2249786858
GLYCOGENSYNTH-PWY: glycogen biosynthesis I (from ADP-D-Glucose)|g__Eubacterium.s__Eubacterium_hallii	390.5430286178
GLYCOGENSYNTH-PWY: glycogen biosynthesis I (from ADP-D-Glucose)|g__Lachnospiraceae_unclassified.s__Eubacterium_rectale	366.9878599462
GLYCOGENSYNTH-PWY: glycogen biosynthesis I (from ADP-D-Glucose)|g__Blautia.s__Blautia_wexlerae	356.6777639376
GLYCOGENSYNTH-PWY: glycogen biosynthesis I (from ADP-D-Glucose)|g__Dorea.s__Dorea_longicatena	353.9158555903
GLYCOGENSYNTH-PWY: glycogen biosynthesis I (from ADP-D-Glucose)|g__Collinsella.s__Collinsella_aerofaciens	342.7072350544
GLYCOGENSYNTH-PWY: glycogen biosynthesis I (from ADP-D-Glucose)|g__Eubacterium.s__Eubacterium_eligens	240.3995006346
GLYCOGENSYNTH-PWY: glycogen biosynthesis I (from ADP-D-Glucose)|g__Eubacterium.s__Eubacterium_sp_CAG_180	232.1539771129
GLYCOGENSYNTH-PWY: glycogen biosynthesis I (from ADP-D-Glucose)|g__Bifidobacterium.s__Bifidobacterium_adolescentis	192.5931726480
GLYCOGENSYNTH-PWY: glycogen biosynthesis I (from ADP-D-Glucose)|g__Ruminococcus.s__Ruminococcus_sp_CAG_403	192.4496317423
GLYCOGENSYNTH-PWY: glycogen biosynthesis I (from ADP-D-Glucose)|g__Gemmiger.s__Gemmiger_formicilis	185.5107192040
GLYCOGENSYNTH-PWY: glycogen biosynthesis I (from ADP-D-Glucose)|g__Firmicutes_unclassified.s__Firmicutes_bacterium_CAG_56	181.1584167918
GLYCOGENSYNTH-PWY: glycogen biosynthesis I (from ADP-D-Glucose)|g__Clostridiales_unclassified.s__Clostridiales_bacterium_KLE1615	173.5127960302
GLYCOGENSYNTH-PWY: glycogen biosynthesis I (from ADP-D-Glucose)|g__Agathobaculum.s__Agathobaculum_butyriciproducens	132.4659283604
GLYCOGENSYNTH-PWY: glycogen biosynthesis I (from ADP-D-Glucose)|g__Firmicutes_unclassified.s__Firmicutes_bacterium_CAG_103	129.6348860650
GLYCOGENSYNTH-PWY: glycogen biosynthesis I (from ADP-D-Glucose)|g__Roseburia.s__Roseburia_intestinalis	122.9909336267
GLYCOGENSYNTH-PWY: glycogen biosynthesis I (from ADP-D-Glucose)|g__Bifidobacterium.s__Bifidobacterium_longum	116.9724144045
GLYCOGENSYNTH-PWY: glycogen biosynthesis I (from ADP-D-Glucose)|g__Firmicutes_unclassified.s__Firmicutes_bacterium_CAG_176	113.1907486425
GLYCOGENSYNTH-PWY: glycogen biosynthesis I (from ADP-D-Glucose)|g__Clostridium.s__Clostridium_sp_CAG_75	104.0801329421
GLYCOGENSYNTH-PWY: glycogen biosynthesis I (from ADP-D-Glucose)|g__Blautia.s__Blautia_sp_CAG_52	95.0458864620
GLYCOGENSYNTH-PWY: glycogen biosynthesis I (from ADP-D-Glucose)|g__Clostridium.s__Clostridium_sp_AF36_4	94.4310725797
GLYCOGENSYNTH-PWY: glycogen biosynthesis I (from ADP-D-Glucose)|g__Roseburia.s__Roseburia_inulinivorans	93.3949207127
GLYCOGENSYNTH-PWY: glycogen biosynthesis I (from ADP-D-Glucose)|g__Roseburia.s__Roseburia_faecis	92.4181263629
GLYCOGENSYNTH-PWY: glycogen biosynthesis I (from ADP-D-Glucose)|g__Bifidobacterium.s__Bifidobacterium_pseudocatenulatum	89.5238825080
GLYCOGENSYNTH-PWY: glycogen biosynthesis I (from ADP-D-Glucose)|g__Ruminococcus.s__Ruminococcus_lactaris	76.2007408138
GLYCOGENSYNTH-PWY: glycogen biosynthesis I (from ADP-D-Glucose)|g__Ruminococcus.s__Ruminococcus_bicirculans	72.4440565979
GLYCOGENSYNTH-PWY: glycogen biosynthesis I (from ADP-D-Glucose)|g__Coprococcus.s__Coprococcus_catus	66.6675926889
GLYCOGENSYNTH-PWY: glycogen biosynthesis I (from ADP-D-Glucose)|g__Coprococcus.s__Coprococcus_comes	63.3134881405
GLYCOGENSYNTH-PWY: glycogen biosynthesis I (from ADP-D-Glucose)|g__Eubacterium.s__Eubacterium_sp_CAG_115	60.1882532506
GLYCOGENSYNTH-PWY: glycogen biosynthesis I (from ADP-D-Glucose)|g__Clostridium.s__Clostridium_sp_CAG_122	59.7952258260
GLYCOGENSYNTH-PWY: glycogen biosynthesis I (from ADP-D-Glucose)|g__Dorea.s__Dorea_formicigenerans	58.9050870826
GLYCOGENSYNTH-PWY: glycogen biosynthesis I (from ADP-D-Glucose)|g__Firmicutes_unclassified.s__Firmicutes_bacterium_AF16_15	48.6396529023
GLYCOGENSYNTH-PWY: glycogen biosynthesis I (from ADP-D-Glucose)|g__Ruminococcus.s__Ruminococcus_sp_AF31_8BH	46.8450637484
GLYCOGENSYNTH-PWY: glycogen biosynthesis I (from ADP-D-Glucose)|g__Firmicutes_unclassified.s__Firmicutes_bacterium_CAG_41	38.0283197669
GLYCOGENSYNTH-PWY: glycogen biosynthesis I (from ADP-D-Glucose)|g__Candidatus_Gastranaerophilales_unclassified.s__Candidatus_Gastranaerophilales_bacterium_HUM_10	27.6946363838
GLYCOGENSYNTH-PWY: glycogen biosynthesis I (from ADP-D-Glucose)|g__Lawsonibacter.s__Lawsonibacter_asaccharolyticus	20.3820475077
GLYCOGENSYNTH-PWY: glycogen biosynthesis I (from ADP-D-Glucose)|g__Firmicutes_unclassified.s__Firmicutes_bacterium_CAG_110	18.8944354961
GLYCOGENSYNTH-PWY: glycogen biosynthesis I (from ADP-D-Glucose)|g__Clostridium.s__Clostridium_sp_AM22_11AC	17.7595455552
GLYCOGENSYNTH-PWY: glycogen biosynthesis I (from ADP-D-Glucose)|g__Firmicutes_unclassified.s__Firmicutes_bacterium_CAG_94	14.4928787664
GLYCOGENSYNTH-PWY: glycogen biosynthesis I (from ADP-D-Glucose)|g__Eubacterium.s__Eubacterium_sp_AF17_7	13.6133815163
GLYCOGENSYNTH-PWY: glycogen biosynthesis I (from ADP-D-Glucose)|g__Flavonifractor.s__Flavonifractor_plautii	12.2782696310
GLYCOGENSYNTH-PWY: glycogen biosynthesis I (from ADP-D-Glucose)|g__Eubacterium.s__Eubacterium_ramulus	12.2655623868
GLYCOGENSYNTH-PWY: glycogen biosynthesis I (from ADP-D-Glucose)|g__Bacteroides.s__Bacteroides_ovatus	11.5644143648
GLYCOGENSYNTH-PWY: glycogen biosynthesis I (from ADP-D-Glucose)|g__Flavonifractor.s__Flavonifractor_sp_An10	10.6981394870
GLYCOGENSYNTH-PWY: glycogen biosynthesis I (from ADP-D-Glucose)|g__Roseburia.s__Roseburia_hominis	8.3227506227
GLYCOGENSYNTH-PWY: glycogen biosynthesis I (from ADP-D-Glucose)|g__Firmicutes_unclassified.s__Firmicutes_bacterium_CAG_102	7.9895597320
GLYCOGENSYNTH-PWY: glycogen biosynthesis I (from ADP-D-Glucose)|g__Bacteroides.s__Bacteroides_thetaiotaomicron	6.5998479642
GLYCOGENSYNTH-PWY: glycogen biosynthesis I (from ADP-D-Glucose)|g__Bacteroides.s__Bacteroides_caccae	5.7120706139
GLYCOGENSYNTH-PWY: glycogen biosynthesis I (from ADP-D-Glucose)|g__Bacteroides.s__Bacteroides_xylanisolvens	5.6054724892
GLYCOGENSYNTH-PWY: glycogen biosynthesis I (from ADP-D-Glucose)|g__Streptococcus.s__Streptococcus_salivarius	3.5324830894
VALSYN-PWY: L-valine biosynthesis	16445.7239326297
VALSYN-PWY: L-valine biosynthesis|g__Faecalibacterium.s__Faecalibacterium_prausnitzii	2352.3058922677
VALSYN-PWY: L-valine biosynthesis|unclassified	2007.6124898428
VALSYN-PWY: L-valine biosynthesis|g__Ruminococcus.s__Ruminococcus_bromii	961.5851002867
VALSYN-PWY: L-valine biosynthesis|g__Blautia.s__Ruminococcus_torques	943.6283763368
VALSYN-PWY: L-valine biosynthesis|g__Blautia.s__Blautia_obeum	843.7470560852
VALSYN-PWY: L-valine biosynthesis|g__Subdoligranulum.s__Subdoligranulum_sp_APC924_74	823.1633448145
VALSYN-PWY: L-valine biosynthesis|g__Lachnospiraceae_unclassified.s__Eubacterium_rectale	622.1446090145
VALSYN-PWY: L-valine biosynthesis|g__Fusicatenibacter.s__Fusicatenibacter_saccharivorans	520.5823293460
VALSYN-PWY: L-valine biosynthesis|g__Blautia.s__Blautia_sp	367.7737066912
VALSYN-PWY: L-valine biosynthesis|g__Anaerostipes.s__Anaerostipes_hadrus	366.9630315652
VALSYN-PWY: L-valine biosynthesis|g__Gemmiger.s__Gemmiger_formicilis	336.3529785712
VALSYN-PWY: L-valine biosynthesis|g__Bifidobacterium.s__Bifidobacterium_adolescentis	329.3173760741
VALSYN-PWY: L-valine biosynthesis|g__Ruminococcus.s__Ruminococcus_sp_CAG_403	260.8130668068
VALSYN-PWY: L-valine biosynthesis|g__Dorea.s__Dorea_longicatena	254.2140151070
VALSYN-PWY: L-valine biosynthesis|g__Eubacterium.s__Eubacterium_eligens	251.5185825398
VALSYN-PWY: L-valine biosynthesis|g__Eubacterium.s__Eubacterium_sp_CAG_180	218.0079517260
VALSYN-PWY: L-valine biosynthesis|g__Eubacterium.s__Eubacterium_hallii	193.2704278094
VALSYN-PWY: L-valine biosynthesis|g__Blautia.s__Blautia_wexlerae	188.7003453340
VALSYN-PWY: L-valine biosynthesis|g__Clostridiales_unclassified.s__Clostridiales_bacterium_KLE1615	171.3590038777
VALSYN-PWY: L-valine biosynthesis|g__Firmicutes_unclassified.s__Firmicutes_bacterium_CAG_56	163.9218709807
VALSYN-PWY: L-valine biosynthesis|g__Bifidobacterium.s__Bifidobacterium_longum	151.6561970446
VALSYN-PWY: L-valine biosynthesis|g__Eggerthella.s__Eggerthella_sp_CAG_209	151.5399625101
VALSYN-PWY: L-valine biosynthesis|g__Roseburia.s__Roseburia_intestinalis	122.2083581492
VALSYN-PWY: L-valine biosynthesis|g__Bifidobacterium.s__Bifidobacterium_pseudocatenulatum	118.8855419238
VALSYN-PWY: L-valine biosynthesis|g__Methanobrevibacter.s__Methanobrevibacter_smithii	108.3960075124
VALSYN-PWY: L-valine biosynthesis|g__Clostridium.s__Clostridium_sp_CAG_122	103.2538329006
VALSYN-PWY: L-valine biosynthesis|g__Agathobaculum.s__Agathobaculum_butyriciproducens	101.3642841169
VALSYN-PWY: L-valine biosynthesis|g__Blautia.s__Blautia_sp_CAG_52	89.2243109498
VALSYN-PWY: L-valine biosynthesis|g__Ruminococcus.s__Ruminococcus_bicirculans	88.9524307076
VALSYN-PWY: L-valine biosynthesis|g__Bacteroides.s__Bacteroides_uniformis	88.1844858047
VALSYN-PWY: L-valine biosynthesis|g__Bacteroides.s__Bacteroides_stercoris	84.3513989161
VALSYN-PWY: L-valine biosynthesis|g__Eubacterium.s__Eubacterium_sp_CAG_115	77.8142301815
VALSYN-PWY: L-valine biosynthesis|g__Roseburia.s__Roseburia_inulinivorans	75.7161360234
VALSYN-PWY: L-valine biosynthesis|g__Ruminococcus.s__Ruminococcus_lactaris	74.6983180539
VALSYN-PWY: L-valine biosynthesis|g__Clostridium.s__Clostridium_sp_AF36_4	60.8935963191
VALSYN-PWY: L-valine biosynthesis|g__Coprococcus.s__Coprococcus_catus	59.5136315266
VALSYN-PWY: L-valine biosynthesis|g__Methanosphaera.s__Methanosphaera_stadtmanae	56.3752576592
VALSYN-PWY: L-valine biosynthesis|g__Firmicutes_unclassified.s__Firmicutes_bacterium_CAG_41	51.9483470552
VALSYN-PWY: L-valine biosynthesis|g__Bacteroides.s__Bacteroides_dorei	46.1691138955
VALSYN-PWY: L-valine biosynthesis|g__Lawsonibacter.s__Lawsonibacter_asaccharolyticus	43.9848068248
VALSYN-PWY: L-valine biosynthesis|g__Roseburia.s__Roseburia_faecis	42.3438827022
VALSYN-PWY: L-valine biosynthesis|g__Flavonifractor.s__Flavonifractor_sp_An10	39.1068821632
VALSYN-PWY: L-valine biosynthesis|g__Dorea.s__Dorea_formicigenerans	38.8294616947
VALSYN-PWY: L-valine biosynthesis|g__Eubacterium.s__Eubacterium_ramulus	37.5471713502
VALSYN-PWY: L-valine biosynthesis|g__Ruminococcus.s__Ruminococcus_sp_AF31_8BH	35.2627617581
VALSYN-PWY: L-valine biosynthesis|g__Asaccharobacter.s__Asaccharobacter_celatus	34.0597962422
VALSYN-PWY: L-valine biosynthesis|g__Bilophila.s__Bilophila_wadsworthia	33.0306804113
VALSYN-PWY: L-valine biosynthesis|g__Firmicutes_unclassified.s__Firmicutes_bacterium_AF16_15	32.8546605481
VALSYN-PWY: L-valine biosynthesis|g__Streptococcus.s__Streptococcus_thermophilus	32.2726386022
VALSYN-PWY: L-valine biosynthesis|g__Candidatus_Gastranaerophilales_unclassified.s__Candidatus_Gastranaerophilales_bacterium_HUM_10	31.2273557241
VALSYN-PWY: L-valine biosynthesis|g__Adlercreutzia.s__Adlercreutzia_equolifaciens	26.4457832507
VALSYN-PWY: L-valine biosynthesis|g__Bacteroides.s__Bacteroides_massiliensis	26.2030492523
VALSYN-PWY: L-valine biosynthesis|g__Eubacterium.s__Eubacterium_sp_AF17_7	25.4227281843
VALSYN-PWY: L-valine biosynthesis|g__Bacteroides.s__Bacteroides_vulgatus	24.9151859082
VALSYN-PWY: L-valine biosynthesis|g__Actinomyces.s__Actinomyces_sp_ICM47	23.9538289398
VALSYN-PWY: L-valine biosynthesis|g__Bacteroides.s__Bacteroides_cellulosilyticus	22.9319259634
VALSYN-PWY: L-valine biosynthesis|g__Firmicutes_unclassified.s__Firmicutes_bacterium_CAG_102	22.0644133451
VALSYN-PWY: L-valine biosynthesis|g__Bacteroides.s__Bacteroides_ovatus	21.7779411944
VALSYN-PWY: L-valine biosynthesis|g__Clostridium.s__Clostridium_sp_AM22_11AC	20.9089051568
VALSYN-PWY: L-valine biosynthesis|g__Flavonifractor.s__Flavonifractor_plautii	20.0858466631
VALSYN-PWY: L-valine biosynthesis|g__Bacteroides.s__Bacteroides_intestinalis	19.3758268444
VALSYN-PWY: L-valine biosynthesis|g__Coprococcus.s__Coprococcus_comes	19.0018934760
VALSYN-PWY: L-valine biosynthesis|g__Barnesiella.s__Barnesiella_intestinihominis	17.7655491643
VALSYN-PWY: L-valine biosynthesis|g__Bacteroides.s__Bacteroides_clarus	15.4686987132
VALSYN-PWY: L-valine biosynthesis|g__Roseburia.s__Roseburia_hominis	11.8161872997
VALSYN-PWY: L-valine biosynthesis|g__Alistipes.s__Alistipes_finegoldii	11.1136479317
VALSYN-PWY: L-valine biosynthesis|g__Eubacterium.s__Eubacterium_ventriosum	10.7770943313
VALSYN-PWY: L-valine biosynthesis|g__Roseburia.s__Roseburia_sp_CAG_100	9.9849802261
VALSYN-PWY: L-valine biosynthesis|g__Anaeromassilibacillus.s__Anaeromassilibacillus_sp_An250	8.8204203411
VALSYN-PWY: L-valine biosynthesis|g__Bacteroides.s__Bacteroides_caccae	8.7515303169
VALSYN-PWY: L-valine biosynthesis|g__Parabacteroides.s__Parabacteroides_distasonis	8.1445218815
VALSYN-PWY: L-valine biosynthesis|g__Bacteroides.s__Bacteroides_xylanisolvens	7.8710049087
VALSYN-PWY: L-valine biosynthesis|g__Desulfovibrio.s__Desulfovibrio_fairfieldensis	7.6324478623
VALSYN-PWY: L-valine biosynthesis|g__Alistipes.s__Alistipes_onderdonkii	7.4264181489
VALSYN-PWY: L-valine biosynthesis|g__Streptococcus.s__Streptococcus_salivarius	7.2792066697
VALSYN-PWY: L-valine biosynthesis|g__Streptococcus.s__Streptococcus_pneumoniae	6.3773403459
VALSYN-PWY: L-valine biosynthesis|g__Bacteroides.s__Bacteroides_thetaiotaomicron	3.7996015177
PWY-1042: glycolysis IV	16093.9162627154
PWY-1042: glycolysis IV|g__Faecalibacterium.s__Faecalibacterium_prausnitzii	1974.0724642959
PWY-1042: glycolysis IV|unclassified	1782.9178429165
PWY-1042: glycolysis IV|g__Blautia.s__Ruminococcus_torques	941.5231258627
PWY-1042: glycolysis IV|g__Anaerostipes.s__Anaerostipes_hadrus	638.3051984922
PWY-1042: glycolysis IV|g__Fusicatenibacter.s__Fusicatenibacter_saccharivorans	637.9088551458
PWY-1042: glycolysis IV|g__Blautia.s__Blautia_sp	589.9301433491
PWY-1042: glycolysis IV|g__Lachnospiraceae_unclassified.s__Eubacterium_rectale	589.3392376185
PWY-1042: glycolysis IV|g__Collinsella.s__Collinsella_aerofaciens	342.3166804029
PWY-1042: glycolysis IV|g__Eubacterium.s__Eubacterium_hallii	266.5786849675
PWY-1042: glycolysis IV|g__Blautia.s__Blautia_wexlerae	216.1520072927
PWY-1042: glycolysis IV|g__Eubacterium.s__Eubacterium_eligens	202.2126505363
PWY-1042: glycolysis IV|g__Dorea.s__Dorea_longicatena	160.0429016025
PWY-1042: glycolysis IV|g__Blautia.s__Blautia_obeum	141.3050064056
PWY-1042: glycolysis IV|g__Blautia.s__Blautia_sp_CAG_52	116.6455252874
PWY-1042: glycolysis IV|g__Agathobaculum.s__Agathobaculum_butyriciproducens	96.5267284178
PWY-1042: glycolysis IV|g__Ruminococcus.s__Ruminococcus_bicirculans	89.5254132792
PWY-1042: glycolysis IV|g__Alistipes.s__Alistipes_putredinis	88.6589450746
PWY-1042: glycolysis IV|g__Clostridium.s__Clostridium_sp_AF36_4	80.4603532530
PWY-1042: glycolysis IV|g__Coprococcus.s__Coprococcus_catus	79.9574644546
PWY-1042: glycolysis IV|g__Roseburia.s__Roseburia_intestinalis	75.3472276607
PWY-1042: glycolysis IV|g__Bacteroides.s__Bacteroides_dorei	72.8314455680
PWY-1042: glycolysis IV|g__Clostridium.s__Clostridium_sp_CAG_122	65.8310096608
PWY-1042: glycolysis IV|g__Roseburia.s__Roseburia_faecis	65.6039745376
PWY-1042: glycolysis IV|g__Ruminococcus.s__Ruminococcus_lactaris	64.7825147301
PWY-1042: glycolysis IV|g__Bacteroides.s__Bacteroides_massiliensis	55.2207227818
PWY-1042: glycolysis IV|g__Roseburia.s__Roseburia_inulinivorans	51.8377013968
PWY-1042: glycolysis IV|g__Bacteroides.s__Bacteroides_vulgatus	50.6696279958
PWY-1042: glycolysis IV|g__Ruminococcus.s__Ruminococcus_sp_AF31_8BH	27.1387231580
PWY-1042: glycolysis IV|g__Firmicutes_unclassified.s__Firmicutes_bacterium_CAG_102	25.3893466416
PWY-1042: glycolysis IV|g__Streptococcus.s__Streptococcus_thermophilus	24.5649758335
PWY-1042: glycolysis IV|g__Flavonifractor.s__Flavonifractor_sp_An10	17.5842949191
PWY-1042: glycolysis IV|g__Coprococcus.s__Coprococcus_comes	16.8536857372
PWY-1042: glycolysis IV|g__Eubacterium.s__Eubacterium_sp_AF17_7	11.9617751800
PWY-1042: glycolysis IV|g__Roseburia.s__Roseburia_hominis	10.3655761200
PWY-1042: glycolysis IV|g__Streptococcus.s__Streptococcus_salivarius	10.2350231491
PWY-1042: glycolysis IV|g__Streptococcus.s__Streptococcus_pneumoniae	9.1438357836
ARGSYNBSUB-PWY: L-arginine biosynthesis II (acetyl cycle)	15580.3012130434
ARGSYNBSUB-PWY: L-arginine biosynthesis II (acetyl cycle)|unclassified	3512.8378758834
ARGSYNBSUB-PWY: L-arginine biosynthesis II (acetyl cycle)|g__Faecalibacterium.s__Faecalibacterium_prausnitzii	2218.4503049518
ARGSYNBSUB-PWY: L-arginine biosynthesis II (acetyl cycle)|g__Subdoligranulum.s__Subdoligranulum_sp_APC924_74	871.3039493426
ARGSYNBSUB-PWY: L-arginine biosynthesis II (acetyl cycle)|g__Ruminococcus.s__Ruminococcus_bromii	800.7683341943
ARGSYNBSUB-PWY: L-arginine biosynthesis II (acetyl cycle)|g__Blautia.s__Ruminococcus_torques	789.0204378183
ARGSYNBSUB-PWY: L-arginine biosynthesis II (acetyl cycle)|g__Fusicatenibacter.s__Fusicatenibacter_saccharivorans	655.9661691979
ARGSYNBSUB-PWY: L-arginine biosynthesis II (acetyl cycle)|g__Blautia.s__Blautia_obeum	603.0197693181
ARGSYNBSUB-PWY: L-arginine biosynthesis II (acetyl cycle)|g__Lachnospiraceae_unclassified.s__Eubacterium_rectale	452.8608018008
ARGSYNBSUB-PWY: L-arginine biosynthesis II (acetyl cycle)|g__Blautia.s__Blautia_sp	359.6005331455
ARGSYNBSUB-PWY: L-arginine biosynthesis II (acetyl cycle)|g__Collinsella.s__Collinsella_aerofaciens	299.4176709108
ARGSYNBSUB-PWY: L-arginine biosynthesis II (acetyl cycle)|g__Gemmiger.s__Gemmiger_formicilis	293.5243911713
ARGSYNBSUB-PWY: L-arginine biosynthesis II (acetyl cycle)|g__Blautia.s__Blautia_wexlerae	283.5505166801
ARGSYNBSUB-PWY: L-arginine biosynthesis II (acetyl cycle)|g__Anaerostipes.s__Anaerostipes_hadrus	283.1937604560
ARGSYNBSUB-PWY: L-arginine biosynthesis II (acetyl cycle)|g__Ruminococcus.s__Ruminococcus_sp_CAG_403	244.5010056784
ARGSYNBSUB-PWY: L-arginine biosynthesis II (acetyl cycle)|g__Bifidobacterium.s__Bifidobacterium_adolescentis	222.7069360468
ARGSYNBSUB-PWY: L-arginine biosynthesis II (acetyl cycle)|g__Eubacterium.s__Eubacterium_eligens	195.1335317225
ARGSYNBSUB-PWY: L-arginine biosynthesis II (acetyl cycle)|g__Dorea.s__Dorea_longicatena	173.5533970685
ARGSYNBSUB-PWY: L-arginine biosynthesis II (acetyl cycle)|g__Firmicutes_unclassified.s__Firmicutes_bacterium_CAG_56	160.2281989046
ARGSYNBSUB-PWY: L-arginine biosynthesis II (acetyl cycle)|g__Clostridiales_unclassified.s__Clostridiales_bacterium_KLE1615	155.1244386887
ARGSYNBSUB-PWY: L-arginine biosynthesis II (acetyl cycle)|g__Eggerthella.s__Eggerthella_sp_CAG_209	140.5612543318
ARGSYNBSUB-PWY: L-arginine biosynthesis II (acetyl cycle)|g__Blautia.s__Blautia_sp_CAG_52	119.0756777862
ARGSYNBSUB-PWY: L-arginine biosynthesis II (acetyl cycle)|g__Eubacterium.s__Eubacterium_hallii	107.8042356038
ARGSYNBSUB-PWY: L-arginine biosynthesis II (acetyl cycle)|g__Bifidobacterium.s__Bifidobacterium_longum	102.5022146001
ARGSYNBSUB-PWY: L-arginine biosynthesis II (acetyl cycle)|g__Methanobrevibacter.s__Methanobrevibacter_smithii	101.4507111047
ARGSYNBSUB-PWY: L-arginine biosynthesis II (acetyl cycle)|g__Clostridium.s__Clostridium_sp_CAG_75	98.5655712591
ARGSYNBSUB-PWY: L-arginine biosynthesis II (acetyl cycle)|g__Ruminococcus.s__Ruminococcus_bicirculans	87.2863122736
ARGSYNBSUB-PWY: L-arginine biosynthesis II (acetyl cycle)|g__Eubacterium.s__Eubacterium_sp_CAG_115	79.7474799759
ARGSYNBSUB-PWY: L-arginine biosynthesis II (acetyl cycle)|g__Agathobaculum.s__Agathobaculum_butyriciproducens	79.5297489447
ARGSYNBSUB-PWY: L-arginine biosynthesis II (acetyl cycle)|g__Clostridium.s__Clostridium_sp_CAG_122	74.8167650180
ARGSYNBSUB-PWY: L-arginine biosynthesis II (acetyl cycle)|g__Clostridium.s__Clostridium_sp_AF36_4	69.6949534517
ARGSYNBSUB-PWY: L-arginine biosynthesis II (acetyl cycle)|g__Coprococcus.s__Coprococcus_catus	68.0590312365
ARGSYNBSUB-PWY: L-arginine biosynthesis II (acetyl cycle)|g__Bifidobacterium.s__Bifidobacterium_pseudocatenulatum	67.1636789256
ARGSYNBSUB-PWY: L-arginine biosynthesis II (acetyl cycle)|g__Roseburia.s__Roseburia_intestinalis	63.3655183540
ARGSYNBSUB-PWY: L-arginine biosynthesis II (acetyl cycle)|g__Ruminococcus.s__Ruminococcus_lactaris	60.2002467100
ARGSYNBSUB-PWY: L-arginine biosynthesis II (acetyl cycle)|g__Roseburia.s__Roseburia_inulinivorans	50.1961544819
ARGSYNBSUB-PWY: L-arginine biosynthesis II (acetyl cycle)|g__Methanosphaera.s__Methanosphaera_stadtmanae	45.7444046769
ARGSYNBSUB-PWY: L-arginine biosynthesis II (acetyl cycle)|g__Roseburia.s__Roseburia_faecis	40.6311444160
ARGSYNBSUB-PWY: L-arginine biosynthesis II (acetyl cycle)|g__Firmicutes_unclassified.s__Firmicutes_bacterium_AF16_15	40.6029698714
ARGSYNBSUB-PWY: L-arginine biosynthesis II (acetyl cycle)|g__Dorea.s__Dorea_formicigenerans	36.5833918293
ARGSYNBSUB-PWY: L-arginine biosynthesis II (acetyl cycle)|g__Adlercreutzia.s__Adlercreutzia_equolifaciens	35.2159845192
ARGSYNBSUB-PWY: L-arginine biosynthesis II (acetyl cycle)|g__Bilophila.s__Bilophila_wadsworthia	34.0706850993
ARGSYNBSUB-PWY: L-arginine biosynthesis II (acetyl cycle)|g__Flavonifractor.s__Flavonifractor_plautii	25.3812930357
ARGSYNBSUB-PWY: L-arginine biosynthesis II (acetyl cycle)|g__Lawsonibacter.s__Lawsonibacter_asaccharolyticus	24.5786376060
ARGSYNBSUB-PWY: L-arginine biosynthesis II (acetyl cycle)|g__Firmicutes_unclassified.s__Firmicutes_bacterium_CAG_94	21.8666908390
ARGSYNBSUB-PWY: L-arginine biosynthesis II (acetyl cycle)|g__Flavonifractor.s__Flavonifractor_sp_An10	19.1912680299
ARGSYNBSUB-PWY: L-arginine biosynthesis II (acetyl cycle)|g__Streptococcus.s__Streptococcus_thermophilus	19.0256909608
ARGSYNBSUB-PWY: L-arginine biosynthesis II (acetyl cycle)|g__Coprococcus.s__Coprococcus_comes	16.6632448142
ARGSYNBSUB-PWY: L-arginine biosynthesis II (acetyl cycle)|g__Clostridium.s__Clostridium_sp_AM22_11AC	16.0721997074
ARGSYNBSUB-PWY: L-arginine biosynthesis II (acetyl cycle)|g__Firmicutes_unclassified.s__Firmicutes_bacterium_CAG_102	14.7482723049
ARGSYNBSUB-PWY: L-arginine biosynthesis II (acetyl cycle)|g__Eubacterium.s__Eubacterium_sp_AF17_7	13.3730716061
ARGSYNBSUB-PWY: L-arginine biosynthesis II (acetyl cycle)|g__Asaccharobacter.s__Asaccharobacter_celatus	12.6503964680
ARGSYNBSUB-PWY: L-arginine biosynthesis II (acetyl cycle)|g__Ruminococcus.s__Ruminococcus_sp_AF31_8BH	11.9940017101
ARGSYNBSUB-PWY: L-arginine biosynthesis II (acetyl cycle)|g__Eubacterium.s__Eubacterium_sp_CAG_161	4.7979874957
ARGSYNBSUB-PWY: L-arginine biosynthesis II (acetyl cycle)|g__Streptococcus.s__Streptococcus_pneumoniae	3.4807487872
COMPLETE-ARO-PWY: superpathway of aromatic amino acid biosynthesis	15206.9005337971
COMPLETE-ARO-PWY: superpathway of aromatic amino acid biosynthesis|unclassified	2470.4190353811
COMPLETE-ARO-PWY: superpathway of aromatic amino acid biosynthesis|g__Blautia.s__Blautia_obeum	920.2175314219
COMPLETE-ARO-PWY: superpathway of aromatic amino acid biosynthesis|g__Blautia.s__Ruminococcus_torques	836.7112804674
COMPLETE-ARO-PWY: superpathway of aromatic amino acid biosynthesis|g__Fusicatenibacter.s__Fusicatenibacter_saccharivorans	567.8678617944
COMPLETE-ARO-PWY: superpathway of aromatic amino acid biosynthesis|g__Anaerostipes.s__Anaerostipes_hadrus	386.1974184231
COMPLETE-ARO-PWY: superpathway of aromatic amino acid biosynthesis|g__Blautia.s__Blautia_sp	282.8285856615
COMPLETE-ARO-PWY: superpathway of aromatic amino acid biosynthesis|g__Faecalibacterium.s__Faecalibacterium_prausnitzii	227.5840120619
COMPLETE-ARO-PWY: superpathway of aromatic amino acid biosynthesis|g__Eubacterium.s__Eubacterium_eligens	205.4398385200
COMPLETE-ARO-PWY: superpathway of aromatic amino acid biosynthesis|g__Eubacterium.s__Eubacterium_hallii	191.2472085187
COMPLETE-ARO-PWY: superpathway of aromatic amino acid biosynthesis|g__Clostridiales_unclassified.s__Clostridiales_bacterium_KLE1615	189.5545207585
COMPLETE-ARO-PWY: superpathway of aromatic amino acid biosynthesis|g__Firmicutes_unclassified.s__Firmicutes_bacterium_CAG_56	142.4884041600
COMPLETE-ARO-PWY: superpathway of aromatic amino acid biosynthesis|g__Blautia.s__Blautia_wexlerae	124.5174944932
COMPLETE-ARO-PWY: superpathway of aromatic amino acid biosynthesis|g__Bifidobacterium.s__Bifidobacterium_longum	118.6694416962
COMPLETE-ARO-PWY: superpathway of aromatic amino acid biosynthesis|g__Blautia.s__Blautia_sp_CAG_52	115.0059410578
COMPLETE-ARO-PWY: superpathway of aromatic amino acid biosynthesis|g__Agathobaculum.s__Agathobaculum_butyriciproducens	97.8719771102
COMPLETE-ARO-PWY: superpathway of aromatic amino acid biosynthesis|g__Roseburia.s__Roseburia_intestinalis	83.1956616450
COMPLETE-ARO-PWY: superpathway of aromatic amino acid biosynthesis|g__Bifidobacterium.s__Bifidobacterium_pseudocatenulatum	82.0692793827
COMPLETE-ARO-PWY: superpathway of aromatic amino acid biosynthesis|g__Ruminococcus.s__Ruminococcus_lactaris	75.4610213711
COMPLETE-ARO-PWY: superpathway of aromatic amino acid biosynthesis|g__Roseburia.s__Roseburia_faecis	52.2227421401
COMPLETE-ARO-PWY: superpathway of aromatic amino acid biosynthesis|g__Bacteroides.s__Bacteroides_cellulosilyticus	32.2643600187
COMPLETE-ARO-PWY: superpathway of aromatic amino acid biosynthesis|g__Streptococcus.s__Streptococcus_thermophilus	25.7071412670
COMPLETE-ARO-PWY: superpathway of aromatic amino acid biosynthesis|g__Lachnospiraceae_unclassified.s__Eubacterium_rectale	16.3138185302
COMPLETE-ARO-PWY: superpathway of aromatic amino acid biosynthesis|g__Streptococcus.s__Streptococcus_pneumoniae	6.2176173742
COMPLETE-ARO-PWY: superpathway of aromatic amino acid biosynthesis|g__Streptococcus.s__Streptococcus_salivarius	2.5766083472
PWY-5686: UMP biosynthesis I	15179.3680184579
PWY-5686: UMP biosynthesis I|unclassified	2655.9032945743
PWY-5686: UMP biosynthesis I|g__Faecalibacterium.s__Faecalibacterium_prausnitzii	1955.4654648823
PWY-5686: UMP biosynthesis I|g__Blautia.s__Ruminococcus_torques	754.0087034684
PWY-5686: UMP biosynthesis I|g__Blautia.s__Blautia_obeum	524.9487052074
PWY-5686: UMP biosynthesis I|g__Fusicatenibacter.s__Fusicatenibacter_saccharivorans	511.5086375979
PWY-5686: UMP biosynthesis I|g__Lachnospiraceae_unclassified.s__Eubacterium_rectale	445.3966495226
PWY-5686: UMP biosynthesis I|g__Anaerostipes.s__Anaerostipes_hadrus	305.4836101647
PWY-5686: UMP biosynthesis I|g__Collinsella.s__Collinsella_aerofaciens	298.3821773725
PWY-5686: UMP biosynthesis I|g__Bifidobacterium.s__Bifidobacterium_adolescentis	285.6354669138
PWY-5686: UMP biosynthesis I|g__Blautia.s__Blautia_sp	281.8012285177
PWY-5686: UMP biosynthesis I|g__Eubacterium.s__Eubacterium_eligens	274.3959344957
PWY-5686: UMP biosynthesis I|g__Dialister.s__Dialister_invisus	262.5753572036
PWY-5686: UMP biosynthesis I|g__Blautia.s__Blautia_wexlerae	219.8427539064
PWY-5686: UMP biosynthesis I|g__Gemmiger.s__Gemmiger_formicilis	209.7063512302
PWY-5686: UMP biosynthesis I|g__Eubacterium.s__Eubacterium_sp_CAG_180	200.7809518626
PWY-5686: UMP biosynthesis I|g__Firmicutes_unclassified.s__Firmicutes_bacterium_CAG_56	155.6034935908
PWY-5686: UMP biosynthesis I|g__Clostridiales_unclassified.s__Clostridiales_bacterium_KLE1615	142.3347152019
PWY-5686: UMP biosynthesis I|g__Eggerthella.s__Eggerthella_sp_CAG_209	137.7084689730
PWY-5686: UMP biosynthesis I|g__Firmicutes_unclassified.s__Firmicutes_bacterium_CAG_103	128.2692337920
PWY-5686: UMP biosynthesis I|g__Alistipes.s__Alistipes_putredinis	109.2888636271
PWY-5686: UMP biosynthesis I|g__Blautia.s__Blautia_sp_CAG_52	103.8803889190
PWY-5686: UMP biosynthesis I|g__Bacteroides.s__Bacteroides_uniformis	102.9440436540
PWY-5686: UMP biosynthesis I|g__Bacteroides.s__Bacteroides_stercoris	99.5503293527
PWY-5686: UMP biosynthesis I|g__Clostridium.s__Clostridium_sp_CAG_75	98.4985773102
PWY-5686: UMP biosynthesis I|g__Eubacterium.s__Eubacterium_sp_CAG_115	94.6151174698
PWY-5686: UMP biosynthesis I|g__Methanobrevibacter.s__Methanobrevibacter_smithii	93.1542160277
PWY-5686: UMP biosynthesis I|g__Bifidobacterium.s__Bifidobacterium_pseudocatenulatum	91.5937931133
PWY-5686: UMP biosynthesis I|g__Agathobaculum.s__Agathobaculum_butyriciproducens	87.0310769776
PWY-5686: UMP biosynthesis I|g__Ruminococcus.s__Ruminococcus_bicirculans	83.6314593210
PWY-5686: UMP biosynthesis I|g__Eubacterium.s__Eubacterium_hallii	78.4717921308
PWY-5686: UMP biosynthesis I|g__Roseburia.s__Roseburia_intestinalis	72.9700160574
PWY-5686: UMP biosynthesis I|g__Coprococcus.s__Coprococcus_catus	72.5459975011
PWY-5686: UMP biosynthesis I|g__Bifidobacterium.s__Bifidobacterium_longum	71.8536072660
PWY-5686: UMP biosynthesis I|g__Clostridium.s__Clostridium_sp_CAG_122	67.2611148604
PWY-5686: UMP biosynthesis I|g__Roseburia.s__Roseburia_inulinivorans	65.6030048024
PWY-5686: UMP biosynthesis I|g__Dorea.s__Dorea_longicatena	59.6250223239
PWY-5686: UMP biosynthesis I|g__Ruminococcus.s__Ruminococcus_lactaris	58.9199383350
PWY-5686: UMP biosynthesis I|g__Roseburia.s__Roseburia_faecis	57.8856174104
PWY-5686: UMP biosynthesis I|g__Clostridium.s__Clostridium_sp_AF36_4	55.1631274662
PWY-5686: UMP biosynthesis I|g__Bacteroides.s__Bacteroides_cellulosilyticus	54.6957814637
PWY-5686: UMP biosynthesis I|g__Firmicutes_unclassified.s__Firmicutes_bacterium_CAG_41	45.7824585448
PWY-5686: UMP biosynthesis I|g__Bilophila.s__Bilophila_wadsworthia	40.9418107443
PWY-5686: UMP biosynthesis I|g__Bacteroides.s__Bacteroides_dorei	34.3972392032
PWY-5686: UMP biosynthesis I|g__Bacteroides.s__Bacteroides_massiliensis	33.2282203075
PWY-5686: UMP biosynthesis I|g__Dorea.s__Dorea_formicigenerans	32.5506089252
PWY-5686: UMP biosynthesis I|g__Barnesiella.s__Barnesiella_intestinihominis	28.2136561805
PWY-5686: UMP biosynthesis I|g__Methanosphaera.s__Methanosphaera_stadtmanae	26.0534012237
PWY-5686: UMP biosynthesis I|g__Adlercreutzia.s__Adlercreutzia_equolifaciens	23.2853089791
PWY-5686: UMP biosynthesis I|g__Firmicutes_unclassified.s__Firmicutes_bacterium_CAG_110	22.5426331008
PWY-5686: UMP biosynthesis I|g__Streptococcus.s__Streptococcus_thermophilus	21.3037133801
PWY-5686: UMP biosynthesis I|g__Firmicutes_unclassified.s__Firmicutes_bacterium_CAG_102	20.2061413367
PWY-5686: UMP biosynthesis I|g__Clostridium.s__Clostridium_sp_AM22_11AC	19.8159040953
PWY-5686: UMP biosynthesis I|g__Alistipes.s__Alistipes_finegoldii	19.1320847225
PWY-5686: UMP biosynthesis I|g__Lawsonibacter.s__Lawsonibacter_asaccharolyticus	18.4610055874
PWY-5686: UMP biosynthesis I|g__Firmicutes_unclassified.s__Firmicutes_bacterium_AF16_15	18.1658077794
PWY-5686: UMP biosynthesis I|g__Asaccharobacter.s__Asaccharobacter_celatus	16.9539505550
PWY-5686: UMP biosynthesis I|g__Ruminococcus.s__Ruminococcus_sp_AF31_8BH	15.9252186487
PWY-5686: UMP biosynthesis I|g__Flavonifractor.s__Flavonifractor_plautii	14.9910906621
PWY-5686: UMP biosynthesis I|g__Coprococcus.s__Coprococcus_comes	14.0666022932
PWY-5686: UMP biosynthesis I|g__Bacteroides.s__Bacteroides_ovatus	13.1005473140
PWY-5686: UMP biosynthesis I|g__Bacteroides.s__Bacteroides_vulgatus	12.6704094068
PWY-5686: UMP biosynthesis I|g__Flavonifractor.s__Flavonifractor_sp_An10	10.9366823804
PWY-5686: UMP biosynthesis I|g__Eubacterium.s__Eubacterium_ventriosum	7.7567788168
PWY-5686: UMP biosynthesis I|g__Bacteroides.s__Bacteroides_clarus	6.5161855125
PWY-5686: UMP biosynthesis I|g__Bacteroides.s__Bacteroides_xylanisolvens	3.1227033778
PWY-5686: UMP biosynthesis I|g__Bacteroides.s__Bacteroides_thetaiotaomicron	3.0786934442
PWY-7790: UMP biosynthesis II	15179.3680184579
PWY-7790: UMP biosynthesis II|unclassified	2655.9032945743
PWY-7790: UMP biosynthesis II|g__Faecalibacterium.s__Faecalibacterium_prausnitzii	1955.4654648823
PWY-7790: UMP biosynthesis II|g__Blautia.s__Ruminococcus_torques	754.0087034684
PWY-7790: UMP biosynthesis II|g__Blautia.s__Blautia_obeum	524.9487052074
PWY-7790: UMP biosynthesis II|g__Fusicatenibacter.s__Fusicatenibacter_saccharivorans	511.5086375979
PWY-7790: UMP biosynthesis II|g__Lachnospiraceae_unclassified.s__Eubacterium_rectale	445.3966495226
PWY-7790: UMP biosynthesis II|g__Anaerostipes.s__Anaerostipes_hadrus	305.4836101647
PWY-7790: UMP biosynthesis II|g__Collinsella.s__Collinsella_aerofaciens	298.3821773725
PWY-7790: UMP biosynthesis II|g__Blautia.s__Blautia_sp	281.8012285177
PWY-7790: UMP biosynthesis II|g__Bifidobacterium.s__Bifidobacterium_adolescentis	277.3739784429
PWY-7790: UMP biosynthesis II|g__Eubacterium.s__Eubacterium_eligens	274.3959344957
PWY-7790: UMP biosynthesis II|g__Dialister.s__Dialister_invisus	262.5753572036
PWY-7790: UMP biosynthesis II|g__Blautia.s__Blautia_wexlerae	219.8427539064
PWY-7790: UMP biosynthesis II|g__Gemmiger.s__Gemmiger_formicilis	209.7063512302
PWY-7790: UMP biosynthesis II|g__Eubacterium.s__Eubacterium_sp_CAG_180	200.7809518626
PWY-7790: UMP biosynthesis II|g__Firmicutes_unclassified.s__Firmicutes_bacterium_CAG_56	155.6034935908
PWY-7790: UMP biosynthesis II|g__Clostridiales_unclassified.s__Clostridiales_bacterium_KLE1615	142.3347152019
PWY-7790: UMP biosynthesis II|g__Eggerthella.s__Eggerthella_sp_CAG_209	137.7084689730
PWY-7790: UMP biosynthesis II|g__Firmicutes_unclassified.s__Firmicutes_bacterium_CAG_103	128.2692337920
PWY-7790: UMP biosynthesis II|g__Blautia.s__Blautia_sp_CAG_52	103.8803889190
PWY-7790: UMP biosynthesis II|g__Bacteroides.s__Bacteroides_uniformis	102.9440436540
PWY-7790: UMP biosynthesis II|g__Alistipes.s__Alistipes_putredinis	102.9174793200
PWY-7790: UMP biosynthesis II|g__Bacteroides.s__Bacteroides_stercoris	101.7421287252
PWY-7790: UMP biosynthesis II|g__Clostridium.s__Clostridium_sp_CAG_75	98.4985773102
PWY-7790: UMP biosynthesis II|g__Eubacterium.s__Eubacterium_sp_CAG_115	94.6151174698
PWY-7790: UMP biosynthesis II|g__Methanobrevibacter.s__Methanobrevibacter_smithii	93.1542160277
PWY-7790: UMP biosynthesis II|g__Agathobaculum.s__Agathobaculum_butyriciproducens	87.0310769776
PWY-7790: UMP biosynthesis II|g__Bifidobacterium.s__Bifidobacterium_pseudocatenulatum	84.5465979649
PWY-7790: UMP biosynthesis II|g__Ruminococcus.s__Ruminococcus_bicirculans	83.6314593210
PWY-7790: UMP biosynthesis II|g__Eubacterium.s__Eubacterium_hallii	78.4717921308
PWY-7790: UMP biosynthesis II|g__Roseburia.s__Roseburia_intestinalis	72.9700160574
PWY-7790: UMP biosynthesis II|g__Coprococcus.s__Coprococcus_catus	72.5459975011
PWY-7790: UMP biosynthesis II|g__Clostridium.s__Clostridium_sp_CAG_122	67.2611148604
PWY-7790: UMP biosynthesis II|g__Roseburia.s__Roseburia_inulinivorans	65.6030048024
PWY-7790: UMP biosynthesis II|g__Dorea.s__Dorea_longicatena	59.6250223239
PWY-7790: UMP biosynthesis II|g__Ruminococcus.s__Ruminococcus_lactaris	58.9199383350
PWY-7790: UMP biosynthesis II|g__Roseburia.s__Roseburia_faecis	57.8856174104
PWY-7790: UMP biosynthesis II|g__Clostridium.s__Clostridium_sp_AF36_4	55.1631274662
PWY-7790: UMP biosynthesis II|g__Bacteroides.s__Bacteroides_cellulosilyticus	54.6957814637
PWY-7790: UMP biosynthesis II|g__Firmicutes_unclassified.s__Firmicutes_bacterium_CAG_41	45.7824585448
PWY-7790: UMP biosynthesis II|g__Bilophila.s__Bilophila_wadsworthia	40.9418107443
PWY-7790: UMP biosynthesis II|g__Bacteroides.s__Bacteroides_dorei	34.3972392032
PWY-7790: UMP biosynthesis II|g__Bacteroides.s__Bacteroides_massiliensis	33.2282203075
PWY-7790: UMP biosynthesis II|g__Dorea.s__Dorea_formicigenerans	32.5506089252
PWY-7790: UMP biosynthesis II|g__Streptococcus.s__Streptococcus_thermophilus	29.1763377410
PWY-7790: UMP biosynthesis II|g__Barnesiella.s__Barnesiella_intestinihominis	28.2136561805
PWY-7790: UMP biosynthesis II|g__Methanosphaera.s__Methanosphaera_stadtmanae	26.0534012237
PWY-7790: UMP biosynthesis II|g__Adlercreutzia.s__Adlercreutzia_equolifaciens	23.2853089791
PWY-7790: UMP biosynthesis II|g__Firmicutes_unclassified.s__Firmicutes_bacterium_CAG_110	22.5426331008
PWY-7790: UMP biosynthesis II|g__Firmicutes_unclassified.s__Firmicutes_bacterium_CAG_102	20.2061413367
PWY-7790: UMP biosynthesis II|g__Clostridium.s__Clostridium_sp_AM22_11AC	19.8159040953
PWY-7790: UMP biosynthesis II|g__Lawsonibacter.s__Lawsonibacter_asaccharolyticus	18.4610055874
PWY-7790: UMP biosynthesis II|g__Firmicutes_unclassified.s__Firmicutes_bacterium_AF16_15	18.1658077794
PWY-7790: UMP biosynthesis II|g__Asaccharobacter.s__Asaccharobacter_celatus	16.9539505550
PWY-7790: UMP biosynthesis II|g__Alistipes.s__Alistipes_finegoldii	16.9328837087
PWY-7790: UMP biosynthesis II|g__Ruminococcus.s__Ruminococcus_sp_AF31_8BH	15.9252186487
PWY-7790: UMP biosynthesis II|g__Flavonifractor.s__Flavonifractor_plautii	14.9910906621
PWY-7790: UMP biosynthesis II|g__Parabacteroides.s__Parabacteroides_distasonis	14.9606993590
PWY-7790: UMP biosynthesis II|g__Coprococcus.s__Coprococcus_comes	14.0666022932
PWY-7790: UMP biosynthesis II|g__Bacteroides.s__Bacteroides_ovatus	13.1005473140
PWY-7790: UMP biosynthesis II|g__Bacteroides.s__Bacteroides_vulgatus	12.6704094068
PWY-7790: UMP biosynthesis II|g__Flavonifractor.s__Flavonifractor_sp_An10	10.9366823804
PWY-7790: UMP biosynthesis II|g__Bacteroides.s__Bacteroides_clarus	8.2803461250
PWY-7790: UMP biosynthesis II|g__Eubacterium.s__Eubacterium_ventriosum	7.7567788168
PWY-7790: UMP biosynthesis II|g__Bacteroides.s__Bacteroides_xylanisolvens	3.7213923915
PWY-7790: UMP biosynthesis II|g__Bacteroides.s__Bacteroides_thetaiotaomicron	3.0786934442
PWY-7790: UMP biosynthesis II|g__Bacteroides.s__Bacteroides_caccae	3.0315534339
PWY-7791: UMP biosynthesis III	15179.3680184579
PWY-7791: UMP biosynthesis III|unclassified	2655.9032945743
PWY-7791: UMP biosynthesis III|g__Faecalibacterium.s__Faecalibacterium_prausnitzii	1955.4654648823
PWY-7791: UMP biosynthesis III|g__Blautia.s__Ruminococcus_torques	754.0087034684
PWY-7791: UMP biosynthesis III|g__Blautia.s__Blautia_obeum	524.9487052074
PWY-7791: UMP biosynthesis III|g__Fusicatenibacter.s__Fusicatenibacter_saccharivorans	511.5086375979
PWY-7791: UMP biosynthesis III|g__Lachnospiraceae_unclassified.s__Eubacterium_rectale	445.3966495226
PWY-7791: UMP biosynthesis III|g__Anaerostipes.s__Anaerostipes_hadrus	305.4836101647
PWY-7791: UMP biosynthesis III|g__Collinsella.s__Collinsella_aerofaciens	298.3821773725
PWY-7791: UMP biosynthesis III|g__Blautia.s__Blautia_sp	281.8012285177
PWY-7791: UMP biosynthesis III|g__Bifidobacterium.s__Bifidobacterium_adolescentis	277.3739784429
PWY-7791: UMP biosynthesis III|g__Eubacterium.s__Eubacterium_eligens	274.3959344957
PWY-7791: UMP biosynthesis III|g__Dialister.s__Dialister_invisus	262.5753572036
PWY-7791: UMP biosynthesis III|g__Blautia.s__Blautia_wexlerae	219.8427539064
PWY-7791: UMP biosynthesis III|g__Gemmiger.s__Gemmiger_formicilis	209.7063512302
PWY-7791: UMP biosynthesis III|g__Eubacterium.s__Eubacterium_sp_CAG_180	200.7809518626
PWY-7791: UMP biosynthesis III|g__Firmicutes_unclassified.s__Firmicutes_bacterium_CAG_56	155.6034935908
PWY-7791: UMP biosynthesis III|g__Clostridiales_unclassified.s__Clostridiales_bacterium_KLE1615	142.3347152019
PWY-7791: UMP biosynthesis III|g__Eggerthella.s__Eggerthella_sp_CAG_209	137.7084689730
PWY-7791: UMP biosynthesis III|g__Firmicutes_unclassified.s__Firmicutes_bacterium_CAG_103	128.2692337920
PWY-7791: UMP biosynthesis III|g__Blautia.s__Blautia_sp_CAG_52	103.8803889190
PWY-7791: UMP biosynthesis III|g__Bacteroides.s__Bacteroides_uniformis	102.9440436540
PWY-7791: UMP biosynthesis III|g__Alistipes.s__Alistipes_putredinis	102.9174793200
PWY-7791: UMP biosynthesis III|g__Bacteroides.s__Bacteroides_stercoris	99.5503293527
PWY-7791: UMP biosynthesis III|g__Clostridium.s__Clostridium_sp_CAG_75	98.4985773102
PWY-7791: UMP biosynthesis III|g__Eubacterium.s__Eubacterium_sp_CAG_115	94.6151174698
PWY-7791: UMP biosynthesis III|g__Methanobrevibacter.s__Methanobrevibacter_smithii	93.1542160277
PWY-7791: UMP biosynthesis III|g__Agathobaculum.s__Agathobaculum_butyriciproducens	87.0310769776
PWY-7791: UMP biosynthesis III|g__Bifidobacterium.s__Bifidobacterium_pseudocatenulatum	84.5465979649
PWY-7791: UMP biosynthesis III|g__Ruminococcus.s__Ruminococcus_bicirculans	83.6314593210
PWY-7791: UMP biosynthesis III|g__Eubacterium.s__Eubacterium_hallii	78.4717921308
PWY-7791: UMP biosynthesis III|g__Roseburia.s__Roseburia_intestinalis	72.9700160574
PWY-7791: UMP biosynthesis III|g__Coprococcus.s__Coprococcus_catus	72.5459975011
PWY-7791: UMP biosynthesis III|g__Clostridium.s__Clostridium_sp_CAG_122	67.2611148604
PWY-7791: UMP biosynthesis III|g__Roseburia.s__Roseburia_inulinivorans	65.6030048024
PWY-7791: UMP biosynthesis III|g__Dorea.s__Dorea_longicatena	59.6250223239
PWY-7791: UMP biosynthesis III|g__Bacteroides.s__Bacteroides_cellulosilyticus	59.2995059374
PWY-7791: UMP biosynthesis III|g__Ruminococcus.s__Ruminococcus_lactaris	58.9199383350
PWY-7791: UMP biosynthesis III|g__Roseburia.s__Roseburia_faecis	57.8856174104
PWY-7791: UMP biosynthesis III|g__Clostridium.s__Clostridium_sp_AF36_4	55.1631274662
PWY-7791: UMP biosynthesis III|g__Firmicutes_unclassified.s__Firmicutes_bacterium_CAG_41	45.7824585448
PWY-7791: UMP biosynthesis III|g__Bacteroides.s__Bacteroides_massiliensis	42.1086966025
PWY-7791: UMP biosynthesis III|g__Bilophila.s__Bilophila_wadsworthia	40.9418107443
PWY-7791: UMP biosynthesis III|g__Bacteroides.s__Bacteroides_dorei	39.1902359518
PWY-7791: UMP biosynthesis III|g__Dorea.s__Dorea_formicigenerans	32.5506089252
PWY-7791: UMP biosynthesis III|g__Barnesiella.s__Barnesiella_intestinihominis	28.2136561805
PWY-7791: UMP biosynthesis III|g__Bacteroides.s__Bacteroides_vulgatus	26.3594073543
PWY-7791: UMP biosynthesis III|g__Methanosphaera.s__Methanosphaera_stadtmanae	26.0534012237
PWY-7791: UMP biosynthesis III|g__Adlercreutzia.s__Adlercreutzia_equolifaciens	23.2853089791
PWY-7791: UMP biosynthesis III|g__Firmicutes_unclassified.s__Firmicutes_bacterium_CAG_110	22.5426331008
PWY-7791: UMP biosynthesis III|g__Streptococcus.s__Streptococcus_thermophilus	21.3037133801
PWY-7791: UMP biosynthesis III|g__Firmicutes_unclassified.s__Firmicutes_bacterium_CAG_102	20.2061413367
PWY-7791: UMP biosynthesis III|g__Clostridium.s__Clostridium_sp_AM22_11AC	19.8159040953
PWY-7791: UMP biosynthesis III|g__Lawsonibacter.s__Lawsonibacter_asaccharolyticus	18.4610055874
PWY-7791: UMP biosynthesis III|g__Firmicutes_unclassified.s__Firmicutes_bacterium_AF16_15	18.1658077794
PWY-7791: UMP biosynthesis III|g__Asaccharobacter.s__Asaccharobacter_celatus	16.9539505550
PWY-7791: UMP biosynthesis III|g__Alistipes.s__Alistipes_finegoldii	16.9328837087
PWY-7791: UMP biosynthesis III|g__Ruminococcus.s__Ruminococcus_sp_AF31_8BH	15.9252186487
PWY-7791: UMP biosynthesis III|g__Parabacteroides.s__Parabacteroides_distasonis	15.3778017887
PWY-7791: UMP biosynthesis III|g__Flavonifractor.s__Flavonifractor_plautii	14.9910906621
PWY-7791: UMP biosynthesis III|g__Bacteroides.s__Bacteroides_ovatus	14.9284350257
PWY-7791: UMP biosynthesis III|g__Coprococcus.s__Coprococcus_comes	14.0666022932
PWY-7791: UMP biosynthesis III|g__Flavonifractor.s__Flavonifractor_sp_An10	10.9366823804
PWY-7791: UMP biosynthesis III|g__Eubacterium.s__Eubacterium_ventriosum	7.7567788168
PWY-7791: UMP biosynthesis III|g__Bacteroides.s__Bacteroides_clarus	6.5161855125
PWY-7791: UMP biosynthesis III|g__Bacteroides.s__Bacteroides_thetaiotaomicron	4.4399774561
PWY-7791: UMP biosynthesis III|g__Bacteroides.s__Bacteroides_xylanisolvens	4.2215949672
ARGSYN-PWY: L-arginine biosynthesis I (via L-ornithine)	14903.0453334488
ARGSYN-PWY: L-arginine biosynthesis I (via L-ornithine)|unclassified	3016.9572379700
ARGSYN-PWY: L-arginine biosynthesis I (via L-ornithine)|g__Faecalibacterium.s__Faecalibacterium_prausnitzii	2135.7121143609
ARGSYN-PWY: L-arginine biosynthesis I (via L-ornithine)|g__Subdoligranulum.s__Subdoligranulum_sp_APC924_74	854.8607535277
ARGSYN-PWY: L-arginine biosynthesis I (via L-ornithine)|g__Blautia.s__Ruminococcus_torques	764.4005422034
ARGSYN-PWY: L-arginine biosynthesis I (via L-ornithine)|g__Fusicatenibacter.s__Fusicatenibacter_saccharivorans	606.8762807495
ARGSYN-PWY: L-arginine biosynthesis I (via L-ornithine)|g__Lachnospiraceae_unclassified.s__Eubacterium_rectale	404.7299919889
ARGSYN-PWY: L-arginine biosynthesis I (via L-ornithine)|g__Blautia.s__Blautia_wexlerae	307.6813320618
ARGSYN-PWY: L-arginine biosynthesis I (via L-ornithine)|g__Gemmiger.s__Gemmiger_formicilis	305.3138128434
ARGSYN-PWY: L-arginine biosynthesis I (via L-ornithine)|g__Blautia.s__Blautia_obeum	287.4695073971
ARGSYN-PWY: L-arginine biosynthesis I (via L-ornithine)|g__Collinsella.s__Collinsella_aerofaciens	281.0585729322
ARGSYN-PWY: L-arginine biosynthesis I (via L-ornithine)|g__Anaerostipes.s__Anaerostipes_hadrus	270.8957087651
ARGSYN-PWY: L-arginine biosynthesis I (via L-ornithine)|g__Ruminococcus.s__Ruminococcus_sp_CAG_403	231.6344711678
ARGSYN-PWY: L-arginine biosynthesis I (via L-ornithine)|g__Bifidobacterium.s__Bifidobacterium_adolescentis	209.6175448553
ARGSYN-PWY: L-arginine biosynthesis I (via L-ornithine)|g__Eubacterium.s__Eubacterium_eligens	185.3716431639
ARGSYN-PWY: L-arginine biosynthesis I (via L-ornithine)|g__Dorea.s__Dorea_longicatena	175.8974641256
ARGSYN-PWY: L-arginine biosynthesis I (via L-ornithine)|g__Firmicutes_unclassified.s__Firmicutes_bacterium_CAG_56	157.3058792747
ARGSYN-PWY: L-arginine biosynthesis I (via L-ornithine)|g__Clostridiales_unclassified.s__Clostridiales_bacterium_KLE1615	143.1324390932
ARGSYN-PWY: L-arginine biosynthesis I (via L-ornithine)|g__Eubacterium.s__Eubacterium_hallii	111.3993796543
ARGSYN-PWY: L-arginine biosynthesis I (via L-ornithine)|g__Blautia.s__Blautia_sp_CAG_52	104.8340954731
ARGSYN-PWY: L-arginine biosynthesis I (via L-ornithine)|g__Methanobrevibacter.s__Methanobrevibacter_smithii	95.7886803630
ARGSYN-PWY: L-arginine biosynthesis I (via L-ornithine)|g__Bifidobacterium.s__Bifidobacterium_longum	95.3023079149
ARGSYN-PWY: L-arginine biosynthesis I (via L-ornithine)|g__Clostridium.s__Clostridium_sp_CAG_75	91.3681636175
ARGSYN-PWY: L-arginine biosynthesis I (via L-ornithine)|g__Ruminococcus.s__Ruminococcus_bicirculans	84.5510538060
ARGSYN-PWY: L-arginine biosynthesis I (via L-ornithine)|g__Agathobaculum.s__Agathobaculum_butyriciproducens	75.3391547280
ARGSYN-PWY: L-arginine biosynthesis I (via L-ornithine)|g__Eubacterium.s__Eubacterium_sp_CAG_115	72.5088098384
ARGSYN-PWY: L-arginine biosynthesis I (via L-ornithine)|g__Clostridium.s__Clostridium_sp_AF36_4	72.0211722126
ARGSYN-PWY: L-arginine biosynthesis I (via L-ornithine)|g__Clostridium.s__Clostridium_sp_CAG_122	70.9413471424
ARGSYN-PWY: L-arginine biosynthesis I (via L-ornithine)|g__Blautia.s__Blautia_sp	66.9210877646
ARGSYN-PWY: L-arginine biosynthesis I (via L-ornithine)|g__Bifidobacterium.s__Bifidobacterium_pseudocatenulatum	66.7694058585
ARGSYN-PWY: L-arginine biosynthesis I (via L-ornithine)|g__Coprococcus.s__Coprococcus_catus	62.2397710886
ARGSYN-PWY: L-arginine biosynthesis I (via L-ornithine)|g__Ruminococcus.s__Ruminococcus_lactaris	60.8168717996
ARGSYN-PWY: L-arginine biosynthesis I (via L-ornithine)|g__Roseburia.s__Roseburia_intestinalis	54.1266990882
ARGSYN-PWY: L-arginine biosynthesis I (via L-ornithine)|g__Roseburia.s__Roseburia_inulinivorans	41.7665937608
ARGSYN-PWY: L-arginine biosynthesis I (via L-ornithine)|g__Methanosphaera.s__Methanosphaera_stadtmanae	40.3706000559
ARGSYN-PWY: L-arginine biosynthesis I (via L-ornithine)|g__Roseburia.s__Roseburia_faecis	40.3176630715
ARGSYN-PWY: L-arginine biosynthesis I (via L-ornithine)|g__Dorea.s__Dorea_formicigenerans	38.7179426513
ARGSYN-PWY: L-arginine biosynthesis I (via L-ornithine)|g__Firmicutes_unclassified.s__Firmicutes_bacterium_AF16_15	37.2809370958
ARGSYN-PWY: L-arginine biosynthesis I (via L-ornithine)|g__Firmicutes_unclassified.s__Firmicutes_bacterium_CAG_94	23.9319123789
ARGSYN-PWY: L-arginine biosynthesis I (via L-ornithine)|g__Alistipes.s__Alistipes_finegoldii	13.9669968071
ARGSYN-PWY: L-arginine biosynthesis I (via L-ornithine)|g__Clostridium.s__Clostridium_sp_AM22_11AC	13.1693857018
ARGSYN-PWY: L-arginine biosynthesis I (via L-ornithine)|g__Streptococcus.s__Streptococcus_thermophilus	8.5824888135
PWY-6163: chorismate biosynthesis from 3-dehydroquinate	14834.5960289171
PWY-6163: chorismate biosynthesis from 3-dehydroquinate|unclassified	2359.0531161998
PWY-6163: chorismate biosynthesis from 3-dehydroquinate|g__Faecalibacterium.s__Faecalibacterium_prausnitzii	1935.2978326542
PWY-6163: chorismate biosynthesis from 3-dehydroquinate|g__Blautia.s__Blautia_obeum	925.6253985985
PWY-6163: chorismate biosynthesis from 3-dehydroquinate|g__Subdoligranulum.s__Subdoligranulum_sp_APC924_74	864.7364575906
PWY-6163: chorismate biosynthesis from 3-dehydroquinate|g__Ruminococcus.s__Ruminococcus_bromii	812.5957579341
PWY-6163: chorismate biosynthesis from 3-dehydroquinate|g__Blautia.s__Ruminococcus_torques	779.7999804530
PWY-6163: chorismate biosynthesis from 3-dehydroquinate|g__Fusicatenibacter.s__Fusicatenibacter_saccharivorans	661.1231988742
PWY-6163: chorismate biosynthesis from 3-dehydroquinate|g__Lachnospiraceae_unclassified.s__Eubacterium_rectale	635.8953560488
PWY-6163: chorismate biosynthesis from 3-dehydroquinate|g__Anaerostipes.s__Anaerostipes_hadrus	351.1296920211
PWY-6163: chorismate biosynthesis from 3-dehydroquinate|g__Blautia.s__Blautia_sp	324.6141147833
PWY-6163: chorismate biosynthesis from 3-dehydroquinate|g__Collinsella.s__Collinsella_aerofaciens	224.4447368254
PWY-6163: chorismate biosynthesis from 3-dehydroquinate|g__Ruminococcus.s__Ruminococcus_sp_CAG_403	220.8510909662
PWY-6163: chorismate biosynthesis from 3-dehydroquinate|g__Eubacterium.s__Eubacterium_hallii	214.5095863851
PWY-6163: chorismate biosynthesis from 3-dehydroquinate|g__Eubacterium.s__Eubacterium_sp_CAG_180	211.6221136358
PWY-6163: chorismate biosynthesis from 3-dehydroquinate|g__Eubacterium.s__Eubacterium_eligens	207.0317721410
PWY-6163: chorismate biosynthesis from 3-dehydroquinate|g__Clostridiales_unclassified.s__Clostridiales_bacterium_KLE1615	176.3820597946
PWY-6163: chorismate biosynthesis from 3-dehydroquinate|g__Bifidobacterium.s__Bifidobacterium_adolescentis	174.6532160955
PWY-6163: chorismate biosynthesis from 3-dehydroquinate|g__Eggerthella.s__Eggerthella_sp_CAG_209	172.3434599874
PWY-6163: chorismate biosynthesis from 3-dehydroquinate|g__Firmicutes_unclassified.s__Firmicutes_bacterium_CAG_56	151.7157782274
PWY-6163: chorismate biosynthesis from 3-dehydroquinate|g__Blautia.s__Blautia_wexlerae	146.9483081865
PWY-6163: chorismate biosynthesis from 3-dehydroquinate|g__Dorea.s__Dorea_longicatena	122.2655428729
PWY-6163: chorismate biosynthesis from 3-dehydroquinate|g__Roseburia.s__Roseburia_intestinalis	115.8414252164
PWY-6163: chorismate biosynthesis from 3-dehydroquinate|g__Firmicutes_unclassified.s__Firmicutes_bacterium_CAG_103	115.8332786297
PWY-6163: chorismate biosynthesis from 3-dehydroquinate|g__Blautia.s__Blautia_sp_CAG_52	111.6893325038
PWY-6163: chorismate biosynthesis from 3-dehydroquinate|g__Firmicutes_unclassified.s__Firmicutes_bacterium_CAG_176	107.6165614668
PWY-6163: chorismate biosynthesis from 3-dehydroquinate|g__Bifidobacterium.s__Bifidobacterium_longum	106.5231607400
PWY-6163: chorismate biosynthesis from 3-dehydroquinate|g__Bacteroides.s__Bacteroides_stercoris	92.6213607321
PWY-6163: chorismate biosynthesis from 3-dehydroquinate|g__Bacteroides.s__Bacteroides_uniformis	90.4830920930
PWY-6163: chorismate biosynthesis from 3-dehydroquinate|g__Agathobaculum.s__Agathobaculum_butyriciproducens	83.7992975756
PWY-6163: chorismate biosynthesis from 3-dehydroquinate|g__Bifidobacterium.s__Bifidobacterium_pseudocatenulatum	81.9791316269
PWY-6163: chorismate biosynthesis from 3-dehydroquinate|g__Methanobrevibacter.s__Methanobrevibacter_smithii	79.4583025389
PWY-6163: chorismate biosynthesis from 3-dehydroquinate|g__Roseburia.s__Roseburia_inulinivorans	75.7401121724
PWY-6163: chorismate biosynthesis from 3-dehydroquinate|g__Clostridium.s__Clostridium_sp_CAG_122	75.2733890640
PWY-6163: chorismate biosynthesis from 3-dehydroquinate|g__Ruminococcus.s__Ruminococcus_lactaris	68.9511490503
PWY-6163: chorismate biosynthesis from 3-dehydroquinate|g__Bacteroides.s__Bacteroides_cellulosilyticus	62.4362901231
PWY-6163: chorismate biosynthesis from 3-dehydroquinate|g__Coprococcus.s__Coprococcus_catus	62.2142576745
PWY-6163: chorismate biosynthesis from 3-dehydroquinate|g__Eubacterium.s__Eubacterium_sp_CAG_115	54.4780444462
PWY-6163: chorismate biosynthesis from 3-dehydroquinate|g__Roseburia.s__Roseburia_faecis	52.9316233944
PWY-6163: chorismate biosynthesis from 3-dehydroquinate|g__Ruminococcus.s__Ruminococcus_bicirculans	51.2619872543
PWY-6163: chorismate biosynthesis from 3-dehydroquinate|g__Bacteroides.s__Bacteroides_dorei	42.9706546193
PWY-6163: chorismate biosynthesis from 3-dehydroquinate|g__Firmicutes_unclassified.s__Firmicutes_bacterium_AF16_15	37.8277396091
PWY-6163: chorismate biosynthesis from 3-dehydroquinate|g__Methanosphaera.s__Methanosphaera_stadtmanae	31.6422242550
PWY-6163: chorismate biosynthesis from 3-dehydroquinate|g__Firmicutes_unclassified.s__Firmicutes_bacterium_CAG_41	29.5731448527
PWY-6163: chorismate biosynthesis from 3-dehydroquinate|g__Asaccharobacter.s__Asaccharobacter_celatus	26.2054325364
PWY-6163: chorismate biosynthesis from 3-dehydroquinate|g__Streptococcus.s__Streptococcus_thermophilus	26.1775395500
PWY-6163: chorismate biosynthesis from 3-dehydroquinate|g__Lawsonibacter.s__Lawsonibacter_asaccharolyticus	24.7381671022
PWY-6163: chorismate biosynthesis from 3-dehydroquinate|g__Bilophila.s__Bilophila_wadsworthia	24.4965085057
PWY-6163: chorismate biosynthesis from 3-dehydroquinate|g__Candidatus_Gastranaerophilales_unclassified.s__Candidatus_Gastranaerophilales_bacterium_HUM_10	24.3306344596
PWY-6163: chorismate biosynthesis from 3-dehydroquinate|g__Bacteroides.s__Bacteroides_vulgatus	23.7638896426
PWY-6163: chorismate biosynthesis from 3-dehydroquinate|g__Eubacterium.s__Eubacterium_ramulus	23.5135842658
PWY-6163: chorismate biosynthesis from 3-dehydroquinate|g__Coprococcus.s__Coprococcus_comes	23.0732109349
PWY-6163: chorismate biosynthesis from 3-dehydroquinate|g__Dorea.s__Dorea_formicigenerans	21.9205189190
PWY-6163: chorismate biosynthesis from 3-dehydroquinate|g__Bacteroides.s__Bacteroides_massiliensis	21.8189144631
PWY-6163: chorismate biosynthesis from 3-dehydroquinate|g__Barnesiella.s__Barnesiella_intestinihominis	17.8163935656
PWY-6163: chorismate biosynthesis from 3-dehydroquinate|g__Clostridium.s__Clostridium_sp_AM22_11AC	16.9133466490
PWY-6163: chorismate biosynthesis from 3-dehydroquinate|g__Bacteroides.s__Bacteroides_ovatus	14.4645590151
PWY-6163: chorismate biosynthesis from 3-dehydroquinate|g__Eubacterium.s__Eubacterium_sp_AF17_7	13.1700842781
PWY-6163: chorismate biosynthesis from 3-dehydroquinate|g__Flavonifractor.s__Flavonifractor_plautii	13.1569059443
PWY-6163: chorismate biosynthesis from 3-dehydroquinate|g__Bacteroides.s__Bacteroides_clarus	11.0456302929
PWY-6163: chorismate biosynthesis from 3-dehydroquinate|g__Streptococcus.s__Streptococcus_pneumoniae	8.2591866932
PWY-6163: chorismate biosynthesis from 3-dehydroquinate|g__Adlercreutzia.s__Adlercreutzia_equolifaciens	8.2145933438
PWY-6163: chorismate biosynthesis from 3-dehydroquinate|g__Flavonifractor.s__Flavonifractor_sp_An10	7.4754659898
PWY-6163: chorismate biosynthesis from 3-dehydroquinate|g__Bacteroides.s__Bacteroides_caccae	7.1452263889
PWY-6163: chorismate biosynthesis from 3-dehydroquinate|g__Bacteroides.s__Bacteroides_thetaiotaomicron	6.4013503728
PWY-6163: chorismate biosynthesis from 3-dehydroquinate|g__Alistipes.s__Alistipes_finegoldii	3.6131445761
PWY-6163: chorismate biosynthesis from 3-dehydroquinate|g__Streptococcus.s__Streptococcus_salivarius	1.8880045103
ARO-PWY: chorismate biosynthesis I	14699.6860769193
ARO-PWY: chorismate biosynthesis I|unclassified	2506.0535460214
ARO-PWY: chorismate biosynthesis I|g__Faecalibacterium.s__Faecalibacterium_prausnitzii	2063.7484441434
ARO-PWY: chorismate biosynthesis I|g__Blautia.s__Blautia_obeum	884.9889534018
ARO-PWY: chorismate biosynthesis I|g__Subdoligranulum.s__Subdoligranulum_sp_APC924_74	831.9730541731
ARO-PWY: chorismate biosynthesis I|g__Blautia.s__Ruminococcus_torques	796.7329182394
ARO-PWY: chorismate biosynthesis I|g__Ruminococcus.s__Ruminococcus_bromii	716.5891720829
ARO-PWY: chorismate biosynthesis I|g__Fusicatenibacter.s__Fusicatenibacter_saccharivorans	561.4807131842
ARO-PWY: chorismate biosynthesis I|g__Lachnospiraceae_unclassified.s__Eubacterium_rectale	488.4295979191
ARO-PWY: chorismate biosynthesis I|g__Anaerostipes.s__Anaerostipes_hadrus	362.0476186603
ARO-PWY: chorismate biosynthesis I|g__Blautia.s__Blautia_sp	279.8319368573
ARO-PWY: chorismate biosynthesis I|g__Collinsella.s__Collinsella_aerofaciens	245.9485908269
ARO-PWY: chorismate biosynthesis I|g__Bifidobacterium.s__Bifidobacterium_adolescentis	213.4368808703
ARO-PWY: chorismate biosynthesis I|g__Ruminococcus.s__Ruminococcus_sp_CAG_403	207.7666322315
ARO-PWY: chorismate biosynthesis I|g__Eubacterium.s__Eubacterium_eligens	199.9512896374
ARO-PWY: chorismate biosynthesis I|g__Eubacterium.s__Eubacterium_hallii	191.9278459112
ARO-PWY: chorismate biosynthesis I|g__Clostridiales_unclassified.s__Clostridiales_bacterium_KLE1615	179.9449895876
ARO-PWY: chorismate biosynthesis I|g__Dorea.s__Dorea_longicatena	148.3272613013
ARO-PWY: chorismate biosynthesis I|g__Firmicutes_unclassified.s__Firmicutes_bacterium_CAG_56	141.5782011909
ARO-PWY: chorismate biosynthesis I|g__Blautia.s__Blautia_wexlerae	130.7258777582
ARO-PWY: chorismate biosynthesis I|g__Bifidobacterium.s__Bifidobacterium_longum	111.0411453589
ARO-PWY: chorismate biosynthesis I|g__Blautia.s__Blautia_sp_CAG_52	110.7571751595
ARO-PWY: chorismate biosynthesis I|g__Agathobaculum.s__Agathobaculum_butyriciproducens	89.1476519586
ARO-PWY: chorismate biosynthesis I|g__Bacteroides.s__Bacteroides_stercoris	84.3209807820
ARO-PWY: chorismate biosynthesis I|g__Roseburia.s__Roseburia_intestinalis	79.2625255324
ARO-PWY: chorismate biosynthesis I|g__Bifidobacterium.s__Bifidobacterium_pseudocatenulatum	75.6657952465
ARO-PWY: chorismate biosynthesis I|g__Ruminococcus.s__Ruminococcus_lactaris	72.2238057663
ARO-PWY: chorismate biosynthesis I|g__Roseburia.s__Roseburia_inulinivorans	68.9854277720
ARO-PWY: chorismate biosynthesis I|g__Coprococcus.s__Coprococcus_catus	65.5934517727
ARO-PWY: chorismate biosynthesis I|g__Eubacterium.s__Eubacterium_sp_CAG_115	58.9982883706
ARO-PWY: chorismate biosynthesis I|g__Clostridium.s__Clostridium_sp_CAG_122	55.2321532592
ARO-PWY: chorismate biosynthesis I|g__Bacteroides.s__Bacteroides_cellulosilyticus	50.1265069633
ARO-PWY: chorismate biosynthesis I|g__Roseburia.s__Roseburia_faecis	48.9393935660
ARO-PWY: chorismate biosynthesis I|g__Bacteroides.s__Bacteroides_dorei	39.8155735605
ARO-PWY: chorismate biosynthesis I|g__Firmicutes_unclassified.s__Firmicutes_bacterium_AF16_15	35.5259496832
ARO-PWY: chorismate biosynthesis I|g__Streptococcus.s__Streptococcus_thermophilus	29.2544453156
ARO-PWY: chorismate biosynthesis I|g__Firmicutes_unclassified.s__Firmicutes_bacterium_CAG_41	28.2889669065
ARO-PWY: chorismate biosynthesis I|g__Dorea.s__Dorea_formicigenerans	26.2967720463
ARO-PWY: chorismate biosynthesis I|g__Coprococcus.s__Coprococcus_comes	22.6947266739
ARO-PWY: chorismate biosynthesis I|g__Clostridium.s__Clostridium_sp_AM22_11AC	16.5941644121
ARO-PWY: chorismate biosynthesis I|g__Bacteroides.s__Bacteroides_vulgatus	14.3110116694
ARO-PWY: chorismate biosynthesis I|g__Eubacterium.s__Eubacterium_sp_AF17_7	12.6412099326
ARO-PWY: chorismate biosynthesis I|g__Bacteroides.s__Bacteroides_ovatus	12.1817458717
ARO-PWY: chorismate biosynthesis I|g__Flavonifractor.s__Flavonifractor_plautii	10.8810263691
ARO-PWY: chorismate biosynthesis I|g__Flavonifractor.s__Flavonifractor_sp_An10	9.4316557753
ARO-PWY: chorismate biosynthesis I|g__Streptococcus.s__Streptococcus_pneumoniae	7.4217782739
ARO-PWY: chorismate biosynthesis I|g__Bacteroides.s__Bacteroides_caccae	7.4162848338
ARO-PWY: chorismate biosynthesis I|g__Bacteroides.s__Bacteroides_thetaiotaomicron	5.9142010194
ARO-PWY: chorismate biosynthesis I|g__Alistipes.s__Alistipes_finegoldii	4.7945170168
ARO-PWY: chorismate biosynthesis I|g__Streptococcus.s__Streptococcus_salivarius	2.3658860490
PWY-6386: UDP-N-acetylmuramoyl-pentapeptide biosynthesis II (lysine-containing)	14696.7679472633
PWY-6386: UDP-N-acetylmuramoyl-pentapeptide biosynthesis II (lysine-containing)|unclassified	2749.0295635871
PWY-6386: UDP-N-acetylmuramoyl-pentapeptide biosynthesis II (lysine-containing)|g__Faecalibacterium.s__Faecalibacterium_prausnitzii	1452.7348116520
PWY-6386: UDP-N-acetylmuramoyl-pentapeptide biosynthesis II (lysine-containing)|g__Blautia.s__Blautia_obeum	834.4423976791
PWY-6386: UDP-N-acetylmuramoyl-pentapeptide biosynthesis II (lysine-containing)|g__Subdoligranulum.s__Subdoligranulum_sp_APC924_74	662.1605117549
PWY-6386: UDP-N-acetylmuramoyl-pentapeptide biosynthesis II (lysine-containing)|g__Fusicatenibacter.s__Fusicatenibacter_saccharivorans	658.4518326732
PWY-6386: UDP-N-acetylmuramoyl-pentapeptide biosynthesis II (lysine-containing)|g__Blautia.s__Ruminococcus_torques	627.7513207129
PWY-6386: UDP-N-acetylmuramoyl-pentapeptide biosynthesis II (lysine-containing)|g__Lachnospiraceae_unclassified.s__Eubacterium_rectale	374.0147444032
PWY-6386: UDP-N-acetylmuramoyl-pentapeptide biosynthesis II (lysine-containing)|g__Anaerostipes.s__Anaerostipes_hadrus	322.9199655792
PWY-6386: UDP-N-acetylmuramoyl-pentapeptide biosynthesis II (lysine-containing)|g__Clostridium.s__Clostridium_sp_CAG_465	312.1887186475
PWY-6386: UDP-N-acetylmuramoyl-pentapeptide biosynthesis II (lysine-containing)|g__Blautia.s__Blautia_sp	310.4561388394
PWY-6386: UDP-N-acetylmuramoyl-pentapeptide biosynthesis II (lysine-containing)|g__Collinsella.s__Collinsella_aerofaciens	241.5498945843
PWY-6386: UDP-N-acetylmuramoyl-pentapeptide biosynthesis II (lysine-containing)|g__Bifidobacterium.s__Bifidobacterium_adolescentis	236.5308512238
PWY-6386: UDP-N-acetylmuramoyl-pentapeptide biosynthesis II (lysine-containing)|g__Dialister.s__Dialister_invisus	218.1605108024
PWY-6386: UDP-N-acetylmuramoyl-pentapeptide biosynthesis II (lysine-containing)|g__Dorea.s__Dorea_longicatena	199.5027298866
PWY-6386: UDP-N-acetylmuramoyl-pentapeptide biosynthesis II (lysine-containing)|g__Blautia.s__Blautia_wexlerae	185.8508040748
PWY-6386: UDP-N-acetylmuramoyl-pentapeptide biosynthesis II (lysine-containing)|g__Eubacterium.s__Eubacterium_eligens	181.8726961548
PWY-6386: UDP-N-acetylmuramoyl-pentapeptide biosynthesis II (lysine-containing)|g__Clostridiales_unclassified.s__Clostridiales_bacterium_KLE1615	175.3983319860
PWY-6386: UDP-N-acetylmuramoyl-pentapeptide biosynthesis II (lysine-containing)|g__Firmicutes_unclassified.s__Firmicutes_bacterium_CAG_56	156.2129074656
PWY-6386: UDP-N-acetylmuramoyl-pentapeptide biosynthesis II (lysine-containing)|g__Bifidobacterium.s__Bifidobacterium_longum	139.0061318203
PWY-6386: UDP-N-acetylmuramoyl-pentapeptide biosynthesis II (lysine-containing)|g__Gemmiger.s__Gemmiger_formicilis	108.9224646362
PWY-6386: UDP-N-acetylmuramoyl-pentapeptide biosynthesis II (lysine-containing)|g__Alistipes.s__Alistipes_putredinis	100.2066295022
PWY-6386: UDP-N-acetylmuramoyl-pentapeptide biosynthesis II (lysine-containing)|g__Blautia.s__Blautia_sp_CAG_52	88.9743265910
PWY-6386: UDP-N-acetylmuramoyl-pentapeptide biosynthesis II (lysine-containing)|g__Ruminococcus.s__Ruminococcus_bicirculans	83.1343666799
PWY-6386: UDP-N-acetylmuramoyl-pentapeptide biosynthesis II (lysine-containing)|g__Bacteroides.s__Bacteroides_uniformis	80.7034076427
PWY-6386: UDP-N-acetylmuramoyl-pentapeptide biosynthesis II (lysine-containing)|g__Clostridium.s__Clostridium_sp_CAG_122	73.0483027891
PWY-6386: UDP-N-acetylmuramoyl-pentapeptide biosynthesis II (lysine-containing)|g__Bacteroides.s__Bacteroides_stercoris	69.6835657323
PWY-6386: UDP-N-acetylmuramoyl-pentapeptide biosynthesis II (lysine-containing)|g__Ruminococcus.s__Ruminococcus_lactaris	68.4516523693
PWY-6386: UDP-N-acetylmuramoyl-pentapeptide biosynthesis II (lysine-containing)|g__Clostridium.s__Clostridium_sp_AF36_4	60.2393259790
PWY-6386: UDP-N-acetylmuramoyl-pentapeptide biosynthesis II (lysine-containing)|g__Roseburia.s__Roseburia_inulinivorans	55.3975030747
PWY-6386: UDP-N-acetylmuramoyl-pentapeptide biosynthesis II (lysine-containing)|g__Firmicutes_unclassified.s__Firmicutes_bacterium_CAG_41	53.3048233553
PWY-6386: UDP-N-acetylmuramoyl-pentapeptide biosynthesis II (lysine-containing)|g__Roseburia.s__Roseburia_faecis	45.8631542302
PWY-6386: UDP-N-acetylmuramoyl-pentapeptide biosynthesis II (lysine-containing)|g__Firmicutes_unclassified.s__Firmicutes_bacterium_AF16_15	44.8818095666
PWY-6386: UDP-N-acetylmuramoyl-pentapeptide biosynthesis II (lysine-containing)|g__Bifidobacterium.s__Bifidobacterium_pseudocatenulatum	44.7804149133
PWY-6386: UDP-N-acetylmuramoyl-pentapeptide biosynthesis II (lysine-containing)|g__Bilophila.s__Bilophila_wadsworthia	36.4969842045
PWY-6386: UDP-N-acetylmuramoyl-pentapeptide biosynthesis II (lysine-containing)|g__Bacteroides.s__Bacteroides_dorei	35.0614412543
PWY-6386: UDP-N-acetylmuramoyl-pentapeptide biosynthesis II (lysine-containing)|g__Bacteroides.s__Bacteroides_massiliensis	33.9676857271
PWY-6386: UDP-N-acetylmuramoyl-pentapeptide biosynthesis II (lysine-containing)|g__Candidatus_Gastranaerophilales_unclassified.s__Candidatus_Gastranaerophilales_bacterium_HUM_10	30.8587212363
PWY-6386: UDP-N-acetylmuramoyl-pentapeptide biosynthesis II (lysine-containing)|g__Dorea.s__Dorea_formicigenerans	29.1328294768
PWY-6386: UDP-N-acetylmuramoyl-pentapeptide biosynthesis II (lysine-containing)|g__Firmicutes_unclassified.s__Firmicutes_bacterium_CAG_102	28.8027032622
PWY-6386: UDP-N-acetylmuramoyl-pentapeptide biosynthesis II (lysine-containing)|g__Firmicutes_unclassified.s__Firmicutes_bacterium_CAG_110	28.6289229611
PWY-6386: UDP-N-acetylmuramoyl-pentapeptide biosynthesis II (lysine-containing)|g__Bacteroides.s__Bacteroides_cellulosilyticus	26.0567415849
PWY-6386: UDP-N-acetylmuramoyl-pentapeptide biosynthesis II (lysine-containing)|g__Bacteroides.s__Bacteroides_vulgatus	25.5058574081
PWY-6386: UDP-N-acetylmuramoyl-pentapeptide biosynthesis II (lysine-containing)|g__Ruminococcus.s__Ruminococcus_sp_AF31_8BH	20.8466803224
PWY-6386: UDP-N-acetylmuramoyl-pentapeptide biosynthesis II (lysine-containing)|g__Lawsonibacter.s__Lawsonibacter_asaccharolyticus	18.7652606449
PWY-6386: UDP-N-acetylmuramoyl-pentapeptide biosynthesis II (lysine-containing)|g__Parabacteroides.s__Parabacteroides_distasonis	17.2449425364
PWY-6386: UDP-N-acetylmuramoyl-pentapeptide biosynthesis II (lysine-containing)|g__Streptococcus.s__Streptococcus_thermophilus	17.2261535779
PWY-6386: UDP-N-acetylmuramoyl-pentapeptide biosynthesis II (lysine-containing)|g__Bacteroides.s__Bacteroides_clarus	9.5608370845
PWY-6386: UDP-N-acetylmuramoyl-pentapeptide biosynthesis II (lysine-containing)|g__Streptococcus.s__Streptococcus_pneumoniae	7.0844403213
PWY-6387: UDP-N-acetylmuramoyl-pentapeptide biosynthesis I (meso-diaminopimelate containing)	14365.6926509211
PWY-6387: UDP-N-acetylmuramoyl-pentapeptide biosynthesis I (meso-diaminopimelate containing)|unclassified	2671.6843443095
PWY-6387: UDP-N-acetylmuramoyl-pentapeptide biosynthesis I (meso-diaminopimelate containing)|g__Faecalibacterium.s__Faecalibacterium_prausnitzii	1434.1992463412
PWY-6387: UDP-N-acetylmuramoyl-pentapeptide biosynthesis I (meso-diaminopimelate containing)|g__Blautia.s__Blautia_obeum	839.8278388335
PWY-6387: UDP-N-acetylmuramoyl-pentapeptide biosynthesis I (meso-diaminopimelate containing)|g__Blautia.s__Ruminococcus_torques	704.6796979545
PWY-6387: UDP-N-acetylmuramoyl-pentapeptide biosynthesis I (meso-diaminopimelate containing)|g__Subdoligranulum.s__Subdoligranulum_sp_APC924_74	665.4497655252
PWY-6387: UDP-N-acetylmuramoyl-pentapeptide biosynthesis I (meso-diaminopimelate containing)|g__Fusicatenibacter.s__Fusicatenibacter_saccharivorans	629.2849837299
PWY-6387: UDP-N-acetylmuramoyl-pentapeptide biosynthesis I (meso-diaminopimelate containing)|g__Lachnospiraceae_unclassified.s__Eubacterium_rectale	462.0669510837
PWY-6387: UDP-N-acetylmuramoyl-pentapeptide biosynthesis I (meso-diaminopimelate containing)|g__Clostridium.s__Clostridium_sp_CAG_465	344.5105852629
PWY-6387: UDP-N-acetylmuramoyl-pentapeptide biosynthesis I (meso-diaminopimelate containing)|g__Blautia.s__Blautia_sp	326.2679719612
PWY-6387: UDP-N-acetylmuramoyl-pentapeptide biosynthesis I (meso-diaminopimelate containing)|g__Anaerostipes.s__Anaerostipes_hadrus	321.0753073594
PWY-6387: UDP-N-acetylmuramoyl-pentapeptide biosynthesis I (meso-diaminopimelate containing)|g__Bifidobacterium.s__Bifidobacterium_adolescentis	233.1807434755
PWY-6387: UDP-N-acetylmuramoyl-pentapeptide biosynthesis I (meso-diaminopimelate containing)|g__Ruminococcus.s__Ruminococcus_sp_CAG_403	224.3214053630
PWY-6387: UDP-N-acetylmuramoyl-pentapeptide biosynthesis I (meso-diaminopimelate containing)|g__Dialister.s__Dialister_invisus	222.4092534858
PWY-6387: UDP-N-acetylmuramoyl-pentapeptide biosynthesis I (meso-diaminopimelate containing)|g__Collinsella.s__Collinsella_aerofaciens	217.6069811193
PWY-6387: UDP-N-acetylmuramoyl-pentapeptide biosynthesis I (meso-diaminopimelate containing)|g__Dorea.s__Dorea_longicatena	202.0932554604
PWY-6387: UDP-N-acetylmuramoyl-pentapeptide biosynthesis I (meso-diaminopimelate containing)|g__Eubacterium.s__Eubacterium_eligens	187.6299308548
PWY-6387: UDP-N-acetylmuramoyl-pentapeptide biosynthesis I (meso-diaminopimelate containing)|g__Eubacterium.s__Eubacterium_hallii	179.0014975482
PWY-6387: UDP-N-acetylmuramoyl-pentapeptide biosynthesis I (meso-diaminopimelate containing)|g__Blautia.s__Blautia_wexlerae	171.5627246931
PWY-6387: UDP-N-acetylmuramoyl-pentapeptide biosynthesis I (meso-diaminopimelate containing)|g__Clostridiales_unclassified.s__Clostridiales_bacterium_KLE1615	162.6313036012
PWY-6387: UDP-N-acetylmuramoyl-pentapeptide biosynthesis I (meso-diaminopimelate containing)|g__Firmicutes_unclassified.s__Firmicutes_bacterium_CAG_56	161.9394320289
PWY-6387: UDP-N-acetylmuramoyl-pentapeptide biosynthesis I (meso-diaminopimelate containing)|g__Clostridium.s__Clostridium_sp_CAG_492	138.7252596894
PWY-6387: UDP-N-acetylmuramoyl-pentapeptide biosynthesis I (meso-diaminopimelate containing)|g__Eggerthella.s__Eggerthella_sp_CAG_209	130.9275456640
PWY-6387: UDP-N-acetylmuramoyl-pentapeptide biosynthesis I (meso-diaminopimelate containing)|g__Bifidobacterium.s__Bifidobacterium_longum	130.9130408841
PWY-6387: UDP-N-acetylmuramoyl-pentapeptide biosynthesis I (meso-diaminopimelate containing)|g__Gemmiger.s__Gemmiger_formicilis	110.3214880636
PWY-6387: UDP-N-acetylmuramoyl-pentapeptide biosynthesis I (meso-diaminopimelate containing)|g__Blautia.s__Blautia_sp_CAG_52	108.0326183179
PWY-6387: UDP-N-acetylmuramoyl-pentapeptide biosynthesis I (meso-diaminopimelate containing)|g__Alistipes.s__Alistipes_putredinis	102.8152852417
PWY-6387: UDP-N-acetylmuramoyl-pentapeptide biosynthesis I (meso-diaminopimelate containing)|g__Agathobaculum.s__Agathobaculum_butyriciproducens	94.2558598269
PWY-6387: UDP-N-acetylmuramoyl-pentapeptide biosynthesis I (meso-diaminopimelate containing)|g__Firmicutes_unclassified.s__Firmicutes_bacterium_CAG_176	85.3494156353
PWY-6387: UDP-N-acetylmuramoyl-pentapeptide biosynthesis I (meso-diaminopimelate containing)|g__Ruminococcus.s__Ruminococcus_bicirculans	83.8992652115
PWY-6387: UDP-N-acetylmuramoyl-pentapeptide biosynthesis I (meso-diaminopimelate containing)|g__Bacteroides.s__Bacteroides_uniformis	82.0631564940
PWY-6387: UDP-N-acetylmuramoyl-pentapeptide biosynthesis I (meso-diaminopimelate containing)|g__Bacteroides.s__Bacteroides_stercoris	82.0615097802
PWY-6387: UDP-N-acetylmuramoyl-pentapeptide biosynthesis I (meso-diaminopimelate containing)|g__Eubacterium.s__Eubacterium_sp_CAG_115	78.2720023925
PWY-6387: UDP-N-acetylmuramoyl-pentapeptide biosynthesis I (meso-diaminopimelate containing)|g__Ruminococcus.s__Ruminococcus_lactaris	70.9545770366
PWY-6387: UDP-N-acetylmuramoyl-pentapeptide biosynthesis I (meso-diaminopimelate containing)|g__Clostridium.s__Clostridium_sp_CAG_122	70.3611548766
PWY-6387: UDP-N-acetylmuramoyl-pentapeptide biosynthesis I (meso-diaminopimelate containing)|g__Roseburia.s__Roseburia_intestinalis	67.0570434752
PWY-6387: UDP-N-acetylmuramoyl-pentapeptide biosynthesis I (meso-diaminopimelate containing)|g__Clostridium.s__Clostridium_sp_AF36_4	63.4973387451
PWY-6387: UDP-N-acetylmuramoyl-pentapeptide biosynthesis I (meso-diaminopimelate containing)|g__Coprococcus.s__Coprococcus_catus	61.9013254809
PWY-6387: UDP-N-acetylmuramoyl-pentapeptide biosynthesis I (meso-diaminopimelate containing)|g__Roseburia.s__Roseburia_inulinivorans	61.8089267801
PWY-6387: UDP-N-acetylmuramoyl-pentapeptide biosynthesis I (meso-diaminopimelate containing)|g__Bifidobacterium.s__Bifidobacterium_pseudocatenulatum	59.6047152458
PWY-6387: UDP-N-acetylmuramoyl-pentapeptide biosynthesis I (meso-diaminopimelate containing)|g__Firmicutes_unclassified.s__Firmicutes_bacterium_CAG_41	53.1578023804
PWY-6387: UDP-N-acetylmuramoyl-pentapeptide biosynthesis I (meso-diaminopimelate containing)|g__Roseburia.s__Roseburia_faecis	45.3974364094
PWY-6387: UDP-N-acetylmuramoyl-pentapeptide biosynthesis I (meso-diaminopimelate containing)|g__Firmicutes_unclassified.s__Firmicutes_bacterium_AF16_15	43.8263315972
PWY-6387: UDP-N-acetylmuramoyl-pentapeptide biosynthesis I (meso-diaminopimelate containing)|g__Bacteroides.s__Bacteroides_massiliensis	37.3284729090
PWY-6387: UDP-N-acetylmuramoyl-pentapeptide biosynthesis I (meso-diaminopimelate containing)|g__Bilophila.s__Bilophila_wadsworthia	37.2828276126
PWY-6387: UDP-N-acetylmuramoyl-pentapeptide biosynthesis I (meso-diaminopimelate containing)|g__Bacteroides.s__Bacteroides_dorei	37.1071342061
PWY-6387: UDP-N-acetylmuramoyl-pentapeptide biosynthesis I (meso-diaminopimelate containing)|g__Bacteroides.s__Bacteroides_cellulosilyticus	35.2562222584
PWY-6387: UDP-N-acetylmuramoyl-pentapeptide biosynthesis I (meso-diaminopimelate containing)|g__Candidatus_Gastranaerophilales_unclassified.s__Candidatus_Gastranaerophilales_bacterium_HUM_10	29.6293586216
PWY-6387: UDP-N-acetylmuramoyl-pentapeptide biosynthesis I (meso-diaminopimelate containing)|g__Bacteroides.s__Bacteroides_vulgatus	29.3235088540
PWY-6387: UDP-N-acetylmuramoyl-pentapeptide biosynthesis I (meso-diaminopimelate containing)|g__Dorea.s__Dorea_formicigenerans	28.7860977275
PWY-6387: UDP-N-acetylmuramoyl-pentapeptide biosynthesis I (meso-diaminopimelate containing)|g__Firmicutes_unclassified.s__Firmicutes_bacterium_CAG_110	27.6373648560
PWY-6387: UDP-N-acetylmuramoyl-pentapeptide biosynthesis I (meso-diaminopimelate containing)|g__Firmicutes_unclassified.s__Firmicutes_bacterium_CAG_102	27.2927748085
PWY-6387: UDP-N-acetylmuramoyl-pentapeptide biosynthesis I (meso-diaminopimelate containing)|g__Asaccharobacter.s__Asaccharobacter_celatus	25.1706831919
PWY-6387: UDP-N-acetylmuramoyl-pentapeptide biosynthesis I (meso-diaminopimelate containing)|g__Clostridium.s__Clostridium_sp_CAG_269	24.4134738814
PWY-6387: UDP-N-acetylmuramoyl-pentapeptide biosynthesis I (meso-diaminopimelate containing)|g__Lawsonibacter.s__Lawsonibacter_asaccharolyticus	21.1341008549
PWY-6387: UDP-N-acetylmuramoyl-pentapeptide biosynthesis I (meso-diaminopimelate containing)|g__Ruminococcus.s__Ruminococcus_sp_AF31_8BH	20.7504647319
PWY-6387: UDP-N-acetylmuramoyl-pentapeptide biosynthesis I (meso-diaminopimelate containing)|g__Barnesiella.s__Barnesiella_intestinihominis	20.2652296336
PWY-6387: UDP-N-acetylmuramoyl-pentapeptide biosynthesis I (meso-diaminopimelate containing)|g__Adlercreutzia.s__Adlercreutzia_equolifaciens	16.7264086754
PWY-6387: UDP-N-acetylmuramoyl-pentapeptide biosynthesis I (meso-diaminopimelate containing)|g__Parabacteroides.s__Parabacteroides_distasonis	16.7199283869
PWY-6387: UDP-N-acetylmuramoyl-pentapeptide biosynthesis I (meso-diaminopimelate containing)|g__Streptococcus.s__Streptococcus_thermophilus	16.1730519799
PWY-6387: UDP-N-acetylmuramoyl-pentapeptide biosynthesis I (meso-diaminopimelate containing)|g__Alistipes.s__Alistipes_finegoldii	14.1056663103
PWY-6387: UDP-N-acetylmuramoyl-pentapeptide biosynthesis I (meso-diaminopimelate containing)|g__Flavonifractor.s__Flavonifractor_plautii	14.0657512283
PWY-6387: UDP-N-acetylmuramoyl-pentapeptide biosynthesis I (meso-diaminopimelate containing)|g__Bacteroides.s__Bacteroides_clarus	10.6752237292
PWY-6387: UDP-N-acetylmuramoyl-pentapeptide biosynthesis I (meso-diaminopimelate containing)|g__Streptococcus.s__Streptococcus_pneumoniae	10.1302273541
PWY-6387: UDP-N-acetylmuramoyl-pentapeptide biosynthesis I (meso-diaminopimelate containing)|g__Bacteroides.s__Bacteroides_ovatus	8.9210420619
PWY-6387: UDP-N-acetylmuramoyl-pentapeptide biosynthesis I (meso-diaminopimelate containing)|g__Firmicutes_unclassified.s__Firmicutes_bacterium_CAG_240	8.7802134283
PWY-6387: UDP-N-acetylmuramoyl-pentapeptide biosynthesis I (meso-diaminopimelate containing)|g__Bacteroides.s__Bacteroides_xylanisolvens	7.9825153422
PWY-6387: UDP-N-acetylmuramoyl-pentapeptide biosynthesis I (meso-diaminopimelate containing)|g__Streptococcus.s__Streptococcus_salivarius	2.4719332400
PWY-6122: 5-aminoimidazole ribonucleotide biosynthesis II	14159.6093148643
PWY-6122: 5-aminoimidazole ribonucleotide biosynthesis II|unclassified	3343.0707849285
PWY-6122: 5-aminoimidazole ribonucleotide biosynthesis II|g__Faecalibacterium.s__Faecalibacterium_prausnitzii	1785.2585946808
PWY-6122: 5-aminoimidazole ribonucleotide biosynthesis II|g__Blautia.s__Ruminococcus_torques	787.8391313086
PWY-6122: 5-aminoimidazole ribonucleotide biosynthesis II|g__Blautia.s__Blautia_obeum	783.8822811031
PWY-6122: 5-aminoimidazole ribonucleotide biosynthesis II|g__Subdoligranulum.s__Subdoligranulum_sp_APC924_74	697.5140562479
PWY-6122: 5-aminoimidazole ribonucleotide biosynthesis II|g__Ruminococcus.s__Ruminococcus_bromii	621.3087835264
PWY-6122: 5-aminoimidazole ribonucleotide biosynthesis II|g__Fusicatenibacter.s__Fusicatenibacter_saccharivorans	536.9780505507
PWY-6122: 5-aminoimidazole ribonucleotide biosynthesis II|g__Lachnospiraceae_unclassified.s__Eubacterium_rectale	463.5345842968
PWY-6122: 5-aminoimidazole ribonucleotide biosynthesis II|g__Collinsella.s__Collinsella_aerofaciens	393.3061943580
PWY-6122: 5-aminoimidazole ribonucleotide biosynthesis II|g__Blautia.s__Blautia_sp	338.2469080141
PWY-6122: 5-aminoimidazole ribonucleotide biosynthesis II|g__Dialister.s__Dialister_invisus	301.8470255488
PWY-6122: 5-aminoimidazole ribonucleotide biosynthesis II|g__Anaerostipes.s__Anaerostipes_hadrus	283.7175621215
PWY-6122: 5-aminoimidazole ribonucleotide biosynthesis II|g__Bifidobacterium.s__Bifidobacterium_adolescentis	227.7798555462
PWY-6122: 5-aminoimidazole ribonucleotide biosynthesis II|g__Eubacterium.s__Eubacterium_eligens	206.0335809984
PWY-6122: 5-aminoimidazole ribonucleotide biosynthesis II|g__Firmicutes_unclassified.s__Firmicutes_bacterium_CAG_56	200.3469810518
PWY-6122: 5-aminoimidazole ribonucleotide biosynthesis II|g__Dorea.s__Dorea_longicatena	190.8393940366
PWY-6122: 5-aminoimidazole ribonucleotide biosynthesis II|g__Eubacterium.s__Eubacterium_sp_CAG_180	180.6790550298
PWY-6122: 5-aminoimidazole ribonucleotide biosynthesis II|g__Gemmiger.s__Gemmiger_formicilis	173.7795580724
PWY-6122: 5-aminoimidazole ribonucleotide biosynthesis II|g__Blautia.s__Blautia_wexlerae	170.3295952248
PWY-6122: 5-aminoimidazole ribonucleotide biosynthesis II|g__Eubacterium.s__Eubacterium_hallii	168.8409699172
PWY-6122: 5-aminoimidazole ribonucleotide biosynthesis II|g__Ruminococcus.s__Ruminococcus_sp_CAG_403	144.5050953492
PWY-6122: 5-aminoimidazole ribonucleotide biosynthesis II|g__Methanobrevibacter.s__Methanobrevibacter_smithii	143.7226671104
PWY-6122: 5-aminoimidazole ribonucleotide biosynthesis II|g__Clostridiales_unclassified.s__Clostridiales_bacterium_KLE1615	122.6292612391
PWY-6122: 5-aminoimidazole ribonucleotide biosynthesis II|g__Bifidobacterium.s__Bifidobacterium_longum	121.0879423581
PWY-6122: 5-aminoimidazole ribonucleotide biosynthesis II|g__Agathobaculum.s__Agathobaculum_butyriciproducens	116.1099344485
PWY-6122: 5-aminoimidazole ribonucleotide biosynthesis II|g__Eggerthella.s__Eggerthella_sp_CAG_209	113.6246983225
PWY-6122: 5-aminoimidazole ribonucleotide biosynthesis II|g__Eubacterium.s__Eubacterium_sp_CAG_115	97.9088778222
PWY-6122: 5-aminoimidazole ribonucleotide biosynthesis II|g__Alistipes.s__Alistipes_putredinis	92.6453012608
PWY-6122: 5-aminoimidazole ribonucleotide biosynthesis II|g__Bacteroides.s__Bacteroides_uniformis	91.4110004690
PWY-6122: 5-aminoimidazole ribonucleotide biosynthesis II|g__Bifidobacterium.s__Bifidobacterium_pseudocatenulatum	84.5822933860
PWY-6122: 5-aminoimidazole ribonucleotide biosynthesis II|g__Clostridium.s__Clostridium_sp_CAG_75	80.8756946961
PWY-6122: 5-aminoimidazole ribonucleotide biosynthesis II|g__Ruminococcus.s__Ruminococcus_bicirculans	80.8741853190
PWY-6122: 5-aminoimidazole ribonucleotide biosynthesis II|g__Bacteroides.s__Bacteroides_stercoris	80.7630023452
PWY-6122: 5-aminoimidazole ribonucleotide biosynthesis II|g__Blautia.s__Blautia_sp_CAG_52	80.4247212521
PWY-6122: 5-aminoimidazole ribonucleotide biosynthesis II|g__Clostridium.s__Clostridium_sp_AF36_4	74.4018413040
PWY-6122: 5-aminoimidazole ribonucleotide biosynthesis II|g__Roseburia.s__Roseburia_intestinalis	71.4346196452
PWY-6122: 5-aminoimidazole ribonucleotide biosynthesis II|g__Roseburia.s__Roseburia_inulinivorans	61.8087698620
PWY-6122: 5-aminoimidazole ribonucleotide biosynthesis II|g__Clostridium.s__Clostridium_sp_CAG_122	59.3980683170
PWY-6122: 5-aminoimidazole ribonucleotide biosynthesis II|g__Ruminococcus.s__Ruminococcus_lactaris	55.0807021535
PWY-6122: 5-aminoimidazole ribonucleotide biosynthesis II|g__Coprococcus.s__Coprococcus_catus	51.5337114948
PWY-6122: 5-aminoimidazole ribonucleotide biosynthesis II|g__Firmicutes_unclassified.s__Firmicutes_bacterium_CAG_41	49.3491492533
PWY-6122: 5-aminoimidazole ribonucleotide biosynthesis II|g__Methanosphaera.s__Methanosphaera_stadtmanae	45.0783790474
PWY-6122: 5-aminoimidazole ribonucleotide biosynthesis II|g__Roseburia.s__Roseburia_faecis	43.0637065327
PWY-6122: 5-aminoimidazole ribonucleotide biosynthesis II|g__Bacteroides.s__Bacteroides_dorei	40.1666632338
PWY-6122: 5-aminoimidazole ribonucleotide biosynthesis II|g__Bacteroides.s__Bacteroides_cellulosilyticus	39.5807772432
PWY-6122: 5-aminoimidazole ribonucleotide biosynthesis II|g__Firmicutes_unclassified.s__Firmicutes_bacterium_AF16_15	34.3062980869
PWY-6122: 5-aminoimidazole ribonucleotide biosynthesis II|g__Adlercreutzia.s__Adlercreutzia_equolifaciens	34.0501110808
PWY-6122: 5-aminoimidazole ribonucleotide biosynthesis II|g__Bacteroides.s__Bacteroides_massiliensis	31.3254040828
PWY-6122: 5-aminoimidazole ribonucleotide biosynthesis II|g__Firmicutes_unclassified.s__Firmicutes_bacterium_CAG_110	31.0154792329
PWY-6122: 5-aminoimidazole ribonucleotide biosynthesis II|g__Dorea.s__Dorea_formicigenerans	30.2593553831
PWY-6122: 5-aminoimidazole ribonucleotide biosynthesis II|g__Bilophila.s__Bilophila_wadsworthia	28.8008890588
PWY-6122: 5-aminoimidazole ribonucleotide biosynthesis II|g__Streptococcus.s__Streptococcus_thermophilus	28.3481065665
PWY-6122: 5-aminoimidazole ribonucleotide biosynthesis II|g__Asaccharobacter.s__Asaccharobacter_celatus	27.4635809464
PWY-6122: 5-aminoimidazole ribonucleotide biosynthesis II|g__Coprococcus.s__Coprococcus_comes	26.9042812534
PWY-6122: 5-aminoimidazole ribonucleotide biosynthesis II|g__Ruminococcus.s__Ruminococcus_sp_AF31_8BH	24.0800700059
PWY-6122: 5-aminoimidazole ribonucleotide biosynthesis II|g__Lawsonibacter.s__Lawsonibacter_asaccharolyticus	23.5095892798
PWY-6122: 5-aminoimidazole ribonucleotide biosynthesis II|g__Eubacterium.s__Eubacterium_ramulus	21.0222047378
PWY-6122: 5-aminoimidazole ribonucleotide biosynthesis II|g__Actinomyces.s__Actinomyces_sp_ICM47	18.5952991647
PWY-6122: 5-aminoimidazole ribonucleotide biosynthesis II|g__Flavonifractor.s__Flavonifractor_plautii	17.9465826386
PWY-6122: 5-aminoimidazole ribonucleotide biosynthesis II|g__Flavonifractor.s__Flavonifractor_sp_An10	17.9313240796
PWY-6122: 5-aminoimidazole ribonucleotide biosynthesis II|g__Firmicutes_unclassified.s__Firmicutes_bacterium_CAG_102	16.5343431395
PWY-6122: 5-aminoimidazole ribonucleotide biosynthesis II|g__Barnesiella.s__Barnesiella_intestinihominis	14.9557242016
PWY-6122: 5-aminoimidazole ribonucleotide biosynthesis II|g__Clostridium.s__Clostridium_sp_AM22_11AC	14.0904163682
PWY-6122: 5-aminoimidazole ribonucleotide biosynthesis II|g__Bacteroides.s__Bacteroides_clarus	13.6704422023
PWY-6122: 5-aminoimidazole ribonucleotide biosynthesis II|g__Parabacteroides.s__Parabacteroides_distasonis	13.6127703691
PWY-6122: 5-aminoimidazole ribonucleotide biosynthesis II|g__Alistipes.s__Alistipes_finegoldii	12.7484566759
PWY-6122: 5-aminoimidazole ribonucleotide biosynthesis II|g__Bacteroides.s__Bacteroides_vulgatus	12.3210882067
PWY-6122: 5-aminoimidazole ribonucleotide biosynthesis II|g__Eubacterium.s__Eubacterium_sp_AF17_7	12.1173281210
PWY-6122: 5-aminoimidazole ribonucleotide biosynthesis II|g__Bacteroides.s__Bacteroides_ovatus	9.5514973489
PWY-6122: 5-aminoimidazole ribonucleotide biosynthesis II|g__Lachnospira.s__Lachnospira_pectinoschiza	8.6871209291
PWY-6122: 5-aminoimidazole ribonucleotide biosynthesis II|g__Alistipes.s__Alistipes_onderdonkii	8.4903087406
PWY-6122: 5-aminoimidazole ribonucleotide biosynthesis II|g__Bacteroides.s__Bacteroides_caccae	7.5966152938
PWY-6122: 5-aminoimidazole ribonucleotide biosynthesis II|g__Eubacterium.s__Eubacterium_sp_CAG_161	6.5879416978
PWY-6122: 5-aminoimidazole ribonucleotide biosynthesis II|g__Bacteroides.s__Bacteroides_thetaiotaomicron	5.1140128061
PWY-6122: 5-aminoimidazole ribonucleotide biosynthesis II|g__Eubacterium.s__Eubacterium_ventriosum	5.0446265496
PWY-6277: superpathway of 5-aminoimidazole ribonucleotide biosynthesis	14159.6093148643
PWY-6277: superpathway of 5-aminoimidazole ribonucleotide biosynthesis|unclassified	3343.0707849285
PWY-6277: superpathway of 5-aminoimidazole ribonucleotide biosynthesis|g__Faecalibacterium.s__Faecalibacterium_prausnitzii	1785.2585946808
PWY-6277: superpathway of 5-aminoimidazole ribonucleotide biosynthesis|g__Blautia.s__Ruminococcus_torques	787.8391313086
PWY-6277: superpathway of 5-aminoimidazole ribonucleotide biosynthesis|g__Blautia.s__Blautia_obeum	783.8822811031
PWY-6277: superpathway of 5-aminoimidazole ribonucleotide biosynthesis|g__Subdoligranulum.s__Subdoligranulum_sp_APC924_74	697.5140562479
PWY-6277: superpathway of 5-aminoimidazole ribonucleotide biosynthesis|g__Ruminococcus.s__Ruminococcus_bromii	621.3087835264
PWY-6277: superpathway of 5-aminoimidazole ribonucleotide biosynthesis|g__Fusicatenibacter.s__Fusicatenibacter_saccharivorans	536.9780505507
PWY-6277: superpathway of 5-aminoimidazole ribonucleotide biosynthesis|g__Lachnospiraceae_unclassified.s__Eubacterium_rectale	463.5345842968
PWY-6277: superpathway of 5-aminoimidazole ribonucleotide biosynthesis|g__Collinsella.s__Collinsella_aerofaciens	393.3061943580
PWY-6277: superpathway of 5-aminoimidazole ribonucleotide biosynthesis|g__Blautia.s__Blautia_sp	338.2469080141
PWY-6277: superpathway of 5-aminoimidazole ribonucleotide biosynthesis|g__Dialister.s__Dialister_invisus	301.8470255488
PWY-6277: superpathway of 5-aminoimidazole ribonucleotide biosynthesis|g__Anaerostipes.s__Anaerostipes_hadrus	283.7175621215
PWY-6277: superpathway of 5-aminoimidazole ribonucleotide biosynthesis|g__Bifidobacterium.s__Bifidobacterium_adolescentis	227.7798555462
PWY-6277: superpathway of 5-aminoimidazole ribonucleotide biosynthesis|g__Eubacterium.s__Eubacterium_eligens	206.0335809984
PWY-6277: superpathway of 5-aminoimidazole ribonucleotide biosynthesis|g__Firmicutes_unclassified.s__Firmicutes_bacterium_CAG_56	200.3469810518
PWY-6277: superpathway of 5-aminoimidazole ribonucleotide biosynthesis|g__Dorea.s__Dorea_longicatena	190.8393940366
PWY-6277: superpathway of 5-aminoimidazole ribonucleotide biosynthesis|g__Eubacterium.s__Eubacterium_sp_CAG_180	180.6790550298
PWY-6277: superpathway of 5-aminoimidazole ribonucleotide biosynthesis|g__Gemmiger.s__Gemmiger_formicilis	173.7795580724
PWY-6277: superpathway of 5-aminoimidazole ribonucleotide biosynthesis|g__Blautia.s__Blautia_wexlerae	170.3295952248
PWY-6277: superpathway of 5-aminoimidazole ribonucleotide biosynthesis|g__Eubacterium.s__Eubacterium_hallii	168.8409699172
PWY-6277: superpathway of 5-aminoimidazole ribonucleotide biosynthesis|g__Ruminococcus.s__Ruminococcus_sp_CAG_403	144.5050953492
PWY-6277: superpathway of 5-aminoimidazole ribonucleotide biosynthesis|g__Methanobrevibacter.s__Methanobrevibacter_smithii	143.7226671104
PWY-6277: superpathway of 5-aminoimidazole ribonucleotide biosynthesis|g__Clostridiales_unclassified.s__Clostridiales_bacterium_KLE1615	122.6292612391
PWY-6277: superpathway of 5-aminoimidazole ribonucleotide biosynthesis|g__Bifidobacterium.s__Bifidobacterium_longum	121.0879423581
PWY-6277: superpathway of 5-aminoimidazole ribonucleotide biosynthesis|g__Agathobaculum.s__Agathobaculum_butyriciproducens	116.1099344485
PWY-6277: superpathway of 5-aminoimidazole ribonucleotide biosynthesis|g__Eggerthella.s__Eggerthella_sp_CAG_209	113.6246983225
PWY-6277: superpathway of 5-aminoimidazole ribonucleotide biosynthesis|g__Eubacterium.s__Eubacterium_sp_CAG_115	97.9088778222
PWY-6277: superpathway of 5-aminoimidazole ribonucleotide biosynthesis|g__Alistipes.s__Alistipes_putredinis	92.6453012608
PWY-6277: superpathway of 5-aminoimidazole ribonucleotide biosynthesis|g__Bacteroides.s__Bacteroides_uniformis	91.4110004690
PWY-6277: superpathway of 5-aminoimidazole ribonucleotide biosynthesis|g__Bifidobacterium.s__Bifidobacterium_pseudocatenulatum	84.5822933860
PWY-6277: superpathway of 5-aminoimidazole ribonucleotide biosynthesis|g__Clostridium.s__Clostridium_sp_CAG_75	80.8756946961
PWY-6277: superpathway of 5-aminoimidazole ribonucleotide biosynthesis|g__Ruminococcus.s__Ruminococcus_bicirculans	80.8741853190
PWY-6277: superpathway of 5-aminoimidazole ribonucleotide biosynthesis|g__Bacteroides.s__Bacteroides_stercoris	80.7630023452
PWY-6277: superpathway of 5-aminoimidazole ribonucleotide biosynthesis|g__Blautia.s__Blautia_sp_CAG_52	80.4247212521
PWY-6277: superpathway of 5-aminoimidazole ribonucleotide biosynthesis|g__Clostridium.s__Clostridium_sp_AF36_4	74.4018413040
PWY-6277: superpathway of 5-aminoimidazole ribonucleotide biosynthesis|g__Roseburia.s__Roseburia_intestinalis	71.4346196452
PWY-6277: superpathway of 5-aminoimidazole ribonucleotide biosynthesis|g__Roseburia.s__Roseburia_inulinivorans	61.8087698620
PWY-6277: superpathway of 5-aminoimidazole ribonucleotide biosynthesis|g__Clostridium.s__Clostridium_sp_CAG_122	59.3980683170
PWY-6277: superpathway of 5-aminoimidazole ribonucleotide biosynthesis|g__Ruminococcus.s__Ruminococcus_lactaris	55.0807021535
PWY-6277: superpathway of 5-aminoimidazole ribonucleotide biosynthesis|g__Coprococcus.s__Coprococcus_catus	51.5337114948
PWY-6277: superpathway of 5-aminoimidazole ribonucleotide biosynthesis|g__Firmicutes_unclassified.s__Firmicutes_bacterium_CAG_41	49.3491492533
PWY-6277: superpathway of 5-aminoimidazole ribonucleotide biosynthesis|g__Methanosphaera.s__Methanosphaera_stadtmanae	45.0783790474
PWY-6277: superpathway of 5-aminoimidazole ribonucleotide biosynthesis|g__Roseburia.s__Roseburia_faecis	43.0637065327
PWY-6277: superpathway of 5-aminoimidazole ribonucleotide biosynthesis|g__Bacteroides.s__Bacteroides_dorei	40.1666632338
PWY-6277: superpathway of 5-aminoimidazole ribonucleotide biosynthesis|g__Bacteroides.s__Bacteroides_cellulosilyticus	39.5807772432
PWY-6277: superpathway of 5-aminoimidazole ribonucleotide biosynthesis|g__Firmicutes_unclassified.s__Firmicutes_bacterium_AF16_15	34.3062980869
PWY-6277: superpathway of 5-aminoimidazole ribonucleotide biosynthesis|g__Adlercreutzia.s__Adlercreutzia_equolifaciens	34.0501110808
PWY-6277: superpathway of 5-aminoimidazole ribonucleotide biosynthesis|g__Bacteroides.s__Bacteroides_massiliensis	31.3254040828
PWY-6277: superpathway of 5-aminoimidazole ribonucleotide biosynthesis|g__Firmicutes_unclassified.s__Firmicutes_bacterium_CAG_110	31.0154792329
PWY-6277: superpathway of 5-aminoimidazole ribonucleotide biosynthesis|g__Dorea.s__Dorea_formicigenerans	30.2593553831
PWY-6277: superpathway of 5-aminoimidazole ribonucleotide biosynthesis|g__Bilophila.s__Bilophila_wadsworthia	28.8008890588
PWY-6277: superpathway of 5-aminoimidazole ribonucleotide biosynthesis|g__Streptococcus.s__Streptococcus_thermophilus	28.3481065665
PWY-6277: superpathway of 5-aminoimidazole ribonucleotide biosynthesis|g__Asaccharobacter.s__Asaccharobacter_celatus	27.4635809464
PWY-6277: superpathway of 5-aminoimidazole ribonucleotide biosynthesis|g__Coprococcus.s__Coprococcus_comes	26.9042812534
PWY-6277: superpathway of 5-aminoimidazole ribonucleotide biosynthesis|g__Ruminococcus.s__Ruminococcus_sp_AF31_8BH	24.0800700059
PWY-6277: superpathway of 5-aminoimidazole ribonucleotide biosynthesis|g__Lawsonibacter.s__Lawsonibacter_asaccharolyticus	23.5095892798
PWY-6277: superpathway of 5-aminoimidazole ribonucleotide biosynthesis|g__Eubacterium.s__Eubacterium_ramulus	21.0222047378
PWY-6277: superpathway of 5-aminoimidazole ribonucleotide biosynthesis|g__Actinomyces.s__Actinomyces_sp_ICM47	18.5952991647
PWY-6277: superpathway of 5-aminoimidazole ribonucleotide biosynthesis|g__Flavonifractor.s__Flavonifractor_plautii	17.9465826386
PWY-6277: superpathway of 5-aminoimidazole ribonucleotide biosynthesis|g__Flavonifractor.s__Flavonifractor_sp_An10	17.9313240796
PWY-6277: superpathway of 5-aminoimidazole ribonucleotide biosynthesis|g__Firmicutes_unclassified.s__Firmicutes_bacterium_CAG_102	16.5343431395
PWY-6277: superpathway of 5-aminoimidazole ribonucleotide biosynthesis|g__Barnesiella.s__Barnesiella_intestinihominis	14.9557242016
PWY-6277: superpathway of 5-aminoimidazole ribonucleotide biosynthesis|g__Clostridium.s__Clostridium_sp_AM22_11AC	14.0904163682
PWY-6277: superpathway of 5-aminoimidazole ribonucleotide biosynthesis|g__Bacteroides.s__Bacteroides_clarus	13.6704422023
PWY-6277: superpathway of 5-aminoimidazole ribonucleotide biosynthesis|g__Parabacteroides.s__Parabacteroides_distasonis	13.6127703691
PWY-6277: superpathway of 5-aminoimidazole ribonucleotide biosynthesis|g__Alistipes.s__Alistipes_finegoldii	12.7484566759
PWY-6277: superpathway of 5-aminoimidazole ribonucleotide biosynthesis|g__Bacteroides.s__Bacteroides_vulgatus	12.3210882067
PWY-6277: superpathway of 5-aminoimidazole ribonucleotide biosynthesis|g__Eubacterium.s__Eubacterium_sp_AF17_7	12.1173281210
PWY-6277: superpathway of 5-aminoimidazole ribonucleotide biosynthesis|g__Bacteroides.s__Bacteroides_ovatus	9.5514973489
PWY-6277: superpathway of 5-aminoimidazole ribonucleotide biosynthesis|g__Lachnospira.s__Lachnospira_pectinoschiza	8.6871209291
PWY-6277: superpathway of 5-aminoimidazole ribonucleotide biosynthesis|g__Alistipes.s__Alistipes_onderdonkii	8.4903087406
PWY-6277: superpathway of 5-aminoimidazole ribonucleotide biosynthesis|g__Bacteroides.s__Bacteroides_caccae	7.5966152938
PWY-6277: superpathway of 5-aminoimidazole ribonucleotide biosynthesis|g__Eubacterium.s__Eubacterium_sp_CAG_161	6.5879416978
PWY-6277: superpathway of 5-aminoimidazole ribonucleotide biosynthesis|g__Bacteroides.s__Bacteroides_thetaiotaomicron	5.1140128061
PWY-6277: superpathway of 5-aminoimidazole ribonucleotide biosynthesis|g__Eubacterium.s__Eubacterium_ventriosum	5.0446265496
PWY-6121: 5-aminoimidazole ribonucleotide biosynthesis I	13887.8556541476
PWY-6121: 5-aminoimidazole ribonucleotide biosynthesis I|unclassified	3297.0320616533
PWY-6121: 5-aminoimidazole ribonucleotide biosynthesis I|g__Faecalibacterium.s__Faecalibacterium_prausnitzii	1485.8212144864
PWY-6121: 5-aminoimidazole ribonucleotide biosynthesis I|g__Blautia.s__Ruminococcus_torques	788.0443299493
PWY-6121: 5-aminoimidazole ribonucleotide biosynthesis I|g__Subdoligranulum.s__Subdoligranulum_sp_APC924_74	716.1838227023
PWY-6121: 5-aminoimidazole ribonucleotide biosynthesis I|g__Blautia.s__Blautia_obeum	672.8129294624
PWY-6121: 5-aminoimidazole ribonucleotide biosynthesis I|g__Ruminococcus.s__Ruminococcus_bromii	604.4725341035
PWY-6121: 5-aminoimidazole ribonucleotide biosynthesis I|g__Fusicatenibacter.s__Fusicatenibacter_saccharivorans	562.3387411872
PWY-6121: 5-aminoimidazole ribonucleotide biosynthesis I|g__Lachnospiraceae_unclassified.s__Eubacterium_rectale	499.4054047790
PWY-6121: 5-aminoimidazole ribonucleotide biosynthesis I|g__Collinsella.s__Collinsella_aerofaciens	384.9812542654
PWY-6121: 5-aminoimidazole ribonucleotide biosynthesis I|g__Blautia.s__Blautia_sp	317.3955690747
PWY-6121: 5-aminoimidazole ribonucleotide biosynthesis I|g__Dialister.s__Dialister_invisus	304.1141783047
PWY-6121: 5-aminoimidazole ribonucleotide biosynthesis I|g__Anaerostipes.s__Anaerostipes_hadrus	271.5556355590
PWY-6121: 5-aminoimidazole ribonucleotide biosynthesis I|g__Bifidobacterium.s__Bifidobacterium_adolescentis	224.2559343191
PWY-6121: 5-aminoimidazole ribonucleotide biosynthesis I|g__Eubacterium.s__Eubacterium_eligens	216.4311704156
PWY-6121: 5-aminoimidazole ribonucleotide biosynthesis I|g__Firmicutes_unclassified.s__Firmicutes_bacterium_CAG_56	203.9947962778
PWY-6121: 5-aminoimidazole ribonucleotide biosynthesis I|g__Eubacterium.s__Eubacterium_sp_CAG_180	180.3861970327
PWY-6121: 5-aminoimidazole ribonucleotide biosynthesis I|g__Dorea.s__Dorea_longicatena	172.1348631362
PWY-6121: 5-aminoimidazole ribonucleotide biosynthesis I|g__Eubacterium.s__Eubacterium_hallii	168.9934954337
PWY-6121: 5-aminoimidazole ribonucleotide biosynthesis I|g__Gemmiger.s__Gemmiger_formicilis	152.4071722426
PWY-6121: 5-aminoimidazole ribonucleotide biosynthesis I|g__Blautia.s__Blautia_wexlerae	139.1240413703
PWY-6121: 5-aminoimidazole ribonucleotide biosynthesis I|g__Ruminococcus.s__Ruminococcus_sp_CAG_403	131.5770420411
PWY-6121: 5-aminoimidazole ribonucleotide biosynthesis I|g__Clostridiales_unclassified.s__Clostridiales_bacterium_KLE1615	128.3510524778
PWY-6121: 5-aminoimidazole ribonucleotide biosynthesis I|g__Eggerthella.s__Eggerthella_sp_CAG_209	114.6409807375
PWY-6121: 5-aminoimidazole ribonucleotide biosynthesis I|g__Methanobrevibacter.s__Methanobrevibacter_smithii	107.8439513177
PWY-6121: 5-aminoimidazole ribonucleotide biosynthesis I|g__Agathobaculum.s__Agathobaculum_butyriciproducens	99.6654506319
PWY-6121: 5-aminoimidazole ribonucleotide biosynthesis I|g__Alistipes.s__Alistipes_putredinis	94.9222849866
PWY-6121: 5-aminoimidazole ribonucleotide biosynthesis I|g__Eubacterium.s__Eubacterium_sp_CAG_115	84.9764345002
PWY-6121: 5-aminoimidazole ribonucleotide biosynthesis I|g__Bacteroides.s__Bacteroides_uniformis	83.1974150969
PWY-6121: 5-aminoimidazole ribonucleotide biosynthesis I|g__Bacteroides.s__Bacteroides_stercoris	81.3095836336
PWY-6121: 5-aminoimidazole ribonucleotide biosynthesis I|g__Blautia.s__Blautia_sp_CAG_52	80.3203231908
PWY-6121: 5-aminoimidazole ribonucleotide biosynthesis I|g__Clostridium.s__Clostridium_sp_CAG_75	79.2267703409
PWY-6121: 5-aminoimidazole ribonucleotide biosynthesis I|g__Ruminococcus.s__Ruminococcus_bicirculans	78.9480523340
PWY-6121: 5-aminoimidazole ribonucleotide biosynthesis I|g__Bifidobacterium.s__Bifidobacterium_pseudocatenulatum	76.6254096240
PWY-6121: 5-aminoimidazole ribonucleotide biosynthesis I|g__Clostridium.s__Clostridium_sp_AF36_4	72.2729837066
PWY-6121: 5-aminoimidazole ribonucleotide biosynthesis I|g__Roseburia.s__Roseburia_intestinalis	68.7828021248
PWY-6121: 5-aminoimidazole ribonucleotide biosynthesis I|g__Roseburia.s__Roseburia_inulinivorans	61.4416479129
PWY-6121: 5-aminoimidazole ribonucleotide biosynthesis I|g__Ruminococcus.s__Ruminococcus_lactaris	59.6403832541
PWY-6121: 5-aminoimidazole ribonucleotide biosynthesis I|g__Clostridium.s__Clostridium_sp_CAG_122	59.5782201521
PWY-6121: 5-aminoimidazole ribonucleotide biosynthesis I|g__Coprococcus.s__Coprococcus_catus	56.0077400967
PWY-6121: 5-aminoimidazole ribonucleotide biosynthesis I|g__Firmicutes_unclassified.s__Firmicutes_bacterium_CAG_41	52.3603451911
PWY-6121: 5-aminoimidazole ribonucleotide biosynthesis I|g__Bifidobacterium.s__Bifidobacterium_longum	51.0770760425
PWY-6121: 5-aminoimidazole ribonucleotide biosynthesis I|g__Roseburia.s__Roseburia_faecis	42.1956226425
PWY-6121: 5-aminoimidazole ribonucleotide biosynthesis I|g__Methanosphaera.s__Methanosphaera_stadtmanae	42.0163382716
PWY-6121: 5-aminoimidazole ribonucleotide biosynthesis I|g__Bacteroides.s__Bacteroides_dorei	40.3453585601
PWY-6121: 5-aminoimidazole ribonucleotide biosynthesis I|g__Bacteroides.s__Bacteroides_cellulosilyticus	39.1507583777
PWY-6121: 5-aminoimidazole ribonucleotide biosynthesis I|g__Adlercreutzia.s__Adlercreutzia_equolifaciens	37.8978894376
PWY-6121: 5-aminoimidazole ribonucleotide biosynthesis I|g__Firmicutes_unclassified.s__Firmicutes_bacterium_AF16_15	34.5083529733
PWY-6121: 5-aminoimidazole ribonucleotide biosynthesis I|g__Bacteroides.s__Bacteroides_massiliensis	33.6764955887
PWY-6121: 5-aminoimidazole ribonucleotide biosynthesis I|g__Firmicutes_unclassified.s__Firmicutes_bacterium_CAG_110	33.0417168871
PWY-6121: 5-aminoimidazole ribonucleotide biosynthesis I|g__Streptococcus.s__Streptococcus_thermophilus	32.9622359173
PWY-6121: 5-aminoimidazole ribonucleotide biosynthesis I|g__Bilophila.s__Bilophila_wadsworthia	31.1498539201
PWY-6121: 5-aminoimidazole ribonucleotide biosynthesis I|g__Asaccharobacter.s__Asaccharobacter_celatus	28.8162891070
PWY-6121: 5-aminoimidazole ribonucleotide biosynthesis I|g__Coprococcus.s__Coprococcus_comes	25.6891567529
PWY-6121: 5-aminoimidazole ribonucleotide biosynthesis I|g__Dorea.s__Dorea_formicigenerans	25.5475616179
PWY-6121: 5-aminoimidazole ribonucleotide biosynthesis I|g__Lawsonibacter.s__Lawsonibacter_asaccharolyticus	23.2967034353
PWY-6121: 5-aminoimidazole ribonucleotide biosynthesis I|g__Ruminococcus.s__Ruminococcus_sp_AF31_8BH	21.4760642787
PWY-6121: 5-aminoimidazole ribonucleotide biosynthesis I|g__Eubacterium.s__Eubacterium_ramulus	20.5195547726
PWY-6121: 5-aminoimidazole ribonucleotide biosynthesis I|g__Flavonifractor.s__Flavonifractor_sp_An10	17.9976621206
PWY-6121: 5-aminoimidazole ribonucleotide biosynthesis I|g__Flavonifractor.s__Flavonifractor_plautii	17.4300918621
PWY-6121: 5-aminoimidazole ribonucleotide biosynthesis I|g__Firmicutes_unclassified.s__Firmicutes_bacterium_CAG_102	17.2168456016
PWY-6121: 5-aminoimidazole ribonucleotide biosynthesis I|g__Clostridium.s__Clostridium_sp_AM22_11AC	16.1615311655
PWY-6121: 5-aminoimidazole ribonucleotide biosynthesis I|g__Barnesiella.s__Barnesiella_intestinihominis	15.2473683717
PWY-6121: 5-aminoimidazole ribonucleotide biosynthesis I|g__Actinomyces.s__Actinomyces_sp_ICM47	14.7024516780
PWY-6121: 5-aminoimidazole ribonucleotide biosynthesis I|g__Bacteroides.s__Bacteroides_clarus	14.6923967153
PWY-6121: 5-aminoimidazole ribonucleotide biosynthesis I|g__Bacteroides.s__Bacteroides_vulgatus	13.9973452712
PWY-6121: 5-aminoimidazole ribonucleotide biosynthesis I|g__Parabacteroides.s__Parabacteroides_distasonis	13.7938584116
PWY-6121: 5-aminoimidazole ribonucleotide biosynthesis I|g__Alistipes.s__Alistipes_finegoldii	12.5328614787
PWY-6121: 5-aminoimidazole ribonucleotide biosynthesis I|g__Eubacterium.s__Eubacterium_sp_AF17_7	12.2217780725
PWY-6121: 5-aminoimidazole ribonucleotide biosynthesis I|g__Bacteroides.s__Bacteroides_ovatus	11.2385992045
PWY-6121: 5-aminoimidazole ribonucleotide biosynthesis I|g__Alistipes.s__Alistipes_onderdonkii	8.2069959253
PWY-6121: 5-aminoimidazole ribonucleotide biosynthesis I|g__Eubacterium.s__Eubacterium_sp_CAG_161	7.1829830570
PWY-6121: 5-aminoimidazole ribonucleotide biosynthesis I|g__Lachnospira.s__Lachnospira_pectinoschiza	7.1541395133
PWY-6121: 5-aminoimidazole ribonucleotide biosynthesis I|g__Bacteroides.s__Bacteroides_thetaiotaomicron	5.8790363956
PWY-6121: 5-aminoimidazole ribonucleotide biosynthesis I|g__Eubacterium.s__Eubacterium_ventriosum	5.2908156831
PEPTIDOGLYCANSYN-PWY: peptidoglycan biosynthesis I (meso-diaminopimelate containing)	13731.6640386566
PEPTIDOGLYCANSYN-PWY: peptidoglycan biosynthesis I (meso-diaminopimelate containing)|unclassified	2667.6413672884
PEPTIDOGLYCANSYN-PWY: peptidoglycan biosynthesis I (meso-diaminopimelate containing)|g__Blautia.s__Blautia_obeum	795.6570861296
PEPTIDOGLYCANSYN-PWY: peptidoglycan biosynthesis I (meso-diaminopimelate containing)|g__Faecalibacterium.s__Faecalibacterium_prausnitzii	670.7065582049
PEPTIDOGLYCANSYN-PWY: peptidoglycan biosynthesis I (meso-diaminopimelate containing)|g__Subdoligranulum.s__Subdoligranulum_sp_APC924_74	658.0411604706
PEPTIDOGLYCANSYN-PWY: peptidoglycan biosynthesis I (meso-diaminopimelate containing)|g__Blautia.s__Ruminococcus_torques	644.6438278904
PEPTIDOGLYCANSYN-PWY: peptidoglycan biosynthesis I (meso-diaminopimelate containing)|g__Fusicatenibacter.s__Fusicatenibacter_saccharivorans	623.8536654283
PEPTIDOGLYCANSYN-PWY: peptidoglycan biosynthesis I (meso-diaminopimelate containing)|g__Lachnospiraceae_unclassified.s__Eubacterium_rectale	351.7779694096
PEPTIDOGLYCANSYN-PWY: peptidoglycan biosynthesis I (meso-diaminopimelate containing)|g__Clostridium.s__Clostridium_sp_CAG_465	342.9604984882
PEPTIDOGLYCANSYN-PWY: peptidoglycan biosynthesis I (meso-diaminopimelate containing)|g__Anaerostipes.s__Anaerostipes_hadrus	333.3608181857
PEPTIDOGLYCANSYN-PWY: peptidoglycan biosynthesis I (meso-diaminopimelate containing)|g__Blautia.s__Blautia_sp	316.7768244507
PEPTIDOGLYCANSYN-PWY: peptidoglycan biosynthesis I (meso-diaminopimelate containing)|g__Bifidobacterium.s__Bifidobacterium_adolescentis	227.5664523135
PEPTIDOGLYCANSYN-PWY: peptidoglycan biosynthesis I (meso-diaminopimelate containing)|g__Ruminococcus.s__Ruminococcus_sp_CAG_403	222.1207931838
PEPTIDOGLYCANSYN-PWY: peptidoglycan biosynthesis I (meso-diaminopimelate containing)|g__Dialister.s__Dialister_invisus	220.4438741390
PEPTIDOGLYCANSYN-PWY: peptidoglycan biosynthesis I (meso-diaminopimelate containing)|g__Collinsella.s__Collinsella_aerofaciens	211.5153720390
PEPTIDOGLYCANSYN-PWY: peptidoglycan biosynthesis I (meso-diaminopimelate containing)|g__Dorea.s__Dorea_longicatena	201.2508756771
PEPTIDOGLYCANSYN-PWY: peptidoglycan biosynthesis I (meso-diaminopimelate containing)|g__Eubacterium.s__Eubacterium_eligens	195.9361378187
PEPTIDOGLYCANSYN-PWY: peptidoglycan biosynthesis I (meso-diaminopimelate containing)|g__Eubacterium.s__Eubacterium_hallii	175.1302113414
PEPTIDOGLYCANSYN-PWY: peptidoglycan biosynthesis I (meso-diaminopimelate containing)|g__Blautia.s__Blautia_wexlerae	168.1051355701
PEPTIDOGLYCANSYN-PWY: peptidoglycan biosynthesis I (meso-diaminopimelate containing)|g__Firmicutes_unclassified.s__Firmicutes_bacterium_CAG_56	162.7449778623
PEPTIDOGLYCANSYN-PWY: peptidoglycan biosynthesis I (meso-diaminopimelate containing)|g__Clostridium.s__Clostridium_sp_CAG_492	138.9487694550
PEPTIDOGLYCANSYN-PWY: peptidoglycan biosynthesis I (meso-diaminopimelate containing)|g__Eggerthella.s__Eggerthella_sp_CAG_209	124.6635200552
PEPTIDOGLYCANSYN-PWY: peptidoglycan biosynthesis I (meso-diaminopimelate containing)|g__Bifidobacterium.s__Bifidobacterium_longum	123.4448846951
PEPTIDOGLYCANSYN-PWY: peptidoglycan biosynthesis I (meso-diaminopimelate containing)|g__Gemmiger.s__Gemmiger_formicilis	114.8862491664
PEPTIDOGLYCANSYN-PWY: peptidoglycan biosynthesis I (meso-diaminopimelate containing)|g__Blautia.s__Blautia_sp_CAG_52	106.5896756269
PEPTIDOGLYCANSYN-PWY: peptidoglycan biosynthesis I (meso-diaminopimelate containing)|g__Alistipes.s__Alistipes_putredinis	103.2484924375
PEPTIDOGLYCANSYN-PWY: peptidoglycan biosynthesis I (meso-diaminopimelate containing)|g__Firmicutes_unclassified.s__Firmicutes_bacterium_CAG_176	91.8878001949
PEPTIDOGLYCANSYN-PWY: peptidoglycan biosynthesis I (meso-diaminopimelate containing)|g__Agathobaculum.s__Agathobaculum_butyriciproducens	89.8851549321
PEPTIDOGLYCANSYN-PWY: peptidoglycan biosynthesis I (meso-diaminopimelate containing)|g__Bacteroides.s__Bacteroides_stercoris	82.5948896938
PEPTIDOGLYCANSYN-PWY: peptidoglycan biosynthesis I (meso-diaminopimelate containing)|g__Eubacterium.s__Eubacterium_sp_CAG_115	79.9092172353
PEPTIDOGLYCANSYN-PWY: peptidoglycan biosynthesis I (meso-diaminopimelate containing)|g__Bacteroides.s__Bacteroides_uniformis	78.8924309805
PEPTIDOGLYCANSYN-PWY: peptidoglycan biosynthesis I (meso-diaminopimelate containing)|g__Ruminococcus.s__Ruminococcus_bicirculans	76.9407731657
PEPTIDOGLYCANSYN-PWY: peptidoglycan biosynthesis I (meso-diaminopimelate containing)|g__Clostridium.s__Clostridium_sp_CAG_122	68.0464587514
PEPTIDOGLYCANSYN-PWY: peptidoglycan biosynthesis I (meso-diaminopimelate containing)|g__Coprococcus.s__Coprococcus_catus	63.7293870923
PEPTIDOGLYCANSYN-PWY: peptidoglycan biosynthesis I (meso-diaminopimelate containing)|g__Roseburia.s__Roseburia_intestinalis	63.1236842261
PEPTIDOGLYCANSYN-PWY: peptidoglycan biosynthesis I (meso-diaminopimelate containing)|g__Ruminococcus.s__Ruminococcus_lactaris	62.7199193785
PEPTIDOGLYCANSYN-PWY: peptidoglycan biosynthesis I (meso-diaminopimelate containing)|g__Clostridium.s__Clostridium_sp_AF36_4	62.6192458126
PEPTIDOGLYCANSYN-PWY: peptidoglycan biosynthesis I (meso-diaminopimelate containing)|g__Roseburia.s__Roseburia_inulinivorans	57.3117626042
PEPTIDOGLYCANSYN-PWY: peptidoglycan biosynthesis I (meso-diaminopimelate containing)|g__Bifidobacterium.s__Bifidobacterium_pseudocatenulatum	56.8167152980
PEPTIDOGLYCANSYN-PWY: peptidoglycan biosynthesis I (meso-diaminopimelate containing)|g__Roseburia.s__Roseburia_faecis	46.2946233277
PEPTIDOGLYCANSYN-PWY: peptidoglycan biosynthesis I (meso-diaminopimelate containing)|g__Firmicutes_unclassified.s__Firmicutes_bacterium_CAG_41	45.1811823332
PEPTIDOGLYCANSYN-PWY: peptidoglycan biosynthesis I (meso-diaminopimelate containing)|g__Bacteroides.s__Bacteroides_cellulosilyticus	38.1473734793
PEPTIDOGLYCANSYN-PWY: peptidoglycan biosynthesis I (meso-diaminopimelate containing)|g__Bacteroides.s__Bacteroides_massiliensis	37.0646039964
PEPTIDOGLYCANSYN-PWY: peptidoglycan biosynthesis I (meso-diaminopimelate containing)|g__Bacteroides.s__Bacteroides_dorei	36.7917873919
PEPTIDOGLYCANSYN-PWY: peptidoglycan biosynthesis I (meso-diaminopimelate containing)|g__Firmicutes_unclassified.s__Firmicutes_bacterium_AF16_15	35.8317343411
PEPTIDOGLYCANSYN-PWY: peptidoglycan biosynthesis I (meso-diaminopimelate containing)|g__Bilophila.s__Bilophila_wadsworthia	34.8145152748
PEPTIDOGLYCANSYN-PWY: peptidoglycan biosynthesis I (meso-diaminopimelate containing)|g__Candidatus_Gastranaerophilales_unclassified.s__Candidatus_Gastranaerophilales_bacterium_HUM_10	28.4176876321
PEPTIDOGLYCANSYN-PWY: peptidoglycan biosynthesis I (meso-diaminopimelate containing)|g__Dorea.s__Dorea_formicigenerans	27.6012535772
PEPTIDOGLYCANSYN-PWY: peptidoglycan biosynthesis I (meso-diaminopimelate containing)|g__Firmicutes_unclassified.s__Firmicutes_bacterium_CAG_110	27.5405065514
PEPTIDOGLYCANSYN-PWY: peptidoglycan biosynthesis I (meso-diaminopimelate containing)|g__Firmicutes_unclassified.s__Firmicutes_bacterium_CAG_102	26.8452484294
PEPTIDOGLYCANSYN-PWY: peptidoglycan biosynthesis I (meso-diaminopimelate containing)|g__Bacteroides.s__Bacteroides_vulgatus	25.8633580019
PEPTIDOGLYCANSYN-PWY: peptidoglycan biosynthesis I (meso-diaminopimelate containing)|g__Clostridium.s__Clostridium_sp_CAG_269	24.8537016112
PEPTIDOGLYCANSYN-PWY: peptidoglycan biosynthesis I (meso-diaminopimelate containing)|g__Asaccharobacter.s__Asaccharobacter_celatus	21.8236301219
PEPTIDOGLYCANSYN-PWY: peptidoglycan biosynthesis I (meso-diaminopimelate containing)|g__Ruminococcus.s__Ruminococcus_sp_AF31_8BH	21.3099347803
PEPTIDOGLYCANSYN-PWY: peptidoglycan biosynthesis I (meso-diaminopimelate containing)|g__Lawsonibacter.s__Lawsonibacter_asaccharolyticus	20.6926933458
PEPTIDOGLYCANSYN-PWY: peptidoglycan biosynthesis I (meso-diaminopimelate containing)|g__Barnesiella.s__Barnesiella_intestinihominis	20.3778468358
PEPTIDOGLYCANSYN-PWY: peptidoglycan biosynthesis I (meso-diaminopimelate containing)|g__Adlercreutzia.s__Adlercreutzia_equolifaciens	18.2663304742
PEPTIDOGLYCANSYN-PWY: peptidoglycan biosynthesis I (meso-diaminopimelate containing)|g__Streptococcus.s__Streptococcus_thermophilus	17.2277156559
PEPTIDOGLYCANSYN-PWY: peptidoglycan biosynthesis I (meso-diaminopimelate containing)|g__Parabacteroides.s__Parabacteroides_distasonis	15.2284790352
PEPTIDOGLYCANSYN-PWY: peptidoglycan biosynthesis I (meso-diaminopimelate containing)|g__Flavonifractor.s__Flavonifractor_plautii	14.4838347203
PEPTIDOGLYCANSYN-PWY: peptidoglycan biosynthesis I (meso-diaminopimelate containing)|g__Alistipes.s__Alistipes_finegoldii	12.6045141293
PEPTIDOGLYCANSYN-PWY: peptidoglycan biosynthesis I (meso-diaminopimelate containing)|g__Bacteroides.s__Bacteroides_clarus	10.1576318579
PEPTIDOGLYCANSYN-PWY: peptidoglycan biosynthesis I (meso-diaminopimelate containing)|g__Bacteroides.s__Bacteroides_ovatus	10.0985649367
PEPTIDOGLYCANSYN-PWY: peptidoglycan biosynthesis I (meso-diaminopimelate containing)|g__Firmicutes_unclassified.s__Firmicutes_bacterium_CAG_240	8.6091713728
PEPTIDOGLYCANSYN-PWY: peptidoglycan biosynthesis I (meso-diaminopimelate containing)|g__Bacteroides.s__Bacteroides_xylanisolvens	8.2441068207
PEPTIDOGLYCANSYN-PWY: peptidoglycan biosynthesis I (meso-diaminopimelate containing)|g__Streptococcus.s__Streptococcus_pneumoniae	6.6778642287
PEPTIDOGLYCANSYN-PWY: peptidoglycan biosynthesis I (meso-diaminopimelate containing)|g__Streptococcus.s__Streptococcus_salivarius	2.1998470112
PWY-6609: adenine and adenosine salvage III	13718.6963400113
PWY-6609: adenine and adenosine salvage III|unclassified	2709.5337150419
PWY-6609: adenine and adenosine salvage III|g__Faecalibacterium.s__Faecalibacterium_prausnitzii	1258.6607352522
PWY-6609: adenine and adenosine salvage III|g__Fusicatenibacter.s__Fusicatenibacter_saccharivorans	940.8368792577
PWY-6609: adenine and adenosine salvage III|g__Blautia.s__Ruminococcus_torques	833.4688055021
PWY-6609: adenine and adenosine salvage III|g__Subdoligranulum.s__Subdoligranulum_sp_APC924_74	684.4620698026
PWY-6609: adenine and adenosine salvage III|g__Blautia.s__Blautia_obeum	577.5992258910
PWY-6609: adenine and adenosine salvage III|g__Lachnospiraceae_unclassified.s__Eubacterium_rectale	420.6979420413
PWY-6609: adenine and adenosine salvage III|g__Anaerostipes.s__Anaerostipes_hadrus	306.6799245815
PWY-6609: adenine and adenosine salvage III|g__Blautia.s__Blautia_sp	287.6921426544
PWY-6609: adenine and adenosine salvage III|g__Blautia.s__Blautia_wexlerae	249.3146434294
PWY-6609: adenine and adenosine salvage III|g__Dialister.s__Dialister_invisus	213.6239282346
PWY-6609: adenine and adenosine salvage III|g__Eubacterium.s__Eubacterium_sp_CAG_180	213.4620891047
PWY-6609: adenine and adenosine salvage III|g__Ruminococcus.s__Ruminococcus_sp_CAG_403	210.4035188878
PWY-6609: adenine and adenosine salvage III|g__Gemmiger.s__Gemmiger_formicilis	187.3522661663
PWY-6609: adenine and adenosine salvage III|g__Clostridiales_unclassified.s__Clostridiales_bacterium_KLE1615	173.8353133157
PWY-6609: adenine and adenosine salvage III|g__Dorea.s__Dorea_longicatena	165.2402039008
PWY-6609: adenine and adenosine salvage III|g__Eubacterium.s__Eubacterium_eligens	162.7266336014
PWY-6609: adenine and adenosine salvage III|g__Firmicutes_unclassified.s__Firmicutes_bacterium_CAG_56	162.2054154507
PWY-6609: adenine and adenosine salvage III|g__Firmicutes_unclassified.s__Firmicutes_bacterium_CAG_103	154.4797515970
PWY-6609: adenine and adenosine salvage III|g__Firmicutes_unclassified.s__Firmicutes_bacterium_CAG_176	113.1705281139
PWY-6609: adenine and adenosine salvage III|g__Bacteroides.s__Bacteroides_stercoris	110.7626594645
PWY-6609: adenine and adenosine salvage III|g__Ruminococcus.s__Ruminococcus_bicirculans	95.4125297103
PWY-6609: adenine and adenosine salvage III|g__Bacteroides.s__Bacteroides_uniformis	91.3019157252
PWY-6609: adenine and adenosine salvage III|g__Agathobaculum.s__Agathobaculum_butyriciproducens	86.6352356901
PWY-6609: adenine and adenosine salvage III|g__Roseburia.s__Roseburia_inulinivorans	86.4464309402
PWY-6609: adenine and adenosine salvage III|g__Alistipes.s__Alistipes_putredinis	84.9922833857
PWY-6609: adenine and adenosine salvage III|g__Blautia.s__Blautia_sp_CAG_52	83.8814698574
PWY-6609: adenine and adenosine salvage III|g__Eubacterium.s__Eubacterium_sp_CAG_115	83.7640180112
PWY-6609: adenine and adenosine salvage III|g__Coprococcus.s__Coprococcus_catus	76.8115021559
PWY-6609: adenine and adenosine salvage III|g__Clostridium.s__Clostridium_sp_CAG_75	70.4352254154
PWY-6609: adenine and adenosine salvage III|g__Roseburia.s__Roseburia_intestinalis	63.0972545138
PWY-6609: adenine and adenosine salvage III|g__Clostridium.s__Clostridium_sp_AF36_4	59.8370065799
PWY-6609: adenine and adenosine salvage III|g__Clostridium.s__Clostridium_sp_CAG_122	53.3333099712
PWY-6609: adenine and adenosine salvage III|g__Ruminococcus.s__Ruminococcus_lactaris	45.3518969515
PWY-6609: adenine and adenosine salvage III|g__Bacteroides.s__Bacteroides_dorei	43.3848539287
PWY-6609: adenine and adenosine salvage III|g__Dorea.s__Dorea_formicigenerans	43.2424523883
PWY-6609: adenine and adenosine salvage III|g__Roseburia.s__Roseburia_faecis	35.8754060590
PWY-6609: adenine and adenosine salvage III|g__Candidatus_Gastranaerophilales_unclassified.s__Candidatus_Gastranaerophilales_bacterium_HUM_10	34.6371730276
PWY-6609: adenine and adenosine salvage III|g__Streptococcus.s__Streptococcus_thermophilus	34.3749226378
PWY-6609: adenine and adenosine salvage III|g__Bacteroides.s__Bacteroides_massiliensis	33.2338045069
PWY-6609: adenine and adenosine salvage III|g__Adlercreutzia.s__Adlercreutzia_equolifaciens	26.6746316675
PWY-6609: adenine and adenosine salvage III|g__Bilophila.s__Bilophila_wadsworthia	26.1337460986
PWY-6609: adenine and adenosine salvage III|g__Ruminococcus.s__Ruminococcus_sp_AF31_8BH	24.2469896360
PWY-6609: adenine and adenosine salvage III|g__Firmicutes_unclassified.s__Firmicutes_bacterium_CAG_110	21.9479562827
PWY-6609: adenine and adenosine salvage III|g__Barnesiella.s__Barnesiella_intestinihominis	20.5737806280
PWY-6609: adenine and adenosine salvage III|g__Clostridium.s__Clostridium_sp_CAG_242	20.1555965589
PWY-6609: adenine and adenosine salvage III|g__Bacteroides.s__Bacteroides_vulgatus	18.9090359536
PWY-6609: adenine and adenosine salvage III|g__Alistipes.s__Alistipes_finegoldii	18.2908548604
PWY-6609: adenine and adenosine salvage III|g__Flavonifractor.s__Flavonifractor_plautii	17.8104446658
PWY-6609: adenine and adenosine salvage III|g__Firmicutes_unclassified.s__Firmicutes_bacterium_CAG_102	16.6230789298
PWY-6609: adenine and adenosine salvage III|g__Coprococcus.s__Coprococcus_comes	16.1991565502
PWY-6609: adenine and adenosine salvage III|g__Asaccharobacter.s__Asaccharobacter_celatus	16.1144356869
PWY-6609: adenine and adenosine salvage III|g__Erysipelatoclostridium.s__Clostridium_spiroforme	14.6428434153
PWY-6609: adenine and adenosine salvage III|g__Bacteroides.s__Bacteroides_cellulosilyticus	12.0182523035
PWY-6609: adenine and adenosine salvage III|g__Clostridium.s__Clostridium_sp_CAG_307	11.7953357750
PWY-6609: adenine and adenosine salvage III|g__Firmicutes_unclassified.s__Firmicutes_bacterium_CAG_129	11.4430542685
PWY-6609: adenine and adenosine salvage III|g__Flavonifractor.s__Flavonifractor_sp_An10	10.6550324464
PWY-6609: adenine and adenosine salvage III|g__Bacteroides.s__Bacteroides_ovatus	10.4591388879
PWY-6609: adenine and adenosine salvage III|g__Eubacterium.s__Eubacterium_sp_AF17_7	9.1479433281
PWY-6609: adenine and adenosine salvage III|g__Bacteroides.s__Bacteroides_clarus	8.6751161017
PWY-6609: adenine and adenosine salvage III|g__Bacteroides.s__Bacteroides_caccae	5.6727542425
PWY-6609: adenine and adenosine salvage III|g__Bacteroides.s__Bacteroides_xylanisolvens	4.1548346923
PWY-6609: adenine and adenosine salvage III|g__Bacteroides.s__Bacteroides_thetaiotaomicron	1.8403496664
ILEUSYN-PWY: L-isoleucine biosynthesis I (from threonine)	13697.5892599570
ILEUSYN-PWY: L-isoleucine biosynthesis I (from threonine)|unclassified	1858.1130397220
ILEUSYN-PWY: L-isoleucine biosynthesis I (from threonine)|g__Blautia.s__Ruminococcus_torques	775.8850306251
ILEUSYN-PWY: L-isoleucine biosynthesis I (from threonine)|g__Lachnospiraceae_unclassified.s__Eubacterium_rectale	565.6899998791
ILEUSYN-PWY: L-isoleucine biosynthesis I (from threonine)|g__Blautia.s__Blautia_obeum	410.4620831633
ILEUSYN-PWY: L-isoleucine biosynthesis I (from threonine)|g__Blautia.s__Blautia_sp	364.4746562869
ILEUSYN-PWY: L-isoleucine biosynthesis I (from threonine)|g__Anaerostipes.s__Anaerostipes_hadrus	345.4037162704
ILEUSYN-PWY: L-isoleucine biosynthesis I (from threonine)|g__Gemmiger.s__Gemmiger_formicilis	318.8779513939
ILEUSYN-PWY: L-isoleucine biosynthesis I (from threonine)|g__Bifidobacterium.s__Bifidobacterium_adolescentis	314.9115465916
ILEUSYN-PWY: L-isoleucine biosynthesis I (from threonine)|g__Ruminococcus.s__Ruminococcus_sp_CAG_403	250.7971941350
ILEUSYN-PWY: L-isoleucine biosynthesis I (from threonine)|g__Eubacterium.s__Eubacterium_eligens	248.4013828435
ILEUSYN-PWY: L-isoleucine biosynthesis I (from threonine)|g__Dorea.s__Dorea_longicatena	237.8336803554
ILEUSYN-PWY: L-isoleucine biosynthesis I (from threonine)|g__Blautia.s__Blautia_wexlerae	159.8102537132
ILEUSYN-PWY: L-isoleucine biosynthesis I (from threonine)|g__Eubacterium.s__Eubacterium_hallii	157.6161970044
ILEUSYN-PWY: L-isoleucine biosynthesis I (from threonine)|g__Bifidobacterium.s__Bifidobacterium_longum	146.6963507534
ILEUSYN-PWY: L-isoleucine biosynthesis I (from threonine)|g__Bifidobacterium.s__Bifidobacterium_pseudocatenulatum	113.3418175241
ILEUSYN-PWY: L-isoleucine biosynthesis I (from threonine)|g__Roseburia.s__Roseburia_intestinalis	105.4918544202
ILEUSYN-PWY: L-isoleucine biosynthesis I (from threonine)|g__Methanobrevibacter.s__Methanobrevibacter_smithii	104.0374452008
ILEUSYN-PWY: L-isoleucine biosynthesis I (from threonine)|g__Agathobaculum.s__Agathobaculum_butyriciproducens	90.4986523152
ILEUSYN-PWY: L-isoleucine biosynthesis I (from threonine)|g__Ruminococcus.s__Ruminococcus_bicirculans	86.6485744274
ILEUSYN-PWY: L-isoleucine biosynthesis I (from threonine)|g__Bacteroides.s__Bacteroides_uniformis	75.2917178860
ILEUSYN-PWY: L-isoleucine biosynthesis I (from threonine)|g__Roseburia.s__Roseburia_inulinivorans	69.5705980652
ILEUSYN-PWY: L-isoleucine biosynthesis I (from threonine)|g__Bacteroides.s__Bacteroides_stercoris	59.7363009811
ILEUSYN-PWY: L-isoleucine biosynthesis I (from threonine)|g__Methanosphaera.s__Methanosphaera_stadtmanae	50.8095299441
ILEUSYN-PWY: L-isoleucine biosynthesis I (from threonine)|g__Firmicutes_unclassified.s__Firmicutes_bacterium_CAG_41	50.3011741225
ILEUSYN-PWY: L-isoleucine biosynthesis I (from threonine)|g__Dorea.s__Dorea_formicigenerans	35.9174140057
ILEUSYN-PWY: L-isoleucine biosynthesis I (from threonine)|g__Ruminococcus.s__Ruminococcus_sp_AF31_8BH	31.6544420489
ILEUSYN-PWY: L-isoleucine biosynthesis I (from threonine)|g__Streptococcus.s__Streptococcus_thermophilus	31.2209357382
ILEUSYN-PWY: L-isoleucine biosynthesis I (from threonine)|g__Asaccharobacter.s__Asaccharobacter_celatus	30.5654690728
ILEUSYN-PWY: L-isoleucine biosynthesis I (from threonine)|g__Candidatus_Gastranaerophilales_unclassified.s__Candidatus_Gastranaerophilales_bacterium_HUM_10	30.1795715728
ILEUSYN-PWY: L-isoleucine biosynthesis I (from threonine)|g__Flavonifractor.s__Flavonifractor_sp_An10	29.3815212949
ILEUSYN-PWY: L-isoleucine biosynthesis I (from threonine)|g__Bilophila.s__Bilophila_wadsworthia	29.2097394575
ILEUSYN-PWY: L-isoleucine biosynthesis I (from threonine)|g__Adlercreutzia.s__Adlercreutzia_equolifaciens	25.7451520757
ILEUSYN-PWY: L-isoleucine biosynthesis I (from threonine)|g__Eubacterium.s__Eubacterium_sp_AF17_7	23.8528380698
ILEUSYN-PWY: L-isoleucine biosynthesis I (from threonine)|g__Clostridium.s__Clostridium_sp_AM22_11AC	20.9089051568
ILEUSYN-PWY: L-isoleucine biosynthesis I (from threonine)|g__Bacteroides.s__Bacteroides_ovatus	18.7782242650
ILEUSYN-PWY: L-isoleucine biosynthesis I (from threonine)|g__Coprococcus.s__Coprococcus_comes	17.9359454520
ILEUSYN-PWY: L-isoleucine biosynthesis I (from threonine)|g__Flavonifractor.s__Flavonifractor_plautii	17.0718333775
ILEUSYN-PWY: L-isoleucine biosynthesis I (from threonine)|g__Roseburia.s__Roseburia_hominis	10.0429322041
ILEUSYN-PWY: L-isoleucine biosynthesis I (from threonine)|g__Eubacterium.s__Eubacterium_ventriosum	9.6800965124
ILEUSYN-PWY: L-isoleucine biosynthesis I (from threonine)|g__Bacteroides.s__Bacteroides_caccae	8.3165817194
ILEUSYN-PWY: L-isoleucine biosynthesis I (from threonine)|g__Bacteroides.s__Bacteroides_xylanisolvens	7.0082067203
ILEUSYN-PWY: L-isoleucine biosynthesis I (from threonine)|g__Streptococcus.s__Streptococcus_pneumoniae	6.1984216394
ILEUSYN-PWY: L-isoleucine biosynthesis I (from threonine)|g__Streptococcus.s__Streptococcus_salivarius	4.7149156035
ILEUSYN-PWY: L-isoleucine biosynthesis I (from threonine)|g__Bacteroides.s__Bacteroides_thetaiotaomicron	3.7488835003
GLUTORN-PWY: L-ornithine biosynthesis I	13632.1355363138
GLUTORN-PWY: L-ornithine biosynthesis I|unclassified	2401.5047480938
GLUTORN-PWY: L-ornithine biosynthesis I|g__Faecalibacterium.s__Faecalibacterium_prausnitzii	1717.6063349597
GLUTORN-PWY: L-ornithine biosynthesis I|g__Ruminococcus.s__Ruminococcus_bromii	819.2094267110
GLUTORN-PWY: L-ornithine biosynthesis I|g__Subdoligranulum.s__Subdoligranulum_sp_APC924_74	769.3730344287
GLUTORN-PWY: L-ornithine biosynthesis I|g__Fusicatenibacter.s__Fusicatenibacter_saccharivorans	596.5589678095
GLUTORN-PWY: L-ornithine biosynthesis I|g__Blautia.s__Blautia_obeum	590.1252106933
GLUTORN-PWY: L-ornithine biosynthesis I|g__Blautia.s__Ruminococcus_torques	578.3198847689
GLUTORN-PWY: L-ornithine biosynthesis I|g__Lachnospiraceae_unclassified.s__Eubacterium_rectale	405.1008032411
GLUTORN-PWY: L-ornithine biosynthesis I|g__Blautia.s__Blautia_sp	362.4886938816
GLUTORN-PWY: L-ornithine biosynthesis I|g__Anaerostipes.s__Anaerostipes_hadrus	257.2487710447
GLUTORN-PWY: L-ornithine biosynthesis I|g__Ruminococcus.s__Ruminococcus_sp_CAG_403	247.1237022941
GLUTORN-PWY: L-ornithine biosynthesis I|g__Collinsella.s__Collinsella_aerofaciens	214.5089574032
GLUTORN-PWY: L-ornithine biosynthesis I|g__Blautia.s__Blautia_wexlerae	202.7916402802
GLUTORN-PWY: L-ornithine biosynthesis I|g__Gemmiger.s__Gemmiger_formicilis	196.0896789199
GLUTORN-PWY: L-ornithine biosynthesis I|g__Bifidobacterium.s__Bifidobacterium_adolescentis	189.9164525425
GLUTORN-PWY: L-ornithine biosynthesis I|g__Eubacterium.s__Eubacterium_eligens	185.4982148173
GLUTORN-PWY: L-ornithine biosynthesis I|g__Dorea.s__Dorea_longicatena	146.2095965859
GLUTORN-PWY: L-ornithine biosynthesis I|g__Clostridiales_unclassified.s__Clostridiales_bacterium_KLE1615	143.6862989278
GLUTORN-PWY: L-ornithine biosynthesis I|g__Firmicutes_unclassified.s__Firmicutes_bacterium_CAG_56	129.7016834878
GLUTORN-PWY: L-ornithine biosynthesis I|g__Bifidobacterium.s__Bifidobacterium_longum	102.3426529333
GLUTORN-PWY: L-ornithine biosynthesis I|g__Blautia.s__Blautia_sp_CAG_52	100.8343332602
GLUTORN-PWY: L-ornithine biosynthesis I|g__Ruminococcus.s__Ruminococcus_bicirculans	89.2980985905
GLUTORN-PWY: L-ornithine biosynthesis I|g__Eubacterium.s__Eubacterium_hallii	88.0413364660
GLUTORN-PWY: L-ornithine biosynthesis I|g__Clostridium.s__Clostridium_sp_CAG_75	83.5497349227
GLUTORN-PWY: L-ornithine biosynthesis I|g__Methanobrevibacter.s__Methanobrevibacter_smithii	82.2151203366
GLUTORN-PWY: L-ornithine biosynthesis I|g__Agathobaculum.s__Agathobaculum_butyriciproducens	73.2980785351
GLUTORN-PWY: L-ornithine biosynthesis I|g__Coprococcus.s__Coprococcus_catus	72.0038030890
GLUTORN-PWY: L-ornithine biosynthesis I|g__Eubacterium.s__Eubacterium_sp_CAG_115	64.6869780757
GLUTORN-PWY: L-ornithine biosynthesis I|g__Roseburia.s__Roseburia_intestinalis	57.0789924926
GLUTORN-PWY: L-ornithine biosynthesis I|g__Ruminococcus.s__Ruminococcus_lactaris	55.5905018376
GLUTORN-PWY: L-ornithine biosynthesis I|g__Clostridium.s__Clostridium_sp_CAG_122	55.4803295641
GLUTORN-PWY: L-ornithine biosynthesis I|g__Clostridium.s__Clostridium_sp_AF36_4	52.9651681743
GLUTORN-PWY: L-ornithine biosynthesis I|g__Methanosphaera.s__Methanosphaera_stadtmanae	46.3103447702
GLUTORN-PWY: L-ornithine biosynthesis I|g__Bifidobacterium.s__Bifidobacterium_pseudocatenulatum	44.7571766060
GLUTORN-PWY: L-ornithine biosynthesis I|g__Roseburia.s__Roseburia_faecis	37.3714261167
GLUTORN-PWY: L-ornithine biosynthesis I|g__Firmicutes_unclassified.s__Firmicutes_bacterium_AF16_15	35.5180763179
GLUTORN-PWY: L-ornithine biosynthesis I|g__Dorea.s__Dorea_formicigenerans	29.1093174158
GLUTORN-PWY: L-ornithine biosynthesis I|g__Roseburia.s__Roseburia_inulinivorans	24.3833014773
GLUTORN-PWY: L-ornithine biosynthesis I|g__Streptococcus.s__Streptococcus_thermophilus	23.6347495402
GLUTORN-PWY: L-ornithine biosynthesis I|g__Firmicutes_unclassified.s__Firmicutes_bacterium_CAG_94	14.5400428137
GLUTORN-PWY: L-ornithine biosynthesis I|g__Eubacterium.s__Eubacterium_sp_AF17_7	13.6299082339
GLUTORN-PWY: L-ornithine biosynthesis I|g__Ruminococcus.s__Ruminococcus_sp_AF31_8BH	11.6748889030
GLUTORN-PWY: L-ornithine biosynthesis I|g__Alistipes.s__Alistipes_finegoldii	10.6450251926
GLUTORN-PWY: L-ornithine biosynthesis I|g__Firmicutes_unclassified.s__Firmicutes_bacterium_CAG_102	9.9229265373
GLUTORN-PWY: L-ornithine biosynthesis I|g__Clostridium.s__Clostridium_sp_AM22_11AC	7.2197115256
TRNA-CHARGING-PWY: tRNA charging	13426.1351906485
TRNA-CHARGING-PWY: tRNA charging|unclassified	1977.8419753488
TRNA-CHARGING-PWY: tRNA charging|g__Faecalibacterium.s__Faecalibacterium_prausnitzii	1596.8114195018
TRNA-CHARGING-PWY: tRNA charging|g__Subdoligranulum.s__Subdoligranulum_sp_APC924_74	744.8779531576
TRNA-CHARGING-PWY: tRNA charging|g__Blautia.s__Ruminococcus_torques	622.5536301391
TRNA-CHARGING-PWY: tRNA charging|g__Fusicatenibacter.s__Fusicatenibacter_saccharivorans	477.4807790770
TRNA-CHARGING-PWY: tRNA charging|g__Lachnospiraceae_unclassified.s__Eubacterium_rectale	426.1952422597
TRNA-CHARGING-PWY: tRNA charging|g__Anaerostipes.s__Anaerostipes_hadrus	296.0553219889
TRNA-CHARGING-PWY: tRNA charging|g__Gemmiger.s__Gemmiger_formicilis	247.0492419327
TRNA-CHARGING-PWY: tRNA charging|g__Alistipes.s__Alistipes_putredinis	103.6964835871
TRNA-CHARGING-PWY: tRNA charging|g__Bacteroides.s__Bacteroides_uniformis	81.2124296664
TRNA-CHARGING-PWY: tRNA charging|g__Agathobaculum.s__Agathobaculum_butyriciproducens	80.0917361661
TRNA-CHARGING-PWY: tRNA charging|g__Roseburia.s__Roseburia_inulinivorans	63.8767187161
TRNA-CHARGING-PWY: tRNA charging|g__Coprococcus.s__Coprococcus_catus	59.3027033340
TRNA-CHARGING-PWY: tRNA charging|g__Roseburia.s__Roseburia_intestinalis	59.0988517277
TRNA-CHARGING-PWY: tRNA charging|g__Bacteroides.s__Bacteroides_massiliensis	37.0032465867
TRNA-CHARGING-PWY: tRNA charging|g__Bacteroides.s__Bacteroides_dorei	34.5990912491
TRNA-CHARGING-PWY: tRNA charging|g__Lawsonibacter.s__Lawsonibacter_asaccharolyticus	25.0494195345
TRNA-CHARGING-PWY: tRNA charging|g__Bacteroides.s__Bacteroides_vulgatus	24.4483833163
TRNA-CHARGING-PWY: tRNA charging|g__Streptococcus.s__Streptococcus_thermophilus	22.5956425008
TRNA-CHARGING-PWY: tRNA charging|g__Flavonifractor.s__Flavonifractor_plautii	20.6316252233
TRNA-CHARGING-PWY: tRNA charging|g__Barnesiella.s__Barnesiella_intestinihominis	20.0216409347
TRNA-CHARGING-PWY: tRNA charging|g__Bacteroides.s__Bacteroides_ovatus	16.3069153777
TRNA-CHARGING-PWY: tRNA charging|g__Alistipes.s__Alistipes_finegoldii	13.6688292619
TRNA-CHARGING-PWY: tRNA charging|g__Bacteroides.s__Bacteroides_caccae	6.3804426599
TRNA-CHARGING-PWY: tRNA charging|g__Bacteroides.s__Bacteroides_xylanisolvens	4.4028034204
TRNA-CHARGING-PWY: tRNA charging|g__Bacteroides.s__Bacteroides_thetaiotaomicron	4.3650593362
TRNA-CHARGING-PWY: tRNA charging|g__Streptococcus.s__Streptococcus_pneumoniae	2.9400161971
NONMEVIPP-PWY: methylerythritol phosphate pathway I	13417.5530149048
NONMEVIPP-PWY: methylerythritol phosphate pathway I|unclassified	2611.7590160271
NONMEVIPP-PWY: methylerythritol phosphate pathway I|g__Blautia.s__Ruminococcus_torques	740.0025524729
NONMEVIPP-PWY: methylerythritol phosphate pathway I|g__Fusicatenibacter.s__Fusicatenibacter_saccharivorans	667.7969567803
NONMEVIPP-PWY: methylerythritol phosphate pathway I|g__Subdoligranulum.s__Subdoligranulum_sp_APC924_74	655.4817048948
NONMEVIPP-PWY: methylerythritol phosphate pathway I|g__Blautia.s__Blautia_obeum	614.9341375069
NONMEVIPP-PWY: methylerythritol phosphate pathway I|g__Ruminococcus.s__Ruminococcus_bromii	610.1035617702
NONMEVIPP-PWY: methylerythritol phosphate pathway I|g__Anaerostipes.s__Anaerostipes_hadrus	316.2718569343
NONMEVIPP-PWY: methylerythritol phosphate pathway I|g__Bifidobacterium.s__Bifidobacterium_adolescentis	211.5157954539
NONMEVIPP-PWY: methylerythritol phosphate pathway I|g__Eubacterium.s__Eubacterium_sp_CAG_180	200.6605923801
NONMEVIPP-PWY: methylerythritol phosphate pathway I|g__Eubacterium.s__Eubacterium_eligens	200.0308061494
NONMEVIPP-PWY: methylerythritol phosphate pathway I|g__Dorea.s__Dorea_longicatena	183.0240040852
NONMEVIPP-PWY: methylerythritol phosphate pathway I|g__Ruminococcus.s__Ruminococcus_sp_CAG_403	178.5127752716
NONMEVIPP-PWY: methylerythritol phosphate pathway I|g__Eubacterium.s__Eubacterium_hallii	175.0258945083
NONMEVIPP-PWY: methylerythritol phosphate pathway I|g__Gemmiger.s__Gemmiger_formicilis	151.1966411701
NONMEVIPP-PWY: methylerythritol phosphate pathway I|g__Collinsella.s__Collinsella_aerofaciens	147.1974784289
NONMEVIPP-PWY: methylerythritol phosphate pathway I|g__Clostridiales_unclassified.s__Clostridiales_bacterium_KLE1615	144.3517457077
NONMEVIPP-PWY: methylerythritol phosphate pathway I|g__Blautia.s__Blautia_wexlerae	142.0582922034
NONMEVIPP-PWY: methylerythritol phosphate pathway I|g__Agathobaculum.s__Agathobaculum_butyriciproducens	103.9772091360
NONMEVIPP-PWY: methylerythritol phosphate pathway I|g__Bifidobacterium.s__Bifidobacterium_longum	98.9697469052
NONMEVIPP-PWY: methylerythritol phosphate pathway I|g__Alistipes.s__Alistipes_putredinis	95.3517855115
NONMEVIPP-PWY: methylerythritol phosphate pathway I|g__Blautia.s__Blautia_sp_CAG_52	90.8969132136
NONMEVIPP-PWY: methylerythritol phosphate pathway I|g__Bacteroides.s__Bacteroides_uniformis	87.2523610573
NONMEVIPP-PWY: methylerythritol phosphate pathway I|g__Ruminococcus.s__Ruminococcus_bicirculans	81.7223609536
NONMEVIPP-PWY: methylerythritol phosphate pathway I|g__Bacteroides.s__Bacteroides_stercoris	81.1529729040
NONMEVIPP-PWY: methylerythritol phosphate pathway I|g__Clostridium.s__Clostridium_sp_CAG_122	77.5596819931
NONMEVIPP-PWY: methylerythritol phosphate pathway I|g__Bifidobacterium.s__Bifidobacterium_pseudocatenulatum	70.4270841224
NONMEVIPP-PWY: methylerythritol phosphate pathway I|g__Roseburia.s__Roseburia_intestinalis	60.8149866035
NONMEVIPP-PWY: methylerythritol phosphate pathway I|g__Ruminococcus.s__Ruminococcus_lactaris	59.1304675847
NONMEVIPP-PWY: methylerythritol phosphate pathway I|g__Coprococcus.s__Coprococcus_catus	58.8334493871
NONMEVIPP-PWY: methylerythritol phosphate pathway I|g__Roseburia.s__Roseburia_inulinivorans	47.7504131396
NONMEVIPP-PWY: methylerythritol phosphate pathway I|g__Roseburia.s__Roseburia_faecis	42.7530064372
NONMEVIPP-PWY: methylerythritol phosphate pathway I|g__Firmicutes_unclassified.s__Firmicutes_bacterium_CAG_41	39.9648165120
NONMEVIPP-PWY: methylerythritol phosphate pathway I|g__Bacteroides.s__Bacteroides_cellulosilyticus	38.5518352599
NONMEVIPP-PWY: methylerythritol phosphate pathway I|g__Bacteroides.s__Bacteroides_massiliensis	38.1662892093
NONMEVIPP-PWY: methylerythritol phosphate pathway I|g__Bacteroides.s__Bacteroides_vulgatus	34.6775630153
NONMEVIPP-PWY: methylerythritol phosphate pathway I|g__Bilophila.s__Bilophila_wadsworthia	32.3214717510
NONMEVIPP-PWY: methylerythritol phosphate pathway I|g__Bacteroides.s__Bacteroides_dorei	28.1860482290
NONMEVIPP-PWY: methylerythritol phosphate pathway I|g__Dorea.s__Dorea_formicigenerans	25.8402655604
NONMEVIPP-PWY: methylerythritol phosphate pathway I|g__Asaccharobacter.s__Asaccharobacter_celatus	24.2255937517
NONMEVIPP-PWY: methylerythritol phosphate pathway I|g__Ruminococcus.s__Ruminococcus_sp_AF31_8BH	20.5493667580
NONMEVIPP-PWY: methylerythritol phosphate pathway I|g__Bacteroides.s__Bacteroides_ovatus	19.8608804152
NONMEVIPP-PWY: methylerythritol phosphate pathway I|g__Barnesiella.s__Barnesiella_intestinihominis	18.7593045949
NONMEVIPP-PWY: methylerythritol phosphate pathway I|g__Flavonifractor.s__Flavonifractor_plautii	15.6804512412
NONMEVIPP-PWY: methylerythritol phosphate pathway I|g__Lawsonibacter.s__Lawsonibacter_asaccharolyticus	14.6620291384
NONMEVIPP-PWY: methylerythritol phosphate pathway I|g__Parabacteroides.s__Parabacteroides_distasonis	14.5183143853
NONMEVIPP-PWY: methylerythritol phosphate pathway I|g__Bacteroides.s__Bacteroides_clarus	13.3779033936
NONMEVIPP-PWY: methylerythritol phosphate pathway I|g__Firmicutes_unclassified.s__Firmicutes_bacterium_CAG_102	13.2082325813
NONMEVIPP-PWY: methylerythritol phosphate pathway I|g__Flavonifractor.s__Flavonifractor_sp_An10	11.0422271680
NONMEVIPP-PWY: methylerythritol phosphate pathway I|g__Coprococcus.s__Coprococcus_comes	10.3942100557
NONMEVIPP-PWY: methylerythritol phosphate pathway I|g__Bacteroides.s__Bacteroides_xylanisolvens	6.5700546244
ANAGLYCOLYSIS-PWY: glycolysis III (from glucose)	13400.9815707433
ANAGLYCOLYSIS-PWY: glycolysis III (from glucose)|unclassified	1750.9723487959
ANAGLYCOLYSIS-PWY: glycolysis III (from glucose)|g__Faecalibacterium.s__Faecalibacterium_prausnitzii	1660.5528713543
ANAGLYCOLYSIS-PWY: glycolysis III (from glucose)|g__Blautia.s__Ruminococcus_torques	689.5986274253
ANAGLYCOLYSIS-PWY: glycolysis III (from glucose)|g__Fusicatenibacter.s__Fusicatenibacter_saccharivorans	553.6105866342
ANAGLYCOLYSIS-PWY: glycolysis III (from glucose)|g__Anaerostipes.s__Anaerostipes_hadrus	503.5459591462
ANAGLYCOLYSIS-PWY: glycolysis III (from glucose)|g__Lachnospiraceae_unclassified.s__Eubacterium_rectale	462.2144151552
ANAGLYCOLYSIS-PWY: glycolysis III (from glucose)|g__Collinsella.s__Collinsella_aerofaciens	303.5504600025
ANAGLYCOLYSIS-PWY: glycolysis III (from glucose)|g__Blautia.s__Blautia_obeum	261.0563232730
ANAGLYCOLYSIS-PWY: glycolysis III (from glucose)|g__Eubacterium.s__Eubacterium_eligens	188.8956683913
ANAGLYCOLYSIS-PWY: glycolysis III (from glucose)|g__Blautia.s__Blautia_wexlerae	136.7585345908
ANAGLYCOLYSIS-PWY: glycolysis III (from glucose)|g__Dorea.s__Dorea_longicatena	131.2488665752
ANAGLYCOLYSIS-PWY: glycolysis III (from glucose)|g__Ruminococcus.s__Ruminococcus_bicirculans	76.7346087307
ANAGLYCOLYSIS-PWY: glycolysis III (from glucose)|g__Roseburia.s__Roseburia_intestinalis	73.6072486692
ANAGLYCOLYSIS-PWY: glycolysis III (from glucose)|g__Coprococcus.s__Coprococcus_catus	64.3101114221
ANAGLYCOLYSIS-PWY: glycolysis III (from glucose)|g__Blautia.s__Blautia_sp	58.6055476554
ANAGLYCOLYSIS-PWY: glycolysis III (from glucose)|g__Roseburia.s__Roseburia_faecis	56.4277227849
ANAGLYCOLYSIS-PWY: glycolysis III (from glucose)|g__Ruminococcus.s__Ruminococcus_sp_AF31_8BH	23.2230362743
ANAGLYCOLYSIS-PWY: glycolysis III (from glucose)|g__Streptococcus.s__Streptococcus_thermophilus	21.1934582182
ANAGLYCOLYSIS-PWY: glycolysis III (from glucose)|g__Coprococcus.s__Coprococcus_comes	14.8304065086
ANAGLYCOLYSIS-PWY: glycolysis III (from glucose)|g__Streptococcus.s__Streptococcus_salivarius	5.2261480804
ANAGLYCOLYSIS-PWY: glycolysis III (from glucose)|g__Streptococcus.s__Streptococcus_pneumoniae	4.2266137033
BRANCHED-CHAIN-AA-SYN-PWY: superpathway of branched chain amino acid biosynthesis	13390.7393657186
BRANCHED-CHAIN-AA-SYN-PWY: superpathway of branched chain amino acid biosynthesis|unclassified	2004.1846942327
BRANCHED-CHAIN-AA-SYN-PWY: superpathway of branched chain amino acid biosynthesis|g__Blautia.s__Ruminococcus_torques	760.7260287781
BRANCHED-CHAIN-AA-SYN-PWY: superpathway of branched chain amino acid biosynthesis|g__Lachnospiraceae_unclassified.s__Eubacterium_rectale	548.3250710540
BRANCHED-CHAIN-AA-SYN-PWY: superpathway of branched chain amino acid biosynthesis|g__Blautia.s__Blautia_obeum	464.3493998396
BRANCHED-CHAIN-AA-SYN-PWY: superpathway of branched chain amino acid biosynthesis|g__Blautia.s__Blautia_sp	382.5671770225
BRANCHED-CHAIN-AA-SYN-PWY: superpathway of branched chain amino acid biosynthesis|g__Anaerostipes.s__Anaerostipes_hadrus	346.9139006695
BRANCHED-CHAIN-AA-SYN-PWY: superpathway of branched chain amino acid biosynthesis|g__Bifidobacterium.s__Bifidobacterium_adolescentis	329.8575287405
BRANCHED-CHAIN-AA-SYN-PWY: superpathway of branched chain amino acid biosynthesis|g__Gemmiger.s__Gemmiger_formicilis	279.9615369614
BRANCHED-CHAIN-AA-SYN-PWY: superpathway of branched chain amino acid biosynthesis|g__Ruminococcus.s__Ruminococcus_sp_CAG_403	253.0945312879
BRANCHED-CHAIN-AA-SYN-PWY: superpathway of branched chain amino acid biosynthesis|g__Eubacterium.s__Eubacterium_eligens	236.8510738052
BRANCHED-CHAIN-AA-SYN-PWY: superpathway of branched chain amino acid biosynthesis|g__Dorea.s__Dorea_longicatena	210.5555503244
BRANCHED-CHAIN-AA-SYN-PWY: superpathway of branched chain amino acid biosynthesis|g__Blautia.s__Blautia_wexlerae	167.7410187656
BRANCHED-CHAIN-AA-SYN-PWY: superpathway of branched chain amino acid biosynthesis|g__Eubacterium.s__Eubacterium_hallii	167.6734932684
BRANCHED-CHAIN-AA-SYN-PWY: superpathway of branched chain amino acid biosynthesis|g__Bifidobacterium.s__Bifidobacterium_longum	143.9892909233
BRANCHED-CHAIN-AA-SYN-PWY: superpathway of branched chain amino acid biosynthesis|g__Bifidobacterium.s__Bifidobacterium_pseudocatenulatum	113.7018171431
BRANCHED-CHAIN-AA-SYN-PWY: superpathway of branched chain amino acid biosynthesis|g__Roseburia.s__Roseburia_intestinalis	98.7840668912
BRANCHED-CHAIN-AA-SYN-PWY: superpathway of branched chain amino acid biosynthesis|g__Agathobaculum.s__Agathobaculum_butyriciproducens	90.9905374069
BRANCHED-CHAIN-AA-SYN-PWY: superpathway of branched chain amino acid biosynthesis|g__Ruminococcus.s__Ruminococcus_bicirculans	89.6276665550
BRANCHED-CHAIN-AA-SYN-PWY: superpathway of branched chain amino acid biosynthesis|g__Bacteroides.s__Bacteroides_uniformis	85.0070610264
BRANCHED-CHAIN-AA-SYN-PWY: superpathway of branched chain amino acid biosynthesis|g__Roseburia.s__Roseburia_inulinivorans	66.7621980108
BRANCHED-CHAIN-AA-SYN-PWY: superpathway of branched chain amino acid biosynthesis|g__Bacteroides.s__Bacteroides_stercoris	59.7265075141
BRANCHED-CHAIN-AA-SYN-PWY: superpathway of branched chain amino acid biosynthesis|g__Methanosphaera.s__Methanosphaera_stadtmanae	51.7502798214
BRANCHED-CHAIN-AA-SYN-PWY: superpathway of branched chain amino acid biosynthesis|g__Firmicutes_unclassified.s__Firmicutes_bacterium_CAG_41	48.6065042445
BRANCHED-CHAIN-AA-SYN-PWY: superpathway of branched chain amino acid biosynthesis|g__Bilophila.s__Bilophila_wadsworthia	32.7974128212
BRANCHED-CHAIN-AA-SYN-PWY: superpathway of branched chain amino acid biosynthesis|g__Ruminococcus.s__Ruminococcus_sp_AF31_8BH	32.7221403973
BRANCHED-CHAIN-AA-SYN-PWY: superpathway of branched chain amino acid biosynthesis|g__Asaccharobacter.s__Asaccharobacter_celatus	29.3386163278
BRANCHED-CHAIN-AA-SYN-PWY: superpathway of branched chain amino acid biosynthesis|g__Dorea.s__Dorea_formicigenerans	28.1954950716
BRANCHED-CHAIN-AA-SYN-PWY: superpathway of branched chain amino acid biosynthesis|g__Adlercreutzia.s__Adlercreutzia_equolifaciens	27.4226129481
BRANCHED-CHAIN-AA-SYN-PWY: superpathway of branched chain amino acid biosynthesis|g__Streptococcus.s__Streptococcus_thermophilus	24.7224433520
BRANCHED-CHAIN-AA-SYN-PWY: superpathway of branched chain amino acid biosynthesis|g__Flavonifractor.s__Flavonifractor_sp_An10	23.3754507620
BRANCHED-CHAIN-AA-SYN-PWY: superpathway of branched chain amino acid biosynthesis|g__Bacteroides.s__Bacteroides_ovatus	21.2052986284
BRANCHED-CHAIN-AA-SYN-PWY: superpathway of branched chain amino acid biosynthesis|g__Coprococcus.s__Coprococcus_comes	20.5398352807
BRANCHED-CHAIN-AA-SYN-PWY: superpathway of branched chain amino acid biosynthesis|g__Eubacterium.s__Eubacterium_sp_AF17_7	20.4766482843
BRANCHED-CHAIN-AA-SYN-PWY: superpathway of branched chain amino acid biosynthesis|g__Flavonifractor.s__Flavonifractor_plautii	14.6801125317
BRANCHED-CHAIN-AA-SYN-PWY: superpathway of branched chain amino acid biosynthesis|g__Bacteroides.s__Bacteroides_caccae	8.5480837328
BRANCHED-CHAIN-AA-SYN-PWY: superpathway of branched chain amino acid biosynthesis|g__Eubacterium.s__Eubacterium_ventriosum	8.0652698728
BRANCHED-CHAIN-AA-SYN-PWY: superpathway of branched chain amino acid biosynthesis|g__Bacteroides.s__Bacteroides_xylanisolvens	6.6185471803
BRANCHED-CHAIN-AA-SYN-PWY: superpathway of branched chain amino acid biosynthesis|g__Bacteroides.s__Bacteroides_thetaiotaomicron	4.4039693679
PWY-6385: peptidoglycan biosynthesis III (mycobacteria)	13306.4910239382
PWY-6385: peptidoglycan biosynthesis III (mycobacteria)|unclassified	2585.9547249503
PWY-6385: peptidoglycan biosynthesis III (mycobacteria)|g__Faecalibacterium.s__Faecalibacterium_prausnitzii	1332.3977433725
PWY-6385: peptidoglycan biosynthesis III (mycobacteria)|g__Blautia.s__Blautia_obeum	782.1552530411
PWY-6385: peptidoglycan biosynthesis III (mycobacteria)|g__Blautia.s__Ruminococcus_torques	644.6438278904
PWY-6385: peptidoglycan biosynthesis III (mycobacteria)|g__Fusicatenibacter.s__Fusicatenibacter_saccharivorans	581.6669822329
PWY-6385: peptidoglycan biosynthesis III (mycobacteria)|g__Lachnospiraceae_unclassified.s__Eubacterium_rectale	480.3489590208
PWY-6385: peptidoglycan biosynthesis III (mycobacteria)|g__Anaerostipes.s__Anaerostipes_hadrus	322.5981966123
PWY-6385: peptidoglycan biosynthesis III (mycobacteria)|g__Clostridium.s__Clostridium_sp_CAG_465	319.3904746015
PWY-6385: peptidoglycan biosynthesis III (mycobacteria)|g__Blautia.s__Blautia_sp	297.2611045657
PWY-6385: peptidoglycan biosynthesis III (mycobacteria)|g__Bifidobacterium.s__Bifidobacterium_adolescentis	240.0337910815
PWY-6385: peptidoglycan biosynthesis III (mycobacteria)|g__Dialister.s__Dialister_invisus	218.0823253788
PWY-6385: peptidoglycan biosynthesis III (mycobacteria)|g__Collinsella.s__Collinsella_aerofaciens	204.6109745214
PWY-6385: peptidoglycan biosynthesis III (mycobacteria)|g__Dorea.s__Dorea_longicatena	196.2563570208
PWY-6385: peptidoglycan biosynthesis III (mycobacteria)|g__Eubacterium.s__Eubacterium_eligens	187.3888577569
PWY-6385: peptidoglycan biosynthesis III (mycobacteria)|g__Firmicutes_unclassified.s__Firmicutes_bacterium_CAG_56	159.9354005134
PWY-6385: peptidoglycan biosynthesis III (mycobacteria)|g__Blautia.s__Blautia_wexlerae	157.3976181709
PWY-6385: peptidoglycan biosynthesis III (mycobacteria)|g__Alistipes.s__Alistipes_putredinis	99.2097886943
PWY-6385: peptidoglycan biosynthesis III (mycobacteria)|g__Blautia.s__Blautia_sp_CAG_52	88.5342522168
PWY-6385: peptidoglycan biosynthesis III (mycobacteria)|g__Bacteroides.s__Bacteroides_stercoris	86.4884295223
PWY-6385: peptidoglycan biosynthesis III (mycobacteria)|g__Bacteroides.s__Bacteroides_uniformis	84.2996159397
PWY-6385: peptidoglycan biosynthesis III (mycobacteria)|g__Ruminococcus.s__Ruminococcus_bicirculans	83.8463797190
PWY-6385: peptidoglycan biosynthesis III (mycobacteria)|g__Agathobaculum.s__Agathobaculum_butyriciproducens	80.2434744894
PWY-6385: peptidoglycan biosynthesis III (mycobacteria)|g__Bifidobacterium.s__Bifidobacterium_pseudocatenulatum	67.4255260960
PWY-6385: peptidoglycan biosynthesis III (mycobacteria)|g__Clostridium.s__Clostridium_sp_CAG_122	63.4652827785
PWY-6385: peptidoglycan biosynthesis III (mycobacteria)|g__Ruminococcus.s__Ruminococcus_lactaris	60.4388546145
PWY-6385: peptidoglycan biosynthesis III (mycobacteria)|g__Clostridium.s__Clostridium_sp_AF36_4	60.1109032941
PWY-6385: peptidoglycan biosynthesis III (mycobacteria)|g__Roseburia.s__Roseburia_inulinivorans	55.2246749003
PWY-6385: peptidoglycan biosynthesis III (mycobacteria)|g__Firmicutes_unclassified.s__Firmicutes_bacterium_CAG_41	52.3174582927
PWY-6385: peptidoglycan biosynthesis III (mycobacteria)|g__Roseburia.s__Roseburia_faecis	43.5848086314
PWY-6385: peptidoglycan biosynthesis III (mycobacteria)|g__Bacteroides.s__Bacteroides_cellulosilyticus	39.5366929781
PWY-6385: peptidoglycan biosynthesis III (mycobacteria)|g__Bilophila.s__Bilophila_wadsworthia	37.8652616414
PWY-6385: peptidoglycan biosynthesis III (mycobacteria)|g__Bacteroides.s__Bacteroides_dorei	36.0666337397
PWY-6385: peptidoglycan biosynthesis III (mycobacteria)|g__Firmicutes_unclassified.s__Firmicutes_bacterium_AF16_15	35.8317343411
PWY-6385: peptidoglycan biosynthesis III (mycobacteria)|g__Bacteroides.s__Bacteroides_massiliensis	33.5658890950
PWY-6385: peptidoglycan biosynthesis III (mycobacteria)|g__Dorea.s__Dorea_formicigenerans	27.6012535772
PWY-6385: peptidoglycan biosynthesis III (mycobacteria)|g__Bacteroides.s__Bacteroides_vulgatus	26.3432986101
PWY-6385: peptidoglycan biosynthesis III (mycobacteria)|g__Candidatus_Gastranaerophilales_unclassified.s__Candidatus_Gastranaerophilales_bacterium_HUM_10	23.9376612594
PWY-6385: peptidoglycan biosynthesis III (mycobacteria)|g__Firmicutes_unclassified.s__Firmicutes_bacterium_CAG_102	20.6569769501
PWY-6385: peptidoglycan biosynthesis III (mycobacteria)|g__Ruminococcus.s__Ruminococcus_sp_AF31_8BH	18.5741321883
PWY-6385: peptidoglycan biosynthesis III (mycobacteria)|g__Lawsonibacter.s__Lawsonibacter_asaccharolyticus	17.4092324046
PWY-6385: peptidoglycan biosynthesis III (mycobacteria)|g__Parabacteroides.s__Parabacteroides_distasonis	16.4641417315
PWY-6385: peptidoglycan biosynthesis III (mycobacteria)|g__Flavonifractor.s__Flavonifractor_plautii	15.6271483777
PWY-6385: peptidoglycan biosynthesis III (mycobacteria)|g__Streptococcus.s__Streptococcus_thermophilus	13.7027255456
PWY-6385: peptidoglycan biosynthesis III (mycobacteria)|g__Bacteroides.s__Bacteroides_clarus	10.7205817580
PWY-6385: peptidoglycan biosynthesis III (mycobacteria)|g__Bacteroides.s__Bacteroides_ovatus	10.1055712697
PWY-6385: peptidoglycan biosynthesis III (mycobacteria)|g__Streptococcus.s__Streptococcus_pneumoniae	6.6778642287
PWY-7221: guanosine ribonucleotides de novo biosynthesis	13245.4416499945
PWY-7221: guanosine ribonucleotides de novo biosynthesis|unclassified	2330.7775776653
PWY-7221: guanosine ribonucleotides de novo biosynthesis|g__Faecalibacterium.s__Faecalibacterium_prausnitzii	1187.4398940177
PWY-7221: guanosine ribonucleotides de novo biosynthesis|g__Blautia.s__Ruminococcus_torques	773.1182993925
PWY-7221: guanosine ribonucleotides de novo biosynthesis|g__Ruminococcus.s__Ruminococcus_bromii	613.9330150932
PWY-7221: guanosine ribonucleotides de novo biosynthesis|g__Fusicatenibacter.s__Fusicatenibacter_saccharivorans	606.9586795030
PWY-7221: guanosine ribonucleotides de novo biosynthesis|g__Blautia.s__Blautia_wexlerae	272.6911645808
PWY-7221: guanosine ribonucleotides de novo biosynthesis|g__Bifidobacterium.s__Bifidobacterium_adolescentis	252.9846307474
PWY-7221: guanosine ribonucleotides de novo biosynthesis|g__Anaerostipes.s__Anaerostipes_hadrus	251.1697039129
PWY-7221: guanosine ribonucleotides de novo biosynthesis|g__Collinsella.s__Collinsella_aerofaciens	250.2340599918
PWY-7221: guanosine ribonucleotides de novo biosynthesis|g__Dialister.s__Dialister_invisus	248.2141993284
PWY-7221: guanosine ribonucleotides de novo biosynthesis|g__Eubacterium.s__Eubacterium_eligens	226.9947496841
PWY-7221: guanosine ribonucleotides de novo biosynthesis|g__Eubacterium.s__Eubacterium_hallii	201.2691992818
PWY-7221: guanosine ribonucleotides de novo biosynthesis|g__Lachnospiraceae_unclassified.s__Eubacterium_rectale	200.1358863541
PWY-7221: guanosine ribonucleotides de novo biosynthesis|g__Eubacterium.s__Eubacterium_sp_CAG_180	197.6609134099
PWY-7221: guanosine ribonucleotides de novo biosynthesis|g__Blautia.s__Blautia_sp	195.9092343285
PWY-7221: guanosine ribonucleotides de novo biosynthesis|g__Dorea.s__Dorea_longicatena	182.1215394224
PWY-7221: guanosine ribonucleotides de novo biosynthesis|g__Ruminococcus.s__Ruminococcus_sp_CAG_403	178.0155905512
PWY-7221: guanosine ribonucleotides de novo biosynthesis|g__Firmicutes_unclassified.s__Firmicutes_bacterium_CAG_56	148.2927855424
PWY-7221: guanosine ribonucleotides de novo biosynthesis|g__Clostridiales_unclassified.s__Clostridiales_bacterium_KLE1615	131.0679018768
PWY-7221: guanosine ribonucleotides de novo biosynthesis|g__Bifidobacterium.s__Bifidobacterium_longum	105.9364848969
PWY-7221: guanosine ribonucleotides de novo biosynthesis|g__Clostridium.s__Clostridium_sp_CAG_75	95.8329846272
PWY-7221: guanosine ribonucleotides de novo biosynthesis|g__Eggerthella.s__Eggerthella_sp_CAG_209	91.0419407909
PWY-7221: guanosine ribonucleotides de novo biosynthesis|g__Roseburia.s__Roseburia_intestinalis	81.2851654170
PWY-7221: guanosine ribonucleotides de novo biosynthesis|g__Methanobrevibacter.s__Methanobrevibacter_smithii	79.5508108028
PWY-7221: guanosine ribonucleotides de novo biosynthesis|g__Ruminococcus.s__Ruminococcus_bicirculans	78.0326598168
PWY-7221: guanosine ribonucleotides de novo biosynthesis|g__Bifidobacterium.s__Bifidobacterium_pseudocatenulatum	75.8055861694
PWY-7221: guanosine ribonucleotides de novo biosynthesis|g__Bacteroides.s__Bacteroides_stercoris	72.6924853318
PWY-7221: guanosine ribonucleotides de novo biosynthesis|g__Blautia.s__Blautia_obeum	71.2610022368
PWY-7221: guanosine ribonucleotides de novo biosynthesis|g__Alistipes.s__Alistipes_putredinis	71.2080364878
PWY-7221: guanosine ribonucleotides de novo biosynthesis|g__Bacteroides.s__Bacteroides_uniformis	70.7834598671
PWY-7221: guanosine ribonucleotides de novo biosynthesis|g__Agathobaculum.s__Agathobaculum_butyriciproducens	68.0592908420
PWY-7221: guanosine ribonucleotides de novo biosynthesis|g__Clostridium.s__Clostridium_sp_CAG_122	67.1008717179
PWY-7221: guanosine ribonucleotides de novo biosynthesis|g__Coprococcus.s__Coprococcus_catus	62.1799443029
PWY-7221: guanosine ribonucleotides de novo biosynthesis|g__Clostridium.s__Clostridium_sp_AF36_4	56.4938209931
PWY-7221: guanosine ribonucleotides de novo biosynthesis|g__Bacteroides.s__Bacteroides_cellulosilyticus	55.3511875821
PWY-7221: guanosine ribonucleotides de novo biosynthesis|g__Roseburia.s__Roseburia_inulinivorans	49.3639644286
PWY-7221: guanosine ribonucleotides de novo biosynthesis|g__Bacteroides.s__Bacteroides_dorei	48.8026923176
PWY-7221: guanosine ribonucleotides de novo biosynthesis|g__Ruminococcus.s__Ruminococcus_lactaris	46.2619891953
PWY-7221: guanosine ribonucleotides de novo biosynthesis|g__Ruminococcus.s__Ruminococcus_sp_AF31_8BH	45.8558290474
PWY-7221: guanosine ribonucleotides de novo biosynthesis|g__Methanosphaera.s__Methanosphaera_stadtmanae	45.2795045244
PWY-7221: guanosine ribonucleotides de novo biosynthesis|g__Asaccharobacter.s__Asaccharobacter_celatus	42.2583136326
PWY-7221: guanosine ribonucleotides de novo biosynthesis|g__Firmicutes_unclassified.s__Firmicutes_bacterium_AF16_15	38.3293264109
PWY-7221: guanosine ribonucleotides de novo biosynthesis|g__Bacteroides.s__Bacteroides_massiliensis	37.6066912848
PWY-7221: guanosine ribonucleotides de novo biosynthesis|g__Roseburia.s__Roseburia_faecis	37.3133686483
PWY-7221: guanosine ribonucleotides de novo biosynthesis|g__Streptococcus.s__Streptococcus_thermophilus	28.1513525085
PWY-7221: guanosine ribonucleotides de novo biosynthesis|g__Eubacterium.s__Eubacterium_ramulus	27.4028008273
PWY-7221: guanosine ribonucleotides de novo biosynthesis|g__Bacteroides.s__Bacteroides_vulgatus	26.8145475336
PWY-7221: guanosine ribonucleotides de novo biosynthesis|g__Dorea.s__Dorea_formicigenerans	24.8981501621
PWY-7221: guanosine ribonucleotides de novo biosynthesis|g__Firmicutes_unclassified.s__Firmicutes_bacterium_CAG_41	22.4038305587
PWY-7221: guanosine ribonucleotides de novo biosynthesis|g__Bilophila.s__Bilophila_wadsworthia	21.3138914200
PWY-7221: guanosine ribonucleotides de novo biosynthesis|g__Coprococcus.s__Coprococcus_comes	20.5042022009
PWY-7221: guanosine ribonucleotides de novo biosynthesis|g__Bacteroides.s__Bacteroides_ovatus	19.9994849973
PWY-7221: guanosine ribonucleotides de novo biosynthesis|g__Adlercreutzia.s__Adlercreutzia_equolifaciens	19.4781940567
PWY-7221: guanosine ribonucleotides de novo biosynthesis|g__Bacteroides.s__Bacteroides_clarus	16.8466976959
PWY-7221: guanosine ribonucleotides de novo biosynthesis|g__Barnesiella.s__Barnesiella_intestinihominis	14.4707639972
PWY-7221: guanosine ribonucleotides de novo biosynthesis|g__Flavonifractor.s__Flavonifractor_sp_An10	14.1901413183
PWY-7221: guanosine ribonucleotides de novo biosynthesis|g__Bacteroides.s__Bacteroides_caccae	13.4842337585
PWY-7221: guanosine ribonucleotides de novo biosynthesis|g__Bacteroides.s__Bacteroides_intestinalis	12.8414796820
PWY-7221: guanosine ribonucleotides de novo biosynthesis|g__Erysipelatoclostridium.s__Clostridium_spiroforme	12.7393294130
PWY-7221: guanosine ribonucleotides de novo biosynthesis|g__Firmicutes_unclassified.s__Firmicutes_bacterium_CAG_94	12.3401528295
PWY-7221: guanosine ribonucleotides de novo biosynthesis|g__Parabacteroides.s__Parabacteroides_distasonis	12.0199277310
PWY-7221: guanosine ribonucleotides de novo biosynthesis|g__Flavonifractor.s__Flavonifractor_plautii	11.9174604487
PWY-7221: guanosine ribonucleotides de novo biosynthesis|g__Lawsonibacter.s__Lawsonibacter_asaccharolyticus	10.4505022954
PWY-7221: guanosine ribonucleotides de novo biosynthesis|g__Roseburia.s__Roseburia_hominis	10.2219162820
PWY-7221: guanosine ribonucleotides de novo biosynthesis|g__Bacteroides.s__Bacteroides_xylanisolvens	9.9011667404
PWY-7221: guanosine ribonucleotides de novo biosynthesis|g__Eubacterium.s__Eubacterium_sp_AF17_7	9.8175360128
PWY-7221: guanosine ribonucleotides de novo biosynthesis|g__Bacteroides.s__Bacteroides_thetaiotaomicron	9.2077492847
PWY-7953: UDP-N-acetylmuramoyl-pentapeptide biosynthesis III (meso-diaminopimelate containing)	13147.8791930704
PWY-7953: UDP-N-acetylmuramoyl-pentapeptide biosynthesis III (meso-diaminopimelate containing)|unclassified	2503.0003558690
PWY-7953: UDP-N-acetylmuramoyl-pentapeptide biosynthesis III (meso-diaminopimelate containing)|g__Blautia.s__Blautia_obeum	813.7591503130
PWY-7953: UDP-N-acetylmuramoyl-pentapeptide biosynthesis III (meso-diaminopimelate containing)|g__Blautia.s__Ruminococcus_torques	667.2581009275
PWY-7953: UDP-N-acetylmuramoyl-pentapeptide biosynthesis III (meso-diaminopimelate containing)|g__Fusicatenibacter.s__Fusicatenibacter_saccharivorans	579.8089932485
PWY-7953: UDP-N-acetylmuramoyl-pentapeptide biosynthesis III (meso-diaminopimelate containing)|g__Clostridium.s__Clostridium_sp_CAG_465	339.7034802707
PWY-7953: UDP-N-acetylmuramoyl-pentapeptide biosynthesis III (meso-diaminopimelate containing)|g__Lachnospiraceae_unclassified.s__Eubacterium_rectale	314.7687845550
PWY-7953: UDP-N-acetylmuramoyl-pentapeptide biosynthesis III (meso-diaminopimelate containing)|g__Anaerostipes.s__Anaerostipes_hadrus	311.8045145763
PWY-7953: UDP-N-acetylmuramoyl-pentapeptide biosynthesis III (meso-diaminopimelate containing)|g__Blautia.s__Blautia_sp	289.6810688980
PWY-7953: UDP-N-acetylmuramoyl-pentapeptide biosynthesis III (meso-diaminopimelate containing)|g__Dialister.s__Dialister_invisus	221.6020049963
PWY-7953: UDP-N-acetylmuramoyl-pentapeptide biosynthesis III (meso-diaminopimelate containing)|g__Dorea.s__Dorea_longicatena	202.5693912282
PWY-7953: UDP-N-acetylmuramoyl-pentapeptide biosynthesis III (meso-diaminopimelate containing)|g__Eubacterium.s__Eubacterium_hallii	180.8018129763
PWY-7953: UDP-N-acetylmuramoyl-pentapeptide biosynthesis III (meso-diaminopimelate containing)|g__Eubacterium.s__Eubacterium_eligens	179.0694765143
PWY-7953: UDP-N-acetylmuramoyl-pentapeptide biosynthesis III (meso-diaminopimelate containing)|g__Firmicutes_unclassified.s__Firmicutes_bacterium_CAG_56	164.7520713012
PWY-7953: UDP-N-acetylmuramoyl-pentapeptide biosynthesis III (meso-diaminopimelate containing)|g__Blautia.s__Blautia_wexlerae	149.2430612877
PWY-7953: UDP-N-acetylmuramoyl-pentapeptide biosynthesis III (meso-diaminopimelate containing)|g__Eggerthella.s__Eggerthella_sp_CAG_209	136.7048160305
PWY-7953: UDP-N-acetylmuramoyl-pentapeptide biosynthesis III (meso-diaminopimelate containing)|g__Clostridium.s__Clostridium_sp_CAG_492	135.2240760694
PWY-7953: UDP-N-acetylmuramoyl-pentapeptide biosynthesis III (meso-diaminopimelate containing)|g__Clostridium.s__Clostridium_sp_CAG_75	102.4219512624
PWY-7953: UDP-N-acetylmuramoyl-pentapeptide biosynthesis III (meso-diaminopimelate containing)|g__Alistipes.s__Alistipes_putredinis	96.6228576467
PWY-7953: UDP-N-acetylmuramoyl-pentapeptide biosynthesis III (meso-diaminopimelate containing)|g__Firmicutes_unclassified.s__Firmicutes_bacterium_CAG_176	85.9689779105
PWY-7953: UDP-N-acetylmuramoyl-pentapeptide biosynthesis III (meso-diaminopimelate containing)|g__Blautia.s__Blautia_sp_CAG_52	82.3051134493
PWY-7953: UDP-N-acetylmuramoyl-pentapeptide biosynthesis III (meso-diaminopimelate containing)|g__Eubacterium.s__Eubacterium_sp_CAG_115	79.5366317509
PWY-7953: UDP-N-acetylmuramoyl-pentapeptide biosynthesis III (meso-diaminopimelate containing)|g__Ruminococcus.s__Ruminococcus_bicirculans	75.2107381890
PWY-7953: UDP-N-acetylmuramoyl-pentapeptide biosynthesis III (meso-diaminopimelate containing)|g__Bacteroides.s__Bacteroides_uniformis	73.5835311022
PWY-7953: UDP-N-acetylmuramoyl-pentapeptide biosynthesis III (meso-diaminopimelate containing)|g__Ruminococcus.s__Ruminococcus_lactaris	69.6580137263
PWY-7953: UDP-N-acetylmuramoyl-pentapeptide biosynthesis III (meso-diaminopimelate containing)|g__Bacteroides.s__Bacteroides_stercoris	67.8504704749
PWY-7953: UDP-N-acetylmuramoyl-pentapeptide biosynthesis III (meso-diaminopimelate containing)|g__Roseburia.s__Roseburia_intestinalis	63.8825728941
PWY-7953: UDP-N-acetylmuramoyl-pentapeptide biosynthesis III (meso-diaminopimelate containing)|g__Coprococcus.s__Coprococcus_catus	63.4422297692
PWY-7953: UDP-N-acetylmuramoyl-pentapeptide biosynthesis III (meso-diaminopimelate containing)|g__Clostridium.s__Clostridium_sp_CAG_122	63.3668968366
PWY-7953: UDP-N-acetylmuramoyl-pentapeptide biosynthesis III (meso-diaminopimelate containing)|g__Roseburia.s__Roseburia_inulinivorans	61.3855965897
PWY-7953: UDP-N-acetylmuramoyl-pentapeptide biosynthesis III (meso-diaminopimelate containing)|g__Clostridium.s__Clostridium_sp_AF36_4	55.2992142506
PWY-7953: UDP-N-acetylmuramoyl-pentapeptide biosynthesis III (meso-diaminopimelate containing)|g__Firmicutes_unclassified.s__Firmicutes_bacterium_CAG_41	49.4166841923
PWY-7953: UDP-N-acetylmuramoyl-pentapeptide biosynthesis III (meso-diaminopimelate containing)|g__Bifidobacterium.s__Bifidobacterium_pseudocatenulatum	42.7880417084
PWY-7953: UDP-N-acetylmuramoyl-pentapeptide biosynthesis III (meso-diaminopimelate containing)|g__Firmicutes_unclassified.s__Firmicutes_bacterium_AF16_15	42.1509007834
PWY-7953: UDP-N-acetylmuramoyl-pentapeptide biosynthesis III (meso-diaminopimelate containing)|g__Roseburia.s__Roseburia_faecis	41.9917965734
PWY-7953: UDP-N-acetylmuramoyl-pentapeptide biosynthesis III (meso-diaminopimelate containing)|g__Bacteroides.s__Bacteroides_dorei	35.0122181093
PWY-7953: UDP-N-acetylmuramoyl-pentapeptide biosynthesis III (meso-diaminopimelate containing)|g__Bilophila.s__Bilophila_wadsworthia	34.9565007668
PWY-7953: UDP-N-acetylmuramoyl-pentapeptide biosynthesis III (meso-diaminopimelate containing)|g__Bacteroides.s__Bacteroides_massiliensis	31.6360043044
PWY-7953: UDP-N-acetylmuramoyl-pentapeptide biosynthesis III (meso-diaminopimelate containing)|g__Bacteroides.s__Bacteroides_vulgatus	29.4169650478
PWY-7953: UDP-N-acetylmuramoyl-pentapeptide biosynthesis III (meso-diaminopimelate containing)|g__Dorea.s__Dorea_formicigenerans	28.8453111205
PWY-7953: UDP-N-acetylmuramoyl-pentapeptide biosynthesis III (meso-diaminopimelate containing)|g__Candidatus_Gastranaerophilales_unclassified.s__Candidatus_Gastranaerophilales_bacterium_HUM_10	28.7563343422
PWY-7953: UDP-N-acetylmuramoyl-pentapeptide biosynthesis III (meso-diaminopimelate containing)|g__Bacteroides.s__Bacteroides_cellulosilyticus	27.2590796047
PWY-7953: UDP-N-acetylmuramoyl-pentapeptide biosynthesis III (meso-diaminopimelate containing)|g__Clostridium.s__Clostridium_sp_CAG_269	26.4016251708
PWY-7953: UDP-N-acetylmuramoyl-pentapeptide biosynthesis III (meso-diaminopimelate containing)|g__Streptococcus.s__Streptococcus_thermophilus	25.5217108896
PWY-7953: UDP-N-acetylmuramoyl-pentapeptide biosynthesis III (meso-diaminopimelate containing)|g__Firmicutes_unclassified.s__Firmicutes_bacterium_CAG_102	19.7603430122
PWY-7953: UDP-N-acetylmuramoyl-pentapeptide biosynthesis III (meso-diaminopimelate containing)|g__Ruminococcus.s__Ruminococcus_sp_AF31_8BH	18.7056639642
PWY-7953: UDP-N-acetylmuramoyl-pentapeptide biosynthesis III (meso-diaminopimelate containing)|g__Lawsonibacter.s__Lawsonibacter_asaccharolyticus	16.4288729878
PWY-7953: UDP-N-acetylmuramoyl-pentapeptide biosynthesis III (meso-diaminopimelate containing)|g__Parabacteroides.s__Parabacteroides_distasonis	15.0301871047
PWY-7953: UDP-N-acetylmuramoyl-pentapeptide biosynthesis III (meso-diaminopimelate containing)|g__Flavonifractor.s__Flavonifractor_plautii	13.3270835964
PWY-7953: UDP-N-acetylmuramoyl-pentapeptide biosynthesis III (meso-diaminopimelate containing)|g__Bacteroides.s__Bacteroides_clarus	9.4994476755
PWY-7953: UDP-N-acetylmuramoyl-pentapeptide biosynthesis III (meso-diaminopimelate containing)|g__Bacteroides.s__Bacteroides_ovatus	8.2476840907
PWY-7953: UDP-N-acetylmuramoyl-pentapeptide biosynthesis III (meso-diaminopimelate containing)|g__Bacteroides.s__Bacteroides_xylanisolvens	7.5824014543
PWY-7953: UDP-N-acetylmuramoyl-pentapeptide biosynthesis III (meso-diaminopimelate containing)|g__Streptococcus.s__Streptococcus_pneumoniae	5.3952241474
PWY-7953: UDP-N-acetylmuramoyl-pentapeptide biosynthesis III (meso-diaminopimelate containing)|g__Streptococcus.s__Streptococcus_salivarius	2.2803468515
DTDPRHAMSYN-PWY: dTDP-&beta;-L-rhamnose biosynthesis	12932.0062329044
DTDPRHAMSYN-PWY: dTDP-&beta;-L-rhamnose biosynthesis|unclassified	2706.6251948901
DTDPRHAMSYN-PWY: dTDP-&beta;-L-rhamnose biosynthesis|g__Faecalibacterium.s__Faecalibacterium_prausnitzii	1773.3602581736
DTDPRHAMSYN-PWY: dTDP-&beta;-L-rhamnose biosynthesis|g__Blautia.s__Blautia_obeum	940.2470356296
DTDPRHAMSYN-PWY: dTDP-&beta;-L-rhamnose biosynthesis|g__Subdoligranulum.s__Subdoligranulum_sp_APC924_74	860.9008251909
DTDPRHAMSYN-PWY: dTDP-&beta;-L-rhamnose biosynthesis|g__Blautia.s__Ruminococcus_torques	758.0989416863
DTDPRHAMSYN-PWY: dTDP-&beta;-L-rhamnose biosynthesis|g__Fusicatenibacter.s__Fusicatenibacter_saccharivorans	625.7501181715
DTDPRHAMSYN-PWY: dTDP-&beta;-L-rhamnose biosynthesis|g__Lachnospiraceae_unclassified.s__Eubacterium_rectale	563.5565725738
DTDPRHAMSYN-PWY: dTDP-&beta;-L-rhamnose biosynthesis|g__Collinsella.s__Collinsella_aerofaciens	367.2364230335
DTDPRHAMSYN-PWY: dTDP-&beta;-L-rhamnose biosynthesis|g__Anaerostipes.s__Anaerostipes_hadrus	302.9813215268
DTDPRHAMSYN-PWY: dTDP-&beta;-L-rhamnose biosynthesis|g__Eubacterium.s__Eubacterium_eligens	252.9787255164
DTDPRHAMSYN-PWY: dTDP-&beta;-L-rhamnose biosynthesis|g__Clostridiales_unclassified.s__Clostridiales_bacterium_KLE1615	243.3869769390
DTDPRHAMSYN-PWY: dTDP-&beta;-L-rhamnose biosynthesis|g__Gemmiger.s__Gemmiger_formicilis	193.9332819601
DTDPRHAMSYN-PWY: dTDP-&beta;-L-rhamnose biosynthesis|g__Firmicutes_unclassified.s__Firmicutes_bacterium_CAG_56	188.4353062700
DTDPRHAMSYN-PWY: dTDP-&beta;-L-rhamnose biosynthesis|g__Roseburia.s__Roseburia_intestinalis	187.1349564035
DTDPRHAMSYN-PWY: dTDP-&beta;-L-rhamnose biosynthesis|g__Ruminococcus.s__Ruminococcus_sp_CAG_403	173.9260756175
DTDPRHAMSYN-PWY: dTDP-&beta;-L-rhamnose biosynthesis|g__Dorea.s__Dorea_longicatena	172.6628632400
DTDPRHAMSYN-PWY: dTDP-&beta;-L-rhamnose biosynthesis|g__Blautia.s__Blautia_wexlerae	160.4582018699
DTDPRHAMSYN-PWY: dTDP-&beta;-L-rhamnose biosynthesis|g__Bacteroides.s__Bacteroides_uniformis	131.2903027738
DTDPRHAMSYN-PWY: dTDP-&beta;-L-rhamnose biosynthesis|g__Firmicutes_unclassified.s__Firmicutes_bacterium_CAG_103	122.7856149149
DTDPRHAMSYN-PWY: dTDP-&beta;-L-rhamnose biosynthesis|g__Blautia.s__Blautia_sp_CAG_52	110.2583943828
DTDPRHAMSYN-PWY: dTDP-&beta;-L-rhamnose biosynthesis|g__Clostridium.s__Clostridium_sp_CAG_75	105.4887279950
DTDPRHAMSYN-PWY: dTDP-&beta;-L-rhamnose biosynthesis|g__Alistipes.s__Alistipes_putredinis	93.3961379466
DTDPRHAMSYN-PWY: dTDP-&beta;-L-rhamnose biosynthesis|g__Bacteroides.s__Bacteroides_stercoris	93.1905579591
DTDPRHAMSYN-PWY: dTDP-&beta;-L-rhamnose biosynthesis|g__Eubacterium.s__Eubacterium_hallii	90.0787636411
DTDPRHAMSYN-PWY: dTDP-&beta;-L-rhamnose biosynthesis|g__Bacteroides.s__Bacteroides_dorei	86.5060483775
DTDPRHAMSYN-PWY: dTDP-&beta;-L-rhamnose biosynthesis|g__Bacteroides.s__Bacteroides_vulgatus	81.0653444537
DTDPRHAMSYN-PWY: dTDP-&beta;-L-rhamnose biosynthesis|g__Clostridium.s__Clostridium_sp_AF36_4	75.5308303791
DTDPRHAMSYN-PWY: dTDP-&beta;-L-rhamnose biosynthesis|g__Roseburia.s__Roseburia_inulinivorans	73.2412202122
DTDPRHAMSYN-PWY: dTDP-&beta;-L-rhamnose biosynthesis|g__Roseburia.s__Roseburia_faecis	67.6076572875
DTDPRHAMSYN-PWY: dTDP-&beta;-L-rhamnose biosynthesis|g__Blautia.s__Blautia_sp	65.8091891851
DTDPRHAMSYN-PWY: dTDP-&beta;-L-rhamnose biosynthesis|g__Clostridium.s__Clostridium_sp_CAG_122	61.3313028858
DTDPRHAMSYN-PWY: dTDP-&beta;-L-rhamnose biosynthesis|g__Coprococcus.s__Coprococcus_catus	54.4836409171
DTDPRHAMSYN-PWY: dTDP-&beta;-L-rhamnose biosynthesis|g__Firmicutes_unclassified.s__Firmicutes_bacterium_AF16_15	54.1201983261
DTDPRHAMSYN-PWY: dTDP-&beta;-L-rhamnose biosynthesis|g__Bacteroides.s__Bacteroides_intestinalis	49.1326725307
DTDPRHAMSYN-PWY: dTDP-&beta;-L-rhamnose biosynthesis|g__Clostridium.s__Clostridium_sp_CAG_269	46.2883650235
DTDPRHAMSYN-PWY: dTDP-&beta;-L-rhamnose biosynthesis|g__Bacteroides.s__Bacteroides_massiliensis	36.5586511172
DTDPRHAMSYN-PWY: dTDP-&beta;-L-rhamnose biosynthesis|g__Candidatus_Gastranaerophilales_unclassified.s__Candidatus_Gastranaerophilales_bacterium_HUM_10	36.1306827771
DTDPRHAMSYN-PWY: dTDP-&beta;-L-rhamnose biosynthesis|g__Bilophila.s__Bilophila_wadsworthia	33.6158222311
DTDPRHAMSYN-PWY: dTDP-&beta;-L-rhamnose biosynthesis|g__Alistipes.s__Alistipes_finegoldii	32.3346351162
DTDPRHAMSYN-PWY: dTDP-&beta;-L-rhamnose biosynthesis|g__Bacteroides.s__Bacteroides_cellulosilyticus	31.5460290978
DTDPRHAMSYN-PWY: dTDP-&beta;-L-rhamnose biosynthesis|g__Bacteroides.s__Bacteroides_ovatus	29.5825821930
DTDPRHAMSYN-PWY: dTDP-&beta;-L-rhamnose biosynthesis|g__Ruminococcus.s__Ruminococcus_sp_AF31_8BH	27.4095372742
DTDPRHAMSYN-PWY: dTDP-&beta;-L-rhamnose biosynthesis|g__Dorea.s__Dorea_formicigenerans	26.1018472432
DTDPRHAMSYN-PWY: dTDP-&beta;-L-rhamnose biosynthesis|g__Parabacteroides.s__Parabacteroides_distasonis	21.3047096041
DTDPRHAMSYN-PWY: dTDP-&beta;-L-rhamnose biosynthesis|g__Firmicutes_unclassified.s__Firmicutes_bacterium_CAG_110	21.1756956031
DTDPRHAMSYN-PWY: dTDP-&beta;-L-rhamnose biosynthesis|g__Erysipelatoclostridium.s__Clostridium_spiroforme	19.4687184085
DTDPRHAMSYN-PWY: dTDP-&beta;-L-rhamnose biosynthesis|g__Barnesiella.s__Barnesiella_intestinihominis	17.9918991477
DTDPRHAMSYN-PWY: dTDP-&beta;-L-rhamnose biosynthesis|g__Eubacterium.s__Eubacterium_sp_AF17_7	17.8381800643
DTDPRHAMSYN-PWY: dTDP-&beta;-L-rhamnose biosynthesis|g__Bacteroides.s__Bacteroides_thetaiotaomicron	15.9470418974
DTDPRHAMSYN-PWY: dTDP-&beta;-L-rhamnose biosynthesis|g__Streptococcus.s__Streptococcus_thermophilus	14.2237646020
DTDPRHAMSYN-PWY: dTDP-&beta;-L-rhamnose biosynthesis|g__Bacteroides.s__Bacteroides_caccae	14.1013221354
DTDPRHAMSYN-PWY: dTDP-&beta;-L-rhamnose biosynthesis|g__Coprococcus.s__Coprococcus_comes	13.9714990652
DTDPRHAMSYN-PWY: dTDP-&beta;-L-rhamnose biosynthesis|g__Actinomyces.s__Actinomyces_sp_ICM47	11.1582375503
DTDPRHAMSYN-PWY: dTDP-&beta;-L-rhamnose biosynthesis|g__Bacteroides.s__Bacteroides_clarus	10.5775381454
DTDPRHAMSYN-PWY: dTDP-&beta;-L-rhamnose biosynthesis|g__Streptococcus.s__Streptococcus_salivarius	8.7915770432
DTDPRHAMSYN-PWY: dTDP-&beta;-L-rhamnose biosynthesis|g__Alistipes.s__Alistipes_onderdonkii	6.6764399004
DTDPRHAMSYN-PWY: dTDP-&beta;-L-rhamnose biosynthesis|g__Bacteroides.s__Bacteroides_xylanisolvens	6.0191545626
PWY-6700: queuosine biosynthesis I (de novo)	12372.3625635622
PWY-6700: queuosine biosynthesis I (de novo)|unclassified	2498.1166781745
PWY-6700: queuosine biosynthesis I (de novo)|g__Faecalibacterium.s__Faecalibacterium_prausnitzii	1097.2834851579
PWY-6700: queuosine biosynthesis I (de novo)|g__Subdoligranulum.s__Subdoligranulum_sp_APC924_74	631.0905025587
PWY-6700: queuosine biosynthesis I (de novo)|g__Blautia.s__Ruminococcus_torques	606.1253588530
PWY-6700: queuosine biosynthesis I (de novo)|g__Ruminococcus.s__Ruminococcus_bromii	534.7596096022
PWY-6700: queuosine biosynthesis I (de novo)|g__Lachnospiraceae_unclassified.s__Eubacterium_rectale	414.9921250539
PWY-6700: queuosine biosynthesis I (de novo)|g__Blautia.s__Blautia_obeum	407.2644758115
PWY-6700: queuosine biosynthesis I (de novo)|g__Fusicatenibacter.s__Fusicatenibacter_saccharivorans	393.0775794925
PWY-6700: queuosine biosynthesis I (de novo)|g__Clostridium.s__Clostridium_sp_CAG_465	338.6399779391
PWY-6700: queuosine biosynthesis I (de novo)|g__Anaerostipes.s__Anaerostipes_hadrus	332.4793859842
PWY-6700: queuosine biosynthesis I (de novo)|g__Blautia.s__Blautia_sp	319.1206927365
PWY-6700: queuosine biosynthesis I (de novo)|g__Collinsella.s__Collinsella_aerofaciens	241.8199969822
PWY-6700: queuosine biosynthesis I (de novo)|g__Eubacterium.s__Eubacterium_eligens	222.3601591678
PWY-6700: queuosine biosynthesis I (de novo)|g__Dialister.s__Dialister_invisus	195.9271256124
PWY-6700: queuosine biosynthesis I (de novo)|g__Dorea.s__Dorea_longicatena	179.6192182979
PWY-6700: queuosine biosynthesis I (de novo)|g__Gemmiger.s__Gemmiger_formicilis	178.4637531261
PWY-6700: queuosine biosynthesis I (de novo)|g__Eubacterium.s__Eubacterium_hallii	164.7121045050
PWY-6700: queuosine biosynthesis I (de novo)|g__Eubacterium.s__Eubacterium_sp_CAG_180	151.9627696388
PWY-6700: queuosine biosynthesis I (de novo)|g__Clostridiales_unclassified.s__Clostridiales_bacterium_KLE1615	140.8058223157
PWY-6700: queuosine biosynthesis I (de novo)|g__Blautia.s__Blautia_wexlerae	137.5455232988
PWY-6700: queuosine biosynthesis I (de novo)|g__Ruminococcus.s__Ruminococcus_sp_CAG_403	135.4946277344
PWY-6700: queuosine biosynthesis I (de novo)|g__Clostridium.s__Clostridium_sp_CAG_75	112.4197838873
PWY-6700: queuosine biosynthesis I (de novo)|g__Eggerthella.s__Eggerthella_sp_CAG_209	112.3109400904
PWY-6700: queuosine biosynthesis I (de novo)|g__Firmicutes_unclassified.s__Firmicutes_bacterium_CAG_56	109.0238640439
PWY-6700: queuosine biosynthesis I (de novo)|g__Firmicutes_unclassified.s__Firmicutes_bacterium_CAG_103	105.9236980471
PWY-6700: queuosine biosynthesis I (de novo)|g__Firmicutes_unclassified.s__Firmicutes_bacterium_CAG_176	103.5434557247
PWY-6700: queuosine biosynthesis I (de novo)|g__Bacteroides.s__Bacteroides_uniformis	94.7497824917
PWY-6700: queuosine biosynthesis I (de novo)|g__Blautia.s__Blautia_sp_CAG_52	93.8388968961
PWY-6700: queuosine biosynthesis I (de novo)|g__Bacteroides.s__Bacteroides_stercoris	86.0698113941
PWY-6700: queuosine biosynthesis I (de novo)|g__Eubacterium.s__Eubacterium_sp_CAG_115	84.7244480873
PWY-6700: queuosine biosynthesis I (de novo)|g__Bacteroides.s__Bacteroides_cellulosilyticus	82.8892352583
PWY-6700: queuosine biosynthesis I (de novo)|g__Ruminococcus.s__Ruminococcus_bicirculans	73.5865361606
PWY-6700: queuosine biosynthesis I (de novo)|g__Agathobaculum.s__Agathobaculum_butyriciproducens	66.0588685060
PWY-6700: queuosine biosynthesis I (de novo)|g__Clostridium.s__Clostridium_sp_AF36_4	53.7773700384
PWY-6700: queuosine biosynthesis I (de novo)|g__Clostridium.s__Clostridium_sp_CAG_122	52.2609296113
PWY-6700: queuosine biosynthesis I (de novo)|g__Roseburia.s__Roseburia_intestinalis	52.2124391347
PWY-6700: queuosine biosynthesis I (de novo)|g__Ruminococcus.s__Ruminococcus_lactaris	51.0657179848
PWY-6700: queuosine biosynthesis I (de novo)|g__Clostridium.s__Clostridium_sp_CAG_417	50.5046313375
PWY-6700: queuosine biosynthesis I (de novo)|g__Bacteroides.s__Bacteroides_massiliensis	45.4867757067
PWY-6700: queuosine biosynthesis I (de novo)|g__Coprococcus.s__Coprococcus_catus	44.8103389975
PWY-6700: queuosine biosynthesis I (de novo)|g__Roseburia.s__Roseburia_faecis	42.8838906703
PWY-6700: queuosine biosynthesis I (de novo)|g__Firmicutes_unclassified.s__Firmicutes_bacterium_CAG_41	40.9809692906
PWY-6700: queuosine biosynthesis I (de novo)|g__Roseburia.s__Roseburia_inulinivorans	40.8435992729
PWY-6700: queuosine biosynthesis I (de novo)|g__Bilophila.s__Bilophila_wadsworthia	40.6519083324
PWY-6700: queuosine biosynthesis I (de novo)|g__Bacteroides.s__Bacteroides_dorei	34.5991585058
PWY-6700: queuosine biosynthesis I (de novo)|g__Bacteroides.s__Bacteroides_vulgatus	33.9530024863
PWY-6700: queuosine biosynthesis I (de novo)|g__Adlercreutzia.s__Adlercreutzia_equolifaciens	31.0631548498
PWY-6700: queuosine biosynthesis I (de novo)|g__Firmicutes_unclassified.s__Firmicutes_bacterium_CAG_110	28.6911458529
PWY-6700: queuosine biosynthesis I (de novo)|g__Dorea.s__Dorea_formicigenerans	24.9013448688
PWY-6700: queuosine biosynthesis I (de novo)|g__Streptococcus.s__Streptococcus_thermophilus	22.3043162909
PWY-6700: queuosine biosynthesis I (de novo)|g__Firmicutes_unclassified.s__Firmicutes_bacterium_AF16_15	20.3102152118
PWY-6700: queuosine biosynthesis I (de novo)|g__Asaccharobacter.s__Asaccharobacter_celatus	20.2536545414
PWY-6700: queuosine biosynthesis I (de novo)|g__Candidatus_Gastranaerophilales_unclassified.s__Candidatus_Gastranaerophilales_bacterium_HUM_10	20.0460925196
PWY-6700: queuosine biosynthesis I (de novo)|g__Bacteroides.s__Bacteroides_ovatus	20.0197608896
PWY-6700: queuosine biosynthesis I (de novo)|g__Firmicutes_unclassified.s__Firmicutes_bacterium_CAG_102	18.7917474483
PWY-6700: queuosine biosynthesis I (de novo)|g__Barnesiella.s__Barnesiella_intestinihominis	18.7229415335
PWY-6700: queuosine biosynthesis I (de novo)|g__Bacteroides.s__Bacteroides_clarus	18.6724481722
PWY-6700: queuosine biosynthesis I (de novo)|g__Firmicutes_unclassified.s__Firmicutes_bacterium_CAG_129	18.1200674196
PWY-6700: queuosine biosynthesis I (de novo)|g__Lawsonibacter.s__Lawsonibacter_asaccharolyticus	9.8229197314
PWY-6700: queuosine biosynthesis I (de novo)|g__Clostridium.s__Clostridium_sp_CAG_307	8.2457800858
PWY-6700: queuosine biosynthesis I (de novo)|g__Eubacterium.s__Eubacterium_ramulus	7.7830527571
PWY-6700: queuosine biosynthesis I (de novo)|g__Bacteroides.s__Bacteroides_xylanisolvens	5.7683361565
PWY-6700: queuosine biosynthesis I (de novo)|g__Streptococcus.s__Streptococcus_pneumoniae	3.7530137475
PWY-6151: S-adenosyl-L-methionine salvage I	12371.2590687834
PWY-6151: S-adenosyl-L-methionine salvage I|unclassified	2860.1585493438
PWY-6151: S-adenosyl-L-methionine salvage I|g__Faecalibacterium.s__Faecalibacterium_prausnitzii	947.0729093036
PWY-6151: S-adenosyl-L-methionine salvage I|g__Ruminococcus.s__Ruminococcus_bromii	799.2787220558
PWY-6151: S-adenosyl-L-methionine salvage I|g__Lachnospiraceae_unclassified.s__Eubacterium_rectale	626.8110357330
PWY-6151: S-adenosyl-L-methionine salvage I|g__Blautia.s__Ruminococcus_torques	582.9324600993
PWY-6151: S-adenosyl-L-methionine salvage I|g__Anaerostipes.s__Anaerostipes_hadrus	420.3926974494
PWY-6151: S-adenosyl-L-methionine salvage I|g__Dorea.s__Dorea_longicatena	360.0162425750
PWY-6151: S-adenosyl-L-methionine salvage I|g__Collinsella.s__Collinsella_aerofaciens	267.0812269768
PWY-6151: S-adenosyl-L-methionine salvage I|g__Blautia.s__Blautia_obeum	265.8659501724
PWY-6151: S-adenosyl-L-methionine salvage I|g__Eubacterium.s__Eubacterium_eligens	239.2486854269
PWY-6151: S-adenosyl-L-methionine salvage I|g__Bifidobacterium.s__Bifidobacterium_adolescentis	237.5737398396
PWY-6151: S-adenosyl-L-methionine salvage I|g__Eubacterium.s__Eubacterium_hallii	180.9489271819
PWY-6151: S-adenosyl-L-methionine salvage I|g__Blautia.s__Blautia_wexlerae	170.7452288915
PWY-6151: S-adenosyl-L-methionine salvage I|g__Ruminococcus.s__Ruminococcus_sp_CAG_403	165.2926492541
PWY-6151: S-adenosyl-L-methionine salvage I|g__Clostridiales_unclassified.s__Clostridiales_bacterium_KLE1615	164.5937789390
PWY-6151: S-adenosyl-L-methionine salvage I|g__Gemmiger.s__Gemmiger_formicilis	160.9637283918
PWY-6151: S-adenosyl-L-methionine salvage I|g__Bifidobacterium.s__Bifidobacterium_longum	113.9642538097
PWY-6151: S-adenosyl-L-methionine salvage I|g__Eggerthella.s__Eggerthella_sp_CAG_209	110.8753319957
PWY-6151: S-adenosyl-L-methionine salvage I|g__Bacteroides.s__Bacteroides_uniformis	105.6629692461
PWY-6151: S-adenosyl-L-methionine salvage I|g__Clostridium.s__Clostridium_sp_CAG_75	98.6684536905
PWY-6151: S-adenosyl-L-methionine salvage I|g__Bifidobacterium.s__Bifidobacterium_pseudocatenulatum	89.8278551208
PWY-6151: S-adenosyl-L-methionine salvage I|g__Agathobaculum.s__Agathobaculum_butyriciproducens	87.5949316024
PWY-6151: S-adenosyl-L-methionine salvage I|g__Bacteroides.s__Bacteroides_stercoris	82.0993918075
PWY-6151: S-adenosyl-L-methionine salvage I|g__Blautia.s__Blautia_sp_CAG_52	78.5417618182
PWY-6151: S-adenosyl-L-methionine salvage I|g__Ruminococcus.s__Ruminococcus_lactaris	71.4553812558
PWY-6151: S-adenosyl-L-methionine salvage I|g__Clostridium.s__Clostridium_sp_AF36_4	70.5090776535
PWY-6151: S-adenosyl-L-methionine salvage I|g__Clostridium.s__Clostridium_sp_CAG_122	67.0172009874
PWY-6151: S-adenosyl-L-methionine salvage I|g__Fusicatenibacter.s__Fusicatenibacter_saccharivorans	63.7835601651
PWY-6151: S-adenosyl-L-methionine salvage I|g__Coprococcus.s__Coprococcus_catus	51.0620950489
PWY-6151: S-adenosyl-L-methionine salvage I|g__Roseburia.s__Roseburia_inulinivorans	48.9573270178
PWY-6151: S-adenosyl-L-methionine salvage I|g__Firmicutes_unclassified.s__Firmicutes_bacterium_CAG_41	48.5420913441
PWY-6151: S-adenosyl-L-methionine salvage I|g__Roseburia.s__Roseburia_faecis	47.1480539168
PWY-6151: S-adenosyl-L-methionine salvage I|g__Roseburia.s__Roseburia_intestinalis	45.5826673334
PWY-6151: S-adenosyl-L-methionine salvage I|g__Firmicutes_unclassified.s__Firmicutes_bacterium_AF16_15	41.5517441977
PWY-6151: S-adenosyl-L-methionine salvage I|g__Dorea.s__Dorea_formicigenerans	38.1149106202
PWY-6151: S-adenosyl-L-methionine salvage I|g__Bacteroides.s__Bacteroides_dorei	35.9047466892
PWY-6151: S-adenosyl-L-methionine salvage I|g__Bacteroides.s__Bacteroides_vulgatus	30.8663595379
PWY-6151: S-adenosyl-L-methionine salvage I|g__Streptococcus.s__Streptococcus_thermophilus	29.3091908735
PWY-6151: S-adenosyl-L-methionine salvage I|g__Bacteroides.s__Bacteroides_clarus	22.3849466255
PWY-6151: S-adenosyl-L-methionine salvage I|g__Eubacterium.s__Eubacterium_sp_AF17_7	21.1310273207
PWY-6151: S-adenosyl-L-methionine salvage I|g__Firmicutes_unclassified.s__Firmicutes_bacterium_CAG_94	19.3236340911
PWY-6151: S-adenosyl-L-methionine salvage I|g__Firmicutes_unclassified.s__Firmicutes_bacterium_CAG_102	19.1789875985
PWY-6151: S-adenosyl-L-methionine salvage I|g__Coprococcus.s__Coprococcus_comes	18.6539145464
PWY-6151: S-adenosyl-L-methionine salvage I|g__Firmicutes_unclassified.s__Firmicutes_bacterium_CAG_110	16.9361426076
PWY-6151: S-adenosyl-L-methionine salvage I|g__Actinomyces.s__Actinomyces_sp_ICM47	16.7234416477
PWY-6151: S-adenosyl-L-methionine salvage I|g__Ruminococcus.s__Ruminococcus_sp_AF31_8BH	15.5770335977
PWY-6151: S-adenosyl-L-methionine salvage I|g__Barnesiella.s__Barnesiella_intestinihominis	15.2306361402
PWY-6151: S-adenosyl-L-methionine salvage I|g__Blautia.s__Blautia_sp	12.2448480154
PWY-6151: S-adenosyl-L-methionine salvage I|g__Streptococcus.s__Streptococcus_pneumoniae	5.3325639006
PWY-6151: S-adenosyl-L-methionine salvage I|g__Streptococcus.s__Streptococcus_salivarius	2.8023771466
PWY-5103: L-isoleucine biosynthesis III	12107.2523661722
PWY-5103: L-isoleucine biosynthesis III|unclassified	1637.7947023883
PWY-5103: L-isoleucine biosynthesis III|g__Blautia.s__Ruminococcus_torques	665.5979158122
PWY-5103: L-isoleucine biosynthesis III|g__Lachnospiraceae_unclassified.s__Eubacterium_rectale	508.0557720121
PWY-5103: L-isoleucine biosynthesis III|g__Blautia.s__Blautia_sp	329.8823653877
PWY-5103: L-isoleucine biosynthesis III|g__Anaerostipes.s__Anaerostipes_hadrus	320.1529288941
PWY-5103: L-isoleucine biosynthesis III|g__Blautia.s__Blautia_obeum	307.9497267007
PWY-5103: L-isoleucine biosynthesis III|g__Gemmiger.s__Gemmiger_formicilis	295.5507911128
PWY-5103: L-isoleucine biosynthesis III|g__Bifidobacterium.s__Bifidobacterium_adolescentis	294.5958456382
PWY-5103: L-isoleucine biosynthesis III|g__Ruminococcus.s__Ruminococcus_sp_CAG_403	240.1685936874
PWY-5103: L-isoleucine biosynthesis III|g__Eubacterium.s__Eubacterium_eligens	234.3149058107
PWY-5103: L-isoleucine biosynthesis III|g__Dorea.s__Dorea_longicatena	216.0669618823
PWY-5103: L-isoleucine biosynthesis III|g__Bifidobacterium.s__Bifidobacterium_longum	139.6294273672
PWY-5103: L-isoleucine biosynthesis III|g__Blautia.s__Blautia_wexlerae	136.6067613646
PWY-5103: L-isoleucine biosynthesis III|g__Eubacterium.s__Eubacterium_hallii	133.6618247855
PWY-5103: L-isoleucine biosynthesis III|g__Bifidobacterium.s__Bifidobacterium_pseudocatenulatum	105.3948740540
PWY-5103: L-isoleucine biosynthesis III|g__Methanobrevibacter.s__Methanobrevibacter_smithii	101.0388501834
PWY-5103: L-isoleucine biosynthesis III|g__Roseburia.s__Roseburia_intestinalis	93.4070132015
PWY-5103: L-isoleucine biosynthesis III|g__Agathobaculum.s__Agathobaculum_butyriciproducens	83.7739678236
PWY-5103: L-isoleucine biosynthesis III|g__Ruminococcus.s__Ruminococcus_bicirculans	82.0533470963
PWY-5103: L-isoleucine biosynthesis III|g__Bacteroides.s__Bacteroides_uniformis	68.7602608501
PWY-5103: L-isoleucine biosynthesis III|g__Roseburia.s__Roseburia_inulinivorans	62.9474316715
PWY-5103: L-isoleucine biosynthesis III|g__Bacteroides.s__Bacteroides_stercoris	50.2314471177
PWY-5103: L-isoleucine biosynthesis III|g__Firmicutes_unclassified.s__Firmicutes_bacterium_CAG_41	47.5378325308
PWY-5103: L-isoleucine biosynthesis III|g__Methanosphaera.s__Methanosphaera_stadtmanae	46.4579811146
PWY-5103: L-isoleucine biosynthesis III|g__Dorea.s__Dorea_formicigenerans	31.9894374690
PWY-5103: L-isoleucine biosynthesis III|g__Candidatus_Gastranaerophilales_unclassified.s__Candidatus_Gastranaerophilales_bacterium_HUM_10	29.2430570204
PWY-5103: L-isoleucine biosynthesis III|g__Streptococcus.s__Streptococcus_thermophilus	28.7529564793
PWY-5103: L-isoleucine biosynthesis III|g__Ruminococcus.s__Ruminococcus_sp_AF31_8BH	28.5155497602
PWY-5103: L-isoleucine biosynthesis III|g__Asaccharobacter.s__Asaccharobacter_celatus	28.3380911831
PWY-5103: L-isoleucine biosynthesis III|g__Bilophila.s__Bilophila_wadsworthia	26.2442462293
PWY-5103: L-isoleucine biosynthesis III|g__Flavonifractor.s__Flavonifractor_sp_An10	24.8104833428
PWY-5103: L-isoleucine biosynthesis III|g__Adlercreutzia.s__Adlercreutzia_equolifaciens	24.1509539758
PWY-5103: L-isoleucine biosynthesis III|g__Eubacterium.s__Eubacterium_sp_AF17_7	22.0858103378
PWY-5103: L-isoleucine biosynthesis III|g__Bacteroides.s__Bacteroides_ovatus	16.9105009623
PWY-5103: L-isoleucine biosynthesis III|g__Coprococcus.s__Coprococcus_comes	16.0142813173
PWY-5103: L-isoleucine biosynthesis III|g__Flavonifractor.s__Flavonifractor_plautii	14.3334149215
PWY-5103: L-isoleucine biosynthesis III|g__Eubacterium.s__Eubacterium_ventriosum	8.5640489245
PWY-5103: L-isoleucine biosynthesis III|g__Roseburia.s__Roseburia_hominis	8.4913155498
PWY-5103: L-isoleucine biosynthesis III|g__Bacteroides.s__Bacteroides_caccae	7.9355274056
PWY-5103: L-isoleucine biosynthesis III|g__Bacteroides.s__Bacteroides_xylanisolvens	6.2592177291
PWY-5103: L-isoleucine biosynthesis III|g__Streptococcus.s__Streptococcus_pneumoniae	5.9576078074
PWY-5103: L-isoleucine biosynthesis III|g__Streptococcus.s__Streptococcus_salivarius	3.6617091656
PWY-5103: L-isoleucine biosynthesis III|g__Bacteroides.s__Bacteroides_thetaiotaomicron	3.2965927446
COA-PWY-1: superpathway of coenzyme A biosynthesis III (mammals)	12090.9639934129
COA-PWY-1: superpathway of coenzyme A biosynthesis III (mammals)|unclassified	2202.1688757403
COA-PWY-1: superpathway of coenzyme A biosynthesis III (mammals)|g__Faecalibacterium.s__Faecalibacterium_prausnitzii	1674.7493831063
COA-PWY-1: superpathway of coenzyme A biosynthesis III (mammals)|g__Subdoligranulum.s__Subdoligranulum_sp_APC924_74	720.7431286016
COA-PWY-1: superpathway of coenzyme A biosynthesis III (mammals)|g__Blautia.s__Ruminococcus_torques	497.4117834393
COA-PWY-1: superpathway of coenzyme A biosynthesis III (mammals)|g__Fusicatenibacter.s__Fusicatenibacter_saccharivorans	471.8129225321
COA-PWY-1: superpathway of coenzyme A biosynthesis III (mammals)|g__Blautia.s__Blautia_obeum	436.5027325634
COA-PWY-1: superpathway of coenzyme A biosynthesis III (mammals)|g__Anaerostipes.s__Anaerostipes_hadrus	282.2745970656
COA-PWY-1: superpathway of coenzyme A biosynthesis III (mammals)|g__Bifidobacterium.s__Bifidobacterium_adolescentis	190.0405466852
COA-PWY-1: superpathway of coenzyme A biosynthesis III (mammals)|g__Dialister.s__Dialister_invisus	189.1320246070
COA-PWY-1: superpathway of coenzyme A biosynthesis III (mammals)|g__Eubacterium.s__Eubacterium_eligens	184.1082027353
COA-PWY-1: superpathway of coenzyme A biosynthesis III (mammals)|g__Collinsella.s__Collinsella_aerofaciens	164.6133286933
COA-PWY-1: superpathway of coenzyme A biosynthesis III (mammals)|g__Firmicutes_unclassified.s__Firmicutes_bacterium_CAG_56	153.8489397329
COA-PWY-1: superpathway of coenzyme A biosynthesis III (mammals)|g__Ruminococcus.s__Ruminococcus_sp_CAG_403	145.4135795211
COA-PWY-1: superpathway of coenzyme A biosynthesis III (mammals)|g__Gemmiger.s__Gemmiger_formicilis	120.2572016934
COA-PWY-1: superpathway of coenzyme A biosynthesis III (mammals)|g__Blautia.s__Blautia_wexlerae	113.8734664598
COA-PWY-1: superpathway of coenzyme A biosynthesis III (mammals)|g__Bacteroides.s__Bacteroides_stercoris	101.3004095981
COA-PWY-1: superpathway of coenzyme A biosynthesis III (mammals)|g__Agathobaculum.s__Agathobaculum_butyriciproducens	95.0032750424
COA-PWY-1: superpathway of coenzyme A biosynthesis III (mammals)|g__Alistipes.s__Alistipes_putredinis	92.1607628981
COA-PWY-1: superpathway of coenzyme A biosynthesis III (mammals)|g__Ruminococcus.s__Ruminococcus_bicirculans	74.9368767142
COA-PWY-1: superpathway of coenzyme A biosynthesis III (mammals)|g__Dorea.s__Dorea_longicatena	74.0381151046
COA-PWY-1: superpathway of coenzyme A biosynthesis III (mammals)|g__Blautia.s__Blautia_sp_CAG_52	71.0893442013
COA-PWY-1: superpathway of coenzyme A biosynthesis III (mammals)|g__Bacteroides.s__Bacteroides_uniformis	70.4816788783
COA-PWY-1: superpathway of coenzyme A biosynthesis III (mammals)|g__Bifidobacterium.s__Bifidobacterium_pseudocatenulatum	67.2986017100
COA-PWY-1: superpathway of coenzyme A biosynthesis III (mammals)|g__Roseburia.s__Roseburia_intestinalis	64.3376294116
COA-PWY-1: superpathway of coenzyme A biosynthesis III (mammals)|g__Clostridium.s__Clostridium_sp_AF36_4	64.2482157013
COA-PWY-1: superpathway of coenzyme A biosynthesis III (mammals)|g__Lachnospiraceae_unclassified.s__Eubacterium_rectale	53.9747874182
COA-PWY-1: superpathway of coenzyme A biosynthesis III (mammals)|g__Eubacterium.s__Eubacterium_hallii	49.5045803611
COA-PWY-1: superpathway of coenzyme A biosynthesis III (mammals)|g__Roseburia.s__Roseburia_faecis	46.2688561652
COA-PWY-1: superpathway of coenzyme A biosynthesis III (mammals)|g__Ruminococcus.s__Ruminococcus_lactaris	42.9643385029
COA-PWY-1: superpathway of coenzyme A biosynthesis III (mammals)|g__Bacteroides.s__Bacteroides_cellulosilyticus	42.1358603590
COA-PWY-1: superpathway of coenzyme A biosynthesis III (mammals)|g__Bacteroides.s__Bacteroides_vulgatus	24.1026999390
COA-PWY-1: superpathway of coenzyme A biosynthesis III (mammals)|g__Bilophila.s__Bilophila_wadsworthia	22.6748006222
COA-PWY-1: superpathway of coenzyme A biosynthesis III (mammals)|g__Firmicutes_unclassified.s__Firmicutes_bacterium_CAG_110	22.1369649838
COA-PWY-1: superpathway of coenzyme A biosynthesis III (mammals)|g__Bacteroides.s__Bacteroides_dorei	21.6177529985
COA-PWY-1: superpathway of coenzyme A biosynthesis III (mammals)|g__Firmicutes_unclassified.s__Firmicutes_bacterium_CAG_41	21.5035672029
COA-PWY-1: superpathway of coenzyme A biosynthesis III (mammals)|g__Barnesiella.s__Barnesiella_intestinihominis	19.0851891828
COA-PWY-1: superpathway of coenzyme A biosynthesis III (mammals)|g__Coprococcus.s__Coprococcus_comes	18.4271682671
COA-PWY-1: superpathway of coenzyme A biosynthesis III (mammals)|g__Lawsonibacter.s__Lawsonibacter_asaccharolyticus	18.4246621698
COA-PWY-1: superpathway of coenzyme A biosynthesis III (mammals)|g__Dorea.s__Dorea_formicigenerans	18.1062824493
COA-PWY-1: superpathway of coenzyme A biosynthesis III (mammals)|g__Firmicutes_unclassified.s__Firmicutes_bacterium_CAG_102	13.0005635388
COA-PWY-1: superpathway of coenzyme A biosynthesis III (mammals)|g__Bacteroides.s__Bacteroides_ovatus	10.5426284799
COA-PWY-1: superpathway of coenzyme A biosynthesis III (mammals)|g__Flavonifractor.s__Flavonifractor_plautii	9.5597417297
COA-PWY-1: superpathway of coenzyme A biosynthesis III (mammals)|g__Bacteroides.s__Bacteroides_clarus	9.5409244013
CALVIN-PWY: Calvin-Benson-Bassham cycle	11940.0671265686
CALVIN-PWY: Calvin-Benson-Bassham cycle|unclassified	1480.0274423115
CALVIN-PWY: Calvin-Benson-Bassham cycle|g__Blautia.s__Ruminococcus_torques	770.8325005820
CALVIN-PWY: Calvin-Benson-Bassham cycle|g__Fusicatenibacter.s__Fusicatenibacter_saccharivorans	522.1377681946
CALVIN-PWY: Calvin-Benson-Bassham cycle|g__Lachnospiraceae_unclassified.s__Eubacterium_rectale	447.5890589038
CALVIN-PWY: Calvin-Benson-Bassham cycle|g__Blautia.s__Blautia_sp	407.5601655660
CALVIN-PWY: Calvin-Benson-Bassham cycle|g__Anaerostipes.s__Anaerostipes_hadrus	403.5074265923
CALVIN-PWY: Calvin-Benson-Bassham cycle|g__Collinsella.s__Collinsella_aerofaciens	347.4837307313
CALVIN-PWY: Calvin-Benson-Bassham cycle|g__Eubacterium.s__Eubacterium_hallii	344.3092362575
CALVIN-PWY: Calvin-Benson-Bassham cycle|g__Blautia.s__Blautia_wexlerae	274.0131797437
CALVIN-PWY: Calvin-Benson-Bassham cycle|g__Blautia.s__Blautia_obeum	219.7218568169
CALVIN-PWY: Calvin-Benson-Bassham cycle|g__Eubacterium.s__Eubacterium_eligens	137.8207672404
CALVIN-PWY: Calvin-Benson-Bassham cycle|g__Faecalibacterium.s__Faecalibacterium_prausnitzii	77.9119049602
CALVIN-PWY: Calvin-Benson-Bassham cycle|g__Coprococcus.s__Coprococcus_catus	73.2007722135
CALVIN-PWY: Calvin-Benson-Bassham cycle|g__Roseburia.s__Roseburia_intestinalis	67.7281705374
CALVIN-PWY: Calvin-Benson-Bassham cycle|g__Roseburia.s__Roseburia_inulinivorans	65.0944473930
CALVIN-PWY: Calvin-Benson-Bassham cycle|g__Roseburia.s__Roseburia_faecis	54.9953251755
CALVIN-PWY: Calvin-Benson-Bassham cycle|g__Ruminococcus.s__Ruminococcus_sp_AF31_8BH	34.2187472193
CALVIN-PWY: Calvin-Benson-Bassham cycle|g__Firmicutes_unclassified.s__Firmicutes_bacterium_CAG_102	25.5598382063
CALVIN-PWY: Calvin-Benson-Bassham cycle|g__Flavonifractor.s__Flavonifractor_plautii	11.6516734196
PWY-5667: CDP-diacylglycerol biosynthesis I	11887.7225272997
PWY-5667: CDP-diacylglycerol biosynthesis I|unclassified	1982.1072787352
PWY-5667: CDP-diacylglycerol biosynthesis I|g__Faecalibacterium.s__Faecalibacterium_prausnitzii	1503.7009935673
PWY-5667: CDP-diacylglycerol biosynthesis I|g__Blautia.s__Blautia_obeum	791.7059092568
PWY-5667: CDP-diacylglycerol biosynthesis I|g__Subdoligranulum.s__Subdoligranulum_sp_APC924_74	646.6005739885
PWY-5667: CDP-diacylglycerol biosynthesis I|g__Fusicatenibacter.s__Fusicatenibacter_saccharivorans	628.4800251657
PWY-5667: CDP-diacylglycerol biosynthesis I|g__Blautia.s__Ruminococcus_torques	538.0785752736
PWY-5667: CDP-diacylglycerol biosynthesis I|g__Lachnospiraceae_unclassified.s__Eubacterium_rectale	470.0335850311
PWY-5667: CDP-diacylglycerol biosynthesis I|g__Dialister.s__Dialister_invisus	271.8813685803
PWY-5667: CDP-diacylglycerol biosynthesis I|g__Blautia.s__Blautia_sp	264.7044716717
PWY-5667: CDP-diacylglycerol biosynthesis I|g__Eubacterium.s__Eubacterium_eligens	214.3114851004
PWY-5667: CDP-diacylglycerol biosynthesis I|g__Anaerostipes.s__Anaerostipes_hadrus	203.3211277023
PWY-5667: CDP-diacylglycerol biosynthesis I|g__Firmicutes_unclassified.s__Firmicutes_bacterium_CAG_56	166.6798196479
PWY-5667: CDP-diacylglycerol biosynthesis I|g__Eubacterium.s__Eubacterium_hallii	162.6604261644
PWY-5667: CDP-diacylglycerol biosynthesis I|g__Dorea.s__Dorea_longicatena	149.4405997983
PWY-5667: CDP-diacylglycerol biosynthesis I|g__Blautia.s__Blautia_wexlerae	136.0527721315
PWY-5667: CDP-diacylglycerol biosynthesis I|g__Clostridiales_unclassified.s__Clostridiales_bacterium_KLE1615	135.5610740630
PWY-5667: CDP-diacylglycerol biosynthesis I|g__Bacteroides.s__Bacteroides_uniformis	94.4263800995
PWY-5667: CDP-diacylglycerol biosynthesis I|g__Clostridium.s__Clostridium_sp_CAG_75	77.5309824879
PWY-5667: CDP-diacylglycerol biosynthesis I|g__Ruminococcus.s__Ruminococcus_lactaris	75.8058309787
PWY-5667: CDP-diacylglycerol biosynthesis I|g__Bacteroides.s__Bacteroides_stercoris	69.0342758418
PWY-5667: CDP-diacylglycerol biosynthesis I|g__Clostridium.s__Clostridium_sp_CAG_122	67.0962896097
PWY-5667: CDP-diacylglycerol biosynthesis I|g__Bacteroides.s__Bacteroides_cellulosilyticus	65.3580111561
PWY-5667: CDP-diacylglycerol biosynthesis I|g__Roseburia.s__Roseburia_faecis	49.0350717027
PWY-5667: CDP-diacylglycerol biosynthesis I|g__Clostridium.s__Clostridium_sp_AF36_4	48.8335930509
PWY-5667: CDP-diacylglycerol biosynthesis I|g__Bacteroides.s__Bacteroides_vulgatus	45.5667301972
PWY-5667: CDP-diacylglycerol biosynthesis I|g__Roseburia.s__Roseburia_inulinivorans	42.0891611199
PWY-5667: CDP-diacylglycerol biosynthesis I|g__Bacteroides.s__Bacteroides_dorei	41.8671159237
PWY-5667: CDP-diacylglycerol biosynthesis I|g__Bacteroides.s__Bacteroides_massiliensis	35.9896256396
PWY-5667: CDP-diacylglycerol biosynthesis I|g__Firmicutes_unclassified.s__Firmicutes_bacterium_CAG_41	34.0483410417
PWY-5667: CDP-diacylglycerol biosynthesis I|g__Firmicutes_unclassified.s__Firmicutes_bacterium_AF16_15	32.9578641430
PWY-5667: CDP-diacylglycerol biosynthesis I|g__Dorea.s__Dorea_formicigenerans	28.8475521129
PWY-5667: CDP-diacylglycerol biosynthesis I|g__Roseburia.s__Roseburia_intestinalis	27.3556801961
PWY-5667: CDP-diacylglycerol biosynthesis I|g__Streptococcus.s__Streptococcus_thermophilus	26.5504628962
PWY-5667: CDP-diacylglycerol biosynthesis I|g__Bacteroides.s__Bacteroides_ovatus	16.2220102537
PWY-5667: CDP-diacylglycerol biosynthesis I|g__Bacteroides.s__Bacteroides_clarus	14.4155269140
PWY-5667: CDP-diacylglycerol biosynthesis I|g__Alistipes.s__Alistipes_finegoldii	10.9346008331
PWY-5667: CDP-diacylglycerol biosynthesis I|g__Streptococcus.s__Streptococcus_pneumoniae	10.5937262758
PWY-5667: CDP-diacylglycerol biosynthesis I|g__Parabacteroides.s__Parabacteroides_distasonis	10.3922803710
PWY-5667: CDP-diacylglycerol biosynthesis I|g__Coprococcus.s__Coprococcus_comes	8.6979542519
PWY-5667: CDP-diacylglycerol biosynthesis I|g__Flavonifractor.s__Flavonifractor_plautii	8.4709943353
PWY-5667: CDP-diacylglycerol biosynthesis I|g__Firmicutes_unclassified.s__Firmicutes_bacterium_CAG_94	8.2947326579
PWY-5667: CDP-diacylglycerol biosynthesis I|g__Ruminococcus.s__Ruminococcus_sp_AF31_8BH	6.8914860538
PWY-5667: CDP-diacylglycerol biosynthesis I|g__Bacteroides.s__Bacteroides_xylanisolvens	4.8112679286
PWY-5667: CDP-diacylglycerol biosynthesis I|g__Bacteroides.s__Bacteroides_caccae	4.5945357866
PWY0-1319: CDP-diacylglycerol biosynthesis II	11887.7225272997
PWY0-1319: CDP-diacylglycerol biosynthesis II|unclassified	1982.1072787352
PWY0-1319: CDP-diacylglycerol biosynthesis II|g__Faecalibacterium.s__Faecalibacterium_prausnitzii	1503.7009935673
PWY0-1319: CDP-diacylglycerol biosynthesis II|g__Blautia.s__Blautia_obeum	791.7059092568
PWY0-1319: CDP-diacylglycerol biosynthesis II|g__Subdoligranulum.s__Subdoligranulum_sp_APC924_74	646.6005739885
PWY0-1319: CDP-diacylglycerol biosynthesis II|g__Fusicatenibacter.s__Fusicatenibacter_saccharivorans	628.4800251657
PWY0-1319: CDP-diacylglycerol biosynthesis II|g__Blautia.s__Ruminococcus_torques	538.0785752736
PWY0-1319: CDP-diacylglycerol biosynthesis II|g__Lachnospiraceae_unclassified.s__Eubacterium_rectale	470.0335850311
PWY0-1319: CDP-diacylglycerol biosynthesis II|g__Dialister.s__Dialister_invisus	271.8813685803
PWY0-1319: CDP-diacylglycerol biosynthesis II|g__Blautia.s__Blautia_sp	264.7044716717
PWY0-1319: CDP-diacylglycerol biosynthesis II|g__Eubacterium.s__Eubacterium_eligens	214.3114851004
PWY0-1319: CDP-diacylglycerol biosynthesis II|g__Anaerostipes.s__Anaerostipes_hadrus	203.3211277023
PWY0-1319: CDP-diacylglycerol biosynthesis II|g__Firmicutes_unclassified.s__Firmicutes_bacterium_CAG_56	166.6798196479
PWY0-1319: CDP-diacylglycerol biosynthesis II|g__Eubacterium.s__Eubacterium_hallii	162.6604261644
PWY0-1319: CDP-diacylglycerol biosynthesis II|g__Dorea.s__Dorea_longicatena	149.4405997983
PWY0-1319: CDP-diacylglycerol biosynthesis II|g__Blautia.s__Blautia_wexlerae	136.0527721315
PWY0-1319: CDP-diacylglycerol biosynthesis II|g__Clostridiales_unclassified.s__Clostridiales_bacterium_KLE1615	135.5610740630
PWY0-1319: CDP-diacylglycerol biosynthesis II|g__Bacteroides.s__Bacteroides_uniformis	94.4263800995
PWY0-1319: CDP-diacylglycerol biosynthesis II|g__Clostridium.s__Clostridium_sp_CAG_75	77.5309824879
PWY0-1319: CDP-diacylglycerol biosynthesis II|g__Ruminococcus.s__Ruminococcus_lactaris	75.8058309787
PWY0-1319: CDP-diacylglycerol biosynthesis II|g__Bacteroides.s__Bacteroides_stercoris	69.0342758418
PWY0-1319: CDP-diacylglycerol biosynthesis II|g__Clostridium.s__Clostridium_sp_CAG_122	67.0962896097
PWY0-1319: CDP-diacylglycerol biosynthesis II|g__Bacteroides.s__Bacteroides_cellulosilyticus	65.3580111561
PWY0-1319: CDP-diacylglycerol biosynthesis II|g__Roseburia.s__Roseburia_faecis	49.0350717027
PWY0-1319: CDP-diacylglycerol biosynthesis II|g__Clostridium.s__Clostridium_sp_AF36_4	48.8335930509
PWY0-1319: CDP-diacylglycerol biosynthesis II|g__Bacteroides.s__Bacteroides_vulgatus	45.5667301972
PWY0-1319: CDP-diacylglycerol biosynthesis II|g__Roseburia.s__Roseburia_inulinivorans	42.0891611199
PWY0-1319: CDP-diacylglycerol biosynthesis II|g__Bacteroides.s__Bacteroides_dorei	41.8671159237
PWY0-1319: CDP-diacylglycerol biosynthesis II|g__Bacteroides.s__Bacteroides_massiliensis	35.9896256396
PWY0-1319: CDP-diacylglycerol biosynthesis II|g__Firmicutes_unclassified.s__Firmicutes_bacterium_CAG_41	34.0483410417
PWY0-1319: CDP-diacylglycerol biosynthesis II|g__Firmicutes_unclassified.s__Firmicutes_bacterium_AF16_15	32.9578641430
PWY0-1319: CDP-diacylglycerol biosynthesis II|g__Dorea.s__Dorea_formicigenerans	28.8475521129
PWY0-1319: CDP-diacylglycerol biosynthesis II|g__Roseburia.s__Roseburia_intestinalis	27.3556801961
PWY0-1319: CDP-diacylglycerol biosynthesis II|g__Streptococcus.s__Streptococcus_thermophilus	26.5504628962
PWY0-1319: CDP-diacylglycerol biosynthesis II|g__Bacteroides.s__Bacteroides_ovatus	16.2220102537
PWY0-1319: CDP-diacylglycerol biosynthesis II|g__Bacteroides.s__Bacteroides_clarus	14.4155269140
PWY0-1319: CDP-diacylglycerol biosynthesis II|g__Alistipes.s__Alistipes_finegoldii	10.9346008331
PWY0-1319: CDP-diacylglycerol biosynthesis II|g__Streptococcus.s__Streptococcus_pneumoniae	10.5937262758
PWY0-1319: CDP-diacylglycerol biosynthesis II|g__Parabacteroides.s__Parabacteroides_distasonis	10.3922803710
PWY0-1319: CDP-diacylglycerol biosynthesis II|g__Coprococcus.s__Coprococcus_comes	8.6979542519
PWY0-1319: CDP-diacylglycerol biosynthesis II|g__Flavonifractor.s__Flavonifractor_plautii	8.4709943353
PWY0-1319: CDP-diacylglycerol biosynthesis II|g__Firmicutes_unclassified.s__Firmicutes_bacterium_CAG_94	8.2947326579
PWY0-1319: CDP-diacylglycerol biosynthesis II|g__Ruminococcus.s__Ruminococcus_sp_AF31_8BH	6.8914860538
PWY0-1319: CDP-diacylglycerol biosynthesis II|g__Bacteroides.s__Bacteroides_xylanisolvens	4.8112679286
PWY0-1319: CDP-diacylglycerol biosynthesis II|g__Bacteroides.s__Bacteroides_caccae	4.5945357866
PWY0-1296: purine ribonucleosides degradation	11710.9769884588
PWY0-1296: purine ribonucleosides degradation|unclassified	2028.3617701129
PWY0-1296: purine ribonucleosides degradation|g__Faecalibacterium.s__Faecalibacterium_prausnitzii	1383.2514824704
PWY0-1296: purine ribonucleosides degradation|g__Blautia.s__Blautia_obeum	941.4440136376
PWY0-1296: purine ribonucleosides degradation|g__Fusicatenibacter.s__Fusicatenibacter_saccharivorans	876.2486143962
PWY0-1296: purine ribonucleosides degradation|g__Blautia.s__Ruminococcus_torques	788.7457450491
PWY0-1296: purine ribonucleosides degradation|g__Subdoligranulum.s__Subdoligranulum_sp_APC924_74	703.1461322016
PWY0-1296: purine ribonucleosides degradation|g__Lachnospiraceae_unclassified.s__Eubacterium_rectale	420.8017894759
PWY0-1296: purine ribonucleosides degradation|g__Anaerostipes.s__Anaerostipes_hadrus	344.5181314504
PWY0-1296: purine ribonucleosides degradation|g__Blautia.s__Blautia_sp	279.4323856163
PWY0-1296: purine ribonucleosides degradation|g__Dorea.s__Dorea_longicatena	204.4862095006
PWY0-1296: purine ribonucleosides degradation|g__Gemmiger.s__Gemmiger_formicilis	200.3707770515
PWY0-1296: purine ribonucleosides degradation|g__Blautia.s__Blautia_wexlerae	172.0640329432
PWY0-1296: purine ribonucleosides degradation|g__Eubacterium.s__Eubacterium_eligens	159.7855461048
PWY0-1296: purine ribonucleosides degradation|g__Clostridiales_unclassified.s__Clostridiales_bacterium_KLE1615	152.6853328008
PWY0-1296: purine ribonucleosides degradation|g__Clostridium.s__Clostridium_sp_CAG_492	137.9141965172
PWY0-1296: purine ribonucleosides degradation|g__Roseburia.s__Roseburia_inulinivorans	103.1316390767
PWY0-1296: purine ribonucleosides degradation|g__Clostridium.s__Clostridium_sp_CAG_75	88.1477580210
PWY0-1296: purine ribonucleosides degradation|g__Blautia.s__Blautia_sp_CAG_52	82.3520103325
PWY0-1296: purine ribonucleosides degradation|g__Eubacterium.s__Eubacterium_sp_CAG_115	73.6260399931
PWY0-1296: purine ribonucleosides degradation|g__Clostridium.s__Clostridium_sp_CAG_417	64.4145192522
PWY0-1296: purine ribonucleosides degradation|g__Clostridium.s__Clostridium_sp_CAG_122	61.4446193139
PWY0-1296: purine ribonucleosides degradation|g__Coprococcus.s__Coprococcus_catus	59.2091140146
PWY0-1296: purine ribonucleosides degradation|g__Roseburia.s__Roseburia_intestinalis	47.3887941596
PWY0-1296: purine ribonucleosides degradation|g__Dorea.s__Dorea_formicigenerans	42.4020649998
PWY0-1296: purine ribonucleosides degradation|g__Streptococcus.s__Streptococcus_thermophilus	38.6306162255
PWY0-1296: purine ribonucleosides degradation|g__Candidatus_Gastranaerophilales_unclassified.s__Candidatus_Gastranaerophilales_bacterium_HUM_10	35.7790664584
PWY0-1296: purine ribonucleosides degradation|g__Roseburia.s__Roseburia_faecis	30.2935118371
PWY0-1296: purine ribonucleosides degradation|g__Firmicutes_unclassified.s__Firmicutes_bacterium_CAG_110	30.2882095608
PWY0-1296: purine ribonucleosides degradation|g__Ruminococcus.s__Ruminococcus_sp_AF31_8BH	21.4479049093
PWY0-1296: purine ribonucleosides degradation|g__Firmicutes_unclassified.s__Firmicutes_bacterium_CAG_102	14.8066165287
PWY0-1296: purine ribonucleosides degradation|g__Coprococcus.s__Coprococcus_comes	14.2343618860
PWY0-1296: purine ribonucleosides degradation|g__Erysipelatoclostridium.s__Clostridium_spiroforme	12.1309430008
PWY0-1296: purine ribonucleosides degradation|g__Clostridium.s__Clostridium_sp_CAG_245	12.1112654092
PWY0-1296: purine ribonucleosides degradation|g__Streptococcus.s__Streptococcus_pneumoniae	8.5008027745
PWY0-1296: purine ribonucleosides degradation|g__Clostridium.s__Clostridium_sp_AM22_11AC	6.8881924435
PWY0-1296: purine ribonucleosides degradation|g__Streptococcus.s__Streptococcus_salivarius	2.4344232394
PWY-3841: folate transformations II (plants)	11673.7978137029
PWY-3841: folate transformations II (plants)|unclassified	2125.7188743555
PWY-3841: folate transformations II (plants)|g__Lachnospiraceae_unclassified.s__Eubacterium_rectale	654.9385645744
PWY-3841: folate transformations II (plants)|g__Blautia.s__Ruminococcus_torques	562.9420486987
PWY-3841: folate transformations II (plants)|g__Anaerostipes.s__Anaerostipes_hadrus	252.9060764966
PWY-3841: folate transformations II (plants)|g__Dialister.s__Dialister_invisus	225.7452472882
PWY-3841: folate transformations II (plants)|g__Bifidobacterium.s__Bifidobacterium_adolescentis	217.5529859129
PWY-3841: folate transformations II (plants)|g__Bifidobacterium.s__Bifidobacterium_longum	146.3354863937
PWY-3841: folate transformations II (plants)|g__Clostridiales_unclassified.s__Clostridiales_bacterium_KLE1615	145.4344399149
PWY-3841: folate transformations II (plants)|g__Eubacterium.s__Eubacterium_hallii	144.9698854897
PWY-3841: folate transformations II (plants)|g__Firmicutes_unclassified.s__Firmicutes_bacterium_CAG_56	129.5801387355
PWY-3841: folate transformations II (plants)|g__Firmicutes_unclassified.s__Firmicutes_bacterium_CAG_176	123.0423489095
PWY-3841: folate transformations II (plants)|g__Blautia.s__Blautia_wexlerae	113.4613850418
PWY-3841: folate transformations II (plants)|g__Bacteroides.s__Bacteroides_uniformis	111.0122403695
PWY-3841: folate transformations II (plants)|g__Alistipes.s__Alistipes_putredinis	95.0227320128
PWY-3841: folate transformations II (plants)|g__Dorea.s__Dorea_longicatena	93.4520370048
PWY-3841: folate transformations II (plants)|g__Blautia.s__Blautia_obeum	91.2054923454
PWY-3841: folate transformations II (plants)|g__Bacteroides.s__Bacteroides_stercoris	89.8166158771
PWY-3841: folate transformations II (plants)|g__Bifidobacterium.s__Bifidobacterium_pseudocatenulatum	82.7347464299
PWY-3841: folate transformations II (plants)|g__Eubacterium.s__Eubacterium_sp_CAG_115	76.7539675148
PWY-3841: folate transformations II (plants)|g__Roseburia.s__Roseburia_intestinalis	65.2033734342
PWY-3841: folate transformations II (plants)|g__Coprococcus.s__Coprococcus_catus	59.8509752114
PWY-3841: folate transformations II (plants)|g__Bacteroides.s__Bacteroides_cellulosilyticus	57.2051488785
PWY-3841: folate transformations II (plants)|g__Ruminococcus.s__Ruminococcus_lactaris	50.6320775868
PWY-3841: folate transformations II (plants)|g__Bacteroides.s__Bacteroides_dorei	50.6277061637
PWY-3841: folate transformations II (plants)|g__Roseburia.s__Roseburia_inulinivorans	44.8509703033
PWY-3841: folate transformations II (plants)|g__Roseburia.s__Roseburia_faecis	43.7871020270
PWY-3841: folate transformations II (plants)|g__Bacteroides.s__Bacteroides_massiliensis	33.2760638611
PWY-3841: folate transformations II (plants)|g__Streptococcus.s__Streptococcus_thermophilus	33.2173699767
PWY-3841: folate transformations II (plants)|g__Bacteroides.s__Bacteroides_vulgatus	29.3366536536
PWY-3841: folate transformations II (plants)|g__Parabacteroides.s__Parabacteroides_distasonis	27.1867495541
PWY-3841: folate transformations II (plants)|g__Barnesiella.s__Barnesiella_intestinihominis	24.5670576048
PWY-3841: folate transformations II (plants)|g__Dorea.s__Dorea_formicigenerans	22.5004560024
PWY-3841: folate transformations II (plants)|g__Lawsonibacter.s__Lawsonibacter_asaccharolyticus	22.2024188315
PWY-3841: folate transformations II (plants)|g__Alistipes.s__Alistipes_finegoldii	20.4080541840
PWY-3841: folate transformations II (plants)|g__Bacteroides.s__Bacteroides_clarus	19.8135453632
PWY-3841: folate transformations II (plants)|g__Bacteroides.s__Bacteroides_ovatus	11.2456957931
PWY-3841: folate transformations II (plants)|g__Clostridium.s__Clostridium_sp_AM22_11AC	10.3898453720
PWY-3841: folate transformations II (plants)|g__Flavonifractor.s__Flavonifractor_sp_An10	8.2459500868
PWY-3841: folate transformations II (plants)|g__Bacteroides.s__Bacteroides_caccae	7.8134073902
PWY-3841: folate transformations II (plants)|g__Bacteroides.s__Bacteroides_xylanisolvens	7.3125169878
PWY-3841: folate transformations II (plants)|g__Bacteroides.s__Bacteroides_thetaiotaomicron	7.1752452671
PWY-3841: folate transformations II (plants)|g__Streptococcus.s__Streptococcus_pneumoniae	2.8135801528
PWY-6629: superpathway of L-tryptophan biosynthesis	11463.0614426902
PWY-6629: superpathway of L-tryptophan biosynthesis|unclassified	1897.9092876256
PWY-6629: superpathway of L-tryptophan biosynthesis|g__Blautia.s__Blautia_obeum	758.6831541017
PWY-6629: superpathway of L-tryptophan biosynthesis|g__Blautia.s__Ruminococcus_torques	700.4067319087
PWY-6629: superpathway of L-tryptophan biosynthesis|g__Fusicatenibacter.s__Fusicatenibacter_saccharivorans	585.1313660639
PWY-6629: superpathway of L-tryptophan biosynthesis|g__Anaerostipes.s__Anaerostipes_hadrus	341.6721881136
PWY-6629: superpathway of L-tryptophan biosynthesis|g__Blautia.s__Blautia_sp	286.7545043958
PWY-6629: superpathway of L-tryptophan biosynthesis|g__Eubacterium.s__Eubacterium_eligens	216.6649945726
PWY-6629: superpathway of L-tryptophan biosynthesis|g__Blautia.s__Blautia_wexlerae	135.3333950659
PWY-6629: superpathway of L-tryptophan biosynthesis|g__Blautia.s__Blautia_sp_CAG_52	113.7003472215
PWY-6629: superpathway of L-tryptophan biosynthesis|g__Ruminococcus.s__Ruminococcus_lactaris	68.1175820550
PWY-6629: superpathway of L-tryptophan biosynthesis|g__Bifidobacterium.s__Bifidobacterium_pseudocatenulatum	66.8949163976
PWY-6629: superpathway of L-tryptophan biosynthesis|g__Roseburia.s__Roseburia_intestinalis	61.0443835146
PWY-6629: superpathway of L-tryptophan biosynthesis|g__Bifidobacterium.s__Bifidobacterium_longum	48.4828087294
PWY-6629: superpathway of L-tryptophan biosynthesis|g__Roseburia.s__Roseburia_faecis	39.2823034496
PWY-6629: superpathway of L-tryptophan biosynthesis|g__Lachnospiraceae_unclassified.s__Eubacterium_rectale	24.0486685817
PWY-6629: superpathway of L-tryptophan biosynthesis|g__Streptococcus.s__Streptococcus_thermophilus	21.6470808529
PWY-6629: superpathway of L-tryptophan biosynthesis|g__Streptococcus.s__Streptococcus_salivarius	2.5105009307
PWY66-429: fatty acid biosynthesis initiation (mitochondria)	11213.5228555620
PWY66-429: fatty acid biosynthesis initiation (mitochondria)|unclassified	1972.1239402083
PWY66-429: fatty acid biosynthesis initiation (mitochondria)|g__Fusicatenibacter.s__Fusicatenibacter_saccharivorans	653.5862350689
PWY66-429: fatty acid biosynthesis initiation (mitochondria)|g__Blautia.s__Blautia_obeum	621.2923024747
PWY66-429: fatty acid biosynthesis initiation (mitochondria)|g__Blautia.s__Ruminococcus_torques	479.3227277638
PWY66-429: fatty acid biosynthesis initiation (mitochondria)|g__Blautia.s__Blautia_sp	358.4755100695
PWY66-429: fatty acid biosynthesis initiation (mitochondria)|g__Anaerostipes.s__Anaerostipes_hadrus	271.9961284678
PWY66-429: fatty acid biosynthesis initiation (mitochondria)|g__Ruminococcus.s__Ruminococcus_sp_CAG_403	252.3087887289
PWY66-429: fatty acid biosynthesis initiation (mitochondria)|g__Eubacterium.s__Eubacterium_eligens	222.2038948642
PWY66-429: fatty acid biosynthesis initiation (mitochondria)|g__Dorea.s__Dorea_longicatena	202.6282373322
PWY66-429: fatty acid biosynthesis initiation (mitochondria)|g__Clostridium.s__Clostridium_sp_CAG_492	198.4846733054
PWY66-429: fatty acid biosynthesis initiation (mitochondria)|g__Clostridium.s__Clostridium_sp_CAG_75	162.9274751756
PWY66-429: fatty acid biosynthesis initiation (mitochondria)|g__Clostridiales_unclassified.s__Clostridiales_bacterium_KLE1615	154.3844184430
PWY66-429: fatty acid biosynthesis initiation (mitochondria)|g__Eggerthella.s__Eggerthella_sp_CAG_209	145.6902748111
PWY66-429: fatty acid biosynthesis initiation (mitochondria)|g__Agathobaculum.s__Agathobaculum_butyriciproducens	129.9436868101
PWY66-429: fatty acid biosynthesis initiation (mitochondria)|g__Blautia.s__Blautia_wexlerae	127.2207854803
PWY66-429: fatty acid biosynthesis initiation (mitochondria)|g__Blautia.s__Blautia_sp_CAG_52	110.6332781126
PWY66-429: fatty acid biosynthesis initiation (mitochondria)|g__Firmicutes_unclassified.s__Firmicutes_bacterium_CAG_56	104.9555127318
PWY66-429: fatty acid biosynthesis initiation (mitochondria)|g__Bacteroides.s__Bacteroides_uniformis	78.2828070160
PWY66-429: fatty acid biosynthesis initiation (mitochondria)|g__Ruminococcus.s__Ruminococcus_bicirculans	69.7824212813
PWY66-429: fatty acid biosynthesis initiation (mitochondria)|g__Clostridium.s__Clostridium_sp_CAG_122	66.6359119579
PWY66-429: fatty acid biosynthesis initiation (mitochondria)|g__Ruminococcus.s__Ruminococcus_lactaris	66.4012822088
PWY66-429: fatty acid biosynthesis initiation (mitochondria)|g__Coprococcus.s__Coprococcus_catus	56.2955365318
PWY66-429: fatty acid biosynthesis initiation (mitochondria)|g__Bacteroides.s__Bacteroides_dorei	55.1527643537
PWY66-429: fatty acid biosynthesis initiation (mitochondria)|g__Eubacterium.s__Eubacterium_sp_CAG_115	52.5234183531
PWY66-429: fatty acid biosynthesis initiation (mitochondria)|g__Bacteroides.s__Bacteroides_vulgatus	49.7642665759
PWY66-429: fatty acid biosynthesis initiation (mitochondria)|g__Bacteroides.s__Bacteroides_intestinalis	49.2204485136
PWY66-429: fatty acid biosynthesis initiation (mitochondria)|g__Eubacterium.s__Eubacterium_hallii	41.1940431726
PWY66-429: fatty acid biosynthesis initiation (mitochondria)|g__Lachnospira.s__Lachnospira_pectinoschiza	38.1231003994
PWY66-429: fatty acid biosynthesis initiation (mitochondria)|g__Bacteroides.s__Bacteroides_massiliensis	35.4409568566
PWY66-429: fatty acid biosynthesis initiation (mitochondria)|g__Candidatus_Gastranaerophilales_unclassified.s__Candidatus_Gastranaerophilales_bacterium_HUM_10	34.3938650357
PWY66-429: fatty acid biosynthesis initiation (mitochondria)|g__Dorea.s__Dorea_formicigenerans	30.3378405699
PWY66-429: fatty acid biosynthesis initiation (mitochondria)|g__Streptococcus.s__Streptococcus_thermophilus	22.4640483131
PWY66-429: fatty acid biosynthesis initiation (mitochondria)|g__Bacteroides.s__Bacteroides_ovatus	21.5851150166
PWY66-429: fatty acid biosynthesis initiation (mitochondria)|g__Firmicutes_unclassified.s__Firmicutes_bacterium_AF16_15	20.5317981306
PWY66-429: fatty acid biosynthesis initiation (mitochondria)|g__Faecalibacterium.s__Faecalibacterium_prausnitzii	19.4404498497
PWY66-429: fatty acid biosynthesis initiation (mitochondria)|g__Clostridium.s__Clostridium_sp_AM22_11AC	19.3624092686
PWY66-429: fatty acid biosynthesis initiation (mitochondria)|g__Firmicutes_unclassified.s__Firmicutes_bacterium_CAG_94	16.5997082981
PWY66-429: fatty acid biosynthesis initiation (mitochondria)|g__Coprococcus.s__Coprococcus_comes	16.5864187658
PWY66-429: fatty acid biosynthesis initiation (mitochondria)|g__Clostridium.s__Clostridium_sp_CAG_269	14.8704188490
PWY66-429: fatty acid biosynthesis initiation (mitochondria)|g__Acetobacter.s__Acetobacter_sp_CAG_267	13.9999915938
PWY66-429: fatty acid biosynthesis initiation (mitochondria)|g__Bacteroides.s__Bacteroides_caccae	13.5317188811
PWY66-429: fatty acid biosynthesis initiation (mitochondria)|g__Lawsonibacter.s__Lawsonibacter_asaccharolyticus	10.4666714916
PWY66-429: fatty acid biosynthesis initiation (mitochondria)|g__Flavonifractor.s__Flavonifractor_sp_An10	9.7378029253
PWY66-429: fatty acid biosynthesis initiation (mitochondria)|g__Bacteroides.s__Bacteroides_cellulosilyticus	9.6550576265
PWY66-429: fatty acid biosynthesis initiation (mitochondria)|g__Flavonifractor.s__Flavonifractor_plautii	9.5881723460
PWY66-429: fatty acid biosynthesis initiation (mitochondria)|g__Bacteroides.s__Bacteroides_xylanisolvens	9.4191071550
PWY66-429: fatty acid biosynthesis initiation (mitochondria)|g__Bacteroides.s__Bacteroides_thetaiotaomicron	6.2697570013
PWY66-429: fatty acid biosynthesis initiation (mitochondria)|g__Bacteroides.s__Bacteroides_clarus	5.3134853904
PWY66-429: fatty acid biosynthesis initiation (mitochondria)|g__Streptococcus.s__Streptococcus_salivarius	3.3649802464
PWY66-429: fatty acid biosynthesis initiation (mitochondria)|g__Streptococcus.s__Streptococcus_pneumoniae	3.3088776772
COA-PWY: coenzyme A biosynthesis I (prokaryotic)	11068.3533182771
COA-PWY: coenzyme A biosynthesis I (prokaryotic)|unclassified	2392.6403261344
COA-PWY: coenzyme A biosynthesis I (prokaryotic)|g__Faecalibacterium.s__Faecalibacterium_prausnitzii	1509.8104561380
COA-PWY: coenzyme A biosynthesis I (prokaryotic)|g__Subdoligranulum.s__Subdoligranulum_sp_APC924_74	656.0321786838
COA-PWY: coenzyme A biosynthesis I (prokaryotic)|g__Blautia.s__Blautia_obeum	579.0343787785
COA-PWY: coenzyme A biosynthesis I (prokaryotic)|g__Lachnospiraceae_unclassified.s__Eubacterium_rectale	565.4806156449
COA-PWY: coenzyme A biosynthesis I (prokaryotic)|g__Blautia.s__Ruminococcus_torques	514.4306065893
COA-PWY: coenzyme A biosynthesis I (prokaryotic)|g__Fusicatenibacter.s__Fusicatenibacter_saccharivorans	485.3915354402
COA-PWY: coenzyme A biosynthesis I (prokaryotic)|g__Anaerostipes.s__Anaerostipes_hadrus	272.0199037098
COA-PWY: coenzyme A biosynthesis I (prokaryotic)|g__Ruminococcus.s__Ruminococcus_sp_CAG_403	217.1031346006
COA-PWY: coenzyme A biosynthesis I (prokaryotic)|g__Bifidobacterium.s__Bifidobacterium_adolescentis	214.6099495451
COA-PWY: coenzyme A biosynthesis I (prokaryotic)|g__Dialister.s__Dialister_invisus	201.5964739612
COA-PWY: coenzyme A biosynthesis I (prokaryotic)|g__Eubacterium.s__Eubacterium_eligens	198.5348920070
COA-PWY: coenzyme A biosynthesis I (prokaryotic)|g__Firmicutes_unclassified.s__Firmicutes_bacterium_CAG_56	165.5394919521
COA-PWY: coenzyme A biosynthesis I (prokaryotic)|g__Collinsella.s__Collinsella_aerofaciens	141.8010432410
COA-PWY: coenzyme A biosynthesis I (prokaryotic)|g__Blautia.s__Blautia_sp	132.9398031752
COA-PWY: coenzyme A biosynthesis I (prokaryotic)|g__Gemmiger.s__Gemmiger_formicilis	126.8535849391
COA-PWY: coenzyme A biosynthesis I (prokaryotic)|g__Blautia.s__Blautia_wexlerae	125.5002743978
COA-PWY: coenzyme A biosynthesis I (prokaryotic)|g__Dorea.s__Dorea_longicatena	112.0554879537
COA-PWY: coenzyme A biosynthesis I (prokaryotic)|g__Ruminococcus.s__Ruminococcus_bicirculans	104.2701470508
COA-PWY: coenzyme A biosynthesis I (prokaryotic)|g__Bacteroides.s__Bacteroides_stercoris	101.9091864221
COA-PWY: coenzyme A biosynthesis I (prokaryotic)|g__Clostridium.s__Clostridium_sp_AF36_4	100.0825252425
COA-PWY: coenzyme A biosynthesis I (prokaryotic)|g__Alistipes.s__Alistipes_putredinis	94.6753276702
COA-PWY: coenzyme A biosynthesis I (prokaryotic)|g__Blautia.s__Blautia_sp_CAG_52	91.4994378692
COA-PWY: coenzyme A biosynthesis I (prokaryotic)|g__Agathobaculum.s__Agathobaculum_butyriciproducens	85.0795700689
COA-PWY: coenzyme A biosynthesis I (prokaryotic)|g__Bacteroides.s__Bacteroides_uniformis	83.0590480978
COA-PWY: coenzyme A biosynthesis I (prokaryotic)|g__Bifidobacterium.s__Bifidobacterium_pseudocatenulatum	67.2913658849
COA-PWY: coenzyme A biosynthesis I (prokaryotic)|g__Roseburia.s__Roseburia_intestinalis	64.4357146632
COA-PWY: coenzyme A biosynthesis I (prokaryotic)|g__Bacteroides.s__Bacteroides_cellulosilyticus	62.9892475121
COA-PWY: coenzyme A biosynthesis I (prokaryotic)|g__Ruminococcus.s__Ruminococcus_lactaris	52.5368218457
COA-PWY: coenzyme A biosynthesis I (prokaryotic)|g__Roseburia.s__Roseburia_faecis	51.3433689909
COA-PWY: coenzyme A biosynthesis I (prokaryotic)|g__Eubacterium.s__Eubacterium_hallii	41.5736848323
COA-PWY: coenzyme A biosynthesis I (prokaryotic)|g__Bacteroides.s__Bacteroides_dorei	40.0080561254
COA-PWY: coenzyme A biosynthesis I (prokaryotic)|g__Firmicutes_unclassified.s__Firmicutes_bacterium_CAG_41	39.7666150368
COA-PWY: coenzyme A biosynthesis I (prokaryotic)|g__Bilophila.s__Bilophila_wadsworthia	37.1801543068
COA-PWY: coenzyme A biosynthesis I (prokaryotic)|g__Barnesiella.s__Barnesiella_intestinihominis	35.9162105436
COA-PWY: coenzyme A biosynthesis I (prokaryotic)|g__Lawsonibacter.s__Lawsonibacter_asaccharolyticus	27.7589515024
COA-PWY: coenzyme A biosynthesis I (prokaryotic)|g__Bacteroides.s__Bacteroides_vulgatus	24.2797208299
COA-PWY: coenzyme A biosynthesis I (prokaryotic)|g__Bacteroides.s__Bacteroides_ovatus	22.7847090184
COA-PWY: coenzyme A biosynthesis I (prokaryotic)|g__Firmicutes_unclassified.s__Firmicutes_bacterium_CAG_110	22.4357705626
COA-PWY: coenzyme A biosynthesis I (prokaryotic)|g__Coprococcus.s__Coprococcus_comes	21.6967489567
COA-PWY: coenzyme A biosynthesis I (prokaryotic)|g__Candidatus_Gastranaerophilales_unclassified.s__Candidatus_Gastranaerophilales_bacterium_HUM_10	21.4845974550
COA-PWY: coenzyme A biosynthesis I (prokaryotic)|g__Dorea.s__Dorea_formicigenerans	20.7663328329
COA-PWY: coenzyme A biosynthesis I (prokaryotic)|g__Eubacterium.s__Eubacterium_sp_AF17_7	19.9478421023
COA-PWY: coenzyme A biosynthesis I (prokaryotic)|g__Flavonifractor.s__Flavonifractor_plautii	19.7257560265
COA-PWY: coenzyme A biosynthesis I (prokaryotic)|g__Bacteroides.s__Bacteroides_massiliensis	18.4721730345
COA-PWY: coenzyme A biosynthesis I (prokaryotic)|g__Eubacterium.s__Eubacterium_ramulus	15.2220316881
COA-PWY: coenzyme A biosynthesis I (prokaryotic)|g__Alistipes.s__Alistipes_finegoldii	13.7077505467
COA-PWY: coenzyme A biosynthesis I (prokaryotic)|g__Firmicutes_unclassified.s__Firmicutes_bacterium_CAG_102	11.7699873142
COA-PWY: coenzyme A biosynthesis I (prokaryotic)|g__Bacteroides.s__Bacteroides_clarus	11.3270750847
COA-PWY: coenzyme A biosynthesis I (prokaryotic)|g__Bacteroides.s__Bacteroides_caccae	10.9248244326
COA-PWY: coenzyme A biosynthesis I (prokaryotic)|g__Desulfovibrio.s__Desulfovibrio_fairfieldensis	9.8125797823
COA-PWY: coenzyme A biosynthesis I (prokaryotic)|g__Roseburia.s__Roseburia_hominis	9.2932034095
COA-PWY: coenzyme A biosynthesis I (prokaryotic)|g__Eubacterium.s__Eubacterium_ventriosum	8.0244344328
COA-PWY: coenzyme A biosynthesis I (prokaryotic)|g__Bacteroides.s__Bacteroides_thetaiotaomicron	1.2076384610
PWY-7851: coenzyme A biosynthesis II (eukaryotic)	11063.1735419193
PWY-7851: coenzyme A biosynthesis II (eukaryotic)|unclassified	1926.0444450182
PWY-7851: coenzyme A biosynthesis II (eukaryotic)|g__Faecalibacterium.s__Faecalibacterium_prausnitzii	1509.8104561380
PWY-7851: coenzyme A biosynthesis II (eukaryotic)|g__Subdoligranulum.s__Subdoligranulum_sp_APC924_74	626.1249450211
PWY-7851: coenzyme A biosynthesis II (eukaryotic)|g__Blautia.s__Ruminococcus_torques	487.3260098027
PWY-7851: coenzyme A biosynthesis II (eukaryotic)|g__Blautia.s__Blautia_obeum	433.8320785716
PWY-7851: coenzyme A biosynthesis II (eukaryotic)|g__Fusicatenibacter.s__Fusicatenibacter_saccharivorans	430.7558667157
PWY-7851: coenzyme A biosynthesis II (eukaryotic)|g__Anaerostipes.s__Anaerostipes_hadrus	247.3178386850
PWY-7851: coenzyme A biosynthesis II (eukaryotic)|g__Dialister.s__Dialister_invisus	193.8255754941
PWY-7851: coenzyme A biosynthesis II (eukaryotic)|g__Bifidobacterium.s__Bifidobacterium_adolescentis	185.3309958380
PWY-7851: coenzyme A biosynthesis II (eukaryotic)|g__Eubacterium.s__Eubacterium_eligens	181.9259533396
PWY-7851: coenzyme A biosynthesis II (eukaryotic)|g__Firmicutes_unclassified.s__Firmicutes_bacterium_CAG_56	165.2023424932
PWY-7851: coenzyme A biosynthesis II (eukaryotic)|g__Collinsella.s__Collinsella_aerofaciens	139.2593556633
PWY-7851: coenzyme A biosynthesis II (eukaryotic)|g__Blautia.s__Blautia_wexlerae	125.5002743978
PWY-7851: coenzyme A biosynthesis II (eukaryotic)|g__Ruminococcus.s__Ruminococcus_sp_CAG_403	125.2069491127
PWY-7851: coenzyme A biosynthesis II (eukaryotic)|g__Gemmiger.s__Gemmiger_formicilis	104.1635114507
PWY-7851: coenzyme A biosynthesis II (eukaryotic)|g__Alistipes.s__Alistipes_putredinis	94.6753276702
PWY-7851: coenzyme A biosynthesis II (eukaryotic)|g__Bacteroides.s__Bacteroides_stercoris	91.7744287735
PWY-7851: coenzyme A biosynthesis II (eukaryotic)|g__Agathobaculum.s__Agathobaculum_butyriciproducens	85.0795700689
PWY-7851: coenzyme A biosynthesis II (eukaryotic)|g__Dorea.s__Dorea_longicatena	80.9980870689
PWY-7851: coenzyme A biosynthesis II (eukaryotic)|g__Ruminococcus.s__Ruminococcus_bicirculans	78.7218354217
PWY-7851: coenzyme A biosynthesis II (eukaryotic)|g__Bacteroides.s__Bacteroides_uniformis	77.2935071582
PWY-7851: coenzyme A biosynthesis II (eukaryotic)|g__Clostridium.s__Clostridium_sp_AF36_4	71.3230115539
PWY-7851: coenzyme A biosynthesis II (eukaryotic)|g__Blautia.s__Blautia_sp_CAG_52	66.5389127780
PWY-7851: coenzyme A biosynthesis II (eukaryotic)|g__Bifidobacterium.s__Bifidobacterium_pseudocatenulatum	65.5869209511
PWY-7851: coenzyme A biosynthesis II (eukaryotic)|g__Roseburia.s__Roseburia_intestinalis	59.2445651050
PWY-7851: coenzyme A biosynthesis II (eukaryotic)|g__Lachnospiraceae_unclassified.s__Eubacterium_rectale	43.9196034205
PWY-7851: coenzyme A biosynthesis II (eukaryotic)|g__Roseburia.s__Roseburia_faecis	43.6290876009
PWY-7851: coenzyme A biosynthesis II (eukaryotic)|g__Eubacterium.s__Eubacterium_hallii	41.5736848323
PWY-7851: coenzyme A biosynthesis II (eukaryotic)|g__Ruminococcus.s__Ruminococcus_lactaris	40.8945198934
PWY-7851: coenzyme A biosynthesis II (eukaryotic)|g__Bacteroides.s__Bacteroides_cellulosilyticus	38.4222738006
PWY-7851: coenzyme A biosynthesis II (eukaryotic)|g__Bacteroides.s__Bacteroides_vulgatus	22.6681824952
PWY-7851: coenzyme A biosynthesis II (eukaryotic)|g__Firmicutes_unclassified.s__Firmicutes_bacterium_CAG_110	22.4357705626
PWY-7851: coenzyme A biosynthesis II (eukaryotic)|g__Bilophila.s__Bilophila_wadsworthia	20.4843921869
PWY-7851: coenzyme A biosynthesis II (eukaryotic)|g__Bacteroides.s__Bacteroides_dorei	20.0919414961
PWY-7851: coenzyme A biosynthesis II (eukaryotic)|g__Coprococcus.s__Coprococcus_comes	19.5869565159
PWY-7851: coenzyme A biosynthesis II (eukaryotic)|g__Firmicutes_unclassified.s__Firmicutes_bacterium_CAG_41	18.6987399788
PWY-7851: coenzyme A biosynthesis II (eukaryotic)|g__Barnesiella.s__Barnesiella_intestinihominis	17.4665381335
PWY-7851: coenzyme A biosynthesis II (eukaryotic)|g__Dorea.s__Dorea_formicigenerans	17.0714204850
PWY-7851: coenzyme A biosynthesis II (eukaryotic)|g__Eubacterium.s__Eubacterium_sp_AF17_7	16.6739942893
PWY-7851: coenzyme A biosynthesis II (eukaryotic)|g__Lawsonibacter.s__Lawsonibacter_asaccharolyticus	16.4432583529
PWY-7851: coenzyme A biosynthesis II (eukaryotic)|g__Firmicutes_unclassified.s__Firmicutes_bacterium_CAG_102	11.7699873142
PWY-7851: coenzyme A biosynthesis II (eukaryotic)|g__Bacteroides.s__Bacteroides_ovatus	10.4466535514
PWY-7851: coenzyme A biosynthesis II (eukaryotic)|g__Flavonifractor.s__Flavonifractor_plautii	9.1849268873
PWY-7851: coenzyme A biosynthesis II (eukaryotic)|g__Bacteroides.s__Bacteroides_clarus	8.2479442438
HISTSYN-PWY: L-histidine biosynthesis	11010.1969006450
HISTSYN-PWY: L-histidine biosynthesis|g__Faecalibacterium.s__Faecalibacterium_prausnitzii	1929.2815904098
HISTSYN-PWY: L-histidine biosynthesis|unclassified	1676.3670505546
HISTSYN-PWY: L-histidine biosynthesis|g__Subdoligranulum.s__Subdoligranulum_sp_APC924_74	898.3429085718
HISTSYN-PWY: L-histidine biosynthesis|g__Ruminococcus.s__Ruminococcus_bromii	520.2211941210
HISTSYN-PWY: L-histidine biosynthesis|g__Blautia.s__Blautia_obeum	456.4228054617
HISTSYN-PWY: L-histidine biosynthesis|g__Blautia.s__Ruminococcus_torques	360.4725585890
HISTSYN-PWY: L-histidine biosynthesis|g__Collinsella.s__Collinsella_aerofaciens	304.2380456982
HISTSYN-PWY: L-histidine biosynthesis|g__Eubacterium.s__Eubacterium_sp_CAG_180	230.3187710416
HISTSYN-PWY: L-histidine biosynthesis|g__Bifidobacterium.s__Bifidobacterium_adolescentis	211.3903521983
HISTSYN-PWY: L-histidine biosynthesis|g__Blautia.s__Blautia_sp	205.5883287994
HISTSYN-PWY: L-histidine biosynthesis|g__Bifidobacterium.s__Bifidobacterium_longum	109.4605757661
HISTSYN-PWY: L-histidine biosynthesis|g__Bacteroides.s__Bacteroides_stercoris	97.6543218258
HISTSYN-PWY: L-histidine biosynthesis|g__Methanobrevibacter.s__Methanobrevibacter_smithii	93.8273859614
HISTSYN-PWY: L-histidine biosynthesis|g__Bacteroides.s__Bacteroides_uniformis	79.6697646176
HISTSYN-PWY: L-histidine biosynthesis|g__Agathobaculum.s__Agathobaculum_butyriciproducens	75.6508161659
HISTSYN-PWY: L-histidine biosynthesis|g__Eubacterium.s__Eubacterium_sp_CAG_115	73.3086481966
HISTSYN-PWY: L-histidine biosynthesis|g__Bifidobacterium.s__Bifidobacterium_pseudocatenulatum	61.4117961261
HISTSYN-PWY: L-histidine biosynthesis|g__Coprococcus.s__Coprococcus_catus	58.7652842520
HISTSYN-PWY: L-histidine biosynthesis|g__Roseburia.s__Roseburia_intestinalis	55.3073325758
HISTSYN-PWY: L-histidine biosynthesis|g__Roseburia.s__Roseburia_inulinivorans	49.3722955391
HISTSYN-PWY: L-histidine biosynthesis|g__Bacteroides.s__Bacteroides_cellulosilyticus	48.3510717429
HISTSYN-PWY: L-histidine biosynthesis|g__Bacteroides.s__Bacteroides_dorei	36.4190609784
HISTSYN-PWY: L-histidine biosynthesis|g__Bacteroides.s__Bacteroides_massiliensis	31.7515206064
HISTSYN-PWY: L-histidine biosynthesis|g__Bacteroides.s__Bacteroides_vulgatus	30.8389792218
HISTSYN-PWY: L-histidine biosynthesis|g__Barnesiella.s__Barnesiella_intestinihominis	29.8695917886
HISTSYN-PWY: L-histidine biosynthesis|g__Dorea.s__Dorea_formicigenerans	22.5899848898
HISTSYN-PWY: L-histidine biosynthesis|g__Methanosphaera.s__Methanosphaera_stadtmanae	17.2071758400
HISTSYN-PWY: L-histidine biosynthesis|g__Streptococcus.s__Streptococcus_thermophilus	15.1498680380
HISTSYN-PWY: L-histidine biosynthesis|g__Firmicutes_unclassified.s__Firmicutes_bacterium_CAG_102	13.5967247649
HISTSYN-PWY: L-histidine biosynthesis|g__Bacteroides.s__Bacteroides_ovatus	12.7585848373
HISTSYN-PWY: L-histidine biosynthesis|g__Bacteroides.s__Bacteroides_clarus	12.2449975495
HISTSYN-PWY: L-histidine biosynthesis|g__Bacteroides.s__Bacteroides_intestinalis	5.9168345369
HISTSYN-PWY: L-histidine biosynthesis|g__Bacteroides.s__Bacteroides_xylanisolvens	5.1258953213
HISTSYN-PWY: L-histidine biosynthesis|g__Bacteroides.s__Bacteroides_caccae	4.5896918181
PWY-5097: L-lysine biosynthesis VI	10969.4182136635
PWY-5097: L-lysine biosynthesis VI|unclassified	2355.0462187393
PWY-5097: L-lysine biosynthesis VI|g__Faecalibacterium.s__Faecalibacterium_prausnitzii	1074.0257378156
PWY-5097: L-lysine biosynthesis VI|g__Blautia.s__Blautia_obeum	725.7347453998
PWY-5097: L-lysine biosynthesis VI|g__Fusicatenibacter.s__Fusicatenibacter_saccharivorans	597.7748307983
PWY-5097: L-lysine biosynthesis VI|g__Ruminococcus.s__Ruminococcus_bromii	572.7120267638
PWY-5097: L-lysine biosynthesis VI|g__Blautia.s__Ruminococcus_torques	565.5655040676
PWY-5097: L-lysine biosynthesis VI|g__Anaerostipes.s__Anaerostipes_hadrus	290.6548372831
PWY-5097: L-lysine biosynthesis VI|g__Bifidobacterium.s__Bifidobacterium_adolescentis	266.5615482836
PWY-5097: L-lysine biosynthesis VI|g__Dorea.s__Dorea_longicatena	234.9710561565
PWY-5097: L-lysine biosynthesis VI|g__Eubacterium.s__Eubacterium_eligens	228.4385315020
PWY-5097: L-lysine biosynthesis VI|g__Dialister.s__Dialister_invisus	207.5895179514
PWY-5097: L-lysine biosynthesis VI|g__Eubacterium.s__Eubacterium_sp_CAG_180	174.7830604461
PWY-5097: L-lysine biosynthesis VI|g__Blautia.s__Blautia_wexlerae	159.1219244477
PWY-5097: L-lysine biosynthesis VI|g__Ruminococcus.s__Ruminococcus_sp_CAG_403	158.0310620498
PWY-5097: L-lysine biosynthesis VI|g__Gemmiger.s__Gemmiger_formicilis	151.5276352029
PWY-5097: L-lysine biosynthesis VI|g__Eubacterium.s__Eubacterium_hallii	148.2730931008
PWY-5097: L-lysine biosynthesis VI|g__Bifidobacterium.s__Bifidobacterium_longum	133.5289270224
PWY-5097: L-lysine biosynthesis VI|g__Blautia.s__Blautia_sp_CAG_52	107.5154883315
PWY-5097: L-lysine biosynthesis VI|g__Bifidobacterium.s__Bifidobacterium_pseudocatenulatum	106.7920757610
PWY-5097: L-lysine biosynthesis VI|g__Eggerthella.s__Eggerthella_sp_CAG_209	93.4779441703
PWY-5097: L-lysine biosynthesis VI|g__Bacteroides.s__Bacteroides_stercoris	86.5153020934
PWY-5097: L-lysine biosynthesis VI|g__Agathobaculum.s__Agathobaculum_butyriciproducens	85.7738528189
PWY-5097: L-lysine biosynthesis VI|g__Bacteroides.s__Bacteroides_uniformis	82.7775749450
PWY-5097: L-lysine biosynthesis VI|g__Methanobrevibacter.s__Methanobrevibacter_smithii	79.6871331700
PWY-5097: L-lysine biosynthesis VI|g__Roseburia.s__Roseburia_intestinalis	64.9002329715
PWY-5097: L-lysine biosynthesis VI|g__Coprococcus.s__Coprococcus_catus	61.1608671547
PWY-5097: L-lysine biosynthesis VI|g__Roseburia.s__Roseburia_inulinivorans	55.4870753975
PWY-5097: L-lysine biosynthesis VI|g__Ruminococcus.s__Ruminococcus_lactaris	54.3165823205
PWY-5097: L-lysine biosynthesis VI|g__Methanosphaera.s__Methanosphaera_stadtmanae	42.6431866237
PWY-5097: L-lysine biosynthesis VI|g__Bilophila.s__Bilophila_wadsworthia	34.1788519128
PWY-5097: L-lysine biosynthesis VI|g__Bacteroides.s__Bacteroides_dorei	32.7855341781
PWY-5097: L-lysine biosynthesis VI|g__Bacteroides.s__Bacteroides_massiliensis	27.5606240842
PWY-5097: L-lysine biosynthesis VI|g__Candidatus_Gastranaerophilales_unclassified.s__Candidatus_Gastranaerophilales_bacterium_HUM_10	26.6621349917
PWY-5097: L-lysine biosynthesis VI|g__Bacteroides.s__Bacteroides_vulgatus	21.9975531785
PWY-5097: L-lysine biosynthesis VI|g__Dorea.s__Dorea_formicigenerans	21.2511063463
PWY-5097: L-lysine biosynthesis VI|g__Barnesiella.s__Barnesiella_intestinihominis	20.5800055505
PWY-5097: L-lysine biosynthesis VI|g__Bacteroides.s__Bacteroides_cellulosilyticus	19.0669575870
PWY-5097: L-lysine biosynthesis VI|g__Asaccharobacter.s__Asaccharobacter_celatus	18.2550375940
PWY-5097: L-lysine biosynthesis VI|g__Coprococcus.s__Coprococcus_comes	16.3334705822
PWY-5097: L-lysine biosynthesis VI|g__Parabacteroides.s__Parabacteroides_distasonis	16.2163736034
PWY-5097: L-lysine biosynthesis VI|g__Bacteroides.s__Bacteroides_intestinalis	14.7623818216
PWY-5097: L-lysine biosynthesis VI|g__Alistipes.s__Alistipes_finegoldii	13.9581221737
PWY-5097: L-lysine biosynthesis VI|g__Bacteroides.s__Bacteroides_ovatus	12.3428407095
PWY-5097: L-lysine biosynthesis VI|g__Adlercreutzia.s__Adlercreutzia_equolifaciens	12.1598626051
PWY-5097: L-lysine biosynthesis VI|g__Bacteroides.s__Bacteroides_clarus	11.1445963340
PWY-5097: L-lysine biosynthesis VI|g__Flavonifractor.s__Flavonifractor_plautii	10.0533846804
PWY-5097: L-lysine biosynthesis VI|g__Alistipes.s__Alistipes_onderdonkii	9.0337723788
PWY-5097: L-lysine biosynthesis VI|g__Bacteroides.s__Bacteroides_thetaiotaomicron	5.5344008571
PWY-5097: L-lysine biosynthesis VI|g__Bacteroides.s__Bacteroides_xylanisolvens	3.5708044048
PWY-5097: L-lysine biosynthesis VI|g__Bacteroides.s__Bacteroides_caccae	2.2458310885
PWY-7111: pyruvate fermentation to isobutanol (engineered)	10786.1652487779
PWY-7111: pyruvate fermentation to isobutanol (engineered)|g__Faecalibacterium.s__Faecalibacterium_prausnitzii	2047.7802799662
PWY-7111: pyruvate fermentation to isobutanol (engineered)|unclassified	1398.2574429324
PWY-7111: pyruvate fermentation to isobutanol (engineered)|g__Blautia.s__Ruminococcus_torques	637.5218132239
PWY-7111: pyruvate fermentation to isobutanol (engineered)|g__Anaerostipes.s__Anaerostipes_hadrus	360.5299620596
PWY-7111: pyruvate fermentation to isobutanol (engineered)|g__Dorea.s__Dorea_longicatena	276.3715382808
PWY-7111: pyruvate fermentation to isobutanol (engineered)|g__Bifidobacterium.s__Bifidobacterium_adolescentis	264.9392619835
PWY-7111: pyruvate fermentation to isobutanol (engineered)|g__Eubacterium.s__Eubacterium_eligens	233.2426579860
PWY-7111: pyruvate fermentation to isobutanol (engineered)|g__Blautia.s__Blautia_wexlerae	179.8935538999
PWY-7111: pyruvate fermentation to isobutanol (engineered)|g__Blautia.s__Blautia_obeum	168.8992103110
PWY-7111: pyruvate fermentation to isobutanol (engineered)|g__Bifidobacterium.s__Bifidobacterium_longum	164.3297246944
PWY-7111: pyruvate fermentation to isobutanol (engineered)|g__Eubacterium.s__Eubacterium_hallii	132.1120336067
PWY-7111: pyruvate fermentation to isobutanol (engineered)|g__Lachnospiraceae_unclassified.s__Eubacterium_rectale	117.5128562583
PWY-7111: pyruvate fermentation to isobutanol (engineered)|g__Bifidobacterium.s__Bifidobacterium_pseudocatenulatum	95.8274242117
PWY-7111: pyruvate fermentation to isobutanol (engineered)|g__Roseburia.s__Roseburia_intestinalis	94.2860422378
PWY-7111: pyruvate fermentation to isobutanol (engineered)|g__Agathobaculum.s__Agathobaculum_butyriciproducens	82.8307116917
PWY-7111: pyruvate fermentation to isobutanol (engineered)|g__Ruminococcus.s__Ruminococcus_lactaris	81.7415575632
PWY-7111: pyruvate fermentation to isobutanol (engineered)|g__Roseburia.s__Roseburia_inulinivorans	69.4429758347
PWY-7111: pyruvate fermentation to isobutanol (engineered)|g__Methanobrevibacter.s__Methanobrevibacter_smithii	63.7136023288
PWY-7111: pyruvate fermentation to isobutanol (engineered)|g__Roseburia.s__Roseburia_faecis	45.5496420400
PWY-7111: pyruvate fermentation to isobutanol (engineered)|g__Dorea.s__Dorea_formicigenerans	34.4048028491
PWY-7111: pyruvate fermentation to isobutanol (engineered)|g__Ruminococcus.s__Ruminococcus_sp_AF31_8BH	33.7825606201
PWY-7111: pyruvate fermentation to isobutanol (engineered)|g__Firmicutes_unclassified.s__Firmicutes_bacterium_AF16_15	32.9537816533
PWY-7111: pyruvate fermentation to isobutanol (engineered)|g__Streptococcus.s__Streptococcus_thermophilus	30.9560470098
PWY-7111: pyruvate fermentation to isobutanol (engineered)|g__Flavonifractor.s__Flavonifractor_sp_An10	30.7730206692
PWY-7111: pyruvate fermentation to isobutanol (engineered)|g__Flavonifractor.s__Flavonifractor_plautii	20.3356330308
PWY-7111: pyruvate fermentation to isobutanol (engineered)|g__Coprococcus.s__Coprococcus_comes	16.1083768272
PWY-7111: pyruvate fermentation to isobutanol (engineered)|g__Roseburia.s__Roseburia_hominis	9.6653032543
PWY-7111: pyruvate fermentation to isobutanol (engineered)|g__Streptococcus.s__Streptococcus_pneumoniae	5.9442409948
PWY-7111: pyruvate fermentation to isobutanol (engineered)|g__Anaeromassilibacillus.s__Anaeromassilibacillus_sp_An250	5.9032351763
PWY-8178: pentose phosphate pathway (non-oxidative branch) II	10667.6674079018
PWY-8178: pentose phosphate pathway (non-oxidative branch) II|unclassified	1290.6785141789
PWY-8178: pentose phosphate pathway (non-oxidative branch) II|g__Blautia.s__Ruminococcus_torques	818.8439535834
PWY-8178: pentose phosphate pathway (non-oxidative branch) II|g__Fusicatenibacter.s__Fusicatenibacter_saccharivorans	742.8479489376
PWY-8178: pentose phosphate pathway (non-oxidative branch) II|g__Lachnospiraceae_unclassified.s__Eubacterium_rectale	681.7788937948
PWY-8178: pentose phosphate pathway (non-oxidative branch) II|g__Eubacterium.s__Eubacterium_hallii	452.5317541014
PWY-8178: pentose phosphate pathway (non-oxidative branch) II|g__Anaerostipes.s__Anaerostipes_hadrus	429.5213619250
PWY-8178: pentose phosphate pathway (non-oxidative branch) II|g__Blautia.s__Blautia_obeum	424.8500389872
PWY-8178: pentose phosphate pathway (non-oxidative branch) II|g__Blautia.s__Blautia_sp	421.9080910834
PWY-8178: pentose phosphate pathway (non-oxidative branch) II|g__Collinsella.s__Collinsella_aerofaciens	277.4851013372
PWY-8178: pentose phosphate pathway (non-oxidative branch) II|g__Eubacterium.s__Eubacterium_eligens	232.1807166264
PWY-8178: pentose phosphate pathway (non-oxidative branch) II|g__Blautia.s__Blautia_wexlerae	221.7336866799
PWY-8178: pentose phosphate pathway (non-oxidative branch) II|g__Agathobaculum.s__Agathobaculum_butyriciproducens	95.9299918356
PWY-8178: pentose phosphate pathway (non-oxidative branch) II|g__Roseburia.s__Roseburia_intestinalis	86.7806037408
PWY-8178: pentose phosphate pathway (non-oxidative branch) II|g__Coprococcus.s__Coprococcus_catus	83.0066580281
PWY-8178: pentose phosphate pathway (non-oxidative branch) II|g__Roseburia.s__Roseburia_inulinivorans	65.7044574934
PWY-8178: pentose phosphate pathway (non-oxidative branch) II|g__Roseburia.s__Roseburia_faecis	61.7110550740
PWY-8178: pentose phosphate pathway (non-oxidative branch) II|g__Faecalibacterium.s__Faecalibacterium_prausnitzii	33.8650100190
PWY-8178: pentose phosphate pathway (non-oxidative branch) II|g__Streptococcus.s__Streptococcus_thermophilus	27.4457537213
PWY-8178: pentose phosphate pathway (non-oxidative branch) II|g__Firmicutes_unclassified.s__Firmicutes_bacterium_CAG_102	22.5224351647
PWY-8178: pentose phosphate pathway (non-oxidative branch) II|g__Ruminococcus.s__Ruminococcus_sp_AF31_8BH	18.7114454564
PWY-8178: pentose phosphate pathway (non-oxidative branch) II|g__Parabacteroides.s__Parabacteroides_distasonis	14.9187507200
PWY-8178: pentose phosphate pathway (non-oxidative branch) II|g__Flavonifractor.s__Flavonifractor_plautii	13.4343989025
PWY-8178: pentose phosphate pathway (non-oxidative branch) II|g__Roseburia.s__Roseburia_hominis	9.0221302564
PWY-8178: pentose phosphate pathway (non-oxidative branch) II|g__Streptococcus.s__Streptococcus_pneumoniae	7.8892721846
PWY-8178: pentose phosphate pathway (non-oxidative branch) II|g__Streptococcus.s__Streptococcus_salivarius	5.3862726409
PWY-6317: D-galactose degradation I (Leloir pathway)	10590.5326482561
PWY-6317: D-galactose degradation I (Leloir pathway)|g__Faecalibacterium.s__Faecalibacterium_prausnitzii	1936.7528923037
PWY-6317: D-galactose degradation I (Leloir pathway)|unclassified	1004.4884893943
PWY-6317: D-galactose degradation I (Leloir pathway)|g__Blautia.s__Ruminococcus_torques	720.0526900329
PWY-6317: D-galactose degradation I (Leloir pathway)|g__Fusicatenibacter.s__Fusicatenibacter_saccharivorans	634.4192019707
PWY-6317: D-galactose degradation I (Leloir pathway)|g__Blautia.s__Blautia_obeum	555.3543312343
PWY-6317: D-galactose degradation I (Leloir pathway)|g__Anaerostipes.s__Anaerostipes_hadrus	343.1229701838
PWY-6317: D-galactose degradation I (Leloir pathway)|g__Collinsella.s__Collinsella_aerofaciens	262.2473330032
PWY-6317: D-galactose degradation I (Leloir pathway)|g__Blautia.s__Blautia_sp	252.2558586461
PWY-6317: D-galactose degradation I (Leloir pathway)|g__Blautia.s__Blautia_wexlerae	241.9313595683
PWY-6317: D-galactose degradation I (Leloir pathway)|g__Dorea.s__Dorea_longicatena	205.9123280726
PWY-6317: D-galactose degradation I (Leloir pathway)|g__Eubacterium.s__Eubacterium_hallii	198.8869521327
PWY-6317: D-galactose degradation I (Leloir pathway)|g__Eubacterium.s__Eubacterium_eligens	166.8667200348
PWY-6317: D-galactose degradation I (Leloir pathway)|g__Clostridiales_unclassified.s__Clostridiales_bacterium_KLE1615	130.1404255887
PWY-6317: D-galactose degradation I (Leloir pathway)|g__Roseburia.s__Roseburia_intestinalis	91.1903761216
PWY-6317: D-galactose degradation I (Leloir pathway)|g__Bifidobacterium.s__Bifidobacterium_longum	77.9535795920
PWY-6317: D-galactose degradation I (Leloir pathway)|g__Roseburia.s__Roseburia_inulinivorans	64.8601708733
PWY-6317: D-galactose degradation I (Leloir pathway)|g__Ruminococcus.s__Ruminococcus_lactaris	57.9753815595
PWY-6317: D-galactose degradation I (Leloir pathway)|g__Coprococcus.s__Coprococcus_catus	54.0069509667
PWY-6317: D-galactose degradation I (Leloir pathway)|g__Roseburia.s__Roseburia_faecis	49.4851781585
PWY-6317: D-galactose degradation I (Leloir pathway)|g__Dorea.s__Dorea_formicigenerans	35.9215749356
PWY-6317: D-galactose degradation I (Leloir pathway)|g__Ruminococcus.s__Ruminococcus_sp_AF31_8BH	21.1555913941
PWY-6317: D-galactose degradation I (Leloir pathway)|g__Streptococcus.s__Streptococcus_thermophilus	13.7864047162
PWY-6317: D-galactose degradation I (Leloir pathway)|g__Coprococcus.s__Coprococcus_comes	11.3661875761
PWY-6317: D-galactose degradation I (Leloir pathway)|g__Streptococcus.s__Streptococcus_pneumoniae	8.6667711415
PWY-6317: D-galactose degradation I (Leloir pathway)|g__Streptococcus.s__Streptococcus_salivarius	5.2867573484
PWY-724: superpathway of L-lysine, L-threonine and L-methionine biosynthesis II	9558.8676399913
PWY-724: superpathway of L-lysine, L-threonine and L-methionine biosynthesis II|unclassified	2000.9346600027
PWY-724: superpathway of L-lysine, L-threonine and L-methionine biosynthesis II|g__Faecalibacterium.s__Faecalibacterium_prausnitzii	655.0187687073
PWY-724: superpathway of L-lysine, L-threonine and L-methionine biosynthesis II|g__Blautia.s__Ruminococcus_torques	441.2418725229
PWY-724: superpathway of L-lysine, L-threonine and L-methionine biosynthesis II|g__Blautia.s__Blautia_obeum	429.1073698444
PWY-724: superpathway of L-lysine, L-threonine and L-methionine biosynthesis II|g__Fusicatenibacter.s__Fusicatenibacter_saccharivorans	350.5124538393
PWY-724: superpathway of L-lysine, L-threonine and L-methionine biosynthesis II|g__Anaerostipes.s__Anaerostipes_hadrus	279.1702370975
PWY-724: superpathway of L-lysine, L-threonine and L-methionine biosynthesis II|g__Bifidobacterium.s__Bifidobacterium_adolescentis	256.7512384615
PWY-724: superpathway of L-lysine, L-threonine and L-methionine biosynthesis II|g__Dialister.s__Dialister_invisus	212.9733961677
PWY-724: superpathway of L-lysine, L-threonine and L-methionine biosynthesis II|g__Dorea.s__Dorea_longicatena	195.0429205313
PWY-724: superpathway of L-lysine, L-threonine and L-methionine biosynthesis II|g__Eubacterium.s__Eubacterium_hallii	155.0220495426
PWY-724: superpathway of L-lysine, L-threonine and L-methionine biosynthesis II|g__Bifidobacterium.s__Bifidobacterium_longum	121.3168100528
PWY-724: superpathway of L-lysine, L-threonine and L-methionine biosynthesis II|g__Bifidobacterium.s__Bifidobacterium_pseudocatenulatum	97.8023676196
PWY-724: superpathway of L-lysine, L-threonine and L-methionine biosynthesis II|g__Agathobaculum.s__Agathobaculum_butyriciproducens	88.6647503492
PWY-724: superpathway of L-lysine, L-threonine and L-methionine biosynthesis II|g__Roseburia.s__Roseburia_intestinalis	56.6804486755
PWY-724: superpathway of L-lysine, L-threonine and L-methionine biosynthesis II|g__Roseburia.s__Roseburia_inulinivorans	51.4743615069
PWY-724: superpathway of L-lysine, L-threonine and L-methionine biosynthesis II|g__Coprococcus.s__Coprococcus_catus	45.2444885385
PWY-724: superpathway of L-lysine, L-threonine and L-methionine biosynthesis II|g__Methanosphaera.s__Methanosphaera_stadtmanae	39.5662715542
PWY-724: superpathway of L-lysine, L-threonine and L-methionine biosynthesis II|g__Bacteroides.s__Bacteroides_uniformis	37.7982097656
PWY-724: superpathway of L-lysine, L-threonine and L-methionine biosynthesis II|g__Candidatus_Gastranaerophilales_unclassified.s__Candidatus_Gastranaerophilales_bacterium_HUM_10	26.0665616368
PWY-724: superpathway of L-lysine, L-threonine and L-methionine biosynthesis II|g__Asaccharobacter.s__Asaccharobacter_celatus	17.1149243079
PWY-724: superpathway of L-lysine, L-threonine and L-methionine biosynthesis II|g__Coprococcus.s__Coprococcus_comes	14.9101735263
NONOXIPENT-PWY: pentose phosphate pathway (non-oxidative branch) I	9198.2028693775
NONOXIPENT-PWY: pentose phosphate pathway (non-oxidative branch) I|unclassified	1263.5300528348
NONOXIPENT-PWY: pentose phosphate pathway (non-oxidative branch) I|g__Blautia.s__Ruminococcus_torques	879.6252070442
NONOXIPENT-PWY: pentose phosphate pathway (non-oxidative branch) I|g__Fusicatenibacter.s__Fusicatenibacter_saccharivorans	841.2579369930
NONOXIPENT-PWY: pentose phosphate pathway (non-oxidative branch) I|g__Lachnospiraceae_unclassified.s__Eubacterium_rectale	828.8591716373
NONOXIPENT-PWY: pentose phosphate pathway (non-oxidative branch) I|g__Blautia.s__Blautia_obeum	555.2749884174
NONOXIPENT-PWY: pentose phosphate pathway (non-oxidative branch) I|g__Eubacterium.s__Eubacterium_hallii	504.2928403064
NONOXIPENT-PWY: pentose phosphate pathway (non-oxidative branch) I|g__Anaerostipes.s__Anaerostipes_hadrus	415.7490148693
NONOXIPENT-PWY: pentose phosphate pathway (non-oxidative branch) I|g__Blautia.s__Blautia_sp	398.0102544892
NONOXIPENT-PWY: pentose phosphate pathway (non-oxidative branch) I|g__Collinsella.s__Collinsella_aerofaciens	271.5130385599
NONOXIPENT-PWY: pentose phosphate pathway (non-oxidative branch) I|g__Eubacterium.s__Eubacterium_eligens	205.8737954360
NONOXIPENT-PWY: pentose phosphate pathway (non-oxidative branch) I|g__Clostridiales_unclassified.s__Clostridiales_bacterium_KLE1615	191.3953375499
NONOXIPENT-PWY: pentose phosphate pathway (non-oxidative branch) I|g__Blautia.s__Blautia_wexlerae	92.2115649549
NONOXIPENT-PWY: pentose phosphate pathway (non-oxidative branch) I|g__Roseburia.s__Roseburia_intestinalis	89.0731479247
NONOXIPENT-PWY: pentose phosphate pathway (non-oxidative branch) I|g__Coprococcus.s__Coprococcus_catus	81.3082310434
NONOXIPENT-PWY: pentose phosphate pathway (non-oxidative branch) I|g__Agathobaculum.s__Agathobaculum_butyriciproducens	71.2660799984
NONOXIPENT-PWY: pentose phosphate pathway (non-oxidative branch) I|g__Roseburia.s__Roseburia_faecis	60.0758658351
NONOXIPENT-PWY: pentose phosphate pathway (non-oxidative branch) I|g__Roseburia.s__Roseburia_inulinivorans	58.8822360261
NONOXIPENT-PWY: pentose phosphate pathway (non-oxidative branch) I|g__Streptococcus.s__Streptococcus_thermophilus	25.8277252652
NONOXIPENT-PWY: pentose phosphate pathway (non-oxidative branch) I|g__Faecalibacterium.s__Faecalibacterium_prausnitzii	24.7455197979
NONOXIPENT-PWY: pentose phosphate pathway (non-oxidative branch) I|g__Firmicutes_unclassified.s__Firmicutes_bacterium_CAG_102	23.2455380262
NONOXIPENT-PWY: pentose phosphate pathway (non-oxidative branch) I|g__Flavonifractor.s__Flavonifractor_plautii	19.6953366590
NONOXIPENT-PWY: pentose phosphate pathway (non-oxidative branch) I|g__Ruminococcus.s__Ruminococcus_sp_AF31_8BH	18.1937408117
NONOXIPENT-PWY: pentose phosphate pathway (non-oxidative branch) I|g__Parabacteroides.s__Parabacteroides_distasonis	14.6639429925
NONOXIPENT-PWY: pentose phosphate pathway (non-oxidative branch) I|g__Roseburia.s__Roseburia_hominis	9.2205803208
NONOXIPENT-PWY: pentose phosphate pathway (non-oxidative branch) I|g__Streptococcus.s__Streptococcus_pneumoniae	7.8046304123
NONOXIPENT-PWY: pentose phosphate pathway (non-oxidative branch) I|g__Streptococcus.s__Streptococcus_salivarius	4.5065628129
PWY-6123: inosine-5'-phosphate biosynthesis I	9105.5581152299
PWY-6123: inosine-5'-phosphate biosynthesis I|g__Faecalibacterium.s__Faecalibacterium_prausnitzii	1707.7805203485
PWY-6123: inosine-5'-phosphate biosynthesis I|unclassified	1284.2674797169
PWY-6123: inosine-5'-phosphate biosynthesis I|g__Blautia.s__Ruminococcus_torques	496.0586700522
PWY-6123: inosine-5'-phosphate biosynthesis I|g__Blautia.s__Blautia_obeum	403.2161985573
PWY-6123: inosine-5'-phosphate biosynthesis I|g__Anaerostipes.s__Anaerostipes_hadrus	325.5250685872
PWY-6123: inosine-5'-phosphate biosynthesis I|g__Collinsella.s__Collinsella_aerofaciens	304.5307164646
PWY-6123: inosine-5'-phosphate biosynthesis I|g__Dialister.s__Dialister_invisus	225.9626832796
PWY-6123: inosine-5'-phosphate biosynthesis I|g__Bifidobacterium.s__Bifidobacterium_adolescentis	195.3626769772
PWY-6123: inosine-5'-phosphate biosynthesis I|g__Clostridiales_unclassified.s__Clostridiales_bacterium_KLE1615	174.5067471787
PWY-6123: inosine-5'-phosphate biosynthesis I|g__Eggerthella.s__Eggerthella_sp_CAG_209	157.5322542865
PWY-6123: inosine-5'-phosphate biosynthesis I|g__Blautia.s__Blautia_wexlerae	149.4611461259
PWY-6123: inosine-5'-phosphate biosynthesis I|g__Eubacterium.s__Eubacterium_hallii	147.6762659212
PWY-6123: inosine-5'-phosphate biosynthesis I|g__Alistipes.s__Alistipes_putredinis	103.9048561222
PWY-6123: inosine-5'-phosphate biosynthesis I|g__Blautia.s__Blautia_sp	98.9412483319
PWY-6123: inosine-5'-phosphate biosynthesis I|g__Bacteroides.s__Bacteroides_stercoris	92.6785022675
PWY-6123: inosine-5'-phosphate biosynthesis I|g__Bacteroides.s__Bacteroides_uniformis	81.3444617214
PWY-6123: inosine-5'-phosphate biosynthesis I|g__Bifidobacterium.s__Bifidobacterium_pseudocatenulatum	73.6888527182
PWY-6123: inosine-5'-phosphate biosynthesis I|g__Ruminococcus.s__Ruminococcus_lactaris	66.9202575656
PWY-6123: inosine-5'-phosphate biosynthesis I|g__Coprococcus.s__Coprococcus_catus	49.5172938071
PWY-6123: inosine-5'-phosphate biosynthesis I|g__Bacteroides.s__Bacteroides_cellulosilyticus	45.6211450399
PWY-6123: inosine-5'-phosphate biosynthesis I|g__Streptococcus.s__Streptococcus_thermophilus	35.0450870570
PWY-6123: inosine-5'-phosphate biosynthesis I|g__Firmicutes_unclassified.s__Firmicutes_bacterium_AF16_15	33.8577059908
PWY-6123: inosine-5'-phosphate biosynthesis I|g__Bacteroides.s__Bacteroides_massiliensis	32.4090155409
PWY-6123: inosine-5'-phosphate biosynthesis I|g__Ruminococcus.s__Ruminococcus_sp_AF31_8BH	32.2852306732
PWY-6123: inosine-5'-phosphate biosynthesis I|g__Bacteroides.s__Bacteroides_vulgatus	30.3026272262
PWY-6123: inosine-5'-phosphate biosynthesis I|g__Bacteroides.s__Bacteroides_dorei	26.5409322861
PWY-6123: inosine-5'-phosphate biosynthesis I|g__Barnesiella.s__Barnesiella_intestinihominis	22.5598007503
PWY-6123: inosine-5'-phosphate biosynthesis I|g__Bacteroides.s__Bacteroides_ovatus	19.8083186470
PWY-6123: inosine-5'-phosphate biosynthesis I|g__Alistipes.s__Alistipes_finegoldii	15.9760362940
PWY-6123: inosine-5'-phosphate biosynthesis I|g__Coprococcus.s__Coprococcus_comes	10.8126399851
PWY-6123: inosine-5'-phosphate biosynthesis I|g__Bacteroides.s__Bacteroides_clarus	9.7915211496
PWY-6123: inosine-5'-phosphate biosynthesis I|g__Streptococcus.s__Streptococcus_salivarius	8.9408609436
PWY-6123: inosine-5'-phosphate biosynthesis I|g__Bacteroides.s__Bacteroides_caccae	6.8347375475
PWY-6123: inosine-5'-phosphate biosynthesis I|g__Bacteroides.s__Bacteroides_thetaiotaomicron	5.4547789981
PWY-6123: inosine-5'-phosphate biosynthesis I|g__Alistipes.s__Alistipes_onderdonkii	1.8597388432
PWY-6270: isoprene biosynthesis I	9094.6296144110
PWY-6270: isoprene biosynthesis I|unclassified	811.9720533497
PWY-6270: isoprene biosynthesis I|g__Blautia.s__Ruminococcus_torques	633.7614187027
PWY-6270: isoprene biosynthesis I|g__Fusicatenibacter.s__Fusicatenibacter_saccharivorans	590.5954707518
PWY-6270: isoprene biosynthesis I|g__Blautia.s__Blautia_obeum	532.1804267337
PWY-6270: isoprene biosynthesis I|g__Anaerostipes.s__Anaerostipes_hadrus	284.4953382474
PWY-6270: isoprene biosynthesis I|g__Eubacterium.s__Eubacterium_eligens	182.0566961981
PWY-6270: isoprene biosynthesis I|g__Eubacterium.s__Eubacterium_hallii	166.1656128397
PWY-6270: isoprene biosynthesis I|g__Dorea.s__Dorea_longicatena	162.6603401024
PWY-6270: isoprene biosynthesis I|g__Blautia.s__Blautia_wexlerae	119.1587070641
PWY-6270: isoprene biosynthesis I|g__Bacteroides.s__Bacteroides_ovatus	17.4374851394
PWY-6270: isoprene biosynthesis I|g__Ruminococcus.s__Ruminococcus_sp_AF31_8BH	14.4951565935
PWY-6270: isoprene biosynthesis I|g__Bacteroides.s__Bacteroides_xylanisolvens	5.5770887247
1CMET2-PWY: folate transformations III (E. coli)	9053.7451100375
1CMET2-PWY: folate transformations III (E. coli)|unclassified	1411.8116009716
1CMET2-PWY: folate transformations III (E. coli)|g__Blautia.s__Ruminococcus_torques	571.8601722452
1CMET2-PWY: folate transformations III (E. coli)|g__Anaerostipes.s__Anaerostipes_hadrus	248.2122063448
1CMET2-PWY: folate transformations III (E. coli)|g__Firmicutes_unclassified.s__Firmicutes_bacterium_CAG_56	137.8503446472
1CMET2-PWY: folate transformations III (E. coli)|g__Alistipes.s__Alistipes_putredinis	95.7868660220
1CMET2-PWY: folate transformations III (E. coli)|g__Blautia.s__Blautia_obeum	89.2930517025
1CMET2-PWY: folate transformations III (E. coli)|g__Bacteroides.s__Bacteroides_stercoris	84.1104740595
1CMET2-PWY: folate transformations III (E. coli)|g__Eubacterium.s__Eubacterium_hallii	71.0380733576
1CMET2-PWY: folate transformations III (E. coli)|g__Bacteroides.s__Bacteroides_dorei	53.7544230853
1CMET2-PWY: folate transformations III (E. coli)|g__Roseburia.s__Roseburia_faecis	47.3074536710
1CMET2-PWY: folate transformations III (E. coli)|g__Blautia.s__Blautia_wexlerae	45.2395095874
1CMET2-PWY: folate transformations III (E. coli)|g__Bacteroides.s__Bacteroides_vulgatus	29.2184975270
1CMET2-PWY: folate transformations III (E. coli)|g__Bacteroides.s__Bacteroides_massiliensis	27.6977541308
1CMET2-PWY: folate transformations III (E. coli)|g__Alistipes.s__Alistipes_finegoldii	17.0274374221
1CMET2-PWY: folate transformations III (E. coli)|g__Barnesiella.s__Barnesiella_intestinihominis	16.1157416693
1CMET2-PWY: folate transformations III (E. coli)|g__Parabacteroides.s__Parabacteroides_distasonis	12.4680544487
1CMET2-PWY: folate transformations III (E. coli)|g__Bacteroides.s__Bacteroides_ovatus	10.7695320093
1CMET2-PWY: folate transformations III (E. coli)|g__Bacteroides.s__Bacteroides_caccae	8.0124292434
1CMET2-PWY: folate transformations III (E. coli)|g__Bacteroides.s__Bacteroides_clarus	7.0498480199
1CMET2-PWY: folate transformations III (E. coli)|g__Bacteroides.s__Bacteroides_xylanisolvens	6.4487919083
PWY-7357: thiamine phosphate formation from pyrithiamine and oxythiamine (yeast)	8968.7181123886
PWY-7357: thiamine phosphate formation from pyrithiamine and oxythiamine (yeast)|unclassified	1287.7106753737
PWY-7357: thiamine phosphate formation from pyrithiamine and oxythiamine (yeast)|g__Faecalibacterium.s__Faecalibacterium_prausnitzii	994.0228763513
PWY-7357: thiamine phosphate formation from pyrithiamine and oxythiamine (yeast)|g__Lachnospiraceae_unclassified.s__Eubacterium_rectale	626.4668046265
PWY-7357: thiamine phosphate formation from pyrithiamine and oxythiamine (yeast)|g__Fusicatenibacter.s__Fusicatenibacter_saccharivorans	519.9855597174
PWY-7357: thiamine phosphate formation from pyrithiamine and oxythiamine (yeast)|g__Blautia.s__Blautia_obeum	495.3177946348
PWY-7357: thiamine phosphate formation from pyrithiamine and oxythiamine (yeast)|g__Blautia.s__Ruminococcus_torques	485.0986812272
PWY-7357: thiamine phosphate formation from pyrithiamine and oxythiamine (yeast)|g__Anaerostipes.s__Anaerostipes_hadrus	325.6375409486
PWY-7357: thiamine phosphate formation from pyrithiamine and oxythiamine (yeast)|g__Collinsella.s__Collinsella_aerofaciens	266.5460182441
PWY-7357: thiamine phosphate formation from pyrithiamine and oxythiamine (yeast)|g__Dialister.s__Dialister_invisus	256.5453560067
PWY-7357: thiamine phosphate formation from pyrithiamine and oxythiamine (yeast)|g__Dorea.s__Dorea_longicatena	183.8898977903
PWY-7357: thiamine phosphate formation from pyrithiamine and oxythiamine (yeast)|g__Bifidobacterium.s__Bifidobacterium_adolescentis	175.9949706204
PWY-7357: thiamine phosphate formation from pyrithiamine and oxythiamine (yeast)|g__Blautia.s__Blautia_wexlerae	159.9386807585
PWY-7357: thiamine phosphate formation from pyrithiamine and oxythiamine (yeast)|g__Eubacterium.s__Eubacterium_hallii	152.1998079030
PWY-7357: thiamine phosphate formation from pyrithiamine and oxythiamine (yeast)|g__Bacteroides.s__Bacteroides_uniformis	100.2201232294
PWY-7357: thiamine phosphate formation from pyrithiamine and oxythiamine (yeast)|g__Blautia.s__Blautia_sp	86.5124549520
PWY-7357: thiamine phosphate formation from pyrithiamine and oxythiamine (yeast)|g__Agathobaculum.s__Agathobaculum_butyriciproducens	85.4877020588
PWY-7357: thiamine phosphate formation from pyrithiamine and oxythiamine (yeast)|g__Coprococcus.s__Coprococcus_catus	81.4680615452
PWY-7357: thiamine phosphate formation from pyrithiamine and oxythiamine (yeast)|g__Roseburia.s__Roseburia_inulinivorans	70.5563758406
PWY-7357: thiamine phosphate formation from pyrithiamine and oxythiamine (yeast)|g__Roseburia.s__Roseburia_intestinalis	69.8811504722
PWY-7357: thiamine phosphate formation from pyrithiamine and oxythiamine (yeast)|g__Roseburia.s__Roseburia_faecis	68.8472180384
PWY-7357: thiamine phosphate formation from pyrithiamine and oxythiamine (yeast)|g__Methanosphaera.s__Methanosphaera_stadtmanae	36.0699969994
PWY-7357: thiamine phosphate formation from pyrithiamine and oxythiamine (yeast)|g__Bacteroides.s__Bacteroides_ovatus	27.9843214341
PWY-7357: thiamine phosphate formation from pyrithiamine and oxythiamine (yeast)|g__Adlercreutzia.s__Adlercreutzia_equolifaciens	24.4289722422
PWY-7357: thiamine phosphate formation from pyrithiamine and oxythiamine (yeast)|g__Asaccharobacter.s__Asaccharobacter_celatus	23.5516070247
PWY-7357: thiamine phosphate formation from pyrithiamine and oxythiamine (yeast)|g__Dorea.s__Dorea_formicigenerans	18.9794849510
PWY-2942: L-lysine biosynthesis III	8960.8584242521
PWY-2942: L-lysine biosynthesis III|unclassified	1880.7190427120
PWY-2942: L-lysine biosynthesis III|g__Blautia.s__Ruminococcus_torques	347.9467500007
PWY-2942: L-lysine biosynthesis III|g__Anaerostipes.s__Anaerostipes_hadrus	276.6994269845
PWY-2942: L-lysine biosynthesis III|g__Dialister.s__Dialister_invisus	213.9248129251
PWY-2942: L-lysine biosynthesis III|g__Dorea.s__Dorea_longicatena	212.8057112071
PWY-2942: L-lysine biosynthesis III|g__Eubacterium.s__Eubacterium_hallii	157.5807770316
PWY-2942: L-lysine biosynthesis III|g__Eggerthella.s__Eggerthella_sp_CAG_209	98.7799491988
PWY-2942: L-lysine biosynthesis III|g__Bacteroides.s__Bacteroides_uniformis	83.2674912055
PWY-2942: L-lysine biosynthesis III|g__Bilophila.s__Bilophila_wadsworthia	33.5824214684
PWY-2942: L-lysine biosynthesis III|g__Asaccharobacter.s__Asaccharobacter_celatus	22.6450749281
PWY-2942: L-lysine biosynthesis III|g__Barnesiella.s__Barnesiella_intestinihominis	21.9759281131
PWY-2942: L-lysine biosynthesis III|g__Flavonifractor.s__Flavonifractor_plautii	12.6955450680
PWY-2942: L-lysine biosynthesis III|g__Adlercreutzia.s__Adlercreutzia_equolifaciens	12.0648685783
PWY-7560: methylerythritol phosphate pathway II	8958.8593693932
PWY-7560: methylerythritol phosphate pathway II|unclassified	746.7678906692
PWY-7560: methylerythritol phosphate pathway II|g__Blautia.s__Ruminococcus_torques	653.1249016431
PWY-7560: methylerythritol phosphate pathway II|g__Fusicatenibacter.s__Fusicatenibacter_saccharivorans	587.4534171939
PWY-7560: methylerythritol phosphate pathway II|g__Blautia.s__Blautia_obeum	584.5449976922
PWY-7560: methylerythritol phosphate pathway II|g__Anaerostipes.s__Anaerostipes_hadrus	316.2718569343
PWY-7560: methylerythritol phosphate pathway II|g__Eubacterium.s__Eubacterium_eligens	180.7026752869
PWY-7560: methylerythritol phosphate pathway II|g__Eubacterium.s__Eubacterium_hallii	170.7919112060
PWY-7560: methylerythritol phosphate pathway II|g__Dorea.s__Dorea_longicatena	160.5294300030
PWY-7560: methylerythritol phosphate pathway II|g__Blautia.s__Blautia_wexlerae	109.9922542526
PWY-7560: methylerythritol phosphate pathway II|g__Bacteroides.s__Bacteroides_ovatus	16.5908943092
PWY-7560: methylerythritol phosphate pathway II|g__Ruminococcus.s__Ruminococcus_sp_AF31_8BH	14.5509192985
PWY-7560: methylerythritol phosphate pathway II|g__Coprococcus.s__Coprococcus_comes	10.3942100557
PWY-7560: methylerythritol phosphate pathway II|g__Bacteroides.s__Bacteroides_xylanisolvens	5.8714207148
TRPSYN-PWY: L-tryptophan biosynthesis	8832.6092085178
TRPSYN-PWY: L-tryptophan biosynthesis|unclassified	1547.3426967810
TRPSYN-PWY: L-tryptophan biosynthesis|g__Ruminococcus.s__Ruminococcus_bromii	716.2720308837
TRPSYN-PWY: L-tryptophan biosynthesis|g__Fusicatenibacter.s__Fusicatenibacter_saccharivorans	686.6761618549
TRPSYN-PWY: L-tryptophan biosynthesis|g__Blautia.s__Blautia_obeum	639.8844416902
TRPSYN-PWY: L-tryptophan biosynthesis|g__Blautia.s__Ruminococcus_torques	612.5807967737
TRPSYN-PWY: L-tryptophan biosynthesis|g__Lachnospiraceae_unclassified.s__Eubacterium_rectale	504.0177581911
TRPSYN-PWY: L-tryptophan biosynthesis|g__Anaerostipes.s__Anaerostipes_hadrus	316.7633427346
TRPSYN-PWY: L-tryptophan biosynthesis|g__Blautia.s__Blautia_sp	305.0394124424
TRPSYN-PWY: L-tryptophan biosynthesis|g__Eubacterium.s__Eubacterium_eligens	259.7353379267
TRPSYN-PWY: L-tryptophan biosynthesis|g__Ruminococcus.s__Ruminococcus_sp_CAG_403	203.7517126616
TRPSYN-PWY: L-tryptophan biosynthesis|g__Blautia.s__Blautia_wexlerae	187.8098949957
TRPSYN-PWY: L-tryptophan biosynthesis|g__Clostridium.s__Clostridium_sp_CAG_75	148.7885041520
TRPSYN-PWY: L-tryptophan biosynthesis|g__Blautia.s__Blautia_sp_CAG_52	122.6287664506
TRPSYN-PWY: L-tryptophan biosynthesis|g__Eubacterium.s__Eubacterium_sp_CAG_115	75.8606088701
TRPSYN-PWY: L-tryptophan biosynthesis|g__Ruminococcus.s__Ruminococcus_bicirculans	64.6535677889
TRPSYN-PWY: L-tryptophan biosynthesis|g__Ruminococcus.s__Ruminococcus_lactaris	63.1531732160
TRPSYN-PWY: L-tryptophan biosynthesis|g__Bifidobacterium.s__Bifidobacterium_pseudocatenulatum	58.3072261791
TRPSYN-PWY: L-tryptophan biosynthesis|g__Roseburia.s__Roseburia_intestinalis	47.1605136949
TRPSYN-PWY: L-tryptophan biosynthesis|g__Firmicutes_unclassified.s__Firmicutes_bacterium_CAG_41	46.5016046881
TRPSYN-PWY: L-tryptophan biosynthesis|g__Bacteroides.s__Bacteroides_vulgatus	42.0453018337
TRPSYN-PWY: L-tryptophan biosynthesis|g__Methanosphaera.s__Methanosphaera_stadtmanae	31.6752300054
TRPSYN-PWY: L-tryptophan biosynthesis|g__Roseburia.s__Roseburia_faecis	30.8915249553
TRPSYN-PWY: L-tryptophan biosynthesis|g__Bifidobacterium.s__Bifidobacterium_longum	27.1064486048
TRPSYN-PWY: L-tryptophan biosynthesis|g__Streptococcus.s__Streptococcus_thermophilus	19.4008137345
TRPSYN-PWY: L-tryptophan biosynthesis|g__Lawsonibacter.s__Lawsonibacter_asaccharolyticus	12.5769401908
TRPSYN-PWY: L-tryptophan biosynthesis|g__Eubacterium.s__Eubacterium_ramulus	12.1814688197
TRPSYN-PWY: L-tryptophan biosynthesis|g__Streptococcus.s__Streptococcus_salivarius	2.9339276560
PANTOSYN-PWY: superpathway of coenzyme A biosynthesis I (bacteria)	8816.0845039541
PANTOSYN-PWY: superpathway of coenzyme A biosynthesis I (bacteria)|unclassified	1764.5930345725
PANTOSYN-PWY: superpathway of coenzyme A biosynthesis I (bacteria)|g__Blautia.s__Blautia_obeum	486.8021132808
PANTOSYN-PWY: superpathway of coenzyme A biosynthesis I (bacteria)|g__Blautia.s__Ruminococcus_torques	477.3626072307
PANTOSYN-PWY: superpathway of coenzyme A biosynthesis I (bacteria)|g__Anaerostipes.s__Anaerostipes_hadrus	316.3344826482
PANTOSYN-PWY: superpathway of coenzyme A biosynthesis I (bacteria)|g__Ruminococcus.s__Ruminococcus_sp_CAG_403	162.3465703980
PANTOSYN-PWY: superpathway of coenzyme A biosynthesis I (bacteria)|g__Blautia.s__Blautia_wexlerae	136.2501572417
PANTOSYN-PWY: superpathway of coenzyme A biosynthesis I (bacteria)|g__Agathobaculum.s__Agathobaculum_butyriciproducens	107.3351427355
PANTOSYN-PWY: superpathway of coenzyme A biosynthesis I (bacteria)|g__Bacteroides.s__Bacteroides_stercoris	103.3237767165
PANTOSYN-PWY: superpathway of coenzyme A biosynthesis I (bacteria)|g__Dorea.s__Dorea_longicatena	95.0151438820
PANTOSYN-PWY: superpathway of coenzyme A biosynthesis I (bacteria)|g__Lachnospiraceae_unclassified.s__Eubacterium_rectale	90.5349589321
PANTOSYN-PWY: superpathway of coenzyme A biosynthesis I (bacteria)|g__Alistipes.s__Alistipes_putredinis	81.2883790106
PANTOSYN-PWY: superpathway of coenzyme A biosynthesis I (bacteria)|g__Bacteroides.s__Bacteroides_uniformis	80.8537993186
PANTOSYN-PWY: superpathway of coenzyme A biosynthesis I (bacteria)|g__Eubacterium.s__Eubacterium_hallii	72.1903625676
PANTOSYN-PWY: superpathway of coenzyme A biosynthesis I (bacteria)|g__Clostridium.s__Clostridium_sp_AF36_4	70.8928716728
PANTOSYN-PWY: superpathway of coenzyme A biosynthesis I (bacteria)|g__Roseburia.s__Roseburia_intestinalis	67.0501770914
PANTOSYN-PWY: superpathway of coenzyme A biosynthesis I (bacteria)|g__Bacteroides.s__Bacteroides_cellulosilyticus	52.4144034374
PANTOSYN-PWY: superpathway of coenzyme A biosynthesis I (bacteria)|g__Ruminococcus.s__Ruminococcus_lactaris	50.6869759384
PANTOSYN-PWY: superpathway of coenzyme A biosynthesis I (bacteria)|g__Roseburia.s__Roseburia_faecis	46.1773011191
PANTOSYN-PWY: superpathway of coenzyme A biosynthesis I (bacteria)|g__Bacteroides.s__Bacteroides_dorei	31.7209538699
PANTOSYN-PWY: superpathway of coenzyme A biosynthesis I (bacteria)|g__Candidatus_Gastranaerophilales_unclassified.s__Candidatus_Gastranaerophilales_bacterium_HUM_10	26.7847178640
PANTOSYN-PWY: superpathway of coenzyme A biosynthesis I (bacteria)|g__Firmicutes_unclassified.s__Firmicutes_bacterium_CAG_41	26.5896292900
PANTOSYN-PWY: superpathway of coenzyme A biosynthesis I (bacteria)|g__Bacteroides.s__Bacteroides_vulgatus	26.0941392559
PANTOSYN-PWY: superpathway of coenzyme A biosynthesis I (bacteria)|g__Bacteroides.s__Bacteroides_massiliensis	22.2149115900
PANTOSYN-PWY: superpathway of coenzyme A biosynthesis I (bacteria)|g__Dorea.s__Dorea_formicigenerans	22.1601091009
PANTOSYN-PWY: superpathway of coenzyme A biosynthesis I (bacteria)|g__Barnesiella.s__Barnesiella_intestinihominis	19.3753434757
PANTOSYN-PWY: superpathway of coenzyme A biosynthesis I (bacteria)|g__Bacteroides.s__Bacteroides_ovatus	16.3311912794
PANTOSYN-PWY: superpathway of coenzyme A biosynthesis I (bacteria)|g__Bacteroides.s__Bacteroides_clarus	11.7213064967
RIBOSYN2-PWY: flavin biosynthesis I (bacteria and plants)	8620.6249940423
RIBOSYN2-PWY: flavin biosynthesis I (bacteria and plants)|g__Faecalibacterium.s__Faecalibacterium_prausnitzii	1940.3962078158
RIBOSYN2-PWY: flavin biosynthesis I (bacteria and plants)|unclassified	1243.5978966844
RIBOSYN2-PWY: flavin biosynthesis I (bacteria and plants)|g__Blautia.s__Ruminococcus_torques	690.8586674393
RIBOSYN2-PWY: flavin biosynthesis I (bacteria and plants)|g__Blautia.s__Blautia_obeum	469.6783166358
RIBOSYN2-PWY: flavin biosynthesis I (bacteria and plants)|g__Lachnospiraceae_unclassified.s__Eubacterium_rectale	204.8123746929
RIBOSYN2-PWY: flavin biosynthesis I (bacteria and plants)|g__Eubacterium.s__Eubacterium_eligens	188.4495053057
RIBOSYN2-PWY: flavin biosynthesis I (bacteria and plants)|g__Eubacterium.s__Eubacterium_hallii	162.2676201558
RIBOSYN2-PWY: flavin biosynthesis I (bacteria and plants)|g__Blautia.s__Blautia_sp	158.8542903876
RIBOSYN2-PWY: flavin biosynthesis I (bacteria and plants)|g__Blautia.s__Blautia_wexlerae	117.7028756260
RIBOSYN2-PWY: flavin biosynthesis I (bacteria and plants)|g__Dorea.s__Dorea_longicatena	97.9016309443
RIBOSYN2-PWY: flavin biosynthesis I (bacteria and plants)|g__Agathobaculum.s__Agathobaculum_butyriciproducens	93.7221966178
RIBOSYN2-PWY: flavin biosynthesis I (bacteria and plants)|g__Anaerostipes.s__Anaerostipes_hadrus	78.8833234738
RIBOSYN2-PWY: flavin biosynthesis I (bacteria and plants)|g__Coprococcus.s__Coprococcus_catus	46.9668593042
RIBOSYN2-PWY: flavin biosynthesis I (bacteria and plants)|g__Roseburia.s__Roseburia_faecis	42.3677043093
RIBOSYN2-PWY: flavin biosynthesis I (bacteria and plants)|g__Bacteroides.s__Bacteroides_dorei	26.6345514249
RIBOSYN2-PWY: flavin biosynthesis I (bacteria and plants)|g__Dorea.s__Dorea_formicigenerans	15.1142604571
RIBOSYN2-PWY: flavin biosynthesis I (bacteria and plants)|g__Bacteroides.s__Bacteroides_vulgatus	14.4397605674
PWY-6124: inosine-5'-phosphate biosynthesis II	8536.6372721605
PWY-6124: inosine-5'-phosphate biosynthesis II|g__Faecalibacterium.s__Faecalibacterium_prausnitzii	1757.2706217701
PWY-6124: inosine-5'-phosphate biosynthesis II|unclassified	1139.4589248107
PWY-6124: inosine-5'-phosphate biosynthesis II|g__Blautia.s__Ruminococcus_torques	472.4994225421
PWY-6124: inosine-5'-phosphate biosynthesis II|g__Blautia.s__Blautia_obeum	403.5213012236
PWY-6124: inosine-5'-phosphate biosynthesis II|g__Anaerostipes.s__Anaerostipes_hadrus	326.2828425842
PWY-6124: inosine-5'-phosphate biosynthesis II|g__Blautia.s__Blautia_sp	301.0916689992
PWY-6124: inosine-5'-phosphate biosynthesis II|g__Collinsella.s__Collinsella_aerofaciens	284.1701926657
PWY-6124: inosine-5'-phosphate biosynthesis II|g__Blautia.s__Blautia_wexlerae	268.6503303487
PWY-6124: inosine-5'-phosphate biosynthesis II|g__Dialister.s__Dialister_invisus	227.8267533822
PWY-6124: inosine-5'-phosphate biosynthesis II|g__Clostridiales_unclassified.s__Clostridiales_bacterium_KLE1615	183.4554260996
PWY-6124: inosine-5'-phosphate biosynthesis II|g__Bifidobacterium.s__Bifidobacterium_adolescentis	166.9461533977
PWY-6124: inosine-5'-phosphate biosynthesis II|g__Eubacterium.s__Eubacterium_hallii	151.9402859060
PWY-6124: inosine-5'-phosphate biosynthesis II|g__Eggerthella.s__Eggerthella_sp_CAG_209	148.2306139708
PWY-6124: inosine-5'-phosphate biosynthesis II|g__Alistipes.s__Alistipes_putredinis	100.0715411141
PWY-6124: inosine-5'-phosphate biosynthesis II|g__Bacteroides.s__Bacteroides_stercoris	94.0153358730
PWY-6124: inosine-5'-phosphate biosynthesis II|g__Methanobrevibacter.s__Methanobrevibacter_smithii	85.3565024975
PWY-6124: inosine-5'-phosphate biosynthesis II|g__Bacteroides.s__Bacteroides_uniformis	79.2817679802
PWY-6124: inosine-5'-phosphate biosynthesis II|g__Bacteroides.s__Bacteroides_cellulosilyticus	66.4144144875
PWY-6124: inosine-5'-phosphate biosynthesis II|g__Ruminococcus.s__Ruminococcus_lactaris	65.4904117552
PWY-6124: inosine-5'-phosphate biosynthesis II|g__Bifidobacterium.s__Bifidobacterium_pseudocatenulatum	62.9792702473
PWY-6124: inosine-5'-phosphate biosynthesis II|g__Bacteroides.s__Bacteroides_dorei	48.4585918887
PWY-6124: inosine-5'-phosphate biosynthesis II|g__Coprococcus.s__Coprococcus_catus	41.4659330892
PWY-6124: inosine-5'-phosphate biosynthesis II|g__Bacteroides.s__Bacteroides_vulgatus	33.5345141859
PWY-6124: inosine-5'-phosphate biosynthesis II|g__Bacteroides.s__Bacteroides_massiliensis	31.9702385488
PWY-6124: inosine-5'-phosphate biosynthesis II|g__Firmicutes_unclassified.s__Firmicutes_bacterium_AF16_15	31.3814486358
PWY-6124: inosine-5'-phosphate biosynthesis II|g__Ruminococcus.s__Ruminococcus_sp_AF31_8BH	29.5029491796
PWY-6124: inosine-5'-phosphate biosynthesis II|g__Streptococcus.s__Streptococcus_thermophilus	25.6957510583
PWY-6124: inosine-5'-phosphate biosynthesis II|g__Barnesiella.s__Barnesiella_intestinihominis	21.8414141230
PWY-6124: inosine-5'-phosphate biosynthesis II|g__Bacteroides.s__Bacteroides_ovatus	19.8907896338
PWY-6124: inosine-5'-phosphate biosynthesis II|g__Coprococcus.s__Coprococcus_comes	10.1171026048
PWY-6124: inosine-5'-phosphate biosynthesis II|g__Bacteroides.s__Bacteroides_clarus	9.5654841697
PWY-6124: inosine-5'-phosphate biosynthesis II|g__Erysipelatoclostridium.s__Clostridium_spiroforme	8.2417627289
PWY-6124: inosine-5'-phosphate biosynthesis II|g__Streptococcus.s__Streptococcus_salivarius	6.8895063702
PWY-6124: inosine-5'-phosphate biosynthesis II|g__Bacteroides.s__Bacteroides_caccae	6.6013211261
PWY-6124: inosine-5'-phosphate biosynthesis II|g__Bacteroides.s__Bacteroides_xylanisolvens	6.2775543885
PWY-6124: inosine-5'-phosphate biosynthesis II|g__Alistipes.s__Alistipes_finegoldii	5.2183876353
PWY-6124: inosine-5'-phosphate biosynthesis II|g__Bacteroides.s__Bacteroides_thetaiotaomicron	5.1133005390
PWY-6124: inosine-5'-phosphate biosynthesis II|g__Streptococcus.s__Streptococcus_pneumoniae	1.5059677237
PWY-6124: inosine-5'-phosphate biosynthesis II|g__Alistipes.s__Alistipes_onderdonkii	1.1638930809
PWY-6823: molybdopterin biosynthesis	8466.0755825347
PWY-6823: molybdopterin biosynthesis|g__Faecalibacterium.s__Faecalibacterium_prausnitzii	1779.5098991231
PWY-6823: molybdopterin biosynthesis|g__Blautia.s__Ruminococcus_torques	786.3727489079
PWY-6823: molybdopterin biosynthesis|unclassified	781.7970727173
PWY-6823: molybdopterin biosynthesis|g__Blautia.s__Blautia_sp	728.0119314535
PWY-6823: molybdopterin biosynthesis|g__Blautia.s__Blautia_obeum	711.3730975177
PWY-6823: molybdopterin biosynthesis|g__Fusicatenibacter.s__Fusicatenibacter_saccharivorans	664.9942410518
PWY-6823: molybdopterin biosynthesis|g__Lachnospiraceae_unclassified.s__Eubacterium_rectale	503.6989020974
PWY-6823: molybdopterin biosynthesis|g__Anaerostipes.s__Anaerostipes_hadrus	210.3224615459
PWY-6823: molybdopterin biosynthesis|g__Firmicutes_unclassified.s__Firmicutes_bacterium_CAG_56	189.1276787944
PWY-6823: molybdopterin biosynthesis|g__Clostridiales_unclassified.s__Clostridiales_bacterium_KLE1615	158.3460400114
PWY-6823: molybdopterin biosynthesis|g__Eubacterium.s__Eubacterium_hallii	124.4875469985
PWY-6823: molybdopterin biosynthesis|g__Agathobaculum.s__Agathobaculum_butyriciproducens	92.5500764796
PWY-6823: molybdopterin biosynthesis|g__Methanobrevibacter.s__Methanobrevibacter_smithii	83.0902830217
PWY-6823: molybdopterin biosynthesis|g__Roseburia.s__Roseburia_faecis	81.4518598775
PWY-6823: molybdopterin biosynthesis|g__Roseburia.s__Roseburia_intestinalis	76.6576698311
PWY-6823: molybdopterin biosynthesis|g__Blautia.s__Blautia_wexlerae	68.3463320849
PWY-6823: molybdopterin biosynthesis|g__Blautia.s__Blautia_sp_CAG_52	57.4229639584
PWY-6823: molybdopterin biosynthesis|g__Clostridium.s__Clostridium_sp_CAG_122	54.1261178488
PWY-6823: molybdopterin biosynthesis|g__Coprococcus.s__Coprococcus_catus	49.7710289257
PWY-6823: molybdopterin biosynthesis|g__Bilophila.s__Bilophila_wadsworthia	40.8313607606
PWY-6823: molybdopterin biosynthesis|g__Roseburia.s__Roseburia_inulinivorans	37.2535984210
PWY-6823: molybdopterin biosynthesis|g__Clostridium.s__Clostridium_sp_AM22_11AC	17.5113823353
PWY-6823: molybdopterin biosynthesis|g__Dorea.s__Dorea_formicigenerans	17.3591658734
PWY-6823: molybdopterin biosynthesis|g__Actinomyces.s__Actinomyces_sp_ICM47	17.1147650194
PWY-6823: molybdopterin biosynthesis|g__Coprococcus.s__Coprococcus_comes	14.3728416520
PWY-7977: L-methionine biosynthesis IV	8293.6837906520
PWY-7977: L-methionine biosynthesis IV|unclassified	1134.3001268827
PWY-7977: L-methionine biosynthesis IV|g__Collinsella.s__Collinsella_aerofaciens	335.9283071865
PWY-7977: L-methionine biosynthesis IV|g__Anaerostipes.s__Anaerostipes_hadrus	281.8896870681
PWY-7977: L-methionine biosynthesis IV|g__Blautia.s__Ruminococcus_torques	252.2680465522
PWY-7977: L-methionine biosynthesis IV|g__Fusicatenibacter.s__Fusicatenibacter_saccharivorans	228.2759572737
PWY-7977: L-methionine biosynthesis IV|g__Dorea.s__Dorea_longicatena	218.6167464576
PWY-7977: L-methionine biosynthesis IV|g__Eubacterium.s__Eubacterium_eligens	191.7323665312
PWY-7977: L-methionine biosynthesis IV|g__Faecalibacterium.s__Faecalibacterium_prausnitzii	140.2767421746
PWY-7977: L-methionine biosynthesis IV|g__Eubacterium.s__Eubacterium_hallii	130.5678602632
PWY-7977: L-methionine biosynthesis IV|g__Bacteroides.s__Bacteroides_uniformis	99.8298012215
PWY-7977: L-methionine biosynthesis IV|g__Alistipes.s__Alistipes_putredinis	99.5588013088
PWY-7977: L-methionine biosynthesis IV|g__Bacteroides.s__Bacteroides_stercoris	93.1123274850
PWY-7977: L-methionine biosynthesis IV|g__Coprococcus.s__Coprococcus_catus	57.4737945782
PWY-7977: L-methionine biosynthesis IV|g__Bacteroides.s__Bacteroides_cellulosilyticus	41.7191293771
PWY-7977: L-methionine biosynthesis IV|g__Bacteroides.s__Bacteroides_dorei	30.1559056943
PWY-7977: L-methionine biosynthesis IV|g__Bacteroides.s__Bacteroides_vulgatus	26.6201387229
PWY-7977: L-methionine biosynthesis IV|g__Bacteroides.s__Bacteroides_massiliensis	22.0813167595
PWY-7977: L-methionine biosynthesis IV|g__Barnesiella.s__Barnesiella_intestinihominis	21.3736845703
PWY-7977: L-methionine biosynthesis IV|g__Alistipes.s__Alistipes_finegoldii	15.8045876362
PWY-7977: L-methionine biosynthesis IV|g__Bacteroides.s__Bacteroides_ovatus	15.5342336537
PWY-7977: L-methionine biosynthesis IV|g__Parabacteroides.s__Parabacteroides_distasonis	12.7963849235
PWY-7977: L-methionine biosynthesis IV|g__Coprococcus.s__Coprococcus_comes	12.7143987275
PWY-7977: L-methionine biosynthesis IV|g__Bacteroides.s__Bacteroides_clarus	10.4364869573
PWY-7977: L-methionine biosynthesis IV|g__Flavonifractor.s__Flavonifractor_plautii	8.0688657888
PWY-7977: L-methionine biosynthesis IV|g__Bacteroides.s__Bacteroides_thetaiotaomicron	6.0653391024
PWY-7977: L-methionine biosynthesis IV|g__Bacteroides.s__Bacteroides_xylanisolvens	5.9006849527
PWY-7977: L-methionine biosynthesis IV|g__Alistipes.s__Alistipes_onderdonkii	4.6777569254
PWY-7977: L-methionine biosynthesis IV|g__Bacteroides.s__Bacteroides_caccae	3.2878626933
PWY-7977: L-methionine biosynthesis IV|g__Bacteroides.s__Bacteroides_intestinalis	1.4608926296
P41-PWY: pyruvate fermentation to acetate and (S)-lactate I	8094.1879969699
P41-PWY: pyruvate fermentation to acetate and (S)-lactate I|unclassified	948.3243534927
P41-PWY: pyruvate fermentation to acetate and (S)-lactate I|g__Blautia.s__Blautia_obeum	475.5897559057
P41-PWY: pyruvate fermentation to acetate and (S)-lactate I|g__Fusicatenibacter.s__Fusicatenibacter_saccharivorans	469.2799777521
P41-PWY: pyruvate fermentation to acetate and (S)-lactate I|g__Blautia.s__Ruminococcus_torques	402.5585315822
P41-PWY: pyruvate fermentation to acetate and (S)-lactate I|g__Collinsella.s__Collinsella_aerofaciens	401.1265959981
P41-PWY: pyruvate fermentation to acetate and (S)-lactate I|g__Blautia.s__Blautia_sp	384.1406403482
P41-PWY: pyruvate fermentation to acetate and (S)-lactate I|g__Anaerostipes.s__Anaerostipes_hadrus	348.5560729373
P41-PWY: pyruvate fermentation to acetate and (S)-lactate I|g__Lachnospiraceae_unclassified.s__Eubacterium_rectale	338.4186298247
P41-PWY: pyruvate fermentation to acetate and (S)-lactate I|g__Bifidobacterium.s__Bifidobacterium_adolescentis	213.2701036563
P41-PWY: pyruvate fermentation to acetate and (S)-lactate I|g__Eubacterium.s__Eubacterium_hallii	204.2925136005
P41-PWY: pyruvate fermentation to acetate and (S)-lactate I|g__Bifidobacterium.s__Bifidobacterium_longum	152.2742269416
P41-PWY: pyruvate fermentation to acetate and (S)-lactate I|g__Blautia.s__Blautia_wexlerae	135.1789924186
P41-PWY: pyruvate fermentation to acetate and (S)-lactate I|g__Agathobaculum.s__Agathobaculum_butyriciproducens	84.6362277273
P41-PWY: pyruvate fermentation to acetate and (S)-lactate I|g__Roseburia.s__Roseburia_inulinivorans	63.5527641018
P41-PWY: pyruvate fermentation to acetate and (S)-lactate I|g__Roseburia.s__Roseburia_intestinalis	63.0951113528
P41-PWY: pyruvate fermentation to acetate and (S)-lactate I|g__Coprococcus.s__Coprococcus_catus	55.6634904789
P41-PWY: pyruvate fermentation to acetate and (S)-lactate I|g__Bifidobacterium.s__Bifidobacterium_pseudocatenulatum	41.1251984626
P41-PWY: pyruvate fermentation to acetate and (S)-lactate I|g__Roseburia.s__Roseburia_faecis	40.2500989356
P41-PWY: pyruvate fermentation to acetate and (S)-lactate I|g__Ruminococcus.s__Ruminococcus_lactaris	37.0005988272
P41-PWY: pyruvate fermentation to acetate and (S)-lactate I|g__Ruminococcus.s__Ruminococcus_sp_AF31_8BH	31.3146701720
P41-PWY: pyruvate fermentation to acetate and (S)-lactate I|g__Dorea.s__Dorea_formicigenerans	20.2145858467
P41-PWY: pyruvate fermentation to acetate and (S)-lactate I|g__Streptococcus.s__Streptococcus_thermophilus	12.4046988997
P41-PWY: pyruvate fermentation to acetate and (S)-lactate I|g__Roseburia.s__Roseburia_hominis	7.4614942690
P41-PWY: pyruvate fermentation to acetate and (S)-lactate I|g__Streptococcus.s__Streptococcus_pneumoniae	7.2891099256
P41-PWY: pyruvate fermentation to acetate and (S)-lactate I|g__Flavonifractor.s__Flavonifractor_plautii	6.4625771010
P41-PWY: pyruvate fermentation to acetate and (S)-lactate I|g__Eubacterium.s__Eubacterium_sp_AF17_7	5.9727614898
PWY-5100: pyruvate fermentation to acetate and lactate II	8094.1879969699
PWY-5100: pyruvate fermentation to acetate and lactate II|unclassified	1299.4458945577
PWY-5100: pyruvate fermentation to acetate and lactate II|g__Blautia.s__Blautia_obeum	475.5897559057
PWY-5100: pyruvate fermentation to acetate and lactate II|g__Fusicatenibacter.s__Fusicatenibacter_saccharivorans	469.2799777521
PWY-5100: pyruvate fermentation to acetate and lactate II|g__Blautia.s__Ruminococcus_torques	402.5585315822
PWY-5100: pyruvate fermentation to acetate and lactate II|g__Collinsella.s__Collinsella_aerofaciens	401.1265959981
PWY-5100: pyruvate fermentation to acetate and lactate II|g__Blautia.s__Blautia_sp	384.1406403482
PWY-5100: pyruvate fermentation to acetate and lactate II|g__Anaerostipes.s__Anaerostipes_hadrus	358.0154530851
PWY-5100: pyruvate fermentation to acetate and lactate II|g__Lachnospiraceae_unclassified.s__Eubacterium_rectale	338.4186298247
PWY-5100: pyruvate fermentation to acetate and lactate II|g__Eubacterium.s__Eubacterium_hallii	310.2512565758
PWY-5100: pyruvate fermentation to acetate and lactate II|g__Bifidobacterium.s__Bifidobacterium_adolescentis	213.2701036563
PWY-5100: pyruvate fermentation to acetate and lactate II|g__Bifidobacterium.s__Bifidobacterium_longum	152.2742269416
PWY-5100: pyruvate fermentation to acetate and lactate II|g__Blautia.s__Blautia_wexlerae	135.1789924186
PWY-5100: pyruvate fermentation to acetate and lactate II|g__Agathobaculum.s__Agathobaculum_butyriciproducens	84.6362277273
PWY-5100: pyruvate fermentation to acetate and lactate II|g__Roseburia.s__Roseburia_intestinalis	77.5431178084
PWY-5100: pyruvate fermentation to acetate and lactate II|g__Coprococcus.s__Coprococcus_catus	77.3093538453
PWY-5100: pyruvate fermentation to acetate and lactate II|g__Roseburia.s__Roseburia_inulinivorans	63.5527641018
PWY-5100: pyruvate fermentation to acetate and lactate II|g__Eubacterium.s__Eubacterium_ramulus	54.0568049729
PWY-5100: pyruvate fermentation to acetate and lactate II|g__Bifidobacterium.s__Bifidobacterium_pseudocatenulatum	41.1251984626
PWY-5100: pyruvate fermentation to acetate and lactate II|g__Roseburia.s__Roseburia_faecis	40.2500989356
PWY-5100: pyruvate fermentation to acetate and lactate II|g__Ruminococcus.s__Ruminococcus_lactaris	37.0005988272
PWY-5100: pyruvate fermentation to acetate and lactate II|g__Ruminococcus.s__Ruminococcus_sp_AF31_8BH	31.3146701720
PWY-5100: pyruvate fermentation to acetate and lactate II|g__Dorea.s__Dorea_formicigenerans	20.2145858467
PWY-5100: pyruvate fermentation to acetate and lactate II|g__Streptococcus.s__Streptococcus_thermophilus	12.4046988997
PWY-5100: pyruvate fermentation to acetate and lactate II|g__Roseburia.s__Roseburia_hominis	7.4614942690
PWY-5100: pyruvate fermentation to acetate and lactate II|g__Streptococcus.s__Streptococcus_pneumoniae	7.2891099256
PWY-5100: pyruvate fermentation to acetate and lactate II|g__Flavonifractor.s__Flavonifractor_plautii	6.4625771010
PWY-5100: pyruvate fermentation to acetate and lactate II|g__Eubacterium.s__Eubacterium_sp_AF17_7	5.9727614898
PWY-3001: superpathway of L-isoleucine biosynthesis I	8034.0253288071
PWY-3001: superpathway of L-isoleucine biosynthesis I|unclassified	656.5153393497
PWY-3001: superpathway of L-isoleucine biosynthesis I|g__Blautia.s__Ruminococcus_torques	433.9983544012
PWY-3001: superpathway of L-isoleucine biosynthesis I|g__Eubacterium.s__Eubacterium_hallii	161.9945426851
PWY-3001: superpathway of L-isoleucine biosynthesis I|g__Bifidobacterium.s__Bifidobacterium_longum	131.9309850126
PWY-3001: superpathway of L-isoleucine biosynthesis I|g__Streptococcus.s__Streptococcus_thermophilus	31.2782509099
PWY-3001: superpathway of L-isoleucine biosynthesis I|g__Streptococcus.s__Streptococcus_pneumoniae	5.4181941628
PANTO-PWY: phosphopantothenate biosynthesis I	7838.4242637038
PANTO-PWY: phosphopantothenate biosynthesis I|unclassified	1652.6961906515
PANTO-PWY: phosphopantothenate biosynthesis I|g__Lachnospiraceae_unclassified.s__Eubacterium_rectale	540.5618429535
PANTO-PWY: phosphopantothenate biosynthesis I|g__Blautia.s__Blautia_obeum	515.4819093293
PANTO-PWY: phosphopantothenate biosynthesis I|g__Blautia.s__Ruminococcus_torques	434.0243741631
PANTO-PWY: phosphopantothenate biosynthesis I|g__Anaerostipes.s__Anaerostipes_hadrus	389.3379227984
PANTO-PWY: phosphopantothenate biosynthesis I|g__Eubacterium.s__Eubacterium_hallii	203.2555214740
PANTO-PWY: phosphopantothenate biosynthesis I|g__Ruminococcus.s__Ruminococcus_sp_CAG_403	195.4378236647
PANTO-PWY: phosphopantothenate biosynthesis I|g__Agathobaculum.s__Agathobaculum_butyriciproducens	148.5671148793
PANTO-PWY: phosphopantothenate biosynthesis I|g__Blautia.s__Blautia_wexlerae	125.4108209261
PANTO-PWY: phosphopantothenate biosynthesis I|g__Eggerthella.s__Eggerthella_sp_CAG_209	123.5985321579
PANTO-PWY: phosphopantothenate biosynthesis I|g__Bacteroides.s__Bacteroides_stercoris	110.1391993859
PANTO-PWY: phosphopantothenate biosynthesis I|g__Blautia.s__Blautia_sp	92.7872202169
PANTO-PWY: phosphopantothenate biosynthesis I|g__Dorea.s__Dorea_longicatena	84.1697118576
PANTO-PWY: phosphopantothenate biosynthesis I|g__Roseburia.s__Roseburia_intestinalis	80.1069638526
PANTO-PWY: phosphopantothenate biosynthesis I|g__Bacteroides.s__Bacteroides_uniformis	78.1847124332
PANTO-PWY: phosphopantothenate biosynthesis I|g__Bacteroides.s__Bacteroides_cellulosilyticus	73.9919849205
PANTO-PWY: phosphopantothenate biosynthesis I|g__Alistipes.s__Alistipes_putredinis	67.9500063442
PANTO-PWY: phosphopantothenate biosynthesis I|g__Clostridium.s__Clostridium_sp_AF36_4	67.9071692438
PANTO-PWY: phosphopantothenate biosynthesis I|g__Clostridium.s__Clostridium_sp_CAG_122	65.2387936768
PANTO-PWY: phosphopantothenate biosynthesis I|g__Ruminococcus.s__Ruminococcus_lactaris	54.9382449436
PANTO-PWY: phosphopantothenate biosynthesis I|g__Roseburia.s__Roseburia_faecis	50.8458717871
PANTO-PWY: phosphopantothenate biosynthesis I|g__Bilophila.s__Bilophila_wadsworthia	35.7897399268
PANTO-PWY: phosphopantothenate biosynthesis I|g__Firmicutes_unclassified.s__Firmicutes_bacterium_CAG_41	34.5267927571
PANTO-PWY: phosphopantothenate biosynthesis I|g__Candidatus_Gastranaerophilales_unclassified.s__Candidatus_Gastranaerophilales_bacterium_HUM_10	33.5974905749
PANTO-PWY: phosphopantothenate biosynthesis I|g__Bacteroides.s__Bacteroides_vulgatus	32.0372507827
PANTO-PWY: phosphopantothenate biosynthesis I|g__Bacteroides.s__Bacteroides_dorei	27.8982571594
PANTO-PWY: phosphopantothenate biosynthesis I|g__Bacteroides.s__Bacteroides_massiliensis	25.0527937763
PANTO-PWY: phosphopantothenate biosynthesis I|g__Firmicutes_unclassified.s__Firmicutes_bacterium_CAG_102	22.7788057164
PANTO-PWY: phosphopantothenate biosynthesis I|g__Asaccharobacter.s__Asaccharobacter_celatus	20.2316598245
PANTO-PWY: phosphopantothenate biosynthesis I|g__Dorea.s__Dorea_formicigenerans	20.0918026251
PANTO-PWY: phosphopantothenate biosynthesis I|g__Parabacteroides.s__Parabacteroides_distasonis	19.3702524387
PANTO-PWY: phosphopantothenate biosynthesis I|g__Barnesiella.s__Barnesiella_intestinihominis	17.1181661760
PANTO-PWY: phosphopantothenate biosynthesis I|g__Bacteroides.s__Bacteroides_clarus	16.6673083069
PANTO-PWY: phosphopantothenate biosynthesis I|g__Bacteroides.s__Bacteroides_ovatus	15.7363413257
PANTO-PWY: phosphopantothenate biosynthesis I|g__Bacteroides.s__Bacteroides_thetaiotaomicron	13.4852612928
PANTO-PWY: phosphopantothenate biosynthesis I|g__Desulfovibrio.s__Desulfovibrio_fairfieldensis	10.9848386771
PANTO-PWY: phosphopantothenate biosynthesis I|g__Bacteroides.s__Bacteroides_xylanisolvens	9.5073426136
PANTO-PWY: phosphopantothenate biosynthesis I|g__Alistipes.s__Alistipes_onderdonkii	8.6566367401
PANTO-PWY: phosphopantothenate biosynthesis I|g__Bacteroides.s__Bacteroides_intestinalis	1.8364145860
PWY-7237: myo-, chiro- and scyllo-inositol degradation	7686.6526686535
PWY-7237: myo-, chiro- and scyllo-inositol degradation|unclassified	1307.0296505701
PWY-7237: myo-, chiro- and scyllo-inositol degradation|g__Agathobaculum.s__Agathobaculum_butyriciproducens	663.1892329708
PWY-7237: myo-, chiro- and scyllo-inositol degradation|g__Blautia.s__Blautia_obeum	580.1447324554
PWY-7237: myo-, chiro- and scyllo-inositol degradation|g__Anaerostipes.s__Anaerostipes_hadrus	501.9739581047
PWY-7237: myo-, chiro- and scyllo-inositol degradation|g__Blautia.s__Blautia_sp	261.6730516600
OANTIGEN-PWY: O-antigen building blocks biosynthesis (E. coli)	7555.3387625419
OANTIGEN-PWY: O-antigen building blocks biosynthesis (E. coli)|unclassified	1176.5652265864
OANTIGEN-PWY: O-antigen building blocks biosynthesis (E. coli)|g__Collinsella.s__Collinsella_aerofaciens	386.7907821680
OANTIGEN-PWY: O-antigen building blocks biosynthesis (E. coli)|g__Streptococcus.s__Streptococcus_thermophilus	21.1579953061
THRESYN-PWY: superpathway of L-threonine biosynthesis	7428.7639398576
THRESYN-PWY: superpathway of L-threonine biosynthesis|unclassified	1539.4669643371
THRESYN-PWY: superpathway of L-threonine biosynthesis|g__Faecalibacterium.s__Faecalibacterium_prausnitzii	517.5847268224
THRESYN-PWY: superpathway of L-threonine biosynthesis|g__Blautia.s__Ruminococcus_torques	375.6005770997
THRESYN-PWY: superpathway of L-threonine biosynthesis|g__Collinsella.s__Collinsella_aerofaciens	348.2167681055
THRESYN-PWY: superpathway of L-threonine biosynthesis|g__Bifidobacterium.s__Bifidobacterium_adolescentis	267.1567547670
THRESYN-PWY: superpathway of L-threonine biosynthesis|g__Anaerostipes.s__Anaerostipes_hadrus	238.2573109274
THRESYN-PWY: superpathway of L-threonine biosynthesis|g__Dialister.s__Dialister_invisus	222.0252661314
THRESYN-PWY: superpathway of L-threonine biosynthesis|g__Blautia.s__Blautia_obeum	195.5728560077
THRESYN-PWY: superpathway of L-threonine biosynthesis|g__Eubacterium.s__Eubacterium_hallii	165.1921088605
THRESYN-PWY: superpathway of L-threonine biosynthesis|g__Bifidobacterium.s__Bifidobacterium_longum	134.8081543133
THRESYN-PWY: superpathway of L-threonine biosynthesis|g__Bacteroides.s__Bacteroides_stercoris	102.5361841194
THRESYN-PWY: superpathway of L-threonine biosynthesis|g__Bifidobacterium.s__Bifidobacterium_pseudocatenulatum	95.6765230829
THRESYN-PWY: superpathway of L-threonine biosynthesis|g__Streptococcus.s__Streptococcus_thermophilus	35.8766355679
THRESYN-PWY: superpathway of L-threonine biosynthesis|g__Bacteroides.s__Bacteroides_dorei	32.3084652190
THRESYN-PWY: superpathway of L-threonine biosynthesis|g__Bacteroides.s__Bacteroides_massiliensis	27.2251631488
THRESYN-PWY: superpathway of L-threonine biosynthesis|g__Candidatus_Gastranaerophilales_unclassified.s__Candidatus_Gastranaerophilales_bacterium_HUM_10	25.9433352723
THRESYN-PWY: superpathway of L-threonine biosynthesis|g__Bacteroides.s__Bacteroides_uniformis	25.5823058947
THRESYN-PWY: superpathway of L-threonine biosynthesis|g__Bacteroides.s__Bacteroides_intestinalis	25.2463256234
THRESYN-PWY: superpathway of L-threonine biosynthesis|g__Bacteroides.s__Bacteroides_vulgatus	23.4194638481
THRESYN-PWY: superpathway of L-threonine biosynthesis|g__Bacteroides.s__Bacteroides_clarus	16.3601481374
THRESYN-PWY: superpathway of L-threonine biosynthesis|g__Streptococcus.s__Streptococcus_pneumoniae	5.8499744276
THRESYN-PWY: superpathway of L-threonine biosynthesis|g__Streptococcus.s__Streptococcus_salivarius	1.7436963619
PWY-7199: pyrimidine deoxyribonucleosides salvage	7420.6425585842
PWY-7199: pyrimidine deoxyribonucleosides salvage|unclassified	1383.9530525665
PWY-7199: pyrimidine deoxyribonucleosides salvage|g__Blautia.s__Ruminococcus_torques	331.2011300780
PWY-7199: pyrimidine deoxyribonucleosides salvage|g__Blautia.s__Blautia_sp	251.9808419185
PWY-7199: pyrimidine deoxyribonucleosides salvage|g__Firmicutes_unclassified.s__Firmicutes_bacterium_CAG_103	150.7333375879
PWY-7199: pyrimidine deoxyribonucleosides salvage|g__Firmicutes_unclassified.s__Firmicutes_bacterium_CAG_176	93.8303482825
PWY-7199: pyrimidine deoxyribonucleosides salvage|g__Bacteroides.s__Bacteroides_stercoris	93.2109469136
PWY-7199: pyrimidine deoxyribonucleosides salvage|g__Bacteroides.s__Bacteroides_uniformis	73.4603394959
PWY-7199: pyrimidine deoxyribonucleosides salvage|g__Bacteroides.s__Bacteroides_dorei	39.2310970556
PWY-7199: pyrimidine deoxyribonucleosides salvage|g__Flavonifractor.s__Flavonifractor_plautii	37.8396935799
PWY-7199: pyrimidine deoxyribonucleosides salvage|g__Bacteroides.s__Bacteroides_vulgatus	36.4175289813
PWY-7199: pyrimidine deoxyribonucleosides salvage|g__Bacteroides.s__Bacteroides_cellulosilyticus	36.3271451323
PWY-7199: pyrimidine deoxyribonucleosides salvage|g__Firmicutes_unclassified.s__Firmicutes_bacterium_CAG_102	34.1060919060
PWY-7199: pyrimidine deoxyribonucleosides salvage|g__Barnesiella.s__Barnesiella_intestinihominis	31.9236936144
PWY-7199: pyrimidine deoxyribonucleosides salvage|g__Bacteroides.s__Bacteroides_massiliensis	31.1257831030
PWY-7199: pyrimidine deoxyribonucleosides salvage|g__Firmicutes_unclassified.s__Firmicutes_bacterium_CAG_110	30.5580136418
PWY-7199: pyrimidine deoxyribonucleosides salvage|g__Bacteroides.s__Bacteroides_ovatus	23.0058359524
PWY-7199: pyrimidine deoxyribonucleosides salvage|g__Firmicutes_unclassified.s__Firmicutes_bacterium_CAG_240	18.0989956594
PWY-7199: pyrimidine deoxyribonucleosides salvage|g__Bacteroides.s__Bacteroides_caccae	12.8753775496
PWY-7199: pyrimidine deoxyribonucleosides salvage|g__Bacteroides.s__Bacteroides_xylanisolvens	11.4297284542
PWY-7199: pyrimidine deoxyribonucleosides salvage|g__Flavonifractor.s__Flavonifractor_sp_An10	11.2091445487
PWY-7199: pyrimidine deoxyribonucleosides salvage|g__Streptococcus.s__Streptococcus_thermophilus	10.7832968689
PWY-7199: pyrimidine deoxyribonucleosides salvage|g__Bacteroides.s__Bacteroides_thetaiotaomicron	7.1699199258
PWY-7199: pyrimidine deoxyribonucleosides salvage|g__Bacteroides.s__Bacteroides_clarus	5.9744778633
PWY-6527: stachyose degradation	7336.4672485373
PWY-6527: stachyose degradation|unclassified	931.5058518819
PWY-6527: stachyose degradation|g__Fusicatenibacter.s__Fusicatenibacter_saccharivorans	693.6498557045
PWY-6527: stachyose degradation|g__Blautia.s__Ruminococcus_torques	625.2526515590
PWY-6527: stachyose degradation|g__Blautia.s__Blautia_obeum	369.5126240793
PWY-6527: stachyose degradation|g__Faecalibacterium.s__Faecalibacterium_prausnitzii	330.1045117572
PWY-6527: stachyose degradation|g__Blautia.s__Blautia_wexlerae	280.5343982417
PWY-6527: stachyose degradation|g__Clostridiales_unclassified.s__Clostridiales_bacterium_KLE1615	154.2105583764
PWY-6527: stachyose degradation|g__Clostridium.s__Clostridium_sp_CAG_75	102.7374037159
PWY-6527: stachyose degradation|g__Blautia.s__Blautia_sp	91.5049138867
PWY-6527: stachyose degradation|g__Roseburia.s__Roseburia_intestinalis	77.5884308173
PWY-6527: stachyose degradation|g__Bifidobacterium.s__Bifidobacterium_longum	77.1518401979
PWY-6527: stachyose degradation|g__Clostridium.s__Clostridium_sp_AF36_4	74.2626510906
PWY-6527: stachyose degradation|g__Roseburia.s__Roseburia_faecis	61.8537733326
PWY-6527: stachyose degradation|g__Ruminococcus.s__Ruminococcus_bicirculans	58.0555949104
PWY-6527: stachyose degradation|g__Roseburia.s__Roseburia_inulinivorans	56.3509328743
PWY-6527: stachyose degradation|g__Eubacterium.s__Eubacterium_ramulus	19.2087912563
PWY-6527: stachyose degradation|g__Dorea.s__Dorea_longicatena	16.3500247107
PWY-6527: stachyose degradation|g__Lachnospiraceae_unclassified.s__Eubacterium_rectale	12.5188847817
SER-GLYSYN-PWY: superpathway of L-serine and glycine biosynthesis I	7141.1789246409
SER-GLYSYN-PWY: superpathway of L-serine and glycine biosynthesis I|unclassified	1522.0559512786
SER-GLYSYN-PWY: superpathway of L-serine and glycine biosynthesis I|g__Blautia.s__Ruminococcus_torques	564.1487443620
SER-GLYSYN-PWY: superpathway of L-serine and glycine biosynthesis I|g__Blautia.s__Blautia_obeum	517.9177281844
SER-GLYSYN-PWY: superpathway of L-serine and glycine biosynthesis I|g__Bifidobacterium.s__Bifidobacterium_adolescentis	281.8988298544
SER-GLYSYN-PWY: superpathway of L-serine and glycine biosynthesis I|g__Collinsella.s__Collinsella_aerofaciens	269.5798113085
SER-GLYSYN-PWY: superpathway of L-serine and glycine biosynthesis I|g__Anaerostipes.s__Anaerostipes_hadrus	243.4162512127
SER-GLYSYN-PWY: superpathway of L-serine and glycine biosynthesis I|g__Dialister.s__Dialister_invisus	239.1651651822
SER-GLYSYN-PWY: superpathway of L-serine and glycine biosynthesis I|g__Blautia.s__Blautia_sp	207.1762882441
SER-GLYSYN-PWY: superpathway of L-serine and glycine biosynthesis I|g__Eubacterium.s__Eubacterium_eligens	196.2913523439
SER-GLYSYN-PWY: superpathway of L-serine and glycine biosynthesis I|g__Blautia.s__Blautia_wexlerae	184.4778564906
SER-GLYSYN-PWY: superpathway of L-serine and glycine biosynthesis I|g__Eubacterium.s__Eubacterium_hallii	151.2411431382
SER-GLYSYN-PWY: superpathway of L-serine and glycine biosynthesis I|g__Dorea.s__Dorea_longicatena	137.7272955509
SER-GLYSYN-PWY: superpathway of L-serine and glycine biosynthesis I|g__Firmicutes_unclassified.s__Firmicutes_bacterium_CAG_56	127.3444217998
SER-GLYSYN-PWY: superpathway of L-serine and glycine biosynthesis I|g__Bifidobacterium.s__Bifidobacterium_longum	113.9744054332
SER-GLYSYN-PWY: superpathway of L-serine and glycine biosynthesis I|g__Alistipes.s__Alistipes_putredinis	91.9360703241
SER-GLYSYN-PWY: superpathway of L-serine and glycine biosynthesis I|g__Bifidobacterium.s__Bifidobacterium_pseudocatenulatum	79.1959848629
SER-GLYSYN-PWY: superpathway of L-serine and glycine biosynthesis I|g__Eubacterium.s__Eubacterium_sp_CAG_115	70.4390742973
SER-GLYSYN-PWY: superpathway of L-serine and glycine biosynthesis I|g__Bacteroides.s__Bacteroides_uniformis	69.5783331660
SER-GLYSYN-PWY: superpathway of L-serine and glycine biosynthesis I|g__Roseburia.s__Roseburia_intestinalis	66.7704548090
SER-GLYSYN-PWY: superpathway of L-serine and glycine biosynthesis I|g__Bacteroides.s__Bacteroides_stercoris	63.2193196253
SER-GLYSYN-PWY: superpathway of L-serine and glycine biosynthesis I|g__Coprococcus.s__Coprococcus_catus	60.3002480295
SER-GLYSYN-PWY: superpathway of L-serine and glycine biosynthesis I|g__Ruminococcus.s__Ruminococcus_lactaris	59.0806078147
SER-GLYSYN-PWY: superpathway of L-serine and glycine biosynthesis I|g__Bacteroides.s__Bacteroides_cellulosilyticus	54.0112946722
SER-GLYSYN-PWY: superpathway of L-serine and glycine biosynthesis I|g__Roseburia.s__Roseburia_inulinivorans	48.9829346461
SER-GLYSYN-PWY: superpathway of L-serine and glycine biosynthesis I|g__Roseburia.s__Roseburia_faecis	44.7544956100
SER-GLYSYN-PWY: superpathway of L-serine and glycine biosynthesis I|g__Adlercreutzia.s__Adlercreutzia_equolifaciens	33.0407718977
SER-GLYSYN-PWY: superpathway of L-serine and glycine biosynthesis I|g__Dorea.s__Dorea_formicigenerans	28.5606561862
SER-GLYSYN-PWY: superpathway of L-serine and glycine biosynthesis I|g__Bacteroides.s__Bacteroides_dorei	27.5339484990
SER-GLYSYN-PWY: superpathway of L-serine and glycine biosynthesis I|g__Asaccharobacter.s__Asaccharobacter_celatus	27.4027438468
SER-GLYSYN-PWY: superpathway of L-serine and glycine biosynthesis I|g__Ruminococcus.s__Ruminococcus_sp_AF31_8BH	23.5597258806
SER-GLYSYN-PWY: superpathway of L-serine and glycine biosynthesis I|g__Eubacterium.s__Eubacterium_ramulus	19.0080161134
SER-GLYSYN-PWY: superpathway of L-serine and glycine biosynthesis I|g__Streptococcus.s__Streptococcus_thermophilus	17.1453892527
SER-GLYSYN-PWY: superpathway of L-serine and glycine biosynthesis I|g__Flavonifractor.s__Flavonifractor_plautii	15.4799419319
SER-GLYSYN-PWY: superpathway of L-serine and glycine biosynthesis I|g__Bacteroides.s__Bacteroides_vulgatus	14.0809255009
SER-GLYSYN-PWY: superpathway of L-serine and glycine biosynthesis I|g__Flavonifractor.s__Flavonifractor_sp_An10	14.0538467527
SER-GLYSYN-PWY: superpathway of L-serine and glycine biosynthesis I|g__Parabacteroides.s__Parabacteroides_distasonis	13.6634435719
SER-GLYSYN-PWY: superpathway of L-serine and glycine biosynthesis I|g__Alistipes.s__Alistipes_finegoldii	13.4832353321
SER-GLYSYN-PWY: superpathway of L-serine and glycine biosynthesis I|g__Faecalibacterium.s__Faecalibacterium_prausnitzii	13.1913035207
SER-GLYSYN-PWY: superpathway of L-serine and glycine biosynthesis I|g__Coprococcus.s__Coprococcus_comes	12.1920855677
SER-GLYSYN-PWY: superpathway of L-serine and glycine biosynthesis I|g__Bacteroides.s__Bacteroides_clarus	7.4369208260
SER-GLYSYN-PWY: superpathway of L-serine and glycine biosynthesis I|g__Bacteroides.s__Bacteroides_ovatus	7.0420225334
SER-GLYSYN-PWY: superpathway of L-serine and glycine biosynthesis I|g__Alistipes.s__Alistipes_onderdonkii	6.9408546704
SER-GLYSYN-PWY: superpathway of L-serine and glycine biosynthesis I|g__Bacteroides.s__Bacteroides_thetaiotaomicron	3.6600068268
SER-GLYSYN-PWY: superpathway of L-serine and glycine biosynthesis I|g__Bacteroides.s__Bacteroides_xylanisolvens	1.8266232975
SER-GLYSYN-PWY: superpathway of L-serine and glycine biosynthesis I|g__Streptococcus.s__Streptococcus_pneumoniae	1.6575679080
PWY0-1586: peptidoglycan maturation (meso-diaminopimelate containing)	6971.9526330033
PWY0-1586: peptidoglycan maturation (meso-diaminopimelate containing)|g__Faecalibacterium.s__Faecalibacterium_prausnitzii	1298.2113600918
PWY0-1586: peptidoglycan maturation (meso-diaminopimelate containing)|g__Lachnospiraceae_unclassified.s__Eubacterium_rectale	836.1950748282
PWY0-1586: peptidoglycan maturation (meso-diaminopimelate containing)|unclassified	715.4717939640
PWY0-1586: peptidoglycan maturation (meso-diaminopimelate containing)|g__Anaerostipes.s__Anaerostipes_hadrus	435.5695173330
PWY0-1586: peptidoglycan maturation (meso-diaminopimelate containing)|g__Blautia.s__Ruminococcus_torques	226.7148537474
PWY0-1586: peptidoglycan maturation (meso-diaminopimelate containing)|g__Collinsella.s__Collinsella_aerofaciens	186.5894136736
PWY0-1586: peptidoglycan maturation (meso-diaminopimelate containing)|g__Eubacterium.s__Eubacterium_hallii	142.2659302376
PWY0-1586: peptidoglycan maturation (meso-diaminopimelate containing)|g__Bacteroides.s__Bacteroides_stercoris	135.2040641700
PWY0-1586: peptidoglycan maturation (meso-diaminopimelate containing)|g__Ruminococcus.s__Ruminococcus_bicirculans	97.4251788003
PWY0-1586: peptidoglycan maturation (meso-diaminopimelate containing)|g__Bifidobacterium.s__Bifidobacterium_pseudocatenulatum	91.1675312762
PWY0-1586: peptidoglycan maturation (meso-diaminopimelate containing)|g__Bacteroides.s__Bacteroides_uniformis	67.8586328110
PWY0-1586: peptidoglycan maturation (meso-diaminopimelate containing)|g__Agathobaculum.s__Agathobaculum_butyriciproducens	60.7454291309
PWY0-1586: peptidoglycan maturation (meso-diaminopimelate containing)|g__Streptococcus.s__Streptococcus_thermophilus	59.6430299720
PWY0-1586: peptidoglycan maturation (meso-diaminopimelate containing)|g__Ruminococcus.s__Ruminococcus_sp_AF31_8BH	44.1996434288
PWY0-1586: peptidoglycan maturation (meso-diaminopimelate containing)|g__Bacteroides.s__Bacteroides_vulgatus	40.7066081908
PWY0-1586: peptidoglycan maturation (meso-diaminopimelate containing)|g__Flavonifractor.s__Flavonifractor_plautii	28.2472784129
PWY0-1586: peptidoglycan maturation (meso-diaminopimelate containing)|g__Bacteroides.s__Bacteroides_dorei	23.8668870024
PWY0-1586: peptidoglycan maturation (meso-diaminopimelate containing)|g__Bacteroides.s__Bacteroides_ovatus	21.7218613312
PWY0-1586: peptidoglycan maturation (meso-diaminopimelate containing)|g__Parasutterella.s__Parasutterella_excrementihominis	16.4228217003
PWY0-1586: peptidoglycan maturation (meso-diaminopimelate containing)|g__Bacteroides.s__Bacteroides_xylanisolvens	12.8789332809
PWY0-1586: peptidoglycan maturation (meso-diaminopimelate containing)|g__Bacteroides.s__Bacteroides_clarus	12.3001420134
PWY0-1586: peptidoglycan maturation (meso-diaminopimelate containing)|g__Streptococcus.s__Streptococcus_salivarius	4.5902688388
PWY-I9: L-cysteine biosynthesis VI (from L-methionine)	6878.3977793661
PWY-I9: L-cysteine biosynthesis VI (from L-methionine)|g__Blautia.s__Ruminococcus_torques	402.7897425291
PWY-I9: L-cysteine biosynthesis VI (from L-methionine)|g__Anaerostipes.s__Anaerostipes_hadrus	299.9560193357
PWY-I9: L-cysteine biosynthesis VI (from L-methionine)|g__Bifidobacterium.s__Bifidobacterium_longum	134.1636482901
PWY-I9: L-cysteine biosynthesis VI (from L-methionine)|unclassified	80.5351612516
PWY-I9: L-cysteine biosynthesis VI (from L-methionine)|g__Bifidobacterium.s__Bifidobacterium_pseudocatenulatum	64.4995104975
PWY-I9: L-cysteine biosynthesis VI (from L-methionine)|g__Roseburia.s__Roseburia_intestinalis	48.9655868893
PWY-I9: L-cysteine biosynthesis VI (from L-methionine)|g__Roseburia.s__Roseburia_inulinivorans	26.0225204757
PWY-I9: L-cysteine biosynthesis VI (from L-methionine)|g__Streptococcus.s__Streptococcus_thermophilus	22.7210018456
PWY-I9: L-cysteine biosynthesis VI (from L-methionine)|g__Blautia.s__Blautia_sp	12.7775222304
PWY-I9: L-cysteine biosynthesis VI (from L-methionine)|g__Ruminococcus.s__Ruminococcus_sp_AF31_8BH	11.7996446639
PWY-I9: L-cysteine biosynthesis VI (from L-methionine)|g__Streptococcus.s__Streptococcus_pneumoniae	4.4014099812
PWY-5695: inosine 5'-phosphate degradation	6456.2466631680
PWY-5695: inosine 5'-phosphate degradation|g__Fusicatenibacter.s__Fusicatenibacter_saccharivorans	602.7021989385
PWY-5695: inosine 5'-phosphate degradation|g__Blautia.s__Ruminococcus_torques	601.4247702973
PWY-5695: inosine 5'-phosphate degradation|unclassified	426.3030390530
PWY-5695: inosine 5'-phosphate degradation|g__Anaerostipes.s__Anaerostipes_hadrus	332.5914486616
PWY-5695: inosine 5'-phosphate degradation|g__Dialister.s__Dialister_invisus	249.5305337361
PWY-5695: inosine 5'-phosphate degradation|g__Faecalibacterium.s__Faecalibacterium_prausnitzii	180.9087182707
PWY-5695: inosine 5'-phosphate degradation|g__Blautia.s__Blautia_wexlerae	169.6674152484
PWY-5695: inosine 5'-phosphate degradation|g__Clostridiales_unclassified.s__Clostridiales_bacterium_KLE1615	169.0170265137
PWY-5695: inosine 5'-phosphate degradation|g__Eubacterium.s__Eubacterium_eligens	152.9111084726
PWY-5695: inosine 5'-phosphate degradation|g__Dorea.s__Dorea_longicatena	136.7965500078
PWY-5695: inosine 5'-phosphate degradation|g__Alistipes.s__Alistipes_putredinis	103.0755300400
PWY-5695: inosine 5'-phosphate degradation|g__Ruminococcus.s__Ruminococcus_bicirculans	87.8729466941
PWY-5695: inosine 5'-phosphate degradation|g__Bacteroides.s__Bacteroides_stercoris	84.7844083816
PWY-5695: inosine 5'-phosphate degradation|g__Bacteroides.s__Bacteroides_uniformis	74.3470532140
PWY-5695: inosine 5'-phosphate degradation|g__Agathobaculum.s__Agathobaculum_butyriciproducens	73.9317319769
PWY-5695: inosine 5'-phosphate degradation|g__Coprococcus.s__Coprococcus_catus	70.7076943457
PWY-5695: inosine 5'-phosphate degradation|g__Bacteroides.s__Bacteroides_cellulosilyticus	63.9089456619
PWY-5695: inosine 5'-phosphate degradation|g__Blautia.s__Blautia_obeum	61.7483394250
PWY-5695: inosine 5'-phosphate degradation|g__Roseburia.s__Roseburia_intestinalis	57.6125828650
PWY-5695: inosine 5'-phosphate degradation|g__Roseburia.s__Roseburia_inulinivorans	57.0683997851
PWY-5695: inosine 5'-phosphate degradation|g__Bacteroides.s__Bacteroides_dorei	48.1850156227
PWY-5695: inosine 5'-phosphate degradation|g__Roseburia.s__Roseburia_faecis	35.7096044401
PWY-5695: inosine 5'-phosphate degradation|g__Bacteroides.s__Bacteroides_massiliensis	30.5946206568
PWY-5695: inosine 5'-phosphate degradation|g__Bacteroides.s__Bacteroides_vulgatus	29.6123777174
PWY-5695: inosine 5'-phosphate degradation|g__Bilophila.s__Bilophila_wadsworthia	28.6774629559
PWY-5695: inosine 5'-phosphate degradation|g__Blautia.s__Blautia_sp	27.0887117584
PWY-5695: inosine 5'-phosphate degradation|g__Alistipes.s__Alistipes_finegoldii	16.9318755417
PWY-5695: inosine 5'-phosphate degradation|g__Barnesiella.s__Barnesiella_intestinihominis	15.7004665043
PWY-5695: inosine 5'-phosphate degradation|g__Coprococcus.s__Coprococcus_comes	15.5111691961
PWY-5695: inosine 5'-phosphate degradation|g__Bacteroides.s__Bacteroides_ovatus	13.0200811638
PWY-5695: inosine 5'-phosphate degradation|g__Bacteroides.s__Bacteroides_clarus	10.0405393473
PWY-5695: inosine 5'-phosphate degradation|g__Ruminococcus.s__Ruminococcus_sp_AF31_8BH	9.2213615492
PWY-5695: inosine 5'-phosphate degradation|g__Bacteroides.s__Bacteroides_xylanisolvens	9.1349731962
PWY-6892: thiazole component of thiamine diphosphate biosynthesis I	6259.8174976284
PWY-6892: thiazole component of thiamine diphosphate biosynthesis I|g__Blautia.s__Blautia_obeum	787.5321169779
PWY-6892: thiazole component of thiamine diphosphate biosynthesis I|unclassified	659.1112672004
PWY-6892: thiazole component of thiamine diphosphate biosynthesis I|g__Blautia.s__Blautia_sp	450.0480231041
PWY-6892: thiazole component of thiamine diphosphate biosynthesis I|g__Anaerostipes.s__Anaerostipes_hadrus	382.6670820444
PWY-6892: thiazole component of thiamine diphosphate biosynthesis I|g__Blautia.s__Blautia_wexlerae	306.9406432445
PWY-6892: thiazole component of thiamine diphosphate biosynthesis I|g__Eubacterium.s__Eubacterium_eligens	237.1223042327
PWY-6892: thiazole component of thiamine diphosphate biosynthesis I|g__Eubacterium.s__Eubacterium_hallii	174.1821937047
PWY-6892: thiazole component of thiamine diphosphate biosynthesis I|g__Blautia.s__Blautia_sp_CAG_52	99.2742601963
PWY-6892: thiazole component of thiamine diphosphate biosynthesis I|g__Agathobaculum.s__Agathobaculum_butyriciproducens	90.6114240356
PWY-6892: thiazole component of thiamine diphosphate biosynthesis I|g__Bacteroides.s__Bacteroides_uniformis	86.7756782918
PWY-6892: thiazole component of thiamine diphosphate biosynthesis I|g__Roseburia.s__Roseburia_intestinalis	71.8991450318
PWY-6892: thiazole component of thiamine diphosphate biosynthesis I|g__Bacteroides.s__Bacteroides_ovatus	17.2254504232
PWY-6892: thiazole component of thiamine diphosphate biosynthesis I|g__Dorea.s__Dorea_formicigenerans	11.4451717192
PWY-6892: thiazole component of thiamine diphosphate biosynthesis I|g__Bacteroides.s__Bacteroides_thetaiotaomicron	4.2848580699
PWY-6892: thiazole component of thiamine diphosphate biosynthesis I|g__Bacteroides.s__Bacteroides_caccae	2.7644293779
HSERMETANA-PWY: L-methionine biosynthesis III	6233.9825947350
HSERMETANA-PWY: L-methionine biosynthesis III|unclassified	1214.9832253330
HSERMETANA-PWY: L-methionine biosynthesis III|g__Blautia.s__Blautia_obeum	427.7273458662
HSERMETANA-PWY: L-methionine biosynthesis III|g__Anaerostipes.s__Anaerostipes_hadrus	302.9723462566
HSERMETANA-PWY: L-methionine biosynthesis III|g__Blautia.s__Ruminococcus_torques	293.0582166059
HSERMETANA-PWY: L-methionine biosynthesis III|g__Dorea.s__Dorea_longicatena	262.3427855013
HSERMETANA-PWY: L-methionine biosynthesis III|g__Blautia.s__Blautia_sp	249.4762410916
HSERMETANA-PWY: L-methionine biosynthesis III|g__Blautia.s__Blautia_wexlerae	176.6503145625
HSERMETANA-PWY: L-methionine biosynthesis III|g__Bifidobacterium.s__Bifidobacterium_adolescentis	174.2359540208
HSERMETANA-PWY: L-methionine biosynthesis III|g__Eubacterium.s__Eubacterium_eligens	173.1467238959
HSERMETANA-PWY: L-methionine biosynthesis III|g__Bifidobacterium.s__Bifidobacterium_longum	109.5224973877
HSERMETANA-PWY: L-methionine biosynthesis III|g__Coprococcus.s__Coprococcus_catus	76.5238079075
HSERMETANA-PWY: L-methionine biosynthesis III|g__Ruminococcus.s__Ruminococcus_bicirculans	67.1389200628
HSERMETANA-PWY: L-methionine biosynthesis III|g__Faecalibacterium.s__Faecalibacterium_prausnitzii	65.8582390425
HSERMETANA-PWY: L-methionine biosynthesis III|g__Clostridium.s__Clostridium_sp_CAG_122	57.6333015291
HSERMETANA-PWY: L-methionine biosynthesis III|g__Ruminococcus.s__Ruminococcus_lactaris	52.5135036147
HSERMETANA-PWY: L-methionine biosynthesis III|g__Roseburia.s__Roseburia_intestinalis	49.4112648085
HSERMETANA-PWY: L-methionine biosynthesis III|g__Roseburia.s__Roseburia_faecis	43.9253053800
HSERMETANA-PWY: L-methionine biosynthesis III|g__Streptococcus.s__Streptococcus_thermophilus	28.8868121774
HSERMETANA-PWY: L-methionine biosynthesis III|g__Ruminococcus.s__Ruminococcus_sp_AF31_8BH	26.8403646268
HSERMETANA-PWY: L-methionine biosynthesis III|g__Actinomyces.s__Actinomyces_sp_ICM47	18.3247022602
HSERMETANA-PWY: L-methionine biosynthesis III|g__Coprococcus.s__Coprococcus_comes	15.0072358678
HSERMETANA-PWY: L-methionine biosynthesis III|g__Streptococcus.s__Streptococcus_pneumoniae	6.2612466432
PWY-7400: L-arginine biosynthesis IV (archaebacteria)	6057.4622351500
PWY-7400: L-arginine biosynthesis IV (archaebacteria)|g__Blautia.s__Ruminococcus_torques	675.6784912919
PWY-7400: L-arginine biosynthesis IV (archaebacteria)|g__Eubacterium.s__Eubacterium_hallii	109.9780929615
PWY-7400: L-arginine biosynthesis IV (archaebacteria)|unclassified	97.2788593558
PWY-7400: L-arginine biosynthesis IV (archaebacteria)|g__Coprococcus.s__Coprococcus_catus	60.6409362800
PYRIDNUCSYN-PWY: NAD de novo biosynthesis I (from aspartate)	5996.6793699444
PYRIDNUCSYN-PWY: NAD de novo biosynthesis I (from aspartate)|unclassified	646.4692459788
PYRIDNUCSYN-PWY: NAD de novo biosynthesis I (from aspartate)|g__Blautia.s__Ruminococcus_torques	407.1047387668
PYRIDNUCSYN-PWY: NAD de novo biosynthesis I (from aspartate)|g__Anaerostipes.s__Anaerostipes_hadrus	261.1412267299
PYRIDNUCSYN-PWY: NAD de novo biosynthesis I (from aspartate)|g__Blautia.s__Blautia_obeum	117.2836702478
PYRIDNUCSYN-PWY: NAD de novo biosynthesis I (from aspartate)|g__Dorea.s__Dorea_longicatena	112.5061862674
PYRIDNUCSYN-PWY: NAD de novo biosynthesis I (from aspartate)|g__Alistipes.s__Alistipes_putredinis	101.5768249192
PYRIDNUCSYN-PWY: NAD de novo biosynthesis I (from aspartate)|g__Eubacterium.s__Eubacterium_hallii	100.4451091638
PYRIDNUCSYN-PWY: NAD de novo biosynthesis I (from aspartate)|g__Bifidobacterium.s__Bifidobacterium_longum	99.9513196271
PYRIDNUCSYN-PWY: NAD de novo biosynthesis I (from aspartate)|g__Ruminococcus.s__Ruminococcus_bicirculans	65.6776952242
PYRIDNUCSYN-PWY: NAD de novo biosynthesis I (from aspartate)|g__Bacteroides.s__Bacteroides_uniformis	64.2185120602
PYRIDNUCSYN-PWY: NAD de novo biosynthesis I (from aspartate)|g__Coprococcus.s__Coprococcus_catus	58.3413389295
PYRIDNUCSYN-PWY: NAD de novo biosynthesis I (from aspartate)|g__Roseburia.s__Roseburia_intestinalis	41.4904557856
PYRIDNUCSYN-PWY: NAD de novo biosynthesis I (from aspartate)|g__Bacteroides.s__Bacteroides_dorei	34.8684290098
PYRIDNUCSYN-PWY: NAD de novo biosynthesis I (from aspartate)|g__Bacteroides.s__Bacteroides_cellulosilyticus	34.3481416762
PYRIDNUCSYN-PWY: NAD de novo biosynthesis I (from aspartate)|g__Bacteroides.s__Bacteroides_massiliensis	31.2232423263
PYRIDNUCSYN-PWY: NAD de novo biosynthesis I (from aspartate)|g__Bacteroides.s__Bacteroides_vulgatus	30.1859500399
PYRIDNUCSYN-PWY: NAD de novo biosynthesis I (from aspartate)|g__Bacteroides.s__Bacteroides_clarus	9.8655071494
PYRIDNUCSYN-PWY: NAD de novo biosynthesis I (from aspartate)|g__Bacteroides.s__Bacteroides_xylanisolvens	4.6271803522
PWY-6936: seleno-amino acid biosynthesis (plants)	5935.7604627769
PWY-6936: seleno-amino acid biosynthesis (plants)|unclassified	1433.5716617917
PWY-6936: seleno-amino acid biosynthesis (plants)|g__Anaerostipes.s__Anaerostipes_hadrus	453.9786199437
PWY-6936: seleno-amino acid biosynthesis (plants)|g__Ruminococcus.s__Ruminococcus_sp_CAG_403	221.7508132500
PWY-6936: seleno-amino acid biosynthesis (plants)|g__Eubacterium.s__Eubacterium_eligens	197.3490218453
PWY-6936: seleno-amino acid biosynthesis (plants)|g__Blautia.s__Ruminococcus_torques	197.0581553077
PWY-6936: seleno-amino acid biosynthesis (plants)|g__Agathobaculum.s__Agathobaculum_butyriciproducens	96.8172225022
PWY-6936: seleno-amino acid biosynthesis (plants)|g__Ruminococcus.s__Ruminococcus_lactaris	73.5376219527
PWY-6936: seleno-amino acid biosynthesis (plants)|g__Faecalibacterium.s__Faecalibacterium_prausnitzii	64.3729018001
PWY-6936: seleno-amino acid biosynthesis (plants)|g__Streptococcus.s__Streptococcus_thermophilus	41.1076294486
PWY-6936: seleno-amino acid biosynthesis (plants)|g__Roseburia.s__Roseburia_faecis	39.7189000929
PWY-6936: seleno-amino acid biosynthesis (plants)|g__Dorea.s__Dorea_formicigenerans	27.6083449310
PWY-6936: seleno-amino acid biosynthesis (plants)|g__Streptococcus.s__Streptococcus_salivarius	12.1537322066
UDPNAGSYN-PWY: UDP-N-acetyl-D-glucosamine biosynthesis I	5919.8291151341
UDPNAGSYN-PWY: UDP-N-acetyl-D-glucosamine biosynthesis I|unclassified	806.8464341721
UDPNAGSYN-PWY: UDP-N-acetyl-D-glucosamine biosynthesis I|g__Collinsella.s__Collinsella_aerofaciens	412.7049686278
UDPNAGSYN-PWY: UDP-N-acetyl-D-glucosamine biosynthesis I|g__Clostridium.s__Clostridium_sp_CAG_465	402.6389991329
UDPNAGSYN-PWY: UDP-N-acetyl-D-glucosamine biosynthesis I|g__Dialister.s__Dialister_invisus	291.2299111877
UDPNAGSYN-PWY: UDP-N-acetyl-D-glucosamine biosynthesis I|g__Ruminococcus.s__Ruminococcus_sp_CAG_403	247.0121519197
UDPNAGSYN-PWY: UDP-N-acetyl-D-glucosamine biosynthesis I|g__Bifidobacterium.s__Bifidobacterium_adolescentis	221.9129962703
UDPNAGSYN-PWY: UDP-N-acetyl-D-glucosamine biosynthesis I|g__Eubacterium.s__Eubacterium_sp_CAG_180	202.6092996243
UDPNAGSYN-PWY: UDP-N-acetyl-D-glucosamine biosynthesis I|g__Bifidobacterium.s__Bifidobacterium_longum	126.7948013020
UDPNAGSYN-PWY: UDP-N-acetyl-D-glucosamine biosynthesis I|g__Eubacterium.s__Eubacterium_sp_CAG_115	88.3172989267
UDPNAGSYN-PWY: UDP-N-acetyl-D-glucosamine biosynthesis I|g__Bifidobacterium.s__Bifidobacterium_pseudocatenulatum	86.5271903465
UDPNAGSYN-PWY: UDP-N-acetyl-D-glucosamine biosynthesis I|g__Ruminococcus.s__Ruminococcus_bicirculans	82.3367157361
UDPNAGSYN-PWY: UDP-N-acetyl-D-glucosamine biosynthesis I|g__Agathobaculum.s__Agathobaculum_butyriciproducens	72.9602165125
UDPNAGSYN-PWY: UDP-N-acetyl-D-glucosamine biosynthesis I|g__Firmicutes_unclassified.s__Firmicutes_bacterium_CAG_41	43.8551517508
UDPNAGSYN-PWY: UDP-N-acetyl-D-glucosamine biosynthesis I|g__Bilophila.s__Bilophila_wadsworthia	43.5301167652
UDPNAGSYN-PWY: UDP-N-acetyl-D-glucosamine biosynthesis I|g__Streptococcus.s__Streptococcus_thermophilus	29.7952760080
UDPNAGSYN-PWY: UDP-N-acetyl-D-glucosamine biosynthesis I|g__Firmicutes_unclassified.s__Firmicutes_bacterium_CAG_102	25.6413121401
UDPNAGSYN-PWY: UDP-N-acetyl-D-glucosamine biosynthesis I|g__Candidatus_Gastranaerophilales_unclassified.s__Candidatus_Gastranaerophilales_bacterium_HUM_10	18.3000821928
UDPNAGSYN-PWY: UDP-N-acetyl-D-glucosamine biosynthesis I|g__Flavonifractor.s__Flavonifractor_plautii	12.8591780950
UDPNAGSYN-PWY: UDP-N-acetyl-D-glucosamine biosynthesis I|g__Streptococcus.s__Streptococcus_pneumoniae	11.9035641553
UDPNAGSYN-PWY: UDP-N-acetyl-D-glucosamine biosynthesis I|g__Firmicutes_unclassified.s__Firmicutes_bacterium_CAG_129	11.7443539896
UDPNAGSYN-PWY: UDP-N-acetyl-D-glucosamine biosynthesis I|g__Intestinibacter.s__Intestinibacter_bartlettii	9.6392352824
UDPNAGSYN-PWY: UDP-N-acetyl-D-glucosamine biosynthesis I|g__Desulfovibrio.s__Desulfovibrio_fairfieldensis	6.0556966123
UDPNAGSYN-PWY: UDP-N-acetyl-D-glucosamine biosynthesis I|g__Streptococcus.s__Streptococcus_salivarius	1.5801594527
COBALSYN-PWY: superpathway of adenosylcobalamin salvage from cobinamide I	5050.5545507771
COBALSYN-PWY: superpathway of adenosylcobalamin salvage from cobinamide I|unclassified	543.1947018678
COBALSYN-PWY: superpathway of adenosylcobalamin salvage from cobinamide I|g__Blautia.s__Ruminococcus_torques	436.6064861612
COBALSYN-PWY: superpathway of adenosylcobalamin salvage from cobinamide I|g__Blautia.s__Blautia_obeum	429.3106921002
COBALSYN-PWY: superpathway of adenosylcobalamin salvage from cobinamide I|g__Blautia.s__Blautia_sp	240.1794470903
COBALSYN-PWY: superpathway of adenosylcobalamin salvage from cobinamide I|g__Dorea.s__Dorea_longicatena	175.1313632827
COBALSYN-PWY: superpathway of adenosylcobalamin salvage from cobinamide I|g__Faecalibacterium.s__Faecalibacterium_prausnitzii	173.4466021610
COBALSYN-PWY: superpathway of adenosylcobalamin salvage from cobinamide I|g__Blautia.s__Blautia_wexlerae	142.3404286858
COBALSYN-PWY: superpathway of adenosylcobalamin salvage from cobinamide I|g__Coprococcus.s__Coprococcus_catus	70.3046984994
COBALSYN-PWY: superpathway of adenosylcobalamin salvage from cobinamide I|g__Bacteroides.s__Bacteroides_uniformis	67.7704346371
PWY-6897: thiamine diphosphate salvage II	5002.3175948673
PWY-6897: thiamine diphosphate salvage II|g__Faecalibacterium.s__Faecalibacterium_prausnitzii	446.4649425132
PWY-6897: thiamine diphosphate salvage II|unclassified	401.4920126686
PWY-6897: thiamine diphosphate salvage II|g__Lachnospiraceae_unclassified.s__Eubacterium_rectale	372.7406799536
PWY-6897: thiamine diphosphate salvage II|g__Dialister.s__Dialister_invisus	255.1047118120
PWY-6897: thiamine diphosphate salvage II|g__Blautia.s__Ruminococcus_torques	216.6984133593
PWY-6897: thiamine diphosphate salvage II|g__Bifidobacterium.s__Bifidobacterium_adolescentis	169.7604105856
PWY-6897: thiamine diphosphate salvage II|g__Bacteroides.s__Bacteroides_uniformis	97.1101337314
PWY-6897: thiamine diphosphate salvage II|g__Agathobaculum.s__Agathobaculum_butyriciproducens	83.2465039286
PWY-6897: thiamine diphosphate salvage II|g__Methanosphaera.s__Methanosphaera_stadtmanae	38.4618501737
PWY-6897: thiamine diphosphate salvage II|g__Asaccharobacter.s__Asaccharobacter_celatus	19.1055593851
PWY-6897: thiamine diphosphate salvage II|g__Adlercreutzia.s__Adlercreutzia_equolifaciens	19.0527875293
PWY-6897: thiamine diphosphate salvage II|g__Bacteroides.s__Bacteroides_ovatus	14.3539132799
PWY-6897: thiamine diphosphate salvage II|g__Blautia.s__Blautia_obeum	13.9330184230
PWY-6703: preQ0 biosynthesis	4886.4383975390
PWY-6703: preQ0 biosynthesis|unclassified	1105.8354760056
PWY-6703: preQ0 biosynthesis|g__Blautia.s__Blautia_sp	538.1847585899
PWY-6703: preQ0 biosynthesis|g__Eubacterium.s__Eubacterium_eligens	370.3421014596
PWY-6703: preQ0 biosynthesis|g__Dialister.s__Dialister_invisus	318.4806974565
PWY-6703: preQ0 biosynthesis|g__Blautia.s__Blautia_obeum	234.2155895047
PWY-6703: preQ0 biosynthesis|g__Anaerostipes.s__Anaerostipes_hadrus	232.4363225821
PWY-6703: preQ0 biosynthesis|g__Ruminococcus.s__Ruminococcus_sp_CAG_403	214.9649928551
PWY-6703: preQ0 biosynthesis|g__Bacteroides.s__Bacteroides_stercoris	125.9598444279
PWY-6703: preQ0 biosynthesis|g__Eggerthella.s__Eggerthella_sp_CAG_209	123.8693707148
PWY-6703: preQ0 biosynthesis|g__Blautia.s__Ruminococcus_torques	109.6587437269
PWY-6703: preQ0 biosynthesis|g__Clostridium.s__Clostridium_sp_CAG_75	85.7367833274
PWY-6703: preQ0 biosynthesis|g__Bacteroides.s__Bacteroides_uniformis	84.9016858806
PWY-6703: preQ0 biosynthesis|g__Blautia.s__Blautia_sp_CAG_52	83.6327583386
PWY-6703: preQ0 biosynthesis|g__Firmicutes_unclassified.s__Firmicutes_bacterium_CAG_41	75.5741152297
PWY-6703: preQ0 biosynthesis|g__Clostridium.s__Clostridium_sp_CAG_122	64.1329769450
PWY-6703: preQ0 biosynthesis|g__Ruminococcus.s__Ruminococcus_lactaris	56.4879403652
PWY-6703: preQ0 biosynthesis|g__Bacteroides.s__Bacteroides_dorei	51.2061015920
PWY-6703: preQ0 biosynthesis|g__Bacteroides.s__Bacteroides_massiliensis	44.8481819135
PWY-6703: preQ0 biosynthesis|g__Coprococcus.s__Coprococcus_catus	44.2019290469
PWY-6703: preQ0 biosynthesis|g__Bilophila.s__Bilophila_wadsworthia	32.6120480989
PWY-6703: preQ0 biosynthesis|g__Barnesiella.s__Barnesiella_intestinihominis	28.0027101580
PWY-6703: preQ0 biosynthesis|g__Candidatus_Gastranaerophilales_unclassified.s__Candidatus_Gastranaerophilales_bacterium_HUM_10	27.2583367182
PWY-6703: preQ0 biosynthesis|g__Bacteroides.s__Bacteroides_intestinalis	26.2909202005
PWY-6703: preQ0 biosynthesis|g__Bacteroides.s__Bacteroides_vulgatus	25.7113045020
PWY-6703: preQ0 biosynthesis|g__Bacteroides.s__Bacteroides_ovatus	20.1340465897
PWY-6703: preQ0 biosynthesis|g__Parabacteroides.s__Parabacteroides_distasonis	19.2577077465
PWY-6703: preQ0 biosynthesis|g__Streptococcus.s__Streptococcus_thermophilus	19.1470553576
PWY-6703: preQ0 biosynthesis|g__Bacteroides.s__Bacteroides_clarus	18.2223052000
PWY-6703: preQ0 biosynthesis|g__Erysipelatoclostridium.s__Clostridium_spiroforme	15.5326866013
PWY-6703: preQ0 biosynthesis|g__Bacteroides.s__Bacteroides_thetaiotaomicron	10.1118670203
PWY-6703: preQ0 biosynthesis|g__Bacteroides.s__Bacteroides_caccae	6.6539184582
PWY-6703: preQ0 biosynthesis|g__Bacteroides.s__Bacteroides_cellulosilyticus	3.4889541511
PWY-6703: preQ0 biosynthesis|g__Bacteroides.s__Bacteroides_xylanisolvens	3.0764711415
PWY-6628: superpathway of L-phenylalanine biosynthesis	4846.1965184125
PWY-6628: superpathway of L-phenylalanine biosynthesis|unclassified	1244.8293439935
PWY-6628: superpathway of L-phenylalanine biosynthesis|g__Bifidobacterium.s__Bifidobacterium_longum	117.4615872261
PWY-6628: superpathway of L-phenylalanine biosynthesis|g__Bifidobacterium.s__Bifidobacterium_pseudocatenulatum	80.0848015467
THISYNARA-PWY: superpathway of thiamine diphosphate biosynthesis III (eukaryotes)	4534.3262549176
THISYNARA-PWY: superpathway of thiamine diphosphate biosynthesis III (eukaryotes)|g__Lachnospiraceae_unclassified.s__Eubacterium_rectale	382.6477477594
THISYNARA-PWY: superpathway of thiamine diphosphate biosynthesis III (eukaryotes)|g__Blautia.s__Ruminococcus_torques	268.9261750076
THISYNARA-PWY: superpathway of thiamine diphosphate biosynthesis III (eukaryotes)|unclassified	266.5635105924
THISYNARA-PWY: superpathway of thiamine diphosphate biosynthesis III (eukaryotes)|g__Faecalibacterium.s__Faecalibacterium_prausnitzii	244.6016201068
THISYNARA-PWY: superpathway of thiamine diphosphate biosynthesis III (eukaryotes)|g__Bacteroides.s__Bacteroides_uniformis	89.7817250256
THISYNARA-PWY: superpathway of thiamine diphosphate biosynthesis III (eukaryotes)|g__Roseburia.s__Roseburia_intestinalis	50.7023572967
THISYNARA-PWY: superpathway of thiamine diphosphate biosynthesis III (eukaryotes)|g__Roseburia.s__Roseburia_faecis	41.5979720981
THISYNARA-PWY: superpathway of thiamine diphosphate biosynthesis III (eukaryotes)|g__Bacteroides.s__Bacteroides_ovatus	16.8908099082
THISYNARA-PWY: superpathway of thiamine diphosphate biosynthesis III (eukaryotes)|g__Blautia.s__Blautia_obeum	15.8106472028
PWY-5188: tetrapyrrole biosynthesis I (from glutamate)	4497.0737270185
PWY-5188: tetrapyrrole biosynthesis I (from glutamate)|g__Ruminococcus.s__Ruminococcus_bromii	618.7006892684
PWY-5188: tetrapyrrole biosynthesis I (from glutamate)|g__Blautia.s__Blautia_obeum	444.2808474876
PWY-5188: tetrapyrrole biosynthesis I (from glutamate)|unclassified	320.9448435584
PWY-5188: tetrapyrrole biosynthesis I (from glutamate)|g__Anaerostipes.s__Anaerostipes_hadrus	233.2771927370
PWY-5188: tetrapyrrole biosynthesis I (from glutamate)|g__Dialister.s__Dialister_invisus	223.6027774209
PWY-5188: tetrapyrrole biosynthesis I (from glutamate)|g__Blautia.s__Blautia_sp	205.4492567338
PWY-5188: tetrapyrrole biosynthesis I (from glutamate)|g__Blautia.s__Blautia_wexlerae	197.0559461322
PWY-5188: tetrapyrrole biosynthesis I (from glutamate)|g__Eubacterium.s__Eubacterium_eligens	170.0472513987
PWY-5188: tetrapyrrole biosynthesis I (from glutamate)|g__Ruminococcus.s__Ruminococcus_sp_CAG_403	149.9922880901
PWY-5188: tetrapyrrole biosynthesis I (from glutamate)|g__Firmicutes_unclassified.s__Firmicutes_bacterium_CAG_56	128.3346167900
PWY-5188: tetrapyrrole biosynthesis I (from glutamate)|g__Blautia.s__Ruminococcus_torques	121.0668656967
PWY-5188: tetrapyrrole biosynthesis I (from glutamate)|g__Ruminococcus.s__Ruminococcus_bicirculans	82.9172703952
PWY-5188: tetrapyrrole biosynthesis I (from glutamate)|g__Blautia.s__Blautia_sp_CAG_52	77.6807643920
PWY-5188: tetrapyrrole biosynthesis I (from glutamate)|g__Roseburia.s__Roseburia_faecis	46.5646701817
PWY-5188: tetrapyrrole biosynthesis I (from glutamate)|g__Methanosphaera.s__Methanosphaera_stadtmanae	38.9455128274
PWY-5188: tetrapyrrole biosynthesis I (from glutamate)|g__Firmicutes_unclassified.s__Firmicutes_bacterium_CAG_41	38.0403851573
PWY-5188: tetrapyrrole biosynthesis I (from glutamate)|g__Bilophila.s__Bilophila_wadsworthia	26.9663185840
PWY-5188: tetrapyrrole biosynthesis I (from glutamate)|g__Flavonifractor.s__Flavonifractor_plautii	10.9745471809
PWY-5659: GDP-mannose biosynthesis	4422.9594912960
PWY-5659: GDP-mannose biosynthesis|unclassified	1103.7232123547
PWY-5659: GDP-mannose biosynthesis|g__Faecalibacterium.s__Faecalibacterium_prausnitzii	1037.9951949794
PWY-5659: GDP-mannose biosynthesis|g__Lachnospiraceae_unclassified.s__Eubacterium_rectale	117.6053157184
PWY-5659: GDP-mannose biosynthesis|g__Blautia.s__Blautia_obeum	107.3844724597
PWY-5659: GDP-mannose biosynthesis|g__Roseburia.s__Roseburia_intestinalis	75.0636054105
PWY-5659: GDP-mannose biosynthesis|g__Ruminococcus.s__Ruminococcus_bicirculans	24.9708101020
PWY-5659: GDP-mannose biosynthesis|g__Roseburia.s__Roseburia_faecis	23.3593813383
PWY-5659: GDP-mannose biosynthesis|g__Flavonifractor.s__Flavonifractor_plautii	13.0176982661
PWY-5659: GDP-mannose biosynthesis|g__Bacteroides.s__Bacteroides_vulgatus	12.0680714275
PWY-5659: GDP-mannose biosynthesis|g__Bacteroides.s__Bacteroides_xylanisolvens	6.1496546073
PWY-7229: superpathway of adenosine nucleotides de novo biosynthesis I	4367.5765838457
PWY-7229: superpathway of adenosine nucleotides de novo biosynthesis I|unclassified	270.9799188812
PWY-7229: superpathway of adenosine nucleotides de novo biosynthesis I|g__Bacteroides.s__Bacteroides_cellulosilyticus	68.1689675688
PWY-7229: superpathway of adenosine nucleotides de novo biosynthesis I|g__Bacteroides.s__Bacteroides_dorei	50.6745385205
PWY-7229: superpathway of adenosine nucleotides de novo biosynthesis I|g__Bacteroides.s__Bacteroides_massiliensis	35.3018819753
PWY-7229: superpathway of adenosine nucleotides de novo biosynthesis I|g__Streptococcus.s__Streptococcus_thermophilus	27.8143238109
PWY-7229: superpathway of adenosine nucleotides de novo biosynthesis I|g__Bacteroides.s__Bacteroides_vulgatus	24.6428296650
PWY-7229: superpathway of adenosine nucleotides de novo biosynthesis I|g__Bilophila.s__Bilophila_wadsworthia	22.7398284114
PWY-7229: superpathway of adenosine nucleotides de novo biosynthesis I|g__Bacteroides.s__Bacteroides_ovatus	20.9847383057
PWY-7229: superpathway of adenosine nucleotides de novo biosynthesis I|g__Bacteroides.s__Bacteroides_xylanisolvens	4.6569974874
PWY-702: L-methionine biosynthesis II	4306.3951671429
PWY-702: L-methionine biosynthesis II|g__Blautia.s__Ruminococcus_torques	180.2125183591
PWY-702: L-methionine biosynthesis II|g__Bifidobacterium.s__Bifidobacterium_longum	167.7946206271
PWY-702: L-methionine biosynthesis II|unclassified	92.7996659855
PWY-702: L-methionine biosynthesis II|g__Bifidobacterium.s__Bifidobacterium_pseudocatenulatum	92.0312556692
PWY-702: L-methionine biosynthesis II|g__Streptococcus.s__Streptococcus_thermophilus	50.1098276314
PWY-702: L-methionine biosynthesis II|g__Streptococcus.s__Streptococcus_pneumoniae	11.7926737517
PWY-702: L-methionine biosynthesis II|g__Streptococcus.s__Streptococcus_salivarius	2.7706416910
PWY-841: superpathway of purine nucleotides de novo biosynthesis I	4156.0199086973
PWY-841: superpathway of purine nucleotides de novo biosynthesis I|unclassified	274.7692223867
GLUCONEO-PWY: gluconeogenesis I	3813.8491718785
GLUCONEO-PWY: gluconeogenesis I|unclassified	435.1251166430
PWY-6731: starch degradation III	3678.4720607294
PWY-6731: starch degradation III|g__Fusicatenibacter.s__Fusicatenibacter_saccharivorans	823.4976739869
PWY-6731: starch degradation III|g__Blautia.s__Blautia_obeum	490.5195211561
PWY-6731: starch degradation III|g__Blautia.s__Blautia_sp	264.9680974822
PWY-6731: starch degradation III|g__Blautia.s__Ruminococcus_torques	243.0733948420
PWY-6731: starch degradation III|g__Eubacterium.s__Eubacterium_hallii	176.1663617307
PWY-6731: starch degradation III|g__Blautia.s__Blautia_wexlerae	172.3749112179
PWY-6731: starch degradation III|unclassified	140.9409427983
PWY-6731: starch degradation III|g__Roseburia.s__Roseburia_inulinivorans	74.3011824727
PWY-6731: starch degradation III|g__Agathobaculum.s__Agathobaculum_butyriciproducens	71.6332383395
PWY-6731: starch degradation III|g__Coprococcus.s__Coprococcus_comes	19.0527248111
PWY-6731: starch degradation III|g__Eubacterium.s__Eubacterium_ramulus	15.4041126030
METH-ACETATE-PWY: methanogenesis from acetate	3544.9174766112
METH-ACETATE-PWY: methanogenesis from acetate|g__Fusicatenibacter.s__Fusicatenibacter_saccharivorans	474.3794234056
METH-ACETATE-PWY: methanogenesis from acetate|g__Blautia.s__Blautia_obeum	298.0881648282
METH-ACETATE-PWY: methanogenesis from acetate|unclassified	249.6227103158
METH-ACETATE-PWY: methanogenesis from acetate|g__Blautia.s__Blautia_wexlerae	166.3554650808
METH-ACETATE-PWY: methanogenesis from acetate|g__Blautia.s__Blautia_sp	83.0275670231
METH-ACETATE-PWY: methanogenesis from acetate|g__Ruminococcus.s__Ruminococcus_sp_AF31_8BH	28.3758538132
ANAEROFRUCAT-PWY: homolactic fermentation	3417.8565203578
ANAEROFRUCAT-PWY: homolactic fermentation|unclassified	114.5533249433
GLCMANNANAUT-PWY: superpathway of N-acetylglucosamine, N-acetylmannosamine and N-acetylneuraminate degradation	3325.2171209254
GLCMANNANAUT-PWY: superpathway of N-acetylglucosamine, N-acetylmannosamine and N-acetylneuraminate degradation|g__Faecalibacterium.s__Faecalibacterium_prausnitzii	923.8619949390
GLCMANNANAUT-PWY: superpathway of N-acetylglucosamine, N-acetylmannosamine and N-acetylneuraminate degradation|unclassified	460.3174020887
GLCMANNANAUT-PWY: superpathway of N-acetylglucosamine, N-acetylmannosamine and N-acetylneuraminate degradation|g__Blautia.s__Blautia_wexlerae	255.9476195037
GLCMANNANAUT-PWY: superpathway of N-acetylglucosamine, N-acetylmannosamine and N-acetylneuraminate degradation|g__Roseburia.s__Roseburia_inulinivorans	75.2429415563
PWY-6126: superpathway of adenosine nucleotides de novo biosynthesis II	3295.3743461319
PWY-6126: superpathway of adenosine nucleotides de novo biosynthesis II|unclassified	195.6170948382
PWY-6126: superpathway of adenosine nucleotides de novo biosynthesis II|g__Bacteroides.s__Bacteroides_cellulosilyticus	62.3166797107
PWY-6126: superpathway of adenosine nucleotides de novo biosynthesis II|g__Bacteroides.s__Bacteroides_dorei	45.2860458402
PWY-6126: superpathway of adenosine nucleotides de novo biosynthesis II|g__Bacteroides.s__Bacteroides_massiliensis	35.3747607200
PWY-6126: superpathway of adenosine nucleotides de novo biosynthesis II|g__Streptococcus.s__Streptococcus_thermophilus	27.1273510723
PWY-6126: superpathway of adenosine nucleotides de novo biosynthesis II|g__Bacteroides.s__Bacteroides_vulgatus	23.6459349114
PWY-6126: superpathway of adenosine nucleotides de novo biosynthesis II|g__Bilophila.s__Bilophila_wadsworthia	21.1534281474
PWY-6126: superpathway of adenosine nucleotides de novo biosynthesis II|g__Bacteroides.s__Bacteroides_ovatus	19.6408451531
PWY-6126: superpathway of adenosine nucleotides de novo biosynthesis II|g__Bacteroides.s__Bacteroides_xylanisolvens	4.1482290471
PWY0-162: superpathway of pyrimidine ribonucleotides de novo biosynthesis	3201.6518555387
PWY0-162: superpathway of pyrimidine ribonucleotides de novo biosynthesis|unclassified	208.7692050633
COLANSYN-PWY: colanic acid building blocks biosynthesis	3185.3867627172
COLANSYN-PWY: colanic acid building blocks biosynthesis|unclassified	564.8584145934
COLANSYN-PWY: colanic acid building blocks biosynthesis|g__Faecalibacterium.s__Faecalibacterium_prausnitzii	22.1067797487
GLYCOLYSIS: glycolysis I (from glucose 6-phosphate)	3181.1611797385
GLYCOLYSIS: glycolysis I (from glucose 6-phosphate)|unclassified	165.4685715992
PWY-5384: sucrose degradation IV (sucrose phosphorylase)	3148.2657345153
PWY-5384: sucrose degradation IV (sucrose phosphorylase)|unclassified	588.5821866418
PWY-5384: sucrose degradation IV (sucrose phosphorylase)|g__Anaerostipes.s__Anaerostipes_hadrus	367.0196822998
PWY-5384: sucrose degradation IV (sucrose phosphorylase)|g__Bifidobacterium.s__Bifidobacterium_adolescentis	231.0719838583
PWY-5384: sucrose degradation IV (sucrose phosphorylase)|g__Faecalibacterium.s__Faecalibacterium_prausnitzii	156.4614497313
PWY-5384: sucrose degradation IV (sucrose phosphorylase)|g__Bifidobacterium.s__Bifidobacterium_longum	119.7705120181
PWY-5384: sucrose degradation IV (sucrose phosphorylase)|g__Bifidobacterium.s__Bifidobacterium_pseudocatenulatum	108.9872822002
PWY-5384: sucrose degradation IV (sucrose phosphorylase)|g__Roseburia.s__Roseburia_intestinalis	77.3538511816
PWY-5384: sucrose degradation IV (sucrose phosphorylase)|g__Roseburia.s__Roseburia_inulinivorans	55.0933377285
PWY-5384: sucrose degradation IV (sucrose phosphorylase)|g__Roseburia.s__Roseburia_faecis	51.2667828585
PWY-5384: sucrose degradation IV (sucrose phosphorylase)|g__Streptococcus.s__Streptococcus_thermophilus	21.4153766120
PWY-5384: sucrose degradation IV (sucrose phosphorylase)|g__Bacteroides.s__Bacteroides_ovatus	18.6137547563
PWY-5384: sucrose degradation IV (sucrose phosphorylase)|g__Streptococcus.s__Streptococcus_pneumoniae	8.6430460788
PWY-5384: sucrose degradation IV (sucrose phosphorylase)|g__Bacteroides.s__Bacteroides_xylanisolvens	5.1657009076
PWY-621: sucrose degradation III (sucrose invertase)	3099.9013454773
PWY-621: sucrose degradation III (sucrose invertase)|unclassified	790.2197979024
PWY-621: sucrose degradation III (sucrose invertase)|g__Anaerostipes.s__Anaerostipes_hadrus	430.6564634058
PWY-621: sucrose degradation III (sucrose invertase)|g__Faecalibacterium.s__Faecalibacterium_prausnitzii	155.1082914247
PWY-621: sucrose degradation III (sucrose invertase)|g__Roseburia.s__Roseburia_intestinalis	70.9770938819
PWY-621: sucrose degradation III (sucrose invertase)|g__Ruminococcus.s__Ruminococcus_bicirculans	56.8140450139
PWY-621: sucrose degradation III (sucrose invertase)|g__Bifidobacterium.s__Bifidobacterium_longum	54.7065649895
PWY-621: sucrose degradation III (sucrose invertase)|g__Roseburia.s__Roseburia_faecis	49.2988857337
PWY-621: sucrose degradation III (sucrose invertase)|g__Streptococcus.s__Streptococcus_thermophilus	27.5472725196
PWY-621: sucrose degradation III (sucrose invertase)|g__Bacteroides.s__Bacteroides_ovatus	23.6694736450
PWY-621: sucrose degradation III (sucrose invertase)|g__Bacteroides.s__Bacteroides_xylanisolvens	5.1657009076
PWY-621: sucrose degradation III (sucrose invertase)|g__Streptococcus.s__Streptococcus_pneumoniae	4.1325734442
ASPASN-PWY: superpathway of L-aspartate and L-asparagine biosynthesis	2983.1942241640
ASPASN-PWY: superpathway of L-aspartate and L-asparagine biosynthesis|g__Blautia.s__Ruminococcus_torques	257.7668243003
ASPASN-PWY: superpathway of L-aspartate and L-asparagine biosynthesis|g__Blautia.s__Blautia_obeum	168.1392587476
ASPASN-PWY: superpathway of L-aspartate and L-asparagine biosynthesis|unclassified	131.9804062786
ASPASN-PWY: superpathway of L-aspartate and L-asparagine biosynthesis|g__Bacteroides.s__Bacteroides_stercoris	95.0687135790
ASPASN-PWY: superpathway of L-aspartate and L-asparagine biosynthesis|g__Blautia.s__Blautia_sp	79.5811011335
ASPASN-PWY: superpathway of L-aspartate and L-asparagine biosynthesis|g__Bacteroides.s__Bacteroides_cellulosilyticus	49.4069976031
ASPASN-PWY: superpathway of L-aspartate and L-asparagine biosynthesis|g__Bacteroides.s__Bacteroides_uniformis	36.6658153769
ASPASN-PWY: superpathway of L-aspartate and L-asparagine biosynthesis|g__Bacteroides.s__Bacteroides_massiliensis	34.4566958931
ASPASN-PWY: superpathway of L-aspartate and L-asparagine biosynthesis|g__Bacteroides.s__Bacteroides_dorei	29.4365716222
ASPASN-PWY: superpathway of L-aspartate and L-asparagine biosynthesis|g__Bacteroides.s__Bacteroides_vulgatus	26.8835763846
ASPASN-PWY: superpathway of L-aspartate and L-asparagine biosynthesis|g__Streptococcus.s__Streptococcus_thermophilus	22.7130682763
ASPASN-PWY: superpathway of L-aspartate and L-asparagine biosynthesis|g__Bacteroides.s__Bacteroides_clarus	18.5788926294
ASPASN-PWY: superpathway of L-aspartate and L-asparagine biosynthesis|g__Flavonifractor.s__Flavonifractor_plautii	13.3673528586
ASPASN-PWY: superpathway of L-aspartate and L-asparagine biosynthesis|g__Ruminococcus.s__Ruminococcus_sp_AF31_8BH	11.9083595554
ASPASN-PWY: superpathway of L-aspartate and L-asparagine biosynthesis|g__Coprococcus.s__Coprococcus_comes	11.1970604374
ASPASN-PWY: superpathway of L-aspartate and L-asparagine biosynthesis|g__Blautia.s__Blautia_wexlerae	10.2993094680
ASPASN-PWY: superpathway of L-aspartate and L-asparagine biosynthesis|g__Parabacteroides.s__Parabacteroides_distasonis	10.1867542386
ASPASN-PWY: superpathway of L-aspartate and L-asparagine biosynthesis|g__Butyricimonas.s__Butyricimonas_virosa	9.1585788012
GLUCUROCAT-PWY: superpathway of &beta;-D-glucuronosides degradation	2945.4800322599
GLUCUROCAT-PWY: superpathway of &beta;-D-glucuronosides degradation|g__Faecalibacterium.s__Faecalibacterium_prausnitzii	1189.6893158488
GLUCUROCAT-PWY: superpathway of &beta;-D-glucuronosides degradation|unclassified	292.0419793307
PWY-7328: superpathway of UDP-glucose-derived O-antigen building blocks biosynthesis	2850.2633336495
PWY-7328: superpathway of UDP-glucose-derived O-antigen building blocks biosynthesis|unclassified	598.0843388728
PWY-7328: superpathway of UDP-glucose-derived O-antigen building blocks biosynthesis|g__Blautia.s__Ruminococcus_torques	204.0068581450
PWY-7328: superpathway of UDP-glucose-derived O-antigen building blocks biosynthesis|g__Methanosphaera.s__Methanosphaera_stadtmanae	41.5122446737
PWY-7328: superpathway of UDP-glucose-derived O-antigen building blocks biosynthesis|g__Faecalibacterium.s__Faecalibacterium_prausnitzii	17.3664351262
PWY-7228: superpathway of guanosine nucleotides de novo biosynthesis I	2806.9538544427
PWY-7228: superpathway of guanosine nucleotides de novo biosynthesis I|g__Dialister.s__Dialister_invisus	249.1732752407
PWY-7228: superpathway of guanosine nucleotides de novo biosynthesis I|g__Collinsella.s__Collinsella_aerofaciens	227.3289817774
PWY-7228: superpathway of guanosine nucleotides de novo biosynthesis I|unclassified	167.4333811430
PWY-7228: superpathway of guanosine nucleotides de novo biosynthesis I|g__Bacteroides.s__Bacteroides_cellulosilyticus	56.9027177949
PWY-7228: superpathway of guanosine nucleotides de novo biosynthesis I|g__Bacteroides.s__Bacteroides_dorei	42.8754753704
PWY-7228: superpathway of guanosine nucleotides de novo biosynthesis I|g__Bacteroides.s__Bacteroides_massiliensis	37.5240085004
PWY-7228: superpathway of guanosine nucleotides de novo biosynthesis I|g__Bacteroides.s__Bacteroides_vulgatus	27.1222918533
PWY-7228: superpathway of guanosine nucleotides de novo biosynthesis I|g__Streptococcus.s__Streptococcus_thermophilus	26.4619096570
PWY-7228: superpathway of guanosine nucleotides de novo biosynthesis I|g__Bilophila.s__Bilophila_wadsworthia	21.6084778947
PWY-7228: superpathway of guanosine nucleotides de novo biosynthesis I|g__Bacteroides.s__Bacteroides_ovatus	19.5931875166
PWY-7228: superpathway of guanosine nucleotides de novo biosynthesis I|g__Bacteroides.s__Bacteroides_intestinalis	13.9204392496
PWY-7228: superpathway of guanosine nucleotides de novo biosynthesis I|g__Bacteroides.s__Bacteroides_caccae	12.5399526676
PWY-7228: superpathway of guanosine nucleotides de novo biosynthesis I|g__Bacteroides.s__Bacteroides_xylanisolvens	8.4778895961
PWY-5484: glycolysis II (from fructose 6-phosphate)	2790.8511212031
PWY-5484: glycolysis II (from fructose 6-phosphate)|unclassified	88.6385265291
PWY-6901: superpathway of glucose and xylose degradation	2752.1855183870
PWY-6901: superpathway of glucose and xylose degradation|unclassified	131.6251840922
PWY-6353: purine nucleotides degradation II (aerobic)	2743.6726843904
PWY-6353: purine nucleotides degradation II (aerobic)|g__Blautia.s__Ruminococcus_torques	366.5706892289
PWY-6353: purine nucleotides degradation II (aerobic)|g__Anaerostipes.s__Anaerostipes_hadrus	275.7703175152
PWY-6353: purine nucleotides degradation II (aerobic)|unclassified	272.4620010168
PWY-6353: purine nucleotides degradation II (aerobic)|g__Roseburia.s__Roseburia_intestinalis	53.5439326825
PWY-6353: purine nucleotides degradation II (aerobic)|g__Blautia.s__Blautia_obeum	46.0566775685
THISYN-PWY: superpathway of thiamine diphosphate biosynthesis I	2716.3915494929
THISYN-PWY: superpathway of thiamine diphosphate biosynthesis I|unclassified	311.0879638157
THISYN-PWY: superpathway of thiamine diphosphate biosynthesis I|g__Bacteroides.s__Bacteroides_uniformis	101.1763044086
THISYN-PWY: superpathway of thiamine diphosphate biosynthesis I|g__Bacteroides.s__Bacteroides_ovatus	14.2274137789
PWY0-1061: superpathway of L-alanine biosynthesis	2672.5662807608
PWY0-1061: superpathway of L-alanine biosynthesis|g__Blautia.s__Ruminococcus_torques	544.4601409530
PWY0-1061: superpathway of L-alanine biosynthesis|g__Lachnospiraceae_unclassified.s__Eubacterium_rectale	488.8417035608
PWY0-1061: superpathway of L-alanine biosynthesis|g__Bifidobacterium.s__Bifidobacterium_adolescentis	226.6358687495
PWY0-1061: superpathway of L-alanine biosynthesis|unclassified	84.9637197086
PWY0-1061: superpathway of L-alanine biosynthesis|g__Bifidobacterium.s__Bifidobacterium_longum	80.3721590466
DAPLYSINESYN-PWY: L-lysine biosynthesis I	2653.5366100266
DAPLYSINESYN-PWY: L-lysine biosynthesis I|g__Bifidobacterium.s__Bifidobacterium_adolescentis	253.8124993395
DAPLYSINESYN-PWY: L-lysine biosynthesis I|g__Bifidobacterium.s__Bifidobacterium_longum	145.3544876085
DAPLYSINESYN-PWY: L-lysine biosynthesis I|g__Bifidobacterium.s__Bifidobacterium_pseudocatenulatum	129.2075996916
DAPLYSINESYN-PWY: L-lysine biosynthesis I|unclassified	115.4490928777
PWY-6292: superpathway of L-cysteine biosynthesis (mammalian)	2633.9416628391
PWY-6292: superpathway of L-cysteine biosynthesis (mammalian)|unclassified	325.6638100882
PENTOSE-P-PWY: pentose phosphate pathway	2558.7929489161
PENTOSE-P-PWY: pentose phosphate pathway|unclassified	72.1919063716
PENTOSE-P-PWY: pentose phosphate pathway|g__Parabacteroides.s__Parabacteroides_distasonis	10.7037088918
PWY-7345: superpathway of anaerobic sucrose degradation	2503.3920348543
PWY-7242: D-fructuronate degradation	2501.6795255318
PWY-7242: D-fructuronate degradation|g__Faecalibacterium.s__Faecalibacterium_prausnitzii	1045.9094718783
PWY-7242: D-fructuronate degradation|unclassified	245.2273943019
RHAMCAT-PWY: L-rhamnose degradation I	2481.6178244923
RHAMCAT-PWY: L-rhamnose degradation I|g__Blautia.s__Blautia_obeum	255.4384725765
RHAMCAT-PWY: L-rhamnose degradation I|unclassified	222.1696545481
RHAMCAT-PWY: L-rhamnose degradation I|g__Blautia.s__Ruminococcus_torques	197.3046113084
RHAMCAT-PWY: L-rhamnose degradation I|g__Eubacterium.s__Eubacterium_eligens	194.6291243081
RHAMCAT-PWY: L-rhamnose degradation I|g__Clostridiales_unclassified.s__Clostridiales_bacterium_KLE1615	145.2587196610
RHAMCAT-PWY: L-rhamnose degradation I|g__Bacteroides.s__Bacteroides_uniformis	69.8232621671
RHAMCAT-PWY: L-rhamnose degradation I|g__Bacteroides.s__Bacteroides_cellulosilyticus	62.3916879058
RHAMCAT-PWY: L-rhamnose degradation I|g__Roseburia.s__Roseburia_intestinalis	60.1385908434
RHAMCAT-PWY: L-rhamnose degradation I|g__Bacteroides.s__Bacteroides_dorei	40.0901589754
RHAMCAT-PWY: L-rhamnose degradation I|g__Bacteroides.s__Bacteroides_ovatus	22.3040449684
RHAMCAT-PWY: L-rhamnose degradation I|g__Bacteroides.s__Bacteroides_vulgatus	20.1163645839
RHAMCAT-PWY: L-rhamnose degradation I|g__Roseburia.s__Roseburia_inulinivorans	19.9687372963
RHAMCAT-PWY: L-rhamnose degradation I|g__Bacteroides.s__Bacteroides_caccae	10.7177342989
RHAMCAT-PWY: L-rhamnose degradation I|g__Asaccharobacter.s__Asaccharobacter_celatus	10.5278894634
RHAMCAT-PWY: L-rhamnose degradation I|g__Bacteroides.s__Bacteroides_xylanisolvens	10.1564328867
RHAMCAT-PWY: L-rhamnose degradation I|g__Bacteroides.s__Bacteroides_thetaiotaomicron	8.4350145181
PWY-7208: superpathway of pyrimidine nucleobases salvage	2436.7687889404
PWY-7208: superpathway of pyrimidine nucleobases salvage|g__Blautia.s__Blautia_obeum	382.7658198465
PWY-7208: superpathway of pyrimidine nucleobases salvage|g__Dialister.s__Dialister_invisus	260.7676857905
PWY-7208: superpathway of pyrimidine nucleobases salvage|g__Blautia.s__Blautia_sp	254.3023358943
PWY-7208: superpathway of pyrimidine nucleobases salvage|g__Collinsella.s__Collinsella_aerofaciens	160.7921182695
PWY-7208: superpathway of pyrimidine nucleobases salvage|unclassified	142.0444016583
PWY-7208: superpathway of pyrimidine nucleobases salvage|g__Coprococcus.s__Coprococcus_catus	73.8581695520
PWY-7208: superpathway of pyrimidine nucleobases salvage|g__Roseburia.s__Roseburia_intestinalis	61.1408650071
PWY-7208: superpathway of pyrimidine nucleobases salvage|g__Candidatus_Gastranaerophilales_unclassified.s__Candidatus_Gastranaerophilales_bacterium_HUM_10	26.9708110086
PWY-7208: superpathway of pyrimidine nucleobases salvage|g__Adlercreutzia.s__Adlercreutzia_equolifaciens	23.9894339300
PWY-7208: superpathway of pyrimidine nucleobases salvage|g__Streptococcus.s__Streptococcus_thermophilus	23.0992151718
PWY-7208: superpathway of pyrimidine nucleobases salvage|g__Asaccharobacter.s__Asaccharobacter_celatus	22.2600581104
PWY-7208: superpathway of pyrimidine nucleobases salvage|g__Bilophila.s__Bilophila_wadsworthia	15.6229852216
PWY-7208: superpathway of pyrimidine nucleobases salvage|g__Flavonifractor.s__Flavonifractor_plautii	7.9604569038
PWY-6125: superpathway of guanosine nucleotides de novo biosynthesis II	2423.8406875641
PWY-6125: superpathway of guanosine nucleotides de novo biosynthesis II|unclassified	141.4785082515
PWY-6125: superpathway of guanosine nucleotides de novo biosynthesis II|g__Bacteroides.s__Bacteroides_cellulosilyticus	50.8248510305
PWY-6125: superpathway of guanosine nucleotides de novo biosynthesis II|g__Bacteroides.s__Bacteroides_dorei	39.7477757738
PWY-6125: superpathway of guanosine nucleotides de novo biosynthesis II|g__Bacteroides.s__Bacteroides_massiliensis	34.6506754616
PWY-6125: superpathway of guanosine nucleotides de novo biosynthesis II|g__Bacteroides.s__Bacteroides_vulgatus	25.5683775983
PWY-6125: superpathway of guanosine nucleotides de novo biosynthesis II|g__Streptococcus.s__Streptococcus_thermophilus	21.7497391573
PWY-6125: superpathway of guanosine nucleotides de novo biosynthesis II|g__Bilophila.s__Bilophila_wadsworthia	14.7588036157
PWY-6125: superpathway of guanosine nucleotides de novo biosynthesis II|g__Bacteroides.s__Bacteroides_intestinalis	5.5237043920
PWY-6125: superpathway of guanosine nucleotides de novo biosynthesis II|g__Bacteroides.s__Bacteroides_xylanisolvens	5.4027343732
PWY-6470: peptidoglycan biosynthesis V (&beta;-lactam resistance)	2386.7583682917
PWY-6470: peptidoglycan biosynthesis V (&beta;-lactam resistance)|unclassified	256.7538092710
PHOSLIPSYN-PWY: superpathway of phospholipid biosynthesis I (bacteria)	2251.8872079418
PHOSLIPSYN-PWY: superpathway of phospholipid biosynthesis I (bacteria)|g__Fusicatenibacter.s__Fusicatenibacter_saccharivorans	574.8950166251
PHOSLIPSYN-PWY: superpathway of phospholipid biosynthesis I (bacteria)|unclassified	35.1577623127
PWY-6608: guanosine nucleotides degradation III	2211.4960841489
PWY-6608: guanosine nucleotides degradation III|g__Blautia.s__Ruminococcus_torques	460.1776880313
PWY-6608: guanosine nucleotides degradation III|g__Anaerostipes.s__Anaerostipes_hadrus	332.5914486616
PWY-6608: guanosine nucleotides degradation III|unclassified	253.2745528537
PWY-6608: guanosine nucleotides degradation III|g__Blautia.s__Blautia_obeum	156.0825173277
PWY-6608: guanosine nucleotides degradation III|g__Blautia.s__Blautia_wexlerae	151.5685852457
PWY-6608: guanosine nucleotides degradation III|g__Faecalibacterium.s__Faecalibacterium_prausnitzii	122.5429426109
PWY-6608: guanosine nucleotides degradation III|g__Coprococcus.s__Coprococcus_catus	101.6048745320
PWY-6608: guanosine nucleotides degradation III|g__Roseburia.s__Roseburia_intestinalis	56.0953956314
PWY-6608: guanosine nucleotides degradation III|g__Blautia.s__Blautia_sp	11.8701261219
PWY-6608: guanosine nucleotides degradation III|g__Ruminococcus.s__Ruminococcus_sp_AF31_8BH	9.2224308101
PWY-6608: guanosine nucleotides degradation III|g__Bacteroides.s__Bacteroides_ovatus	8.5662356742
PWY-6630: superpathway of L-tyrosine biosynthesis	2168.1768762258
PWY-6630: superpathway of L-tyrosine biosynthesis|unclassified	404.2178408933
PWY-5973: cis-vaccenate biosynthesis	2134.3193451860
PWY-5973: cis-vaccenate biosynthesis|g__Blautia.s__Ruminococcus_torques	278.2499393844
PWY-5973: cis-vaccenate biosynthesis|g__Bacteroides.s__Bacteroides_stercoris	84.8860466767
PWY-5973: cis-vaccenate biosynthesis|unclassified	82.0158359933
PWY-5973: cis-vaccenate biosynthesis|g__Bacteroides.s__Bacteroides_uniformis	81.8904780483
PWY-5973: cis-vaccenate biosynthesis|g__Bacteroides.s__Bacteroides_cellulosilyticus	67.2522966877
PWY-5973: cis-vaccenate biosynthesis|g__Alistipes.s__Alistipes_finegoldii	33.5741352910
PWY-5973: cis-vaccenate biosynthesis|g__Bacteroides.s__Bacteroides_ovatus	14.9663579568
PWY-5973: cis-vaccenate biosynthesis|g__Bacteroides.s__Bacteroides_caccae	10.4421476970
PWY-5973: cis-vaccenate biosynthesis|g__Alistipes.s__Alistipes_onderdonkii	6.9809743623
PWY-5973: cis-vaccenate biosynthesis|g__Bacteroides.s__Bacteroides_xylanisolvens	5.8880093863
PWY-5973: cis-vaccenate biosynthesis|g__Bacteroides.s__Bacteroides_clarus	4.3628760199
LACTOSECAT-PWY: lactose and galactose degradation I	2087.1504932983
LACTOSECAT-PWY: lactose and galactose degradation I|g__Collinsella.s__Collinsella_aerofaciens	877.1875542155
LACTOSECAT-PWY: lactose and galactose degradation I|unclassified	331.5460307814
LACTOSECAT-PWY: lactose and galactose degradation I|g__Anaerostipes.s__Anaerostipes_hadrus	246.5638658033
LACTOSECAT-PWY: lactose and galactose degradation I|g__Streptococcus.s__Streptococcus_pneumoniae	3.8868867954
PWY-7456: &beta;-(1,4)-mannan degradation	2083.5159753108
PWY-7456: &beta;-(1,4)-mannan degradation|unclassified	118.3647678653
PWY-7456: &beta;-(1,4)-mannan degradation|g__Roseburia.s__Roseburia_faecis	25.1948890998
PWY-2941: L-lysine biosynthesis II	2050.6317140814
PWY-2941: L-lysine biosynthesis II|g__Blautia.s__Ruminococcus_torques	224.8356734834
PWY-2941: L-lysine biosynthesis II|unclassified	181.1330078395
PWY-2941: L-lysine biosynthesis II|g__Streptococcus.s__Streptococcus_thermophilus	21.3693063503
PWY-2941: L-lysine biosynthesis II|g__Flavonifractor.s__Flavonifractor_plautii	9.5393698307
GALACTUROCAT-PWY: D-galacturonate degradation I	2040.6262733584
GALACTUROCAT-PWY: D-galacturonate degradation I|g__Faecalibacterium.s__Faecalibacterium_prausnitzii	1159.5567901216
GALACTUROCAT-PWY: D-galacturonate degradation I|unclassified	259.6034832544
GALACTUROCAT-PWY: D-galacturonate degradation I|g__Blautia.s__Ruminococcus_torques	150.7624633794
PWY-8187: L-arginine degradation XIII (reductive Stickland reaction)	1976.9247754454
PWY-8187: L-arginine degradation XIII (reductive Stickland reaction)|unclassified	1311.4351057559
PWY-8187: L-arginine degradation XIII (reductive Stickland reaction)|g__Asaccharobacter.s__Asaccharobacter_celatus	28.8305744356
PWY-8187: L-arginine degradation XIII (reductive Stickland reaction)|g__Adlercreutzia.s__Adlercreutzia_equolifaciens	26.1036698047
PWY-8187: L-arginine degradation XIII (reductive Stickland reaction)|g__Butyricimonas.s__Butyricimonas_virosa	8.7258963432
PWY66-399: gluconeogenesis III	1961.0912537907
PWY66-399: gluconeogenesis III|unclassified	95.8045432219
SALVADEHYPOX-PWY: adenosine nucleotides degradation II	1948.0832571905
SALVADEHYPOX-PWY: adenosine nucleotides degradation II|g__Anaerostipes.s__Anaerostipes_hadrus	333.4284126862
SALVADEHYPOX-PWY: adenosine nucleotides degradation II|g__Blautia.s__Ruminococcus_torques	255.7651056627
SALVADEHYPOX-PWY: adenosine nucleotides degradation II|unclassified	249.1431978970
SALVADEHYPOX-PWY: adenosine nucleotides degradation II|g__Faecalibacterium.s__Faecalibacterium_prausnitzii	115.1847745557
SALVADEHYPOX-PWY: adenosine nucleotides degradation II|g__Roseburia.s__Roseburia_intestinalis	48.7964731549
SALVADEHYPOX-PWY: adenosine nucleotides degradation II|g__Blautia.s__Blautia_obeum	26.9895009922
PWY-6895: superpathway of thiamine diphosphate biosynthesis II	1899.8321499557
PWY-6895: superpathway of thiamine diphosphate biosynthesis II|unclassified	176.1667526077
PWY-7323: superpathway of GDP-mannose-derived O-antigen building blocks biosynthesis	1896.3790921146
PWY-7323: superpathway of GDP-mannose-derived O-antigen building blocks biosynthesis|unclassified	456.3966226111
PWY-5676: acetyl-CoA fermentation to butanoate II	1888.7399945646
PWY-5676: acetyl-CoA fermentation to butanoate II|g__Anaerostipes.s__Anaerostipes_hadrus	418.8984935014
PWY-5676: acetyl-CoA fermentation to butanoate II|g__Coprococcus.s__Coprococcus_catus	88.4360303050
PWY-5676: acetyl-CoA fermentation to butanoate II|unclassified	54.7985913856
PWY-5676: acetyl-CoA fermentation to butanoate II|g__Flavonifractor.s__Flavonifractor_plautii	37.6947987671
PWY-6590: superpathway of Clostridium acetobutylicum acidogenic fermentation	1883.4780993181
PWY-6590: superpathway of Clostridium acetobutylicum acidogenic fermentation|unclassified	379.1158206455
PWY-7383: anaerobic energy metabolism (invertebrates, cytosol)	1870.2543226635
PWY-7383: anaerobic energy metabolism (invertebrates, cytosol)|unclassified	105.9120406649
FERMENTATION-PWY: mixed acid fermentation	1831.4136197093
FERMENTATION-PWY: mixed acid fermentation|unclassified	368.2480406579
FERMENTATION-PWY: mixed acid fermentation|g__Faecalibacterium.s__Faecalibacterium_prausnitzii	26.5573500318
PWY-6507: 4-deoxy-L-threo-hex-4-enopyranuronate degradation	1822.5330631415
PWY-6507: 4-deoxy-L-threo-hex-4-enopyranuronate degradation|g__Faecalibacterium.s__Faecalibacterium_prausnitzii	1086.5957388210
PWY-6507: 4-deoxy-L-threo-hex-4-enopyranuronate degradation|unclassified	229.9272351240
PWY-4041: &gamma;-glutamyl cycle	1777.9427826360
PWY-4041: &gamma;-glutamyl cycle|g__Bifidobacterium.s__Bifidobacterium_longum	109.3876258868
PWY-4041: &gamma;-glutamyl cycle|unclassified	70.8159958842
PWY-4041: &gamma;-glutamyl cycle|g__Streptococcus.s__Streptococcus_thermophilus	7.9764559726
PWY-4041: &gamma;-glutamyl cycle|g__Streptococcus.s__Streptococcus_pneumoniae	7.4429059563
PWY-4041: &gamma;-glutamyl cycle|g__Streptococcus.s__Streptococcus_salivarius	2.0379861969
GLYCOLYSIS-E-D: superpathway of glycolysis and the Entner-Doudoroff pathway	1760.6224368053
PWY-7663: gondoate biosynthesis (anaerobic)	1752.7771714353
PWY-7663: gondoate biosynthesis (anaerobic)|g__Bifidobacterium.s__Bifidobacterium_longum	91.7680297554
PWY-7663: gondoate biosynthesis (anaerobic)|g__Bacteroides.s__Bacteroides_stercoris	90.0609639144
PWY-7663: gondoate biosynthesis (anaerobic)|g__Bacteroides.s__Bacteroides_cellulosilyticus	85.6375377752
PWY-7663: gondoate biosynthesis (anaerobic)|g__Bacteroides.s__Bacteroides_uniformis	83.0631617332
PWY-7663: gondoate biosynthesis (anaerobic)|unclassified	65.8350648786
PWY-7663: gondoate biosynthesis (anaerobic)|g__Alistipes.s__Alistipes_finegoldii	31.0731503885
PWY-7663: gondoate biosynthesis (anaerobic)|g__Bacteroides.s__Bacteroides_ovatus	13.9041768688
PWY-7663: gondoate biosynthesis (anaerobic)|g__Alistipes.s__Alistipes_onderdonkii	9.6251487643
PWY-7663: gondoate biosynthesis (anaerobic)|g__Bacteroides.s__Bacteroides_caccae	9.4039197566
PWY-7663: gondoate biosynthesis (anaerobic)|g__Bacteroides.s__Bacteroides_xylanisolvens	5.2947606016
PWY-7663: gondoate biosynthesis (anaerobic)|g__Bacteroides.s__Bacteroides_clarus	3.7771099634
PWY66-409: superpathway of purine nucleotide salvage	1707.3098365330
PWY66-409: superpathway of purine nucleotide salvage|unclassified	203.3991439514
PWY66-409: superpathway of purine nucleotide salvage|g__Streptococcus.s__Streptococcus_thermophilus	20.6173469739
PWY-7234: inosine-5'-phosphate biosynthesis III	1655.2703410834
PWY-7234: inosine-5'-phosphate biosynthesis III|g__Bifidobacterium.s__Bifidobacterium_adolescentis	195.3626769772
PWY-7234: inosine-5'-phosphate biosynthesis III|unclassified	188.0243660712
PWY-7234: inosine-5'-phosphate biosynthesis III|g__Alistipes.s__Alistipes_putredinis	100.6187614424
PWY-7234: inosine-5'-phosphate biosynthesis III|g__Methanobrevibacter.s__Methanobrevibacter_smithii	89.8130068931
PWY-7234: inosine-5'-phosphate biosynthesis III|g__Bifidobacterium.s__Bifidobacterium_pseudocatenulatum	73.6888527182
PWY-7234: inosine-5'-phosphate biosynthesis III|g__Coprococcus.s__Coprococcus_catus	42.4235479310
PWY-7234: inosine-5'-phosphate biosynthesis III|g__Methanosphaera.s__Methanosphaera_stadtmanae	34.3688795929
PWY-7234: inosine-5'-phosphate biosynthesis III|g__Streptococcus.s__Streptococcus_thermophilus	28.5340454146
PWY-7234: inosine-5'-phosphate biosynthesis III|g__Streptococcus.s__Streptococcus_salivarius	6.4208204010
PWY-7234: inosine-5'-phosphate biosynthesis III|g__Alistipes.s__Alistipes_finegoldii	5.8410772656
PWY-7234: inosine-5'-phosphate biosynthesis III|g__Alistipes.s__Alistipes_onderdonkii	1.8597388432
PWY-7197: pyrimidine deoxyribonucleotide phosphorylation	1644.2461206669
PWY-7197: pyrimidine deoxyribonucleotide phosphorylation|g__Collinsella.s__Collinsella_aerofaciens	262.6569919018
PWY-7197: pyrimidine deoxyribonucleotide phosphorylation|g__Dialister.s__Dialister_invisus	262.6011887434
PWY-7197: pyrimidine deoxyribonucleotide phosphorylation|g__Eggerthella.s__Eggerthella_sp_CAG_209	146.4302180769
PWY-7197: pyrimidine deoxyribonucleotide phosphorylation|unclassified	96.1707045043
PWY-7197: pyrimidine deoxyribonucleotide phosphorylation|g__Methanobrevibacter.s__Methanobrevibacter_smithii	83.5016202585
PWY-7197: pyrimidine deoxyribonucleotide phosphorylation|g__Asaccharobacter.s__Asaccharobacter_celatus	54.5958764079
PWY-7197: pyrimidine deoxyribonucleotide phosphorylation|g__Candidatus_Gastranaerophilales_unclassified.s__Candidatus_Gastranaerophilales_bacterium_HUM_10	49.2026794814
PWY-7197: pyrimidine deoxyribonucleotide phosphorylation|g__Methanosphaera.s__Methanosphaera_stadtmanae	41.3768751350
PWY-7197: pyrimidine deoxyribonucleotide phosphorylation|g__Streptococcus.s__Streptococcus_thermophilus	27.5463163512
PWY-7197: pyrimidine deoxyribonucleotide phosphorylation|g__Adlercreutzia.s__Adlercreutzia_equolifaciens	16.8070819511
PWY-7197: pyrimidine deoxyribonucleotide phosphorylation|g__Bilophila.s__Bilophila_wadsworthia	16.3539631451
PWY-8004: Entner-Doudoroff pathway I	1628.8702110246
PWY-8004: Entner-Doudoroff pathway I|unclassified	41.4406464507
PWY-7198: pyrimidine deoxyribonucleotides de novo biosynthesis IV	1608.1589845553
PWY-7198: pyrimidine deoxyribonucleotides de novo biosynthesis IV|unclassified	103.6682268996
PWY-6606: guanosine nucleotides degradation II	1604.7855873779
PWY-6606: guanosine nucleotides degradation II|g__Blautia.s__Ruminococcus_torques	256.9802973446
PWY-6606: guanosine nucleotides degradation II|g__Anaerostipes.s__Anaerostipes_hadrus	200.4011635073
PWY-6606: guanosine nucleotides degradation II|unclassified	171.1285654951
PWY-6606: guanosine nucleotides degradation II|g__Roseburia.s__Roseburia_intestinalis	51.2427651894
PWY-6606: guanosine nucleotides degradation II|g__Blautia.s__Blautia_obeum	30.7167294691
P441-PWY: superpathway of N-acetylneuraminate degradation	1600.9130606998
PWY-7220: adenosine deoxyribonucleotides de novo biosynthesis II	1567.1641776002
PWY-7220: adenosine deoxyribonucleotides de novo biosynthesis II|unclassified	86.7624157439
PWY-7220: adenosine deoxyribonucleotides de novo biosynthesis II|g__Bacteroides.s__Bacteroides_cellulosilyticus	52.1828369587
PWY-7220: adenosine deoxyribonucleotides de novo biosynthesis II|g__Bacteroides.s__Bacteroides_massiliensis	36.8314329903
PWY-7220: adenosine deoxyribonucleotides de novo biosynthesis II|g__Bacteroides.s__Bacteroides_dorei	36.2811191731
PWY-7220: adenosine deoxyribonucleotides de novo biosynthesis II|g__Bacteroides.s__Bacteroides_vulgatus	25.0831943260
PWY-7220: adenosine deoxyribonucleotides de novo biosynthesis II|g__Streptococcus.s__Streptococcus_thermophilus	24.5587408121
PWY-7220: adenosine deoxyribonucleotides de novo biosynthesis II|g__Bilophila.s__Bilophila_wadsworthia	19.1010828851
PWY-7220: adenosine deoxyribonucleotides de novo biosynthesis II|g__Bacteroides.s__Bacteroides_ovatus	17.3326277133
PWY-7220: adenosine deoxyribonucleotides de novo biosynthesis II|g__Bacteroides.s__Bacteroides_intestinalis	13.6669404209
PWY-7220: adenosine deoxyribonucleotides de novo biosynthesis II|g__Bacteroides.s__Bacteroides_caccae	10.8301884108
PWY-7220: adenosine deoxyribonucleotides de novo biosynthesis II|g__Bacteroides.s__Bacteroides_xylanisolvens	3.6173101751
PWY-7222: guanosine deoxyribonucleotides de novo biosynthesis II	1567.1641776002
PWY-7222: guanosine deoxyribonucleotides de novo biosynthesis II|unclassified	86.7624157439
PWY-7222: guanosine deoxyribonucleotides de novo biosynthesis II|g__Bacteroides.s__Bacteroides_cellulosilyticus	52.1828369587
PWY-7222: guanosine deoxyribonucleotides de novo biosynthesis II|g__Bacteroides.s__Bacteroides_massiliensis	36.8314329903
PWY-7222: guanosine deoxyribonucleotides de novo biosynthesis II|g__Bacteroides.s__Bacteroides_dorei	36.2811191731
PWY-7222: guanosine deoxyribonucleotides de novo biosynthesis II|g__Bacteroides.s__Bacteroides_vulgatus	25.0831943260
PWY-7222: guanosine deoxyribonucleotides de novo biosynthesis II|g__Streptococcus.s__Streptococcus_thermophilus	24.5587408121
PWY-7222: guanosine deoxyribonucleotides de novo biosynthesis II|g__Bilophila.s__Bilophila_wadsworthia	19.1010828851
PWY-7222: guanosine deoxyribonucleotides de novo biosynthesis II|g__Bacteroides.s__Bacteroides_ovatus	17.3326277133
PWY-7222: guanosine deoxyribonucleotides de novo biosynthesis II|g__Bacteroides.s__Bacteroides_intestinalis	13.6669404209
PWY-7222: guanosine deoxyribonucleotides de novo biosynthesis II|g__Bacteroides.s__Bacteroides_caccae	10.8301884108
PWY-7222: guanosine deoxyribonucleotides de novo biosynthesis II|g__Bacteroides.s__Bacteroides_xylanisolvens	3.6173101751
PWY-241: C4 photosynthetic carbon assimilation cycle, NADP-ME type	1510.1308688770
PWY-241: C4 photosynthetic carbon assimilation cycle, NADP-ME type|unclassified	65.8237628261
CENTFERM-PWY: pyruvate fermentation to butanoate	1498.8164555616
CENTFERM-PWY: pyruvate fermentation to butanoate|unclassified	303.0876567028
PWY-7115: C4 photosynthetic carbon assimilation cycle, NAD-ME type	1482.1462934266
PWY-7115: C4 photosynthetic carbon assimilation cycle, NAD-ME type|unclassified	51.9157549534
PWY4FS-7: phosphatidylglycerol biosynthesis I (plastidic)	1465.1559990267
PWY4FS-7: phosphatidylglycerol biosynthesis I (plastidic)|g__Fusicatenibacter.s__Fusicatenibacter_saccharivorans	553.4120597058
PWY4FS-7: phosphatidylglycerol biosynthesis I (plastidic)|g__Roseburia.s__Roseburia_intestinalis	33.7642808460
PWY4FS-7: phosphatidylglycerol biosynthesis I (plastidic)|unclassified	21.4120628751
PWY4FS-7: phosphatidylglycerol biosynthesis I (plastidic)|g__Streptococcus.s__Streptococcus_thermophilus	15.4510738559
PWY4FS-8: phosphatidylglycerol biosynthesis II (non-plastidic)	1465.1559990267
PWY4FS-8: phosphatidylglycerol biosynthesis II (non-plastidic)|g__Fusicatenibacter.s__Fusicatenibacter_saccharivorans	553.4120597058
PWY4FS-8: phosphatidylglycerol biosynthesis II (non-plastidic)|g__Roseburia.s__Roseburia_intestinalis	33.7642808460
PWY4FS-8: phosphatidylglycerol biosynthesis II (non-plastidic)|unclassified	21.4120628751
PWY4FS-8: phosphatidylglycerol biosynthesis II (non-plastidic)|g__Streptococcus.s__Streptococcus_thermophilus	15.4510738559
PWY-7117: C4 photosynthetic carbon assimilation cycle, PEPCK type	1460.6894487267
PWY-7117: C4 photosynthetic carbon assimilation cycle, PEPCK type|unclassified	56.1305510203
PWY-7356: thiamine diphosphate salvage IV (yeast)	1460.1966385464
PWY-7356: thiamine diphosphate salvage IV (yeast)|unclassified	290.4033197688
PWY-7356: thiamine diphosphate salvage IV (yeast)|g__Bifidobacterium.s__Bifidobacterium_adolescentis	176.0395001941
PWY-7356: thiamine diphosphate salvage IV (yeast)|g__Agathobaculum.s__Agathobaculum_butyriciproducens	79.0154296822
PWY-5121: superpathway of geranylgeranyl diphosphate biosynthesis II (via MEP)	1456.6497501780
PWY-5121: superpathway of geranylgeranyl diphosphate biosynthesis II (via MEP)|unclassified	232.7227465713
PWY-5121: superpathway of geranylgeranyl diphosphate biosynthesis II (via MEP)|g__Bacteroides.s__Bacteroides_vulgatus	35.0467282821
PWY-5121: superpathway of geranylgeranyl diphosphate biosynthesis II (via MEP)|g__Bacteroides.s__Bacteroides_dorei	29.5440721369
PWY-7282: 4-amino-2-methyl-5-diphosphomethylpyrimidine biosynthesis II	1430.3433154133
PWY-7282: 4-amino-2-methyl-5-diphosphomethylpyrimidine biosynthesis II|g__Bacteroides.s__Bacteroides_uniformis	71.7334313575
PWY-7282: 4-amino-2-methyl-5-diphosphomethylpyrimidine biosynthesis II|g__Bacteroides.s__Bacteroides_ovatus	17.5385376619
PWY-7761: NAD salvage pathway II (PNC IV cycle)	1406.6190668664
PWY-7761: NAD salvage pathway II (PNC IV cycle)|unclassified	269.6215701635
PWY-622: starch biosynthesis	1398.7782235404
PWY-6549: L-glutamine biosynthesis III	1397.2833442320
PWY-6549: L-glutamine biosynthesis III|unclassified	181.3036012366
PWY0-1479: tRNA processing	1397.1322192240
PWY0-1479: tRNA processing|unclassified	84.1008697495
PWY-5505: L-glutamate and L-glutamine biosynthesis	1383.5204175019
PWY-5505: L-glutamate and L-glutamine biosynthesis|unclassified	160.6319073944
PWY-7315: dTDP-N-acetylthomosamine biosynthesis	1335.5664325777
PWY-7315: dTDP-N-acetylthomosamine biosynthesis|g__Lachnospiraceae_unclassified.s__Eubacterium_rectale	197.8204153229
PWY-7315: dTDP-N-acetylthomosamine biosynthesis|unclassified	64.4561249824
PWY-7315: dTDP-N-acetylthomosamine biosynthesis|g__Bacteroides.s__Bacteroides_uniformis	46.8420544360
P164-PWY: purine nucleobases degradation I (anaerobic)	1317.2050781222
P164-PWY: purine nucleobases degradation I (anaerobic)|unclassified	84.3581060222
P124-PWY: Bifidobacterium shunt	1316.6363936036
P124-PWY: Bifidobacterium shunt|g__Bifidobacterium.s__Bifidobacterium_pseudocatenulatum	106.2032043965
P124-PWY: Bifidobacterium shunt|g__Bifidobacterium.s__Bifidobacterium_longum	82.5324939817
PWY-6147: 6-hydroxymethyl-dihydropterin diphosphate biosynthesis I	1309.2822851125
PWY-6147: 6-hydroxymethyl-dihydropterin diphosphate biosynthesis I|g__Dialister.s__Dialister_invisus	181.8494926233
PWY-6147: 6-hydroxymethyl-dihydropterin diphosphate biosynthesis I|g__Alistipes.s__Alistipes_putredinis	106.4981503160
PWY-6147: 6-hydroxymethyl-dihydropterin diphosphate biosynthesis I|g__Bacteroides.s__Bacteroides_stercoris	86.4177704125
PWY-6147: 6-hydroxymethyl-dihydropterin diphosphate biosynthesis I|g__Bacteroides.s__Bacteroides_uniformis	65.1539459285
PWY-6147: 6-hydroxymethyl-dihydropterin diphosphate biosynthesis I|g__Bacteroides.s__Bacteroides_dorei	32.9671128664
PWY-6147: 6-hydroxymethyl-dihydropterin diphosphate biosynthesis I|g__Bacteroides.s__Bacteroides_vulgatus	28.9345500531
PWY-6147: 6-hydroxymethyl-dihydropterin diphosphate biosynthesis I|g__Bacteroides.s__Bacteroides_xylanisolvens	11.2822148449
PWY-6147: 6-hydroxymethyl-dihydropterin diphosphate biosynthesis I|g__Bacteroides.s__Bacteroides_thetaiotaomicron	7.7711852223
PWY-6147: 6-hydroxymethyl-dihydropterin diphosphate biosynthesis I|g__Bacteroides.s__Bacteroides_cellulosilyticus	3.5748271443
PWY-6902: chitin degradation II (Vibrio)	1254.2643320562
PWY-6902: chitin degradation II (Vibrio)|g__Fusicatenibacter.s__Fusicatenibacter_saccharivorans	765.7481186773
PWY-6902: chitin degradation II (Vibrio)|g__Bacteroides.s__Bacteroides_uniformis	115.8905285922
PWY-6902: chitin degradation II (Vibrio)|g__Bacteroides.s__Bacteroides_cellulosilyticus	50.7193043994
PWY-6902: chitin degradation II (Vibrio)|g__Bacteroides.s__Bacteroides_intestinalis	36.0920834205
PWY-6902: chitin degradation II (Vibrio)|g__Bifidobacterium.s__Bifidobacterium_pseudocatenulatum	27.5134383095
PWY-6902: chitin degradation II (Vibrio)|g__Bacteroides.s__Bacteroides_vulgatus	24.8623757145
PWY-5154: L-arginine biosynthesis III (via N-acetyl-L-citrulline)	1234.3362618889
PWY-5154: L-arginine biosynthesis III (via N-acetyl-L-citrulline)|g__Blautia.s__Ruminococcus_torques	319.5942111821
PWY-5154: L-arginine biosynthesis III (via N-acetyl-L-citrulline)|g__Eubacterium.s__Eubacterium_hallii	93.2795810087
PWY-5154: L-arginine biosynthesis III (via N-acetyl-L-citrulline)|g__Coprococcus.s__Coprococcus_catus	59.0780712796
PWY-5154: L-arginine biosynthesis III (via N-acetyl-L-citrulline)|unclassified	21.9036193944
PWY-5154: L-arginine biosynthesis III (via N-acetyl-L-citrulline)|g__Alistipes.s__Alistipes_finegoldii	14.1638637210
PWY-1861: formaldehyde assimilation II (assimilatory RuMP Cycle)	1229.1457314714
PWY-1861: formaldehyde assimilation II (assimilatory RuMP Cycle)|unclassified	347.1684041492
PWY-1861: formaldehyde assimilation II (assimilatory RuMP Cycle)|g__Anaerostipes.s__Anaerostipes_hadrus	323.3279116829
PWY-1861: formaldehyde assimilation II (assimilatory RuMP Cycle)|g__Blautia.s__Blautia_obeum	84.4323410949
ARG+POLYAMINE-SYN: superpathway of arginine and polyamine biosynthesis	1127.5472885287
ARG+POLYAMINE-SYN: superpathway of arginine and polyamine biosynthesis|unclassified	124.6742799517
P461-PWY: hexitol fermentation to lactate, formate, ethanol and acetate	1127.2605013594
P461-PWY: hexitol fermentation to lactate, formate, ethanol and acetate|g__Anaerostipes.s__Anaerostipes_hadrus	475.3311275240
P461-PWY: hexitol fermentation to lactate, formate, ethanol and acetate|unclassified	165.3326927958
PWY0-1477: ethanolamine utilization	1108.5575110478
PWY0-1477: ethanolamine utilization|unclassified	98.3720368251
PWY0-1477: ethanolamine utilization|g__Coprococcus.s__Coprococcus_catus	63.2300354856
PWY0-1477: ethanolamine utilization|g__Bilophila.s__Bilophila_wadsworthia	41.4244761695
PWY0-1477: ethanolamine utilization|g__Flavonifractor.s__Flavonifractor_plautii	37.4475242676
PWY0-1477: ethanolamine utilization|g__Flavonifractor.s__Flavonifractor_sp_An10	16.6663241161
PPGPPMET-PWY: ppGpp metabolism	1053.5500657601
PPGPPMET-PWY: ppGpp metabolism|unclassified	68.9286279723
PWY-5971: palmitate biosynthesis (type II fatty acid synthase)	1044.0160695875
BIOTIN-BIOSYNTHESIS-PWY: biotin biosynthesis I	1008.5835600127
FASYN-ELONG-PWY: fatty acid elongation -- saturated	959.8048614138
FASYN-ELONG-PWY: fatty acid elongation -- saturated|g__Bifidobacterium.s__Bifidobacterium_longum	91.7680297554
FASYN-ELONG-PWY: fatty acid elongation -- saturated|g__Bacteroides.s__Bacteroides_cellulosilyticus	70.4808394828
FASYN-ELONG-PWY: fatty acid elongation -- saturated|g__Alistipes.s__Alistipes_finegoldii	27.1839736545
FASYN-ELONG-PWY: fatty acid elongation -- saturated|g__Alistipes.s__Alistipes_onderdonkii	7.1841719534
PWY1ZNC-1: assimilatory sulfate reduction IV	951.1178530249
PWY1ZNC-1: assimilatory sulfate reduction IV|unclassified	240.2692864413
PWY1ZNC-1: assimilatory sulfate reduction IV|g__Eubacterium.s__Eubacterium_hallii	85.7767242226
PWY-1269: CMP-3-deoxy-D-manno-octulosonate biosynthesis	950.5872335021
PWY-1269: CMP-3-deoxy-D-manno-octulosonate biosynthesis|g__Bacteroides.s__Bacteroides_uniformis	75.8731503233
PWY-1269: CMP-3-deoxy-D-manno-octulosonate biosynthesis|g__Bacteroides.s__Bacteroides_ovatus	21.3635104341
PWY-1269: CMP-3-deoxy-D-manno-octulosonate biosynthesis|g__Bacteroides.s__Bacteroides_caccae	3.7746979857
GOLPDLCAT-PWY: superpathway of glycerol degradation to 1,3-propanediol	928.1152786580
GOLPDLCAT-PWY: superpathway of glycerol degradation to 1,3-propanediol|g__Blautia.s__Ruminococcus_torques	200.1666656366
GOLPDLCAT-PWY: superpathway of glycerol degradation to 1,3-propanediol|g__Anaerostipes.s__Anaerostipes_hadrus	188.5573656315
GOLPDLCAT-PWY: superpathway of glycerol degradation to 1,3-propanediol|unclassified	116.5545413469
GOLPDLCAT-PWY: superpathway of glycerol degradation to 1,3-propanediol|g__Eubacterium.s__Eubacterium_hallii	59.9058477617
GOLPDLCAT-PWY: superpathway of glycerol degradation to 1,3-propanediol|g__Flavonifractor.s__Flavonifractor_plautii	24.2805577419
PWY-5913: partial TCA cycle (obligate autotrophs)	905.1742140802
PWY-5913: partial TCA cycle (obligate autotrophs)|unclassified	79.1429636706
PWY-7664: oleate biosynthesis IV (anaerobic)	900.6720403452
PWY-7664: oleate biosynthesis IV (anaerobic)|g__Bifidobacterium.s__Bifidobacterium_longum	91.7680297554
PWY-7664: oleate biosynthesis IV (anaerobic)|g__Bacteroides.s__Bacteroides_cellulosilyticus	66.9675911516
PWY-7664: oleate biosynthesis IV (anaerobic)|g__Alistipes.s__Alistipes_finegoldii	25.4797725069
PWY-7664: oleate biosynthesis IV (anaerobic)|g__Alistipes.s__Alistipes_onderdonkii	6.6973163870
PWY-6519: 8-amino-7-oxononanoate biosynthesis I	880.9189689725
PWY-6519: 8-amino-7-oxononanoate biosynthesis I|g__Bacteroides.s__Bacteroides_cellulosilyticus	62.0281885611
PWY-6969: TCA cycle V (2-oxoglutarate synthase)	873.8789807282
PWY-6969: TCA cycle V (2-oxoglutarate synthase)|unclassified	43.5340498986
PWY0-862: (5Z)-dodecenoate biosynthesis I	832.3020739201
PWY0-862: (5Z)-dodecenoate biosynthesis I|g__Bifidobacterium.s__Bifidobacterium_longum	91.7680297554
PWY0-862: (5Z)-dodecenoate biosynthesis I|g__Bacteroides.s__Bacteroides_cellulosilyticus	62.7941373031
PWY0-862: (5Z)-dodecenoate biosynthesis I|g__Alistipes.s__Alistipes_finegoldii	23.5142510048
PWY0-862: (5Z)-dodecenoate biosynthesis I|g__Alistipes.s__Alistipes_onderdonkii	6.1423147959
PWY-5989: stearate biosynthesis II (bacteria and plants)	818.6844582610
PWY-5989: stearate biosynthesis II (bacteria and plants)|g__Bacteroides.s__Bacteroides_cellulosilyticus	50.8103527646
PWY-5989: stearate biosynthesis II (bacteria and plants)|g__Alistipes.s__Alistipes_finegoldii	22.8926935938
PWY-5989: stearate biosynthesis II (bacteria and plants)|g__Alistipes.s__Alistipes_onderdonkii	5.8174797190
PWY-5005: biotin biosynthesis II	807.8229069646
PWY-5005: biotin biosynthesis II|g__Blautia.s__Ruminococcus_torques	113.0986776665
PWY0-1297: superpathway of purine deoxyribonucleosides degradation	799.1281331697
PWY0-1297: superpathway of purine deoxyribonucleosides degradation|g__Blautia.s__Ruminococcus_torques	377.5807528614
PWY0-1297: superpathway of purine deoxyribonucleosides degradation|unclassified	128.8373418826
PWY0-1297: superpathway of purine deoxyribonucleosides degradation|g__Coprococcus.s__Coprococcus_catus	41.7007814117
PWY0-1297: superpathway of purine deoxyribonucleosides degradation|g__Streptococcus.s__Streptococcus_thermophilus	27.1549191064
PWY-6282: palmitoleate biosynthesis I (from (5Z)-dodec-5-enoate)	797.7858885978
PWY-6282: palmitoleate biosynthesis I (from (5Z)-dodec-5-enoate)|g__Bifidobacterium.s__Bifidobacterium_longum	91.7680297554
PWY-6282: palmitoleate biosynthesis I (from (5Z)-dodec-5-enoate)|g__Bacteroides.s__Bacteroides_cellulosilyticus	65.2519359847
PWY-6282: palmitoleate biosynthesis I (from (5Z)-dodec-5-enoate)|g__Alistipes.s__Alistipes_finegoldii	25.1741913867
PWY-6282: palmitoleate biosynthesis I (from (5Z)-dodec-5-enoate)|g__Alistipes.s__Alistipes_onderdonkii	6.4553828888
GLYCOCAT-PWY: glycogen degradation I	782.1359114393
GLYCOCAT-PWY: glycogen degradation I|unclassified	107.0134530626
GLYCOCAT-PWY: glycogen degradation I|g__Coprococcus.s__Coprococcus_catus	65.6718125014
PWY-8131: 5'-deoxyadenosine degradation II	757.1420804182
PWY-8131: 5'-deoxyadenosine degradation II|unclassified	63.4228702049
PWY-8131: 5'-deoxyadenosine degradation II|g__Blautia.s__Blautia_obeum	12.6362301772
CITRULBIO-PWY: L-citrulline biosynthesis	747.3567320032
CITRULBIO-PWY: L-citrulline biosynthesis|unclassified	68.3711640617
CITRULBIO-PWY: L-citrulline biosynthesis|g__Coprococcus.s__Coprococcus_catus	50.8473904517
CITRULBIO-PWY: L-citrulline biosynthesis|g__Alistipes.s__Alistipes_finegoldii	17.3818293594
ARGININE-SYN4-PWY: L-ornithine biosynthesis II	719.5200284094
ARGININE-SYN4-PWY: L-ornithine biosynthesis II|g__Bacteroides.s__Bacteroides_uniformis	85.7451059607
ARGININE-SYN4-PWY: L-ornithine biosynthesis II|g__Bacteroides.s__Bacteroides_stercoris	76.4292432863
ARGININE-SYN4-PWY: L-ornithine biosynthesis II|g__Bacteroides.s__Bacteroides_cellulosilyticus	57.1767996164
ARGININE-SYN4-PWY: L-ornithine biosynthesis II|g__Bacteroides.s__Bacteroides_massiliensis	42.3695990264
ARGININE-SYN4-PWY: L-ornithine biosynthesis II|unclassified	37.7361800475
ARGININE-SYN4-PWY: L-ornithine biosynthesis II|g__Bacteroides.s__Bacteroides_vulgatus	27.6610761350
ARGININE-SYN4-PWY: L-ornithine biosynthesis II|g__Bacteroides.s__Bacteroides_dorei	25.6402571645
ARGININE-SYN4-PWY: L-ornithine biosynthesis II|g__Bacteroides.s__Bacteroides_ovatus	19.0463965664
ARGININE-SYN4-PWY: L-ornithine biosynthesis II|g__Bacteroides.s__Bacteroides_clarus	11.5671343545
ARGININE-SYN4-PWY: L-ornithine biosynthesis II|g__Bacteroides.s__Bacteroides_xylanisolvens	6.3830412559
ARGININE-SYN4-PWY: L-ornithine biosynthesis II|g__Bacteroides.s__Bacteroides_thetaiotaomicron	4.6161908545
HISDEG-PWY: L-histidine degradation I	701.6377654755
HISDEG-PWY: L-histidine degradation I|g__Alistipes.s__Alistipes_putredinis	98.2037733793
HISDEG-PWY: L-histidine degradation I|g__Bacteroides.s__Bacteroides_stercoris	94.5007573495
HISDEG-PWY: L-histidine degradation I|g__Bacteroides.s__Bacteroides_uniformis	73.9370569024
HISDEG-PWY: L-histidine degradation I|g__Bacteroides.s__Bacteroides_cellulosilyticus	58.3444068972
HISDEG-PWY: L-histidine degradation I|g__Firmicutes_unclassified.s__Firmicutes_bacterium_CAG_129	47.6497772373
HISDEG-PWY: L-histidine degradation I|unclassified	37.8912459101
HISDEG-PWY: L-histidine degradation I|g__Bacteroides.s__Bacteroides_massiliensis	36.0969871369
HISDEG-PWY: L-histidine degradation I|g__Bacteroides.s__Bacteroides_vulgatus	28.9792640457
HISDEG-PWY: L-histidine degradation I|g__Bacteroides.s__Bacteroides_dorei	28.7557225781
HISDEG-PWY: L-histidine degradation I|g__Bacteroides.s__Bacteroides_ovatus	20.2549965375
HISDEG-PWY: L-histidine degradation I|g__Alistipes.s__Alistipes_finegoldii	12.4611922062
HISDEG-PWY: L-histidine degradation I|g__Parabacteroides.s__Parabacteroides_distasonis	11.1834750197
HISDEG-PWY: L-histidine degradation I|g__Bacteroides.s__Bacteroides_clarus	8.2334201646
HISDEG-PWY: L-histidine degradation I|g__Bacteroides.s__Bacteroides_xylanisolvens	6.5122051042
HISDEG-PWY: L-histidine degradation I|g__Bacteroides.s__Bacteroides_thetaiotaomicron	1.6911111933
PWY-7392: taxadiene biosynthesis (engineered)	684.1567050501
PWY-7013: (S)-propane-1,2-diol degradation	681.7209553728
PWY-7013: (S)-propane-1,2-diol degradation|g__Eubacterium.s__Eubacterium_hallii	265.4214833553
PWY-7013: (S)-propane-1,2-diol degradation|g__Flavonifractor.s__Flavonifractor_plautii	23.3200794591
PWY-5022: 4-aminobutanoate degradation V	672.2709796139
PYRIDNUCSAL-PWY: NAD salvage pathway I (PNC VI cycle)	639.7467984060
PWY-5136: fatty acid &beta;-oxidation II (plant peroxisome)	636.5066215056
PWY-5136: fatty acid &beta;-oxidation II (plant peroxisome)|g__Coprococcus.s__Coprococcus_catus	104.0597206996
PWY-5136: fatty acid &beta;-oxidation II (plant peroxisome)|unclassified	15.9251764534
PWY-4984: urea cycle	627.7849416745
PWY-4984: urea cycle|unclassified	57.0878335082
PWY-4984: urea cycle|g__Coprococcus.s__Coprococcus_catus	52.6814964280
PWY-4984: urea cycle|g__Flavonifractor.s__Flavonifractor_plautii	25.9659381309
PWY-4984: urea cycle|g__Alistipes.s__Alistipes_finegoldii	12.1347936543
PWY-4984: urea cycle|g__Alistipes.s__Alistipes_onderdonkii	11.7023330827
POLYAMSYN-PWY: superpathway of polyamine biosynthesis I	619.0089339707
POLYAMSYN-PWY: superpathway of polyamine biosynthesis I|unclassified	77.4507030784
PWY-5030: L-histidine degradation III	611.0538665573
PWY-5030: L-histidine degradation III|g__Bacteroides.s__Bacteroides_stercoris	93.1479777232
PWY-5030: L-histidine degradation III|g__Alistipes.s__Alistipes_putredinis	88.6908496207
PWY-5030: L-histidine degradation III|g__Bacteroides.s__Bacteroides_uniformis	86.7824247919
PWY-5030: L-histidine degradation III|g__Bacteroides.s__Bacteroides_dorei	33.5159440300
PWY-5030: L-histidine degradation III|g__Bacteroides.s__Bacteroides_massiliensis	32.3200257215
PWY-5030: L-histidine degradation III|g__Bacteroides.s__Bacteroides_vulgatus	28.2691843852
PWY-5030: L-histidine degradation III|unclassified	26.8708341496
PWY-5030: L-histidine degradation III|g__Bacteroides.s__Bacteroides_ovatus	20.2079002705
PWY-5030: L-histidine degradation III|g__Alistipes.s__Alistipes_finegoldii	11.4266673205
PWY-5030: L-histidine degradation III|g__Bacteroides.s__Bacteroides_clarus	9.3633408791
PWY-5030: L-histidine degradation III|g__Bacteroides.s__Bacteroides_xylanisolvens	5.5059936064
PWY-5030: L-histidine degradation III|g__Bacteroides.s__Bacteroides_thetaiotaomicron	2.1222069416
PWY0-1261: anhydromuropeptides recycling I	604.9869976849
PWY0-845: superpathway of pyridoxal 5'-phosphate biosynthesis and salvage	603.9767018185
PWY0-845: superpathway of pyridoxal 5'-phosphate biosynthesis and salvage|g__Bacteroides.s__Bacteroides_uniformis	63.2092896193
PWY0-845: superpathway of pyridoxal 5'-phosphate biosynthesis and salvage|g__Bacteroides.s__Bacteroides_ovatus	16.4752305842
PWY0-845: superpathway of pyridoxal 5'-phosphate biosynthesis and salvage|g__Bacteroides.s__Bacteroides_xylanisolvens	4.1950151613
PWY-5497: purine nucleobases degradation II (anaerobic)	602.5307603880
PWY-5497: purine nucleobases degradation II (anaerobic)|g__Roseburia.s__Roseburia_intestinalis	58.5059328231
PWY-5497: purine nucleobases degradation II (anaerobic)|unclassified	33.8544779775
FOLSYN-PWY: superpathway of tetrahydrofolate biosynthesis and salvage	580.4566408713
P185-PWY: formaldehyde assimilation III (dihydroxyacetone cycle)	578.1288560066
P185-PWY: formaldehyde assimilation III (dihydroxyacetone cycle)|unclassified	193.3957547896
PWY-6284: superpathway of unsaturated fatty acids biosynthesis (E. coli)	573.9106584212
POLYISOPRENSYN-PWY: polyisoprenoid biosynthesis (E. coli)	550.5017384215
POLYISOPRENSYN-PWY: polyisoprenoid biosynthesis (E. coli)|g__Methanosphaera.s__Methanosphaera_stadtmanae	29.1646386609
GALACT-GLUCUROCAT-PWY: superpathway of hexuronide and hexuronate degradation	548.6231721946
GALACT-GLUCUROCAT-PWY: superpathway of hexuronide and hexuronate degradation|unclassified	137.9172647317
PWY3O-4107: NAD salvage pathway V (PNC V cycle)	546.0219126714
PWY-7209: superpathway of pyrimidine ribonucleosides degradation	543.4762846358
RUMP-PWY: formaldehyde oxidation I	538.7482894648
RUMP-PWY: formaldehyde oxidation I|unclassified	15.3963449664
GLUDEG-I-PWY: GABA shunt	527.8808672475
NAGLIPASYN-PWY: lipid IVA biosynthesis (E. coli)	496.2883975501
NAGLIPASYN-PWY: lipid IVA biosynthesis (E. coli)|g__Bacteroides.s__Bacteroides_stercoris	88.1004571266
NAGLIPASYN-PWY: lipid IVA biosynthesis (E. coli)|g__Bacteroides.s__Bacteroides_uniformis	84.4770512817
NAGLIPASYN-PWY: lipid IVA biosynthesis (E. coli)|g__Bacteroides.s__Bacteroides_cellulosilyticus	44.2108213910
NAGLIPASYN-PWY: lipid IVA biosynthesis (E. coli)|g__Bacteroides.s__Bacteroides_intestinalis	7.9405584603
PWY-8073: lipid IVA biosynthesis (P. putida)	496.2883975501
PWY-8073: lipid IVA biosynthesis (P. putida)|g__Bacteroides.s__Bacteroides_stercoris	88.1004571266
PWY-8073: lipid IVA biosynthesis (P. putida)|g__Bacteroides.s__Bacteroides_uniformis	84.4770512817
PWY-8073: lipid IVA biosynthesis (P. putida)|g__Bacteroides.s__Bacteroides_cellulosilyticus	44.2108213910
PWY-8073: lipid IVA biosynthesis (P. putida)|g__Bacteroides.s__Bacteroides_intestinalis	7.9405584603
PWY-6305: superpathway of putrescine biosynthesis	489.0358025451
PWY-6305: superpathway of putrescine biosynthesis|unclassified	67.5099159536
FUCCAT-PWY: fucose degradation	467.4366891189
FUCCAT-PWY: fucose degradation|g__Blautia.s__Ruminococcus_torques	185.7561661589
FUCCAT-PWY: fucose degradation|unclassified	56.0401634977
FUCCAT-PWY: fucose degradation|g__Blautia.s__Blautia_sp	28.8383565614
FUCCAT-PWY: fucose degradation|g__Ruminococcus.s__Ruminococcus_sp_AF31_8BH	28.5757818988
PWY-5345: superpathway of L-methionine biosynthesis (by sulfhydrylation)	454.6587790722
PWY-5345: superpathway of L-methionine biosynthesis (by sulfhydrylation)|unclassified	68.7557007369
PYRIDOXSYN-PWY: pyridoxal 5'-phosphate biosynthesis I	444.6444933471
PYRIDOXSYN-PWY: pyridoxal 5'-phosphate biosynthesis I|g__Bacteroides.s__Bacteroides_stercoris	90.5941875795
PYRIDOXSYN-PWY: pyridoxal 5'-phosphate biosynthesis I|g__Bacteroides.s__Bacteroides_uniformis	70.5975055042
PYRIDOXSYN-PWY: pyridoxal 5'-phosphate biosynthesis I|g__Bacteroides.s__Bacteroides_ovatus	15.2608510459
PYRIDOXSYN-PWY: pyridoxal 5'-phosphate biosynthesis I|g__Bacteroides.s__Bacteroides_clarus	8.1473382922
PYRIDOXSYN-PWY: pyridoxal 5'-phosphate biosynthesis I|g__Bacteroides.s__Bacteroides_xylanisolvens	7.1764125914
PWY-6588: pyruvate fermentation to acetone	432.5078420480
PWY-6588: pyruvate fermentation to acetone|g__Coprococcus.s__Coprococcus_catus	92.1384151832
PWY-6588: pyruvate fermentation to acetone|unclassified	25.9930748611
PWY-6612: superpathway of tetrahydrofolate biosynthesis	392.6643910614
PWY0-1298: superpathway of pyrimidine deoxyribonucleosides degradation	389.4384757616
PWY0-1298: superpathway of pyrimidine deoxyribonucleosides degradation|unclassified	68.4933935411
SULFATE-CYS-PWY: superpathway of sulfate assimilation and cysteine biosynthesis	378.1040418428
SULFATE-CYS-PWY: superpathway of sulfate assimilation and cysteine biosynthesis|unclassified	59.6270265190
PWY-6165: chorismate biosynthesis II (archaea)	377.8566525617
PWY-6165: chorismate biosynthesis II (archaea)|g__Methanobrevibacter.s__Methanobrevibacter_smithii	71.4122348732
PWY-6165: chorismate biosynthesis II (archaea)|g__Methanosphaera.s__Methanosphaera_stadtmanae	34.1309606037
PWY-7196: superpathway of pyrimidine ribonucleosides salvage	367.9197033500
PWY-6906: chitin derivatives degradation	354.6383709596
PWY4LZ-257: superpathway of fermentation (Chlamydomonas reinhardtii)	352.9925189863
PWY4LZ-257: superpathway of fermentation (Chlamydomonas reinhardtii)|unclassified	77.9718132535
FUC-RHAMCAT-PWY: superpathway of fucose and rhamnose degradation	310.7401577607
FUC-RHAMCAT-PWY: superpathway of fucose and rhamnose degradation|unclassified	47.5254112014
HEMESYN2-PWY: heme b biosynthesis II (oxygen-independent)	295.4191595433
PWY-6859: all-trans-farnesol biosynthesis	289.6476789492
PWY-6859: all-trans-farnesol biosynthesis|g__Methanosphaera.s__Methanosphaera_stadtmanae	26.8141818683
P161-PWY: acetylene degradation (anaerobic)	286.5197243461
P161-PWY: acetylene degradation (anaerobic)|unclassified	64.6126311414
P161-PWY: acetylene degradation (anaerobic)|g__Flavonifractor.s__Flavonifractor_plautii	17.7339297862
PWY-5367: petroselinate biosynthesis	283.5827810290
PWY-5367: petroselinate biosynthesis|g__Blautia.s__Ruminococcus_torques	250.9732704925
FASYN-INITIAL-PWY: superpathway of fatty acid biosynthesis initiation (E. coli)	271.9353794397
PWY-5130: 2-oxobutanoate degradation I	260.3268571160
PWY-5130: 2-oxobutanoate degradation I|g__Alistipes.s__Alistipes_putredinis	95.8790684358
PWY-7211: superpathway of pyrimidine deoxyribonucleotides de novo biosynthesis	226.0384412334
PWY-7211: superpathway of pyrimidine deoxyribonucleotides de novo biosynthesis|unclassified	30.4008681307
PWY-6349: CDP-archaeol biosynthesis	213.6336414842
PWY-6349: CDP-archaeol biosynthesis|g__Methanobrevibacter.s__Methanobrevibacter_smithii	107.8455864206
PWY-6349: CDP-archaeol biosynthesis|g__Methanosphaera.s__Methanosphaera_stadtmanae	49.5764521281
P42-PWY: incomplete reductive TCA cycle	191.8025763150
P42-PWY: incomplete reductive TCA cycle|unclassified	39.4124026490
PWY-7312: dTDP-&beta;-D-fucofuranose biosynthesis	188.4243941588
PWY-7312: dTDP-&beta;-D-fucofuranose biosynthesis|g__Bacteroides.s__Bacteroides_stercoris	82.4635690264
PWY-7312: dTDP-&beta;-D-fucofuranose biosynthesis|g__Bacteroides.s__Bacteroides_clarus	10.6620719629
SO4ASSIM-PWY: assimilatory sulfate reduction I	172.9842164855
SO4ASSIM-PWY: assimilatory sulfate reduction I|unclassified	27.4789354688
PWY-7286: 7-(3-amino-3-carboxypropyl)-wyosine biosynthesis	171.0756078393
PWY66-391: fatty acid &beta;-oxidation VI (mammalian peroxisome)	166.1755151371
PWY-7688: dTDP-&alpha;-D-ravidosamine and dTDP-4-acetyl-&alpha;-D-ravidosamine biosynthesis	162.9164829514
PWY-7688: dTDP-&alpha;-D-ravidosamine and dTDP-4-acetyl-&alpha;-D-ravidosamine biosynthesis|g__Bacteroides.s__Bacteroides_intestinalis	32.4192143765
PWY-7688: dTDP-&alpha;-D-ravidosamine and dTDP-4-acetyl-&alpha;-D-ravidosamine biosynthesis|g__Bacteroides.s__Bacteroides_cellulosilyticus	24.0598759779
PWY0-781: aspartate superpathway	158.7098318124
PWY-6350: archaetidylinositol biosynthesis	155.3881637855
PWY-6350: archaetidylinositol biosynthesis|g__Methanobrevibacter.s__Methanobrevibacter_smithii	80.3539834876
PWY-6350: archaetidylinositol biosynthesis|g__Methanosphaera.s__Methanosphaera_stadtmanae	43.4888576928
P4-PWY: superpathway of L-lysine, L-threonine and L-methionine biosynthesis I	150.0431097116
PWY0-1241: ADP-L-glycero-&beta;-D-manno-heptose biosynthesis	146.7458141549
PWY0-1241: ADP-L-glycero-&beta;-D-manno-heptose biosynthesis|g__Acetobacter.s__Acetobacter_sp_CAG_267	24.7262310325
PWY-6160: 3-dehydroquinate biosynthesis II (archaea)	144.0211056269
PWY-6160: 3-dehydroquinate biosynthesis II (archaea)|g__Methanobrevibacter.s__Methanobrevibacter_smithii	63.3871082545
PWY-6160: 3-dehydroquinate biosynthesis II (archaea)|g__Methanosphaera.s__Methanosphaera_stadtmanae	43.7876651017
PWY-8112: factor 420 biosynthesis I (archaea)	134.3719070973
PWY-8112: factor 420 biosynthesis I (archaea)|g__Methanobrevibacter.s__Methanobrevibacter_smithii	91.5039889939
PWY-8112: factor 420 biosynthesis I (archaea)|g__Methanosphaera.s__Methanosphaera_stadtmanae	40.9745858530
PWY-5198: factor 420 biosynthesis II (mycobacteria)	131.6213080745
PWY-5198: factor 420 biosynthesis II (mycobacteria)|g__Methanobrevibacter.s__Methanobrevibacter_smithii	89.4658381426
PWY-5198: factor 420 biosynthesis II (mycobacteria)|g__Methanosphaera.s__Methanosphaera_stadtmanae	39.1366960117
PWY-7210: pyrimidine deoxyribonucleotides biosynthesis from CTP	130.1518457722
PWY-7210: pyrimidine deoxyribonucleotides biosynthesis from CTP|unclassified	17.8522897857
PWY-5838: superpathway of menaquinol-8 biosynthesis I	127.4073437178
PWY-8113: 3PG-factor 420 biosynthesis	127.3470999951
PWY-8113: 3PG-factor 420 biosynthesis|g__Methanobrevibacter.s__Methanobrevibacter_smithii	87.5178719975
PWY-8113: 3PG-factor 420 biosynthesis|g__Methanosphaera.s__Methanosphaera_stadtmanae	39.0002369727
PWY-5209: methyl-coenzyme M oxidation to CO2	126.0746824522
PWY-5209: methyl-coenzyme M oxidation to CO2|g__Methanobrevibacter.s__Methanobrevibacter_smithii	82.6552705238
PWY-5209: methyl-coenzyme M oxidation to CO2|g__Methanosphaera.s__Methanosphaera_stadtmanae	38.2931875151
METHANOGENESIS-PWY: methanogenesis from H2 and CO2	124.4512184118
METHANOGENESIS-PWY: methanogenesis from H2 and CO2|g__Methanobrevibacter.s__Methanobrevibacter_smithii	97.9619732278
PWY-5690: TCA cycle II (plants and fungi)	124.4091371145
PWY-5690: TCA cycle II (plants and fungi)|unclassified	16.2511702968
PWY-5840: superpathway of menaquinol-7 biosynthesis	120.4855511192
PWY-5845: superpathway of menaquinol-9 biosynthesis	120.4672370973
PWY-6545: pyrimidine deoxyribonucleotides de novo biosynthesis III	118.3664878713
PWY-6545: pyrimidine deoxyribonucleotides de novo biosynthesis III|unclassified	16.4628995204
PWY-7184: pyrimidine deoxyribonucleotides de novo biosynthesis I	118.3586925981
PWY-7184: pyrimidine deoxyribonucleotides de novo biosynthesis I|unclassified	16.4702188684
POLYAMINSYN3-PWY: superpathway of polyamine biosynthesis II	115.9303446352
POLYAMINSYN3-PWY: superpathway of polyamine biosynthesis II|unclassified	55.6728605555
PWY-5897: superpathway of menaquinol-11 biosynthesis	114.4364480032
PWY-5898: superpathway of menaquinol-12 biosynthesis	114.4364480032
PWY-5899: superpathway of menaquinol-13 biosynthesis	114.4364480032
HEXITOLDEGSUPER-PWY: superpathway of hexitol degradation (bacteria)	110.9859088932
PWY-5189: tetrapyrrole biosynthesis II (from glycine)	109.3654559910
PWY-5189: tetrapyrrole biosynthesis II (from glycine)|unclassified	33.4871940006
PWY-5189: tetrapyrrole biosynthesis II (from glycine)|g__Methanosphaera.s__Methanosphaera_stadtmanae	31.4183174276
PWY-5004: superpathway of L-citrulline metabolism	107.6265105678
PWY-8188: L-alanine degradation VI (reductive Stickland reaction)	106.3936581971
PROPFERM-PWY: superpathway of L-alanine fermentation (Stickland reaction)	106.3936581971
PWY-8189: L-alanine degradation V (oxidative Stickland reaction)	106.3936581971
PWY-5981: CDP-diacylglycerol biosynthesis III	99.8475892842
PWY-5981: CDP-diacylglycerol biosynthesis III|g__Streptococcus.s__Streptococcus_thermophilus	27.6681223647
PWY-5981: CDP-diacylglycerol biosynthesis III|g__Streptococcus.s__Streptococcus_pneumoniae	10.7091208756
PWY-5861: superpathway of demethylmenaquinol-8 biosynthesis I	86.3669206658
PWY-821: superpathway of sulfur amino acid biosynthesis (Saccharomyces cerevisiae)	85.2751361710
PWY-821: superpathway of sulfur amino acid biosynthesis (Saccharomyces cerevisiae)|unclassified	45.4616640388
PWY-7185: UTP and CTP dephosphorylation I	81.9204932909
PWY-7185: UTP and CTP dephosphorylation I|g__Faecalibacterium.s__Faecalibacterium_prausnitzii	55.8327363098
PWY-7185: UTP and CTP dephosphorylation I|unclassified	11.9613348594
PWY-5862: superpathway of demethylmenaquinol-9 biosynthesis	81.5876060961
PWY-6749: CMP-legionaminate biosynthesis I	76.7279519151
PWY-6749: CMP-legionaminate biosynthesis I|unclassified	76.3187421339
PWY-6807: xyloglucan degradation II (exoglucanase)	74.8008541850
MET-SAM-PWY: superpathway of S-adenosyl-L-methionine biosynthesis	73.5781969121
MET-SAM-PWY: superpathway of S-adenosyl-L-methionine biosynthesis|unclassified	56.6605997149
PWY-5347: superpathway of L-methionine biosynthesis (transsulfuration)	73.4274736382
PWY-5347: superpathway of L-methionine biosynthesis (transsulfuration)|unclassified	53.0819800272
ORNDEG-PWY: superpathway of ornithine degradation	72.0209737007
ORNDEG-PWY: superpathway of ornithine degradation|unclassified	71.0108211027
PWY-6607: guanosine nucleotides degradation I	71.8669807646
PWY-6607: guanosine nucleotides degradation I|g__Blautia.s__Blautia_obeum	14.4524972117
PWY-6607: guanosine nucleotides degradation I|unclassified	13.1189204399
PWY-6595: superpathway of guanosine nucleotides degradation (plants)	71.6462286842
PWY-6595: superpathway of guanosine nucleotides degradation (plants)|g__Blautia.s__Blautia_obeum	15.5729786112
PWY-6595: superpathway of guanosine nucleotides degradation (plants)|unclassified	13.0663673702
NAD-BIOSYNTHESIS-II: NAD salvage pathway III (to nicotinamide riboside)	67.9098466714
METSYN-PWY: superpathway of L-homoserine and L-methionine biosynthesis	64.4483492388
METSYN-PWY: superpathway of L-homoserine and L-methionine biosynthesis|unclassified	49.7799867661
PWY-6922: L-N&delta;-acetylornithine biosynthesis	63.3016216628
PWY-6531: mannitol cycle	53.2305803578
PWY-5994: palmitate biosynthesis (type I fatty acid synthase)	49.5156696996
PWY-5494: pyruvate fermentation to propanoate II (acrylate pathway)	48.7285894435
PWY-822: fructan biosynthesis	48.6362987226
PWY-822: fructan biosynthesis|g__Streptococcus.s__Streptococcus_thermophilus	27.2913466462
PWY-822: fructan biosynthesis|g__Streptococcus.s__Streptococcus_pneumoniae	17.7421272562
PWY-822: fructan biosynthesis|g__Streptococcus.s__Streptococcus_salivarius	3.6028248202
P261-PWY: coenzyme M biosynthesis I	47.2857161007
P261-PWY: coenzyme M biosynthesis I|g__Methanosphaera.s__Methanosphaera_stadtmanae	45.8416687234
PWY-5677: succinate fermentation to butanoate	46.8081758439
PWY490-3: nitrate reduction VI (assimilatory)	43.2557255905
PWY490-3: nitrate reduction VI (assimilatory)|unclassified	43.0987766800
PWY-6293: superpathway of L-cysteine biosynthesis (fungi)	42.1126946146
PWY-7992: superpathway of menaquinol-8 biosynthesis III	41.5872587339
PWY-5837: 2-carboxy-1,4-naphthoquinol biosynthesis	39.9459357463
PWY-6435: 4-hydroxybenzoate biosynthesis III (plants)	39.1095227440
PWY-6876: isopropanol biosynthesis (engineered)	38.1320114815
PWY-6876: isopropanol biosynthesis (engineered)|unclassified	37.4559391920
PWY-7031: protein N-glycosylation (bacterial)	37.2461290526
HOMOSER-METSYN-PWY: L-methionine biosynthesis I	36.9133747237
HOMOSER-METSYN-PWY: L-methionine biosynthesis I|unclassified	28.6971676031
GALACTARDEG-PWY: D-galactarate degradation I	33.8369832072
GALACTARDEG-PWY: D-galactarate degradation I|g__Flavonifractor.s__Flavonifractor_plautii	21.8438657737
GLUCARGALACTSUPER-PWY: superpathway of D-glucarate and D-galactarate degradation	33.8369832072
GLUCARGALACTSUPER-PWY: superpathway of D-glucarate and D-galactarate degradation|g__Flavonifractor.s__Flavonifractor_plautii	21.8438657737
GALACTITOLCAT-PWY: galactitol degradation	33.1598696439
GALACTITOLCAT-PWY: galactitol degradation|g__Anaerostipes.s__Anaerostipes_hadrus	32.0975839328
GLUCARDEG-PWY: D-glucarate degradation I	32.5009366086
PWY-6143: CMP-pseudaminate biosynthesis	30.3600906966
PWY-6143: CMP-pseudaminate biosynthesis|g__Bacteroides.s__Bacteroides_uniformis	29.7194639569
KETOGLUCONMET-PWY: ketogluconate metabolism	28.6502399383
PWY-6920: 6-gingerol analog biosynthesis (engineered)	28.0608059698
PWY-801: homocysteine and cysteine interconversion	25.3392326387
P125-PWY: superpathway of (R,R)-butanediol biosynthesis	19.1761928456
P125-PWY: superpathway of (R,R)-butanediol biosynthesis|g__Streptococcus.s__Streptococcus_thermophilus	16.7303951113
METHGLYUT-PWY: superpathway of methylglyoxal degradation	18.5715847434
PWY-5910: superpathway of geranylgeranyldiphosphate biosynthesis I (via mevalonate)	17.9207032451
P621-PWY: nylon-6 oligomer degradation	16.8025302850
PWY-7371: 1,4-dihydroxy-6-naphthoate biosynthesis II	16.0319834394
PWY-922: mevalonate pathway I (eukaryotes and bacteria)	12.7748444969
PWY-7374: 1,4-dihydroxy-6-naphthoate biosynthesis I	11.6040057026